ma_kh,ten_doanh_nghiep,ma_so_thue,loai_hinh_doanh_nghiep,loai_hinh_so_huu,nganh_chinh,tieu_nhom_nganh,nam_thanh_lap,lao_dong_bhxh_binh_quan,tinh_thanh,chi_nhanh_quan_ly,ngay_mo_quan_he,nguoi_dai_dien_theo_phap_luat,kinh_nghiem_dieu_hanh_nam,che_do_ke_toan,co_kiem_toan,nhom_bao_cao,trang_thai,dien_thoai,email,nam,nguon_so_lieu,don_vi,tien,phai_thu_khach_hang,hang_ton_kho,tai_san_ngan_han_khac,tai_san_ngan_han,tai_san_co_dinh,tai_san_dai_han_khac,tai_san_dai_han,tong_tai_san,phai_tra_nguoi_ban,vay_ngan_han,no_ngan_han_khac,no_ngan_han,vay_dai_han,no_dai_han_khac,no_dai_han,no_phai_tra,von_chu_so_huu,tong_nguon_von,doanh_thu_thuan,gia_von_hang_ban,loi_nhuan_gop,chi_phi_ban_hang_quan_ly,chi_phi_lai_vay,loi_nhuan_truoc_thue,chi_phi_thue_tndn,loi_nhuan_sau_thue,khau_hao,bien_ln,doanh_thu_ty,nguon_von_ty,tang_truong,quy_mo
DN00164,Công ty TNHH Thương mại Dịch vụ Bình Kim,9469454993,Công ty TNHH một thành viên,Ngoài nhà nước,Thương mại và dịch vụ,"Bán buôn, bán lẻ",2015,43,Hà Nội,CN Hoàn Kiếm,2022-07-29,Hoàng Thu Quân,13,Thông tư 133/2016/TT-BTC,Không,Đủ,Đang hoạt động,0979778735,lienhe.dn00164@doanhnghiep.vn,2025,BCTC chưa kiểm toán,triệu đồng,2330.0,4059.0,6355.0,1453.0,14197.0,1466.0,384.0,1850.0,16047.0,784.0,0.0,8717.0,9501.0,0.0,1356.0,1356.0,10857.0,5190.0,16047.0,11205.0,10677.0,528.0,319.0,0.0,209.0,42.0,167.0,154.0,0.01865238732708612,11.205,16.047,0.4027290936404606,Nhỏ
DN00242,Công ty TNHH Thương mại Dịch vụ Lâm Khánh,9559742553,Công ty TNHH hai thành viên trở lên,Ngoài nhà nước,Thương mại và dịch vụ,"Bán buôn, bán lẻ",2024,5,Hà Nội,CN Thanh Xuân,2025-02-06,Đỗ Ngọc Yến,7,Thông tư 132/2018/TT-BTC,Không,Đủ,Đang hoạt động,0951985870,lienhe.dn00242@doanhnghiep.vn,2025,BCTC chưa kiểm toán,triệu đồng,81.0,159.0,118.0,99.0,457.0,171.0,16.0,187.0,644.0,27.0,261.0,48.0,336.0,4.0,2.0,6.0,342.0,302.0,644.0,421.0,361.0,60.0,35.0,25.0,0.0,0.0,0.0,14.0,0.0,0.421,0.644,-0.0344036697247706,Siêu nhỏ
DN00401,Công ty TNHH Thương mại Việt Quang,9810322794,Công ty TNHH một thành viên,Ngoài nhà nước,Thương mại và dịch vụ,"Bán buôn, bán lẻ",2019,14,Bình Dương,CN Bình Dương,2024-03-23,Trần Hữu Hà,18,Thông tư 133/2016/TT-BTC,Không,Đủ,Đang hoạt động,0328693945,lienhe.dn00401@doanhnghiep.vn,2025,BCTC chưa kiểm toán,triệu đồng,2299.0,3870.0,8751.0,3120.0,18040.0,2714.0,1072.0,3786.0,21826.0,1758.0,7737.0,792.0,10287.0,290.0,158.0,448.0,10735.0,11091.0,21826.0,24405.0,21958.0,2447.0,1349.0,700.0,398.0,80.0,318.0,262.0,0.01630813357918459,24.405,21.826,0.0812068048910155,Nhỏ
DN00426,Công ty Cổ phần Dệt may Long Kim,9278644595,Công ty cổ phần,Ngoài nhà nước,Công nghiệp,"Chế biến, chế tạo",2015,89,Hà Nội,CN Thanh Xuân,2015-10-15,Lê Ngọc Sơn,7,Thông tư 133/2016/TT-BTC,Không,Đủ,Đang hoạt động,0370809959,lienhe.dn00426@doanhnghiep.vn,2025,BCTC chưa kiểm toán,triệu đồng,6794.0,6879.0,18667.0,6835.0,39175.0,46327.0,3205.0,49532.0,88707.0,7946.0,16821.0,3097.0,27864.0,0.0,0.0,0.0,27864.0,60843.0,88707.0,85627.0,77635.0,7992.0,5087.0,1543.0,1362.0,272.0,1090.0,4822.0,0.01590619781143798,85.627,88.707,0.07571608040201006,Vừa
DN00371,Công ty TNHH Thương mại Quang Linh,9496166183,Công ty TNHH hai thành viên trở lên,Ngoài nhà nước,Thương mại và dịch vụ,"Bán buôn, bán lẻ",2025,3,Hà Nội,CN Hoàn Kiếm,2026-03-16,Dương Hữu Long,13,Thông tư 132/2018/TT-BTC,Không,Không đủ,Đang hoạt động,0229640963,lienhe.dn00371@doanhnghiep.vn,2025,BCTC chưa kiểm toán,triệu đồng,107.0,250.0,201.0,138.0,696.0,115.0,16.0,131.0,827.0,124.0,0.0,357.0,481.0,0.0,0.0,0.0,481.0,346.0,827.0,1066.0,922.0,144.0,156.0,0.0,-12.0,0.0,-12.0,10.0,-0.01125703564727955,1.066,0.827,,Siêu nhỏ
DN00074,Công ty TNHH Kỹ thuật Xây dựng Phú Khánh,9158813530,Công ty TNHH một thành viên,Ngoài nhà nước,Xây dựng,Xây dựng,2021,75,TP Hồ Chí Minh,CN Quận 1,2023-06-14,Phạm Đức Cường,15,Thông tư 133/2016/TT-BTC,Có,Đủ,Đang hoạt động,0917998337,lienhe.dn00074@doanhnghiep.vn,2025,BCTC đã kiểm toán,triệu đồng,546.0,1522.0,740.0,305.0,3113.0,2302.0,243.0,2545.0,5658.0,381.0,1324.0,114.0,1819.0,0.0,0.0,0.0,1819.0,3839.0,5658.0,2841.0,2507.0,334.0,134.0,118.0,82.0,16.0,66.0,153.0,0.028863076381555792,2.841,5.658,-0.04472091459314054,Nhỏ
DN00324,Công ty Cổ phần Thực phẩm Xuân Kim,9869127534,Công ty cổ phần,Có vốn đầu tư nước ngoài,Công nghiệp,"Chế biến, chế tạo",2020,597,Cần Thơ,CN Cần Thơ,2024-04-09,Lê Thanh Bình,6,Thông tư 200/2014/TT-BTC,Có,Đủ,Đang hoạt động,0317424960,lienhe.dn00324@doanhnghiep.vn,2025,BCTC đã kiểm toán,triệu đồng,13690.0,58923.0,48327.0,31958.0,152898.0,112823.0,11983.0,124806.0,277704.0,18807.0,136200.0,21542.0,176549.0,55519.0,31773.0,87292.0,263841.0,13863.0,277704.0,228950.0,193991.0,34959.0,34198.0,17634.0,-16873.0,0.0,-16873.0,9670.0,-0.07369731382397904,228.95,277.704,-0.08610455810091766,Lớn
DN00133,Công ty TNHH Phân phối Đông Minh,9744784176,Công ty TNHH một thành viên,Ngoài nhà nước,Thương mại và dịch vụ,"Bán buôn, bán lẻ",2020,5,Hà Nội,CN Hoàn Kiếm,2022-04-13,Lê Thu Nam,5,Thông tư 132/2018/TT-BTC,Không,Đủ,Đang hoạt động,0233767027,lienhe.dn00133@doanhnghiep.vn,2025,BCTC chưa kiểm toán,triệu đồng,229.0,271.0,668.0,222.0,1390.0,52.0,21.0,73.0,1463.0,180.0,551.0,42.0,773.0,0.0,0.0,0.0,773.0,690.0,1463.0,2363.0,2079.0,284.0,220.0,44.0,20.0,4.0,16.0,3.0,0.008463817181548879,2.363,1.463,-0.18291839557399725,Siêu nhỏ
DN00431,Công ty TNHH Môi trường Nam Hưng,9200697220,Công ty TNHH hai thành viên trở lên,Ngoài nhà nước,Công nghiệp,Công nghiệp khác,2022,10,Bình Dương,CN Bình Dương,2023-03-09,Hoàng Thị Hùng,3,Không lập BCTC (nộp thuế theo tỷ lệ % trên doanh thu),Không,Không đủ,Đang hoạt động,0914038261,lienhe.dn00431@doanhnghiep.vn,2025,Tờ khai thuế,triệu đồng,,,,,,,,,,,,,,,,,,,,276.0,,,,,,,,,,0.276,,-0.2417582417582418,Siêu nhỏ
DN00386,Công ty TNHH Thương mại Thái Thuận,9586894444,Công ty TNHH hai thành viên trở lên,Ngoài nhà nước,Thương mại và dịch vụ,"Bán buôn, bán lẻ",2021,46,TP Hồ Chí Minh,CN TP Hồ Chí Minh,2023-03-26,Phạm Đức Trang,9,Thông tư 133/2016/TT-BTC,Không,Đủ,Đang hoạt động,0280827472,lienhe.dn00386@doanhnghiep.vn,2025,BCTC chưa kiểm toán,triệu đồng,2790.0,8339.0,11811.0,2964.0,25904.0,5157.0,945.0,6102.0,32006.0,2214.0,0.0,16099.0,18313.0,0.0,4056.0,4056.0,22369.0,9637.0,32006.0,58275.0,49897.0,8378.0,7269.0,0.0,1109.0,222.0,887.0,567.0,0.01903045903045903,58.275,32.006,0.06037447458922429,Nhỏ
DN00265,Công ty Cổ phần Đầu tư Xây dựng Nhật Trung,9648006838,Công ty cổ phần,Ngoài nhà nước,Xây dựng,Xây dựng,2017,14,Hà Nội,CN Thanh Xuân,2024-11-21,Lê Ngọc Mai,9,Thông tư 133/2016/TT-BTC,Không,Đủ,Đang hoạt động,0334318886,lienhe.dn00265@doanhnghiep.vn,2025,BCTC chưa kiểm toán,triệu đồng,1117.0,7645.0,4427.0,2457.0,15646.0,5141.0,1310.0,6451.0,22097.0,520.0,12469.0,1741.0,14730.0,559.0,18.0,577.0,15307.0,6790.0,22097.0,6868.0,5364.0,1504.0,69.0,1375.0,60.0,12.0,48.0,475.0,0.008736167734420501,6.868,22.097,0.24420289855072475,Nhỏ
DN00099,Công ty TNHH Thương mại Phát Trung,9045164652,Công ty TNHH một thành viên,Ngoài nhà nước,Thương mại và dịch vụ,"Bán buôn, bán lẻ",2018,21,TP Hồ Chí Minh,CN Quận 1,2024-09-03,Lê Văn Trang,9,Thông tư 133/2016/TT-BTC,Không,Đủ,Đang hoạt động,0921932159,lienhe.dn00099@doanhnghiep.vn,2025,BCTC chưa kiểm toán,triệu đồng,548.0,681.0,1585.0,837.0,3651.0,1622.0,139.0,1761.0,5412.0,377.0,1854.0,275.0,2506.0,986.0,180.0,1166.0,3672.0,1740.0,5412.0,8989.0,8036.0,953.0,643.0,266.0,44.0,9.0,35.0,140.0,0.004894871509622872,8.989,5.412,0.37804691093055354,Nhỏ
DN00387,Công ty Cổ phần Du lịch Gia Hòa,9454830411,Công ty cổ phần,Ngoài nhà nước,Thương mại và dịch vụ,Dịch vụ khác,2024,2,Đà Nẵng,CN Đà Nẵng,2025-05-02,Đỗ Quốc Dũng,12,Thông tư 132/2018/TT-BTC,Không,Đủ,Đang hoạt động,0334207541,lienhe.dn00387@doanhnghiep.vn,2025,BCTC chưa kiểm toán,triệu đồng,39.0,179.0,57.0,92.0,367.0,257.0,77.0,334.0,701.0,38.0,187.0,28.0,253.0,0.0,0.0,0.0,253.0,448.0,701.0,437.0,327.0,110.0,94.0,16.0,0.0,0.0,0.0,18.0,0.0,0.437,0.701,-0.07021276595744685,Siêu nhỏ
DN00199,Công ty TNHH Sản xuất Châu Vinh,9322058788,Công ty TNHH một thành viên,Ngoài nhà nước,Công nghiệp,"Chế biến, chế tạo",2020,76,Bình Dương,CN Bình Dương,2024-11-24,Trần Đức Sơn,3,Thông tư 133/2016/TT-BTC,Không,Đủ,Đang hoạt động,0968761733,lienhe.dn00199@doanhnghiep.vn,2025,BCTC chưa kiểm toán,triệu đồng,1162.0,4576.0,2289.0,1005.0,9032.0,7439.0,2321.0,9760.0,18792.0,1547.0,6311.0,1075.0,8933.0,4480.0,736.0,5216.0,14149.0,4643.0,18792.0,15731.0,13005.0,2726.0,2291.0,998.0,-563.0,0.0,-563.0,762.0,-0.03578920602631746,15.731,18.792,-0.17087440046381697,Nhỏ
DN00266,Công ty Cổ phần Công nghệ An Thuận,9000944436,Công ty cổ phần,Ngoài nhà nước,Thương mại và dịch vụ,Dịch vụ khác,2011,77,TP Hồ Chí Minh,CN Quận 1,2013-04-13,Trần Ngọc An,13,Thông tư 133/2016/TT-BTC,Có,Đủ,Đang hoạt động,0988575591,lienhe.dn00266@doanhnghiep.vn,2025,BCTC đã kiểm toán,triệu đồng,1407.0,7180.0,3414.0,3045.0,15046.0,15058.0,2070.0,17128.0,32174.0,445.0,6945.0,548.0,7938.0,8674.0,3595.0,12269.0,20207.0,11967.0,32174.0,14214.0,10995.0,3219.0,268.0,1550.0,1401.0,280.0,1121.0,943.0,0.09856479527226678,14.214,32.174,-0.12232170422970057,Vừa
DN00140,Công ty TNHH Du lịch Thái Mỹ,9622671044,Công ty TNHH một thành viên,Ngoài nhà nước,Thương mại và dịch vụ,Dịch vụ khác,1998,11,TP Hồ Chí Minh,CN Quận 1,2021-02-06,Đặng Đức Dũng,8,Thông tư 133/2016/TT-BTC,Không,Đủ,Đang hoạt động,0903930537,lienhe.dn00140@doanhnghiep.vn,2025,BCTC chưa kiểm toán,triệu đồng,185.0,1359.0,1199.0,307.0,3050.0,2214.0,342.0,2556.0,5606.0,276.0,1308.0,253.0,1837.0,1074.0,12.0,1086.0,2923.0,2683.0,5606.0,3447.0,2422.0,1025.0,1035.0,202.0,-212.0,0.0,-212.0,168.0,-0.0615027560197273,3.447,5.606,0.10022342802425799,Nhỏ
DN00280,Công ty Cổ phần Kỹ thuật Xây dựng Xuân Thái,9758513269,Công ty cổ phần,Ngoài nhà nước,Xây dựng,Xây dựng,2023,42,Bình Dương,CN Bình Dương,2024-03-18,Bùi Ngọc Dũng,11,Thông tư 133/2016/TT-BTC,Có,Đủ,Đang hoạt động,0365787106,lienhe.dn00280@doanhnghiep.vn,2025,BCTC đã kiểm toán,triệu đồng,639.0,1879.0,772.0,558.0,3848.0,1719.0,158.0,1877.0,5725.0,486.0,0.0,1980.0,2466.0,0.0,2241.0,2241.0,4707.0,1018.0,5725.0,2890.0,2520.0,370.0,370.0,0.0,0.0,0.0,0.0,146.0,0.0,2.89,5.725,0.1337779521380933,Nhỏ
DN00332,Công ty TNHH Lâm nghiệp Yên Xuân,9252569718,Công ty TNHH hai thành viên trở lên,Ngoài nhà nước,"Nông, lâm nghiệp và thủy sản","Nông, lâm nghiệp và thủy sản",2016,2,Hà Nội,CN Hoàn Kiếm,2021-11-25,Vũ Hoài Long,4,Không lập BCTC (nộp thuế theo tỷ lệ % trên doanh thu),Không,Không đủ,Đang hoạt động,0941395065,lienhe.dn00332@doanhnghiep.vn,2025,Tờ khai thuế,triệu đồng,,,,,,,,,,,,,,,,,,,,347.0,,,,,,,,,,0.347,,0.32950191570881215,Siêu nhỏ
DN00465,Doanh nghiệp tư nhân Kỹ thuật Xây dựng Phú Linh,9157630826,Doanh nghiệp tư nhân,Ngoài nhà nước,Xây dựng,Xây dựng,2020,4,Hà Nội,CN Cầu Giấy,2022-12-14,Lê Đức Yến,3,Thông tư 132/2018/TT-BTC,Không,Đủ,Đang hoạt động,0960430636,lienhe.dn00465@doanhnghiep.vn,2025,BCTC chưa kiểm toán,triệu đồng,370.0,549.0,764.0,441.0,2124.0,986.0,220.0,1206.0,3330.0,252.0,1019.0,142.0,1413.0,0.0,0.0,0.0,1413.0,1917.0,3330.0,2108.0,1843.0,265.0,194.0,101.0,-30.0,0.0,-30.0,98.0,-0.014231499051233396,2.108,3.33,-0.31802005823358137,Siêu nhỏ
DN00147,Công ty TNHH Đầu tư Xây dựng Sơn Khang,9422621179,Công ty TNHH một thành viên,Ngoài nhà nước,Xây dựng,Xây dựng,2018,4,TP Hồ Chí Minh,CN Quận 1,2024-02-13,Đặng Văn Hạnh,8,Thông tư 132/2018/TT-BTC,Không,Đủ,Đang hoạt động,0310438925,lienhe.dn00147@doanhnghiep.vn,2025,BCTC chưa kiểm toán,triệu đồng,145.0,350.0,442.0,115.0,1052.0,189.0,19.0,208.0,1260.0,133.0,586.0,52.0,771.0,4.0,0.0,4.0,775.0,485.0,1260.0,487.0,399.0,88.0,5.0,63.0,20.0,4.0,16.0,12.0,0.04106776180698152,0.487,1.26,-0.07414448669201523,Siêu nhỏ
DN00252,Doanh nghiệp tư nhân Thương mại Tiến Linh,9424067524,Doanh nghiệp tư nhân,Ngoài nhà nước,Thương mại và dịch vụ,"Bán buôn, bán lẻ",2019,5,Hà Nội,CN Hoàn Kiếm,2019-04-10,Lý Quốc Tuấn,5,Thông tư 132/2018/TT-BTC,Không,Đủ,Đang hoạt động,0369442170,lienhe.dn00252@doanhnghiep.vn,2025,BCTC chưa kiểm toán,triệu đồng,87.0,126.0,287.0,48.0,548.0,120.0,18.0,138.0,686.0,81.0,275.0,44.0,400.0,0.0,0.0,0.0,400.0,286.0,686.0,961.0,893.0,68.0,42.0,26.0,0.0,0.0,0.0,11.0,0.0,0.961,0.686,0.18204182041820416,Siêu nhỏ
DN00378,Công ty TNHH Thương mại Phú Toàn,9119890865,Công ty TNHH một thành viên,Ngoài nhà nước,Thương mại và dịch vụ,"Bán buôn, bán lẻ",2023,9,TP Hồ Chí Minh,CN TP Hồ Chí Minh,2024-01-14,Đỗ Đức Lan,14,Thông tư 132/2018/TT-BTC,Không,Đủ,Đang hoạt động,0380894855,lienhe.dn00378@doanhnghiep.vn,2025,BCTC chưa kiểm toán,triệu đồng,78.0,346.0,432.0,183.0,1039.0,116.0,42.0,158.0,1197.0,53.0,470.0,71.0,594.0,0.0,0.0,0.0,594.0,603.0,1197.0,1492.0,1353.0,139.0,149.0,45.0,-55.0,0.0,-55.0,13.0,-0.03686327077747989,1.492,1.197,0.10682492581602365,Siêu nhỏ
DN00322,Công ty Cổ phần Vận tải Gia Yên,9272938125,Công ty cổ phần,Ngoài nhà nước,Thương mại và dịch vụ,Dịch vụ khác,2011,411,Hà Nội,CN Hoàn Kiếm,2018-01-31,Ngô Thị Dũng,8,Thông tư 200/2014/TT-BTC,Có,Đủ,Đang hoạt động,0345835013,lienhe.dn00322@doanhnghiep.vn,2025,BCTC đã kiểm toán,triệu đồng,68003.0,302585.0,62609.0,96796.0,529993.0,316653.0,18721.0,335374.0,865367.0,32537.0,449739.0,28209.0,510485.0,0.0,0.0,0.0,510485.0,354882.0,865367.0,646769.0,522124.0,124645.0,75171.0,37568.0,11906.0,2381.0,9525.0,20439.0,0.01840842712003822,646.769,865.367,-0.15556916295763412,Lớn
DN00060,Công ty Cổ phần Nhựa Linh Tiến,9441038041,Công ty cổ phần,Ngoài nhà nước,Công nghiệp,"Chế biến, chế tạo",2020,24,TP Hồ Chí Minh,CN Quận 1,2024-08-14,Dương Thị Tuấn,10,Thông tư 133/2016/TT-BTC,Có,Đủ,Đang hoạt động,0933425020,lienhe.dn00060@doanhnghiep.vn,2025,BCTC đã kiểm toán,triệu đồng,67.0,508.0,384.0,207.0,1166.0,1516.0,310.0,1826.0,2992.0,126.0,577.0,73.0,776.0,612.0,12.0,624.0,1400.0,1592.0,2992.0,2064.0,1755.0,309.0,128.0,129.0,52.0,10.0,42.0,143.0,0.025193798449612403,2.064,2.992,-0.06985128436232535,Nhỏ
DN00083,Công ty Cổ phần Logistics Hải Khánh,9133356521,Công ty cổ phần,Ngoài nhà nước,Thương mại và dịch vụ,Dịch vụ khác,2024,136,Hà Nội,CN Hoàn Kiếm,2025-02-18,Lý Hữu Thảo,13,Thông tư 200/2014/TT-BTC,Có,Đủ,Đang hoạt động,0259820037,lienhe.dn00083@doanhnghiep.vn,2025,BCTC đã kiểm toán,triệu đồng,11245.0,35346.0,10945.0,11177.0,68713.0,48763.0,6688.0,55451.0,124164.0,5803.0,23343.0,2087.0,31233.0,38675.0,17432.0,56107.0,87340.0,36824.0,124164.0,60883.0,47534.0,13349.0,1246.0,6508.0,5595.0,1119.0,4476.0,2933.0,0.09189757403544503,60.883,124.164,0.12359280995090982,Lớn
DN00391,Công ty TNHH Vận tải Thành Nhật,9977443140,Công ty TNHH một thành viên,Ngoài nhà nước,Thương mại và dịch vụ,Dịch vụ khác,2022,2,Hà Nội,CN Cầu Giấy,2024-01-01,Trần Đức Phong,17,Thông tư 132/2018/TT-BTC,Không,Đủ,Đang hoạt động,0283186475,lienhe.dn00391@doanhnghiep.vn,2025,BCTC chưa kiểm toán,triệu đồng,189.0,1070.0,116.0,455.0,1830.0,774.0,244.0,1018.0,2848.0,179.0,748.0,68.0,995.0,288.0,14.0,302.0,1297.0,1551.0,2848.0,1884.0,1388.0,496.0,222.0,100.0,174.0,35.0,139.0,56.0,0.09235668789808917,1.884,2.848,0.061408450704225404,Siêu nhỏ
DN00381,Công ty Cổ phần Thương mại Tổng hợp Vạn Trung,9837473690,Công ty cổ phần,Ngoài nhà nước,Thương mại và dịch vụ,"Bán buôn, bán lẻ",2018,21,Hà Nội,CN Thanh Xuân,2020-12-28,Hoàng Đức Tuấn,1,Thông tư 133/2016/TT-BTC,Không,Đủ,Đang hoạt động,0964884544,lienhe.dn00381@doanhnghiep.vn,2025,BCTC chưa kiểm toán,triệu đồng,5126.0,6081.0,16971.0,4799.0,32977.0,5928.0,675.0,6603.0,39580.0,2601.0,0.0,19950.0,22551.0,0.0,3411.0,3411.0,25962.0,13618.0,39580.0,54373.0,46439.0,7934.0,7159.0,0.0,775.0,155.0,620.0,383.0,0.014253397826126939,54.373,39.58,0.2550318530144955,Nhỏ
DN00201,Công ty TNHH Phân phối Thịnh Đông,9178263464,Công ty TNHH hai thành viên trở lên,Ngoài nhà nước,Thương mại và dịch vụ,"Bán buôn, bán lẻ",2024,9,Hà Nội,CN Cầu Giấy,2024-12-07,Dương Thu Lan,8,Thông tư 133/2016/TT-BTC,Có,Đủ,Đang hoạt động,0940471058,lienhe.dn00201@doanhnghiep.vn,2025,BCTC đã kiểm toán,triệu đồng,2469.0,6336.0,5890.0,2558.0,17253.0,2040.0,120.0,2160.0,19413.0,3202.0,6873.0,805.0,10880.0,0.0,0.0,0.0,10880.0,8533.0,19413.0,29887.0,27374.0,2513.0,2929.0,487.0,-903.0,0.0,-903.0,209.0,-0.030213805333422557,29.887,19.413,-0.21440963095363264,Nhỏ
DN00255,Công ty TNHH Thương mại Lâm Thuận,9118084069,Công ty TNHH hai thành viên trở lên,Ngoài nhà nước,Thương mại và dịch vụ,"Bán buôn, bán lẻ",2020,3,Đà Nẵng,CN Đà Nẵng,2022-11-01,Nguyễn Thu Sơn,10,Thông tư 132/2018/TT-BTC,Không,Đủ,Đang hoạt động,0329099810,lienhe.dn00255@doanhnghiep.vn,2025,BCTC chưa kiểm toán,triệu đồng,30.0,303.0,225.0,139.0,697.0,35.0,6.0,41.0,738.0,69.0,284.0,55.0,408.0,0.0,0.0,0.0,408.0,330.0,738.0,1001.0,870.0,131.0,71.0,29.0,31.0,6.0,25.0,3.0,0.030969030969030968,1.001,0.738,-0.010869565217391353,Siêu nhỏ
DN00285,Công ty TNHH Thương mại Tổng hợp Đạt Gia,9341849705,Công ty TNHH một thành viên,Ngoài nhà nước,Thương mại và dịch vụ,"Bán buôn, bán lẻ",2021,4,TP Hồ Chí Minh,CN TP Hồ Chí Minh,2022-08-22,Trần Hoài An,5,Thông tư 132/2018/TT-BTC,Không,Đủ,Đang hoạt động,0322944700,lienhe.dn00285@doanhnghiep.vn,2025,BCTC chưa kiểm toán,triệu đồng,99.0,370.0,126.0,156.0,751.0,225.0,57.0,282.0,1033.0,114.0,343.0,43.0,500.0,0.0,0.0,0.0,500.0,533.0,1033.0,1200.0,1084.0,116.0,65.0,30.0,21.0,4.0,17.0,14.0,0.0175,1.2,1.033,-0.1483321504613201,Siêu nhỏ
DN00127,Công ty Cổ phần Thương mại Tâm Thịnh,9538642448,Công ty cổ phần,Ngoài nhà nước,Thương mại và dịch vụ,"Bán buôn, bán lẻ",2016,35,TP Hồ Chí Minh,CN TP Hồ Chí Minh,2017-04-30,Phạm Ngọc Long,1,Thông tư 133/2016/TT-BTC,Không,Đủ,Đang hoạt động,0956243337,lienhe.dn00127@doanhnghiep.vn,2025,BCTC chưa kiểm toán,triệu đồng,532.0,1104.0,1361.0,640.0,3637.0,577.0,174.0,751.0,4388.0,298.0,987.0,73.0,1358.0,0.0,0.0,0.0,1358.0,3030.0,4388.0,4641.0,4116.0,525.0,518.0,74.0,-67.0,0.0,-67.0,47.0,-0.014436543848308555,4.641,4.388,-0.280241935483871,Nhỏ
DN00126,Công ty Cổ phần Thương mại Tổng hợp Khang Phát,9338981902,Công ty cổ phần,Có vốn đầu tư nước ngoài,Thương mại và dịch vụ,"Bán buôn, bán lẻ",1991,899,Hà Nội,CN Hoàn Kiếm,2022-10-07,Hoàng Hoài Việt,3,Thông tư 200/2014/TT-BTC,Có,Đủ,Đang hoạt động,0969980960,lienhe.dn00126@doanhnghiep.vn,2025,BCTC đã kiểm toán,triệu đồng,56480.0,143922.0,237279.0,93555.0,531236.0,111047.0,37712.0,148759.0,679995.0,24233.0,406085.0,74075.0,504393.0,29118.0,16833.0,45951.0,550344.0,129651.0,679995.0,654624.0,581732.0,72892.0,6546.0,41516.0,24830.0,4966.0,19864.0,10779.0,0.03793017060175001,654.624,679.995,-0.09319673141682472,Lớn
DN00234,Doanh nghiệp tư nhân Cơ khí Minh Xuân,9309021112,Doanh nghiệp tư nhân,Ngoài nhà nước,Công nghiệp,"Chế biến, chế tạo",2023,6,TP Hồ Chí Minh,CN TP Hồ Chí Minh,2023-07-05,Dương Hữu Nam,24,Thông tư 132/2018/TT-BTC,Không,Đủ,Đang hoạt động,0377311558,lienhe.dn00234@doanhnghiep.vn,2025,BCTC chưa kiểm toán,triệu đồng,43.0,137.0,87.0,83.0,350.0,273.0,39.0,312.0,662.0,18.0,131.0,13.0,162.0,74.0,23.0,97.0,259.0,403.0,662.0,431.0,353.0,78.0,37.0,17.0,24.0,5.0,19.0,20.0,0.05568445475638051,0.431,0.662,0.1051282051282052,Siêu nhỏ
DN00005,Công ty TNHH Nông sản Thành Hưng,9552999263,Công ty TNHH một thành viên,Ngoài nhà nước,"Nông, lâm nghiệp và thủy sản","Nông, lâm nghiệp và thủy sản",2024,220,Hải Phòng,CN Hải Phòng,2026-10-27,Nguyễn Hoài Trang,10,Thông tư 200/2014/TT-BTC,Có,Đủ,Đang hoạt động,0380184735,lienhe.dn00005@doanhnghiep.vn,2025,BCTC đã kiểm toán,triệu đồng,10941.0,121260.0,70713.0,61146.0,264060.0,191805.0,10125.0,201930.0,465990.0,8038.0,262616.0,19458.0,290112.0,68259.0,37332.0,105591.0,395703.0,70287.0,465990.0,137047.0,100780.0,36267.0,1370.0,32392.0,2505.0,501.0,2004.0,21728.0,0.018278400840587537,137.047,465.99,0.15344863863990232,Lớn
DN00157,Công ty TNHH Kỹ thuật Xây dựng Hải Phát,9143218654,Công ty TNHH một thành viên,Ngoài nhà nước,Xây dựng,Xây dựng,2019,86,Hà Nội,CN Thanh Xuân,2026-09-30,Ngô Thị Yến,17,Thông tư 133/2016/TT-BTC,Không,Đủ,Đang hoạt động,0998646634,lienhe.dn00157@doanhnghiep.vn,2025,BCTC chưa kiểm toán,triệu đồng,1174.0,2701.0,1849.0,1692.0,7416.0,2447.0,682.0,3129.0,10545.0,753.0,3885.0,547.0,5185.0,0.0,0.0,0.0,5185.0,5360.0,10545.0,4281.0,3772.0,509.0,43.0,380.0,86.0,17.0,69.0,182.0,0.020088764307404812,4.281,10.545,0.07643952728187076,Nhỏ
DN00342,Công ty TNHH Dịch vụ Xuân Sơn,9361004360,Công ty TNHH một thành viên,Ngoài nhà nước,Thương mại và dịch vụ,Dịch vụ khác,2020,9,Hà Nội,CN Thanh Xuân,2026-09-28,Bùi Thu Dũng,14,Thông tư 132/2018/TT-BTC,Không,Đủ,Đang hoạt động,0982603198,lienhe.dn00342@doanhnghiep.vn,2025,BCTC chưa kiểm toán,triệu đồng,124.0,589.0,222.0,250.0,1185.0,553.0,175.0,728.0,1913.0,120.0,0.0,477.0,597.0,0.0,0.0,0.0,597.0,1316.0,1913.0,1295.0,929.0,366.0,311.0,0.0,55.0,11.0,44.0,42.0,0.04247104247104247,1.295,1.913,0.1002548853016143,Siêu nhỏ
DN00097,Công ty TNHH Dịch vụ Tiến Đông,9794899940,Công ty TNHH một thành viên,Ngoài nhà nước,Thương mại và dịch vụ,Dịch vụ khác,2021,94,Hà Nội,CN Hoàn Kiếm,2025-01-20,Vũ Thu Nga,7,Thông tư 133/2016/TT-BTC,Không,Đủ,Đang hoạt động,0968194413,lienhe.dn00097@doanhnghiep.vn,2025,BCTC chưa kiểm toán,triệu đồng,3268.0,17611.0,10975.0,8196.0,40050.0,25003.0,6080.0,31083.0,71133.0,2618.0,21263.0,3428.0,27309.0,20301.0,2041.0,22342.0,49651.0,21482.0,71133.0,38945.0,30835.0,8110.0,2587.0,4293.0,1230.0,246.0,984.0,2303.0,0.031583001669020415,38.945,71.133,-0.0023567384788789614,Vừa
DN00389,Công ty TNHH Logistics Thành Trường,9102267965,Công ty TNHH một thành viên,Ngoài nhà nước,Thương mại và dịch vụ,Dịch vụ khác,2019,10,TP Hồ Chí Minh,CN Quận 1,2026-07-29,Hoàng Đức Trang,12,Thông tư 132/2018/TT-BTC,Không,Đủ,Đang hoạt động,0222272112,lienhe.dn00389@doanhnghiep.vn,2025,BCTC chưa kiểm toán,triệu đồng,174.0,866.0,580.0,178.0,1798.0,845.0,149.0,994.0,2792.0,210.0,680.0,91.0,981.0,0.0,0.0,0.0,981.0,1811.0,2792.0,2127.0,1693.0,434.0,407.0,53.0,-26.0,0.0,-26.0,88.0,-0.012223789374706159,2.127,2.792,0.1719008264462809,Siêu nhỏ
DN00492,Công ty TNHH Dịch vụ Việt Đông,9071350164,Công ty TNHH một thành viên,Ngoài nhà nước,Thương mại và dịch vụ,Dịch vụ khác,2017,7,Hải Phòng,CN Hải Phòng,2017-09-13,Vũ Thị Việt,9,Không lập BCTC (nộp thuế theo tỷ lệ % trên doanh thu),Không,Không đủ,Đang hoạt động,0943883730,lienhe.dn00492@doanhnghiep.vn,2025,Tờ khai thuế,triệu đồng,,,,,,,,,,,,,,,,,,,,551.0,,,,,,,,,,0.551,,-0.24,Siêu nhỏ
DN00345,Công ty TNHH Thương mại Dịch vụ Châu Hưng,9770571642,Công ty TNHH một thành viên,Có vốn đầu tư nước ngoài,Thương mại và dịch vụ,"Bán buôn, bán lẻ",1995,36,Đà Nẵng,CN Đà Nẵng,2012-07-25,Hoàng Đức Bình,19,Thông tư 133/2016/TT-BTC,Có,Đủ,Đang hoạt động,0990966428,lienhe.dn00345@doanhnghiep.vn,2025,BCTC đã kiểm toán,triệu đồng,140.0,662.0,1144.0,635.0,2581.0,260.0,70.0,330.0,2911.0,415.0,676.0,149.0,1240.0,0.0,0.0,0.0,1240.0,1671.0,2911.0,4927.0,4457.0,470.0,49.0,50.0,371.0,74.0,297.0,31.0,0.07529937081388269,4.927,2.911,0.19413475521085788,Nhỏ
DN00497,Công ty TNHH Thương mại Dịch vụ Long Thái,9326754207,Công ty TNHH hai thành viên trở lên,Ngoài nhà nước,Thương mại và dịch vụ,"Bán buôn, bán lẻ",2023,3,TP Hồ Chí Minh,CN TP Hồ Chí Minh,2026-08-01,Vũ Quốc Thảo,4,Thông tư 132/2018/TT-BTC,Không,Đủ,Đang hoạt động,0934794782,lienhe.dn00497@doanhnghiep.vn,2025,BCTC chưa kiểm toán,triệu đồng,62.0,153.0,166.0,77.0,458.0,113.0,31.0,144.0,602.0,28.0,0.0,212.0,240.0,0.0,0.0,0.0,240.0,362.0,602.0,419.0,387.0,32.0,18.0,0.0,14.0,3.0,11.0,10.0,0.03341288782816229,0.419,0.602,-0.11603375527426163,Siêu nhỏ
DN00325,Công ty Cổ phần Thương mại Thành Vinh,9380624412,Công ty cổ phần,Ngoài nhà nước,Thương mại và dịch vụ,"Bán buôn, bán lẻ",2010,276,Hà Nội,CN Thanh Xuân,2024-04-23,Ngô Ngọc Hạnh,8,Thông tư 200/2014/TT-BTC,Có,Đủ,Đang hoạt động,0276240970,lienhe.dn00325@doanhnghiep.vn,2025,BCTC đã kiểm toán,triệu đồng,46639.0,93929.0,81748.0,48916.0,271232.0,80375.0,6432.0,86807.0,358039.0,32187.0,129397.0,11317.0,172901.0,126634.0,9632.0,136266.0,309167.0,48872.0,358039.0,462552.0,419785.0,42767.0,14441.0,21233.0,7093.0,1419.0,5674.0,5780.0,0.015334492121966827,462.552,358.039,0.14625285601708904,Lớn
DN00249,Công ty TNHH Tư vấn Tiến Châu,9227905472,Công ty TNHH hai thành viên trở lên,Ngoài nhà nước,Thương mại và dịch vụ,Dịch vụ khác,2012,12,Hải Phòng,CN Hải Phòng,2017-09-01,Vũ Thanh Yến,10,Thông tư 133/2016/TT-BTC,Có,Đủ,Đang hoạt động,0367150431,lienhe.dn00249@doanhnghiep.vn,2025,BCTC đã kiểm toán,triệu đồng,311.0,4345.0,936.0,1327.0,6919.0,6561.0,2373.0,8934.0,15853.0,378.0,3546.0,600.0,4524.0,0.0,0.0,0.0,4524.0,11329.0,15853.0,6378.0,4879.0,1499.0,868.0,288.0,343.0,69.0,274.0,540.0,0.053778613985575416,6.378,15.853,-0.026853829722306988,Nhỏ
DN00329,Công ty TNHH Thương mại Tổng hợp Việt Châu,9898222629,Công ty TNHH hai thành viên trở lên,Ngoài nhà nước,Thương mại và dịch vụ,"Bán buôn, bán lẻ",2022,4,Hà Nội,CN Cầu Giấy,2023-07-02,Dương Hoài Tuấn,6,Thông tư 132/2018/TT-BTC,Không,Đủ,Đang hoạt động,0317443739,lienhe.dn00329@doanhnghiep.vn,2025,BCTC chưa kiểm toán,triệu đồng,213.0,1166.0,628.0,660.0,2667.0,429.0,141.0,570.0,3237.0,692.0,671.0,134.0,1497.0,191.0,36.0,227.0,1724.0,1513.0,3237.0,6742.0,5894.0,848.0,690.0,86.0,72.0,14.0,58.0,42.0,0.010679323642835954,6.742,3.237,-0.30716267598396874,Siêu nhỏ
DN00077,Công ty TNHH Thương mại Đông Bình,9576621757,Công ty TNHH hai thành viên trở lên,Ngoài nhà nước,Thương mại và dịch vụ,"Bán buôn, bán lẻ",2020,5,Hà Nội,CN Thanh Xuân,2024-05-23,Trần Ngọc Bình,8,Thông tư 132/2018/TT-BTC,Không,Đủ,Đang hoạt động,0343614319,lienhe.dn00077@doanhnghiep.vn,2025,BCTC chưa kiểm toán,triệu đồng,60.0,484.0,408.0,148.0,1100.0,294.0,124.0,418.0,1518.0,159.0,626.0,83.0,868.0,0.0,0.0,0.0,868.0,650.0,1518.0,3766.0,3385.0,381.0,335.0,46.0,0.0,0.0,0.0,24.0,0.0,3.766,1.518,0.16019716574245235,Siêu nhỏ
DN00078,Công ty TNHH Xây dựng Khang Bình,9409504776,Công ty TNHH một thành viên,Ngoài nhà nước,Xây dựng,Xây dựng,2021,30,TP Hồ Chí Minh,CN TP Hồ Chí Minh,2026-07-29,Đặng Hữu Dũng,19,Thông tư 133/2016/TT-BTC,Không,Đủ,Đang hoạt động,0907618968,lienhe.dn00078@doanhnghiep.vn,2025,BCTC chưa kiểm toán,triệu đồng,1286.0,1259.0,5056.0,1250.0,8851.0,4759.0,1290.0,6049.0,14900.0,638.0,4465.0,323.0,5426.0,4453.0,29.0,4482.0,9908.0,4992.0,14900.0,4566.0,3411.0,1155.0,46.0,868.0,241.0,48.0,193.0,469.0,0.0527814279456855,4.566,14.9,0.07460578959755226,Nhỏ
DN00359,Công ty TNHH Thương mại Tâm Thịnh,9787605823,Công ty TNHH một thành viên,Ngoài nhà nước,Thương mại và dịch vụ,"Bán buôn, bán lẻ",2016,4,Hà Nội,CN Cầu Giấy,2022-12-13,Nguyễn Minh Hùng,10,Không lập BCTC (nộp thuế theo tỷ lệ % trên doanh thu),Không,Không đủ,Đang hoạt động,0271187554,lienhe.dn00359@doanhnghiep.vn,2025,Tờ khai thuế,triệu đồng,,,,,,,,,,,,,,,,,,,,1444.0,,,,,,,,,,1.444,,-0.12378640776699024,Siêu nhỏ
DN00198,Công ty TNHH Du lịch Kim Gia,9613140804,Công ty TNHH một thành viên,Ngoài nhà nước,Thương mại và dịch vụ,Dịch vụ khác,2001,39,TP Hồ Chí Minh,CN Quận 1,2018-08-15,Bùi Hữu Tuấn,14,Thông tư 133/2016/TT-BTC,Không,Đủ,Đang hoạt động,0969015203,lienhe.dn00198@doanhnghiep.vn,2025,BCTC chưa kiểm toán,triệu đồng,154.0,1179.0,955.0,293.0,2581.0,1494.0,347.0,1841.0,4422.0,276.0,1042.0,145.0,1463.0,914.0,237.0,1151.0,2614.0,1808.0,4422.0,2621.0,1906.0,715.0,469.0,185.0,61.0,12.0,49.0,104.0,0.02327355971003434,2.621,4.422,0.03678797468354422,Nhỏ
DN00101,Công ty Cổ phần Thương mại Tổng hợp Yên Đạt,9050276044,Công ty cổ phần,Ngoài nhà nước,Thương mại và dịch vụ,"Bán buôn, bán lẻ",1998,11,Đà Nẵng,CN Đà Nẵng,2025-04-22,Đặng Hữu Yến,5,Thông tư 133/2016/TT-BTC,Không,Đủ,Đang hoạt động,0235837200,lienhe.dn00101@doanhnghiep.vn,2025,BCTC chưa kiểm toán,triệu đồng,482.0,576.0,1286.0,486.0,2830.0,852.0,258.0,1110.0,3940.0,240.0,2299.0,310.0,2849.0,2.0,2.0,4.0,2853.0,1087.0,3940.0,4219.0,3704.0,515.0,360.0,252.0,-97.0,0.0,-97.0,51.0,-0.022991230149324485,4.219,3.94,-0.04848894903022105,Nhỏ
DN00383,Công ty Cổ phần Cơ khí Thịnh Tiến,9854730988,Công ty cổ phần,Ngoài nhà nước,Công nghiệp,"Chế biến, chế tạo",2012,44,Hà Nội,CN Thanh Xuân,2016-12-21,Vũ Minh Trang,6,Thông tư 133/2016/TT-BTC,Không,Đủ,Đang hoạt động,0968444620,lienhe.dn00383@doanhnghiep.vn,2025,BCTC chưa kiểm toán,triệu đồng,434.0,527.0,2436.0,763.0,4160.0,3446.0,1307.0,4753.0,8913.0,339.0,2411.0,340.0,3090.0,350.0,165.0,515.0,3605.0,5308.0,8913.0,7729.0,6676.0,1053.0,421.0,245.0,387.0,77.0,310.0,265.0,0.0500711605641092,7.729,8.913,-0.007575757575757569,Nhỏ
DN00098,Công ty TNHH Thương mại Tiến Vinh,9300632133,Công ty TNHH hai thành viên trở lên,Ngoài nhà nước,Thương mại và dịch vụ,"Bán buôn, bán lẻ",2014,8,TP Hồ Chí Minh,CN TP Hồ Chí Minh,2018-01-21,Trần Minh Trang,8,Thông tư 133/2016/TT-BTC,Không,Đủ,Đang hoạt động,0319276019,lienhe.dn00098@doanhnghiep.vn,2025,BCTC chưa kiểm toán,triệu đồng,4300.0,14761.0,10785.0,9687.0,39533.0,4679.0,695.0,5374.0,44907.0,5845.0,19797.0,3417.0,29059.0,0.0,0.0,0.0,29059.0,15848.0,44907.0,100544.0,86759.0,13785.0,13215.0,1842.0,-1272.0,0.0,-1272.0,425.0,-0.012651177593889243,100.544,44.907,0.049465059234904185,Nhỏ
DN00080,Công ty Cổ phần Tư vấn Châu Hải,9418438822,Công ty cổ phần,Ngoài nhà nước,Thương mại và dịch vụ,Dịch vụ khác,2021,67,Hà Nội,CN Cầu Giấy,2021-03-15,Nguyễn Văn Phong,1,Thông tư 133/2016/TT-BTC,Không,Đủ,Đã đóng,0905442525,lienhe.dn00080@doanhnghiep.vn,2025,BCTC chưa kiểm toán,triệu đồng,4002.0,12340.0,4832.0,5302.0,26476.0,19584.0,1709.0,21293.0,47769.0,2362.0,27884.0,1841.0,32087.0,0.0,0.0,0.0,32087.0,15682.0,47769.0,24662.0,18491.0,6171.0,4743.0,2332.0,-904.0,0.0,-904.0,1366.0,-0.03665558348876814,24.662,47.769,0.025020781379883728,Vừa
DN00185,Công ty Cổ phần Lâm nghiệp Tuấn Phú,9262399180,Công ty cổ phần,Ngoài nhà nước,"Nông, lâm nghiệp và thủy sản","Nông, lâm nghiệp và thủy sản",2022,160,TP Hồ Chí Minh,CN Quận 1,2026-10-18,Lê Hoài Cường,16,Thông tư 133/2016/TT-BTC,Không,Đủ,Đang hoạt động,0211828203,lienhe.dn00185@doanhnghiep.vn,2025,BCTC chưa kiểm toán,triệu đồng,2447.0,1261.0,8898.0,1428.0,14034.0,12121.0,1847.0,13968.0,28002.0,235.0,5998.0,576.0,6809.0,11208.0,4.0,11212.0,18021.0,9981.0,28002.0,5451.0,3759.0,1692.0,55.0,1377.0,260.0,52.0,208.0,739.0,0.04769767015226564,5.451,28.002,0.004607445632141438,Vừa
DN00009,Công ty TNHH Du lịch Mỹ Xuân,9062355398,Công ty TNHH một thành viên,Ngoài nhà nước,Thương mại và dịch vụ,Dịch vụ khác,2020,10,Bình Dương,CN Bình Dương,2021-05-08,Đỗ Hoài Dũng,7,Thông tư 132/2018/TT-BTC,Không,Đủ,Đã đóng,0984812900,lienhe.dn00009@doanhnghiep.vn,2025,BCTC chưa kiểm toán,triệu đồng,61.0,708.0,88.0,245.0,1102.0,572.0,59.0,631.0,1733.0,62.0,0.0,626.0,688.0,0.0,0.0,0.0,688.0,1045.0,1733.0,736.0,575.0,161.0,186.0,0.0,-25.0,0.0,-25.0,44.0,-0.033967391304347824,0.736,1.733,0.05142857142857138,Siêu nhỏ
DN00194,Công ty Cổ phần Du lịch Tân Lâm,9848106193,Công ty cổ phần,Ngoài nhà nước,Thương mại và dịch vụ,Dịch vụ khác,1994,19,Hà Nội,CN Hoàn Kiếm,2012-05-06,Đặng Quốc Bình,12,Thông tư 133/2016/TT-BTC,Có,Đủ,Đang hoạt động,0251857231,lienhe.dn00194@doanhnghiep.vn,2025,BCTC đã kiểm toán,triệu đồng,1192.0,4286.0,599.0,864.0,6941.0,3688.0,195.0,3883.0,10824.0,810.0,3127.0,234.0,4171.0,2507.0,69.0,2576.0,6747.0,4077.0,10824.0,10529.0,7578.0,2951.0,2713.0,421.0,-183.0,0.0,-183.0,410.0,-0.01738056795517143,10.529,10.824,0.025019470404984423,Nhỏ
DN00243,Công ty TNHH Cơ khí Bình Thành,9444996102,Công ty TNHH hai thành viên trở lên,Ngoài nhà nước,Công nghiệp,"Chế biến, chế tạo",2014,99,Hà Nội,CN Thanh Xuân,2021-05-26,Lê Thanh Sơn,7,Thông tư 133/2016/TT-BTC,Không,Đủ,Đang hoạt động,0255591761,lienhe.dn00243@doanhnghiep.vn,2025,BCTC chưa kiểm toán,triệu đồng,116.0,251.0,826.0,328.0,1521.0,1226.0,81.0,1307.0,2828.0,271.0,881.0,186.0,1338.0,532.0,36.0,568.0,1906.0,922.0,2828.0,1990.0,1769.0,221.0,137.0,127.0,-43.0,0.0,-43.0,143.0,-0.021608040201005024,1.99,2.828,0.27809890815671157,Nhỏ
DN00225,Công ty TNHH Phân phối Long Nhật,9656602642,Công ty TNHH hai thành viên trở lên,Ngoài nhà nước,Thương mại và dịch vụ,"Bán buôn, bán lẻ",2021,48,TP Hồ Chí Minh,CN Quận 1,2023-07-01,Đỗ Thị Bình,16,Thông tư 133/2016/TT-BTC,Không,Đủ,Đang hoạt động,0293726488,lienhe.dn00225@doanhnghiep.vn,2025,BCTC chưa kiểm toán,triệu đồng,146.0,714.0,1097.0,470.0,2427.0,280.0,38.0,318.0,2745.0,303.0,1407.0,228.0,1938.0,344.0,51.0,395.0,2333.0,412.0,2745.0,5583.0,5070.0,513.0,959.0,152.0,-598.0,0.0,-598.0,24.0,-0.10711087229088304,5.583,2.745,0.24927276795703746,Nhỏ
DN00269,Công ty TNHH Phân phối Gia Hòa,9591016750,Công ty TNHH một thành viên,Ngoài nhà nước,Thương mại và dịch vụ,"Bán buôn, bán lẻ",2011,9,Hải Phòng,CN Hải Phòng,2015-01-25,Đỗ Thanh Phong,7,Thông tư 133/2016/TT-BTC,Không,Đủ,Đang hoạt động,0972804589,lienhe.dn00269@doanhnghiep.vn,2025,BCTC chưa kiểm toán,triệu đồng,1190.0,4653.0,4647.0,2780.0,13270.0,3784.0,742.0,4526.0,17796.0,2855.0,5272.0,515.0,8642.0,0.0,0.0,0.0,8642.0,9154.0,17796.0,25191.0,21507.0,3684.0,2938.0,372.0,374.0,75.0,299.0,231.0,0.014846572188480013,25.191,17.796,0.11602870813397126,Nhỏ
DN00044,Công ty Cổ phần Phân phối Hải Linh,9493044823,Công ty cổ phần,Ngoài nhà nước,Thương mại và dịch vụ,"Bán buôn, bán lẻ",2023,10,TP Hồ Chí Minh,CN TP Hồ Chí Minh,2025-03-28,Hoàng Hoài Hạnh,1,Thông tư 133/2016/TT-BTC,Không,Đủ,Đang hoạt động,0998753866,lienhe.dn00044@doanhnghiep.vn,2025,BCTC chưa kiểm toán,triệu đồng,933.0,2282.0,3450.0,1124.0,7789.0,706.0,290.0,996.0,8785.0,706.0,0.0,6737.0,7443.0,0.0,0.0,0.0,7443.0,1342.0,8785.0,22769.0,21400.0,1369.0,1078.0,0.0,291.0,58.0,233.0,64.0,0.0127805349378541,22.769,8.785,-0.23082899804067292,Nhỏ
DN00483,Doanh nghiệp tư nhân Thương mại Tổng hợp Thái Vạn,9572911980,Doanh nghiệp tư nhân,Ngoài nhà nước,Thương mại và dịch vụ,"Bán buôn, bán lẻ",2016,12,Hà Nội,CN Hoàn Kiếm,2020-09-14,Hoàng Hữu Nga,16,Thông tư 133/2016/TT-BTC,Không,Đủ,Đang hoạt động,0236938047,lienhe.dn00483@doanhnghiep.vn,2025,BCTC chưa kiểm toán,triệu đồng,4123.0,7872.0,21483.0,6785.0,40263.0,5046.0,1245.0,6291.0,46554.0,7134.0,20720.0,3146.0,31000.0,0.0,0.0,0.0,31000.0,15554.0,46554.0,122203.0,107394.0,14809.0,9352.0,2145.0,3312.0,662.0,2650.0,422.0,0.027102444293511618,122.203,46.554,0.06173000399659423,Nhỏ
DN00486,Công ty TNHH Phân phối Vạn Việt,9418336083,Công ty TNHH hai thành viên trở lên,Ngoài nhà nước,Thương mại và dịch vụ,"Bán buôn, bán lẻ",2023,3,Bình Dương,CN Bình Dương,2025-11-14,Phạm Thanh Lan,5,Không lập BCTC (nộp thuế theo tỷ lệ % trên doanh thu),Không,Không đủ,Đang hoạt động,0376332618,lienhe.dn00486@doanhnghiep.vn,2025,Tờ khai thuế,triệu đồng,,,,,,,,,,,,,,,,,,,,2830.0,,,,,,,,,,2.83,,-0.10357934748178654,Siêu nhỏ
DN00288,Công ty TNHH Logistics Toàn Khang,9886619259,Công ty TNHH một thành viên,Ngoài nhà nước,Thương mại và dịch vụ,Dịch vụ khác,2016,22,TP Hồ Chí Minh,CN Quận 1,2022-08-05,Ngô Hoài Bình,12,Thông tư 133/2016/TT-BTC,Không,Đủ,Đang hoạt động,0251726665,lienhe.dn00288@doanhnghiep.vn,2025,BCTC chưa kiểm toán,triệu đồng,139.0,1379.0,565.0,648.0,2731.0,1710.0,648.0,2358.0,5089.0,613.0,1088.0,191.0,1892.0,1089.0,555.0,1644.0,3536.0,1553.0,5089.0,2766.0,2112.0,654.0,28.0,199.0,427.0,85.0,342.0,197.0,0.15437454808387563,2.766,5.089,0.23262032085561501,Nhỏ
DN00239,Công ty TNHH Cơ khí Linh Khang,9028289633,Công ty TNHH hai thành viên trở lên,Ngoài nhà nước,Công nghiệp,"Chế biến, chế tạo",2023,9,TP Hồ Chí Minh,CN TP Hồ Chí Minh,2026-09-20,Lê Thu Tuấn,8,Không lập BCTC (nộp thuế theo tỷ lệ % trên doanh thu),Không,Không đủ,Đang hoạt động,0208938194,lienhe.dn00239@doanhnghiep.vn,2025,Tờ khai thuế,triệu đồng,,,,,,,,,,,,,,,,,,,,676.0,,,,,,,,,,0.676,,0.001481481481481417,Siêu nhỏ
DN00376,Công ty TNHH Phân phối Thái Quang,9236699988,Công ty TNHH một thành viên,Ngoài nhà nước,Thương mại và dịch vụ,"Bán buôn, bán lẻ",2023,2,TP Hồ Chí Minh,CN TP Hồ Chí Minh,2023-09-22,Lê Ngọc Dũng,10,Thông tư 132/2018/TT-BTC,Không,Đủ,Đang hoạt động,0261650017,lienhe.dn00376@doanhnghiep.vn,2025,BCTC chưa kiểm toán,triệu đồng,55.0,149.0,292.0,150.0,646.0,57.0,17.0,74.0,720.0,53.0,0.0,272.0,325.0,0.0,0.0,0.0,325.0,395.0,720.0,1284.0,1163.0,121.0,105.0,0.0,16.0,3.0,13.0,6.0,0.012461059190031152,1.284,0.72,-0.02357414448669204,Siêu nhỏ
DN00193,Công ty TNHH Phân phối Đạt Tuấn,9995875044,Công ty TNHH một thành viên,Ngoài nhà nước,Thương mại và dịch vụ,"Bán buôn, bán lẻ",2001,305,Hà Nội,CN Hoàn Kiếm,2019-10-18,Đỗ Thị Tuấn,6,Thông tư 200/2014/TT-BTC,Có,Đủ,Đang hoạt động,0366463289,lienhe.dn00193@doanhnghiep.vn,2025,BCTC đã kiểm toán,triệu đồng,33250.0,128252.0,157708.0,62354.0,381564.0,121154.0,6984.0,128138.0,509702.0,57100.0,188421.0,42705.0,288226.0,0.0,0.0,0.0,288226.0,221476.0,509702.0,797388.0,713609.0,83779.0,64508.0,15547.0,3724.0,745.0,2979.0,10225.0,0.004670248360898333,797.388,509.702,-0.12061361668808002,Lớn
DN00420,Công ty TNHH Dệt may Thành Minh,9319865250,Công ty TNHH hai thành viên trở lên,Ngoài nhà nước,Công nghiệp,"Chế biến, chế tạo",2023,3,Hà Nội,CN Hoàn Kiếm,2024-12-04,Trần Đức Phong,16,Thông tư 132/2018/TT-BTC,Không,Đủ,Đang hoạt động,0379726137,lienhe.dn00420@doanhnghiep.vn,2025,BCTC chưa kiểm toán,triệu đồng,69.0,146.0,202.0,64.0,481.0,310.0,122.0,432.0,913.0,43.0,219.0,35.0,297.0,0.0,0.0,0.0,297.0,616.0,913.0,536.0,472.0,64.0,18.0,16.0,30.0,6.0,24.0,35.0,0.055970149253731345,0.536,0.913,0.019011406844106515,Siêu nhỏ
DN00138,Công ty TNHH Thủy sản Phú Tân,9601495993,Công ty TNHH hai thành viên trở lên,Ngoài nhà nước,"Nông, lâm nghiệp và thủy sản","Nông, lâm nghiệp và thủy sản",2022,19,Hà Nội,CN Hoàn Kiếm,2022-09-15,Vũ Ngọc Long,12,Thông tư 133/2016/TT-BTC,Không,Đủ,Đang hoạt động,0996166445,lienhe.dn00138@doanhnghiep.vn,2025,BCTC chưa kiểm toán,triệu đồng,156.0,251.0,874.0,255.0,1536.0,1421.0,364.0,1785.0,3321.0,289.0,0.0,656.0,945.0,0.0,1087.0,1087.0,2032.0,1289.0,3321.0,2417.0,2100.0,317.0,258.0,0.0,59.0,12.0,47.0,92.0,0.0244104261481175,2.417,3.321,0.0020729684908789014,Nhỏ
DN00236,Công ty Cổ phần Vận tải Hưng Mỹ,9310866717,Công ty cổ phần,Ngoài nhà nước,Thương mại và dịch vụ,Dịch vụ khác,2014,18,Bình Dương,CN Bình Dương,2022-06-21,Trần Hoài Nga,5,Thông tư 133/2016/TT-BTC,Không,Đủ,Đang hoạt động,0370599192,lienhe.dn00236@doanhnghiep.vn,2025,BCTC chưa kiểm toán,triệu đồng,676.0,2544.0,217.0,616.0,4053.0,3219.0,878.0,4097.0,8150.0,624.0,2594.0,277.0,3495.0,1044.0,539.0,1583.0,5078.0,3072.0,8150.0,9431.0,7194.0,2237.0,1728.0,396.0,113.0,23.0,90.0,351.0,0.011981762273353833,9.431,8.15,0.05444991055456172,Nhỏ
DN00380,Công ty Cổ phần Tư vấn Ngọc Nam,9220383113,Công ty cổ phần,Ngoài nhà nước,Thương mại và dịch vụ,Dịch vụ khác,2022,95,TP Hồ Chí Minh,CN Quận 1,2022-08-22,Đặng Quốc Nam,17,Thông tư 133/2016/TT-BTC,Không,Đủ,Đang hoạt động,0242841108,lienhe.dn00380@doanhnghiep.vn,2025,BCTC chưa kiểm toán,triệu đồng,4577.0,20327.0,4807.0,5486.0,35197.0,29034.0,9519.0,38553.0,73750.0,1925.0,20163.0,1304.0,23392.0,28972.0,4873.0,33845.0,57237.0,16513.0,73750.0,44259.0,32789.0,11470.0,5973.0,3630.0,1867.0,373.0,1494.0,2633.0,0.04218351069838903,44.259,73.75,0.0910906222266048,Vừa
DN00493,Công ty TNHH Thương mại Linh Đông,9721455832,Công ty TNHH một thành viên,Nhà nước,Thương mại và dịch vụ,"Bán buôn, bán lẻ",2007,85,Bình Dương,CN Bình Dương,2021-11-30,Đỗ Hữu Bình,10,Thông tư 133/2016/TT-BTC,Có,Đủ,Đã đóng,0207345552,lienhe.dn00493@doanhnghiep.vn,2025,BCTC đã kiểm toán,triệu đồng,4747.0,14201.0,52196.0,10678.0,81822.0,13666.0,2114.0,15780.0,97602.0,22530.0,36712.0,7219.0,66461.0,0.0,0.0,0.0,66461.0,31141.0,97602.0,214389.0,198331.0,16058.0,12008.0,2904.0,1146.0,229.0,917.0,1228.0,0.005345423505870171,214.389,97.602,-0.01839235185846544,Vừa
DN00222,Công ty TNHH Dệt may Châu Thịnh,9100312022,Công ty TNHH một thành viên,Ngoài nhà nước,Công nghiệp,"Chế biến, chế tạo",2022,3,Hà Nội,CN Thanh Xuân,2024-12-19,Lý Thu Nam,6,Thông tư 132/2018/TT-BTC,Không,Đủ,Đang hoạt động,0376107055,lienhe.dn00222@doanhnghiep.vn,2025,BCTC chưa kiểm toán,triệu đồng,122.0,200.0,574.0,172.0,1068.0,1420.0,198.0,1618.0,2686.0,57.0,806.0,132.0,995.0,183.0,14.0,197.0,1192.0,1494.0,2686.0,1167.0,970.0,197.0,180.0,106.0,-89.0,0.0,-89.0,95.0,-0.07626392459297343,1.167,2.686,-0.03314001657000831,Siêu nhỏ
DN00181,Công ty TNHH Thương mại Dịch vụ Thành Minh,9614246208,Công ty TNHH một thành viên,Ngoài nhà nước,Thương mại và dịch vụ,"Bán buôn, bán lẻ",2024,2,TP Hồ Chí Minh,CN TP Hồ Chí Minh,2025-09-02,Lê Thu Nga,9,Không lập BCTC (nộp thuế theo tỷ lệ % trên doanh thu),Không,Không đủ,Đang hoạt động,0278854328,lienhe.dn00181@doanhnghiep.vn,2025,Tờ khai thuế,triệu đồng,,,,,,,,,,,,,,,,,,,,798.0,,,,,,,,,,0.798,,0.02176696542893719,Siêu nhỏ
DN00393,Công ty Cổ phần Thương mại Tổng hợp Đạt An,9688494385,Công ty cổ phần,Ngoài nhà nước,Thương mại và dịch vụ,"Bán buôn, bán lẻ",2024,26,Bình Dương,CN Bình Dương,2025-01-27,Hoàng Thanh Nam,9,Thông tư 133/2016/TT-BTC,Không,Đủ,Đang hoạt động,0339231881,lienhe.dn00393@doanhnghiep.vn,2025,BCTC chưa kiểm toán,triệu đồng,121.0,559.0,1185.0,416.0,2281.0,583.0,146.0,729.0,3010.0,238.0,1062.0,137.0,1437.0,44.0,13.0,57.0,1494.0,1516.0,3010.0,7527.0,6897.0,630.0,334.0,78.0,218.0,44.0,174.0,47.0,0.028962402019396837,7.527,3.01,0.022273529811218218,Nhỏ
DN00293,Công ty TNHH Thương mại Tổng hợp Thái Tuấn,9223397141,Công ty TNHH một thành viên,Ngoài nhà nước,Thương mại và dịch vụ,"Bán buôn, bán lẻ",2024,3,Cần Thơ,CN Cần Thơ,2025-08-05,Vũ Hữu Lan,7,Không lập BCTC (nộp thuế theo tỷ lệ % trên doanh thu),Không,Không đủ,Đang hoạt động,0341256878,lienhe.dn00293@doanhnghiep.vn,2025,Tờ khai thuế,triệu đồng,,,,,,,,,,,,,,,,,,,,2517.0,,,,,,,,,,2.517,,0.25912956478239124,Siêu nhỏ
DN00295,Công ty TNHH Xây dựng Hưng Phát,9632896030,Công ty TNHH hai thành viên trở lên,Ngoài nhà nước,Xây dựng,Xây dựng,2008,48,Đà Nẵng,CN Đà Nẵng,2014-12-22,Đỗ Hữu Hà,8,Thông tư 133/2016/TT-BTC,Không,Đủ,Đang hoạt động,0357110950,lienhe.dn00295@doanhnghiep.vn,2025,BCTC chưa kiểm toán,triệu đồng,168.0,1114.0,692.0,540.0,2514.0,881.0,187.0,1068.0,3582.0,510.0,1638.0,225.0,2373.0,651.0,11.0,662.0,3035.0,547.0,3582.0,2239.0,2002.0,237.0,95.0,221.0,-79.0,0.0,-79.0,65.0,-0.03528360875390799,2.239,3.582,-0.050063640220619376,Nhỏ
DN00184,Công ty TNHH Thương mại Tổng hợp Hòa Mỹ,9644566719,Công ty TNHH một thành viên,Ngoài nhà nước,Thương mại và dịch vụ,"Bán buôn, bán lẻ",2022,9,Hải Phòng,CN Hải Phòng,2024-08-30,Phạm Hữu Phong,6,Thông tư 132/2018/TT-BTC,Không,Đủ,Đang hoạt động,0300966828,lienhe.dn00184@doanhnghiep.vn,2025,BCTC chưa kiểm toán,triệu đồng,122.0,875.0,577.0,140.0,1714.0,405.0,160.0,565.0,2279.0,566.0,888.0,104.0,1558.0,0.0,0.0,0.0,1558.0,721.0,2279.0,3612.0,3349.0,263.0,334.0,82.0,-153.0,0.0,-153.0,48.0,-0.04235880398671096,3.612,2.279,-0.03833865814696491,Siêu nhỏ
DN00019,Doanh nghiệp tư nhân Sản xuất Thái Phúc,9296343701,Doanh nghiệp tư nhân,Ngoài nhà nước,Công nghiệp,"Chế biến, chế tạo",2022,10,Hải Phòng,CN Hải Phòng,2024-07-30,Bùi Minh Lan,14,Thông tư 132/2018/TT-BTC,Không,Đủ,Đang hoạt động,0943409663,lienhe.dn00019@doanhnghiep.vn,2025,BCTC chưa kiểm toán,triệu đồng,20.0,145.0,149.0,61.0,375.0,168.0,67.0,235.0,610.0,13.0,278.0,46.0,337.0,0.0,0.0,0.0,337.0,273.0,610.0,313.0,267.0,46.0,20.0,26.0,0.0,0.0,0.0,18.0,0.0,0.313,0.61,-0.07121661721068251,Siêu nhỏ
DN00298,Công ty TNHH Nhựa Tâm Linh,9377219267,Công ty TNHH hai thành viên trở lên,Ngoài nhà nước,Công nghiệp,"Chế biến, chế tạo",2017,5,TP Hồ Chí Minh,CN Quận 1,2018-11-01,Ngô Đức Cường,7,Thông tư 132/2018/TT-BTC,Không,Đủ,Đang hoạt động,0327978589,lienhe.dn00298@doanhnghiep.vn,2025,BCTC chưa kiểm toán,triệu đồng,70.0,192.0,255.0,96.0,613.0,288.0,90.0,378.0,991.0,100.0,0.0,193.0,293.0,0.0,90.0,90.0,383.0,608.0,991.0,1206.0,1074.0,132.0,49.0,0.0,83.0,17.0,66.0,32.0,0.06882255389718077,1.206,0.991,-0.007407407407407418,Siêu nhỏ
DN00294,Công ty Cổ phần Phân phối Đạt Bình,9953467754,Công ty cổ phần,Ngoài nhà nước,Thương mại và dịch vụ,"Bán buôn, bán lẻ",2014,47,Hà Nội,CN Hoàn Kiếm,2019-11-20,Phạm Minh Nga,3,Thông tư 133/2016/TT-BTC,Không,Đủ,Đang hoạt động,0309167484,lienhe.dn00294@doanhnghiep.vn,2025,BCTC chưa kiểm toán,triệu đồng,3800.0,7127.0,9852.0,6795.0,27574.0,6588.0,378.0,6966.0,34540.0,2553.0,22114.0,1931.0,26598.0,2200.0,60.0,2260.0,28858.0,5682.0,34540.0,76899.0,69697.0,7202.0,7313.0,2251.0,-2362.0,0.0,-2362.0,488.0,-0.030715613987177988,76.899,34.54,-0.0038731573356822757,Nhỏ
DN00399,Công ty Cổ phần Dịch vụ Trường Hải,9055161693,Công ty cổ phần,Ngoài nhà nước,Thương mại và dịch vụ,Dịch vụ khác,2024,15,Đà Nẵng,CN Đà Nẵng,2024-08-26,Đặng Minh Quân,5,Thông tư 133/2016/TT-BTC,Không,Đủ,Đang hoạt động,0316097971,lienhe.dn00399@doanhnghiep.vn,2025,BCTC chưa kiểm toán,triệu đồng,353.0,5156.0,1272.0,1506.0,8287.0,5166.0,1054.0,6220.0,14507.0,450.0,4823.0,787.0,6060.0,1942.0,1247.0,3189.0,9249.0,5258.0,14507.0,7180.0,5431.0,1749.0,900.0,578.0,271.0,54.0,217.0,440.0,0.037743732590529246,7.18,14.507,0.18130964132938465,Nhỏ
DN00362,Công ty Cổ phần Logistics Thịnh Khang,9765893903,Công ty cổ phần,Ngoài nhà nước,Thương mại và dịch vụ,Dịch vụ khác,2019,23,Hà Nội,CN Thanh Xuân,2023-08-10,Dương Quốc Hà,1,Thông tư 133/2016/TT-BTC,Không,Đủ,Đang hoạt động,0374664619,lienhe.dn00362@doanhnghiep.vn,2025,BCTC chưa kiểm toán,triệu đồng,881.0,3217.0,489.0,1389.0,5976.0,3888.0,1635.0,5523.0,11499.0,445.0,2754.0,521.0,3720.0,3809.0,135.0,3944.0,7664.0,3835.0,11499.0,7548.0,6078.0,1470.0,816.0,533.0,121.0,24.0,97.0,412.0,0.016030736618971912,7.548,11.499,-0.2118617521144408,Nhỏ
DN00248,Công ty TNHH Kỹ thuật Xây dựng Kim An,9427933630,Công ty TNHH một thành viên,Ngoài nhà nước,Xây dựng,Xây dựng,2004,12,TP Hồ Chí Minh,CN TP Hồ Chí Minh,2023-01-08,Đặng Thị An,4,Thông tư 133/2016/TT-BTC,Không,Đủ,Đang hoạt động,0983144434,lienhe.dn00248@doanhnghiep.vn,2025,BCTC chưa kiểm toán,triệu đồng,448.0,1114.0,693.0,311.0,2566.0,703.0,86.0,789.0,3355.0,176.0,1730.0,309.0,2215.0,73.0,12.0,85.0,2300.0,1055.0,3355.0,975.0,820.0,155.0,12.0,181.0,-38.0,0.0,-38.0,67.0,-0.038974358974358976,0.975,3.355,0.132404181184669,Nhỏ
DN00327,Công ty Cổ phần Vận tải Mỹ Châu,9669327491,Công ty cổ phần,Ngoài nhà nước,Thương mại và dịch vụ,Dịch vụ khác,2012,55,Hà Nội,CN Thanh Xuân,2021-09-12,Đặng Thị Dũng,7,Thông tư 133/2016/TT-BTC,Có,Đủ,Đang hoạt động,0961796408,lienhe.dn00327@doanhnghiep.vn,2025,BCTC đã kiểm toán,triệu đồng,2421.0,5661.0,3082.0,3373.0,14537.0,8981.0,900.0,9881.0,24418.0,1590.0,9963.0,1937.0,13490.0,0.0,0.0,0.0,13490.0,10928.0,24418.0,21379.0,16909.0,4470.0,1811.0,736.0,1923.0,385.0,1538.0,1066.0,0.08994807989148229,21.379,24.418,0.031705433838432606,Vừa
DN00405,Công ty TNHH Xây dựng Vinh Quang,9718766158,Công ty TNHH một thành viên,Ngoài nhà nước,Xây dựng,Xây dựng,2015,6,TP Hồ Chí Minh,CN TP Hồ Chí Minh,2016-10-13,Hoàng Thanh Cường,11,Thông tư 132/2018/TT-BTC,Không,Đủ,Đang hoạt động,0911374300,lienhe.dn00405@doanhnghiep.vn,2025,BCTC chưa kiểm toán,triệu đồng,79.0,172.0,129.0,117.0,497.0,78.0,26.0,104.0,601.0,35.0,239.0,37.0,311.0,0.0,0.0,0.0,311.0,290.0,601.0,266.0,232.0,34.0,19.0,20.0,-5.0,0.0,-5.0,5.0,-0.018796992481203006,0.266,0.601,-0.022058823529411797,Siêu nhỏ
DN00253,Công ty TNHH Nhựa Vạn Phú,9923466510,Công ty TNHH hai thành viên trở lên,Ngoài nhà nước,Công nghiệp,"Chế biến, chế tạo",2017,5,Bình Dương,CN Bình Dương,2019-03-10,Phạm Thị Sơn,14,Thông tư 132/2018/TT-BTC,Không,Đủ,Đang hoạt động,0252313817,lienhe.dn00253@doanhnghiep.vn,2025,BCTC chưa kiểm toán,triệu đồng,72.0,90.0,178.0,93.0,433.0,402.0,93.0,495.0,928.0,129.0,0.0,445.0,574.0,0.0,90.0,90.0,664.0,264.0,928.0,1472.0,1249.0,223.0,254.0,0.0,-31.0,0.0,-31.0,37.0,-0.021059782608695652,1.472,0.928,0.1358024691358024,Siêu nhỏ
DN00116,Công ty TNHH Thực phẩm Bảo Tân,9896855535,Công ty TNHH một thành viên,Ngoài nhà nước,Công nghiệp,"Chế biến, chế tạo",2021,8,TP Hồ Chí Minh,CN TP Hồ Chí Minh,2023-08-15,Dương Thanh Mai,5,Thông tư 133/2016/TT-BTC,Không,Đủ,Đang hoạt động,0962024568,lienhe.dn00116@doanhnghiep.vn,2025,BCTC chưa kiểm toán,triệu đồng,179.0,608.0,760.0,206.0,1753.0,1519.0,404.0,1923.0,3676.0,777.0,794.0,95.0,1666.0,0.0,0.0,0.0,1666.0,2010.0,3676.0,3968.0,3611.0,357.0,172.0,58.0,127.0,25.0,102.0,163.0,0.032006048387096774,3.968,3.676,-0.05117168818747009,Nhỏ
DN00323,Công ty Cổ phần Logistics Hòa Phúc,9516253119,Công ty cổ phần,Ngoài nhà nước,Thương mại và dịch vụ,Dịch vụ khác,2023,7,TP Hồ Chí Minh,CN Quận 1,2026-01-19,Vũ Quốc Nga,1,Thông tư 132/2018/TT-BTC,Không,Đủ,Đang hoạt động,0996805473,lienhe.dn00323@doanhnghiep.vn,2025,BCTC chưa kiểm toán,triệu đồng,58.0,650.0,87.0,195.0,990.0,498.0,201.0,699.0,1689.0,99.0,485.0,42.0,626.0,0.0,0.0,0.0,626.0,1063.0,1689.0,830.0,632.0,198.0,53.0,52.0,93.0,19.0,74.0,52.0,0.11204819277108434,0.83,1.689,-0.13451511991657972,Siêu nhỏ
DN00026,Công ty TNHH Thương mại Tổng hợp Tân Thái,9997042994,Công ty TNHH hai thành viên trở lên,Ngoài nhà nước,Thương mại và dịch vụ,"Bán buôn, bán lẻ",2015,5,Hà Nội,CN Cầu Giấy,2015-07-28,Dương Đức Sơn,9,Thông tư 132/2018/TT-BTC,Không,Đủ,Đã đóng,0326191999,lienhe.dn00026@doanhnghiep.vn,2025,BCTC chưa kiểm toán,triệu đồng,132.0,597.0,858.0,320.0,1907.0,756.0,108.0,864.0,2771.0,333.0,1513.0,104.0,1950.0,0.0,0.0,0.0,1950.0,821.0,2771.0,4535.0,4090.0,445.0,359.0,124.0,-38.0,0.0,-38.0,76.0,-0.008379272326350606,4.535,2.771,-0.12654083204930666,Siêu nhỏ
DN00031,Công ty Cổ phần Thương mại Dịch vụ Trung Quang,9164194389,Công ty cổ phần,Ngoài nhà nước,Thương mại và dịch vụ,"Bán buôn, bán lẻ",2024,14,Hà Nội,CN Hoàn Kiếm,2025-05-18,Dương Hữu Bình,5,Thông tư 133/2016/TT-BTC,Không,Đủ,Đang hoạt động,0332744955,lienhe.dn00031@doanhnghiep.vn,2025,BCTC chưa kiểm toán,triệu đồng,2077.0,2577.0,6645.0,2360.0,13659.0,3068.0,414.0,3482.0,17141.0,1340.0,7524.0,972.0,9836.0,565.0,64.0,629.0,10465.0,6676.0,17141.0,25841.0,23970.0,1871.0,908.0,709.0,254.0,51.0,203.0,186.0,0.009829340969776711,25.841,17.141,0.16537386127897546,Nhỏ
DN00316,Công ty TNHH Thương mại Tổng hợp Yên Việt,9051533518,Công ty TNHH hai thành viên trở lên,Ngoài nhà nước,Thương mại và dịch vụ,"Bán buôn, bán lẻ",2023,6,Hà Nội,CN Cầu Giấy,2024-05-19,Trần Quốc Thảo,17,Không lập BCTC (nộp thuế theo tỷ lệ % trên doanh thu),Không,Không đủ,Đang hoạt động,0355533759,lienhe.dn00316@doanhnghiep.vn,2025,Tờ khai thuế,triệu đồng,,,,,,,,,,,,,,,,,,,,1162.0,,,,,,,,,,1.162,,0.2104166666666667,Siêu nhỏ
DN00301,Công ty TNHH Cơ khí Quang Châu,9153625982,Công ty TNHH hai thành viên trở lên,Ngoài nhà nước,Công nghiệp,"Chế biến, chế tạo",2017,52,TP Hồ Chí Minh,CN TP Hồ Chí Minh,2025-08-23,Đỗ Thu Lan,18,Thông tư 133/2016/TT-BTC,Không,Đủ,Đang hoạt động,0285073591,lienhe.dn00301@doanhnghiep.vn,2025,BCTC chưa kiểm toán,triệu đồng,399.0,1230.0,1570.0,687.0,3886.0,2738.0,924.0,3662.0,7548.0,1240.0,0.0,1071.0,2311.0,0.0,792.0,792.0,3103.0,4445.0,7548.0,6943.0,5939.0,1004.0,1204.0,0.0,-200.0,0.0,-200.0,217.0,-0.02880599164626242,6.943,7.548,-0.08968139504392292,Nhỏ
DN00433,Doanh nghiệp tư nhân Vận tải Nam Gia,9949589541,Doanh nghiệp tư nhân,Ngoài nhà nước,Thương mại và dịch vụ,Dịch vụ khác,2020,14,Bình Dương,CN Bình Dương,2025-09-25,Nguyễn Ngọc Trang,6,Thông tư 133/2016/TT-BTC,Không,Đủ,Đang hoạt động,0906422440,lienhe.dn00433@doanhnghiep.vn,2025,BCTC chưa kiểm toán,triệu đồng,247.0,3026.0,810.0,794.0,4877.0,3969.0,1069.0,5038.0,9915.0,790.0,0.0,2413.0,3203.0,0.0,4210.0,4210.0,7413.0,2502.0,9915.0,10454.0,8292.0,2162.0,3490.0,0.0,-1328.0,0.0,-1328.0,377.0,-0.1270327147503348,10.454,9.915,-0.20688870343676502,Nhỏ
DN00344,Công ty TNHH Bao bì Minh Hưng,9123567429,Công ty TNHH một thành viên,Ngoài nhà nước,Công nghiệp,"Chế biến, chế tạo",2024,2,Hà Nội,CN Thanh Xuân,2025-09-27,Lê Văn Nga,5,Thông tư 132/2018/TT-BTC,Không,Đủ,Đang hoạt động,0209398119,lienhe.dn00344@doanhnghiep.vn,2025,BCTC chưa kiểm toán,triệu đồng,166.0,281.0,302.0,248.0,997.0,475.0,188.0,663.0,1660.0,74.0,0.0,522.0,596.0,0.0,13.0,13.0,609.0,1051.0,1660.0,1147.0,1003.0,144.0,159.0,0.0,-15.0,0.0,-15.0,33.0,-0.013077593722755012,1.147,1.66,0.019555555555555548,Siêu nhỏ
DN00016,Công ty TNHH Đầu tư Xây dựng Lâm Hưng,9594360059,Công ty TNHH hai thành viên trở lên,Ngoài nhà nước,Xây dựng,Xây dựng,2023,9,Hà Nội,CN Cầu Giấy,2025-01-28,Nguyễn Văn Lan,9,Thông tư 133/2016/TT-BTC,Không,Đủ,Đang hoạt động,0245947984,lienhe.dn00016@doanhnghiep.vn,2025,BCTC chưa kiểm toán,triệu đồng,2094.0,7003.0,5675.0,3217.0,17989.0,3012.0,918.0,3930.0,21919.0,6121.0,5490.0,922.0,12533.0,1299.0,587.0,1886.0,14419.0,7500.0,21919.0,21764.0,19516.0,2248.0,2024.0,680.0,-456.0,0.0,-456.0,263.0,-0.02095203087667708,21.764,21.919,0.2512360584109463,Nhỏ
DN00458,Công ty TNHH Dệt may Hải Ngọc,9373151213,Công ty TNHH một thành viên,Ngoài nhà nước,Công nghiệp,"Chế biến, chế tạo",2024,2,Bình Dương,CN Bình Dương,2025-08-15,Ngô Thị Mai,1,Không lập BCTC (nộp thuế theo tỷ lệ % trên doanh thu),Không,Không đủ,Đang hoạt động,0305307487,lienhe.dn00458@doanhnghiep.vn,2025,Tờ khai thuế,triệu đồng,,,,,,,,,,,,,,,,,,,,1411.0,,,,,,,,,,1.411,,-0.07171052631578945,Siêu nhỏ
DN00364,Công ty Cổ phần Du lịch Ngọc Gia,9220310961,Công ty cổ phần,Có vốn đầu tư nước ngoài,Thương mại và dịch vụ,Dịch vụ khác,2015,53,TP Hồ Chí Minh,CN TP Hồ Chí Minh,2025-03-16,Bùi Thị Quân,17,Thông tư 133/2016/TT-BTC,Có,Đủ,Đang hoạt động,0302832993,lienhe.dn00364@doanhnghiep.vn,2025,BCTC đã kiểm toán,triệu đồng,1173.0,14389.0,3352.0,5662.0,24576.0,14057.0,4784.0,18841.0,43417.0,1821.0,12641.0,1214.0,15676.0,10205.0,309.0,10514.0,26190.0,17227.0,43417.0,39964.0,29729.0,10235.0,6016.0,2406.0,1813.0,363.0,1450.0,968.0,0.04536582924632169,39.964,43.417,0.32243547319655863,Vừa
DN00046,Công ty TNHH Thương mại Dịch vụ Gia Hòa,9612897712,Công ty TNHH hai thành viên trở lên,Ngoài nhà nước,Thương mại và dịch vụ,"Bán buôn, bán lẻ",2025,5,Hà Nội,CN Hoàn Kiếm,2026-01-01,Lê Đức An,9,Thông tư 132/2018/TT-BTC,Không,Không đủ,Đang hoạt động,0317682077,lienhe.dn00046@doanhnghiep.vn,2025,BCTC chưa kiểm toán,triệu đồng,200.0,522.0,1017.0,241.0,1980.0,225.0,61.0,286.0,2266.0,231.0,0.0,931.0,1162.0,0.0,0.0,0.0,1162.0,1104.0,2266.0,2394.0,2231.0,163.0,150.0,0.0,13.0,3.0,10.0,18.0,0.005430242272347535,2.394,2.266,,Siêu nhỏ
DN00268,Công ty Cổ phần Thương mại Dịch vụ Việt Tân,9164771520,Công ty cổ phần,Ngoài nhà nước,Thương mại và dịch vụ,"Bán buôn, bán lẻ",2014,1356,TP Hồ Chí Minh,CN TP Hồ Chí Minh,2021-10-14,Đặng Minh Việt,2,Thông tư 200/2014/TT-BTC,Có,Đủ,Đang hoạt động,0267105214,lienhe.dn00268@doanhnghiep.vn,2025,BCTC đã kiểm toán,triệu đồng,171562.0,330459.0,728073.0,382839.0,1612933.0,257891.0,105969.0,363860.0,1976793.0,273895.0,398556.0,56246.0,728697.0,668425.0,162034.0,830459.0,1559156.0,417637.0,1976793.0,3599155.0,3383967.0,215188.0,35992.0,96660.0,82536.0,16507.0,66029.0,30815.0,0.0229320493282451,3599.155,1976.793,0.3209415826907218,Lớn
DN00070,Công ty TNHH Khoáng sản Tuấn Tiến,9772424533,Công ty TNHH hai thành viên trở lên,Ngoài nhà nước,Công nghiệp,Công nghiệp khác,2013,93,Hà Nội,CN Thanh Xuân,2018-03-25,Lý Thị Việt,21,Thông tư 133/2016/TT-BTC,Có,Đủ,Đang hoạt động,0349400642,lienhe.dn00070@doanhnghiep.vn,2025,BCTC đã kiểm toán,triệu đồng,196.0,739.0,318.0,147.0,1400.0,1611.0,607.0,2218.0,3618.0,177.0,864.0,150.0,1191.0,592.0,89.0,681.0,1872.0,1746.0,3618.0,5488.0,4461.0,1027.0,1096.0,109.0,-178.0,0.0,-178.0,166.0,-0.032434402332361514,5.488,3.618,0.007342143906020615,Nhỏ
DN00407,Công ty TNHH Dệt may Kim Mỹ,9432863994,Công ty TNHH một thành viên,Ngoài nhà nước,Công nghiệp,"Chế biến, chế tạo",2015,3,Hải Phòng,CN Hải Phòng,2022-10-22,Lý Quốc Nam,7,Không lập BCTC (nộp thuế theo tỷ lệ % trên doanh thu),Không,Không đủ,Đã đóng,0979876990,lienhe.dn00407@doanhnghiep.vn,2025,Tờ khai thuế,triệu đồng,,,,,,,,,,,,,,,,,,,,1135.0,,,,,,,,,,1.135,,-0.2483443708609272,Siêu nhỏ
DN00480,Công ty TNHH Thương mại Hải Khang,9062293938,Công ty TNHH một thành viên,Ngoài nhà nước,Thương mại và dịch vụ,"Bán buôn, bán lẻ",2006,20,TP Hồ Chí Minh,CN TP Hồ Chí Minh,2015-08-12,Lý Hữu Nga,6,Thông tư 133/2016/TT-BTC,Không,Đủ,Đang hoạt động,0939674126,lienhe.dn00480@doanhnghiep.vn,2025,BCTC chưa kiểm toán,triệu đồng,356.0,643.0,904.0,269.0,2172.0,647.0,123.0,770.0,2942.0,199.0,1043.0,146.0,1388.0,519.0,330.0,849.0,2237.0,705.0,2942.0,3962.0,3450.0,512.0,362.0,150.0,0.0,0.0,0.0,48.0,0.0,3.962,2.942,0.0848849945235488,Nhỏ
DN00232,Công ty Cổ phần Vận tải Vạn Lâm,9135111966,Công ty cổ phần,Ngoài nhà nước,Thương mại và dịch vụ,Dịch vụ khác,2019,122,Hà Nội,CN Thanh Xuân,2020-03-14,Dương Quốc Dũng,10,Thông tư 200/2014/TT-BTC,Có,Đủ,Đang hoạt động,0302668643,lienhe.dn00232@doanhnghiep.vn,2025,BCTC đã kiểm toán,triệu đồng,40593.0,109758.0,43117.0,60116.0,253584.0,221419.0,18272.0,239691.0,493275.0,14328.0,135978.0,9246.0,159552.0,51762.0,30628.0,82390.0,241942.0,251333.0,493275.0,513553.0,368722.0,144831.0,5136.0,17192.0,122503.0,24501.0,98002.0,20278.0,0.23854013120359535,513.553,493.275,0.2938288089689487,Lớn
DN00488,Công ty TNHH Thương mại Tổng hợp Linh Bảo,9838777148,Công ty TNHH hai thành viên trở lên,Ngoài nhà nước,Thương mại và dịch vụ,"Bán buôn, bán lẻ",2017,18,Hải Phòng,CN Hải Phòng,2023-10-07,Đặng Thu An,12,Thông tư 133/2016/TT-BTC,Không,Đủ,Đang hoạt động,0367479961,lienhe.dn00488@doanhnghiep.vn,2025,BCTC chưa kiểm toán,triệu đồng,312.0,662.0,1031.0,405.0,2410.0,660.0,132.0,792.0,3202.0,236.0,1360.0,118.0,1714.0,0.0,0.0,0.0,1714.0,1488.0,3202.0,4531.0,4173.0,358.0,84.0,102.0,172.0,34.0,138.0,52.0,0.037960715073935114,4.531,3.202,0.12403870007442319,Nhỏ
DN00413,Công ty TNHH Thương mại Dịch vụ Thuận Hưng,9881393942,Công ty TNHH hai thành viên trở lên,Ngoài nhà nước,Thương mại và dịch vụ,"Bán buôn, bán lẻ",2015,81,Hà Nội,CN Thanh Xuân,2021-12-16,Ngô Thị Quân,11,Thông tư 133/2016/TT-BTC,Có,Đủ,Đang hoạt động,0985871169,lienhe.dn00413@doanhnghiep.vn,2025,BCTC đã kiểm toán,triệu đồng,7690.0,24063.0,24230.0,14395.0,70378.0,15933.0,1560.0,17493.0,87871.0,9333.0,32786.0,4624.0,46743.0,12031.0,3453.0,15484.0,62227.0,25644.0,87871.0,154558.0,139659.0,14899.0,7307.0,4899.0,2693.0,539.0,2154.0,1697.0,0.01742387970858836,154.558,87.871,0.037991685750935256,Vừa
DN00498,Công ty TNHH Sản xuất Khánh Phát,9518694111,Công ty TNHH một thành viên,Ngoài nhà nước,Công nghiệp,"Chế biến, chế tạo",2019,10,Hà Nội,CN Thanh Xuân,2019-09-13,Nguyễn Ngọc Trang,3,Thông tư 132/2018/TT-BTC,Không,Đủ,Đang hoạt động,0247644817,lienhe.dn00498@doanhnghiep.vn,2025,BCTC chưa kiểm toán,triệu đồng,113.0,211.0,348.0,134.0,806.0,574.0,111.0,685.0,1491.0,123.0,0.0,479.0,602.0,0.0,128.0,128.0,730.0,761.0,1491.0,1553.0,1304.0,249.0,249.0,0.0,0.0,0.0,0.0,35.0,0.0,1.553,1.491,-0.023884349465744803,Siêu nhỏ
DN00318,Công ty TNHH Kỹ thuật Xây dựng Toàn Khánh,9710605458,Công ty TNHH một thành viên,Ngoài nhà nước,Xây dựng,Xây dựng,2020,3,Bình Dương,CN Bình Dương,2020-10-27,Đặng Văn Phong,8,Thông tư 132/2018/TT-BTC,Không,Đủ,Đang hoạt động,0937901034,lienhe.dn00318@doanhnghiep.vn,2025,BCTC chưa kiểm toán,triệu đồng,318.0,1149.0,858.0,432.0,2757.0,417.0,108.0,525.0,3282.0,107.0,1610.0,273.0,1990.0,0.0,0.0,0.0,1990.0,1292.0,3282.0,614.0,459.0,155.0,6.0,149.0,0.0,0.0,0.0,33.0,0.0,0.614,3.282,0.07530647985989503,Siêu nhỏ
DN00015,Công ty Cổ phần Logistics Hưng Hải,9662232079,Công ty cổ phần,Ngoài nhà nước,Thương mại và dịch vụ,Dịch vụ khác,2021,60,Hải Phòng,CN Hải Phòng,2026-06-26,Đặng Minh Dũng,7,Thông tư 133/2016/TT-BTC,Không,Đủ,Đang hoạt động,0949502326,lienhe.dn00015@doanhnghiep.vn,2025,BCTC chưa kiểm toán,triệu đồng,2688.0,18083.0,1474.0,3842.0,26087.0,12343.0,2950.0,15293.0,41380.0,1684.0,10707.0,1845.0,14236.0,0.0,0.0,0.0,14236.0,27144.0,41380.0,40885.0,28789.0,12096.0,10237.0,1044.0,815.0,163.0,652.0,1224.0,0.0199339611104317,40.885,41.38,0.032214900653891876,Vừa
DN00390,Công ty TNHH Đầu tư Xây dựng Kim Vinh,9871039827,Công ty TNHH một thành viên,Ngoài nhà nước,Xây dựng,Xây dựng,2019,4,Hà Nội,CN Cầu Giấy,2019-10-30,Dương Hoài Tuấn,17,Thông tư 132/2018/TT-BTC,Không,Đủ,Đang hoạt động,0985386346,lienhe.dn00390@doanhnghiep.vn,2025,BCTC chưa kiểm toán,triệu đồng,261.0,498.0,710.0,422.0,1891.0,769.0,243.0,1012.0,2903.0,254.0,997.0,205.0,1456.0,0.0,0.0,0.0,1456.0,1447.0,2903.0,2156.0,1809.0,347.0,212.0,108.0,27.0,5.0,22.0,81.0,0.012523191094619666,2.156,2.903,0.2098765432098766,Siêu nhỏ
DN00107,Công ty Cổ phần Thủy sản Tâm An,9054048683,Công ty cổ phần,Ngoài nhà nước,"Nông, lâm nghiệp và thủy sản","Nông, lâm nghiệp và thủy sản",2020,17,Hà Nội,CN Cầu Giấy,2024-02-26,Ngô Đức Sơn,9,Thông tư 133/2016/TT-BTC,Có,Đủ,Đang hoạt động,0927243430,lienhe.dn00107@doanhnghiep.vn,2025,BCTC đã kiểm toán,triệu đồng,555.0,769.0,1645.0,443.0,3412.0,4996.0,646.0,5642.0,9054.0,88.0,3426.0,265.0,3779.0,1303.0,268.0,1571.0,5350.0,3704.0,9054.0,2245.0,1769.0,476.0,22.0,414.0,40.0,8.0,32.0,415.0,0.017817371937639197,2.245,9.054,-0.11544523246650906,Nhỏ
DN00233,Công ty TNHH Thương mại Tổng hợp Mỹ Lâm,9371012518,Công ty TNHH một thành viên,Ngoài nhà nước,Thương mại và dịch vụ,"Bán buôn, bán lẻ",2023,2,Hà Nội,CN Cầu Giấy,2025-11-12,Bùi Ngọc Nga,8,Thông tư 132/2018/TT-BTC,Không,Đủ,Ngừng giao dịch,0250196846,lienhe.dn00233@doanhnghiep.vn,2025,BCTC chưa kiểm toán,triệu đồng,100.0,412.0,485.0,251.0,1248.0,218.0,28.0,246.0,1494.0,119.0,599.0,39.0,757.0,0.0,0.0,0.0,757.0,737.0,1494.0,2101.0,1915.0,186.0,129.0,57.0,0.0,0.0,0.0,13.0,0.0,2.101,1.494,0.24762470308788598,Siêu nhỏ
DN00174,Công ty TNHH Thương mại Tổng hợp Gia Tân,9801097113,Công ty TNHH một thành viên,Ngoài nhà nước,Thương mại và dịch vụ,"Bán buôn, bán lẻ",2001,43,Bình Dương,CN Bình Dương,2015-08-02,Đặng Thu Dũng,1,Thông tư 133/2016/TT-BTC,Có,Đủ,Đang hoạt động,0303083944,lienhe.dn00174@doanhnghiep.vn,2025,BCTC đã kiểm toán,triệu đồng,521.0,1291.0,956.0,726.0,3494.0,501.0,70.0,571.0,4065.0,448.0,327.0,113.0,888.0,0.0,0.0,0.0,888.0,3177.0,4065.0,6752.0,5918.0,834.0,971.0,30.0,-167.0,0.0,-167.0,59.0,-0.02473341232227488,6.752,4.065,-0.060525949631278664,Nhỏ
DN00213,Công ty TNHH Dệt may Tâm Tiến,9495215486,Công ty TNHH một thành viên,Ngoài nhà nước,Công nghiệp,"Chế biến, chế tạo",2023,5,Hải Phòng,CN Hải Phòng,2026-02-09,Lê Văn Long,5,Thông tư 132/2018/TT-BTC,Không,Đủ,Đã đóng,0257869412,lienhe.dn00213@doanhnghiep.vn,2025,BCTC chưa kiểm toán,triệu đồng,42.0,242.0,153.0,105.0,542.0,184.0,44.0,228.0,770.0,39.0,21.0,5.0,65.0,0.0,0.0,0.0,65.0,705.0,770.0,660.0,563.0,97.0,113.0,2.0,-18.0,0.0,-18.0,21.0,-0.02727272727272727,0.66,0.77,-0.3445878848063555,Siêu nhỏ
DN00066,Công ty Cổ phần Vận tải Trường Lâm,9067383416,Công ty cổ phần,Ngoài nhà nước,Thương mại và dịch vụ,Dịch vụ khác,1994,206,Bình Dương,CN Bình Dương,2015-02-14,Ngô Minh Phong,15,Thông tư 200/2014/TT-BTC,Có,Đủ,Đã đóng,0212249491,lienhe.dn00066@doanhnghiep.vn,2025,BCTC đã kiểm toán,triệu đồng,91463.0,298216.0,92342.0,81672.0,563693.0,401221.0,114548.0,515769.0,1079462.0,58596.0,258226.0,43396.0,360218.0,286611.0,4245.0,290856.0,651074.0,428388.0,1079462.0,1806423.0,1425544.0,380879.0,237419.0,55616.0,87844.0,17569.0,70275.0,40158.0,0.04862869881528302,1806.423,1079.462,-0.12004397775586795,Lớn
DN00165,Công ty TNHH Phân phối Trung Trường,9459498532,Công ty TNHH hai thành viên trở lên,Ngoài nhà nước,Thương mại và dịch vụ,"Bán buôn, bán lẻ",2023,8,TP Hồ Chí Minh,CN Quận 1,2024-09-07,Hoàng Ngọc Yến,17,Không lập BCTC (nộp thuế theo tỷ lệ % trên doanh thu),Không,Không đủ,Đang hoạt động,0349770470,lienhe.dn00165@doanhnghiep.vn,2025,Tờ khai thuế,triệu đồng,,,,,,,,,,,,,,,,,,,,2004.0,,,,,,,,,,2.004,,0.09209809264305169,Siêu nhỏ
DN00209,Công ty TNHH Thương mại Long Lâm,9630263595,Công ty TNHH hai thành viên trở lên,Ngoài nhà nước,Thương mại và dịch vụ,"Bán buôn, bán lẻ",2022,12,Bình Dương,CN Bình Dương,2026-04-02,Dương Thanh Long,16,Thông tư 133/2016/TT-BTC,Không,Đủ,Ngừng giao dịch,0981954395,lienhe.dn00209@doanhnghiep.vn,2025,BCTC chưa kiểm toán,triệu đồng,346.0,882.0,1222.0,372.0,2822.0,467.0,85.0,552.0,3374.0,364.0,0.0,539.0,903.0,0.0,0.0,0.0,903.0,2471.0,3374.0,9027.0,8273.0,754.0,681.0,0.0,73.0,15.0,58.0,44.0,0.008086850559432812,9.027,3.374,0.023237361142598,Nhỏ
DN00330,Doanh nghiệp tư nhân Phân phối Tân Thuận,9546751948,Doanh nghiệp tư nhân,Ngoài nhà nước,Thương mại và dịch vụ,"Bán buôn, bán lẻ",2020,8,Hà Nội,CN Cầu Giấy,2024-08-03,Đỗ Quốc Nam,16,Thông tư 132/2018/TT-BTC,Không,Đủ,Đang hoạt động,0950514017,lienhe.dn00330@doanhnghiep.vn,2025,BCTC chưa kiểm toán,triệu đồng,134.0,134.0,617.0,134.0,1019.0,215.0,45.0,260.0,1279.0,92.0,86.0,26.0,204.0,0.0,0.0,0.0,204.0,1075.0,1279.0,2515.0,2384.0,131.0,71.0,9.0,51.0,10.0,41.0,16.0,0.020278330019880716,2.515,1.279,-0.049508692365835216,Siêu nhỏ
DN00472,Công ty TNHH Công nghệ Tân Phúc,9701921080,Công ty TNHH một thành viên,Ngoài nhà nước,Thương mại và dịch vụ,Dịch vụ khác,2021,7,Hà Nội,CN Cầu Giấy,2025-06-19,Phạm Minh An,7,Không lập BCTC (nộp thuế theo tỷ lệ % trên doanh thu),Không,Không đủ,Đang hoạt động,0906677015,lienhe.dn00472@doanhnghiep.vn,2025,Tờ khai thuế,triệu đồng,,,,,,,,,,,,,,,,,,,,2599.0,,,,,,,,,,2.599,,-0.10717966334592921,Siêu nhỏ
DN00408,Doanh nghiệp tư nhân Đầu tư Xây dựng Tiến Bình,9648755757,Doanh nghiệp tư nhân,Ngoài nhà nước,Xây dựng,Xây dựng,2016,19,TP Hồ Chí Minh,CN Quận 1,2019-01-14,Đặng Đức Việt,3,Thông tư 133/2016/TT-BTC,Không,Đủ,Đang hoạt động,0263582061,lienhe.dn00408@doanhnghiep.vn,2025,BCTC chưa kiểm toán,triệu đồng,2120.0,5246.0,4138.0,2926.0,14430.0,2673.0,1033.0,3706.0,18136.0,2438.0,11878.0,1185.0,15501.0,0.0,0.0,0.0,15501.0,2635.0,18136.0,11731.0,10565.0,1166.0,117.0,1237.0,-188.0,0.0,-188.0,195.0,-0.01602591424430995,11.731,18.136,0.09156043547036385,Nhỏ
DN00464,Công ty Cổ phần Phân phối Sơn Nam,9571708375,Công ty cổ phần,Ngoài nhà nước,Thương mại và dịch vụ,"Bán buôn, bán lẻ",2017,33,Hà Nội,CN Thanh Xuân,2024-05-28,Phạm Văn Trang,2,Thông tư 133/2016/TT-BTC,Có,Đủ,Đang hoạt động,0324705699,lienhe.dn00464@doanhnghiep.vn,2025,BCTC đã kiểm toán,triệu đồng,11132.0,25146.0,28273.0,12841.0,77392.0,19244.0,8055.0,27299.0,104691.0,5682.0,47686.0,8574.0,61942.0,0.0,0.0,0.0,61942.0,42749.0,104691.0,172698.0,155187.0,17511.0,4602.0,4136.0,8773.0,1755.0,7018.0,2173.0,0.050799661837427186,172.698,104.691,0.010242940794515265,Vừa
DN00050,Công ty TNHH Thương mại Tổng hợp Vạn Phúc,9208832133,Công ty TNHH một thành viên,Ngoài nhà nước,Thương mại và dịch vụ,"Bán buôn, bán lẻ",2023,4,TP Hồ Chí Minh,CN TP Hồ Chí Minh,2023-08-25,Bùi Ngọc Dũng,19,Không lập BCTC (nộp thuế theo tỷ lệ % trên doanh thu),Không,Không đủ,Đang hoạt động,0374975198,lienhe.dn00050@doanhnghiep.vn,2025,Tờ khai thuế,triệu đồng,,,,,,,,,,,,,,,,,,,,2045.0,,,,,,,,,,2.045,,0.23490338164251212,Siêu nhỏ
DN00437,Công ty Cổ phần Xây dựng Linh Đông,9014621866,Công ty cổ phần,Ngoài nhà nước,Xây dựng,Xây dựng,2023,5,Cần Thơ,CN Cần Thơ,2025-10-03,Bùi Đức Nga,1,Không lập BCTC (nộp thuế theo tỷ lệ % trên doanh thu),Không,Không đủ,Đang hoạt động,0218974648,lienhe.dn00437@doanhnghiep.vn,2025,Tờ khai thuế,triệu đồng,,,,,,,,,,,,,,,,,,,,674.0,,,,,,,,,,0.674,,0.015060240963855387,Siêu nhỏ
DN00176,Công ty TNHH Phân phối Đạt Kim,9149479268,Công ty TNHH một thành viên,Ngoài nhà nước,Thương mại và dịch vụ,"Bán buôn, bán lẻ",2019,4,TP Hồ Chí Minh,CN Quận 1,2019-08-09,Trần Minh Nga,13,Không lập BCTC (nộp thuế theo tỷ lệ % trên doanh thu),Không,Không đủ,Đang hoạt động,0254613212,lienhe.dn00176@doanhnghiep.vn,2025,Tờ khai thuế,triệu đồng,,,,,,,,,,,,,,,,,,,,3235.0,,,,,,,,,,3.235,,0.04591011962495961,Siêu nhỏ
DN00054,Doanh nghiệp tư nhân Vận tải Ngọc Trung,9019089520,Doanh nghiệp tư nhân,Ngoài nhà nước,Thương mại và dịch vụ,Dịch vụ khác,2021,3,TP Hồ Chí Minh,CN TP Hồ Chí Minh,2021-03-21,Đỗ Hữu Cường,1,Không lập BCTC (nộp thuế theo tỷ lệ % trên doanh thu),Không,Không đủ,Đang hoạt động,0318226406,lienhe.dn00054@doanhnghiep.vn,2025,Tờ khai thuế,triệu đồng,,,,,,,,,,,,,,,,,,,,2294.0,,,,,,,,,,2.294,,-0.12208189820130122,Siêu nhỏ
DN00292,Doanh nghiệp tư nhân Kỹ thuật Xây dựng Thái Gia,9534382366,Doanh nghiệp tư nhân,Ngoài nhà nước,Xây dựng,Xây dựng,2020,8,Đà Nẵng,CN Đà Nẵng,2024-09-06,Bùi Thị An,13,Không lập BCTC (nộp thuế theo tỷ lệ % trên doanh thu),Không,Không đủ,Đang hoạt động,0353135162,lienhe.dn00292@doanhnghiep.vn,2025,Tờ khai thuế,triệu đồng,,,,,,,,,,,,,,,,,,,,365.0,,,,,,,,,,0.365,,0.35185185185185186,Siêu nhỏ
DN00139,Công ty TNHH Tư vấn Phúc Toàn,9274950094,Công ty TNHH một thành viên,Ngoài nhà nước,Thương mại và dịch vụ,Dịch vụ khác,2024,2,Hà Nội,CN Cầu Giấy,2024-07-22,Lê Đức Long,8,Thông tư 132/2018/TT-BTC,Không,Đủ,Đang hoạt động,0346102291,lienhe.dn00139@doanhnghiep.vn,2025,BCTC chưa kiểm toán,triệu đồng,21.0,320.0,70.0,90.0,501.0,511.0,28.0,539.0,1040.0,27.0,0.0,304.0,331.0,0.0,101.0,101.0,432.0,608.0,1040.0,625.0,491.0,134.0,111.0,0.0,23.0,5.0,18.0,32.0,0.0368,0.625,1.04,0.01791530944625408,Siêu nhỏ
DN00347,Công ty Cổ phần Tư vấn Toàn Tuấn,9129896443,Công ty cổ phần,Ngoài nhà nước,Thương mại và dịch vụ,Dịch vụ khác,2021,2,Hà Nội,CN Hoàn Kiếm,2023-06-07,Phạm Thị An,9,Thông tư 132/2018/TT-BTC,Không,Đủ,Đang hoạt động,0369517406,lienhe.dn00347@doanhnghiep.vn,2025,BCTC chưa kiểm toán,triệu đồng,175.0,573.0,247.0,141.0,1136.0,1201.0,146.0,1347.0,2483.0,81.0,0.0,475.0,556.0,0.0,500.0,500.0,1056.0,1427.0,2483.0,1132.0,903.0,229.0,273.0,0.0,-44.0,0.0,-44.0,128.0,-0.038869257950530034,1.132,2.483,0.04911955514365163,Siêu nhỏ
DN00172,Công ty Cổ phần Dịch vụ Thịnh Toàn,9804935127,Công ty cổ phần,Ngoài nhà nước,Thương mại và dịch vụ,Dịch vụ khác,2017,5,Hải Phòng,CN Hải Phòng,2025-07-17,Đỗ Ngọc Cường,1,Thông tư 132/2018/TT-BTC,Không,Đủ,Ngừng giao dịch,0972970130,lienhe.dn00172@doanhnghiep.vn,2025,BCTC chưa kiểm toán,triệu đồng,190.0,828.0,434.0,165.0,1617.0,1172.0,159.0,1331.0,2948.0,200.0,567.0,93.0,860.0,777.0,353.0,1130.0,1990.0,958.0,2948.0,1756.0,1349.0,407.0,556.0,138.0,-287.0,0.0,-287.0,127.0,-0.16343963553530752,1.756,2.948,0.3870458135860979,Siêu nhỏ
DN00122,Công ty TNHH Công nghệ Việt Linh,9485419782,Công ty TNHH một thành viên,Ngoài nhà nước,Thương mại và dịch vụ,Dịch vụ khác,2022,41,TP Hồ Chí Minh,CN TP Hồ Chí Minh,2025-02-06,Phạm Hoài Nga,14,Thông tư 133/2016/TT-BTC,Không,Đủ,Đang hoạt động,0274311368,lienhe.dn00122@doanhnghiep.vn,2025,BCTC chưa kiểm toán,triệu đồng,193.0,1644.0,184.0,664.0,2685.0,2413.0,718.0,3131.0,5816.0,290.0,1790.0,345.0,2425.0,442.0,280.0,722.0,3147.0,2669.0,5816.0,2802.0,2050.0,752.0,461.0,224.0,67.0,13.0,54.0,205.0,0.023911491791577446,2.802,5.816,-0.02843273231622745,Nhỏ
DN00244,Công ty TNHH Thực phẩm Hòa Vinh,9046646228,Công ty TNHH một thành viên,Ngoài nhà nước,Công nghiệp,"Chế biến, chế tạo",2022,2,Hà Nội,CN Hoàn Kiếm,2022-06-22,Nguyễn Quốc Thảo,4,Không lập BCTC (nộp thuế theo tỷ lệ % trên doanh thu),Không,Không đủ,Đang hoạt động,0980027332,lienhe.dn00244@doanhnghiep.vn,2025,Tờ khai thuế,triệu đồng,,,,,,,,,,,,,,,,,,,,1144.0,,,,,,,,,,1.144,,-0.12067640276710223,Siêu nhỏ
DN00375,Công ty TNHH Cơ khí Bảo Toàn,9511386894,Công ty TNHH một thành viên,Ngoài nhà nước,Công nghiệp,"Chế biến, chế tạo",2022,8,Bình Dương,CN Bình Dương,2026-05-09,Ngô Hữu Nga,15,Không lập BCTC (nộp thuế theo tỷ lệ % trên doanh thu),Không,Không đủ,Đang hoạt động,0919566463,lienhe.dn00375@doanhnghiep.vn,2025,Tờ khai thuế,triệu đồng,,,,,,,,,,,,,,,,,,,,2443.0,,,,,,,,,,2.443,,0.13364269141531326,Siêu nhỏ
DN00460,Doanh nghiệp tư nhân Thương mại Bình Hưng,9396281463,Doanh nghiệp tư nhân,Ngoài nhà nước,Thương mại và dịch vụ,"Bán buôn, bán lẻ",2022,6,Bình Dương,CN Bình Dương,2026-06-26,Đỗ Văn Nam,9,Thông tư 132/2018/TT-BTC,Không,Đủ,Đang hoạt động,0320909568,lienhe.dn00460@doanhnghiep.vn,2025,BCTC chưa kiểm toán,triệu đồng,95.0,222.0,308.0,188.0,813.0,161.0,33.0,194.0,1007.0,78.0,391.0,26.0,495.0,112.0,2.0,114.0,609.0,398.0,1007.0,1202.0,1102.0,100.0,102.0,42.0,-44.0,0.0,-44.0,17.0,-0.036605657237936774,1.202,1.007,-0.05946791862284817,Siêu nhỏ
DN00478,Doanh nghiệp tư nhân Thương mại Dịch vụ Minh Quang,9458718253,Doanh nghiệp tư nhân,Ngoài nhà nước,Thương mại và dịch vụ,"Bán buôn, bán lẻ",2020,10,Bình Dương,CN Bình Dương,2024-04-15,Dương Quốc Nga,16,Thông tư 132/2018/TT-BTC,Không,Đủ,Đang hoạt động,0309123086,lienhe.dn00478@doanhnghiep.vn,2025,BCTC chưa kiểm toán,triệu đồng,66.0,218.0,361.0,185.0,830.0,263.0,87.0,350.0,1180.0,94.0,0.0,660.0,754.0,0.0,63.0,63.0,817.0,363.0,1180.0,1464.0,1338.0,126.0,115.0,0.0,11.0,2.0,9.0,29.0,0.007513661202185792,1.464,1.18,-0.06988564167725542,Siêu nhỏ
DN00484,Công ty TNHH Xây dựng và Thương mại Long Hòa,9143141170,Công ty TNHH một thành viên,Ngoài nhà nước,Xây dựng,Xây dựng,2018,9,TP Hồ Chí Minh,CN Quận 1,2024-06-11,Trần Văn Bình,9,Không lập BCTC (nộp thuế theo tỷ lệ % trên doanh thu),Không,Không đủ,Đang hoạt động,0933801291,lienhe.dn00484@doanhnghiep.vn,2025,Tờ khai thuế,triệu đồng,,,,,,,,,,,,,,,,,,,,1136.0,,,,,,,,,,1.136,,0.1061343719571568,Siêu nhỏ
DN00334,Công ty Cổ phần Thực phẩm Quang Châu,9806104164,Công ty cổ phần,Ngoài nhà nước,Công nghiệp,"Chế biến, chế tạo",2020,30,Bình Dương,CN Bình Dương,2023-03-26,Đặng Thu Bình,15,Thông tư 133/2016/TT-BTC,Không,Đủ,Đang hoạt động,0924127833,lienhe.dn00334@doanhnghiep.vn,2025,BCTC chưa kiểm toán,triệu đồng,177.0,969.0,805.0,510.0,2461.0,2988.0,159.0,3147.0,5608.0,607.0,1009.0,213.0,1829.0,1748.0,391.0,2139.0,3968.0,1640.0,5608.0,6632.0,5313.0,1319.0,1131.0,300.0,-112.0,0.0,-112.0,197.0,-0.016887816646562123,6.632,5.608,0.28080339899575124,Nhỏ
DN00471,Công ty Cổ phần Thương mại Vinh Bình,9717286782,Công ty cổ phần,Ngoài nhà nước,Thương mại và dịch vụ,"Bán buôn, bán lẻ",2025,8,Hải Phòng,CN Hải Phòng,2025-04-04,Lê Minh Lan,2,Thông tư 133/2016/TT-BTC,Không,Không đủ,Đang hoạt động,0264927100,lienhe.dn00471@doanhnghiep.vn,2025,BCTC chưa kiểm toán,triệu đồng,4007.0,10676.0,13052.0,2779.0,30514.0,6916.0,1635.0,8551.0,39065.0,3600.0,18585.0,2335.0,24520.0,0.0,0.0,0.0,24520.0,14545.0,39065.0,71602.0,64951.0,6651.0,6485.0,1453.0,-1287.0,0.0,-1287.0,676.0,-0.017974358258149213,71.602,39.065,,Nhỏ
DN00251,Công ty TNHH Dịch vụ Nam Tiến,9610117436,Công ty TNHH một thành viên,Ngoài nhà nước,Thương mại và dịch vụ,Dịch vụ khác,2015,51,Đà Nẵng,CN Đà Nẵng,2016-05-18,Đặng Đức Nam,6,Thông tư 133/2016/TT-BTC,Không,Đủ,Đang hoạt động,0308441914,lienhe.dn00251@doanhnghiep.vn,2025,BCTC chưa kiểm toán,triệu đồng,2926.0,17311.0,4865.0,5225.0,30327.0,11037.0,4066.0,15103.0,45430.0,2909.0,13942.0,2015.0,18866.0,6565.0,609.0,7174.0,26040.0,19390.0,45430.0,27368.0,20354.0,7014.0,3764.0,1635.0,1615.0,323.0,1292.0,1251.0,0.05901052323881906,27.368,45.43,0.18011297486093736,Vừa
DN00319,Công ty TNHH Xây dựng và Thương mại Yên Khang,9687948212,Công ty TNHH hai thành viên trở lên,Ngoài nhà nước,Xây dựng,Xây dựng,2019,7,Hà Nội,CN Hoàn Kiếm,2024-03-01,Phạm Thị Hà,8,Không lập BCTC (nộp thuế theo tỷ lệ % trên doanh thu),Không,Không đủ,Ngừng giao dịch,0334534339,lienhe.dn00319@doanhnghiep.vn,2025,Tờ khai thuế,triệu đồng,,,,,,,,,,,,,,,,,,,,978.0,,,,,,,,,,0.978,,-0.2074554294975689,Siêu nhỏ
DN00438,Công ty Cổ phần Phân phối Hưng Thành,9414957298,Công ty cổ phần,Ngoài nhà nước,Thương mại và dịch vụ,"Bán buôn, bán lẻ",2022,4,Hà Nội,CN Hoàn Kiếm,2024-12-25,Bùi Minh Cường,8,Không lập BCTC (nộp thuế theo tỷ lệ % trên doanh thu),Không,Không đủ,Đang hoạt động,0367671263,lienhe.dn00438@doanhnghiep.vn,2025,Tờ khai thuế,triệu đồng,,,,,,,,,,,,,,,,,,,,1510.0,,,,,,,,,,1.51,,0.4862204724409449,Siêu nhỏ
DN00228,Công ty TNHH Sản xuất Nam Toàn,9250076636,Công ty TNHH hai thành viên trở lên,Ngoài nhà nước,Công nghiệp,"Chế biến, chế tạo",2021,5,Hà Nội,CN Thanh Xuân,2026-03-10,Vũ Minh Bình,12,Thông tư 132/2018/TT-BTC,Không,Đủ,Đang hoạt động,0206861548,lienhe.dn00228@doanhnghiep.vn,2025,BCTC chưa kiểm toán,triệu đồng,70.0,114.0,287.0,64.0,535.0,204.0,32.0,236.0,771.0,39.0,0.0,212.0,251.0,0.0,19.0,19.0,270.0,501.0,771.0,711.0,604.0,107.0,73.0,0.0,34.0,7.0,27.0,13.0,0.04781997187060478,0.711,0.771,-0.16939252336448596,Siêu nhỏ
DN00170,Công ty Cổ phần Nhựa Bình Nam,9488858127,Công ty cổ phần,Ngoài nhà nước,Công nghiệp,"Chế biến, chế tạo",1996,11,Hà Nội,CN Thanh Xuân,2025-01-26,Đỗ Thu Việt,10,Thông tư 133/2016/TT-BTC,Không,Đủ,Đang hoạt động,0982384997,lienhe.dn00170@doanhnghiep.vn,2025,BCTC chưa kiểm toán,triệu đồng,1839.0,3902.0,4906.0,3095.0,13742.0,6885.0,1844.0,8729.0,22471.0,1156.0,4396.0,316.0,5868.0,7143.0,1943.0,9086.0,14954.0,7517.0,22471.0,25807.0,22723.0,3084.0,2498.0,1137.0,-551.0,0.0,-551.0,480.0,-0.02135079629557872,25.807,22.471,0.013589411256431427,Nhỏ
DN00110,Công ty Cổ phần Cơ khí An Hưng,9653476013,Công ty cổ phần,Ngoài nhà nước,Công nghiệp,"Chế biến, chế tạo",1992,769,Hà Nội,CN Cầu Giấy,2021-09-12,Ngô Minh Long,9,Thông tư 200/2014/TT-BTC,Có,Đủ,Đang hoạt động,0229069563,lienhe.dn00110@doanhnghiep.vn,2025,BCTC đã kiểm toán,triệu đồng,49415.0,174848.0,302769.0,61399.0,588431.0,353651.0,57161.0,410812.0,999243.0,180294.0,264019.0,65227.0,509540.0,135389.0,61077.0,196466.0,706006.0,293237.0,999243.0,1370553.0,1110703.0,259850.0,271689.0,42841.0,-54680.0,0.0,-54680.0,33678.0,-0.039896304630320754,1370.553,999.243,0.03842438358011857,Lớn
DN00058,Công ty TNHH Kỹ thuật Xây dựng Khang Nhật,9219092697,Công ty TNHH một thành viên,Ngoài nhà nước,Xây dựng,Xây dựng,2017,17,Cần Thơ,CN Cần Thơ,2026-06-21,Ngô Đức Cường,6,Thông tư 133/2016/TT-BTC,Không,Đủ,Đang hoạt động,0237848220,lienhe.dn00058@doanhnghiep.vn,2025,BCTC chưa kiểm toán,triệu đồng,1328.0,6018.0,1454.0,2066.0,10866.0,3407.0,999.0,4406.0,15272.0,1651.0,7582.0,1235.0,10468.0,0.0,0.0,0.0,10468.0,4804.0,15272.0,7390.0,6275.0,1115.0,74.0,826.0,215.0,43.0,172.0,218.0,0.029093369418132613,7.39,15.272,0.2142622412093329,Nhỏ
DN00403,Công ty TNHH Thương mại Dịch vụ Lâm Hưng,9144796303,Công ty TNHH hai thành viên trở lên,Ngoài nhà nước,Thương mại và dịch vụ,"Bán buôn, bán lẻ",2023,4,TP Hồ Chí Minh,CN TP Hồ Chí Minh,2026-02-27,Lê Thị Lan,3,Thông tư 132/2018/TT-BTC,Không,Đủ,Đang hoạt động,0976879802,lienhe.dn00403@doanhnghiep.vn,2025,BCTC chưa kiểm toán,triệu đồng,134.0,185.0,310.0,116.0,745.0,193.0,22.0,215.0,960.0,66.0,323.0,49.0,438.0,0.0,0.0,0.0,438.0,522.0,960.0,901.0,823.0,78.0,77.0,31.0,-30.0,0.0,-30.0,14.0,-0.033296337402885685,0.901,0.96,-0.1933751119068935,Siêu nhỏ
DN00258,Công ty Cổ phần Đầu tư Xây dựng Thái Linh,9682788464,Công ty cổ phần,Có vốn đầu tư nước ngoài,Xây dựng,Xây dựng,2020,173,Hải Phòng,CN Hải Phòng,2022-03-27,Trần Thu Bình,1,Thông tư 133/2016/TT-BTC,Có,Đủ,Đang hoạt động,0300517493,lienhe.dn00258@doanhnghiep.vn,2025,BCTC đã kiểm toán,triệu đồng,10170.0,55850.0,7387.0,11913.0,85320.0,13013.0,5040.0,18053.0,103373.0,21721.0,42272.0,5315.0,69308.0,5935.0,562.0,6497.0,75805.0,27568.0,103373.0,85961.0,74441.0,11520.0,4716.0,5130.0,1674.0,335.0,1339.0,1080.0,0.019473947487814242,85.961,103.373,-0.07899586431525485,Vừa
DN00384,Doanh nghiệp tư nhân Công nghệ Phát Nhật,9296038080,Doanh nghiệp tư nhân,Ngoài nhà nước,Thương mại và dịch vụ,Dịch vụ khác,2025,3,TP Hồ Chí Minh,CN TP Hồ Chí Minh,2026-08-16,Ngô Ngọc Sơn,17,Không lập BCTC (nộp thuế theo tỷ lệ % trên doanh thu),Không,Không đủ,Đang hoạt động,0252777308,lienhe.dn00384@doanhnghiep.vn,2025,Tờ khai thuế,triệu đồng,,,,,,,,,,,,,,,,,,,,741.0,,,,,,,,,,0.741,,,Siêu nhỏ
DN00340,Công ty TNHH Dệt may Châu Tân,9234594118,Công ty TNHH một thành viên,Ngoài nhà nước,Công nghiệp,"Chế biến, chế tạo",2023,3,Hà Nội,CN Thanh Xuân,2024-12-18,Phạm Quốc Tuấn,20,Thông tư 132/2018/TT-BTC,Không,Đủ,Đã đóng,0378324515,lienhe.dn00340@doanhnghiep.vn,2025,BCTC chưa kiểm toán,triệu đồng,28.0,192.0,244.0,63.0,527.0,392.0,164.0,556.0,1083.0,57.0,257.0,37.0,351.0,174.0,37.0,211.0,562.0,521.0,1083.0,763.0,637.0,126.0,72.0,38.0,16.0,3.0,13.0,30.0,0.020969855832241154,0.763,1.083,0.12536873156342176,Siêu nhỏ
DN00349,Công ty TNHH Thương mại Tổng hợp Linh Đông,9127524442,Công ty TNHH một thành viên,Ngoài nhà nước,Thương mại và dịch vụ,"Bán buôn, bán lẻ",2024,75,TP Hồ Chí Minh,CN Quận 1,2025-02-16,Lý Ngọc Quân,1,Thông tư 133/2016/TT-BTC,Có,Đủ,Đang hoạt động,0945012237,lienhe.dn00349@doanhnghiep.vn,2025,BCTC đã kiểm toán,triệu đồng,7993.0,28555.0,16476.0,10894.0,63918.0,8953.0,1978.0,10931.0,74849.0,5094.0,42135.0,8305.0,55534.0,1978.0,3.0,1981.0,57515.0,17334.0,74849.0,85884.0,77948.0,7936.0,3296.0,4640.0,0.0,0.0,0.0,941.0,0.0,85.884,74.849,0.24280442804428048,Vừa
DN00079,Công ty Cổ phần Thương mại Dịch vụ Tuấn Châu,9994917258,Công ty cổ phần,Ngoài nhà nước,Thương mại và dịch vụ,"Bán buôn, bán lẻ",1998,13,TP Hồ Chí Minh,CN TP Hồ Chí Minh,2016-07-15,Dương Quốc Tuấn,12,Thông tư 133/2016/TT-BTC,Không,Đủ,Đã đóng,0239008387,lienhe.dn00079@doanhnghiep.vn,2025,BCTC chưa kiểm toán,triệu đồng,441.0,766.0,1703.0,945.0,3855.0,2463.0,345.0,2808.0,6663.0,401.0,1194.0,120.0,1715.0,1095.0,148.0,1243.0,2958.0,3705.0,6663.0,8230.0,6937.0,1293.0,830.0,211.0,252.0,50.0,202.0,285.0,0.030619684082624544,8.23,6.663,0.029135925972239685,Nhỏ
DN00358,Công ty TNHH Thương mại Tổng hợp Khánh Khang,9661856553,Công ty TNHH một thành viên,Ngoài nhà nước,Thương mại và dịch vụ,"Bán buôn, bán lẻ",2014,25,Hà Nội,CN Thanh Xuân,2016-11-29,Trần Minh Bình,1,Thông tư 133/2016/TT-BTC,Không,Đủ,Đang hoạt động,0254818776,lienhe.dn00358@doanhnghiep.vn,2025,BCTC chưa kiểm toán,triệu đồng,4387.0,5385.0,22332.0,3101.0,35205.0,6195.0,1339.0,7534.0,42739.0,2410.0,13693.0,2601.0,18704.0,0.0,0.0,0.0,18704.0,24035.0,42739.0,74138.0,66855.0,7283.0,5597.0,1021.0,665.0,133.0,532.0,394.0,0.008969759097898513,74.138,42.739,-0.019169963088890962,Nhỏ
DN00171,Công ty Cổ phần Vận tải Nam Khang,9192108033,Công ty cổ phần,Ngoài nhà nước,Thương mại và dịch vụ,Dịch vụ khác,2021,282,TP Hồ Chí Minh,CN TP Hồ Chí Minh,2025-01-21,Trần Quốc Tuấn,14,Thông tư 200/2014/TT-BTC,Có,Đủ,Đang hoạt động,0370525892,lienhe.dn00171@doanhnghiep.vn,2025,BCTC đã kiểm toán,triệu đồng,61357.0,319430.0,82467.0,50767.0,514021.0,383182.0,151380.0,534562.0,1048583.0,28635.0,231551.0,40881.0,301067.0,333258.0,164875.0,498133.0,799200.0,249383.0,1048583.0,429318.0,341991.0,87327.0,14105.0,51481.0,21741.0,4348.0,17393.0,26731.0,0.05064078375469931,429.318,1048.583,-0.048248433765922805,Lớn
DN00477,Công ty TNHH Dệt may Vạn Thái,9428046182,Công ty TNHH hai thành viên trở lên,Ngoài nhà nước,Công nghiệp,"Chế biến, chế tạo",2023,4,Hà Nội,CN Hoàn Kiếm,2024-06-04,Nguyễn Ngọc Quân,1,Thông tư 132/2018/TT-BTC,Không,Đủ,Đang hoạt động,0310083694,lienhe.dn00477@doanhnghiep.vn,2025,BCTC chưa kiểm toán,triệu đồng,82.0,307.0,1257.0,238.0,1884.0,716.0,259.0,975.0,2859.0,202.0,0.0,1393.0,1595.0,0.0,93.0,93.0,1688.0,1171.0,2859.0,4502.0,3681.0,821.0,821.0,0.0,0.0,0.0,0.0,54.0,0.0,4.502,2.859,0.06179245283018875,Siêu nhỏ
DN00090,Công ty Cổ phần Cơ khí Bảo Thành,9326595103,Công ty cổ phần,Ngoài nhà nước,Công nghiệp,"Chế biến, chế tạo",2020,8,TP Hồ Chí Minh,CN Quận 1,2025-06-24,Ngô Hữu Long,7,Thông tư 133/2016/TT-BTC,Không,Đủ,Đang hoạt động,0940588571,lienhe.dn00090@doanhnghiep.vn,2025,BCTC chưa kiểm toán,triệu đồng,256.0,2868.0,915.0,396.0,4435.0,2887.0,201.0,3088.0,7523.0,1596.0,1980.0,317.0,3893.0,1334.0,165.0,1499.0,5392.0,2131.0,7523.0,7671.0,6726.0,945.0,807.0,319.0,-181.0,0.0,-181.0,215.0,-0.02359535914483118,7.671,7.523,0.13291980505095258,Nhỏ
DN00257,Công ty Cổ phần Logistics Vinh Trường,9359952019,Công ty cổ phần,Ngoài nhà nước,Thương mại và dịch vụ,Dịch vụ khác,2016,61,Bình Dương,CN Bình Dương,2026-07-12,Đỗ Minh Mai,4,Thông tư 133/2016/TT-BTC,Không,Đủ,Đang hoạt động,0288258952,lienhe.dn00257@doanhnghiep.vn,2025,BCTC chưa kiểm toán,triệu đồng,2099.0,18604.0,3412.0,7588.0,31703.0,20857.0,4436.0,25293.0,56996.0,9327.0,10534.0,1522.0,21383.0,22071.0,1310.0,23381.0,44764.0,12232.0,56996.0,60610.0,44369.0,16241.0,10266.0,2936.0,3039.0,608.0,2431.0,2145.0,0.05014024088434252,60.61,56.996,0.0590784392528263,Vừa
DN00051,Công ty Cổ phần Phân phối Trường Xuân,9261304958,Công ty cổ phần,Ngoài nhà nước,Thương mại và dịch vụ,"Bán buôn, bán lẻ",2016,12,Bình Dương,CN Bình Dương,2025-03-20,Nguyễn Thị Nam,13,Thông tư 133/2016/TT-BTC,Không,Đủ,Đang hoạt động,0904178871,lienhe.dn00051@doanhnghiep.vn,2025,BCTC chưa kiểm toán,triệu đồng,1413.0,2781.0,2907.0,810.0,7911.0,480.0,76.0,556.0,8467.0,1319.0,3566.0,563.0,5448.0,55.0,34.0,89.0,5537.0,2930.0,8467.0,23712.0,20628.0,3084.0,2153.0,396.0,535.0,107.0,428.0,44.0,0.02256241565452092,23.712,8.467,0.0723589001447178,Nhỏ
DN00219,Công ty TNHH Bao bì Thái Minh,9452975019,Công ty TNHH một thành viên,Ngoài nhà nước,Công nghiệp,"Chế biến, chế tạo",2023,3,Hải Phòng,CN Hải Phòng,2025-11-11,Lý Minh Lan,19,Thông tư 132/2018/TT-BTC,Không,Đủ,Đang hoạt động,0355974552,lienhe.dn00219@doanhnghiep.vn,2025,BCTC chưa kiểm toán,triệu đồng,323.0,542.0,718.0,408.0,1991.0,1128.0,137.0,1265.0,3256.0,282.0,677.0,100.0,1059.0,445.0,143.0,588.0,1647.0,1609.0,3256.0,2415.0,1944.0,471.0,24.0,101.0,346.0,69.0,277.0,70.0,0.1432712215320911,2.415,3.256,-0.050707547169811296,Siêu nhỏ
DN00056,Công ty TNHH Thương mại Dịch vụ Tuấn Quang,9724549209,Công ty TNHH hai thành viên trở lên,Ngoài nhà nước,Thương mại và dịch vụ,"Bán buôn, bán lẻ",2022,6,Hải Phòng,CN Hải Phòng,2022-09-09,Đặng Hoài An,17,Không lập BCTC (nộp thuế theo tỷ lệ % trên doanh thu),Không,Không đủ,Đang hoạt động,0377602397,lienhe.dn00056@doanhnghiep.vn,2025,Tờ khai thuế,triệu đồng,,,,,,,,,,,,,,,,,,,,2587.0,,,,,,,,,,2.587,,0.11220980223559751,Siêu nhỏ
DN00287,Công ty TNHH Phân phối Gia Tâm,9304401814,Công ty TNHH một thành viên,Ngoài nhà nước,Thương mại và dịch vụ,"Bán buôn, bán lẻ",1995,14,Hà Nội,CN Cầu Giấy,2021-07-04,Ngô Hoài Mai,11,Thông tư 133/2016/TT-BTC,Không,Đủ,Ngừng giao dịch,0360039541,lienhe.dn00287@doanhnghiep.vn,2025,BCTC chưa kiểm toán,triệu đồng,3038.0,7049.0,5015.0,4908.0,20010.0,9581.0,1298.0,10879.0,30889.0,1309.0,9443.0,984.0,11736.0,6111.0,988.0,7099.0,18835.0,12054.0,30889.0,21592.0,19013.0,2579.0,216.0,1542.0,821.0,164.0,657.0,965.0,0.03802334197851056,21.592,30.889,0.19636524822695045,Nhỏ
DN00337,Công ty Cổ phần Phân phối Tiến Linh,9856601980,Công ty cổ phần,Ngoài nhà nước,Thương mại và dịch vụ,"Bán buôn, bán lẻ",1991,1276,Hà Nội,CN Hoàn Kiếm,2013-12-19,Ngô Hữu An,1,Thông tư 200/2014/TT-BTC,Có,Đủ,Đang hoạt động,0925907940,lienhe.dn00337@doanhnghiep.vn,2025,BCTC đã kiểm toán,triệu đồng,107553.0,269357.0,576943.0,124181.0,1078034.0,304352.0,102046.0,406398.0,1484432.0,152731.0,697237.0,50910.0,900878.0,67594.0,37706.0,105300.0,1006178.0,478254.0,1484432.0,2374595.0,2163547.0,211048.0,131610.0,59324.0,20114.0,4023.0,16091.0,25183.0,0.008470497074237924,2374.595,1484.432,0.05658804904116632,Lớn
DN00143,Công ty TNHH Dệt may Việt Ngọc,9494741051,Công ty TNHH một thành viên,Ngoài nhà nước,Công nghiệp,"Chế biến, chế tạo",2019,3,Hà Nội,CN Thanh Xuân,2025-02-18,Dương Quốc Cường,11,Không lập BCTC (nộp thuế theo tỷ lệ % trên doanh thu),Không,Không đủ,Đang hoạt động,0263268814,lienhe.dn00143@doanhnghiep.vn,2025,Tờ khai thuế,triệu đồng,,,,,,,,,,,,,,,,,,,,999.0,,,,,,,,,,0.999,,0.04607329842931929,Siêu nhỏ
DN00128,Công ty TNHH Đầu tư Xây dựng Trường Tân,9958155760,Công ty TNHH hai thành viên trở lên,Ngoài nhà nước,Xây dựng,Xây dựng,2015,2,TP Hồ Chí Minh,CN Quận 1,2023-07-08,Lý Hữu Long,3,Thông tư 132/2018/TT-BTC,Không,Đủ,Đang hoạt động,0919042439,lienhe.dn00128@doanhnghiep.vn,2025,BCTC chưa kiểm toán,triệu đồng,98.0,856.0,1039.0,178.0,2171.0,962.0,283.0,1245.0,3416.0,263.0,1416.0,219.0,1898.0,867.0,106.0,973.0,2871.0,545.0,3416.0,1560.0,1360.0,200.0,142.0,216.0,-158.0,0.0,-158.0,101.0,-0.10128205128205128,1.56,3.416,0.01298701298701288,Siêu nhỏ
DN00226,Công ty TNHH Thương mại Tổng hợp Thuận Kim,9935687159,Công ty TNHH một thành viên,Ngoài nhà nước,Thương mại và dịch vụ,"Bán buôn, bán lẻ",2019,4,Hà Nội,CN Cầu Giấy,2024-04-15,Vũ Hữu Lan,5,Không lập BCTC (nộp thuế theo tỷ lệ % trên doanh thu),Không,Không đủ,Đang hoạt động,0225252579,lienhe.dn00226@doanhnghiep.vn,2025,Tờ khai thuế,triệu đồng,,,,,,,,,,,,,,,,,,,,1323.0,,,,,,,,,,1.323,,0.2757955641272902,Siêu nhỏ
DN00038,Công ty TNHH Tư vấn Thái Thành,9497419785,Công ty TNHH một thành viên,Ngoài nhà nước,Thương mại và dịch vụ,Dịch vụ khác,2022,85,Hà Nội,CN Cầu Giấy,2023-07-27,Bùi Thanh Thảo,2,Thông tư 133/2016/TT-BTC,Không,Đủ,Đang hoạt động,0244526122,lienhe.dn00038@doanhnghiep.vn,2025,BCTC chưa kiểm toán,triệu đồng,2807.0,4585.0,5662.0,2578.0,15632.0,10927.0,2149.0,13076.0,28708.0,3364.0,0.0,8176.0,11540.0,0.0,12862.0,12862.0,24402.0,4306.0,28708.0,44377.0,32541.0,11836.0,12709.0,0.0,-873.0,0.0,-873.0,741.0,-0.01967235279536697,44.377,28.708,-0.13733913922475793,Vừa
DN00361,Công ty TNHH Kỹ thuật Xây dựng Tiến Nhật,9607651629,Công ty TNHH một thành viên,Ngoài nhà nước,Xây dựng,Xây dựng,2024,81,Hà Nội,CN Hoàn Kiếm,2026-03-28,Nguyễn Thanh Cường,5,Thông tư 133/2016/TT-BTC,Có,Đủ,Đang hoạt động,0373314347,lienhe.dn00361@doanhnghiep.vn,2025,BCTC đã kiểm toán,triệu đồng,720.0,6382.0,3394.0,971.0,11467.0,6388.0,499.0,6887.0,18354.0,1552.0,7132.0,1514.0,10198.0,307.0,90.0,397.0,10595.0,7759.0,18354.0,18026.0,15798.0,2228.0,1900.0,778.0,-450.0,0.0,-450.0,443.0,-0.024963940974148453,18.026,18.354,-0.14831089062130876,Nhỏ
DN00455,Công ty Cổ phần Thương mại Mỹ Đạt,9225391504,Công ty cổ phần,Ngoài nhà nước,Thương mại và dịch vụ,"Bán buôn, bán lẻ",2005,8,Đà Nẵng,CN Đà Nẵng,2024-12-25,Vũ Quốc Hạnh,5,Thông tư 133/2016/TT-BTC,Không,Đủ,Đang hoạt động,0311608410,lienhe.dn00455@doanhnghiep.vn,2025,BCTC chưa kiểm toán,triệu đồng,510.0,4131.0,5367.0,1485.0,11493.0,2972.0,1098.0,4070.0,15563.0,1306.0,6405.0,824.0,8535.0,0.0,0.0,0.0,8535.0,7028.0,15563.0,24792.0,23183.0,1609.0,2163.0,678.0,-1232.0,0.0,-1232.0,280.0,-0.04969344949983866,24.792,15.563,-0.03088108826518643,Nhỏ
DN00409,Công ty TNHH Kỹ thuật Xây dựng Phúc Lâm,9581886546,Công ty TNHH hai thành viên trở lên,Ngoài nhà nước,Xây dựng,Xây dựng,2002,77,Hà Nội,CN Cầu Giấy,2023-07-30,Đỗ Thị Hạnh,3,Thông tư 133/2016/TT-BTC,Không,Đủ,Đang hoạt động,0354737572,lienhe.dn00409@doanhnghiep.vn,2025,BCTC chưa kiểm toán,triệu đồng,12306.0,33716.0,19030.0,17979.0,83031.0,19384.0,1318.0,20702.0,103733.0,9307.0,51564.0,7668.0,68539.0,0.0,0.0,0.0,68539.0,35194.0,103733.0,75233.0,66927.0,8306.0,752.0,5111.0,2443.0,489.0,1954.0,1539.0,0.032472452248348466,75.233,103.733,-0.3014123480634767,Vừa
DN00277,Công ty TNHH Đầu tư Xây dựng Thái Phú,9731917042,Công ty TNHH một thành viên,Ngoài nhà nước,Xây dựng,Xây dựng,2003,428,TP Hồ Chí Minh,CN Quận 1,2021-01-30,Vũ Minh Hạnh,9,Thông tư 200/2014/TT-BTC,Có,Đủ,Đang hoạt động,0369684792,lienhe.dn00277@doanhnghiep.vn,2025,BCTC đã kiểm toán,triệu đồng,33018.0,83710.0,39732.0,30073.0,186533.0,74649.0,23175.0,97824.0,284357.0,35864.0,104407.0,19757.0,160028.0,69107.0,6470.0,75577.0,235605.0,48752.0,284357.0,188096.0,167055.0,21041.0,3730.0,13951.0,3360.0,672.0,2688.0,7866.0,0.017863218781898605,188.096,284.357,0.03888873546712324,Lớn
DN00022,Công ty TNHH Phân phối Hải Thịnh,9137502454,Công ty TNHH một thành viên,Ngoài nhà nước,Thương mại và dịch vụ,"Bán buôn, bán lẻ",2018,10,Cần Thơ,CN Cần Thơ,2020-05-20,Lý Thu Hà,11,Không lập BCTC (nộp thuế theo tỷ lệ % trên doanh thu),Không,Không đủ,Đang hoạt động,0994817149,lienhe.dn00022@doanhnghiep.vn,2025,Tờ khai thuế,triệu đồng,,,,,,,,,,,,,,,,,,,,2239.0,,,,,,,,,,2.239,,0.12118177265898855,Siêu nhỏ
DN00441,Công ty TNHH Xây dựng và Thương mại Thịnh Toàn,9303943384,Công ty TNHH hai thành viên trở lên,Ngoài nhà nước,Xây dựng,Xây dựng,2023,7,TP Hồ Chí Minh,CN TP Hồ Chí Minh,2023-07-27,Hoàng Hoài Tuấn,11,Thông tư 132/2018/TT-BTC,Không,Đủ,Đang hoạt động,0989258023,lienhe.dn00441@doanhnghiep.vn,2025,BCTC chưa kiểm toán,triệu đồng,38.0,487.0,201.0,92.0,818.0,437.0,35.0,472.0,1290.0,83.0,572.0,90.0,745.0,0.0,0.0,0.0,745.0,545.0,1290.0,318.0,265.0,53.0,3.0,42.0,8.0,2.0,6.0,44.0,0.025157232704402517,0.318,1.29,-0.17829457364341084,Siêu nhỏ
DN00423,Công ty Cổ phần Thực phẩm Khánh Linh,9783724692,Công ty cổ phần,Ngoài nhà nước,Công nghiệp,"Chế biến, chế tạo",2018,4,TP Hồ Chí Minh,CN Quận 1,2021-10-26,Dương Hữu Lan,4,Không lập BCTC (nộp thuế theo tỷ lệ % trên doanh thu),Không,Không đủ,Đang hoạt động,0231514637,lienhe.dn00423@doanhnghiep.vn,2025,Tờ khai thuế,triệu đồng,,,,,,,,,,,,,,,,,,,,1211.0,,,,,,,,,,1.211,,0.013389121338912124,Siêu nhỏ
DN00211,Công ty TNHH Logistics Việt Tiến,9252368053,Công ty TNHH một thành viên,Ngoài nhà nước,Thương mại và dịch vụ,Dịch vụ khác,2019,30,Hà Nội,CN Hoàn Kiếm,2024-07-29,Trần Văn Hùng,6,Thông tư 133/2016/TT-BTC,Không,Đủ,Đang hoạt động,0380037427,lienhe.dn00211@doanhnghiep.vn,2025,BCTC chưa kiểm toán,triệu đồng,866.0,2981.0,890.0,1492.0,6229.0,3117.0,852.0,3969.0,10198.0,667.0,3228.0,457.0,4352.0,2716.0,407.0,3123.0,7475.0,2723.0,10198.0,6960.0,5363.0,1597.0,1405.0,465.0,-273.0,0.0,-273.0,312.0,-0.039224137931034485,6.96,10.198,-0.052932371751258644,Nhỏ
DN00312,Công ty TNHH Thương mại Dịch vụ Tiến Châu,9196639808,Công ty TNHH một thành viên,Ngoài nhà nước,Thương mại và dịch vụ,"Bán buôn, bán lẻ",2014,3,Hà Nội,CN Hoàn Kiếm,2020-01-23,Bùi Văn Quân,10,Thông tư 132/2018/TT-BTC,Không,Đủ,Đang hoạt động,0911440806,lienhe.dn00312@doanhnghiep.vn,2025,BCTC chưa kiểm toán,triệu đồng,152.0,200.0,518.0,267.0,1137.0,87.0,7.0,94.0,1231.0,104.0,309.0,63.0,476.0,128.0,63.0,191.0,667.0,564.0,1231.0,2033.0,1908.0,125.0,69.0,39.0,17.0,3.0,14.0,10.0,0.008362026561731432,2.033,1.231,0.05282237182806826,Siêu nhỏ
DN00224,Công ty TNHH Vận tải Hải Hòa,9081984174,Công ty TNHH một thành viên,Ngoài nhà nước,Thương mại và dịch vụ,Dịch vụ khác,2019,40,TP Hồ Chí Minh,CN Quận 1,2025-06-03,Hoàng Quốc Phong,9,Thông tư 133/2016/TT-BTC,Không,Đủ,Đang hoạt động,0923738266,lienhe.dn00224@doanhnghiep.vn,2025,BCTC chưa kiểm toán,triệu đồng,1374.0,6825.0,2105.0,2568.0,12872.0,7366.0,537.0,7903.0,20775.0,949.0,5060.0,1052.0,7061.0,6350.0,735.0,7085.0,14146.0,6629.0,20775.0,12963.0,9855.0,3108.0,1754.0,907.0,447.0,89.0,358.0,815.0,0.034482758620689655,12.963,20.775,-0.02650946230099127,Nhỏ
DN00259,Doanh nghiệp tư nhân Tư vấn Phát Hải,9437510672,Doanh nghiệp tư nhân,Ngoài nhà nước,Thương mại và dịch vụ,Dịch vụ khác,2022,2,Hà Nội,CN Hoàn Kiếm,2026-02-20,Đặng Minh Lan,10,Thông tư 132/2018/TT-BTC,Không,Đủ,Đang hoạt động,0355178039,lienhe.dn00259@doanhnghiep.vn,2025,BCTC chưa kiểm toán,triệu đồng,102.0,603.0,87.0,199.0,991.0,490.0,167.0,657.0,1648.0,118.0,390.0,51.0,559.0,0.0,0.0,0.0,559.0,1089.0,1648.0,1659.0,1291.0,368.0,297.0,38.0,33.0,7.0,26.0,47.0,0.019891500904159132,1.659,1.648,0.24176646706586835,Siêu nhỏ
DN00180,Công ty TNHH Thương mại Tổng hợp Quang Ngọc,9261756344,Công ty TNHH một thành viên,Ngoài nhà nước,Thương mại và dịch vụ,"Bán buôn, bán lẻ",2018,21,Hà Nội,CN Hoàn Kiếm,2020-04-30,Dương Quốc Long,10,Thông tư 133/2016/TT-BTC,Không,Đủ,Đang hoạt động,0346415669,lienhe.dn00180@doanhnghiep.vn,2025,BCTC chưa kiểm toán,triệu đồng,1621.0,3300.0,5096.0,2738.0,12755.0,2954.0,533.0,3487.0,16242.0,962.0,7033.0,466.0,8461.0,1588.0,335.0,1923.0,10384.0,5858.0,16242.0,16588.0,14725.0,1863.0,765.0,877.0,221.0,44.0,177.0,257.0,0.013322884012539185,16.588,16.242,0.07581555224074199,Nhỏ
DN00256,Công ty TNHH Tư vấn Tiến Tâm,9582939579,Công ty TNHH một thành viên,Ngoài nhà nước,Thương mại và dịch vụ,Dịch vụ khác,2024,5,Bình Dương,CN Bình Dương,2024-11-13,Phạm Thanh Nga,2,Thông tư 132/2018/TT-BTC,Không,Đủ,Đang hoạt động,0272323536,lienhe.dn00256@doanhnghiep.vn,2025,BCTC chưa kiểm toán,triệu đồng,58.0,556.0,119.0,113.0,846.0,667.0,276.0,943.0,1789.0,85.0,493.0,33.0,611.0,753.0,14.0,767.0,1378.0,411.0,1789.0,1115.0,881.0,234.0,119.0,115.0,0.0,0.0,0.0,65.0,0.0,1.115,1.789,0.13083164300202843,Siêu nhỏ
DN00321,Công ty TNHH Thương mại Tổng hợp Trung Quang,9163528086,Công ty TNHH một thành viên,Ngoài nhà nước,Thương mại và dịch vụ,"Bán buôn, bán lẻ",2024,37,Cần Thơ,CN Cần Thơ,2026-05-10,Lý Hữu Quân,7,Thông tư 133/2016/TT-BTC,Có,Đủ,Đang hoạt động,0257638334,lienhe.dn00321@doanhnghiep.vn,2025,BCTC đã kiểm toán,triệu đồng,693.0,2435.0,859.0,428.0,4415.0,1535.0,292.0,1827.0,6242.0,413.0,2726.0,166.0,3305.0,1949.0,246.0,2195.0,5500.0,742.0,6242.0,4989.0,4539.0,450.0,428.0,429.0,-407.0,0.0,-407.0,166.0,-0.08157947484465825,4.989,6.242,0.23888750931214298,Nhỏ
DN00449,Công ty TNHH Đầu tư Xây dựng Nhật Tâm,9358143261,Công ty TNHH hai thành viên trở lên,Ngoài nhà nước,Xây dựng,Xây dựng,2009,9,Hà Nội,CN Thanh Xuân,2019-12-13,Lý Hoài Long,11,Thông tư 133/2016/TT-BTC,Không,Đủ,Đang hoạt động,0348350981,lienhe.dn00449@doanhnghiep.vn,2025,BCTC chưa kiểm toán,triệu đồng,760.0,2489.0,4740.0,2527.0,10516.0,541.0,162.0,703.0,11219.0,1250.0,4435.0,900.0,6585.0,0.0,0.0,0.0,6585.0,4634.0,11219.0,8489.0,7590.0,899.0,85.0,354.0,460.0,92.0,368.0,52.0,0.054187772411355875,8.489,11.219,0.07211417024501143,Nhỏ
DN00155,Công ty TNHH Thương mại Dịch vụ Mỹ Đông,9774956549,Công ty TNHH một thành viên,Ngoài nhà nước,Thương mại và dịch vụ,"Bán buôn, bán lẻ",2024,8,TP Hồ Chí Minh,CN TP Hồ Chí Minh,2026-07-07,Nguyễn Thanh Nga,4,Thông tư 132/2018/TT-BTC,Không,Đủ,Đang hoạt động,0369269829,lienhe.dn00155@doanhnghiep.vn,2025,BCTC chưa kiểm toán,triệu đồng,144.0,433.0,618.0,167.0,1362.0,324.0,88.0,412.0,1774.0,131.0,0.0,738.0,869.0,0.0,10.0,10.0,879.0,895.0,1774.0,1869.0,1754.0,115.0,88.0,0.0,27.0,5.0,22.0,33.0,0.014446227929373997,1.869,1.774,0.15228113440197277,Siêu nhỏ
DN00365,Công ty TNHH Xây dựng và Thương mại Linh Phú,9680561291,Công ty TNHH hai thành viên trở lên,Ngoài nhà nước,Xây dựng,Xây dựng,2018,8,TP Hồ Chí Minh,CN Quận 1,2024-10-02,Nguyễn Ngọc Hạnh,5,Thông tư 133/2016/TT-BTC,Không,Đủ,Đang hoạt động,0903929190,lienhe.dn00365@doanhnghiep.vn,2025,BCTC chưa kiểm toán,triệu đồng,307.0,2428.0,1388.0,1058.0,5181.0,811.0,300.0,1111.0,6292.0,760.0,2777.0,402.0,3939.0,1456.0,21.0,1477.0,5416.0,876.0,6292.0,3915.0,3329.0,586.0,39.0,453.0,94.0,19.0,75.0,50.0,0.02401021711366539,3.915,6.292,0.22076707202993462,Nhỏ
DN00033,Công ty TNHH Thương mại Tổng hợp Lâm Thịnh,9243145627,Công ty TNHH một thành viên,Ngoài nhà nước,Thương mại và dịch vụ,"Bán buôn, bán lẻ",2020,23,Đà Nẵng,CN Đà Nẵng,2026-09-30,Đặng Thanh Quân,11,Thông tư 133/2016/TT-BTC,Không,Đủ,Đang hoạt động,0399043132,lienhe.dn00033@doanhnghiep.vn,2025,BCTC chưa kiểm toán,triệu đồng,1315.0,4571.0,6858.0,1263.0,14007.0,832.0,117.0,949.0,14956.0,3588.0,3917.0,595.0,8100.0,0.0,0.0,0.0,8100.0,6856.0,14956.0,49333.0,46007.0,3326.0,2643.0,382.0,301.0,60.0,241.0,54.0,0.006101392576976871,49.333,14.956,0.06894758510108123,Nhỏ
DN00195,Công ty Cổ phần Phân phối Hưng Bình,9715889101,Công ty cổ phần,Ngoài nhà nước,Thương mại và dịch vụ,"Bán buôn, bán lẻ",2001,72,Hà Nội,CN Hoàn Kiếm,2015-01-06,Đỗ Ngọc Phong,14,Thông tư 133/2016/TT-BTC,Có,Đủ,Đang hoạt động,0955769098,lienhe.dn00195@doanhnghiep.vn,2025,BCTC đã kiểm toán,triệu đồng,675.0,6953.0,5294.0,1267.0,14189.0,4103.0,240.0,4343.0,18532.0,1576.0,7449.0,773.0,9798.0,0.0,0.0,0.0,9798.0,8734.0,18532.0,21652.0,19099.0,2553.0,2906.0,657.0,-1010.0,0.0,-1010.0,247.0,-0.04664696101976723,21.652,18.532,-0.12598393412182618,Vừa
DN00156,Công ty TNHH Lâm nghiệp Châu An,9261814237,Công ty TNHH hai thành viên trở lên,Ngoài nhà nước,"Nông, lâm nghiệp và thủy sản","Nông, lâm nghiệp và thủy sản",2013,30,Cần Thơ,CN Cần Thơ,2017-06-06,Đỗ Thanh Thảo,12,Thông tư 133/2016/TT-BTC,Không,Đủ,Đang hoạt động,0271826832,lienhe.dn00156@doanhnghiep.vn,2025,BCTC chưa kiểm toán,triệu đồng,173.0,106.0,564.0,167.0,1010.0,1364.0,430.0,1794.0,2804.0,77.0,343.0,71.0,491.0,834.0,70.0,904.0,1395.0,1409.0,2804.0,962.0,823.0,139.0,10.0,104.0,25.0,5.0,20.0,131.0,0.02598752598752599,0.962,2.804,-0.1963241436925648,Nhỏ
DN00350,Công ty TNHH Sản xuất Bảo Việt,9805153865,Công ty TNHH hai thành viên trở lên,Ngoài nhà nước,Công nghiệp,"Chế biến, chế tạo",2023,104,Hà Nội,CN Thanh Xuân,2023-03-29,Hoàng Đức Dũng,1,Thông tư 133/2016/TT-BTC,Không,Đủ,Đang hoạt động,0245407771,lienhe.dn00350@doanhnghiep.vn,2025,BCTC chưa kiểm toán,triệu đồng,3270.0,20684.0,7039.0,3616.0,34609.0,26753.0,4575.0,31328.0,65937.0,1049.0,24979.0,3328.0,29356.0,8872.0,2321.0,11193.0,40549.0,25388.0,65937.0,38932.0,31196.0,7736.0,6551.0,2495.0,-1310.0,0.0,-1310.0,2239.0,-0.03364841261687044,38.932,65.937,-0.028497280031940964,Vừa
DN00229,Công ty Cổ phần Dịch vụ Hòa Vinh,9248052060,Công ty cổ phần,Ngoài nhà nước,Thương mại và dịch vụ,Dịch vụ khác,1997,343,Bình Dương,CN Bình Dương,2020-02-18,Trần Hữu Trang,5,Thông tư 200/2014/TT-BTC,Có,Đủ,Đang hoạt động,0213381047,lienhe.dn00229@doanhnghiep.vn,2025,BCTC đã kiểm toán,triệu đồng,23903.0,108080.0,65602.0,65727.0,263312.0,127558.0,16303.0,143861.0,407173.0,14109.0,126790.0,14572.0,155471.0,116440.0,1806.0,118246.0,273717.0,133456.0,407173.0,325638.0,244185.0,81453.0,45837.0,22294.0,13322.0,2664.0,10658.0,12780.0,0.040910458853082254,325.638,407.173,0.009824169690203721,Lớn
DN00218,Công ty TNHH Vận tải Yên Gia,9571985837,Công ty TNHH hai thành viên trở lên,Ngoài nhà nước,Thương mại và dịch vụ,Dịch vụ khác,2024,2,Hải Phòng,CN Hải Phòng,2026-04-15,Hoàng Ngọc Phong,3,Thông tư 132/2018/TT-BTC,Không,Đủ,Đang hoạt động,0283476178,lienhe.dn00218@doanhnghiep.vn,2025,BCTC chưa kiểm toán,triệu đồng,170.0,1050.0,234.0,364.0,1818.0,981.0,135.0,1116.0,2934.0,97.0,727.0,121.0,945.0,988.0,73.0,1061.0,2006.0,928.0,2934.0,1158.0,860.0,298.0,132.0,166.0,0.0,0.0,0.0,114.0,0.0,1.158,2.934,0.06925207756232687,Siêu nhỏ
DN00416,Công ty TNHH Thủy sản Khánh Sơn,9445177992,Công ty TNHH một thành viên,Ngoài nhà nước,"Nông, lâm nghiệp và thủy sản","Nông, lâm nghiệp và thủy sản",2013,81,Hà Nội,CN Hoàn Kiếm,2025-09-10,Lý Thị Nga,10,Thông tư 133/2016/TT-BTC,Không,Đủ,Đang hoạt động,0288580154,lienhe.dn00416@doanhnghiep.vn,2025,BCTC chưa kiểm toán,triệu đồng,66.0,523.0,721.0,154.0,1464.0,1064.0,383.0,1447.0,2911.0,55.0,1085.0,62.0,1202.0,39.0,18.0,57.0,1259.0,1652.0,2911.0,1373.0,1202.0,171.0,119.0,123.0,-71.0,0.0,-71.0,122.0,-0.051711580480699196,1.373,2.911,-0.05958904109589036,Nhỏ
DN00262,Công ty TNHH Logistics An Hưng,9760478167,Công ty TNHH hai thành viên trở lên,Ngoài nhà nước,Thương mại và dịch vụ,Dịch vụ khác,2020,44,Hải Phòng,CN Hải Phòng,2021-09-11,Hoàng Ngọc Bình,1,Thông tư 133/2016/TT-BTC,Không,Đủ,Đang hoạt động,0396549936,lienhe.dn00262@doanhnghiep.vn,2025,BCTC chưa kiểm toán,triệu đồng,987.0,4758.0,553.0,1708.0,8006.0,6232.0,2120.0,8352.0,16358.0,1822.0,1899.0,387.0,4108.0,1903.0,1052.0,2955.0,7063.0,9295.0,16358.0,23447.0,18598.0,4849.0,5132.0,411.0,-694.0,0.0,-694.0,719.0,-0.029598669339361113,23.447,16.358,0.20278034266953937,Nhỏ
DN00356,Công ty Cổ phần Thương mại Tổng hợp Hưng Nhật,9084104430,Công ty cổ phần,Ngoài nhà nước,Thương mại và dịch vụ,"Bán buôn, bán lẻ",2019,42,TP Hồ Chí Minh,CN Quận 1,2019-04-10,Bùi Thu Yến,8,Thông tư 133/2016/TT-BTC,Không,Đủ,Đang hoạt động,0293902252,lienhe.dn00356@doanhnghiep.vn,2025,BCTC chưa kiểm toán,triệu đồng,442.0,3993.0,3906.0,1770.0,10111.0,1649.0,385.0,2034.0,12145.0,1979.0,4165.0,696.0,6840.0,506.0,314.0,820.0,7660.0,4485.0,12145.0,27795.0,24694.0,3101.0,1936.0,397.0,768.0,154.0,614.0,131.0,0.02763086886130599,27.795,12.145,0.21646461551927865,Nhỏ
DN00461,Công ty TNHH Công nghệ Gia Xuân,9585698139,Công ty TNHH một thành viên,Ngoài nhà nước,Thương mại và dịch vụ,Dịch vụ khác,2018,6,Hà Nội,CN Thanh Xuân,2023-11-06,Nguyễn Đức Bình,1,Thông tư 132/2018/TT-BTC,Không,Đủ,Đang hoạt động,0261587133,lienhe.dn00461@doanhnghiep.vn,2025,BCTC chưa kiểm toán,triệu đồng,41.0,438.0,133.0,61.0,673.0,271.0,101.0,372.0,1045.0,41.0,382.0,48.0,471.0,9.0,2.0,11.0,482.0,563.0,1045.0,610.0,491.0,119.0,102.0,31.0,-14.0,0.0,-14.0,20.0,-0.022950819672131147,0.61,1.045,-0.17456021650879572,Siêu nhỏ
DN00434,Công ty TNHH Dệt may Vạn Mỹ,9320584509,Công ty TNHH một thành viên,Ngoài nhà nước,Công nghiệp,"Chế biến, chế tạo",2006,24,Hải Phòng,CN Hải Phòng,2012-07-12,Vũ Hoài Dũng,9,Thông tư 133/2016/TT-BTC,Có,Đủ,Đang hoạt động,0203523343,lienhe.dn00434@doanhnghiep.vn,2025,BCTC đã kiểm toán,triệu đồng,557.0,1769.0,2937.0,1671.0,6934.0,6562.0,524.0,7086.0,14020.0,431.0,5871.0,972.0,7274.0,148.0,55.0,203.0,7477.0,6543.0,14020.0,13962.0,11277.0,2685.0,1478.0,464.0,743.0,149.0,594.0,602.0,0.05321587165162584,13.962,14.02,0.27927432655305107,Nhỏ
DN00284,Công ty TNHH Thương mại Dịch vụ Sơn Yên,9450163388,Công ty TNHH một thành viên,Ngoài nhà nước,Thương mại và dịch vụ,"Bán buôn, bán lẻ",2025,49,Hà Nội,CN Hoàn Kiếm,2026-04-05,Bùi Thị Bình,24,Thông tư 133/2016/TT-BTC,Có,Không đủ,Đang hoạt động,0269775155,lienhe.dn00284@doanhnghiep.vn,2025,BCTC đã kiểm toán,triệu đồng,2232.0,9389.0,17017.0,7072.0,35710.0,8991.0,1445.0,10436.0,46146.0,3853.0,14791.0,3258.0,21902.0,5629.0,3066.0,8695.0,30597.0,15549.0,46146.0,94030.0,88726.0,5304.0,2469.0,1988.0,847.0,169.0,678.0,897.0,0.009007763479740508,94.03,46.146,,Nhỏ
DN00028,Công ty TNHH Nông nghiệp Tân Lâm,9817439426,Công ty TNHH một thành viên,Ngoài nhà nước,"Nông, lâm nghiệp và thủy sản","Nông, lâm nghiệp và thủy sản",2023,6,TP Hồ Chí Minh,CN TP Hồ Chí Minh,2024-05-23,Đỗ Văn Cường,11,Không lập BCTC (nộp thuế theo tỷ lệ % trên doanh thu),Không,Không đủ,Đang hoạt động,0319590073,lienhe.dn00028@doanhnghiep.vn,2025,Tờ khai thuế,triệu đồng,,,,,,,,,,,,,,,,,,,,456.0,,,,,,,,,,0.456,,0.03401360544217691,Siêu nhỏ
DN00274,Công ty TNHH Thực phẩm Nam Xuân,9271513271,Công ty TNHH một thành viên,Ngoài nhà nước,Công nghiệp,"Chế biến, chế tạo",2019,9,Cần Thơ,CN Cần Thơ,2024-05-12,Vũ Thị Bình,7,Không lập BCTC (nộp thuế theo tỷ lệ % trên doanh thu),Không,Không đủ,Đang hoạt động,0933547005,lienhe.dn00274@doanhnghiep.vn,2025,Tờ khai thuế,triệu đồng,,,,,,,,,,,,,,,,,,,,1845.0,,,,,,,,,,1.845,,-0.11637931034482762,Siêu nhỏ
DN00067,Công ty Cổ phần Kỹ thuật Xây dựng Phú Trường,9409505597,Công ty cổ phần,Ngoài nhà nước,Xây dựng,Xây dựng,2024,80,TP Hồ Chí Minh,CN Quận 1,2026-03-09,Dương Thị Quân,7,Thông tư 133/2016/TT-BTC,Không,Đủ,Đang hoạt động,0946266210,lienhe.dn00067@doanhnghiep.vn,2025,BCTC chưa kiểm toán,triệu đồng,223.0,1352.0,482.0,301.0,2358.0,717.0,138.0,855.0,3213.0,226.0,996.0,128.0,1350.0,1114.0,48.0,1162.0,2512.0,701.0,3213.0,1340.0,1131.0,209.0,13.0,177.0,19.0,4.0,15.0,63.0,0.014179104477611941,1.34,3.213,0.232750689972401,Nhỏ
DN00041,Công ty Cổ phần Thương mại Dịch vụ Gia Vinh,9626332351,Công ty cổ phần,Ngoài nhà nước,Thương mại và dịch vụ,"Bán buôn, bán lẻ",2012,8,TP Hồ Chí Minh,CN Quận 1,2016-08-27,Đặng Thanh Quân,9,Thông tư 133/2016/TT-BTC,Có,Đủ,Đang hoạt động,0289902995,lienhe.dn00041@doanhnghiep.vn,2025,BCTC đã kiểm toán,triệu đồng,573.0,1129.0,1703.0,758.0,4163.0,1165.0,390.0,1555.0,5718.0,1366.0,582.0,329.0,2277.0,0.0,0.0,0.0,2277.0,3441.0,5718.0,16152.0,15584.0,568.0,174.0,54.0,340.0,68.0,272.0,78.0,0.02105002476473502,16.152,5.718,-0.1499394768696385,Nhỏ
DN00353,Công ty Cổ phần Tư vấn Thành An,9656085495,Công ty cổ phần,Ngoài nhà nước,Thương mại và dịch vụ,Dịch vụ khác,2023,3,Cần Thơ,CN Cần Thơ,2026-10-08,Đặng Văn An,7,Thông tư 132/2018/TT-BTC,Không,Đủ,Đang hoạt động,0924895153,lienhe.dn00353@doanhnghiep.vn,2025,BCTC chưa kiểm toán,triệu đồng,110.0,326.0,119.0,123.0,678.0,452.0,45.0,497.0,1175.0,101.0,0.0,405.0,506.0,0.0,23.0,23.0,529.0,646.0,1175.0,918.0,665.0,253.0,221.0,0.0,32.0,6.0,26.0,53.0,0.034858387799564274,0.918,1.175,-0.11475409836065575,Siêu nhỏ
DN00032,Công ty TNHH Công nghệ Mỹ Tân,9190406221,Công ty TNHH một thành viên,Ngoài nhà nước,Thương mại và dịch vụ,Dịch vụ khác,2024,10,Hà Nội,CN Hoàn Kiếm,2025-12-19,Lý Minh Hạnh,6,Không lập BCTC (nộp thuế theo tỷ lệ % trên doanh thu),Không,Không đủ,Đang hoạt động,0228460229,lienhe.dn00032@doanhnghiep.vn,2025,Tờ khai thuế,triệu đồng,,,,,,,,,,,,,,,,,,,,1343.0,,,,,,,,,,1.343,,0.04270186335403725,Siêu nhỏ
DN00343,Doanh nghiệp tư nhân Logistics Gia Thái,9118130611,Doanh nghiệp tư nhân,Ngoài nhà nước,Thương mại và dịch vụ,Dịch vụ khác,2024,7,Bình Dương,CN Bình Dương,2025-08-26,Hoàng Hoài Mai,1,Thông tư 132/2018/TT-BTC,Không,Đủ,Đang hoạt động,0905155575,lienhe.dn00343@doanhnghiep.vn,2025,BCTC chưa kiểm toán,triệu đồng,111.0,357.0,65.0,153.0,686.0,432.0,46.0,478.0,1164.0,61.0,334.0,33.0,428.0,270.0,93.0,363.0,791.0,373.0,1164.0,737.0,583.0,154.0,121.0,59.0,-26.0,0.0,-26.0,30.0,-0.035278154681139755,0.737,1.164,0.10993975903614461,Siêu nhỏ
DN00385,Công ty TNHH Du lịch Bảo Nhật,9769691533,Công ty TNHH một thành viên,Ngoài nhà nước,Thương mại và dịch vụ,Dịch vụ khác,2016,31,TP Hồ Chí Minh,CN Quận 1,2017-12-19,Bùi Quốc Long,9,Thông tư 133/2016/TT-BTC,Không,Đủ,Đang hoạt động,0269234653,lienhe.dn00385@doanhnghiep.vn,2025,BCTC chưa kiểm toán,triệu đồng,232.0,1595.0,153.0,317.0,2297.0,2049.0,211.0,2260.0,4557.0,383.0,873.0,133.0,1389.0,774.0,159.0,933.0,2322.0,2235.0,4557.0,6500.0,4882.0,1618.0,1023.0,170.0,425.0,85.0,340.0,236.0,0.06538461538461539,6.5,4.557,0.21928343650347037,Nhỏ
DN00276,Doanh nghiệp tư nhân Phân phối Trường Lâm,9557953211,Doanh nghiệp tư nhân,Ngoài nhà nước,Thương mại và dịch vụ,"Bán buôn, bán lẻ",2023,3,TP Hồ Chí Minh,CN TP Hồ Chí Minh,2025-08-26,Đặng Đức Nam,13,Không lập BCTC (nộp thuế theo tỷ lệ % trên doanh thu),Không,Không đủ,Đang hoạt động,0325025270,lienhe.dn00276@doanhnghiep.vn,2025,Tờ khai thuế,triệu đồng,,,,,,,,,,,,,,,,,,,,1570.0,,,,,,,,,,1.57,,-0.0559230306674684,Siêu nhỏ
DN00093,Công ty TNHH Xây dựng Nhật Sơn,9892892903,Công ty TNHH một thành viên,Ngoài nhà nước,Xây dựng,Xây dựng,2022,4,TP Hồ Chí Minh,CN TP Hồ Chí Minh,2026-01-28,Lê Văn Nam,1,Thông tư 132/2018/TT-BTC,Không,Đủ,Đang hoạt động,0240870874,lienhe.dn00093@doanhnghiep.vn,2025,BCTC chưa kiểm toán,triệu đồng,127.0,948.0,694.0,336.0,2105.0,313.0,109.0,422.0,2527.0,184.0,1588.0,181.0,1953.0,0.0,0.0,0.0,1953.0,574.0,2527.0,1077.0,928.0,149.0,11.0,169.0,-31.0,0.0,-31.0,34.0,-0.028783658310120707,1.077,2.527,0.33457249070631967,Siêu nhỏ
DN00085,Doanh nghiệp tư nhân Sản xuất Hòa Phát,9125861848,Doanh nghiệp tư nhân,Ngoài nhà nước,Công nghiệp,"Chế biến, chế tạo",2021,41,Hải Phòng,CN Hải Phòng,2026-07-07,Bùi Hữu Quân,9,Thông tư 133/2016/TT-BTC,Không,Đủ,Đang hoạt động,0255407543,lienhe.dn00085@doanhnghiep.vn,2025,BCTC chưa kiểm toán,triệu đồng,527.0,715.0,2941.0,1072.0,5255.0,3668.0,397.0,4065.0,9320.0,795.0,3058.0,557.0,4410.0,226.0,13.0,239.0,4649.0,4671.0,9320.0,6413.0,5127.0,1286.0,705.0,335.0,246.0,49.0,197.0,439.0,0.038359582098861686,6.413,9.32,0.17260925214847322,Nhỏ
DN00273,Công ty TNHH Thương mại Đạt Nhật,9987910258,Công ty TNHH hai thành viên trở lên,Ngoài nhà nước,Thương mại và dịch vụ,"Bán buôn, bán lẻ",2025,13,Hà Nội,CN Cầu Giấy,2026-05-22,Bùi Thanh Cường,2,Thông tư 133/2016/TT-BTC,Không,Không đủ,Đang hoạt động,0331514147,lienhe.dn00273@doanhnghiep.vn,2025,BCTC chưa kiểm toán,triệu đồng,1809.0,9137.0,5594.0,3729.0,20269.0,3177.0,401.0,3578.0,23847.0,638.0,10101.0,1115.0,11854.0,0.0,0.0,0.0,11854.0,11993.0,23847.0,22703.0,19822.0,2881.0,1494.0,857.0,530.0,106.0,424.0,271.0,0.02334493238779016,22.703,23.847,,Nhỏ
DN00313,Doanh nghiệp tư nhân Phân phối Hải Phú,9161034763,Doanh nghiệp tư nhân,Ngoài nhà nước,Thương mại và dịch vụ,"Bán buôn, bán lẻ",2019,7,Hà Nội,CN Cầu Giấy,2024-03-30,Dương Ngọc Hạnh,3,Thông tư 132/2018/TT-BTC,Không,Đủ,Đang hoạt động,0223565867,lienhe.dn00313@doanhnghiep.vn,2025,BCTC chưa kiểm toán,triệu đồng,39.0,183.0,253.0,60.0,535.0,114.0,22.0,136.0,671.0,86.0,0.0,175.0,261.0,0.0,0.0,0.0,261.0,410.0,671.0,927.0,857.0,70.0,60.0,0.0,10.0,2.0,8.0,7.0,0.010787486515641856,0.927,0.671,-0.02111932418162621,Siêu nhỏ
DN00207,Công ty TNHH Logistics Tân Ngọc,9049180094,Công ty TNHH một thành viên,Ngoài nhà nước,Thương mại và dịch vụ,Dịch vụ khác,2019,959,Hà Nội,CN Thanh Xuân,2024-02-23,Hoàng Hữu Tuấn,12,Thông tư 200/2014/TT-BTC,Có,Đủ,Đang hoạt động,0224050941,lienhe.dn00207@doanhnghiep.vn,2025,BCTC đã kiểm toán,triệu đồng,3502.0,18206.0,13196.0,6422.0,41326.0,40135.0,11793.0,51928.0,93254.0,2504.0,17612.0,3255.0,23371.0,45831.0,3221.0,49052.0,72423.0,20831.0,93254.0,42196.0,30580.0,11616.0,422.0,6884.0,4310.0,862.0,3448.0,3468.0,0.10214238316428098,42.196,93.254,0.2067032715625714,Lớn
DN00442,Công ty TNHH Thương mại Dịch vụ Kim Bảo,9993759056,Công ty TNHH hai thành viên trở lên,Ngoài nhà nước,Thương mại và dịch vụ,"Bán buôn, bán lẻ",2017,9,Cần Thơ,CN Cần Thơ,2020-10-07,Vũ Hữu Tuấn,5,Thông tư 133/2016/TT-BTC,Không,Đủ,Đang hoạt động,0202375956,lienhe.dn00442@doanhnghiep.vn,2025,BCTC chưa kiểm toán,triệu đồng,5657.0,15295.0,8822.0,8444.0,38218.0,9034.0,2107.0,11141.0,49359.0,1689.0,28534.0,2682.0,32905.0,6168.0,3190.0,9358.0,42263.0,7096.0,49359.0,56651.0,51087.0,5564.0,2672.0,3478.0,-586.0,0.0,-586.0,635.0,-0.010344036292386718,56.651,49.359,-0.2051882821707166,Nhỏ
DN00029,Công ty TNHH Phân phối Hòa Tuấn,9700891949,Công ty TNHH một thành viên,Ngoài nhà nước,Thương mại và dịch vụ,"Bán buôn, bán lẻ",2019,3,Hà Nội,CN Cầu Giấy,2025-07-15,Ngô Văn Quân,1,Không lập BCTC (nộp thuế theo tỷ lệ % trên doanh thu),Không,Không đủ,Đang hoạt động,0966754476,lienhe.dn00029@doanhnghiep.vn,2025,Tờ khai thuế,triệu đồng,,,,,,,,,,,,,,,,,,,,2837.0,,,,,,,,,,2.837,,0.23294219904389402,Siêu nhỏ
DN00053,Công ty TNHH Thương mại Tổng hợp Yên Toàn,9166382370,Công ty TNHH hai thành viên trở lên,Ngoài nhà nước,Thương mại và dịch vụ,"Bán buôn, bán lẻ",2022,45,Hà Nội,CN Hoàn Kiếm,2022-11-08,Ngô Đức Hà,1,Thông tư 133/2016/TT-BTC,Có,Đủ,Đang hoạt động,0954181554,lienhe.dn00053@doanhnghiep.vn,2025,BCTC đã kiểm toán,triệu đồng,255.0,1270.0,2662.0,881.0,5068.0,1403.0,252.0,1655.0,6723.0,438.0,2341.0,218.0,2997.0,653.0,113.0,766.0,3763.0,2960.0,6723.0,11949.0,11019.0,930.0,323.0,230.0,377.0,75.0,302.0,95.0,0.031550757385555274,11.949,6.723,-0.08485869648464428,Nhỏ
DN00100,Công ty TNHH Phân phối Nam Phát,9442562934,Công ty TNHH một thành viên,Ngoài nhà nước,Thương mại và dịch vụ,"Bán buôn, bán lẻ",2024,4,Hà Nội,CN Cầu Giấy,2025-03-21,Bùi Hoài Trang,8,Không lập BCTC (nộp thuế theo tỷ lệ % trên doanh thu),Không,Không đủ,Đang hoạt động,0995604972,lienhe.dn00100@doanhnghiep.vn,2025,Tờ khai thuế,triệu đồng,,,,,,,,,,,,,,,,,,,,516.0,,,,,,,,,,0.516,,0.15436241610738266,Siêu nhỏ
DN00271,Công ty TNHH Công nghệ Phú Lâm,9508013481,Công ty TNHH hai thành viên trở lên,Ngoài nhà nước,Thương mại và dịch vụ,Dịch vụ khác,2020,7,Hà Nội,CN Thanh Xuân,2021-09-24,Đặng Văn An,12,Thông tư 132/2018/TT-BTC,Không,Đủ,Đang hoạt động,0962672006,lienhe.dn00271@doanhnghiep.vn,2025,BCTC chưa kiểm toán,triệu đồng,64.0,446.0,51.0,57.0,618.0,275.0,52.0,327.0,945.0,58.0,0.0,446.0,504.0,0.0,0.0,0.0,504.0,441.0,945.0,683.0,525.0,158.0,140.0,0.0,18.0,4.0,14.0,32.0,0.02635431918008785,0.683,0.945,0.11419249592169667,Siêu nhỏ
DN00059,Công ty TNHH Du lịch Minh Đạt,9406267165,Công ty TNHH hai thành viên trở lên,Ngoài nhà nước,Thương mại và dịch vụ,Dịch vụ khác,2018,9,Hà Nội,CN Cầu Giấy,2021-08-08,Đỗ Quốc Quân,9,Thông tư 132/2018/TT-BTC,Không,Đủ,Đang hoạt động,0312034421,lienhe.dn00059@doanhnghiep.vn,2025,BCTC chưa kiểm toán,triệu đồng,59.0,746.0,135.0,138.0,1078.0,709.0,101.0,810.0,1888.0,121.0,303.0,68.0,492.0,344.0,92.0,436.0,928.0,960.0,1888.0,1930.0,1410.0,520.0,342.0,46.0,132.0,26.0,106.0,50.0,0.06839378238341969,1.93,1.888,0.005732152162584603,Siêu nhỏ
DN00302,Công ty TNHH Thương mại Tổng hợp Sơn Hòa,9863119296,Công ty TNHH hai thành viên trở lên,Ngoài nhà nước,Thương mại và dịch vụ,"Bán buôn, bán lẻ",2019,7,Cần Thơ,CN Cần Thơ,2021-08-24,Vũ Quốc Mai,13,Thông tư 132/2018/TT-BTC,Không,Đủ,Đang hoạt động,0360017262,lienhe.dn00302@doanhnghiep.vn,2025,BCTC chưa kiểm toán,triệu đồng,149.0,176.0,307.0,210.0,842.0,199.0,16.0,215.0,1057.0,51.0,0.0,498.0,549.0,0.0,0.0,0.0,549.0,508.0,1057.0,1359.0,1230.0,129.0,152.0,0.0,-23.0,0.0,-23.0,17.0,-0.01692420897718911,1.359,1.057,0.05348837209302326,Siêu nhỏ
DN00450,Công ty TNHH Thương mại Dịch vụ Long Thuận,9192497475,Công ty TNHH hai thành viên trở lên,Ngoài nhà nước,Thương mại và dịch vụ,"Bán buôn, bán lẻ",2023,19,Cần Thơ,CN Cần Thơ,2023-03-27,Lý Thanh Tuấn,7,Thông tư 133/2016/TT-BTC,Không,Đủ,Đang hoạt động,0252701147,lienhe.dn00450@doanhnghiep.vn,2025,BCTC chưa kiểm toán,triệu đồng,3257.0,18445.0,18863.0,4805.0,45370.0,5878.0,936.0,6814.0,52184.0,2581.0,28458.0,4628.0,35667.0,7642.0,32.0,7674.0,43341.0,8843.0,52184.0,46808.0,40819.0,5989.0,1534.0,3904.0,551.0,110.0,441.0,582.0,0.011771492052640574,46.808,52.184,0.04786209984329526,Nhỏ
DN00178,Công ty TNHH Thương mại Tâm Long,9618339463,Công ty TNHH một thành viên,Ngoài nhà nước,Thương mại và dịch vụ,"Bán buôn, bán lẻ",2023,10,TP Hồ Chí Minh,CN TP Hồ Chí Minh,2024-10-22,Bùi Thanh Hà,9,Thông tư 132/2018/TT-BTC,Không,Đủ,Đang hoạt động,0394336917,lienhe.dn00178@doanhnghiep.vn,2025,BCTC chưa kiểm toán,triệu đồng,86.0,303.0,374.0,154.0,917.0,95.0,5.0,100.0,1017.0,27.0,0.0,279.0,306.0,0.0,0.0,0.0,306.0,711.0,1017.0,897.0,776.0,121.0,113.0,0.0,8.0,2.0,6.0,9.0,0.008918617614269788,0.897,1.017,-0.17327188940092164,Siêu nhỏ
DN00373,Doanh nghiệp tư nhân Xây dựng Tân Vinh,9074157901,Doanh nghiệp tư nhân,Ngoài nhà nước,Xây dựng,Xây dựng,2019,10,Đà Nẵng,CN Đà Nẵng,2025-09-25,Bùi Hữu Hùng,1,Thông tư 132/2018/TT-BTC,Không,Đủ,Đang hoạt động,0973658204,lienhe.dn00373@doanhnghiep.vn,2025,BCTC chưa kiểm toán,triệu đồng,31.0,237.0,140.0,65.0,473.0,118.0,48.0,166.0,639.0,187.0,97.0,28.0,312.0,67.0,24.0,91.0,403.0,236.0,639.0,466.0,400.0,66.0,50.0,16.0,0.0,0.0,0.0,8.0,0.0,0.466,0.639,0.2663043478260869,Siêu nhỏ
DN00049,Công ty TNHH Lâm nghiệp Vinh Tâm,9671525970,Công ty TNHH một thành viên,Ngoài nhà nước,"Nông, lâm nghiệp và thủy sản","Nông, lâm nghiệp và thủy sản",2022,5,Đà Nẵng,CN Đà Nẵng,2023-03-04,Bùi Minh Nga,4,Thông tư 132/2018/TT-BTC,Không,Đủ,Đang hoạt động,0970318978,lienhe.dn00049@doanhnghiep.vn,2025,BCTC chưa kiểm toán,triệu đồng,97.0,561.0,210.0,283.0,1151.0,677.0,167.0,844.0,1995.0,18.0,224.0,40.0,282.0,0.0,0.0,0.0,282.0,1713.0,1995.0,334.0,299.0,35.0,12.0,23.0,0.0,0.0,0.0,61.0,0.0,0.334,1.995,-0.13471502590673579,Siêu nhỏ
DN00245,Công ty TNHH Công nghệ Thịnh Yên,9001717446,Công ty TNHH một thành viên,Ngoài nhà nước,Thương mại và dịch vụ,Dịch vụ khác,2010,12,Đà Nẵng,CN Đà Nẵng,2014-12-16,Ngô Ngọc Thảo,14,Thông tư 133/2016/TT-BTC,Không,Đủ,Đang hoạt động,0399509496,lienhe.dn00245@doanhnghiep.vn,2025,BCTC chưa kiểm toán,triệu đồng,3798.0,13071.0,3151.0,2721.0,22741.0,12189.0,1722.0,13911.0,36652.0,1650.0,11115.0,1165.0,13930.0,2875.0,1116.0,3991.0,17921.0,18731.0,36652.0,28038.0,20370.0,7668.0,5181.0,1172.0,1315.0,263.0,1052.0,1215.0,0.04690063485269991,28.038,36.652,0.23076247750318246,Nhỏ
DN00166,Công ty Cổ phần Kỹ thuật Xây dựng Tiến Tuấn,9250189096,Công ty cổ phần,Ngoài nhà nước,Xây dựng,Xây dựng,2023,10,Hà Nội,CN Hoàn Kiếm,2023-06-13,Hoàng Hoài Yến,14,Thông tư 132/2018/TT-BTC,Không,Đủ,Đang hoạt động,0904386888,lienhe.dn00166@doanhnghiep.vn,2025,BCTC chưa kiểm toán,triệu đồng,136.0,434.0,516.0,300.0,1386.0,486.0,31.0,517.0,1903.0,137.0,792.0,72.0,1001.0,14.0,10.0,24.0,1025.0,878.0,1903.0,1022.0,899.0,123.0,23.0,77.0,23.0,5.0,18.0,35.0,0.022504892367906065,1.022,1.903,0.028169014084507005,Siêu nhỏ
DN00235,Công ty TNHH Thương mại Tổng hợp Yên Hòa,9781717265,Công ty TNHH một thành viên,Ngoài nhà nước,Thương mại và dịch vụ,"Bán buôn, bán lẻ",2023,9,Hà Nội,CN Hoàn Kiếm,2023-11-11,Bùi Thanh Nga,9,Không lập BCTC (nộp thuế theo tỷ lệ % trên doanh thu),Không,Không đủ,Đang hoạt động,0385887802,lienhe.dn00235@doanhnghiep.vn,2025,Tờ khai thuế,triệu đồng,,,,,,,,,,,,,,,,,,,,1288.0,,,,,,,,,,1.288,,0.1892890120036934,Siêu nhỏ
DN00489,Doanh nghiệp tư nhân Logistics Thái Gia,9565010855,Doanh nghiệp tư nhân,Ngoài nhà nước,Thương mại và dịch vụ,Dịch vụ khác,2024,8,Đà Nẵng,CN Đà Nẵng,2026-04-01,Đặng Hữu Cường,1,Thông tư 132/2018/TT-BTC,Không,Đủ,Đang hoạt động,0964103701,lienhe.dn00489@doanhnghiep.vn,2025,BCTC chưa kiểm toán,triệu đồng,89.0,893.0,144.0,116.0,1242.0,717.0,206.0,923.0,2165.0,26.0,0.0,883.0,909.0,0.0,0.0,0.0,909.0,1256.0,2165.0,703.0,524.0,179.0,171.0,0.0,8.0,2.0,6.0,73.0,0.011379800853485065,0.703,2.165,-0.10673443456162646,Siêu nhỏ
DN00275,Công ty TNHH Thương mại Phú Xuân,9996458251,Công ty TNHH một thành viên,Ngoài nhà nước,Thương mại và dịch vụ,"Bán buôn, bán lẻ",2023,34,TP Hồ Chí Minh,CN TP Hồ Chí Minh,2026-08-07,Nguyễn Ngọc Việt,10,Thông tư 133/2016/TT-BTC,Không,Đủ,Đang hoạt động,0929302580,lienhe.dn00275@doanhnghiep.vn,2025,BCTC chưa kiểm toán,triệu đồng,988.0,1752.0,3887.0,998.0,7625.0,1800.0,324.0,2124.0,9749.0,1253.0,4735.0,970.0,6958.0,0.0,0.0,0.0,6958.0,2791.0,9749.0,16175.0,14656.0,1519.0,2039.0,416.0,-936.0,0.0,-936.0,164.0,-0.05786707882534776,16.175,9.749,-0.3095573483587314,Nhỏ
DN00008,Doanh nghiệp tư nhân Du lịch Thành Gia,9263169666,Doanh nghiệp tư nhân,Ngoài nhà nước,Thương mại và dịch vụ,Dịch vụ khác,2025,2,TP Hồ Chí Minh,CN Quận 1,2025-07-06,Dương Thu Phong,9,Thông tư 132/2018/TT-BTC,Không,Không đủ,Đang hoạt động,0237851849,lienhe.dn00008@doanhnghiep.vn,2025,BCTC chưa kiểm toán,triệu đồng,17.0,256.0,25.0,30.0,328.0,341.0,24.0,365.0,693.0,29.0,130.0,15.0,174.0,79.0,11.0,90.0,264.0,429.0,693.0,320.0,244.0,76.0,47.0,19.0,10.0,2.0,8.0,37.0,0.03125,0.32,0.693,,Siêu nhỏ
DN00223,Công ty TNHH Dịch vụ Nam Quang,9336033275,Công ty TNHH một thành viên,Ngoài nhà nước,Thương mại và dịch vụ,Dịch vụ khác,2023,7,TP Hồ Chí Minh,CN TP Hồ Chí Minh,2023-03-24,Bùi Quốc Tuấn,7,Thông tư 132/2018/TT-BTC,Không,Đủ,Đang hoạt động,0227485963,lienhe.dn00223@doanhnghiep.vn,2025,BCTC chưa kiểm toán,triệu đồng,186.0,782.0,250.0,327.0,1545.0,1270.0,167.0,1437.0,2982.0,152.0,477.0,54.0,683.0,0.0,0.0,0.0,683.0,2299.0,2982.0,2685.0,1954.0,731.0,616.0,49.0,66.0,13.0,53.0,100.0,0.024581005586592177,2.685,2.982,-0.2645850451930978,Siêu nhỏ
DN00212,Công ty Cổ phần Dịch vụ Tâm Khánh,9153973075,Công ty cổ phần,Ngoài nhà nước,Thương mại và dịch vụ,Dịch vụ khác,2020,133,TP Hồ Chí Minh,CN TP Hồ Chí Minh,2023-04-03,Ngô Hữu Việt,5,Thông tư 200/2014/TT-BTC,Có,Đủ,Đang hoạt động,0238470490,lienhe.dn00212@doanhnghiep.vn,2025,BCTC đã kiểm toán,triệu đồng,25881.0,176880.0,34479.0,60749.0,297989.0,263999.0,85503.0,349502.0,647491.0,69289.0,105394.0,20021.0,194704.0,124438.0,7143.0,131581.0,326285.0,321206.0,647491.0,1055348.0,779734.0,275614.0,215306.0,22973.0,37335.0,7467.0,29868.0,28604.0,0.03537695622676122,1055.348,647.491,0.05079804446745584,Lớn
DN00159,Công ty TNHH Phân phối Thịnh Ngọc,9718710563,Công ty TNHH một thành viên,Ngoài nhà nước,Thương mại và dịch vụ,"Bán buôn, bán lẻ",2015,20,Bình Dương,CN Bình Dương,2018-01-21,Dương Thị Bình,9,Thông tư 133/2016/TT-BTC,Không,Đủ,Đang hoạt động,0910460995,lienhe.dn00159@doanhnghiep.vn,2025,BCTC chưa kiểm toán,triệu đồng,301.0,1388.0,966.0,809.0,3464.0,1048.0,428.0,1476.0,4940.0,480.0,1799.0,402.0,2681.0,0.0,0.0,0.0,2681.0,2259.0,4940.0,9883.0,8861.0,1022.0,739.0,147.0,136.0,27.0,109.0,67.0,0.01376100374380249,9.883,4.94,0.39728545171780016,Nhỏ
DN00291,Công ty TNHH Phân phối Đạt Tân,9318040549,Công ty TNHH hai thành viên trở lên,Ngoài nhà nước,Thương mại và dịch vụ,"Bán buôn, bán lẻ",2014,22,TP Hồ Chí Minh,CN TP Hồ Chí Minh,2017-01-31,Nguyễn Văn An,17,Thông tư 133/2016/TT-BTC,Có,Đủ,Đang hoạt động,0384780967,lienhe.dn00291@doanhnghiep.vn,2025,BCTC đã kiểm toán,triệu đồng,845.0,1743.0,1484.0,676.0,4748.0,543.0,179.0,722.0,5470.0,335.0,2485.0,264.0,3084.0,0.0,0.0,0.0,3084.0,2386.0,5470.0,9935.0,9182.0,753.0,170.0,236.0,347.0,69.0,278.0,55.0,0.03492702566683442,9.935,5.47,0.1253964657906661,Nhỏ
DN00182,Công ty TNHH Phân phối Châu Hưng,9933615105,Công ty TNHH hai thành viên trở lên,Ngoài nhà nước,Thương mại và dịch vụ,"Bán buôn, bán lẻ",2021,19,Hà Nội,CN Hoàn Kiếm,2025-06-22,Ngô Quốc Quân,1,Thông tư 133/2016/TT-BTC,Không,Đủ,Đang hoạt động,0973114581,lienhe.dn00182@doanhnghiep.vn,2025,BCTC chưa kiểm toán,triệu đồng,125.0,697.0,1200.0,448.0,2470.0,547.0,76.0,623.0,3093.0,356.0,1332.0,146.0,1834.0,0.0,0.0,0.0,1834.0,1259.0,3093.0,5641.0,5090.0,551.0,328.0,145.0,78.0,16.0,62.0,33.0,0.013827335578798085,5.641,3.093,-0.15414604888289096,Nhỏ
DN00454,Công ty TNHH Lâm nghiệp Thuận Phúc,9166693311,Công ty TNHH một thành viên,Ngoài nhà nước,"Nông, lâm nghiệp và thủy sản","Nông, lâm nghiệp và thủy sản",2024,7,Hà Nội,CN Hoàn Kiếm,2025-03-16,Lê Thị Phong,6,Thông tư 132/2018/TT-BTC,Không,Đủ,Đang hoạt động,0354909514,lienhe.dn00454@doanhnghiep.vn,2025,BCTC chưa kiểm toán,triệu đồng,131.0,211.0,425.0,88.0,855.0,597.0,64.0,661.0,1516.0,33.0,459.0,45.0,537.0,0.0,0.0,0.0,537.0,979.0,1516.0,456.0,403.0,53.0,30.0,37.0,-14.0,0.0,-14.0,66.0,-0.03070175438596491,0.456,1.516,-0.10059171597633132,Siêu nhỏ
DN00422,Công ty TNHH Thương mại Dịch vụ Hưng Đạt,9785158462,Công ty TNHH một thành viên,Ngoài nhà nước,Thương mại và dịch vụ,"Bán buôn, bán lẻ",2008,43,Cần Thơ,CN Cần Thơ,2017-04-10,Đặng Thu Bình,15,Thông tư 133/2016/TT-BTC,Không,Đủ,Đang hoạt động,0369967254,lienhe.dn00422@doanhnghiep.vn,2025,BCTC chưa kiểm toán,triệu đồng,456.0,567.0,1851.0,714.0,3588.0,696.0,235.0,931.0,4519.0,555.0,847.0,186.0,1588.0,0.0,0.0,0.0,1588.0,2931.0,4519.0,7185.0,6367.0,818.0,530.0,80.0,208.0,42.0,166.0,59.0,0.02894919972164231,7.185,4.519,0.11672365557973263,Nhỏ
DN00485,Công ty TNHH Xây dựng và Thương mại Tiến Gia,9520351365,Công ty TNHH hai thành viên trở lên,Ngoài nhà nước,Xây dựng,Xây dựng,2020,4,TP Hồ Chí Minh,CN Quận 1,2020-09-11,Trần Thanh Mai,3,Không lập BCTC (nộp thuế theo tỷ lệ % trên doanh thu),Không,Không đủ,Đang hoạt động,0992160640,lienhe.dn00485@doanhnghiep.vn,2025,Tờ khai thuế,triệu đồng,,,,,,,,,,,,,,,,,,,,601.0,,,,,,,,,,0.601,,-0.1617852161785216,Siêu nhỏ
DN00411,Công ty Cổ phần Du lịch Long Khang,9115973385,Công ty cổ phần,Ngoài nhà nước,Thương mại và dịch vụ,Dịch vụ khác,2015,13,Hà Nội,CN Cầu Giấy,2025-07-21,Hoàng Hoài Bình,1,Thông tư 133/2016/TT-BTC,Không,Đủ,Đang hoạt động,0917771926,lienhe.dn00411@doanhnghiep.vn,2025,BCTC chưa kiểm toán,triệu đồng,443.0,3006.0,797.0,696.0,4942.0,5110.0,1460.0,6570.0,11512.0,1132.0,1831.0,329.0,3292.0,3481.0,282.0,3763.0,7055.0,4457.0,11512.0,12331.0,9439.0,2892.0,1943.0,569.0,380.0,76.0,304.0,582.0,0.030816640986132512,12.331,11.512,-0.049047582324361794,Nhỏ
DN00021,Doanh nghiệp tư nhân Phân phối Khánh Gia,9198088634,Doanh nghiệp tư nhân,Ngoài nhà nước,Thương mại và dịch vụ,"Bán buôn, bán lẻ",2023,7,Đà Nẵng,CN Đà Nẵng,2024-04-21,Bùi Thanh Quân,6,Thông tư 132/2018/TT-BTC,Không,Đủ,Đang hoạt động,0984057624,lienhe.dn00021@doanhnghiep.vn,2025,BCTC chưa kiểm toán,triệu đồng,240.0,632.0,548.0,420.0,1840.0,86.0,11.0,97.0,1937.0,200.0,1054.0,143.0,1397.0,0.0,0.0,0.0,1397.0,540.0,1937.0,2063.0,1804.0,259.0,153.0,115.0,-9.0,0.0,-9.0,9.0,-0.004362578768783325,2.063,1.937,-0.17841497411389884,Siêu nhỏ
DN00148,Công ty Cổ phần Xây dựng Yên Vinh,9033250997,Công ty cổ phần,Ngoài nhà nước,Xây dựng,Xây dựng,2016,183,Cần Thơ,CN Cần Thơ,2016-11-24,Đặng Thanh Hà,16,Thông tư 133/2016/TT-BTC,Có,Đủ,Đang hoạt động,0239764512,lienhe.dn00148@doanhnghiep.vn,2025,BCTC đã kiểm toán,triệu đồng,2257.0,2833.0,11111.0,4748.0,20949.0,2356.0,404.0,2760.0,23709.0,2506.0,5941.0,1124.0,9571.0,1656.0,66.0,1722.0,11293.0,12416.0,23709.0,7048.0,5844.0,1204.0,70.0,655.0,479.0,96.0,383.0,167.0,0.06796254256526674,7.048,23.709,0.33459572050747965,Vừa
DN00351,Công ty TNHH Nhựa Bình Trung,9593757035,Công ty TNHH hai thành viên trở lên,Ngoài nhà nước,Công nghiệp,"Chế biến, chế tạo",2016,5,Cần Thơ,CN Cần Thơ,2017-03-27,Dương Minh Long,12,Không lập BCTC (nộp thuế theo tỷ lệ % trên doanh thu),Không,Không đủ,Đang hoạt động,0975604712,lienhe.dn00351@doanhnghiep.vn,2025,Tờ khai thuế,triệu đồng,,,,,,,,,,,,,,,,,,,,482.0,,,,,,,,,,0.482,,-0.014314928425357865,Siêu nhỏ
DN00432,Công ty TNHH Dịch vụ Thái Hòa,9073439916,Công ty TNHH hai thành viên trở lên,Ngoài nhà nước,Thương mại và dịch vụ,Dịch vụ khác,2021,5,Hà Nội,CN Hoàn Kiếm,2025-07-23,Lý Minh Quân,13,Không lập BCTC (nộp thuế theo tỷ lệ % trên doanh thu),Không,Không đủ,Đang hoạt động,0227149273,lienhe.dn00432@doanhnghiep.vn,2025,Tờ khai thuế,triệu đồng,,,,,,,,,,,,,,,,,,,,438.0,,,,,,,,,,0.438,,-0.0641025641025641,Siêu nhỏ
DN00227,Công ty TNHH Thương mại Dịch vụ Minh Trung,9413292703,Công ty TNHH một thành viên,Ngoài nhà nước,Thương mại và dịch vụ,"Bán buôn, bán lẻ",2021,3,Hà Nội,CN Hoàn Kiếm,2025-12-06,Đỗ Hữu Lan,17,Thông tư 132/2018/TT-BTC,Không,Đủ,Đang hoạt động,0321630317,lienhe.dn00227@doanhnghiep.vn,2025,BCTC chưa kiểm toán,triệu đồng,294.0,650.0,1717.0,388.0,3049.0,181.0,13.0,194.0,3243.0,174.0,1516.0,270.0,1960.0,0.0,0.0,0.0,1960.0,1283.0,3243.0,5885.0,5397.0,488.0,434.0,109.0,-55.0,0.0,-55.0,17.0,-0.009345794392523364,5.885,3.243,-0.11769115442278866,Siêu nhỏ
DN00278,Công ty Cổ phần Thương mại Dịch vụ Thuận An,9208172663,Công ty cổ phần,Có vốn đầu tư nước ngoài,Thương mại và dịch vụ,"Bán buôn, bán lẻ",2022,11,Cần Thơ,CN Cần Thơ,2024-09-13,Lý Thu Việt,6,Thông tư 133/2016/TT-BTC,Có,Đủ,Đang hoạt động,0357765987,lienhe.dn00278@doanhnghiep.vn,2025,BCTC đã kiểm toán,triệu đồng,2116.0,3843.0,5514.0,3000.0,14473.0,2647.0,898.0,3545.0,18018.0,1505.0,6023.0,871.0,8399.0,0.0,0.0,0.0,8399.0,9619.0,18018.0,22848.0,20363.0,2485.0,1644.0,649.0,192.0,38.0,154.0,199.0,0.008403361344537815,22.848,18.018,0.19192446136992025,Nhỏ
DN00264,Công ty Cổ phần Đầu tư Xây dựng Minh Phú,9436453481,Công ty cổ phần,Ngoài nhà nước,Xây dựng,Xây dựng,1991,181,TP Hồ Chí Minh,CN TP Hồ Chí Minh,2023-06-25,Nguyễn Quốc Phong,1,Thông tư 133/2016/TT-BTC,Có,Đủ,Đang hoạt động,0303267485,lienhe.dn00264@doanhnghiep.vn,2025,BCTC đã kiểm toán,triệu đồng,2846.0,15041.0,11267.0,7170.0,36324.0,8184.0,3063.0,11247.0,47571.0,3688.0,28500.0,4930.0,37118.0,0.0,0.0,0.0,37118.0,10453.0,47571.0,16739.0,14709.0,2030.0,966.0,2446.0,-1382.0,0.0,-1382.0,876.0,-0.0825616822988231,16.739,47.571,-0.13174957207324034,Vừa
DN00088,Công ty Cổ phần Dịch vụ Phú Tâm,9018285351,Công ty cổ phần,Ngoài nhà nước,Thương mại và dịch vụ,Dịch vụ khác,2022,88,Đà Nẵng,CN Đà Nẵng,2025-09-15,Đỗ Đức Cường,15,Thông tư 133/2016/TT-BTC,Không,Đủ,Đang hoạt động,0245855724,lienhe.dn00088@doanhnghiep.vn,2025,BCTC chưa kiểm toán,triệu đồng,967.0,7544.0,1623.0,2863.0,12997.0,6857.0,2230.0,9087.0,22084.0,596.0,6588.0,430.0,7614.0,1590.0,680.0,2270.0,9884.0,12200.0,22084.0,25577.0,19140.0,6437.0,4443.0,576.0,1418.0,284.0,1134.0,526.0,0.055440434765609725,25.577,22.084,-0.0770424364896074,Vừa
DN00474,Công ty Cổ phần Thương mại Nhật Phát,9240921765,Công ty cổ phần,Ngoài nhà nước,Thương mại và dịch vụ,"Bán buôn, bán lẻ",2017,60,TP Hồ Chí Minh,CN Quận 1,2022-12-16,Bùi Thanh Bình,5,Thông tư 133/2016/TT-BTC,Không,Đủ,Đang hoạt động,0997870062,lienhe.dn00474@doanhnghiep.vn,2025,BCTC chưa kiểm toán,triệu đồng,2406.0,6023.0,6896.0,2385.0,17710.0,3341.0,1068.0,4409.0,22119.0,1496.0,9873.0,1093.0,12462.0,0.0,0.0,0.0,12462.0,9657.0,22119.0,31597.0,28673.0,2924.0,1408.0,1002.0,514.0,103.0,411.0,237.0,0.016267367155109663,31.597,22.119,0.08936390277538364,Vừa
DN00290,Công ty Cổ phần Thương mại Tổng hợp Kim Lâm,9769455952,Công ty cổ phần,Ngoài nhà nước,Thương mại và dịch vụ,"Bán buôn, bán lẻ",2006,15,Bình Dương,CN Bình Dương,2017-03-17,Phạm Đức Phong,15,Thông tư 133/2016/TT-BTC,Không,Đủ,Đang hoạt động,0991912747,lienhe.dn00290@doanhnghiep.vn,2025,BCTC chưa kiểm toán,triệu đồng,2302.0,1806.0,7553.0,2563.0,14224.0,3414.0,589.0,4003.0,18227.0,1563.0,0.0,6413.0,7976.0,0.0,3867.0,3867.0,11843.0,6384.0,18227.0,30310.0,25483.0,4827.0,4342.0,0.0,485.0,97.0,388.0,393.0,0.016001319696469812,30.31,18.227,0.3272902434752145,Nhỏ
DN00167,Doanh nghiệp tư nhân Thương mại Đông Châu,9724604494,Doanh nghiệp tư nhân,Ngoài nhà nước,Thương mại và dịch vụ,"Bán buôn, bán lẻ",2020,2,TP Hồ Chí Minh,CN TP Hồ Chí Minh,2026-09-21,Phạm Văn Quân,9,Thông tư 132/2018/TT-BTC,Không,Đủ,Đang hoạt động,0238544606,lienhe.dn00167@doanhnghiep.vn,2025,BCTC chưa kiểm toán,triệu đồng,449.0,865.0,848.0,456.0,2618.0,125.0,28.0,153.0,2771.0,319.0,879.0,89.0,1287.0,583.0,122.0,705.0,1992.0,779.0,2771.0,4286.0,3877.0,409.0,300.0,109.0,0.0,0.0,0.0,9.0,0.0,4.286,2.771,-0.01584385763490237,Siêu nhỏ
DN00231,Công ty TNHH Vận tải Tuấn Vinh,9979313733,Công ty TNHH một thành viên,Ngoài nhà nước,Thương mại và dịch vụ,Dịch vụ khác,2023,4,TP Hồ Chí Minh,CN TP Hồ Chí Minh,2024-03-04,Dương Hữu Thảo,8,Thông tư 132/2018/TT-BTC,Không,Đủ,Đang hoạt động,0924760829,lienhe.dn00231@doanhnghiep.vn,2025,BCTC chưa kiểm toán,triệu đồng,93.0,473.0,104.0,204.0,874.0,576.0,130.0,706.0,1580.0,57.0,0.0,417.0,474.0,0.0,638.0,638.0,1112.0,468.0,1580.0,1324.0,1099.0,225.0,265.0,0.0,-40.0,0.0,-40.0,45.0,-0.030211480362537766,1.324,1.58,0.032761310452418035,Siêu nhỏ
DN00500,Công ty Cổ phần Dịch vụ Toàn Châu,9411331775,Công ty cổ phần,Ngoài nhà nước,Thương mại và dịch vụ,Dịch vụ khác,2023,45,Hải Phòng,CN Hải Phòng,2024-10-29,Ngô Thanh Long,12,Thông tư 133/2016/TT-BTC,Có,Đủ,Đang hoạt động,0257894875,lienhe.dn00500@doanhnghiep.vn,2025,BCTC đã kiểm toán,triệu đồng,3297.0,37367.0,4788.0,4201.0,49653.0,35288.0,8099.0,43387.0,93040.0,11200.0,37011.0,3483.0,51694.0,14600.0,6753.0,21353.0,73047.0,19993.0,93040.0,203537.0,145217.0,58320.0,57771.0,4346.0,-3797.0,0.0,-3797.0,3907.0,-0.018655084824872135,203.537,93.04,0.3245415381411634,Vừa
DN00499,Công ty TNHH Thương mại Dịch vụ Vinh Tuấn,9977910076,Công ty TNHH hai thành viên trở lên,Ngoài nhà nước,Thương mại và dịch vụ,"Bán buôn, bán lẻ",2023,5,TP Hồ Chí Minh,CN TP Hồ Chí Minh,2024-09-30,Dương Thanh Sơn,12,Thông tư 132/2018/TT-BTC,Không,Đủ,Đang hoạt động,0322790631,lienhe.dn00499@doanhnghiep.vn,2025,BCTC chưa kiểm toán,triệu đồng,132.0,391.0,235.0,217.0,975.0,115.0,35.0,150.0,1125.0,58.0,0.0,432.0,490.0,0.0,0.0,0.0,490.0,635.0,1125.0,1017.0,930.0,87.0,74.0,0.0,13.0,3.0,10.0,13.0,0.012782694198623401,1.017,1.125,0.015984015984015887,Siêu nhỏ
DN00216,Công ty TNHH Nhựa Phát Phúc,9154801112,Công ty TNHH hai thành viên trở lên,Ngoài nhà nước,Công nghiệp,"Chế biến, chế tạo",2024,68,Đà Nẵng,CN Đà Nẵng,2024-06-03,Trần Quốc Bình,8,Thông tư 133/2016/TT-BTC,Không,Đủ,Đang hoạt động,0206678851,lienhe.dn00216@doanhnghiep.vn,2025,BCTC chưa kiểm toán,triệu đồng,239.0,453.0,452.0,246.0,1390.0,1309.0,415.0,1724.0,3114.0,146.0,0.0,647.0,793.0,0.0,1355.0,1355.0,2148.0,966.0,3114.0,2576.0,2203.0,373.0,330.0,0.0,43.0,9.0,34.0,133.0,0.016692546583850932,2.576,3.114,0.18382352941176472,Nhỏ
DN00132,Công ty TNHH Xây dựng và Thương mại Kim Khánh,9799926536,Công ty TNHH hai thành viên trở lên,Ngoài nhà nước,Xây dựng,Xây dựng,2024,33,Bình Dương,CN Bình Dương,2025-10-12,Lý Thu Hà,25,Thông tư 133/2016/TT-BTC,Không,Đủ,Đang hoạt động,0272884354,lienhe.dn00132@doanhnghiep.vn,2025,BCTC chưa kiểm toán,triệu đồng,1824.0,5314.0,1577.0,1560.0,10275.0,1796.0,661.0,2457.0,12732.0,528.0,6299.0,570.0,7397.0,0.0,0.0,0.0,7397.0,5335.0,12732.0,4594.0,3917.0,677.0,46.0,675.0,-44.0,0.0,-44.0,146.0,-0.00957771005659556,4.594,12.732,0.1450648055832502,Nhỏ
DN00109,Công ty TNHH Logistics Minh Thành,9194744471,Công ty TNHH một thành viên,Ngoài nhà nước,Thương mại và dịch vụ,Dịch vụ khác,2016,71,Đà Nẵng,CN Đà Nẵng,2024-11-30,Đặng Ngọc Quân,12,Thông tư 133/2016/TT-BTC,Không,Đủ,Đang hoạt động,0316494248,lienhe.dn00109@doanhnghiep.vn,2025,BCTC chưa kiểm toán,triệu đồng,1255.0,8215.0,1669.0,3061.0,14200.0,10815.0,1069.0,11884.0,26084.0,883.0,12369.0,1182.0,14434.0,0.0,0.0,0.0,14434.0,11650.0,26084.0,12302.0,8665.0,3637.0,1901.0,1245.0,491.0,98.0,393.0,1076.0,0.03991220939684604,12.302,26.084,0.25710198242387095,Vừa
DN00117,Công ty TNHH Dịch vụ Tâm Việt,9064731267,Công ty TNHH hai thành viên trở lên,Ngoài nhà nước,Thương mại và dịch vụ,Dịch vụ khác,2015,45,TP Hồ Chí Minh,CN TP Hồ Chí Minh,2017-08-06,Trần Quốc Thảo,6,Thông tư 133/2016/TT-BTC,Không,Đủ,Đang hoạt động,0242110252,lienhe.dn00117@doanhnghiep.vn,2025,BCTC chưa kiểm toán,triệu đồng,202.0,1518.0,400.0,234.0,2354.0,1302.0,344.0,1646.0,4000.0,153.0,1210.0,156.0,1519.0,1141.0,144.0,1285.0,2804.0,1196.0,4000.0,3273.0,2618.0,655.0,417.0,174.0,64.0,13.0,51.0,81.0,0.01955392606171708,3.273,4.0,0.0891846921797006,Nhỏ
DN00081,Công ty TNHH Kỹ thuật Xây dựng Lâm Khánh,9211141748,Công ty TNHH một thành viên,Ngoài nhà nước,Xây dựng,Xây dựng,2019,2,Hà Nội,CN Hoàn Kiếm,2025-03-01,Lý Minh Trang,10,Thông tư 132/2018/TT-BTC,Không,Đủ,Đang hoạt động,0334564062,lienhe.dn00081@doanhnghiep.vn,2025,BCTC chưa kiểm toán,triệu đồng,120.0,561.0,420.0,98.0,1199.0,308.0,43.0,351.0,1550.0,133.0,448.0,81.0,662.0,0.0,0.0,0.0,662.0,888.0,1550.0,457.0,397.0,60.0,5.0,45.0,10.0,2.0,8.0,27.0,0.02188183807439825,0.457,1.55,-0.14419475655430714,Siêu nhỏ
DN00123,Công ty Cổ phần Logistics Thuận Trung,9881276245,Công ty cổ phần,Ngoài nhà nước,Thương mại và dịch vụ,Dịch vụ khác,2022,28,Bình Dương,CN Bình Dương,2025-09-22,Hoàng Hữu Cường,4,Thông tư 133/2016/TT-BTC,Không,Đủ,Đã đóng,0999375906,lienhe.dn00123@doanhnghiep.vn,2025,BCTC chưa kiểm toán,triệu đồng,853.0,2678.0,246.0,1035.0,4812.0,3127.0,613.0,3740.0,8552.0,163.0,3801.0,488.0,4452.0,364.0,125.0,489.0,4941.0,3611.0,8552.0,5923.0,4039.0,1884.0,1344.0,366.0,174.0,35.0,139.0,315.0,0.029377004896167482,5.923,8.552,-0.11833879130693659,Nhỏ
DN00018,Công ty TNHH Nông sản Trung Hòa,9930875757,Công ty TNHH một thành viên,Ngoài nhà nước,"Nông, lâm nghiệp và thủy sản","Nông, lâm nghiệp và thủy sản",2024,3,Đà Nẵng,CN Đà Nẵng,2025-02-07,Phạm Thị Trang,10,Thông tư 132/2018/TT-BTC,Không,Đủ,Đang hoạt động,0919808162,lienhe.dn00018@doanhnghiep.vn,2025,BCTC chưa kiểm toán,triệu đồng,97.0,193.0,334.0,80.0,704.0,766.0,273.0,1039.0,1743.0,21.0,353.0,23.0,397.0,250.0,141.0,391.0,788.0,955.0,1743.0,544.0,457.0,87.0,19.0,57.0,11.0,2.0,9.0,47.0,0.02022058823529412,0.544,1.743,0.19037199124726478,Siêu nhỏ
DN00129,Công ty TNHH Thương mại Dịch vụ Minh Toàn,9624629314,Công ty TNHH một thành viên,Ngoài nhà nước,Thương mại và dịch vụ,"Bán buôn, bán lẻ",2006,11,Cần Thơ,CN Cần Thơ,2017-02-18,Bùi Hữu Cường,8,Thông tư 133/2016/TT-BTC,Không,Đủ,Đang hoạt động,0992009554,lienhe.dn00129@doanhnghiep.vn,2025,BCTC chưa kiểm toán,triệu đồng,2697.0,12322.0,8316.0,5389.0,28724.0,5165.0,1642.0,6807.0,35531.0,5329.0,12659.0,2650.0,20638.0,0.0,0.0,0.0,20638.0,14893.0,35531.0,53100.0,45868.0,7232.0,5753.0,1259.0,220.0,44.0,176.0,572.0,0.004143126177024482,53.1,35.531,-0.15991646627009237,Nhỏ
DN00190,Công ty TNHH Du lịch Bình Đạt,9867359579,Công ty TNHH một thành viên,Ngoài nhà nước,Thương mại và dịch vụ,Dịch vụ khác,2015,10,Hà Nội,CN Cầu Giấy,2020-01-16,Vũ Thanh Nam,11,Thông tư 132/2018/TT-BTC,Không,Đủ,Đang hoạt động,0345584170,lienhe.dn00190@doanhnghiep.vn,2025,BCTC chưa kiểm toán,triệu đồng,127.0,653.0,111.0,150.0,1041.0,632.0,134.0,766.0,1807.0,114.0,506.0,66.0,686.0,459.0,92.0,551.0,1237.0,570.0,1807.0,1162.0,855.0,307.0,130.0,96.0,81.0,16.0,65.0,59.0,0.06970740103270223,1.162,1.807,0.3464658169177288,Siêu nhỏ
DN00331,Công ty TNHH Công nghệ Nhật Bảo,9033791886,Công ty TNHH hai thành viên trở lên,Ngoài nhà nước,Thương mại và dịch vụ,Dịch vụ khác,2020,8,Đà Nẵng,CN Đà Nẵng,2024-10-25,Ngô Hoài Hà,6,Thông tư 132/2018/TT-BTC,Không,Đủ,Đang hoạt động,0265067210,lienhe.dn00331@doanhnghiep.vn,2025,BCTC chưa kiểm toán,triệu đồng,126.0,746.0,193.0,137.0,1202.0,637.0,50.0,687.0,1889.0,63.0,382.0,43.0,488.0,407.0,167.0,574.0,1062.0,827.0,1889.0,924.0,693.0,231.0,134.0,60.0,37.0,7.0,30.0,66.0,0.04004329004329004,0.924,1.889,0.46666666666666656,Siêu nhỏ
DN00007,Công ty TNHH Thương mại Dịch vụ Linh Đạt,9653320303,Công ty TNHH một thành viên,Ngoài nhà nước,Thương mại và dịch vụ,"Bán buôn, bán lẻ",2022,26,Cần Thơ,CN Cần Thơ,2025-03-13,Đỗ Hữu Dũng,13,Thông tư 133/2016/TT-BTC,Không,Đủ,Đang hoạt động,0301890478,lienhe.dn00007@doanhnghiep.vn,2025,BCTC chưa kiểm toán,triệu đồng,212.0,1410.0,2214.0,611.0,4447.0,1309.0,426.0,1735.0,6182.0,1310.0,1213.0,357.0,2880.0,0.0,0.0,0.0,2880.0,3302.0,6182.0,12474.0,11235.0,1239.0,688.0,127.0,424.0,85.0,339.0,150.0,0.033990700657367326,12.474,6.182,0.02607551205067038,Nhỏ
DN00102,Công ty TNHH Dệt may Thịnh Long,9615105455,Công ty TNHH một thành viên,Ngoài nhà nước,Công nghiệp,"Chế biến, chế tạo",1999,51,Đà Nẵng,CN Đà Nẵng,2024-05-25,Bùi Ngọc Hà,17,Thông tư 133/2016/TT-BTC,Không,Đủ,Đang hoạt động,0975373505,lienhe.dn00102@doanhnghiep.vn,2025,BCTC chưa kiểm toán,triệu đồng,119.0,665.0,947.0,212.0,1943.0,1713.0,537.0,2250.0,4193.0,163.0,0.0,109.0,272.0,0.0,0.0,0.0,272.0,3921.0,4193.0,6317.0,5324.0,993.0,442.0,0.0,551.0,110.0,441.0,116.0,0.08722494855152763,6.317,4.193,-0.1862681952853278,Nhỏ
DN00238,Công ty Cổ phần Phân phối Vinh Việt,9008755882,Công ty cổ phần,Ngoài nhà nước,Thương mại và dịch vụ,"Bán buôn, bán lẻ",2021,122,Cần Thơ,CN Cần Thơ,2023-07-16,Lê Ngọc Quân,10,Thông tư 200/2014/TT-BTC,Có,Đủ,Đang hoạt động,0943646974,lienhe.dn00238@doanhnghiep.vn,2025,BCTC đã kiểm toán,triệu đồng,10706.0,91425.0,51436.0,18881.0,172448.0,14404.0,2761.0,17165.0,189613.0,14048.0,57355.0,6050.0,77453.0,0.0,0.0,0.0,77453.0,112160.0,189613.0,353737.0,303280.0,50457.0,40824.0,6250.0,3383.0,677.0,2706.0,1662.0,0.00956360233732971,353.737,189.613,-0.3419226053939215,Lớn
DN00179,Công ty TNHH Logistics Châu Minh,9817373088,Công ty TNHH hai thành viên trở lên,Ngoài nhà nước,Thương mại và dịch vụ,Dịch vụ khác,2024,3,Hà Nội,CN Cầu Giấy,2025-09-08,Lý Thanh Long,4,Thông tư 132/2018/TT-BTC,Không,Đủ,Đang hoạt động,0331795976,lienhe.dn00179@doanhnghiep.vn,2025,BCTC chưa kiểm toán,triệu đồng,71.0,482.0,408.0,303.0,1264.0,948.0,185.0,1133.0,2397.0,178.0,0.0,442.0,620.0,0.0,641.0,641.0,1261.0,1136.0,2397.0,1449.0,1254.0,195.0,175.0,0.0,20.0,4.0,16.0,113.0,0.013802622498274672,1.449,2.397,0.19653179190751446,Siêu nhỏ
DN00120,Công ty TNHH Phân phối Quang Thuận,9753573835,Công ty TNHH một thành viên,Ngoài nhà nước,Thương mại và dịch vụ,"Bán buôn, bán lẻ",2004,14,Hải Phòng,CN Hải Phòng,2013-10-24,Trần Thanh Quân,4,Thông tư 133/2016/TT-BTC,Không,Đủ,Ngừng giao dịch,0233991493,lienhe.dn00120@doanhnghiep.vn,2025,BCTC chưa kiểm toán,triệu đồng,378.0,2381.0,4086.0,645.0,7490.0,660.0,178.0,838.0,8328.0,1042.0,2642.0,286.0,3970.0,0.0,0.0,0.0,3970.0,4358.0,8328.0,18419.0,17034.0,1385.0,730.0,290.0,365.0,73.0,292.0,62.0,0.019816493837884794,18.419,8.328,-0.08065884701771897,Nhỏ
DN00305,Công ty Cổ phần Thương mại Dịch vụ Bình Hưng,9878968505,Công ty cổ phần,Ngoài nhà nước,Thương mại và dịch vụ,"Bán buôn, bán lẻ",2020,32,Đà Nẵng,CN Đà Nẵng,2025-04-05,Phạm Minh Lan,1,Thông tư 133/2016/TT-BTC,Không,Đủ,Đang hoạt động,0980383705,lienhe.dn00305@doanhnghiep.vn,2025,BCTC chưa kiểm toán,triệu đồng,8376.0,17042.0,34560.0,13895.0,73873.0,21568.0,9038.0,30606.0,104479.0,11283.0,0.0,53327.0,64610.0,0.0,0.0,0.0,64610.0,39869.0,104479.0,167984.0,150409.0,17575.0,20456.0,0.0,-2881.0,0.0,-2881.0,2150.0,-0.017150442899323746,167.984,104.479,-0.15403132396635943,Vừa
DN00045,Doanh nghiệp tư nhân Xây dựng và Thương mại Trung Đông,9231803249,Doanh nghiệp tư nhân,Ngoài nhà nước,Xây dựng,Xây dựng,2017,4,TP Hồ Chí Minh,CN Quận 1,2017-11-24,Trần Văn Phong,6,Thông tư 132/2018/TT-BTC,Không,Đủ,Ngừng giao dịch,0946113608,lienhe.dn00045@doanhnghiep.vn,2025,BCTC chưa kiểm toán,triệu đồng,31.0,304.0,268.0,120.0,723.0,309.0,72.0,381.0,1104.0,120.0,0.0,628.0,748.0,0.0,0.0,0.0,748.0,356.0,1104.0,592.0,545.0,47.0,54.0,0.0,-7.0,0.0,-7.0,36.0,-0.011824324324324325,0.592,1.104,-0.034257748776509,Siêu nhỏ
DN00175,Doanh nghiệp tư nhân Thương mại Tiến Xuân,9278690268,Doanh nghiệp tư nhân,Ngoài nhà nước,Thương mại và dịch vụ,"Bán buôn, bán lẻ",2024,4,Hà Nội,CN Cầu Giấy,2026-07-16,Đỗ Hữu Trang,8,Thông tư 132/2018/TT-BTC,Không,Đủ,Đang hoạt động,0249977839,lienhe.dn00175@doanhnghiep.vn,2025,BCTC chưa kiểm toán,triệu đồng,120.0,251.0,623.0,238.0,1232.0,407.0,44.0,451.0,1683.0,156.0,316.0,45.0,517.0,0.0,0.0,0.0,517.0,1166.0,1683.0,2057.0,1874.0,183.0,132.0,33.0,18.0,4.0,14.0,46.0,0.008750607681088965,2.057,1.683,-0.006280193236715026,Siêu nhỏ
DN00105,Công ty TNHH Thương mại Dịch vụ Tân Khang,9025425476,Công ty TNHH một thành viên,Ngoài nhà nước,Thương mại và dịch vụ,"Bán buôn, bán lẻ",2019,4,Bình Dương,CN Bình Dương,2026-05-18,Bùi Thị Tuấn,1,Thông tư 132/2018/TT-BTC,Không,Đủ,Đang hoạt động,0204405961,lienhe.dn00105@doanhnghiep.vn,2025,BCTC chưa kiểm toán,triệu đồng,208.0,1090.0,898.0,560.0,2756.0,460.0,63.0,523.0,3279.0,327.0,1186.0,147.0,1660.0,0.0,0.0,0.0,1660.0,1619.0,3279.0,4627.0,3937.0,690.0,813.0,121.0,-244.0,0.0,-244.0,31.0,-0.05273395288523881,4.627,3.279,-0.09274509803921571,Siêu nhỏ
DN00427,Doanh nghiệp tư nhân Du lịch Kim Yên,9751293836,Doanh nghiệp tư nhân,Ngoài nhà nước,Thương mại và dịch vụ,Dịch vụ khác,2024,8,Hà Nội,CN Thanh Xuân,2024-07-23,Đỗ Thanh Bình,10,Thông tư 132/2018/TT-BTC,Không,Đủ,Đang hoạt động,0962580551,lienhe.dn00427@doanhnghiep.vn,2025,BCTC chưa kiểm toán,triệu đồng,71.0,309.0,50.0,94.0,524.0,179.0,71.0,250.0,774.0,25.0,246.0,44.0,315.0,117.0,32.0,149.0,464.0,310.0,774.0,346.0,257.0,89.0,67.0,30.0,-8.0,0.0,-8.0,19.0,-0.023121387283236993,0.346,0.774,0.22695035460992918,Siêu nhỏ
DN00444,Doanh nghiệp tư nhân Công nghệ Hưng Tuấn,9859018308,Doanh nghiệp tư nhân,Ngoài nhà nước,Thương mại và dịch vụ,Dịch vụ khác,2016,8,Cần Thơ,CN Cần Thơ,2020-12-10,Lê Đức Sơn,11,Thông tư 132/2018/TT-BTC,Không,Đủ,Ngừng giao dịch,0940836138,lienhe.dn00444@doanhnghiep.vn,2025,BCTC chưa kiểm toán,triệu đồng,66.0,345.0,104.0,85.0,600.0,312.0,61.0,373.0,973.0,43.0,301.0,19.0,363.0,111.0,56.0,167.0,530.0,443.0,973.0,355.0,258.0,97.0,40.0,41.0,16.0,3.0,13.0,27.0,0.04507042253521127,0.355,0.973,0.03197674418604657,Siêu nhỏ
DN00186,Công ty Cổ phần Tư vấn Vinh Bảo,9412219302,Công ty cổ phần,Ngoài nhà nước,Thương mại và dịch vụ,Dịch vụ khác,2023,76,Cần Thơ,CN Cần Thơ,2025-07-05,Dương Hoài Yến,8,Thông tư 133/2016/TT-BTC,Có,Đủ,Đang hoạt động,0955719107,lienhe.dn00186@doanhnghiep.vn,2025,BCTC đã kiểm toán,triệu đồng,1591.0,15748.0,5300.0,4233.0,26872.0,15453.0,3567.0,19020.0,45892.0,2690.0,14503.0,1950.0,19143.0,7046.0,13.0,7059.0,26202.0,19690.0,45892.0,24930.0,19653.0,5277.0,2796.0,2135.0,346.0,69.0,277.0,1428.0,0.013878860810268753,24.93,45.892,-0.0857415285316121,Vừa
DN00014,Công ty Cổ phần Phân phối Trường Châu,9898558563,Công ty cổ phần,Ngoài nhà nước,Thương mại và dịch vụ,"Bán buôn, bán lẻ",2022,22,Hà Nội,CN Cầu Giấy,2022-07-25,Lê Quốc Lan,1,Thông tư 133/2016/TT-BTC,Không,Đủ,Đang hoạt động,0911064233,lienhe.dn00014@doanhnghiep.vn,2025,BCTC chưa kiểm toán,triệu đồng,1605.0,2788.0,11177.0,2493.0,18063.0,4814.0,1638.0,6452.0,24515.0,3842.0,8843.0,1334.0,14019.0,1023.0,323.0,1346.0,15365.0,9150.0,24515.0,42212.0,38151.0,4061.0,1901.0,771.0,1389.0,278.0,1111.0,305.0,0.03290533497583625,42.212,24.515,-0.045948694767770415,Nhỏ
DN00131,Công ty TNHH Nhựa Gia Yên,9210173247,Công ty TNHH hai thành viên trở lên,Ngoài nhà nước,Công nghiệp,"Chế biến, chế tạo",2024,9,TP Hồ Chí Minh,CN Quận 1,2026-03-19,Nguyễn Quốc Việt,8,Thông tư 133/2016/TT-BTC,Không,Đủ,Đang hoạt động,0212549559,lienhe.dn00131@doanhnghiep.vn,2025,BCTC chưa kiểm toán,triệu đồng,301.0,715.0,436.0,393.0,1845.0,1466.0,147.0,1613.0,3458.0,360.0,927.0,91.0,1378.0,35.0,19.0,54.0,1432.0,2026.0,3458.0,3956.0,3334.0,622.0,522.0,100.0,0.0,0.0,0.0,126.0,0.0,3.956,3.458,-0.16645596291613995,Nhỏ
DN00430,Công ty TNHH Du lịch Thành Việt,9092987247,Công ty TNHH một thành viên,Ngoài nhà nước,Thương mại và dịch vụ,Dịch vụ khác,2012,48,Cần Thơ,CN Cần Thơ,2023-01-08,Lê Văn Phong,16,Thông tư 133/2016/TT-BTC,Có,Đủ,Ngừng giao dịch,0982554383,lienhe.dn00430@doanhnghiep.vn,2025,BCTC đã kiểm toán,triệu đồng,5161.0,20475.0,1719.0,3078.0,30433.0,15473.0,2664.0,18137.0,48570.0,2917.0,0.0,14374.0,17291.0,0.0,6021.0,6021.0,23312.0,25258.0,48570.0,40507.0,31941.0,8566.0,3423.0,0.0,5143.0,1029.0,4114.0,1702.0,0.12696570963043424,40.507,48.57,0.12955578483589414,Nhỏ
DN00466,Công ty TNHH Nông sản Thái Tuấn,9710352207,Công ty TNHH một thành viên,Ngoài nhà nước,"Nông, lâm nghiệp và thủy sản","Nông, lâm nghiệp và thủy sản",2022,20,TP Hồ Chí Minh,CN TP Hồ Chí Minh,2025-12-31,Đỗ Thanh Tuấn,8,Thông tư 133/2016/TT-BTC,Không,Đủ,Đang hoạt động,0233878171,lienhe.dn00466@doanhnghiep.vn,2025,BCTC chưa kiểm toán,triệu đồng,573.0,1005.0,3138.0,1541.0,6257.0,3687.0,253.0,3940.0,10197.0,429.0,2827.0,488.0,3744.0,1216.0,349.0,1565.0,5309.0,4888.0,10197.0,6660.0,5714.0,946.0,67.0,403.0,476.0,95.0,381.0,339.0,0.07147147147147147,6.66,10.197,0.12919633774160721,Nhỏ
DN00404,Công ty TNHH Bao bì Việt Mỹ,9993515424,Công ty TNHH hai thành viên trở lên,Ngoài nhà nước,Công nghiệp,"Chế biến, chế tạo",2022,16,TP Hồ Chí Minh,CN Quận 1,2025-02-26,Lê Hữu Nam,10,Thông tư 133/2016/TT-BTC,Không,Đủ,Đang hoạt động,0947687949,lienhe.dn00404@doanhnghiep.vn,2025,BCTC chưa kiểm toán,triệu đồng,252.0,1497.0,2249.0,1100.0,5098.0,2722.0,1092.0,3814.0,8912.0,664.0,2327.0,364.0,3355.0,1248.0,540.0,1788.0,5143.0,3769.0,8912.0,8167.0,6744.0,1423.0,730.0,270.0,423.0,85.0,338.0,270.0,0.05179380433451696,8.167,8.912,0.32387745177500404,Nhỏ
DN00388,Công ty Cổ phần Thương mại Dịch vụ Nam Thành,9806074049,Công ty cổ phần,Ngoài nhà nước,Thương mại và dịch vụ,"Bán buôn, bán lẻ",2019,6,Bình Dương,CN Bình Dương,2026-02-04,Ngô Hoài Hùng,2,Thông tư 132/2018/TT-BTC,Không,Đủ,Đang hoạt động,0316766993,lienhe.dn00388@doanhnghiep.vn,2025,BCTC chưa kiểm toán,triệu đồng,135.0,530.0,803.0,438.0,1906.0,982.0,69.0,1051.0,2957.0,167.0,1575.0,118.0,1860.0,52.0,14.0,66.0,1926.0,1031.0,2957.0,3001.0,2783.0,218.0,135.0,143.0,-60.0,0.0,-60.0,87.0,-0.019993335554815063,3.001,2.957,-0.01799738219895286,Siêu nhỏ
DN00163,Công ty TNHH Logistics Toàn Kim,9971542475,Công ty TNHH một thành viên,Ngoài nhà nước,Thương mại và dịch vụ,Dịch vụ khác,2020,10,TP Hồ Chí Minh,CN TP Hồ Chí Minh,2022-10-11,Lê Thanh Việt,16,Thông tư 132/2018/TT-BTC,Không,Đủ,Đang hoạt động,0979051052,lienhe.dn00163@doanhnghiep.vn,2025,BCTC chưa kiểm toán,triệu đồng,117.0,313.0,178.0,74.0,682.0,474.0,150.0,624.0,1306.0,76.0,254.0,35.0,365.0,409.0,71.0,480.0,845.0,461.0,1306.0,712.0,585.0,127.0,56.0,51.0,20.0,4.0,16.0,52.0,0.028089887640449437,0.712,1.306,0.05014749262536866,Siêu nhỏ
DN00357,Công ty TNHH Công nghệ Thuận Việt,9369863630,Công ty TNHH hai thành viên trở lên,Ngoài nhà nước,Thương mại và dịch vụ,Dịch vụ khác,2024,6,Hà Nội,CN Hoàn Kiếm,2024-10-19,Dương Hữu Yến,11,Thông tư 132/2018/TT-BTC,Không,Đủ,Đang hoạt động,0395807208,lienhe.dn00357@doanhnghiep.vn,2025,BCTC chưa kiểm toán,triệu đồng,79.0,627.0,223.0,132.0,1061.0,522.0,190.0,712.0,1773.0,69.0,376.0,58.0,503.0,138.0,79.0,217.0,720.0,1053.0,1773.0,861.0,720.0,141.0,54.0,40.0,47.0,9.0,38.0,61.0,0.0545876887340302,0.861,1.773,0.01773049645390068,Siêu nhỏ
DN00479,Công ty TNHH Du lịch Nam Mỹ,9074537695,Công ty TNHH hai thành viên trở lên,Ngoài nhà nước,Thương mại và dịch vụ,Dịch vụ khác,2022,6,TP Hồ Chí Minh,CN Quận 1,2023-02-09,Đỗ Hoài Hùng,16,Thông tư 132/2018/TT-BTC,Không,Đủ,Đang hoạt động,0934463630,lienhe.dn00479@doanhnghiep.vn,2025,BCTC chưa kiểm toán,triệu đồng,58.0,367.0,79.0,106.0,610.0,462.0,56.0,518.0,1128.0,50.0,0.0,266.0,316.0,0.0,129.0,129.0,445.0,683.0,1128.0,841.0,624.0,217.0,240.0,0.0,-23.0,0.0,-23.0,32.0,-0.027348394768133173,0.841,1.128,-0.10911016949152541,Siêu nhỏ
DN00062,Công ty TNHH Tư vấn Khánh Toàn,9171582959,Công ty TNHH một thành viên,Ngoài nhà nước,Thương mại và dịch vụ,Dịch vụ khác,2015,16,TP Hồ Chí Minh,CN Quận 1,2023-06-07,Ngô Ngọc Long,8,Thông tư 133/2016/TT-BTC,Không,Đủ,Đang hoạt động,0378490647,lienhe.dn00062@doanhnghiep.vn,2025,BCTC chưa kiểm toán,triệu đồng,734.0,8589.0,2723.0,2745.0,14791.0,15670.0,6464.0,22134.0,36925.0,4331.0,0.0,5207.0,9538.0,0.0,9733.0,9733.0,19271.0,17654.0,36925.0,40847.0,30980.0,9867.0,7037.0,0.0,2830.0,566.0,2264.0,1611.0,0.0692829338751928,40.847,36.925,0.14523228754871442,Nhỏ
DN00279,Công ty Cổ phần Dịch vụ Khánh Phát,9556484744,Công ty cổ phần,Ngoài nhà nước,Thương mại và dịch vụ,Dịch vụ khác,2025,47,Hải Phòng,CN Hải Phòng,2026-09-30,Trần Minh Hạnh,9,Thông tư 133/2016/TT-BTC,Không,Không đủ,Đang hoạt động,0245896154,lienhe.dn00279@doanhnghiep.vn,2025,BCTC chưa kiểm toán,triệu đồng,184.0,1051.0,239.0,252.0,1726.0,1078.0,124.0,1202.0,2928.0,145.0,0.0,1088.0,1233.0,0.0,246.0,246.0,1479.0,1449.0,2928.0,1616.0,1206.0,410.0,377.0,0.0,33.0,7.0,26.0,76.0,0.02042079207920792,1.616,2.928,,Nhỏ
DN00369,Công ty TNHH Dịch vụ Sơn Hòa,9570694820,Công ty TNHH một thành viên,Có vốn đầu tư nước ngoài,Thương mại và dịch vụ,Dịch vụ khác,2023,12,Hà Nội,CN Thanh Xuân,2024-04-11,Ngô Ngọc Long,7,Thông tư 133/2016/TT-BTC,Có,Đủ,Đang hoạt động,0950735832,lienhe.dn00369@doanhnghiep.vn,2025,BCTC đã kiểm toán,triệu đồng,347.0,888.0,399.0,333.0,1967.0,1553.0,297.0,1850.0,3817.0,369.0,592.0,161.0,1122.0,902.0,128.0,1030.0,2152.0,1665.0,3817.0,4194.0,3084.0,1110.0,871.0,109.0,130.0,26.0,104.0,160.0,0.030996661897949453,4.194,3.817,0.2508201610498062,Nhỏ
DN00096,Doanh nghiệp tư nhân Tư vấn Thuận Trường,9419951149,Doanh nghiệp tư nhân,Ngoài nhà nước,Thương mại và dịch vụ,Dịch vụ khác,2025,10,Đà Nẵng,CN Đà Nẵng,2026-06-06,Lê Ngọc Phong,5,Thông tư 132/2018/TT-BTC,Không,Không đủ,Đã đóng,0254983680,lienhe.dn00096@doanhnghiep.vn,2025,BCTC chưa kiểm toán,triệu đồng,83.0,290.0,37.0,109.0,519.0,456.0,144.0,600.0,1119.0,30.0,443.0,79.0,552.0,111.0,0.0,111.0,663.0,456.0,1119.0,432.0,335.0,97.0,65.0,49.0,-17.0,0.0,-17.0,31.0,-0.03935185185185185,0.432,1.119,,Siêu nhỏ
DN00037,Công ty TNHH Thương mại Tâm Phát,9266765340,Công ty TNHH một thành viên,Ngoài nhà nước,Thương mại và dịch vụ,"Bán buôn, bán lẻ",2017,5,Đà Nẵng,CN Đà Nẵng,2023-07-28,Hoàng Ngọc Phong,2,Thông tư 132/2018/TT-BTC,Không,Đủ,Đang hoạt động,0945623811,lienhe.dn00037@doanhnghiep.vn,2025,BCTC chưa kiểm toán,triệu đồng,107.0,372.0,747.0,380.0,1606.0,172.0,55.0,227.0,1833.0,149.0,0.0,589.0,738.0,0.0,0.0,0.0,738.0,1095.0,1833.0,1911.0,1843.0,68.0,68.0,0.0,0.0,0.0,0.0,14.0,0.0,1.911,1.833,0.1341246290801188,Siêu nhỏ
DN00415,Công ty Cổ phần Lâm nghiệp Bình Tân,9463910922,Công ty cổ phần,Ngoài nhà nước,"Nông, lâm nghiệp và thủy sản","Nông, lâm nghiệp và thủy sản",2018,25,Đà Nẵng,CN Đà Nẵng,2026-09-17,Ngô Ngọc Nga,14,Thông tư 133/2016/TT-BTC,Không,Đủ,Đang hoạt động,0288503845,lienhe.dn00415@doanhnghiep.vn,2025,BCTC chưa kiểm toán,triệu đồng,403.0,192.0,2052.0,750.0,3397.0,3022.0,174.0,3196.0,6593.0,121.0,1930.0,222.0,2273.0,1859.0,61.0,1920.0,4193.0,2400.0,6593.0,1681.0,1333.0,348.0,17.0,271.0,60.0,12.0,48.0,326.0,0.03569303985722784,1.681,6.593,0.1304640215198385,Nhỏ
DN00010,Công ty TNHH Dịch vụ Linh Bảo,9597264459,Công ty TNHH một thành viên,Ngoài nhà nước,Thương mại và dịch vụ,Dịch vụ khác,2022,7,Đà Nẵng,CN Đà Nẵng,2026-06-24,Lê Hoài Mai,3,Thông tư 132/2018/TT-BTC,Không,Đủ,Đang hoạt động,0991086902,lienhe.dn00010@doanhnghiep.vn,2025,BCTC chưa kiểm toán,triệu đồng,54.0,504.0,92.0,91.0,741.0,572.0,121.0,693.0,1434.0,88.0,275.0,48.0,411.0,399.0,11.0,410.0,821.0,613.0,1434.0,1093.0,832.0,261.0,233.0,67.0,-39.0,0.0,-39.0,67.0,-0.035681610247026534,1.093,1.434,0.3645443196004994,Siêu nhỏ
DN00111,Công ty Cổ phần Thương mại Tổng hợp Thành Nam,9605500109,Công ty cổ phần,Ngoài nhà nước,Thương mại và dịch vụ,"Bán buôn, bán lẻ",2021,10,TP Hồ Chí Minh,CN TP Hồ Chí Minh,2023-03-17,Nguyễn Hoài Yến,4,Thông tư 133/2016/TT-BTC,Không,Đủ,Đang hoạt động,0332348124,lienhe.dn00111@doanhnghiep.vn,2025,BCTC chưa kiểm toán,triệu đồng,3980.0,10699.0,5324.0,6480.0,26483.0,4527.0,938.0,5465.0,31948.0,897.0,20290.0,2649.0,23836.0,0.0,0.0,0.0,23836.0,8112.0,31948.0,22471.0,19513.0,2958.0,225.0,1881.0,852.0,170.0,682.0,349.0,0.03791553557919096,22.471,31.948,0.02941041733473826,Nhỏ
DN00310,Công ty TNHH Sản xuất Thuận Lâm,9317511589,Công ty TNHH một thành viên,Ngoài nhà nước,Công nghiệp,"Chế biến, chế tạo",2016,6,TP Hồ Chí Minh,CN TP Hồ Chí Minh,2018-12-13,Bùi Thị Mai,12,Thông tư 132/2018/TT-BTC,Không,Đủ,Đang hoạt động,0944648006,lienhe.dn00310@doanhnghiep.vn,2025,BCTC chưa kiểm toán,triệu đồng,241.0,807.0,536.0,388.0,1972.0,1067.0,261.0,1328.0,3300.0,136.0,556.0,46.0,738.0,428.0,52.0,480.0,1218.0,2082.0,3300.0,1804.0,1509.0,295.0,175.0,93.0,27.0,5.0,22.0,85.0,0.014966740576496674,1.804,3.3,0.2821606254442075,Siêu nhỏ
DN00091,Công ty TNHH Xây dựng và Thương mại Nhật Trung,9080468563,Công ty TNHH hai thành viên trở lên,Ngoài nhà nước,Xây dựng,Xây dựng,1991,13,TP Hồ Chí Minh,CN Quận 1,2020-02-05,Đỗ Thu Việt,6,Thông tư 133/2016/TT-BTC,Không,Đủ,Đang hoạt động,0364131952,lienhe.dn00091@doanhnghiep.vn,2025,BCTC chưa kiểm toán,triệu đồng,534.0,2075.0,1024.0,528.0,4161.0,1780.0,232.0,2012.0,6173.0,585.0,3087.0,374.0,4046.0,209.0,35.0,244.0,4290.0,1883.0,6173.0,2567.0,2180.0,387.0,26.0,294.0,67.0,13.0,54.0,134.0,0.026100506427736658,2.567,6.173,0.3010643689812469,Nhỏ
DN00217,Công ty TNHH Xây dựng Long Khang,9022650911,Công ty TNHH hai thành viên trở lên,Ngoài nhà nước,Xây dựng,Xây dựng,2022,8,TP Hồ Chí Minh,CN TP Hồ Chí Minh,2025-10-12,Vũ Quốc Dũng,5,Thông tư 133/2016/TT-BTC,Không,Đủ,Đang hoạt động,0225425427,lienhe.dn00217@doanhnghiep.vn,2025,BCTC chưa kiểm toán,triệu đồng,2169.0,8363.0,2271.0,2720.0,15523.0,4888.0,973.0,5861.0,21384.0,2039.0,6699.0,689.0,9427.0,0.0,0.0,0.0,9427.0,11957.0,21384.0,11027.0,9746.0,1281.0,456.0,719.0,106.0,21.0,85.0,393.0,0.009612768658746712,11.027,21.384,0.008597823104362856,Nhỏ
DN00309,Công ty Cổ phần Sản xuất Việt An,9498800665,Công ty cổ phần,Ngoài nhà nước,Công nghiệp,"Chế biến, chế tạo",2020,999,Hà Nội,CN Thanh Xuân,2024-12-13,Dương Thu Hạnh,8,Thông tư 200/2014/TT-BTC,Có,Đủ,Đang hoạt động,0982208811,lienhe.dn00309@doanhnghiep.vn,2025,BCTC đã kiểm toán,triệu đồng,6866.0,19277.0,31920.0,7116.0,65179.0,52518.0,5187.0,57705.0,122884.0,7312.0,0.0,17468.0,24780.0,0.0,87961.0,87961.0,112741.0,10143.0,122884.0,62144.0,53368.0,8776.0,10726.0,0.0,-1950.0,0.0,-1950.0,3375.0,-0.03137873326467559,62.144,122.884,-0.09700668410345825,Lớn
DN00204,Doanh nghiệp tư nhân Thương mại Tổng hợp Ngọc Hải,9790675056,Doanh nghiệp tư nhân,Ngoài nhà nước,Thương mại và dịch vụ,"Bán buôn, bán lẻ",2008,10,Hà Nội,CN Cầu Giấy,2018-10-26,Lý Văn Long,13,Thông tư 132/2018/TT-BTC,Không,Đủ,Đang hoạt động,0975993157,lienhe.dn00204@doanhnghiep.vn,2025,BCTC chưa kiểm toán,triệu đồng,57.0,411.0,556.0,101.0,1125.0,381.0,62.0,443.0,1568.0,99.0,473.0,73.0,645.0,0.0,0.0,0.0,645.0,923.0,1568.0,1045.0,924.0,121.0,79.0,42.0,0.0,0.0,0.0,38.0,0.0,1.045,1.568,-0.0719360568383659,Siêu nhỏ
DN00307,Công ty TNHH Thương mại Vinh Thuận,9467416470,Công ty TNHH một thành viên,Ngoài nhà nước,Thương mại và dịch vụ,"Bán buôn, bán lẻ",2021,9,TP Hồ Chí Minh,CN TP Hồ Chí Minh,2022-06-20,Hoàng Thị Nga,15,Không lập BCTC (nộp thuế theo tỷ lệ % trên doanh thu),Không,Không đủ,Đang hoạt động,0298812216,lienhe.dn00307@doanhnghiep.vn,2025,Tờ khai thuế,triệu đồng,,,,,,,,,,,,,,,,,,,,5723.0,,,,,,,,,,5.723,,0.6502306805074971,Siêu nhỏ
DN00476,Công ty TNHH Logistics Xuân Thành,9312267348,Công ty TNHH hai thành viên trở lên,Ngoài nhà nước,Thương mại và dịch vụ,Dịch vụ khác,2015,4,Đà Nẵng,CN Đà Nẵng,2021-04-29,Nguyễn Thanh An,7,Thông tư 132/2018/TT-BTC,Không,Đủ,Đang hoạt động,0289893658,lienhe.dn00476@doanhnghiep.vn,2025,BCTC chưa kiểm toán,triệu đồng,27.0,246.0,42.0,50.0,365.0,376.0,83.0,459.0,824.0,23.0,217.0,26.0,266.0,0.0,0.0,0.0,266.0,558.0,824.0,410.0,318.0,92.0,78.0,18.0,-4.0,0.0,-4.0,35.0,-0.00975609756097561,0.41,0.824,0.009852216748768461,Siêu nhỏ
DN00462,Doanh nghiệp tư nhân Logistics Yên Phú,9583878025,Doanh nghiệp tư nhân,Ngoài nhà nước,Thương mại và dịch vụ,Dịch vụ khác,2016,41,Đà Nẵng,CN Đà Nẵng,2018-07-03,Phạm Quốc An,9,Thông tư 133/2016/TT-BTC,Không,Đủ,Đang hoạt động,0386924832,lienhe.dn00462@doanhnghiep.vn,2025,BCTC chưa kiểm toán,triệu đồng,1973.0,9235.0,2972.0,4428.0,18608.0,13351.0,2081.0,15432.0,34040.0,3142.0,8896.0,958.0,12996.0,5408.0,246.0,5654.0,18650.0,15390.0,34040.0,29388.0,21879.0,7509.0,3905.0,1561.0,2043.0,409.0,1634.0,1352.0,0.06951817068191099,29.388,34.04,0.17322048784382615,Nhỏ
DN00469,Công ty TNHH Thương mại Tổng hợp Tuấn Bảo,9963106164,Công ty TNHH hai thành viên trở lên,Ngoài nhà nước,Thương mại và dịch vụ,"Bán buôn, bán lẻ",2007,27,Hà Nội,CN Cầu Giấy,2012-10-05,Lý Thu Quân,7,Thông tư 133/2016/TT-BTC,Không,Đủ,Đang hoạt động,0202884130,lienhe.dn00469@doanhnghiep.vn,2025,BCTC chưa kiểm toán,triệu đồng,2708.0,4763.0,6760.0,2282.0,16513.0,1832.0,536.0,2368.0,18881.0,8150.0,4234.0,1200.0,13584.0,2564.0,1357.0,3921.0,17505.0,1376.0,18881.0,48590.0,43663.0,4927.0,6658.0,553.0,-2284.0,0.0,-2284.0,138.0,-0.04700555669890924,48.59,18.881,0.20463109877032926,Nhỏ
DN00494,Công ty TNHH Thương mại Dịch vụ Việt Gia,9888640422,Công ty TNHH một thành viên,Ngoài nhà nước,Thương mại và dịch vụ,"Bán buôn, bán lẻ",2023,10,Hà Nội,CN Hoàn Kiếm,2026-02-06,Hoàng Thu Bình,3,Thông tư 132/2018/TT-BTC,Không,Đủ,Đang hoạt động,0296714192,lienhe.dn00494@doanhnghiep.vn,2025,BCTC chưa kiểm toán,triệu đồng,117.0,199.0,285.0,167.0,768.0,124.0,14.0,138.0,906.0,81.0,316.0,55.0,452.0,0.0,0.0,0.0,452.0,454.0,906.0,988.0,898.0,90.0,60.0,24.0,6.0,1.0,5.0,11.0,0.006072874493927126,0.988,0.906,-0.07490636704119846,Siêu nhỏ
DN00300,Công ty TNHH Thương mại Phúc Tâm,9633100211,Công ty TNHH một thành viên,Ngoài nhà nước,Thương mại và dịch vụ,"Bán buôn, bán lẻ",2011,37,TP Hồ Chí Minh,CN Quận 1,2025-02-01,Bùi Thanh Quân,14,Thông tư 133/2016/TT-BTC,Không,Đủ,Đang hoạt động,0959895239,lienhe.dn00300@doanhnghiep.vn,2025,BCTC chưa kiểm toán,triệu đồng,1915.0,3822.0,5795.0,1137.0,12669.0,1384.0,277.0,1661.0,14330.0,1537.0,4871.0,619.0,7027.0,2234.0,39.0,2273.0,9300.0,5030.0,14330.0,22759.0,19009.0,3750.0,2686.0,583.0,481.0,96.0,385.0,135.0,0.02113449624324443,22.759,14.33,0.2398670734364785,Nhỏ
DN00435,Công ty Cổ phần Công nghệ Thịnh Trung,9056684761,Công ty cổ phần,Ngoài nhà nước,Thương mại và dịch vụ,Dịch vụ khác,2016,13,Hà Nội,CN Thanh Xuân,2020-12-03,Hoàng Hoài Nam,5,Thông tư 133/2016/TT-BTC,Không,Đủ,Đang hoạt động,0907678236,lienhe.dn00435@doanhnghiep.vn,2025,BCTC chưa kiểm toán,triệu đồng,758.0,2273.0,488.0,1054.0,4573.0,2445.0,1024.0,3469.0,8042.0,243.0,2652.0,298.0,3193.0,2635.0,267.0,2902.0,6095.0,1947.0,8042.0,5132.0,3954.0,1178.0,637.0,556.0,-15.0,0.0,-15.0,221.0,-0.0029228371005455963,5.132,8.042,0.37476560407179216,Nhỏ
DN00152,Công ty Cổ phần Xây dựng Ngọc Việt,9851752734,Công ty cổ phần,Ngoài nhà nước,Xây dựng,Xây dựng,2021,1246,TP Hồ Chí Minh,CN Quận 1,2023-02-28,Phạm Ngọc Trang,10,Thông tư 200/2014/TT-BTC,Có,Đủ,Đang hoạt động,0206505650,lienhe.dn00152@doanhnghiep.vn,2025,BCTC đã kiểm toán,triệu đồng,11064.0,33340.0,38493.0,25976.0,108873.0,19838.0,3665.0,23503.0,132376.0,5854.0,79397.0,7107.0,92358.0,4874.0,1095.0,5969.0,98327.0,34049.0,132376.0,72164.0,66193.0,5971.0,722.0,7634.0,-2385.0,0.0,-2385.0,1644.0,-0.03304972008203536,72.164,132.376,0.05031510617549895,Lớn
DN00130,Công ty TNHH Công nghệ Tân Minh,9128409881,Công ty TNHH một thành viên,Ngoài nhà nước,Thương mại và dịch vụ,Dịch vụ khác,2024,12,Đà Nẵng,CN Đà Nẵng,2026-04-12,Vũ Văn Tuấn,6,Thông tư 133/2016/TT-BTC,Không,Đủ,Đang hoạt động,0989169079,lienhe.dn00130@doanhnghiep.vn,2025,BCTC chưa kiểm toán,triệu đồng,85.0,588.0,149.0,255.0,1077.0,1413.0,253.0,1666.0,2743.0,202.0,441.0,38.0,681.0,382.0,43.0,425.0,1106.0,1637.0,2743.0,3287.0,2447.0,840.0,549.0,63.0,228.0,46.0,182.0,111.0,0.06936416184971098,3.287,2.743,0.0777049180327869,Nhỏ
DN00134,Công ty TNHH Thương mại Dịch vụ An Phú,9740055715,Công ty TNHH một thành viên,Ngoài nhà nước,Thương mại và dịch vụ,"Bán buôn, bán lẻ",2022,3,Hà Nội,CN Thanh Xuân,2026-10-22,Hoàng Hoài Nam,19,Không lập BCTC (nộp thuế theo tỷ lệ % trên doanh thu),Không,Không đủ,Đang hoạt động,0934312446,lienhe.dn00134@doanhnghiep.vn,2025,Tờ khai thuế,triệu đồng,,,,,,,,,,,,,,,,,,,,1101.0,,,,,,,,,,1.101,,-0.015205724508050134,Siêu nhỏ
DN00470,Công ty Cổ phần Nông sản Tiến Thái,9413219735,Công ty cổ phần,Ngoài nhà nước,"Nông, lâm nghiệp và thủy sản","Nông, lâm nghiệp và thủy sản",2021,87,Cần Thơ,CN Cần Thơ,2025-12-10,Đỗ Đức Thảo,4,Thông tư 133/2016/TT-BTC,Có,Đủ,Đang hoạt động,0389667684,lienhe.dn00470@doanhnghiep.vn,2025,BCTC đã kiểm toán,triệu đồng,125.0,701.0,251.0,154.0,1231.0,1093.0,347.0,1440.0,2671.0,42.0,0.0,979.0,1021.0,0.0,209.0,209.0,1230.0,1441.0,2671.0,937.0,788.0,149.0,149.0,0.0,0.0,0.0,0.0,104.0,0.0,0.937,2.671,-0.0822722820763957,Nhỏ
DN00496,Công ty TNHH Thương mại Phát Đông,9234013837,Công ty TNHH một thành viên,Ngoài nhà nước,Thương mại và dịch vụ,"Bán buôn, bán lẻ",2016,7,Hà Nội,CN Cầu Giấy,2017-12-16,Phạm Đức Dũng,11,Không lập BCTC (nộp thuế theo tỷ lệ % trên doanh thu),Không,Không đủ,Đang hoạt động,0368194608,lienhe.dn00496@doanhnghiep.vn,2025,Tờ khai thuế,triệu đồng,,,,,,,,,,,,,,,,,,,,3200.0,,,,,,,,,,3.2,,-0.1259218792679596,Siêu nhỏ
DN00089,Công ty TNHH Dệt may An Phúc,9834461430,Công ty TNHH một thành viên,Ngoài nhà nước,Công nghiệp,"Chế biến, chế tạo",2008,10,Đà Nẵng,CN Đà Nẵng,2017-05-23,Hoàng Thanh Bình,2,Thông tư 132/2018/TT-BTC,Không,Đủ,Đang hoạt động,0224892527,lienhe.dn00089@doanhnghiep.vn,2025,BCTC chưa kiểm toán,triệu đồng,22.0,108.0,151.0,85.0,366.0,429.0,38.0,467.0,833.0,22.0,204.0,33.0,259.0,117.0,20.0,137.0,396.0,437.0,833.0,375.0,319.0,56.0,31.0,30.0,-5.0,0.0,-5.0,28.0,-0.013333333333333334,0.375,0.833,-0.11556603773584906,Siêu nhỏ
DN00200,Công ty Cổ phần Lâm nghiệp Vinh Mỹ,9620524462,Công ty cổ phần,Ngoài nhà nước,"Nông, lâm nghiệp và thủy sản","Nông, lâm nghiệp và thủy sản",2024,61,TP Hồ Chí Minh,CN Quận 1,2024-11-04,Lý Hoài Cường,7,Thông tư 133/2016/TT-BTC,Không,Đủ,Đang hoạt động,0999399317,lienhe.dn00200@doanhnghiep.vn,2025,BCTC chưa kiểm toán,triệu đồng,103.0,909.0,1255.0,290.0,2557.0,1799.0,395.0,2194.0,4751.0,91.0,1673.0,159.0,1923.0,712.0,198.0,910.0,2833.0,1918.0,4751.0,1621.0,1362.0,259.0,16.0,212.0,31.0,6.0,25.0,114.0,0.019123997532387416,1.621,4.751,0.361041141897565,Nhỏ
DN00173,Công ty TNHH Công nghệ Tâm Thái,9897758380,Công ty TNHH hai thành viên trở lên,Ngoài nhà nước,Thương mại và dịch vụ,Dịch vụ khác,2017,95,TP Hồ Chí Minh,CN TP Hồ Chí Minh,2024-09-25,Vũ Ngọc Nam,5,Thông tư 133/2016/TT-BTC,Có,Đủ,Đang hoạt động,0394080755,lienhe.dn00173@doanhnghiep.vn,2025,BCTC đã kiểm toán,triệu đồng,2322.0,9201.0,2846.0,3158.0,17527.0,15126.0,5676.0,20802.0,38329.0,1394.0,13360.0,1506.0,16260.0,8345.0,1415.0,9760.0,26020.0,12309.0,38329.0,19975.0,15239.0,4736.0,1341.0,2024.0,1371.0,274.0,1097.0,1700.0,0.06863579474342929,19.975,38.329,0.11455194732730711,Vừa
DN00237,Công ty Cổ phần Xây dựng và Thương mại Lâm Xuân,9526065875,Công ty cổ phần,Ngoài nhà nước,Xây dựng,Xây dựng,2022,70,Hà Nội,CN Thanh Xuân,2026-05-24,Hoàng Ngọc Hạnh,9,Thông tư 133/2016/TT-BTC,Không,Đủ,Đang hoạt động,0344919682,lienhe.dn00237@doanhnghiep.vn,2025,BCTC chưa kiểm toán,triệu đồng,255.0,759.0,1797.0,663.0,3474.0,1069.0,259.0,1328.0,4802.0,354.0,1311.0,243.0,1908.0,0.0,0.0,0.0,1908.0,2894.0,4802.0,1485.0,1262.0,223.0,15.0,101.0,107.0,21.0,86.0,114.0,0.07205387205387205,1.485,4.802,0.11319340329835081,Nhỏ
DN00326,Công ty TNHH Thương mại Tổng hợp Hòa Yên,9229202985,Công ty TNHH một thành viên,Ngoài nhà nước,Thương mại và dịch vụ,"Bán buôn, bán lẻ",2023,9,Đà Nẵng,CN Đà Nẵng,2025-07-27,Trần Thanh Bình,3,Không lập BCTC (nộp thuế theo tỷ lệ % trên doanh thu),Không,Không đủ,Đang hoạt động,0217739084,lienhe.dn00326@doanhnghiep.vn,2025,Tờ khai thuế,triệu đồng,,,,,,,,,,,,,,,,,,,,634.0,,,,,,,,,,0.634,,0.20992366412213737,Siêu nhỏ
DN00169,Công ty Cổ phần Dịch vụ Toàn Thuận,9308296157,Công ty cổ phần,Ngoài nhà nước,Thương mại và dịch vụ,Dịch vụ khác,1999,42,Hải Phòng,CN Hải Phòng,2022-10-11,Dương Đức Quân,10,Thông tư 133/2016/TT-BTC,Không,Đủ,Đang hoạt động,0962905237,lienhe.dn00169@doanhnghiep.vn,2025,BCTC chưa kiểm toán,triệu đồng,2340.0,19205.0,3139.0,3931.0,28615.0,11137.0,3239.0,14376.0,42991.0,1485.0,11537.0,1981.0,15003.0,11163.0,3456.0,14619.0,29622.0,13369.0,42991.0,26958.0,19708.0,7250.0,3528.0,2317.0,1405.0,281.0,1124.0,970.0,0.05211810965205134,26.958,42.991,0.4323362201795866,Nhỏ
DN00106,Công ty TNHH Đầu tư Xây dựng Phúc Long,9898462945,Công ty TNHH hai thành viên trở lên,Ngoài nhà nước,Xây dựng,Xây dựng,2016,6,Cần Thơ,CN Cần Thơ,2016-08-13,Lý Thu Hùng,14,Thông tư 132/2018/TT-BTC,Không,Đủ,Đang hoạt động,0220944659,lienhe.dn00106@doanhnghiep.vn,2025,BCTC chưa kiểm toán,triệu đồng,198.0,789.0,347.0,124.0,1458.0,613.0,46.0,659.0,2117.0,173.0,0.0,638.0,811.0,0.0,0.0,0.0,811.0,1306.0,2117.0,1066.0,977.0,89.0,55.0,0.0,34.0,7.0,27.0,73.0,0.03189493433395872,1.066,2.117,-0.17810331534309942,Siêu nhỏ
DN00446,Công ty TNHH Phân phối Gia Đạt,9322156065,Công ty TNHH hai thành viên trở lên,Ngoài nhà nước,Thương mại và dịch vụ,"Bán buôn, bán lẻ",2021,7,Hà Nội,CN Thanh Xuân,2022-10-01,Lý Thu Sơn,12,Thông tư 132/2018/TT-BTC,Không,Đủ,Đang hoạt động,0319282811,lienhe.dn00446@doanhnghiep.vn,2025,BCTC chưa kiểm toán,triệu đồng,274.0,159.0,1088.0,235.0,1756.0,653.0,79.0,732.0,2488.0,212.0,0.0,927.0,1139.0,0.0,223.0,223.0,1362.0,1126.0,2488.0,3411.0,3154.0,257.0,204.0,0.0,53.0,11.0,42.0,46.0,0.015537965406039285,3.411,2.488,0.012767220902612841,Siêu nhỏ
DN00447,Công ty TNHH Đầu tư Xây dựng Hưng Lâm,9824044052,Công ty TNHH một thành viên,Ngoài nhà nước,Xây dựng,Xây dựng,2024,48,Đà Nẵng,CN Đà Nẵng,2026-04-04,Phạm Minh Tuấn,12,Thông tư 133/2016/TT-BTC,Không,Đủ,Đang hoạt động,0395452028,lienhe.dn00447@doanhnghiep.vn,2025,BCTC chưa kiểm toán,triệu đồng,1530.0,9631.0,3871.0,1441.0,16473.0,3291.0,1366.0,4657.0,21130.0,2482.0,6563.0,722.0,9767.0,0.0,0.0,0.0,9767.0,11363.0,21130.0,16749.0,14898.0,1851.0,1131.0,590.0,130.0,26.0,104.0,345.0,0.007761657412382829,16.749,21.13,0.10817784835252087,Nhỏ
DN00030,Công ty TNHH Thương mại Dịch vụ Thịnh Linh,9421621014,Công ty TNHH một thành viên,Ngoài nhà nước,Thương mại và dịch vụ,"Bán buôn, bán lẻ",2022,9,Hà Nội,CN Thanh Xuân,2023-08-19,Dương Thu Hà,14,Thông tư 132/2018/TT-BTC,Không,Đủ,Đang hoạt động,0348202324,lienhe.dn00030@doanhnghiep.vn,2025,BCTC chưa kiểm toán,triệu đồng,148.0,261.0,945.0,311.0,1665.0,97.0,26.0,123.0,1788.0,60.0,586.0,72.0,718.0,0.0,0.0,0.0,718.0,1070.0,1788.0,1238.0,1088.0,150.0,94.0,44.0,12.0,2.0,10.0,9.0,0.009693053311793215,1.238,1.788,0.17904761904761912,Siêu nhỏ
DN00057,Công ty TNHH Du lịch Bình Nam,9245344384,Công ty TNHH một thành viên,Ngoài nhà nước,Thương mại và dịch vụ,Dịch vụ khác,2021,9,Cần Thơ,CN Cần Thơ,2026-05-26,Ngô Hữu Trang,8,Thông tư 132/2018/TT-BTC,Không,Đủ,Đang hoạt động,0956356021,lienhe.dn00057@doanhnghiep.vn,2025,BCTC chưa kiểm toán,triệu đồng,202.0,706.0,89.0,159.0,1156.0,926.0,180.0,1106.0,2262.0,113.0,410.0,70.0,593.0,123.0,58.0,181.0,774.0,1488.0,2262.0,1292.0,994.0,298.0,208.0,40.0,50.0,10.0,40.0,80.0,0.03869969040247678,1.292,2.262,0.19408502772643255,Siêu nhỏ
DN00158,Công ty TNHH Xây dựng Gia Hải,9835703965,Công ty TNHH hai thành viên trở lên,Ngoài nhà nước,Xây dựng,Xây dựng,2019,11,Hải Phòng,CN Hải Phòng,2021-06-18,Hoàng Văn Tuấn,15,Thông tư 133/2016/TT-BTC,Không,Đủ,Đang hoạt động,0998303567,lienhe.dn00158@doanhnghiep.vn,2025,BCTC chưa kiểm toán,triệu đồng,539.0,1214.0,1011.0,253.0,3017.0,984.0,189.0,1173.0,4190.0,367.0,812.0,146.0,1325.0,1330.0,39.0,1369.0,2694.0,1496.0,4190.0,1911.0,1615.0,296.0,19.0,234.0,43.0,9.0,34.0,112.0,0.02250130821559393,1.911,4.19,0.244140625,Nhỏ
DN00261,Công ty TNHH Thương mại Tổng hợp Mỹ Bình,9079103620,Công ty TNHH một thành viên,Ngoài nhà nước,Thương mại và dịch vụ,"Bán buôn, bán lẻ",2015,28,Cần Thơ,CN Cần Thơ,2019-01-24,Vũ Minh Sơn,1,Thông tư 133/2016/TT-BTC,Không,Đủ,Đang hoạt động,0335479117,lienhe.dn00261@doanhnghiep.vn,2025,BCTC chưa kiểm toán,triệu đồng,660.0,2461.0,1162.0,1307.0,5590.0,2883.0,260.0,3143.0,8733.0,942.0,0.0,3436.0,4378.0,0.0,3119.0,3119.0,7497.0,1236.0,8733.0,14422.0,13560.0,862.0,731.0,0.0,131.0,26.0,105.0,222.0,0.009083344889751769,14.422,8.733,-0.18968423418361613,Nhỏ
DN00135,Công ty Cổ phần Cơ khí Việt Mỹ,9400567995,Công ty cổ phần,Ngoài nhà nước,Công nghiệp,"Chế biến, chế tạo",2023,54,Hải Phòng,CN Hải Phòng,2026-09-24,Hoàng Đức Lan,1,Thông tư 133/2016/TT-BTC,Không,Đủ,Đang hoạt động,0281224150,lienhe.dn00135@doanhnghiep.vn,2025,BCTC chưa kiểm toán,triệu đồng,745.0,1071.0,3741.0,654.0,6211.0,3002.0,640.0,3642.0,9853.0,965.0,4996.0,777.0,6738.0,0.0,0.0,0.0,6738.0,3115.0,9853.0,15251.0,13541.0,1710.0,575.0,446.0,689.0,138.0,551.0,203.0,0.04517736541866107,15.251,9.853,-0.062227141363832006,Nhỏ
DN00315,Công ty TNHH Tư vấn Thái Hưng,9295141423,Công ty TNHH một thành viên,Ngoài nhà nước,Thương mại và dịch vụ,Dịch vụ khác,2020,34,Đà Nẵng,CN Đà Nẵng,2021-12-16,Vũ Đức Thảo,4,Thông tư 133/2016/TT-BTC,Không,Đủ,Đang hoạt động,0908168253,lienhe.dn00315@doanhnghiep.vn,2025,BCTC chưa kiểm toán,triệu đồng,420.0,1531.0,171.0,363.0,2485.0,2090.0,708.0,2798.0,5283.0,423.0,1023.0,91.0,1537.0,1664.0,427.0,2091.0,3628.0,1655.0,5283.0,6840.0,5076.0,1764.0,1368.0,250.0,146.0,29.0,117.0,210.0,0.021345029239766083,6.84,5.283,0.07614852108244174,Nhỏ
DN00339,Công ty Cổ phần Logistics Lâm Phát,9110689119,Công ty cổ phần,Ngoài nhà nước,Thương mại và dịch vụ,Dịch vụ khác,2022,5,Bình Dương,CN Bình Dương,2025-10-03,Trần Thị Long,15,Không lập BCTC (nộp thuế theo tỷ lệ % trên doanh thu),Không,Không đủ,Đang hoạt động,0213087548,lienhe.dn00339@doanhnghiep.vn,2025,Tờ khai thuế,triệu đồng,,,,,,,,,,,,,,,,,,,,858.0,,,,,,,,,,0.858,,-0.15717092337917482,Siêu nhỏ
DN00071,Công ty Cổ phần Nhựa Long Trung,9039733146,Công ty cổ phần,Ngoài nhà nước,Công nghiệp,"Chế biến, chế tạo",2018,64,TP Hồ Chí Minh,CN TP Hồ Chí Minh,2019-03-29,Bùi Ngọc Mai,11,Thông tư 133/2016/TT-BTC,Không,Đủ,Đang hoạt động,0999784701,lienhe.dn00071@doanhnghiep.vn,2025,BCTC chưa kiểm toán,triệu đồng,165.0,840.0,1189.0,503.0,2697.0,2223.0,168.0,2391.0,5088.0,92.0,44.0,17.0,153.0,0.0,0.0,0.0,153.0,4935.0,5088.0,4996.0,4133.0,863.0,260.0,3.0,600.0,120.0,480.0,256.0,0.1200960768614892,4.996,5.088,0.0034143402289616986,Nhỏ
DN00341,Công ty TNHH Thương mại Tổng hợp Vạn Đạt,9609330668,Công ty TNHH một thành viên,Ngoài nhà nước,Thương mại và dịch vụ,"Bán buôn, bán lẻ",1995,11,TP Hồ Chí Minh,CN TP Hồ Chí Minh,2017-05-16,Vũ Hoài An,1,Thông tư 133/2016/TT-BTC,Có,Đủ,Đang hoạt động,0365974275,lienhe.dn00341@doanhnghiep.vn,2025,BCTC đã kiểm toán,triệu đồng,5228.0,9980.0,18917.0,7320.0,41445.0,6552.0,348.0,6900.0,48345.0,1689.0,20838.0,3886.0,26413.0,1063.0,77.0,1140.0,27553.0,20792.0,48345.0,52625.0,48142.0,4483.0,1707.0,2371.0,405.0,81.0,324.0,398.0,0.007695961995249406,52.625,48.345,0.056642036784193994,Nhỏ
DN00406,Công ty TNHH Du lịch Thành Nhật,9417991504,Công ty TNHH một thành viên,Ngoài nhà nước,Thương mại và dịch vụ,Dịch vụ khác,2020,66,Hà Nội,CN Cầu Giấy,2020-10-31,Dương Thị Bình,9,Thông tư 133/2016/TT-BTC,Không,Đủ,Đang hoạt động,0397587881,lienhe.dn00406@doanhnghiep.vn,2025,BCTC chưa kiểm toán,triệu đồng,4809.0,17938.0,2045.0,5443.0,30235.0,23807.0,3836.0,27643.0,57878.0,2177.0,13060.0,2548.0,17785.0,12411.0,7716.0,20127.0,37912.0,19966.0,57878.0,34627.0,26025.0,8602.0,2429.0,2026.0,4147.0,829.0,3318.0,2186.0,0.11976203540589714,34.627,57.878,0.10238451497882917,Vừa
DN00206,Doanh nghiệp tư nhân Phân phối Khánh Long,9233221134,Doanh nghiệp tư nhân,Ngoài nhà nước,Thương mại và dịch vụ,"Bán buôn, bán lẻ",2018,3,TP Hồ Chí Minh,CN TP Hồ Chí Minh,2022-06-25,Phạm Thị Trang,15,Thông tư 132/2018/TT-BTC,Không,Đủ,Đang hoạt động,0210246802,lienhe.dn00206@doanhnghiep.vn,2025,BCTC chưa kiểm toán,triệu đồng,93.0,124.0,300.0,136.0,653.0,130.0,33.0,163.0,816.0,55.0,0.0,37.0,92.0,0.0,0.0,0.0,92.0,724.0,816.0,2367.0,2087.0,280.0,177.0,0.0,103.0,21.0,82.0,9.0,0.04351499788762146,2.367,0.816,0.12767984754645068,Siêu nhỏ
DN00121,Công ty TNHH Thương mại Tổng hợp Bình Phúc,9753164753,Công ty TNHH một thành viên,Ngoài nhà nước,Thương mại và dịch vụ,"Bán buôn, bán lẻ",2022,7,TP Hồ Chí Minh,CN TP Hồ Chí Minh,2026-05-28,Trần Văn Thảo,11,Thông tư 132/2018/TT-BTC,Không,Đủ,Đang hoạt động,0232000566,lienhe.dn00121@doanhnghiep.vn,2025,BCTC chưa kiểm toán,triệu đồng,69.0,295.0,385.0,174.0,923.0,280.0,16.0,296.0,1219.0,162.0,0.0,333.0,495.0,0.0,0.0,0.0,495.0,724.0,1219.0,1953.0,1754.0,199.0,172.0,0.0,27.0,5.0,22.0,20.0,0.013824884792626729,1.953,1.219,-0.2153475291281639,Siêu nhỏ
DN00192,Công ty TNHH Dịch vụ Việt Xuân,9444298261,Công ty TNHH một thành viên,Ngoài nhà nước,Thương mại và dịch vụ,Dịch vụ khác,2017,551,Hà Nội,CN Cầu Giấy,2019-02-13,Đỗ Ngọc Mai,5,Thông tư 200/2014/TT-BTC,Có,Đủ,Đang hoạt động,0253519001,lienhe.dn00192@doanhnghiep.vn,2025,BCTC đã kiểm toán,triệu đồng,109309.0,486324.0,135839.0,73142.0,804614.0,781572.0,163335.0,944907.0,1749521.0,121134.0,606181.0,63702.0,791017.0,261679.0,127720.0,389399.0,1180416.0,569105.0,1749521.0,1538595.0,1177575.0,361020.0,201500.0,80401.0,79119.0,15824.0,63295.0,62540.0,0.051422889064373666,1538.595,1749.521,0.06988560545110789,Lớn
DN00254,Công ty TNHH Phân phối Nam Thuận,9900915354,Công ty TNHH hai thành viên trở lên,Có vốn đầu tư nước ngoài,Thương mại và dịch vụ,"Bán buôn, bán lẻ",2007,952,TP Hồ Chí Minh,CN TP Hồ Chí Minh,2023-10-11,Ngô Quốc Hạnh,10,Thông tư 200/2014/TT-BTC,Có,Đủ,Đang hoạt động,0356882800,lienhe.dn00254@doanhnghiep.vn,2025,BCTC đã kiểm toán,triệu đồng,12022.0,14041.0,50296.0,20485.0,96844.0,21886.0,8384.0,30270.0,127114.0,3289.0,81814.0,8858.0,93961.0,13458.0,1503.0,14961.0,108922.0,18192.0,127114.0,100947.0,89839.0,11108.0,1009.0,9184.0,915.0,183.0,732.0,2465.0,0.009064162382240186,100.947,127.114,0.06176176702603198,Lớn
DN00177,Công ty TNHH Nhựa Minh Gia,9312070732,Công ty TNHH một thành viên,Ngoài nhà nước,Công nghiệp,"Chế biến, chế tạo",2014,6,Hà Nội,CN Cầu Giấy,2015-07-16,Ngô Thu Hà,17,Không lập BCTC (nộp thuế theo tỷ lệ % trên doanh thu),Không,Không đủ,Đang hoạt động,0285971870,lienhe.dn00177@doanhnghiep.vn,2025,Tờ khai thuế,triệu đồng,,,,,,,,,,,,,,,,,,,,483.0,,,,,,,,,,0.483,,-0.05847953216374269,Siêu nhỏ
DN00352,Công ty TNHH Thương mại Tổng hợp Trung Phúc,9703882183,Công ty TNHH một thành viên,Ngoài nhà nước,Thương mại và dịch vụ,"Bán buôn, bán lẻ",2019,9,TP Hồ Chí Minh,CN Quận 1,2019-04-30,Vũ Hoài Long,16,Thông tư 132/2018/TT-BTC,Không,Đủ,Đang hoạt động,0250176306,lienhe.dn00352@doanhnghiep.vn,2025,BCTC chưa kiểm toán,triệu đồng,93.0,158.0,211.0,71.0,533.0,124.0,12.0,136.0,669.0,30.0,247.0,25.0,302.0,0.0,0.0,0.0,302.0,367.0,669.0,622.0,522.0,100.0,78.0,22.0,0.0,0.0,0.0,13.0,0.0,0.622,0.669,-0.031152647975077885,Siêu nhỏ
DN00396,Công ty TNHH Công nghệ Tiến Châu,9407848408,Công ty TNHH hai thành viên trở lên,Ngoài nhà nước,Thương mại và dịch vụ,Dịch vụ khác,2024,8,Hà Nội,CN Hoàn Kiếm,2025-03-14,Vũ Thị Hà,11,Thông tư 132/2018/TT-BTC,Không,Đủ,Đang hoạt động,0985302760,lienhe.dn00396@doanhnghiep.vn,2025,BCTC chưa kiểm toán,triệu đồng,26.0,241.0,204.0,56.0,527.0,303.0,84.0,387.0,914.0,15.0,419.0,58.0,492.0,0.0,0.0,0.0,492.0,422.0,914.0,308.0,238.0,70.0,3.0,42.0,25.0,5.0,20.0,28.0,0.08116883116883117,0.308,0.914,-0.022222222222222254,Siêu nhỏ
DN00348,Công ty TNHH Công nghệ Thịnh Thành,9855505407,Công ty TNHH một thành viên,Ngoài nhà nước,Thương mại và dịch vụ,Dịch vụ khác,2013,40,Hà Nội,CN Hoàn Kiếm,2020-02-03,Đặng Hoài Việt,10,Thông tư 133/2016/TT-BTC,Không,Đủ,Đang hoạt động,0318529222,lienhe.dn00348@doanhnghiep.vn,2025,BCTC chưa kiểm toán,triệu đồng,836.0,8016.0,1421.0,1969.0,12242.0,4787.0,1306.0,6093.0,18335.0,2410.0,6046.0,1000.0,9456.0,2867.0,410.0,3277.0,12733.0,5602.0,18335.0,21438.0,15446.0,5992.0,4259.0,671.0,1062.0,212.0,850.0,377.0,0.04953820319059614,21.438,18.335,0.16428610221039475,Nhỏ
DN00308,Công ty TNHH Thương mại Vinh Khánh,9846256303,Công ty TNHH một thành viên,Ngoài nhà nước,Thương mại và dịch vụ,"Bán buôn, bán lẻ",2016,7,Hà Nội,CN Hoàn Kiếm,2018-08-12,Đặng Thanh Long,6,Thông tư 132/2018/TT-BTC,Không,Đủ,Đang hoạt động,0990689801,lienhe.dn00308@doanhnghiep.vn,2025,BCTC chưa kiểm toán,triệu đồng,78.0,268.0,328.0,129.0,803.0,171.0,64.0,235.0,1038.0,124.0,0.0,441.0,565.0,0.0,0.0,0.0,565.0,473.0,1038.0,2549.0,2350.0,199.0,172.0,0.0,27.0,5.0,22.0,11.0,0.010592389172224402,2.549,1.038,-0.2139993832870799,Siêu nhỏ
DN00283,Công ty TNHH Thực phẩm Vạn Hải,9969472925,Công ty TNHH một thành viên,Ngoài nhà nước,Công nghiệp,"Chế biến, chế tạo",2023,10,TP Hồ Chí Minh,CN Quận 1,2023-08-02,Đỗ Thu Hạnh,17,Thông tư 132/2018/TT-BTC,Không,Đủ,Đã đóng,0286390510,lienhe.dn00283@doanhnghiep.vn,2025,BCTC chưa kiểm toán,triệu đồng,30.0,137.0,250.0,84.0,501.0,508.0,138.0,646.0,1147.0,61.0,236.0,30.0,327.0,207.0,85.0,292.0,619.0,528.0,1147.0,561.0,467.0,94.0,63.0,31.0,0.0,0.0,0.0,42.0,0.0,0.561,1.147,0.16632016632016633,Siêu nhỏ
DN00392,Công ty TNHH Thương mại Tổng hợp Nam Tuấn,9118805245,Công ty TNHH một thành viên,Ngoài nhà nước,Thương mại và dịch vụ,"Bán buôn, bán lẻ",2023,3,Hà Nội,CN Thanh Xuân,2026-07-07,Hoàng Văn Hà,5,Thông tư 132/2018/TT-BTC,Không,Đủ,Đang hoạt động,0989885249,lienhe.dn00392@doanhnghiep.vn,2025,BCTC chưa kiểm toán,triệu đồng,71.0,285.0,615.0,217.0,1188.0,168.0,34.0,202.0,1390.0,82.0,593.0,114.0,789.0,0.0,0.0,0.0,789.0,601.0,1390.0,1109.0,978.0,131.0,89.0,42.0,0.0,0.0,0.0,16.0,0.0,1.109,1.39,0.08619000979431934,Siêu nhỏ
DN00113,Công ty TNHH Đầu tư Xây dựng Phú Long,9410382874,Công ty TNHH hai thành viên trở lên,Ngoài nhà nước,Xây dựng,Xây dựng,2023,14,Đà Nẵng,CN Đà Nẵng,2024-11-10,Lý Hoài Hùng,19,Thông tư 133/2016/TT-BTC,Không,Đủ,Đang hoạt động,0248545881,lienhe.dn00113@doanhnghiep.vn,2025,BCTC chưa kiểm toán,triệu đồng,201.0,676.0,1426.0,230.0,2533.0,505.0,181.0,686.0,3219.0,965.0,587.0,259.0,1811.0,56.0,7.0,63.0,1874.0,1345.0,3219.0,2988.0,2723.0,265.0,173.0,57.0,35.0,7.0,28.0,54.0,0.011713520749665328,2.988,3.219,0.15545243619489568,Nhỏ
DN00072,Công ty TNHH Bao bì Châu Đạt,9609093938,Công ty TNHH một thành viên,Ngoài nhà nước,Công nghiệp,"Chế biến, chế tạo",2022,13,Đà Nẵng,CN Đà Nẵng,2023-12-03,Ngô Thu Hạnh,15,Thông tư 133/2016/TT-BTC,Không,Đủ,Đang hoạt động,0207146753,lienhe.dn00072@doanhnghiep.vn,2025,BCTC chưa kiểm toán,triệu đồng,720.0,1379.0,1603.0,551.0,4253.0,2603.0,765.0,3368.0,7621.0,578.0,966.0,168.0,1712.0,0.0,0.0,0.0,1712.0,5909.0,7621.0,7474.0,6536.0,938.0,75.0,98.0,765.0,153.0,612.0,301.0,0.10235483007760235,7.474,7.621,-0.33178363880196693,Nhỏ
DN00004,Công ty TNHH Vận tải Linh Phú,9083939709,Công ty TNHH hai thành viên trở lên,Ngoài nhà nước,Thương mại và dịch vụ,Dịch vụ khác,2007,79,Hà Nội,CN Thanh Xuân,2023-02-11,Dương Thu Hùng,9,Thông tư 133/2016/TT-BTC,Không,Đủ,Đang hoạt động,0395797212,lienhe.dn00004@doanhnghiep.vn,2025,BCTC chưa kiểm toán,triệu đồng,1221.0,11390.0,3390.0,1836.0,17837.0,10064.0,2877.0,12941.0,30778.0,1145.0,12534.0,1182.0,14861.0,6780.0,1000.0,7780.0,22641.0,8137.0,30778.0,27876.0,22084.0,5792.0,2880.0,1635.0,1277.0,255.0,1022.0,867.0,0.045810015784187114,27.876,30.778,0.09808555896951066,Vừa
DN00270,Công ty TNHH Nhựa Minh Thái,9515471277,Công ty TNHH một thành viên,Ngoài nhà nước,Công nghiệp,"Chế biến, chế tạo",2016,65,Bình Dương,CN Bình Dương,2016-09-07,Ngô Thu Cường,13,Thông tư 133/2016/TT-BTC,Có,Đủ,Đang hoạt động,0341284742,lienhe.dn00270@doanhnghiep.vn,2025,BCTC đã kiểm toán,triệu đồng,1737.0,3610.0,5526.0,2535.0,13408.0,6589.0,2093.0,8682.0,22090.0,2009.0,10929.0,1305.0,14243.0,1665.0,521.0,2186.0,16429.0,5661.0,22090.0,24821.0,21974.0,2847.0,1791.0,1056.0,0.0,0.0,0.0,518.0,0.0,24.821,22.09,0.014717305097911026,Nhỏ
DN00068,Công ty TNHH Thương mại Dịch vụ Hải Châu,9057873030,Công ty TNHH một thành viên,Ngoài nhà nước,Thương mại và dịch vụ,"Bán buôn, bán lẻ",2020,8,TP Hồ Chí Minh,CN TP Hồ Chí Minh,2025-03-28,Lý Thị Phong,1,Thông tư 133/2016/TT-BTC,Có,Đủ,Đang hoạt động,0241062761,lienhe.dn00068@doanhnghiep.vn,2025,BCTC đã kiểm toán,triệu đồng,5150.0,3958.0,18359.0,4282.0,31749.0,13630.0,1570.0,15200.0,46949.0,2747.0,17781.0,3327.0,23855.0,3054.0,1124.0,4178.0,28033.0,18916.0,46949.0,32935.0,29114.0,3821.0,1899.0,1553.0,369.0,74.0,295.0,836.0,0.011203886442993775,32.935,46.949,0.02092374457532542,Nhỏ
DN00241,Công ty Cổ phần Phân phối Châu Thái,9527275276,Công ty cổ phần,Ngoài nhà nước,Thương mại và dịch vụ,"Bán buôn, bán lẻ",2018,27,Hải Phòng,CN Hải Phòng,2025-11-12,Vũ Đức Nga,5,Thông tư 133/2016/TT-BTC,Không,Đủ,Ngừng giao dịch,0957982958,lienhe.dn00241@doanhnghiep.vn,2025,BCTC chưa kiểm toán,triệu đồng,1167.0,1344.0,2885.0,1734.0,7130.0,910.0,243.0,1153.0,8283.0,838.0,4816.0,610.0,6264.0,0.0,0.0,0.0,6264.0,2019.0,8283.0,15723.0,14546.0,1177.0,633.0,413.0,131.0,26.0,105.0,90.0,0.008331743305984863,15.723,8.283,0.2379340209432328,Nhỏ
DN00360,Công ty TNHH Xây dựng và Thương mại Vạn Việt,9028626726,Công ty TNHH một thành viên,Ngoài nhà nước,Xây dựng,Xây dựng,2010,3,Hà Nội,CN Cầu Giấy,2014-01-15,Đặng Văn Hà,5,Không lập BCTC (nộp thuế theo tỷ lệ % trên doanh thu),Không,Không đủ,Đang hoạt động,0293086609,lienhe.dn00360@doanhnghiep.vn,2025,Tờ khai thuế,triệu đồng,,,,,,,,,,,,,,,,,,,,488.0,,,,,,,,,,0.488,,-0.027888446215139417,Siêu nhỏ
DN00473,Doanh nghiệp tư nhân Tư vấn Vinh Quang,9058873274,Doanh nghiệp tư nhân,Ngoài nhà nước,Thương mại và dịch vụ,Dịch vụ khác,2024,9,Cần Thơ,CN Cần Thơ,2024-08-14,Lý Ngọc Trang,5,Không lập BCTC (nộp thuế theo tỷ lệ % trên doanh thu),Không,Không đủ,Đang hoạt động,0931455104,lienhe.dn00473@doanhnghiep.vn,2025,Tờ khai thuế,triệu đồng,,,,,,,,,,,,,,,,,,,,1250.0,,,,,,,,,,1.25,,-0.16051040967092012,Siêu nhỏ
DN00160,Công ty TNHH Dịch vụ Toàn Phát,9099620192,Công ty TNHH một thành viên,Ngoài nhà nước,Thương mại và dịch vụ,Dịch vụ khác,2020,177,Bình Dương,CN Bình Dương,2023-02-28,Lý Hữu Trang,10,Thông tư 200/2014/TT-BTC,Không,Đủ,Đang hoạt động,0230925010,lienhe.dn00160@doanhnghiep.vn,2025,BCTC chưa kiểm toán,triệu đồng,19620.0,102619.0,15427.0,44587.0,182253.0,79448.0,30134.0,109582.0,291835.0,11091.0,74886.0,12412.0,98389.0,128678.0,7274.0,135952.0,234341.0,57494.0,291835.0,193731.0,149024.0,44707.0,25310.0,15190.0,4207.0,841.0,3366.0,8273.0,0.02171567792454486,193.731,291.835,-0.028961099499270726,Lớn
DN00203,Công ty TNHH Vận tải Bình Sơn,9029023247,Công ty TNHH hai thành viên trở lên,Ngoài nhà nước,Thương mại và dịch vụ,Dịch vụ khác,2021,9,Bình Dương,CN Bình Dương,2024-10-13,Đặng Hoài Hà,14,Không lập BCTC (nộp thuế theo tỷ lệ % trên doanh thu),Không,Không đủ,Đang hoạt động,0996155365,lienhe.dn00203@doanhnghiep.vn,2025,Tờ khai thuế,triệu đồng,,,,,,,,,,,,,,,,,,,,2292.0,,,,,,,,,,2.292,,-0.20416666666666672,Siêu nhỏ
DN00027,Công ty TNHH Tư vấn Phú Tâm,9019544402,Công ty TNHH một thành viên,Ngoài nhà nước,Thương mại và dịch vụ,Dịch vụ khác,2014,51,Hà Nội,CN Thanh Xuân,2023-11-27,Đặng Minh Trang,1,Thông tư 133/2016/TT-BTC,Không,Đủ,Đang hoạt động,0312169827,lienhe.dn00027@doanhnghiep.vn,2025,BCTC chưa kiểm toán,triệu đồng,808.0,7203.0,3242.0,1883.0,13136.0,10274.0,2077.0,12351.0,25487.0,1980.0,0.0,4711.0,6691.0,0.0,555.0,555.0,7246.0,18241.0,25487.0,23944.0,19148.0,4796.0,3109.0,0.0,1687.0,337.0,1350.0,891.0,0.0704560641496826,23.944,25.487,-0.0031225279986677457,Vừa
DN00221,Công ty TNHH Dịch vụ Mỹ Tiến,9778069637,Công ty TNHH hai thành viên trở lên,Ngoài nhà nước,Thương mại và dịch vụ,Dịch vụ khác,1991,62,TP Hồ Chí Minh,CN TP Hồ Chí Minh,2013-01-09,Đỗ Văn Phong,11,Thông tư 133/2016/TT-BTC,Không,Đủ,Đang hoạt động,0292097166,lienhe.dn00221@doanhnghiep.vn,2025,BCTC chưa kiểm toán,triệu đồng,3870.0,18250.0,3546.0,7966.0,33632.0,16837.0,5313.0,22150.0,55782.0,1500.0,17832.0,2282.0,21614.0,11770.0,1832.0,13602.0,35216.0,20566.0,55782.0,55041.0,40466.0,14575.0,8060.0,2188.0,4327.0,865.0,3462.0,1479.0,0.07861412401664214,55.041,55.782,0.17485965548891125,Vừa
DN00487,Công ty TNHH Nhựa Hòa Tâm,9827465366,Công ty TNHH một thành viên,Ngoài nhà nước,Công nghiệp,"Chế biến, chế tạo",2016,49,Hải Phòng,CN Hải Phòng,2021-09-20,Đỗ Đức Bình,11,Thông tư 133/2016/TT-BTC,Không,Đủ,Đang hoạt động,0265648955,lienhe.dn00487@doanhnghiep.vn,2025,BCTC chưa kiểm toán,triệu đồng,1404.0,4589.0,3178.0,2846.0,12017.0,11447.0,1518.0,12965.0,24982.0,2002.0,0.0,5196.0,7198.0,0.0,7514.0,7514.0,14712.0,10270.0,24982.0,23888.0,21737.0,2151.0,963.0,0.0,1188.0,238.0,950.0,806.0,0.04973208305425318,23.888,24.982,0.26639452897206173,Nhỏ
DN00183,Công ty TNHH Phân phối Châu Khang,9970568913,Công ty TNHH hai thành viên trở lên,Ngoài nhà nước,Thương mại và dịch vụ,"Bán buôn, bán lẻ",2021,20,Hà Nội,CN Hoàn Kiếm,2026-05-31,Lý Thu Bình,2,Thông tư 133/2016/TT-BTC,Không,Đủ,Đang hoạt động,0938567979,lienhe.dn00183@doanhnghiep.vn,2025,BCTC chưa kiểm toán,triệu đồng,4348.0,10929.0,5572.0,3344.0,24193.0,16329.0,1248.0,17577.0,41770.0,7954.0,11871.0,1772.0,21597.0,9208.0,143.0,9351.0,30948.0,10822.0,41770.0,64481.0,60070.0,4411.0,3889.0,1761.0,-1239.0,0.0,-1239.0,1324.0,-0.0192149625471069,64.481,41.77,0.15870905137558622,Nhỏ
DN00002,Công ty Cổ phần Thương mại Dịch vụ Linh Lâm,9799827787,Công ty cổ phần,Ngoài nhà nước,Thương mại và dịch vụ,"Bán buôn, bán lẻ",2015,21,Đà Nẵng,CN Đà Nẵng,2024-03-18,Đặng Minh Sơn,5,Thông tư 133/2016/TT-BTC,Không,Đủ,Đang hoạt động,0228812817,lienhe.dn00002@doanhnghiep.vn,2025,BCTC chưa kiểm toán,triệu đồng,858.0,4449.0,7155.0,2120.0,14582.0,2313.0,176.0,2489.0,17071.0,2517.0,10256.0,1590.0,14363.0,1721.0,1840.0,3561.0,17924.0,-853.0,17071.0,58651.0,56230.0,2421.0,2816.0,1139.0,-1534.0,0.0,-1534.0,183.0,-0.026154711769620295,58.651,17.071,0.17612496992059046,Nhỏ
DN00069,Doanh nghiệp tư nhân Thương mại Tuấn Hòa,9439317217,Doanh nghiệp tư nhân,Ngoài nhà nước,Thương mại và dịch vụ,"Bán buôn, bán lẻ",2016,6,Hà Nội,CN Hoàn Kiếm,2025-08-18,Phạm Hoài Nam,2,Không lập BCTC (nộp thuế theo tỷ lệ % trên doanh thu),Không,Không đủ,Đang hoạt động,0232025124,lienhe.dn00069@doanhnghiep.vn,2025,Tờ khai thuế,triệu đồng,,,,,,,,,,,,,,,,,,,,949.0,,,,,,,,,,0.949,,-0.029652351738241323,Siêu nhỏ
DN00023,Công ty Cổ phần Dịch vụ Nhật Thành,9251049100,Công ty cổ phần,Ngoài nhà nước,Thương mại và dịch vụ,Dịch vụ khác,2019,13,Bình Dương,CN Bình Dương,2019-03-15,Đỗ Thanh Cường,17,Thông tư 133/2016/TT-BTC,Không,Đủ,Đang hoạt động,0912203018,lienhe.dn00023@doanhnghiep.vn,2025,BCTC chưa kiểm toán,triệu đồng,805.0,6420.0,8110.0,3361.0,18696.0,21909.0,2298.0,24207.0,42903.0,1943.0,8721.0,1132.0,11796.0,10942.0,544.0,11486.0,23282.0,19621.0,42903.0,40196.0,30364.0,9832.0,5916.0,1574.0,2342.0,468.0,1874.0,2210.0,0.05826450393073938,40.196,42.903,0.07180758872623527,Nhỏ
DN00020,Doanh nghiệp tư nhân Tư vấn Việt Thuận,9597076894,Doanh nghiệp tư nhân,Ngoài nhà nước,Thương mại và dịch vụ,Dịch vụ khác,2022,5,Hà Nội,CN Cầu Giấy,2025-04-11,Vũ Minh Nga,8,Không lập BCTC (nộp thuế theo tỷ lệ % trên doanh thu),Không,Không đủ,Đang hoạt động,0290331357,lienhe.dn00020@doanhnghiep.vn,2025,Tờ khai thuế,triệu đồng,,,,,,,,,,,,,,,,,,,,772.0,,,,,,,,,,0.772,,0.2866666666666666,Siêu nhỏ
DN00377,Doanh nghiệp tư nhân Đầu tư Xây dựng Bình Đông,9162479540,Doanh nghiệp tư nhân,Ngoài nhà nước,Xây dựng,Xây dựng,2017,21,Đà Nẵng,CN Đà Nẵng,2023-05-12,Dương Hữu Mai,9,Thông tư 133/2016/TT-BTC,Không,Đủ,Ngừng giao dịch,0265611677,lienhe.dn00377@doanhnghiep.vn,2025,BCTC chưa kiểm toán,triệu đồng,1006.0,2805.0,1511.0,1083.0,6405.0,2862.0,159.0,3021.0,9426.0,2866.0,1552.0,733.0,5151.0,0.0,0.0,0.0,5151.0,4275.0,9426.0,15326.0,14043.0,1283.0,791.0,121.0,371.0,74.0,297.0,178.0,0.024207229544564793,15.326,9.426,0.019626106047501812,Nhỏ
DN00281,Công ty TNHH Du lịch Bảo Toàn,9083730248,Công ty TNHH hai thành viên trở lên,Ngoài nhà nước,Thương mại và dịch vụ,Dịch vụ khác,2018,14,TP Hồ Chí Minh,CN Quận 1,2024-08-09,Lý Minh Dũng,13,Thông tư 133/2016/TT-BTC,Không,Đủ,Đang hoạt động,0382823631,lienhe.dn00281@doanhnghiep.vn,2025,BCTC chưa kiểm toán,triệu đồng,320.0,2861.0,1391.0,788.0,5360.0,2711.0,592.0,3303.0,8663.0,270.0,2672.0,451.0,3393.0,1194.0,278.0,1472.0,4865.0,3798.0,8663.0,3701.0,2759.0,942.0,212.0,377.0,353.0,71.0,282.0,243.0,0.09537962712780329,3.701,8.663,-0.0823208529630548,Nhỏ
DN00162,Công ty Cổ phần Nông nghiệp Phúc Vạn,9951123414,Công ty cổ phần,Ngoài nhà nước,"Nông, lâm nghiệp và thủy sản","Nông, lâm nghiệp và thủy sản",2003,136,TP Hồ Chí Minh,CN Quận 1,2020-11-01,Đặng Thị Trang,10,Thông tư 133/2016/TT-BTC,Không,Đủ,Đang hoạt động,0293762782,lienhe.dn00162@doanhnghiep.vn,2025,BCTC chưa kiểm toán,triệu đồng,6280.0,10244.0,27034.0,4783.0,48341.0,41949.0,14083.0,56032.0,104373.0,4553.0,25609.0,3204.0,33366.0,0.0,0.0,0.0,33366.0,71007.0,104373.0,55379.0,46987.0,8392.0,7938.0,2621.0,-2167.0,0.0,-2167.0,3645.0,-0.03913035627223316,55.379,104.373,-0.3524211560274565,Vừa
DN00055,Công ty TNHH Kỹ thuật Xây dựng Vạn Bảo,9880718634,Công ty TNHH một thành viên,Ngoài nhà nước,Xây dựng,Xây dựng,2017,19,Hải Phòng,CN Hải Phòng,2017-09-01,Đỗ Minh Lan,14,Thông tư 133/2016/TT-BTC,Có,Đủ,Đang hoạt động,0908390810,lienhe.dn00055@doanhnghiep.vn,2025,BCTC đã kiểm toán,triệu đồng,408.0,2848.0,2858.0,613.0,6727.0,862.0,129.0,991.0,7718.0,1005.0,0.0,3948.0,4953.0,0.0,188.0,188.0,5141.0,2577.0,7718.0,6200.0,5490.0,710.0,523.0,0.0,187.0,37.0,150.0,70.0,0.030161290322580647,6.2,7.718,0.21425773599686648,Nhỏ
DN00075,Công ty TNHH Thương mại Tổng hợp Linh Đạt,9692183057,Công ty TNHH một thành viên,Ngoài nhà nước,Thương mại và dịch vụ,"Bán buôn, bán lẻ",2022,8,TP Hồ Chí Minh,CN TP Hồ Chí Minh,2024-08-23,Bùi Minh Việt,19,Thông tư 132/2018/TT-BTC,Không,Đủ,Đang hoạt động,0338043005,lienhe.dn00075@doanhnghiep.vn,2025,BCTC chưa kiểm toán,triệu đồng,105.0,190.0,214.0,157.0,666.0,170.0,16.0,186.0,852.0,53.0,472.0,38.0,563.0,0.0,0.0,0.0,563.0,289.0,852.0,791.0,733.0,58.0,19.0,47.0,-8.0,0.0,-8.0,16.0,-0.010113780025284451,0.791,0.852,0.06747638326585692,Siêu nhỏ
DN00061,Công ty TNHH Xây dựng và Thương mại Sơn Phúc,9033218495,Công ty TNHH một thành viên,Ngoài nhà nước,Xây dựng,Xây dựng,2022,8,Cần Thơ,CN Cần Thơ,2023-11-07,Đỗ Văn Nam,18,Không lập BCTC (nộp thuế theo tỷ lệ % trên doanh thu),Không,Không đủ,Đang hoạt động,0264875305,lienhe.dn00061@doanhnghiep.vn,2025,Tờ khai thuế,triệu đồng,,,,,,,,,,,,,,,,,,,,793.0,,,,,,,,,,0.793,,0.15429403202328973,Siêu nhỏ
DN00260,Công ty TNHH Xây dựng Bình Thuận,9811740308,Công ty TNHH một thành viên,Có vốn đầu tư nước ngoài,Xây dựng,Xây dựng,2021,182,Hải Phòng,CN Hải Phòng,2026-04-11,Dương Thanh An,11,Thông tư 133/2016/TT-BTC,Có,Đủ,Đang hoạt động,0331355646,lienhe.dn00260@doanhnghiep.vn,2025,BCTC đã kiểm toán,triệu đồng,6934.0,22645.0,31173.0,9886.0,70638.0,4818.0,1022.0,5840.0,76478.0,4838.0,30206.0,5064.0,40108.0,5110.0,2983.0,8093.0,48201.0,28277.0,76478.0,36700.0,31964.0,4736.0,367.0,2917.0,1452.0,290.0,1162.0,320.0,0.039564032697547685,36.7,76.478,-0.03245366586696896,Vừa
DN00034,Công ty TNHH Du lịch Phú Đạt,9913006973,Công ty TNHH một thành viên,Ngoài nhà nước,Thương mại và dịch vụ,Dịch vụ khác,2017,9,Bình Dương,CN Bình Dương,2019-07-23,Lý Thanh Cường,13,Không lập BCTC (nộp thuế theo tỷ lệ % trên doanh thu),Không,Không đủ,Đang hoạt động,0999789688,lienhe.dn00034@doanhnghiep.vn,2025,Tờ khai thuế,triệu đồng,,,,,,,,,,,,,,,,,,,,622.0,,,,,,,,,,0.622,,0.021346469622331776,Siêu nhỏ
DN00025,Công ty TNHH Kỹ thuật Xây dựng Hưng Đông,9433047446,Công ty TNHH hai thành viên trở lên,Ngoài nhà nước,Xây dựng,Xây dựng,2020,6,Đà Nẵng,CN Đà Nẵng,2020-04-27,Bùi Minh Yến,11,Thông tư 132/2018/TT-BTC,Không,Đủ,Đang hoạt động,0925544772,lienhe.dn00025@doanhnghiep.vn,2025,BCTC chưa kiểm toán,triệu đồng,74.0,241.0,109.0,132.0,556.0,108.0,11.0,119.0,675.0,48.0,145.0,20.0,213.0,0.0,0.0,0.0,213.0,462.0,675.0,392.0,355.0,37.0,65.0,11.0,-39.0,0.0,-39.0,8.0,-0.09948979591836735,0.392,0.675,-0.0075949367088608,Siêu nhỏ
DN00104,Công ty TNHH Phân phối Minh Hòa,9068543696,Công ty TNHH một thành viên,Ngoài nhà nước,Thương mại và dịch vụ,"Bán buôn, bán lẻ",2024,25,Hà Nội,CN Cầu Giấy,2026-05-11,Dương Thị Hùng,7,Thông tư 133/2016/TT-BTC,Không,Đủ,Đang hoạt động,0261848391,lienhe.dn00104@doanhnghiep.vn,2025,BCTC chưa kiểm toán,triệu đồng,1363.0,8649.0,9157.0,4581.0,23750.0,5848.0,2145.0,7993.0,31743.0,2397.0,20232.0,2872.0,25501.0,0.0,0.0,0.0,25501.0,6242.0,31743.0,46358.0,38546.0,7812.0,5205.0,2094.0,513.0,103.0,410.0,574.0,0.011066051167004617,46.358,31.743,0.3498136501281155,Nhỏ
DN00043,Công ty TNHH Dịch vụ Việt Thịnh,9963232262,Công ty TNHH một thành viên,Ngoài nhà nước,Thương mại và dịch vụ,Dịch vụ khác,2017,3,Hà Nội,CN Cầu Giấy,2021-11-30,Vũ Ngọc Nga,13,Không lập BCTC (nộp thuế theo tỷ lệ % trên doanh thu),Không,Không đủ,Đang hoạt động,0206001919,lienhe.dn00043@doanhnghiep.vn,2025,Tờ khai thuế,triệu đồng,,,,,,,,,,,,,,,,,,,,400.0,,,,,,,,,,0.4,,0.007556675062972307,Siêu nhỏ
DN00317,Công ty TNHH Xây dựng Bảo Mỹ,9582653599,Công ty TNHH một thành viên,Ngoài nhà nước,Xây dựng,Xây dựng,2022,35,Hà Nội,CN Thanh Xuân,2023-04-16,Trần Hoài Trang,13,Thông tư 133/2016/TT-BTC,Có,Đủ,Đang hoạt động,0269662830,lienhe.dn00317@doanhnghiep.vn,2025,BCTC đã kiểm toán,triệu đồng,2233.0,4728.0,3225.0,3267.0,13453.0,4094.0,528.0,4622.0,18075.0,889.0,3822.0,781.0,5492.0,2952.0,49.0,3001.0,8493.0,9582.0,18075.0,10277.0,8984.0,1293.0,103.0,622.0,568.0,114.0,454.0,268.0,0.05526904738736985,10.277,18.075,0.13145436529780907,Nhỏ
DN00418,Công ty TNHH Kỹ thuật Xây dựng Thuận Xuân,9865107729,Công ty TNHH một thành viên,Ngoài nhà nước,Xây dựng,Xây dựng,2014,103,Cần Thơ,CN Cần Thơ,2014-06-30,Hoàng Đức Việt,5,Thông tư 133/2016/TT-BTC,Không,Đủ,Đang hoạt động,0360371215,lienhe.dn00418@doanhnghiep.vn,2025,BCTC chưa kiểm toán,triệu đồng,1472.0,9904.0,5269.0,5395.0,22040.0,4655.0,1099.0,5754.0,27794.0,1969.0,17868.0,1103.0,20940.0,497.0,257.0,754.0,21694.0,6100.0,27794.0,13635.0,12215.0,1420.0,136.0,1706.0,-422.0,0.0,-422.0,453.0,-0.03094976164283095,13.635,27.794,0.2534473248758964,Vừa
DN00457,Công ty Cổ phần Thương mại Tổng hợp Vinh Trường,9196668553,Công ty cổ phần,Ngoài nhà nước,Thương mại và dịch vụ,"Bán buôn, bán lẻ",2019,13,Cần Thơ,CN Cần Thơ,2026-09-07,Lý Thanh Phong,23,Thông tư 133/2016/TT-BTC,Có,Đủ,Đang hoạt động,0258817466,lienhe.dn00457@doanhnghiep.vn,2025,BCTC đã kiểm toán,triệu đồng,198.0,1463.0,1492.0,911.0,4064.0,829.0,151.0,980.0,5044.0,599.0,1764.0,412.0,2775.0,892.0,132.0,1024.0,3799.0,1245.0,5044.0,11108.0,10322.0,786.0,351.0,217.0,218.0,44.0,174.0,99.0,0.01962549513863882,11.108,5.044,-0.09448112823021115,Nhỏ
DN00379,Công ty TNHH Kỹ thuật Xây dựng Vinh Hòa,9052012293,Công ty TNHH một thành viên,Ngoài nhà nước,Xây dựng,Xây dựng,2009,12,Hà Nội,CN Thanh Xuân,2020-04-06,Lê Thu Dũng,17,Thông tư 133/2016/TT-BTC,Không,Đủ,Đang hoạt động,0308862718,lienhe.dn00379@doanhnghiep.vn,2025,BCTC chưa kiểm toán,triệu đồng,202.0,1122.0,773.0,456.0,2553.0,430.0,64.0,494.0,3047.0,148.0,1165.0,229.0,1542.0,0.0,0.0,0.0,1542.0,1505.0,3047.0,1050.0,955.0,95.0,91.0,109.0,-105.0,0.0,-105.0,26.0,-0.1,1.05,3.047,0.06060606060606055,Nhỏ
DN00146,Công ty TNHH Môi trường Thành Trung,9458276629,Công ty TNHH một thành viên,Ngoài nhà nước,Công nghiệp,Công nghiệp khác,2022,10,Cần Thơ,CN Cần Thơ,2026-02-11,Trần Quốc Yến,11,Không lập BCTC (nộp thuế theo tỷ lệ % trên doanh thu),Không,Không đủ,Đang hoạt động,0273534438,lienhe.dn00146@doanhnghiep.vn,2025,Tờ khai thuế,triệu đồng,,,,,,,,,,,,,,,,,,,,1347.0,,,,,,,,,,1.347,,0.20267857142857149,Siêu nhỏ
DN00394,Công ty Cổ phần Công nghệ Gia Ngọc,9275520192,Công ty cổ phần,Ngoài nhà nước,Thương mại và dịch vụ,Dịch vụ khác,2022,2,Bình Dương,CN Bình Dương,2022-08-07,Phạm Ngọc Lan,22,Không lập BCTC (nộp thuế theo tỷ lệ % trên doanh thu),Không,Không đủ,Đang hoạt động,0334840342,lienhe.dn00394@doanhnghiep.vn,2025,Tờ khai thuế,triệu đồng,,,,,,,,,,,,,,,,,,,,303.0,,,,,,,,,,0.303,,-0.035031847133757954,Siêu nhỏ
DN00314,Doanh nghiệp tư nhân Tư vấn Thái Linh,9337843219,Doanh nghiệp tư nhân,Ngoài nhà nước,Thương mại và dịch vụ,Dịch vụ khác,2023,40,TP Hồ Chí Minh,CN TP Hồ Chí Minh,2023-06-08,Đỗ Thị An,11,Thông tư 133/2016/TT-BTC,Không,Đủ,Đang hoạt động,0389339887,lienhe.dn00314@doanhnghiep.vn,2025,BCTC chưa kiểm toán,triệu đồng,1320.0,5519.0,1386.0,2564.0,10789.0,5190.0,1551.0,6741.0,17530.0,1947.0,2143.0,272.0,4362.0,0.0,0.0,0.0,4362.0,13168.0,17530.0,15833.0,12133.0,3700.0,570.0,222.0,2908.0,582.0,2326.0,313.0,0.1836670245689383,15.833,17.53,0.07138990391121935,Nhỏ
DN00154,Công ty TNHH Thương mại Tổng hợp Kim Yên,9219970015,Công ty TNHH hai thành viên trở lên,Ngoài nhà nước,Thương mại và dịch vụ,"Bán buôn, bán lẻ",2024,8,Hà Nội,CN Hoàn Kiếm,2024-06-03,Phạm Thu Trang,8,Thông tư 132/2018/TT-BTC,Không,Đủ,Đang hoạt động,0927939992,lienhe.dn00154@doanhnghiep.vn,2025,BCTC chưa kiểm toán,triệu đồng,159.0,380.0,240.0,229.0,1008.0,168.0,58.0,226.0,1234.0,59.0,665.0,79.0,803.0,0.0,0.0,0.0,803.0,431.0,1234.0,1645.0,1456.0,189.0,126.0,63.0,0.0,0.0,0.0,16.0,0.0,1.645,1.234,0.2742060418280403,Siêu nhỏ
DN00398,Công ty TNHH Năng lượng Hòa Đạt,9195942898,Công ty TNHH hai thành viên trở lên,Ngoài nhà nước,Công nghiệp,Công nghiệp khác,2023,3,Bình Dương,CN Bình Dương,2025-10-19,Phạm Thị Thảo,9,Không lập BCTC (nộp thuế theo tỷ lệ % trên doanh thu),Không,Không đủ,Đang hoạt động,0239780390,lienhe.dn00398@doanhnghiep.vn,2025,Tờ khai thuế,triệu đồng,,,,,,,,,,,,,,,,,,,,772.0,,,,,,,,,,0.772,,-0.016560509554140124,Siêu nhỏ
DN00263,Doanh nghiệp tư nhân Xây dựng Thịnh Mỹ,9844624404,Doanh nghiệp tư nhân,Ngoài nhà nước,Xây dựng,Xây dựng,2023,7,Hà Nội,CN Cầu Giấy,2025-05-13,Trần Hữu Bình,15,Thông tư 132/2018/TT-BTC,Không,Đủ,Đang hoạt động,0230483181,lienhe.dn00263@doanhnghiep.vn,2025,BCTC chưa kiểm toán,triệu đồng,40.0,211.0,124.0,112.0,487.0,183.0,21.0,204.0,691.0,29.0,303.0,29.0,361.0,0.0,0.0,0.0,361.0,330.0,691.0,189.0,139.0,50.0,2.0,32.0,16.0,3.0,13.0,18.0,0.08465608465608465,0.189,0.691,-0.010471204188481686,Siêu nhỏ
DN00363,Doanh nghiệp tư nhân Thương mại Đông Tâm,9903441053,Doanh nghiệp tư nhân,Ngoài nhà nước,Thương mại và dịch vụ,"Bán buôn, bán lẻ",2024,12,Hải Phòng,CN Hải Phòng,2026-06-25,Đặng Minh Mai,16,Thông tư 133/2016/TT-BTC,Không,Đủ,Đang hoạt động,0232362310,lienhe.dn00363@doanhnghiep.vn,2025,BCTC chưa kiểm toán,triệu đồng,1388.0,3645.0,9519.0,3405.0,17957.0,3446.0,1086.0,4532.0,22489.0,1525.0,5187.0,996.0,7708.0,0.0,0.0,0.0,7708.0,14781.0,22489.0,49693.0,42861.0,6832.0,5190.0,415.0,1227.0,245.0,982.0,364.0,0.024691606463687038,49.693,22.489,-0.1402743897164409,Nhỏ
DN00440,Công ty TNHH Thương mại Dịch vụ Việt Toàn,9947687475,Công ty TNHH hai thành viên trở lên,Ngoài nhà nước,Thương mại và dịch vụ,"Bán buôn, bán lẻ",1999,139,Hà Nội,CN Cầu Giấy,2018-10-12,Nguyễn Thanh An,24,Thông tư 200/2014/TT-BTC,Có,Đủ,Đang hoạt động,0389408286,lienhe.dn00440@doanhnghiep.vn,2025,BCTC đã kiểm toán,triệu đồng,58795.0,319282.0,385494.0,208694.0,972265.0,126069.0,26262.0,152331.0,1124596.0,116921.0,251981.0,45524.0,414426.0,142490.0,3967.0,146457.0,560883.0,563713.0,1124596.0,1831066.0,1612639.0,218427.0,158922.0,37289.0,22216.0,4443.0,17773.0,11514.0,0.012132823175134047,1831.066,1124.596,-0.15806089699377424,Lớn
DN00114,Công ty TNHH Vận tải Tâm Sơn,9102294905,Công ty TNHH hai thành viên trở lên,Ngoài nhà nước,Thương mại và dịch vụ,Dịch vụ khác,2025,5,Hà Nội,CN Hoàn Kiếm,2026-06-17,Đặng Minh Trang,5,Không lập BCTC (nộp thuế theo tỷ lệ % trên doanh thu),Không,Không đủ,Đang hoạt động,0388975183,lienhe.dn00114@doanhnghiep.vn,2025,Tờ khai thuế,triệu đồng,,,,,,,,,,,,,,,,,,,,457.0,,,,,,,,,,0.457,,,Siêu nhỏ
DN00299,Công ty TNHH Nông nghiệp Vạn Tân,9122722179,Công ty TNHH một thành viên,Ngoài nhà nước,"Nông, lâm nghiệp và thủy sản","Nông, lâm nghiệp và thủy sản",2016,258,Bình Dương,CN Bình Dương,2023-04-07,Đỗ Ngọc Tuấn,8,Thông tư 200/2014/TT-BTC,Có,Đủ,Đang hoạt động,0929560223,lienhe.dn00299@doanhnghiep.vn,2025,BCTC đã kiểm toán,triệu đồng,36107.0,21601.0,109282.0,34309.0,201299.0,221343.0,17879.0,239222.0,440521.0,6442.0,180866.0,20182.0,207490.0,41680.0,24196.0,65876.0,273366.0,167155.0,440521.0,145255.0,126150.0,19105.0,1453.0,21610.0,-3958.0,0.0,-3958.0,25111.0,-0.02724863171663626,145.255,440.521,-0.03825017214894855,Lớn
DN00372,Công ty TNHH Vận tải Hưng Đạt,9803127239,Công ty TNHH một thành viên,Ngoài nhà nước,Thương mại và dịch vụ,Dịch vụ khác,2022,409,TP Hồ Chí Minh,CN Quận 1,2025-10-10,Đỗ Văn Quân,9,Thông tư 200/2014/TT-BTC,Có,Đủ,Đang hoạt động,0325692261,lienhe.dn00372@doanhnghiep.vn,2025,BCTC đã kiểm toán,triệu đồng,26509.0,101652.0,57580.0,61580.0,247321.0,121145.0,31626.0,152771.0,400092.0,29829.0,97568.0,6792.0,134189.0,130684.0,28888.0,159572.0,293761.0,106331.0,400092.0,260540.0,213934.0,46606.0,15305.0,16021.0,15280.0,3056.0,12224.0,8584.0,0.05864742457971905,260.54,400.092,-0.006781819082872342,Lớn
DN00150,Công ty TNHH Thương mại Tổng hợp Hòa Phú,9739800460,Công ty TNHH hai thành viên trở lên,Ngoài nhà nước,Thương mại và dịch vụ,"Bán buôn, bán lẻ",2020,8,Hà Nội,CN Cầu Giấy,2026-04-25,Dương Thanh Cường,8,Thông tư 133/2016/TT-BTC,Không,Đủ,Đang hoạt động,0956182500,lienhe.dn00150@doanhnghiep.vn,2025,BCTC chưa kiểm toán,triệu đồng,816.0,1749.0,1899.0,548.0,5012.0,915.0,206.0,1121.0,6133.0,1114.0,1696.0,363.0,3173.0,1477.0,424.0,1901.0,5074.0,1059.0,6133.0,14010.0,12623.0,1387.0,1787.0,257.0,-657.0,0.0,-657.0,107.0,-0.04689507494646681,14.01,6.133,-0.14421843503756648,Nhỏ
DN00397,Công ty TNHH Du lịch Mỹ Khang,9928333782,Công ty TNHH một thành viên,Ngoài nhà nước,Thương mại và dịch vụ,Dịch vụ khác,2006,2,Bình Dương,CN Bình Dương,2018-06-29,Hoàng Hữu Phong,13,Không lập BCTC (nộp thuế theo tỷ lệ % trên doanh thu),Không,Không đủ,Đang hoạt động,0221082813,lienhe.dn00397@doanhnghiep.vn,2025,Tờ khai thuế,triệu đồng,,,,,,,,,,,,,,,,,,,,2358.0,,,,,,,,,,2.358,,0.1807711567351027,Siêu nhỏ
DN00136,Công ty Cổ phần Thủy sản Mỹ Thành,9121628980,Công ty cổ phần,Ngoài nhà nước,"Nông, lâm nghiệp và thủy sản","Nông, lâm nghiệp và thủy sản",2023,79,Hà Nội,CN Cầu Giấy,2025-09-02,Hoàng Minh Hùng,12,Thông tư 133/2016/TT-BTC,Không,Đủ,Đang hoạt động,0328611757,lienhe.dn00136@doanhnghiep.vn,2025,BCTC chưa kiểm toán,triệu đồng,144.0,299.0,445.0,249.0,1137.0,1280.0,161.0,1441.0,2578.0,42.0,626.0,82.0,750.0,696.0,13.0,709.0,1459.0,1119.0,2578.0,504.0,387.0,117.0,5.0,102.0,10.0,2.0,8.0,148.0,0.01984126984126984,0.504,2.578,-0.09352517985611508,Nhỏ
DN00436,Công ty Cổ phần Đầu tư Xây dựng Việt Sơn,9483480641,Công ty cổ phần,Ngoài nhà nước,Xây dựng,Xây dựng,2020,409,Cần Thơ,CN Cần Thơ,2024-03-01,Nguyễn Thị Nga,4,Thông tư 200/2014/TT-BTC,Có,Đủ,Đang hoạt động,0202997652,lienhe.dn00436@doanhnghiep.vn,2025,BCTC đã kiểm toán,triệu đồng,100655.0,320449.0,92488.0,166636.0,680228.0,159625.0,59810.0,219435.0,899663.0,35125.0,611292.0,69016.0,715433.0,0.0,0.0,0.0,715433.0,184230.0,899663.0,328694.0,267248.0,61446.0,3287.0,45901.0,12258.0,2452.0,9806.0,14307.0,0.037293044594668597,328.694,899.663,0.27087981131710714,Lớn
DN00453,Công ty TNHH Logistics Hưng Đạt,9983253608,Công ty TNHH một thành viên,Ngoài nhà nước,Thương mại và dịch vụ,Dịch vụ khác,2019,4,Đà Nẵng,CN Đà Nẵng,2019-06-24,Lê Minh Thảo,21,Thông tư 132/2018/TT-BTC,Không,Đủ,Đang hoạt động,0921820399,lienhe.dn00453@doanhnghiep.vn,2025,BCTC chưa kiểm toán,triệu đồng,122.0,544.0,43.0,235.0,944.0,415.0,109.0,524.0,1468.0,161.0,463.0,59.0,683.0,0.0,0.0,0.0,683.0,785.0,1468.0,1797.0,1359.0,438.0,351.0,42.0,45.0,9.0,36.0,38.0,0.025041736227045076,1.797,1.468,0.07411835026897795,Siêu nhỏ
DN00064,Công ty TNHH Thương mại Khánh Tâm,9941828344,Công ty TNHH hai thành viên trở lên,Ngoài nhà nước,Thương mại và dịch vụ,"Bán buôn, bán lẻ",2006,18,Đà Nẵng,CN Đà Nẵng,2021-05-27,Lý Hữu Tuấn,13,Thông tư 133/2016/TT-BTC,Không,Đủ,Đang hoạt động,0370005015,lienhe.dn00064@doanhnghiep.vn,2025,BCTC chưa kiểm toán,triệu đồng,661.0,1103.0,1650.0,549.0,3963.0,977.0,239.0,1216.0,5179.0,629.0,1327.0,110.0,2066.0,456.0,182.0,638.0,2704.0,2475.0,5179.0,5994.0,5334.0,660.0,367.0,142.0,151.0,30.0,121.0,61.0,0.02519185852519186,5.994,5.179,0.21017565112053305,Nhỏ
DN00410,Công ty TNHH Thực phẩm Long Nhật,9805018223,Công ty TNHH một thành viên,Ngoài nhà nước,Công nghiệp,"Chế biến, chế tạo",2021,6,TP Hồ Chí Minh,CN Quận 1,2023-10-16,Trần Đức Bình,7,Không lập BCTC (nộp thuế theo tỷ lệ % trên doanh thu),Không,Không đủ,Đang hoạt động,0337639978,lienhe.dn00410@doanhnghiep.vn,2025,Tờ khai thuế,triệu đồng,,,,,,,,,,,,,,,,,,,,905.0,,,,,,,,,,0.905,,-0.20960698689956336,Siêu nhỏ
DN00161,Công ty TNHH Logistics Phát Thành,9171603315,Công ty TNHH hai thành viên trở lên,Ngoài nhà nước,Thương mại và dịch vụ,Dịch vụ khác,2015,29,Hà Nội,CN Hoàn Kiếm,2022-03-26,Đặng Ngọc Mai,16,Thông tư 133/2016/TT-BTC,Không,Đủ,Đang hoạt động,0214035153,lienhe.dn00161@doanhnghiep.vn,2025,BCTC chưa kiểm toán,triệu đồng,511.0,5973.0,2383.0,1348.0,10215.0,7071.0,1397.0,8468.0,18683.0,478.0,3689.0,561.0,4728.0,6822.0,313.0,7135.0,11863.0,6820.0,18683.0,10469.0,7884.0,2585.0,1303.0,984.0,298.0,60.0,238.0,550.0,0.028464991880790907,10.469,18.683,0.19359252080720557,Nhỏ
DN00448,Công ty TNHH Vận tải Phúc Nam,9846173375,Công ty TNHH một thành viên,Ngoài nhà nước,Thương mại và dịch vụ,Dịch vụ khác,2023,9,Đà Nẵng,CN Đà Nẵng,2023-03-08,Vũ Thanh Hà,13,Thông tư 132/2018/TT-BTC,Không,Đủ,Đang hoạt động,0382502756,lienhe.dn00448@doanhnghiep.vn,2025,BCTC chưa kiểm toán,triệu đồng,56.0,518.0,215.0,163.0,952.0,726.0,306.0,1032.0,1984.0,39.0,475.0,83.0,597.0,202.0,18.0,220.0,817.0,1167.0,1984.0,765.0,542.0,223.0,141.0,64.0,18.0,4.0,14.0,65.0,0.023529411764705882,0.765,1.984,0.09129814550641946,Siêu nhỏ
DN00417,Công ty TNHH Thương mại Dịch vụ Thịnh Bảo,9945245004,Công ty TNHH một thành viên,Ngoài nhà nước,Thương mại và dịch vụ,"Bán buôn, bán lẻ",2022,29,Hà Nội,CN Cầu Giấy,2024-09-25,Lý Quốc Yến,10,Thông tư 133/2016/TT-BTC,Không,Đủ,Đang hoạt động,0306257455,lienhe.dn00417@doanhnghiep.vn,2025,BCTC chưa kiểm toán,triệu đồng,1799.0,8279.0,4502.0,3313.0,17893.0,4278.0,1691.0,5969.0,23862.0,3652.0,7570.0,663.0,11885.0,0.0,0.0,0.0,11885.0,11977.0,23862.0,50666.0,43759.0,6907.0,5399.0,709.0,799.0,160.0,639.0,358.0,0.015769944341372914,50.666,23.862,-0.059406675825195876,Nhỏ
DN00414,Công ty TNHH Tư vấn Minh Nam,9574863862,Công ty TNHH hai thành viên trở lên,Ngoài nhà nước,Thương mại và dịch vụ,Dịch vụ khác,2024,32,Đà Nẵng,CN Đà Nẵng,2024-07-30,Bùi Quốc Hạnh,23,Thông tư 133/2016/TT-BTC,Có,Đủ,Ngừng giao dịch,0940338664,lienhe.dn00414@doanhnghiep.vn,2025,BCTC đã kiểm toán,triệu đồng,1450.0,3454.0,5786.0,2783.0,13473.0,13352.0,1190.0,14542.0,28015.0,810.0,0.0,6060.0,6870.0,0.0,11418.0,11418.0,18288.0,9727.0,28015.0,16011.0,12278.0,3733.0,3098.0,0.0,635.0,127.0,508.0,1012.0,0.03966023358940728,16.011,28.015,0.17831910509272886,Nhỏ
DN00467,Công ty Cổ phần Vận tải Gia Bảo,9214176965,Công ty cổ phần,Ngoài nhà nước,Thương mại và dịch vụ,Dịch vụ khác,2010,42,Hà Nội,CN Hoàn Kiếm,2016-02-08,Ngô Ngọc Việt,1,Thông tư 133/2016/TT-BTC,Không,Đủ,Đang hoạt động,0333584665,lienhe.dn00467@doanhnghiep.vn,2025,BCTC chưa kiểm toán,triệu đồng,351.0,2406.0,634.0,1123.0,4514.0,2563.0,670.0,3233.0,7747.0,607.0,3616.0,338.0,4561.0,0.0,0.0,0.0,4561.0,3186.0,7747.0,6178.0,4665.0,1513.0,1337.0,304.0,-128.0,0.0,-128.0,188.0,-0.020718679184202008,6.178,7.747,-0.24987858183584266,Nhỏ
DN00013,Công ty TNHH Phân phối Tiến Long,9022341620,Công ty TNHH một thành viên,Ngoài nhà nước,Thương mại và dịch vụ,"Bán buôn, bán lẻ",2023,48,Hải Phòng,CN Hải Phòng,2026-03-14,Vũ Quốc Việt,5,Thông tư 133/2016/TT-BTC,Không,Đủ,Đang hoạt động,0293329941,lienhe.dn00013@doanhnghiep.vn,2025,BCTC chưa kiểm toán,triệu đồng,331.0,599.0,710.0,309.0,1949.0,614.0,61.0,675.0,2624.0,324.0,1061.0,111.0,1496.0,0.0,0.0,0.0,1496.0,1128.0,2624.0,5981.0,5371.0,610.0,484.0,76.0,50.0,10.0,40.0,58.0,0.008359806052499582,5.981,2.624,-0.07927955665024633,Nhỏ
DN00439,Công ty TNHH Thương mại Dịch vụ Tuấn Long,9461598658,Công ty TNHH hai thành viên trở lên,Ngoài nhà nước,Thương mại và dịch vụ,"Bán buôn, bán lẻ",2023,18,Hà Nội,CN Thanh Xuân,2025-08-02,Đỗ Thị Hùng,3,Thông tư 133/2016/TT-BTC,Không,Đủ,Đang hoạt động,0980170159,lienhe.dn00439@doanhnghiep.vn,2025,BCTC chưa kiểm toán,triệu đồng,943.0,2124.0,3372.0,653.0,7092.0,2363.0,210.0,2573.0,9665.0,1528.0,5289.0,521.0,7338.0,711.0,166.0,877.0,8215.0,1450.0,9665.0,31579.0,29573.0,2006.0,1835.0,492.0,-321.0,0.0,-321.0,181.0,-0.01016498305836157,31.579,9.665,0.15373935917577009,Nhỏ
DN00063,Công ty TNHH Sản xuất Khang Sơn,9908942133,Công ty TNHH hai thành viên trở lên,Ngoài nhà nước,Công nghiệp,"Chế biến, chế tạo",2024,9,TP Hồ Chí Minh,CN TP Hồ Chí Minh,2026-04-24,Trần Thị Tuấn,6,Thông tư 133/2016/TT-BTC,Có,Đủ,Đang hoạt động,0227532248,lienhe.dn00063@doanhnghiep.vn,2025,BCTC đã kiểm toán,triệu đồng,1232.0,3241.0,2553.0,1771.0,8797.0,1939.0,388.0,2327.0,11124.0,304.0,4692.0,552.0,5548.0,1171.0,755.0,1926.0,7474.0,3650.0,11124.0,3992.0,3424.0,568.0,40.0,560.0,-32.0,0.0,-32.0,158.0,-0.008016032064128256,3.992,11.124,0.052465067229106266,Nhỏ
DN00095,Công ty TNHH Thương mại Dịch vụ Nhật Linh,9270659670,Công ty TNHH một thành viên,Ngoài nhà nước,Thương mại và dịch vụ,"Bán buôn, bán lẻ",2021,25,Hải Phòng,CN Hải Phòng,2024-08-27,Vũ Ngọc Trang,5,Thông tư 133/2016/TT-BTC,Không,Đủ,Đang hoạt động,0996714746,lienhe.dn00095@doanhnghiep.vn,2025,BCTC chưa kiểm toán,triệu đồng,1859.0,3281.0,3880.0,2737.0,11757.0,1313.0,521.0,1834.0,13591.0,1018.0,5837.0,419.0,7274.0,0.0,0.0,0.0,7274.0,6317.0,13591.0,14090.0,12243.0,1847.0,1345.0,424.0,78.0,16.0,62.0,149.0,0.0055358410220014195,14.09,13.591,0.18522880215343207,Nhỏ
DN00368,Công ty TNHH Logistics Việt Tâm,9801601587,Công ty TNHH một thành viên,Ngoài nhà nước,Thương mại và dịch vụ,Dịch vụ khác,2021,10,Hà Nội,CN Cầu Giấy,2023-06-15,Ngô Ngọc Hà,12,Thông tư 132/2018/TT-BTC,Không,Đủ,Đang hoạt động,0900908634,lienhe.dn00368@doanhnghiep.vn,2025,BCTC chưa kiểm toán,triệu đồng,98.0,443.0,223.0,247.0,1011.0,1084.0,357.0,1441.0,2452.0,127.0,771.0,61.0,959.0,435.0,262.0,697.0,1656.0,796.0,2452.0,2360.0,1699.0,661.0,588.0,122.0,-49.0,0.0,-49.0,108.0,-0.02076271186440678,2.36,2.452,0.013310433662516052,Siêu nhỏ
DN00346,Doanh nghiệp tư nhân Du lịch Minh Bảo,9266239923,Doanh nghiệp tư nhân,Ngoài nhà nước,Thương mại và dịch vụ,Dịch vụ khác,2023,14,Hà Nội,CN Thanh Xuân,2025-09-30,Dương Quốc Quân,8,Thông tư 133/2016/TT-BTC,Không,Đủ,Đang hoạt động,0950503306,lienhe.dn00346@doanhnghiep.vn,2025,BCTC chưa kiểm toán,triệu đồng,204.0,1118.0,365.0,376.0,2063.0,1895.0,574.0,2469.0,4532.0,512.0,351.0,143.0,1006.0,636.0,376.0,1012.0,2018.0,2514.0,4532.0,4030.0,3129.0,901.0,438.0,98.0,365.0,73.0,292.0,144.0,0.09057071960297766,4.03,4.532,0.3518953371351896,Nhỏ
DN00382,Công ty Cổ phần Phân phối Thịnh Hải,9548544304,Công ty cổ phần,Ngoài nhà nước,Thương mại và dịch vụ,"Bán buôn, bán lẻ",2021,8,TP Hồ Chí Minh,CN TP Hồ Chí Minh,2021-08-13,Vũ Thị Sơn,12,Thông tư 133/2016/TT-BTC,Không,Đủ,Đang hoạt động,0901543948,lienhe.dn00382@doanhnghiep.vn,2025,BCTC chưa kiểm toán,triệu đồng,1986.0,4569.0,9777.0,4770.0,21102.0,4389.0,1087.0,5476.0,26578.0,2316.0,10682.0,1045.0,14043.0,0.0,0.0,0.0,14043.0,12535.0,26578.0,53789.0,48057.0,5732.0,4729.0,1003.0,0.0,0.0,0.0,432.0,0.0,53.789,26.578,0.18118933637840917,Nhỏ
DN00187,Công ty TNHH Sản xuất Nhật Hưng,9728430766,Công ty TNHH hai thành viên trở lên,Ngoài nhà nước,Công nghiệp,"Chế biến, chế tạo",2010,28,TP Hồ Chí Minh,CN TP Hồ Chí Minh,2024-07-28,Đỗ Thanh Tuấn,6,Thông tư 133/2016/TT-BTC,Không,Đủ,Đang hoạt động,0938870360,lienhe.dn00187@doanhnghiep.vn,2025,BCTC chưa kiểm toán,triệu đồng,126.0,642.0,796.0,151.0,1715.0,1615.0,337.0,1952.0,3667.0,171.0,1098.0,137.0,1406.0,731.0,277.0,1008.0,2414.0,1253.0,3667.0,3073.0,2634.0,439.0,169.0,185.0,85.0,17.0,68.0,149.0,0.02766026684022128,3.073,3.667,0.3026706231454006,Nhỏ
DN00137,Công ty TNHH Thương mại Tổng hợp Ngọc Nam,9105519700,Công ty TNHH hai thành viên trở lên,Ngoài nhà nước,Thương mại và dịch vụ,"Bán buôn, bán lẻ",2021,10,Hà Nội,CN Hoàn Kiếm,2023-10-30,Hoàng Minh Mai,7,Không lập BCTC (nộp thuế theo tỷ lệ % trên doanh thu),Không,Không đủ,Đang hoạt động,0261000524,lienhe.dn00137@doanhnghiep.vn,2025,Tờ khai thuế,triệu đồng,,,,,,,,,,,,,,,,,,,,1566.0,,,,,,,,,,1.566,,0.09433962264150941,Siêu nhỏ
DN00153,Công ty TNHH Vận tải Thành Nam,9495746429,Công ty TNHH hai thành viên trở lên,Ngoài nhà nước,Thương mại và dịch vụ,Dịch vụ khác,2024,23,Hà Nội,CN Hoàn Kiếm,2024-03-07,Đặng Minh Long,10,Thông tư 133/2016/TT-BTC,Không,Đủ,Đang hoạt động,0383444789,lienhe.dn00153@doanhnghiep.vn,2025,BCTC chưa kiểm toán,triệu đồng,597.0,2766.0,207.0,661.0,4231.0,2019.0,192.0,2211.0,6442.0,564.0,2004.0,202.0,2770.0,1621.0,930.0,2551.0,5321.0,1121.0,6442.0,8769.0,6530.0,2239.0,2569.0,368.0,-698.0,0.0,-698.0,230.0,-0.07959858592769985,8.769,6.442,0.0906716417910447,Nhỏ
DN00017,Công ty Cổ phần Thủy sản Trường Quang,9739207300,Công ty cổ phần,Ngoài nhà nước,"Nông, lâm nghiệp và thủy sản","Nông, lâm nghiệp và thủy sản",2018,5,TP Hồ Chí Minh,CN TP Hồ Chí Minh,2022-06-05,Đỗ Hoài Việt,8,Thông tư 132/2018/TT-BTC,Không,Đủ,Đang hoạt động,0393840690,lienhe.dn00017@doanhnghiep.vn,2025,BCTC chưa kiểm toán,triệu đồng,62.0,687.0,536.0,196.0,1481.0,1387.0,121.0,1508.0,2989.0,26.0,322.0,27.0,375.0,0.0,0.0,0.0,375.0,2614.0,2989.0,911.0,788.0,123.0,30.0,26.0,67.0,13.0,54.0,100.0,0.07354555433589462,0.911,2.989,-0.1680365296803653,Siêu nhỏ
DN00402,Công ty TNHH Thương mại Khang Sơn,9317213186,Công ty TNHH hai thành viên trở lên,Ngoài nhà nước,Thương mại và dịch vụ,"Bán buôn, bán lẻ",2011,8,Hà Nội,CN Hoàn Kiếm,2023-11-04,Phạm Thanh Lan,7,Thông tư 132/2018/TT-BTC,Không,Đủ,Đang hoạt động,0269479622,lienhe.dn00402@doanhnghiep.vn,2025,BCTC chưa kiểm toán,triệu đồng,66.0,616.0,588.0,241.0,1511.0,208.0,25.0,233.0,1744.0,210.0,0.0,860.0,1070.0,0.0,0.0,0.0,1070.0,674.0,1744.0,2852.0,2555.0,297.0,195.0,0.0,102.0,20.0,82.0,13.0,0.03576437587657784,2.852,1.744,0.2743521000893656,Siêu nhỏ
DN00421,Công ty TNHH Nông sản Khánh Thịnh,9669799718,Công ty TNHH một thành viên,Ngoài nhà nước,"Nông, lâm nghiệp và thủy sản","Nông, lâm nghiệp và thủy sản",1991,1317,Hà Nội,CN Hoàn Kiếm,2025-10-25,Phạm Quốc Việt,8,Thông tư 200/2014/TT-BTC,Có,Đủ,Đang hoạt động,0361435437,lienhe.dn00421@doanhnghiep.vn,2025,BCTC đã kiểm toán,triệu đồng,146801.0,203543.0,341265.0,227329.0,918938.0,999763.0,124346.0,1124109.0,2043047.0,75650.0,497733.0,47541.0,620924.0,460863.0,166710.0,627573.0,1248497.0,794550.0,2043047.0,988318.0,864192.0,124126.0,20844.0,94525.0,8757.0,1751.0,7006.0,89188.0,0.008860508459827707,988.318,2043.047,0.22204512940484045,Lớn
DN00246,Công ty Cổ phần Thương mại Đông Toàn,9420165582,Công ty cổ phần,Ngoài nhà nước,Thương mại và dịch vụ,"Bán buôn, bán lẻ",2016,56,Đà Nẵng,CN Đà Nẵng,2022-11-20,Vũ Thu Hà,10,Thông tư 133/2016/TT-BTC,Không,Đủ,Đang hoạt động,0248277354,lienhe.dn00246@doanhnghiep.vn,2025,BCTC chưa kiểm toán,triệu đồng,10886.0,25145.0,19787.0,13634.0,69452.0,3468.0,673.0,4141.0,73593.0,7837.0,34912.0,7050.0,49799.0,0.0,0.0,0.0,49799.0,23794.0,73593.0,102250.0,91396.0,10854.0,3107.0,3158.0,4589.0,918.0,3671.0,377.0,0.044880195599022,102.25,73.593,0.17665335619512312,Vừa
DN00395,Công ty TNHH Dịch vụ Hải Đạt,9298932341,Công ty TNHH hai thành viên trở lên,Ngoài nhà nước,Thương mại và dịch vụ,Dịch vụ khác,2023,6,TP Hồ Chí Minh,CN Quận 1,2024-11-20,Phạm Quốc Thảo,13,Thông tư 132/2018/TT-BTC,Không,Đủ,Đang hoạt động,0222363672,lienhe.dn00395@doanhnghiep.vn,2025,BCTC chưa kiểm toán,triệu đồng,56.0,174.0,24.0,60.0,314.0,253.0,46.0,299.0,613.0,51.0,193.0,36.0,280.0,0.0,0.0,0.0,280.0,333.0,613.0,654.0,494.0,160.0,172.0,20.0,-32.0,0.0,-32.0,19.0,-0.04892966360856269,0.654,0.613,-0.1955719557195572,Siêu nhỏ
DN00400,Công ty TNHH Xây dựng và Thương mại Hưng Thuận,9257034137,Công ty TNHH hai thành viên trở lên,Ngoài nhà nước,Xây dựng,Xây dựng,2023,89,Hà Nội,CN Thanh Xuân,2024-03-18,Phạm Hoài An,12,Thông tư 133/2016/TT-BTC,Có,Đủ,Đang hoạt động,0290712369,lienhe.dn00400@doanhnghiep.vn,2025,BCTC đã kiểm toán,triệu đồng,248.0,2197.0,315.0,426.0,3186.0,539.0,128.0,667.0,3853.0,327.0,1289.0,151.0,1767.0,0.0,0.0,0.0,1767.0,2086.0,3853.0,1451.0,1229.0,222.0,117.0,105.0,0.0,0.0,0.0,49.0,0.0,1.451,3.853,-0.10321384425216318,Nhỏ
DN00333,Công ty TNHH Phân phối Đạt Đông,9495553621,Công ty TNHH hai thành viên trở lên,Ngoài nhà nước,Thương mại và dịch vụ,"Bán buôn, bán lẻ",2021,19,Hà Nội,CN Cầu Giấy,2023-07-26,Trần Thị Thảo,2,Thông tư 133/2016/TT-BTC,Không,Đủ,Đang hoạt động,0201191597,lienhe.dn00333@doanhnghiep.vn,2025,BCTC chưa kiểm toán,triệu đồng,418.0,819.0,1216.0,225.0,2678.0,1068.0,262.0,1330.0,4008.0,507.0,1300.0,211.0,2018.0,72.0,47.0,119.0,2137.0,1871.0,4008.0,5272.0,4899.0,373.0,90.0,137.0,146.0,29.0,117.0,114.0,0.027693474962063733,5.272,4.008,0.1310877494099978,Nhỏ
DN00082,Công ty TNHH Thương mại Mỹ Hưng,9700493107,Công ty TNHH hai thành viên trở lên,Ngoài nhà nước,Thương mại và dịch vụ,"Bán buôn, bán lẻ",2009,33,Bình Dương,CN Bình Dương,2014-11-06,Lý Hoài Hà,6,Thông tư 133/2016/TT-BTC,Không,Đủ,Đang hoạt động,0235474295,lienhe.dn00082@doanhnghiep.vn,2025,BCTC chưa kiểm toán,triệu đồng,1187.0,1659.0,3863.0,1046.0,7755.0,2099.0,570.0,2669.0,10424.0,754.0,0.0,4714.0,5468.0,0.0,852.0,852.0,6320.0,4104.0,10424.0,15895.0,13967.0,1928.0,1462.0,0.0,466.0,93.0,373.0,240.0,0.029317395407360804,15.895,10.424,0.2726180944755805,Nhỏ
DN00296,Công ty Cổ phần Nhựa Xuân Phúc,9656912877,Công ty cổ phần,Ngoài nhà nước,Công nghiệp,"Chế biến, chế tạo",2023,8,TP Hồ Chí Minh,CN TP Hồ Chí Minh,2023-11-28,Lê Minh Phong,9,Thông tư 132/2018/TT-BTC,Không,Đủ,Đang hoạt động,0357195096,lienhe.dn00296@doanhnghiep.vn,2025,BCTC chưa kiểm toán,triệu đồng,27.0,170.0,146.0,41.0,384.0,314.0,40.0,354.0,738.0,39.0,221.0,16.0,276.0,83.0,51.0,134.0,410.0,328.0,738.0,685.0,590.0,95.0,17.0,31.0,47.0,9.0,38.0,36.0,0.06861313868613139,0.685,0.738,0.07366771159874608,Siêu nhỏ
DN00035,Công ty TNHH Thương mại Phát Tâm,9874354987,Công ty TNHH hai thành viên trở lên,Ngoài nhà nước,Thương mại và dịch vụ,"Bán buôn, bán lẻ",2018,29,TP Hồ Chí Minh,CN TP Hồ Chí Minh,2023-01-04,Lý Hữu Sơn,8,Thông tư 133/2016/TT-BTC,Không,Đủ,Đang hoạt động,0315345227,lienhe.dn00035@doanhnghiep.vn,2025,BCTC chưa kiểm toán,triệu đồng,479.0,1074.0,1512.0,540.0,3605.0,499.0,76.0,575.0,4180.0,591.0,0.0,898.0,1489.0,0.0,0.0,0.0,1489.0,2691.0,4180.0,9961.0,8797.0,1164.0,792.0,0.0,372.0,74.0,298.0,41.0,0.03734564802730649,9.961,4.18,0.14665592264302973,Nhỏ
DN00168,Doanh nghiệp tư nhân Cơ khí Phú An,9977241248,Doanh nghiệp tư nhân,Ngoài nhà nước,Công nghiệp,"Chế biến, chế tạo",2025,6,Hà Nội,CN Cầu Giấy,2025-06-27,Nguyễn Thanh Hạnh,3,Thông tư 132/2018/TT-BTC,Không,Không đủ,Đang hoạt động,0278763012,lienhe.dn00168@doanhnghiep.vn,2025,BCTC chưa kiểm toán,triệu đồng,36.0,220.0,187.0,112.0,555.0,284.0,52.0,336.0,891.0,81.0,0.0,350.0,431.0,0.0,0.0,0.0,431.0,460.0,891.0,645.0,547.0,98.0,132.0,0.0,-34.0,0.0,-34.0,23.0,-0.05271317829457364,0.645,0.891,,Siêu nhỏ
DN00084,Công ty TNHH Xây dựng Gia Khang,9545549245,Công ty TNHH hai thành viên trở lên,Ngoài nhà nước,Xây dựng,Xây dựng,2013,1166,Bình Dương,CN Bình Dương,2014-05-19,Nguyễn Quốc Lan,9,Thông tư 200/2014/TT-BTC,Có,Đủ,Đang hoạt động,0237466035,lienhe.dn00084@doanhnghiep.vn,2025,BCTC đã kiểm toán,triệu đồng,12263.0,84036.0,28759.0,13754.0,138812.0,24378.0,4755.0,29133.0,167945.0,19718.0,74839.0,13933.0,108490.0,8994.0,861.0,9855.0,118345.0,49600.0,167945.0,103149.0,90803.0,12346.0,1031.0,7737.0,3578.0,716.0,2862.0,2005.0,0.03468768480547557,103.149,167.945,0.05370203898173487,Lớn
DN00210,Doanh nghiệp tư nhân Thương mại Dịch vụ Bình Thuận,9754672417,Doanh nghiệp tư nhân,Ngoài nhà nước,Thương mại và dịch vụ,"Bán buôn, bán lẻ",2023,5,TP Hồ Chí Minh,CN TP Hồ Chí Minh,2024-11-01,Lê Ngọc Tuấn,8,Không lập BCTC (nộp thuế theo tỷ lệ % trên doanh thu),Không,Không đủ,Đang hoạt động,0213593739,lienhe.dn00210@doanhnghiep.vn,2025,Tờ khai thuế,triệu đồng,,,,,,,,,,,,,,,,,,,,3524.0,,,,,,,,,,3.524,,0.14341336794289417,Siêu nhỏ
DN00468,Công ty TNHH Thương mại Hòa Đạt,9268289169,Công ty TNHH một thành viên,Ngoài nhà nước,Thương mại và dịch vụ,"Bán buôn, bán lẻ",2023,70,TP Hồ Chí Minh,CN TP Hồ Chí Minh,2025-01-02,Đỗ Ngọc Việt,14,Thông tư 133/2016/TT-BTC,Có,Đủ,Đang hoạt động,0362561025,lienhe.dn00468@doanhnghiep.vn,2025,BCTC đã kiểm toán,triệu đồng,2085.0,3517.0,13791.0,1819.0,21212.0,4618.0,1023.0,5641.0,26853.0,1086.0,9179.0,1137.0,11402.0,0.0,0.0,0.0,11402.0,15451.0,26853.0,23822.0,21829.0,1993.0,1764.0,976.0,-747.0,0.0,-747.0,381.0,-0.031357568634035764,23.822,26.853,0.015560387091273498,Vừa
DN00125,Công ty TNHH Thương mại Tổng hợp Xuân Bảo,9083489917,Công ty TNHH một thành viên,Ngoài nhà nước,Thương mại và dịch vụ,"Bán buôn, bán lẻ",2023,6,Hà Nội,CN Hoàn Kiếm,2023-12-24,Đặng Thu Hạnh,10,Thông tư 132/2018/TT-BTC,Không,Đủ,Đang hoạt động,0284401211,lienhe.dn00125@doanhnghiep.vn,2025,BCTC chưa kiểm toán,triệu đồng,75.0,180.0,365.0,150.0,770.0,119.0,16.0,135.0,905.0,94.0,202.0,38.0,334.0,0.0,0.0,0.0,334.0,571.0,905.0,1763.0,1569.0,194.0,227.0,17.0,-50.0,0.0,-50.0,13.0,-0.02836074872376631,1.763,0.905,-0.07063784923563521,Siêu nhỏ
DN00145,Công ty TNHH Xây dựng và Thương mại Minh Toàn,9982985140,Công ty TNHH hai thành viên trở lên,Ngoài nhà nước,Xây dựng,Xây dựng,2021,7,TP Hồ Chí Minh,CN TP Hồ Chí Minh,2022-10-17,Phạm Ngọc Yến,12,Thông tư 132/2018/TT-BTC,Không,Đủ,Đang hoạt động,0218024407,lienhe.dn00145@doanhnghiep.vn,2025,BCTC chưa kiểm toán,triệu đồng,184.0,419.0,306.0,117.0,1026.0,521.0,64.0,585.0,1611.0,66.0,0.0,241.0,307.0,0.0,0.0,0.0,307.0,1304.0,1611.0,696.0,596.0,100.0,82.0,0.0,18.0,4.0,14.0,59.0,0.02586206896551724,0.696,1.611,-0.15328467153284675,Siêu nhỏ
DN00355,Công ty Cổ phần Bao bì Mỹ Nhật,9267681355,Công ty cổ phần,Ngoài nhà nước,Công nghiệp,"Chế biến, chế tạo",2020,16,TP Hồ Chí Minh,CN TP Hồ Chí Minh,2026-06-10,Ngô Quốc Dũng,18,Thông tư 133/2016/TT-BTC,Không,Đủ,Đang hoạt động,0316877155,lienhe.dn00355@doanhnghiep.vn,2025,BCTC chưa kiểm toán,triệu đồng,514.0,1280.0,7198.0,804.0,9796.0,3926.0,811.0,4737.0,14533.0,1006.0,0.0,6150.0,7156.0,0.0,687.0,687.0,7843.0,6690.0,14533.0,12741.0,10988.0,1753.0,1456.0,0.0,297.0,59.0,238.0,366.0,0.023310572168589592,12.741,14.533,0.037963340122199485,Nhỏ
DN00047,Công ty TNHH Thương mại Gia Nhật,9333979580,Công ty TNHH hai thành viên trở lên,Ngoài nhà nước,Thương mại và dịch vụ,"Bán buôn, bán lẻ",1992,33,Hà Nội,CN Cầu Giấy,2015-08-26,Lê Thị Hà,16,Thông tư 133/2016/TT-BTC,Có,Đủ,Đang hoạt động,0967590862,lienhe.dn00047@doanhnghiep.vn,2025,BCTC đã kiểm toán,triệu đồng,5368.0,9219.0,8333.0,6937.0,29857.0,9537.0,2673.0,12210.0,42067.0,11057.0,7114.0,2994.0,21165.0,2455.0,800.0,3255.0,24420.0,17647.0,42067.0,84738.0,74901.0,9837.0,8897.0,940.0,0.0,0.0,0.0,586.0,0.0,84.738,42.067,0.19069231525847652,Nhỏ
DN00189,Công ty TNHH Thương mại Tổng hợp Phú Kim,9844451719,Công ty TNHH một thành viên,Ngoài nhà nước,Thương mại và dịch vụ,"Bán buôn, bán lẻ",2004,36,Hà Nội,CN Hoàn Kiếm,2023-08-13,Dương Minh Dũng,15,Thông tư 133/2016/TT-BTC,Không,Đủ,Đã đóng,0285490154,lienhe.dn00189@doanhnghiep.vn,2025,BCTC chưa kiểm toán,triệu đồng,504.0,323.0,1649.0,459.0,2935.0,501.0,197.0,698.0,3633.0,255.0,0.0,2204.0,2459.0,0.0,0.0,0.0,2459.0,1174.0,3633.0,4598.0,3978.0,620.0,527.0,0.0,93.0,19.0,74.0,31.0,0.020226185297955633,4.598,3.633,0.4001218026796589,Nhỏ
DN00205,Công ty TNHH Đầu tư Xây dựng Linh Hải,9392005495,Công ty TNHH một thành viên,Ngoài nhà nước,Xây dựng,Xây dựng,2023,8,Bình Dương,CN Bình Dương,2023-03-18,Nguyễn Quốc Lan,14,Thông tư 132/2018/TT-BTC,Không,Đủ,Đang hoạt động,0357739758,lienhe.dn00205@doanhnghiep.vn,2025,BCTC chưa kiểm toán,triệu đồng,165.0,690.0,879.0,188.0,1922.0,826.0,63.0,889.0,2811.0,196.0,0.0,1001.0,1197.0,0.0,0.0,0.0,1197.0,1614.0,2811.0,1111.0,996.0,115.0,51.0,0.0,64.0,13.0,51.0,94.0,0.0576057605760576,1.111,2.811,-0.08559670781893003,Siêu nhỏ
DN00491,Công ty TNHH Thương mại Gia Phúc,9241309346,Công ty TNHH một thành viên,Ngoài nhà nước,Thương mại và dịch vụ,"Bán buôn, bán lẻ",2003,46,TP Hồ Chí Minh,CN TP Hồ Chí Minh,2013-04-18,Phạm Thanh Long,8,Thông tư 133/2016/TT-BTC,Không,Đủ,Đang hoạt động,0316858612,lienhe.dn00491@doanhnghiep.vn,2025,BCTC chưa kiểm toán,triệu đồng,159.0,747.0,1342.0,225.0,2473.0,494.0,164.0,658.0,3131.0,560.0,989.0,116.0,1665.0,0.0,0.0,0.0,1665.0,1466.0,3131.0,6617.0,5450.0,1167.0,1008.0,75.0,84.0,17.0,67.0,51.0,0.01269457458062566,6.617,3.131,0.03633516053249797,Nhỏ
DN00429,Công ty TNHH Phân phối Linh Toàn,9570298584,Công ty TNHH hai thành viên trở lên,Ngoài nhà nước,Thương mại và dịch vụ,"Bán buôn, bán lẻ",2021,8,Đà Nẵng,CN Đà Nẵng,2025-07-31,Nguyễn Minh Hùng,10,Thông tư 133/2016/TT-BTC,Có,Đủ,Đang hoạt động,0360508989,lienhe.dn00429@doanhnghiep.vn,2025,BCTC đã kiểm toán,triệu đồng,672.0,4775.0,2742.0,987.0,9176.0,1997.0,491.0,2488.0,11664.0,1159.0,2496.0,245.0,3900.0,2392.0,174.0,2566.0,6466.0,5198.0,11664.0,15981.0,13928.0,2053.0,1490.0,393.0,170.0,34.0,136.0,213.0,0.010637632188223516,15.981,11.664,0.15837924035952455,Nhỏ
DN00250,Công ty Cổ phần Nhựa Đạt Quang,9452831734,Công ty cổ phần,Ngoài nhà nước,Công nghiệp,"Chế biến, chế tạo",2023,95,TP Hồ Chí Minh,CN TP Hồ Chí Minh,2023-06-29,Vũ Hữu Hùng,15,Thông tư 133/2016/TT-BTC,Không,Đủ,Đang hoạt động,0321493814,lienhe.dn00250@doanhnghiep.vn,2025,BCTC chưa kiểm toán,triệu đồng,402.0,1338.0,2567.0,600.0,4907.0,2215.0,655.0,2870.0,7777.0,719.0,1776.0,336.0,2831.0,0.0,0.0,0.0,2831.0,4946.0,7777.0,7148.0,5982.0,1166.0,1283.0,143.0,-260.0,0.0,-260.0,188.0,-0.03637381085618355,7.148,7.777,-0.1506653992395437,Nhỏ
DN00094,Công ty TNHH Thương mại Tổng hợp Vinh An,9868766056,Công ty TNHH hai thành viên trở lên,Ngoài nhà nước,Thương mại và dịch vụ,"Bán buôn, bán lẻ",2024,84,Đà Nẵng,CN Đà Nẵng,2026-10-29,Phạm Đức An,19,Thông tư 133/2016/TT-BTC,Có,Đủ,Đang hoạt động,0248083937,lienhe.dn00094@doanhnghiep.vn,2025,BCTC đã kiểm toán,triệu đồng,3095.0,11751.0,19830.0,3187.0,37863.0,9671.0,3111.0,12782.0,50645.0,8542.0,19236.0,2993.0,30771.0,2008.0,802.0,2810.0,33581.0,17064.0,50645.0,139388.0,121690.0,17698.0,12707.0,1845.0,3146.0,629.0,2517.0,936.0,0.022570092116968463,139.388,50.645,0.09812263162455781,Vừa
DN00428,Công ty TNHH Dịch vụ Phú Hưng,9656415579,Công ty TNHH một thành viên,Ngoài nhà nước,Thương mại và dịch vụ,Dịch vụ khác,2020,10,Hà Nội,CN Thanh Xuân,2025-09-08,Nguyễn Quốc Quân,15,Thông tư 132/2018/TT-BTC,Không,Đủ,Đang hoạt động,0967734248,lienhe.dn00428@doanhnghiep.vn,2025,BCTC chưa kiểm toán,triệu đồng,114.0,460.0,55.0,177.0,806.0,400.0,104.0,504.0,1310.0,56.0,377.0,38.0,471.0,0.0,0.0,0.0,471.0,839.0,1310.0,1106.0,774.0,332.0,222.0,31.0,79.0,16.0,63.0,29.0,0.07142857142857142,1.106,1.31,0.03655107778819122,Siêu nhỏ
DN00463,Doanh nghiệp tư nhân Thương mại Khánh Nhật,9467591740,Doanh nghiệp tư nhân,Ngoài nhà nước,Thương mại và dịch vụ,"Bán buôn, bán lẻ",2022,10,Bình Dương,CN Bình Dương,2025-12-14,Vũ Văn Hạnh,18,Thông tư 132/2018/TT-BTC,Không,Đủ,Đang hoạt động,0241632338,lienhe.dn00463@doanhnghiep.vn,2025,BCTC chưa kiểm toán,triệu đồng,264.0,641.0,1098.0,448.0,2451.0,454.0,183.0,637.0,3088.0,148.0,0.0,1801.0,1949.0,0.0,0.0,0.0,1949.0,1139.0,3088.0,2677.0,2431.0,246.0,347.0,0.0,-101.0,0.0,-101.0,47.0,-0.037728800896525964,2.677,3.088,-0.023349142648668386,Siêu nhỏ
DN00188,Công ty Cổ phần Nhựa Tâm Phát,9141616082,Công ty cổ phần,Ngoài nhà nước,Công nghiệp,"Chế biến, chế tạo",2021,10,Hà Nội,CN Thanh Xuân,2021-07-06,Trần Minh Phong,4,Không lập BCTC (nộp thuế theo tỷ lệ % trên doanh thu),Không,Không đủ,Đang hoạt động,0297850431,lienhe.dn00188@doanhnghiep.vn,2025,Tờ khai thuế,triệu đồng,,,,,,,,,,,,,,,,,,,,1329.0,,,,,,,,,,1.329,,0.2815814850530376,Siêu nhỏ
DN00267,Doanh nghiệp tư nhân Dệt may Châu Thuận,9180201961,Doanh nghiệp tư nhân,Ngoài nhà nước,Công nghiệp,"Chế biến, chế tạo",2024,4,TP Hồ Chí Minh,CN TP Hồ Chí Minh,2024-04-30,Lý Ngọc Bình,11,Không lập BCTC (nộp thuế theo tỷ lệ % trên doanh thu),Không,Không đủ,Đang hoạt động,0325317483,lienhe.dn00267@doanhnghiep.vn,2025,Tờ khai thuế,triệu đồng,,,,,,,,,,,,,,,,,,,,736.0,,,,,,,,,,0.736,,0.035161744022503605,Siêu nhỏ
DN00118,Công ty Cổ phần Du lịch Nam Khánh,9903053733,Công ty cổ phần,Ngoài nhà nước,Thương mại và dịch vụ,Dịch vụ khác,2000,13,Bình Dương,CN Bình Dương,2020-04-22,Đặng Ngọc Sơn,7,Thông tư 133/2016/TT-BTC,Không,Đủ,Đang hoạt động,0326023834,lienhe.dn00118@doanhnghiep.vn,2025,BCTC chưa kiểm toán,triệu đồng,1623.0,7194.0,1453.0,1549.0,11819.0,7985.0,1498.0,9483.0,21302.0,1879.0,6658.0,1367.0,9904.0,4167.0,786.0,4953.0,14857.0,6445.0,21302.0,17927.0,14504.0,3423.0,2367.0,1171.0,-115.0,0.0,-115.0,515.0,-0.006414904892062252,17.927,21.302,0.2667467495760316,Nhỏ
DN00024,Công ty TNHH Vận tải Bình Lâm,9215488103,Công ty TNHH hai thành viên trở lên,Ngoài nhà nước,Thương mại và dịch vụ,Dịch vụ khác,2015,13,Đà Nẵng,CN Đà Nẵng,2020-08-29,Nguyễn Minh Mai,10,Thông tư 133/2016/TT-BTC,Không,Đủ,Đang hoạt động,0393975404,lienhe.dn00024@doanhnghiep.vn,2025,BCTC chưa kiểm toán,triệu đồng,2628.0,9405.0,5027.0,2810.0,19870.0,13225.0,5374.0,18599.0,38469.0,3869.0,11952.0,2062.0,17883.0,5543.0,1573.0,7116.0,24999.0,13470.0,38469.0,35751.0,28638.0,7113.0,6041.0,1714.0,-642.0,0.0,-642.0,1136.0,-0.01795753964924058,35.751,38.469,0.1685242686713515,Nhỏ
DN00003,Công ty TNHH Dệt may Trường Quang,9533085311,Công ty TNHH một thành viên,Ngoài nhà nước,Công nghiệp,"Chế biến, chế tạo",2023,5,Đà Nẵng,CN Đà Nẵng,2024-05-03,Lý Thị Mai,7,Thông tư 132/2018/TT-BTC,Không,Đủ,Ngừng giao dịch,0312093951,lienhe.dn00003@doanhnghiep.vn,2025,BCTC chưa kiểm toán,triệu đồng,15.0,174.0,117.0,29.0,335.0,292.0,68.0,360.0,695.0,68.0,0.0,143.0,211.0,0.0,518.0,518.0,729.0,-34.0,695.0,634.0,566.0,68.0,86.0,0.0,-18.0,0.0,-18.0,27.0,-0.028391167192429023,0.634,0.695,-0.11944444444444446,Siêu nhỏ
DN00191,Công ty TNHH Du lịch Thái Hòa,9110988393,Công ty TNHH một thành viên,Ngoài nhà nước,Thương mại và dịch vụ,Dịch vụ khác,2023,12,Hà Nội,CN Thanh Xuân,2024-05-23,Lý Thị Tuấn,8,Thông tư 133/2016/TT-BTC,Không,Đủ,Đang hoạt động,0330014094,lienhe.dn00191@doanhnghiep.vn,2025,BCTC chưa kiểm toán,triệu đồng,1401.0,7812.0,1882.0,3274.0,14369.0,14140.0,1519.0,15659.0,30028.0,2120.0,4435.0,979.0,7534.0,11310.0,2985.0,14295.0,21829.0,8199.0,30028.0,32587.0,25609.0,6978.0,4380.0,1154.0,1444.0,289.0,1155.0,1529.0,0.044312149016478966,32.587,30.028,0.2945219083939141,Nhỏ
DN00303,Công ty TNHH Logistics Phát Lâm,9929893766,Công ty TNHH hai thành viên trở lên,Ngoài nhà nước,Thương mại và dịch vụ,Dịch vụ khác,2011,14,TP Hồ Chí Minh,CN Quận 1,2025-09-22,Ngô Thu Yến,13,Thông tư 133/2016/TT-BTC,Không,Đủ,Đang hoạt động,0976445486,lienhe.dn00303@doanhnghiep.vn,2025,BCTC chưa kiểm toán,triệu đồng,1057.0,4777.0,873.0,1672.0,8379.0,7210.0,1615.0,8825.0,17204.0,685.0,3253.0,520.0,4458.0,0.0,0.0,0.0,4458.0,12746.0,17204.0,17993.0,13089.0,4904.0,2831.0,330.0,1743.0,349.0,1394.0,631.0,0.09687100539098538,17.993,17.204,0.11529163825698885,Nhỏ
DN00149,Công ty Cổ phần Tư vấn Gia Đạt,9120183344,Công ty cổ phần,Ngoài nhà nước,Thương mại và dịch vụ,Dịch vụ khác,2007,12,Cần Thơ,CN Cần Thơ,2022-08-11,Nguyễn Quốc Nga,16,Thông tư 133/2016/TT-BTC,Không,Đủ,Đang hoạt động,0386433958,lienhe.dn00149@doanhnghiep.vn,2025,BCTC chưa kiểm toán,triệu đồng,396.0,1274.0,1297.0,293.0,3260.0,1537.0,115.0,1652.0,4912.0,197.0,1888.0,150.0,2235.0,19.0,5.0,24.0,2259.0,2653.0,4912.0,3516.0,2558.0,958.0,599.0,177.0,182.0,36.0,146.0,179.0,0.051763367463026164,3.516,4.912,-0.033800494641385015,Nhỏ
DN00424,Công ty TNHH Thương mại Châu Vạn,9761327307,Công ty TNHH hai thành viên trở lên,Ngoài nhà nước,Thương mại và dịch vụ,"Bán buôn, bán lẻ",2020,9,Đà Nẵng,CN Đà Nẵng,2024-12-21,Lê Đức Dũng,1,Thông tư 133/2016/TT-BTC,Không,Đủ,Đã đóng,0264842475,lienhe.dn00424@doanhnghiep.vn,2025,BCTC chưa kiểm toán,triệu đồng,2553.0,10277.0,5020.0,5095.0,22945.0,9701.0,2217.0,11918.0,34863.0,5473.0,11206.0,1195.0,17874.0,0.0,0.0,0.0,17874.0,16989.0,34863.0,49278.0,43882.0,5396.0,4204.0,953.0,239.0,48.0,191.0,898.0,0.004850034498153334,49.278,34.863,0.11939484803053024,Nhỏ
DN00040,Công ty Cổ phần Logistics Việt Châu,9775788012,Công ty cổ phần,Ngoài nhà nước,Thương mại và dịch vụ,Dịch vụ khác,2014,45,TP Hồ Chí Minh,CN Quận 1,2026-08-13,Ngô Đức Tuấn,22,Thông tư 133/2016/TT-BTC,Không,Đủ,Đang hoạt động,0968983101,lienhe.dn00040@doanhnghiep.vn,2025,BCTC chưa kiểm toán,triệu đồng,498.0,1883.0,413.0,565.0,3359.0,1860.0,702.0,2562.0,5921.0,537.0,1415.0,140.0,2092.0,19.0,5.0,24.0,2116.0,3805.0,5921.0,6201.0,4774.0,1427.0,720.0,114.0,593.0,119.0,474.0,197.0,0.0956297371391711,6.201,5.921,-0.08377659574468088,Nhỏ
DN00001,Công ty Cổ phần Thương mại Gia Toàn,9211335960,Công ty cổ phần,Ngoài nhà nước,Thương mại và dịch vụ,"Bán buôn, bán lẻ",2024,34,Hà Nội,CN Cầu Giấy,2025-04-11,Nguyễn Hoài Bình,2,Thông tư 133/2016/TT-BTC,Không,Đủ,Đang hoạt động,0236489480,lienhe.dn00001@doanhnghiep.vn,2025,BCTC chưa kiểm toán,triệu đồng,5001.0,9925.0,9585.0,4469.0,28980.0,11063.0,980.0,12043.0,41023.0,4285.0,15491.0,2686.0,22462.0,2583.0,18029.0,20612.0,43074.0,-2051.0,41023.0,82067.0,75120.0,6947.0,8276.0,1454.0,-2783.0,0.0,-2783.0,1129.0,-0.03391131636345913,82.067,41.023,0.018655975373615963,Nhỏ
DN00230,Công ty TNHH Xây dựng và Thương mại Tân Đông,9062941990,Công ty TNHH một thành viên,Ngoài nhà nước,Xây dựng,Xây dựng,2016,12,Hà Nội,CN Cầu Giấy,2024-09-09,Đỗ Thanh Việt,8,Thông tư 133/2016/TT-BTC,Có,Đủ,Đã đóng,0212290375,lienhe.dn00230@doanhnghiep.vn,2025,BCTC đã kiểm toán,triệu đồng,2445.0,6654.0,3901.0,1218.0,14218.0,6442.0,1026.0,7468.0,21686.0,1113.0,0.0,7686.0,8799.0,0.0,3802.0,3802.0,12601.0,9085.0,21686.0,6873.0,5943.0,930.0,733.0,0.0,197.0,39.0,158.0,395.0,0.02866288374799942,6.873,21.686,-0.06945572705117786,Nhỏ
DN00443,Công ty TNHH Logistics Quang Đạt,9109128564,Công ty TNHH một thành viên,Ngoài nhà nước,Thương mại và dịch vụ,Dịch vụ khác,2025,7,Hà Nội,CN Cầu Giấy,2026-06-15,Dương Thanh Nam,20,Không lập BCTC (nộp thuế theo tỷ lệ % trên doanh thu),Không,Không đủ,Đang hoạt động,0314721351,lienhe.dn00443@doanhnghiep.vn,2025,Tờ khai thuế,triệu đồng,,,,,,,,,,,,,,,,,,,,605.0,,,,,,,,,,0.605,,,Siêu nhỏ
DN00087,Công ty Cổ phần Thương mại Dịch vụ Hòa Toàn,9130739374,Công ty cổ phần,Ngoài nhà nước,Thương mại và dịch vụ,"Bán buôn, bán lẻ",2013,13,TP Hồ Chí Minh,CN Quận 1,2017-02-13,Lê Hữu Cường,18,Thông tư 133/2016/TT-BTC,Không,Đủ,Đang hoạt động,0327347766,lienhe.dn00087@doanhnghiep.vn,2025,BCTC chưa kiểm toán,triệu đồng,1324.0,1410.0,3814.0,1399.0,7947.0,1139.0,130.0,1269.0,9216.0,818.0,3550.0,362.0,4730.0,0.0,0.0,0.0,4730.0,4486.0,9216.0,19596.0,18382.0,1214.0,206.0,330.0,678.0,136.0,542.0,124.0,0.03459889773423148,19.596,9.216,0.3390733907339074,Nhỏ
DN00076,Công ty TNHH Thương mại Dịch vụ Gia Tân,9897207464,Công ty TNHH một thành viên,Ngoài nhà nước,Thương mại và dịch vụ,"Bán buôn, bán lẻ",2017,9,Hà Nội,CN Hoàn Kiếm,2022-04-04,Bùi Quốc Sơn,11,Thông tư 132/2018/TT-BTC,Không,Đủ,Đang hoạt động,0992366447,lienhe.dn00076@doanhnghiep.vn,2025,BCTC chưa kiểm toán,triệu đồng,61.0,516.0,149.0,63.0,789.0,164.0,41.0,205.0,994.0,138.0,0.0,132.0,270.0,0.0,0.0,0.0,270.0,724.0,994.0,1922.0,1725.0,197.0,168.0,0.0,29.0,6.0,23.0,10.0,0.015088449531737774,1.922,0.994,0.10206422018348627,Siêu nhỏ
DN00151,Công ty TNHH Dịch vụ Mỹ Minh,9168986807,Công ty TNHH một thành viên,Ngoài nhà nước,Thương mại và dịch vụ,Dịch vụ khác,2023,10,Hà Nội,CN Thanh Xuân,2026-01-16,Ngô Thanh Quân,1,Không lập BCTC (nộp thuế theo tỷ lệ % trên doanh thu),Không,Không đủ,Đang hoạt động,0250817980,lienhe.dn00151@doanhnghiep.vn,2025,Tờ khai thuế,triệu đồng,,,,,,,,,,,,,,,,,,,,827.0,,,,,,,,,,0.827,,-0.1713426853707415,Siêu nhỏ
DN00297,Công ty Cổ phần Xây dựng Toàn Ngọc,9038844664,Công ty cổ phần,Ngoài nhà nước,Xây dựng,Xây dựng,2016,5,Cần Thơ,CN Cần Thơ,2017-03-06,Ngô Hữu Cường,24,Thông tư 132/2018/TT-BTC,Không,Đủ,Đang hoạt động,0987016031,lienhe.dn00297@doanhnghiep.vn,2025,BCTC chưa kiểm toán,triệu đồng,264.0,453.0,660.0,409.0,1786.0,441.0,151.0,592.0,2378.0,155.0,917.0,102.0,1174.0,298.0,115.0,413.0,1587.0,791.0,2378.0,1283.0,1111.0,172.0,37.0,104.0,31.0,6.0,25.0,36.0,0.024162120031176928,1.283,2.378,0.3825431034482758,Siêu nhỏ
DN00366,Công ty Cổ phần Thương mại Tổng hợp Thịnh Tuấn,9708519447,Công ty cổ phần,Ngoài nhà nước,Thương mại và dịch vụ,"Bán buôn, bán lẻ",2021,16,TP Hồ Chí Minh,CN TP Hồ Chí Minh,2023-12-15,Dương Minh Trang,17,Thông tư 133/2016/TT-BTC,Không,Đủ,Đang hoạt động,0263477386,lienhe.dn00366@doanhnghiep.vn,2025,BCTC chưa kiểm toán,triệu đồng,322.0,841.0,593.0,321.0,2077.0,537.0,144.0,681.0,2758.0,195.0,1326.0,154.0,1675.0,135.0,42.0,177.0,1852.0,906.0,2758.0,3611.0,3238.0,373.0,184.0,140.0,49.0,10.0,39.0,41.0,0.013569648296870672,3.611,2.758,0.11657390228818798,Nhỏ
DN00086,Công ty TNHH Logistics Trung Hải,9476119986,Công ty TNHH hai thành viên trở lên,Ngoài nhà nước,Thương mại và dịch vụ,Dịch vụ khác,2020,19,Hải Phòng,CN Hải Phòng,2025-02-07,Ngô Minh Yến,4,Thông tư 133/2016/TT-BTC,Không,Đủ,Đang hoạt động,0209805984,lienhe.dn00086@doanhnghiep.vn,2025,BCTC chưa kiểm toán,triệu đồng,1459.0,8665.0,600.0,2224.0,12948.0,7742.0,2053.0,9795.0,22743.0,714.0,6731.0,1093.0,8538.0,2115.0,83.0,2198.0,10736.0,12007.0,22743.0,10604.0,8359.0,2245.0,372.0,934.0,939.0,188.0,751.0,506.0,0.08855149000377216,10.604,22.743,-0.10958098916785619,Nhỏ
DN00289,Công ty TNHH Phân phối Nam Nhật,9099605505,Công ty TNHH hai thành viên trở lên,Ngoài nhà nước,Thương mại và dịch vụ,"Bán buôn, bán lẻ",2020,16,Bình Dương,CN Bình Dương,2022-09-18,Ngô Minh Yến,7,Thông tư 133/2016/TT-BTC,Không,Đủ,Đang hoạt động,0219432322,lienhe.dn00289@doanhnghiep.vn,2025,BCTC chưa kiểm toán,triệu đồng,3952.0,17562.0,24177.0,4848.0,50539.0,3862.0,497.0,4359.0,54898.0,3797.0,13375.0,967.0,18139.0,0.0,0.0,0.0,18139.0,36759.0,54898.0,49412.0,46486.0,2926.0,1204.0,1251.0,471.0,94.0,377.0,444.0,0.009532097466202542,49.412,54.898,0.08395305473291659,Nhỏ
DN00328,Công ty Cổ phần Tư vấn Bình Kim,9672382699,Công ty cổ phần,Ngoài nhà nước,Thương mại và dịch vụ,Dịch vụ khác,2022,2,TP Hồ Chí Minh,CN Quận 1,2024-06-13,Bùi Quốc Tuấn,20,Thông tư 132/2018/TT-BTC,Không,Đủ,Đang hoạt động,0305579896,lienhe.dn00328@doanhnghiep.vn,2025,BCTC chưa kiểm toán,triệu đồng,32.0,407.0,167.0,189.0,795.0,339.0,112.0,451.0,1246.0,41.0,322.0,26.0,389.0,318.0,63.0,381.0,770.0,476.0,1246.0,531.0,381.0,150.0,111.0,65.0,-26.0,0.0,-26.0,37.0,-0.04896421845574388,0.531,1.246,0.22916666666666674,Siêu nhỏ
DN00481,Công ty TNHH Thương mại Trường Toàn,9459481652,Công ty TNHH hai thành viên trở lên,Ngoài nhà nước,Thương mại và dịch vụ,"Bán buôn, bán lẻ",2018,7,Hà Nội,CN Thanh Xuân,2020-08-04,Đỗ Thị Long,11,Thông tư 132/2018/TT-BTC,Không,Đủ,Đang hoạt động,0343970902,lienhe.dn00481@doanhnghiep.vn,2025,BCTC chưa kiểm toán,triệu đồng,69.0,311.0,330.0,127.0,837.0,183.0,14.0,197.0,1034.0,76.0,450.0,87.0,613.0,0.0,0.0,0.0,613.0,421.0,1034.0,1172.0,1096.0,76.0,16.0,44.0,16.0,3.0,13.0,17.0,0.013651877133105802,1.172,1.034,0.3723653395784543,Siêu nhỏ
DN00459,Công ty Cổ phần Thương mại Dịch vụ Thuận Vinh,9675641847,Công ty cổ phần,Ngoài nhà nước,Thương mại và dịch vụ,"Bán buôn, bán lẻ",2011,91,Hải Phòng,CN Hải Phòng,2014-02-07,Trần Văn Thảo,8,Thông tư 133/2016/TT-BTC,Không,Đủ,Đang hoạt động,0955039752,lienhe.dn00459@doanhnghiep.vn,2025,BCTC chưa kiểm toán,triệu đồng,4837.0,8961.0,12584.0,3758.0,30140.0,9250.0,2146.0,11396.0,41536.0,13418.0,9177.0,2006.0,24601.0,0.0,0.0,0.0,24601.0,16935.0,41536.0,97128.0,88180.0,8948.0,8153.0,795.0,0.0,0.0,0.0,698.0,0.0,97.128,41.536,-0.04402515723270439,Vừa
DN00338,Công ty TNHH Sản xuất Mỹ Vinh,9938993959,Công ty TNHH một thành viên,Ngoài nhà nước,Công nghiệp,"Chế biến, chế tạo",2003,19,Cần Thơ,CN Cần Thơ,2015-10-30,Trần Thanh Nga,11,Thông tư 133/2016/TT-BTC,Không,Đủ,Đang hoạt động,0256682666,lienhe.dn00338@doanhnghiep.vn,2025,BCTC chưa kiểm toán,triệu đồng,156.0,886.0,562.0,411.0,2015.0,1952.0,235.0,2187.0,4202.0,204.0,0.0,1181.0,1385.0,0.0,39.0,39.0,1424.0,2778.0,4202.0,3496.0,2994.0,502.0,370.0,0.0,132.0,26.0,106.0,207.0,0.03775743707093822,3.496,4.202,0.07009488827670651,Nhỏ
DN00495,Doanh nghiệp tư nhân Thương mại Khánh Kim,9125145069,Doanh nghiệp tư nhân,Ngoài nhà nước,Thương mại và dịch vụ,"Bán buôn, bán lẻ",2018,48,Hà Nội,CN Cầu Giấy,2020-06-10,Lê Ngọc Cường,9,Thông tư 133/2016/TT-BTC,Không,Đủ,Đang hoạt động,0921236882,lienhe.dn00495@doanhnghiep.vn,2025,BCTC chưa kiểm toán,triệu đồng,1800.0,11455.0,10156.0,3745.0,27156.0,13427.0,2000.0,15427.0,42583.0,3029.0,13650.0,2894.0,19573.0,0.0,0.0,0.0,19573.0,23010.0,42583.0,81270.0,69829.0,11441.0,12449.0,1265.0,-2273.0,0.0,-2273.0,1177.0,-0.027968500061523318,81.27,42.583,0.20768567777216385,Nhỏ
DN00202,Công ty Cổ phần Dệt may Mỹ Vinh,9953162164,Công ty cổ phần,Ngoài nhà nước,Công nghiệp,"Chế biến, chế tạo",2011,57,Bình Dương,CN Bình Dương,2013-01-21,Hoàng Văn Yến,8,Thông tư 133/2016/TT-BTC,Không,Đủ,Đang hoạt động,0382413632,lienhe.dn00202@doanhnghiep.vn,2025,BCTC chưa kiểm toán,triệu đồng,287.0,412.0,894.0,281.0,1874.0,841.0,72.0,913.0,2787.0,117.0,727.0,105.0,949.0,425.0,163.0,588.0,1537.0,1250.0,2787.0,2183.0,1848.0,335.0,22.0,122.0,191.0,38.0,153.0,95.0,0.0874942739349519,2.183,2.787,0.14472994231777658,Nhỏ
DN00282,Công ty TNHH Thương mại Tổng hợp Bảo Thành,9844583747,Công ty TNHH một thành viên,Ngoài nhà nước,Thương mại và dịch vụ,"Bán buôn, bán lẻ",2021,9,Bình Dương,CN Bình Dương,2025-06-19,Vũ Hữu Sơn,3,Thông tư 132/2018/TT-BTC,Không,Đủ,Đang hoạt động,0360155837,lienhe.dn00282@doanhnghiep.vn,2025,BCTC chưa kiểm toán,triệu đồng,133.0,365.0,259.0,175.0,932.0,80.0,28.0,108.0,1040.0,136.0,374.0,72.0,582.0,0.0,0.0,0.0,582.0,458.0,1040.0,1811.0,1525.0,286.0,234.0,39.0,13.0,3.0,10.0,5.0,0.00717835450027609,1.811,1.04,0.12624378109452739,Siêu nhỏ
DN00374,Công ty TNHH Thương mại Dịch vụ Minh Hải,9618987758,Công ty TNHH hai thành viên trở lên,Ngoài nhà nước,Thương mại và dịch vụ,"Bán buôn, bán lẻ",2022,47,Hà Nội,CN Hoàn Kiếm,2024-12-24,Dương Đức Nga,7,Thông tư 133/2016/TT-BTC,Không,Đủ,Đang hoạt động,0227428949,lienhe.dn00374@doanhnghiep.vn,2025,BCTC chưa kiểm toán,triệu đồng,574.0,1188.0,1658.0,502.0,3922.0,795.0,165.0,960.0,4882.0,705.0,745.0,115.0,1565.0,0.0,0.0,0.0,1565.0,3317.0,4882.0,8896.0,7715.0,1181.0,983.0,75.0,123.0,25.0,98.0,65.0,0.013826438848920864,8.896,4.882,-0.22278525248995285,Nhỏ
DN00247,Công ty TNHH Dệt may Tuấn Toàn,9808659989,Công ty TNHH hai thành viên trở lên,Ngoài nhà nước,Công nghiệp,"Chế biến, chế tạo",2021,228,Cần Thơ,CN Cần Thơ,2024-06-16,Ngô Thanh Phong,11,Thông tư 200/2014/TT-BTC,Có,Đủ,Đang hoạt động,0317970459,lienhe.dn00247@doanhnghiep.vn,2025,BCTC đã kiểm toán,triệu đồng,5096.0,16252.0,13767.0,10429.0,45544.0,34047.0,11407.0,45454.0,90998.0,3884.0,32613.0,4548.0,41045.0,23912.0,11135.0,35047.0,76092.0,14906.0,90998.0,50491.0,43006.0,7485.0,1055.0,4678.0,1752.0,350.0,1402.0,3528.0,0.03469925333227704,50.491,90.998,0.007683710533668675,Lớn
DN00092,Doanh nghiệp tư nhân Vận tải Thuận Việt,9244410897,Doanh nghiệp tư nhân,Ngoài nhà nước,Thương mại và dịch vụ,Dịch vụ khác,2024,7,TP Hồ Chí Minh,CN Quận 1,2026-03-06,Trần Hoài Cường,10,Không lập BCTC (nộp thuế theo tỷ lệ % trên doanh thu),Không,Không đủ,Đang hoạt động,0397879269,lienhe.dn00092@doanhnghiep.vn,2025,Tờ khai thuế,triệu đồng,,,,,,,,,,,,,,,,,,,,2453.0,,,,,,,,,,2.453,,0.01995841995841996,Siêu nhỏ
DN00304,Công ty Cổ phần Du lịch Tiến Gia,9779557462,Công ty cổ phần,Ngoài nhà nước,Thương mại và dịch vụ,Dịch vụ khác,2006,491,TP Hồ Chí Minh,CN TP Hồ Chí Minh,2022-10-03,Đặng Văn Nam,8,Thông tư 200/2014/TT-BTC,Có,Đủ,Ngừng giao dịch,0238987216,lienhe.dn00304@doanhnghiep.vn,2025,BCTC đã kiểm toán,triệu đồng,6436.0,77428.0,5344.0,12567.0,101775.0,60808.0,16647.0,77455.0,179230.0,5458.0,77222.0,9442.0,92122.0,0.0,0.0,0.0,92122.0,87108.0,179230.0,93352.0,70475.0,22877.0,12700.0,8279.0,1898.0,380.0,1518.0,5312.0,0.02033164795612306,93.352,179.23,-0.06398082881293055,Lớn
DN00220,Công ty Cổ phần Du lịch Trường Bình,9451648301,Công ty cổ phần,Ngoài nhà nước,Thương mại và dịch vụ,Dịch vụ khác,2023,10,TP Hồ Chí Minh,CN TP Hồ Chí Minh,2024-08-10,Phạm Ngọc Sơn,3,Thông tư 132/2018/TT-BTC,Không,Đủ,Đang hoạt động,0200617463,lienhe.dn00220@doanhnghiep.vn,2025,BCTC chưa kiểm toán,triệu đồng,83.0,389.0,267.0,143.0,882.0,726.0,113.0,839.0,1721.0,63.0,0.0,478.0,541.0,0.0,159.0,159.0,700.0,1021.0,1721.0,842.0,637.0,205.0,162.0,0.0,43.0,9.0,34.0,60.0,0.0510688836104513,0.842,1.721,0.0071770334928229484,Siêu nhỏ
DN00215,Doanh nghiệp tư nhân Xây dựng Bình Tiến,9201838049,Doanh nghiệp tư nhân,Ngoài nhà nước,Xây dựng,Xây dựng,2022,3,Bình Dương,CN Bình Dương,2026-05-24,Trần Ngọc Nga,15,Thông tư 132/2018/TT-BTC,Không,Đủ,Đang hoạt động,0209698612,lienhe.dn00215@doanhnghiep.vn,2025,BCTC chưa kiểm toán,triệu đồng,80.0,300.0,590.0,96.0,1066.0,532.0,43.0,575.0,1641.0,170.0,498.0,74.0,742.0,0.0,0.0,0.0,742.0,899.0,1641.0,843.0,765.0,78.0,30.0,48.0,0.0,0.0,0.0,33.0,0.0,0.843,1.641,0.04850746268656714,Siêu nhỏ
DN00006,Công ty TNHH Nông sản Vạn Vinh,9314072286,Công ty TNHH hai thành viên trở lên,Ngoài nhà nước,"Nông, lâm nghiệp và thủy sản","Nông, lâm nghiệp và thủy sản",2015,22,Hà Nội,CN Thanh Xuân,2021-12-31,Đặng Văn Thảo,13,Thông tư 133/2016/TT-BTC,Không,Đủ,Đang hoạt động,0269804586,lienhe.dn00006@doanhnghiep.vn,2025,BCTC chưa kiểm toán,triệu đồng,537.0,615.0,1338.0,723.0,3213.0,1980.0,446.0,2426.0,5639.0,132.0,1942.0,238.0,2312.0,0.0,0.0,0.0,2312.0,3327.0,5639.0,2326.0,2076.0,250.0,176.0,148.0,-74.0,0.0,-74.0,212.0,-0.03181427343078246,2.326,5.639,0.06697247706422016,Nhỏ
DN00011,Công ty Cổ phần Thương mại Dịch vụ Quang Vạn,9566401434,Công ty cổ phần,Ngoài nhà nước,Thương mại và dịch vụ,"Bán buôn, bán lẻ",2022,27,Hải Phòng,CN Hải Phòng,2022-08-27,Lý Minh Dũng,3,Thông tư 133/2016/TT-BTC,Không,Đủ,Đang hoạt động,0347501920,lienhe.dn00011@doanhnghiep.vn,2025,BCTC chưa kiểm toán,triệu đồng,195.0,1312.0,606.0,374.0,2487.0,187.0,55.0,242.0,2729.0,244.0,1480.0,286.0,2010.0,91.0,11.0,102.0,2112.0,617.0,2729.0,3481.0,3146.0,335.0,181.0,154.0,0.0,0.0,0.0,13.0,0.0,3.481,2.729,0.4437992534218167,Nhỏ
DN00456,Công ty Cổ phần Phân phối Thịnh Ngọc,9862240292,Công ty cổ phần,Ngoài nhà nước,Thương mại và dịch vụ,"Bán buôn, bán lẻ",2022,31,TP Hồ Chí Minh,CN Quận 1,2023-08-10,Nguyễn Ngọc Tuấn,5,Thông tư 133/2016/TT-BTC,Không,Đủ,Đang hoạt động,0908587627,lienhe.dn00456@doanhnghiep.vn,2025,BCTC chưa kiểm toán,triệu đồng,2173.0,3902.0,5297.0,1952.0,13324.0,2236.0,742.0,2978.0,16302.0,1629.0,6768.0,713.0,9110.0,420.0,78.0,498.0,9608.0,6694.0,16302.0,23646.0,20805.0,2841.0,1634.0,678.0,529.0,106.0,423.0,232.0,0.022371648481772817,23.646,16.302,-0.006136516476126452,Nhỏ
DN00311,Công ty Cổ phần Phân phối Vạn An,9228084194,Công ty cổ phần,Ngoài nhà nước,Thương mại và dịch vụ,"Bán buôn, bán lẻ",2020,18,TP Hồ Chí Minh,CN TP Hồ Chí Minh,2024-05-06,Vũ Thị Việt,10,Thông tư 133/2016/TT-BTC,Không,Đủ,Đang hoạt động,0219242911,lienhe.dn00311@doanhnghiep.vn,2025,BCTC chưa kiểm toán,triệu đồng,316.0,2008.0,1478.0,950.0,4752.0,460.0,142.0,602.0,5354.0,734.0,0.0,3017.0,3751.0,0.0,316.0,316.0,4067.0,1287.0,5354.0,6394.0,6107.0,287.0,64.0,0.0,223.0,45.0,178.0,53.0,0.034876446668751955,6.394,5.354,0.0905679686167491,Nhỏ
DN00036,Công ty Cổ phần Thương mại Dịch vụ Ngọc An,9179168722,Công ty cổ phần,Ngoài nhà nước,Thương mại và dịch vụ,"Bán buôn, bán lẻ",2016,929,Hải Phòng,CN Hải Phòng,2016-05-04,Phạm Đức Thảo,11,Thông tư 200/2014/TT-BTC,Có,Đủ,Đang hoạt động,0942355234,lienhe.dn00036@doanhnghiep.vn,2025,BCTC đã kiểm toán,triệu đồng,27041.0,71179.0,223101.0,44864.0,366185.0,38696.0,11948.0,50644.0,416829.0,25448.0,217365.0,39938.0,282751.0,0.0,0.0,0.0,282751.0,134078.0,416829.0,1269441.0,1156155.0,113286.0,80958.0,18239.0,14089.0,2818.0,11271.0,3852.0,0.011098585913012105,1269.441,416.829,0.13388301749271148,Lớn
DN00370,Công ty TNHH Xây dựng và Thương mại Xuân Mỹ,9364786862,Công ty TNHH hai thành viên trở lên,Ngoài nhà nước,Xây dựng,Xây dựng,2023,3,TP Hồ Chí Minh,CN Quận 1,2023-07-14,Lý Văn Nga,9,Không lập BCTC (nộp thuế theo tỷ lệ % trên doanh thu),Không,Không đủ,Đang hoạt động,0296442022,lienhe.dn00370@doanhnghiep.vn,2025,Tờ khai thuế,triệu đồng,,,,,,,,,,,,,,,,,,,,1041.0,,,,,,,,,,1.041,,0.12662337662337664,Siêu nhỏ
DN00320,Công ty TNHH Phân phối Hòa Bảo,9778713524,Công ty TNHH một thành viên,Ngoài nhà nước,Thương mại và dịch vụ,"Bán buôn, bán lẻ",2024,9,Bình Dương,CN Bình Dương,2026-02-27,Lê Minh Cường,9,Thông tư 132/2018/TT-BTC,Không,Đủ,Đang hoạt động,0224615860,lienhe.dn00320@doanhnghiep.vn,2025,BCTC chưa kiểm toán,triệu đồng,205.0,822.0,1192.0,562.0,2781.0,107.0,39.0,146.0,2927.0,219.0,1141.0,149.0,1509.0,0.0,0.0,0.0,1509.0,1418.0,2927.0,3806.0,3453.0,353.0,174.0,117.0,62.0,12.0,50.0,7.0,0.0162900683131897,3.806,2.927,-0.05323383084577116,Siêu nhỏ
DN00124,Công ty TNHH Kỹ thuật Xây dựng Nhật Xuân,9046558419,Công ty TNHH một thành viên,Ngoài nhà nước,Xây dựng,Xây dựng,2021,6,Hà Nội,CN Hoàn Kiếm,2025-04-02,Lê Minh Cường,11,Thông tư 132/2018/TT-BTC,Không,Đủ,Đang hoạt động,0323079428,lienhe.dn00124@doanhnghiep.vn,2025,BCTC chưa kiểm toán,triệu đồng,35.0,287.0,167.0,150.0,639.0,110.0,29.0,139.0,778.0,46.0,321.0,50.0,417.0,0.0,0.0,0.0,417.0,361.0,778.0,284.0,238.0,46.0,3.0,30.0,13.0,3.0,10.0,10.0,0.045774647887323945,0.284,0.778,0.11372549019607847,Siêu nhỏ
DN00208,Công ty TNHH Công nghệ Mỹ Minh,9552746898,Công ty TNHH một thành viên,Ngoài nhà nước,Thương mại và dịch vụ,Dịch vụ khác,2021,3,Hà Nội,CN Cầu Giấy,2026-07-10,Phạm Thị Thảo,1,Thông tư 132/2018/TT-BTC,Không,Đủ,Đang hoạt động,0926618234,lienhe.dn00208@doanhnghiep.vn,2025,BCTC chưa kiểm toán,triệu đồng,90.0,448.0,78.0,125.0,741.0,318.0,93.0,411.0,1152.0,21.0,319.0,35.0,375.0,0.0,0.0,0.0,375.0,777.0,1152.0,353.0,276.0,77.0,60.0,27.0,-10.0,0.0,-10.0,21.0,-0.028328611898016998,0.353,1.152,0.038235294117647145,Siêu nhỏ
DN00336,Công ty Cổ phần Thương mại Dịch vụ Thịnh Việt,9131716193,Công ty cổ phần,Ngoài nhà nước,Thương mại và dịch vụ,"Bán buôn, bán lẻ",2017,7,Cần Thơ,CN Cần Thơ,2026-08-19,Phạm Văn Long,14,Thông tư 132/2018/TT-BTC,Không,Đủ,Đang hoạt động,0258888579,lienhe.dn00336@doanhnghiep.vn,2025,BCTC chưa kiểm toán,triệu đồng,101.0,139.0,319.0,181.0,740.0,45.0,3.0,48.0,788.0,69.0,184.0,39.0,292.0,161.0,25.0,186.0,478.0,310.0,788.0,771.0,684.0,87.0,8.0,35.0,44.0,9.0,35.0,3.0,0.057068741893644616,0.771,0.788,0.36219081272084797,Siêu nhỏ
DN00272,Công ty TNHH Xây dựng và Thương mại Phúc Linh,9594088245,Công ty TNHH một thành viên,Ngoài nhà nước,Xây dựng,Xây dựng,2021,6,Bình Dương,CN Bình Dương,2024-10-24,Lê Thanh Trang,11,Thông tư 132/2018/TT-BTC,Không,Đủ,Đang hoạt động,0957387455,lienhe.dn00272@doanhnghiep.vn,2025,BCTC chưa kiểm toán,triệu đồng,358.0,827.0,619.0,254.0,2058.0,696.0,62.0,758.0,2816.0,162.0,1334.0,224.0,1720.0,0.0,0.0,0.0,1720.0,1096.0,2816.0,1370.0,1177.0,193.0,141.0,138.0,-86.0,0.0,-86.0,66.0,-0.06277372262773723,1.37,2.816,-0.12905276541640176,Siêu nhỏ
DN00141,Công ty TNHH Nhựa Nhật Bình,9426607906,Công ty TNHH một thành viên,Ngoài nhà nước,Công nghiệp,"Chế biến, chế tạo",2023,883,TP Hồ Chí Minh,CN TP Hồ Chí Minh,2023-03-11,Bùi Thu Lan,12,Thông tư 200/2014/TT-BTC,Có,Đủ,Đang hoạt động,0966067862,lienhe.dn00141@doanhnghiep.vn,2025,BCTC đã kiểm toán,triệu đồng,63793.0,154753.0,155465.0,123773.0,497784.0,526499.0,80918.0,607417.0,1105201.0,54226.0,343217.0,62627.0,460070.0,129615.0,49565.0,179180.0,639250.0,465951.0,1105201.0,1270612.0,1062619.0,207993.0,65784.0,42882.0,99327.0,19865.0,79462.0,43681.0,0.0781725656612719,1270.612,1105.201,-0.039403295603342214,Lớn
DN00039,Công ty TNHH Thương mại Tổng hợp Châu Quang,9111692350,Công ty TNHH một thành viên,Ngoài nhà nước,Thương mại và dịch vụ,"Bán buôn, bán lẻ",2018,7,Hà Nội,CN Thanh Xuân,2025-12-18,Trần Thu Sơn,1,Thông tư 132/2018/TT-BTC,Không,Đủ,Ngừng giao dịch,0282839006,lienhe.dn00039@doanhnghiep.vn,2025,BCTC chưa kiểm toán,triệu đồng,57.0,119.0,299.0,72.0,547.0,219.0,24.0,243.0,790.0,36.0,289.0,48.0,373.0,111.0,53.0,164.0,537.0,253.0,790.0,821.0,755.0,66.0,16.0,41.0,9.0,2.0,7.0,16.0,0.010962241169305725,0.821,0.79,0.16124469589816126,Siêu nhỏ
DN00425,Công ty TNHH Thương mại Khánh Hòa,9841204177,Công ty TNHH hai thành viên trở lên,Ngoài nhà nước,Thương mại và dịch vụ,"Bán buôn, bán lẻ",2024,4,Hà Nội,CN Thanh Xuân,2025-04-17,Trần Thanh Yến,15,Thông tư 132/2018/TT-BTC,Không,Đủ,Đang hoạt động,0293169216,lienhe.dn00425@doanhnghiep.vn,2025,BCTC chưa kiểm toán,triệu đồng,72.0,264.0,255.0,97.0,688.0,129.0,23.0,152.0,840.0,96.0,253.0,59.0,408.0,0.0,0.0,0.0,408.0,432.0,840.0,1415.0,1260.0,155.0,129.0,26.0,0.0,0.0,0.0,14.0,0.0,1.415,0.84,0.22193436960276336,Siêu nhỏ
DN00482,Doanh nghiệp tư nhân Thương mại Dịch vụ Thành Thuận,9238858580,Doanh nghiệp tư nhân,Ngoài nhà nước,Thương mại và dịch vụ,"Bán buôn, bán lẻ",1993,29,Hà Nội,CN Cầu Giấy,2014-12-23,Lê Quốc Trang,12,Thông tư 133/2016/TT-BTC,Không,Đủ,Đã đóng,0222520194,lienhe.dn00482@doanhnghiep.vn,2025,BCTC chưa kiểm toán,triệu đồng,605.0,527.0,2961.0,412.0,4505.0,366.0,135.0,501.0,5006.0,456.0,0.0,3181.0,3637.0,0.0,0.0,0.0,3637.0,1369.0,5006.0,7371.0,6428.0,943.0,860.0,0.0,83.0,17.0,66.0,32.0,0.011260344593677927,7.371,5.006,-0.04693560899922422,Nhỏ
DN00286,Công ty TNHH Phân phối Hưng Đông,9484798938,Công ty TNHH một thành viên,Ngoài nhà nước,Thương mại và dịch vụ,"Bán buôn, bán lẻ",2017,39,Đà Nẵng,CN Đà Nẵng,2021-08-19,Hoàng Hoài Phong,13,Thông tư 133/2016/TT-BTC,Có,Đủ,Đang hoạt động,0961886171,lienhe.dn00286@doanhnghiep.vn,2025,BCTC đã kiểm toán,triệu đồng,317.0,925.0,796.0,182.0,2220.0,618.0,71.0,689.0,2909.0,359.0,1166.0,219.0,1744.0,0.0,0.0,0.0,1744.0,1165.0,2909.0,4079.0,3551.0,528.0,401.0,100.0,27.0,5.0,22.0,39.0,0.006619269428781564,4.079,2.909,-0.11094158674803833,Nhỏ
DN00335,Doanh nghiệp tư nhân Logistics Tiến Phúc,9814993256,Doanh nghiệp tư nhân,Ngoài nhà nước,Thương mại và dịch vụ,Dịch vụ khác,2025,9,Hà Nội,CN Thanh Xuân,2026-08-21,Vũ Đức Phong,12,Thông tư 132/2018/TT-BTC,Không,Không đủ,Đang hoạt động,0257591837,lienhe.dn00335@doanhnghiep.vn,2025,BCTC chưa kiểm toán,triệu đồng,180.0,790.0,137.0,169.0,1276.0,645.0,121.0,766.0,2042.0,38.0,563.0,105.0,706.0,236.0,100.0,336.0,1042.0,1000.0,2042.0,1163.0,791.0,372.0,329.0,59.0,-16.0,0.0,-16.0,67.0,-0.013757523645743766,1.163,2.042,,Siêu nhỏ
DN00048,Công ty TNHH Thương mại Dịch vụ Đông Kim,9206915687,Công ty TNHH một thành viên,Ngoài nhà nước,Thương mại và dịch vụ,"Bán buôn, bán lẻ",2022,10,Đà Nẵng,CN Đà Nẵng,2026-08-20,Lý Hoài Lan,12,Thông tư 132/2018/TT-BTC,Không,Đủ,Đang hoạt động,0301888923,lienhe.dn00048@doanhnghiep.vn,2025,BCTC chưa kiểm toán,triệu đồng,73.0,217.0,949.0,156.0,1395.0,319.0,80.0,399.0,1794.0,95.0,855.0,73.0,1023.0,0.0,0.0,0.0,1023.0,771.0,1794.0,2481.0,2124.0,357.0,454.0,67.0,-164.0,0.0,-164.0,36.0,-0.06610237807335752,2.481,1.794,0.11958483754512628,Siêu nhỏ
DN00445,Công ty TNHH Xây dựng và Thương mại Đông Đạt,9654086112,Công ty TNHH một thành viên,Có vốn đầu tư nước ngoài,Xây dựng,Xây dựng,1997,22,Hà Nội,CN Hoàn Kiếm,2014-06-03,Phạm Thu Quân,7,Thông tư 133/2016/TT-BTC,Có,Đủ,Đang hoạt động,0332388273,lienhe.dn00445@doanhnghiep.vn,2025,BCTC đã kiểm toán,triệu đồng,448.0,1485.0,1633.0,1044.0,4610.0,1144.0,149.0,1293.0,5903.0,935.0,1959.0,343.0,3237.0,0.0,0.0,0.0,3237.0,2666.0,5903.0,6101.0,5115.0,986.0,706.0,144.0,136.0,27.0,109.0,106.0,0.022291427634813964,6.101,5.903,-0.05013233691421459,Nhỏ
DN00012,Công ty TNHH Thương mại Dịch vụ Châu Vạn,9238490978,Công ty TNHH một thành viên,Ngoài nhà nước,Thương mại và dịch vụ,"Bán buôn, bán lẻ",2009,12,Hà Nội,CN Cầu Giấy,2012-05-30,Hoàng Hữu An,22,Thông tư 133/2016/TT-BTC,Có,Đủ,Đang hoạt động,0241293005,lienhe.dn00012@doanhnghiep.vn,2025,BCTC đã kiểm toán,triệu đồng,1873.0,3328.0,6327.0,1714.0,13242.0,1456.0,184.0,1640.0,14882.0,3212.0,0.0,4117.0,7329.0,0.0,1198.0,1198.0,8527.0,6355.0,14882.0,29964.0,27788.0,2176.0,1308.0,0.0,868.0,174.0,694.0,109.0,0.028968095047390202,29.964,14.882,0.06941718119847251,Nhỏ
DN00196,Doanh nghiệp tư nhân Thương mại Dịch vụ Nhật Hòa,9840735845,Doanh nghiệp tư nhân,Ngoài nhà nước,Thương mại và dịch vụ,"Bán buôn, bán lẻ",2023,2,Hà Nội,CN Cầu Giấy,2023-12-16,Đỗ Hữu Phong,12,Thông tư 132/2018/TT-BTC,Không,Đủ,Đã đóng,0911104555,lienhe.dn00196@doanhnghiep.vn,2025,BCTC chưa kiểm toán,triệu đồng,81.0,226.0,475.0,222.0,1004.0,456.0,174.0,630.0,1634.0,65.0,552.0,97.0,714.0,201.0,100.0,301.0,1015.0,619.0,1634.0,1745.0,1539.0,206.0,167.0,71.0,-32.0,0.0,-32.0,53.0,-0.01833810888252149,1.745,1.634,-0.015237020316027139,Siêu nhỏ
DN00240,Công ty Cổ phần Du lịch Thành Tân,9164992104,Công ty cổ phần,Ngoài nhà nước,Thương mại và dịch vụ,Dịch vụ khác,2024,6,Bình Dương,CN Bình Dương,2024-03-18,Hoàng Văn Thảo,13,Thông tư 132/2018/TT-BTC,Không,Đủ,Đang hoạt động,0961577879,lienhe.dn00240@doanhnghiep.vn,2025,BCTC chưa kiểm toán,triệu đồng,152.0,339.0,231.0,217.0,939.0,742.0,188.0,930.0,1869.0,145.0,0.0,282.0,427.0,0.0,530.0,530.0,957.0,912.0,1869.0,1479.0,1097.0,382.0,257.0,0.0,125.0,25.0,100.0,62.0,0.08451656524678837,1.479,1.869,-0.015968063872255467,Siêu nhỏ
DN00197,Công ty TNHH Vận tải Việt Đông,9832282065,Công ty TNHH hai thành viên trở lên,Ngoài nhà nước,Thương mại và dịch vụ,Dịch vụ khác,2020,69,Hà Nội,CN Cầu Giấy,2023-11-09,Lê Văn Thảo,1,Thông tư 133/2016/TT-BTC,Có,Đủ,Đang hoạt động,0988509918,lienhe.dn00197@doanhnghiep.vn,2025,BCTC đã kiểm toán,triệu đồng,4303.0,13242.0,2682.0,3932.0,24159.0,17245.0,3036.0,20281.0,44440.0,1770.0,0.0,16485.0,18255.0,0.0,3121.0,3121.0,21376.0,23064.0,44440.0,35198.0,26107.0,9091.0,7910.0,0.0,1181.0,236.0,945.0,1952.0,0.033553042786521964,35.198,44.44,-0.1294734499047807,Vừa
DN00142,Công ty Cổ phần Thương mại Dịch vụ Mỹ Tuấn,9572564165,Công ty cổ phần,Ngoài nhà nước,Thương mại và dịch vụ,"Bán buôn, bán lẻ",2014,25,Hải Phòng,CN Hải Phòng,2020-05-18,Lý Thu Hùng,8,Thông tư 133/2016/TT-BTC,Có,Đủ,Đang hoạt động,0380830632,lienhe.dn00142@doanhnghiep.vn,2025,BCTC đã kiểm toán,triệu đồng,2922.0,4322.0,8135.0,1833.0,17212.0,6133.0,1772.0,7905.0,25117.0,2359.0,15638.0,1485.0,19482.0,0.0,0.0,0.0,19482.0,5635.0,25117.0,29127.0,26522.0,2605.0,2624.0,1117.0,-1136.0,0.0,-1136.0,500.0,-0.03900161362309884,29.127,25.117,-0.15483271914807184,Nhỏ
DN00052,Công ty TNHH Sản xuất Bảo Sơn,9216729381,Công ty TNHH hai thành viên trở lên,Có vốn đầu tư nước ngoài,Công nghiệp,"Chế biến, chế tạo",2023,15,Hà Nội,CN Hoàn Kiếm,2024-04-16,Lê Thị Yến,3,Thông tư 133/2016/TT-BTC,Có,Đủ,Đang hoạt động,0365713241,lienhe.dn00052@doanhnghiep.vn,2025,BCTC đã kiểm toán,triệu đồng,784.0,1854.0,2452.0,1438.0,6528.0,8597.0,625.0,9222.0,15750.0,906.0,5973.0,1020.0,7899.0,4794.0,200.0,4994.0,12893.0,2857.0,15750.0,9740.0,8604.0,1136.0,97.0,1039.0,0.0,0.0,0.0,934.0,0.0,9.74,15.75,0.31125471190091547,Nhỏ
DN00490,Công ty TNHH Dịch vụ Nam Việt,9118600626,Công ty TNHH hai thành viên trở lên,Ngoài nhà nước,Thương mại và dịch vụ,Dịch vụ khác,2019,25,Hà Nội,CN Cầu Giấy,2022-01-08,Đặng Thanh Tuấn,13,Thông tư 133/2016/TT-BTC,Không,Đủ,Đang hoạt động,0303863501,lienhe.dn00490@doanhnghiep.vn,2025,BCTC chưa kiểm toán,triệu đồng,3306.0,10803.0,1016.0,4566.0,19691.0,9039.0,1585.0,10624.0,30315.0,2042.0,7778.0,855.0,10675.0,7007.0,1754.0,8761.0,19436.0,10879.0,30315.0,21926.0,16647.0,5279.0,3071.0,1436.0,772.0,154.0,618.0,752.0,0.03520934050898477,21.926,30.315,-0.07734388150143079,Nhỏ
DN00073,Công ty TNHH Xây dựng và Thương mại Tân An,9184607688,Công ty TNHH một thành viên,Ngoài nhà nước,Xây dựng,Xây dựng,2018,6,Hà Nội,CN Hoàn Kiếm,2024-04-15,Dương Đức Dũng,19,Thông tư 132/2018/TT-BTC,Không,Đủ,Đang hoạt động,0298051901,lienhe.dn00073@doanhnghiep.vn,2025,BCTC chưa kiểm toán,triệu đồng,71.0,267.0,408.0,242.0,988.0,287.0,48.0,335.0,1323.0,201.0,292.0,68.0,561.0,0.0,0.0,0.0,561.0,762.0,1323.0,721.0,629.0,92.0,46.0,27.0,19.0,4.0,15.0,21.0,0.026352288488210817,0.721,1.323,-0.01904761904761909,Siêu nhỏ
DN00412,Công ty TNHH Dịch vụ Yên Hải,9203518331,Công ty TNHH một thành viên,Ngoài nhà nước,Thương mại và dịch vụ,Dịch vụ khác,2022,8,TP Hồ Chí Minh,CN Quận 1,2026-07-30,Trần Hữu Cường,18,Không lập BCTC (nộp thuế theo tỷ lệ % trên doanh thu),Không,Không đủ,Đang hoạt động,0299926460,lienhe.dn00412@doanhnghiep.vn,2025,Tờ khai thuế,triệu đồng,,,,,,,,,,,,,,,,,,,,959.0,,,,,,,,,,0.959,,0.04694323144104806,Siêu nhỏ
DN00115,Công ty TNHH Thương mại Tổng hợp Tuấn Thịnh,9050604246,Công ty TNHH hai thành viên trở lên,Ngoài nhà nước,Thương mại và dịch vụ,"Bán buôn, bán lẻ",2021,18,TP Hồ Chí Minh,CN Quận 1,2025-10-21,Lê Thu Thảo,9,Thông tư 133/2016/TT-BTC,Không,Đủ,Đang hoạt động,0368299503,lienhe.dn00115@doanhnghiep.vn,2025,BCTC chưa kiểm toán,triệu đồng,2095.0,12346.0,9600.0,6706.0,30747.0,5635.0,2078.0,7713.0,38460.0,5693.0,10364.0,1398.0,17455.0,4749.0,1073.0,5822.0,23277.0,15183.0,38460.0,81814.0,74514.0,7300.0,5104.0,1395.0,801.0,160.0,641.0,447.0,0.00979050040335395,81.814,38.46,0.2338853195789219,Nhỏ
DN00108,Công ty TNHH Thương mại An Toàn,9338477846,Công ty TNHH hai thành viên trở lên,Ngoài nhà nước,Thương mại và dịch vụ,"Bán buôn, bán lẻ",2011,9,TP Hồ Chí Minh,CN Quận 1,2012-10-25,Đặng Thu Trang,12,Thông tư 133/2016/TT-BTC,Không,Đủ,Đang hoạt động,0396766637,lienhe.dn00108@doanhnghiep.vn,2025,BCTC chưa kiểm toán,triệu đồng,884.0,3892.0,9211.0,3050.0,17037.0,2913.0,583.0,3496.0,20533.0,1871.0,9083.0,1771.0,12725.0,0.0,0.0,0.0,12725.0,7808.0,20533.0,41794.0,36480.0,5314.0,5354.0,834.0,-874.0,0.0,-874.0,234.0,-0.020912092644877256,41.794,20.533,0.062001321339635096,Nhỏ
DN00452,Công ty TNHH Bao bì Phú Thuận,9157704786,Công ty TNHH hai thành viên trở lên,Ngoài nhà nước,Công nghiệp,"Chế biến, chế tạo",2022,10,TP Hồ Chí Minh,CN TP Hồ Chí Minh,2025-10-02,Dương Hoài Yến,4,Thông tư 132/2018/TT-BTC,Không,Đủ,Đang hoạt động,0369258256,lienhe.dn00452@doanhnghiep.vn,2025,BCTC chưa kiểm toán,triệu đồng,49.0,460.0,409.0,80.0,998.0,1069.0,183.0,1252.0,2250.0,107.0,609.0,79.0,795.0,670.0,74.0,744.0,1539.0,711.0,2250.0,1687.0,1413.0,274.0,186.0,132.0,-44.0,0.0,-44.0,91.0,-0.026081802015411975,1.687,2.25,0.3659919028340082,Siêu nhỏ
DN00103,Công ty Cổ phần Phân phối Khang Xuân,9498871231,Công ty cổ phần,Có vốn đầu tư nước ngoài,Thương mại và dịch vụ,"Bán buôn, bán lẻ",2018,57,Hải Phòng,CN Hải Phòng,2025-02-23,Vũ Ngọc Long,14,Thông tư 133/2016/TT-BTC,Có,Đủ,Đang hoạt động,0344340677,lienhe.dn00103@doanhnghiep.vn,2025,BCTC đã kiểm toán,triệu đồng,4772.0,11365.0,9556.0,5351.0,31044.0,10409.0,1779.0,12188.0,43232.0,6936.0,10197.0,1134.0,18267.0,3869.0,2048.0,5917.0,24184.0,19048.0,43232.0,70883.0,62298.0,8585.0,6514.0,1361.0,710.0,142.0,568.0,1150.0,0.010016506073388541,70.883,43.232,-0.16028336867544102,Vừa
DN00354,Công ty TNHH Dịch vụ Nhật Châu,9352216955,Công ty TNHH một thành viên,Ngoài nhà nước,Thương mại và dịch vụ,Dịch vụ khác,2003,14,Hà Nội,CN Cầu Giấy,2012-10-09,Đặng Hữu Hùng,9,Thông tư 133/2016/TT-BTC,Không,Đủ,Đang hoạt động,0949245652,lienhe.dn00354@doanhnghiep.vn,2025,BCTC chưa kiểm toán,triệu đồng,440.0,2270.0,1152.0,718.0,4580.0,4484.0,518.0,5002.0,9582.0,1175.0,0.0,1062.0,2237.0,0.0,1333.0,1333.0,3570.0,6012.0,9582.0,9468.0,7412.0,2056.0,1680.0,0.0,376.0,75.0,301.0,510.0,0.03971271651880017,9.468,9.582,0.000316957210776625,Nhỏ
DN00475,Công ty TNHH Thủy sản Toàn Thịnh,9050472607,Công ty TNHH hai thành viên trở lên,Ngoài nhà nước,"Nông, lâm nghiệp và thủy sản","Nông, lâm nghiệp và thủy sản",2023,8,Bình Dương,CN Bình Dương,2025-09-27,Phạm Thanh Mai,16,Thông tư 132/2018/TT-BTC,Không,Đủ,Đang hoạt động,0933892711,lienhe.dn00475@doanhnghiep.vn,2025,BCTC chưa kiểm toán,triệu đồng,163.0,152.0,485.0,132.0,932.0,540.0,126.0,666.0,1598.0,18.0,470.0,79.0,567.0,0.0,0.0,0.0,567.0,1031.0,1598.0,624.0,547.0,77.0,27.0,38.0,12.0,2.0,10.0,62.0,0.019230769230769232,0.624,1.598,-0.054545454545454564,Siêu nhỏ
DN00214,Công ty Cổ phần Thương mại Dịch vụ Long Tuấn,9734552648,Công ty cổ phần,Ngoài nhà nước,Thương mại và dịch vụ,"Bán buôn, bán lẻ",2022,3,Cần Thơ,CN Cần Thơ,2022-08-18,Phạm Thanh Sơn,15,Thông tư 132/2018/TT-BTC,Không,Đủ,Đang hoạt động,0988477420,lienhe.dn00214@doanhnghiep.vn,2025,BCTC chưa kiểm toán,triệu đồng,113.0,244.0,504.0,126.0,987.0,313.0,73.0,386.0,1373.0,171.0,207.0,26.0,404.0,353.0,157.0,510.0,914.0,459.0,1373.0,2883.0,2645.0,238.0,153.0,41.0,44.0,9.0,35.0,31.0,0.015261879986125564,2.883,1.373,0.14541120381406447,Siêu nhỏ
DN00451,Công ty TNHH Du lịch Hải Vạn,9408012487,Công ty TNHH một thành viên,Ngoài nhà nước,Thương mại và dịch vụ,Dịch vụ khác,2021,8,Hà Nội,CN Thanh Xuân,2025-01-15,Đỗ Đức An,9,Thông tư 132/2018/TT-BTC,Không,Đủ,Đang hoạt động,0237606736,lienhe.dn00451@doanhnghiep.vn,2025,BCTC chưa kiểm toán,triệu đồng,165.0,779.0,272.0,213.0,1429.0,1261.0,349.0,1610.0,3039.0,178.0,0.0,624.0,802.0,0.0,310.0,310.0,1112.0,1927.0,3039.0,2930.0,2352.0,578.0,399.0,0.0,179.0,36.0,143.0,134.0,0.061092150170648465,2.93,3.039,-0.16997167138810199,Siêu nhỏ
DN00042,Công ty TNHH Lâm nghiệp Quang Vinh,9260671485,Công ty TNHH một thành viên,Ngoài nhà nước,"Nông, lâm nghiệp và thủy sản","Nông, lâm nghiệp và thủy sản",2023,2,Hà Nội,CN Cầu Giấy,2023-09-22,Trần Thanh Việt,2,Thông tư 132/2018/TT-BTC,Không,Đủ,Đang hoạt động,0364915177,lienhe.dn00042@doanhnghiep.vn,2025,BCTC chưa kiểm toán,triệu đồng,31.0,70.0,101.0,55.0,257.0,345.0,133.0,478.0,735.0,27.0,185.0,18.0,230.0,137.0,22.0,159.0,389.0,346.0,735.0,246.0,229.0,17.0,2.0,24.0,-9.0,0.0,-9.0,33.0,-0.036585365853658534,0.246,0.735,0.3085106382978724,Siêu nhỏ
DN00119,Công ty TNHH Du lịch Việt Đạt,9961721867,Công ty TNHH hai thành viên trở lên,Ngoài nhà nước,Thương mại và dịch vụ,Dịch vụ khác,2020,4,Hà Nội,CN Cầu Giấy,2022-09-09,Lý Thu Việt,11,Thông tư 132/2018/TT-BTC,Không,Đủ,Đang hoạt động,0351881226,lienhe.dn00119@doanhnghiep.vn,2025,BCTC chưa kiểm toán,triệu đồng,75.0,953.0,316.0,162.0,1506.0,675.0,241.0,916.0,2422.0,107.0,380.0,82.0,569.0,315.0,204.0,519.0,1088.0,1334.0,2422.0,1562.0,1236.0,326.0,307.0,64.0,-45.0,0.0,-45.0,48.0,-0.02880921895006402,1.562,2.422,0.10388692579505299,Siêu nhỏ
DN00065,Công ty Cổ phần Logistics An Phú,9099260658,Công ty cổ phần,Ngoài nhà nước,Thương mại và dịch vụ,Dịch vụ khác,2011,59,Bình Dương,CN Bình Dương,2022-12-06,Phạm Thu Cường,13,Thông tư 133/2016/TT-BTC,Có,Đủ,Đang hoạt động,0929830166,lienhe.dn00065@doanhnghiep.vn,2025,BCTC đã kiểm toán,triệu đồng,1189.0,17728.0,3480.0,3941.0,26338.0,10017.0,2679.0,12696.0,39034.0,5114.0,0.0,3829.0,8943.0,0.0,13553.0,13553.0,22496.0,16538.0,39034.0,26308.0,19928.0,6380.0,5844.0,0.0,536.0,107.0,429.0,614.0,0.020374030713091074,26.308,39.034,0.23761584419250137,Vừa
DN00112,Công ty TNHH Tư vấn Vinh Tuấn,9022865005,Công ty TNHH hai thành viên trở lên,Ngoài nhà nước,Thương mại và dịch vụ,Dịch vụ khác,2022,2,Hà Nội,CN Hoàn Kiếm,2022-06-21,Vũ Ngọc An,5,Thông tư 132/2018/TT-BTC,Không,Đủ,Đang hoạt động,0259127381,lienhe.dn00112@doanhnghiep.vn,2025,BCTC chưa kiểm toán,triệu đồng,24.0,267.0,149.0,144.0,584.0,411.0,143.0,554.0,1138.0,48.0,272.0,26.0,346.0,273.0,107.0,380.0,726.0,412.0,1138.0,1200.0,967.0,233.0,127.0,59.0,47.0,9.0,38.0,45.0,0.03916666666666667,1.2,1.138,0.2958963282937366,Siêu nhỏ
DN00367,Công ty TNHH Thương mại Tổng hợp Châu Tân,9711911972,Công ty TNHH một thành viên,Ngoài nhà nước,Thương mại và dịch vụ,"Bán buôn, bán lẻ",2018,26,Bình Dương,CN Bình Dương,2018-09-22,Lê Minh Yến,3,Thông tư 133/2016/TT-BTC,Không,Đủ,Ngừng giao dịch,0911722931,lienhe.dn00367@doanhnghiep.vn,2025,BCTC chưa kiểm toán,triệu đồng,377.0,1174.0,1517.0,743.0,3811.0,1095.0,361.0,1456.0,5267.0,698.0,0.0,2347.0,3045.0,0.0,179.0,179.0,3224.0,2043.0,5267.0,9835.0,8914.0,921.0,780.0,0.0,141.0,28.0,113.0,109.0,0.014336553126588714,9.835,5.267,0.3021316033364225,Nhỏ
DN00306,Công ty TNHH Kỹ thuật Xây dựng Trung Nam,9302475940,Công ty TNHH một thành viên,Ngoài nhà nước,Xây dựng,Xây dựng,2006,25,Hà Nội,CN Thanh Xuân,2021-10-24,Lý Minh Long,16,Thông tư 133/2016/TT-BTC,Không,Đủ,Đang hoạt động,0399718879,lienhe.dn00306@doanhnghiep.vn,2025,BCTC chưa kiểm toán,triệu đồng,857.0,2864.0,4168.0,1146.0,9035.0,3643.0,1486.0,5129.0,14164.0,772.0,3855.0,446.0,5073.0,5522.0,860.0,6382.0,11455.0,2709.0,14164.0,4403.0,3531.0,872.0,44.0,750.0,78.0,16.0,62.0,325.0,0.01771519418578242,4.403,14.164,0.17413333333333325,Nhỏ
DN00144,Công ty Cổ phần Nông nghiệp Linh Tâm,9731602868,Công ty cổ phần,Ngoài nhà nước,"Nông, lâm nghiệp và thủy sản","Nông, lâm nghiệp và thủy sản",2023,10,Cần Thơ,CN Cần Thơ,2024-08-08,Ngô Thị Sơn,9,Không lập BCTC (nộp thuế theo tỷ lệ % trên doanh thu),Không,Không đủ,Đang hoạt động,0274964616,lienhe.dn00144@doanhnghiep.vn,2025,Tờ khai thuế,triệu đồng,,,,,,,,,,,,,,,,,,,,924.0,,,,,,,,,,0.924,,-0.09589041095890416,Siêu nhỏ
DN00419,Công ty TNHH Thương mại Dịch vụ Châu Tuấn,9512686026,Công ty TNHH hai thành viên trở lên,Ngoài nhà nước,Thương mại và dịch vụ,"Bán buôn, bán lẻ",2016,25,Hà Nội,CN Cầu Giấy,2024-08-10,Dương Ngọc Trang,13,Thông tư 133/2016/TT-BTC,Không,Đủ,Đang hoạt động,0961954585,lienhe.dn00419@doanhnghiep.vn,2025,BCTC chưa kiểm toán,triệu đồng,848.0,1677.0,3626.0,546.0,6697.0,1031.0,140.0,1171.0,7868.0,1304.0,1510.0,396.0,3210.0,0.0,0.0,0.0,3210.0,4658.0,7868.0,14931.0,14176.0,755.0,149.0,120.0,486.0,97.0,389.0,107.0,0.0325497287522604,14.931,7.868,0.07929738325863811,Nhỏ
