ma_giao_dich,ngay_gio,ma_kh,kenh,loai_giao_dich,so_tien,phi,trang_thai,chi_nhanh,so_du_sau_giao_dich
GD202606001158,2026-06-01 06:09:47,KH000014,QR Code,Chuyển khoản đi,3350000,0,Thành công,CN Hải Phòng,11940762
GD202606012659,2026-06-01 06:37:48,KH000131,QR Code,Thanh toán thẻ,58000,0,Thành công,CN Quận 1,56380
GD202606009359,2026-06-01 06:54:32,KH000096,Mobile Banking,Rút tiền mặt,3401000,0,Thành công,CN TP Hồ Chí Minh,6354800
GD202606010353,2026-06-01 07:19:19,KH000108,Internet Banking,Thanh toán thẻ,217000,0,Thành công,CN TP Hồ Chí Minh,59624856
GD202606018121,2026-06-01 07:37:56,KH000191,Mobile Banking,Chuyển khoản đi,192000,0,Thành công,CN Thanh Xuân,2575302
GD202606018751,2026-06-01 07:43:09,KH000199,Quầy giao dịch,Chuyển khoản đến,4905000,1100,Thành công,CN Đà Nẵng,244736009
GD202606001891,2026-06-01 07:56:11,KH000019,Internet Banking,Thanh toán hóa đơn,1144000,0,Thành công,CN Hải Phòng,26915438
GD202606016987,2026-06-01 08:12:57,KH000182,Mobile Banking,Rút tiền mặt,329000,0,Thành công,CN Hoàn Kiếm,10504889
GD202606001500,2026-06-01 08:15:31,KH000016,Internet Banking,Chuyển khoản đến,126000,0,Thành công,CN TP Hồ Chí Minh,392207
GD202606016790,2026-06-01 08:28:45,KH000181,Internet Banking,Chuyển khoản đến,154000,0,Thành công,CN Cần Thơ,356520
GD202606011805,2026-06-01 08:33:26,KH000125,Mobile Banking,Chuyển khoản đến,100000,0,Thành công,CN Cần Thơ,620236
GD202606017604,2026-06-01 08:45:22,KH000186,POS,Thanh toán thẻ,5868000,3300,Thành công,CN TP Hồ Chí Minh,16300299
GD202606004585,2026-06-01 09:00:11,KH000048,POS,Thanh toán thẻ,125000,0,Thành công,CN Đà Nẵng,11572615
GD202606017834,2026-06-01 09:21:11,KH000188,Mobile Banking,Thanh toán thẻ,8194000,0,Thành công,CN Đà Nẵng,162941134
GD202606001159,2026-06-01 09:47:07,KH000014,Internet Banking,Rút tiền mặt,1538000,0,Thành công,CN Cầu Giấy,10402762
GD202606003431,2026-06-01 10:01:31,KH000032,POS,Nạp tiền điện thoại,115000,0,Thành công,CN Hoàn Kiếm,57377640
GD202606002447,2026-06-01 10:18:56,KH000023,QR Code,Thanh toán hóa đơn,2521000,0,Thành công,CN Cần Thơ,12498601
GD202606013433,2026-06-01 10:31:59,KH000139,Quầy giao dịch,Chuyển khoản đến,4346000,1100,Thành công,CN TP Hồ Chí Minh,17448507
GD202606007343,2026-06-01 11:09:59,KH000077,QR Code,Chuyển khoản đến,86000,0,Thành công,CN TP Hồ Chí Minh,3177142
GD202606012660,2026-06-01 11:14:04,KH000131,POS,Thanh toán hóa đơn,194000,0,Thành công,CN Thanh Xuân,153380
GD202606016282,2026-06-01 11:25:48,KH000176,Internet Banking,Thanh toán thẻ,980000,0,Thành công,CN Hoàn Kiếm,39608480
GD202606011372,2026-06-01 11:32:12,KH000119,QR Code,Chuyển khoản đến,137000,0,Thành công,CN Thanh Xuân,36510045
GD202606001499,2026-06-01 11:35:22,KH000016,Mobile Banking,Chuyển khoản đi,155000,0,Thành công,CN Thanh Xuân,266207
GD202606011373,2026-06-01 11:55:28,KH000119,Internet Banking,Nộp tiền mặt,54000,0,Thành công,CN Cầu Giấy,36564045
GD202606016988,2026-06-01 12:38:22,KH000182,Mobile Banking,Thanh toán hóa đơn,2317000,0,Thành công,CN Cần Thơ,8187889
GD202606013181,2026-06-01 12:45:29,KH000136,POS,Rút tiền mặt,13420000,3300,Thành công,CN Bình Dương,32648693
GD202606003636,2026-06-01 13:23:17,KH000034,Internet Banking,Nộp tiền mặt,824000,0,Thành công,CN Quận 1,58397126
GD202606014157,2026-06-01 13:35:43,KH000150,ATM,Chuyển khoản đi,5878000,0,Thành công,CN TP Hồ Chí Minh,19488057
GD202606014635,2026-06-01 14:14:19,KH000154,Mobile Banking,Nạp tiền điện thoại,927000,0,Thành công,CN Hoàn Kiếm,23668594
GD202606015522,2026-06-01 14:20:59,KH000167,Mobile Banking,Chuyển khoản đến,3064000,0,Thành công,CN Thanh Xuân,37421608
GD202606006169,2026-06-01 14:50:50,KH000063,Mobile Banking,Thanh toán thẻ,753000,0,Thành công,CN Cần Thơ,53201331
GD202606003197,2026-06-01 15:17:03,KH000029,Internet Banking,Rút tiền mặt,660000,0,Thành công,CN Quận 1,13506276
GD202606001892,2026-06-01 15:57:54,KH000019,POS,Thanh toán thẻ,1810000,0,Thất bại,CN Thanh Xuân,26915438
GD202606014158,2026-06-01 16:07:48,KH000150,ATM,Nạp tiền điện thoại,219000,5500,Thành công,CN Quận 1,19263557
GD202606004584,2026-06-01 16:22:11,KH000048,POS,Thanh toán thẻ,1429000,0,Thành công,CN Cầu Giấy,11697615
GD202606013432,2026-06-01 16:28:08,KH000139,Internet Banking,Chuyển khoản đi,4019000,0,Thành công,CN Đà Nẵng,13102507
GD202606007342,2026-06-01 16:44:38,KH000077,POS,Thanh toán thẻ,124000,5500,Thành công,CN TP Hồ Chí Minh,3091142
GD202606002160,2026-06-01 17:07:24,KH000020,Internet Banking,Thanh toán thẻ,596000,0,Thành công,CN Hoàn Kiếm,12241064
GD202606000251,2026-06-01 17:27:58,KH000006,Quầy giao dịch,Chuyển khoản đến,8114000,5500,Thành công,CN TP Hồ Chí Minh,33017866
GD202606012913,2026-06-01 17:31:37,KH000132,QR Code,Nạp tiền điện thoại,1670000,0,Thành công,CN Hải Phòng,5534794
GD202606006170,2026-06-01 17:36:40,KH000063,Mobile Banking,Nộp tiền mặt,131000,0,Thành công,CN Cầu Giấy,53332331
GD202606008119,2026-06-01 17:37:14,KH000083,POS,Thanh toán thẻ,145000,3300,Thành công,CN Hải Phòng,47049550
GD202606003318,2026-06-01 17:48:43,KH000031,POS,Thanh toán thẻ,108000,0,Thành công,CN Thanh Xuân,245403
GD202606014787,2026-06-01 18:03:10,KH000157,Mobile Banking,Thanh toán thẻ,1395000,0,Thành công,CN Thanh Xuân,6145923
GD202606013386,2026-06-01 18:34:12,KH000138,POS,Thanh toán thẻ,199000,0,Thành công,CN Bình Dương,10945305
GD202606011978,2026-06-01 18:42:33,KH000126,QR Code,Chuyển khoản đi,390000,0,Thành công,CN Đà Nẵng,850099
GD202606005861,2026-06-01 18:47:36,KH000061,POS,Thanh toán thẻ,1081000,0,Thành công,CN Đà Nẵng,29808765
GD202606014994,2026-06-01 19:17:19,KH000160,QR Code,Thanh toán thẻ,1834000,0,Thành công,CN Hoàn Kiếm,60696496
GD202606004050,2026-06-01 19:22:44,KH000040,POS,Thanh toán thẻ,5390000,1100,Thành công,CN Thanh Xuân,40781454
GD202606004204,2026-06-01 19:40:58,KH000042,QR Code,Thanh toán thẻ,3855000,0,Thành công,CN Cầu Giấy,27537534
GD202606004150,2026-06-01 19:42:23,KH000041,Mobile Banking,Thanh toán hóa đơn,24315000,0,Thành công,CN Quận 1,73386084
GD202606007667,2026-06-01 19:52:17,KH000079,QR Code,Thanh toán thẻ,1251000,0,Thành công,CN Hải Phòng,44184280
GD202606003196,2026-06-01 20:01:16,KH000029,QR Code,Chuyển khoản đến,674000,0,Thành công,CN Hoàn Kiếm,14166276
GD202606012094,2026-06-01 20:14:46,KH000127,QR Code,Thanh toán thẻ,444000,0,Thành công,CN Hoàn Kiếm,2975489
GD202606009100,2026-06-01 20:15:03,KH000094,POS,Thanh toán thẻ,1728000,1100,Thành công,CN Quận 1,68064932
GD202606010232,2026-06-01 20:29:24,KH000106,Internet Banking,Chuyển khoản đến,459000,0,Thành công,CN Cầu Giấy,29129330
GD202606004904,2026-06-01 20:33:05,KH000052,Mobile Banking,Thanh toán hóa đơn,116000,0,Thành công,CN TP Hồ Chí Minh,149306
GD202606001339,2026-06-01 20:49:21,KH000015,POS,Thanh toán thẻ,23947000,1100,Thành công,CN Thanh Xuân,306665086
GD202606001340,2026-06-01 21:14:54,KH000015,ATM,Rút tiền mặt,73329000,0,Thành công,CN Quận 1,233336086
GD202606007993,2026-06-01 21:18:37,KH000082,Mobile Banking,Thanh toán hóa đơn,341000,0,Thành công,CN Đà Nẵng,32009180
GD202606012914,2026-06-01 21:31:51,KH000132,QR Code,Nạp tiền điện thoại,416000,0,Thành công,CN Đà Nẵng,5118794
GD202606015662,2026-06-01 21:35:31,KH000170,POS,Thanh toán thẻ,707000,1100,Thành công,CN Bình Dương,2768053
GD202606015775,2026-06-01 21:42:10,KH000171,Quầy giao dịch,Chuyển khoản đi,59000,0,Thất bại,CN Hải Phòng,300651
GD202606012095,2026-06-01 22:33:08,KH000127,QR Code,Chuyển khoản đến,791000,0,Thành công,CN Cần Thơ,3766489
GD202606005221,2026-06-01 22:35:29,KH000055,POS,Thanh toán hóa đơn,243000,1100,Thành công,CN Đà Nẵng,8369487
GD202606000640,2026-06-01 22:35:44,KH000010,QR Code,Thanh toán thẻ,574000,0,Thất bại,CN Hải Phòng,3021890
GD202606006390,2026-06-01 22:47:18,KH000065,Internet Banking,Thanh toán thẻ,2330000,0,Thành công,CN Hải Phòng,14175520
GD202606006393,2026-06-02 06:05:17,KH000065,Internet Banking,Thanh toán thẻ,2566000,0,Thành công,CN Cần Thơ,8864420
GD202606001717,2026-06-02 06:40:27,KH000018,Internet Banking,Nộp tiền mặt,109000,0,Thành công,CN Quận 1,54348043
GD202606015533,2026-06-02 06:41:05,KH000168,Mobile Banking,Thanh toán thẻ,13103000,0,Thành công,CN Quận 1,69169100
GD202606018752,2026-06-02 06:41:51,KH000199,Quầy giao dịch,Nạp tiền điện thoại,10206000,5500,Thành công,CN Hoàn Kiếm,234524509
GD202606009533,2026-06-02 06:57:34,KH000097,POS,Nộp tiền mặt,1687000,3300,Thành công,CN Hải Phòng,21121049
GD202606012915,2026-06-02 07:14:49,KH000132,Internet Banking,Chuyển khoản đi,1520000,0,Thành công,CN Cần Thơ,3598794
GD202606000407,2026-06-02 07:19:26,KH000008,Mobile Banking,Rút tiền mặt,6796000,0,Thành công,CN Hải Phòng,40708206
GD202606010831,2026-06-02 07:23:28,KH000114,Mobile Banking,Thanh toán thẻ,1912000,0,Thành công,CN TP Hồ Chí Minh,52602864
GD202606014045,2026-06-02 07:37:31,KH000148,POS,Thanh toán thẻ,528000,5500,Thành công,CN Quận 1,53673819
GD202606006565,2026-06-02 07:38:24,KH000066,Internet Banking,Thanh toán hóa đơn,1605000,0,Thành công,CN Quận 1,147019817
GD202606008864,2026-06-02 07:52:00,KH000092,POS,Thanh toán thẻ,350000,3300,Thành công,CN Cầu Giấy,1978139
GD202606014745,2026-06-02 07:54:11,KH000156,QR Code,Nạp tiền điện thoại,15275000,0,Thành công,CN Quận 1,29170552
GD202606007529,2026-06-02 07:55:48,KH000078,POS,Chuyển khoản đến,29857000,1100,Thành công,CN Hoàn Kiếm,168922238
GD202606015664,2026-06-02 07:57:41,KH000170,Internet Banking,Thanh toán hóa đơn,88000,0,Thành công,CN Cần Thơ,2479053
GD202606003637,2026-06-02 07:58:01,KH000034,POS,Thanh toán thẻ,1161000,5500,Thành công,CN Quận 1,57230626
GD202606001501,2026-06-02 08:00:34,KH000016,QR Code,Chuyển khoản đi,162000,0,Thành công,CN Quận 1,230207
GD202606015663,2026-06-02 08:19:36,KH000170,QR Code,Rút tiền mặt,201000,0,Thành công,CN Thanh Xuân,2567053
GD202606007345,2026-06-02 08:21:45,KH000077,Internet Banking,Nạp tiền điện thoại,135000,0,Thành công,CN Hải Phòng,2807142
GD202606003198,2026-06-02 08:30:38,KH000029,QR Code,Chuyển khoản đến,4491000,0,Thành công,CN TP Hồ Chí Minh,17997276
GD202606007994,2026-06-02 09:39:13,KH000082,POS,Thanh toán thẻ,3026000,0,Thành công,CN Quận 1,28983180
GD202606007344,2026-06-02 09:43:55,KH000077,Mobile Banking,Thanh toán thẻ,235000,0,Thành công,CN Hoàn Kiếm,2942142
GD202606005174,2026-06-02 09:55:54,KH000054,Internet Banking,Thanh toán thẻ,1267000,0,Thành công,CN Đà Nẵng,5549882
GD202606000408,2026-06-02 09:59:10,KH000008,QR Code,Rút tiền mặt,11385000,0,Thành công,CN Đà Nẵng,29323206
GD202606016284,2026-06-02 10:09:44,KH000176,Mobile Banking,Nạp tiền điện thoại,1177000,0,Thành công,CN TP Hồ Chí Minh,38317480
GD202606013747,2026-06-02 10:22:42,KH000144,Mobile Banking,Chuyển khoản đến,753000,0,Thành công,CN Cầu Giấy,3633517
GD202606005607,2026-06-02 10:40:49,KH000059,ATM,Nộp tiền mặt,9154000,1100,Thành công,CN Hải Phòng,55162399
GD202606000641,2026-06-02 11:17:25,KH000010,QR Code,Thanh toán thẻ,428000,0,Thành công,CN Hải Phòng,2593890
GD202606017606,2026-06-02 11:22:03,KH000186,QR Code,Rút tiền mặt,4392000,0,Thành công,CN Quận 1,8744199
GD202606006392,2026-06-02 11:40:27,KH000065,POS,Thanh toán thẻ,1894000,1100,Thành công,CN TP Hồ Chí Minh,11430420
GD202606015776,2026-06-02 11:42:18,KH000171,QR Code,Chuyển khoản đi,196000,0,Thành công,CN Đà Nẵng,104651
GD202606004410,2026-06-02 12:34:52,KH000045,POS,Thanh toán thẻ,566000,1100,Thành công,CN Cầu Giấy,45860524
GD202606016989,2026-06-02 12:38:51,KH000182,QR Code,Thanh toán hóa đơn,188000,0,Thành công,CN Cần Thơ,7999889
GD202606013295,2026-06-02 12:45:01,KH000137,QR Code,Thanh toán hóa đơn,2295000,0,Thành công,CN Bình Dương,34705775
GD202606006669,2026-06-02 13:00:39,KH000068,Mobile Banking,Nạp tiền điện thoại,15202000,0,Thành công,CN Cần Thơ,102969789
GD202606010416,2026-06-02 13:08:46,KH000109,QR Code,Nạp tiền điện thoại,2882000,0,Thành công,CN Quận 1,20218029
GD202606017724,2026-06-02 13:12:08,KH000187,QR Code,Thanh toán hóa đơn,2561000,0,Thành công,CN Quận 1,4947511
GD202606005606,2026-06-02 13:14:45,KH000059,Mobile Banking,Nộp tiền mặt,6709000,0,Thành công,CN Bình Dương,46008399
GD202606011806,2026-06-02 13:19:15,KH000125,Mobile Banking,Thanh toán hóa đơn,174000,0,Thành công,CN Quận 1,446236
GD202606010830,2026-06-02 13:25:32,KH000114,Internet Banking,Nộp tiền mặt,1057000,0,Thành công,CN Đà Nẵng,54514864
GD202606000406,2026-06-02 13:26:42,KH000008,Mobile Banking,Chuyển khoản đến,11979000,0,Thành công,CN Bình Dương,47504206
GD202606005300,2026-06-02 13:53:16,KH000056,Internet Banking,Nộp tiền mặt,2361000,0,Thành công,CN Quận 1,89068603
GD202606014637,2026-06-02 14:10:36,KH000154,POS,Thanh toán hóa đơn,1044000,5500,Thành công,CN Cần Thơ,23641094
GD202606007669,2026-06-02 14:14:27,KH000079,Mobile Banking,Thanh toán hóa đơn,10894000,0,Thành công,CN Cần Thơ,20287280
GD202606000971,2026-06-02 14:23:43,KH000013,Internet Banking,Chuyển khoản đi,27441000,0,Thành công,CN Cầu Giấy,149979738
GD202606003638,2026-06-02 15:00:02,KH000034,QR Code,Thanh toán thẻ,898000,0,Thành công,CN Bình Dương,56332626
GD202606013294,2026-06-02 15:11:43,KH000137,Quầy giao dịch,Rút tiền mặt,16684000,1100,Thành công,CN Hải Phòng,37000775
GD202606007015,2026-06-02 15:24:38,KH000074,POS,Thanh toán thẻ,1340000,3300,Thành công,CN TP Hồ Chí Minh,26404163
GD202606001160,2026-06-02 16:00:25,KH000014,POS,Thanh toán thẻ,1904000,0,Thành công,CN Thanh Xuân,8498762
GD202606017605,2026-06-02 16:14:38,KH000186,POS,Thanh toán thẻ,3163000,1100,Thành công,CN Đà Nẵng,13136199
GD202606009101,2026-06-02 16:31:19,KH000094,Internet Banking,Nạp tiền điện thoại,50000,0,Thành công,CN Quận 1,68014932
GD202606018708,2026-06-02 16:43:52,KH000198,POS,Chuyển khoản đi,4317000,3300,Thành công,CN Đà Nẵng,33606088
GD202606013434,2026-06-02 17:12:41,KH000139,POS,Thanh toán thẻ,3813000,0,Thành công,CN TP Hồ Chí Minh,13635507
GD202606014458,2026-06-02 17:15:47,KH000153,Mobile Banking,Chuyển khoản đến,80000,0,Thành công,CN Cầu Giấy,136141
GD202606013514,2026-06-02 17:50:11,KH000141,Internet Banking,Nộp tiền mặt,3207000,0,Thành công,CN Thanh Xuân,20124079
GD202606018791,2026-06-02 17:52:36,KH000200,POS,Thanh toán thẻ,302000,0,Thành công,CN Hoàn Kiếm,3148077
GD202606006633,2026-06-02 18:18:51,KH000067,POS,Thanh toán hóa đơn,5428000,3300,Thành công,CN TP Hồ Chí Minh,31594499
GD202606007668,2026-06-02 18:46:52,KH000079,QR Code,Thanh toán thẻ,13003000,0,Thành công,CN Cần Thơ,31181280
GD202606014046,2026-06-02 19:05:24,KH000148,Internet Banking,Nộp tiền mặt,211000,0,Thành công,CN Bình Dương,53884819
GD202606015578,2026-06-02 19:45:23,KH000169,Internet Banking,Chuyển khoản đi,2189000,0,Thành công,CN Bình Dương,25645300
GD202606007346,2026-06-02 19:51:23,KH000077,Internet Banking,Thanh toán thẻ,738000,0,Thành công,CN Hoàn Kiếm,2069142
GD202606012465,2026-06-02 19:59:03,KH000130,POS,Thanh toán thẻ,96000,0,Thành công,CN Cần Thơ,35106411
GD202606014219,2026-06-02 20:22:50,KH000151,Internet Banking,Nộp tiền mặt,57000,0,Thành công,CN Đà Nẵng,2187216
GD202606016283,2026-06-02 20:26:51,KH000176,Internet Banking,Chuyển khoản đi,114000,0,Thành công,CN Cầu Giấy,39494480
GD202606014636,2026-06-02 20:31:18,KH000154,POS,Nộp tiền mặt,1022000,1100,Thành công,CN Hoàn Kiếm,24690594
GD202606001503,2026-06-02 20:37:42,KH000016,POS,Thanh toán thẻ,126000,1100,Thành công,CN Hoàn Kiếm,147107
GD202606001502,2026-06-02 20:38:03,KH000016,POS,Thanh toán thẻ,145000,0,Thành công,CN TP Hồ Chí Minh,85207
GD202606017725,2026-06-02 21:02:41,KH000187,Mobile Banking,Rút tiền mặt,1514000,0,Thành công,CN Hải Phòng,3433511
GD202606009737,2026-06-02 21:07:06,KH000099,Quầy giao dịch,Rút tiền mặt,1082000,0,Thành công,CN Hải Phòng,36243034
GD202606017836,2026-06-02 21:18:54,KH000188,POS,Chuyển khoản đến,921000,5500,Thành công,CN Bình Dương,145598034
GD202606012661,2026-06-02 21:29:06,KH000131,POS,Thanh toán thẻ,147000,1100,Thất bại,CN Thanh Xuân,153380
GD202606017835,2026-06-02 21:37:08,KH000188,ATM,Chuyển khoản đi,18263000,1100,Thành công,CN Cầu Giấy,144677034
GD202606006391,2026-06-02 21:40:48,KH000065,Mobile Banking,Rút tiền mặt,850000,0,Thành công,CN TP Hồ Chí Minh,13325520
GD202606013612,2026-06-02 22:02:25,KH000142,Internet Banking,Chuyển khoản đến,2732000,0,Thành công,CN Quận 1,57766409
GD202606018435,2026-06-02 22:09:55,KH000195,Internet Banking,Chuyển khoản đến,169000,0,Thành công,CN Cần Thơ,607217
GD202606010832,2026-06-02 22:48:57,KH000114,ATM,Nạp tiền điện thoại,375000,5500,Thành công,CN Hoàn Kiếm,52222364
GD202606005507,2026-06-02 22:58:35,KH000058,POS,Thanh toán thẻ,30252000,3300,Thành công,CN Thanh Xuân,66841282
GD202606012916,2026-06-03 06:02:02,KH000132,Internet Banking,Chuyển khoản đi,484000,0,Thành công,CN Hải Phòng,3114794
GD202606001161,2026-06-03 06:22:33,KH000014,Mobile Banking,Nộp tiền mặt,1203000,0,Thành công,CN Đà Nẵng,9701762
GD202606013516,2026-06-03 06:53:23,KH000141,Mobile Banking,Thanh toán thẻ,1506000,0,Thành công,CN Cần Thơ,13752079
GD202606000409,2026-06-03 07:34:54,KH000008,Internet Banking,Nộp tiền mặt,4212000,0,Thành công,CN Bình Dương,33535206
GD202606005421,2026-06-03 07:36:24,KH000057,ATM,Chuyển khoản đi,5388000,1100,Thành công,CN Bình Dương,12839374
GD202606010994,2026-06-03 07:53:04,KH000116,QR Code,Chuyển khoản đến,25130000,0,Thành công,CN Hải Phòng,107071685
GD202606009649,2026-06-03 07:54:20,KH000098,POS,Thanh toán thẻ,757000,5500,Thành công,CN Thanh Xuân,13698825
GD202606014220,2026-06-03 08:01:14,KH000151,QR Code,Nộp tiền mặt,207000,0,Thành công,CN Đà Nẵng,2394216
GD202606001893,2026-06-03 08:07:55,KH000019,QR Code,Thanh toán hóa đơn,3615000,0,Thành công,CN TP Hồ Chí Minh,23300438
GD202606013515,2026-06-03 08:26:28,KH000141,QR Code,Rút tiền mặt,4866000,0,Thành công,CN Hoàn Kiếm,15258079
GD202606005608,2026-06-03 08:41:33,KH000059,QR Code,Thanh toán thẻ,16997000,0,Thành công,CN Bình Dương,38165399
GD202606000643,2026-06-03 08:45:37,KH000010,Mobile Banking,Thanh toán thẻ,448000,0,Thành công,CN Hải Phòng,1778790
GD202606006737,2026-06-03 08:48:01,KH000070,Mobile Banking,Rút tiền mặt,2307000,0,Thành công,CN Bình Dương,88779760
GD202606007347,2026-06-03 09:56:16,KH000077,QR Code,Nạp tiền điện thoại,454000,0,Thành công,CN Thanh Xuân,1615142
GD202606017287,2026-06-03 09:58:00,KH000183,QR Code,Chuyển khoản đi,3909000,0,Thành công,CN Đà Nẵng,11785724
GD202606014708,2026-06-03 10:14:01,KH000155,POS,Thanh toán thẻ,46476000,0,Thành công,CN Đà Nẵng,175942297
GD202606005175,2026-06-03 10:34:23,KH000054,Internet Banking,Thanh toán hóa đơn,1876000,0,Thành công,CN Đà Nẵng,3673882
GD202606012917,2026-06-03 10:41:14,KH000132,QR Code,Chuyển khoản đi,328000,0,Thành công,CN Quận 1,2786794
GD202606007670,2026-06-03 11:17:51,KH000079,Internet Banking,Nạp tiền điện thoại,462000,0,Thành công,CN Cầu Giấy,19825280
GD202606011201,2026-06-03 11:44:23,KH000118,Mobile Banking,Thanh toán thẻ,726000,0,Thành công,CN Cầu Giấy,4711126
GD202606007166,2026-06-03 12:09:11,KH000075,Quầy giao dịch,Chuyển khoản đến,806000,3300,Thành công,CN Hải Phòng,32591487
GD202606013748,2026-06-03 12:33:12,KH000144,QR Code,Chuyển khoản đi,678000,0,Thất bại,CN Bình Dương,3633517
GD202606013436,2026-06-03 12:34:06,KH000139,Internet Banking,Thanh toán thẻ,5780000,0,Thành công,CN Cầu Giấy,11786507
GD202606002679,2026-06-03 13:37:09,KH000025,Internet Banking,Chuyển khoản đến,181000,0,Thành công,CN Quận 1,590831
GD202606010354,2026-06-03 13:47:38,KH000108,POS,Nộp tiền mặt,110000,5500,Thành công,CN Hải Phòng,59734856
GD202606010417,2026-06-03 13:52:22,KH000109,POS,Thanh toán thẻ,5882000,0,Thành công,CN Hoàn Kiếm,14336029
GD202606018289,2026-06-03 14:09:01,KH000193,POS,Thanh toán hóa đơn,44069000,1100,Thành công,CN Thanh Xuân,195350563
GD202606012096,2026-06-03 14:09:41,KH000127,POS,Nộp tiền mặt,730000,3300,Thành công,CN Hải Phòng,4496489
GD202606017607,2026-06-03 14:12:00,KH000186,Internet Banking,Nộp tiền mặt,2054000,0,Thành công,CN Bình Dương,10798199
GD202606002680,2026-06-03 14:12:44,KH000025,POS,Thanh toán thẻ,157000,3300,Thành công,CN Cần Thơ,430531
GD202606007165,2026-06-03 14:19:10,KH000075,Mobile Banking,Thanh toán hóa đơn,10867000,0,Thành công,CN Cầu Giấy,31785487
GD202606015777,2026-06-03 14:26:25,KH000171,POS,Thanh toán thẻ,80000,5500,Thành công,CN Thanh Xuân,139151
GD202606013862,2026-06-03 14:32:04,KH000145,Internet Banking,Nộp tiền mặt,141000,0,Thành công,CN Cần Thơ,57742389
GD202606012097,2026-06-03 14:43:09,KH000127,Mobile Banking,Thanh toán thẻ,875000,0,Thành công,CN Bình Dương,3621489
GD202606006670,2026-06-03 14:58:35,KH000068,POS,Thanh toán thẻ,35321000,3300,Thành công,CN Đà Nẵng,67645489
GD202606013110,2026-06-03 15:23:18,KH000135,Mobile Banking,Rút tiền mặt,57301000,0,Thành công,CN Cần Thơ,234972376
GD202606004906,2026-06-03 15:45:06,KH000052,POS,Thanh toán thẻ,157000,3300,Thành công,CN Hoàn Kiếm,164506
GD202606001341,2026-06-03 15:54:48,KH000015,POS,Thanh toán thẻ,10466000,1100,Thành công,CN Hải Phòng,222868986
GD202606016538,2026-06-03 16:08:29,KH000178,Internet Banking,Thanh toán thẻ,886000,0,Thành công,CN Bình Dương,54635652
GD202606001342,2026-06-03 16:41:10,KH000015,POS,Thanh toán thẻ,31034000,5500,Thành công,CN Quận 1,191829486
GD202606007164,2026-06-03 16:45:43,KH000075,POS,Thanh toán thẻ,2886000,3300,Thành công,CN Hải Phòng,42652487
GD202606003199,2026-06-03 16:57:52,KH000029,ATM,Rút tiền mặt,1922000,3300,Thành công,CN Bình Dương,16071976
GD202606015579,2026-06-03 17:02:14,KH000169,ATM,Nộp tiền mặt,473000,3300,Thành công,CN Cầu Giấy,26118300
GD202606014459,2026-06-03 17:15:56,KH000153,Internet Banking,Thanh toán thẻ,125000,0,Thành công,CN Cần Thơ,198641
GD202606007348,2026-06-03 17:51:03,KH000077,QR Code,Thanh toán thẻ,106000,0,Thành công,CN Đà Nẵng,1509142
GD202606008865,2026-06-03 17:53:43,KH000092,QR Code,Chuyển khoản đến,109000,0,Thành công,CN Bình Dương,2087139
GD202606012918,2026-06-03 18:00:30,KH000132,QR Code,Nạp tiền điện thoại,284000,0,Thành công,CN Hải Phòng,2502794
GD202606013435,2026-06-03 18:10:17,KH000139,QR Code,Chuyển khoản đến,3931000,0,Thành công,CN Hoàn Kiếm,17566507
GD202606014047,2026-06-03 18:13:47,KH000148,Mobile Banking,Chuyển khoản đi,563000,0,Thành công,CN Đà Nẵng,53321819
GD202606015273,2026-06-03 18:18:44,KH000163,Internet Banking,Thanh toán thẻ,25253000,0,Thành công,CN Bình Dương,61969697
GD202606011566,2026-06-03 18:37:07,KH000121,POS,Rút tiền mặt,2752000,1100,Thành công,CN Hoàn Kiếm,5992049
GD202606010201,2026-06-03 18:38:23,KH000105,ATM,Chuyển khoản đi,10001000,5500,Thành công,CN TP Hồ Chí Minh,257527901
GD202606004288,2026-06-03 19:24:11,KH000043,POS,Chuyển khoản đi,204000,3300,Thành công,CN Cầu Giấy,50290229
GD202606000642,2026-06-03 19:26:20,KH000010,POS,Thanh toán thẻ,366000,1100,Thành công,CN Quận 1,2226790
GD202606015534,2026-06-03 19:44:13,KH000168,QR Code,Thanh toán thẻ,7760000,0,Thành công,CN Quận 1,61409100
GD202606012466,2026-06-03 20:14:11,KH000130,Internet Banking,Nạp tiền điện thoại,4730000,0,Thành công,CN Cần Thơ,30376411
GD202606004905,2026-06-03 20:16:45,KH000052,Mobile Banking,Rút tiền mặt,60000,0,Thành công,CN Quận 1,89306
GD202606005176,2026-06-03 20:42:01,KH000054,Quầy giao dịch,Nạp tiền điện thoại,971000,1100,Thành công,CN Đà Nẵng,2701782
GD202606013059,2026-06-03 20:42:45,KH000133,ATM,Nộp tiền mặt,2554000,0,Thành công,CN Cầu Giấy,13594521
GD202606004411,2026-06-03 20:52:08,KH000045,POS,Thanh toán thẻ,1808000,5500,Thành công,CN Bình Dương,44047024
GD202606008275,2026-06-03 21:17:23,KH000084,Internet Banking,Chuyển khoản đến,514000,0,Thất bại,CN Quận 1,16966542
GD202606010355,2026-06-03 22:08:01,KH000108,Mobile Banking,Nộp tiền mặt,57000,0,Thành công,CN Quận 1,59791856
GD202606007671,2026-06-03 22:43:34,KH000079,QR Code,Nạp tiền điện thoại,4866000,0,Thành công,CN Cần Thơ,14959280
GD202606006738,2026-06-03 22:59:51,KH000070,Mobile Banking,Thanh toán hóa đơn,884000,0,Thành công,CN Hoàn Kiếm,87895760
GD202606003200,2026-06-04 06:03:52,KH000029,QR Code,Thanh toán hóa đơn,5518000,0,Thành công,CN Hoàn Kiếm,10553976
GD202606010233,2026-06-04 06:06:09,KH000106,Internet Banking,Chuyển khoản đi,918000,0,Thành công,CN Bình Dương,28211330
GD202606003432,2026-06-04 06:18:38,KH000032,QR Code,Nộp tiền mặt,156000,0,Thành công,CN Quận 1,57533640
GD202606010234,2026-06-04 06:22:45,KH000106,Quầy giao dịch,Thanh toán hóa đơn,487000,0,Thành công,CN Bình Dương,27724330
GD202606000806,2026-06-04 06:29:45,KH000011,Internet Banking,Chuyển khoản đến,640000,0,Thành công,CN Hoàn Kiếm,83898682
GD202606007016,2026-06-04 06:40:01,KH000074,Internet Banking,Thanh toán hóa đơn,1301000,0,Thành công,CN Quận 1,25103163
GD202606018122,2026-06-04 07:04:39,KH000191,Internet Banking,Thanh toán thẻ,459000,0,Thành công,CN Hoàn Kiếm,2116302
GD202606002161,2026-06-04 07:26:25,KH000020,POS,Thanh toán thẻ,2868000,5500,Thành công,CN Bình Dương,9367564
GD202606000903,2026-06-04 07:38:07,KH000012,QR Code,Chuyển khoản đi,554000,0,Thành công,CN Cần Thơ,74687451
GD202606004412,2026-06-04 07:44:07,KH000045,Quầy giao dịch,Chuyển khoản đi,688000,3300,Thành công,CN TP Hồ Chí Minh,43355724
GD202606012919,2026-06-04 07:45:23,KH000132,QR Code,Thanh toán thẻ,307000,0,Thành công,CN Hải Phòng,2195794
GD202606015667,2026-06-04 08:04:28,KH000170,Mobile Banking,Thanh toán thẻ,611000,0,Thành công,CN Cần Thơ,2123053
GD202606017904,2026-06-04 08:27:55,KH000189,Internet Banking,Rút tiền mặt,21001000,0,Thành công,CN Thanh Xuân,74550046
GD202606010485,2026-06-04 08:41:28,KH000110,Internet Banking,Thanh toán thẻ,1285000,0,Thành công,CN Bình Dương,51049362
GD202606000057,2026-06-04 09:41:41,KH000002,QR Code,Thanh toán hóa đơn,2001000,0,Thành công,CN Hải Phòng,80589833
GD202606015580,2026-06-04 09:48:22,KH000169,POS,Thanh toán thẻ,5071000,5500,Thành công,CN Hoàn Kiếm,21041800
GD202606008469,2026-06-04 09:59:52,KH000086,QR Code,Chuyển khoản đến,21524000,0,Thành công,CN Bình Dương,114742661
GD202606004751,2026-06-04 10:09:32,KH000051,ATM,Thanh toán hóa đơn,2900000,3300,Thành công,CN Cầu Giấy,9215756
GD202606003201,2026-06-04 11:05:17,KH000029,Internet Banking,Thanh toán thẻ,2751000,0,Thành công,CN Bình Dương,7802976
GD202606014638,2026-06-04 12:39:20,KH000154,ATM,Chuyển khoản đến,925000,5500,Thành công,CN Đà Nẵng,24566094
GD202606006790,2026-06-04 12:49:19,KH000071,QR Code,Nạp tiền điện thoại,9393000,0,Thất bại,CN Bình Dương,57280738
GD202606005609,2026-06-04 12:50:19,KH000059,QR Code,Rút tiền mặt,7743000,0,Thành công,CN Bình Dương,30422399
GD202606001343,2026-06-04 13:04:35,KH000015,POS,Chuyển khoản đi,16086000,1100,Thành công,CN TP Hồ Chí Minh,175742386
GD202606018792,2026-06-04 13:43:20,KH000200,Internet Banking,Rút tiền mặt,1061000,0,Thành công,CN Cần Thơ,2087077
GD202606007349,2026-06-04 14:30:40,KH000077,Internet Banking,Chuyển khoản đến,193000,0,Thành công,CN Quận 1,1702142
GD202606008276,2026-06-04 14:47:11,KH000084,Internet Banking,Thanh toán thẻ,1265000,0,Thành công,CN Quận 1,15701542
GD202606001162,2026-06-04 15:15:40,KH000014,Internet Banking,Rút tiền mặt,2737000,0,Thành công,CN Đà Nẵng,6964762
GD202606015666,2026-06-04 15:16:55,KH000170,QR Code,Chuyển khoản đến,255000,0,Thành công,CN TP Hồ Chí Minh,2734053
GD202606015142,2026-06-04 15:26:03,KH000162,POS,Thanh toán thẻ,103000,5500,Thành công,CN Hải Phòng,197303
GD202606015274,2026-06-04 15:29:01,KH000163,Internet Banking,Thanh toán thẻ,14616000,0,Thành công,CN TP Hồ Chí Minh,47353697
GD202606016285,2026-06-04 15:44:00,KH000176,Internet Banking,Chuyển khoản đi,476000,0,Thành công,CN Cần Thơ,37841480
GD202606007672,2026-06-04 15:54:23,KH000079,POS,Thanh toán thẻ,4966000,5500,Thành công,CN Hải Phòng,9987780
GD202606002536,2026-06-04 16:45:29,KH000024,POS,Chuyển khoản đi,631000,1100,Thành công,CN Quận 1,74437828
GD202606007673,2026-06-04 17:45:50,KH000079,Internet Banking,Rút tiền mặt,2550000,0,Thành công,CN Cần Thơ,7437780
GD202606000644,2026-06-04 17:50:59,KH000010,Internet Banking,Nộp tiền mặt,291000,0,Thành công,CN Quận 1,2069790
GD202606000972,2026-06-04 18:08:53,KH000013,Internet Banking,Nạp tiền điện thoại,25977000,0,Thành công,CN TP Hồ Chí Minh,124002738
GD202606010584,2026-06-04 18:44:27,KH000111,QR Code,Nộp tiền mặt,11083000,0,Thành công,CN Bình Dương,116693826
GD202606010235,2026-06-04 19:33:54,KH000106,Internet Banking,Thanh toán hóa đơn,751000,0,Thành công,CN Cầu Giấy,26973330
GD202606001344,2026-06-04 19:39:46,KH000015,POS,Thanh toán thẻ,21532000,3300,Thành công,CN TP Hồ Chí Minh,154207086
GD202606001504,2026-06-04 20:19:12,KH000016,QR Code,Nộp tiền mặt,112000,0,Thành công,CN Hoàn Kiếm,259107
GD202606017288,2026-06-04 20:29:16,KH000183,QR Code,Thanh toán thẻ,1824000,0,Thành công,CN Hoàn Kiếm,9961724
GD202606013387,2026-06-04 21:02:39,KH000138,POS,Chuyển khoản đi,1626000,5500,Thành công,CN Cầu Giấy,9313805
GD202606007530,2026-06-04 21:25:04,KH000078,Quầy giao dịch,Nạp tiền điện thoại,10483000,3300,Thành công,CN TP Hồ Chí Minh,158435938
GD202606015665,2026-06-04 21:36:46,KH000170,Internet Banking,Nộp tiền mặt,56000,0,Thất bại,CN Hoàn Kiếm,2479053
GD202606003888,2026-06-04 21:55:28,KH000038,POS,Thanh toán thẻ,824000,5500,Thành công,CN Bình Dương,66406251
GD202606010995,2026-06-04 22:17:42,KH000116,Quầy giao dịch,Chuyển khoản đến,5690000,3300,Thành công,CN Đà Nẵng,112761685
GD202606002681,2026-06-04 22:20:53,KH000025,POS,Thanh toán thẻ,86000,3300,Thành công,CN Cầu Giấy,341231
GD202606017543,2026-06-04 22:23:32,KH000185,POS,Thanh toán thẻ,3373000,1100,Thành công,CN Cầu Giấy,48502292
GD202606011807,2026-06-04 22:55:06,KH000125,Mobile Banking,Chuyển khoản đến,55000,0,Thành công,CN Đà Nẵng,501236
GD202606010933,2026-06-05 06:08:18,KH000115,QR Code,Nạp tiền điện thoại,3640000,0,Thành công,CN TP Hồ Chí Minh,25861247
GD202606006908,2026-06-05 06:08:43,KH000073,Quầy giao dịch,Nhận lương,47779714,0,Thành công,CN Thanh Xuân,101093299
GD202606014639,2026-06-05 06:09:08,KH000154,QR Code,Thanh toán thẻ,1214000,0,Thành công,CN TP Hồ Chí Minh,23352094
GD202606008435,2026-06-05 06:09:44,KH000085,ATM,Nộp tiền mặt,5827000,1100,Thành công,CN Đà Nẵng,36260089
GD202606016539,2026-06-05 06:21:10,KH000178,POS,Thanh toán thẻ,2960000,5500,Thành công,CN Đà Nẵng,51670152
GD202606013613,2026-06-05 06:31:27,KH000142,ATM,Nạp tiền điện thoại,1791000,5500,Thành công,CN Thanh Xuân,55969909
GD202606008277,2026-06-05 06:33:13,KH000084,Internet Banking,Chuyển khoản đi,1023000,0,Thành công,CN Cần Thơ,14678542
GD202606012293,2026-06-05 06:52:14,KH000128,Quầy giao dịch,Nhận lương,9139644,0,Thành công,CN Cần Thơ,51020352
GD202606016158,2026-06-05 06:55:19,KH000175,Quầy giao dịch,Nhận lương,9692339,0,Thành công,CN Cần Thơ,61113337
GD202606005864,2026-06-05 07:17:14,KH000061,Mobile Banking,Thanh toán thẻ,2060000,0,Thành công,CN Hải Phòng,25478765
GD202606008866,2026-06-05 07:18:55,KH000092,Mobile Banking,Thanh toán hóa đơn,520000,0,Thành công,CN Bình Dương,1567139
GD202606018629,2026-06-05 07:34:37,KH000197,POS,Chuyển khoản đi,12296000,1100,Thành công,CN Quận 1,48261559
GD202606008690,2026-06-05 08:09:11,KH000088,Quầy giao dịch,Nhận lương,8297329,0,Thành công,CN Bình Dương,16566008
GD202606005301,2026-06-05 08:17:52,KH000056,QR Code,Chuyển khoản đi,3758000,0,Thành công,CN Quận 1,85310603
GD202606007167,2026-06-05 08:54:57,KH000075,Internet Banking,Rút tiền mặt,6180000,0,Thành công,CN Cần Thơ,26411487
GD202606008472,2026-06-05 09:03:11,KH000086,POS,Nạp tiền điện thoại,10973000,1100,Thành công,CN Cầu Giấy,131855561
GD202606018436,2026-06-05 09:08:02,KH000195,POS,Thanh toán thẻ,137000,0,Thành công,CN Hoàn Kiếm,470217
GD202606008470,2026-06-05 09:12:53,KH000086,POS,Nộp tiền mặt,8996000,0,Thành công,CN Cần Thơ,123738661
GD202606008471,2026-06-05 09:20:50,KH000086,Mobile Banking,Chuyển khoản đến,19091000,0,Thành công,CN Quận 1,142829661
GD202606007531,2026-06-05 09:49:59,KH000078,Quầy giao dịch,Nhận lương,21851630,0,Thành công,CN Cầu Giấy,180287568
GD202606001647,2026-06-05 09:50:31,KH000017,Internet Banking,Thanh toán hóa đơn,1173000,0,Thành công,CN Thanh Xuân,14356542
GD202606000974,2026-06-05 10:23:40,KH000013,Internet Banking,Rút tiền mặt,28767000,0,Thành công,CN Bình Dương,79851738
GD202606007017,2026-06-05 10:39:43,KH000074,Quầy giao dịch,Nhận lương,9017897,0,Thành công,CN Hoàn Kiếm,34121060
GD202606017996,2026-06-05 11:31:11,KH000190,Quầy giao dịch,Nhận lương,56008095,0,Thành công,CN Cần Thơ,834081141
GD202606009933,2026-06-05 11:41:59,KH000103,Internet Banking,Chuyển khoản đến,1025000,0,Thành công,CN Đà Nẵng,11310719
GD202606009856,2026-06-05 11:43:26,KH000101,ATM,Chuyển khoản đi,8159000,5500,Thành công,CN Hoàn Kiếm,75072384
GD202606012467,2026-06-05 11:49:26,KH000130,Quầy giao dịch,Nhận lương,10922718,0,Thành công,CN Cầu Giấy,41299130
GD202606015471,2026-06-05 11:52:47,KH000166,Mobile Banking,Thanh toán thẻ,30064000,0,Thành công,CN Hải Phòng,134584107
GD202606016654,2026-06-05 12:02:22,KH000180,QR Code,Nộp tiền mặt,2896000,0,Thành công,CN Cầu Giấy,45894009
GD202606011808,2026-06-05 12:04:43,KH000125,Mobile Banking,Chuyển khoản đi,93000,0,Thành công,CN Cần Thơ,408236
GD202606013517,2026-06-05 12:25:21,KH000141,Quầy giao dịch,Nhận lương,8690429,0,Thành công,CN Đà Nẵng,22442507
GD202606016652,2026-06-05 12:48:00,KH000180,Quầy giao dịch,Thanh toán hóa đơn,772000,5500,Thành công,CN Bình Dương,43455009
GD202606014746,2026-06-05 13:26:50,KH000156,Internet Banking,Thanh toán thẻ,993000,0,Thành công,CN Hải Phòng,28177552
GD202606003320,2026-06-05 13:35:32,KH000031,QR Code,Chuyển khoản đến,184000,0,Thành công,CN Hải Phòng,316303
GD202606000975,2026-06-05 13:40:12,KH000013,Internet Banking,Chuyển khoản đến,23713000,0,Thành công,CN Cần Thơ,103564738
GD202606016132,2026-06-05 14:03:00,KH000174,POS,Thanh toán thẻ,799000,5500,Thành công,CN Hải Phòng,64172190
GD202606005177,2026-06-05 14:04:54,KH000054,Quầy giao dịch,Nộp tiền mặt,397000,3300,Thành công,CN Cầu Giấy,3098782
GD202606004413,2026-06-05 14:05:45,KH000045,Mobile Banking,Nạp tiền điện thoại,858000,0,Thành công,CN Cầu Giấy,42497724
GD202606000410,2026-06-05 14:09:24,KH000008,Mobile Banking,Chuyển khoản đến,10494000,0,Thành công,CN Hoàn Kiếm,44029206
GD202606000807,2026-06-05 14:16:02,KH000011,POS,Chuyển khoản đi,995000,3300,Thành công,CN Quận 1,82900382
GD202606005863,2026-06-05 14:25:12,KH000061,POS,Thanh toán thẻ,778000,5500,Thành công,CN Bình Dương,27538765
GD202606007018,2026-06-05 14:39:01,KH000074,QR Code,Chuyển khoản đi,1397000,0,Thành công,CN Hải Phòng,32724060
GD202606002537,2026-06-05 14:46:06,KH000024,Quầy giao dịch,Nhận lương,11108608,0,Thành công,CN Cầu Giấy,85546436
GD202606009651,2026-06-05 14:46:36,KH000098,QR Code,Nạp tiền điện thoại,951000,0,Thành công,CN Quận 1,12471525
GD202606017905,2026-06-05 14:49:50,KH000189,POS,Rút tiền mặt,1060000,3300,Thành công,CN Thanh Xuân,73486746
GD202606015275,2026-06-05 15:04:48,KH000163,QR Code,Nạp tiền điện thoại,8042000,0,Thất bại,CN Quận 1,47353697
GD202606016653,2026-06-05 15:05:44,KH000180,Internet Banking,Thanh toán thẻ,457000,0,Thành công,CN Hải Phòng,42998009
GD202606002682,2026-06-05 15:40:26,KH000025,POS,Thanh toán thẻ,149000,3300,Thành công,CN TP Hồ Chí Minh,188931
GD202606001895,2026-06-05 15:43:09,KH000019,POS,Thanh toán thẻ,2565000,0,Thành công,CN Cầu Giấy,30386953
GD202606005508,2026-06-05 15:50:10,KH000058,Quầy giao dịch,Nhận lương,43578943,0,Thành công,CN Quận 1,110420225
GD202606001505,2026-06-05 15:53:51,KH000016,Mobile Banking,Thanh toán hóa đơn,89000,0,Thành công,CN Đà Nẵng,170107
GD202606014283,2026-06-05 16:03:18,KH000152,Quầy giao dịch,Nhận lương,11975891,0,Thành công,CN Cần Thơ,96505391
GD202606015414,2026-06-05 16:04:11,KH000165,Quầy giao dịch,Nhận lương,9153244,0,Thành công,CN Bình Dương,53694549
GD202606017484,2026-06-05 16:09:49,KH000184,ATM,Nộp tiền mặt,9449000,5500,Thành công,CN Đà Nẵng,51324772
GD202606001894,2026-06-05 16:17:53,KH000019,Quầy giao dịch,Nhận lương,9651516,0,Thành công,CN Cầu Giấy,32951953
GD202606004051,2026-06-05 16:34:18,KH000040,Quầy giao dịch,Nhận lương,10417644,0,Thành công,CN TP Hồ Chí Minh,51199098
GD202606000252,2026-06-05 17:00:26,KH000006,Mobile Banking,Thanh toán thẻ,4155000,0,Thành công,CN Bình Dương,28862866
GD202606006871,2026-06-05 17:13:25,KH000072,Quầy giao dịch,Chuyển khoản đi,463000,3300,Thành công,CN Hoàn Kiếm,51503672
GD202606004151,2026-06-05 17:16:11,KH000041,Quầy giao dịch,Nhận lương,51003133,0,Thành công,CN Bình Dương,124389217
GD202606013296,2026-06-05 17:38:08,KH000137,Quầy giao dịch,Chuyển khoản đến,3522000,0,Thành công,CN Hải Phòng,38227775
GD202606002448,2026-06-05 18:33:50,KH000023,Internet Banking,Chuyển khoản đến,3519000,0,Thành công,CN Hoàn Kiếm,16017601
GD202606003072,2026-06-05 18:34:09,KH000028,Quầy giao dịch,Nhận lương,11834216,0,Thành công,CN Bình Dương,43137463
GD202606009360,2026-06-05 18:44:44,KH000096,QR Code,Thanh toán thẻ,701000,0,Thành công,CN Hải Phòng,5653800
GD202606015415,2026-06-05 18:47:32,KH000165,Internet Banking,Thanh toán thẻ,16056000,0,Thất bại,CN Đà Nẵng,53694549
GD202606005222,2026-06-05 18:57:51,KH000055,ATM,Chuyển khoản đến,810000,1100,Thành công,CN Quận 1,9179487
GD202606006171,2026-06-05 19:07:01,KH000063,POS,Thanh toán thẻ,745000,5500,Thành công,CN Quận 1,52581831
GD202606000119,2026-06-05 19:10:04,KH000004,Quầy giao dịch,Nhận lương,19902825,0,Thành công,CN Hoàn Kiếm,174379377
GD202606001345,2026-06-05 19:17:49,KH000015,Quầy giao dịch,Nạp tiền điện thoại,53828000,3300,Thành công,CN Cần Thơ,100375786
GD202606009650,2026-06-05 19:19:44,KH000098,ATM,Nạp tiền điện thoại,273000,3300,Thành công,CN Cầu Giấy,13422525
GD202606014130,2026-06-05 19:31:39,KH000149,POS,Thanh toán hóa đơn,4376000,5500,Thành công,CN Bình Dương,30709202
GD202606000973,2026-06-05 19:41:44,KH000013,POS,Chuyển khoản đi,15384000,0,Thành công,CN Thanh Xuân,108618738
GD202606012098,2026-06-05 19:42:57,KH000127,POS,Thanh toán thẻ,496000,3300,Thành công,CN Đà Nẵng,3122189
GD202606013749,2026-06-05 20:09:38,KH000144,Mobile Banking,Nộp tiền mặt,266000,0,Thành công,CN Cầu Giấy,3899517
GD202606002318,2026-06-05 20:23:53,KH000021,Quầy giao dịch,Nhận lương,8325951,0,Thành công,CN Bình Dương,56909238
GD202606009102,2026-06-05 20:25:38,KH000094,Quầy giao dịch,Nhận lương,8542589,0,Thành công,CN Cầu Giấy,76557521
GD202606004052,2026-06-05 20:33:35,KH000040,QR Code,Chuyển khoản đi,5622000,0,Thành công,CN TP Hồ Chí Minh,45577098
GD202606003319,2026-06-05 21:06:08,KH000031,Quầy giao dịch,Chuyển khoản đi,112000,1100,Thành công,CN TP Hồ Chí Minh,132303
GD202606003972,2026-06-05 21:14:13,KH000039,QR Code,Nộp tiền mặt,1710000,0,Thành công,CN Thanh Xuân,60145096
GD202606005862,2026-06-05 21:47:39,KH000061,POS,Thanh toán thẻ,1481000,5500,Thành công,CN Cầu Giấy,28322265
GD202606013388,2026-06-05 22:07:57,KH000138,Quầy giao dịch,Nhận lương,8055246,0,Thành công,CN Thanh Xuân,17369051
GD202606017483,2026-06-05 22:17:52,KH000184,Quầy giao dịch,Thanh toán hóa đơn,10882000,3300,Thành công,CN Cần Thơ,41875772
GD202606010065,2026-06-05 22:22:42,KH000104,Mobile Banking,Thanh toán thẻ,918000,0,Thành công,CN TP Hồ Chí Minh,9143633
GD202606009103,2026-06-05 22:23:11,KH000094,POS,Thanh toán thẻ,2042000,3300,Thành công,CN Bình Dương,74512221
GD202606016286,2026-06-05 22:32:40,KH000176,Mobile Banking,Thanh toán thẻ,434000,0,Thành công,CN Bình Dương,37407480
GD202606003971,2026-06-05 22:40:25,KH000039,Quầy giao dịch,Nhận lương,8025975,0,Thành công,CN Cần Thơ,58435096
GD202606003639,2026-06-05 22:41:09,KH000034,Quầy giao dịch,Nhận lương,8322402,0,Thành công,CN Hoàn Kiếm,64655028
GD202606001346,2026-06-05 22:44:34,KH000015,QR Code,Nộp tiền mặt,6977000,0,Thành công,CN TP Hồ Chí Minh,107352786
GD202606006394,2026-06-05 22:45:23,KH000065,Quầy giao dịch,Nhận lương,71033377,0,Thành công,CN Hoàn Kiếm,79897797
GD202606013721,2026-06-05 22:57:16,KH000143,Quầy giao dịch,Nhận lương,8995181,0,Thành công,CN TP Hồ Chí Minh,57958743
GD202606014790,2026-06-06 06:04:18,KH000157,Quầy giao dịch,Chuyển khoản đến,361000,5500,Thành công,CN Cần Thơ,5626923
GD202606002449,2026-06-06 06:04:47,KH000023,Quầy giao dịch,Nhận lương,20287835,0,Thành công,CN Bình Dương,36305436
GD202606001506,2026-06-06 06:32:34,KH000016,Internet Banking,Chuyển khoản đi,166000,0,Thành công,CN Cần Thơ,253107
GD202606009363,2026-06-06 06:37:33,KH000096,POS,Thanh toán thẻ,267000,1100,Thành công,CN Cầu Giấy,3698400
GD202606000904,2026-06-06 07:13:25,KH000012,Internet Banking,Nạp tiền điện thoại,2627000,0,Thành công,CN Quận 1,72060451
GD202606017485,2026-06-06 07:16:55,KH000184,Quầy giao dịch,Nhận lương,39337958,0,Thành công,CN Cần Thơ,90662730
GD202606011374,2026-06-06 07:36:16,KH000119,Quầy giao dịch,Nhận lương,7949386,0,Thành công,CN Hoàn Kiếm,44513431
GD202606008473,2026-06-06 07:45:55,KH000086,Quầy giao dịch,Nhận lương,42135890,0,Thành công,CN Thanh Xuân,173991451
GD202606008474,2026-06-06 07:51:56,KH000086,QR Code,Chuyển khoản đến,38245000,0,Thành công,CN Hoàn Kiếm,212236451
GD202606008279,2026-06-06 07:59:29,KH000084,POS,Thanh toán thẻ,2020000,5500,Thành công,CN Thanh Xuân,14956042
GD202606011809,2026-06-06 08:28:22,KH000125,ATM,Chuyển khoản đi,146000,0,Thành công,CN Bình Dương,262236
GD202606010997,2026-06-06 08:35:38,KH000116,Mobile Banking,Thanh toán thẻ,24621000,0,Thành công,CN Hải Phòng,125732685
GD202606006872,2026-06-06 09:17:45,KH000072,Quầy giao dịch,Nhận lương,11036142,0,Thành công,CN Cầu Giấy,62539814
GD202606003073,2026-06-06 09:23:32,KH000028,Mobile Banking,Thanh toán thẻ,1646000,0,Thành công,CN Cầu Giấy,41491463
GD202606017290,2026-06-06 09:29:29,KH000183,POS,Thanh toán thẻ,2238000,1100,Thành công,CN Đà Nẵng,8002624
GD202606010996,2026-06-06 10:04:36,KH000116,Mobile Banking,Chuyển khoản đến,37592000,0,Thành công,CN Cầu Giấy,150353685
GD202606008280,2026-06-06 10:16:06,KH000084,QR Code,Nạp tiền điện thoại,2744000,0,Thành công,CN Hoàn Kiếm,12212042
GD202606005422,2026-06-06 10:25:24,KH000057,POS,Thanh toán thẻ,320000,3300,Thành công,CN Hải Phòng,12516074
GD202606007350,2026-06-06 10:26:25,KH000077,Quầy giao dịch,Nhận lương,8946838,0,Thành công,CN TP Hồ Chí Minh,10648980
GD202606003821,2026-06-06 10:34:28,KH000037,POS,Thanh toán thẻ,1778000,1100,Thành công,CN Thanh Xuân,101222658
GD202606004322,2026-06-06 10:46:18,KH000044,Quầy giao dịch,Rút tiền mặt,934000,0,Thành công,CN Hải Phòng,11505062
GD202606004680,2026-06-06 10:52:45,KH000050,QR Code,Rút tiền mặt,2319000,0,Thành công,CN Thanh Xuân,10170477
GD202606005865,2026-06-06 10:57:16,KH000061,Quầy giao dịch,Nhận lương,8154481,0,Thành công,CN Cầu Giấy,33633245
GD202606011810,2026-06-06 10:58:01,KH000125,Mobile Banking,Chuyển khoản đi,127000,0,Thành công,CN Quận 1,135236
GD202606002163,2026-06-06 11:00:49,KH000020,QR Code,Nộp tiền mặt,738000,0,Thành công,CN TP Hồ Chí Minh,8570564
GD202606002923,2026-06-06 11:02:27,KH000027,Quầy giao dịch,Nhận lương,16216934,0,Thành công,CN Thanh Xuân,27673391
GD202606004681,2026-06-06 11:04:11,KH000050,Mobile Banking,Nộp tiền mặt,2749000,0,Thành công,CN Cầu Giấy,12919477
GD202606013614,2026-06-06 11:08:57,KH000142,Mobile Banking,Thanh toán thẻ,13684000,0,Thành công,CN Đà Nẵng,42285909
GD202606016469,2026-06-06 11:26:22,KH000177,Quầy giao dịch,Thanh toán hóa đơn,413000,5500,Thành công,CN Hải Phòng,27526799
GD202606014995,2026-06-06 11:27:20,KH000160,Quầy giao dịch,Nhận lương,11488698,0,Thành công,CN Quận 1,72185194
GD202606015336,2026-06-06 11:33:04,KH000164,QR Code,Thanh toán thẻ,193000,0,Thành công,CN Đà Nẵng,10579098
GD202606008120,2026-06-06 11:33:18,KH000083,Quầy giao dịch,Nhận lương,8998496,0,Thành công,CN Cần Thơ,56048046
GD202606008788,2026-06-06 11:33:45,KH000091,Quầy giao dịch,Nhận lương,42745444,0,Thành công,CN Bình Dương,176781808
GD202606017289,2026-06-06 11:34:39,KH000183,Mobile Banking,Chuyển khoản đến,280000,0,Thành công,CN Cần Thơ,10241724
GD202606012468,2026-06-06 11:43:53,KH000130,Internet Banking,Nộp tiền mặt,2986000,0,Thành công,CN Cầu Giấy,44285130
GD202606015926,2026-06-06 11:47:03,KH000172,Quầy giao dịch,Nộp tiền mặt,1625000,3300,Thành công,CN TP Hồ Chí Minh,6631155
GD202606013080,2026-06-06 12:01:14,KH000134,Quầy giao dịch,Nộp tiền mặt,2636000,3300,Thành công,CN Thanh Xuân,13465662
GD202606005867,2026-06-06 12:12:15,KH000061,Internet Banking,Thanh toán hóa đơn,150000,0,Thất bại,CN Hải Phòng,31813145
GD202606016287,2026-06-06 12:46:21,KH000176,QR Code,Nộp tiền mặt,1091000,0,Thành công,CN Quận 1,38498480
GD202606009534,2026-06-06 12:53:11,KH000097,Mobile Banking,Thanh toán thẻ,2026000,0,Thành công,CN Cần Thơ,19095049
GD202606018437,2026-06-06 13:15:10,KH000195,Quầy giao dịch,Thanh toán hóa đơn,134000,3300,Thành công,CN Cầu Giấy,332917
GD202606007898,2026-06-06 13:38:48,KH000081,Quầy giao dịch,Chuyển khoản đến,4159000,3300,Thành công,CN Thanh Xuân,98283065
GD202606001648,2026-06-06 13:42:56,KH000017,Quầy giao dịch,Nhận lương,16388112,0,Thành công,CN Cần Thơ,30744654
GD202606000808,2026-06-06 13:51:37,KH000011,Quầy giao dịch,Nhận lương,11873884,0,Thành công,CN TP Hồ Chí Minh,94774266
GD202606007995,2026-06-06 13:58:03,KH000082,Quầy giao dịch,Nhận lương,10493336,0,Thành công,CN Hoàn Kiếm,39476516
GD202606009652,2026-06-06 14:31:21,KH000098,Quầy giao dịch,Nhận lương,8409662,0,Thành công,CN Thanh Xuân,20881187
GD202606016990,2026-06-06 14:49:55,KH000182,Mobile Banking,Chuyển khoản đến,1954000,0,Thành công,CN Cầu Giấy,9953889
GD202606014640,2026-06-06 15:00:59,KH000154,Internet Banking,Thanh toán thẻ,1155000,0,Thành công,CN TP Hồ Chí Minh,22197094
GD202606002162,2026-06-06 15:28:54,KH000020,Mobile Banking,Thanh toán thẻ,1535000,0,Thành công,CN Hoàn Kiếm,7832564
GD202606013750,2026-06-06 15:58:42,KH000144,Quầy giao dịch,Nhận lương,10793364,0,Thành công,CN Cầu Giấy,14692881
GD202606012662,2026-06-06 16:14:59,KH000131,QR Code,Rút tiền mặt,181000,0,Thành công,CN Bình Dương,243880
GD202606011979,2026-06-06 16:25:07,KH000126,Quầy giao dịch,Chuyển khoản đến,160000,0,Thành công,CN Quận 1,1010099
GD202606005866,2026-06-06 17:09:00,KH000061,ATM,Rút tiền mặt,1819000,1100,Thành công,CN Hải Phòng,31813145
GD202606004586,2026-06-06 17:37:57,KH000048,QR Code,Nộp tiền mặt,425000,0,Thành công,CN Cần Thơ,11997615
GD202606007351,2026-06-06 17:40:30,KH000077,Mobile Banking,Nạp tiền điện thoại,3715000,0,Thành công,CN Quận 1,6933980
GD202606009535,2026-06-06 18:58:49,KH000097,Internet Banking,Chuyển khoản đi,2219000,0,Thành công,CN Bình Dương,16876049
GD202606004414,2026-06-06 19:02:39,KH000045,Internet Banking,Rút tiền mặt,268000,0,Thành công,CN Đà Nẵng,42229724
GD202606006395,2026-06-06 19:11:27,KH000065,POS,Thanh toán thẻ,276000,5500,Thành công,CN Đà Nẵng,79616297
GD202606008278,2026-06-06 19:28:54,KH000084,Mobile Banking,Nộp tiền mặt,2303000,0,Thành công,CN TP Hồ Chí Minh,16981542
GD202606003973,2026-06-06 19:35:04,KH000039,QR Code,Thanh toán thẻ,1912000,0,Thành công,CN Hải Phòng,58233096
GD202606017997,2026-06-06 20:03:56,KH000190,QR Code,Nạp tiền điện thoại,72356000,0,Thành công,CN Bình Dương,761725141
GD202606010934,2026-06-06 20:06:32,KH000115,Quầy giao dịch,Nhận lương,11425798,0,Thành công,CN Quận 1,37287045
GD202606014788,2026-06-06 20:16:18,KH000157,Internet Banking,Rút tiền mặt,2118000,0,Thành công,CN Quận 1,4027923
GD202606001718,2026-06-06 20:36:59,KH000018,QR Code,Thanh toán thẻ,115000,0,Thành công,CN TP Hồ Chí Minh,54233043
GD202606009361,2026-06-06 20:40:54,KH000096,Internet Banking,Thanh toán thẻ,467000,0,Thành công,CN Cầu Giấy,5186800
GD202606009738,2026-06-06 21:03:42,KH000099,Mobile Banking,Nộp tiền mặt,185000,0,Thành công,CN Bình Dương,36428034
GD202606008867,2026-06-06 21:07:01,KH000092,Internet Banking,Chuyển khoản đến,464000,0,Thành công,CN Đà Nẵng,2031139
GD202606007532,2026-06-06 21:19:48,KH000078,POS,Thanh toán hóa đơn,33746000,1100,Thành công,CN Quận 1,146540468
GD202606014789,2026-06-06 21:30:19,KH000157,Internet Banking,Nộp tiền mặt,1238000,0,Thành công,CN Cầu Giấy,5265923
GD202606018260,2026-06-06 21:35:15,KH000192,Quầy giao dịch,Nhận lương,21229545,0,Thành công,CN Cần Thơ,163282497
GD202606015276,2026-06-06 21:42:51,KH000163,Quầy giao dịch,Chuyển khoản đến,15285000,1100,Thất bại,CN Bình Dương,47353697
GD202606009362,2026-06-06 22:26:59,KH000096,Quầy giao dịch,Nạp tiền điện thoại,1217000,3300,Thành công,CN Cầu Giấy,3966500
GD202606016655,2026-06-06 22:31:21,KH000180,POS,Thanh toán thẻ,796000,0,Thành công,CN Cầu Giấy,45098009
GD202606018322,2026-06-06 22:34:11,KH000194,Quầy giao dịch,Nạp tiền điện thoại,951000,3300,Thành công,CN Cầu Giấy,7041109
GD202606001649,2026-06-06 22:44:10,KH000017,POS,Nạp tiền điện thoại,230000,1100,Thành công,CN Hoàn Kiếm,30513554
GD202606012920,2026-06-06 22:49:52,KH000132,Quầy giao dịch,Nhận lương,21821125,0,Thành công,CN Quận 1,24016919
GD202606015277,2026-06-07 06:00:02,KH000163,Quầy giao dịch,Nhận lương,40593206,0,Thành công,CN Hoàn Kiếm,87946904
GD202606001897,2026-06-07 06:01:12,KH000019,Mobile Banking,Chuyển khoản đi,3125000,0,Thành công,CN TP Hồ Chí Minh,30590953
GD202606005178,2026-06-07 06:18:01,KH000054,Quầy giao dịch,Nhận lương,9571812,0,Thành công,CN TP Hồ Chí Minh,12670594
GD202606015927,2026-06-07 06:18:51,KH000172,Mobile Banking,Nộp tiền mặt,1772000,0,Thành công,CN Bình Dương,8403155
GD202606016991,2026-06-07 07:00:47,KH000182,Mobile Banking,Nộp tiền mặt,2918000,0,Thành công,CN Quận 1,12871889
GD202606018577,2026-06-07 07:00:52,KH000196,Quầy giao dịch,Nhận lương,8740463,0,Thành công,CN Quận 1,60707460
GD202606017726,2026-06-07 07:03:41,KH000187,POS,Thanh toán thẻ,1083000,3300,Thành công,CN Đà Nẵng,2347211
GD202606012100,2026-06-07 07:05:35,KH000127,QR Code,Thanh toán thẻ,1724000,0,Thành công,CN Quận 1,16639914
GD202606017837,2026-06-07 07:34:32,KH000188,ATM,Rút tiền mặt,41583000,3300,Thành công,CN Cần Thơ,104011734
GD202606007996,2026-06-07 07:38:16,KH000082,Internet Banking,Thanh toán hóa đơn,3824000,0,Thành công,CN Đà Nẵng,35652516
GD202606017727,2026-06-07 07:42:10,KH000187,Mobile Banking,Thanh toán thẻ,664000,0,Thành công,CN Bình Dương,1683211
GD202606006671,2026-06-07 07:53:31,KH000068,Quầy giao dịch,Thanh toán hóa đơn,6791000,5500,Thành công,CN Hoàn Kiếm,60848989
GD202606014747,2026-06-07 08:00:09,KH000156,Quầy giao dịch,Chuyển khoản đến,7323000,5500,Thành công,CN Cần Thơ,35500552
GD202606016575,2026-06-07 08:02:25,KH000179,Quầy giao dịch,Nhận lương,29781620,0,Thành công,CN Hoàn Kiếm,206470762
GD202606005868,2026-06-07 08:04:19,KH000061,Internet Banking,Thanh toán thẻ,631000,0,Thành công,CN Cầu Giấy,31182145
GD202606002450,2026-06-07 08:04:28,KH000023,Internet Banking,Nạp tiền điện thoại,5376000,0,Thành công,CN Thanh Xuân,30929436
GD202606004587,2026-06-07 08:07:09,KH000048,Internet Banking,Nộp tiền mặt,321000,0,Thành công,CN Bình Dương,12318615
GD202606004908,2026-06-07 08:20:52,KH000052,Internet Banking,Chuyển khoản đến,180000,0,Thành công,CN Thanh Xuân,436506
GD202606007352,2026-06-07 08:21:36,KH000077,Quầy giao dịch,Thanh toán hóa đơn,2108000,5500,Thành công,CN TP Hồ Chí Minh,4820480
GD202606014641,2026-06-07 08:25:23,KH000154,Quầy giao dịch,Rút tiền mặt,1508000,0,Thành công,CN Đà Nẵng,20689094
GD202606009276,2026-06-07 08:39:06,KH000095,Quầy giao dịch,Nhận lương,14654260,0,Thành công,CN Hải Phòng,38537990
GD202606015143,2026-06-07 08:43:00,KH000162,Internet Banking,Rút tiền mặt,173000,0,Thành công,CN Đà Nẵng,283803
GD202606014709,2026-06-07 08:44:42,KH000155,Quầy giao dịch,Nhận lương,56941119,0,Thành công,CN Đà Nẵng,232883416
GD202606010713,2026-06-07 08:52:41,KH000113,POS,Thanh toán thẻ,1453000,3300,Thành công,CN Hoàn Kiếm,47651933
GD202606014460,2026-06-07 09:12:06,KH000153,POS,Thanh toán thẻ,81000,1100,Thành công,CN Cần Thơ,116541
GD202606000171,2026-06-07 09:29:29,KH000005,POS,Thanh toán thẻ,689000,0,Thành công,CN Bình Dương,12659230
GD202606004205,2026-06-07 09:55:49,KH000042,Quầy giao dịch,Nhận lương,11272481,0,Thành công,CN Bình Dương,38810015
GD202606017906,2026-06-07 09:59:28,KH000189,Quầy giao dịch,Thanh toán hóa đơn,15228000,3300,Thành công,CN Quận 1,58255446
GD202606012294,2026-06-07 10:17:31,KH000128,Mobile Banking,Chuyển khoản đi,240000,0,Thành công,CN Quận 1,50780352
GD202606003889,2026-06-07 10:36:07,KH000038,Quầy giao dịch,Nhận lương,11456300,0,Thành công,CN Cần Thơ,77862551
GD202606003549,2026-06-07 10:41:00,KH000033,Quầy giao dịch,Nhận lương,10525106,0,Thành công,CN Đà Nẵng,64380126
GD202606001347,2026-06-07 10:57:44,KH000015,Quầy giao dịch,Nộp tiền mặt,6461000,5500,Thành công,CN Hoàn Kiếm,113813786
GD202606004415,2026-06-07 11:21:01,KH000045,Internet Banking,Nộp tiền mặt,784000,0,Thành công,CN Bình Dương,43013724
GD202606007353,2026-06-07 11:21:39,KH000077,Internet Banking,Chuyển khoản đi,1048000,0,Thành công,CN Cầu Giấy,3772480
GD202606010202,2026-06-07 12:02:36,KH000105,Quầy giao dịch,Nhận lương,59111783,0,Thành công,CN Quận 1,316639684
GD202606003321,2026-06-07 12:03:40,KH000031,Internet Banking,Thanh toán hóa đơn,124000,0,Thành công,CN Quận 1,192303
GD202606018630,2026-06-07 12:21:48,KH000197,Mobile Banking,Chuyển khoản đến,4349000,0,Thành công,CN Bình Dương,52610559
GD202606010486,2026-06-07 12:25:10,KH000110,Quầy giao dịch,Nạp tiền điện thoại,1812000,0,Thành công,CN Đà Nẵng,49237362
GD202606004907,2026-06-07 12:35:17,KH000052,QR Code,Thanh toán thẻ,184000,0,Thành công,CN Đà Nẵng,256506
GD202606002683,2026-06-07 13:06:40,KH000025,Mobile Banking,Thanh toán thẻ,182000,0,Thành công,CN Hải Phòng,279931
GD202606015144,2026-06-07 13:44:28,KH000162,Mobile Banking,Thanh toán hóa đơn,171000,0,Thành công,CN Quận 1,112803
GD202606002924,2026-06-07 13:49:28,KH000027,POS,Thanh toán hóa đơn,2614000,1100,Thành công,CN TP Hồ Chí Minh,25058291
GD202606009934,2026-06-07 13:51:26,KH000103,POS,Nạp tiền điện thoại,796000,0,Thành công,CN Thanh Xuân,10514719
GD202606003550,2026-06-07 14:33:24,KH000033,Internet Banking,Thanh toán thẻ,2144000,0,Thành công,CN Cầu Giấy,62236126
GD202606015581,2026-06-07 14:35:07,KH000169,Internet Banking,Thanh toán thẻ,768000,0,Thành công,CN Hoàn Kiếm,20273800
GD202606018124,2026-06-07 14:36:03,KH000191,POS,Thanh toán thẻ,216000,3300,Thành công,CN TP Hồ Chí Minh,1487902
GD202606008868,2026-06-07 14:40:20,KH000092,Mobile Banking,Thanh toán hóa đơn,67000,0,Thành công,CN Hải Phòng,1964139
GD202606005114,2026-06-07 14:47:44,KH000053,Internet Banking,Chuyển khoản đi,5844000,0,Thành công,CN Cần Thơ,134211674
GD202606009364,2026-06-07 15:16:46,KH000096,Quầy giao dịch,Nhận lương,29909498,0,Thành công,CN Cầu Giấy,33607898
GD202606011638,2026-06-07 15:26:25,KH000123,Quầy giao dịch,Nhận lương,74990717,0,Thành công,CN Bình Dương,622844763
GD202606013183,2026-06-07 15:54:00,KH000136,Internet Banking,Thanh toán hóa đơn,22486000,0,Thành công,CN Đà Nẵng,49251264
GD202606012099,2026-06-07 16:13:25,KH000127,Quầy giao dịch,Nhận lương,15241725,0,Thành công,CN Bình Dương,18363914
GD202606011375,2026-06-07 16:17:17,KH000119,Mobile Banking,Nộp tiền mặt,149000,0,Thành công,CN Cần Thơ,44662431
GD202606016657,2026-06-07 16:57:45,KH000180,POS,Thanh toán thẻ,1855000,0,Thành công,CN Hoàn Kiếm,55073162
GD202606005113,2026-06-07 17:02:31,KH000053,Internet Banking,Chuyển khoản đến,14547000,0,Thành công,CN Bình Dương,140055674
GD202606001163,2026-06-07 17:19:08,KH000014,Mobile Banking,Chuyển khoản đến,2150000,0,Thành công,CN Hoàn Kiếm,9114762
GD202606003202,2026-06-07 18:02:14,KH000029,Quầy giao dịch,Nhận lương,11342925,0,Thành công,CN Cần Thơ,19145901
GD202606000027,2026-06-07 18:05:11,KH000001,Quầy giao dịch,Nhận lương,27457036,0,Thành công,CN Hải Phòng,110156767
GD202606018123,2026-06-07 18:05:50,KH000191,POS,Thanh toán thẻ,408000,1100,Thành công,CN Hoàn Kiếm,1707202
GD202606004206,2026-06-07 18:18:50,KH000042,Internet Banking,Nạp tiền điện thoại,860000,0,Thành công,CN Hoàn Kiếm,37950015
GD202606013863,2026-06-07 18:32:51,KH000145,Quầy giao dịch,Nhận lương,11752264,0,Thành công,CN TP Hồ Chí Minh,69494653
GD202606005869,2026-06-07 19:09:12,KH000061,Mobile Banking,Thanh toán thẻ,1758000,0,Thành công,CN Thanh Xuân,29424145
GD202606013518,2026-06-07 19:38:07,KH000141,POS,Thanh toán thẻ,1035000,5500,Thành công,CN Cầu Giấy,21402007
GD202606010585,2026-06-07 19:41:49,KH000111,Quầy giao dịch,Nhận lương,44280882,0,Thành công,CN Hải Phòng,160974707
GD202606001896,2026-06-07 19:54:47,KH000019,Mobile Banking,Nộp tiền mặt,3329000,0,Thành công,CN Cần Thơ,33715953
GD202606017486,2026-06-07 20:04:38,KH000184,Quầy giao dịch,Thanh toán hóa đơn,31262000,5500,Thành công,CN Quận 1,59395230
GD202606001164,2026-06-07 20:04:52,KH000014,Internet Banking,Thanh toán thẻ,2592000,0,Thành công,CN Thanh Xuân,6522762
GD202606011376,2026-06-07 20:36:33,KH000119,POS,Thanh toán thẻ,83000,3300,Thành công,CN Đà Nẵng,44576131
GD202606016656,2026-06-07 20:36:43,KH000180,Quầy giao dịch,Nhận lương,11830154,0,Thành công,CN TP Hồ Chí Minh,56928162
GD202606004531,2026-06-07 20:55:54,KH000046,Quầy giao dịch,Nhận lương,41998555,0,Thành công,CN Quận 1,109902176
GD202606015278,2026-06-07 21:30:45,KH000163,POS,Thanh toán thẻ,25512000,3300,Thành công,CN Bình Dương,62431604
GD202606017291,2026-06-07 21:33:29,KH000183,ATM,Chuyển khoản đến,1083000,0,Thành công,CN Đà Nẵng,9085624
GD202606006739,2026-06-07 22:40:56,KH000070,Mobile Banking,Nạp tiền điện thoại,2065000,0,Thành công,CN Cầu Giấy,85830760
GD202606003640,2026-06-07 22:43:05,KH000034,POS,Thanh toán thẻ,93000,5500,Thành công,CN Bình Dương,64556528
GD202606013751,2026-06-07 22:52:11,KH000144,Mobile Banking,Nộp tiền mặt,1240000,0,Thành công,CN TP Hồ Chí Minh,15932881
GD202606013182,2026-06-07 22:58:32,KH000136,Quầy giao dịch,Nhận lương,39088571,0,Thành công,CN Hải Phòng,71737264
GD202606014884,2026-06-08 06:11:13,KH000158,Quầy giao dịch,Nhận lương,13497070,0,Thành công,CN Cầu Giấy,90776722
GD202606005423,2026-06-08 06:14:38,KH000057,Mobile Banking,Thanh toán thẻ,3912000,0,Thành công,CN Hải Phòng,8604074
GD202606008691,2026-06-08 06:29:43,KH000088,Quầy giao dịch,Thanh toán hóa đơn,3518000,1100,Thành công,CN Quận 1,13046908
GD202606000254,2026-06-08 06:37:22,KH000006,ATM,Thanh toán hóa đơn,3232000,0,Thành công,CN TP Hồ Chí Minh,16440566
GD202606017294,2026-06-08 06:45:06,KH000183,QR Code,Chuyển khoản đến,5676000,0,Thành công,CN Bình Dương,96715549
GD202606010236,2026-06-08 06:49:50,KH000106,Internet Banking,Chuyển khoản đi,1315000,0,Thành công,CN Đà Nẵng,25658330
GD202606014284,2026-06-08 07:30:25,KH000152,Internet Banking,Nộp tiền mặt,763000,0,Thành công,CN TP Hồ Chí Minh,97268391
GD202606009277,2026-06-08 07:32:45,KH000095,ATM,Chuyển khoản đến,5201000,5500,Thành công,CN Đà Nẵng,43738990
GD202606013978,2026-06-08 07:48:02,KH000147,POS,Chuyển khoản đi,2673000,5500,Thành công,CN Quận 1,134527650
GD202606001166,2026-06-08 08:04:40,KH000014,QR Code,Rút tiền mặt,5347000,0,Thành công,CN Hải Phòng,66696431
GD202606010586,2026-06-08 08:07:00,KH000111,POS,Thanh toán thẻ,56282000,0,Thành công,CN Hoàn Kiếm,104692707
GD202606013977,2026-06-08 08:15:19,KH000147,Quầy giao dịch,Nhận lương,10744175,0,Thành công,CN Hoàn Kiếm,137206150
GD202606004909,2026-06-08 08:51:15,KH000052,QR Code,Thanh toán hóa đơn,113000,0,Thành công,CN Đà Nẵng,323506
GD202606012921,2026-06-08 09:01:05,KH000132,Mobile Banking,Nộp tiền mặt,1816000,0,Thành công,CN TP Hồ Chí Minh,25832919
GD202606007674,2026-06-08 09:07:23,KH000079,Quầy giao dịch,Nhận lương,31671897,0,Thành công,CN Cầu Giấy,39109677
GD202606007675,2026-06-08 09:09:40,KH000079,Mobile Banking,Thanh toán thẻ,8455000,0,Thành công,CN TP Hồ Chí Minh,30654677
GD202606009104,2026-06-08 09:09:50,KH000094,QR Code,Thanh toán hóa đơn,179000,0,Thành công,CN Đà Nẵng,74333221
GD202606005223,2026-06-08 09:10:51,KH000055,Quầy giao dịch,Chuyển khoản đến,219000,0,Thành công,CN Cầu Giấy,9398487
GD202606017292,2026-06-08 09:14:14,KH000183,Quầy giao dịch,Nhận lương,82185226,0,Thành công,CN Hải Phòng,91270849
GD202606017907,2026-06-08 09:17:06,KH000189,Quầy giao dịch,Nhận lương,101304233,0,Thành công,CN Quận 1,159559679
GD202606010714,2026-06-08 09:27:05,KH000113,Quầy giao dịch,Nhận lương,8239012,0,Thành công,CN Cầu Giấy,55890945
GD202606004752,2026-06-08 09:28:16,KH000051,Quầy giao dịch,Thanh toán hóa đơn,2653000,5500,Thành công,CN Hải Phòng,6557256
GD202606013864,2026-06-08 10:06:19,KH000145,Internet Banking,Rút tiền mặt,242000,0,Thành công,CN TP Hồ Chí Minh,69252653
GD202606015668,2026-06-08 10:36:57,KH000170,QR Code,Thanh toán thẻ,430000,0,Thành công,CN Cần Thơ,1693053
GD202606002165,2026-06-08 10:44:39,KH000020,QR Code,Thanh toán thẻ,2247000,0,Thành công,CN Hoàn Kiếm,6262264
GD202606008789,2026-06-08 10:49:07,KH000091,Quầy giao dịch,Chuyển khoản đi,37500000,3300,Thành công,CN Cần Thơ,139278508
GD202606012663,2026-06-08 10:50:45,KH000131,Internet Banking,Rút tiền mặt,140000,0,Thành công,CN Hải Phòng,103880
GD202606012922,2026-06-08 11:21:35,KH000132,Internet Banking,Thanh toán thẻ,8108000,0,Thành công,CN Hoàn Kiếm,17724919
GD202606000253,2026-06-08 11:26:42,KH000006,POS,Thanh toán thẻ,9187000,3300,Thành công,CN Cần Thơ,19672566
GD202606006397,2026-06-08 11:32:12,KH000065,Mobile Banking,Chuyển khoản đến,18202000,0,Thành công,CN Hải Phòng,92689297
GD202606014131,2026-06-08 11:34:36,KH000149,Quầy giao dịch,Nhận lương,8733708,0,Thành công,CN Hải Phòng,39442910
GD202606015279,2026-06-08 11:36:00,KH000163,POS,Thanh toán thẻ,7306000,5500,Thành công,CN Bình Dương,55120104
GD202606004416,2026-06-08 11:45:51,KH000045,Quầy giao dịch,Nhận lương,10745455,0,Thành công,CN Cầu Giấy,53759179
GD202606008575,2026-06-08 11:52:15,KH000087,QR Code,Nạp tiền điện thoại,163000,0,Thành công,CN Cầu Giấy,252526
GD202606003074,2026-06-08 11:57:27,KH000028,Internet Banking,Thanh toán thẻ,2090000,0,Thành công,CN Hoàn Kiếm,39401463
GD202606009832,2026-06-08 12:02:14,KH000100,Mobile Banking,Thanh toán thẻ,28189000,0,Thành công,CN Hoàn Kiếm,58111808
GD202606007533,2026-06-08 12:34:39,KH000078,POS,Thanh toán thẻ,12797000,1100,Thành công,CN Bình Dương,133742368
GD202606005610,2026-06-08 13:08:45,KH000059,Quầy giao dịch,Nhận lương,81480384,0,Thành công,CN TP Hồ Chí Minh,111902784
GD202606015582,2026-06-08 13:09:35,KH000169,QR Code,Thanh toán hóa đơn,3442000,0,Thành công,CN Bình Dương,16831800
GD202606000645,2026-06-08 13:11:20,KH000010,Mobile Banking,Thanh toán thẻ,419000,0,Thành công,CN Thanh Xuân,1650790
GD202606017838,2026-06-08 13:40:06,KH000188,QR Code,Rút tiền mặt,18811000,0,Thành công,CN Cầu Giấy,85200734
GD202606004682,2026-06-08 13:42:35,KH000050,Quầy giao dịch,Nhận lương,10371898,0,Thành công,CN Bình Dương,23291375
GD202606007874,2026-06-08 13:48:35,KH000080,Quầy giao dịch,Nhận lương,11657291,0,Thành công,CN Quận 1,93065049
GD202606003641,2026-06-08 13:59:24,KH000034,Internet Banking,Thanh toán thẻ,895000,0,Thành công,CN Quận 1,63661528
GD202606006740,2026-06-08 14:30:07,KH000070,Quầy giao dịch,Nhận lương,9507508,0,Thành công,CN Hoàn Kiếm,95338268
GD202606001165,2026-06-08 14:44:27,KH000014,Quầy giao dịch,Nhận lương,65520669,0,Thành công,CN Đà Nẵng,72043431
GD202606013519,2026-06-08 14:49:41,KH000141,POS,Thanh toán thẻ,5939000,5500,Thành công,CN Cần Thơ,15457507
GD202606018438,2026-06-08 14:50:19,KH000195,POS,Thanh toán thẻ,158000,3300,Thành công,CN Cầu Giấy,171617
GD202606007019,2026-06-08 14:54:28,KH000074,Mobile Banking,Nạp tiền điện thoại,1447000,0,Thành công,CN Cần Thơ,31277060
GD202606018125,2026-06-08 14:56:57,KH000191,POS,Thanh toán thẻ,459000,0,Thành công,CN Hoàn Kiếm,1028902
GD202606015928,2026-06-08 15:23:14,KH000172,POS,Thanh toán thẻ,488000,1100,Thành công,CN Cần Thơ,7914055
GD202606015145,2026-06-08 15:31:40,KH000162,Internet Banking,Nộp tiền mặt,196000,0,Thành công,CN Cầu Giấy,308803
GD202606003974,2026-06-08 15:35:43,KH000039,Mobile Banking,Chuyển khoản đến,3589000,0,Thành công,CN Hải Phòng,61822096
GD202606005870,2026-06-08 15:39:04,KH000061,POS,Thanh toán hóa đơn,1249000,1100,Thành công,CN TP Hồ Chí Minh,28174045
GD202606011202,2026-06-08 15:47:22,KH000118,POS,Nộp tiền mặt,837000,1100,Thành công,CN Bình Dương,5548126
GD202606002868,2026-06-08 15:56:20,KH000026,ATM,Chuyển khoản đến,143000,5500,Thành công,CN Bình Dương,573222
GD202606013752,2026-06-08 16:12:02,KH000144,Quầy giao dịch,Nộp tiền mặt,640000,1100,Thành công,CN TP Hồ Chí Minh,16572881
GD202606010290,2026-06-08 16:20:13,KH000107,Quầy giao dịch,Nhận lương,9760824,0,Thành công,CN Hoàn Kiếm,62305944
GD202606005179,2026-06-08 16:36:29,KH000054,Mobile Banking,Nạp tiền điện thoại,1588000,0,Thành công,CN Cầu Giấy,11082594
GD202606009913,2026-06-08 16:54:41,KH000102,Quầy giao dịch,Nhận lương,10398657,0,Thành công,CN Bình Dương,199907734
GD202606017295,2026-06-08 17:05:20,KH000183,Mobile Banking,Thanh toán thẻ,9443000,0,Thành công,CN TP Hồ Chí Minh,87272549
GD202606014159,2026-06-08 17:05:57,KH000150,POS,Thanh toán thẻ,688000,1100,Thành công,CN Quận 1,18574457
GD202606009536,2026-06-08 17:19:37,KH000097,QR Code,Thanh toán hóa đơn,1713000,0,Thành công,CN Hoàn Kiếm,15163049
GD202606016791,2026-06-08 17:27:26,KH000181,ATM,Rút tiền mặt,126000,3300,Thành công,CN Thanh Xuân,227220
GD202606016470,2026-06-08 17:36:44,KH000177,Quầy giao dịch,Nhận lương,35879795,0,Thành công,CN TP Hồ Chí Minh,63406593
GD202606016471,2026-06-08 17:50:09,KH000177,Mobile Banking,Thanh toán thẻ,16579000,0,Thành công,CN Hoàn Kiếm,46827593
GD202606017293,2026-06-08 17:53:25,KH000183,POS,Thanh toán thẻ,228000,3300,Thành công,CN Bình Dương,91039549
GD202606006172,2026-06-08 17:53:32,KH000063,Mobile Banking,Thanh toán thẻ,825000,0,Thất bại,CN Đà Nẵng,52581831
GD202606003433,2026-06-08 17:54:21,KH000032,Mobile Banking,Nạp tiền điện thoại,89000,0,Thành công,CN Đà Nẵng,57444640
GD202606000646,2026-06-08 18:04:49,KH000010,POS,Thanh toán thẻ,370000,1100,Thành công,CN Hoàn Kiếm,1279690
GD202606003890,2026-06-08 18:11:29,KH000038,POS,Thanh toán thẻ,980000,0,Thành công,CN Cầu Giấy,76882551
GD202606002451,2026-06-08 18:14:44,KH000023,POS,Thanh toán thẻ,2879000,1100,Thành công,CN Hải Phòng,28049336
GD202606000905,2026-06-08 18:26:06,KH000012,Quầy giao dịch,Nhận lương,10799150,0,Thành công,CN Quận 1,82859601
GD202606007899,2026-06-08 18:33:10,KH000081,Internet Banking,Thanh toán thẻ,13735000,0,Thành công,CN Quận 1,84548065
GD202606008706,2026-06-08 18:56:35,KH000089,Quầy giao dịch,Nhận lương,19148212,0,Thành công,CN Cầu Giấy,110560340
GD202606017728,2026-06-08 19:00:28,KH000187,Quầy giao dịch,Nhận lương,15390671,0,Thành công,CN Hải Phòng,17073882
GD202606003075,2026-06-08 19:09:30,KH000028,POS,Thanh toán thẻ,2146000,5500,Thành công,CN Cần Thơ,37249963
GD202606002164,2026-06-08 19:27:40,KH000020,POS,Thanh toán thẻ,58000,3300,Thành công,CN Thanh Xuân,8509264
GD202606000906,2026-06-08 19:42:34,KH000012,Mobile Banking,Chuyển khoản đến,2036000,0,Thành công,CN Cầu Giấy,84895601
GD202606007676,2026-06-08 19:46:22,KH000079,Mobile Banking,Chuyển khoản đến,8854000,0,Thành công,CN Bình Dương,39508677
GD202606018439,2026-06-08 19:52:05,KH000195,Mobile Banking,Thanh toán thẻ,183000,0,Thành công,CN Đà Nẵng,263117
GD202606008281,2026-06-08 20:15:40,KH000084,Quầy giao dịch,Nhận lương,8602349,0,Thành công,CN Hải Phòng,20814391
GD202606013081,2026-06-08 20:24:03,KH000134,Mobile Banking,Thanh toán thẻ,595000,0,Thành công,CN Cần Thơ,12870662
GD202606016992,2026-06-08 20:57:48,KH000182,Quầy giao dịch,Nhận lương,27157782,0,Thành công,CN Bình Dương,40029671
GD202606014285,2026-06-08 21:10:23,KH000152,Mobile Banking,Thanh toán thẻ,2784000,0,Thành công,CN Cầu Giấy,94484391
GD202606000077,2026-06-08 21:39:28,KH000003,QR Code,Thanh toán thẻ,8590000,0,Thành công,CN Hoàn Kiếm,265785170
GD202606006396,2026-06-08 22:14:47,KH000065,Mobile Banking,Thanh toán hóa đơn,5129000,0,Thành công,CN Bình Dương,74487297
GD202606014791,2026-06-08 22:16:24,KH000157,Quầy giao dịch,Nhận lương,8921233,0,Thành công,CN TP Hồ Chí Minh,14548156
GD202606011078,2026-06-08 22:20:50,KH000117,Quầy giao dịch,Nhận lương,11659907,0,Thành công,CN Hải Phòng,73630390
GD202606002452,2026-06-08 22:29:40,KH000023,QR Code,Chuyển khoản đến,4583000,0,Thành công,CN Thanh Xuân,32632336
GD202606003322,2026-06-08 22:56:33,KH000031,ATM,Chuyển khoản đến,61000,1100,Thành công,CN Cần Thơ,253303
GD202606000978,2026-06-09 06:23:44,KH000013,QR Code,Chuyển khoản đến,28615000,0,Thành công,CN Hoàn Kiếm,123508738
GD202606010356,2026-06-09 06:24:15,KH000108,Quầy giao dịch,Nhận lương,11622336,0,Thành công,CN TP Hồ Chí Minh,71414192
GD202606003642,2026-06-09 06:25:17,KH000034,QR Code,Nộp tiền mặt,147000,0,Thành công,CN TP Hồ Chí Minh,63808528
GD202606009739,2026-06-09 06:28:38,KH000099,Quầy giao dịch,Nhận lương,10939631,0,Thành công,CN Bình Dương,47367665
GD202606000058,2026-06-09 06:30:33,KH000002,Quầy giao dịch,Nhận lương,9733445,0,Thành công,CN Thanh Xuân,90323278
GD202606010237,2026-06-09 06:51:14,KH000106,Quầy giao dịch,Nhận lương,9791919,0,Thành công,CN Cầu Giấy,35450249
GD202606012470,2026-06-09 06:58:53,KH000130,Mobile Banking,Thanh toán hóa đơn,2827000,0,Thành công,CN TP Hồ Chí Minh,38129130
GD202606005180,2026-06-09 07:07:04,KH000054,Mobile Banking,Rút tiền mặt,2509000,0,Thành công,CN Cần Thơ,8573594
GD202606005871,2026-06-09 07:45:56,KH000061,POS,Thanh toán thẻ,141000,0,Thành công,CN Thanh Xuân,28033045
GD202606011203,2026-06-09 07:49:19,KH000118,Quầy giao dịch,Nhận lương,14672553,0,Thành công,CN Thanh Xuân,20220679
GD202606000411,2026-06-09 07:54:17,KH000008,Quầy giao dịch,Nhận lương,40444258,0,Thành công,CN Cần Thơ,84473464
GD202606000173,2026-06-09 08:21:00,KH000005,Mobile Banking,Rút tiền mặt,2805000,0,Thành công,CN Bình Dương,7169230
GD202606000976,2026-06-09 08:36:59,KH000013,POS,Chuyển khoản đến,21704000,5500,Thành công,CN Thanh Xuân,125268738
GD202606006566,2026-06-09 08:51:51,KH000066,Quầy giao dịch,Nhận lương,11166644,0,Thành công,CN TP Hồ Chí Minh,158186462
GD202606009537,2026-06-09 09:02:47,KH000097,Internet Banking,Thanh toán thẻ,321000,0,Thành công,CN Quận 1,14842049
GD202606003434,2026-06-09 09:09:04,KH000032,Quầy giao dịch,Nhận lương,11706092,0,Thành công,CN Quận 1,69150732
GD202606011694,2026-06-09 09:09:29,KH000124,QR Code,Thanh toán hóa đơn,1067000,0,Thành công,CN Thanh Xuân,6665138
GD202606014222,2026-06-09 09:09:55,KH000151,Internet Banking,Nộp tiền mặt,717000,0,Thành công,CN TP Hồ Chí Minh,2871216
GD202606008869,2026-06-09 09:14:21,KH000092,Quầy giao dịch,Nhận lương,11407245,0,Thành công,CN Cần Thơ,13371384
GD202606014792,2026-06-09 09:21:46,KH000157,POS,Rút tiền mặt,4883000,0,Thành công,CN Cần Thơ,9665156
GD202606016993,2026-06-09 09:53:35,KH000182,Internet Banking,Thanh toán hóa đơn,7947000,0,Thành công,CN TP Hồ Chí Minh,32082671
GD202606010487,2026-06-09 09:54:37,KH000110,Quầy giao dịch,Nhận lương,10234660,0,Thành công,CN TP Hồ Chí Minh,59472023
GD202606008870,2026-06-09 09:57:32,KH000092,Internet Banking,Nạp tiền điện thoại,4171000,0,Thành công,CN Cần Thơ,9200384
GD202606007900,2026-06-09 10:06:08,KH000081,Quầy giao dịch,Nhận lương,48850764,0,Thành công,CN Quận 1,133398829
GD202606014461,2026-06-09 10:14:54,KH000153,POS,Thanh toán thẻ,173000,0,Thành công,CN Bình Dương,203041
GD202606005116,2026-06-09 10:15:28,KH000053,QR Code,Nộp tiền mặt,17544000,0,Thành công,CN Cầu Giấy,213403729
GD202606000255,2026-06-09 10:22:50,KH000006,POS,Nạp tiền điện thoại,4490000,0,Thành công,CN Thanh Xuân,11950566
GD202606007677,2026-06-09 10:41:10,KH000079,QR Code,Thanh toán hóa đơn,7808000,0,Thành công,CN TP Hồ Chí Minh,31700677
GD202606016133,2026-06-09 10:45:57,KH000174,Quầy giao dịch,Nhận lương,9032846,0,Thành công,CN Bình Dương,73205037
GD202606011079,2026-06-09 10:52:40,KH000117,POS,Thanh toán thẻ,410000,3300,Thành công,CN TP Hồ Chí Minh,73217090
GD202606009833,2026-06-09 10:53:21,KH000100,Quầy giao dịch,Nhận lương,21052105,0,Thành công,CN TP Hồ Chí Minh,79163912
GD202606005117,2026-06-09 10:54:54,KH000053,QR Code,Thanh toán thẻ,6600000,0,Thành công,CN Bình Dương,206803729
GD202606007020,2026-06-09 11:27:04,KH000074,Internet Banking,Thanh toán thẻ,1396000,0,Thành công,CN Hoàn Kiếm,29881060
GD202606003076,2026-06-09 11:29:45,KH000028,QR Code,Rút tiền mặt,1522000,0,Thành công,CN Đà Nẵng,35727963
GD202606015338,2026-06-09 11:40:04,KH000164,Mobile Banking,Nạp tiền điện thoại,188000,0,Thành công,CN Cầu Giấy,19102047
GD202606008871,2026-06-09 11:41:15,KH000092,Mobile Banking,Nộp tiền mặt,1448000,0,Thành công,CN Cần Thơ,10648384
GD202606013615,2026-06-09 12:02:56,KH000142,Quầy giao dịch,Nhận lương,51770782,0,Thành công,CN Đà Nẵng,94056691
GD202606005611,2026-06-09 12:22:18,KH000059,Internet Banking,Thanh toán thẻ,4226000,0,Thành công,CN Thanh Xuân,107676784
GD202606013111,2026-06-09 12:26:41,KH000135,Mobile Banking,Thanh toán hóa đơn,22653000,0,Thành công,CN Quận 1,212319376
GD202606003975,2026-06-09 12:42:10,KH000039,Mobile Banking,Thanh toán thẻ,364000,0,Thành công,CN Thanh Xuân,61458096
GD202606011568,2026-06-09 12:43:06,KH000121,Internet Banking,Nộp tiền mặt,1549000,0,Thành công,CN Cần Thơ,8412049
GD202606012101,2026-06-09 12:45:16,KH000127,Internet Banking,Chuyển khoản đến,2310000,0,Thành công,CN Bình Dương,18949914
GD202606007679,2026-06-09 12:54:24,KH000079,Internet Banking,Thanh toán thẻ,8387000,0,Thành công,CN Đà Nẵng,18163177
GD202606014710,2026-06-09 13:01:13,KH000155,Quầy giao dịch,Chuyển khoản đến,36267000,3300,Thành công,CN Cần Thơ,269150416
GD202606015929,2026-06-09 13:05:36,KH000172,Quầy giao dịch,Nhận lương,9878822,0,Thành công,CN Bình Dương,17792878
GD202606014221,2026-06-09 13:15:42,KH000151,QR Code,Rút tiền mặt,240000,0,Thành công,CN Quận 1,2154216
GD202606005302,2026-06-09 13:19:13,KH000056,Quầy giao dịch,Nhận lương,11575040,0,Thành công,CN Hải Phòng,96885643
GD202606013617,2026-06-09 13:46:41,KH000142,Internet Banking,Nộp tiền mặt,7908000,0,Thành công,CN TP Hồ Chí Minh,92348591
GD202606001650,2026-06-09 14:22:54,KH000017,POS,Thanh toán thẻ,3035000,3300,Thành công,CN Cầu Giấy,27475254
GD202606007678,2026-06-09 14:23:17,KH000079,POS,Chuyển khoản đi,5145000,5500,Thành công,CN Bình Dương,26550177
GD202606014048,2026-06-09 14:37:28,KH000148,Internet Banking,Thanh toán hóa đơn,680000,0,Thành công,CN Thanh Xuân,52641819
GD202606014711,2026-06-09 14:43:21,KH000155,Mobile Banking,Nộp tiền mặt,40478000,0,Thành công,CN Hoàn Kiếm,309628416
GD202606015337,2026-06-09 14:50:45,KH000164,Quầy giao dịch,Nhận lương,8710949,0,Thành công,CN Đà Nẵng,19290047
GD202606004207,2026-06-09 14:53:48,KH000042,Internet Banking,Nộp tiền mặt,3612000,0,Thành công,CN Cầu Giấy,41562015
GD202606010238,2026-06-09 14:58:03,KH000106,Internet Banking,Thanh toán thẻ,1381000,0,Thành công,CN Thanh Xuân,34069249
GD202606001348,2026-06-09 15:16:16,KH000015,Quầy giao dịch,Nhận lương,67872053,0,Thành công,CN Quận 1,181685840
GD202606005115,2026-06-09 15:19:02,KH000053,Quầy giao dịch,Nhận lương,61648055,0,Thành công,CN Bình Dương,195859729
GD202606013753,2026-06-09 15:28:37,KH000144,ATM,Chuyển khoản đi,3582000,3300,Thành công,CN Hoàn Kiếm,12987581
GD202606007168,2026-06-09 15:35:24,KH000075,Quầy giao dịch,Nhận lương,8040905,0,Thành công,CN Bình Dương,34452392
GD202606016540,2026-06-09 15:37:45,KH000178,Internet Banking,Rút tiền mặt,3961000,0,Thành công,CN TP Hồ Chí Minh,47709152
GD202606015669,2026-06-09 15:44:07,KH000170,Mobile Banking,Nộp tiền mặt,540000,0,Thành công,CN Cần Thơ,2233053
GD202606009857,2026-06-09 15:49:19,KH000101,Quầy giao dịch,Nhận lương,16223100,0,Thành công,CN Đà Nẵng,91295484
GD202606012664,2026-06-09 15:59:21,KH000131,ATM,Thanh toán hóa đơn,113000,5500,Thành công,CN Quận 1,154880
GD202606000412,2026-06-09 16:07:51,KH000008,QR Code,Thanh toán thẻ,13583000,0,Thành công,CN Đà Nẵng,70890464
GD202606018631,2026-06-09 16:23:25,KH000197,Quầy giao dịch,Nhận lương,63693944,0,Thành công,CN Đà Nẵng,116304504
GD202606000977,2026-06-09 16:25:48,KH000013,Mobile Banking,Thanh toán thẻ,30375000,0,Thành công,CN Hải Phòng,94893738
GD202606016576,2026-06-09 16:31:12,KH000179,Quầy giao dịch,Thanh toán hóa đơn,24790000,5500,Thành công,CN Hoàn Kiếm,181675262
GD202606009653,2026-06-09 16:33:37,KH000098,QR Code,Nạp tiền điện thoại,247000,0,Thành công,CN Cầu Giấy,20634187
GD202606000809,2026-06-09 16:35:38,KH000011,POS,Thanh toán thẻ,916000,5500,Thành công,CN Hải Phòng,93852766
GD202606006173,2026-06-09 17:10:26,KH000063,POS,Thanh toán thẻ,179000,5500,Thành công,CN TP Hồ Chí Minh,52397331
GD202606000174,2026-06-09 17:17:23,KH000005,QR Code,Thanh toán thẻ,1801000,0,Thành công,CN Đà Nẵng,5368230
GD202606000078,2026-06-09 17:18:33,KH000003,Quầy giao dịch,Nhận lương,45669364,0,Thành công,CN Bình Dương,311454534
GD202606011811,2026-06-09 17:52:59,KH000125,Mobile Banking,Nộp tiền mặt,171000,0,Thành công,CN Hải Phòng,306236
GD202606014642,2026-06-09 18:00:22,KH000154,Internet Banking,Thanh toán thẻ,707000,0,Thành công,CN TP Hồ Chí Minh,19982094
GD202606000172,2026-06-09 18:00:49,KH000005,ATM,Thanh toán hóa đơn,2685000,0,Thành công,CN Cần Thơ,9974230
GD202606012102,2026-06-09 18:01:50,KH000127,ATM,Chuyển khoản đến,2639000,5500,Thành công,CN Đà Nẵng,21588914
GD202606017608,2026-06-09 18:35:09,KH000186,Quầy giao dịch,Nhận lương,11588144,0,Thành công,CN Hoàn Kiếm,22386343
GD202606002453,2026-06-09 19:02:41,KH000023,ATM,Chuyển khoản đến,1928000,3300,Thành công,CN Bình Dương,34560336
GD202606003435,2026-06-09 19:18:56,KH000032,Internet Banking,Chuyển khoản đến,166000,0,Thành công,CN Cần Thơ,69316732
GD202606008475,2026-06-09 19:33:24,KH000086,Internet Banking,Thanh toán hóa đơn,36325000,0,Thành công,CN Đà Nẵng,175911451
GD202606012469,2026-06-09 19:48:51,KH000130,Internet Banking,Rút tiền mặt,3329000,0,Thành công,CN Bình Dương,40956130
GD202606002166,2026-06-09 19:52:58,KH000020,Quầy giao dịch,Nhận lương,61592224,0,Thành công,CN Cần Thơ,67854488
GD202606002167,2026-06-09 20:34:25,KH000020,Internet Banking,Nạp tiền điện thoại,10876000,0,Thành công,CN TP Hồ Chí Minh,56978488
GD202606016288,2026-06-09 20:36:05,KH000176,Internet Banking,Thanh toán hóa đơn,677000,0,Thành công,CN Quận 1,37821480
GD202606010833,2026-06-09 20:40:26,KH000114,Quầy giao dịch,Nhận lương,11867870,0,Thành công,CN Quận 1,64090233
GD202606014160,2026-06-09 20:45:53,KH000150,Quầy giao dịch,Nhận lương,16656369,0,Thành công,CN Bình Dương,35230826
GD202606014462,2026-06-09 20:52:19,KH000153,POS,Thanh toán thẻ,99000,1100,Thành công,CN Cầu Giấy,102941
GD202606013297,2026-06-09 21:13:56,KH000137,Quầy giao dịch,Nhận lương,16764605,0,Thành công,CN Quận 1,54992380
GD202606002684,2026-06-09 21:23:07,KH000025,QR Code,Nộp tiền mặt,162000,0,Thành công,CN Thanh Xuân,441931
GD202606011812,2026-06-09 21:38:17,KH000125,QR Code,Chuyển khoản đến,184000,0,Thành công,CN Cầu Giấy,490236
GD202606013060,2026-06-09 21:40:41,KH000133,POS,Chuyển khoản đi,1432000,5500,Thành công,CN Thanh Xuân,12157021
GD202606011567,2026-06-09 21:45:00,KH000121,ATM,Nộp tiền mặt,871000,1100,Thành công,CN Bình Dương,6863049
GD202606001507,2026-06-09 21:58:03,KH000016,Internet Banking,Rút tiền mặt,64000,0,Thành công,CN Cần Thơ,189107
GD202606009858,2026-06-09 22:01:20,KH000101,Quầy giao dịch,Nạp tiền điện thoại,10853000,3300,Thành công,CN Quận 1,80439184
GD202606013616,2026-06-09 22:22:15,KH000142,Quầy giao dịch,Thanh toán hóa đơn,9615000,1100,Thành công,CN Đà Nẵng,84440591
GD202606013298,2026-06-09 22:24:00,KH000137,Internet Banking,Thanh toán thẻ,17942000,0,Thành công,CN Bình Dương,37050380
GD202606004753,2026-06-09 22:27:08,KH000051,ATM,Rút tiền mặt,1237000,0,Thành công,CN Quận 1,5320256
GD202606016134,2026-06-09 22:29:29,KH000174,Quầy giao dịch,Chuyển khoản đi,761000,0,Thành công,CN Bình Dương,72444037
GD202606004551,2026-06-09 22:40:26,KH000047,Quầy giao dịch,Nhận lương,10873703,0,Thành công,CN Cần Thơ,102757291
GD202606017296,2026-06-10 06:05:37,KH000183,Internet Banking,Nạp tiền điện thoại,15456000,0,Thành công,CN Cần Thơ,71816549
GD202606013866,2026-06-10 06:06:26,KH000145,POS,Thanh toán thẻ,102000,5500,Thành công,CN TP Hồ Chí Minh,68927153
GD202606017544,2026-06-10 06:09:37,KH000185,Quầy giao dịch,Nhận lương,23028160,0,Thành công,CN Cần Thơ,71530452
GD202606017908,2026-06-10 06:09:58,KH000189,QR Code,Thanh toán hóa đơn,2309000,0,Thành công,CN Thanh Xuân,157250679
GD202606008577,2026-06-10 06:30:03,KH000087,POS,Chuyển khoản đến,73000,1100,Thành công,CN Đà Nẵng,204526
GD202606000413,2026-06-10 06:31:50,KH000008,Mobile Banking,Thanh toán thẻ,18056000,0,Thành công,CN TP Hồ Chí Minh,52834464
GD202606001170,2026-06-10 06:32:43,KH000014,QR Code,Thanh toán hóa đơn,10136000,0,Thành công,CN Cần Thơ,39217631
GD202606011377,2026-06-10 06:35:00,KH000119,POS,Thanh toán thẻ,101000,0,Thành công,CN Quận 1,44475131
GD202606010066,2026-06-10 06:42:09,KH000104,Quầy giao dịch,Nhận lương,10461883,0,Thành công,CN Hoàn Kiếm,19605517
GD202606002168,2026-06-10 06:55:50,KH000020,Internet Banking,Chuyển khoản đến,267000,0,Thành công,CN Hải Phòng,57245488
GD202606013618,2026-06-10 07:07:35,KH000142,POS,Thanh toán hóa đơn,11959000,3300,Thành công,CN TP Hồ Chí Minh,80386291
GD202606004911,2026-06-10 07:09:53,KH000052,Internet Banking,Nạp tiền điện thoại,92000,0,Thành công,CN Đà Nẵng,179506
GD202606000059,2026-06-10 07:21:26,KH000002,ATM,Chuyển khoản đi,3182000,5500,Thành công,CN Hoàn Kiếm,87135778
GD202606013755,2026-06-10 07:29:25,KH000144,Internet Banking,Nộp tiền mặt,1976000,0,Thất bại,CN Hải Phòng,12013281
GD202606011814,2026-06-10 07:57:09,KH000125,Quầy giao dịch,Nạp tiền điện thoại,158000,0,Thành công,CN Đà Nẵng,244236
GD202606013754,2026-06-10 08:26:37,KH000144,Quầy giao dịch,Nạp tiền điện thoại,971000,3300,Thành công,CN Hải Phòng,12013281
GD202606018323,2026-06-10 08:28:42,KH000194,Quầy giao dịch,Nhận lương,9415934,0,Thành công,CN TP Hồ Chí Minh,16457043
GD202606001168,2026-06-10 08:33:56,KH000014,Mobile Banking,Thanh toán hóa đơn,11782000,0,Thành công,CN Hoàn Kiếm,52429931
GD202606001171,2026-06-10 08:56:33,KH000014,Mobile Banking,Nạp tiền điện thoại,11131000,0,Thành công,CN Bình Dương,28086631
GD202606006634,2026-06-10 09:03:50,KH000067,Mobile Banking,Chuyển khoản đi,7853000,0,Thành công,CN Đà Nẵng,23741499
GD202606016658,2026-06-10 09:10:12,KH000180,QR Code,Rút tiền mặt,2051000,0,Thành công,CN Đà Nẵng,53022162
GD202606002538,2026-06-10 09:24:56,KH000024,POS,Rút tiền mặt,653000,3300,Thành công,CN Đà Nẵng,84890136
GD202606014286,2026-06-10 09:34:50,KH000152,QR Code,Thanh toán hóa đơn,994000,0,Thất bại,CN Bình Dương,94484391
GD202606007354,2026-06-10 09:38:50,KH000077,Internet Banking,Chuyển khoản đến,1148000,0,Thành công,CN Thanh Xuân,4920480
GD202606014463,2026-06-10 09:44:57,KH000153,Mobile Banking,Nạp tiền điện thoại,61000,0,Thành công,CN Cầu Giấy,133441
GD202606011569,2026-06-10 09:46:43,KH000121,POS,Thanh toán thẻ,269000,1100,Thành công,CN Cầu Giấy,8141949
GD202606012471,2026-06-10 09:50:01,KH000130,Mobile Banking,Chuyển khoản đến,857000,0,Thành công,CN Cầu Giấy,38986130
GD202606015535,2026-06-10 10:00:59,KH000168,Mobile Banking,Chuyển khoản đến,14287000,0,Thành công,CN Hoàn Kiếm,75696100
GD202606001898,2026-06-10 10:05:48,KH000019,POS,Thanh toán hóa đơn,489000,1100,Thành công,CN Cầu Giấy,30100853
GD202606001719,2026-06-10 10:25:09,KH000018,Quầy giao dịch,Nhận lương,8482356,0,Thành công,CN Hoàn Kiếm,62715399
GD202606005424,2026-06-10 10:33:49,KH000057,Quầy giao dịch,Nhận lương,35525943,0,Thành công,CN Hải Phòng,44130017
GD202606015472,2026-06-10 10:45:22,KH000166,Quầy giao dịch,Nhận lương,38486101,0,Thành công,CN Bình Dương,173070208
GD202606003436,2026-06-10 11:21:18,KH000032,QR Code,Chuyển khoản đi,53000,0,Thành công,CN Cần Thơ,69263732
GD202606008576,2026-06-10 11:40:44,KH000087,POS,Nạp tiền điện thoại,121000,0,Thành công,CN Bình Dương,131526
GD202606000647,2026-06-10 11:44:11,KH000010,Quầy giao dịch,Nhận lương,13022963,0,Thành công,CN Bình Dương,14302653
GD202606004910,2026-06-10 11:50:23,KH000052,Internet Banking,Thanh toán thẻ,190000,0,Thành công,CN TP Hồ Chí Minh,133506
GD202606008578,2026-06-10 11:51:56,KH000087,Internet Banking,Chuyển khoản đến,84000,0,Thành công,CN TP Hồ Chí Minh,288526
GD202606013184,2026-06-10 12:15:00,KH000136,Mobile Banking,Rút tiền mặt,14227000,0,Thành công,CN Hải Phòng,35024264
GD202606010834,2026-06-10 12:18:18,KH000114,Internet Banking,Chuyển khoản đi,2382000,0,Thành công,CN Cần Thơ,61708233
GD202606008122,2026-06-10 12:26:21,KH000083,POS,Thanh toán thẻ,322000,1100,Thành công,CN TP Hồ Chí Minh,55924946
GD202606015584,2026-06-10 12:29:09,KH000169,POS,Thanh toán thẻ,6522000,5500,Thành công,CN Cần Thơ,54583970
GD202606008872,2026-06-10 12:32:34,KH000092,Quầy giao dịch,Chuyển khoản đến,1884000,0,Thành công,CN TP Hồ Chí Minh,12532384
GD202606008282,2026-06-10 12:45:30,KH000084,QR Code,Chuyển khoản đến,2401000,0,Thành công,CN Cầu Giấy,23215391
GD202606000175,2026-06-10 13:25:54,KH000005,POS,Thanh toán thẻ,1277000,3300,Thành công,CN Quận 1,4087930
GD202606000256,2026-06-10 13:43:59,KH000006,Internet Banking,Chuyển khoản đến,436000,0,Thành công,CN Quận 1,12386566
GD202606006635,2026-06-10 14:35:34,KH000067,POS,Chuyển khoản đến,1181000,5500,Thành công,CN Quận 1,24922499
GD202606003977,2026-06-10 14:43:10,KH000039,ATM,Nộp tiền mặt,777000,3300,Thành công,CN Hải Phòng,59157596
GD202606013437,2026-06-10 15:04:28,KH000139,Internet Banking,Chuyển khoản đi,1378000,0,Thành công,CN Hải Phòng,10408507
GD202606010203,2026-06-10 15:12:30,KH000105,ATM,Nộp tiền mặt,46340000,0,Thành công,CN Bình Dương,362979684
GD202606013865,2026-06-10 15:39:33,KH000145,Mobile Banking,Chuyển khoản đi,218000,0,Thành công,CN Hoàn Kiếm,69034653
GD202606016577,2026-06-10 16:06:13,KH000179,POS,Chuyển khoản đi,20171000,1100,Thành công,CN Quận 1,161503162
GD202606004152,2026-06-10 16:39:50,KH000041,POS,Thanh toán thẻ,1170000,1100,Thành công,CN Hoàn Kiếm,123218117
GD202606014049,2026-06-10 16:41:47,KH000148,Quầy giao dịch,Nhận lương,9154242,0,Thành công,CN Hải Phòng,61796062
GD202606004289,2026-06-10 16:55:57,KH000043,Quầy giao dịch,Nhận lương,9462496,0,Thành công,CN Thanh Xuân,59752725
GD202606003976,2026-06-10 16:56:41,KH000039,POS,Thanh toán thẻ,3072000,5500,Thành công,CN Bình Dương,58380596
GD202606003272,2026-06-10 17:04:27,KH000030,Quầy giao dịch,Nhận lương,11677451,0,Thành công,CN Cầu Giấy,143700973
GD202606010645,2026-06-10 17:10:17,KH000112,Quầy giao dịch,Nhận lương,9185874,0,Thành công,CN Cầu Giấy,38053144
GD202606018325,2026-06-10 17:17:48,KH000194,POS,Chuyển khoản đến,1850000,1100,Thành công,CN Cần Thơ,12598043
GD202606001509,2026-06-10 17:31:54,KH000016,Mobile Banking,Chuyển khoản đến,123000,0,Thành công,CN Quận 1,179607
GD202606001508,2026-06-10 18:24:59,KH000016,POS,Thanh toán thẻ,127000,5500,Thành công,CN Cần Thơ,56607
GD202606002169,2026-06-10 18:45:05,KH000020,Mobile Banking,Rút tiền mặt,10730000,0,Thành công,CN Đà Nẵng,46515488
GD202606018126,2026-06-10 18:45:22,KH000191,Quầy giao dịch,Nhận lương,14287747,0,Thành công,CN Bình Dương,15316649
GD202606006174,2026-06-10 18:59:00,KH000063,Quầy giao dịch,Nhận lương,10040755,0,Thành công,CN Thanh Xuân,62438086
GD202606018324,2026-06-10 19:02:48,KH000194,Mobile Banking,Chuyển khoản đi,5709000,0,Thành công,CN Hải Phòng,10748043
GD202606001169,2026-06-10 19:08:56,KH000014,POS,Thanh toán thẻ,3073000,3300,Thành công,CN Đà Nẵng,49353631
GD202606006725,2026-06-10 19:16:23,KH000069,Quầy giao dịch,Nhận lương,8301826,0,Thành công,CN Bình Dương,75527511
GD202606015583,2026-06-10 19:55:18,KH000169,Quầy giao dịch,Nhận lương,44279671,0,Thành công,CN Hoàn Kiếm,61111470
GD202606016289,2026-06-10 20:15:13,KH000176,Quầy giao dịch,Nhận lương,11907801,0,Thành công,CN Cầu Giấy,49729280
GD202606010715,2026-06-10 20:30:20,KH000113,POS,Thanh toán thẻ,2460000,5500,Thành công,CN TP Hồ Chí Minh,53425445
GD202606007875,2026-06-10 20:40:17,KH000080,POS,Thanh toán thẻ,1157000,0,Thành công,CN Hoàn Kiếm,91908049
GD202606008121,2026-06-10 21:25:11,KH000083,Mobile Banking,Nộp tiền mặt,200000,0,Thành công,CN TP Hồ Chí Minh,56248046
GD202606010998,2026-06-10 21:26:32,KH000116,Mobile Banking,Thanh toán thẻ,32438000,0,Thành công,CN TP Hồ Chí Minh,93294685
GD202606015339,2026-06-10 21:38:02,KH000164,Quầy giao dịch,Nộp tiền mặt,193000,1100,Thành công,CN TP Hồ Chí Minh,19295047
GD202606001167,2026-06-10 21:47:10,KH000014,POS,Rút tiền mặt,2479000,5500,Thành công,CN Quận 1,64211931
GD202606005612,2026-06-10 21:51:09,KH000059,POS,Thanh toán thẻ,27090000,1100,Thành công,CN Đà Nẵng,80585684
GD202606018290,2026-06-10 22:01:44,KH000193,Quầy giao dịch,Nhận lương,29013805,0,Thành công,CN Bình Dương,224364368
GD202606018753,2026-06-10 22:02:02,KH000199,Quầy giao dịch,Nhận lương,45597709,0,Thành công,CN TP Hồ Chí Minh,280122217
GD202606005118,2026-06-10 22:27:30,KH000053,Mobile Banking,Nạp tiền điện thoại,2201000,0,Thành công,CN Hải Phòng,204602729
GD202606005872,2026-06-10 22:30:22,KH000061,POS,Thanh toán thẻ,1755000,3300,Thành công,CN Cần Thơ,26274745
GD202606017545,2026-06-10 22:37:28,KH000185,ATM,Chuyển khoản đi,13169000,5500,Thành công,CN Cầu Giấy,58355952
GD202606011813,2026-06-10 22:49:36,KH000125,QR Code,Nạp tiền điện thoại,88000,0,Thành công,CN Hải Phòng,402236
GD202606013520,2026-06-10 22:55:14,KH000141,Quầy giao dịch,Chuyển khoản đến,5278000,1100,Thành công,CN Cầu Giấy,20735507
GD202606016541,2026-06-10 22:57:14,KH000178,Quầy giao dịch,Nhận lương,8744125,0,Thành công,CN TP Hồ Chí Minh,56453277
GD202606013756,2026-06-11 06:33:46,KH000144,POS,Thanh toán thẻ,311000,1100,Thành công,CN Hải Phòng,11701181
GD202606016659,2026-06-11 06:45:37,KH000180,POS,Thanh toán thẻ,2775000,3300,Thành công,CN Đà Nẵng,50243862
GD202606018440,2026-06-11 07:08:07,KH000195,Internet Banking,Rút tiền mặt,196000,0,Thành công,CN Đà Nẵng,67117
GD202606002170,2026-06-11 07:15:21,KH000020,POS,Thanh toán thẻ,9886000,5500,Thành công,CN Hải Phòng,36623988
GD202606015931,2026-06-11 07:42:44,KH000172,Quầy giao dịch,Nạp tiền điện thoại,3366000,5500,Thành công,CN Thanh Xuân,8450878
GD202606002685,2026-06-11 08:05:02,KH000025,POS,Chuyển khoản đi,184000,5500,Thành công,CN Đà Nẵng,252431
GD202606005119,2026-06-11 08:46:37,KH000053,POS,Thanh toán thẻ,37205000,5500,Thành công,CN Hải Phòng,167392229
GD202606007355,2026-06-11 08:59:58,KH000077,POS,Thanh toán thẻ,291000,0,Thành công,CN Bình Dương,4629480
GD202606014712,2026-06-11 09:00:04,KH000155,Mobile Banking,Thanh toán thẻ,13844000,0,Thành công,CN Hải Phòng,295784416
GD202606017729,2026-06-11 09:02:20,KH000187,POS,Thanh toán thẻ,659000,1100,Thành công,CN TP Hồ Chí Minh,16413782
GD202606013758,2026-06-11 09:14:33,KH000144,QR Code,Nộp tiền mặt,2134000,0,Thành công,CN Cầu Giấy,12674181
GD202606016290,2026-06-11 09:55:58,KH000176,Mobile Banking,Chuyển khoản đến,97000,0,Thành công,CN Thanh Xuân,49826280
GD202606014885,2026-06-11 10:13:44,KH000158,QR Code,Thanh toán thẻ,3736000,0,Thành công,CN Hoàn Kiếm,87040722
GD202606001899,2026-06-11 10:22:15,KH000019,POS,Thanh toán thẻ,2658000,1100,Thành công,CN Cầu Giấy,27441753
GD202606010646,2026-06-11 10:45:01,KH000112,Quầy giao dịch,Thanh toán hóa đơn,304000,5500,Thành công,CN Đà Nẵng,37743644
GD202606000257,2026-06-11 11:07:43,KH000006,POS,Nộp tiền mặt,1397000,1100,Thành công,CN Cần Thơ,13783566
GD202606002925,2026-06-11 11:10:11,KH000027,QR Code,Thanh toán thẻ,3009000,0,Thành công,CN Quận 1,22049291
GD202606013757,2026-06-11 11:24:06,KH000144,QR Code,Thanh toán thẻ,1161000,0,Thành công,CN Cầu Giấy,10540181
GD202606015585,2026-06-11 11:37:03,KH000169,QR Code,Thanh toán thẻ,3565000,0,Thành công,CN Hoàn Kiếm,51018970
GD202606009106,2026-06-11 11:42:46,KH000094,POS,Thanh toán thẻ,2288000,5500,Thành công,CN Hoàn Kiếm,73586721
GD202606012472,2026-06-11 12:02:11,KH000130,Mobile Banking,Thanh toán thẻ,2904000,0,Thành công,CN Quận 1,36082130
GD202606013299,2026-06-11 12:35:08,KH000137,POS,Thanh toán thẻ,5399000,0,Thành công,CN Cầu Giấy,31651380
GD202606004912,2026-06-11 12:38:00,KH000052,POS,Thanh toán thẻ,117000,0,Thành công,CN Đà Nẵng,62506
GD202606001720,2026-06-11 12:38:14,KH000018,QR Code,Chuyển khoản đi,97000,0,Thành công,CN Thanh Xuân,62618399
GD202606016291,2026-06-11 12:57:40,KH000176,Mobile Banking,Chuyển khoản đi,1043000,0,Thành công,CN Bình Dương,48783280
GD202606006672,2026-06-11 13:06:10,KH000068,ATM,Chuyển khoản đến,16516000,0,Thành công,CN Quận 1,77364989
GD202606010067,2026-06-11 13:27:30,KH000104,POS,Thanh toán thẻ,2689000,5500,Thành công,CN Thanh Xuân,16911017
GD202606004323,2026-06-11 13:50:32,KH000044,ATM,Thanh toán hóa đơn,1759000,0,Thành công,CN Bình Dương,9746062
GD202606015670,2026-06-11 13:51:02,KH000170,Internet Banking,Thanh toán thẻ,79000,0,Thành công,CN TP Hồ Chí Minh,2154053
GD202606008476,2026-06-11 14:06:38,KH000086,Mobile Banking,Chuyển khoản đến,7290000,0,Thành công,CN Cầu Giấy,183201451
GD202606003203,2026-06-11 14:38:40,KH000029,POS,Thanh toán thẻ,306000,1100,Thành công,CN Hải Phòng,18838801
GD202606016994,2026-06-11 14:40:18,KH000182,Mobile Banking,Thanh toán thẻ,4456000,0,Thành công,CN Cầu Giấy,27626671
GD202606015930,2026-06-11 14:43:46,KH000172,POS,Thanh toán thẻ,5965000,5500,Thành công,CN TP Hồ Chí Minh,11822378
GD202606006175,2026-06-11 14:53:14,KH000063,POS,Thanh toán thẻ,62000,5500,Thành công,CN TP Hồ Chí Minh,62370586
GD202606007680,2026-06-11 14:59:14,KH000079,ATM,Nộp tiền mặt,1345000,3300,Thành công,CN TP Hồ Chí Minh,19508177
GD202606001172,2026-06-11 15:22:14,KH000014,Mobile Banking,Chuyển khoản đến,6387000,0,Thành công,CN Bình Dương,34473631
GD202606018709,2026-06-11 15:31:09,KH000198,POS,Chuyển khoản đi,4565000,0,Thành công,CN Quận 1,29041088
GD202606013867,2026-06-11 15:43:11,KH000145,QR Code,Nộp tiền mặt,419000,0,Thành công,CN TP Hồ Chí Minh,69346153
GD202606013185,2026-06-11 15:47:41,KH000136,POS,Thanh toán thẻ,6501000,3300,Thành công,CN Hải Phòng,28519964
GD202606000648,2026-06-11 16:21:44,KH000010,Mobile Banking,Thanh toán thẻ,5002000,0,Thành công,CN Đà Nẵng,9300653
GD202606009105,2026-06-11 16:31:08,KH000094,QR Code,Nộp tiền mặt,1547000,0,Thành công,CN Đà Nẵng,75880221
GD202606017998,2026-06-11 16:53:15,KH000190,QR Code,Thanh toán thẻ,147357000,0,Thành công,CN TP Hồ Chí Minh,614368141
GD202606017839,2026-06-11 16:57:25,KH000188,POS,Thanh toán thẻ,6904000,0,Thành công,CN Thanh Xuân,78296734
GD202606018794,2026-06-11 17:14:44,KH000200,POS,Thanh toán thẻ,206000,0,Thành công,CN Đà Nẵng,1263077
GD202606014793,2026-06-11 17:19:18,KH000157,QR Code,Thanh toán thẻ,112000,0,Thành công,CN Thanh Xuân,9553156
GD202606013619,2026-06-11 18:29:52,KH000142,ATM,Chuyển khoản đến,9913000,0,Thành công,CN Hải Phòng,90299291
GD202606015932,2026-06-11 18:39:28,KH000172,POS,Thanh toán thẻ,1972000,1100,Thành công,CN Quận 1,6477778
GD202606008123,2026-06-11 19:03:49,KH000083,Mobile Banking,Thanh toán thẻ,435000,0,Thành công,CN Cần Thơ,55489946
GD202606011570,2026-06-11 19:20:01,KH000121,Quầy giao dịch,Nạp tiền điện thoại,284000,1100,Thành công,CN Thanh Xuân,7856849
GD202606001349,2026-06-11 20:00:51,KH000015,QR Code,Chuyển khoản đến,18960000,0,Thành công,CN Quận 1,200645840
GD202606018441,2026-06-11 20:01:03,KH000195,QR Code,Thanh toán thẻ,126000,0,Thất bại,CN Quận 1,67117
GD202606008283,2026-06-11 20:19:33,KH000084,POS,Thanh toán thẻ,70000,0,Thành công,CN Thanh Xuân,23145391
GD202606004208,2026-06-11 20:26:14,KH000042,POS,Thanh toán thẻ,573000,1100,Thành công,CN Hải Phòng,40987915
GD202606018793,2026-06-11 21:00:35,KH000200,POS,Thanh toán thẻ,618000,0,Thành công,CN Hoàn Kiếm,1469077
GD202606013186,2026-06-11 21:10:47,KH000136,ATM,Rút tiền mặt,9432000,5500,Thành công,CN Bình Dương,19082464
GD202606006567,2026-06-11 21:11:33,KH000066,Internet Banking,Nộp tiền mặt,2212000,0,Thành công,CN Đà Nẵng,160398462
GD202606012923,2026-06-11 21:15:00,KH000132,POS,Thanh toán thẻ,3701000,1100,Thành công,CN Quận 1,14022819
GD202606017730,2026-06-11 21:43:17,KH000187,Mobile Banking,Thanh toán thẻ,5211000,0,Thành công,CN TP Hồ Chí Minh,11202782
GD202606001173,2026-06-11 22:25:31,KH000014,Internet Banking,Rút tiền mặt,1320000,0,Thành công,CN Cần Thơ,33153631
GD202606000324,2026-06-11 22:54:36,KH000007,QR Code,Thanh toán hóa đơn,3221000,0,Thành công,CN Cầu Giấy,8096547
GD202606013112,2026-06-12 06:01:41,KH000135,Mobile Banking,Thanh toán thẻ,6130000,0,Thành công,CN Thanh Xuân,206189376
GD202606007022,2026-06-12 06:10:40,KH000074,POS,Thanh toán thẻ,219000,0,Thành công,CN Cần Thơ,30946060
GD202606014795,2026-06-12 06:20:56,KH000157,Quầy giao dịch,Rút tiền mặt,2229000,5500,Thành công,CN Quận 1,6859656
GD202606010647,2026-06-12 06:23:17,KH000112,Internet Banking,Thanh toán thẻ,2545000,0,Thành công,CN Hoàn Kiếm,35198644
GD202606018632,2026-06-12 06:43:10,KH000197,POS,Thanh toán thẻ,28515000,1100,Thành công,CN TP Hồ Chí Minh,87788404
GD202606016293,2026-06-12 07:31:31,KH000176,POS,Thanh toán thẻ,463000,1100,Thành công,CN Thanh Xuân,47575180
GD202606016060,2026-06-12 07:32:26,KH000173,POS,Thanh toán hóa đơn,387000,0,Thành công,CN Quận 1,5032068
GD202606002686,2026-06-12 07:53:30,KH000025,QR Code,Chuyển khoản đi,158000,0,Thành công,CN Thanh Xuân,94431
GD202606015340,2026-06-12 07:54:30,KH000164,QR Code,Rút tiền mặt,81000,0,Thành công,CN Cần Thơ,19214047
GD202606011816,2026-06-12 08:10:29,KH000125,POS,Thanh toán thẻ,121000,5500,Thành công,CN Cần Thơ,201736
GD202606018127,2026-06-12 08:21:33,KH000191,Internet Banking,Nộp tiền mặt,4486000,0,Thành công,CN Hải Phòng,19802649
GD202606007997,2026-06-12 08:23:42,KH000082,Mobile Banking,Thanh toán thẻ,1012000,0,Thành công,CN Quận 1,34640516
GD202606001174,2026-06-12 08:30:44,KH000014,QR Code,Nộp tiền mặt,534000,0,Thành công,CN Bình Dương,33687631
GD202606013979,2026-06-12 09:07:58,KH000147,Quầy giao dịch,Thanh toán hóa đơn,3128000,3300,Thành công,CN TP Hồ Chí Minh,131396350
GD202606013521,2026-06-12 09:14:26,KH000141,Mobile Banking,Thanh toán thẻ,2437000,0,Thành công,CN Cầu Giấy,18298507
GD202606006568,2026-06-12 09:21:36,KH000066,Mobile Banking,Chuyển khoản đi,668000,0,Thành công,CN Bình Dương,159730462
GD202606014643,2026-06-12 09:51:58,KH000154,POS,Thanh toán thẻ,1428000,1100,Thành công,CN Cần Thơ,18552994
GD202606011815,2026-06-12 10:18:39,KH000125,Mobile Banking,Chuyển khoản đến,84000,0,Thành công,CN Cầu Giấy,328236
GD202606014996,2026-06-12 10:54:01,KH000160,ATM,Nộp tiền mặt,3827000,5500,Thành công,CN Cần Thơ,76012194
GD202606000810,2026-06-12 11:12:18,KH000011,Internet Banking,Thanh toán thẻ,1055000,0,Thành công,CN Cầu Giấy,92797766
GD202606014794,2026-06-12 11:15:11,KH000157,POS,Thanh toán thẻ,459000,0,Thành công,CN Hoàn Kiếm,9094156
GD202606005875,2026-06-12 11:22:55,KH000061,Internet Banking,Nộp tiền mặt,1404000,0,Thành công,CN Cần Thơ,25163745
GD202606017731,2026-06-12 11:52:20,KH000187,Quầy giao dịch,Rút tiền mặt,1096000,5500,Thành công,CN Cầu Giấy,10101282
GD202606003204,2026-06-12 12:03:04,KH000029,Mobile Banking,Chuyển khoản đến,1128000,0,Thành công,CN Đà Nẵng,19966801
GD202606008579,2026-06-12 12:05:55,KH000087,Mobile Banking,Rút tiền mặt,179000,0,Thành công,CN Cầu Giấy,109526
GD202606016292,2026-06-12 12:31:51,KH000176,Internet Banking,Chuyển khoản đi,744000,0,Thành công,CN Cần Thơ,48039280
GD202606002926,2026-06-12 12:43:12,KH000027,Mobile Banking,Thanh toán thẻ,3098000,0,Thành công,CN Cầu Giấy,18951291
GD202606006673,2026-06-12 12:49:13,KH000068,QR Code,Chuyển khoản đi,305000,0,Thành công,CN Bình Dương,77059989
GD202606016061,2026-06-12 12:50:16,KH000173,ATM,Nạp tiền điện thoại,241000,3300,Thành công,CN Quận 1,4787768
GD202606012103,2026-06-12 13:12:54,KH000127,Mobile Banking,Thanh toán thẻ,782000,0,Thành công,CN Bình Dương,20806914
GD202606018795,2026-06-12 13:53:48,KH000200,POS,Chuyển khoản đi,377000,3300,Thành công,CN Cần Thơ,882777
GD202606006873,2026-06-12 13:54:46,KH000072,ATM,Rút tiền mặt,134000,5500,Thành công,CN TP Hồ Chí Minh,62400314
GD202606006791,2026-06-12 14:11:30,KH000071,Quầy giao dịch,Nộp tiền mặt,15155000,5500,Thành công,CN Quận 1,72435738
GD202606016995,2026-06-12 14:31:59,KH000182,Internet Banking,Thanh toán thẻ,4232000,0,Thành công,CN Đà Nẵng,23394671
GD202606014644,2026-06-12 14:56:39,KH000154,ATM,Thanh toán hóa đơn,732000,5500,Thành công,CN Đà Nẵng,17815494
GD202606015473,2026-06-12 15:30:14,KH000166,ATM,Nộp tiền mặt,37676000,1100,Thành công,CN TP Hồ Chí Minh,210746208
GD202606000979,2026-06-12 15:31:11,KH000013,ATM,Chuyển khoản đến,35905000,0,Thành công,CN TP Hồ Chí Minh,159413738
GD202606018442,2026-06-12 15:44:42,KH000195,Internet Banking,Nạp tiền điện thoại,197000,0,Thất bại,CN Hải Phòng,67117
GD202606000907,2026-06-12 15:50:49,KH000012,QR Code,Chuyển khoản đến,87000,0,Thành công,CN Bình Dương,84982601
GD202606013438,2026-06-12 16:02:01,KH000139,QR Code,Chuyển khoản đi,758000,0,Thành công,CN Hoàn Kiếm,9650507
GD202606017732,2026-06-12 16:14:39,KH000187,Internet Banking,Thanh toán thẻ,752000,0,Thành công,CN Thanh Xuân,9349282
GD202606007356,2026-06-12 16:39:36,KH000077,POS,Thanh toán thẻ,1172000,3300,Thành công,CN Cần Thơ,3454180
GD202606005873,2026-06-12 16:52:26,KH000061,Internet Banking,Thanh toán thẻ,1772000,0,Thành công,CN Thanh Xuân,24502745
GD202606004914,2026-06-12 17:04:11,KH000052,Mobile Banking,Thanh toán thẻ,88000,0,Thành công,CN TP Hồ Chí Minh,88506
GD202606004913,2026-06-12 17:24:20,KH000052,Mobile Banking,Chuyển khoản đến,114000,0,Thành công,CN Đà Nẵng,176506
GD202606010357,2026-06-12 17:36:48,KH000108,Internet Banking,Thanh toán thẻ,334000,0,Thành công,CN Hoàn Kiếm,71080192
GD202606012924,2026-06-12 17:37:51,KH000132,Internet Banking,Nộp tiền mặt,2000000,0,Thành công,CN Quận 1,16022819
GD202606018291,2026-06-12 17:51:50,KH000193,QR Code,Thanh toán thẻ,31205000,0,Thành công,CN Cầu Giấy,193159368
GD202606016472,2026-06-12 18:44:21,KH000177,ATM,Thanh toán hóa đơn,892000,0,Thành công,CN Quận 1,45935593
GD202606015586,2026-06-12 18:47:47,KH000169,Mobile Banking,Thanh toán hóa đơn,12616000,0,Thành công,CN Quận 1,38402970
GD202606006741,2026-06-12 18:48:38,KH000070,Internet Banking,Chuyển khoản đi,808000,0,Thành công,CN Thanh Xuân,94530268
GD202606013620,2026-06-12 18:59:24,KH000142,ATM,Chuyển khoản đi,11614000,1100,Thành công,CN Hải Phòng,78684191
GD202606011204,2026-06-12 19:01:00,KH000118,POS,Chuyển khoản đi,4571000,0,Thành công,CN Hoàn Kiếm,15649679
GD202606008284,2026-06-12 19:09:40,KH000084,POS,Chuyển khoản đi,441000,5500,Thành công,CN Thanh Xuân,22698891
GD202606005874,2026-06-12 19:20:25,KH000061,Mobile Banking,Thanh toán thẻ,743000,0,Thành công,CN Quận 1,23759745
GD202606009107,2026-06-12 20:11:14,KH000094,Mobile Banking,Nộp tiền mặt,1167000,0,Thành công,CN Cần Thơ,74753721
GD202606013759,2026-06-12 20:20:15,KH000144,Mobile Banking,Chuyển khoản đến,2566000,0,Thành công,CN Cần Thơ,15240181
GD202606011378,2026-06-12 20:46:59,KH000119,Internet Banking,Thanh toán thẻ,89000,0,Thành công,CN TP Hồ Chí Minh,44386131
GD202606011379,2026-06-12 21:05:09,KH000119,QR Code,Chuyển khoản đến,102000,0,Thành công,CN Bình Dương,44488131
GD202606010239,2026-06-12 21:12:14,KH000106,ATM,Nạp tiền điện thoại,1170000,5500,Thành công,CN Bình Dương,32893749
GD202606003772,2026-06-12 21:18:00,KH000035,POS,Nạp tiền điện thoại,4145000,5500,Thành công,CN Bình Dương,10630355
GD202606018326,2026-06-12 21:27:18,KH000194,Internet Banking,Chuyển khoản đến,3460000,0,Thành công,CN Đà Nẵng,16058043
GD202606015146,2026-06-12 21:58:44,KH000162,Mobile Banking,Thanh toán thẻ,125000,0,Thành công,CN Bình Dương,183803
GD202606007021,2026-06-12 22:07:22,KH000074,QR Code,Chuyển khoản đến,1284000,0,Thành công,CN Hoàn Kiếm,31165060
GD202606012665,2026-06-13 06:00:31,KH000131,POS,Thanh toán thẻ,142000,3300,Thành công,CN Cầu Giấy,222580
GD202606008285,2026-06-13 06:25:09,KH000084,QR Code,Chuyển khoản đến,96000,0,Thành công,CN Đà Nẵng,22794891
GD202606001510,2026-06-13 06:32:16,KH000016,ATM,Chuyển khoản đến,197000,5500,Thành công,CN Đà Nẵng,376607
GD202606000980,2026-06-13 07:19:07,KH000013,Mobile Banking,Thanh toán hóa đơn,11476000,0,Thành công,CN Đà Nẵng,147937738
GD202606009538,2026-06-13 07:37:13,KH000097,Mobile Banking,Thanh toán thẻ,409000,0,Thành công,CN Hoàn Kiếm,14433049
GD202606007998,2026-06-13 07:50:09,KH000082,ATM,Rút tiền mặt,1645000,1100,Thành công,CN TP Hồ Chí Minh,32994416
GD202606018634,2026-06-13 07:52:19,KH000197,Internet Banking,Thanh toán thẻ,13412000,0,Thành công,CN Quận 1,79001404
GD202606012295,2026-06-13 07:59:41,KH000128,POS,Thanh toán thẻ,272000,1100,Thành công,CN Đà Nẵng,50507252
GD202606001175,2026-06-13 08:26:26,KH000014,QR Code,Nộp tiền mặt,5764000,0,Thành công,CN Quận 1,39451631
GD202606008124,2026-06-13 08:30:19,KH000083,Mobile Banking,Thanh toán thẻ,352000,0,Thành công,CN TP Hồ Chí Minh,55137946
GD202606009935,2026-06-13 08:54:57,KH000103,Mobile Banking,Thanh toán hóa đơn,1280000,0,Thành công,CN TP Hồ Chí Minh,9234719
GD202606006569,2026-06-13 09:22:50,KH000066,ATM,Nộp tiền mặt,3153000,1100,Thành công,CN Cầu Giấy,162883462
GD202606006176,2026-06-13 09:25:37,KH000063,Mobile Banking,Rút tiền mặt,469000,0,Thành công,CN TP Hồ Chí Minh,61901586
GD202606006398,2026-06-13 10:00:54,KH000065,QR Code,Thanh toán hóa đơn,11710000,0,Thành công,CN Cần Thơ,80979297
GD202606000414,2026-06-13 10:03:27,KH000008,Internet Banking,Rút tiền mặt,9120000,0,Thành công,CN Cầu Giấy,43714464
GD202606015587,2026-06-13 10:06:21,KH000169,Internet Banking,Thanh toán hóa đơn,5829000,0,Thành công,CN Quận 1,32573970
GD202606016294,2026-06-13 10:11:39,KH000176,Mobile Banking,Rút tiền mặt,794000,0,Thành công,CN Thanh Xuân,46781180
GD202606011380,2026-06-13 10:34:31,KH000119,QR Code,Chuyển khoản đi,74000,0,Thành công,CN Quận 1,44414131
GD202606015778,2026-06-13 11:05:09,KH000171,POS,Thanh toán thẻ,105000,1100,Thành công,CN Cầu Giấy,190551
GD202606010935,2026-06-13 11:11:19,KH000115,Mobile Banking,Thanh toán hóa đơn,4882000,0,Thành công,CN Bình Dương,32405045
GD202606003891,2026-06-13 11:31:06,KH000038,POS,Nộp tiền mặt,5248000,3300,Thành công,CN Thanh Xuân,82130551
GD202606004915,2026-06-13 11:45:06,KH000052,Internet Banking,Thanh toán thẻ,53000,0,Thành công,CN Hoàn Kiếm,115006
GD202606017546,2026-06-13 12:27:50,KH000185,POS,Thanh toán thẻ,10958000,3300,Thành công,CN Bình Dương,47394652
GD202606003205,2026-06-13 13:39:48,KH000029,Mobile Banking,Nạp tiền điện thoại,3359000,0,Thành công,CN Cầu Giấy,16607801
GD202606018633,2026-06-13 13:52:14,KH000197,Internet Banking,Nộp tiền mặt,4625000,0,Thành công,CN Cầu Giấy,92413404
GD202606001350,2026-06-13 14:20:16,KH000015,POS,Nạp tiền điện thoại,39179000,3300,Thành công,CN Cần Thơ,161463540
GD202606012296,2026-06-13 14:37:04,KH000128,Mobile Banking,Nạp tiền điện thoại,63000,0,Thành công,CN Hoàn Kiếm,50444252
GD202606005876,2026-06-13 15:19:41,KH000061,POS,Thanh toán thẻ,2107000,0,Thành công,CN Hoàn Kiếm,23056745
GD202606009654,2026-06-13 16:11:59,KH000098,POS,Chuyển khoản đi,196000,0,Thành công,CN TP Hồ Chí Minh,20438187
GD202606013944,2026-06-13 16:27:21,KH000146,POS,Thanh toán thẻ,19018000,1100,Thành công,CN TP Hồ Chí Minh,161736847
GD202606013440,2026-06-13 16:40:16,KH000139,QR Code,Thanh toán thẻ,859000,0,Thành công,CN Hoàn Kiếm,7366507
GD202606015933,2026-06-13 16:48:17,KH000172,POS,Nộp tiền mặt,1949000,3300,Thành công,CN TP Hồ Chí Minh,8426778
GD202606013621,2026-06-13 16:55:37,KH000142,POS,Thanh toán thẻ,2535000,0,Thành công,CN Cần Thơ,76149191
GD202606016997,2026-06-13 17:12:27,KH000182,POS,Thanh toán thẻ,3076000,0,Thành công,CN Cầu Giấy,13883671
GD202606001512,2026-06-13 17:15:46,KH000016,QR Code,Thanh toán thẻ,116000,0,Thành công,CN Quận 1,159607
GD202606001511,2026-06-13 17:23:28,KH000016,Mobile Banking,Chuyển khoản đi,101000,0,Thành công,CN Quận 1,275607
GD202606011817,2026-06-13 18:17:16,KH000125,Mobile Banking,Thanh toán thẻ,191000,0,Thành công,CN Bình Dương,297236
GD202606012925,2026-06-13 18:53:37,KH000132,QR Code,Chuyển khoản đi,4241000,0,Thành công,CN Bình Dương,11781819
GD202606015934,2026-06-13 19:41:36,KH000172,Internet Banking,Rút tiền mặt,856000,0,Thành công,CN Hải Phòng,7570778
GD202606005224,2026-06-13 19:54:30,KH000055,QR Code,Chuyển khoản đến,371000,0,Thành công,CN Quận 1,9769487
GD202606013439,2026-06-13 20:01:02,KH000139,Mobile Banking,Thanh toán hóa đơn,1425000,0,Thành công,CN Cầu Giấy,8225507
GD202606005120,2026-06-13 20:46:59,KH000053,POS,Thanh toán thẻ,38935000,0,Thành công,CN Cầu Giấy,128457229
GD202606013760,2026-06-13 21:18:12,KH000144,QR Code,Chuyển khoản đi,3378000,0,Thành công,CN Thanh Xuân,11862181
GD202606007901,2026-06-13 21:22:32,KH000081,POS,Chuyển khoản đến,29549000,1100,Thành công,CN Thanh Xuân,162947829
GD202606010488,2026-06-13 21:33:28,KH000110,Mobile Banking,Thanh toán thẻ,3253000,0,Thành công,CN Bình Dương,56219023
GD202606016996,2026-06-13 22:03:28,KH000182,Internet Banking,Thanh toán thẻ,6435000,0,Thành công,CN TP Hồ Chí Minh,16959671
GD202606004588,2026-06-13 22:14:46,KH000048,Mobile Banking,Thanh toán thẻ,2914000,0,Thành công,CN Bình Dương,9404615
GD202606006399,2026-06-13 22:15:52,KH000065,QR Code,Chuyển khoản đến,10264000,0,Thành công,CN Bình Dương,91243297
GD202606001900,2026-06-13 22:46:01,KH000019,POS,Thanh toán thẻ,1628000,0,Thành công,CN Thanh Xuân,25813753
GD202606013113,2026-06-13 22:56:50,KH000135,POS,Rút tiền mặt,36344000,1100,Thành công,CN Thanh Xuân,169844276
GD202606010999,2026-06-13 22:59:57,KH000116,Internet Banking,Chuyển khoản đi,28187000,0,Thành công,CN Đà Nẵng,65107685
GD202606011205,2026-06-14 06:20:56,KH000118,POS,Nộp tiền mặt,4111000,1100,Thành công,CN Đà Nẵng,19760679
GD202606007999,2026-06-14 06:21:44,KH000082,Internet Banking,Chuyển khoản đến,3857000,0,Thành công,CN Bình Dương,36851416
GD202606015342,2026-06-14 06:43:54,KH000164,Mobile Banking,Rút tiền mặt,57000,0,Thành công,CN Hải Phòng,18996047
GD202606006178,2026-06-14 07:03:57,KH000063,Mobile Banking,Chuyển khoản đến,790000,0,Thành công,CN Cầu Giấy,63278586
GD202606006674,2026-06-14 07:45:22,KH000068,Quầy giao dịch,Nộp tiền mặt,5129000,0,Thành công,CN Cầu Giấy,82188989
GD202606002319,2026-06-14 07:48:30,KH000021,QR Code,Nạp tiền điện thoại,417000,0,Thành công,CN Đà Nẵng,56492238
GD202606015343,2026-06-14 07:51:48,KH000164,Mobile Banking,Nộp tiền mặt,157000,0,Thành công,CN TP Hồ Chí Minh,19153047
GD202606015588,2026-06-14 07:55:07,KH000169,Internet Banking,Rút tiền mặt,2669000,0,Thành công,CN Quận 1,29904970
GD202606009278,2026-06-14 08:01:00,KH000095,POS,Rút tiền mặt,7650000,1100,Thành công,CN Hoàn Kiếm,36087890
GD202606000649,2026-06-14 08:03:17,KH000010,Quầy giao dịch,Chuyển khoản đến,1750000,5500,Thành công,CN Đà Nẵng,11050653
GD202606011000,2026-06-14 08:08:53,KH000116,ATM,Thanh toán hóa đơn,7371000,0,Thành công,CN TP Hồ Chí Minh,57736685
GD202606006400,2026-06-14 08:09:13,KH000065,Internet Banking,Rút tiền mặt,14579000,0,Thành công,CN Hải Phòng,76664297
GD202606005425,2026-06-14 08:30:58,KH000057,Quầy giao dịch,Chuyển khoản đến,1300000,1100,Thành công,CN Đà Nẵng,45430017
GD202606017297,2026-06-14 08:35:35,KH000183,QR Code,Thanh toán thẻ,8968000,0,Thành công,CN TP Hồ Chí Minh,62848549
GD202606009108,2026-06-14 09:27:04,KH000094,POS,Thanh toán thẻ,299000,3300,Thành công,CN Đà Nẵng,74451421
GD202606013441,2026-06-14 09:30:08,KH000139,QR Code,Rút tiền mặt,431000,0,Thành công,CN Quận 1,6935507
GD202606007902,2026-06-14 09:31:28,KH000081,Quầy giao dịch,Nạp tiền điện thoại,15091000,3300,Thành công,CN Đà Nẵng,147853529
GD202606014287,2026-06-14 09:32:13,KH000152,Mobile Banking,Thanh toán thẻ,1768000,0,Thành công,CN Cầu Giấy,92716391
GD202606006177,2026-06-14 09:38:20,KH000063,Quầy giao dịch,Chuyển khoản đến,587000,0,Thành công,CN Cần Thơ,62488586
GD202606002869,2026-06-14 10:07:40,KH000026,Internet Banking,Rút tiền mặt,186000,0,Thành công,CN Hải Phòng,387222
GD202606001901,2026-06-14 10:21:50,KH000019,POS,Thanh toán thẻ,626000,3300,Thành công,CN Cần Thơ,25184453
GD202606003643,2026-06-14 10:32:27,KH000034,Mobile Banking,Thanh toán thẻ,2294000,0,Thành công,CN TP Hồ Chí Minh,61514528
GD202606018635,2026-06-14 10:44:07,KH000197,Internet Banking,Thanh toán hóa đơn,4413000,0,Thành công,CN TP Hồ Chí Minh,74588404
GD202606013115,2026-06-14 10:51:45,KH000135,Internet Banking,Nạp tiền điện thoại,5013000,0,Thành công,CN Đà Nẵng,135958176
GD202606011001,2026-06-14 11:24:30,KH000116,POS,Thanh toán thẻ,14638000,3300,Thành công,CN Thanh Xuân,43095385
GD202606015671,2026-06-14 11:31:21,KH000170,Quầy giao dịch,Chuyển khoản đến,213000,1100,Thành công,CN Cần Thơ,2367053
GD202606008286,2026-06-14 11:34:17,KH000084,Internet Banking,Thanh toán thẻ,1803000,0,Thành công,CN Bình Dương,20991891
GD202606014748,2026-06-14 11:47:53,KH000156,ATM,Chuyển khoản đến,9390000,0,Thành công,CN Hải Phòng,44890552
GD202606005878,2026-06-14 12:11:08,KH000061,POS,Thanh toán thẻ,2355000,3300,Thành công,CN Hải Phòng,19788445
GD202606008287,2026-06-14 12:35:18,KH000084,Internet Banking,Thanh toán thẻ,833000,0,Thành công,CN Bình Dương,20158891
GD202606015673,2026-06-14 12:37:55,KH000170,Mobile Banking,Thanh toán hóa đơn,531000,0,Thành công,CN Đà Nẵng,1746553
GD202606015672,2026-06-14 13:12:44,KH000170,POS,Thanh toán thẻ,84000,5500,Thành công,CN Cầu Giấy,2277553
GD202606018796,2026-06-14 13:18:47,KH000200,POS,Nộp tiền mặt,114000,3300,Thành công,CN Quận 1,996777
GD202606003207,2026-06-14 14:07:01,KH000029,POS,Thanh toán thẻ,4224000,0,Thất bại,CN Đà Nẵng,16190801
GD202606018797,2026-06-14 14:12:48,KH000200,Internet Banking,Nộp tiền mặt,74000,0,Thành công,CN Hải Phòng,1070777
GD202606009655,2026-06-14 14:18:38,KH000098,Mobile Banking,Thanh toán thẻ,295000,0,Thành công,CN Thanh Xuân,20143187
GD202606012666,2026-06-14 14:24:04,KH000131,QR Code,Chuyển khoản đi,83000,0,Thành công,CN Hải Phòng,139580
GD202606011818,2026-06-14 14:42:08,KH000125,Internet Banking,Thanh toán thẻ,150000,0,Thành công,CN Quận 1,147236
GD202606015341,2026-06-14 14:44:13,KH000164,QR Code,Thanh toán hóa đơn,161000,0,Thành công,CN Quận 1,19053047
GD202606003551,2026-06-14 14:47:58,KH000033,Internet Banking,Chuyển khoản đến,1588000,0,Thành công,CN Quận 1,63824126
GD202606011381,2026-06-14 14:58:45,KH000119,Mobile Banking,Nộp tiền mặt,115000,0,Thành công,CN Bình Dương,44529131
GD202606010489,2026-06-14 15:01:13,KH000110,QR Code,Chuyển khoản đi,1508000,0,Thành công,CN Hải Phòng,54711023
GD202606014465,2026-06-14 15:02:57,KH000153,POS,Thanh toán thẻ,184000,1100,Thành công,CN Thanh Xuân,283741
GD202606003206,2026-06-14 15:27:42,KH000029,Internet Banking,Chuyển khoản đi,417000,0,Thành công,CN Quận 1,16190801
GD202606017609,2026-06-14 15:59:16,KH000186,Mobile Banking,Chuyển khoản đi,4577000,0,Thành công,CN Cầu Giấy,17809343
GD202606013491,2026-06-14 16:03:51,KH000140,Internet Banking,Nạp tiền điện thoại,709000,0,Thành công,CN Cầu Giấy,26663136
GD202606003437,2026-06-14 16:21:07,KH000032,QR Code,Thanh toán thẻ,77000,0,Thành công,CN Quận 1,69186732
GD202606014886,2026-06-14 16:43:43,KH000158,POS,Nộp tiền mặt,3684000,5500,Thành công,CN TP Hồ Chí Minh,90724722
GD202606016135,2026-06-14 16:48:33,KH000174,Quầy giao dịch,Nạp tiền điện thoại,1375000,1100,Thành công,CN Hoàn Kiếm,71067937
GD202606015935,2026-06-14 16:49:20,KH000172,Mobile Banking,Nạp tiền điện thoại,613000,0,Thành công,CN Đà Nẵng,6957778
GD202606001352,2026-06-14 17:04:04,KH000015,Internet Banking,Thanh toán hóa đơn,32990000,0,Thành công,CN Cầu Giấy,73599540
GD202606001351,2026-06-14 17:15:04,KH000015,Mobile Banking,Thanh toán thẻ,54874000,0,Thành công,CN Cầu Giấy,106589540
GD202606005877,2026-06-14 17:29:12,KH000061,POS,Thanh toán thẻ,910000,0,Thành công,CN TP Hồ Chí Minh,22146745
GD202606014464,2026-06-14 17:32:04,KH000153,POS,Thanh toán thẻ,121000,1100,Thành công,CN Hải Phòng,192841
GD202606015280,2026-06-14 17:33:07,KH000163,Internet Banking,Rút tiền mặt,5449000,0,Thành công,CN Đà Nẵng,49671104
GD202606016542,2026-06-14 17:40:30,KH000178,POS,Thanh toán thẻ,5132000,5500,Thành công,CN Bình Dương,51315777
GD202606013442,2026-06-14 17:53:18,KH000139,Internet Banking,Rút tiền mặt,1518000,0,Thành công,CN Quận 1,5417507
GD202606006792,2026-06-14 18:07:46,KH000071,POS,Thanh toán thẻ,4636000,3300,Thành công,CN Quận 1,67796438
GD202606000258,2026-06-14 19:15:36,KH000006,Mobile Banking,Thanh toán thẻ,2698000,0,Thành công,CN Hoàn Kiếm,11085566
GD202606017610,2026-06-14 19:16:21,KH000186,Mobile Banking,Thanh toán thẻ,3694000,0,Thành công,CN Thanh Xuân,14115343
GD202606004916,2026-06-14 19:36:55,KH000052,POS,Thanh toán thẻ,109000,1100,Thành công,CN TP Hồ Chí Minh,168406
GD202606013114,2026-06-14 20:44:12,KH000135,POS,Thanh toán thẻ,28872000,1100,Thành công,CN Hoàn Kiếm,140971176
GD202606008288,2026-06-14 21:26:35,KH000084,Internet Banking,Nạp tiền điện thoại,1589000,0,Thành công,CN Bình Dương,18569891
GD202606013490,2026-06-14 21:34:19,KH000140,POS,Thanh toán hóa đơn,465000,5500,Thành công,CN Bình Dương,27372136
GD202606004417,2026-06-14 21:46:17,KH000045,POS,Thanh toán thẻ,1357000,1100,Thành công,CN TP Hồ Chí Minh,52401079
GD202606009109,2026-06-14 21:53:05,KH000094,Internet Banking,Chuyển khoản đến,1212000,0,Thành công,CN Đà Nẵng,75663421
GD202606000176,2026-06-14 22:36:41,KH000005,Internet Banking,Thanh toán hóa đơn,1371000,0,Thành công,CN Cầu Giấy,2716930
GD202606010068,2026-06-14 22:44:17,KH000104,QR Code,Thanh toán thẻ,63000,0,Thành công,CN Cầu Giấy,16848017
GD202606009539,2026-06-14 22:53:01,KH000097,QR Code,Chuyển khoản đi,1759000,0,Thành công,CN TP Hồ Chí Minh,12674049
GD202606011382,2026-06-15 06:01:02,KH000119,Internet Banking,Chuyển khoản đến,189000,0,Thành công,CN Hoàn Kiếm,44718131
GD202606004418,2026-06-15 06:07:24,KH000045,QR Code,Thanh toán thẻ,449000,0,Thành công,CN Hoàn Kiếm,51952079
GD202606012104,2026-06-15 06:11:34,KH000127,Internet Banking,Thanh toán thẻ,1824000,0,Thành công,CN TP Hồ Chí Minh,18982914
GD202606017299,2026-06-15 06:30:07,KH000183,Internet Banking,Chuyển khoản đi,3733000,0,Thành công,CN Bình Dương,69667549
GD202606004153,2026-06-15 06:32:53,KH000041,Quầy giao dịch,Chuyển khoản đi,8081000,3300,Thành công,CN Hoàn Kiếm,115133817
GD202606003077,2026-06-15 07:11:07,KH000028,QR Code,Thanh toán thẻ,456000,0,Thành công,CN TP Hồ Chí Minh,35271963
GD202606009540,2026-06-15 07:15:13,KH000097,QR Code,Thanh toán thẻ,2187000,0,Thất bại,CN Hải Phòng,12674049
GD202606001902,2026-06-15 07:58:51,KH000019,Quầy giao dịch,Nộp tiền mặt,1528000,5500,Thành công,CN Cầu Giấy,26712453
GD202606017611,2026-06-15 08:00:15,KH000186,POS,Chuyển khoản đi,2638000,0,Thành công,CN Cần Thơ,11477343
GD202606000259,2026-06-15 08:02:37,KH000006,POS,Thanh toán thẻ,2151000,1100,Thành công,CN TP Hồ Chí Minh,8933466
GD202606016295,2026-06-15 08:16:42,KH000176,Internet Banking,Rút tiền mặt,842000,0,Thành công,CN Cần Thơ,45939180
GD202606009914,2026-06-15 08:24:34,KH000102,POS,Thanh toán thẻ,9480000,0,Thành công,CN Cần Thơ,190427734
GD202606014288,2026-06-15 08:59:57,KH000152,POS,Thanh toán thẻ,3468000,0,Thành công,CN Cần Thơ,89248391
GD202606017734,2026-06-15 09:16:44,KH000187,QR Code,Thanh toán hóa đơn,1547000,0,Thành công,CN Cần Thơ,4993282
GD202606001353,2026-06-15 09:21:06,KH000015,Internet Banking,Thanh toán thẻ,17110000,0,Thành công,CN Đà Nẵng,56489540
GD202606003892,2026-06-15 09:23:51,KH000038,POS,Nộp tiền mặt,4272000,5500,Thành công,CN Hoàn Kiếm,86402551
GD202606001513,2026-06-15 09:30:44,KH000016,POS,Thanh toán thẻ,57000,0,Thành công,CN Bình Dương,102607
GD202606015416,2026-06-15 09:41:50,KH000165,Quầy giao dịch,Chuyển khoản đi,9034000,0,Thành công,CN Quận 1,44660549
GD202606015345,2026-06-15 09:58:09,KH000164,QR Code,Thanh toán thẻ,80000,0,Thành công,CN Quận 1,19198047
GD202606011383,2026-06-15 10:04:45,KH000119,Mobile Banking,Chuyển khoản đến,151000,0,Thành công,CN Hải Phòng,44869131
GD202606012105,2026-06-15 10:08:32,KH000127,QR Code,Nộp tiền mặt,6407000,0,Thành công,CN TP Hồ Chí Minh,25389914
GD202606014887,2026-06-15 10:13:27,KH000158,Mobile Banking,Thanh toán hóa đơn,2074000,0,Thành công,CN Cầu Giấy,88650722
GD202606017298,2026-06-15 10:17:59,KH000183,Mobile Banking,Chuyển khoản đến,10552000,0,Thành công,CN TP Hồ Chí Minh,73400549
GD202606000415,2026-06-15 11:12:45,KH000008,QR Code,Chuyển khoản đi,12977000,0,Thành công,CN Bình Dương,30737464
GD202606011571,2026-06-15 11:18:40,KH000121,Internet Banking,Chuyển khoản đến,172000,0,Thất bại,CN Quận 1,7856849
GD202606009656,2026-06-15 12:16:59,KH000098,Mobile Banking,Nộp tiền mặt,583000,0,Thành công,CN Hải Phòng,20726187
GD202606018128,2026-06-15 12:32:19,KH000191,QR Code,Thanh toán thẻ,6902000,0,Thành công,CN Bình Dương,12900649
GD202606002687,2026-06-15 12:43:31,KH000025,Internet Banking,Rút tiền mặt,55000,0,Thành công,CN Hải Phòng,121931
GD202606010358,2026-06-15 13:52:29,KH000108,Quầy giao dịch,Thanh toán hóa đơn,322000,1100,Thành công,CN Đà Nẵng,70757092
GD202606010359,2026-06-15 14:02:17,KH000108,ATM,Rút tiền mặt,310000,1100,Thành công,CN Hoàn Kiếm,70445992
GD202606018578,2026-06-15 14:11:30,KH000196,Internet Banking,Thanh toán hóa đơn,563000,0,Thành công,CN Hải Phòng,60144460
GD202606018443,2026-06-15 14:17:22,KH000195,QR Code,Thanh toán thẻ,88000,0,Thành công,CN Đà Nẵng,111117
GD202606010360,2026-06-15 14:29:36,KH000108,POS,Thanh toán thẻ,277000,3300,Thành công,CN Cầu Giấy,70165692
GD202606005181,2026-06-15 14:36:01,KH000054,Quầy giao dịch,Thanh toán hóa đơn,1942000,0,Thành công,CN Cần Thơ,6631594
GD202606002171,2026-06-15 15:05:20,KH000020,Internet Banking,Thanh toán thẻ,4361000,0,Thành công,CN Quận 1,32262988
GD202606015674,2026-06-15 16:00:16,KH000170,Internet Banking,Nạp tiền điện thoại,424000,0,Thành công,CN Cần Thơ,1322553
GD202606003208,2026-06-15 16:08:02,KH000029,Internet Banking,Thanh toán hóa đơn,3635000,0,Thành công,CN Cần Thơ,12555801
GD202606004589,2026-06-15 16:24:47,KH000048,POS,Thanh toán thẻ,3053000,1100,Thành công,CN Đà Nẵng,6350515
GD202606007357,2026-06-15 17:07:55,KH000077,POS,Thanh toán thẻ,445000,0,Thành công,CN Cần Thơ,3009180
GD202606015536,2026-06-15 17:08:35,KH000168,ATM,Nạp tiền điện thoại,24484000,5500,Thành công,CN Cầu Giấy,51206600
GD202606005225,2026-06-15 17:33:18,KH000055,Quầy giao dịch,Rút tiền mặt,855000,1100,Thành công,CN Thanh Xuân,8913387
GD202606012667,2026-06-15 17:35:45,KH000131,Mobile Banking,Thanh toán thẻ,103000,0,Thành công,CN Đà Nẵng,191080
GD202606006675,2026-06-15 17:53:36,KH000068,POS,Thanh toán thẻ,12621000,5500,Thành công,CN Đà Nẵng,69562489
GD202606015344,2026-06-15 17:54:11,KH000164,Mobile Banking,Nộp tiền mặt,125000,0,Thành công,CN Hoàn Kiếm,19278047
GD202606001651,2026-06-15 18:00:05,KH000017,Quầy giao dịch,Nộp tiền mặt,8692000,3300,Thành công,CN Cầu Giấy,36167254
GD202606013443,2026-06-15 18:08:34,KH000139,Quầy giao dịch,Chuyển khoản đến,762000,0,Thành công,CN Thanh Xuân,6179507
GD202606001514,2026-06-15 18:21:56,KH000016,Mobile Banking,Nộp tiền mặt,182000,0,Thành công,CN Quận 1,284607
GD202606017733,2026-06-15 18:57:13,KH000187,POS,Thanh toán thẻ,2809000,0,Thành công,CN Thanh Xuân,6540282
GD202606007681,2026-06-15 19:02:32,KH000079,QR Code,Thanh toán thẻ,6034000,0,Thành công,CN Cần Thơ,13474177
GD202606012473,2026-06-15 19:04:09,KH000130,POS,Nạp tiền điện thoại,4476000,3300,Thành công,CN Cầu Giấy,31602830
GD202606011572,2026-06-15 19:17:36,KH000121,Internet Banking,Thanh toán thẻ,2393000,0,Thành công,CN Cần Thơ,5463849
GD202606008000,2026-06-15 19:32:59,KH000082,QR Code,Chuyển khoản đi,1221000,0,Thành công,CN Quận 1,35630416
GD202606002927,2026-06-15 21:33:17,KH000027,POS,Thanh toán thẻ,5786000,0,Thành công,CN Bình Dương,13165291
GD202606018129,2026-06-15 21:48:06,KH000191,Mobile Banking,Thanh toán thẻ,3195000,0,Thành công,CN TP Hồ Chí Minh,9705649
GD202606001176,2026-06-15 22:00:31,KH000014,Internet Banking,Nạp tiền điện thoại,1792000,0,Thành công,CN Hải Phòng,37659631
GD202606008580,2026-06-15 22:08:20,KH000087,Mobile Banking,Rút tiền mặt,59000,0,Thành công,CN Cần Thơ,50526
GD202606011573,2026-06-15 22:11:12,KH000121,QR Code,Nộp tiền mặt,1246000,0,Thành công,CN Thanh Xuân,6709849
GD202606000981,2026-06-15 22:18:12,KH000013,Quầy giao dịch,Chuyển khoản đi,30113000,5500,Thành công,CN Hải Phòng,117819238
GD202606011080,2026-06-15 22:39:14,KH000117,POS,Thanh toán thẻ,162000,5500,Thành công,CN Cầu Giấy,73049590
GD202606005303,2026-06-15 22:47:05,KH000056,Mobile Banking,Thanh toán thẻ,1823000,0,Thành công,CN Hoàn Kiếm,95062643
GD202606010240,2026-06-16 06:17:58,KH000106,Quầy giao dịch,Nạp tiền điện thoại,597000,0,Thành công,CN Thanh Xuân,32296749
GD202606004419,2026-06-16 06:19:11,KH000045,POS,Thanh toán thẻ,495000,3300,Thành công,CN Hoàn Kiếm,51453779
GD202606017909,2026-06-16 06:22:04,KH000189,Internet Banking,Thanh toán thẻ,30891000,0,Thành công,CN Cầu Giấy,126359679
GD202606013522,2026-06-16 06:23:53,KH000141,Quầy giao dịch,Rút tiền mặt,510000,3300,Thành công,CN Hải Phòng,17785207
GD202606005880,2026-06-16 06:34:01,KH000061,POS,Thanh toán thẻ,1474000,0,Thành công,CN Cần Thơ,18008445
GD202606015523,2026-06-16 06:51:14,KH000167,Quầy giao dịch,Nộp tiền mặt,2974000,3300,Thành công,CN Hoàn Kiếm,40395608
GD202606014796,2026-06-16 07:19:33,KH000157,POS,Thanh toán thẻ,2315000,0,Thành công,CN Quận 1,4544656
GD202606003893,2026-06-16 07:53:11,KH000038,QR Code,Rút tiền mặt,5134000,0,Thành công,CN Bình Dương,81268551
GD202606009365,2026-06-16 07:55:27,KH000096,Mobile Banking,Nộp tiền mặt,3132000,0,Thành công,CN Hải Phòng,36739898
GD202606015675,2026-06-16 08:31:41,KH000170,QR Code,Chuyển khoản đến,275000,0,Thành công,CN Thanh Xuân,1597553
GD202606006401,2026-06-16 08:48:37,KH000065,Internet Banking,Chuyển khoản đến,20615000,0,Thành công,CN Quận 1,97279297
GD202606012668,2026-06-16 09:00:52,KH000131,QR Code,Chuyển khoản đến,135000,0,Thành công,CN TP Hồ Chí Minh,326080
GD202606008581,2026-06-16 09:44:43,KH000087,QR Code,Thanh toán thẻ,162000,0,Thành công,CN Hoàn Kiếm,131526
GD202606011384,2026-06-16 10:02:46,KH000119,QR Code,Thanh toán thẻ,178000,0,Thành công,CN Bình Dương,44691131
GD202606016475,2026-06-16 10:03:37,KH000177,QR Code,Thanh toán hóa đơn,7438000,0,Thành công,CN Thanh Xuân,15228593
GD202606009366,2026-06-16 10:55:47,KH000096,POS,Thanh toán thẻ,9102000,1100,Thành công,CN Cần Thơ,27636798
GD202606014646,2026-06-16 11:01:58,KH000154,Internet Banking,Nạp tiền điện thoại,1048000,0,Thành công,CN Cầu Giấy,16535194
GD202606010418,2026-06-16 11:45:53,KH000109,Internet Banking,Chuyển khoản đến,168000,0,Thành công,CN Đà Nẵng,14504029
GD202606001177,2026-06-16 11:51:45,KH000014,Mobile Banking,Nạp tiền điện thoại,10229000,0,Thành công,CN Quận 1,27430631
GD202606000811,2026-06-16 12:05:39,KH000011,Mobile Banking,Chuyển khoản đến,1094000,0,Thành công,CN TP Hồ Chí Minh,93891766
GD202606015676,2026-06-16 12:06:44,KH000170,QR Code,Chuyển khoản đến,326000,0,Thành công,CN Hoàn Kiếm,1923553
GD202606009740,2026-06-16 12:49:37,KH000099,POS,Thanh toán thẻ,1898000,3300,Thành công,CN Thanh Xuân,45466365
GD202606016998,2026-06-16 13:22:28,KH000182,Internet Banking,Rút tiền mặt,132000,0,Thành công,CN Hải Phòng,13751671
GD202606004209,2026-06-16 14:24:24,KH000042,Quầy giao dịch,Nạp tiền điện thoại,1514000,0,Thành công,CN Bình Dương,39473915
GD202606004590,2026-06-16 14:24:31,KH000048,POS,Thanh toán thẻ,1848000,1100,Thành công,CN TP Hồ Chí Minh,4501415
GD202606012106,2026-06-16 14:30:50,KH000127,Mobile Banking,Nộp tiền mặt,6572000,0,Thành công,CN Quận 1,31961914
GD202606013523,2026-06-16 14:32:15,KH000141,POS,Thanh toán thẻ,4721000,5500,Thành công,CN Bình Dương,13058707
GD202606017487,2026-06-16 14:40:26,KH000184,POS,Thanh toán thẻ,15388000,1100,Thành công,CN Đà Nẵng,44006130
GD202606003078,2026-06-16 14:52:53,KH000028,POS,Thanh toán thẻ,1440000,5500,Thành công,CN Hoàn Kiếm,33826463
GD202606008477,2026-06-16 15:12:22,KH000086,POS,Chuyển khoản đi,55957000,3300,Thành công,CN Hải Phòng,127241151
GD202606015346,2026-06-16 15:17:49,KH000164,Mobile Banking,Thanh toán thẻ,126000,0,Thành công,CN Thanh Xuân,19072047
GD202606009110,2026-06-16 15:21:42,KH000094,Mobile Banking,Thanh toán thẻ,626000,0,Thành công,CN Cần Thơ,75037421
GD202606010069,2026-06-16 15:34:40,KH000104,QR Code,Nộp tiền mặt,2699000,0,Thành công,CN Bình Dương,19547017
GD202606014645,2026-06-16 15:36:39,KH000154,POS,Thanh toán thẻ,229000,3300,Thành công,CN TP Hồ Chí Minh,17583194
GD202606015148,2026-06-16 15:53:44,KH000162,POS,Thanh toán thẻ,110000,0,Thành công,CN Hải Phòng,148303
GD202606014888,2026-06-16 16:45:01,KH000158,POS,Thanh toán thẻ,13516000,1100,Thành công,CN Hoàn Kiếm,75133622
GD202606005879,2026-06-16 16:50:10,KH000061,Internet Banking,Thanh toán thẻ,306000,0,Thành công,CN Cầu Giấy,19482445
GD202606011002,2026-06-16 17:04:43,KH000116,POS,Thanh toán thẻ,14376000,0,Thành công,CN Quận 1,28719385
GD202606006402,2026-06-16 17:12:39,KH000065,Internet Banking,Nộp tiền mặt,27809000,0,Thành công,CN Đà Nẵng,125088297
GD202606016474,2026-06-16 17:27:01,KH000177,Mobile Banking,Chuyển khoản đi,7686000,0,Thành công,CN TP Hồ Chí Minh,22666593
GD202606011081,2026-06-16 17:41:54,KH000117,QR Code,Chuyển khoản đến,383000,0,Thất bại,CN Hải Phòng,73049590
GD202606016543,2026-06-16 17:58:00,KH000178,QR Code,Rút tiền mặt,1925000,0,Thành công,CN Hải Phòng,49390777
GD202606014050,2026-06-16 18:05:37,KH000148,POS,Thanh toán hóa đơn,552000,3300,Thành công,CN Cầu Giấy,61240762
GD202606003978,2026-06-16 19:36:44,KH000039,QR Code,Thanh toán hóa đơn,1818000,0,Thành công,CN Hải Phòng,57339596
GD202606006742,2026-06-16 19:46:53,KH000070,Internet Banking,Chuyển khoản đến,1939000,0,Thành công,CN Hoàn Kiếm,96469268
GD202606018327,2026-06-16 20:20:41,KH000194,Quầy giao dịch,Nạp tiền điện thoại,2566000,3300,Thành công,CN Thanh Xuân,13488743
GD202606017301,2026-06-16 20:28:25,KH000183,Mobile Banking,Thanh toán thẻ,16098000,0,Thành công,CN Bình Dương,56621549
GD202606016473,2026-06-16 20:30:00,KH000177,POS,Thanh toán thẻ,15583000,0,Thành công,CN Quận 1,30352593
GD202606014713,2026-06-16 20:51:10,KH000155,POS,Thanh toán thẻ,74287000,5500,Thành công,CN Thanh Xuân,221491916
GD202606007024,2026-06-16 20:56:19,KH000074,Mobile Banking,Thanh toán thẻ,1872000,0,Thành công,CN TP Hồ Chí Minh,28227060
GD202606015147,2026-06-16 21:04:15,KH000162,QR Code,Thanh toán hóa đơn,149000,0,Thành công,CN Quận 1,258303
GD202606017300,2026-06-16 21:13:20,KH000183,QR Code,Chuyển khoản đến,3052000,0,Thành công,CN Bình Dương,72719549
GD202606012926,2026-06-16 21:28:32,KH000132,Mobile Banking,Thanh toán thẻ,2288000,0,Thành công,CN Thanh Xuân,9493819
GD202606007023,2026-06-16 22:30:18,KH000074,Mobile Banking,Thanh toán thẻ,847000,0,Thành công,CN Cần Thơ,30099060
GD202606014289,2026-06-16 22:39:19,KH000152,ATM,Thanh toán hóa đơn,3303000,5500,Thành công,CN Cần Thơ,85939891
GD202606010648,2026-06-17 06:31:01,KH000112,Mobile Banking,Nạp tiền điện thoại,2670000,0,Thành công,CN Đà Nẵng,32528644
GD202606009111,2026-06-17 06:40:23,KH000094,QR Code,Thanh toán hóa đơn,827000,0,Thành công,CN Đà Nẵng,74210421
GD202606006909,2026-06-17 06:57:07,KH000073,QR Code,Thanh toán thẻ,5858000,0,Thành công,CN Hải Phòng,95235299
GD202606009936,2026-06-17 07:20:28,KH000103,QR Code,Nộp tiền mặt,527000,0,Thành công,CN Hoàn Kiếm,9761719
GD202606015779,2026-06-17 07:30:26,KH000171,Mobile Banking,Thanh toán thẻ,133000,0,Thành công,CN Đà Nẵng,57551
GD202606015537,2026-06-17 07:35:52,KH000168,POS,Thanh toán thẻ,16898000,0,Thành công,CN Cần Thơ,34308600
GD202606009937,2026-06-17 07:57:38,KH000103,Quầy giao dịch,Nộp tiền mặt,582000,3300,Thành công,CN Cần Thơ,10343719
GD202606009367,2026-06-17 08:21:45,KH000096,Mobile Banking,Thanh toán thẻ,1716000,0,Thành công,CN Bình Dương,25920798
GD202606000260,2026-06-17 08:31:42,KH000006,POS,Thanh toán thẻ,655000,0,Thành công,CN Quận 1,8278466
GD202606017488,2026-06-17 10:25:40,KH000184,POS,Thanh toán thẻ,1322000,5500,Thành công,CN Cầu Giấy,42678630
GD202606000416,2026-06-17 10:36:22,KH000008,POS,Thanh toán thẻ,9097000,3300,Thành công,CN Hoàn Kiếm,21637164
GD202606009834,2026-06-17 10:55:57,KH000100,Mobile Banking,Rút tiền mặt,14035000,0,Thành công,CN Thanh Xuân,65128912
GD202606002688,2026-06-17 11:26:28,KH000025,Mobile Banking,Chuyển khoản đến,192000,0,Thành công,CN Cần Thơ,313931
GD202606008692,2026-06-17 11:53:58,KH000088,Mobile Banking,Nạp tiền điện thoại,3910000,0,Thành công,CN Hoàn Kiếm,9136908
GD202606008289,2026-06-17 12:04:56,KH000084,Mobile Banking,Nộp tiền mặt,1385000,0,Thành công,CN Bình Dương,19954891
GD202606005304,2026-06-17 12:05:14,KH000056,POS,Thanh toán thẻ,3674000,3300,Thành công,CN Thanh Xuân,91385343
GD202606002172,2026-06-17 12:07:35,KH000020,QR Code,Thanh toán hóa đơn,6282000,0,Thành công,CN Quận 1,25980988
GD202606006179,2026-06-17 12:13:02,KH000063,POS,Thanh toán thẻ,661000,3300,Thành công,CN Cầu Giấy,62614286
GD202606009742,2026-06-17 12:34:42,KH000099,POS,Thanh toán thẻ,1914000,1100,Thành công,CN Hải Phòng,45055265
GD202606009938,2026-06-17 13:07:39,KH000103,Internet Banking,Thanh toán hóa đơn,922000,0,Thành công,CN Cần Thơ,9421719
GD202606009741,2026-06-17 13:11:07,KH000099,QR Code,Nộp tiền mặt,1504000,0,Thành công,CN Bình Dương,46970365
GD202606018328,2026-06-17 13:19:41,KH000194,QR Code,Thanh toán thẻ,1489000,0,Thành công,CN Hải Phòng,11999743
GD202606005881,2026-06-17 13:19:54,KH000061,POS,Thanh toán thẻ,224000,0,Thành công,CN Cầu Giấy,17784445
GD202606007358,2026-06-17 13:33:48,KH000077,QR Code,Thanh toán thẻ,700000,0,Thành công,CN Quận 1,2309180
GD202606016544,2026-06-17 13:46:05,KH000178,QR Code,Thanh toán thẻ,2189000,0,Thành công,CN Bình Dương,47201777
GD202606007025,2026-06-17 14:12:42,KH000074,POS,Thanh toán thẻ,1306000,1100,Thành công,CN Cần Thơ,26919960
GD202606003438,2026-06-17 14:18:35,KH000032,ATM,Nộp tiền mặt,141000,3300,Thành công,CN Hoàn Kiếm,69327732
GD202606018798,2026-06-17 14:45:53,KH000200,POS,Thanh toán thẻ,52000,5500,Thành công,CN Thanh Xuân,1013277
GD202606017302,2026-06-17 16:11:46,KH000183,QR Code,Rút tiền mặt,17449000,0,Thành công,CN Thanh Xuân,39172549
GD202606012297,2026-06-17 16:24:48,KH000128,QR Code,Thanh toán thẻ,347000,0,Thành công,CN Thanh Xuân,50097252
GD202606005613,2026-06-17 16:40:21,KH000059,Mobile Banking,Nộp tiền mặt,14272000,0,Thành công,CN TP Hồ Chí Minh,94857684
GD202606015677,2026-06-17 17:09:47,KH000170,Internet Banking,Nộp tiền mặt,317000,0,Thành công,CN Cầu Giấy,2240553
GD202606013389,2026-06-17 17:15:13,KH000138,Quầy giao dịch,Chuyển khoản đến,5508000,1100,Thành công,CN Hoàn Kiếm,22877051
GD202606004754,2026-06-17 17:45:29,KH000051,POS,Thanh toán thẻ,481000,1100,Thành công,CN Đà Nẵng,4838156
GD202606006743,2026-06-17 17:51:38,KH000070,POS,Thanh toán thẻ,4528000,1100,Thành công,CN Cầu Giấy,91940168
GD202606015281,2026-06-17 18:01:44,KH000163,QR Code,Thanh toán thẻ,2868000,0,Thành công,CN Thanh Xuân,46803104
GD202606008479,2026-06-17 18:05:26,KH000086,POS,Thanh toán thẻ,28747000,0,Thành công,CN Quận 1,92653151
GD202606008873,2026-06-17 18:11:39,KH000092,Internet Banking,Thanh toán thẻ,3688000,0,Thành công,CN Cần Thơ,8844384
GD202606017910,2026-06-17 18:17:15,KH000189,QR Code,Nộp tiền mặt,24310000,0,Thành công,CN Thanh Xuân,150669679
GD202606017735,2026-06-17 18:39:04,KH000187,Internet Banking,Chuyển khoản đến,114000,0,Thành công,CN Hải Phòng,5107282
GD202606017547,2026-06-17 18:49:52,KH000185,QR Code,Thanh toán thẻ,14561000,0,Thành công,CN Hoàn Kiếm,32833652
GD202606017612,2026-06-17 18:55:29,KH000186,QR Code,Chuyển khoản đến,3228000,0,Thành công,CN Quận 1,14705343
GD202606007169,2026-06-17 18:59:27,KH000075,Mobile Banking,Nạp tiền điện thoại,1555000,0,Thành công,CN Cần Thơ,32897392
GD202606005427,2026-06-17 19:04:23,KH000057,POS,Thanh toán thẻ,14837000,5500,Thành công,CN Thanh Xuân,30746517
GD202606014714,2026-06-17 19:16:15,KH000155,QR Code,Thanh toán thẻ,37750000,0,Thành công,CN Bình Dương,183741916
GD202606013082,2026-06-17 19:16:22,KH000134,Internet Banking,Thanh toán thẻ,1799000,0,Thành công,CN Hải Phòng,11071662
GD202606005426,2026-06-17 19:29:27,KH000057,Mobile Banking,Chuyển khoản đến,159000,0,Thành công,CN Hoàn Kiếm,45589017
GD202606003079,2026-06-17 19:30:58,KH000028,Internet Banking,Thanh toán thẻ,985000,0,Thành công,CN Cần Thơ,32841463
GD202606009743,2026-06-17 19:49:18,KH000099,Internet Banking,Rút tiền mặt,2047000,0,Thành công,CN Đà Nẵng,43008265
GD202606014290,2026-06-17 19:51:47,KH000152,ATM,Chuyển khoản đến,3102000,3300,Thành công,CN Cần Thơ,89041891
GD202606009541,2026-06-17 20:12:22,KH000097,Mobile Banking,Rút tiền mặt,53000,0,Thành công,CN Quận 1,12621049
GD202606014466,2026-06-17 20:19:17,KH000153,QR Code,Thanh toán thẻ,192000,0,Thành công,CN Cầu Giấy,91741
GD202606010835,2026-06-17 20:25:20,KH000114,QR Code,Nạp tiền điện thoại,61000,0,Thành công,CN Thanh Xuân,61647233
GD202606012298,2026-06-17 20:27:01,KH000128,POS,Chuyển khoản đến,455000,0,Thành công,CN Thanh Xuân,50552252
GD202606016999,2026-06-17 20:35:01,KH000182,Quầy giao dịch,Thanh toán hóa đơn,3946000,0,Thành công,CN Cầu Giấy,9805671
GD202606015589,2026-06-17 20:45:13,KH000169,POS,Thanh toán thẻ,6576000,0,Thành công,CN Đà Nẵng,23328970
GD202606011819,2026-06-17 20:51:04,KH000125,Mobile Banking,Nạp tiền điện thoại,162000,0,Thành công,CN TP Hồ Chí Minh,228236
GD202606012107,2026-06-17 21:19:39,KH000127,Internet Banking,Chuyển khoản đi,8980000,0,Thành công,CN Hải Phòng,22981914
GD202606008693,2026-06-17 21:43:27,KH000088,Mobile Banking,Nộp tiền mặt,65000,0,Thành công,CN Hoàn Kiếm,9201908
GD202606012108,2026-06-17 21:44:48,KH000127,Mobile Banking,Nộp tiền mặt,5515000,0,Thành công,CN Quận 1,28496914
GD202606018130,2026-06-17 22:25:48,KH000191,Mobile Banking,Thanh toán thẻ,1293000,0,Thành công,CN Thanh Xuân,8412649
GD202606011574,2026-06-17 22:36:06,KH000121,Internet Banking,Nộp tiền mặt,172000,0,Thành công,CN Thanh Xuân,6881849
GD202606016792,2026-06-17 22:46:32,KH000181,POS,Thanh toán thẻ,179000,5500,Thành công,CN TP Hồ Chí Minh,311220
GD202606003979,2026-06-17 22:52:57,KH000039,Quầy giao dịch,Thanh toán hóa đơn,1685000,5500,Thành công,CN Bình Dương,55649096
GD202606008478,2026-06-17 22:58:21,KH000086,Internet Banking,Thanh toán thẻ,5841000,0,Thành công,CN Hoàn Kiếm,121400151
GD202606018329,2026-06-18 06:06:41,KH000194,Quầy giao dịch,Rút tiền mặt,3493000,1100,Thành công,CN Bình Dương,8505643
GD202606013761,2026-06-18 06:23:25,KH000144,Internet Banking,Chuyển khoản đi,463000,0,Thành công,CN Quận 1,11399181
GD202606018636,2026-06-18 06:47:22,KH000197,Internet Banking,Chuyển khoản đến,21592000,0,Thành công,CN Hải Phòng,96180404
GD202606017000,2026-06-18 07:25:04,KH000182,QR Code,Thanh toán thẻ,2841000,0,Thành công,CN Quận 1,6964671
GD202606014749,2026-06-18 07:49:11,KH000156,Mobile Banking,Thanh toán thẻ,7380000,0,Thành công,CN Thanh Xuân,37510552
GD202606006793,2026-06-18 07:54:23,KH000071,Mobile Banking,Thanh toán thẻ,15502000,0,Thành công,CN Đà Nẵng,52294438
GD202606014051,2026-06-18 08:33:48,KH000148,Internet Banking,Rút tiền mặt,361000,0,Thành công,CN Thanh Xuân,60879762
GD202606012669,2026-06-18 08:43:24,KH000131,Internet Banking,Rút tiền mặt,100000,0,Thành công,CN Cầu Giấy,226080
GD202606015417,2026-06-18 08:44:06,KH000165,Quầy giao dịch,Chuyển khoản đi,5144000,5500,Thành công,CN TP Hồ Chí Minh,39511049
GD202606004683,2026-06-18 09:28:05,KH000050,Internet Banking,Thanh toán thẻ,3805000,0,Thành công,CN Cầu Giấy,19486375
GD202606014648,2026-06-18 09:41:19,KH000154,QR Code,Chuyển khoản đến,1678000,0,Thành công,CN Hoàn Kiếm,16873194
GD202606015591,2026-06-18 09:55:53,KH000169,Quầy giao dịch,Nạp tiền điện thoại,2987000,0,Thành công,CN Thanh Xuân,18909670
GD202606006403,2026-06-18 10:21:50,KH000065,Mobile Banking,Rút tiền mặt,12475000,0,Thành công,CN TP Hồ Chí Minh,112613297
GD202606004919,2026-06-18 10:26:01,KH000052,QR Code,Chuyển khoản đi,148000,0,Thành công,CN Cầu Giấy,189906
GD202606003323,2026-06-18 10:32:08,KH000031,Mobile Banking,Thanh toán thẻ,191000,0,Thất bại,CN Cầu Giấy,253303
GD202606002928,2026-06-18 10:58:02,KH000027,QR Code,Nộp tiền mặt,3580000,0,Thành công,CN Hoàn Kiếm,16745291
GD202606015590,2026-06-18 11:09:58,KH000169,POS,Thanh toán thẻ,1429000,3300,Thành công,CN Thanh Xuân,21896670
GD202606000982,2026-06-18 11:30:54,KH000013,Mobile Banking,Rút tiền mặt,28574000,0,Thành công,CN Bình Dương,89245238
GD202606004210,2026-06-18 12:15:00,KH000042,POS,Nộp tiền mặt,270000,3300,Thành công,CN Quận 1,39743915
GD202606004591,2026-06-18 12:28:57,KH000048,POS,Rút tiền mặt,1072000,1100,Thành công,CN Cầu Giấy,3428315
GD202606014467,2026-06-18 12:39:49,KH000153,Mobile Banking,Thanh toán thẻ,176000,0,Thành công,CN Bình Dương,179741
GD202606008734,2026-06-18 13:58:15,KH000090,QR Code,Thanh toán hóa đơn,71399000,0,Thành công,CN Quận 1,249383496
GD202606017303,2026-06-18 14:04:02,KH000183,QR Code,Chuyển khoản đi,4650000,0,Thành công,CN Hải Phòng,34522549
GD202606003080,2026-06-18 14:17:46,KH000028,Mobile Banking,Nộp tiền mặt,1595000,0,Thành công,CN Cần Thơ,34436463
GD202606010419,2026-06-18 14:24:49,KH000109,ATM,Thanh toán hóa đơn,4668000,1100,Thành công,CN Hoàn Kiếm,9834929
GD202606004917,2026-06-18 15:05:36,KH000052,Internet Banking,Nạp tiền điện thoại,109000,0,Thành công,CN Hải Phòng,59406
GD202606001903,2026-06-18 15:07:03,KH000019,Internet Banking,Rút tiền mặt,2308000,0,Thất bại,CN Quận 1,26712453
GD202606011820,2026-06-18 15:40:16,KH000125,Internet Banking,Rút tiền mặt,171000,0,Thành công,CN Thanh Xuân,57236
GD202606008436,2026-06-18 15:53:49,KH000085,ATM,Rút tiền mặt,11150000,0,Thành công,CN Cầu Giấy,25110089
GD202606007170,2026-06-18 16:03:45,KH000075,QR Code,Thanh toán thẻ,1281000,0,Thành công,CN TP Hồ Chí Minh,31616392
GD202606013187,2026-06-18 16:10:15,KH000136,POS,Thanh toán thẻ,2256000,5500,Thành công,CN Hoàn Kiếm,16820964
GD202606004918,2026-06-18 16:22:38,KH000052,Mobile Banking,Rút tiền mặt,113000,0,Thành công,CN Đà Nẵng,115906
GD202606014797,2026-06-18 16:26:34,KH000157,POS,Thanh toán thẻ,1084000,5500,Thành công,CN Cầu Giấy,3455156
GD202606017911,2026-06-18 17:39:08,KH000189,POS,Thanh toán thẻ,30574000,0,Thành công,CN Quận 1,120095679
GD202606018754,2026-06-18 18:41:30,KH000199,POS,Nộp tiền mặt,45518000,3300,Thành công,CN Cần Thơ,325640217
GD202606012109,2026-06-18 18:42:43,KH000127,Internet Banking,Thanh toán hóa đơn,6285000,0,Thành công,CN Cầu Giấy,22211914
GD202606003894,2026-06-18 18:57:08,KH000038,Quầy giao dịch,Thanh toán hóa đơn,974000,5500,Thành công,CN Bình Dương,80289051
GD202606008582,2026-06-18 19:20:10,KH000087,QR Code,Nộp tiền mặt,129000,0,Thành công,CN Quận 1,260526
GD202606007359,2026-06-18 19:30:33,KH000077,Internet Banking,Chuyển khoản đến,260000,0,Thành công,CN Hải Phòng,2569180
GD202606014291,2026-06-18 19:47:09,KH000152,Quầy giao dịch,Nộp tiền mặt,741000,3300,Thành công,CN Hải Phòng,89782891
GD202606008290,2026-06-18 19:57:45,KH000084,QR Code,Thanh toán thẻ,1557000,0,Thành công,CN Thanh Xuân,18397891
GD202606005428,2026-06-18 19:59:03,KH000057,QR Code,Thanh toán thẻ,4166000,0,Thành công,CN Quận 1,26580517
GD202606007026,2026-06-18 20:02:23,KH000074,Mobile Banking,Thanh toán hóa đơn,1310000,0,Thành công,CN Cầu Giấy,25609960
GD202606006794,2026-06-18 20:18:20,KH000071,QR Code,Nộp tiền mặt,7688000,0,Thành công,CN TP Hồ Chí Minh,59982438
GD202606001354,2026-06-18 20:41:29,KH000015,POS,Thanh toán thẻ,12853000,5500,Thành công,CN Thanh Xuân,43631040
GD202606010070,2026-06-18 20:43:35,KH000104,Internet Banking,Thanh toán thẻ,1486000,0,Thành công,CN Cần Thơ,18061017
GD202606013524,2026-06-18 21:09:08,KH000141,POS,Thanh toán thẻ,396000,0,Thành công,CN Đà Nẵng,12662707
GD202606001355,2026-06-18 21:36:58,KH000015,ATM,Chuyển khoản đi,4592000,1100,Thành công,CN Quận 1,39037940
GD202606003644,2026-06-18 22:15:21,KH000034,POS,Thanh toán thẻ,1254000,3300,Thành công,CN Bình Dương,60257228
GD202606014647,2026-06-18 22:17:09,KH000154,Mobile Banking,Nạp tiền điện thoại,1340000,0,Thành công,CN Quận 1,15195194
GD202606003439,2026-06-18 22:22:58,KH000032,Internet Banking,Chuyển khoản đến,195000,0,Thành công,CN Hải Phòng,69522732
GD202606014997,2026-06-18 22:28:43,KH000160,POS,Nạp tiền điện thoại,3564000,1100,Thành công,CN TP Hồ Chí Minh,72447094
GD202606010718,2026-06-19 06:32:35,KH000113,POS,Nộp tiền mặt,6103000,1100,Thành công,CN Đà Nẵng,52128445
GD202606002690,2026-06-19 06:42:14,KH000025,Internet Banking,Thanh toán thẻ,57000,0,Thành công,CN Quận 1,98931
GD202606006570,2026-06-19 06:42:27,KH000066,POS,Thanh toán thẻ,4619000,5500,Thành công,CN Đà Nẵng,158258962
GD202606013083,2026-06-19 06:48:35,KH000134,Mobile Banking,Thanh toán hóa đơn,2848000,0,Thất bại,CN Cầu Giấy,11071662
GD202606010587,2026-06-19 07:17:07,KH000111,POS,Thanh toán thẻ,16912000,5500,Thành công,CN Hải Phòng,87775207
GD202606001904,2026-06-19 07:42:05,KH000019,Internet Banking,Nạp tiền điện thoại,1103000,0,Thành công,CN Quận 1,25609453
GD202606018131,2026-06-19 07:55:24,KH000191,Mobile Banking,Rút tiền mặt,2052000,0,Thành công,CN Hải Phòng,6360649
GD202606011639,2026-06-19 08:11:19,KH000123,POS,Nộp tiền mặt,33252000,0,Thành công,CN Thanh Xuân,656096763
GD202606015781,2026-06-19 08:22:03,KH000171,POS,Thanh toán thẻ,77000,1100,Thành công,CN Quận 1,124451
GD202606004532,2026-06-19 08:31:56,KH000046,POS,Rút tiền mặt,27932000,5500,Thành công,CN Bình Dương,81964676
GD202606015149,2026-06-19 08:41:26,KH000162,Internet Banking,Thanh toán thẻ,196000,0,Thành công,CN Hoàn Kiếm,246303
GD202606015348,2026-06-19 08:49:18,KH000164,Quầy giao dịch,Nộp tiền mặt,131000,1100,Thành công,CN Cần Thơ,19071047
GD202606007027,2026-06-19 08:49:23,KH000074,Mobile Banking,Nộp tiền mặt,753000,0,Thành công,CN Bình Dương,26362960
GD202606018330,2026-06-19 08:58:25,KH000194,Quầy giao dịch,Nạp tiền điện thoại,1445000,3300,Thành công,CN Thanh Xuân,7057343
GD202606015150,2026-06-19 09:15:24,KH000162,Internet Banking,Nạp tiền điện thoại,108000,0,Thành công,CN Cầu Giấy,138303
GD202606014649,2026-06-19 09:28:39,KH000154,Internet Banking,Chuyển khoản đến,347000,0,Thất bại,CN Hải Phòng,16873194
GD202606005121,2026-06-19 09:28:54,KH000053,Internet Banking,Thanh toán hóa đơn,10777000,0,Thành công,CN TP Hồ Chí Minh,117680229
GD202606010071,2026-06-19 09:43:00,KH000104,Internet Banking,Thanh toán thẻ,2700000,0,Thành công,CN Quận 1,15361017
GD202606004920,2026-06-19 10:03:50,KH000052,QR Code,Thanh toán thẻ,191000,0,Thành công,CN Hải Phòng,285406
GD202606007171,2026-06-19 10:12:36,KH000075,Quầy giao dịch,Nộp tiền mặt,6576000,5500,Thành công,CN Thanh Xuân,38192392
GD202606002173,2026-06-19 10:32:58,KH000020,Internet Banking,Thanh toán thẻ,5487000,0,Thành công,CN Cầu Giấy,20493988
GD202606002175,2026-06-19 10:42:17,KH000020,POS,Thanh toán thẻ,181000,1100,Thành công,CN Cầu Giấy,13481788
GD202606002454,2026-06-19 10:44:42,KH000023,POS,Nộp tiền mặt,970000,5500,Thành công,CN Hoàn Kiếm,35530336
GD202606001178,2026-06-19 10:45:55,KH000014,Mobile Banking,Nộp tiền mặt,8019000,0,Thành công,CN Thanh Xuân,35449631
GD202606015678,2026-06-19 11:26:23,KH000170,QR Code,Thanh toán thẻ,619000,0,Thành công,CN Đà Nẵng,1621553
GD202606009939,2026-06-19 11:51:13,KH000103,Mobile Banking,Nộp tiền mặt,730000,0,Thành công,CN TP Hồ Chí Minh,10151719
GD202606004420,2026-06-19 12:06:53,KH000045,POS,Thanh toán thẻ,1173000,1100,Thành công,CN Thanh Xuân,50279679
GD202606012111,2026-06-19 12:10:50,KH000127,Internet Banking,Thanh toán thẻ,2490000,0,Thành công,CN Cầu Giấy,15645914
GD202606003209,2026-06-19 12:13:48,KH000029,POS,Thanh toán thẻ,2279000,3300,Thành công,CN Quận 1,10273501
GD202606016545,2026-06-19 12:14:54,KH000178,Mobile Banking,Rút tiền mặt,9614000,0,Thành công,CN Cầu Giấy,37587777
GD202606012110,2026-06-19 12:20:16,KH000127,POS,Thanh toán thẻ,4076000,0,Thành công,CN Cần Thơ,18135914
GD202606010836,2026-06-19 12:21:54,KH000114,Internet Banking,Thanh toán thẻ,932000,0,Thành công,CN Quận 1,60715233
GD202606008790,2026-06-19 12:47:49,KH000091,Quầy giao dịch,Chuyển khoản đến,45069000,1100,Thành công,CN TP Hồ Chí Minh,184347508
GD202606017737,2026-06-19 12:57:38,KH000187,POS,Thanh toán thẻ,660000,5500,Thành công,CN Hoàn Kiếm,3670782
GD202606011206,2026-06-19 13:58:08,KH000118,QR Code,Chuyển khoản đến,6353000,0,Thành công,CN Đà Nẵng,26113679
GD202606007222,2026-06-19 14:18:18,KH000076,Mobile Banking,Chuyển khoản đi,925000,0,Thành công,CN Hoàn Kiếm,1851341
GD202606015592,2026-06-19 14:28:58,KH000169,Internet Banking,Thanh toán thẻ,874000,0,Thành công,CN Bình Dương,18035670
GD202606013116,2026-06-19 14:40:01,KH000135,QR Code,Chuyển khoản đến,21683000,0,Thành công,CN Quận 1,157641176
GD202606014798,2026-06-19 15:00:40,KH000157,Mobile Banking,Chuyển khoản đến,553000,0,Thành công,CN Quận 1,4008156
GD202606003324,2026-06-19 15:59:32,KH000031,POS,Nạp tiền điện thoại,109000,3300,Thành công,CN Cần Thơ,141003
GD202606005226,2026-06-19 16:13:14,KH000055,Internet Banking,Chuyển khoản đi,203000,0,Thành công,CN Thanh Xuân,8710387
GD202606015282,2026-06-19 16:14:25,KH000163,ATM,Chuyển khoản đến,7582000,1100,Thành công,CN Quận 1,54385104
GD202606013525,2026-06-19 16:47:26,KH000141,Mobile Banking,Chuyển khoản đi,4026000,0,Thành công,CN Cầu Giấy,8636707
GD202606013444,2026-06-19 17:04:16,KH000139,QR Code,Chuyển khoản đến,1220000,0,Thành công,CN Bình Dương,7399507
GD202606006726,2026-06-19 17:04:31,KH000069,POS,Thanh toán thẻ,781000,5500,Thành công,CN Cần Thơ,74741011
GD202606002174,2026-06-19 17:14:26,KH000020,POS,Thanh toán thẻ,6829000,1100,Thành công,CN Đà Nẵng,13663888
GD202606010717,2026-06-19 17:23:45,KH000113,Internet Banking,Thanh toán thẻ,2843000,0,Thành công,CN Bình Dương,46025445
GD202606015538,2026-06-19 17:32:12,KH000168,Internet Banking,Chuyển khoản đi,7748000,0,Thành công,CN Hoàn Kiếm,26560600
GD202606015780,2026-06-19 17:34:40,KH000171,QR Code,Rút tiền mặt,59000,0,Thành công,CN Hoàn Kiếm,87051
GD202606015347,2026-06-19 17:39:09,KH000164,Internet Banking,Thanh toán thẻ,132000,0,Thành công,CN Hải Phòng,18940047
GD202606017001,2026-06-19 17:50:52,KH000182,Internet Banking,Chuyển khoản đến,1699000,0,Thành công,CN Hoàn Kiếm,8663671
GD202606007682,2026-06-19 17:51:18,KH000079,QR Code,Nộp tiền mặt,524000,0,Thành công,CN Hoàn Kiếm,13998177
GD202606013300,2026-06-19 17:57:06,KH000137,QR Code,Chuyển khoản đi,7399000,0,Thành công,CN Quận 1,24252380
GD202606017613,2026-06-19 18:18:25,KH000186,Mobile Banking,Rút tiền mặt,2895000,0,Thành công,CN Quận 1,11810343
GD202606011003,2026-06-19 18:30:38,KH000116,QR Code,Thanh toán hóa đơn,704000,0,Thành công,CN Hoàn Kiếm,28015385
GD202606007876,2026-06-19 18:33:23,KH000080,QR Code,Thanh toán thẻ,1240000,0,Thành công,CN Thanh Xuân,90668049
GD202606010716,2026-06-19 19:21:09,KH000113,Mobile Banking,Nạp tiền điện thoại,4557000,0,Thành công,CN Đà Nẵng,48868445
GD202606011821,2026-06-19 19:27:03,KH000125,POS,Thanh toán thẻ,154000,1100,Thành công,CN Hoàn Kiếm,133136
GD202606014132,2026-06-19 19:38:24,KH000149,POS,Thanh toán thẻ,12139000,5500,Thành công,CN Hoàn Kiếm,27298410
GD202606002689,2026-06-19 19:53:34,KH000025,QR Code,Rút tiền mặt,158000,0,Thành công,CN Cần Thơ,155931
GD202606016660,2026-06-19 19:55:23,KH000180,POS,Thanh toán thẻ,1505000,0,Thành công,CN Bình Dương,48738862
GD202606017304,2026-06-19 20:12:52,KH000183,Mobile Banking,Chuyển khoản đi,4716000,0,Thành công,CN Thanh Xuân,29806549
GD202606011082,2026-06-19 20:13:28,KH000117,Mobile Banking,Thanh toán thẻ,233000,0,Thành công,CN TP Hồ Chí Minh,72816590
GD202606005429,2026-06-19 20:48:13,KH000057,Internet Banking,Nộp tiền mặt,8950000,0,Thành công,CN Hoàn Kiếm,35530517
GD202606017736,2026-06-19 21:03:30,KH000187,Internet Banking,Nạp tiền điện thoại,771000,0,Thành công,CN Đà Nẵng,4336282
GD202606011695,2026-06-19 21:04:19,KH000124,Internet Banking,Chuyển khoản đến,1899000,0,Thành công,CN Đà Nẵng,8564138
GD202606000028,2026-06-19 21:12:45,KH000001,Internet Banking,Thanh toán thẻ,12546000,0,Thành công,CN Thanh Xuân,97610767
GD202606016661,2026-06-19 21:42:25,KH000180,QR Code,Thanh toán thẻ,2123000,0,Thành công,CN Cần Thơ,46615862
GD202606004421,2026-06-19 21:45:28,KH000045,POS,Thanh toán thẻ,536000,5500,Thành công,CN Hải Phòng,49738179
GD202606007172,2026-06-19 21:51:30,KH000075,POS,Thanh toán thẻ,11783000,5500,Thành công,CN Cần Thơ,26403892
GD202606004592,2026-06-19 21:58:27,KH000048,Mobile Banking,Nộp tiền mặt,523000,0,Thành công,CN Cầu Giấy,3951315
GD202606003980,2026-06-19 22:06:13,KH000039,Mobile Banking,Thanh toán hóa đơn,1546000,0,Thành công,CN Hoàn Kiếm,54103096
GD202606015936,2026-06-19 22:08:29,KH000172,Internet Banking,Chuyển khoản đến,2017000,0,Thành công,CN Cầu Giấy,8974778
GD202606001721,2026-06-20 06:01:19,KH000018,Mobile Banking,Thanh toán thẻ,810000,0,Thành công,CN TP Hồ Chí Minh,61808399
GD202606005883,2026-06-20 06:04:01,KH000061,POS,Thanh toán thẻ,1088000,3300,Thành công,CN Bình Dương,14821045
GD202606003552,2026-06-20 06:25:57,KH000033,QR Code,Chuyển khoản đi,2481000,0,Thành công,CN Quận 1,61343126
GD202606009744,2026-06-20 06:29:42,KH000099,POS,Thanh toán thẻ,1939000,3300,Thành công,CN Cầu Giấy,41065965
GD202606014800,2026-06-20 06:31:08,KH000157,Quầy giao dịch,Rút tiền mặt,699000,1100,Thành công,CN Cầu Giấy,2223056
GD202606015593,2026-06-20 06:31:24,KH000169,QR Code,Nạp tiền điện thoại,2522000,0,Thành công,CN TP Hồ Chí Minh,15513670
GD202606015153,2026-06-20 06:45:20,KH000162,POS,Thanh toán thẻ,61000,5500,Thành công,CN Bình Dương,64303
GD202606018444,2026-06-20 07:10:54,KH000195,QR Code,Nộp tiền mặt,98000,0,Thành công,CN Bình Dương,209117
GD202606006744,2026-06-20 07:18:56,KH000070,POS,Thanh toán thẻ,1358000,3300,Thất bại,CN Đà Nẵng,91940168
GD202606000262,2026-06-20 07:49:58,KH000006,POS,Thanh toán thẻ,2639000,0,Thành công,CN Đà Nẵng,5639466
GD202606001905,2026-06-20 08:04:54,KH000019,Mobile Banking,Nộp tiền mặt,502000,0,Thành công,CN Cần Thơ,26111453
GD202606012927,2026-06-20 08:05:12,KH000132,POS,Thanh toán thẻ,3080000,1100,Thành công,CN Hoàn Kiếm,6412719
GD202606009112,2026-06-20 08:15:26,KH000094,POS,Thanh toán thẻ,242000,3300,Thành công,CN Quận 1,73965121
GD202606014715,2026-06-20 08:16:16,KH000155,QR Code,Thanh toán hóa đơn,4249000,0,Thành công,CN Thanh Xuân,179492916
GD202606002929,2026-06-20 08:47:51,KH000027,Quầy giao dịch,Nộp tiền mặt,1140000,0,Thành công,CN Hoàn Kiếm,17885291
GD202606010072,2026-06-20 08:50:14,KH000104,Mobile Banking,Thanh toán thẻ,2442000,0,Thành công,CN Bình Dương,12919017
GD202606015152,2026-06-20 09:09:29,KH000162,Internet Banking,Chuyển khoản đi,141000,0,Thành công,CN Cầu Giấy,130803
GD202606002691,2026-06-20 09:37:14,KH000025,Mobile Banking,Thanh toán thẻ,66000,0,Thành công,CN Bình Dương,131931
GD202606009657,2026-06-20 09:44:49,KH000098,QR Code,Thanh toán thẻ,1015000,0,Thành công,CN Quận 1,19711187
GD202606013301,2026-06-20 10:32:24,KH000137,Mobile Banking,Chuyển khoản đi,1572000,0,Thất bại,CN Bình Dương,24252380
GD202606013188,2026-06-20 11:12:55,KH000136,ATM,Nạp tiền điện thoại,547000,5500,Thành công,CN Hải Phòng,16268464
GD202606007360,2026-06-20 11:16:22,KH000077,POS,Thanh toán thẻ,273000,0,Thành công,CN Cầu Giấy,2296180
GD202606011083,2026-06-20 11:30:28,KH000117,Internet Banking,Nộp tiền mặt,168000,0,Thất bại,CN Hoàn Kiếm,72816590
GD202606007683,2026-06-20 11:44:03,KH000079,POS,Thanh toán thẻ,1177000,3300,Thành công,CN Cầu Giấy,12817877
GD202606010074,2026-06-20 12:05:10,KH000104,Mobile Banking,Thanh toán thẻ,2459000,0,Thành công,CN Thanh Xuân,8205017
GD202606013446,2026-06-20 12:07:50,KH000139,QR Code,Rút tiền mặt,1799000,0,Thành công,CN Hoàn Kiếm,5065207
GD202606013622,2026-06-20 12:55:00,KH000142,ATM,Rút tiền mặt,21573000,1100,Thành công,CN Thanh Xuân,54575091
GD202606000983,2026-06-20 12:55:03,KH000013,Mobile Banking,Nạp tiền điện thoại,25082000,0,Thành công,CN Cần Thơ,64163238
GD202606005614,2026-06-20 13:01:24,KH000059,QR Code,Chuyển khoản đến,25394000,0,Thành công,CN Hoàn Kiếm,120251684
GD202606016296,2026-06-20 13:10:19,KH000176,Quầy giao dịch,Nộp tiền mặt,1154000,0,Thành công,CN Thanh Xuân,47093180
GD202606003210,2026-06-20 13:14:53,KH000029,Internet Banking,Thanh toán thẻ,560000,0,Thành công,CN Thanh Xuân,9713501
GD202606013723,2026-06-20 13:31:57,KH000143,Mobile Banking,Thanh toán thẻ,407000,0,Thành công,CN Bình Dương,57287743
GD202606004053,2026-06-20 13:41:49,KH000040,POS,Nộp tiền mặt,7431000,1100,Thành công,CN Hải Phòng,53008098
GD202606015283,2026-06-20 13:43:45,KH000163,POS,Rút tiền mặt,18461000,1100,Thành công,CN Quận 1,35923004
GD202606000650,2026-06-20 13:51:17,KH000010,POS,Nạp tiền điện thoại,2894000,5500,Thành công,CN TP Hồ Chí Minh,8151153
GD202606012113,2026-06-20 14:56:00,KH000127,QR Code,Chuyển khoản đến,492000,0,Thành công,CN TP Hồ Chí Minh,11093614
GD202606005122,2026-06-20 14:56:54,KH000053,Mobile Banking,Thanh toán thẻ,2484000,0,Thành công,CN Đà Nẵng,115196229
GD202606016793,2026-06-20 15:16:16,KH000181,ATM,Rút tiền mặt,166000,5500,Thành công,CN Cầu Giấy,139720
GD202606013763,2026-06-20 15:19:09,KH000144,QR Code,Rút tiền mặt,506000,0,Thành công,CN Bình Dương,7140181
GD202606005182,2026-06-20 15:46:04,KH000054,POS,Thanh toán thẻ,764000,1100,Thành công,CN Đà Nẵng,5866494
GD202606005882,2026-06-20 15:58:34,KH000061,POS,Thanh toán thẻ,1871000,1100,Thành công,CN TP Hồ Chí Minh,15912345
GD202606008001,2026-06-20 16:04:51,KH000082,Internet Banking,Chuyển khoản đến,2724000,0,Thành công,CN Thanh Xuân,38354416
GD202606014799,2026-06-20 16:32:35,KH000157,Internet Banking,Thanh toán thẻ,1085000,0,Thành công,CN Hải Phòng,2923156
GD202606012114,2026-06-20 16:44:15,KH000127,Internet Banking,Chuyển khoản đi,1728000,0,Thành công,CN Đà Nẵng,9365614
GD202606013868,2026-06-20 16:48:41,KH000145,QR Code,Chuyển khoản đến,191000,0,Thành công,CN Đà Nẵng,69537153
GD202606014292,2026-06-20 16:54:29,KH000152,QR Code,Nộp tiền mặt,1585000,0,Thành công,CN Đà Nẵng,91367891
GD202606010073,2026-06-20 17:04:36,KH000104,Internet Banking,Chuyển khoản đi,2255000,0,Thành công,CN Bình Dương,10664017
GD202606001356,2026-06-20 17:45:40,KH000015,Mobile Banking,Rút tiền mặt,8024000,0,Thành công,CN Bình Dương,31013940
GD202606000261,2026-06-20 17:52:41,KH000006,ATM,Chuyển khoản đi,1020000,1100,Thất bại,CN Thanh Xuân,8278466
GD202606001179,2026-06-20 17:55:37,KH000014,Internet Banking,Rút tiền mặt,9260000,0,Thành công,CN Cầu Giấy,26189631
GD202606013762,2026-06-20 18:17:27,KH000144,Internet Banking,Chuyển khoản đi,3753000,0,Thành công,CN Đà Nẵng,7646181
GD202606017912,2026-06-20 18:50:23,KH000189,Mobile Banking,Chuyển khoản đi,8571000,0,Thành công,CN Đà Nẵng,111524679
GD202606010291,2026-06-20 18:53:04,KH000107,ATM,Nạp tiền điện thoại,253000,0,Thành công,CN Cần Thơ,62052944
GD202606015349,2026-06-20 19:03:27,KH000164,Mobile Banking,Thanh toán thẻ,180000,0,Thành công,CN Quận 1,18891047
GD202606016159,2026-06-20 19:17:58,KH000175,Quầy giao dịch,Nạp tiền điện thoại,7092000,3300,Thành công,CN TP Hồ Chí Minh,54018037
GD202606011696,2026-06-20 19:44:37,KH000124,Internet Banking,Nộp tiền mặt,2465000,0,Thành công,CN Thanh Xuân,11029138
GD202606017305,2026-06-20 19:51:52,KH000183,QR Code,Nộp tiền mặt,10253000,0,Thành công,CN Hải Phòng,40059549
GD202606015351,2026-06-20 20:09:23,KH000164,QR Code,Thanh toán thẻ,103000,0,Thành công,CN Đà Nẵng,18668047
GD202606012112,2026-06-20 20:17:09,KH000127,POS,Thanh toán thẻ,5041000,3300,Thành công,CN Thanh Xuân,10601614
GD202606004921,2026-06-20 20:27:23,KH000052,Mobile Banking,Thanh toán thẻ,111000,0,Thành công,CN Bình Dương,174406
GD202606015284,2026-06-20 20:30:08,KH000163,Internet Banking,Chuyển khoản đi,9332000,0,Thành công,CN TP Hồ Chí Minh,26591004
GD202606008874,2026-06-20 20:57:56,KH000092,QR Code,Nạp tiền điện thoại,2610000,0,Thành công,CN Cầu Giấy,6234384
GD202606010837,2026-06-20 20:58:31,KH000114,POS,Thanh toán thẻ,580000,3300,Thành công,CN TP Hồ Chí Minh,60131933
GD202606013722,2026-06-20 21:14:41,KH000143,Mobile Banking,Rút tiền mặt,264000,0,Thành công,CN Hải Phòng,57694743
GD202606017614,2026-06-20 21:15:34,KH000186,Mobile Banking,Rút tiền mặt,2960000,0,Thành công,CN TP Hồ Chí Minh,8850343
GD202606016297,2026-06-20 21:41:57,KH000176,Internet Banking,Nộp tiền mặt,1026000,0,Thành công,CN TP Hồ Chí Minh,48119180
GD202606000417,2026-06-20 21:54:15,KH000008,QR Code,Rút tiền mặt,5233000,0,Thành công,CN Cầu Giấy,16404164
GD202606015350,2026-06-20 22:19:49,KH000164,Mobile Banking,Thanh toán thẻ,120000,0,Thành công,CN Quận 1,18771047
GD202606015539,2026-06-20 22:24:47,KH000168,POS,Thanh toán thẻ,3912000,5500,Thành công,CN Hải Phòng,22643100
GD202606008583,2026-06-20 22:27:15,KH000087,Mobile Banking,Rút tiền mặt,168000,0,Thành công,CN Quận 1,92526
GD202606015151,2026-06-20 22:33:49,KH000162,Internet Banking,Thanh toán hóa đơn,78000,0,Thành công,CN TP Hồ Chí Minh,60303
GD202606013445,2026-06-20 22:55:16,KH000139,POS,Thanh toán thẻ,532000,3300,Thành công,CN TP Hồ Chí Minh,6864207
GD202606018799,2026-06-20 22:57:26,KH000200,POS,Thanh toán thẻ,126000,3300,Thành công,CN Bình Dương,883977
GD202606005305,2026-06-21 06:17:49,KH000056,ATM,Rút tiền mặt,618000,5500,Thành công,CN TP Hồ Chí Minh,90761843
GD202606003211,2026-06-21 06:31:27,KH000029,POS,Rút tiền mặt,3139000,5500,Thành công,CN Bình Dương,6569001
GD202606014293,2026-06-21 06:53:35,KH000152,ATM,Nạp tiền điện thoại,3076000,5500,Thành công,CN Thanh Xuân,88286391
GD202606014889,2026-06-21 06:53:44,KH000158,Quầy giao dịch,Nạp tiền điện thoại,11456000,0,Thất bại,CN Cần Thơ,75133622
GD202606010936,2026-06-21 06:55:03,KH000115,Mobile Banking,Thanh toán hóa đơn,2061000,0,Thành công,CN Quận 1,30344045
GD202606018579,2026-06-21 07:04:17,KH000196,ATM,Chuyển khoản đến,112000,0,Thành công,CN Bình Dương,60256460
GD202606001906,2026-06-21 07:19:02,KH000019,QR Code,Thanh toán thẻ,701000,0,Thành công,CN Cầu Giấy,25410453
GD202606001723,2026-06-21 07:27:59,KH000018,QR Code,Rút tiền mặt,672000,0,Thành công,CN Thanh Xuân,61030399
GD202606008480,2026-06-21 07:29:29,KH000086,ATM,Rút tiền mặt,4773000,5500,Thành công,CN Quận 1,87874651
GD202606017489,2026-06-21 07:49:02,KH000184,POS,Chuyển khoản đến,2531000,0,Thành công,CN TP Hồ Chí Minh,45209630
GD202606009542,2026-06-21 09:00:32,KH000097,ATM,Nộp tiền mặt,2594000,1100,Thành công,CN Bình Dương,15215049
GD202606018800,2026-06-21 09:32:39,KH000200,POS,Thanh toán thẻ,189000,1100,Thành công,CN Bình Dương,693877
GD202606015154,2026-06-21 09:44:52,KH000162,QR Code,Chuyển khoản đến,113000,0,Thành công,CN Quận 1,177303
GD202606001653,2026-06-21 10:10:26,KH000017,ATM,Thanh toán hóa đơn,5559000,0,Thành công,CN Thanh Xuân,38268254
GD202606011084,2026-06-21 10:24:24,KH000117,Quầy giao dịch,Rút tiền mặt,657000,0,Thành công,CN TP Hồ Chí Minh,72159590
GD202606009941,2026-06-21 10:46:02,KH000103,Mobile Banking,Chuyển khoản đi,1233000,0,Thành công,CN Bình Dương,9226719
GD202606002320,2026-06-21 11:04:04,KH000021,QR Code,Thanh toán hóa đơn,90000,0,Thành công,CN Bình Dương,56402238
GD202606014801,2026-06-21 11:35:59,KH000157,Internet Banking,Chuyển khoản đi,248000,0,Thành công,CN Hoàn Kiếm,1975056
GD202606009745,2026-06-21 11:40:00,KH000099,POS,Thanh toán thẻ,1622000,0,Thành công,CN Bình Dương,39443965
GD202606008483,2026-06-21 11:52:00,KH000086,POS,Thanh toán thẻ,10593000,3300,Thành công,CN Bình Dương,96035351
GD202606002455,2026-06-21 11:58:00,KH000023,Quầy giao dịch,Chuyển khoản đi,2922000,1100,Thành công,CN Cần Thơ,32607236
GD202606002176,2026-06-21 12:02:31,KH000020,POS,Thanh toán hóa đơn,2202000,3300,Thành công,CN Hải Phòng,11276488
GD202606000651,2026-06-21 12:06:42,KH000010,POS,Thanh toán thẻ,1242000,1100,Thành công,CN Quận 1,6908053
GD202606017615,2026-06-21 12:07:14,KH000186,QR Code,Thanh toán thẻ,1687000,0,Thành công,CN TP Hồ Chí Minh,7163343
GD202606008291,2026-06-21 12:07:56,KH000084,POS,Thanh toán thẻ,1742000,1100,Thành công,CN Hải Phòng,16654791
GD202606015540,2026-06-21 13:19:01,KH000168,ATM,Chuyển khoản đến,1068000,3300,Thất bại,CN Cần Thơ,22643100
GD202606008002,2026-06-21 13:27:24,KH000082,QR Code,Thanh toán hóa đơn,4227000,0,Thành công,CN Bình Dương,34127416
GD202606004684,2026-06-21 13:49:13,KH000050,QR Code,Chuyển khoản đến,1855000,0,Thành công,CN Hoàn Kiếm,21341375
GD202606003647,2026-06-21 13:50:46,KH000034,QR Code,Chuyển khoản đến,944000,0,Thành công,CN Thanh Xuân,56929928
GD202606016298,2026-06-21 14:07:58,KH000176,Internet Banking,Thanh toán thẻ,60000,0,Thành công,CN Hải Phòng,48059180
GD202606015418,2026-06-21 14:32:23,KH000165,Internet Banking,Thanh toán thẻ,10437000,0,Thành công,CN Cầu Giấy,29074049
GD202606001357,2026-06-21 14:40:39,KH000015,ATM,Rút tiền mặt,1748000,3300,Thành công,CN Hoàn Kiếm,29262640
GD202606010075,2026-06-21 14:51:28,KH000104,QR Code,Thanh toán thẻ,2747000,0,Thành công,CN Đà Nẵng,5458017
GD202606000177,2026-06-21 14:53:01,KH000005,ATM,Thanh toán hóa đơn,372000,0,Thành công,CN Quận 1,2344930
GD202606010241,2026-06-21 14:57:59,KH000106,Internet Banking,Nộp tiền mặt,343000,0,Thành công,CN Quận 1,32639749
GD202606012670,2026-06-21 15:13:55,KH000131,Internet Banking,Nộp tiền mặt,138000,0,Thành công,CN Quận 1,364080
GD202606014223,2026-06-21 15:30:41,KH000151,Internet Banking,Rút tiền mặt,670000,0,Thành công,CN Quận 1,2201216
GD202606014469,2026-06-21 15:33:38,KH000153,POS,Thanh toán thẻ,72000,5500,Thành công,CN Thanh Xuân,280241
GD202606012300,2026-06-21 15:37:22,KH000128,QR Code,Nạp tiền điện thoại,100000,0,Thất bại,CN Thanh Xuân,50052152
GD202606002930,2026-06-21 15:55:46,KH000027,Internet Banking,Thanh toán thẻ,1018000,0,Thành công,CN Quận 1,16867291
GD202606004054,2026-06-21 16:29:48,KH000040,Mobile Banking,Nộp tiền mặt,2499000,0,Thành công,CN Quận 1,55507098
GD202606005615,2026-06-21 16:30:55,KH000059,Internet Banking,Thanh toán thẻ,42064000,0,Thất bại,CN Hải Phòng,120251684
GD202606001515,2026-06-21 16:57:05,KH000016,POS,Chuyển khoản đến,126000,5500,Thành công,CN Hải Phòng,410607
GD202606005123,2026-06-21 17:11:12,KH000053,Mobile Banking,Nạp tiền điện thoại,40114000,0,Thành công,CN Cầu Giấy,75082229
GD202606008481,2026-06-21 17:16:17,KH000086,Mobile Banking,Chuyển khoản đến,9181000,0,Thành công,CN Cần Thơ,97055651
GD202606009940,2026-06-21 17:37:09,KH000103,ATM,Chuyển khoản đến,308000,0,Thành công,CN TP Hồ Chí Minh,10459719
GD202606001358,2026-06-21 17:39:49,KH000015,POS,Thanh toán thẻ,2633000,3300,Thành công,CN Quận 1,26626340
GD202606001722,2026-06-21 18:03:22,KH000018,Internet Banking,Thanh toán hóa đơn,106000,0,Thành công,CN Cầu Giấy,61702399
GD202606009113,2026-06-21 18:14:50,KH000094,Mobile Banking,Nạp tiền điện thoại,685000,0,Thành công,CN Hải Phòng,73280121
GD202606003081,2026-06-21 18:17:30,KH000028,QR Code,Chuyển khoản đến,1986000,0,Thành công,CN Hải Phòng,36422463
GD202606014468,2026-06-21 18:31:34,KH000153,QR Code,Nộp tiền mặt,178000,0,Thành công,CN Đà Nẵng,357741
GD202606011385,2026-06-21 18:33:50,KH000119,QR Code,Thanh toán hóa đơn,120000,0,Thành công,CN Quận 1,44571131
GD202606008482,2026-06-21 18:41:45,KH000086,Mobile Banking,Nộp tiền mặt,9576000,0,Thành công,CN Hoàn Kiếm,106631651
GD202606012671,2026-06-21 18:51:14,KH000131,POS,Thanh toán thẻ,83000,3300,Thành công,CN Bình Dương,277780
GD202606016794,2026-06-21 18:54:32,KH000181,ATM,Nộp tiền mặt,196000,3300,Thành công,CN Hoàn Kiếm,335720
GD202606006180,2026-06-21 19:23:51,KH000063,Quầy giao dịch,Chuyển khoản đến,727000,0,Thành công,CN Cầu Giấy,63341286
GD202606003648,2026-06-21 19:57:13,KH000034,Internet Banking,Chuyển khoản đi,760000,0,Thành công,CN TP Hồ Chí Minh,56169928
GD202606016062,2026-06-21 20:39:37,KH000173,Quầy giao dịch,Chuyển khoản đi,151000,3300,Thành công,CN Quận 1,4633468
GD202606001652,2026-06-21 21:06:19,KH000017,Mobile Banking,Nộp tiền mặt,7660000,0,Thành công,CN Thanh Xuân,43827254
GD202606003645,2026-06-21 21:07:53,KH000034,QR Code,Thanh toán thẻ,1863000,0,Thành công,CN Thanh Xuân,58394228
GD202606012299,2026-06-21 21:17:25,KH000128,POS,Nạp tiền điện thoại,499000,1100,Thành công,CN TP Hồ Chí Minh,50052152
GD202606013117,2026-06-21 21:42:13,KH000135,Internet Banking,Nộp tiền mặt,327000,0,Thành công,CN Đà Nẵng,157968176
GD202606003646,2026-06-21 21:50:59,KH000034,POS,Thanh toán thẻ,2405000,3300,Thành công,CN Cầu Giấy,55985928
GD202606015782,2026-06-21 22:03:08,KH000171,Mobile Banking,Nộp tiền mặt,126000,0,Thành công,CN Đà Nẵng,250451
GD202606014294,2026-06-21 22:04:20,KH000152,POS,Thanh toán thẻ,2616000,1100,Thành công,CN TP Hồ Chí Minh,85669291
GD202606011207,2026-06-21 22:11:38,KH000118,Internet Banking,Chuyển khoản đi,6694000,0,Thành công,CN Cần Thơ,19419679
GD202606000079,2026-06-21 22:47:36,KH000003,Quầy giao dịch,Chuyển khoản đến,32451000,1100,Thành công,CN Hải Phòng,343905534
GD202606005616,2026-06-22 06:13:06,KH000059,QR Code,Chuyển khoản đi,38949000,0,Thành công,CN Cầu Giấy,81302684
GD202606013084,2026-06-22 06:19:12,KH000134,Internet Banking,Nạp tiền điện thoại,3181000,0,Thành công,CN TP Hồ Chí Minh,7890662
GD202606001359,2026-06-22 06:32:19,KH000015,Mobile Banking,Nạp tiền điện thoại,2350000,0,Thành công,CN Hải Phòng,24276340
GD202606012672,2026-06-22 06:32:39,KH000131,QR Code,Chuyển khoản đến,107000,0,Thành công,CN Quận 1,384780
GD202606004211,2026-06-22 06:36:42,KH000042,POS,Nộp tiền mặt,1982000,0,Thành công,CN Cầu Giấy,41725915
GD202606007223,2026-06-22 06:49:14,KH000076,Internet Banking,Thanh toán thẻ,449000,0,Thành công,CN Cần Thơ,1402341
GD202606010588,2026-06-22 07:49:45,KH000111,POS,Thanh toán thẻ,8027000,5500,Thành công,CN Thanh Xuân,79742707
GD202606008484,2026-06-22 07:50:56,KH000086,QR Code,Nộp tiền mặt,16454000,0,Thành công,CN Cần Thơ,112489351
GD202606004685,2026-06-22 07:52:24,KH000050,Internet Banking,Rút tiền mặt,5850000,0,Thành công,CN Cầu Giấy,15491375
GD202606009114,2026-06-22 08:04:54,KH000094,Internet Banking,Chuyển khoản đến,362000,0,Thành công,CN Quận 1,73642121
GD202606009942,2026-06-22 08:08:35,KH000103,POS,Chuyển khoản đến,954000,5500,Thành công,CN Hải Phòng,10180719
GD202606014650,2026-06-22 08:10:37,KH000154,ATM,Rút tiền mặt,1489000,3300,Thành công,CN Bình Dương,15380894
GD202606004922,2026-06-22 08:11:58,KH000052,ATM,Chuyển khoản đi,61000,1100,Thành công,CN Thanh Xuân,112306
GD202606012928,2026-06-22 08:23:27,KH000132,Mobile Banking,Thanh toán thẻ,310000,0,Thành công,CN Hải Phòng,6102719
GD202606011386,2026-06-22 08:36:13,KH000119,QR Code,Thanh toán thẻ,148000,0,Thành công,CN Hoàn Kiếm,44423131
GD202606012116,2026-06-22 08:47:05,KH000127,QR Code,Chuyển khoản đi,1085000,0,Thành công,CN Cần Thơ,10219614
GD202606018801,2026-06-22 09:20:33,KH000200,Quầy giao dịch,Chuyển khoản đi,148000,0,Thành công,CN Cầu Giấy,545877
GD202606000418,2026-06-22 10:06:33,KH000008,QR Code,Thanh toán thẻ,4573000,0,Thành công,CN Quận 1,11831164
GD202606001360,2026-06-22 10:42:14,KH000015,Internet Banking,Nộp tiền mặt,7153000,0,Thành công,CN Đà Nẵng,31429340
GD202606008003,2026-06-22 10:51:49,KH000082,QR Code,Nộp tiền mặt,2054000,0,Thành công,CN Bình Dương,36181416
GD202606014295,2026-06-22 11:25:56,KH000152,Internet Banking,Nạp tiền điện thoại,3047000,0,Thành công,CN Cầu Giấy,82622291
GD202606013870,2026-06-22 11:37:55,KH000145,Internet Banking,Thanh toán hóa đơn,303000,0,Thành công,CN Bình Dương,69113653
GD202606017306,2026-06-22 11:47:52,KH000183,QR Code,Nộp tiền mặt,4160000,0,Thành công,CN Quận 1,44219549
GD202606012115,2026-06-22 12:13:10,KH000127,POS,Nộp tiền mặt,1939000,5500,Thành công,CN Quận 1,11304614
GD202606018132,2026-06-22 12:16:46,KH000191,Internet Banking,Thanh toán thẻ,938000,0,Thành công,CN Bình Dương,5422649
GD202606009544,2026-06-22 13:17:51,KH000097,POS,Thanh toán thẻ,1621000,5500,Thành công,CN Cầu Giấy,11020549
GD202606010649,2026-06-22 13:23:20,KH000112,Mobile Banking,Chuyển khoản đến,2350000,0,Thành công,CN Hải Phòng,34878644
GD202606005617,2026-06-22 13:27:41,KH000059,Internet Banking,Thanh toán hóa đơn,20202000,0,Thành công,CN Cần Thơ,61100684
GD202606010490,2026-06-22 13:28:29,KH000110,POS,Thanh toán thẻ,1909000,3300,Thành công,CN Hải Phòng,52798723
GD202606008875,2026-06-22 13:36:11,KH000092,POS,Thanh toán thẻ,1805000,1100,Thành công,CN Quận 1,4428284
GD202606012929,2026-06-22 13:49:21,KH000132,QR Code,Chuyển khoản đến,1256000,0,Thành công,CN Hoàn Kiếm,7358719
GD202606003649,2026-06-22 14:21:06,KH000034,Mobile Banking,Nộp tiền mặt,2584000,0,Thành công,CN Cần Thơ,58753928
GD202606005125,2026-06-22 14:23:03,KH000053,Quầy giao dịch,Chuyển khoản đi,13045000,1100,Thành công,CN Quận 1,87211129
GD202606015594,2026-06-22 15:14:01,KH000169,Internet Banking,Nạp tiền điện thoại,5172000,0,Thành công,CN Cần Thơ,10341670
GD202606014470,2026-06-22 15:44:57,KH000153,Internet Banking,Rút tiền mặt,159000,0,Thành công,CN Hoàn Kiếm,121241
GD202606004923,2026-06-22 16:00:09,KH000052,QR Code,Nạp tiền điện thoại,52000,0,Thành công,CN Cần Thơ,60306
GD202606014750,2026-06-22 16:27:28,KH000156,POS,Rút tiền mặt,9340000,5500,Thành công,CN Cầu Giấy,28165052
GD202606010076,2026-06-22 16:43:02,KH000104,Mobile Banking,Chuyển khoản đến,977000,0,Thành công,CN Cần Thơ,6435017
GD202606011575,2026-06-22 16:44:38,KH000121,QR Code,Chuyển khoản đến,1268000,0,Thành công,CN Hải Phòng,8149849
GD202606016299,2026-06-22 16:45:05,KH000176,Internet Banking,Nộp tiền mặt,1038000,0,Thành công,CN Bình Dương,49097180
GD202606004552,2026-06-22 17:04:01,KH000047,Quầy giao dịch,Rút tiền mặt,1773000,3300,Thành công,CN Thanh Xuân,100980991
GD202606016796,2026-06-22 17:25:02,KH000181,POS,Rút tiền mặt,140000,1100,Thành công,CN Hoàn Kiếm,97620
GD202606013869,2026-06-22 17:27:39,KH000145,POS,Thanh toán thẻ,115000,5500,Thành công,CN TP Hồ Chí Minh,69416653
GD202606011208,2026-06-22 17:34:40,KH000118,Mobile Banking,Thanh toán hóa đơn,733000,0,Thành công,CN Quận 1,18686679
GD202606008292,2026-06-22 17:51:18,KH000084,POS,Thanh toán thẻ,1315000,3300,Thành công,CN Đà Nẵng,15336491
GD202606015285,2026-06-22 17:52:21,KH000163,POS,Thanh toán thẻ,2474000,0,Thành công,CN Quận 1,24117004
GD202606015783,2026-06-22 18:06:19,KH000171,Mobile Banking,Thanh toán thẻ,109000,0,Thành công,CN Cầu Giấy,141451
GD202606003981,2026-06-22 18:10:12,KH000039,QR Code,Chuyển khoản đi,329000,0,Thành công,CN Cần Thơ,53774096
GD202606018637,2026-06-22 18:12:45,KH000197,QR Code,Rút tiền mặt,14615000,0,Thành công,CN Đà Nẵng,81565404
GD202606009368,2026-06-22 18:14:05,KH000096,Internet Banking,Thanh toán hóa đơn,6685000,0,Thành công,CN Hoàn Kiếm,19235798
GD202606007684,2026-06-22 18:46:23,KH000079,Mobile Banking,Thanh toán hóa đơn,3169000,0,Thành công,CN Cần Thơ,9648877
GD202606010589,2026-06-22 19:01:28,KH000111,POS,Chuyển khoản đi,5825000,0,Thành công,CN Cầu Giấy,73917707
GD202606001907,2026-06-22 19:30:38,KH000019,Mobile Banking,Thanh toán thẻ,2873000,0,Thành công,CN Cần Thơ,22537453
GD202606005124,2026-06-22 19:31:51,KH000053,Quầy giao dịch,Chuyển khoản đến,25175000,3300,Thành công,CN Thanh Xuân,100257229
GD202606013764,2026-06-22 19:35:32,KH000144,Internet Banking,Nạp tiền điện thoại,2483000,0,Thành công,CN Thanh Xuân,4657181
GD202606009543,2026-06-22 19:48:04,KH000097,Mobile Banking,Thanh toán thẻ,2568000,0,Thành công,CN Thanh Xuân,12647049
GD202606001654,2026-06-22 19:59:38,KH000017,POS,Thanh toán thẻ,12089000,1100,Thành công,CN Quận 1,26178154
GD202606016160,2026-06-22 20:05:28,KH000175,Quầy giao dịch,Thanh toán hóa đơn,3618000,0,Thành công,CN Cần Thơ,50400037
GD202606013302,2026-06-22 20:09:23,KH000137,QR Code,Thanh toán thẻ,3953000,0,Thành công,CN Thanh Xuân,20299380
GD202606001180,2026-06-22 20:14:58,KH000014,Mobile Banking,Rút tiền mặt,9087000,0,Thành công,CN Hải Phòng,17102631
GD202606016795,2026-06-22 20:52:38,KH000181,Mobile Banking,Thanh toán thẻ,97000,0,Thành công,CN Bình Dương,238720
GD202606007685,2026-06-22 21:01:45,KH000079,QR Code,Nộp tiền mặt,971000,0,Thành công,CN Cần Thơ,10619877
GD202606009545,2026-06-22 21:37:15,KH000097,POS,Thanh toán thẻ,487000,3300,Thành công,CN Bình Dương,10530249
GD202606017002,2026-06-22 22:03:00,KH000182,Internet Banking,Chuyển khoản đến,1595000,0,Thành công,CN Quận 1,10258671
GD202606003083,2026-06-23 06:14:23,KH000028,Quầy giao dịch,Rút tiền mặt,517000,1100,Thành công,CN Cầu Giấy,34198363
GD202606003650,2026-06-23 06:33:48,KH000034,POS,Thanh toán thẻ,702000,0,Thành công,CN Cầu Giấy,58051928
GD202606003082,2026-06-23 07:03:22,KH000028,Mobile Banking,Thanh toán thẻ,1706000,0,Thành công,CN Đà Nẵng,34716463
GD202606002539,2026-06-23 07:19:40,KH000024,ATM,Thanh toán hóa đơn,319000,5500,Thành công,CN Thanh Xuân,84565636
GD202606018331,2026-06-23 08:17:09,KH000194,Mobile Banking,Chuyển khoản đến,2339000,0,Thành công,CN Hoàn Kiếm,9396343
GD202606005430,2026-06-23 09:04:37,KH000057,Mobile Banking,Nộp tiền mặt,1339000,0,Thành công,CN TP Hồ Chí Minh,36869517
GD202606010838,2026-06-23 09:22:16,KH000114,QR Code,Rút tiền mặt,335000,0,Thành công,CN Cầu Giấy,59796933
GD202606013447,2026-06-23 09:26:37,KH000139,Internet Banking,Chuyển khoản đến,1611000,0,Thành công,CN Cầu Giấy,6676207
GD202606002694,2026-06-23 09:28:10,KH000025,Mobile Banking,Thanh toán hóa đơn,194000,0,Thành công,CN Thanh Xuân,204931
GD202606015679,2026-06-23 09:42:03,KH000170,Mobile Banking,Chuyển khoản đến,87000,0,Thành công,CN Đà Nẵng,1708553
GD202606009943,2026-06-23 09:59:53,KH000103,Mobile Banking,Chuyển khoản đi,1792000,0,Thành công,CN Hải Phòng,8388719
GD202606016300,2026-06-23 10:05:22,KH000176,POS,Thanh toán thẻ,1165000,3300,Thành công,CN TP Hồ Chí Minh,47928880
GD202606000419,2026-06-23 10:17:46,KH000008,QR Code,Thanh toán thẻ,730000,0,Thành công,CN Thanh Xuân,11101164
GD202606014472,2026-06-23 10:22:34,KH000153,QR Code,Chuyển khoản đến,118000,0,Thành công,CN TP Hồ Chí Minh,356241
GD202606014890,2026-06-23 10:26:40,KH000158,Internet Banking,Chuyển khoản đến,1907000,0,Thành công,CN Cầu Giấy,77040622
GD202606000652,2026-06-23 10:32:33,KH000010,QR Code,Thanh toán thẻ,1122000,0,Thành công,CN Hải Phòng,5786053
GD202606013085,2026-06-23 10:55:27,KH000134,Internet Banking,Nạp tiền điện thoại,70000,0,Thành công,CN Thanh Xuân,7820662
GD202606007686,2026-06-23 11:15:24,KH000079,QR Code,Thanh toán thẻ,1964000,0,Thành công,CN Cần Thơ,8655877
GD202606015156,2026-06-23 11:18:20,KH000162,Internet Banking,Chuyển khoản đến,57000,0,Thành công,CN Hoàn Kiếm,128303
GD202606001655,2026-06-23 12:11:58,KH000017,Internet Banking,Thanh toán thẻ,7633000,0,Thành công,CN Hải Phòng,18545154
GD202606002177,2026-06-23 12:14:23,KH000020,Internet Banking,Thanh toán thẻ,2222000,0,Thành công,CN TP Hồ Chí Minh,9054488
GD202606007173,2026-06-23 12:27:30,KH000075,POS,Rút tiền mặt,4986000,3300,Thành công,CN Thanh Xuân,21414592
GD202606005126,2026-06-23 12:30:51,KH000053,ATM,Chuyển khoản đến,15548000,5500,Thành công,CN TP Hồ Chí Minh,102759129
GD202606012403,2026-06-23 12:44:11,KH000129,QR Code,Nạp tiền điện thoại,110000,0,Thành công,CN Bình Dương,101548
GD202606012301,2026-06-23 12:44:20,KH000128,Mobile Banking,Chuyển khoản đến,540000,0,Thành công,CN Thanh Xuân,50592152
GD202606008707,2026-06-23 12:51:11,KH000089,POS,Thanh toán thẻ,2835000,1100,Thành công,CN Đà Nẵng,107724240
GD202606002692,2026-06-23 12:51:55,KH000025,QR Code,Chuyển khoản đi,128000,0,Thành công,CN Cầu Giấy,195931
GD202606000908,2026-06-23 12:58:50,KH000012,QR Code,Thanh toán thẻ,1283000,0,Thành công,CN Cầu Giấy,83699601
GD202606001361,2026-06-23 13:06:48,KH000015,Internet Banking,Thanh toán thẻ,9181000,0,Thành công,CN Quận 1,22248340
GD202606002693,2026-06-23 13:29:07,KH000025,Mobile Banking,Thanh toán thẻ,88000,0,Thành công,CN Thanh Xuân,107931
GD202606008485,2026-06-23 13:33:00,KH000086,QR Code,Nạp tiền điện thoại,12407000,0,Thành công,CN Quận 1,100082351
GD202606009944,2026-06-23 13:42:48,KH000103,Internet Banking,Thanh toán thẻ,1222000,0,Thành công,CN Thanh Xuân,7166719
GD202606015680,2026-06-23 14:20:25,KH000170,POS,Thanh toán thẻ,463000,1100,Thành công,CN Thanh Xuân,1244453
GD202606004212,2026-06-23 14:33:56,KH000042,ATM,Rút tiền mặt,653000,3300,Thành công,CN Bình Dương,41069615
GD202606008486,2026-06-23 14:36:15,KH000086,Quầy giao dịch,Chuyển khoản đến,5857000,5500,Thành công,CN Bình Dương,105939351
GD202606015474,2026-06-23 14:55:10,KH000166,Quầy giao dịch,Chuyển khoản đến,35784000,1100,Thành công,CN Cầu Giấy,246530208
GD202606009369,2026-06-23 14:59:23,KH000096,POS,Thanh toán thẻ,4011000,5500,Thành công,CN TP Hồ Chí Minh,15219298
GD202606015352,2026-06-23 15:04:53,KH000164,Quầy giao dịch,Chuyển khoản đi,188000,1100,Thành công,CN Hoàn Kiếm,18478947
GD202606005183,2026-06-23 15:27:21,KH000054,Internet Banking,Rút tiền mặt,1843000,0,Thành công,CN Cầu Giấy,4023494
GD202606018133,2026-06-23 15:35:33,KH000191,POS,Thanh toán thẻ,1796000,1100,Thành công,CN Hoàn Kiếm,3625549
GD202606015286,2026-06-23 15:45:55,KH000163,Mobile Banking,Chuyển khoản đến,3851000,0,Thành công,CN Đà Nẵng,27968004
GD202606007361,2026-06-23 15:48:20,KH000077,Internet Banking,Rút tiền mặt,445000,0,Thành công,CN TP Hồ Chí Minh,1851180
GD202606012930,2026-06-23 15:57:13,KH000132,Mobile Banking,Rút tiền mặt,2391000,0,Thành công,CN Quận 1,4967719
GD202606017307,2026-06-23 16:02:11,KH000183,Internet Banking,Thanh toán hóa đơn,6815000,0,Thành công,CN Đà Nẵng,37404549
GD202606009658,2026-06-23 16:37:43,KH000098,Mobile Banking,Thanh toán thẻ,1079000,0,Thành công,CN Quận 1,18632187
GD202606017999,2026-06-23 17:06:27,KH000190,Internet Banking,Thanh toán thẻ,63935000,0,Thành công,CN Bình Dương,550433141
GD202606006676,2026-06-23 17:52:22,KH000068,Internet Banking,Thanh toán thẻ,326000,0,Thành công,CN Thanh Xuân,69236489
GD202606013448,2026-06-23 18:18:05,KH000139,QR Code,Thanh toán thẻ,2113000,0,Thành công,CN Cần Thơ,4563207
GD202606014802,2026-06-23 18:32:49,KH000157,ATM,Chuyển khoản đến,256000,3300,Thành công,CN Quận 1,2231056
GD202606017738,2026-06-23 18:42:24,KH000187,POS,Thanh toán thẻ,897000,0,Thành công,CN TP Hồ Chí Minh,2773782
GD202606002321,2026-06-23 18:47:17,KH000021,POS,Thanh toán thẻ,68000,5500,Thành công,CN Hải Phòng,56328738
GD202606006404,2026-06-23 19:08:58,KH000065,Mobile Banking,Thanh toán hóa đơn,12234000,0,Thành công,CN Đà Nẵng,100379297
GD202606018445,2026-06-23 19:22:49,KH000195,POS,Thanh toán thẻ,191000,1100,Thành công,CN Đà Nẵng,303517
GD202606001908,2026-06-23 19:36:44,KH000019,Mobile Banking,Thanh toán thẻ,54000,0,Thành công,CN Quận 1,22483453
GD202606009115,2026-06-23 20:06:13,KH000094,Internet Banking,Chuyển khoản đến,662000,0,Thành công,CN Cần Thơ,74304121
GD202606015155,2026-06-23 20:18:36,KH000162,QR Code,Thanh toán thẻ,106000,0,Thành công,CN Bình Dương,71303
GD202606000120,2026-06-23 20:45:54,KH000004,POS,Thanh toán thẻ,10319000,1100,Thành công,CN Quận 1,164059277
GD202606016797,2026-06-23 21:06:48,KH000181,POS,Thanh toán thẻ,104000,1100,Thành công,CN Hải Phòng,148520
GD202606014471,2026-06-23 21:16:48,KH000153,QR Code,Nộp tiền mặt,117000,0,Thành công,CN Cầu Giấy,238241
GD202606017003,2026-06-23 21:17:51,KH000182,QR Code,Chuyển khoản đến,1155000,0,Thành công,CN Bình Dương,11413671
GD202606012117,2026-06-23 21:24:10,KH000127,QR Code,Thanh toán thẻ,2120000,0,Thành công,CN Đà Nẵng,8099614
GD202606010077,2026-06-23 21:34:05,KH000104,QR Code,Thanh toán thẻ,474000,0,Thành công,CN Đà Nẵng,5961017
GD202606017616,2026-06-23 22:11:33,KH000186,Mobile Banking,Rút tiền mặt,450000,0,Thành công,CN Hoàn Kiếm,6713343
GD202606012402,2026-06-23 22:50:20,KH000129,ATM,Nạp tiền điện thoại,189000,1100,Thành công,CN Hải Phòng,211548
GD202606001724,2026-06-23 22:53:29,KH000018,ATM,Nộp tiền mặt,226000,0,Thành công,CN Bình Dương,61256399
GD202606002322,2026-06-23 22:54:13,KH000021,Mobile Banking,Chuyển khoản đi,1008000,0,Thành công,CN Thanh Xuân,55320738
GD202606013765,2026-06-23 22:55:21,KH000144,Mobile Banking,Chuyển khoản đi,150000,0,Thành công,CN Đà Nẵng,4507181
GD202606005227,2026-06-24 06:33:32,KH000055,Mobile Banking,Nộp tiền mặt,162000,0,Thành công,CN Cần Thơ,8872387
GD202606011004,2026-06-24 06:42:44,KH000116,Mobile Banking,Nạp tiền điện thoại,7124000,0,Thành công,CN TP Hồ Chí Minh,20891385
GD202606015785,2026-06-24 07:03:46,KH000171,ATM,Chuyển khoản đến,157000,5500,Thành công,CN Quận 1,353451
GD202606017617,2026-06-24 07:07:15,KH000186,Mobile Banking,Thanh toán thẻ,2291000,0,Thành công,CN TP Hồ Chí Minh,4422343
GD202606000812,2026-06-24 07:12:58,KH000011,Mobile Banking,Thanh toán hóa đơn,3659000,0,Thành công,CN Thanh Xuân,90232766
GD202606010242,2026-06-24 07:16:35,KH000106,Quầy giao dịch,Chuyển khoản đến,1630000,3300,Thành công,CN Hoàn Kiếm,34269749
GD202606010078,2026-06-24 07:22:57,KH000104,QR Code,Nạp tiền điện thoại,980000,0,Thành công,CN Cầu Giấy,4981017
GD202606008487,2026-06-24 07:47:28,KH000086,Mobile Banking,Nạp tiền điện thoại,7844000,0,Thành công,CN Hoàn Kiếm,98095351
GD202606002931,2026-06-24 07:55:32,KH000027,Internet Banking,Thanh toán thẻ,2866000,0,Thành công,CN Bình Dương,14001291
GD202606003212,2026-06-24 08:48:20,KH000029,POS,Thanh toán thẻ,1956000,3300,Thành công,CN Cầu Giấy,4609701
GD202606012674,2026-06-24 09:06:21,KH000131,Mobile Banking,Nạp tiền điện thoại,199000,0,Thành công,CN Bình Dương,56280
GD202606009659,2026-06-24 09:38:56,KH000098,POS,Thanh toán thẻ,233000,1100,Thành công,CN Hải Phòng,18398087
GD202606004055,2026-06-24 10:04:51,KH000040,Mobile Banking,Nạp tiền điện thoại,8037000,0,Thành công,CN Cầu Giấy,47470098
GD202606018446,2026-06-24 10:26:09,KH000195,POS,Thanh toán thẻ,113000,5500,Thành công,CN Cần Thơ,185017
GD202606007687,2026-06-24 10:37:06,KH000079,QR Code,Thanh toán thẻ,425000,0,Thành công,CN Thanh Xuân,8230877
GD202606018580,2026-06-24 10:37:33,KH000196,ATM,Nộp tiền mặt,291000,3300,Thành công,CN Quận 1,60547460
GD202606011822,2026-06-24 10:42:56,KH000125,Internet Banking,Thanh toán thẻ,177000,0,Thành công,CN Cần Thơ,221636
GD202606001516,2026-06-24 11:02:55,KH000016,Mobile Banking,Chuyển khoản đi,186000,0,Thành công,CN Hải Phòng,224607
GD202606009660,2026-06-24 11:10:42,KH000098,Mobile Banking,Chuyển khoản đi,1102000,0,Thành công,CN Thanh Xuân,17296087
GD202606015784,2026-06-24 11:44:51,KH000171,Mobile Banking,Chuyển khoản đến,55000,0,Thành công,CN TP Hồ Chí Minh,196451
GD202606014803,2026-06-24 12:22:21,KH000157,QR Code,Thanh toán hóa đơn,507000,0,Thành công,CN Quận 1,1724056
GD202606005884,2026-06-24 12:25:04,KH000061,Internet Banking,Nộp tiền mặt,1073000,0,Thành công,CN Quận 1,15894045
GD202606012675,2026-06-24 12:41:13,KH000131,QR Code,Thanh toán thẻ,99000,0,Thành công,CN Thanh Xuân,105780
GD202606006636,2026-06-24 12:42:06,KH000067,QR Code,Chuyển khoản đi,2946000,0,Thành công,CN TP Hồ Chí Minh,21976499
GD202606001517,2026-06-24 12:44:07,KH000016,Mobile Banking,Thanh toán thẻ,189000,0,Thành công,CN TP Hồ Chí Minh,319107
GD202606014716,2026-06-24 12:46:43,KH000155,Mobile Banking,Nộp tiền mặt,34068000,0,Thành công,CN Hải Phòng,213560916
GD202606002696,2026-06-24 13:22:41,KH000025,Internet Banking,Chuyển khoản đi,154000,0,Thành công,CN Đà Nẵng,146431
GD202606006406,2026-06-24 13:30:53,KH000065,Mobile Banking,Nộp tiền mặt,6216000,0,Thành công,CN Quận 1,116780297
GD202606018134,2026-06-24 13:33:04,KH000191,QR Code,Nộp tiền mặt,650000,0,Thành công,CN Quận 1,4275549
GD202606011388,2026-06-24 14:24:43,KH000119,Internet Banking,Nạp tiền điện thoại,50000,0,Thành công,CN Đà Nẵng,44247131
GD202606003085,2026-06-24 14:35:10,KH000028,Mobile Banking,Nộp tiền mặt,1265000,0,Thành công,CN Quận 1,33757363
GD202606006677,2026-06-24 15:08:44,KH000068,Quầy giao dịch,Nạp tiền điện thoại,19115000,3300,Thành công,CN Đà Nẵng,50118189
GD202606014804,2026-06-24 15:13:13,KH000157,POS,Thanh toán thẻ,246000,0,Thành công,CN Hoàn Kiếm,1478056
GD202606012673,2026-06-24 15:37:52,KH000131,POS,Thanh toán thẻ,124000,5500,Thành công,CN Hoàn Kiếm,255280
GD202606005885,2026-06-24 16:21:44,KH000061,POS,Thanh toán thẻ,1689000,5500,Thành công,CN Thanh Xuân,14199545
GD202606014473,2026-06-24 16:40:10,KH000153,Internet Banking,Chuyển khoản đi,87000,0,Thành công,CN Thanh Xuân,269241
GD202606003440,2026-06-24 16:49:13,KH000032,Mobile Banking,Thanh toán hóa đơn,175000,0,Thành công,CN Đà Nẵng,69347732
GD202606006181,2026-06-24 16:52:59,KH000063,Internet Banking,Thanh toán thẻ,593000,0,Thành công,CN Bình Dương,62748286
GD202606008004,2026-06-24 17:17:56,KH000082,Mobile Banking,Chuyển khoản đến,3622000,0,Thành công,CN TP Hồ Chí Minh,39803416
GD202606003084,2026-06-24 17:29:44,KH000028,Mobile Banking,Thanh toán thẻ,1706000,0,Thành công,CN Bình Dương,32492363
GD202606001909,2026-06-24 17:35:39,KH000019,Quầy giao dịch,Rút tiền mặt,3097000,0,Thành công,CN Quận 1,19386453
GD202606000984,2026-06-24 17:42:08,KH000013,Internet Banking,Rút tiền mặt,3077000,0,Thành công,CN Cầu Giấy,61086238
GD202606015681,2026-06-24 18:09:22,KH000170,QR Code,Chuyển khoản đến,296000,0,Thành công,CN Quận 1,1540453
GD202606018638,2026-06-24 18:16:09,KH000197,POS,Thanh toán thẻ,997000,1100,Thành công,CN Quận 1,80567304
GD202606017004,2026-06-24 18:16:16,KH000182,Internet Banking,Chuyển khoản đi,1267000,0,Thành công,CN Hoàn Kiếm,10146671
GD202606009945,2026-06-24 18:19:23,KH000103,POS,Chuyển khoản đi,1399000,3300,Thành công,CN Bình Dương,5764419
GD202606004925,2026-06-24 18:24:10,KH000052,POS,Thanh toán thẻ,69000,0,Thành công,CN Quận 1,65306
GD202606014717,2026-06-24 18:52:09,KH000155,Internet Banking,Nộp tiền mặt,66223000,0,Thành công,CN Đà Nẵng,279783916
GD202606007362,2026-06-24 19:12:20,KH000077,Mobile Banking,Nạp tiền điện thoại,160000,0,Thành công,CN Đà Nẵng,1691180
GD202606011085,2026-06-24 19:50:37,KH000117,POS,Rút tiền mặt,212000,5500,Thành công,CN Bình Dương,71942090
GD202606004924,2026-06-24 20:01:13,KH000052,Internet Banking,Thanh toán thẻ,148000,0,Thành công,CN Thanh Xuân,134306
GD202606017308,2026-06-24 20:05:07,KH000183,POS,Nạp tiền điện thoại,3579000,5500,Thành công,CN Cần Thơ,33820049
GD202606006405,2026-06-24 20:05:41,KH000065,Mobile Banking,Nộp tiền mặt,10185000,0,Thành công,CN Quận 1,110564297
GD202606011387,2026-06-24 20:57:53,KH000119,Internet Banking,Thanh toán thẻ,126000,0,Thành công,CN Đà Nẵng,44297131
GD202606000325,2026-06-24 21:29:31,KH000007,Mobile Banking,Nộp tiền mặt,529000,0,Thành công,CN Cầu Giấy,8625547
GD202606002695,2026-06-24 21:34:24,KH000025,Internet Banking,Chuyển khoản đi,191000,0,Thành công,CN Thanh Xuân,300431
GD202606018261,2026-06-24 22:00:57,KH000192,POS,Nạp tiền điện thoại,5143000,3300,Thành công,CN Hải Phòng,158136197
GD202606000653,2026-06-24 22:20:54,KH000010,POS,Nạp tiền điện thoại,1987000,5500,Thành công,CN Hoàn Kiếm,3793553
GD202606008584,2026-06-24 22:25:35,KH000087,Mobile Banking,Thanh toán hóa đơn,85000,0,Thành công,CN Cần Thơ,135026
GD202606014296,2026-06-24 22:56:20,KH000152,QR Code,Thanh toán hóa đơn,1715000,0,Thành công,CN Bình Dương,80907291
GD202606017005,2026-06-25 06:17:52,KH000182,POS,Thanh toán thẻ,2028000,0,Thành công,CN Cầu Giấy,8118671
GD202606002697,2026-06-25 06:28:16,KH000025,QR Code,Chuyển khoản đến,89000,0,Thành công,CN Đà Nẵng,235431
GD202606013623,2026-06-25 06:45:46,KH000142,POS,Thanh toán thẻ,4453000,3300,Thành công,CN Hải Phòng,50118791
GD202606007174,2026-06-25 06:49:24,KH000075,Mobile Banking,Thanh toán hóa đơn,474000,0,Thành công,CN Quận 1,20940592
GD202606017490,2026-06-25 07:13:24,KH000184,POS,Rút tiền mặt,2436000,0,Thành công,CN Quận 1,42773630
GD202606002698,2026-06-25 07:18:55,KH000025,POS,Thanh toán thẻ,63000,3300,Thành công,CN Quận 1,169131
GD202606001518,2026-06-25 08:13:25,KH000016,QR Code,Thanh toán hóa đơn,88000,0,Thành công,CN Đà Nẵng,231107
GD202606014751,2026-06-25 08:26:57,KH000156,POS,Thanh toán thẻ,213000,1100,Thành công,CN Hải Phòng,27950952
GD202606001182,2026-06-25 08:28:02,KH000014,Internet Banking,Chuyển khoản đi,2399000,0,Thành công,CN Đà Nẵng,9803631
GD202606018447,2026-06-25 08:45:13,KH000195,Mobile Banking,Nộp tiền mặt,115000,0,Thành công,CN TP Hồ Chí Minh,300017
GD202606009371,2026-06-25 08:47:13,KH000096,Mobile Banking,Chuyển khoản đến,3430000,0,Thành công,CN Hoàn Kiếm,13722298
GD202606007689,2026-06-25 08:47:49,KH000079,POS,Thanh toán thẻ,1563000,0,Thành công,CN Cần Thơ,6088877
GD202606004422,2026-06-25 09:10:45,KH000045,POS,Thanh toán thẻ,616000,1100,Thành công,CN Cầu Giấy,49121079
GD202606018448,2026-06-25 09:21:03,KH000195,POS,Thanh toán thẻ,174000,3300,Thành công,CN Cầu Giấy,122717
GD202606016798,2026-06-25 10:03:43,KH000181,Mobile Banking,Nạp tiền điện thoại,150000,0,Thành công,CN TP Hồ Chí Minh,223520
GD202606004928,2026-06-25 10:06:58,KH000052,Internet Banking,Chuyển khoản đến,195000,0,Thành công,CN Cần Thơ,377306
GD202606005618,2026-06-25 10:25:19,KH000059,Quầy giao dịch,Nộp tiền mặt,6431000,5500,Thành công,CN Bình Dương,67531684
GD202606000178,2026-06-25 10:26:25,KH000005,Quầy giao dịch,Nộp tiền mặt,699000,5500,Thành công,CN Đà Nẵng,3043930
GD202606006407,2026-06-25 10:54:22,KH000065,Internet Banking,Nạp tiền điện thoại,7519000,0,Thành công,CN Đà Nẵng,109261297
GD202606010420,2026-06-25 10:57:45,KH000109,ATM,Thanh toán hóa đơn,2865000,0,Thành công,CN Quận 1,6969929
GD202606004290,2026-06-25 11:21:51,KH000043,POS,Nộp tiền mặt,472000,0,Thành công,CN TP Hồ Chí Minh,60224725
GD202606007688,2026-06-25 12:25:28,KH000079,Internet Banking,Thanh toán thẻ,579000,0,Thành công,CN Bình Dương,7651877
GD202606016662,2026-06-25 12:34:54,KH000180,Quầy giao dịch,Nộp tiền mặt,2783000,0,Thành công,CN TP Hồ Chí Minh,49398862
GD202606009546,2026-06-25 12:40:19,KH000097,POS,Thanh toán thẻ,1098000,1100,Thành công,CN TP Hồ Chí Minh,9431149
GD202606017309,2026-06-25 12:52:29,KH000183,Mobile Banking,Thanh toán thẻ,5598000,0,Thành công,CN Đà Nẵng,28222049
GD202606000654,2026-06-25 12:59:53,KH000010,QR Code,Thanh toán thẻ,895000,0,Thành công,CN TP Hồ Chí Minh,2898553
GD202606006408,2026-06-25 13:06:26,KH000065,Internet Banking,Thanh toán thẻ,36908000,0,Thành công,CN Bình Dương,72353297
GD202606001910,2026-06-25 13:10:49,KH000019,POS,Thanh toán thẻ,582000,1100,Thành công,CN Quận 1,18803353
GD202606009370,2026-06-25 13:11:42,KH000096,Mobile Banking,Rút tiền mặt,4927000,0,Thành công,CN Cầu Giấy,10292298
GD202606014651,2026-06-25 13:17:21,KH000154,Mobile Banking,Thanh toán thẻ,638000,0,Thành công,CN TP Hồ Chí Minh,14742894
GD202606003652,2026-06-25 13:20:27,KH000034,QR Code,Thanh toán hóa đơn,733000,0,Thất bại,CN Hải Phòng,55584928
GD202606005306,2026-06-25 13:36:13,KH000056,POS,Thanh toán thẻ,3455000,1100,Thành công,CN Cầu Giấy,87305743
GD202606003441,2026-06-25 13:39:08,KH000032,POS,Thanh toán thẻ,143000,1100,Thành công,CN Hải Phòng,69203632
GD202606014805,2026-06-25 13:41:38,KH000157,POS,Thanh toán thẻ,258000,0,Thành công,CN Bình Dương,1220056
GD202606010650,2026-06-25 13:56:52,KH000112,Internet Banking,Chuyển khoản đi,2594000,0,Thành công,CN TP Hồ Chí Minh,32284644
GD202606015287,2026-06-25 14:46:59,KH000163,Mobile Banking,Thanh toán thẻ,6576000,0,Thành công,CN Thanh Xuân,21392004
GD202606011086,2026-06-25 14:56:56,KH000117,QR Code,Thanh toán thẻ,401000,0,Thành công,CN Quận 1,71541090
GD202606014224,2026-06-25 15:11:17,KH000151,QR Code,Nộp tiền mặt,207000,0,Thành công,CN TP Hồ Chí Minh,2408216
GD202606018332,2026-06-25 15:21:42,KH000194,ATM,Thanh toán hóa đơn,2519000,1100,Thành công,CN Cầu Giấy,6876243
GD202606016302,2026-06-25 15:28:42,KH000176,Internet Banking,Nạp tiền điện thoại,515000,0,Thành công,CN Bình Dương,47311880
GD202606007028,2026-06-25 15:31:50,KH000074,POS,Thanh toán thẻ,1491000,3300,Thành công,CN TP Hồ Chí Minh,24868660
GD202606009946,2026-06-25 15:52:17,KH000103,Internet Banking,Nộp tiền mặt,298000,0,Thành công,CN Quận 1,6062419
GD202606003651,2026-06-25 15:55:05,KH000034,Mobile Banking,Rút tiền mặt,2467000,0,Thành công,CN Đà Nẵng,55584928
GD202606000986,2026-06-25 16:40:16,KH000013,QR Code,Chuyển khoản đi,4112000,0,Thành công,CN Bình Dương,37762238
GD202606001519,2026-06-25 16:44:28,KH000016,QR Code,Nạp tiền điện thoại,182000,0,Thành công,CN Bình Dương,322107
GD202606001656,2026-06-25 17:20:28,KH000017,QR Code,Thanh toán thẻ,4163000,0,Thành công,CN Quận 1,14382154
GD202606004927,2026-06-25 17:21:01,KH000052,Internet Banking,Rút tiền mặt,112000,0,Thành công,CN Quận 1,182306
GD202606015937,2026-06-25 17:50:54,KH000172,QR Code,Thanh toán thẻ,2400000,0,Thành công,CN Quận 1,6574778
GD202606013945,2026-06-25 18:41:12,KH000146,ATM,Rút tiền mặt,35111000,5500,Thành công,CN TP Hồ Chí Minh,126620347
GD202606003325,2026-06-25 18:52:47,KH000031,QR Code,Nạp tiền điện thoại,153000,0,Thành công,CN Cầu Giấy,217503
GD202606015595,2026-06-25 18:58:21,KH000169,ATM,Nộp tiền mặt,449000,0,Thành công,CN Hoàn Kiếm,10790670
GD202606008293,2026-06-25 19:19:25,KH000084,POS,Thanh toán thẻ,2788000,1100,Thành công,CN Bình Dương,12547391
GD202606014297,2026-06-25 19:29:49,KH000152,Mobile Banking,Rút tiền mặt,79000,0,Thành công,CN Đà Nẵng,80828291
GD202606010590,2026-06-25 19:30:58,KH000111,Internet Banking,Rút tiền mặt,23880000,0,Thành công,CN Thanh Xuân,50037707
GD202606003273,2026-06-25 20:19:34,KH000030,POS,Chuyển khoản đến,2173000,0,Thành công,CN Bình Dương,145873973
GD202606010591,2026-06-25 20:40:59,KH000111,Mobile Banking,Chuyển khoản đến,14015000,0,Thành công,CN Hải Phòng,64052707
GD202606008585,2026-06-25 20:56:08,KH000087,Internet Banking,Thanh toán hóa đơn,69000,0,Thành công,CN Quận 1,66026
GD202606000985,2026-06-25 21:26:09,KH000013,POS,Thanh toán thẻ,19212000,0,Thành công,CN Thanh Xuân,41874238
GD202606005184,2026-06-25 21:44:09,KH000054,Mobile Banking,Thanh toán thẻ,1290000,0,Thành công,CN Thanh Xuân,2733494
GD202606016301,2026-06-25 21:46:26,KH000176,Mobile Banking,Thanh toán thẻ,102000,0,Thành công,CN Đà Nẵng,47826880
GD202606017310,2026-06-25 21:49:07,KH000183,POS,Chuyển khoản đến,4694000,1100,Thành công,CN Quận 1,32916049
GD202606004926,2026-06-25 21:55:39,KH000052,Quầy giao dịch,Thanh toán hóa đơn,133000,5500,Thành công,CN TP Hồ Chí Minh,126306
GD202606001181,2026-06-25 22:19:52,KH000014,Internet Banking,Thanh toán hóa đơn,4900000,0,Thành công,CN Thanh Xuân,12202631
GD202606011823,2026-06-25 22:28:03,KH000125,POS,Thanh toán thẻ,113000,5500,Thành công,CN Cầu Giấy,103136
GD202606009915,2026-06-25 22:45:26,KH000102,Mobile Banking,Nộp tiền mặt,2158000,0,Thành công,CN Cần Thơ,192585734
GD202606006795,2026-06-25 22:48:16,KH000071,Mobile Banking,Nạp tiền điện thoại,8582000,0,Thành công,CN TP Hồ Chí Minh,51400438
GD202606006183,2026-06-26 06:05:01,KH000063,QR Code,Nộp tiền mặt,727000,0,Thành công,CN Cầu Giấy,62775286
GD202606018135,2026-06-26 06:05:31,KH000191,Mobile Banking,Chuyển khoản đến,1328000,0,Thành công,CN Hoàn Kiếm,5603549
GD202606012931,2026-06-26 06:08:45,KH000132,QR Code,Nạp tiền điện thoại,1379000,0,Thành công,CN Thanh Xuân,3588719
GD202606011824,2026-06-26 06:29:16,KH000125,QR Code,Chuyển khoản đi,76000,0,Thành công,CN Hoàn Kiếm,141136
GD202606000421,2026-06-26 06:39:32,KH000008,QR Code,Nộp tiền mặt,1890000,0,Thành công,CN Cầu Giấy,11817164
GD202606014653,2026-06-26 07:52:09,KH000154,Internet Banking,Thanh toán thẻ,1682000,0,Thành công,CN Thanh Xuân,14248894
GD202606002323,2026-06-26 08:07:06,KH000021,Internet Banking,Nạp tiền điện thoại,451000,0,Thành công,CN Quận 1,54869738
GD202606017491,2026-06-26 08:07:59,KH000184,Internet Banking,Chuyển khoản đến,1215000,0,Thành công,CN Cần Thơ,43988630
GD202606003653,2026-06-26 08:08:13,KH000034,Mobile Banking,Nạp tiền điện thoại,130000,0,Thành công,CN Quận 1,55454928
GD202606010292,2026-06-26 08:26:01,KH000107,Quầy giao dịch,Chuyển khoản đi,177000,0,Thành công,CN Đà Nẵng,61875944
GD202606015596,2026-06-26 08:32:43,KH000169,Internet Banking,Rút tiền mặt,2018000,0,Thành công,CN Hải Phòng,8772670
GD202606004056,2026-06-26 08:50:06,KH000040,POS,Thanh toán thẻ,727000,0,Thành công,CN TP Hồ Chí Minh,46743098
GD202606010937,2026-06-26 09:38:27,KH000115,Mobile Banking,Chuyển khoản đi,6573000,0,Thành công,CN Quận 1,23771045
GD202606005185,2026-06-26 09:55:27,KH000054,Mobile Banking,Thanh toán hóa đơn,164000,0,Thành công,CN Cầu Giấy,2569494
GD202606014654,2026-06-26 10:00:34,KH000154,Quầy giao dịch,Thanh toán hóa đơn,354000,3300,Thành công,CN TP Hồ Chí Minh,13891594
GD202606017548,2026-06-26 10:11:52,KH000185,Quầy giao dịch,Chuyển khoản đến,6718000,0,Thành công,CN Cần Thơ,39551652
GD202606005619,2026-06-26 10:40:20,KH000059,POS,Thanh toán thẻ,2999000,0,Thành công,CN Hoàn Kiếm,64532684
GD202606010421,2026-06-26 10:51:29,KH000109,POS,Thanh toán thẻ,753000,0,Thành công,CN Hải Phòng,6216929
GD202606008488,2026-06-26 11:15:24,KH000086,POS,Chuyển khoản đến,177000,5500,Thành công,CN Quận 1,98272351
GD202606012118,2026-06-26 11:20:33,KH000127,Internet Banking,Thanh toán thẻ,1673000,0,Thành công,CN Thanh Xuân,6426614
GD202606008295,2026-06-26 11:30:07,KH000084,Internet Banking,Chuyển khoản đến,2074000,0,Thành công,CN TP Hồ Chí Minh,15098391
GD202606004423,2026-06-26 11:47:47,KH000045,Mobile Banking,Thanh toán thẻ,1968000,0,Thành công,CN Cầu Giấy,47153079
GD202606000813,2026-06-26 11:47:59,KH000011,Quầy giao dịch,Chuyển khoản đến,471000,0,Thành công,CN Thanh Xuân,90703766
GD202606002699,2026-06-26 11:49:28,KH000025,QR Code,Nộp tiền mặt,112000,0,Thành công,CN Hải Phòng,281131
GD202606008294,2026-06-26 12:06:34,KH000084,Mobile Banking,Nộp tiền mặt,477000,0,Thành công,CN Hoàn Kiếm,13024391
GD202606003822,2026-06-26 12:09:04,KH000037,ATM,Rút tiền mặt,14927000,1100,Thành công,CN Cầu Giấy,86294558
GD202606001184,2026-06-26 12:10:32,KH000014,POS,Thanh toán thẻ,535000,3300,Thành công,CN Đà Nẵng,7834331
GD202606014299,2026-06-26 13:00:41,KH000152,QR Code,Chuyển khoản đến,3575000,0,Thành công,CN Bình Dương,83143291
GD202606011210,2026-06-26 13:07:06,KH000118,Internet Banking,Chuyển khoản đi,2331000,0,Thành công,CN Hải Phòng,21873679
GD202606001183,2026-06-26 13:23:41,KH000014,Mobile Banking,Chuyển khoản đi,1431000,0,Thành công,CN TP Hồ Chí Minh,8372631
GD202606005307,2026-06-26 13:31:20,KH000056,ATM,Chuyển khoản đến,2872000,1100,Thành công,CN Hải Phòng,90177743
GD202606014298,2026-06-26 14:09:39,KH000152,Internet Banking,Rút tiền mặt,1260000,0,Thành công,CN Đà Nẵng,79568291
GD202606009373,2026-06-26 14:35:06,KH000096,Internet Banking,Chuyển khoản đi,2056000,0,Thành công,CN Cầu Giấy,10062298
GD202606013980,2026-06-26 14:37:46,KH000147,POS,Nạp tiền điện thoại,1149000,1100,Thành công,CN Đà Nẵng,130246250
GD202606015682,2026-06-26 14:50:44,KH000170,Internet Banking,Thanh toán thẻ,469000,0,Thành công,CN Cần Thơ,1071453
GD202606004687,2026-06-26 14:57:30,KH000050,ATM,Chuyển khoản đến,2038000,3300,Thành công,CN Hoàn Kiếm,16418375
GD202606000987,2026-06-26 15:12:46,KH000013,Internet Banking,Nộp tiền mặt,9462000,0,Thành công,CN Hoàn Kiếm,47224238
GD202606007030,2026-06-26 15:13:57,KH000074,QR Code,Nộp tiền mặt,828000,0,Thành công,CN TP Hồ Chí Minh,25847660
GD202606000420,2026-06-26 15:16:17,KH000008,Internet Banking,Rút tiền mặt,1174000,0,Thành công,CN Bình Dương,9927164
GD202606014652,2026-06-26 15:23:43,KH000154,Mobile Banking,Chuyển khoản đến,1188000,0,Thành công,CN Hoàn Kiếm,15930894
GD202606013624,2026-06-26 15:26:04,KH000142,POS,Chuyển khoản đến,8472000,3300,Thành công,CN Cầu Giấy,58590791
GD202606007363,2026-06-26 15:31:58,KH000077,Internet Banking,Thanh toán thẻ,236000,0,Thành công,CN Cầu Giấy,1455180
GD202606018333,2026-06-26 15:55:33,KH000194,Mobile Banking,Thanh toán thẻ,966000,0,Thất bại,CN Bình Dương,6876243
GD202606012119,2026-06-26 16:00:56,KH000127,Internet Banking,Chuyển khoản đến,1502000,0,Thành công,CN Hoàn Kiếm,7928614
GD202606009947,2026-06-26 16:01:19,KH000103,ATM,Nộp tiền mặt,325000,5500,Thành công,CN Đà Nẵng,6387419
GD202606014161,2026-06-26 16:11:11,KH000150,POS,Nộp tiền mặt,6780000,5500,Thành công,CN Quận 1,42010826
GD202606006571,2026-06-26 16:39:10,KH000066,Quầy giao dịch,Chuyển khoản đến,974000,5500,Thành công,CN Đà Nẵng,159232962
GD202606009116,2026-06-26 16:44:23,KH000094,POS,Thanh toán thẻ,144000,1100,Thành công,CN Hải Phòng,74159021
GD202606014300,2026-06-26 16:55:15,KH000152,Internet Banking,Nạp tiền điện thoại,1742000,0,Thành công,CN Hoàn Kiếm,81401291
GD202606000655,2026-06-26 17:08:08,KH000010,Internet Banking,Thanh toán thẻ,305000,0,Thành công,CN Cần Thơ,2593553
GD202606009372,2026-06-26 17:10:25,KH000096,POS,Thanh toán thẻ,1604000,0,Thành công,CN Đà Nẵng,12118298
GD202606013981,2026-06-26 17:10:54,KH000147,POS,Rút tiền mặt,210000,1100,Thành công,CN Thanh Xuân,130035150
GD202606000179,2026-06-26 17:24:42,KH000005,Mobile Banking,Thanh toán thẻ,976000,0,Thành công,CN Đà Nẵng,2067930
GD202606004686,2026-06-26 17:53:32,KH000050,Internet Banking,Chuyển khoản đi,1111000,0,Thành công,CN Đà Nẵng,14380375
GD202606014476,2026-06-26 18:20:39,KH000153,Mobile Banking,Thanh toán thẻ,109000,0,Thành công,CN Hoàn Kiếm,102241
GD202606015597,2026-06-26 18:26:52,KH000169,Internet Banking,Nộp tiền mặt,507000,0,Thành công,CN Hải Phòng,9279670
GD202606008125,2026-06-26 18:34:45,KH000083,Mobile Banking,Thanh toán thẻ,266000,0,Thành công,CN Cầu Giấy,54871946
GD202606015353,2026-06-26 18:35:56,KH000164,QR Code,Thanh toán thẻ,156000,0,Thành công,CN Cầu Giấy,18322947
GD202606003982,2026-06-26 18:57:02,KH000039,Mobile Banking,Chuyển khoản đến,1786000,0,Thất bại,CN Hoàn Kiếm,53774096
GD202606015157,2026-06-26 19:14:58,KH000162,POS,Thanh toán thẻ,160000,0,Thành công,CN Cần Thơ,208303
GD202606017311,2026-06-26 19:20:34,KH000183,Mobile Banking,Thanh toán thẻ,5656000,0,Thành công,CN Cầu Giấy,27260049
GD202606004593,2026-06-26 19:20:41,KH000048,QR Code,Thanh toán thẻ,86000,0,Thành công,CN Bình Dương,3865315
GD202606017006,2026-06-26 19:50:17,KH000182,POS,Thanh toán thẻ,2480000,1100,Thành công,CN Thanh Xuân,5637571
GD202606015598,2026-06-26 19:56:18,KH000169,POS,Thanh toán thẻ,2353000,1100,Thành công,CN Đà Nẵng,6925570
GD202606009374,2026-06-26 20:33:05,KH000096,Mobile Banking,Thanh toán hóa đơn,1513000,0,Thành công,CN Thanh Xuân,8549298
GD202606005886,2026-06-26 20:38:07,KH000061,QR Code,Chuyển khoản đến,733000,0,Thành công,CN Hải Phòng,14932545
GD202606013766,2026-06-26 20:42:12,KH000144,Internet Banking,Thanh toán thẻ,1026000,0,Thành công,CN Quận 1,3481181
GD202606015938,2026-06-26 20:45:23,KH000172,POS,Thanh toán thẻ,744000,0,Thành công,CN Bình Dương,5830778
GD202606011209,2026-06-26 21:10:25,KH000118,POS,Chuyển khoản đến,5518000,1100,Thành công,CN Hoàn Kiếm,24204679
GD202606014474,2026-06-26 21:42:19,KH000153,Internet Banking,Thanh toán thẻ,140000,0,Thành công,CN TP Hồ Chí Minh,129241
GD202606013303,2026-06-26 21:53:34,KH000137,Internet Banking,Thanh toán thẻ,1007000,0,Thành công,CN Cầu Giấy,19292380
GD202606014475,2026-06-26 21:55:11,KH000153,POS,Thanh toán thẻ,175000,5500,Thành công,CN Cầu Giấy,211241
GD202606010422,2026-06-26 22:01:22,KH000109,ATM,Nạp tiền điện thoại,548000,1100,Thành công,CN Cần Thơ,5667829
GD202606006182,2026-06-26 22:04:17,KH000063,Mobile Banking,Rút tiền mặt,700000,0,Thành công,CN Hải Phòng,62048286
GD202606016663,2026-06-26 22:06:37,KH000180,ATM,Chuyển khoản đến,2122000,5500,Thành công,CN Quận 1,51520862
GD202606007029,2026-06-26 22:09:11,KH000074,QR Code,Nộp tiền mặt,151000,0,Thành công,CN Cầu Giấy,25019660
GD202606004929,2026-06-26 22:29:07,KH000052,Internet Banking,Rút tiền mặt,189000,0,Thành công,CN Cần Thơ,188306
GD202606005509,2026-06-26 22:37:39,KH000058,Quầy giao dịch,Nạp tiền điện thoại,1484000,5500,Thành công,CN Đà Nẵng,108930725
GD202606010719,2026-06-26 22:40:18,KH000113,Internet Banking,Chuyển khoản đi,2293000,0,Thành công,CN Cầu Giấy,49835445
GD202606006678,2026-06-26 22:45:50,KH000068,ATM,Chuyển khoản đến,12877000,0,Thành công,CN Đà Nẵng,62995189
GD202606004057,2026-06-27 06:56:37,KH000040,Mobile Banking,Chuyển khoản đến,2324000,0,Thành công,CN Đà Nẵng,49067098
GD202606013304,2026-06-27 07:39:18,KH000137,ATM,Thanh toán hóa đơn,6545000,1100,Thành công,CN Bình Dương,12746280
GD202606009662,2026-06-27 07:50:27,KH000098,POS,Thanh toán thẻ,731000,3300,Thành công,CN Cần Thơ,15250787
GD202606012932,2026-06-27 08:14:16,KH000132,Internet Banking,Chuyển khoản đến,1080000,0,Thành công,CN Quận 1,4668719
GD202606010243,2026-06-27 08:24:55,KH000106,ATM,Chuyển khoản đến,1632000,5500,Thành công,CN Cần Thơ,35901749
GD202606010491,2026-06-27 08:26:13,KH000110,Mobile Banking,Thanh toán thẻ,1578000,0,Thành công,CN Thanh Xuân,51220723
GD202606002700,2026-06-27 08:29:06,KH000025,QR Code,Chuyển khoản đi,174000,0,Thành công,CN Đà Nẵng,107131
GD202606011087,2026-06-27 08:43:55,KH000117,ATM,Nạp tiền điện thoại,731000,0,Thành công,CN Bình Dương,70810090
GD202606010492,2026-06-27 09:33:04,KH000110,POS,Thanh toán thẻ,3211000,1100,Thành công,CN Đà Nẵng,48008623
GD202606018137,2026-06-27 09:40:32,KH000191,Internet Banking,Thanh toán thẻ,1891000,0,Thành công,CN Hoàn Kiếm,5005549
GD202606009117,2026-06-27 09:49:22,KH000094,Mobile Banking,Rút tiền mặt,2263000,0,Thành công,CN Thanh Xuân,71896021
GD202606010079,2026-06-27 10:00:13,KH000104,QR Code,Thanh toán hóa đơn,981000,0,Thành công,CN Quận 1,4000017
GD202606017739,2026-06-27 10:09:47,KH000187,Internet Banking,Chuyển khoản đi,71000,0,Thành công,CN Cầu Giấy,2702782
GD202606002701,2026-06-27 10:24:00,KH000025,Internet Banking,Chuyển khoản đến,66000,0,Thành công,CN Cần Thơ,173131
GD202606017007,2026-06-27 11:01:10,KH000182,Internet Banking,Nộp tiền mặt,497000,0,Thành công,CN Cầu Giấy,6134571
GD202606006410,2026-06-27 11:14:27,KH000065,QR Code,Nộp tiền mặt,16025000,0,Thành công,CN Cầu Giấy,78388297
GD202606016799,2026-06-27 11:27:43,KH000181,QR Code,Thanh toán thẻ,199000,0,Thành công,CN Thanh Xuân,323020
GD202606007365,2026-06-27 11:32:03,KH000077,Internet Banking,Thanh toán thẻ,296000,0,Thành công,CN Cầu Giấy,701180
GD202606012676,2026-06-27 11:35:39,KH000131,POS,Thanh toán thẻ,75000,1100,Thành công,CN Bình Dương,142180
GD202606003823,2026-06-27 12:27:39,KH000037,Quầy giao dịch,Chuyển khoản đến,5884000,0,Thành công,CN Bình Dương,92178558
GD202606011211,2026-06-27 12:28:30,KH000118,POS,Thanh toán thẻ,5825000,5500,Thành công,CN Cầu Giấy,16043179
GD202606009375,2026-06-27 12:52:48,KH000096,POS,Nộp tiền mặt,2606000,0,Thành công,CN Cầu Giấy,11155298
GD202606018136,2026-06-27 13:04:59,KH000191,Mobile Banking,Chuyển khoản đến,1293000,0,Thành công,CN Hải Phòng,6896549
GD202606003086,2026-06-27 13:32:45,KH000028,Internet Banking,Thanh toán thẻ,885000,0,Thành công,CN Cần Thơ,32872363
GD202606006910,2026-06-27 13:42:18,KH000073,POS,Thanh toán thẻ,21233000,1100,Thành công,CN Đà Nẵng,74001199
GD202606000326,2026-06-27 13:54:07,KH000007,QR Code,Rút tiền mặt,1359000,0,Thành công,CN Thanh Xuân,7266547
GD202606009661,2026-06-27 14:01:43,KH000098,QR Code,Thanh toán thẻ,1311000,0,Thành công,CN Đà Nẵng,15985087
GD202606005127,2026-06-27 14:02:05,KH000053,Mobile Banking,Thanh toán thẻ,32086000,0,Thành công,CN Quận 1,70673129
GD202606014477,2026-06-27 14:19:42,KH000153,Internet Banking,Rút tiền mặt,69000,0,Thất bại,CN Cầu Giấy,102241
GD202606016303,2026-06-27 14:55:08,KH000176,Mobile Banking,Nộp tiền mặt,613000,0,Thành công,CN Thanh Xuân,47924880
GD202606010651,2026-06-27 15:08:58,KH000112,ATM,Nộp tiền mặt,1801000,0,Thành công,CN Bình Dương,34085644
GD202606006409,2026-06-27 15:40:19,KH000065,POS,Thanh toán thẻ,9990000,0,Thành công,CN Quận 1,62363297
GD202606010720,2026-06-27 16:24:52,KH000113,POS,Thanh toán hóa đơn,6257000,3300,Thành công,CN Quận 1,43575145
GD202606014806,2026-06-27 16:50:06,KH000157,POS,Chuyển khoản đi,161000,3300,Thành công,CN Bình Dương,1055756
GD202606013871,2026-06-27 17:33:25,KH000145,POS,Thanh toán thẻ,345000,5500,Thành công,CN Thanh Xuân,68763153
GD202606011576,2026-06-27 17:36:52,KH000121,Quầy giao dịch,Chuyển khoản đi,1971000,1100,Thành công,CN Quận 1,6177749
GD202606008296,2026-06-27 17:39:53,KH000084,ATM,Nộp tiền mặt,2784000,5500,Thành công,CN Thanh Xuân,17882391
GD202606001657,2026-06-27 18:27:26,KH000017,Mobile Banking,Thanh toán hóa đơn,547000,0,Thành công,CN Hải Phòng,13835154
GD202606015939,2026-06-27 18:37:23,KH000172,Mobile Banking,Thanh toán thẻ,798000,0,Thành công,CN Đà Nẵng,5032778
GD202606000814,2026-06-27 18:48:38,KH000011,QR Code,Thanh toán thẻ,1220000,0,Thành công,CN Đà Nẵng,89483766
GD202606000989,2026-06-27 19:28:36,KH000013,ATM,Chuyển khoản đến,12005000,5500,Thành công,CN Đà Nẵng,56960738
GD202606017312,2026-06-27 19:39:52,KH000183,QR Code,Thanh toán thẻ,5681000,0,Thành công,CN Đà Nẵng,21579049
GD202606003895,2026-06-27 19:43:00,KH000038,Quầy giao dịch,Chuyển khoản đến,5225000,0,Thành công,CN TP Hồ Chí Minh,85514051
GD202606014225,2026-06-27 19:47:42,KH000151,QR Code,Nộp tiền mặt,790000,0,Thành công,CN TP Hồ Chí Minh,3198216
GD202606017913,2026-06-27 20:00:01,KH000189,QR Code,Nộp tiền mặt,28697000,0,Thành công,CN Cầu Giấy,140221679
GD202606007690,2026-06-27 20:05:25,KH000079,POS,Thanh toán thẻ,1825000,5500,Thành công,CN Bình Dương,4258377
GD202606013526,2026-06-27 20:22:25,KH000141,ATM,Chuyển khoản đến,2941000,0,Thành công,CN TP Hồ Chí Minh,11577707
GD202606000988,2026-06-27 20:36:30,KH000013,POS,Thanh toán thẻ,2263000,5500,Thành công,CN TP Hồ Chí Minh,44955738
GD202606001725,2026-06-27 21:11:35,KH000018,Mobile Banking,Thanh toán thẻ,964000,0,Thành công,CN TP Hồ Chí Minh,60292399
GD202606004930,2026-06-27 21:13:53,KH000052,Mobile Banking,Nộp tiền mặt,106000,0,Thành công,CN Đà Nẵng,294306
GD202606007364,2026-06-27 21:18:01,KH000077,POS,Thanh toán thẻ,458000,0,Thành công,CN TP Hồ Chí Minh,997180
GD202606005887,2026-06-27 21:32:49,KH000061,POS,Thanh toán thẻ,969000,3300,Thành công,CN Hải Phòng,13960245
GD202606009746,2026-06-27 21:42:44,KH000099,QR Code,Nộp tiền mặt,976000,0,Thành công,CN Đà Nẵng,40419965
GD202606003326,2026-06-27 21:48:51,KH000031,Mobile Banking,Chuyển khoản đến,108000,0,Thành công,CN Bình Dương,325503
GD202606011577,2026-06-27 22:00:37,KH000121,Mobile Banking,Chuyển khoản đến,437000,0,Thành công,CN Đà Nẵng,6614749
GD202606001520,2026-06-27 22:43:25,KH000016,POS,Thanh toán thẻ,104000,3300,Thành công,CN Quận 1,214807
GD202606013086,2026-06-27 22:54:35,KH000134,QR Code,Rút tiền mặt,2383000,0,Thành công,CN Cầu Giấy,5437662
GD202606013767,2026-06-28 06:01:09,KH000144,Mobile Banking,Chuyển khoản đến,113000,0,Thành công,CN Cầu Giấy,3594181
GD202606005186,2026-06-28 06:03:08,KH000054,POS,Thanh toán thẻ,550000,1100,Thành công,CN Quận 1,2018394
GD202606007366,2026-06-28 06:14:09,KH000077,Internet Banking,Chuyển khoản đến,140000,0,Thành công,CN Hoàn Kiếm,841180
GD202606013872,2026-06-28 06:39:59,KH000145,POS,Thanh toán thẻ,156000,5500,Thành công,CN TP Hồ Chí Minh,68601653
GD202606004931,2026-06-28 06:45:46,KH000052,ATM,Rút tiền mặt,120000,5500,Thành công,CN Quận 1,168806
GD202606010652,2026-06-28 06:54:36,KH000112,QR Code,Rút tiền mặt,225000,0,Thành công,CN Hải Phòng,33860644
GD202606001913,2026-06-28 06:59:41,KH000019,QR Code,Nộp tiền mặt,1108000,0,Thành công,CN Quận 1,20566853
GD202606004553,2026-06-28 07:10:33,KH000047,ATM,Nộp tiền mặt,2839000,0,Thành công,CN Bình Dương,103819991
GD202606005128,2026-06-28 07:39:20,KH000053,Internet Banking,Nộp tiền mặt,795000,0,Thành công,CN Thanh Xuân,71468129
GD202606012302,2026-06-28 07:40:55,KH000128,QR Code,Chuyển khoản đi,580000,0,Thành công,CN Cần Thơ,50012152
GD202606007367,2026-06-28 07:53:08,KH000077,Mobile Banking,Rút tiền mặt,289000,0,Thành công,CN Đà Nẵng,552180
GD202606010244,2026-06-28 08:01:24,KH000106,POS,Thanh toán thẻ,838000,3300,Thành công,CN Cần Thơ,35060449
GD202606000656,2026-06-28 08:01:47,KH000010,Mobile Banking,Thanh toán thẻ,384000,0,Thành công,CN TP Hồ Chí Minh,2209553
GD202606010080,2026-06-28 09:17:42,KH000104,Mobile Banking,Rút tiền mặt,747000,0,Thành công,CN Thanh Xuân,3253017
GD202606002456,2026-06-28 10:01:33,KH000023,Mobile Banking,Nộp tiền mặt,7932000,0,Thành công,CN Quận 1,40539236
GD202606001912,2026-06-28 10:18:02,KH000019,Mobile Banking,Nộp tiền mặt,2556000,0,Thành công,CN Hải Phòng,19458853
GD202606001911,2026-06-28 10:37:15,KH000019,POS,Thanh toán thẻ,1895000,5500,Thành công,CN Quận 1,16902853
GD202606002870,2026-06-28 12:14:55,KH000026,Mobile Banking,Nộp tiền mặt,171000,0,Thành công,CN TP Hồ Chí Minh,558222
GD202606000992,2026-06-28 12:25:18,KH000013,QR Code,Thanh toán hóa đơn,14968000,0,Thành công,CN Hải Phòng,31089538
GD202606017313,2026-06-28 12:36:52,KH000183,POS,Thanh toán thẻ,5502000,3300,Thành công,CN Cần Thơ,16073749
GD202606011088,2026-06-28 12:50:48,KH000117,QR Code,Thanh toán thẻ,281000,0,Thành công,CN Bình Dương,70529090
GD202606017492,2026-06-28 13:22:30,KH000184,POS,Thanh toán thẻ,7299000,0,Thành công,CN Hoàn Kiếm,36689630
GD202606003773,2026-06-28 13:40:10,KH000035,POS,Chuyển khoản đi,379000,3300,Thành công,CN Cần Thơ,10248055
GD202606003774,2026-06-28 14:24:43,KH000035,ATM,Chuyển khoản đi,2533000,1100,Thành công,CN Cầu Giấy,7713955
GD202606011825,2026-06-28 14:25:07,KH000125,QR Code,Chuyển khoản đến,151000,0,Thành công,CN Hải Phòng,292136
GD202606014807,2026-06-28 14:34:17,KH000157,ATM,Rút tiền mặt,78000,0,Thành công,CN Hải Phòng,977756
GD202606006679,2026-06-28 14:51:55,KH000068,Internet Banking,Thanh toán thẻ,9575000,0,Thành công,CN Cần Thơ,53420189
GD202606008876,2026-06-28 15:07:19,KH000092,POS,Thanh toán thẻ,1490000,1100,Thành công,CN Cầu Giấy,2937184
GD202606017840,2026-06-28 15:07:42,KH000188,Internet Banking,Thanh toán thẻ,10406000,0,Thành công,CN Đà Nẵng,67890734
GD202606003654,2026-06-28 16:02:51,KH000034,Mobile Banking,Thanh toán thẻ,892000,0,Thành công,CN Thanh Xuân,54562928
GD202606003213,2026-06-28 16:22:35,KH000029,POS,Rút tiền mặt,1200000,5500,Thành công,CN Hải Phòng,3404201
GD202606008735,2026-06-28 16:36:48,KH000090,POS,Chuyển khoản đến,42014000,1100,Thành công,CN TP Hồ Chí Minh,291397496
GD202606009118,2026-06-28 16:42:10,KH000094,Quầy giao dịch,Rút tiền mặt,680000,5500,Thành công,CN TP Hồ Chí Minh,71210521
GD202606018450,2026-06-28 16:56:42,KH000195,QR Code,Nộp tiền mặt,72000,0,Thành công,CN TP Hồ Chí Minh,284217
GD202606012933,2026-06-28 16:58:54,KH000132,Internet Banking,Nạp tiền điện thoại,1054000,0,Thành công,CN Cầu Giấy,3614719
GD202606008736,2026-06-28 17:05:09,KH000090,QR Code,Thanh toán hóa đơn,4356000,0,Thành công,CN Cần Thơ,287041496
GD202606014655,2026-06-28 17:18:45,KH000154,Mobile Banking,Nạp tiền điện thoại,1056000,0,Thành công,CN TP Hồ Chí Minh,12835594
GD202606009859,2026-06-28 17:19:15,KH000101,Quầy giao dịch,Nộp tiền mặt,5477000,1100,Thành công,CN Hải Phòng,85916184
GD202606007031,2026-06-28 17:19:26,KH000074,QR Code,Chuyển khoản đi,108000,0,Thành công,CN Đà Nẵng,25739660
GD202606016476,2026-06-28 17:46:37,KH000177,POS,Chuyển khoản đến,2548000,0,Thành công,CN TP Hồ Chí Minh,17776593
GD202606015159,2026-06-28 17:51:15,KH000162,Mobile Banking,Thanh toán hóa đơn,197000,0,Thành công,CN TP Hồ Chí Minh,96203
GD202606012404,2026-06-28 18:11:23,KH000129,Quầy giao dịch,Thanh toán hóa đơn,121000,0,Thành công,CN Cần Thơ,162048
GD202606018710,2026-06-28 18:16:56,KH000198,POS,Chuyển khoản đến,1017000,0,Thành công,CN Cần Thơ,30058088
GD202606005620,2026-06-28 18:17:45,KH000059,QR Code,Nộp tiền mặt,20882000,0,Thành công,CN Quận 1,85414684
GD202606000263,2026-06-28 18:21:09,KH000006,Mobile Banking,Rút tiền mặt,136000,0,Thành công,CN Hoàn Kiếm,5503466
GD202606010938,2026-06-28 18:32:25,KH000115,QR Code,Chuyển khoản đến,1301000,0,Thành công,CN Bình Dương,25072045
GD202606012677,2026-06-28 18:48:40,KH000131,POS,Thanh toán thẻ,122000,3300,Thành công,CN Hoàn Kiếm,199880
GD202606018449,2026-06-28 18:49:32,KH000195,Mobile Banking,Chuyển khoản đi,179000,0,Thành công,CN TP Hồ Chí Minh,212217
GD202606007691,2026-06-28 18:52:22,KH000079,Mobile Banking,Thanh toán thẻ,1268000,0,Thành công,CN Cầu Giấy,2990377
GD202606011578,2026-06-28 19:13:44,KH000121,Internet Banking,Thanh toán hóa đơn,1926000,0,Thành công,CN Hoàn Kiếm,4688749
GD202606010245,2026-06-28 19:16:28,KH000106,QR Code,Thanh toán thẻ,1374000,0,Thành công,CN TP Hồ Chí Minh,33686449
GD202606000990,2026-06-28 19:27:31,KH000013,POS,Thanh toán thẻ,8725000,1100,Thành công,CN Hoàn Kiếm,48234638
GD202606005308,2026-06-28 19:29:36,KH000056,Internet Banking,Thanh toán thẻ,3814000,0,Thành công,CN Đà Nẵng,86363743
GD202606015158,2026-06-28 19:41:50,KH000162,POS,Thanh toán thẻ,172000,1100,Thành công,CN Bình Dương,293203
GD202606012474,2026-06-28 19:44:20,KH000130,Mobile Banking,Nạp tiền điện thoại,4787000,0,Thành công,CN Hoàn Kiếm,26815830
GD202606000029,2026-06-28 19:44:57,KH000001,QR Code,Nạp tiền điện thoại,1700000,0,Thành công,CN Hoàn Kiếm,95910767
GD202606002178,2026-06-28 20:01:40,KH000020,Mobile Banking,Nộp tiền mặt,142000,0,Thành công,CN Đà Nẵng,9196488
GD202606004213,2026-06-28 20:27:08,KH000042,QR Code,Rút tiền mặt,4297000,0,Thành công,CN Cầu Giấy,36772615
GD202606013118,2026-06-28 21:06:57,KH000135,POS,Thanh toán thẻ,11920000,0,Thành công,CN Hoàn Kiếm,146048176
GD202606015940,2026-06-28 21:10:37,KH000172,QR Code,Thanh toán hóa đơn,300000,0,Thành công,CN Cầu Giấy,4732778
GD202606015786,2026-06-28 21:16:37,KH000171,QR Code,Rút tiền mặt,184000,0,Thành công,CN Thanh Xuân,169451
GD202606005228,2026-06-28 21:42:21,KH000055,Mobile Banking,Chuyển khoản đến,974000,0,Thành công,CN Cầu Giấy,9846387
GD202606000991,2026-06-28 22:14:01,KH000013,POS,Thanh toán thẻ,2176000,1100,Thành công,CN Hoàn Kiếm,46057538
GD202606014301,2026-06-28 22:26:54,KH000152,POS,Rút tiền mặt,1858000,3300,Thành công,CN Quận 1,79539991
GD202606016161,2026-06-28 22:38:24,KH000175,POS,Thanh toán thẻ,15092000,5500,Thành công,CN TP Hồ Chí Minh,35302537
