ma_giao_dich,ngay_gio,ma_kh,kenh,loai_giao_dich,so_tien,phi,trang_thai,chi_nhanh,so_du_sau_giao_dich
GD202611005993,2026-11-01 06:55:52,KH000061,POS,Nộp tiền mặt,1370000,3300,Thành công,CN Thanh Xuân,5943947
GD202611009609,2026-11-01 07:06:28,KH000097,POS,Thanh toán thẻ,100000,0,Thành công,CN TP Hồ Chí Minh,501749
GD202611009963,2026-11-01 07:45:48,KH000103,Internet Banking,Chuyển khoản đến,283000,0,Thành công,CN Bình Dương,1603219
GD202611006600,2026-11-01 07:47:24,KH000066,POS,Chuyển khoản đến,1576000,3300,Thành công,CN TP Hồ Chí Minh,150042229
GD202611005200,2026-11-01 07:55:16,KH000054,POS,Nạp tiền điện thoại,645000,3300,Thành công,CN TP Hồ Chí Minh,3093555
GD202611008509,2026-11-01 07:58:12,KH000086,Quầy giao dịch,Rút tiền mặt,8767000,3300,Thành công,CN Thanh Xuân,21243111
GD202611005047,2026-11-01 08:02:51,KH000052,POS,Thanh toán thẻ,183000,0,Thành công,CN Hoàn Kiếm,113906
GD202611016384,2026-11-01 08:17:20,KH000176,POS,Thanh toán thẻ,963000,3300,Thành công,CN Thanh Xuân,65180197
GD202611006488,2026-11-01 08:18:58,KH000065,POS,Thanh toán thẻ,2371000,1100,Thành công,CN Hoàn Kiếm,28668131
GD202611008060,2026-11-01 08:29:53,KH000082,Internet Banking,Nộp tiền mặt,887000,0,Thành công,CN Hải Phòng,6057106
GD202611013915,2026-11-01 08:35:40,KH000145,Mobile Banking,Nạp tiền điện thoại,76000,0,Thành công,CN Hải Phòng,112098172
GD202611011476,2026-11-01 08:40:50,KH000119,Quầy giao dịch,Nạp tiền điện thoại,134000,3300,Thành công,CN Bình Dương,71711302
GD202611014728,2026-11-01 08:52:04,KH000155,Mobile Banking,Chuyển khoản đến,16032000,0,Thành công,CN Hoàn Kiếm,79919144
GD202611016841,2026-11-01 08:55:19,KH000181,POS,Thanh toán thẻ,143000,0,Thành công,CN Quận 1,189820
GD202611014953,2026-11-01 08:59:22,KH000159,Mobile Banking,Chuyển khoản đến,81000,0,Thành công,CN Hoàn Kiếm,71277720
GD202611011593,2026-11-01 09:37:35,KH000121,Internet Banking,Thanh toán hóa đơn,180000,0,Thành công,CN Quận 1,1933449
GD202611000853,2026-11-01 09:49:34,KH000011,ATM,Thanh toán hóa đơn,2678000,5500,Thành công,CN Hải Phòng,118667374
GD202611010152,2026-11-01 10:21:43,KH000104,Mobile Banking,Thanh toán thẻ,1482000,0,Thành công,CN Thanh Xuân,6225803
GD202611010874,2026-11-01 11:02:52,KH000114,Mobile Banking,Chuyển khoản đến,62000,0,Thành công,CN Quận 1,87444507
GD202611004614,2026-11-01 11:07:41,KH000049,Mobile Banking,Chuyển khoản đi,1212000,0,Thành công,CN Cần Thơ,41735241
GD202611004479,2026-11-01 11:25:02,KH000045,QR Code,Thanh toán thẻ,1457000,0,Thành công,CN Bình Dương,61794375
GD202611003995,2026-11-01 11:30:53,KH000039,Internet Banking,Nạp tiền điện thoại,433000,0,Thành công,CN Đà Nẵng,68061275
GD202611018207,2026-11-01 11:41:03,KH000191,POS,Thanh toán thẻ,817000,3300,Thành công,CN Quận 1,1863708
GD202611015303,2026-11-01 12:01:41,KH000163,Quầy giao dịch,Rút tiền mặt,12776000,1100,Thành công,CN Quận 1,34540617
GD202611013789,2026-11-01 12:35:22,KH000144,Internet Banking,Thanh toán thẻ,701000,0,Thành công,CN Quận 1,4363801
GD202611007116,2026-11-01 12:53:06,KH000074,Internet Banking,Chuyển khoản đi,1471000,0,Thành công,CN Bình Dương,31400246
GD202611017422,2026-11-01 13:24:11,KH000183,Quầy giao dịch,Chuyển khoản đến,2126000,3300,Thành công,CN Cầu Giấy,22464801
GD202611002795,2026-11-01 13:31:00,KH000025,POS,Thanh toán thẻ,180000,3300,Thành công,CN Hải Phòng,289231
GD202611001385,2026-11-01 13:35:05,KH000015,POS,Thanh toán thẻ,2544000,5500,Thành công,CN Hải Phòng,16551183
GD202611017576,2026-11-01 14:02:28,KH000185,QR Code,Thanh toán thẻ,1252000,0,Thành công,CN Đà Nẵng,78505177
GD202611005709,2026-11-01 14:15:23,KH000060,Mobile Banking,Thanh toán thẻ,3949000,0,Thành công,CN Quận 1,25959802
GD202611000854,2026-11-01 14:18:56,KH000011,POS,Thanh toán thẻ,2796000,1100,Thành công,CN Cầu Giấy,115870274
GD202611018675,2026-11-01 14:38:00,KH000197,Quầy giao dịch,Chuyển khoản đi,42478000,0,Thành công,CN Thanh Xuân,92229897
GD202611010153,2026-11-01 14:38:23,KH000104,QR Code,Chuyển khoản đến,1045000,0,Thành công,CN Thanh Xuân,7270803
GD202611008156,2026-11-01 14:38:38,KH000083,POS,Nộp tiền mặt,312000,1100,Thành công,CN Bình Dương,89597310
GD202611002796,2026-11-01 15:07:21,KH000025,QR Code,Rút tiền mặt,128000,0,Thành công,CN Cần Thơ,161231
GD202611016712,2026-11-01 15:19:01,KH000180,POS,Thanh toán thẻ,2383000,1100,Thành công,CN Quận 1,75485372
GD202611015620,2026-11-01 15:46:23,KH000169,POS,Thanh toán thẻ,2090000,3300,Thành công,CN Đà Nẵng,22658631
GD202611014179,2026-11-01 15:54:59,KH000150,QR Code,Chuyển khoản đi,8230000,0,Thành công,CN TP Hồ Chí Minh,34895937
GD202611007186,2026-11-01 15:59:25,KH000075,Mobile Banking,Nạp tiền điện thoại,3191000,0,Thành công,CN Đà Nẵng,26505242
GD202611012774,2026-11-01 16:05:32,KH000131,QR Code,Nộp tiền mặt,70000,0,Thành công,CN Bình Dương,502180
GD202611017954,2026-11-01 16:07:10,KH000189,Internet Banking,Thanh toán thẻ,29283000,0,Thành công,CN Cần Thơ,92150109
GD202611018674,2026-11-01 16:18:38,KH000197,POS,Thanh toán thẻ,32682000,5500,Thất bại,CN Hải Phòng,134707897
GD202611016554,2026-11-01 16:27:55,KH000178,Internet Banking,Chuyển khoản đến,542000,0,Thành công,CN Hoàn Kiếm,26031498
GD202611013669,2026-11-01 16:38:09,KH000142,Mobile Banking,Chuyển khoản đến,13001000,0,Thành công,CN Hải Phòng,141996531
GD202611014677,2026-11-01 16:38:59,KH000154,POS,Nộp tiền mặt,1457000,0,Thành công,CN Thanh Xuân,8743394
GD202611005145,2026-11-01 16:45:21,KH000053,Internet Banking,Thanh toán thẻ,4786000,0,Thành công,CN TP Hồ Chí Minh,11986040
GD202611014321,2026-11-01 16:54:50,KH000152,QR Code,Thanh toán thẻ,105000,0,Thành công,CN Bình Dương,80535908
GD202611013466,2026-11-01 17:00:40,KH000139,QR Code,Thanh toán hóa đơn,225000,0,Thành công,CN Hoàn Kiếm,627407
GD202611002382,2026-11-01 17:03:38,KH000022,Mobile Banking,Nạp tiền điện thoại,1191000,0,Thành công,CN TP Hồ Chí Minh,37105670
GD202611018018,2026-11-01 17:20:01,KH000190,ATM,Nộp tiền mặt,2343000,0,Thành công,CN Hải Phòng,82285504
GD202611004333,2026-11-01 17:44:35,KH000044,Internet Banking,Rút tiền mặt,432000,0,Thành công,CN Đà Nẵng,1767762
GD202611001015,2026-11-01 18:05:11,KH000013,Internet Banking,Nộp tiền mặt,350000,0,Thành công,CN Hải Phòng,3910438
GD202611011914,2026-11-01 18:18:41,KH000125,Mobile Banking,Thanh toán thẻ,197000,0,Thành công,CN Hải Phòng,254836
GD202611002978,2026-11-01 18:31:48,KH000027,QR Code,Thanh toán thẻ,1784000,0,Thành công,CN TP Hồ Chí Minh,5512261
GD202611018813,2026-11-01 19:07:58,KH000200,QR Code,Thanh toán thẻ,191000,0,Thành công,CN Đà Nẵng,340377
GD202611009875,2026-11-01 19:09:17,KH000101,QR Code,Nộp tiền mặt,1722000,0,Thành công,CN Đà Nẵng,103350570
GD202611003727,2026-11-01 19:20:12,KH000034,Internet Banking,Chuyển khoản đến,2340000,0,Thành công,CN Cần Thơ,48566320
GD202611014564,2026-11-01 19:21:24,KH000153,Internet Banking,Nạp tiền điện thoại,184000,0,Thành công,CN TP Hồ Chí Minh,262641
GD202611005710,2026-11-01 19:23:49,KH000060,QR Code,Nộp tiền mặt,915000,0,Thành công,CN Cần Thơ,26874802
GD202611002021,2026-11-01 19:27:45,KH000019,QR Code,Thanh toán thẻ,115000,0,Thành công,CN Thanh Xuân,850641
GD202611008386,2026-11-01 19:41:18,KH000084,POS,Thanh toán thẻ,1417000,5500,Thành công,CN Quận 1,11509640
GD202611011592,2026-11-01 19:53:06,KH000121,Internet Banking,Thanh toán thẻ,286000,0,Thành công,CN Hải Phòng,2113449
GD202611013467,2026-11-01 20:58:02,KH000139,POS,Chuyển khoản đến,80000,0,Thành công,CN Quận 1,707407
GD202611002022,2026-11-01 21:02:24,KH000019,Mobile Banking,Thanh toán hóa đơn,131000,0,Thành công,CN Bình Dương,719641
GD202611017421,2026-11-01 21:04:56,KH000183,Internet Banking,Chuyển khoản đến,3000000,0,Thành công,CN Bình Dương,20338801
GD202611008387,2026-11-01 21:24:45,KH000084,Mobile Banking,Thanh toán thẻ,2885000,0,Thành công,CN Hải Phòng,8624640
GD202611003938,2026-11-01 21:46:11,KH000038,POS,Thanh toán thẻ,4497000,3300,Thành công,CN Đà Nẵng,100107634
GD202611000220,2026-11-01 21:46:59,KH000005,POS,Thanh toán thẻ,101000,3300,Thành công,CN Cầu Giấy,83130
GD202611012773,2026-11-01 21:49:32,KH000131,Mobile Banking,Nộp tiền mặt,130000,0,Thành công,CN Quận 1,432180
GD202611015828,2026-11-01 21:51:27,KH000171,Mobile Banking,Thanh toán thẻ,52000,0,Thành công,CN Cần Thơ,217351
GD202611014563,2026-11-01 22:11:07,KH000153,POS,Thanh toán thẻ,87000,3300,Thành công,CN TP Hồ Chí Minh,170641
GD202611002252,2026-11-01 22:14:25,KH000020,Quầy giao dịch,Nạp tiền điện thoại,2846000,1100,Thành công,CN Cầu Giấy,21622116
GD202611011252,2026-11-01 22:41:42,KH000118,QR Code,Nạp tiền điện thoại,1853000,0,Thành công,CN Quận 1,10570149
GD202611001669,2026-11-01 22:42:05,KH000017,POS,Thanh toán thẻ,2047000,1100,Thành công,CN Cần Thơ,35433026
GD202611000855,2026-11-01 22:44:36,KH000011,QR Code,Rút tiền mặt,3797000,0,Thành công,CN Đà Nẵng,112073274
GD202611008935,2026-11-02 06:09:12,KH000092,QR Code,Thanh toán thẻ,1683000,0,Thành công,CN Hoàn Kiếm,3241220
GD202611005048,2026-11-02 06:24:54,KH000052,Mobile Banking,Nộp tiền mặt,96000,0,Thành công,CN TP Hồ Chí Minh,209906
GD202611006491,2026-11-02 06:29:27,KH000065,Mobile Banking,Chuyển khoản đến,2099000,0,Thành công,CN Quận 1,42131131
GD202611009611,2026-11-02 06:29:47,KH000097,Internet Banking,Nạp tiền điện thoại,105000,0,Thành công,CN Cần Thơ,249749
GD202611003357,2026-11-02 06:35:07,KH000031,Quầy giao dịch,Rút tiền mặt,159000,0,Thành công,CN TP Hồ Chí Minh,103403
GD202611013540,2026-11-02 06:49:18,KH000141,POS,Thanh toán thẻ,2754000,3300,Thành công,CN Cầu Giấy,6047880
GD202611014829,2026-11-02 07:06:40,KH000157,Internet Banking,Nộp tiền mặt,153000,0,Thành công,CN Hải Phòng,683853
GD202611015704,2026-11-02 07:13:53,KH000170,Quầy giao dịch,Nộp tiền mặt,72000,1100,Thành công,CN TP Hồ Chí Minh,476753
GD202611005994,2026-11-02 07:18:24,KH000061,POS,Thanh toán thẻ,1037000,0,Thành công,CN Hoàn Kiếm,4906947
GD202611003147,2026-11-02 07:32:51,KH000028,QR Code,Nạp tiền điện thoại,138000,0,Thành công,CN Thanh Xuân,52304648
GD202611015829,2026-11-02 07:40:08,KH000171,ATM,Chuyển khoản đi,116000,3300,Thành công,CN Cần Thơ,98051
GD202611014830,2026-11-02 08:16:24,KH000157,ATM,Chuyển khoản đi,224000,5500,Thành công,CN Hải Phòng,454353
GD202611018019,2026-11-02 08:57:24,KH000190,POS,Thanh toán thẻ,13882000,0,Thành công,CN Hoàn Kiếm,68403504
GD202611014322,2026-11-02 08:58:50,KH000152,Internet Banking,Thanh toán thẻ,457000,0,Thành công,CN Thanh Xuân,80078908
GD202611005995,2026-11-02 08:59:51,KH000061,QR Code,Thanh toán thẻ,645000,0,Thành công,CN TP Hồ Chí Minh,4261947
GD202611014678,2026-11-02 09:32:59,KH000154,Mobile Banking,Chuyển khoản đến,424000,0,Thành công,CN Đà Nẵng,9167394
GD202611000484,2026-11-02 10:06:09,KH000008,Internet Banking,Chuyển khoản đến,1157000,0,Thành công,CN TP Hồ Chí Minh,21560330
GD202611009200,2026-11-02 10:07:56,KH000094,QR Code,Chuyển khoản đến,1855000,0,Thành công,CN Cầu Giấy,70027618
GD202611009610,2026-11-02 10:08:04,KH000097,QR Code,Chuyển khoản đi,147000,0,Thành công,CN Quận 1,354749
GD202611002023,2026-11-02 10:09:05,KH000019,Mobile Banking,Thanh toán thẻ,101000,0,Thành công,CN Cầu Giấy,618641
GD202611005201,2026-11-02 10:35:20,KH000054,POS,Thanh toán hóa đơn,874000,0,Thành công,CN Cầu Giấy,2219555
GD202611005147,2026-11-02 10:48:21,KH000053,POS,Thanh toán hóa đơn,2934000,1100,Thành công,CN Hoàn Kiếm,8664640
GD202611006489,2026-11-02 10:51:13,KH000065,Mobile Banking,Nộp tiền mặt,4745000,0,Thành công,CN Bình Dương,33413131
GD202611018208,2026-11-02 11:32:39,KH000191,POS,Thanh toán thẻ,453000,3300,Thành công,CN Quận 1,1407408
GD202611005527,2026-11-02 11:47:19,KH000058,ATM,Chuyển khoản đi,18577000,3300,Thành công,CN Bình Dương,291864630
GD202611005146,2026-11-02 11:52:37,KH000053,Quầy giao dịch,Chuyển khoản đi,383000,3300,Thành công,CN Hải Phòng,11599740
GD202611008972,2026-11-02 12:10:19,KH000093,Mobile Banking,Thanh toán thẻ,1557000,0,Thành công,CN Thanh Xuân,27019804
GD202611007785,2026-11-02 12:15:30,KH000079,POS,Thanh toán thẻ,1798000,0,Thành công,CN Cần Thơ,7479924
GD202611007551,2026-11-02 12:35:09,KH000078,Quầy giao dịch,Chuyển khoản đến,19838000,0,Thất bại,CN Thanh Xuân,70845920
GD202611001386,2026-11-02 12:35:57,KH000015,ATM,Nộp tiền mặt,762000,1100,Thành công,CN Đà Nẵng,17313183
GD202611006285,2026-11-02 12:50:50,KH000064,Mobile Banking,Thanh toán hóa đơn,413000,0,Thành công,CN Quận 1,2375331
GD202611009781,2026-11-02 13:01:40,KH000099,QR Code,Thanh toán thẻ,2491000,0,Thành công,CN Thanh Xuân,54556542
GD202611006244,2026-11-02 13:04:48,KH000063,POS,Thanh toán thẻ,434000,0,Thành công,CN Quận 1,88342724
GD202611004615,2026-11-02 13:14:43,KH000049,QR Code,Chuyển khoản đến,1410000,0,Thành công,CN Thanh Xuân,43145241
GD202611006601,2026-11-02 13:26:31,KH000066,Mobile Banking,Thanh toán thẻ,3726000,0,Thành công,CN Cầu Giấy,146316229
GD202611011016,2026-11-02 13:33:33,KH000116,Internet Banking,Chuyển khoản đến,619000,0,Thành công,CN Bình Dương,13788285
GD202611015017,2026-11-02 14:05:00,KH000160,Quầy giao dịch,Nộp tiền mặt,2697000,3300,Thành công,CN Bình Dương,114447550
GD202611011594,2026-11-02 14:35:48,KH000121,QR Code,Chuyển khoản đến,283000,0,Thành công,CN Cần Thơ,2216449
GD202611007187,2026-11-02 14:37:35,KH000075,QR Code,Nộp tiền mặt,4360000,0,Thành công,CN Cầu Giấy,30865242
GD202611001602,2026-11-02 15:00:25,KH000016,POS,Thanh toán thẻ,112000,3300,Thất bại,CN Hải Phòng,283507
GD202611002254,2026-11-02 15:25:01,KH000020,POS,Nạp tiền điện thoại,6998000,1100,Thành công,CN Hải Phòng,15262016
GD202611017632,2026-11-02 15:33:33,KH000186,Internet Banking,Rút tiền mặt,218000,0,Thành công,CN TP Hồ Chí Minh,2866525
GD202611010393,2026-11-02 16:03:42,KH000108,Internet Banking,Chuyển khoản đi,185000,0,Thành công,CN TP Hồ Chí Minh,112234696
GD202611003232,2026-11-02 16:11:51,KH000029,QR Code,Chuyển khoản đi,71000,0,Thành công,CN Đà Nẵng,3421065
GD202611002253,2026-11-02 16:23:10,KH000020,QR Code,Nộp tiền mặt,639000,0,Thành công,CN Đà Nẵng,22261116
GD202611013011,2026-11-02 16:31:24,KH000132,Internet Banking,Thanh toán thẻ,384000,0,Thành công,CN Bình Dương,7568584
GD202611001016,2026-11-02 16:41:34,KH000013,POS,Thanh toán thẻ,577000,0,Thành công,CN Quận 1,3333438
GD202611012203,2026-11-02 16:56:20,KH000127,POS,Thanh toán hóa đơn,1387000,0,Thành công,CN Cầu Giấy,9266263
GD202611004604,2026-11-02 17:50:12,KH000048,QR Code,Thanh toán hóa đơn,435000,0,Thành công,CN Thanh Xuân,878115
GD202611001670,2026-11-02 17:55:47,KH000017,Mobile Banking,Nạp tiền điện thoại,6274000,0,Thành công,CN Hải Phòng,29159026
GD202611004480,2026-11-02 17:59:20,KH000045,Internet Banking,Nạp tiền điện thoại,2017000,0,Thành công,CN Quận 1,59777375
GD202611005526,2026-11-02 18:32:39,KH000058,POS,Chuyển khoản đến,19631000,1100,Thành công,CN Cầu Giấy,310444930
GD202611018510,2026-11-02 18:43:58,KH000195,Internet Banking,Thanh toán thẻ,159000,0,Thành công,CN Hoàn Kiếm,52917
GD202611007462,2026-11-02 19:10:03,KH000077,Mobile Banking,Thanh toán thẻ,246000,0,Thành công,CN Cầu Giấy,1197397
GD202611009201,2026-11-02 19:12:36,KH000094,Mobile Banking,Nộp tiền mặt,2098000,0,Thành công,CN Thanh Xuân,72125618
GD202611011253,2026-11-02 19:16:56,KH000118,POS,Thanh toán hóa đơn,900000,0,Thành công,CN TP Hồ Chí Minh,9670149
GD202611001387,2026-11-02 19:20:49,KH000015,Mobile Banking,Rút tiền mặt,1900000,0,Thành công,CN Cần Thơ,15413183
GD202611015493,2026-11-02 19:21:34,KH000166,ATM,Rút tiền mặt,19209000,3300,Thành công,CN Bình Dương,195314532
GD202611011477,2026-11-02 20:04:24,KH000119,Internet Banking,Thanh toán hóa đơn,56000,0,Thành công,CN Quận 1,71655302
GD202611002493,2026-11-02 20:06:59,KH000023,ATM,Nạp tiền điện thoại,604000,0,Thành công,CN Thanh Xuân,18571571
GD202611013916,2026-11-02 20:13:37,KH000145,ATM,Thanh toán hóa đơn,88000,1100,Thành công,CN Thanh Xuân,112009072
GD202611007786,2026-11-02 20:37:28,KH000079,Mobile Banking,Thanh toán thẻ,2272000,0,Thành công,CN Hoàn Kiếm,5207924
GD202611012339,2026-11-02 21:02:35,KH000128,QR Code,Thanh toán thẻ,461000,0,Thành công,CN TP Hồ Chí Minh,79119297
GD202611013010,2026-11-02 21:05:32,KH000132,POS,Thanh toán thẻ,475000,5500,Thành công,CN Quận 1,7952584
GD202611006753,2026-11-02 21:35:59,KH000070,ATM,Nạp tiền điện thoại,3749000,5500,Thành công,CN Đà Nẵng,82810430
GD202611005681,2026-11-02 21:56:13,KH000059,Internet Banking,Chuyển khoản đến,1377000,0,Thành công,CN TP Hồ Chí Minh,14738244
GD202611006490,2026-11-02 22:06:59,KH000065,Mobile Banking,Chuyển khoản đến,6619000,0,Thành công,CN Đà Nẵng,40032131
GD202611008936,2026-11-02 22:20:48,KH000092,POS,Thanh toán thẻ,232000,3300,Thành công,CN Hoàn Kiếm,3005920
GD202611016512,2026-11-02 22:29:50,KH000177,Quầy giao dịch,Chuyển khoản đi,5249000,5500,Thành công,CN Cầu Giấy,22157660
GD202611017099,2026-11-03 06:29:22,KH000182,QR Code,Thanh toán hóa đơn,84000,0,Thành công,CN Cầu Giấy,1565396
GD202611018771,2026-11-03 06:41:56,KH000199,POS,Thanh toán hóa đơn,22785000,5500,Thành công,CN Cầu Giấy,196421971
GD202611018346,2026-11-03 06:44:25,KH000194,Internet Banking,Chuyển khoản đi,182000,0,Thành công,CN Cầu Giấy,9115320
GD202611011596,2026-11-03 07:08:01,KH000121,Mobile Banking,Nộp tiền mặt,330000,0,Thành công,CN Cần Thơ,2163449
GD202611007788,2026-11-03 07:48:43,KH000079,Internet Banking,Chuyển khoản đến,1507000,0,Thành công,CN Thanh Xuân,8262924
GD202611004253,2026-11-03 07:58:12,KH000042,QR Code,Chuyển khoản đến,3593000,0,Thành công,CN Bình Dương,44111674
GD202611007787,2026-11-03 08:24:58,KH000079,Internet Banking,Nộp tiền mặt,1548000,0,Thành công,CN Bình Dương,6755924
GD202611003996,2026-11-03 08:37:23,KH000039,Mobile Banking,Rút tiền mặt,1572000,0,Thành công,CN Đà Nẵng,66489275
GD202611006245,2026-11-03 08:57:52,KH000063,Mobile Banking,Rút tiền mặt,87000,0,Thành công,CN TP Hồ Chí Minh,88255724
GD202611001390,2026-11-03 08:58:09,KH000015,Internet Banking,Thanh toán hóa đơn,3606000,0,Thành công,CN TP Hồ Chí Minh,12776183
GD202611004616,2026-11-03 09:09:26,KH000049,QR Code,Thanh toán thẻ,3662000,0,Thành công,CN Bình Dương,39483241
GD202611003729,2026-11-03 09:41:06,KH000034,POS,Thanh toán thẻ,1811000,1100,Thành công,CN Hoàn Kiếm,46402220
GD202611006493,2026-11-03 09:41:25,KH000065,Mobile Banking,Thanh toán thẻ,9060000,0,Thành công,CN Cầu Giấy,20771131
GD202611006076,2026-11-03 09:47:26,KH000062,Mobile Banking,Chuyển khoản đến,941000,0,Thành công,CN Thanh Xuân,8977424
GD202611010154,2026-11-03 10:42:21,KH000104,Mobile Banking,Nộp tiền mặt,467000,0,Thành công,CN Bình Dương,7737803
GD202611010661,2026-11-03 10:55:00,KH000112,QR Code,Thanh toán hóa đơn,2349000,0,Thành công,CN Hoàn Kiếm,27646114
GD202611015494,2026-11-03 11:06:57,KH000166,POS,Chuyển khoản đi,11521000,5500,Thành công,CN Cần Thơ,183788032
GD202611007117,2026-11-03 11:25:39,KH000074,Quầy giao dịch,Nộp tiền mặt,537000,5500,Thành công,CN Cầu Giấy,31937246
GD202611001389,2026-11-03 11:42:02,KH000015,ATM,Nộp tiền mặt,2719000,5500,Thành công,CN Cầu Giấy,16382183
GD202611014565,2026-11-03 11:44:26,KH000153,Internet Banking,Chuyển khoản đến,132000,0,Thành công,CN Cần Thơ,394641
GD202611005996,2026-11-03 11:52:19,KH000061,POS,Thanh toán thẻ,518000,3300,Thành công,CN Hoàn Kiếm,3740647
GD202611015304,2026-11-03 12:10:54,KH000163,ATM,Chuyển khoản đến,11287000,1100,Thành công,CN Hải Phòng,45827617
GD202611003730,2026-11-03 12:21:26,KH000034,Internet Banking,Nộp tiền mặt,228000,0,Thành công,CN Cần Thơ,46630220
GD202611003728,2026-11-03 12:34:15,KH000034,QR Code,Thanh toán thẻ,352000,0,Thành công,CN TP Hồ Chí Minh,48214320
GD202611017423,2026-11-03 12:50:52,KH000183,POS,Thanh toán thẻ,99000,5500,Thành công,CN Quận 1,22360301
GD202611016385,2026-11-03 13:08:46,KH000176,Mobile Banking,Thanh toán thẻ,710000,0,Thành công,CN TP Hồ Chí Minh,64470197
GD202611007463,2026-11-03 13:15:01,KH000077,Internet Banking,Rút tiền mặt,169000,0,Thành công,CN Đà Nẵng,1028397
GD202611006691,2026-11-03 13:50:52,KH000068,Mobile Banking,Chuyển khoản đi,2397000,0,Thành công,CN Đà Nẵng,91986889
GD202611012775,2026-11-03 13:54:07,KH000131,Mobile Banking,Chuyển khoản đến,96000,0,Thành công,CN Thanh Xuân,598180
GD202611014566,2026-11-03 14:06:37,KH000153,Mobile Banking,Chuyển khoản đi,177000,0,Thành công,CN Cầu Giấy,217641
GD202611000277,2026-11-03 14:23:26,KH000006,QR Code,Nạp tiền điện thoại,178000,0,Thành công,CN Cầu Giấy,1309666
GD202611005202,2026-11-03 14:24:11,KH000054,Mobile Banking,Chuyển khoản đi,544000,0,Thất bại,CN Quận 1,2219555
GD202611012776,2026-11-03 14:35:07,KH000131,QR Code,Thanh toán thẻ,118000,0,Thành công,CN TP Hồ Chí Minh,480180
GD202611007464,2026-11-03 14:37:04,KH000077,Mobile Banking,Thanh toán thẻ,276000,0,Thành công,CN Cầu Giấy,752397
GD202611010662,2026-11-03 14:47:04,KH000112,POS,Chuyển khoản đi,3565000,1100,Thành công,CN TP Hồ Chí Minh,24080014
GD202611009613,2026-11-03 15:59:01,KH000097,Quầy giao dịch,Nộp tiền mặt,95000,1100,Thành công,CN Bình Dương,252749
GD202611001017,2026-11-03 16:07:13,KH000013,Mobile Banking,Thanh toán hóa đơn,1003000,0,Thành công,CN Hoàn Kiếm,2330438
GD202611014323,2026-11-03 16:13:13,KH000152,POS,Chuyển khoản đi,1599000,5500,Thành công,CN TP Hồ Chí Minh,78474408
GD202611006492,2026-11-03 16:17:35,KH000065,Internet Banking,Thanh toán thẻ,12300000,0,Thành công,CN Đà Nẵng,29831131
GD202611009612,2026-11-03 16:21:53,KH000097,Internet Banking,Thanh toán thẻ,92000,0,Thành công,CN Thanh Xuân,157749
GD202611003785,2026-11-03 16:24:34,KH000035,ATM,Chuyển khoản đi,173000,0,Thành công,CN Cầu Giấy,1571655
GD202611018347,2026-11-03 17:04:02,KH000194,Mobile Banking,Thanh toán hóa đơn,2135000,0,Thành công,CN Hoàn Kiếm,6980320
GD202611017577,2026-11-03 17:11:25,KH000185,POS,Thanh toán thẻ,11409000,5500,Thành công,CN Cần Thơ,67090677
GD202611011595,2026-11-03 17:57:43,KH000121,Mobile Banking,Thanh toán hóa đơn,383000,0,Thành công,CN Quận 1,1833449
GD202611011612,2026-11-03 18:30:58,KH000122,Internet Banking,Thanh toán thẻ,20499000,0,Thành công,CN Quận 1,44347517
GD202611016713,2026-11-03 18:31:48,KH000180,QR Code,Thanh toán thẻ,686000,0,Thành công,CN Hoàn Kiếm,74799372
GD202611002024,2026-11-03 18:38:13,KH000019,Internet Banking,Rút tiền mặt,124000,0,Thành công,CN Bình Dương,494641
GD202611017955,2026-11-03 19:33:57,KH000189,POS,Thanh toán thẻ,20337000,1100,Thành công,CN Thanh Xuân,71812009
GD202611011529,2026-11-03 19:35:53,KH000120,QR Code,Chuyển khoản đến,293000,0,Thành công,CN Cần Thơ,72628965
GD202611008510,2026-11-03 19:39:12,KH000086,POS,Thanh toán thẻ,7309000,5500,Thành công,CN Quận 1,13928611
GD202611009677,2026-11-03 19:43:01,KH000098,Quầy giao dịch,Rút tiền mặt,1160000,1100,Thành công,CN Thanh Xuân,16400086
GD202611003148,2026-11-03 19:44:51,KH000028,Mobile Banking,Nạp tiền điện thoại,1318000,0,Thành công,CN Hải Phòng,50986648
GD202611012340,2026-11-03 19:47:06,KH000128,QR Code,Nộp tiền mặt,388000,0,Thành công,CN Đà Nẵng,79507297
GD202611015621,2026-11-03 20:03:17,KH000169,QR Code,Nộp tiền mặt,875000,0,Thành công,CN Bình Dương,23533631
GD202611005049,2026-11-03 20:18:24,KH000052,QR Code,Thanh toán thẻ,105000,0,Thành công,CN Cần Thơ,104906
GD202611013012,2026-11-03 20:32:24,KH000132,Mobile Banking,Chuyển khoản đến,836000,0,Thành công,CN Đà Nẵng,8404584
GD202611005148,2026-11-03 20:33:56,KH000053,Quầy giao dịch,Nộp tiền mặt,887000,1100,Thành công,CN Cầu Giấy,9551640
GD202611015372,2026-11-03 20:40:16,KH000164,POS,Thanh toán thẻ,197000,3300,Thành công,CN TP Hồ Chí Minh,26234304
GD202611018270,2026-11-03 20:50:46,KH000192,ATM,Rút tiền mặt,16891000,1100,Thành công,CN Cần Thơ,186421337
GD202611006819,2026-11-03 21:08:49,KH000071,ATM,Chuyển khoản đến,197000,0,Thành công,CN Đà Nẵng,825238
GD202611015830,2026-11-03 21:21:31,KH000171,QR Code,Chuyển khoản đến,54000,0,Thành công,CN Bình Dương,152051
GD202611016714,2026-11-03 21:22:04,KH000180,Internet Banking,Thanh toán thẻ,352000,0,Thành công,CN TP Hồ Chí Minh,74447372
GD202611003233,2026-11-03 21:31:50,KH000029,QR Code,Nộp tiền mặt,658000,0,Thành công,CN Cần Thơ,4079065
GD202611015018,2026-11-03 21:36:03,KH000160,POS,Thanh toán thẻ,1309000,5500,Thành công,CN Quận 1,113133050
GD202611001671,2026-11-03 22:32:05,KH000017,POS,Nạp tiền điện thoại,2805000,1100,Thành công,CN TP Hồ Chí Minh,26352926
GD202611006246,2026-11-03 22:38:59,KH000063,Mobile Banking,Thanh toán thẻ,718000,0,Thành công,CN TP Hồ Chí Minh,87537724
GD202611002979,2026-11-03 22:47:21,KH000027,POS,Thanh toán thẻ,731000,5500,Thành công,CN TP Hồ Chí Minh,4775761
GD202611001388,2026-11-03 22:50:48,KH000015,Internet Banking,Thanh toán thẻ,1750000,0,Thành công,CN Hải Phòng,13663183
GD202611009202,2026-11-04 06:12:04,KH000094,Mobile Banking,Nộp tiền mặt,2517000,0,Thành công,CN Hải Phòng,74642618
GD202611008512,2026-11-04 07:53:52,KH000086,Quầy giao dịch,Chuyển khoản đến,3840000,0,Thành công,CN Thanh Xuân,21836611
GD202611013541,2026-11-04 07:55:18,KH000141,ATM,Nộp tiền mặt,859000,0,Thành công,CN Cần Thơ,6906880
GD202611009434,2026-11-04 07:57:59,KH000096,QR Code,Chuyển khoản đi,2208000,0,Thành công,CN Quận 1,5163943
GD202611014569,2026-11-04 08:27:29,KH000153,Mobile Banking,Chuyển khoản đến,130000,0,Thành công,CN Cầu Giấy,275641
GD202611002797,2026-11-04 08:42:35,KH000025,Mobile Banking,Chuyển khoản đi,194000,0,Thành công,CN TP Hồ Chí Minh,258231
GD202611002798,2026-11-04 08:58:17,KH000025,QR Code,Rút tiền mặt,122000,0,Thành công,CN Quận 1,136231
GD202611006247,2026-11-04 09:00:00,KH000063,Mobile Banking,Chuyển khoản đến,1059000,0,Thành công,CN Cần Thơ,88596724
GD202611001391,2026-11-04 09:05:41,KH000015,POS,Thanh toán thẻ,1671000,3300,Thành công,CN Quận 1,11101883
GD202611001018,2026-11-04 09:25:53,KH000013,Mobile Banking,Thanh toán thẻ,487000,0,Thành công,CN Thanh Xuân,1843438
GD202611001603,2026-11-04 09:39:30,KH000016,Mobile Banking,Chuyển khoản đến,193000,0,Thành công,CN Cần Thơ,476507
GD202611012204,2026-11-04 10:45:21,KH000127,QR Code,Thanh toán thẻ,690000,0,Thành công,CN Cần Thơ,8576263
GD202611008938,2026-11-04 10:54:57,KH000092,POS,Thanh toán thẻ,644000,1100,Thành công,CN Thanh Xuân,3061820
GD202611010260,2026-11-04 10:55:50,KH000106,POS,Thanh toán thẻ,130000,3300,Thành công,CN Cầu Giấy,37930756
GD202611007188,2026-11-04 11:53:58,KH000075,Internet Banking,Thanh toán thẻ,10357000,0,Thành công,CN Hoàn Kiếm,20508242
GD202611002025,2026-11-04 12:04:20,KH000019,Internet Banking,Chuyển khoản đến,55000,0,Thành công,CN Đà Nẵng,549641
GD202611013128,2026-11-04 12:18:12,KH000135,QR Code,Thanh toán hóa đơn,16425000,0,Thành công,CN Thanh Xuân,54035576
GD202611011254,2026-11-04 12:47:37,KH000118,Mobile Banking,Thanh toán thẻ,3152000,0,Thành công,CN Bình Dương,6518149
GD202611015549,2026-11-04 12:52:19,KH000168,Mobile Banking,Thanh toán thẻ,918000,0,Thành công,CN Cầu Giấy,9483200
GD202611016009,2026-11-04 12:58:36,KH000172,Mobile Banking,Rút tiền mặt,250000,0,Thành công,CN Quận 1,3003714
GD202611013468,2026-11-04 13:04:16,KH000139,Mobile Banking,Nộp tiền mặt,201000,0,Thành công,CN Hải Phòng,908407
GD202611007789,2026-11-04 13:17:30,KH000079,QR Code,Thanh toán thẻ,1701000,0,Thành công,CN Bình Dương,6561924
GD202611011480,2026-11-04 13:40:18,KH000119,Mobile Banking,Thanh toán hóa đơn,86000,0,Thành công,CN Hoàn Kiếm,71552302
GD202611013013,2026-11-04 13:41:49,KH000132,POS,Chuyển khoản đến,462000,5500,Thành công,CN Bình Dương,8866584
GD202611008061,2026-11-04 13:48:10,KH000082,QR Code,Rút tiền mặt,1230000,0,Thành công,CN Bình Dương,4827106
GD202611003235,2026-11-04 14:18:16,KH000029,Internet Banking,Chuyển khoản đến,480000,0,Thành công,CN Bình Dương,3795765
GD202611006692,2026-11-04 15:15:36,KH000068,QR Code,Thanh toán hóa đơn,12985000,0,Thành công,CN Cần Thơ,79001889
GD202611015831,2026-11-04 15:21:26,KH000171,Quầy giao dịch,Nộp tiền mặt,87000,1100,Thành công,CN Hoàn Kiếm,239051
GD202611001275,2026-11-04 15:47:11,KH000014,Mobile Banking,Nộp tiền mặt,4054000,0,Thành công,CN Hoàn Kiếm,18440245
GD202611016513,2026-11-04 15:48:47,KH000177,QR Code,Nạp tiền điện thoại,4421000,0,Thành công,CN Đà Nẵng,17736660
GD202611011479,2026-11-04 16:16:52,KH000119,QR Code,Thanh toán hóa đơn,174000,0,Thành công,CN Hoàn Kiếm,71638302
GD202611006651,2026-11-04 16:25:55,KH000067,Quầy giao dịch,Nạp tiền điện thoại,444000,3300,Thành công,CN TP Hồ Chí Minh,1008599
GD202611007118,2026-11-04 16:28:14,KH000074,Internet Banking,Nộp tiền mặt,54000,0,Thành công,CN Hoàn Kiếm,31991246
GD202611014679,2026-11-04 16:40:57,KH000154,QR Code,Nạp tiền điện thoại,1772000,0,Thành công,CN Cần Thơ,7395394
GD202611008388,2026-11-04 17:09:01,KH000084,Internet Banking,Chuyển khoản đến,93000,0,Thành công,CN TP Hồ Chí Minh,8717640
GD202611008937,2026-11-04 17:20:03,KH000092,Internet Banking,Chuyển khoản đến,701000,0,Thành công,CN Hải Phòng,3706920
GD202611014568,2026-11-04 17:52:23,KH000153,Internet Banking,Rút tiền mặt,168000,0,Thành công,CN Cầu Giấy,145641
GD202611017100,2026-11-04 18:08:05,KH000182,QR Code,Thanh toán thẻ,62000,0,Thành công,CN Quận 1,1503396
GD202611011530,2026-11-04 18:13:02,KH000120,Internet Banking,Rút tiền mặt,2558000,0,Thành công,CN Bình Dương,70070965
GD202611005997,2026-11-04 18:45:50,KH000061,Mobile Banking,Thanh toán thẻ,590000,0,Thành công,CN Cần Thơ,3150647
GD202611009204,2026-11-04 18:47:17,KH000094,Mobile Banking,Thanh toán thẻ,998000,0,Thành công,CN Cầu Giấy,75684618
GD202611004304,2026-11-04 18:53:29,KH000043,Internet Banking,Thanh toán thẻ,474000,0,Thành công,CN Thanh Xuân,95929120
GD202611014252,2026-11-04 18:57:58,KH000151,Internet Banking,Nạp tiền điện thoại,189000,0,Thành công,CN Cần Thơ,185216
GD202611017956,2026-11-04 19:12:57,KH000189,POS,Thanh toán hóa đơn,7729000,5500,Thành công,CN Đà Nẵng,64077509
GD202611010875,2026-11-04 19:39:24,KH000114,Internet Banking,Thanh toán thẻ,2162000,0,Thành công,CN Cần Thơ,85282507
GD202611004717,2026-11-04 20:00:46,KH000050,Internet Banking,Chuyển khoản đi,3681000,0,Thành công,CN Hoàn Kiếm,23527713
GD202611005050,2026-11-04 20:06:31,KH000052,QR Code,Nạp tiền điện thoại,144000,0,Thành công,CN Hải Phòng,176906
GD202611003790,2026-11-04 20:11:33,KH000036,POS,Thanh toán thẻ,1733000,3300,Thành công,CN Hoàn Kiếm,28674786
GD202611003234,2026-11-04 20:13:58,KH000029,POS,Thanh toán thẻ,760000,3300,Thành công,CN Hoàn Kiếm,3315765
GD202611005051,2026-11-04 20:16:25,KH000052,QR Code,Chuyển khoản đi,155000,0,Thành công,CN TP Hồ Chí Minh,254406
GD202611013346,2026-11-04 20:34:36,KH000137,Internet Banking,Nộp tiền mặt,1741000,0,Thành công,CN Hoàn Kiếm,10694090
GD202611008511,2026-11-04 20:35:22,KH000086,QR Code,Nộp tiền mặt,4068000,0,Thành công,CN Đà Nẵng,17996611
GD202611007790,2026-11-04 20:35:28,KH000079,POS,Thanh toán thẻ,1394000,0,Thành công,CN Đà Nẵng,5167924
GD202611009203,2026-11-04 20:49:36,KH000094,Mobile Banking,Nộp tiền mặt,2040000,0,Thành công,CN Hải Phòng,76682618
GD202611010155,2026-11-04 21:27:30,KH000104,Mobile Banking,Chuyển khoản đến,190000,0,Thành công,CN Cầu Giấy,7927803
GD202611014253,2026-11-04 22:10:14,KH000151,Quầy giao dịch,Nạp tiền điện thoại,188000,5500,Thành công,CN TP Hồ Chí Minh,273716
GD202611001019,2026-11-04 22:13:44,KH000013,QR Code,Nộp tiền mặt,252000,0,Thành công,CN TP Hồ Chí Minh,2095438
GD202611011478,2026-11-04 22:14:20,KH000119,POS,Nộp tiền mặt,157000,5500,Thành công,CN Hải Phòng,71812302
GD202611014567,2026-11-04 22:17:38,KH000153,Internet Banking,Nộp tiền mặt,96000,0,Thành công,CN Cần Thơ,313641
GD202611010621,2026-11-04 22:19:03,KH000111,ATM,Chuyển khoản đến,14557000,0,Thành công,CN Bình Dương,63154991
GD202611007119,2026-11-04 22:37:57,KH000074,POS,Thanh toán thẻ,1389000,5500,Thành công,CN Thanh Xuân,30596746
GD202611015832,2026-11-05 06:14:28,KH000171,Internet Banking,Thanh toán hóa đơn,59000,0,Thành công,CN Quận 1,180051
GD202611014680,2026-11-05 06:26:34,KH000154,Internet Banking,Thanh toán thẻ,491000,0,Thành công,CN Đà Nẵng,6904394
GD202611012778,2026-11-05 06:27:32,KH000131,POS,Thanh toán thẻ,68000,5500,Thành công,CN TP Hồ Chí Minh,206680
GD202611007920,2026-11-05 06:40:58,KH000081,Mobile Banking,Thanh toán hóa đơn,51942000,0,Thành công,CN Thanh Xuân,392699252
GD202611002383,2026-11-05 06:54:41,KH000022,Internet Banking,Rút tiền mặt,1489000,0,Thành công,CN Bình Dương,35616670
GD202611008516,2026-11-05 06:59:08,KH000086,Mobile Banking,Chuyển khoản đến,10098000,0,Thành công,CN Cần Thơ,52093992
GD202611008513,2026-11-05 07:07:38,KH000086,Quầy giao dịch,Nhận lương,42788480,0,Thành công,CN Quận 1,64625092
GD202611013225,2026-11-05 07:17:48,KH000136,Mobile Banking,Thanh toán thẻ,2951000,0,Thành công,CN TP Hồ Chí Minh,20620941
GD202611005149,2026-11-05 07:23:00,KH000053,Quầy giao dịch,Nhận lương,62665239,0,Thành công,CN Thanh Xuân,72216879
GD202611018814,2026-11-05 07:33:20,KH000200,Quầy giao dịch,Nộp tiền mặt,144000,3300,Thành công,CN Bình Dương,484377
GD202611003149,2026-11-05 07:36:52,KH000028,POS,Thanh toán thẻ,423000,3300,Thành công,CN Thanh Xuân,50560348
GD202611001020,2026-11-05 07:37:24,KH000013,Mobile Banking,Nộp tiền mặt,285000,0,Thành công,CN Thanh Xuân,2380438
GD202611007919,2026-11-05 07:42:38,KH000081,POS,Nạp tiền điện thoại,5748000,5500,Thành công,CN Thanh Xuân,444641252
GD202611014919,2026-11-05 07:43:07,KH000158,Quầy giao dịch,Nhận lương,13485275,0,Thành công,CN Hải Phòng,63739138
GD202611011481,2026-11-05 07:53:47,KH000119,Mobile Banking,Chuyển khoản đi,71000,0,Thành công,CN Quận 1,71481302
GD202611005469,2026-11-05 08:06:48,KH000057,Quầy giao dịch,Nhận lương,35374145,0,Thành công,CN Cầu Giấy,119519741
GD202611007189,2026-11-05 08:14:25,KH000075,Mobile Banking,Nộp tiền mặt,387000,0,Thành công,CN Hải Phòng,20895242
GD202611007791,2026-11-05 08:28:09,KH000079,POS,Thanh toán thẻ,914000,3300,Thành công,CN Thanh Xuân,4250624
GD202611011613,2026-11-05 08:31:16,KH000122,QR Code,Nộp tiền mặt,1752000,0,Thành công,CN Quận 1,46099517
GD202611001393,2026-11-05 08:42:05,KH000015,Internet Banking,Rút tiền mặt,13765000,0,Thành công,CN TP Hồ Chí Minh,62397251
GD202611008514,2026-11-05 09:10:42,KH000086,QR Code,Nạp tiền điện thoại,2112000,0,Thành công,CN Bình Dương,62513092
GD202611014570,2026-11-05 09:20:49,KH000153,Internet Banking,Rút tiền mặt,87000,0,Thành công,CN Hoàn Kiếm,188641
GD202611000537,2026-11-05 09:38:03,KH000009,QR Code,Thanh toán hóa đơn,1075000,0,Thành công,CN Bình Dương,49156428
GD202611017424,2026-11-05 09:48:05,KH000183,QR Code,Thanh toán thẻ,3543000,0,Thành công,CN TP Hồ Chí Minh,18817301
GD202611013407,2026-11-05 09:50:27,KH000138,POS,Nạp tiền điện thoại,2610000,0,Thành công,CN Hải Phòng,15085580
GD202611002558,2026-11-05 09:54:27,KH000024,Quầy giao dịch,Nhận lương,10821212,0,Thành công,CN Cần Thơ,134321459
GD202611003731,2026-11-05 10:50:55,KH000034,Quầy giao dịch,Nhận lương,8125544,0,Thành công,CN Hoàn Kiếm,54755764
GD202611017796,2026-11-05 11:07:09,KH000187,Internet Banking,Rút tiền mặt,1829000,0,Thành công,CN Thanh Xuân,3736858
GD202611000856,2026-11-05 12:16:22,KH000011,Quầy giao dịch,Nhận lương,11893317,0,Thành công,CN Bình Dương,123966592
GD202611016011,2026-11-05 12:18:59,KH000172,Quầy giao dịch,Nộp tiền mặt,162000,3300,Thành công,CN Quận 1,2524414
GD202611000935,2026-11-05 12:31:42,KH000012,Mobile Banking,Rút tiền mặt,281000,0,Thành công,CN Cần Thơ,116405186
GD202611003997,2026-11-05 12:38:34,KH000039,Mobile Banking,Chuyển khoản đến,3122000,0,Thành công,CN Quận 1,69611275
GD202611013224,2026-11-05 12:45:52,KH000136,ATM,Nộp tiền mặt,3396000,1100,Thành công,CN Hải Phòng,23571941
GD202611004567,2026-11-05 13:00:48,KH000047,Quầy giao dịch,Nhận lương,10452611,0,Thành công,CN Hoàn Kiếm,159535684
GD202611002348,2026-11-05 13:12:58,KH000021,Mobile Banking,Chuyển khoản đến,1076000,0,Thành công,CN TP Hồ Chí Minh,82133227
GD202611018271,2026-11-05 13:14:33,KH000192,Quầy giao dịch,Nhận lương,21096492,0,Thành công,CN Hoàn Kiếm,207517829
GD202611014324,2026-11-05 13:17:46,KH000152,POS,Thanh toán thẻ,3667000,0,Thành công,CN Quận 1,74807408
GD202611015036,2026-11-05 13:44:06,KH000161,ATM,Chuyển khoản đến,679000,3300,Thành công,CN Hoàn Kiếm,17484237
GD202611012777,2026-11-05 13:46:12,KH000131,Internet Banking,Chuyển khoản đi,200000,0,Thành công,CN Đà Nẵng,280180
GD202611014954,2026-11-05 14:01:25,KH000159,POS,Thanh toán thẻ,19746000,3300,Thành công,CN Đà Nẵng,51528420
GD202611014831,2026-11-05 14:16:01,KH000157,Internet Banking,Chuyển khoản đến,53000,0,Thành công,CN Hoàn Kiếm,507353
GD202611009783,2026-11-05 14:30:12,KH000099,POS,Thanh toán thẻ,337000,3300,Thất bại,CN Hoàn Kiếm,51604242
GD202611015374,2026-11-05 14:36:07,KH000164,Internet Banking,Nạp tiền điện thoại,127000,0,Thành công,CN Thanh Xuân,34995247
GD202611004718,2026-11-05 14:57:34,KH000050,Internet Banking,Thanh toán thẻ,5795000,0,Thành công,CN Quận 1,17732713
GD202611004481,2026-11-05 15:07:07,KH000045,Quầy giao dịch,Nhận lương,10999916,0,Thành công,CN Đà Nẵng,70777291
GD202611008515,2026-11-05 15:15:44,KH000086,POS,Thanh toán thẻ,20516000,1100,Thành công,CN TP Hồ Chí Minh,41995992
GD202611003236,2026-11-05 15:21:00,KH000029,Mobile Banking,Chuyển khoản đến,185000,0,Thành công,CN TP Hồ Chí Minh,3980765
GD202611001604,2026-11-05 15:33:46,KH000016,QR Code,Nộp tiền mặt,107000,0,Thành công,CN Đà Nẵng,583507
GD202611001394,2026-11-05 15:38:04,KH000015,ATM,Chuyển khoản đi,6496000,1100,Thành công,CN Thanh Xuân,55900151
GD202611015037,2026-11-05 15:46:05,KH000161,POS,Thanh toán thẻ,3440000,5500,Thành công,CN Đà Nẵng,14038737
GD202611013014,2026-11-05 16:27:15,KH000132,Quầy giao dịch,Nhận lương,22457859,0,Thành công,CN Thanh Xuân,31324443
GD202611004482,2026-11-05 16:29:05,KH000045,QR Code,Thanh toán thẻ,1076000,0,Thành công,CN Hoàn Kiếm,69701291
GD202611006494,2026-11-05 16:36:48,KH000065,Quầy giao dịch,Nhận lương,70160856,0,Thành công,CN Bình Dương,90931986
GD202611000486,2026-11-05 16:48:32,KH000008,POS,Thanh toán thẻ,1273000,3300,Thành công,CN TP Hồ Chí Minh,14830030
GD202611017848,2026-11-05 17:24:51,KH000188,Internet Banking,Thanh toán thẻ,300000,0,Thành công,CN Thanh Xuân,11373234
GD202611005237,2026-11-05 17:26:22,KH000055,Quầy giao dịch,Rút tiền mặt,438000,3300,Thành công,CN Thanh Xuân,6939887
GD202611008062,2026-11-05 17:27:39,KH000082,Quầy giao dịch,Nhận lương,10530943,0,Thành công,CN Cần Thơ,15358049
GD202611000485,2026-11-05 17:30:41,KH000008,Internet Banking,Thanh toán thẻ,5454000,0,Thành công,CN Hải Phòng,16106330
GD202611004719,2026-11-05 17:49:05,KH000050,POS,Thanh toán thẻ,847000,3300,Thành công,CN Cần Thơ,16882413
GD202611003150,2026-11-05 18:03:42,KH000028,QR Code,Chuyển khoản đến,1149000,0,Thành công,CN Bình Dương,51709348
GD202611000536,2026-11-05 18:27:46,KH000009,Quầy giao dịch,Nhận lương,9966439,0,Thành công,CN Quận 1,50231428
GD202611001392,2026-11-05 18:46:03,KH000015,Quầy giao dịch,Nhận lương,65060368,0,Thành công,CN Thanh Xuân,76162251
GD202611007120,2026-11-05 18:46:49,KH000074,Internet Banking,Thanh toán thẻ,1376000,0,Thành công,CN Bình Dương,29220746
GD202611014832,2026-11-05 19:18:59,KH000157,Quầy giao dịch,Rút tiền mặt,118000,5500,Thành công,CN TP Hồ Chí Minh,383853
GD202611018209,2026-11-05 19:19:43,KH000191,Mobile Banking,Chuyển khoản đi,382000,0,Thành công,CN Đà Nẵng,1025408
GD202611016010,2026-11-05 19:25:05,KH000172,POS,Thanh toán thẻ,638000,3300,Thành công,CN Thanh Xuân,2362414
GD202611007465,2026-11-05 19:34:31,KH000077,Quầy giao dịch,Nhận lương,8939632,0,Thành công,CN Đà Nẵng,9692029
GD202611002494,2026-11-05 19:42:44,KH000023,QR Code,Rút tiền mặt,4874000,0,Thành công,CN Cầu Giấy,13697571
GD202611015373,2026-11-05 19:43:17,KH000164,Quầy giao dịch,Nhận lương,8887942,0,Thành công,CN Bình Dương,35122247
GD202611010307,2026-11-05 19:56:26,KH000107,Quầy giao dịch,Nhận lương,9488477,0,Thành công,CN Hải Phòng,110397424
GD202611010261,2026-11-05 19:58:41,KH000106,Quầy giao dịch,Nhận lương,9378976,0,Thành công,CN TP Hồ Chí Minh,47309732
GD202611001276,2026-11-05 20:09:31,KH000014,Internet Banking,Rút tiền mặt,3690000,0,Thành công,CN Hải Phòng,14750245
GD202611001672,2026-11-05 20:47:11,KH000017,Quầy giao dịch,Nhận lương,16011939,0,Thành công,CN Bình Dương,42364866
GD202611008445,2026-11-05 21:04:22,KH000085,POS,Thanh toán hóa đơn,336000,5500,Thành công,CN Đà Nẵng,1915889
GD202611005204,2026-11-05 21:27:25,KH000054,QR Code,Chuyển khoản đến,3945000,0,Thành công,CN Hải Phòng,16046196
GD202611006248,2026-11-05 21:48:56,KH000063,Internet Banking,Nộp tiền mặt,534000,0,Thành công,CN Hải Phòng,89130724
GD202611009782,2026-11-05 21:55:24,KH000099,POS,Thanh toán thẻ,2949000,3300,Thành công,CN Hoàn Kiếm,51604242
GD202611002255,2026-11-05 22:35:31,KH000020,Internet Banking,Chuyển khoản đến,3806000,0,Thành công,CN Thanh Xuân,19068016
GD202611005203,2026-11-05 22:40:39,KH000054,Quầy giao dịch,Nhận lương,9881641,0,Thành công,CN Thanh Xuân,12101196
GD202611013015,2026-11-05 22:54:12,KH000132,QR Code,Nạp tiền điện thoại,9175000,0,Thành công,CN TP Hồ Chí Minh,22149443
GD202611008389,2026-11-05 22:56:00,KH000084,POS,Thanh toán thẻ,2465000,0,Thành công,CN Cần Thơ,6252640
GD202611002385,2026-11-06 06:00:41,KH000022,POS,Rút tiền mặt,4327000,5500,Thành công,CN Quận 1,42303049
GD202611004305,2026-11-06 06:14:23,KH000043,Quầy giao dịch,Nhận lương,9150053,0,Thành công,CN Bình Dương,105079173
GD202611017103,2026-11-06 06:19:03,KH000182,POS,Thanh toán thẻ,4174000,1100,Thành công,CN Đà Nẵng,28254919
GD202611015623,2026-11-06 06:38:58,KH000169,Internet Banking,Thanh toán thẻ,23889000,0,Thành công,CN Đà Nẵng,45437553
GD202611011017,2026-11-06 06:44:04,KH000116,QR Code,Nộp tiền mặt,4604000,0,Thành công,CN Thanh Xuân,18392285
GD202611004095,2026-11-06 07:11:29,KH000040,POS,Thanh toán thẻ,4049000,5500,Thành công,CN Hoàn Kiếm,23743233
GD202611015226,2026-11-06 07:14:36,KH000162,QR Code,Chuyển khoản đến,120000,0,Thành công,CN TP Hồ Chí Minh,205603
GD202611013469,2026-11-06 07:15:41,KH000139,POS,Thanh toán thẻ,96000,3300,Thành công,CN Thanh Xuân,809107
GD202611000221,2026-11-06 07:20:32,KH000005,ATM,Chuyển khoản đến,185000,1100,Thành công,CN Bình Dương,268130
GD202611017633,2026-11-06 07:56:20,KH000186,Mobile Banking,Nộp tiền mặt,300000,0,Thành công,CN TP Hồ Chí Minh,3166525
GD202611008939,2026-11-06 08:22:09,KH000092,Quầy giao dịch,Nhận lương,11433023,0,Thành công,CN Hải Phòng,14494842
GD202611006249,2026-11-06 08:22:42,KH000063,Quầy giao dịch,Nhận lương,10426676,0,Thành công,CN Cầu Giấy,99557400
GD202611016715,2026-11-06 08:46:06,KH000180,Quầy giao dịch,Nhận lương,11363590,0,Thành công,CN Hải Phòng,85810963
GD202611017101,2026-11-06 08:49:19,KH000182,Quầy giao dịch,Nhận lương,27087622,0,Thành công,CN Hoàn Kiếm,28591019
GD202611010157,2026-11-06 09:10:18,KH000104,Mobile Banking,Thanh toán thẻ,2142000,0,Thành công,CN Cầu Giấy,16174719
GD202611002384,2026-11-06 09:10:47,KH000022,Quầy giao dịch,Nhận lương,11018879,0,Thành công,CN Cầu Giấy,46635549
GD202611010761,2026-11-06 09:16:07,KH000113,Internet Banking,Thanh toán hóa đơn,3782000,0,Thành công,CN Cầu Giấy,12128819
GD202611013917,2026-11-06 09:20:20,KH000145,Quầy giao dịch,Nhận lương,11292049,0,Thành công,CN Hoàn Kiếm,123301121
GD202611002256,2026-11-06 09:33:22,KH000020,Internet Banking,Thanh toán hóa đơn,133000,0,Thành công,CN Đà Nẵng,18935016
GD202611006820,2026-11-06 09:50:30,KH000071,Internet Banking,Chuyển khoản đến,130000,0,Thành công,CN Cần Thơ,955238
GD202611000729,2026-11-06 09:52:24,KH000010,Quầy giao dịch,Nhận lương,13276669,0,Thành công,CN Thanh Xuân,14367876
GD202611012205,2026-11-06 10:02:43,KH000127,QR Code,Thanh toán thẻ,1188000,0,Thành công,CN Cầu Giấy,7388263
GD202611009678,2026-11-06 10:07:29,KH000098,Quầy giao dịch,Nhận lương,8039826,0,Thành công,CN TP Hồ Chí Minh,24439912
GD202611001396,2026-11-06 10:23:19,KH000015,POS,Thanh toán thẻ,12382000,0,Thành công,CN Hải Phòng,58980151
GD202611005351,2026-11-06 10:35:28,KH000056,Quầy giao dịch,Nhận lương,11267884,0,Thành công,CN Quận 1,110660637
GD202611014325,2026-11-06 11:03:29,KH000152,Quầy giao dịch,Thanh toán hóa đơn,1530000,3300,Thành công,CN Cầu Giấy,73274108
GD202611016386,2026-11-06 11:34:09,KH000176,QR Code,Nộp tiền mặt,953000,0,Thành công,CN Quận 1,65423197
GD202611015305,2026-11-06 11:35:31,KH000163,QR Code,Thanh toán thẻ,1607000,0,Thành công,CN Thanh Xuân,44220617
GD202611000093,2026-11-06 11:45:20,KH000003,Quầy giao dịch,Nhận lương,43880345,0,Thành công,CN Quận 1,470100678
GD202611002026,2026-11-06 12:19:10,KH000019,Quầy giao dịch,Nhận lương,9519610,0,Thành công,CN Thanh Xuân,10069251
GD202611010760,2026-11-06 12:45:22,KH000113,Quầy giao dịch,Nhận lương,7979309,0,Thành công,CN Quận 1,15910819
GD202611010969,2026-11-06 12:57:36,KH000115,QR Code,Nộp tiền mặt,231000,0,Thành công,CN TP Hồ Chí Minh,20889401
GD202611005998,2026-11-06 13:21:20,KH000061,QR Code,Thanh toán thẻ,376000,0,Thành công,CN Bình Dương,2774647
GD202611004618,2026-11-06 13:22:21,KH000049,Mobile Banking,Thanh toán hóa đơn,242000,0,Thành công,CN Hoàn Kiếm,48072776
GD202611008625,2026-11-06 13:36:40,KH000087,ATM,Chuyển khoản đi,138000,1100,Thành công,CN Cầu Giấy,345026
GD202611017102,2026-11-06 13:45:35,KH000182,Mobile Banking,Nộp tiền mặt,3839000,0,Thành công,CN Hoàn Kiếm,32430019
GD202611002027,2026-11-06 13:50:37,KH000019,Internet Banking,Nộp tiền mặt,1480000,0,Thành công,CN Hoàn Kiếm,11549251
GD202611012519,2026-11-06 13:58:23,KH000130,Quầy giao dịch,Nhận lương,11091898,0,Thành công,CN Bình Dương,47575905
GD202611010430,2026-11-06 14:42:10,KH000109,Mobile Banking,Thanh toán thẻ,510000,0,Thành công,CN Hải Phòng,2771029
GD202611017425,2026-11-06 15:03:50,KH000183,Quầy giao dịch,Nhận lương,84910289,0,Thành công,CN Hoàn Kiếm,103727590
GD202611013670,2026-11-06 15:25:54,KH000142,Quầy giao dịch,Nhận lương,51992746,0,Thành công,CN Hoàn Kiếm,193989277
GD202611015622,2026-11-06 15:39:03,KH000169,Quầy giao dịch,Nhận lương,45792922,0,Thành công,CN Hoàn Kiếm,69326553
GD202611011482,2026-11-06 16:05:33,KH000119,Quầy giao dịch,Nhận lương,7864458,0,Thành công,CN Hải Phòng,79345759
GD202611013470,2026-11-06 16:12:59,KH000139,Mobile Banking,Thanh toán hóa đơn,204000,0,Thành công,CN TP Hồ Chí Minh,605107
GD202611004617,2026-11-06 16:33:06,KH000049,Quầy giao dịch,Nhận lương,8831535,0,Thành công,CN Hoàn Kiếm,48314776
GD202611007552,2026-11-06 16:36:18,KH000078,Quầy giao dịch,Nhận lương,22370684,0,Thành công,CN Bình Dương,93216604
GD202611009679,2026-11-06 17:12:32,KH000098,Quầy giao dịch,Rút tiền mặt,114000,0,Thành công,CN Cần Thơ,24325912
GD202611011129,2026-11-06 17:56:47,KH000117,Internet Banking,Thanh toán hóa đơn,627000,0,Thành công,CN Đà Nẵng,112708709
GD202611010262,2026-11-06 17:58:46,KH000106,Mobile Banking,Thanh toán hóa đơn,138000,0,Thành công,CN Cần Thơ,47171732
GD202611002349,2026-11-06 18:27:30,KH000021,ATM,Nộp tiền mặt,741000,1100,Thành công,CN Bình Dương,82874227
GD202611013016,2026-11-06 18:44:27,KH000132,QR Code,Chuyển khoản đến,570000,0,Thành công,CN Hoàn Kiếm,22719443
GD202611012206,2026-11-06 19:24:17,KH000127,Internet Banking,Chuyển khoản đi,1641000,0,Thành công,CN Đà Nẵng,5747263
GD202611003484,2026-11-06 19:27:52,KH000032,Mobile Banking,Nộp tiền mặt,194000,0,Thành công,CN Hải Phòng,112720571
GD202611018676,2026-11-06 19:49:41,KH000197,Internet Banking,Chuyển khoản đến,30453000,0,Thành công,CN Thanh Xuân,122682897
GD202611010156,2026-11-06 20:18:52,KH000104,Quầy giao dịch,Nhận lương,10388916,0,Thành công,CN Hoàn Kiếm,18316719
GD202611009435,2026-11-06 20:32:07,KH000096,Quầy giao dịch,Nhận lương,30399826,0,Thành công,CN Hải Phòng,35563769
GD202611001395,2026-11-06 20:38:08,KH000015,QR Code,Chuyển khoản đến,15462000,0,Thành công,CN Đà Nẵng,71362151
GD202611010876,2026-11-06 20:51:39,KH000114,Quầy giao dịch,Nhận lương,11881357,0,Thành công,CN Cầu Giấy,97163864
GD202611014180,2026-11-06 21:36:15,KH000150,Quầy giao dịch,Nhận lương,16476101,0,Thành công,CN Hải Phòng,51372037
GD202611008390,2026-11-06 21:38:22,KH000084,POS,Chuyển khoản đến,289000,3300,Thành công,CN Hoàn Kiếm,6541640
GD202611012341,2026-11-06 21:57:17,KH000128,Quầy giao dịch,Nhận lương,9289423,0,Thành công,CN TP Hồ Chí Minh,88796720
GD202611009436,2026-11-06 22:29:23,KH000096,QR Code,Nộp tiền mặt,3888000,0,Thành công,CN Cầu Giấy,39451769
GD202611013347,2026-11-06 22:31:27,KH000137,Internet Banking,Chuyển khoản đến,1257000,0,Thành công,CN Hoàn Kiếm,11951090
GD202611002350,2026-11-06 22:40:56,KH000021,POS,Thanh toán thẻ,64000,5500,Thành công,CN Đà Nẵng,82804727
GD202611001021,2026-11-06 22:43:09,KH000013,Mobile Banking,Chuyển khoản đến,181000,0,Thành công,CN TP Hồ Chí Minh,2561438
GD202611015550,2026-11-06 22:43:11,KH000168,Mobile Banking,Thanh toán hóa đơn,2264000,0,Thành công,CN Bình Dương,7219200
GD202611018210,2026-11-06 22:52:46,KH000191,QR Code,Thanh toán thẻ,237000,0,Thành công,CN Quận 1,788408
GD202611002495,2026-11-06 22:57:28,KH000023,Quầy giao dịch,Nhận lương,20489708,0,Thành công,CN TP Hồ Chí Minh,34187280
GD202611007190,2026-11-06 22:59:49,KH000075,Internet Banking,Thanh toán hóa đơn,6622000,0,Thành công,CN Cần Thơ,14273242
GD202611016717,2026-11-07 06:17:55,KH000180,POS,Nạp tiền điện thoại,1868000,1100,Thành công,CN Hoàn Kiếm,82167863
GD202611018211,2026-11-07 06:40:13,KH000191,Internet Banking,Nạp tiền điện thoại,54000,0,Thành công,CN Quận 1,734408
GD202611016716,2026-11-07 06:48:27,KH000180,QR Code,Thanh toán thẻ,1774000,0,Thành công,CN Quận 1,84036963
GD202611007793,2026-11-07 07:20:27,KH000079,POS,Thanh toán thẻ,782000,0,Thành công,CN Bình Dương,2941624
GD202611006693,2026-11-07 07:28:03,KH000068,Internet Banking,Thanh toán thẻ,4974000,0,Thành công,CN Cầu Giấy,74027889
GD202611003939,2026-11-07 07:32:23,KH000038,Mobile Banking,Chuyển khoản đến,4056000,0,Thành công,CN Bình Dương,104163634
GD202611011483,2026-11-07 07:56:10,KH000119,Internet Banking,Thanh toán hóa đơn,144000,0,Thành công,CN Hoàn Kiếm,79201759
GD202611006822,2026-11-07 08:05:19,KH000071,Internet Banking,Chuyển khoản đi,203000,0,Thành công,CN Đà Nẵng,589238
GD202611013671,2026-11-07 08:05:43,KH000142,Mobile Banking,Rút tiền mặt,31503000,0,Thành công,CN Bình Dương,162486277
GD202611017104,2026-11-07 08:13:07,KH000182,Internet Banking,Chuyển khoản đến,6340000,0,Thành công,CN Hoàn Kiếm,34594919
GD202611013017,2026-11-07 08:38:18,KH000132,POS,Thanh toán thẻ,2305000,0,Thành công,CN Đà Nẵng,20414443
GD202611016013,2026-11-07 08:49:25,KH000172,POS,Thanh toán thẻ,2667000,5500,Thành công,CN Hoàn Kiếm,9554391
GD202611016012,2026-11-07 08:56:47,KH000172,Quầy giao dịch,Nhận lương,9702477,0,Thành công,CN Cầu Giấy,12226891
GD202611015375,2026-11-07 09:10:25,KH000164,POS,Thanh toán thẻ,104000,3300,Thành công,CN Cần Thơ,34887947
GD202611001605,2026-11-07 09:26:21,KH000016,POS,Thanh toán thẻ,175000,1100,Thành công,CN Cầu Giấy,407407
GD202611014759,2026-11-07 09:30:34,KH000156,Internet Banking,Nạp tiền điện thoại,539000,0,Thành công,CN Hoàn Kiếm,13137952
GD202611015439,2026-11-07 09:32:25,KH000165,Quầy giao dịch,Nhận lương,8774617,0,Thành công,CN Hải Phòng,29593231
GD202611002028,2026-11-07 09:42:16,KH000019,POS,Thanh toán thẻ,2910000,1100,Thành công,CN Cần Thơ,8638151
GD202611004773,2026-11-07 09:57:01,KH000051,ATM,Nạp tiền điện thoại,213000,3300,Thành công,CN Cầu Giấy,432256
GD202611007921,2026-11-07 09:57:59,KH000081,Quầy giao dịch,Nhận lương,48233404,0,Thành công,CN Thanh Xuân,440932655
GD202611011532,2026-11-07 10:27:14,KH000120,QR Code,Thanh toán thẻ,700000,0,Thành công,CN Cần Thơ,67412965
GD202611015377,2026-11-07 10:27:49,KH000164,Quầy giao dịch,Nộp tiền mặt,179000,5500,Thành công,CN Quận 1,34932847
GD202611015495,2026-11-07 10:28:31,KH000166,Quầy giao dịch,Nhận lương,37733662,0,Thành công,CN Thanh Xuân,221521694
GD202611014730,2026-11-07 10:28:37,KH000155,POS,Chuyển khoản đến,37349000,3300,Thành công,CN Hoàn Kiếm,177337770
GD202611005999,2026-11-07 10:34:10,KH000061,Mobile Banking,Nạp tiền điện thoại,50000,0,Thành công,CN Cần Thơ,2724647
GD202611008627,2026-11-07 10:48:12,KH000087,Internet Banking,Nộp tiền mặt,85000,0,Thành công,CN Bình Dương,481026
GD202611005352,2026-11-07 10:49:44,KH000056,Mobile Banking,Thanh toán thẻ,924000,0,Thành công,CN Cầu Giấy,109736637
GD202611008973,2026-11-07 11:07:48,KH000093,QR Code,Chuyển khoản đến,4824000,0,Thành công,CN Hoàn Kiếm,31843804
GD202611005238,2026-11-07 11:24:13,KH000055,Internet Banking,Thanh toán thẻ,385000,0,Thất bại,CN Đà Nẵng,6939887
GD202611014326,2026-11-07 11:24:15,KH000152,QR Code,Thanh toán hóa đơn,1203000,0,Thành công,CN Thanh Xuân,72071108
GD202611015833,2026-11-07 11:31:35,KH000171,QR Code,Chuyển khoản đi,137000,0,Thành công,CN Thanh Xuân,248551
GD202611013790,2026-11-07 11:32:35,KH000144,Internet Banking,Nạp tiền điện thoại,359000,0,Thành công,CN Cầu Giấy,4004801
GD202611008628,2026-11-07 11:49:36,KH000087,POS,Thanh toán thẻ,91000,5500,Thành công,CN Bình Dương,384526
GD202611015706,2026-11-07 12:21:55,KH000170,POS,Thanh toán thẻ,55000,1100,Thành công,CN Cần Thơ,524653
GD202611018020,2026-11-07 12:23:19,KH000190,Quầy giao dịch,Nhận lương,54783139,0,Thành công,CN Cầu Giấy,123186642
GD202611012779,2026-11-07 12:30:50,KH000131,Internet Banking,Chuyển khoản đến,87000,0,Thành công,CN Cầu Giấy,293680
GD202611013672,2026-11-07 13:11:01,KH000142,Mobile Banking,Rút tiền mặt,6539000,0,Thành công,CN Cầu Giấy,155947277
GD202611000278,2026-11-07 13:14:38,KH000006,ATM,Thanh toán hóa đơn,327000,5500,Thành công,CN Bình Dương,977166
GD202611010158,2026-11-07 13:28:20,KH000104,Internet Banking,Thanh toán thẻ,3435000,0,Thành công,CN Đà Nẵng,12739719
GD202611001397,2026-11-07 13:29:42,KH000015,QR Code,Chuyển khoản đi,16049000,0,Thành công,CN Cầu Giấy,42931151
GD202611010529,2026-11-07 13:34:34,KH000110,Quầy giao dịch,Nhận lương,10410548,0,Thành công,CN Đà Nẵng,68872196
GD202611004254,2026-11-07 14:02:01,KH000042,QR Code,Thanh toán thẻ,2575000,0,Thành công,CN Thanh Xuân,41536674
GD202611015624,2026-11-07 14:03:43,KH000169,Quầy giao dịch,Nạp tiền điện thoại,8465000,0,Thành công,CN Hoàn Kiếm,36972553
GD202611009205,2026-11-07 14:09:47,KH000094,QR Code,Nộp tiền mặt,1970000,0,Thành công,CN TP Hồ Chí Minh,77654618
GD202611015625,2026-11-07 14:32:41,KH000169,Internet Banking,Rút tiền mặt,9052000,0,Thành công,CN Bình Dương,27920553
GD202611006754,2026-11-07 14:52:22,KH000070,Quầy giao dịch,Nhận lương,9660485,0,Thành công,CN Cầu Giấy,92470916
GD202611017634,2026-11-07 15:14:28,KH000186,Quầy giao dịch,Nhận lương,11732729,0,Thành công,CN Cầu Giấy,14899254
GD202611008940,2026-11-07 15:16:41,KH000092,Internet Banking,Thanh toán thẻ,4900000,0,Thành công,CN Quận 1,9594842
GD202611010530,2026-11-07 15:17:23,KH000110,POS,Thanh toán thẻ,920000,1100,Thành công,CN Cần Thơ,67951096
GD202611002496,2026-11-07 15:27:01,KH000023,POS,Chuyển khoản đi,8746000,1100,Thành công,CN Quận 1,25440180
GD202611016387,2026-11-07 15:37:14,KH000176,QR Code,Rút tiền mặt,413000,0,Thành công,CN Quận 1,65010197
GD202611013226,2026-11-07 15:38:01,KH000136,Quầy giao dịch,Nhận lương,39300871,0,Thành công,CN Hoàn Kiếm,59921812
GD202611014681,2026-11-07 15:42:57,KH000154,POS,Thanh toán thẻ,1749000,0,Thành công,CN Hải Phòng,5155394
GD202611005711,2026-11-07 15:55:46,KH000060,Quầy giao dịch,Nhận lương,8359259,0,Thành công,CN Cầu Giấy,35234061
GD202611001278,2026-11-07 16:01:11,KH000014,Internet Banking,Nộp tiền mặt,3287000,0,Thành công,CN Cần Thơ,19619245
GD202611009614,2026-11-07 16:20:55,KH000097,POS,Thanh toán thẻ,133000,0,Thành công,CN Thanh Xuân,119749
GD202611006495,2026-11-07 16:42:08,KH000065,POS,Thanh toán thẻ,10207000,3300,Thành công,CN Hải Phòng,80721686
GD202611000936,2026-11-07 16:44:52,KH000012,POS,Thanh toán thẻ,2814000,5500,Thành công,CN Thanh Xuân,113585686
GD202611010877,2026-11-07 16:52:19,KH000114,Internet Banking,Nộp tiền mặt,1178000,0,Thành công,CN TP Hồ Chí Minh,98341864
GD202611014833,2026-11-07 16:53:53,KH000157,Quầy giao dịch,Nhận lương,8644764,0,Thành công,CN TP Hồ Chí Minh,9028617
GD202611008749,2026-11-07 16:56:58,KH000090,POS,Thanh toán thẻ,925000,1100,Thành công,CN Quận 1,11567396
GD202611017503,2026-11-07 17:00:34,KH000184,Quầy giao dịch,Nhận lương,38482182,0,Thành công,CN Hải Phòng,55919348
GD202611003485,2026-11-07 17:02:03,KH000032,Quầy giao dịch,Nhận lương,11518664,0,Thành công,CN Thanh Xuân,124239234
GD202611007466,2026-11-07 17:22:11,KH000077,Mobile Banking,Nộp tiền mặt,802000,0,Thành công,CN Quận 1,10494029
GD202611016180,2026-11-07 17:32:48,KH000175,Quầy giao dịch,Nhận lương,9399535,0,Thành công,CN Thanh Xuân,47875262
GD202611011614,2026-11-07 17:33:17,KH000122,Quầy giao dịch,Nhận lương,20690522,0,Thành công,CN Đà Nẵng,66790039
GD202611007792,2026-11-07 17:38:46,KH000079,Mobile Banking,Thanh toán thẻ,527000,0,Thành công,CN Đà Nẵng,3723624
GD202611015705,2026-11-07 17:42:00,KH000170,QR Code,Nộp tiền mặt,104000,0,Thành công,CN TP Hồ Chí Minh,580753
GD202611000222,2026-11-07 17:42:04,KH000005,Internet Banking,Chuyển khoản đến,178000,0,Thành công,CN Cầu Giấy,446130
GD202611015019,2026-11-07 17:45:24,KH000160,POS,Chuyển khoản đến,4219000,0,Thành công,CN Cần Thơ,117352050
GD202611014081,2026-11-07 18:21:29,KH000148,POS,Thanh toán thẻ,482000,3300,Thành công,CN Hoàn Kiếm,91121622
GD202611002980,2026-11-07 18:28:29,KH000027,Mobile Banking,Chuyển khoản đi,211000,0,Thành công,CN Hải Phòng,4564761
GD202611011531,2026-11-07 18:48:59,KH000120,Mobile Banking,Thanh toán hóa đơn,1958000,0,Thành công,CN Đà Nẵng,68112965
GD202611009876,2026-11-07 19:06:46,KH000101,Quầy giao dịch,Nhận lương,15903228,0,Thành công,CN Bình Dương,119253798
GD202611010970,2026-11-07 19:14:04,KH000115,Quầy giao dịch,Nhận lương,11362595,0,Thành công,CN Cầu Giấy,32251996
GD202611010663,2026-11-07 19:14:38,KH000112,Quầy giao dịch,Nhận lương,8814872,0,Thành công,CN Bình Dương,32894886
GD202611018511,2026-11-07 19:16:01,KH000195,Mobile Banking,Rút tiền mặt,57000,0,Thành công,CN Thanh Xuân,81417
GD202611014729,2026-11-07 19:38:24,KH000155,Quầy giao dịch,Nhận lương,60069626,0,Thành công,CN Quận 1,139988770
GD202611005150,2026-11-07 19:44:13,KH000053,Internet Banking,Thanh toán hóa đơn,8329000,0,Thành công,CN Quận 1,63887879
GD202611008063,2026-11-07 19:58:54,KH000082,Mobile Banking,Thanh toán thẻ,3976000,0,Thành công,CN Bình Dương,11382049
GD202611010159,2026-11-07 20:07:13,KH000104,QR Code,Thanh toán thẻ,1962000,0,Thành công,CN Đà Nẵng,10777719
GD202611016842,2026-11-07 20:21:54,KH000181,Internet Banking,Nộp tiền mặt,104000,0,Thành công,CN Đà Nẵng,293820
GD202611014002,2026-11-07 20:25:25,KH000147,Quầy giao dịch,Nhận lương,10767832,0,Thành công,CN TP Hồ Chí Minh,137429533
GD202611008626,2026-11-07 20:48:56,KH000087,ATM,Chuyển khoản đến,51000,3300,Thành công,CN Thanh Xuân,396026
GD202611012207,2026-11-07 20:51:56,KH000127,Internet Banking,Thanh toán thẻ,307000,0,Thành công,CN Bình Dương,5440263
GD202611016181,2026-11-07 20:57:27,KH000175,QR Code,Thanh toán thẻ,8030000,0,Thành công,CN Quận 1,39845262
GD202611003998,2026-11-07 21:17:50,KH000039,Mobile Banking,Thanh toán thẻ,2498000,0,Thành công,CN Thanh Xuân,67113275
GD202611011255,2026-11-07 21:25:36,KH000118,QR Code,Chuyển khoản đi,1825000,0,Thành công,CN Quận 1,4693149
GD202611014571,2026-11-07 21:44:21,KH000153,Internet Banking,Nộp tiền mặt,170000,0,Thành công,CN Thanh Xuân,358641
GD202611007467,2026-11-07 21:48:45,KH000077,QR Code,Chuyển khoản đi,494000,0,Thành công,CN Hải Phòng,10000029
GD202611006821,2026-11-07 22:07:23,KH000071,QR Code,Rút tiền mặt,163000,0,Thành công,CN Quận 1,792238
GD202611016555,2026-11-07 22:30:43,KH000178,Internet Banking,Thanh toán thẻ,342000,0,Thành công,CN Cầu Giấy,25689498
GD202611001277,2026-11-07 22:39:25,KH000014,Mobile Banking,Chuyển khoản đến,1582000,0,Thành công,CN Quận 1,16332245
GD202611015376,2026-11-07 22:40:38,KH000164,Quầy giao dịch,Rút tiền mặt,133000,1100,Thành công,CN Bình Dương,34753847
GD202611012208,2026-11-08 06:09:31,KH000127,Internet Banking,Nộp tiền mặt,265000,0,Thành công,CN Hải Phòng,5705263
GD202611006001,2026-11-08 06:11:36,KH000061,Mobile Banking,Nộp tiền mặt,686000,0,Thành công,CN Thanh Xuân,11714671
GD202611015227,2026-11-08 06:27:07,KH000162,Mobile Banking,Thanh toán thẻ,157000,0,Thành công,CN Đà Nẵng,284103
GD202611011534,2026-11-08 06:32:23,KH000120,ATM,Thanh toán hóa đơn,3711000,5500,Thành công,CN TP Hồ Chí Minh,72362530
GD202611006000,2026-11-08 07:20:54,KH000061,Quầy giao dịch,Nhận lương,8304024,0,Thành công,CN Hải Phòng,11028671
GD202611017426,2026-11-08 07:26:43,KH000183,QR Code,Chuyển khoản đi,17731000,0,Thành công,CN Bình Dương,85996590
GD202611014327,2026-11-08 07:43:34,KH000152,Quầy giao dịch,Nhận lương,11647795,0,Thành công,CN Bình Dương,83718903
GD202611010308,2026-11-08 07:45:20,KH000107,POS,Thanh toán thẻ,269000,5500,Thành công,CN Hải Phòng,110122924
GD202611004000,2026-11-08 07:47:22,KH000039,POS,Nộp tiền mặt,3173000,1100,Thành công,CN Thanh Xuân,78677297
GD202611008391,2026-11-08 07:53:32,KH000084,QR Code,Rút tiền mặt,1869000,0,Thành công,CN Cần Thơ,4672640
GD202611007794,2026-11-08 07:56:50,KH000079,POS,Thanh toán thẻ,530000,1100,Thành công,CN Cầu Giấy,2410524
GD202611003999,2026-11-08 08:12:42,KH000039,Quầy giao dịch,Nhận lương,8391022,0,Thành công,CN TP Hồ Chí Minh,75504297
GD202611015306,2026-11-08 08:55:43,KH000163,Quầy giao dịch,Nhận lương,41700562,0,Thành công,CN Cần Thơ,85921180
GD202611014572,2026-11-08 09:12:15,KH000153,QR Code,Chuyển khoản đi,108000,0,Thành công,CN Hải Phòng,250641
GD202611010394,2026-11-08 09:13:37,KH000108,Quầy giao dịch,Nhận lương,11363240,0,Thành công,CN Cần Thơ,123597936
GD202611017797,2026-11-08 09:17:48,KH000187,Quầy giao dịch,Nhận lương,15644638,0,Thành công,CN TP Hồ Chí Minh,19381496
GD202611016016,2026-11-08 09:31:16,KH000172,Internet Banking,Rút tiền mặt,3681000,0,Thành công,CN Hải Phòng,7343091
GD202611004619,2026-11-08 09:41:43,KH000049,POS,Thanh toán thẻ,4399000,1100,Thành công,CN Hoàn Kiếm,43672676
GD202611015707,2026-11-08 10:04:45,KH000170,Mobile Banking,Nộp tiền mặt,105000,0,Thành công,CN Hải Phòng,629653
GD202611006496,2026-11-08 10:17:02,KH000065,Mobile Banking,Chuyển khoản đến,7707000,0,Thành công,CN Bình Dương,88428686
GD202611003151,2026-11-08 10:20:54,KH000028,Quầy giao dịch,Nhận lương,11476867,0,Thành công,CN Cầu Giấy,63186215
GD202611013408,2026-11-08 10:27:52,KH000138,Quầy giao dịch,Nhận lương,8187942,0,Thành công,CN Cần Thơ,23273522
GD202611018512,2026-11-08 10:32:01,KH000195,Mobile Banking,Thanh toán thẻ,64000,0,Thành công,CN Bình Dương,113417
GD202611002981,2026-11-08 10:32:57,KH000027,Quầy giao dịch,Nhận lương,16960790,0,Thành công,CN Cần Thơ,21525550
GD202611004620,2026-11-08 10:39:31,KH000049,QR Code,Thanh toán hóa đơn,3161000,0,Thành công,CN Thanh Xuân,40511676
GD202611002386,2026-11-08 10:44:58,KH000022,POS,Thanh toán thẻ,85000,3300,Thành công,CN Hoàn Kiếm,42214749
GD202611011915,2026-11-08 10:46:45,KH000125,QR Code,Rút tiền mặt,57000,0,Thất bại,CN Cần Thơ,254836
GD202611009681,2026-11-08 10:47:15,KH000098,Mobile Banking,Thanh toán thẻ,549000,0,Thành công,CN Cầu Giấy,23513912
GD202611009683,2026-11-08 11:01:29,KH000098,ATM,Nộp tiền mặt,688000,5500,Thành công,CN Đà Nẵng,23404912
GD202611005354,2026-11-08 11:18:32,KH000056,Mobile Banking,Chuyển khoản đi,2189000,0,Thành công,CN Cầu Giấy,111285637
GD202611007468,2026-11-08 11:42:40,KH000077,QR Code,Thanh toán thẻ,1681000,0,Thành công,CN Cầu Giấy,8319029
GD202611013349,2026-11-08 11:48:51,KH000137,QR Code,Thanh toán thẻ,5859000,0,Thất bại,CN Hải Phòng,28527714
GD202611005052,2026-11-08 11:51:06,KH000052,QR Code,Nạp tiền điện thoại,114000,0,Thành công,CN Bình Dương,140406
GD202611016590,2026-11-08 12:19:34,KH000179,Quầy giao dịch,Nhận lương,29037539,0,Thành công,CN Cầu Giấy,235792147
GD202611007191,2026-11-08 12:22:31,KH000075,Quầy giao dịch,Nhận lương,7949965,0,Thành công,CN Quận 1,22223208
GD202611018212,2026-11-08 12:22:46,KH000191,QR Code,Thanh toán thẻ,194000,0,Thành công,CN TP Hồ Chí Minh,540408
GD202611009682,2026-11-08 12:27:18,KH000098,QR Code,Thanh toán thẻ,797000,0,Thành công,CN Thanh Xuân,22716912
GD202611006002,2026-11-08 12:37:30,KH000061,Internet Banking,Thanh toán thẻ,1924000,0,Thành công,CN TP Hồ Chí Minh,9790671
GD202611017504,2026-11-08 13:01:28,KH000184,Internet Banking,Chuyển khoản đi,14711000,0,Thành công,CN Cần Thơ,41208348
GD202611016556,2026-11-08 13:04:01,KH000178,Quầy giao dịch,Nhận lương,8984772,0,Thành công,CN Đà Nẵng,34674270
GD202611018772,2026-11-08 13:18:58,KH000199,Internet Banking,Thanh toán thẻ,41266000,0,Thành công,CN TP Hồ Chí Minh,155155971
GD202611011484,2026-11-08 13:20:28,KH000119,QR Code,Rút tiền mặt,97000,0,Thành công,CN Hải Phòng,79104759
GD202611017578,2026-11-08 13:27:04,KH000185,Internet Banking,Chuyển khoản đến,2223000,0,Thành công,CN Bình Dương,69313677
GD202611012342,2026-11-08 13:36:57,KH000128,Quầy giao dịch,Nạp tiền điện thoại,431000,0,Thành công,CN Hải Phòng,88365720
GD202611005353,2026-11-08 13:52:59,KH000056,ATM,Nộp tiền mặt,3738000,3300,Thành công,CN Hải Phòng,113474637
GD202611002497,2026-11-08 13:54:55,KH000023,Mobile Banking,Nạp tiền điện thoại,8007000,0,Thành công,CN Hoàn Kiếm,17433180
GD202611013018,2026-11-08 13:59:31,KH000132,Mobile Banking,Nộp tiền mặt,3117000,0,Thành công,CN TP Hồ Chí Minh,23531443
GD202611015708,2026-11-08 14:13:11,KH000170,Internet Banking,Nộp tiền mặt,141000,0,Thành công,CN Đà Nẵng,770653
GD202611005053,2026-11-08 14:15:08,KH000052,POS,Thanh toán thẻ,196000,3300,Thành công,CN Cầu Giấy,235106
GD202611008517,2026-11-08 14:21:35,KH000086,Quầy giao dịch,Thanh toán hóa đơn,13273000,3300,Thành công,CN Cần Thơ,38817692
GD202611014920,2026-11-08 14:43:41,KH000158,QR Code,Nạp tiền điện thoại,7859000,0,Thành công,CN Hải Phòng,55880138
GD202611016015,2026-11-08 14:46:51,KH000172,QR Code,Nộp tiền mặt,2781000,0,Thành công,CN Bình Dương,11024091
GD202611010531,2026-11-08 14:51:03,KH000110,QR Code,Thanh toán thẻ,509000,0,Thành công,CN Thanh Xuân,67442096
GD202611014955,2026-11-08 14:59:28,KH000159,Quầy giao dịch,Nhận lương,17908507,0,Thành công,CN TP Hồ Chí Minh,69436927
GD202611015020,2026-11-08 15:10:41,KH000160,Quầy giao dịch,Nhận lương,11408145,0,Thành công,CN Hải Phòng,128760196
GD202611011018,2026-11-08 15:14:29,KH000116,QR Code,Nạp tiền điện thoại,5832000,0,Thành công,CN Quận 1,12560285
GD202611005206,2026-11-08 15:23:29,KH000054,Quầy giao dịch,Nộp tiền mặt,947000,1100,Thành công,CN Thanh Xuân,16432196
GD202611014082,2026-11-08 15:44:15,KH000148,Quầy giao dịch,Nhận lương,9421237,0,Thành công,CN Hoàn Kiếm,100542859
GD202611013791,2026-11-08 16:27:35,KH000144,Internet Banking,Chuyển khoản đến,618000,0,Thành công,CN Đà Nẵng,4622801
GD202611008750,2026-11-08 16:44:15,KH000090,Quầy giao dịch,Nộp tiền mặt,2551000,5500,Thành công,CN Đà Nẵng,14118396
GD202611002387,2026-11-08 16:46:50,KH000022,QR Code,Chuyển khoản đến,2039000,0,Thành công,CN TP Hồ Chí Minh,44253749
GD202611005240,2026-11-08 16:49:11,KH000055,POS,Thanh toán thẻ,406000,3300,Thành công,CN Hải Phòng,6328587
GD202611003940,2026-11-08 16:55:50,KH000038,Quầy giao dịch,Nhận lương,11661339,0,Thành công,CN Hải Phòng,115824973
GD202611013348,2026-11-08 17:07:57,KH000137,Quầy giao dịch,Nhận lương,16576624,0,Thành công,CN Quận 1,28527714
GD202611009680,2026-11-08 17:12:13,KH000098,Mobile Banking,Nạp tiền điện thoại,263000,0,Thành công,CN Hải Phòng,24062912
GD202611010622,2026-11-08 17:22:27,KH000111,Mobile Banking,Thanh toán thẻ,4114000,0,Thành công,CN Cần Thơ,59040991
GD202611006078,2026-11-08 17:29:36,KH000062,POS,Thanh toán thẻ,516000,1100,Thành công,CN Bình Dương,11386324
GD202611009964,2026-11-08 18:20:46,KH000103,POS,Nạp tiền điện thoại,253000,1100,Thành công,CN Bình Dương,1349119
GD202611002258,2026-11-08 18:20:48,KH000020,POS,Thanh toán thẻ,4438000,3300,Thành công,CN Cầu Giấy,14493716
GD202611003152,2026-11-08 18:23:45,KH000028,Mobile Banking,Thanh toán thẻ,368000,0,Thành công,CN Hải Phòng,62818215
GD202611011533,2026-11-08 18:31:00,KH000120,Quầy giao dịch,Nhận lương,8666065,0,Thành công,CN Hải Phòng,76079030
GD202611006497,2026-11-08 18:50:27,KH000065,Internet Banking,Rút tiền mặt,24693000,0,Thành công,CN TP Hồ Chí Minh,63735686
GD202611009784,2026-11-08 19:00:35,KH000099,Quầy giao dịch,Nhận lương,10408737,0,Thành công,CN Hoàn Kiếm,62012979
GD202611002351,2026-11-08 19:22:19,KH000021,Quầy giao dịch,Nhận lương,8472732,0,Thành công,CN Hải Phòng,91277459
GD202611011256,2026-11-08 19:42:46,KH000118,Quầy giao dịch,Nhận lương,14183656,0,Thành công,CN Đà Nẵng,18876805
GD202611013542,2026-11-08 19:47:24,KH000141,Quầy giao dịch,Nhận lương,9033884,0,Thành công,CN Quận 1,15940764
GD202611015038,2026-11-08 19:49:03,KH000161,Quầy giao dịch,Nhận lương,10791623,0,Thành công,CN Đà Nẵng,24830359
GD202611004096,2026-11-08 20:08:38,KH000040,Quầy giao dịch,Nhận lương,10536451,0,Thành công,CN Quận 1,34279684
GD202611012520,2026-11-08 20:15:52,KH000130,Internet Banking,Thanh toán thẻ,1437000,0,Thành công,CN Cầu Giấy,46138905
GD202611017849,2026-11-08 20:31:26,KH000188,Mobile Banking,Chuyển khoản đến,801000,0,Thành công,CN Hải Phòng,12174234
GD202611005205,2026-11-08 20:31:32,KH000054,Mobile Banking,Thanh toán thẻ,561000,0,Thành công,CN Hải Phòng,15485196
GD202611002257,2026-11-08 21:02:52,KH000020,POS,Thanh toán thẻ,905000,3300,Thất bại,CN Cần Thơ,18935016
GD202611002029,2026-11-08 21:07:03,KH000019,QR Code,Rút tiền mặt,619000,0,Thành công,CN Thanh Xuân,8019151
GD202611008157,2026-11-08 21:11:03,KH000083,Quầy giao dịch,Nhận lương,8723604,0,Thành công,CN TP Hồ Chí Minh,98320914
GD202611005239,2026-11-08 21:17:39,KH000055,POS,Thanh toán thẻ,202000,0,Thành công,CN Hoàn Kiếm,6737887
GD202611017105,2026-11-08 21:19:34,KH000182,Internet Banking,Nộp tiền mặt,7325000,0,Thành công,CN TP Hồ Chí Minh,41919919
GD202611006077,2026-11-08 21:32:35,KH000062,Internet Banking,Nộp tiền mặt,2926000,0,Thành công,CN Hải Phòng,11903424
GD202611000937,2026-11-08 21:39:29,KH000012,Mobile Banking,Nộp tiền mặt,1400000,0,Thành công,CN Thanh Xuân,114985686
GD202611011535,2026-11-08 21:49:43,KH000120,POS,Thanh toán thẻ,1281000,0,Thành công,CN TP Hồ Chí Minh,71081530
GD202611016014,2026-11-08 21:53:36,KH000172,POS,Thanh toán thẻ,1308000,3300,Thành công,CN Cần Thơ,8243091
GD202611011648,2026-11-08 22:01:54,KH000123,Quầy giao dịch,Nhận lương,75196533,0,Thành công,CN Hoàn Kiếm,1072850614
GD202611013471,2026-11-08 22:11:32,KH000139,POS,Thanh toán thẻ,93000,1100,Thành công,CN Thanh Xuân,511007
GD202611001398,2026-11-08 22:25:09,KH000015,QR Code,Chuyển khoản đi,11998000,0,Thành công,CN Quận 1,30933151
GD202611007121,2026-11-08 22:44:48,KH000074,Quầy giao dịch,Nhận lương,8969503,0,Thành công,CN Thanh Xuân,38190249
GD202611010160,2026-11-09 06:24:17,KH000104,Internet Banking,Chuyển khoản đến,571000,0,Thành công,CN Quận 1,11348719
GD202611000487,2026-11-09 06:30:41,KH000008,Quầy giao dịch,Nhận lương,39950860,0,Thành công,CN Cần Thơ,54780890
GD202611015709,2026-11-09 07:16:44,KH000170,POS,Nộp tiền mặt,174000,3300,Thành công,CN Bình Dương,944653
GD202611018213,2026-11-09 07:21:46,KH000191,POS,Thanh toán thẻ,130000,5500,Thành công,CN Hoàn Kiếm,404908
GD202611002982,2026-11-09 07:56:32,KH000027,Mobile Banking,Chuyển khoản đến,2015000,0,Thành công,CN Hoàn Kiếm,23540550
GD202611018815,2026-11-09 07:58:23,KH000200,Internet Banking,Thanh toán thẻ,136000,0,Thành công,CN Cầu Giấy,348377
GD202611010532,2026-11-09 08:05:50,KH000110,QR Code,Thanh toán thẻ,2963000,0,Thành công,CN Bình Dương,64479096
GD202611018513,2026-11-09 08:13:40,KH000195,Internet Banking,Nộp tiền mặt,150000,0,Thành công,CN Hoàn Kiếm,263417
GD202611014328,2026-11-09 08:43:26,KH000152,Mobile Banking,Chuyển khoản đến,1295000,0,Thành công,CN Quận 1,85013903
GD202611006004,2026-11-09 08:45:07,KH000061,Internet Banking,Thanh toán hóa đơn,779000,0,Thành công,CN TP Hồ Chí Minh,10736671
GD202611012780,2026-11-09 08:51:26,KH000131,POS,Thanh toán thẻ,138000,1100,Thành công,CN Đà Nẵng,154580
GD202611010396,2026-11-09 08:58:15,KH000108,POS,Thanh toán hóa đơn,157000,5500,Thành công,CN Cần Thơ,123036436
GD202611011131,2026-11-09 08:59:08,KH000117,Quầy giao dịch,Nạp tiền điện thoại,696000,1100,Thành công,CN Hoàn Kiếm,123522382
GD202611000279,2026-11-09 09:04:59,KH000006,QR Code,Chuyển khoản đi,287000,0,Thành công,CN Thanh Xuân,690166
GD202611011130,2026-11-09 09:11:28,KH000117,Quầy giao dịch,Nhận lương,11510773,0,Thành công,CN Hải Phòng,124219482
GD202611002799,2026-11-09 09:17:56,KH000025,Internet Banking,Chuyển khoản đi,168000,0,Thành công,CN Hoàn Kiếm,220231
GD202611002259,2026-11-09 09:28:54,KH000020,Quầy giao dịch,Nhận lương,61422533,0,Thành công,CN Cầu Giấy,75916249
GD202611015307,2026-11-09 09:56:19,KH000163,Internet Banking,Chuyển khoản đi,13638000,0,Thành công,CN Quận 1,72283180
GD202611003237,2026-11-09 09:58:52,KH000029,Quầy giao dịch,Nhận lương,11144029,0,Thành công,CN TP Hồ Chí Minh,15124794
GD202611005470,2026-11-09 10:02:12,KH000057,POS,Thanh toán thẻ,41369000,1100,Thành công,CN Bình Dương,78149641
GD202611008629,2026-11-09 10:18:24,KH000087,Mobile Banking,Thanh toán hóa đơn,174000,0,Thành công,CN Cần Thơ,210526
GD202611001755,2026-11-09 10:23:06,KH000018,POS,Thanh toán thẻ,604000,1100,Thành công,CN Bình Dương,81236438
GD202611005355,2026-11-09 10:33:02,KH000056,Internet Banking,Chuyển khoản đến,4240000,0,Thành công,CN Đà Nẵng,115525637
GD202611000280,2026-11-09 10:47:28,KH000006,POS,Thanh toán thẻ,126000,5500,Thành công,CN TP Hồ Chí Minh,558666
GD202611015379,2026-11-09 10:47:50,KH000164,Internet Banking,Rút tiền mặt,70000,0,Thành công,CN Đà Nẵng,34714847
GD202611013543,2026-11-09 10:56:30,KH000141,POS,Thanh toán hóa đơn,2440000,1100,Thành công,CN Hoàn Kiếm,13499664
GD202611001399,2026-11-09 11:06:46,KH000015,Mobile Banking,Thanh toán hóa đơn,4731000,0,Thành công,CN Bình Dương,26202151
GD202611005528,2026-11-09 11:18:40,KH000058,Quầy giao dịch,Nhận lương,43870401,0,Thành công,CN Quận 1,335735031
GD202611016388,2026-11-09 11:19:07,KH000176,Quầy giao dịch,Nhận lương,11833837,0,Thành công,CN Thanh Xuân,76844034
GD202611011132,2026-11-09 11:24:32,KH000117,QR Code,Nộp tiền mặt,509000,0,Thành công,CN Đà Nẵng,124031382
GD202611015626,2026-11-09 11:41:04,KH000169,Mobile Banking,Chuyển khoản đến,8988000,0,Thành công,CN Cần Thơ,36908553
GD202611001022,2026-11-09 13:56:11,KH000013,Internet Banking,Thanh toán hóa đơn,134000,0,Thành công,CN Hoàn Kiếm,2427438
GD202611018349,2026-11-09 14:08:26,KH000194,Internet Banking,Thanh toán thẻ,4811000,0,Thành công,CN Bình Dương,11615449
GD202611007122,2026-11-09 14:09:01,KH000074,QR Code,Thanh toán hóa đơn,1407000,0,Thành công,CN Cầu Giấy,36783249
GD202611013472,2026-11-09 14:09:05,KH000139,POS,Thanh toán thẻ,197000,5500,Thành công,CN Quận 1,308507
GD202611003486,2026-11-09 14:17:35,KH000032,POS,Nạp tiền điện thoại,165000,0,Thành công,CN Cần Thơ,124074234
GD202611004605,2026-11-09 14:33:38,KH000048,Internet Banking,Nạp tiền điện thoại,154000,0,Thành công,CN Hải Phòng,724115
GD202611005241,2026-11-09 14:50:12,KH000055,POS,Thanh toán thẻ,283000,3300,Thành công,CN Quận 1,6042287
GD202611000731,2026-11-09 15:11:16,KH000010,Internet Banking,Chuyển khoản đi,1327000,0,Thành công,CN Cầu Giấy,17908876
GD202611000938,2026-11-09 15:18:50,KH000012,Quầy giao dịch,Nhận lương,10937782,0,Thành công,CN Cầu Giấy,125923468
GD202611016182,2026-11-09 15:47:21,KH000175,POS,Thanh toán thẻ,11937000,3300,Thành công,CN Thanh Xuân,27904962
GD202611014003,2026-11-09 15:50:48,KH000147,ATM,Thanh toán hóa đơn,1056000,3300,Thành công,CN Bình Dương,136370233
GD202611010214,2026-11-09 16:15:22,KH000105,Quầy giao dịch,Nhận lương,56685816,0,Thành công,CN Đà Nẵng,555907148
GD202611014682,2026-11-09 16:57:10,KH000154,POS,Thanh toán thẻ,639000,5500,Thành công,CN Cần Thơ,4510894
GD202611014004,2026-11-09 17:04:19,KH000147,ATM,Chuyển khoản đến,1440000,1100,Thành công,CN Cầu Giấy,137810233
GD202611010623,2026-11-09 17:17:02,KH000111,Quầy giao dịch,Nhận lương,44662166,0,Thành công,CN Bình Dương,103703157
GD202611006079,2026-11-09 17:48:40,KH000062,Quầy giao dịch,Chuyển khoản đến,3564000,0,Thành công,CN Cầu Giấy,14950324
GD202611008716,2026-11-09 17:49:29,KH000089,Quầy giao dịch,Nhận lương,19117709,0,Thành công,CN TP Hồ Chí Minh,258722126
GD202611017579,2026-11-09 17:52:49,KH000185,Quầy giao dịch,Nhận lương,22842085,0,Thành công,CN Đà Nẵng,92155762
GD202611008064,2026-11-09 18:08:28,KH000082,QR Code,Thanh toán thẻ,3089000,0,Thành công,CN Thanh Xuân,8293049
GD202611012343,2026-11-09 18:14:15,KH000128,POS,Thanh toán thẻ,367000,5500,Thành công,CN Quận 1,87993220
GD202611009616,2026-11-09 18:52:04,KH000097,Internet Banking,Thanh toán thẻ,188000,0,Thành công,CN Hoàn Kiếm,252249
GD202611018677,2026-11-09 18:56:55,KH000197,Quầy giao dịch,Nhận lương,64969737,0,Thành công,CN Cầu Giấy,187652635
GD202611010263,2026-11-09 19:15:41,KH000106,ATM,Chuyển khoản đi,1199000,0,Thành công,CN Bình Dương,45972732
GD202611006755,2026-11-09 19:25:26,KH000070,QR Code,Chuyển khoản đến,1649000,0,Thành công,CN Đà Nẵng,94119916
GD202611009615,2026-11-09 19:39:36,KH000097,Mobile Banking,Rút tiền mặt,77000,0,Thành công,CN Bình Dương,158249
GD202611018348,2026-11-09 19:47:42,KH000194,Quầy giao dịch,Nhận lương,9446129,0,Thành công,CN Quận 1,16426449
GD202611003835,2026-11-09 19:51:43,KH000037,ATM,Chuyển khoản đi,5372000,3300,Thành công,CN Đà Nẵng,13095358
GD202611013792,2026-11-09 19:54:29,KH000144,Quầy giao dịch,Nhận lương,11341726,0,Thành công,CN Hoàn Kiếm,15964527
GD202611014731,2026-11-09 19:57:02,KH000155,QR Code,Rút tiền mặt,53975000,0,Thành công,CN Bình Dương,123362770
GD202611014921,2026-11-09 20:01:56,KH000158,Mobile Banking,Thanh toán thẻ,5112000,0,Thành công,CN Quận 1,50768138
GD202611004255,2026-11-09 20:21:07,KH000042,POS,Thanh toán thẻ,3340000,3300,Thành công,CN Cầu Giấy,38193374
GD202611000730,2026-11-09 20:24:30,KH000010,Mobile Banking,Nộp tiền mặt,4868000,0,Thành công,CN Hải Phòng,19235876
GD202611001606,2026-11-09 20:54:48,KH000016,POS,Chuyển khoản đến,132000,0,Thành công,CN Hải Phòng,539407
GD202611010395,2026-11-09 21:17:59,KH000108,QR Code,Nạp tiền điện thoại,399000,0,Thành công,CN Quận 1,123198936
GD202611006003,2026-11-09 21:42:13,KH000061,Internet Banking,Nộp tiền mặt,1725000,0,Thành công,CN Cầu Giấy,11515671
GD202611015378,2026-11-09 21:43:26,KH000164,Mobile Banking,Thanh toán thẻ,148000,0,Thành công,CN Hoàn Kiếm,34784847
GD202611014834,2026-11-09 21:52:32,KH000157,ATM,Chuyển khoản đến,1096000,1100,Thành công,CN Cần Thơ,10124617
GD202611007795,2026-11-09 22:20:58,KH000079,POS,Thanh toán thẻ,730000,5500,Thành công,CN Quận 1,1675024
GD202611009206,2026-11-09 22:31:03,KH000094,Quầy giao dịch,Nhận lương,8422978,0,Thành công,CN Cầu Giấy,86077596
GD202611016514,2026-11-09 22:39:00,KH000177,Quầy giao dịch,Nhận lương,37856773,0,Thành công,CN Hoàn Kiếm,55593433
GD202611010971,2026-11-09 22:45:41,KH000115,QR Code,Nộp tiền mặt,7358000,0,Thành công,CN Bình Dương,39609996
GD202611001023,2026-11-10 06:47:58,KH000013,POS,Thanh toán thẻ,777000,3300,Thành công,CN Cần Thơ,1647138
GD202611010431,2026-11-10 07:08:10,KH000109,POS,Thanh toán thẻ,448000,3300,Thành công,CN Bình Dương,2319729
GD202611000732,2026-11-10 07:09:54,KH000010,Mobile Banking,Thanh toán thẻ,138000,0,Thành công,CN Quận 1,17770876
GD202611015228,2026-11-10 07:13:44,KH000162,Internet Banking,Nạp tiền điện thoại,180000,0,Thành công,CN Đà Nẵng,104103
GD202611001673,2026-11-10 07:48:51,KH000017,Mobile Banking,Chuyển khoản đi,10423000,0,Thành công,CN Đà Nẵng,31941866
GD202611012211,2026-11-10 08:02:50,KH000127,Mobile Banking,Chuyển khoản đến,4154000,0,Thành công,CN Đà Nẵng,19904245
GD202611018214,2026-11-10 08:07:42,KH000191,Quầy giao dịch,Nhận lương,14664831,0,Thành công,CN Cầu Giấy,15069739
GD202611013019,2026-11-10 08:10:38,KH000132,Internet Banking,Thanh toán thẻ,7156000,0,Thành công,CN Quận 1,16375443
GD202611018304,2026-11-10 08:23:20,KH000193,Quầy giao dịch,Nhận lương,28327665,0,Thành công,CN Cầu Giấy,369630772
GD202611006694,2026-11-10 08:35:45,KH000068,ATM,Chuyển khoản đi,23170000,1100,Thành công,CN Quận 1,50856789
GD202611016719,2026-11-10 08:51:59,KH000180,Mobile Banking,Rút tiền mặt,2141000,0,Thành công,CN Đà Nẵng,81824863
GD202611018216,2026-11-10 08:56:09,KH000191,POS,Thanh toán thẻ,121000,0,Thành công,CN Quận 1,10383739
GD202611001756,2026-11-10 08:58:26,KH000018,Quầy giao dịch,Nhận lương,8748356,0,Thành công,CN Cầu Giấy,89984795
GD202611002388,2026-11-10 09:07:13,KH000022,ATM,Chuyển khoản đi,50000,1100,Thành công,CN TP Hồ Chí Minh,44202649
GD202611016017,2026-11-10 09:27:34,KH000172,QR Code,Thanh toán hóa đơn,1400000,0,Thành công,CN Hoàn Kiếm,5943091
GD202611006602,2026-11-10 09:52:43,KH000066,Quầy giao dịch,Nhận lương,11019618,0,Thành công,CN Bình Dương,157335847
GD202611014683,2026-11-10 09:52:58,KH000154,QR Code,Nộp tiền mặt,839000,0,Thành công,CN TP Hồ Chí Minh,5349894
GD202611004606,2026-11-10 10:10:19,KH000048,Mobile Banking,Nộp tiền mặt,200000,0,Thành công,CN Hoàn Kiếm,924115
GD202611014573,2026-11-10 10:20:49,KH000153,Internet Banking,Thanh toán hóa đơn,55000,0,Thành công,CN Hải Phòng,195641
GD202611005682,2026-11-10 10:28:08,KH000059,Quầy giao dịch,Nhận lương,80275434,0,Thành công,CN Cần Thơ,95013678
GD202611004256,2026-11-10 10:41:27,KH000042,Quầy giao dịch,Nhận lương,11088629,0,Thành công,CN Hải Phòng,49282003
GD202611018215,2026-11-10 10:49:00,KH000191,QR Code,Thanh toán thẻ,4565000,0,Thành công,CN Quận 1,10504739
GD202611000857,2026-11-10 10:54:32,KH000011,QR Code,Thanh toán thẻ,167000,0,Thành công,CN Bình Dương,123799592
GD202611007797,2026-11-10 10:57:00,KH000079,Mobile Banking,Rút tiền mặt,139000,0,Thành công,CN Hoàn Kiếm,32779704
GD202611018350,2026-11-10 11:00:10,KH000194,QR Code,Rút tiền mặt,2805000,0,Thành công,CN Bình Dương,8810449
GD202611002031,2026-11-10 11:07:46,KH000019,POS,Thanh toán thẻ,2150000,1100,Thành công,CN Thanh Xuân,4235751
GD202611014760,2026-11-10 11:09:24,KH000156,Mobile Banking,Thanh toán hóa đơn,2693000,0,Thành công,CN TP Hồ Chí Minh,10444952
GD202611003487,2026-11-10 11:27:07,KH000032,QR Code,Rút tiền mặt,65000,0,Thành công,CN Đà Nẵng,124009234
GD202611001757,2026-11-10 11:27:12,KH000018,POS,Thanh toán thẻ,720000,1100,Thành công,CN Quận 1,89263695
GD202611016389,2026-11-10 12:00:36,KH000176,Internet Banking,Chuyển khoản đến,834000,0,Thành công,CN Bình Dương,77678034
GD202611005242,2026-11-10 12:01:07,KH000055,POS,Nộp tiền mặt,76000,0,Thành công,CN Cầu Giấy,6118287
GD202611016718,2026-11-10 12:36:57,KH000180,QR Code,Nộp tiền mặt,1798000,0,Thành công,CN Bình Dương,83965863
GD202611005683,2026-11-10 12:43:18,KH000059,POS,Thanh toán thẻ,6260000,0,Thành công,CN Hải Phòng,88753678
GD202611000488,2026-11-10 12:48:57,KH000008,Mobile Banking,Thanh toán thẻ,5248000,0,Thành công,CN TP Hồ Chí Minh,49532890
GD202611012209,2026-11-10 13:02:48,KH000127,Quầy giao dịch,Nhận lương,15353982,0,Thành công,CN Bình Dương,21059245
GD202611017635,2026-11-10 13:08:21,KH000186,Internet Banking,Chuyển khoản đến,124000,0,Thành công,CN Bình Dương,15023254
GD202611008518,2026-11-10 13:09:43,KH000086,Internet Banking,Chuyển khoản đi,12801000,0,Thành công,CN Bình Dương,26016692
GD202611011917,2026-11-10 13:24:33,KH000125,Mobile Banking,Chuyển khoản đi,54000,0,Thành công,CN Thanh Xuân,392836
GD202611017505,2026-11-10 13:29:17,KH000184,Mobile Banking,Rút tiền mặt,3982000,0,Thành công,CN Hoàn Kiếm,37226348
GD202611003238,2026-11-10 13:36:07,KH000029,Quầy giao dịch,Thanh toán hóa đơn,3153000,5500,Thành công,CN Cầu Giấy,11966294
GD202611013918,2026-11-10 13:41:56,KH000145,QR Code,Nạp tiền điện thoại,221000,0,Thành công,CN Quận 1,123080121
GD202611008392,2026-11-10 13:48:05,KH000084,Quầy giao dịch,Nhận lương,8746811,0,Thành công,CN Quận 1,13419451
GD202611016390,2026-11-10 14:09:21,KH000176,Internet Banking,Chuyển khoản đến,660000,0,Thành công,CN Bình Dương,78338034
GD202611014574,2026-11-10 14:36:30,KH000153,Internet Banking,Thanh toán thẻ,152000,0,Thành công,CN Hoàn Kiếm,271641
GD202611003732,2026-11-10 14:39:58,KH000034,Mobile Banking,Chuyển khoản đến,1642000,0,Thành công,CN Đà Nẵng,56397764
GD202611017580,2026-11-10 14:47:27,KH000185,Mobile Banking,Nạp tiền điện thoại,6741000,0,Thành công,CN TP Hồ Chí Minh,85414762
GD202611007123,2026-11-10 15:14:19,KH000074,Mobile Banking,Nộp tiền mặt,302000,0,Thành công,CN Cầu Giấy,37085249
GD202611001279,2026-11-10 15:40:23,KH000014,Quầy giao dịch,Nhận lương,63641529,0,Thành công,CN Bình Dương,83260773
GD202611001758,2026-11-10 15:41:36,KH000018,Mobile Banking,Rút tiền mặt,753000,0,Thành công,CN Cầu Giấy,88510695
GD202611005356,2026-11-10 16:11:43,KH000056,QR Code,Thanh toán thẻ,880000,0,Thành công,CN Cần Thơ,114645637
GD202611012210,2026-11-10 16:13:38,KH000127,Mobile Banking,Thanh toán thẻ,5309000,0,Thành công,CN Đà Nẵng,15750245
GD202611017957,2026-11-10 16:28:25,KH000189,Quầy giao dịch,Nhận lương,103192375,0,Thành công,CN Bình Dương,167269885
GD202611011616,2026-11-10 16:47:54,KH000122,POS,Rút tiền mặt,8410000,0,Thành công,CN Thanh Xuân,47488039
GD202611008941,2026-11-10 16:48:36,KH000092,QR Code,Rút tiền mặt,951000,0,Thành công,CN Cần Thơ,8643842
GD202611002030,2026-11-10 16:53:32,KH000019,POS,Thanh toán thẻ,1629000,3300,Thành công,CN Hoàn Kiếm,6386851
GD202611017427,2026-11-10 17:18:00,KH000183,QR Code,Nạp tiền điện thoại,20936000,0,Thành công,CN Hải Phòng,65060590
GD202611016557,2026-11-10 17:20:35,KH000178,POS,Thanh toán thẻ,6447000,1100,Thành công,CN Thanh Xuân,28226170
GD202611005207,2026-11-10 17:23:25,KH000054,POS,Rút tiền mặt,1340000,1100,Thất bại,CN Quận 1,16432196
GD202611012522,2026-11-10 17:23:49,KH000130,Internet Banking,Thanh toán hóa đơn,4418000,0,Thành công,CN Quận 1,41562905
GD202611012521,2026-11-10 17:40:58,KH000130,Mobile Banking,Chuyển khoản đi,158000,0,Thành công,CN Cầu Giấy,45980905
GD202611014684,2026-11-10 17:51:25,KH000154,POS,Chuyển khoản đi,1243000,5500,Thành công,CN Đà Nẵng,4101394
GD202611013129,2026-11-10 17:59:41,KH000135,Mobile Banking,Nộp tiền mặt,7481000,0,Thành công,CN Hải Phòng,61516576
GD202611013498,2026-11-10 18:02:19,KH000140,POS,Thanh toán hóa đơn,949000,5500,Thành công,CN TP Hồ Chí Minh,26034336
GD202611009437,2026-11-10 18:30:32,KH000096,POS,Thanh toán thẻ,13627000,3300,Thành công,CN Bình Dương,25821469
GD202611011019,2026-11-10 18:37:43,KH000116,POS,Thanh toán thẻ,1290000,3300,Thành công,CN Cầu Giấy,11266985
GD202611002498,2026-11-10 18:41:24,KH000023,Internet Banking,Nộp tiền mặt,1289000,0,Thành công,CN Hoàn Kiếm,18722180
GD202611010161,2026-11-10 18:42:03,KH000104,ATM,Nộp tiền mặt,1786000,1100,Thành công,CN Cầu Giấy,13134719
GD202611004720,2026-11-10 18:43:20,KH000050,Quầy giao dịch,Nhận lương,10424269,0,Thành công,CN Cần Thơ,27306682
GD202611018351,2026-11-10 18:58:29,KH000194,QR Code,Thanh toán hóa đơn,569000,0,Thành công,CN Cầu Giấy,8241449
GD202611018305,2026-11-10 19:15:38,KH000193,POS,Nộp tiền mặt,983000,3300,Thành công,CN Cần Thơ,370613772
GD202611014956,2026-11-10 19:23:00,KH000159,Internet Banking,Rút tiền mặt,14879000,0,Thành công,CN Cần Thơ,54557927
GD202611005054,2026-11-10 19:26:17,KH000052,QR Code,Nộp tiền mặt,52000,0,Thành công,CN Cầu Giấy,287106
GD202611015710,2026-11-10 19:29:04,KH000170,Internet Banking,Rút tiền mặt,154000,0,Thành công,CN Bình Dương,790653
GD202611006756,2026-11-10 20:04:15,KH000070,Quầy giao dịch,Nộp tiền mặt,790000,3300,Thành công,CN Bình Dương,94909916
GD202611018773,2026-11-10 20:21:55,KH000199,Quầy giao dịch,Nhận lương,47111576,0,Thành công,CN Đà Nẵng,202267547
GD202611002559,2026-11-10 20:23:25,KH000024,Quầy giao dịch,Chuyển khoản đến,1139000,0,Thành công,CN Thanh Xuân,135460459
GD202611002560,2026-11-10 20:29:53,KH000024,POS,Nạp tiền điện thoại,333000,3300,Thành công,CN Đà Nẵng,135124159
GD202611006250,2026-11-10 20:37:34,KH000063,QR Code,Nộp tiền mặt,660000,0,Thành công,CN Cần Thơ,100217400
GD202611011615,2026-11-10 20:59:24,KH000122,Internet Banking,Chuyển khoản đi,10892000,0,Thành công,CN Hải Phòng,55898039
GD202611009207,2026-11-10 21:31:21,KH000094,Mobile Banking,Chuyển khoản đến,1476000,0,Thành công,CN Bình Dương,87553596
GD202611006695,2026-11-10 21:42:35,KH000068,QR Code,Rút tiền mặt,16799000,0,Thành công,CN Hải Phòng,34057789
GD202611007796,2026-11-10 22:00:05,KH000079,Quầy giao dịch,Nhận lương,31243680,0,Thành công,CN Bình Dương,32918704
GD202611006005,2026-11-10 22:13:15,KH000061,QR Code,Thanh toán thẻ,577000,0,Thành công,CN Hoàn Kiếm,10159671
GD202611008519,2026-11-10 22:16:08,KH000086,Mobile Banking,Thanh toán thẻ,781000,0,Thành công,CN Hoàn Kiếm,25235692
GD202611011916,2026-11-10 22:20:19,KH000125,Mobile Banking,Nộp tiền mặt,192000,0,Thành công,CN Đà Nẵng,446836
GD202611018678,2026-11-10 22:37:37,KH000197,QR Code,Chuyển khoản đi,59775000,0,Thành công,CN TP Hồ Chí Minh,127877635
GD202611003786,2026-11-10 22:46:52,KH000035,ATM,Chuyển khoản đến,56000,3300,Thành công,CN Đà Nẵng,1627655
GD202611016843,2026-11-10 22:48:07,KH000181,Mobile Banking,Rút tiền mặt,112000,0,Thành công,CN TP Hồ Chí Minh,181820
GD202611001400,2026-11-10 22:49:15,KH000015,QR Code,Chuyển khoản đi,4879000,0,Thành công,CN Hoàn Kiếm,21323151
GD202611014957,2026-11-11 06:07:54,KH000159,Internet Banking,Nộp tiền mặt,5285000,0,Thành công,CN Cần Thơ,59842927
GD202611000281,2026-11-11 06:28:09,KH000006,ATM,Chuyển khoản đến,93000,5500,Thành công,CN Hoàn Kiếm,651666
GD202611010215,2026-11-11 07:05:14,KH000105,Quầy giao dịch,Rút tiền mặt,27343000,5500,Thành công,CN Thanh Xuân,528558648
GD202611004622,2026-11-11 07:28:51,KH000049,Mobile Banking,Nạp tiền điện thoại,4331000,0,Thành công,CN Bình Dương,35554676
GD202611010162,2026-11-11 07:55:59,KH000104,Internet Banking,Thanh toán hóa đơn,3970000,0,Thành công,CN TP Hồ Chí Minh,9164719
GD202611015711,2026-11-11 08:02:02,KH000170,Mobile Banking,Nộp tiền mặt,89000,0,Thành công,CN Bình Dương,879653
GD202611017850,2026-11-11 08:08:18,KH000188,POS,Thanh toán thẻ,323000,5500,Thành công,CN Bình Dương,11845734
GD202611011485,2026-11-11 08:13:41,KH000119,Mobile Banking,Nộp tiền mặt,110000,0,Thành công,CN Thanh Xuân,79214759
GD202611002801,2026-11-11 08:15:24,KH000025,QR Code,Thanh toán thẻ,143000,0,Thành công,CN TP Hồ Chí Minh,164431
GD202611014329,2026-11-11 08:28:08,KH000152,QR Code,Rút tiền mặt,3113000,0,Thành công,CN Hải Phòng,81900903
GD202611011918,2026-11-11 08:37:48,KH000125,Mobile Banking,Nạp tiền điện thoại,141000,0,Thành công,CN TP Hồ Chí Minh,251836
GD202611015308,2026-11-11 09:07:28,KH000163,ATM,Chuyển khoản đến,10466000,1100,Thành công,CN Cầu Giấy,82749180
GD202611008066,2026-11-11 09:09:41,KH000082,Mobile Banking,Chuyển khoản đến,1599000,0,Thành công,CN Cầu Giấy,7641049
GD202611018774,2026-11-11 09:13:33,KH000199,POS,Chuyển khoản đến,11391000,0,Thành công,CN Hoàn Kiếm,213658547
GD202611001759,2026-11-11 09:20:55,KH000018,Mobile Banking,Nộp tiền mặt,1251000,0,Thành công,CN Cầu Giấy,89761695
GD202611004621,2026-11-11 09:49:52,KH000049,QR Code,Rút tiền mặt,626000,0,Thành công,CN Hải Phòng,39885676
GD202611016391,2026-11-11 10:04:35,KH000176,QR Code,Chuyển khoản đến,149000,0,Thành công,CN Thanh Xuân,78487034
GD202611008446,2026-11-11 10:07:52,KH000085,POS,Chuyển khoản đi,92000,3300,Thành công,CN TP Hồ Chí Minh,1820589
GD202611011133,2026-11-11 10:11:38,KH000117,Quầy giao dịch,Chuyển khoản đến,147000,5500,Thành công,CN Hoàn Kiếm,124178382
GD202611000489,2026-11-11 10:37:24,KH000008,QR Code,Nạp tiền điện thoại,6701000,0,Thành công,CN Đà Nẵng,42831890
GD202611005471,2026-11-11 10:55:27,KH000057,Mobile Banking,Nộp tiền mặt,12434000,0,Thành công,CN Quận 1,90583641
GD202611001024,2026-11-11 10:59:13,KH000013,POS,Chuyển khoản đến,404000,5500,Thành công,CN Đà Nẵng,2051138
GD202611000736,2026-11-11 10:59:37,KH000010,QR Code,Rút tiền mặt,6374000,0,Thành công,CN Hoàn Kiếm,13081876
GD202611013069,2026-11-11 11:06:20,KH000133,QR Code,Thanh toán thẻ,83000,0,Thành công,CN Cầu Giấy,2973821
GD202611001282,2026-11-11 11:08:25,KH000014,Mobile Banking,Thanh toán thẻ,17059000,0,Thành công,CN Cầu Giấy,48049773
GD202611003488,2026-11-11 11:16:56,KH000032,Mobile Banking,Chuyển khoản đến,94000,0,Thành công,CN TP Hồ Chí Minh,124103234
GD202611003733,2026-11-11 11:32:30,KH000034,Internet Banking,Nộp tiền mặt,590000,0,Thành công,CN Cầu Giấy,56987764
GD202611013473,2026-11-11 11:38:35,KH000139,ATM,Nộp tiền mặt,159000,5500,Thành công,CN Hải Phòng,467507
GD202611018514,2026-11-11 12:02:41,KH000195,Internet Banking,Thanh toán thẻ,141000,0,Thành công,CN Cần Thơ,122417
GD202611000282,2026-11-11 12:16:54,KH000006,Internet Banking,Thanh toán thẻ,73000,0,Thành công,CN Hải Phòng,578666
GD202611000734,2026-11-11 12:17:13,KH000010,QR Code,Chuyển khoản đi,4624000,0,Thành công,CN TP Hồ Chí Minh,16499876
GD202611017581,2026-11-11 12:22:19,KH000185,Quầy giao dịch,Chuyển khoản đến,19189000,1100,Thành công,CN TP Hồ Chí Minh,104603762
GD202611012781,2026-11-11 13:11:57,KH000131,POS,Thanh toán thẻ,169000,1100,Thất bại,CN Thanh Xuân,154580
GD202611013474,2026-11-11 13:33:08,KH000139,Mobile Banking,Thanh toán hóa đơn,139000,0,Thành công,CN Hải Phòng,328507
GD202611000538,2026-11-11 13:49:32,KH000009,ATM,Nộp tiền mặt,4272000,1100,Thành công,CN Bình Dương,53428428
GD202611012344,2026-11-11 14:05:42,KH000128,POS,Thanh toán thẻ,110000,0,Thành công,CN Thanh Xuân,87883220
GD202611001283,2026-11-11 14:19:55,KH000014,Internet Banking,Chuyển khoản đi,816000,0,Thành công,CN Bình Dương,47233773
GD202611000733,2026-11-11 14:23:29,KH000010,POS,Nộp tiền mặt,3353000,3300,Thành công,CN Thanh Xuân,21123876
GD202611007469,2026-11-11 14:36:12,KH000077,Mobile Banking,Chuyển khoản đến,2320000,0,Thành công,CN Hải Phòng,10639029
GD202611001280,2026-11-11 14:44:20,KH000014,Mobile Banking,Thanh toán thẻ,22601000,0,Thành công,CN Cần Thơ,60659773
GD202611005151,2026-11-11 14:48:29,KH000053,Internet Banking,Chuyển khoản đến,12267000,0,Thành công,CN Hải Phòng,76154879
GD202611016720,2026-11-11 15:30:54,KH000180,ATM,Thanh toán hóa đơn,1934000,0,Thành công,CN Thanh Xuân,79890863
GD202611011617,2026-11-11 15:42:59,KH000122,POS,Thanh toán thẻ,13089000,0,Thành công,CN Hải Phòng,34399039
GD202611016515,2026-11-11 15:49:06,KH000177,QR Code,Chuyển khoản đến,18310000,0,Thành công,CN Thanh Xuân,73903433
GD202611017428,2026-11-11 15:55:07,KH000183,QR Code,Rút tiền mặt,10998000,0,Thành công,CN Bình Dương,54062590
GD202611002800,2026-11-11 16:00:51,KH000025,POS,Thanh toán thẻ,181000,3300,Thành công,CN Bình Dương,307431
GD202611006757,2026-11-11 16:04:53,KH000070,Mobile Banking,Thanh toán thẻ,3881000,0,Thành công,CN Quận 1,91028916
GD202611013094,2026-11-11 16:22:20,KH000134,POS,Thanh toán hóa đơn,986000,1100,Thành công,CN Thanh Xuân,2952462
GD202611012212,2026-11-11 16:22:45,KH000127,Internet Banking,Thanh toán thẻ,2865000,0,Thất bại,CN Hải Phòng,19904245
GD202611001674,2026-11-11 17:25:06,KH000017,ATM,Chuyển khoản đi,4647000,5500,Thành công,CN Thanh Xuân,27289366
GD202611008065,2026-11-11 17:28:16,KH000082,QR Code,Thanh toán thẻ,2251000,0,Thành công,CN Bình Dương,6042049
GD202611009965,2026-11-11 17:33:31,KH000103,POS,Thanh toán thẻ,422000,1100,Thành công,CN Cầu Giấy,926019
GD202611003791,2026-11-11 17:57:59,KH000036,POS,Thanh toán thẻ,916000,1100,Thành công,CN Đà Nẵng,27757686
GD202611014835,2026-11-11 18:15:35,KH000157,Internet Banking,Nạp tiền điện thoại,778000,0,Thành công,CN TP Hồ Chí Minh,9346617
GD202611011020,2026-11-11 18:20:49,KH000116,QR Code,Nộp tiền mặt,1631000,0,Thành công,CN Đà Nẵng,12897985
GD202611015021,2026-11-11 18:26:50,KH000160,Quầy giao dịch,Chuyển khoản đến,857000,3300,Thành công,CN Hải Phòng,129617196
GD202611013919,2026-11-11 18:47:23,KH000145,Mobile Banking,Nộp tiền mặt,402000,0,Thành công,CN Thanh Xuân,123482121
GD202611000223,2026-11-11 18:48:39,KH000005,Quầy giao dịch,Chuyển khoản đến,184000,0,Thành công,CN Hải Phòng,630130
GD202611003239,2026-11-11 19:24:56,KH000029,ATM,Chuyển khoản đến,642000,3300,Thành công,CN Đà Nẵng,12608294
GD202611014181,2026-11-11 19:30:06,KH000150,Internet Banking,Thanh toán thẻ,16650000,0,Thành công,CN Hải Phòng,34722037
GD202611008393,2026-11-11 19:34:56,KH000084,ATM,Thanh toán hóa đơn,1197000,5500,Thành công,CN Đà Nẵng,12216951
GD202611013544,2026-11-11 20:09:11,KH000141,ATM,Chuyển khoản đến,1294000,0,Thành công,CN Thanh Xuân,14793664
GD202611014836,2026-11-11 20:13:15,KH000157,ATM,Nạp tiền điện thoại,2667000,5500,Thành công,CN Bình Dương,6674117
GD202611001281,2026-11-11 20:37:33,KH000014,Mobile Banking,Nộp tiền mặt,4449000,0,Thành công,CN Cầu Giấy,65108773
GD202611013793,2026-11-11 21:09:25,KH000144,POS,Thanh toán thẻ,2656000,3300,Thành công,CN Quận 1,13305227
GD202611006007,2026-11-11 21:24:17,KH000061,QR Code,Chuyển khoản đến,916000,0,Thành công,CN Cầu Giấy,11075671
GD202611006006,2026-11-11 22:33:57,KH000061,Internet Banking,Chuyển khoản đi,532000,0,Thất bại,CN Cần Thơ,10159671
GD202611000735,2026-11-11 22:49:44,KH000010,ATM,Chuyển khoản đến,2956000,5500,Thành công,CN Bình Dương,19455876
GD202611017506,2026-11-11 22:59:07,KH000184,POS,Chuyển khoản đi,927000,0,Thành công,CN Hải Phòng,36299348
GD202611015629,2026-11-12 06:07:36,KH000169,Mobile Banking,Nộp tiền mặt,5695000,0,Thành công,CN Bình Dương,55817553
GD202611008974,2026-11-12 06:11:20,KH000093,Mobile Banking,Thanh toán thẻ,7920000,0,Thành công,CN Hải Phòng,23923804
GD202611002804,2026-11-12 06:12:10,KH000025,ATM,Chuyển khoản đến,184000,5500,Thành công,CN Hoàn Kiếm,500431
GD202611004097,2026-11-12 06:46:36,KH000040,Internet Banking,Thanh toán hóa đơn,7233000,0,Thành công,CN Quận 1,27046684
GD202611012523,2026-11-12 06:47:35,KH000130,QR Code,Thanh toán thẻ,1908000,0,Thành công,CN Hải Phòng,39654905
GD202611006603,2026-11-12 06:53:17,KH000066,POS,Chuyển khoản đi,3817000,5500,Thành công,CN Cầu Giấy,153513347
GD202611017107,2026-11-12 06:57:28,KH000182,QR Code,Thanh toán thẻ,9936000,0,Thành công,CN Quận 1,25126919
GD202611014685,2026-11-12 07:21:12,KH000154,Internet Banking,Chuyển khoản đến,817000,0,Thành công,CN Cần Thơ,4918394
GD202611004483,2026-11-12 07:55:33,KH000045,Internet Banking,Chuyển khoản đến,310000,0,Thành công,CN Cầu Giấy,70011291
GD202611009617,2026-11-12 08:14:42,KH000097,Internet Banking,Chuyển khoản đi,95000,0,Thành công,CN Đà Nẵng,157249
GD202611006696,2026-11-12 08:49:23,KH000068,ATM,Nạp tiền điện thoại,9909000,3300,Thành công,CN Hải Phòng,24145489
GD202611004484,2026-11-12 09:33:05,KH000045,QR Code,Thanh toán thẻ,1553000,0,Thành công,CN Quận 1,68458291
GD202611003240,2026-11-12 09:33:24,KH000029,Internet Banking,Nộp tiền mặt,4224000,0,Thành công,CN Cầu Giấy,16832294
GD202611003358,2026-11-12 09:42:41,KH000031,POS,Rút tiền mặt,193000,1100,Thành công,CN Hải Phòng,198803
GD202611002389,2026-11-12 09:55:46,KH000022,Internet Banking,Chuyển khoản đến,4750000,0,Thành công,CN Quận 1,48952649
GD202611013475,2026-11-12 10:09:29,KH000139,Mobile Banking,Thanh toán thẻ,97000,0,Thành công,CN Cầu Giấy,231507
GD202611014331,2026-11-12 10:17:58,KH000152,POS,Thanh toán thẻ,2508000,3300,Thành công,CN Cần Thơ,79050603
GD202611007798,2026-11-12 10:19:53,KH000079,Internet Banking,Thanh toán thẻ,7389000,0,Thành công,CN Hải Phòng,25390704
GD202611018217,2026-11-12 10:25:54,KH000191,ATM,Rút tiền mặt,1099000,3300,Thành công,CN Quận 1,9281439
GD202611014254,2026-11-12 10:26:01,KH000151,POS,Nộp tiền mặt,177000,3300,Thành công,CN Thanh Xuân,450716
GD202611001607,2026-11-12 10:33:07,KH000016,Internet Banking,Chuyển khoản đến,153000,0,Thất bại,CN Đà Nẵng,539407
GD202611017798,2026-11-12 10:39:56,KH000187,QR Code,Nạp tiền điện thoại,1698000,0,Thành công,CN Hoàn Kiếm,17683496
GD202611012213,2026-11-12 10:56:12,KH000127,Quầy giao dịch,Nộp tiền mặt,111000,0,Thành công,CN Đà Nẵng,20015245
GD202611007124,2026-11-12 11:13:43,KH000074,Mobile Banking,Thanh toán thẻ,1462000,0,Thành công,CN Hải Phòng,35623249
GD202611013130,2026-11-12 11:22:40,KH000135,Mobile Banking,Nạp tiền điện thoại,347000,0,Thành công,CN Hoàn Kiếm,61169576
GD202611006080,2026-11-12 11:29:25,KH000062,QR Code,Chuyển khoản đi,384000,0,Thành công,CN Bình Dương,14566324
GD202611013546,2026-11-12 11:43:59,KH000141,Mobile Banking,Chuyển khoản đi,2937000,0,Thành công,CN Quận 1,6970664
GD202611007471,2026-11-12 12:02:37,KH000077,POS,Thanh toán thẻ,1562000,5500,Thành công,CN Thanh Xuân,9383529
GD202611000094,2026-11-12 12:10:24,KH000003,POS,Thanh toán thẻ,13118000,0,Thành công,CN Hải Phòng,456982678
GD202611005243,2026-11-12 12:23:03,KH000055,Internet Banking,Nạp tiền điện thoại,56000,0,Thành công,CN Đà Nẵng,6062287
GD202611014006,2026-11-12 12:27:10,KH000147,Mobile Banking,Thanh toán thẻ,3127000,0,Thành công,CN Thanh Xuân,133948233
GD202611006008,2026-11-12 12:35:28,KH000061,QR Code,Thanh toán thẻ,1449000,0,Thành công,CN Cầu Giấy,9626671
GD202611001025,2026-11-12 12:53:32,KH000013,Mobile Banking,Chuyển khoản đến,354000,0,Thành công,CN Quận 1,2405138
GD202611010972,2026-11-12 12:54:50,KH000115,Quầy giao dịch,Chuyển khoản đi,8022000,1100,Thành công,CN Cần Thơ,31586896
GD202611008520,2026-11-12 13:07:43,KH000086,POS,Thanh toán thẻ,7804000,5500,Thành công,CN Bình Dương,17426192
GD202611006009,2026-11-12 13:16:01,KH000061,POS,Thanh toán thẻ,558000,1100,Thành công,CN Quận 1,9067571
GD202611007472,2026-11-12 13:27:05,KH000077,POS,Thanh toán thẻ,952000,0,Thành công,CN TP Hồ Chí Minh,8431529
GD202611002260,2026-11-12 13:29:00,KH000020,QR Code,Nộp tiền mặt,17514000,0,Thành công,CN Hoàn Kiếm,93430249
GD202611014330,2026-11-12 14:09:02,KH000152,QR Code,Nạp tiền điện thoại,339000,0,Thành công,CN Hải Phòng,81561903
GD202611010762,2026-11-12 14:09:41,KH000113,Internet Banking,Rút tiền mặt,1177000,0,Thành công,CN Đà Nẵng,10951819
GD202611013131,2026-11-12 14:24:48,KH000135,Mobile Banking,Rút tiền mặt,8472000,0,Thành công,CN Đà Nẵng,52697576
GD202611011021,2026-11-12 14:28:20,KH000116,Mobile Banking,Nộp tiền mặt,260000,0,Thành công,CN TP Hồ Chí Minh,13157985
GD202611008942,2026-11-12 14:45:52,KH000092,QR Code,Thanh toán thẻ,2319000,0,Thành công,CN Thanh Xuân,6324842
GD202611009209,2026-11-12 15:03:31,KH000094,Mobile Banking,Nạp tiền điện thoại,948000,0,Thành công,CN Hoàn Kiếm,84699596
GD202611015380,2026-11-12 15:52:11,KH000164,Internet Banking,Nộp tiền mặt,131000,0,Thành công,CN Cầu Giấy,34845847
GD202611005208,2026-11-12 16:01:49,KH000054,QR Code,Nộp tiền mặt,3407000,0,Thành công,CN Cầu Giấy,19839196
GD202611014005,2026-11-12 16:02:33,KH000147,POS,Chuyển khoản đi,735000,0,Thành công,CN Đà Nẵng,137075233
GD202611014761,2026-11-12 16:09:12,KH000156,ATM,Chuyển khoản đến,2868000,0,Thành công,CN Thanh Xuân,13312952
GD202611007470,2026-11-12 16:23:32,KH000077,Quầy giao dịch,Nộp tiền mặt,312000,5500,Thành công,CN Bình Dương,10951029
GD202611001402,2026-11-12 16:28:31,KH000015,Internet Banking,Thanh toán thẻ,2122000,0,Thành công,CN Quận 1,16244151
GD202611009685,2026-11-12 16:29:55,KH000098,Mobile Banking,Thanh toán thẻ,93000,0,Thất bại,CN TP Hồ Chí Minh,23136912
GD202611000737,2026-11-12 16:32:57,KH000010,Mobile Banking,Nạp tiền điện thoại,128000,0,Thành công,CN Hoàn Kiếm,12953876
GD202611012782,2026-11-12 16:45:29,KH000131,Internet Banking,Chuyển khoản đến,141000,0,Thành công,CN Hoàn Kiếm,295580
GD202611002803,2026-11-12 17:01:45,KH000025,QR Code,Thanh toán thẻ,194000,0,Thành công,CN Bình Dương,316431
GD202611011919,2026-11-12 17:02:51,KH000125,Mobile Banking,Nạp tiền điện thoại,108000,0,Thành công,CN Thanh Xuân,143836
GD202611001401,2026-11-12 17:06:29,KH000015,Mobile Banking,Thanh toán thẻ,2957000,0,Thành công,CN Đà Nẵng,18366151
GD202611015712,2026-11-12 17:20:25,KH000170,POS,Thanh toán thẻ,137000,5500,Thành công,CN Bình Dương,737153
GD202611008394,2026-11-12 17:41:02,KH000084,POS,Thanh toán thẻ,2654000,5500,Thành công,CN Đà Nẵng,9557451
GD202611009208,2026-11-12 17:49:06,KH000094,Internet Banking,Thanh toán thẻ,1906000,0,Thành công,CN Quận 1,85647596
GD202611009684,2026-11-12 17:59:17,KH000098,Mobile Banking,Thanh toán hóa đơn,268000,0,Thành công,CN Cầu Giấy,23136912
GD202611005472,2026-11-12 18:20:03,KH000057,Internet Banking,Thanh toán hóa đơn,30983000,0,Thành công,CN Thanh Xuân,59600641
GD202611005055,2026-11-12 18:25:03,KH000052,Internet Banking,Nộp tiền mặt,170000,0,Thành công,CN Đà Nẵng,457106
GD202611017958,2026-11-12 18:26:16,KH000189,QR Code,Nộp tiền mặt,8019000,0,Thành công,CN TP Hồ Chí Minh,175288885
GD202611007473,2026-11-12 18:38:18,KH000077,POS,Thanh toán thẻ,2521000,0,Thành công,CN Hải Phòng,5910529
GD202611013545,2026-11-12 18:49:45,KH000141,QR Code,Chuyển khoản đi,4886000,0,Thành công,CN Thanh Xuân,9907664
GD202611018816,2026-11-12 19:10:16,KH000200,QR Code,Chuyển khoản đến,54000,0,Thành công,CN Cầu Giấy,402377
GD202611003792,2026-11-12 19:23:13,KH000036,POS,Thanh toán thẻ,562000,5500,Thành công,CN TP Hồ Chí Minh,27190186
GD202611014332,2026-11-12 19:34:46,KH000152,Mobile Banking,Nạp tiền điện thoại,2523000,0,Thành công,CN Thanh Xuân,76527603
GD202611015627,2026-11-12 19:42:02,KH000169,QR Code,Nộp tiền mặt,2139000,0,Thành công,CN Quận 1,39047553
GD202611010163,2026-11-12 19:53:42,KH000104,Mobile Banking,Thanh toán thẻ,2132000,0,Thành công,CN Đà Nẵng,7032719
GD202611003241,2026-11-12 19:54:50,KH000029,QR Code,Thanh toán thẻ,2427000,0,Thành công,CN Bình Dương,14405294
GD202611013794,2026-11-12 20:55:23,KH000144,Mobile Banking,Chuyển khoản đến,1555000,0,Thành công,CN Quận 1,14860227
GD202611003793,2026-11-12 21:02:02,KH000036,POS,Thanh toán thẻ,2159000,5500,Thành công,CN Hải Phòng,25025686
GD202611002802,2026-11-12 21:19:29,KH000025,QR Code,Nộp tiền mặt,55000,0,Thành công,CN TP Hồ Chí Minh,219431
GD202611017959,2026-11-12 22:07:52,KH000189,Internet Banking,Thanh toán thẻ,43611000,0,Thành công,CN Bình Dương,131677885
GD202611003153,2026-11-12 22:09:28,KH000028,Mobile Banking,Nộp tiền mặt,2354000,0,Thành công,CN Hoàn Kiếm,65172215
GD202611002499,2026-11-12 22:21:32,KH000023,ATM,Nộp tiền mặt,1839000,3300,Thành công,CN Hoàn Kiếm,20561180
GD202611017106,2026-11-12 22:28:26,KH000182,Internet Banking,Chuyển khoản đi,6857000,0,Thành công,CN Cần Thơ,35062919
GD202611015628,2026-11-12 22:52:05,KH000169,ATM,Nộp tiền mặt,11075000,5500,Thành công,CN Thanh Xuân,50122553
GD202611011597,2026-11-13 06:31:17,KH000121,Mobile Banking,Nộp tiền mặt,157000,0,Thành công,CN Hải Phòng,2320449
GD202611015440,2026-11-13 06:42:36,KH000165,ATM,Nạp tiền điện thoại,3513000,1100,Thành công,CN Hải Phòng,26079131
GD202611002805,2026-11-13 07:11:44,KH000025,POS,Thanh toán thẻ,176000,3300,Thành công,CN Đà Nẵng,321131
GD202611006758,2026-11-13 07:36:46,KH000070,POS,Thanh toán thẻ,3277000,1100,Thành công,CN Hải Phòng,87750816
GD202611012214,2026-11-13 07:53:12,KH000127,Mobile Banking,Nộp tiền mặt,5766000,0,Thành công,CN Cần Thơ,25781245
GD202611008630,2026-11-13 08:03:53,KH000087,QR Code,Rút tiền mặt,63000,0,Thành công,CN Quận 1,147526
GD202611000490,2026-11-13 08:23:40,KH000008,Mobile Banking,Nạp tiền điện thoại,10597000,0,Thành công,CN Hải Phòng,32234890
GD202611006652,2026-11-13 08:31:01,KH000067,ATM,Chuyển khoản đi,353000,3300,Thành công,CN Cầu Giấy,652299
GD202611014576,2026-11-13 08:34:53,KH000153,Mobile Banking,Chuyển khoản đến,163000,0,Thành công,CN Bình Dương,267641
GD202611001027,2026-11-13 08:59:08,KH000013,Internet Banking,Thanh toán thẻ,331000,0,Thành công,CN TP Hồ Chí Minh,1692138
GD202611013350,2026-11-13 09:00:44,KH000137,QR Code,Thanh toán thẻ,1154000,0,Thành công,CN Bình Dương,27373714
GD202611014838,2026-11-13 09:05:59,KH000157,POS,Thanh toán thẻ,1440000,1100,Thành công,CN Quận 1,2964717
GD202611009618,2026-11-13 09:13:55,KH000097,QR Code,Thanh toán thẻ,160000,0,Thành công,CN Bình Dương,237249
GD202611017960,2026-11-13 09:18:54,KH000189,QR Code,Nộp tiền mặt,35807000,0,Thành công,CN Quận 1,167484885
GD202611010264,2026-11-13 09:25:35,KH000106,Internet Banking,Nộp tiền mặt,1108000,0,Thành công,CN Cần Thơ,47080732
GD202611010878,2026-11-13 09:27:29,KH000114,ATM,Chuyển khoản đi,1561000,5500,Thành công,CN TP Hồ Chí Minh,96775364
GD202611003942,2026-11-13 09:27:53,KH000038,QR Code,Chuyển khoản đến,1757000,0,Thành công,CN Hải Phòng,113464873
GD202611002807,2026-11-13 09:28:33,KH000025,Mobile Banking,Thanh toán hóa đơn,197000,0,Thành công,CN Đà Nẵng,230531
GD202611002032,2026-11-13 09:54:35,KH000019,POS,Thanh toán thẻ,374000,3300,Thành công,CN Đà Nẵng,3858451
GD202611015309,2026-11-13 10:07:17,KH000163,QR Code,Chuyển khoản đi,14128000,0,Thành công,CN Cầu Giấy,68621180
GD202611010763,2026-11-13 11:02:01,KH000113,Internet Banking,Nộp tiền mặt,1884000,0,Thành công,CN TP Hồ Chí Minh,12835819
GD202611010432,2026-11-13 11:03:00,KH000109,POS,Nộp tiền mặt,305000,0,Thành công,CN TP Hồ Chí Minh,2624729
GD202611013673,2026-11-13 12:35:17,KH000142,POS,Thanh toán thẻ,7274000,3300,Thành công,CN Hải Phòng,148669977
GD202611011257,2026-11-13 12:51:52,KH000118,Mobile Banking,Thanh toán hóa đơn,5524000,0,Thành công,CN Hoàn Kiếm,13352805
GD202611011486,2026-11-13 13:04:31,KH000119,Mobile Banking,Thanh toán thẻ,102000,0,Thành công,CN Đà Nẵng,79112759
GD202611017429,2026-11-13 13:17:31,KH000183,POS,Thanh toán thẻ,107000,3300,Thành công,CN Quận 1,53952290
GD202611010433,2026-11-13 13:17:47,KH000109,Quầy giao dịch,Nạp tiền điện thoại,808000,5500,Thất bại,CN Đà Nẵng,2624729
GD202611006010,2026-11-13 13:18:54,KH000061,POS,Thanh toán thẻ,1646000,0,Thất bại,CN Đà Nẵng,9067571
GD202611001026,2026-11-13 13:39:53,KH000013,Mobile Banking,Thanh toán thẻ,382000,0,Thành công,CN Cầu Giấy,2023138
GD202611003734,2026-11-13 15:21:29,KH000034,ATM,Chuyển khoản đi,2649000,1100,Thành công,CN Cầu Giấy,54337664
GD202611001609,2026-11-13 15:54:03,KH000016,Mobile Banking,Thanh toán thẻ,57000,0,Thành công,CN Đà Nẵng,348107
GD202611015381,2026-11-13 17:07:15,KH000164,QR Code,Thanh toán thẻ,118000,0,Thành công,CN Cầu Giấy,34727847
GD202611015496,2026-11-13 17:12:27,KH000166,QR Code,Chuyển khoản đi,19589000,0,Thành công,CN Thanh Xuân,201932694
GD202611001608,2026-11-13 17:22:26,KH000016,POS,Thanh toán thẻ,131000,3300,Thành công,CN Thanh Xuân,405107
GD202611015713,2026-11-13 18:04:32,KH000170,POS,Thanh toán thẻ,209000,5500,Thành công,CN Thanh Xuân,522653
GD202611004774,2026-11-13 18:45:15,KH000051,Quầy giao dịch,Nộp tiền mặt,59000,0,Thành công,CN Cần Thơ,491256
GD202611017430,2026-11-13 18:52:11,KH000183,POS,Thanh toán thẻ,3338000,3300,Thành công,CN Hoàn Kiếm,50610990
GD202611008521,2026-11-13 19:12:58,KH000086,Quầy giao dịch,Nộp tiền mặt,2975000,0,Thành công,CN Đà Nẵng,20401192
GD202611000283,2026-11-13 19:20:09,KH000006,Mobile Banking,Thanh toán thẻ,154000,0,Thành công,CN Hoàn Kiếm,424666
GD202611002500,2026-11-13 19:22:30,KH000023,Quầy giao dịch,Thanh toán hóa đơn,3055000,1100,Thành công,CN Hải Phòng,17505080
GD202611003794,2026-11-13 20:02:49,KH000036,Mobile Banking,Thanh toán thẻ,1113000,0,Thất bại,CN Bình Dương,25025686
GD202611004568,2026-11-13 20:03:37,KH000047,POS,Nạp tiền điện thoại,1690000,1100,Thành công,CN Cầu Giấy,157844584
GD202611017507,2026-11-13 20:08:57,KH000184,QR Code,Thanh toán thẻ,7797000,0,Thành công,CN Đà Nẵng,28502348
GD202611007799,2026-11-13 20:35:18,KH000079,Internet Banking,Thanh toán thẻ,2889000,0,Thất bại,CN Quận 1,25390704
GD202611014837,2026-11-13 20:37:26,KH000157,Quầy giao dịch,Nạp tiền điện thoại,2265000,3300,Thành công,CN Cầu Giấy,4405817
GD202611002806,2026-11-13 20:44:02,KH000025,POS,Thanh toán thẻ,188000,1100,Thành công,CN Thanh Xuân,132031
GD202611013227,2026-11-13 20:49:38,KH000136,POS,Nộp tiền mặt,389000,0,Thành công,CN TP Hồ Chí Minh,60310812
GD202611011487,2026-11-13 20:50:39,KH000119,QR Code,Thanh toán thẻ,107000,0,Thành công,CN Đà Nẵng,79005759
GD202611014007,2026-11-13 20:53:11,KH000147,ATM,Chuyển khoản đến,3634000,0,Thành công,CN Bình Dương,137582233
GD202611017799,2026-11-13 21:02:40,KH000187,QR Code,Thanh toán thẻ,3335000,0,Thành công,CN Thanh Xuân,14348496
GD202611016516,2026-11-13 21:05:21,KH000177,POS,Thanh toán thẻ,7408000,1100,Thành công,CN Cầu Giấy,66494333
GD202611003154,2026-11-13 21:32:03,KH000028,POS,Thanh toán thẻ,625000,1100,Thành công,CN Quận 1,64546115
GD202611008395,2026-11-13 21:33:27,KH000084,Mobile Banking,Chuyển khoản đi,2790000,0,Thành công,CN Thanh Xuân,6767451
GD202611003941,2026-11-13 21:37:52,KH000038,POS,Nạp tiền điện thoại,4116000,1100,Thành công,CN Cần Thơ,111707873
GD202611014686,2026-11-13 21:53:07,KH000154,Quầy giao dịch,Chuyển khoản đến,716000,3300,Thành công,CN Thanh Xuân,5634394
GD202611017431,2026-11-13 22:03:42,KH000183,Mobile Banking,Thanh toán thẻ,6363000,0,Thành công,CN Bình Dương,44247990
GD202611009785,2026-11-13 22:34:04,KH000099,QR Code,Chuyển khoản đến,901000,0,Thành công,CN Cầu Giấy,62913979
GD202611014333,2026-11-13 22:38:07,KH000152,ATM,Rút tiền mặt,3299000,0,Thành công,CN Cần Thơ,73228603
GD202611016078,2026-11-13 22:39:18,KH000173,POS,Chuyển khoản đi,416000,5500,Thành công,CN Hải Phòng,1071668
GD202611004721,2026-11-13 22:39:54,KH000050,POS,Thanh toán thẻ,4403000,3300,Thành công,CN Cần Thơ,22900382
GD202611015834,2026-11-13 22:50:45,KH000171,QR Code,Thanh toán thẻ,195000,0,Thành công,CN Cầu Giấy,53551
GD202611011258,2026-11-13 22:55:58,KH000118,Quầy giao dịch,Nộp tiền mặt,1616000,1100,Thành công,CN Hoàn Kiếm,14968805
GD202611014575,2026-11-13 22:56:00,KH000153,POS,Thanh toán thẻ,167000,0,Thành công,CN Thanh Xuân,104641
GD202611017851,2026-11-14 06:52:37,KH000188,POS,Thanh toán thẻ,1618000,1100,Thành công,CN Cầu Giấy,10226634
GD202611006081,2026-11-14 07:29:05,KH000062,POS,Thanh toán thẻ,1335000,3300,Thành công,CN Cầu Giấy,13228024
GD202611000858,2026-11-14 07:33:57,KH000011,Quầy giao dịch,Nộp tiền mặt,3686000,3300,Thành công,CN Thanh Xuân,127485592
GD202611015441,2026-11-14 07:35:03,KH000165,ATM,Chuyển khoản đến,4665000,3300,Thành công,CN Thanh Xuân,30744131
GD202611000939,2026-11-14 08:16:45,KH000012,Internet Banking,Thanh toán thẻ,2442000,0,Thành công,CN Bình Dương,123481468
GD202611014922,2026-11-14 09:21:10,KH000158,POS,Thanh toán thẻ,653000,3300,Thành công,CN Thanh Xuân,50111838
GD202611009210,2026-11-14 09:27:24,KH000094,Internet Banking,Nộp tiền mặt,1168000,0,Thành công,CN TP Hồ Chí Minh,85867596
GD202611006498,2026-11-14 09:30:31,KH000065,Mobile Banking,Chuyển khoản đi,21862000,0,Thành công,CN Cầu Giấy,41873686
GD202611014577,2026-11-14 09:38:20,KH000153,POS,Thanh toán thẻ,172000,5500,Thành công,CN TP Hồ Chí Minh,90141
GD202611015039,2026-11-14 09:48:24,KH000161,POS,Thanh toán hóa đơn,6453000,5500,Thành công,CN TP Hồ Chí Minh,18371859
GD202611016392,2026-11-14 10:12:24,KH000176,Internet Banking,Nộp tiền mặt,574000,0,Thành công,CN TP Hồ Chí Minh,79061034
GD202611003795,2026-11-14 10:13:48,KH000036,Internet Banking,Thanh toán thẻ,2659000,0,Thành công,CN Thanh Xuân,22366686
GD202611013476,2026-11-14 10:29:05,KH000139,Internet Banking,Chuyển khoản đến,80000,0,Thành công,CN Bình Dương,311507
GD202611017508,2026-11-14 10:36:14,KH000184,POS,Thanh toán thẻ,8161000,0,Thành công,CN TP Hồ Chí Minh,20341348
GD202611014839,2026-11-14 10:41:21,KH000157,ATM,Nộp tiền mặt,861000,5500,Thành công,CN Hải Phòng,3825717
GD202611011920,2026-11-14 10:44:54,KH000125,POS,Thanh toán thẻ,58000,3300,Thành công,CN Cần Thơ,82536
GD202611018679,2026-11-14 10:53:14,KH000197,Internet Banking,Thanh toán thẻ,19001000,0,Thành công,CN Hải Phòng,108876635
GD202611004607,2026-11-14 10:58:22,KH000048,Internet Banking,Nộp tiền mặt,142000,0,Thành công,CN TP Hồ Chí Minh,1066115
GD202611008631,2026-11-14 11:22:53,KH000087,POS,Rút tiền mặt,65000,5500,Thành công,CN Hoàn Kiếm,77026
GD202611017108,2026-11-14 11:40:09,KH000182,Mobile Banking,Thanh toán thẻ,1312000,0,Thành công,CN Đà Nẵng,23814919
GD202611006013,2026-11-14 13:15:09,KH000061,QR Code,Chuyển khoản đến,1294000,0,Thành công,CN Quận 1,9658571
GD202611017432,2026-11-14 13:43:46,KH000183,QR Code,Thanh toán thẻ,6210000,0,Thành công,CN Cầu Giấy,38037990
GD202611003736,2026-11-14 13:56:38,KH000034,POS,Thanh toán hóa đơn,2648000,5500,Thành công,CN Cầu Giấy,50780164
GD202611006251,2026-11-14 13:59:05,KH000063,Mobile Banking,Thanh toán thẻ,772000,0,Thành công,CN Cần Thơ,99445400
GD202611013547,2026-11-14 14:37:44,KH000141,Quầy giao dịch,Chuyển khoản đến,1436000,5500,Thành công,CN Cầu Giấy,8406664
GD202611001284,2026-11-14 14:46:51,KH000014,Internet Banking,Nạp tiền điện thoại,10410000,0,Thành công,CN TP Hồ Chí Minh,36823773
GD202611013228,2026-11-14 15:18:09,KH000136,Mobile Banking,Thanh toán hóa đơn,17519000,0,Thành công,CN Hải Phòng,42791812
GD202611015040,2026-11-14 15:20:40,KH000161,Internet Banking,Thanh toán thẻ,1786000,0,Thành công,CN Hải Phòng,16585859
GD202611002501,2026-11-14 15:27:23,KH000023,Mobile Banking,Thanh toán hóa đơn,1928000,0,Thành công,CN TP Hồ Chí Minh,15577080
GD202611001028,2026-11-14 15:32:02,KH000013,ATM,Thanh toán hóa đơn,104000,1100,Thành công,CN Bình Dương,1587038
GD202611005684,2026-11-14 15:45:04,KH000059,Internet Banking,Nạp tiền điện thoại,24981000,0,Thành công,CN Hoàn Kiếm,63772678
GD202611013795,2026-11-14 16:12:12,KH000144,QR Code,Rút tiền mặt,190000,0,Thành công,CN Cần Thơ,14670227
GD202611003242,2026-11-14 16:28:59,KH000029,ATM,Nộp tiền mặt,3824000,5500,Thành công,CN Bình Dương,18229294
GD202611013020,2026-11-14 16:52:23,KH000132,QR Code,Chuyển khoản đi,1210000,0,Thành công,CN Quận 1,15165443
GD202611010973,2026-11-14 16:54:51,KH000115,Quầy giao dịch,Nộp tiền mặt,7633000,3300,Thành công,CN Quận 1,39219896
GD202611009686,2026-11-14 17:01:10,KH000098,Mobile Banking,Rút tiền mặt,403000,0,Thành công,CN Quận 1,22733912
GD202611012783,2026-11-14 17:25:53,KH000131,POS,Thanh toán thẻ,168000,0,Thành công,CN Hoàn Kiếm,127580
GD202611005685,2026-11-14 17:26:06,KH000059,QR Code,Thanh toán thẻ,10158000,0,Thành công,CN Bình Dương,53614678
GD202611010664,2026-11-14 17:37:07,KH000112,Quầy giao dịch,Nộp tiền mặt,182000,0,Thành công,CN Cầu Giấy,33076886
GD202611003787,2026-11-14 17:37:14,KH000035,QR Code,Nộp tiền mặt,149000,0,Thành công,CN TP Hồ Chí Minh,1776655
GD202611010764,2026-11-14 17:43:15,KH000113,Internet Banking,Nộp tiền mặt,3500000,0,Thành công,CN TP Hồ Chí Minh,16335819
GD202611010624,2026-11-14 18:00:08,KH000111,QR Code,Nạp tiền điện thoại,581000,0,Thành công,CN Quận 1,103122157
GD202611005056,2026-11-14 18:22:05,KH000052,Internet Banking,Thanh toán thẻ,166000,0,Thành công,CN Thanh Xuân,291106
GD202611006012,2026-11-14 18:24:27,KH000061,Mobile Banking,Thanh toán thẻ,227000,0,Thành công,CN Hải Phòng,8364571
GD202611009211,2026-11-14 18:30:06,KH000094,POS,Thanh toán thẻ,1340000,1100,Thành công,CN Hoàn Kiếm,84526496
GD202611003735,2026-11-14 19:30:15,KH000034,Internet Banking,Nạp tiền điện thoại,904000,0,Thành công,CN Quận 1,53433664
GD202611010533,2026-11-14 19:36:13,KH000110,QR Code,Thanh toán thẻ,2780000,0,Thành công,CN Thanh Xuân,61699096
GD202611004623,2026-11-14 19:43:45,KH000049,POS,Thanh toán hóa đơn,704000,3300,Thành công,CN Cầu Giấy,34847376
GD202611005152,2026-11-14 19:48:54,KH000053,ATM,Nộp tiền mặt,11790000,5500,Thành công,CN Bình Dương,87944879
GD202611007474,2026-11-14 20:26:12,KH000077,Mobile Banking,Rút tiền mặt,854000,0,Thành công,CN Quận 1,5056529
GD202611004722,2026-11-14 20:30:00,KH000050,POS,Chuyển khoản đến,5106000,5500,Thành công,CN Thanh Xuân,28006382
GD202611002983,2026-11-14 21:20:56,KH000027,Mobile Banking,Nộp tiền mặt,116000,0,Thành công,CN Quận 1,23656550
GD202611013920,2026-11-14 21:44:22,KH000145,POS,Thanh toán thẻ,203000,5500,Thành công,CN Đà Nẵng,123273621
GD202611011022,2026-11-14 22:03:50,KH000116,POS,Thanh toán thẻ,2082000,0,Thành công,CN Cần Thơ,11075985
GD202611004098,2026-11-14 22:18:40,KH000040,Quầy giao dịch,Rút tiền mặt,4512000,1100,Thành công,CN TP Hồ Chí Minh,22533584
GD202611001285,2026-11-14 22:20:05,KH000014,POS,Thanh toán thẻ,10572000,3300,Thành công,CN Đà Nẵng,26248473
GD202611006011,2026-11-14 22:20:05,KH000061,QR Code,Thanh toán thẻ,476000,0,Thành công,CN TP Hồ Chí Minh,8591571
GD202611014841,2026-11-14 22:23:29,KH000157,POS,Thanh toán thẻ,754000,3300,Thành công,CN Thanh Xuân,2019317
GD202611014840,2026-11-14 22:28:12,KH000157,ATM,Nạp tiền điện thoại,1048000,1100,Thành công,CN Bình Dương,2776617
GD202611015442,2026-11-14 22:28:50,KH000165,POS,Nạp tiền điện thoại,1662000,1100,Thành công,CN Bình Dương,29081031
GD202611017636,2026-11-14 22:39:28,KH000186,QR Code,Chuyển khoản đến,2543000,0,Thành công,CN Thanh Xuân,17566254
GD202611017638,2026-11-15 06:03:35,KH000186,ATM,Nạp tiền điện thoại,4983000,5500,Thành công,CN Đà Nẵng,10601454
GD202611007553,2026-11-15 06:07:47,KH000078,ATM,Thanh toán hóa đơn,10876000,5500,Thành công,CN Quận 1,82335104
GD202611010625,2026-11-15 06:16:17,KH000111,QR Code,Rút tiền mặt,9799000,0,Thành công,CN Cầu Giấy,93323157
GD202611007800,2026-11-15 06:17:46,KH000079,Internet Banking,Nạp tiền điện thoại,5727000,0,Thành công,CN Cầu Giấy,19663704
GD202611014578,2026-11-15 06:29:58,KH000153,Mobile Banking,Nộp tiền mặt,173000,0,Thành công,CN TP Hồ Chí Minh,263141
GD202611016558,2026-11-15 06:37:50,KH000178,Quầy giao dịch,Chuyển khoản đến,8233000,5500,Thành công,CN Bình Dương,36459170
GD202611004001,2026-11-15 07:24:40,KH000039,Mobile Banking,Thanh toán thẻ,1037000,0,Thành công,CN Cầu Giấy,77640297
GD202611001610,2026-11-15 07:35:41,KH000016,QR Code,Thanh toán thẻ,168000,0,Thành công,CN Thanh Xuân,180107
GD202611017110,2026-11-15 07:39:01,KH000182,Internet Banking,Chuyển khoản đi,2588000,0,Thành công,CN Quận 1,21226919
GD202611014255,2026-11-15 07:51:35,KH000151,Quầy giao dịch,Rút tiền mặt,194000,5500,Thành công,CN Cầu Giấy,251216
GD202611018680,2026-11-15 07:53:30,KH000197,QR Code,Chuyển khoản đến,11684000,0,Thành công,CN Cầu Giấy,120560635
GD202611007475,2026-11-15 08:02:17,KH000077,Quầy giao dịch,Thanh toán hóa đơn,1343000,3300,Thành công,CN TP Hồ Chí Minh,3710229
GD202611009619,2026-11-15 08:22:43,KH000097,QR Code,Nạp tiền điện thoại,146000,0,Thành công,CN Hải Phòng,91249
GD202611018352,2026-11-15 08:43:02,KH000194,QR Code,Rút tiền mặt,2433000,0,Thành công,CN TP Hồ Chí Minh,5808449
GD202611015382,2026-11-15 08:55:12,KH000164,Internet Banking,Thanh toán thẻ,71000,0,Thành công,CN Cầu Giấy,34656847
GD202611009212,2026-11-15 08:59:44,KH000094,POS,Thanh toán thẻ,275000,0,Thành công,CN Đà Nẵng,84251496
GD202611009966,2026-11-15 09:22:13,KH000103,Mobile Banking,Thanh toán hóa đơn,51000,0,Thành công,CN Cần Thơ,875019
GD202611015551,2026-11-15 09:34:04,KH000168,Mobile Banking,Thanh toán thẻ,689000,0,Thành công,CN Bình Dương,6530200
GD202611005209,2026-11-15 09:35:53,KH000054,Internet Banking,Chuyển khoản đến,2769000,0,Thành công,CN Hoàn Kiếm,22608196
GD202611004608,2026-11-15 10:17:33,KH000048,Quầy giao dịch,Thanh toán hóa đơn,234000,0,Thành công,CN Cầu Giấy,832115
GD202611014958,2026-11-15 10:30:10,KH000159,Mobile Banking,Thanh toán thẻ,19424000,0,Thành công,CN TP Hồ Chí Minh,40418927
GD202611008632,2026-11-15 10:41:53,KH000087,POS,Thanh toán thẻ,65000,1100,Thành công,CN Cần Thơ,108426
GD202611010879,2026-11-15 10:48:54,KH000114,POS,Thanh toán thẻ,2035000,5500,Thành công,CN Hoàn Kiếm,94734864
GD202611006286,2026-11-15 10:58:19,KH000064,Quầy giao dịch,Thanh toán hóa đơn,292000,3300,Thành công,CN Cầu Giấy,2080031
GD202611010765,2026-11-15 11:38:09,KH000113,Mobile Banking,Nộp tiền mặt,5042000,0,Thành công,CN Cầu Giấy,21377819
GD202611008522,2026-11-15 11:41:37,KH000086,POS,Nộp tiền mặt,4417000,0,Thành công,CN Hoàn Kiếm,24818192
GD202611003943,2026-11-15 11:46:22,KH000038,POS,Thanh toán thẻ,1070000,5500,Thành công,CN Thanh Xuân,112389373
GD202611014842,2026-11-15 12:31:56,KH000157,Mobile Banking,Nộp tiền mặt,251000,0,Thành công,CN Đà Nẵng,2270317
GD202611010397,2026-11-15 13:25:40,KH000108,POS,Nộp tiền mặt,253000,1100,Thành công,CN Thanh Xuân,123289436
GD202611008523,2026-11-15 13:38:25,KH000086,QR Code,Nộp tiền mặt,4309000,0,Thành công,CN Bình Dương,29127192
GD202611010534,2026-11-15 13:47:27,KH000110,Mobile Banking,Nộp tiền mặt,1537000,0,Thất bại,CN Thanh Xuân,61699096
GD202611017109,2026-11-15 14:21:49,KH000182,Mobile Banking,Chuyển khoản đến,6169000,0,Thất bại,CN Đà Nẵng,23814919
GD202611017433,2026-11-15 14:32:39,KH000183,Mobile Banking,Nộp tiền mặt,12176000,0,Thành công,CN Cầu Giấy,50213990
GD202611005529,2026-11-15 15:06:49,KH000058,QR Code,Thanh toán thẻ,20310000,0,Thành công,CN Cầu Giấy,315425031
GD202611001286,2026-11-15 15:14:30,KH000014,Internet Banking,Thanh toán thẻ,6625000,0,Thành công,CN Quận 1,19623473
GD202611009967,2026-11-15 15:31:25,KH000103,Quầy giao dịch,Chuyển khoản đến,190000,3300,Thành công,CN Hải Phòng,1065019
GD202611003796,2026-11-15 15:37:12,KH000036,Mobile Banking,Thanh toán thẻ,2178000,0,Thành công,CN Quận 1,20188686
GD202611015041,2026-11-15 15:43:28,KH000161,POS,Thanh toán thẻ,1034000,0,Thành công,CN Hoàn Kiếm,15551859
GD202611000738,2026-11-15 15:45:00,KH000010,POS,Thanh toán thẻ,3383000,5500,Thành công,CN Hải Phòng,9565376
GD202611016844,2026-11-15 15:50:07,KH000181,Internet Banking,Nộp tiền mặt,92000,0,Thành công,CN Thanh Xuân,273820
GD202611008751,2026-11-15 15:53:30,KH000090,Quầy giao dịch,Nộp tiền mặt,2355000,5500,Thành công,CN Bình Dương,16473396
GD202611010434,2026-11-15 15:55:47,KH000109,POS,Nộp tiền mặt,501000,1100,Thành công,CN Đà Nẵng,3125729
GD202611005057,2026-11-15 16:29:20,KH000052,QR Code,Chuyển khoản đi,175000,0,Thành công,CN Cầu Giấy,116106
GD202611016393,2026-11-15 16:36:01,KH000176,Internet Banking,Rút tiền mặt,1027000,0,Thành công,CN Đà Nẵng,78034034
GD202611014959,2026-11-15 17:09:52,KH000159,Mobile Banking,Thanh toán thẻ,3424000,0,Thành công,CN TP Hồ Chí Minh,36994927
GD202611015835,2026-11-15 17:53:10,KH000171,Quầy giao dịch,Chuyển khoản đi,57000,3300,Thành công,CN Quận 1,78751
GD202611007476,2026-11-15 17:54:35,KH000077,Internet Banking,Thanh toán thẻ,1106000,0,Thành công,CN TP Hồ Chí Minh,2604229
GD202611004485,2026-11-15 18:02:17,KH000045,Internet Banking,Thanh toán thẻ,1385000,0,Thành công,CN Hải Phòng,67073291
GD202611000739,2026-11-15 18:10:52,KH000010,Internet Banking,Thanh toán thẻ,955000,0,Thành công,CN Thanh Xuân,8610376
GD202611017111,2026-11-15 18:15:31,KH000182,QR Code,Nộp tiền mặt,361000,0,Thành công,CN TP Hồ Chí Minh,21587919
GD202611016517,2026-11-15 18:47:57,KH000177,QR Code,Nạp tiền điện thoại,2796000,0,Thành công,CN Cần Thơ,63698333
GD202611017637,2026-11-15 19:30:57,KH000186,POS,Thanh toán hóa đơn,1973000,3300,Thành công,CN Đà Nẵng,15589954
GD202611018218,2026-11-15 19:45:42,KH000191,POS,Thanh toán thẻ,174000,0,Thất bại,CN Quận 1,9281439
GD202611001611,2026-11-15 19:46:43,KH000016,Mobile Banking,Thanh toán thẻ,148000,0,Thành công,CN Cầu Giấy,254107
GD202611009877,2026-11-15 20:26:50,KH000101,POS,Thanh toán thẻ,14302000,0,Thành công,CN Hoàn Kiếm,104951798
GD202611017434,2026-11-15 20:41:24,KH000183,Internet Banking,Chuyển khoản đi,160000,0,Thành công,CN Cầu Giấy,50053990
GD202611001403,2026-11-15 20:48:34,KH000015,POS,Thanh toán thẻ,3837000,0,Thành công,CN Cần Thơ,12407151
GD202611014579,2026-11-15 20:49:35,KH000153,Mobile Banking,Thanh toán thẻ,68000,0,Thành công,CN Hoàn Kiếm,195141
GD202611014688,2026-11-15 20:50:21,KH000154,ATM,Nộp tiền mặt,841000,5500,Thành công,CN Hải Phòng,5441394
GD202611011921,2026-11-15 20:50:32,KH000125,Mobile Banking,Chuyển khoản đi,101000,0,Thành công,CN Quận 1,133036
GD202611006759,2026-11-15 21:08:49,KH000070,QR Code,Chuyển khoản đến,1788000,0,Thành công,CN Bình Dương,89538816
GD202611016394,2026-11-15 21:20:26,KH000176,Mobile Banking,Nạp tiền điện thoại,854000,0,Thành công,CN Cần Thơ,77180034
GD202611004002,2026-11-15 22:08:45,KH000039,Mobile Banking,Nộp tiền mặt,2075000,0,Thành công,CN Hoàn Kiếm,79715297
GD202611017639,2026-11-15 22:10:10,KH000186,ATM,Chuyển khoản đến,1433000,5500,Thành công,CN Quận 1,12034454
GD202611014687,2026-11-15 22:59:11,KH000154,Internet Banking,Nạp tiền điện thoại,1034000,0,Thành công,CN Bình Dương,4600394
GD202611006698,2026-11-16 06:57:09,KH000068,POS,Thanh toán thẻ,6678000,0,Thành công,CN Thanh Xuân,13949389
GD202611012784,2026-11-16 07:16:36,KH000131,QR Code,Nộp tiền mặt,155000,0,Thành công,CN Bình Dương,282580
GD202611018723,2026-11-16 07:17:27,KH000198,Quầy giao dịch,Chuyển khoản đi,938000,5500,Thành công,CN TP Hồ Chí Minh,2142388
GD202611007192,2026-11-16 07:29:27,KH000075,Internet Banking,Chuyển khoản đi,7695000,0,Thành công,CN Hải Phòng,14528208
GD202611003243,2026-11-16 07:43:13,KH000029,Internet Banking,Thanh toán hóa đơn,4463000,0,Thành công,CN Cầu Giấy,13766294
GD202611001760,2026-11-16 08:16:50,KH000018,Internet Banking,Thanh toán thẻ,394000,0,Thành công,CN Cầu Giấy,89367695
GD202611003155,2026-11-16 08:36:36,KH000028,Mobile Banking,Chuyển khoản đi,479000,0,Thành công,CN Bình Dương,64067115
GD202611000492,2026-11-16 08:37:36,KH000008,Internet Banking,Nạp tiền điện thoại,8042000,0,Thành công,CN Bình Dương,18529890
GD202611017112,2026-11-16 08:50:59,KH000182,Mobile Banking,Thanh toán hóa đơn,3040000,0,Thành công,CN Quận 1,18547919
GD202611015714,2026-11-16 08:54:08,KH000170,Internet Banking,Chuyển khoản đi,182000,0,Thành công,CN Thanh Xuân,340653
GD202611007477,2026-11-16 08:55:18,KH000077,Internet Banking,Thanh toán thẻ,766000,0,Thành công,CN Quận 1,1838229
GD202611009786,2026-11-16 09:22:29,KH000099,QR Code,Thanh toán thẻ,2280000,0,Thành công,CN Hoàn Kiếm,60633979
GD202611005244,2026-11-16 10:24:13,KH000055,POS,Nộp tiền mặt,415000,0,Thành công,CN Hoàn Kiếm,6477287
GD202611015229,2026-11-16 10:33:05,KH000162,ATM,Chuyển khoản đi,113000,0,Thành công,CN Cần Thơ,160603
GD202611006014,2026-11-16 10:40:12,KH000061,Mobile Banking,Chuyển khoản đi,567000,0,Thành công,CN TP Hồ Chí Minh,9091571
GD202611016395,2026-11-16 10:43:38,KH000176,Mobile Banking,Rút tiền mặt,102000,0,Thành công,CN Bình Dương,77078034
GD202611017436,2026-11-16 11:28:42,KH000183,Internet Banking,Nạp tiền điện thoại,202000,0,Thành công,CN Đà Nẵng,46971990
GD202611013070,2026-11-16 11:42:14,KH000133,POS,Rút tiền mặt,152000,1100,Thành công,CN Hoàn Kiếm,2820721
GD202611007127,2026-11-16 12:23:41,KH000074,POS,Thanh toán thẻ,154000,0,Thành công,CN Đà Nẵng,33789249
GD202611001287,2026-11-16 12:32:59,KH000014,QR Code,Nộp tiền mặt,3855000,0,Thành công,CN Đà Nẵng,23478473
GD202611013095,2026-11-16 12:37:47,KH000134,Internet Banking,Chuyển khoản đến,497000,0,Thành công,CN Thanh Xuân,3449462
GD202611015230,2026-11-16 12:41:37,KH000162,Quầy giao dịch,Nộp tiền mặt,162000,1100,Thành công,CN Hải Phòng,322603
GD202611005153,2026-11-16 12:54:12,KH000053,POS,Thanh toán thẻ,18892000,3300,Thành công,CN Thanh Xuân,69049579
GD202611007193,2026-11-16 13:25:48,KH000075,ATM,Thanh toán hóa đơn,3214000,5500,Thành công,CN Bình Dương,11308708
GD202611017113,2026-11-16 13:53:48,KH000182,Mobile Banking,Nộp tiền mặt,276000,0,Thành công,CN Bình Dương,18823919
GD202611012345,2026-11-16 15:02:28,KH000128,POS,Thanh toán hóa đơn,453000,0,Thành công,CN Cần Thơ,87430220
GD202611007922,2026-11-16 15:14:34,KH000081,POS,Nộp tiền mặt,8364000,0,Thành công,CN Cầu Giấy,449296655
GD202611014334,2026-11-16 15:46:03,KH000152,POS,Chuyển khoản đến,1227000,1100,Thành công,CN Quận 1,74455603
GD202611007125,2026-11-16 15:49:17,KH000074,QR Code,Rút tiền mặt,713000,0,Thành công,CN Bình Dương,34910249
GD202611018219,2026-11-16 16:10:28,KH000191,Internet Banking,Nộp tiền mặt,2415000,0,Thành công,CN Cần Thơ,11696439
GD202611010766,2026-11-16 16:14:49,KH000113,QR Code,Chuyển khoản đến,3163000,0,Thành công,CN Cầu Giấy,24540819
GD202611016396,2026-11-16 16:30:21,KH000176,Mobile Banking,Chuyển khoản đến,99000,0,Thành công,CN Quận 1,77177034
GD202611008067,2026-11-16 16:37:49,KH000082,QR Code,Nạp tiền điện thoại,323000,0,Thành công,CN Hải Phòng,7318049
GD202611008396,2026-11-16 16:46:42,KH000084,POS,Thanh toán thẻ,1706000,3300,Thành công,CN Đà Nẵng,5058151
GD202611013548,2026-11-16 17:40:26,KH000141,Mobile Banking,Rút tiền mặt,1956000,0,Thành công,CN Thanh Xuân,6450664
GD202611007126,2026-11-16 17:43:19,KH000074,Mobile Banking,Nạp tiền điện thoại,967000,0,Thành công,CN Đà Nẵng,33943249
GD202611010880,2026-11-16 17:56:41,KH000114,Internet Banking,Chuyển khoản đi,645000,0,Thành công,CN Hoàn Kiếm,94089864
GD202611007801,2026-11-16 18:11:08,KH000079,QR Code,Thanh toán hóa đơn,6667000,0,Thành công,CN Đà Nẵng,12996704
GD202611002261,2026-11-16 18:30:31,KH000020,POS,Thanh toán thẻ,5468000,3300,Thành công,CN Quận 1,87958949
GD202611010665,2026-11-16 18:30:53,KH000112,Internet Banking,Chuyển khoản đến,3769000,0,Thành công,CN Cầu Giấy,36845886
GD202611006697,2026-11-16 18:35:03,KH000068,ATM,Chuyển khoản đi,3517000,1100,Thành công,CN Cần Thơ,20627389
GD202611013796,2026-11-16 18:39:01,KH000144,Mobile Banking,Rút tiền mặt,2742000,0,Thành công,CN Hải Phòng,11928227
GD202611002984,2026-11-16 18:54:29,KH000027,Internet Banking,Thanh toán thẻ,586000,0,Thành công,CN Hải Phòng,23070550
GD202611017435,2026-11-16 19:20:05,KH000183,QR Code,Thanh toán hóa đơn,2880000,0,Thành công,CN Hải Phòng,47173990
GD202611011598,2026-11-16 19:39:45,KH000121,Mobile Banking,Thanh toán hóa đơn,484000,0,Thành công,CN Bình Dương,1836449
GD202611009438,2026-11-16 20:00:57,KH000096,Mobile Banking,Chuyển khoản đi,6602000,0,Thành công,CN Thanh Xuân,19219469
GD202611015383,2026-11-16 20:08:09,KH000164,QR Code,Thanh toán thẻ,85000,0,Thành công,CN Cần Thơ,34571847
GD202611005687,2026-11-16 20:11:18,KH000059,POS,Thanh toán thẻ,17039000,5500,Thành công,CN Cầu Giấy,44701178
GD202611002352,2026-11-16 20:46:46,KH000021,POS,Thanh toán thẻ,95000,1100,Thành công,CN Quận 1,91181359
GD202611015630,2026-11-16 20:52:19,KH000169,POS,Thanh toán thẻ,9459000,1100,Thành công,CN TP Hồ Chí Minh,46357453
GD202611005686,2026-11-16 21:02:54,KH000059,QR Code,Chuyển khoản đến,8131000,0,Thành công,CN Cầu Giấy,61745678
GD202611016518,2026-11-16 21:28:36,KH000177,POS,Thanh toán thẻ,11487000,3300,Thành công,CN Cần Thơ,52208033
GD202611001404,2026-11-16 21:33:41,KH000015,Mobile Banking,Nạp tiền điện thoại,56000,0,Thành công,CN Hoàn Kiếm,12351151
GD202611005058,2026-11-16 21:56:13,KH000052,Mobile Banking,Chuyển khoản đi,92000,0,Thành công,CN Hoàn Kiếm,162106
GD202611013549,2026-11-16 22:02:56,KH000141,Mobile Banking,Thanh toán thẻ,541000,0,Thành công,CN Cầu Giấy,5909664
GD202611000491,2026-11-16 22:10:32,KH000008,Mobile Banking,Thanh toán thẻ,5663000,0,Thành công,CN Hải Phòng,26571890
GD202611010767,2026-11-17 06:11:34,KH000113,POS,Rút tiền mặt,6165000,5500,Thành công,CN Bình Dương,18370319
GD202611009214,2026-11-17 06:25:35,KH000094,Mobile Banking,Thanh toán thẻ,1950000,0,Thành công,CN Hải Phòng,80422496
GD202611012785,2026-11-17 06:46:07,KH000131,Mobile Banking,Chuyển khoản đến,81000,0,Thành công,CN TP Hồ Chí Minh,363580
GD202611015231,2026-11-17 06:49:32,KH000162,QR Code,Chuyển khoản đến,151000,0,Thành công,CN Cần Thơ,473603
GD202611005690,2026-11-17 06:53:59,KH000059,Internet Banking,Chuyển khoản đến,5208000,0,Thành công,CN Hoàn Kiếm,68774178
GD202611002033,2026-11-17 07:00:17,KH000019,Mobile Banking,Thanh toán thẻ,1156000,0,Thành công,CN Bình Dương,2702451
GD202611005059,2026-11-17 07:35:42,KH000052,QR Code,Nộp tiền mặt,62000,0,Thành công,CN Quận 1,224106
GD202611011134,2026-11-17 07:35:54,KH000117,Internet Banking,Nộp tiền mặt,330000,0,Thành công,CN Cầu Giấy,124508382
GD202611006015,2026-11-17 07:42:28,KH000061,Mobile Banking,Nộp tiền mặt,1985000,0,Thành công,CN TP Hồ Chí Minh,11076571
GD202611004003,2026-11-17 08:30:43,KH000039,Internet Banking,Thanh toán thẻ,170000,0,Thành công,CN Bình Dương,79545297
GD202611000539,2026-11-17 08:34:22,KH000009,QR Code,Thanh toán thẻ,816000,0,Thành công,CN Thanh Xuân,52612428
GD202611011922,2026-11-17 08:37:18,KH000125,Internet Banking,Rút tiền mặt,119000,0,Thành công,CN TP Hồ Chí Minh,192536
GD202611014843,2026-11-17 08:44:13,KH000157,Mobile Banking,Rút tiền mặt,434000,0,Thành công,CN Cần Thơ,1836317
GD202611004775,2026-11-17 08:45:24,KH000051,ATM,Chuyển khoản đến,127000,5500,Thất bại,CN Bình Dương,491256
GD202611006287,2026-11-17 08:53:06,KH000064,QR Code,Thanh toán thẻ,105000,0,Thành công,CN Thanh Xuân,1975031
GD202611014581,2026-11-17 09:15:43,KH000153,Internet Banking,Chuyển khoản đến,145000,0,Thành công,CN Cần Thơ,499141
GD202611014580,2026-11-17 09:36:02,KH000153,Internet Banking,Chuyển khoản đến,159000,0,Thành công,CN Hoàn Kiếm,354141
GD202611016559,2026-11-17 09:45:10,KH000178,QR Code,Thanh toán thẻ,1240000,0,Thành công,CN TP Hồ Chí Minh,35219170
GD202611004004,2026-11-17 09:47:39,KH000039,QR Code,Rút tiền mặt,1332000,0,Thành công,CN Hải Phòng,78213297
GD202611018724,2026-11-17 09:50:33,KH000198,POS,Nạp tiền điện thoại,235000,1100,Thành công,CN TP Hồ Chí Minh,1906288
GD202611010881,2026-11-17 10:18:23,KH000114,ATM,Chuyển khoản đi,751000,5500,Thành công,CN Đà Nẵng,93333364
GD202611005357,2026-11-17 10:28:17,KH000056,ATM,Nộp tiền mặt,1528000,5500,Thành công,CN TP Hồ Chí Minh,116173637
GD202611007555,2026-11-17 10:32:18,KH000078,POS,Thanh toán thẻ,10873000,3300,Thành công,CN TP Hồ Chí Minh,52199504
GD202611001288,2026-11-17 10:35:04,KH000014,Mobile Banking,Thanh toán thẻ,180000,0,Thành công,CN Hải Phòng,23298473
GD202611009620,2026-11-17 11:11:18,KH000097,Mobile Banking,Thanh toán thẻ,139000,0,Thành công,CN Cần Thơ,160749
GD202611015310,2026-11-17 11:43:57,KH000163,POS,Thanh toán thẻ,22241000,5500,Thành công,CN Bình Dương,46374680
GD202611005473,2026-11-17 11:54:17,KH000057,Internet Banking,Nộp tiền mặt,8190000,0,Thành công,CN Hoàn Kiếm,67790641
GD202611008525,2026-11-17 11:57:09,KH000086,Mobile Banking,Chuyển khoản đến,2581000,0,Thành công,CN Hải Phòng,31708192
GD202611009213,2026-11-17 12:09:17,KH000094,QR Code,Thanh toán thẻ,1879000,0,Thành công,CN Đà Nẵng,82372496
GD202611011923,2026-11-17 12:09:42,KH000125,ATM,Nộp tiền mặt,200000,1100,Thành công,CN TP Hồ Chí Minh,392536
GD202611005689,2026-11-17 12:11:30,KH000059,QR Code,Chuyển khoản đến,14812000,0,Thành công,CN Quận 1,63566178
GD202611000224,2026-11-17 12:12:37,KH000005,QR Code,Thanh toán thẻ,173000,0,Thành công,CN Hoàn Kiếm,457130
GD202611017800,2026-11-17 12:22:43,KH000187,QR Code,Thanh toán thẻ,3769000,0,Thành công,CN Đà Nẵng,10579496
GD202611011599,2026-11-17 12:36:47,KH000121,QR Code,Nạp tiền điện thoại,104000,0,Thành công,CN Thanh Xuân,1732449
GD202611009440,2026-11-17 12:45:32,KH000096,Internet Banking,Chuyển khoản đến,4019000,0,Thành công,CN Đà Nẵng,19201469
GD202611005154,2026-11-17 13:06:47,KH000053,Internet Banking,Rút tiền mặt,7966000,0,Thành công,CN Hải Phòng,61083579
GD202611006699,2026-11-17 13:46:12,KH000068,ATM,Thanh toán hóa đơn,1979000,1100,Thành công,CN Cần Thơ,11969289
GD202611013096,2026-11-17 14:16:02,KH000134,Mobile Banking,Nộp tiền mặt,395000,0,Thành công,CN Bình Dương,3844462
GD202611016845,2026-11-17 14:46:24,KH000181,QR Code,Nộp tiền mặt,83000,0,Thành công,CN Thanh Xuân,356820
GD202611010164,2026-11-17 15:25:43,KH000104,QR Code,Thanh toán thẻ,473000,0,Thành công,CN Hoàn Kiếm,6559719
GD202611015631,2026-11-17 15:30:23,KH000169,Mobile Banking,Thanh toán hóa đơn,10200000,0,Thành công,CN Cầu Giấy,36157453
GD202611014335,2026-11-17 15:46:05,KH000152,QR Code,Thanh toán thẻ,949000,0,Thành công,CN Bình Dương,73506603
GD202611018516,2026-11-17 16:06:31,KH000195,POS,Thanh toán thẻ,144000,3300,Thành công,CN Thanh Xuân,51117
GD202611006823,2026-11-17 16:11:08,KH000071,Internet Banking,Chuyển khoản đến,179000,0,Thành công,CN Đà Nẵng,768238
GD202611014689,2026-11-17 16:40:54,KH000154,QR Code,Thanh toán thẻ,468000,0,Thành công,CN Đà Nẵng,4973394
GD202611014732,2026-11-17 16:50:53,KH000155,QR Code,Thanh toán thẻ,13042000,0,Thành công,CN Quận 1,110320770
GD202611004624,2026-11-17 16:59:15,KH000049,Mobile Banking,Thanh toán thẻ,3986000,0,Thành công,CN Hoàn Kiếm,30861376
GD202611005688,2026-11-17 17:07:46,KH000059,ATM,Chuyển khoản đến,4053000,5500,Thành công,CN Quận 1,48754178
GD202611013798,2026-11-17 18:15:32,KH000144,Internet Banking,Nạp tiền điện thoại,619000,0,Thành công,CN Cầu Giấy,8337227
GD202611014691,2026-11-17 18:50:21,KH000154,Mobile Banking,Rút tiền mặt,823000,0,Thành công,CN Đà Nẵng,2892294
GD202611013797,2026-11-17 18:54:26,KH000144,QR Code,Rút tiền mặt,2972000,0,Thành công,CN Hải Phòng,8956227
GD202611001612,2026-11-17 19:04:22,KH000016,QR Code,Chuyển khoản đến,159000,0,Thành công,CN Thanh Xuân,413107
GD202611011536,2026-11-17 19:05:14,KH000120,POS,Thanh toán hóa đơn,1384000,3300,Thành công,CN Thanh Xuân,69694230
GD202611014923,2026-11-17 19:21:09,KH000158,Quầy giao dịch,Chuyển khoản đến,10907000,5500,Thành công,CN Cần Thơ,61018838
GD202611018353,2026-11-17 19:22:43,KH000194,Quầy giao dịch,Chuyển khoản đi,747000,0,Thành công,CN Quận 1,5061449
GD202611018515,2026-11-17 19:31:50,KH000195,Internet Banking,Thanh toán thẻ,152000,0,Thành công,CN Quận 1,198417
GD202611011618,2026-11-17 19:40:24,KH000122,QR Code,Chuyển khoản đến,2334000,0,Thành công,CN Thanh Xuân,36733039
GD202611015384,2026-11-17 20:06:00,KH000164,Internet Banking,Thanh toán thẻ,114000,0,Thành công,CN TP Hồ Chí Minh,34457847
GD202611004005,2026-11-17 20:07:08,KH000039,Quầy giao dịch,Thanh toán hóa đơn,3459000,3300,Thành công,CN Quận 1,74750997
GD202611016183,2026-11-17 20:16:02,KH000175,Quầy giao dịch,Nạp tiền điện thoại,9389000,5500,Thành công,CN Thanh Xuân,18510462
GD202611008524,2026-11-17 20:56:51,KH000086,POS,Thanh toán thẻ,7043000,0,Thất bại,CN Cần Thơ,29127192
GD202611016397,2026-11-17 21:07:57,KH000176,Internet Banking,Thanh toán hóa đơn,107000,0,Thành công,CN Hải Phòng,77070034
GD202611017852,2026-11-17 21:11:28,KH000188,QR Code,Chuyển khoản đến,2918000,0,Thành công,CN Thanh Xuân,13144634
GD202611007554,2026-11-17 21:17:09,KH000078,ATM,Thanh toán hóa đơn,19256000,3300,Thành công,CN TP Hồ Chí Minh,63075804
GD202611009439,2026-11-17 21:57:16,KH000096,POS,Thanh toán thẻ,4037000,0,Thành công,CN Đà Nẵng,15182469
GD202611009787,2026-11-17 21:57:27,KH000099,Internet Banking,Nộp tiền mặt,2941000,0,Thành công,CN Cần Thơ,63574979
GD202611008068,2026-11-17 22:07:46,KH000082,QR Code,Thanh toán thẻ,1592000,0,Thành công,CN Thanh Xuân,5726049
GD202611014690,2026-11-17 22:27:48,KH000154,POS,Thanh toán thẻ,1257000,1100,Thành công,CN Quận 1,3715294
GD202611009969,2026-11-18 06:04:16,KH000103,QR Code,Thanh toán thẻ,73000,0,Thành công,CN Đà Nẵng,1100019
GD202611008158,2026-11-18 06:07:23,KH000083,QR Code,Chuyển khoản đến,328000,0,Thành công,CN Cầu Giấy,98648914
GD202611016399,2026-11-18 06:13:50,KH000176,POS,Thanh toán thẻ,1188000,3300,Thành công,CN Quận 1,75172734
GD202611015311,2026-11-18 06:27:49,KH000163,Internet Banking,Nạp tiền điện thoại,6871000,0,Thành công,CN Quận 1,39503680
GD202611015633,2026-11-18 06:48:59,KH000169,Quầy giao dịch,Thanh toán hóa đơn,9554000,5500,Thành công,CN Hoàn Kiếm,37017953
GD202611008069,2026-11-18 06:49:40,KH000082,Mobile Banking,Thanh toán thẻ,267000,0,Thành công,CN Hoàn Kiếm,5459049
GD202611017437,2026-11-18 06:59:12,KH000183,Internet Banking,Nộp tiền mặt,10366000,0,Thành công,CN Quận 1,57337990
GD202611018354,2026-11-18 07:01:23,KH000194,QR Code,Chuyển khoản đến,330000,0,Thành công,CN Thanh Xuân,5391449
GD202611012786,2026-11-18 07:21:24,KH000131,POS,Thanh toán thẻ,73000,1100,Thành công,CN Cầu Giấy,289480
GD202611002263,2026-11-18 07:51:34,KH000020,Mobile Banking,Chuyển khoản đến,13979000,0,Thành công,CN Quận 1,120897949
GD202611009215,2026-11-18 08:06:18,KH000094,Mobile Banking,Nộp tiền mặt,2423000,0,Thành công,CN Hoàn Kiếm,82845496
GD202611000540,2026-11-18 08:07:02,KH000009,POS,Thanh toán thẻ,363000,3300,Thành công,CN Hải Phòng,52246128
GD202611016398,2026-11-18 08:13:08,KH000176,Mobile Banking,Thanh toán thẻ,706000,0,Thành công,CN Cần Thơ,76364034
GD202611004334,2026-11-18 08:46:23,KH000044,Quầy giao dịch,Chuyển khoản đến,277000,1100,Thành công,CN Hải Phòng,2044762
GD202611017801,2026-11-18 09:21:02,KH000187,Mobile Banking,Nộp tiền mặt,3617000,0,Thành công,CN Hải Phòng,14196496
GD202611010165,2026-11-18 09:30:19,KH000104,Internet Banking,Thanh toán thẻ,713000,0,Thành công,CN Cần Thơ,5846719
GD202611008943,2026-11-18 09:49:12,KH000092,QR Code,Nộp tiền mặt,804000,0,Thành công,CN TP Hồ Chí Minh,7128842
GD202611014084,2026-11-18 10:01:26,KH000148,Mobile Banking,Rút tiền mặt,74000,0,Thành công,CN Bình Dương,100079859
GD202611004487,2026-11-18 10:06:27,KH000045,POS,Thanh toán thẻ,1598000,3300,Thành công,CN Bình Dương,64769991
GD202611003245,2026-11-18 10:23:22,KH000029,Internet Banking,Nộp tiền mặt,3601000,0,Thành công,CN TP Hồ Chí Minh,14388294
GD202611004099,2026-11-18 10:36:26,KH000040,Internet Banking,Thanh toán thẻ,7870000,0,Thành công,CN Quận 1,14663584
GD202611015232,2026-11-18 10:41:51,KH000162,QR Code,Chuyển khoản đến,152000,0,Thành công,CN Hải Phòng,625603
GD202611011259,2026-11-18 10:42:30,KH000118,POS,Thanh toán thẻ,3011000,0,Thất bại,CN Hoàn Kiếm,14968805
GD202611002262,2026-11-18 10:51:43,KH000020,Mobile Banking,Nộp tiền mặt,18960000,0,Thành công,CN Bình Dương,106918949
GD202611013409,2026-11-18 10:52:49,KH000138,POS,Rút tiền mặt,1282000,1100,Thành công,CN Bình Dương,21990422
GD202611011023,2026-11-18 11:16:34,KH000116,Mobile Banking,Thanh toán hóa đơn,3525000,0,Thành công,CN Đà Nẵng,7550985
GD202611010666,2026-11-18 11:25:35,KH000112,Quầy giao dịch,Thanh toán hóa đơn,2577000,0,Thành công,CN Quận 1,34268886
GD202611018518,2026-11-18 11:38:09,KH000195,Mobile Banking,Rút tiền mặt,177000,0,Thành công,CN TP Hồ Chí Minh,201117
GD202611018517,2026-11-18 12:00:17,KH000195,Internet Banking,Rút tiền mặt,123000,0,Thành công,CN Quận 1,112617
GD202611014083,2026-11-18 12:02:12,KH000148,Quầy giao dịch,Nạp tiền điện thoại,389000,0,Thành công,CN Đà Nẵng,100153859
GD202611014844,2026-11-18 12:11:47,KH000157,ATM,Nộp tiền mặt,245000,0,Thành công,CN Hoàn Kiếm,2081317
GD202611008975,2026-11-18 12:28:33,KH000093,Mobile Banking,Rút tiền mặt,3127000,0,Thành công,CN Đà Nẵng,20796804
GD202611005060,2026-11-18 12:29:05,KH000052,Internet Banking,Chuyển khoản đến,181000,0,Thành công,CN Hải Phòng,405106
GD202611010435,2026-11-18 12:39:58,KH000109,POS,Thanh toán thẻ,583000,0,Thành công,CN Cần Thơ,2542729
GD202611000284,2026-11-18 12:51:22,KH000006,ATM,Nộp tiền mặt,143000,0,Thành công,CN Hoàn Kiếm,567666
GD202611015837,2026-11-18 13:24:17,KH000171,ATM,Chuyển khoản đến,92000,1100,Thành công,CN Thanh Xuân,263751
GD202611017438,2026-11-18 13:26:36,KH000183,Internet Banking,Nộp tiền mặt,16126000,0,Thành công,CN Hoàn Kiếm,73463990
GD202611013132,2026-11-18 13:39:53,KH000135,Internet Banking,Thanh toán hóa đơn,370000,0,Thành công,CN Quận 1,52327576
GD202611006252,2026-11-18 14:01:58,KH000063,POS,Thanh toán thẻ,226000,1100,Thành công,CN Cần Thơ,99218300
GD202611011537,2026-11-18 14:31:58,KH000120,POS,Thanh toán thẻ,2065000,3300,Thành công,CN Cầu Giấy,67625930
GD202611014692,2026-11-18 14:45:28,KH000154,Internet Banking,Chuyển khoản đến,388000,0,Thành công,CN Hải Phòng,3280294
GD202611010768,2026-11-18 14:59:37,KH000113,Mobile Banking,Thanh toán hóa đơn,6161000,0,Thất bại,CN Hoàn Kiếm,18370319
GD202611012787,2026-11-18 15:13:36,KH000131,Mobile Banking,Chuyển khoản đến,146000,0,Thành công,CN Cần Thơ,435480
GD202611003156,2026-11-18 15:31:56,KH000028,Mobile Banking,Nộp tiền mặt,879000,0,Thành công,CN Đà Nẵng,64946115
GD202611001613,2026-11-18 15:50:43,KH000016,Mobile Banking,Chuyển khoản đến,75000,0,Thành công,CN Bình Dương,488107
GD202611002502,2026-11-18 15:56:09,KH000023,ATM,Thanh toán hóa đơn,2783000,1100,Thành công,CN Đà Nẵng,12792980
GD202611012215,2026-11-18 16:08:29,KH000127,Internet Banking,Thanh toán thẻ,1719000,0,Thành công,CN Quận 1,24062245
GD202611009789,2026-11-18 16:44:21,KH000099,Mobile Banking,Chuyển khoản đi,2729000,0,Thành công,CN Thanh Xuân,59751979
GD202611017802,2026-11-18 16:57:32,KH000187,Internet Banking,Nộp tiền mặt,4732000,0,Thành công,CN Bình Dương,18928496
GD202611013799,2026-11-18 17:03:23,KH000144,QR Code,Thanh toán thẻ,1377000,0,Thành công,CN Quận 1,6960227
GD202611009788,2026-11-18 18:03:34,KH000099,QR Code,Chuyển khoản đi,1094000,0,Thành công,CN Cầu Giấy,62480979
GD202611012346,2026-11-18 18:15:39,KH000128,QR Code,Thanh toán thẻ,575000,0,Thành công,CN Đà Nẵng,86855220
GD202611009968,2026-11-18 18:17:59,KH000103,Mobile Banking,Nộp tiền mặt,108000,0,Thành công,CN Đà Nẵng,1173019
GD202611015632,2026-11-18 18:41:42,KH000169,Internet Banking,Nộp tiền mặt,10420000,0,Thành công,CN Thanh Xuân,46577453
GD202611009216,2026-11-18 19:11:28,KH000094,Internet Banking,Thanh toán thẻ,2568000,0,Thành công,CN Thanh Xuân,80277496
GD202611010265,2026-11-18 19:51:13,KH000106,Mobile Banking,Nạp tiền điện thoại,606000,0,Thành công,CN Quận 1,46474732
GD202611016018,2026-11-18 19:52:02,KH000172,QR Code,Thanh toán thẻ,1555000,0,Thành công,CN Quận 1,4388091
GD202611003244,2026-11-18 20:23:21,KH000029,Mobile Banking,Rút tiền mặt,2979000,0,Thành công,CN Thanh Xuân,10787294
GD202611001675,2026-11-18 20:46:53,KH000017,Mobile Banking,Rút tiền mặt,6304000,0,Thành công,CN Thanh Xuân,20985366
GD202611000225,2026-11-18 20:56:53,KH000005,Internet Banking,Thanh toán thẻ,69000,0,Thành công,CN Đà Nẵng,388130
GD202611015836,2026-11-18 21:07:22,KH000171,ATM,Chuyển khoản đến,93000,5500,Thành công,CN Bình Dương,171751
GD202611017114,2026-11-18 21:34:26,KH000182,Internet Banking,Thanh toán hóa đơn,1805000,0,Thành công,CN Bình Dương,17018919
GD202611008526,2026-11-18 21:45:00,KH000086,Internet Banking,Chuyển khoản đi,5018000,0,Thành công,CN Bình Dương,26690192
GD202611004486,2026-11-18 22:13:23,KH000045,Internet Banking,Thanh toán hóa đơn,702000,0,Thành công,CN TP Hồ Chí Minh,66371291
GD202611006016,2026-11-18 22:33:56,KH000061,Internet Banking,Chuyển khoản đến,1790000,0,Thành công,CN Hải Phòng,12866571
GD202611002353,2026-11-18 22:48:31,KH000021,ATM,Nạp tiền điện thoại,513000,0,Thất bại,CN TP Hồ Chí Minh,91181359
GD202611009621,2026-11-19 06:48:14,KH000097,Mobile Banking,Thanh toán hóa đơn,156000,0,Thành công,CN Hoàn Kiếm,238749
GD202611001029,2026-11-19 06:53:09,KH000013,POS,Thanh toán thẻ,215000,1100,Thành công,CN Đà Nẵng,1370938
GD202611007802,2026-11-19 06:58:25,KH000079,Mobile Banking,Thanh toán thẻ,2612000,0,Thành công,CN Hải Phòng,10384704
GD202611018220,2026-11-19 07:05:24,KH000191,Internet Banking,Chuyển khoản đến,518000,0,Thành công,CN Đà Nẵng,12214439
GD202611017439,2026-11-19 07:37:34,KH000183,QR Code,Nộp tiền mặt,18654000,0,Thành công,CN Đà Nẵng,92117990
GD202611006082,2026-11-19 07:58:00,KH000062,POS,Thanh toán thẻ,713000,1100,Thành công,CN Hoàn Kiếm,12513924
GD202611007479,2026-11-19 08:05:32,KH000077,Mobile Banking,Nộp tiền mặt,403000,0,Thành công,CN Đà Nẵng,1895229
GD202611013801,2026-11-19 08:17:58,KH000144,QR Code,Nạp tiền điện thoại,347000,0,Thành công,CN Cần Thơ,4178227
GD202611015233,2026-11-19 08:20:33,KH000162,QR Code,Thanh toán thẻ,63000,0,Thành công,CN Quận 1,562603
GD202611011925,2026-11-19 08:24:56,KH000125,QR Code,Thanh toán thẻ,158000,0,Thành công,CN Quận 1,105536
GD202611005474,2026-11-19 08:26:50,KH000057,Quầy giao dịch,Chuyển khoản đến,6932000,3300,Thành công,CN Quận 1,74722641
GD202611017853,2026-11-19 08:37:08,KH000188,POS,Chuyển khoản đến,2753000,1100,Thành công,CN Hải Phòng,15897634
GD202611009970,2026-11-19 08:44:37,KH000103,ATM,Rút tiền mặt,304000,3300,Thành công,CN Đà Nẵng,792719
GD202611003246,2026-11-19 08:59:19,KH000029,ATM,Chuyển khoản đến,4833000,5500,Thành công,CN Cầu Giấy,19221294
GD202611014182,2026-11-19 09:02:48,KH000150,QR Code,Thanh toán thẻ,9592000,0,Thành công,CN Quận 1,25130037
GD202611013229,2026-11-19 09:25:26,KH000136,Internet Banking,Thanh toán thẻ,13828000,0,Thành công,CN Thanh Xuân,28963812
GD202611011924,2026-11-19 09:44:53,KH000125,Internet Banking,Thanh toán thẻ,129000,0,Thành công,CN Hải Phòng,263536
GD202611016721,2026-11-19 09:54:23,KH000180,QR Code,Rút tiền mặt,1512000,0,Thành công,CN Bình Dương,78378863
GD202611018221,2026-11-19 09:54:26,KH000191,QR Code,Chuyển khoản đến,173000,0,Thành công,CN Thanh Xuân,12387439
GD202611018817,2026-11-19 10:20:18,KH000200,Internet Banking,Chuyển khoản đi,75000,0,Thành công,CN Đà Nẵng,327377
GD202611007803,2026-11-19 10:22:26,KH000079,QR Code,Nộp tiền mặt,2552000,0,Thành công,CN Thanh Xuân,12936704
GD202611011619,2026-11-19 10:36:22,KH000122,QR Code,Thanh toán thẻ,11655000,0,Thành công,CN Hoàn Kiếm,25078039
GD202611004257,2026-11-19 10:49:55,KH000042,QR Code,Rút tiền mặt,3324000,0,Thành công,CN Hoàn Kiếm,45958003
GD202611015313,2026-11-19 10:52:43,KH000163,Internet Banking,Thanh toán thẻ,5662000,0,Thành công,CN Hải Phòng,41491680
GD202611000542,2026-11-19 11:32:39,KH000009,POS,Rút tiền mặt,3466000,1100,Thành công,CN Bình Dương,48071028
GD202611002985,2026-11-19 11:40:52,KH000027,Internet Banking,Thanh toán thẻ,6534000,0,Thành công,CN Cầu Giấy,16536550
GD202611004609,2026-11-19 12:03:43,KH000048,Internet Banking,Nạp tiền điện thoại,215000,0,Thành công,CN Thanh Xuân,617115
GD202611016020,2026-11-19 12:46:37,KH000172,Internet Banking,Chuyển khoản đến,372000,0,Thành công,CN Quận 1,4379091
GD202611012788,2026-11-19 13:06:36,KH000131,POS,Rút tiền mặt,131000,0,Thành công,CN Bình Dương,304480
GD202611017509,2026-11-19 13:55:56,KH000184,Internet Banking,Nạp tiền điện thoại,4904000,0,Thành công,CN Quận 1,15437348
GD202611014693,2026-11-19 14:45:37,KH000154,Quầy giao dịch,Chuyển khoản đến,644000,5500,Thành công,CN Cần Thơ,3924294
GD202611007478,2026-11-19 14:50:08,KH000077,Internet Banking,Thanh toán thẻ,346000,0,Thành công,CN Hải Phòng,1492229
GD202611008944,2026-11-19 15:39:36,KH000092,Mobile Banking,Nạp tiền điện thoại,1372000,0,Thành công,CN Quận 1,5756842
GD202611015715,2026-11-19 15:40:36,KH000170,ATM,Nộp tiền mặt,160000,1100,Thất bại,CN Hoàn Kiếm,340653
GD202611013230,2026-11-19 15:54:46,KH000136,QR Code,Thanh toán thẻ,325000,0,Thành công,CN TP Hồ Chí Minh,28638812
GD202611012524,2026-11-19 15:55:57,KH000130,Mobile Banking,Thanh toán hóa đơn,1328000,0,Thành công,CN Bình Dương,38326905
GD202611000541,2026-11-19 16:02:45,KH000009,POS,Thanh toán hóa đơn,708000,0,Thành công,CN Cần Thơ,51538128
GD202611010266,2026-11-19 16:02:45,KH000106,QR Code,Thanh toán hóa đơn,568000,0,Thành công,CN Bình Dương,45906732
GD202611013097,2026-11-19 16:10:19,KH000134,POS,Thanh toán thẻ,1019000,1100,Thành công,CN Bình Dương,2824362
GD202611011135,2026-11-19 16:23:04,KH000117,POS,Thanh toán thẻ,128000,3300,Thành công,CN Bình Dương,124377082
GD202611003157,2026-11-19 16:47:07,KH000028,ATM,Chuyển khoản đến,1874000,5500,Thành công,CN TP Hồ Chí Minh,66820115
GD202611014924,2026-11-19 16:55:46,KH000158,POS,Thanh toán thẻ,12867000,1100,Thành công,CN Đà Nẵng,48150738
GD202611018355,2026-11-19 16:57:29,KH000194,Mobile Banking,Rút tiền mặt,219000,0,Thành công,CN Bình Dương,5172449
GD202611002034,2026-11-19 17:08:32,KH000019,Quầy giao dịch,Chuyển khoản đi,202000,3300,Thành công,CN Thanh Xuân,2497151
GD202611014762,2026-11-19 17:38:30,KH000156,Mobile Banking,Nạp tiền điện thoại,3186000,0,Thành công,CN TP Hồ Chí Minh,10126952
GD202611008527,2026-11-19 17:49:07,KH000086,Internet Banking,Nộp tiền mặt,6837000,0,Thành công,CN Cầu Giấy,33527192
GD202611015312,2026-11-19 18:18:30,KH000163,Mobile Banking,Nộp tiền mặt,7650000,0,Thành công,CN Hoàn Kiếm,47153680
GD202611016019,2026-11-19 18:32:21,KH000172,QR Code,Thanh toán thẻ,381000,0,Thành công,CN Đà Nẵng,4007091
GD202611014845,2026-11-19 19:08:24,KH000157,Internet Banking,Nộp tiền mặt,297000,0,Thất bại,CN TP Hồ Chí Minh,2081317
GD202611013021,2026-11-19 19:27:39,KH000132,QR Code,Thanh toán thẻ,2112000,0,Thất bại,CN Cần Thơ,15165443
GD202611013800,2026-11-19 19:27:58,KH000144,QR Code,Rút tiền mặt,2435000,0,Thành công,CN Quận 1,4525227
GD202611001761,2026-11-19 19:51:09,KH000018,Internet Banking,Chuyển khoản đi,728000,0,Thành công,CN Đà Nẵng,88639695
GD202611004335,2026-11-19 20:21:50,KH000044,QR Code,Chuyển khoản đi,467000,0,Thành công,CN Thanh Xuân,1577762
GD202611006499,2026-11-19 20:27:22,KH000065,QR Code,Thanh toán thẻ,4237000,0,Thành công,CN Thanh Xuân,37636686
GD202611005061,2026-11-19 20:59:22,KH000052,Internet Banking,Thanh toán thẻ,88000,0,Thành công,CN Cần Thơ,317106
GD202611007128,2026-11-19 21:01:46,KH000074,Internet Banking,Thanh toán thẻ,1499000,0,Thành công,CN Hoàn Kiếm,32290249
GD202611013477,2026-11-19 21:06:48,KH000139,Internet Banking,Chuyển khoản đi,55000,0,Thành công,CN Đà Nẵng,256507
GD202611015716,2026-11-19 21:07:12,KH000170,Internet Banking,Thanh toán thẻ,178000,0,Thành công,CN Thanh Xuân,162653
GD202611013921,2026-11-19 21:21:34,KH000145,QR Code,Rút tiền mặt,270000,0,Thành công,CN Hoàn Kiếm,123003621
GD202611011260,2026-11-19 21:23:08,KH000118,Quầy giao dịch,Rút tiền mặt,1967000,5500,Thành công,CN Hoàn Kiếm,12996305
GD202611008397,2026-11-19 21:45:19,KH000084,POS,Thanh toán thẻ,1500000,1100,Thành công,CN Bình Dương,3557051
GD202611015385,2026-11-19 22:40:24,KH000164,QR Code,Chuyển khoản đến,86000,0,Thành công,CN Cầu Giấy,34543847
GD202611008159,2026-11-19 22:42:37,KH000083,Mobile Banking,Chuyển khoản đến,501000,0,Thành công,CN Quận 1,99149914
GD202611013478,2026-11-19 22:42:45,KH000139,Internet Banking,Nộp tiền mặt,136000,0,Thành công,CN Thanh Xuân,392507
GD202611010309,2026-11-20 06:01:44,KH000107,ATM,Chuyển khoản đi,377000,1100,Thành công,CN Thanh Xuân,109744824
GD202611006824,2026-11-20 06:17:02,KH000071,Mobile Banking,Chuyển khoản đi,120000,0,Thành công,CN Cần Thơ,648238
GD202611007806,2026-11-20 06:39:55,KH000079,Mobile Banking,Chuyển khoản đến,1506000,0,Thành công,CN Quận 1,9665704
GD202611017803,2026-11-20 06:42:51,KH000187,Mobile Banking,Nộp tiền mặt,3994000,0,Thành công,CN Bình Dương,22922496
GD202611016722,2026-11-20 06:45:01,KH000180,Mobile Banking,Nộp tiền mặt,2727000,0,Thành công,CN Bình Dương,81105863
GD202611000493,2026-11-20 06:45:41,KH000008,Mobile Banking,Nộp tiền mặt,3120000,0,Thành công,CN Hải Phòng,21649890
GD202611013134,2026-11-20 06:58:32,KH000135,Mobile Banking,Chuyển khoản đến,3989000,0,Thành công,CN Thanh Xuân,42320576
GD202611015386,2026-11-20 07:07:17,KH000164,QR Code,Thanh toán thẻ,57000,0,Thành công,CN Hoàn Kiếm,34486847
GD202611016847,2026-11-20 07:13:02,KH000181,POS,Thanh toán thẻ,67000,3300,Thành công,CN Hoàn Kiếm,193520
GD202611015718,2026-11-20 07:19:56,KH000170,ATM,Nộp tiền mặt,174000,3300,Thành công,CN Thanh Xuân,397153
GD202611018681,2026-11-20 07:23:22,KH000197,Internet Banking,Rút tiền mặt,11828000,0,Thành công,CN Hải Phòng,108732635
GD202611003944,2026-11-20 08:47:28,KH000038,Mobile Banking,Thanh toán thẻ,3443000,0,Thành công,CN Hoàn Kiếm,108946373
GD202611015552,2026-11-20 08:55:09,KH000168,Mobile Banking,Chuyển khoản đến,1290000,0,Thành công,CN Cần Thơ,7820200
GD202611000859,2026-11-20 08:59:50,KH000011,POS,Thanh toán thẻ,3244000,1100,Thành công,CN Quận 1,124240492
GD202611005692,2026-11-20 09:09:13,KH000059,Mobile Banking,Thanh toán hóa đơn,16211000,0,Thành công,CN Hoàn Kiếm,41900078
GD202611015717,2026-11-20 09:35:10,KH000170,Mobile Banking,Thanh toán thẻ,121000,0,Thành công,CN Hải Phòng,223153
GD202611003359,2026-11-20 09:35:30,KH000031,QR Code,Nộp tiền mặt,52000,0,Thất bại,CN Hoàn Kiếm,198803
GD202611002264,2026-11-20 09:42:30,KH000020,POS,Nộp tiền mặt,38689000,3300,Thành công,CN Bình Dương,159586949
GD202611011136,2026-11-20 09:52:35,KH000117,Mobile Banking,Nộp tiền mặt,448000,0,Thành công,CN Cần Thơ,124825082
GD202611000285,2026-11-20 10:04:04,KH000006,QR Code,Thanh toán thẻ,183000,0,Thành công,CN Đà Nẵng,384666
GD202611016401,2026-11-20 10:12:45,KH000176,Mobile Banking,Nạp tiền điện thoại,474000,0,Thành công,CN Thanh Xuân,74908734
GD202611012525,2026-11-20 10:17:43,KH000130,QR Code,Chuyển khoản đến,5092000,0,Thành công,CN Hoàn Kiếm,43418905
GD202611006254,2026-11-20 11:07:12,KH000063,Internet Banking,Chuyển khoản đến,693000,0,Thành công,CN Bình Dương,99335300
GD202611006255,2026-11-20 11:51:46,KH000063,ATM,Chuyển khoản đến,1273000,0,Thành công,CN Đà Nẵng,100608300
GD202611006253,2026-11-20 12:07:33,KH000063,Mobile Banking,Thanh toán thẻ,576000,0,Thành công,CN Thanh Xuân,98642300
GD202611008070,2026-11-20 12:20:13,KH000082,Internet Banking,Thanh toán thẻ,236000,0,Thành công,CN Thanh Xuân,5223049
GD202611015235,2026-11-20 12:30:27,KH000162,Mobile Banking,Chuyển khoản đến,114000,0,Thành công,CN Hải Phòng,571603
GD202611009687,2026-11-20 12:32:31,KH000098,Internet Banking,Thanh toán thẻ,1285000,0,Thành công,CN Hoàn Kiếm,21448912
GD202611016400,2026-11-20 12:37:27,KH000176,QR Code,Nộp tiền mặt,210000,0,Thành công,CN Quận 1,75382734
GD202611005062,2026-11-20 12:52:43,KH000052,Mobile Banking,Nộp tiền mặt,92000,0,Thành công,CN Quận 1,409106
GD202611006288,2026-11-20 13:16:16,KH000064,Mobile Banking,Thanh toán thẻ,413000,0,Thành công,CN Quận 1,1562031
GD202611000286,2026-11-20 13:35:16,KH000006,POS,Nạp tiền điện thoại,100000,3300,Thành công,CN Thanh Xuân,281366
GD202611004610,2026-11-20 13:37:56,KH000048,POS,Nộp tiền mặt,108000,3300,Thành công,CN Bình Dương,725115
GD202611001614,2026-11-20 14:26:19,KH000016,POS,Chuyển khoản đi,131000,5500,Thành công,CN Bình Dương,351607
GD202611014763,2026-11-20 14:39:23,KH000156,POS,Thanh toán thẻ,1304000,5500,Thành công,CN Thanh Xuân,8817452
GD202611010267,2026-11-20 15:15:47,KH000106,POS,Thanh toán thẻ,1308000,1100,Thành công,CN Quận 1,44597632
GD202611018222,2026-11-20 15:19:37,KH000191,Mobile Banking,Nộp tiền mặt,748000,0,Thành công,CN Bình Dương,13135439
GD202611003489,2026-11-20 16:08:57,KH000032,ATM,Nộp tiền mặt,120000,3300,Thành công,CN Hải Phòng,124223234
GD202611001289,2026-11-20 16:14:29,KH000014,QR Code,Thanh toán hóa đơn,1660000,0,Thành công,CN Cần Thơ,21638473
GD202611000095,2026-11-20 16:20:39,KH000003,ATM,Nộp tiền mặt,18754000,5500,Thành công,CN Cầu Giấy,475736678
GD202611011024,2026-11-20 16:35:44,KH000116,Mobile Banking,Rút tiền mặt,1911000,0,Thành công,CN TP Hồ Chí Minh,5639985
GD202611001615,2026-11-20 17:00:40,KH000016,Internet Banking,Thanh toán thẻ,153000,0,Thành công,CN Bình Dương,198607
GD202611017115,2026-11-20 17:19:15,KH000182,Internet Banking,Thanh toán thẻ,5333000,0,Thành công,CN Cầu Giấy,11685919
GD202611010399,2026-11-20 17:25:14,KH000108,Internet Banking,Thanh toán thẻ,344000,0,Thành công,CN Đà Nẵng,122750436
GD202611004625,2026-11-20 17:26:28,KH000049,Internet Banking,Chuyển khoản đến,3355000,0,Thành công,CN Hoàn Kiếm,34216376
GD202611005691,2026-11-20 17:41:06,KH000059,POS,Thanh toán thẻ,10662000,1100,Thành công,CN Bình Dương,58111078
GD202611016846,2026-11-20 18:09:29,KH000181,QR Code,Thanh toán thẻ,93000,0,Thành công,CN Thanh Xuân,263820
GD202611013022,2026-11-20 18:23:42,KH000132,Internet Banking,Thanh toán thẻ,576000,0,Thành công,CN Quận 1,14589443
GD202611018818,2026-11-20 18:51:33,KH000200,ATM,Chuyển khoản đến,69000,1100,Thành công,CN Cần Thơ,396377
GD202611014694,2026-11-20 18:52:39,KH000154,QR Code,Thanh toán thẻ,1146000,0,Thành công,CN Bình Dương,2778294
GD202611001030,2026-11-20 19:23:04,KH000013,POS,Thanh toán thẻ,309000,0,Thành công,CN Bình Dương,1061938
GD202611013550,2026-11-20 19:40:45,KH000141,Internet Banking,Thanh toán thẻ,1310000,0,Thành công,CN Quận 1,4599664
GD202611012216,2026-11-20 19:43:44,KH000127,Internet Banking,Thanh toán hóa đơn,4497000,0,Thành công,CN Đà Nẵng,19565245
GD202611009217,2026-11-20 19:45:58,KH000094,Internet Banking,Thanh toán thẻ,2150000,0,Thành công,CN Quận 1,78127496
GD202611009441,2026-11-20 19:46:07,KH000096,QR Code,Rút tiền mặt,3668000,0,Thành công,CN Hoàn Kiếm,15533469
GD202611007804,2026-11-20 19:52:47,KH000079,Mobile Banking,Thanh toán thẻ,3291000,0,Thành công,CN Hải Phòng,9645704
GD202611005358,2026-11-20 20:04:13,KH000056,QR Code,Nộp tiền mặt,1226000,0,Thành công,CN Cần Thơ,117399637
GD202611004611,2026-11-20 20:11:35,KH000048,QR Code,Thanh toán hóa đơn,145000,0,Thành công,CN TP Hồ Chí Minh,580115
GD202611013351,2026-11-20 20:22:16,KH000137,Mobile Banking,Chuyển khoản đến,6769000,0,Thành công,CN Cần Thơ,34142714
GD202611013674,2026-11-20 20:23:53,KH000142,Quầy giao dịch,Nộp tiền mặt,3358000,0,Thành công,CN Quận 1,152027977
GD202611013352,2026-11-20 20:24:34,KH000137,Internet Banking,Thanh toán thẻ,6884000,0,Thành công,CN Cầu Giấy,27258714
GD202611003737,2026-11-20 20:59:12,KH000034,POS,Thanh toán thẻ,1704000,3300,Thành công,CN Hải Phòng,49072864
GD202611017440,2026-11-20 21:11:06,KH000183,QR Code,Thanh toán thẻ,11380000,0,Thành công,CN Cần Thơ,80737990
GD202611008633,2026-11-20 21:11:56,KH000087,Internet Banking,Nạp tiền điện thoại,124000,0,Thành công,CN Cầu Giấy,170426
GD202611015234,2026-11-20 21:13:13,KH000162,Mobile Banking,Nạp tiền điện thoại,105000,0,Thành công,CN Cần Thơ,457603
GD202611016519,2026-11-20 21:13:49,KH000177,POS,Rút tiền mặt,16931000,3300,Thành công,CN Quận 1,35273733
GD202611006018,2026-11-20 21:38:47,KH000061,Mobile Banking,Nộp tiền mặt,2352000,0,Thành công,CN Hải Phòng,13450571
GD202611011538,2026-11-20 21:43:47,KH000120,Internet Banking,Thanh toán thẻ,2433000,0,Thành công,CN Hoàn Kiếm,65192930
GD202611010398,2026-11-20 21:49:39,KH000108,QR Code,Thanh toán thẻ,195000,0,Thành công,CN Hải Phòng,123094436
GD202611012347,2026-11-20 22:04:21,KH000128,POS,Thanh toán thẻ,344000,5500,Thành công,CN Hải Phòng,86505720
GD202611013675,2026-11-20 22:15:46,KH000142,ATM,Nạp tiền điện thoại,548000,3300,Thất bại,CN TP Hồ Chí Minh,152027977
GD202611007480,2026-11-20 22:18:49,KH000077,Internet Banking,Chuyển khoản đến,575000,0,Thành công,CN Quận 1,2470229
GD202611008976,2026-11-20 22:20:04,KH000093,QR Code,Nộp tiền mặt,3478000,0,Thành công,CN Bình Dương,24274804
GD202611006017,2026-11-20 22:21:46,KH000061,Mobile Banking,Thanh toán thẻ,1768000,0,Thành công,CN Thanh Xuân,11098571
GD202611014764,2026-11-20 22:23:23,KH000156,POS,Thanh toán thẻ,427000,1100,Thành công,CN Thanh Xuân,8389352
GD202611012789,2026-11-20 22:40:59,KH000131,Internet Banking,Nạp tiền điện thoại,56000,0,Thành công,CN Hải Phòng,248480
GD202611013133,2026-11-20 22:45:47,KH000135,Internet Banking,Thanh toán hóa đơn,13996000,0,Thành công,CN Bình Dương,38331576
GD202611007805,2026-11-20 22:48:34,KH000079,QR Code,Rút tiền mặt,1486000,0,Thành công,CN Cầu Giấy,8159704
GD202611009218,2026-11-21 06:21:29,KH000094,POS,Thanh toán thẻ,2221000,5500,Thành công,CN Hoàn Kiếm,75900996
GD202611011488,2026-11-21 06:24:30,KH000119,Mobile Banking,Thanh toán thẻ,155000,0,Thành công,CN Thanh Xuân,78850759
GD202611016184,2026-11-21 06:39:57,KH000175,ATM,Nộp tiền mặt,387000,1100,Thành công,CN Hải Phòng,18897462
GD202611005064,2026-11-21 06:46:58,KH000052,Mobile Banking,Chuyển khoản đi,64000,0,Thành công,CN Bình Dương,172106
GD202611008399,2026-11-21 07:32:43,KH000084,Internet Banking,Rút tiền mặt,743000,0,Thành công,CN Đà Nẵng,3877051
GD202611013922,2026-11-21 07:35:38,KH000145,Mobile Banking,Nạp tiền điện thoại,306000,0,Thành công,CN Cần Thơ,122697621
GD202611001031,2026-11-21 07:55:56,KH000013,Mobile Banking,Chuyển khoản đi,361000,0,Thành công,CN Bình Dương,700938
GD202611018820,2026-11-21 07:56:34,KH000200,POS,Thanh toán thẻ,196000,1100,Thành công,CN Hoàn Kiếm,60277
GD202611015634,2026-11-21 08:09:21,KH000169,ATM,Nạp tiền điện thoại,12080000,0,Thành công,CN Quận 1,24937953
GD202611006653,2026-11-21 08:39:28,KH000067,Internet Banking,Thanh toán thẻ,178000,0,Thành công,CN Hải Phòng,474299
GD202611014765,2026-11-21 08:47:45,KH000156,Internet Banking,Thanh toán thẻ,1696000,0,Thành công,CN Quận 1,6693352
GD202611002561,2026-11-21 08:50:17,KH000024,POS,Chuyển khoản đi,847000,1100,Thành công,CN Thanh Xuân,134276059
GD202611012220,2026-11-21 08:58:27,KH000127,QR Code,Thanh toán thẻ,4049000,0,Thành công,CN Bình Dương,8475645
GD202611005065,2026-11-21 09:20:40,KH000052,QR Code,Nộp tiền mặt,140000,0,Thành công,CN Đà Nẵng,312106
GD202611012218,2026-11-21 09:22:45,KH000127,QR Code,Chuyển khoản đến,1333000,0,Thành công,CN Đà Nẵng,18424745
GD202611000287,2026-11-21 09:29:20,KH000006,Quầy giao dịch,Nộp tiền mặt,77000,5500,Thành công,CN Hoàn Kiếm,358366
GD202611012219,2026-11-21 09:37:27,KH000127,POS,Thanh toán thẻ,5899000,1100,Thành công,CN Đà Nẵng,12524645
GD202611013410,2026-11-21 09:50:11,KH000138,Internet Banking,Thanh toán thẻ,1963000,0,Thành công,CN Bình Dương,20027422
GD202611007481,2026-11-21 10:37:21,KH000077,QR Code,Thanh toán thẻ,243000,0,Thành công,CN Cần Thơ,2227229
GD202611010769,2026-11-21 10:42:27,KH000113,Internet Banking,Nạp tiền điện thoại,2917000,0,Thành công,CN Đà Nẵng,15453319
GD202611005693,2026-11-21 11:13:25,KH000059,Mobile Banking,Thanh toán thẻ,10626000,0,Thành công,CN Thanh Xuân,31274078
GD202611008160,2026-11-21 11:21:59,KH000083,POS,Thanh toán thẻ,402000,3300,Thành công,CN Cầu Giấy,98744614
GD202611008161,2026-11-21 11:35:55,KH000083,ATM,Chuyển khoản đi,235000,5500,Thành công,CN Đà Nẵng,98504114
GD202611013802,2026-11-21 11:46:48,KH000144,POS,Thanh toán thẻ,1152000,3300,Thành công,CN Cần Thơ,3022927
GD202611005063,2026-11-21 12:01:45,KH000052,QR Code,Thanh toán thẻ,173000,0,Thành công,CN Bình Dương,236106
GD202611012217,2026-11-21 12:03:37,KH000127,POS,Thanh toán thẻ,2468000,5500,Thành công,CN Thanh Xuân,17091745
GD202611013676,2026-11-21 12:55:21,KH000142,Quầy giao dịch,Chuyển khoản đi,27314000,0,Thành công,CN TP Hồ Chí Minh,124713977
GD202611002265,2026-11-21 12:56:08,KH000020,Mobile Banking,Nộp tiền mặt,46192000,0,Thành công,CN Quận 1,205778949
GD202611001676,2026-11-21 13:07:38,KH000017,POS,Nộp tiền mặt,3090000,1100,Thành công,CN TP Hồ Chí Minh,24075366
GD202611016402,2026-11-21 13:11:42,KH000176,Internet Banking,Nộp tiền mặt,358000,0,Thành công,CN Quận 1,75266734
GD202611002266,2026-11-21 13:21:26,KH000020,Quầy giao dịch,Nộp tiền mặt,11710000,0,Thành công,CN Thanh Xuân,217488949
GD202611016723,2026-11-21 13:35:02,KH000180,QR Code,Thanh toán thẻ,652000,0,Thành công,CN Hải Phòng,80453863
GD202611009790,2026-11-21 13:48:31,KH000099,POS,Thanh toán thẻ,90000,3300,Thành công,CN Thanh Xuân,59658679
GD202611006700,2026-11-21 14:12:45,KH000068,Quầy giao dịch,Thanh toán hóa đơn,3942000,5500,Thành công,CN Bình Dương,8021789
GD202611017805,2026-11-21 14:18:02,KH000187,POS,Thanh toán thẻ,2944000,0,Thành công,CN Đà Nẵng,13727196
GD202611004488,2026-11-21 15:02:54,KH000045,Internet Banking,Nộp tiền mặt,1160000,0,Thành công,CN Quận 1,65929991
GD202611017804,2026-11-21 15:10:51,KH000187,POS,Thanh toán thẻ,6248000,3300,Thành công,CN Đà Nẵng,16671196
GD202611016591,2026-11-21 15:12:55,KH000179,Quầy giao dịch,Chuyển khoản đến,17414000,0,Thành công,CN Bình Dương,253206147
GD202611011025,2026-11-21 15:14:53,KH000116,Internet Banking,Thanh toán thẻ,1249000,0,Thành công,CN Cần Thơ,4390985
GD202611007807,2026-11-21 15:15:00,KH000079,POS,Thanh toán thẻ,1700000,1100,Thành công,CN Quận 1,7964604
GD202611008398,2026-11-21 15:35:05,KH000084,QR Code,Nộp tiền mặt,1063000,0,Thành công,CN Bình Dương,4620051
GD202611009972,2026-11-21 15:45:07,KH000103,Mobile Banking,Thanh toán thẻ,197000,0,Thành công,CN Hải Phòng,350719
GD202611004569,2026-11-21 15:45:47,KH000047,ATM,Rút tiền mặt,1619000,5500,Thành công,CN Hoàn Kiếm,156220084
GD202611017510,2026-11-21 15:56:14,KH000184,Internet Banking,Chuyển khoản đến,4165000,0,Thành công,CN Hải Phòng,19602348
GD202611003158,2026-11-21 16:06:23,KH000028,POS,Thanh toán thẻ,1270000,0,Thành công,CN Đà Nẵng,65550115
GD202611003247,2026-11-21 16:40:50,KH000029,ATM,Thanh toán hóa đơn,1937000,5500,Thành công,CN Hoàn Kiếm,17278794
GD202611018223,2026-11-21 16:41:29,KH000191,Internet Banking,Chuyển khoản đến,1628000,0,Thành công,CN Đà Nẵng,14763439
GD202611006701,2026-11-21 16:45:06,KH000068,Quầy giao dịch,Nạp tiền điện thoại,2124000,1100,Thành công,CN Hoàn Kiếm,5896689
GD202611018224,2026-11-21 16:56:57,KH000191,Mobile Banking,Nạp tiền điện thoại,2755000,0,Thành công,CN Đà Nẵng,12008439
GD202611000226,2026-11-21 16:59:49,KH000005,Internet Banking,Chuyển khoản đến,111000,0,Thành công,CN TP Hồ Chí Minh,499130
GD202611013098,2026-11-21 17:03:59,KH000134,Internet Banking,Nộp tiền mặt,60000,0,Thất bại,CN Đà Nẵng,2824362
GD202611000740,2026-11-21 17:04:04,KH000010,QR Code,Nộp tiền mặt,2600000,0,Thành công,CN Cầu Giấy,11210376
GD202611018819,2026-11-21 17:06:42,KH000200,Mobile Banking,Thanh toán thẻ,139000,0,Thành công,CN TP Hồ Chí Minh,257377
GD202611018306,2026-11-21 17:29:39,KH000193,Internet Banking,Thanh toán thẻ,75612000,0,Thành công,CN Hoàn Kiếm,295001772
GD202611013023,2026-11-21 17:30:12,KH000132,QR Code,Chuyển khoản đi,1966000,0,Thành công,CN Cần Thơ,12623443
GD202611018682,2026-11-21 18:04:56,KH000197,Mobile Banking,Thanh toán hóa đơn,29522000,0,Thành công,CN Cầu Giấy,79210635
GD202611002035,2026-11-21 18:14:21,KH000019,POS,Chuyển khoản đến,846000,5500,Thành công,CN Quận 1,3343151
GD202611006019,2026-11-21 18:20:34,KH000061,Internet Banking,Chuyển khoản đến,783000,0,Thành công,CN Hải Phòng,14233571
GD202611009971,2026-11-21 18:22:59,KH000103,Mobile Banking,Chuyển khoản đi,245000,0,Thành công,CN Bình Dương,547719
GD202611014336,2026-11-21 18:56:49,KH000152,QR Code,Chuyển khoản đi,875000,0,Thành công,CN Cầu Giấy,72631603
GD202611015635,2026-11-21 19:01:03,KH000169,Mobile Banking,Thanh toán hóa đơn,2909000,0,Thành công,CN Quận 1,22028953
GD202611010268,2026-11-21 19:21:43,KH000106,Mobile Banking,Thanh toán thẻ,729000,0,Thành công,CN TP Hồ Chí Minh,43868632
GD202611004489,2026-11-21 19:55:48,KH000045,POS,Thanh toán thẻ,1605000,3300,Thành công,CN Quận 1,64321691
GD202611001405,2026-11-21 19:56:09,KH000015,Quầy giao dịch,Chuyển khoản đến,1715000,3300,Thành công,CN Thanh Xuân,14066151
GD202611000543,2026-11-21 19:57:31,KH000009,QR Code,Chuyển khoản đến,2031000,0,Thành công,CN TP Hồ Chí Minh,50102028
GD202611017961,2026-11-21 20:08:39,KH000189,QR Code,Rút tiền mặt,4453000,0,Thành công,CN Hoàn Kiếm,163031885
GD202611005712,2026-11-21 20:13:22,KH000060,QR Code,Nộp tiền mặt,1803000,0,Thành công,CN Quận 1,37037061
GD202611012526,2026-11-21 20:14:54,KH000130,Quầy giao dịch,Nạp tiền điện thoại,5127000,1100,Thành công,CN Quận 1,38290805
GD202611006289,2026-11-21 20:35:34,KH000064,POS,Thanh toán thẻ,293000,5500,Thành công,CN Đà Nẵng,1263531
GD202611013353,2026-11-21 21:22:07,KH000137,QR Code,Nạp tiền điện thoại,6724000,0,Thành công,CN TP Hồ Chí Minh,20534714
GD202611007129,2026-11-21 22:16:21,KH000074,Internet Banking,Chuyển khoản đến,420000,0,Thành công,CN Cần Thơ,32710249
GD202611009442,2026-11-21 22:50:04,KH000096,Mobile Banking,Thanh toán thẻ,1661000,0,Thành công,CN Bình Dương,13872469
GD202611003797,2026-11-22 06:08:28,KH000036,Mobile Banking,Thanh toán thẻ,1811000,0,Thất bại,CN Thanh Xuân,20188686
GD202611008945,2026-11-22 06:21:36,KH000092,QR Code,Rút tiền mặt,122000,0,Thất bại,CN Bình Dương,5756842
GD202611013099,2026-11-22 06:24:55,KH000134,POS,Thanh toán thẻ,441000,5500,Thành công,CN Hoàn Kiếm,2377862
GD202611007482,2026-11-22 06:36:53,KH000077,Internet Banking,Thanh toán hóa đơn,721000,0,Thành công,CN Hoàn Kiếm,1506229
GD202611014846,2026-11-22 07:07:52,KH000157,POS,Thanh toán thẻ,542000,0,Thành công,CN Cần Thơ,1539317
GD202611002503,2026-11-22 07:28:22,KH000023,Internet Banking,Thanh toán hóa đơn,4054000,0,Thành công,CN Cầu Giấy,8738980
GD202611012790,2026-11-22 08:32:25,KH000131,POS,Thanh toán thẻ,123000,0,Thất bại,CN Cần Thơ,248480
GD202611002809,2026-11-22 08:37:04,KH000025,Mobile Banking,Thanh toán thẻ,139000,0,Thành công,CN TP Hồ Chí Minh,233731
GD202611010269,2026-11-22 08:41:44,KH000106,Mobile Banking,Chuyển khoản đến,1097000,0,Thành công,CN Hoàn Kiếm,44965632
GD202611017116,2026-11-22 08:44:50,KH000182,QR Code,Chuyển khoản đến,117000,0,Thành công,CN Cầu Giấy,11802919
GD202611003360,2026-11-22 09:02:27,KH000031,Mobile Banking,Chuyển khoản đi,55000,0,Thành công,CN Hoàn Kiếm,143803
GD202611017640,2026-11-22 09:06:59,KH000186,Internet Banking,Thanh toán hóa đơn,3498000,0,Thành công,CN Đà Nẵng,8536454
GD202611006020,2026-11-22 09:10:42,KH000061,QR Code,Thanh toán hóa đơn,140000,0,Thành công,CN TP Hồ Chí Minh,14093571
GD202611012348,2026-11-22 09:13:48,KH000128,Internet Banking,Thanh toán thẻ,166000,0,Thành công,CN Thanh Xuân,86339720
GD202611001406,2026-11-22 09:31:12,KH000015,QR Code,Thanh toán thẻ,2889000,0,Thành công,CN Thanh Xuân,11177151
GD202611010974,2026-11-22 09:54:48,KH000115,ATM,Nộp tiền mặt,4892000,3300,Thành công,CN TP Hồ Chí Minh,44111896
GD202611010770,2026-11-22 09:56:31,KH000113,Internet Banking,Rút tiền mặt,3867000,0,Thành công,CN Cần Thơ,11586319
GD202611010882,2026-11-22 10:07:51,KH000114,Internet Banking,Thanh toán thẻ,821000,0,Thành công,CN Bình Dương,92512364
GD202611015719,2026-11-22 10:15:21,KH000170,QR Code,Nạp tiền điện thoại,104000,0,Thành công,CN Quận 1,293153
GD202611009973,2026-11-22 10:19:08,KH000103,QR Code,Chuyển khoản đi,118000,0,Thành công,CN Thanh Xuân,232719
GD202611005713,2026-11-22 10:19:37,KH000060,QR Code,Thanh toán hóa đơn,2517000,0,Thành công,CN Hoàn Kiếm,34520061
GD202611002267,2026-11-22 10:24:41,KH000020,Internet Banking,Chuyển khoản đến,41308000,0,Thành công,CN Đà Nẵng,258796949
GD202611014695,2026-11-22 11:35:59,KH000154,Internet Banking,Rút tiền mặt,225000,0,Thành công,CN TP Hồ Chí Minh,2553294
GD202611004306,2026-11-22 11:56:39,KH000043,POS,Rút tiền mặt,288000,3300,Thất bại,CN Quận 1,105079173
GD202611013024,2026-11-22 12:03:43,KH000132,Mobile Banking,Chuyển khoản đến,4303000,0,Thành công,CN Cần Thơ,16926443
GD202611000741,2026-11-22 12:08:01,KH000010,QR Code,Thanh toán thẻ,1449000,0,Thành công,CN Thanh Xuân,9761376
GD202611012791,2026-11-22 12:22:07,KH000131,Internet Banking,Chuyển khoản đến,143000,0,Thành công,CN Cầu Giấy,391480
GD202611008400,2026-11-22 12:28:50,KH000084,QR Code,Chuyển khoản đến,1015000,0,Thành công,CN Hải Phòng,4892051
GD202611014960,2026-11-22 13:00:06,KH000159,Internet Banking,Thanh toán hóa đơn,9066000,0,Thành công,CN Thanh Xuân,27928927
GD202611004259,2026-11-22 13:12:12,KH000042,Internet Banking,Chuyển khoản đi,2302000,0,Thành công,CN Quận 1,41608003
GD202611009975,2026-11-22 13:18:54,KH000103,POS,Thanh toán thẻ,54000,0,Thành công,CN Cầu Giấy,377719
GD202611015838,2026-11-22 14:07:07,KH000171,POS,Nạp tiền điện thoại,176000,1100,Thành công,CN TP Hồ Chí Minh,86651
GD202611005359,2026-11-22 14:15:20,KH000056,POS,Thanh toán thẻ,4088000,0,Thành công,CN Quận 1,113311637
GD202611004258,2026-11-22 14:20:31,KH000042,POS,Thanh toán thẻ,2048000,0,Thành công,CN Hải Phòng,43910003
GD202611018519,2026-11-22 14:52:53,KH000195,ATM,Rút tiền mặt,188000,0,Thành công,CN TP Hồ Chí Minh,295117
GD202611008071,2026-11-22 14:56:09,KH000082,QR Code,Nộp tiền mặt,1785000,0,Thành công,CN Hải Phòng,7008049
GD202611009974,2026-11-22 15:08:12,KH000103,Mobile Banking,Chuyển khoản đến,199000,0,Thành công,CN Quận 1,431719
GD202611017441,2026-11-22 15:18:19,KH000183,Internet Banking,Nộp tiền mặt,22047000,0,Thành công,CN Hoàn Kiếm,102784990
GD202611000288,2026-11-22 15:18:21,KH000006,POS,Chuyển khoản đến,156000,3300,Thành công,CN TP Hồ Chí Minh,514366
GD202611012527,2026-11-22 15:22:39,KH000130,QR Code,Thanh toán thẻ,954000,0,Thành công,CN Hoàn Kiếm,37336805
GD202611002808,2026-11-22 15:23:44,KH000025,POS,Thanh toán hóa đơn,63000,3300,Thành công,CN Cần Thơ,164231
GD202611015314,2026-11-22 15:24:30,KH000163,Quầy giao dịch,Thanh toán hóa đơn,9716000,5500,Thành công,CN Bình Dương,31770180
GD202611007195,2026-11-22 15:26:44,KH000075,POS,Thanh toán thẻ,2557000,0,Thành công,CN Hải Phòng,7157708
GD202611012221,2026-11-22 15:59:38,KH000127,Mobile Banking,Thanh toán thẻ,1643000,0,Thành công,CN Thanh Xuân,6832645
GD202611009443,2026-11-22 16:01:44,KH000096,QR Code,Thanh toán hóa đơn,3666000,0,Thành công,CN TP Hồ Chí Minh,10206469
GD202611007809,2026-11-22 16:15:35,KH000079,Mobile Banking,Chuyển khoản đến,738000,0,Thành công,CN Cầu Giấy,7634604
GD202611015042,2026-11-22 16:43:00,KH000161,QR Code,Nộp tiền mặt,3757000,0,Thành công,CN Quận 1,19308859
GD202611015839,2026-11-22 17:21:08,KH000171,Mobile Banking,Rút tiền mặt,161000,0,Thành công,CN Thanh Xuân,167151
GD202611012528,2026-11-22 17:36:42,KH000130,Internet Banking,Nộp tiền mặt,1906000,0,Thành công,CN Quận 1,39242805
GD202611003945,2026-11-22 17:39:59,KH000038,Mobile Banking,Thanh toán thẻ,105000,0,Thành công,CN Hải Phòng,108841373
GD202611010535,2026-11-22 17:46:17,KH000110,QR Code,Thanh toán hóa đơn,2357000,0,Thành công,CN Quận 1,59342096
GD202611001290,2026-11-22 17:52:54,KH000014,QR Code,Thanh toán thẻ,2971000,0,Thành công,CN Hải Phòng,18667473
GD202611010626,2026-11-22 17:53:18,KH000111,ATM,Chuyển khoản đi,20934000,0,Thành công,CN Hải Phòng,72389157
GD202611013677,2026-11-22 17:53:33,KH000142,ATM,Chuyển khoản đi,42812000,5500,Thành công,CN Bình Dương,81896477
GD202611007194,2026-11-22 17:55:01,KH000075,QR Code,Thanh toán thẻ,1594000,0,Thành công,CN Hoàn Kiếm,9714708
GD202611015043,2026-11-22 18:00:59,KH000161,Internet Banking,Chuyển khoản đến,5635000,0,Thành công,CN Quận 1,24943859
GD202611008401,2026-11-22 18:16:27,KH000084,Internet Banking,Thanh toán thẻ,1566000,0,Thành công,CN Hải Phòng,3326051
GD202611010166,2026-11-22 18:37:27,KH000104,Internet Banking,Thanh toán thẻ,383000,0,Thành công,CN Cần Thơ,5463719
GD202611016079,2026-11-22 18:53:53,KH000173,ATM,Nộp tiền mặt,169000,1100,Thành công,CN TP Hồ Chí Minh,1240668
GD202611016848,2026-11-22 18:59:40,KH000181,POS,Thanh toán thẻ,68000,0,Thành công,CN Bình Dương,125520
GD202611015553,2026-11-22 19:01:57,KH000168,Mobile Banking,Thanh toán thẻ,2095000,0,Thất bại,CN Cần Thơ,7820200
GD202611000494,2026-11-22 19:14:06,KH000008,Internet Banking,Nạp tiền điện thoại,4241000,0,Thành công,CN Bình Dương,17408890
GD202611000860,2026-11-22 19:15:15,KH000011,Internet Banking,Thanh toán thẻ,2385000,0,Thành công,CN Bình Dương,121855492
GD202611017442,2026-11-22 19:17:55,KH000183,Internet Banking,Thanh toán hóa đơn,5416000,0,Thành công,CN Bình Dương,97368990
GD202611004612,2026-11-22 19:33:33,KH000048,Internet Banking,Nộp tiền mặt,165000,0,Thành công,CN Hoàn Kiếm,745115
GD202611007483,2026-11-22 20:11:20,KH000077,Internet Banking,Thanh toán thẻ,484000,0,Thành công,CN Thanh Xuân,1022229
GD202611011926,2026-11-22 20:18:49,KH000125,Internet Banking,Nạp tiền điện thoại,185000,0,Thành công,CN Cầu Giấy,198036
GD202611005066,2026-11-22 20:31:44,KH000052,Internet Banking,Chuyển khoản đi,125000,0,Thành công,CN Quận 1,187106
GD202611002036,2026-11-22 20:31:53,KH000019,QR Code,Thanh toán thẻ,61000,0,Thành công,CN Hoàn Kiếm,3282151
GD202611007808,2026-11-22 20:32:30,KH000079,POS,Nạp tiền điện thoại,1068000,0,Thành công,CN Quận 1,6896604
GD202611017117,2026-11-22 20:45:06,KH000182,QR Code,Chuyển khoản đến,2648000,0,Thành công,CN TP Hồ Chí Minh,14450919
GD202611005155,2026-11-22 20:52:26,KH000053,Mobile Banking,Nạp tiền điện thoại,16017000,0,Thành công,CN Bình Dương,45066579
GD202611006256,2026-11-22 21:16:23,KH000063,POS,Thanh toán thẻ,1084000,1100,Thành công,CN Thanh Xuân,99523200
GD202611003159,2026-11-22 21:26:49,KH000028,QR Code,Nộp tiền mặt,2437000,0,Thành công,CN Cầu Giấy,67987115
GD202611004490,2026-11-22 22:16:52,KH000045,QR Code,Rút tiền mặt,2040000,0,Thành công,CN Thanh Xuân,62281691
GD202611010536,2026-11-22 22:55:10,KH000110,QR Code,Thanh toán thẻ,3011000,0,Thành công,CN Đà Nẵng,56331096
GD202611015720,2026-11-23 06:03:08,KH000170,QR Code,Nộp tiền mặt,175000,0,Thành công,CN Đà Nẵng,468153
GD202611002810,2026-11-23 06:03:53,KH000025,POS,Chuyển khoản đi,87000,1100,Thành công,CN TP Hồ Chí Minh,145631
GD202611017118,2026-11-23 06:39:48,KH000182,Mobile Banking,Thanh toán hóa đơn,3844000,0,Thành công,CN Đà Nẵng,10606919
GD202611001032,2026-11-23 06:41:41,KH000013,QR Code,Chuyển khoản đến,57000,0,Thành công,CN Hải Phòng,757938
GD202611009688,2026-11-23 06:49:58,KH000098,ATM,Nộp tiền mặt,1251000,3300,Thành công,CN Hoàn Kiếm,22699912
GD202611013479,2026-11-23 07:08:36,KH000139,Internet Banking,Nộp tiền mặt,175000,0,Thành công,CN Hải Phòng,567507
GD202611005068,2026-11-23 08:18:22,KH000052,QR Code,Chuyển khoản đi,103000,0,Thành công,CN Cầu Giấy,146106
GD202611007810,2026-11-23 08:28:32,KH000079,Mobile Banking,Nộp tiền mặt,2578000,0,Thành công,CN Cầu Giấy,10212604
GD202611016849,2026-11-23 08:28:43,KH000181,POS,Nộp tiền mặt,176000,0,Thành công,CN TP Hồ Chí Minh,301520
GD202611010167,2026-11-23 09:02:06,KH000104,Internet Banking,Thanh toán thẻ,1697000,0,Thành công,CN Quận 1,3766719
GD202611004006,2026-11-23 09:26:56,KH000039,ATM,Chuyển khoản đến,2403000,0,Thành công,CN Hải Phòng,77153997
GD202611017443,2026-11-23 09:41:37,KH000183,Mobile Banking,Nạp tiền điện thoại,17818000,0,Thành công,CN Bình Dương,79550990
GD202611005067,2026-11-23 09:43:13,KH000052,POS,Thanh toán hóa đơn,135000,5500,Thành công,CN Cầu Giấy,249106
GD202611016560,2026-11-23 09:44:20,KH000178,QR Code,Chuyển khoản đi,1631000,0,Thành công,CN TP Hồ Chí Minh,33588170
GD202611017582,2026-11-23 09:53:25,KH000185,Internet Banking,Chuyển khoản đi,5466000,0,Thành công,CN Bình Dương,99137762
GD202611002391,2026-11-23 10:00:23,KH000022,QR Code,Thanh toán thẻ,615000,0,Thành công,CN Đà Nẵng,47677549
GD202611013678,2026-11-23 10:03:32,KH000142,Internet Banking,Thanh toán hóa đơn,13007000,0,Thành công,CN Hoàn Kiếm,68889477
GD202611017444,2026-11-23 10:14:15,KH000183,ATM,Chuyển khoản đến,18145000,0,Thành công,CN Quận 1,97695990
GD202611000227,2026-11-23 10:23:50,KH000005,Mobile Banking,Nạp tiền điện thoại,69000,0,Thành công,CN Hoàn Kiếm,430130
GD202611004492,2026-11-23 10:51:47,KH000045,Mobile Banking,Nộp tiền mặt,1041000,0,Thành công,CN Thanh Xuân,62639691
GD202611018520,2026-11-23 11:15:56,KH000195,Mobile Banking,Thanh toán thẻ,118000,0,Thành công,CN Hoàn Kiếm,177117
GD202611005475,2026-11-23 11:30:40,KH000057,ATM,Chuyển khoản đến,16994000,5500,Thành công,CN Đà Nẵng,91716641
GD202611010883,2026-11-23 11:35:07,KH000114,POS,Thanh toán thẻ,2007000,0,Thành công,CN Hoàn Kiếm,90505364
GD202611015387,2026-11-23 11:51:17,KH000164,QR Code,Chuyển khoản đi,173000,0,Thành công,CN Hải Phòng,34313847
GD202611004626,2026-11-23 12:32:55,KH000049,QR Code,Thanh toán thẻ,3153000,0,Thành công,CN Đà Nẵng,31063376
GD202611014733,2026-11-23 12:34:39,KH000155,Internet Banking,Thanh toán thẻ,1639000,0,Thành công,CN Quận 1,108681770
GD202611001616,2026-11-23 12:36:21,KH000016,Internet Banking,Nạp tiền điện thoại,58000,0,Thành công,CN Quận 1,140607
GD202611005476,2026-11-23 12:39:04,KH000057,POS,Thanh toán thẻ,11479000,3300,Thành công,CN Cầu Giấy,80234341
GD202611015237,2026-11-23 12:42:25,KH000162,Internet Banking,Thanh toán thẻ,149000,0,Thành công,CN Đà Nẵng,227103
GD202611006290,2026-11-23 12:54:02,KH000064,POS,Nộp tiền mặt,180000,3300,Thành công,CN Đà Nẵng,1443531
GD202611013803,2026-11-23 13:00:40,KH000144,Internet Banking,Thanh toán hóa đơn,627000,0,Thành công,CN Bình Dương,2395927
GD202611011539,2026-11-23 13:02:42,KH000120,Internet Banking,Thanh toán thẻ,1755000,0,Thành công,CN Cần Thơ,63437930
GD202611010975,2026-11-23 13:09:26,KH000115,Mobile Banking,Chuyển khoản đến,5260000,0,Thành công,CN Quận 1,49371896
GD202611015554,2026-11-23 13:26:47,KH000168,QR Code,Thanh toán thẻ,2403000,0,Thành công,CN TP Hồ Chí Minh,5417200
GD202611001291,2026-11-23 13:33:20,KH000014,Mobile Banking,Thanh toán hóa đơn,725000,0,Thành công,CN Thanh Xuân,17942473
GD202611011600,2026-11-23 13:44:45,KH000121,ATM,Thanh toán hóa đơn,569000,5500,Thành công,CN Hoàn Kiếm,1157949
GD202611013231,2026-11-23 14:34:19,KH000136,Mobile Banking,Thanh toán thẻ,6894000,0,Thành công,CN Hoàn Kiếm,21744812
GD202611012222,2026-11-23 14:47:05,KH000127,POS,Thanh toán thẻ,442000,1100,Thành công,CN Hải Phòng,6389545
GD202611012793,2026-11-23 14:52:23,KH000131,QR Code,Chuyển khoản đến,185000,0,Thành công,CN Bình Dương,401480
GD202611018821,2026-11-23 15:09:42,KH000200,Mobile Banking,Nạp tiền điện thoại,87000,0,Thành công,CN Cầu Giấy,103777
GD202611015236,2026-11-23 15:10:44,KH000162,POS,Thanh toán thẻ,190000,5500,Thành công,CN Hải Phòng,376103
GD202611009878,2026-11-23 15:28:55,KH000101,Quầy giao dịch,Thanh toán hóa đơn,7587000,5500,Thành công,CN Quận 1,97359298
GD202611002037,2026-11-23 15:51:43,KH000019,POS,Thanh toán thẻ,252000,1100,Thành công,CN Hải Phòng,3029051
GD202611013552,2026-11-23 15:52:03,KH000141,Quầy giao dịch,Rút tiền mặt,1095000,1100,Thành công,CN Hải Phòng,3155564
GD202611004260,2026-11-23 16:06:38,KH000042,Mobile Banking,Thanh toán thẻ,4451000,0,Thành công,CN Thanh Xuân,37157003
GD202611015044,2026-11-23 16:13:46,KH000161,Mobile Banking,Thanh toán thẻ,7885000,0,Thành công,CN Quận 1,17058859
GD202611011601,2026-11-23 16:25:15,KH000121,Internet Banking,Chuyển khoản đến,297000,0,Thành công,CN Cầu Giấy,1454949
GD202611018225,2026-11-23 16:51:38,KH000191,POS,Thanh toán thẻ,2465000,1100,Thành công,CN Thanh Xuân,9542339
GD202611003836,2026-11-23 17:17:18,KH000037,Quầy giao dịch,Thanh toán hóa đơn,128000,0,Thành công,CN Hoàn Kiếm,12967358
GD202611012529,2026-11-23 17:25:10,KH000130,Mobile Banking,Thanh toán thẻ,1364000,0,Thành công,CN Cầu Giấy,37878805
GD202611012792,2026-11-23 17:25:42,KH000131,Mobile Banking,Thanh toán thẻ,175000,0,Thành công,CN Hoàn Kiếm,216480
GD202611014847,2026-11-23 17:43:53,KH000157,QR Code,Nộp tiền mặt,518000,0,Thành công,CN Quận 1,2057317
GD202611016080,2026-11-23 17:47:40,KH000173,POS,Chuyển khoản đi,252000,5500,Thành công,CN Cần Thơ,983168
GD202611003361,2026-11-23 17:56:11,KH000031,Internet Banking,Thanh toán thẻ,66000,0,Thành công,CN Bình Dương,77803
GD202611004491,2026-11-23 18:04:11,KH000045,Internet Banking,Rút tiền mặt,683000,0,Thành công,CN Hoàn Kiếm,61598691
GD202611015636,2026-11-23 18:08:41,KH000169,POS,Chuyển khoản đến,1597000,0,Thành công,CN Hoàn Kiếm,23625953
GD202611005210,2026-11-23 18:58:16,KH000054,Mobile Banking,Thanh toán hóa đơn,462000,0,Thành công,CN Hải Phòng,22146196
GD202611010667,2026-11-23 19:11:02,KH000112,Quầy giao dịch,Chuyển khoản đến,3746000,3300,Thành công,CN TP Hồ Chí Minh,38014886
GD202611002390,2026-11-23 19:11:50,KH000022,Quầy giao dịch,Thanh toán hóa đơn,659000,1100,Thành công,CN Thanh Xuân,48292549
GD202611005156,2026-11-23 19:23:11,KH000053,POS,Thanh toán thẻ,4319000,5500,Thành công,CN Hoàn Kiếm,40742079
GD202611013551,2026-11-23 19:40:24,KH000141,Internet Banking,Thanh toán thẻ,348000,0,Thành công,CN Hoàn Kiếm,4251664
GD202611005360,2026-11-23 19:52:32,KH000056,Mobile Banking,Thanh toán thẻ,3411000,0,Thành công,CN Quận 1,109900637
GD202611009976,2026-11-23 19:53:40,KH000103,Internet Banking,Rút tiền mặt,149000,0,Thành công,CN Đà Nẵng,228719
GD202611018725,2026-11-23 20:01:36,KH000198,Internet Banking,Chuyển khoản đến,313000,0,Thành công,CN Quận 1,2219288
GD202611005157,2026-11-23 20:05:06,KH000053,Mobile Banking,Rút tiền mặt,6618000,0,Thành công,CN Cầu Giấy,34124079
GD202611011927,2026-11-23 20:08:00,KH000125,POS,Thanh toán thẻ,116000,3300,Thành công,CN Đà Nẵng,78736
GD202611015637,2026-11-23 20:08:10,KH000169,ATM,Nạp tiền điện thoại,1895000,1100,Thành công,CN Thanh Xuân,21729853
GD202611013804,2026-11-23 20:12:58,KH000144,POS,Thanh toán thẻ,355000,5500,Thành công,CN Thanh Xuân,2035427
GD202611013923,2026-11-23 20:15:26,KH000145,Mobile Banking,Nộp tiền mặt,138000,0,Thành công,CN Đà Nẵng,122835621
GD202611017641,2026-11-23 20:39:29,KH000186,QR Code,Nạp tiền điện thoại,1973000,0,Thành công,CN Thanh Xuân,6563454
GD202611011928,2026-11-23 20:39:46,KH000125,POS,Thanh toán thẻ,178000,3300,Thành công,CN Cầu Giấy,164436
GD202611008634,2026-11-23 20:46:37,KH000087,QR Code,Thanh toán hóa đơn,75000,0,Thành công,CN Thanh Xuân,95426
GD202611001407,2026-11-23 21:11:23,KH000015,Mobile Banking,Chuyển khoản đi,2506000,0,Thành công,CN Cần Thơ,8671151
GD202611000742,2026-11-23 21:38:21,KH000010,POS,Thanh toán thẻ,2753000,3300,Thành công,CN Cầu Giấy,7005076
GD202611005069,2026-11-23 22:04:02,KH000052,QR Code,Thanh toán thẻ,195000,0,Thành công,CN Quận 1,243606
GD202611013354,2026-11-23 22:28:59,KH000137,Mobile Banking,Nộp tiền mặt,1787000,0,Thành công,CN Hải Phòng,22321714
GD202611004261,2026-11-24 06:06:07,KH000042,Mobile Banking,Nạp tiền điện thoại,3986000,0,Thành công,CN Quận 1,33171003
GD202611014848,2026-11-24 06:17:20,KH000157,Internet Banking,Rút tiền mặt,657000,0,Thành công,CN Bình Dương,1400317
GD202611015721,2026-11-24 06:46:43,KH000170,QR Code,Thanh toán thẻ,198000,0,Thành công,CN Hoàn Kiếm,270153
GD202611002811,2026-11-24 07:00:51,KH000025,Internet Banking,Nạp tiền điện thoại,88000,0,Thành công,CN Thanh Xuân,57631
GD202611006083,2026-11-24 07:05:11,KH000062,POS,Nạp tiền điện thoại,2690000,3300,Thành công,CN Đà Nẵng,9820624
GD202611016081,2026-11-24 07:28:14,KH000173,ATM,Chuyển khoản đến,206000,1100,Thành công,CN Đà Nẵng,1189168
GD202611013480,2026-11-24 07:44:24,KH000139,QR Code,Rút tiền mặt,85000,0,Thành công,CN Hoàn Kiếm,482507
GD202611016021,2026-11-24 08:05:57,KH000172,Mobile Banking,Chuyển khoản đến,1504000,0,Thành công,CN Cần Thơ,5883091
GD202611006021,2026-11-24 08:33:10,KH000061,Mobile Banking,Rút tiền mặt,855000,0,Thành công,CN Quận 1,13238571
GD202611012795,2026-11-24 09:12:36,KH000131,Mobile Banking,Thanh toán thẻ,102000,0,Thành công,CN Đà Nẵng,176480
GD202611000743,2026-11-24 09:19:12,KH000010,Mobile Banking,Nạp tiền điện thoại,1926000,0,Thành công,CN Đà Nẵng,5079076
GD202611015045,2026-11-24 09:19:47,KH000161,Internet Banking,Nộp tiền mặt,4782000,0,Thành công,CN Hải Phòng,21840859
GD202611001617,2026-11-24 09:39:25,KH000016,Mobile Banking,Chuyển khoản đến,163000,0,Thành công,CN TP Hồ Chí Minh,303607
GD202611007484,2026-11-24 09:59:22,KH000077,Mobile Banking,Chuyển khoản đến,318000,0,Thành công,CN Thanh Xuân,1340229
GD202611009689,2026-11-24 10:06:08,KH000098,POS,Thanh toán thẻ,784000,3300,Thành công,CN Hoàn Kiếm,21912612
GD202611009219,2026-11-24 10:22:56,KH000094,Mobile Banking,Nộp tiền mặt,1486000,0,Thành công,CN TP Hồ Chí Minh,77386996
GD202611016403,2026-11-24 10:26:12,KH000176,Internet Banking,Thanh toán thẻ,304000,0,Thành công,CN Cần Thơ,74962734
GD202611012794,2026-11-24 10:56:44,KH000131,Internet Banking,Thanh toán thẻ,123000,0,Thành công,CN Thanh Xuân,278480
GD202611005361,2026-11-24 11:07:50,KH000056,Quầy giao dịch,Nạp tiền điện thoại,1066000,5500,Thành công,CN Bình Dương,108829137
GD202611013679,2026-11-24 11:14:59,KH000142,POS,Nạp tiền điện thoại,20468000,3300,Thành công,CN Cầu Giấy,48418177
GD202611017445,2026-11-24 11:35:44,KH000183,POS,Thanh toán thẻ,31831000,3300,Thành công,CN Cần Thơ,65861690
GD202611015638,2026-11-24 11:52:19,KH000169,POS,Thanh toán thẻ,5334000,0,Thành công,CN Hoàn Kiếm,16395853
GD202611001618,2026-11-24 11:56:23,KH000016,Internet Banking,Thanh toán hóa đơn,141000,0,Thành công,CN Thanh Xuân,162607
GD202611017446,2026-11-24 13:08:31,KH000183,Mobile Banking,Nộp tiền mặt,21645000,0,Thất bại,CN Thanh Xuân,65861690
GD202611004723,2026-11-24 13:11:43,KH000050,Mobile Banking,Thanh toán thẻ,1788000,0,Thành công,CN Cầu Giấy,26218382
GD202611015555,2026-11-24 13:17:11,KH000168,POS,Thanh toán hóa đơn,1225000,3300,Thành công,CN Thanh Xuân,4188900
GD202611000544,2026-11-24 13:31:42,KH000009,Internet Banking,Thanh toán thẻ,2822000,0,Thành công,CN Đà Nẵng,47280028
GD202611014337,2026-11-24 13:35:45,KH000152,Mobile Banking,Rút tiền mặt,3209000,0,Thành công,CN Cần Thơ,69422603
GD202611017642,2026-11-24 14:03:49,KH000186,Mobile Banking,Nộp tiền mặt,366000,0,Thành công,CN Cầu Giấy,6929454
GD202611002038,2026-11-24 14:19:51,KH000019,Mobile Banking,Thanh toán hóa đơn,177000,0,Thành công,CN Thanh Xuân,2852051
GD202611011540,2026-11-24 14:22:27,KH000120,Mobile Banking,Nạp tiền điện thoại,1573000,0,Thành công,CN Hải Phòng,61864930
GD202611008977,2026-11-24 15:35:03,KH000093,Internet Banking,Nộp tiền mặt,7924000,0,Thành công,CN Bình Dương,32198804
GD202611014961,2026-11-24 16:08:00,KH000159,Internet Banking,Nộp tiền mặt,5876000,0,Thành công,CN Đà Nẵng,33804927
GD202611005714,2026-11-24 16:28:28,KH000060,POS,Thanh toán thẻ,2883000,5500,Thành công,CN Bình Dương,31631561
GD202611017120,2026-11-24 16:42:56,KH000182,POS,Thanh toán thẻ,2312000,3300,Thành công,CN Đà Nẵng,7423619
GD202611017121,2026-11-24 17:18:39,KH000182,QR Code,Rút tiền mặt,767000,0,Thành công,CN TP Hồ Chí Minh,6656619
GD202611015238,2026-11-24 17:26:54,KH000162,Internet Banking,Nạp tiền điện thoại,178000,0,Thành công,CN Đà Nẵng,316103
GD202611018226,2026-11-24 17:32:05,KH000191,Internet Banking,Thanh toán thẻ,3186000,0,Thành công,CN Cầu Giấy,6356339
GD202611002986,2026-11-24 17:42:43,KH000027,Internet Banking,Nạp tiền điện thoại,1090000,0,Thành công,CN Hải Phòng,15446550
GD202611008979,2026-11-24 17:52:43,KH000093,ATM,Nạp tiền điện thoại,8327000,3300,Thành công,CN Đà Nẵng,22803504
GD202611016850,2026-11-24 18:30:09,KH000181,POS,Thanh toán thẻ,119000,3300,Thành công,CN Bình Dương,179220
GD202611006760,2026-11-24 18:42:59,KH000070,POS,Nạp tiền điện thoại,982000,5500,Thành công,CN Cần Thơ,88551316
GD202611009220,2026-11-24 18:52:47,KH000094,POS,Thanh toán thẻ,1680000,0,Thành công,CN Quận 1,75706996
GD202611008717,2026-11-24 19:01:51,KH000089,Quầy giao dịch,Thanh toán hóa đơn,17368000,0,Thành công,CN TP Hồ Chí Minh,241354126
GD202611013805,2026-11-24 19:32:59,KH000144,ATM,Nộp tiền mặt,604000,0,Thành công,CN Quận 1,2639427
GD202611010168,2026-11-24 19:48:28,KH000104,QR Code,Thanh toán thẻ,1090000,0,Thành công,CN Cần Thơ,2676719
GD202611006291,2026-11-24 19:50:00,KH000064,POS,Thanh toán thẻ,52000,1100,Thành công,CN Thanh Xuân,1390431
GD202611017119,2026-11-24 19:55:59,KH000182,Mobile Banking,Chuyển khoản đi,868000,0,Thành công,CN Cầu Giấy,9738919
GD202611008978,2026-11-24 20:19:15,KH000093,Quầy giao dịch,Thanh toán hóa đơn,1065000,0,Thành công,CN Cần Thơ,31133804
GD202611003248,2026-11-24 20:39:36,KH000029,Internet Banking,Thanh toán thẻ,703000,0,Thành công,CN Bình Dương,16575794
GD202611008072,2026-11-24 20:54:30,KH000082,QR Code,Thanh toán thẻ,593000,0,Thành công,CN Cần Thơ,6415049
GD202611011602,2026-11-24 21:18:31,KH000121,Mobile Banking,Thanh toán thẻ,477000,0,Thành công,CN TP Hồ Chí Minh,977949
GD202611004627,2026-11-24 21:25:13,KH000049,POS,Thanh toán thẻ,2660000,0,Thành công,CN Hải Phòng,28403376
GD202611003490,2026-11-24 22:04:36,KH000032,Mobile Banking,Rút tiền mặt,189000,0,Thành công,CN Cầu Giấy,124034234
GD202611013100,2026-11-24 22:37:29,KH000134,QR Code,Thanh toán thẻ,702000,0,Thành công,CN Đà Nẵng,1675862
GD202611014696,2026-11-24 22:54:58,KH000154,Mobile Banking,Thanh toán thẻ,299000,0,Thành công,CN Hải Phòng,2254294
GD202611005070,2026-11-25 06:12:15,KH000052,Internet Banking,Chuyển khoản đi,182000,0,Thành công,CN Bình Dương,61606
GD202611005695,2026-11-25 07:16:41,KH000059,Mobile Banking,Thanh toán thẻ,2556000,0,Thành công,CN Hải Phòng,18385078
GD202611013924,2026-11-25 07:24:49,KH000145,QR Code,Nạp tiền điện thoại,59000,0,Thành công,CN Bình Dương,122776621
GD202611003798,2026-11-25 07:41:38,KH000036,POS,Thanh toán thẻ,382000,5500,Thành công,CN Bình Dương,19801186
GD202611015315,2026-11-25 07:57:29,KH000163,POS,Thanh toán thẻ,9086000,0,Thành công,CN Quận 1,22684180
GD202611017122,2026-11-25 08:07:58,KH000182,POS,Thanh toán thẻ,1274000,3300,Thành công,CN TP Hồ Chí Minh,5379319
GD202611003249,2026-11-25 08:21:30,KH000029,QR Code,Thanh toán thẻ,2452000,0,Thành công,CN Hải Phòng,14123794
GD202611017806,2026-11-25 08:31:39,KH000187,Mobile Banking,Rút tiền mặt,1243000,0,Thành công,CN Thanh Xuân,12484196
GD202611001619,2026-11-25 08:52:14,KH000016,Mobile Banking,Thanh toán thẻ,121000,0,Thành công,CN Hải Phòng,223107
GD202611006500,2026-11-25 09:06:09,KH000065,Internet Banking,Thanh toán thẻ,9160000,0,Thành công,CN Đà Nẵng,28476686
GD202611005158,2026-11-25 09:13:54,KH000053,POS,Thanh toán thẻ,6055000,0,Thành công,CN Hải Phòng,28069079
GD202611007196,2026-11-25 09:34:22,KH000075,Mobile Banking,Thanh toán thẻ,675000,0,Thành công,CN Bình Dương,6482708
GD202611004100,2026-11-25 09:37:52,KH000040,Internet Banking,Chuyển khoản đến,624000,0,Thành công,CN Hải Phòng,15287584
GD202611007131,2026-11-25 10:11:39,KH000074,QR Code,Chuyển khoản đến,2032000,0,Thành công,CN Bình Dương,35980249
GD202611005071,2026-11-25 10:36:22,KH000052,POS,Thanh toán thẻ,182000,3300,Thành công,CN Hoàn Kiếm,149306
GD202611006604,2026-11-25 10:45:14,KH000066,ATM,Chuyển khoản đi,3236000,5500,Thành công,CN Bình Dương,150271847
GD202611001292,2026-11-25 10:49:47,KH000014,POS,Thanh toán thẻ,381000,3300,Thành công,CN Hải Phòng,17558173
GD202611013025,2026-11-25 11:20:12,KH000132,QR Code,Thanh toán thẻ,1761000,0,Thành công,CN Đà Nẵng,15165443
GD202611008946,2026-11-25 11:30:55,KH000092,ATM,Nộp tiền mặt,1927000,5500,Thành công,CN Cầu Giấy,7683842
GD202611005362,2026-11-25 11:46:19,KH000056,Quầy giao dịch,Chuyển khoản đến,4253000,1100,Thành công,CN Cầu Giấy,113082137
GD202611016022,2026-11-25 11:57:34,KH000172,Internet Banking,Rút tiền mặt,280000,0,Thành công,CN Hoàn Kiếm,5603091
GD202611001620,2026-11-25 12:27:01,KH000016,QR Code,Nạp tiền điện thoại,67000,0,Thành công,CN Đà Nẵng,156107
GD202611003362,2026-11-25 12:30:23,KH000031,POS,Thanh toán thẻ,67000,5500,Thành công,CN Quận 1,105803
GD202611015239,2026-11-25 12:40:28,KH000162,Mobile Banking,Thanh toán thẻ,135000,0,Thất bại,CN TP Hồ Chí Minh,316103
GD202611014583,2026-11-25 12:57:57,KH000153,Mobile Banking,Thanh toán thẻ,182000,0,Thành công,CN TP Hồ Chí Minh,422141
GD202611006257,2026-11-25 13:17:17,KH000063,QR Code,Nộp tiền mặt,461000,0,Thành công,CN Cần Thơ,99984200
GD202611004570,2026-11-25 13:34:37,KH000047,POS,Rút tiền mặt,4289000,1100,Thành công,CN Hải Phòng,151929984
GD202611011489,2026-11-25 13:47:34,KH000119,Internet Banking,Thanh toán thẻ,52000,0,Thành công,CN Hải Phòng,78798759
GD202611007130,2026-11-25 13:58:50,KH000074,POS,Chuyển khoản đến,1238000,3300,Thành công,CN Cần Thơ,33948249
GD202611003738,2026-11-25 14:10:09,KH000034,POS,Thanh toán thẻ,1191000,5500,Thành công,CN Bình Dương,47876364
GD202611006292,2026-11-25 14:19:20,KH000064,ATM,Nộp tiền mặt,293000,5500,Thành công,CN Hoàn Kiếm,1683431
GD202611000744,2026-11-25 14:32:04,KH000010,Internet Banking,Thanh toán thẻ,1088000,0,Thành công,CN Thanh Xuân,3991076
GD202611008528,2026-11-25 15:06:08,KH000086,POS,Thanh toán thẻ,2645000,0,Thất bại,CN TP Hồ Chí Minh,33527192
GD202611004628,2026-11-25 15:24:19,KH000049,POS,Thanh toán thẻ,4467000,0,Thành công,CN Bình Dương,23936376
GD202611010400,2026-11-25 15:33:51,KH000108,Internet Banking,Nộp tiền mặt,208000,0,Thất bại,CN Quận 1,122750436
GD202611005694,2026-11-25 15:46:11,KH000059,QR Code,Thanh toán thẻ,10333000,0,Thành công,CN Hải Phòng,20941078
GD202611013232,2026-11-25 16:06:21,KH000136,ATM,Chuyển khoản đi,3368000,0,Thành công,CN Đà Nẵng,18376812
GD202611002039,2026-11-25 16:35:09,KH000019,Internet Banking,Thanh toán thẻ,51000,0,Thành công,CN Thanh Xuân,2801051
GD202611000745,2026-11-25 16:38:09,KH000010,Internet Banking,Rút tiền mặt,56000,0,Thành công,CN Thanh Xuân,3935076
GD202611011490,2026-11-25 17:27:46,KH000119,Mobile Banking,Thanh toán thẻ,192000,0,Thành công,CN Hoàn Kiếm,78606759
GD202611011929,2026-11-25 18:10:58,KH000125,POS,Thanh toán thẻ,60000,5500,Thành công,CN Hải Phòng,98936
GD202611017854,2026-11-25 18:24:24,KH000188,QR Code,Chuyển khoản đi,879000,0,Thành công,CN Thanh Xuân,15018634
GD202611005715,2026-11-25 18:38:50,KH000060,Internet Banking,Rút tiền mặt,5649000,0,Thành công,CN Cầu Giấy,25982561
GD202611016724,2026-11-25 18:46:43,KH000180,Internet Banking,Thanh toán thẻ,1745000,0,Thành công,CN Thanh Xuân,78708863
GD202611008402,2026-11-25 18:46:51,KH000084,Mobile Banking,Thanh toán thẻ,356000,0,Thành công,CN Hoàn Kiếm,2970051
GD202611003160,2026-11-25 18:51:20,KH000028,Internet Banking,Chuyển khoản đến,1181000,0,Thành công,CN Cần Thơ,69168115
GD202611012224,2026-11-25 18:59:44,KH000127,Internet Banking,Nộp tiền mặt,799000,0,Thành công,CN Cầu Giấy,9403545
GD202611009221,2026-11-25 19:22:10,KH000094,ATM,Nạp tiền điện thoại,966000,1100,Thành công,CN Hải Phòng,74739896
GD202611017511,2026-11-25 19:38:58,KH000184,Mobile Banking,Nộp tiền mặt,5073000,0,Thành công,CN Cầu Giấy,24675348
GD202611012223,2026-11-25 19:46:00,KH000127,Mobile Banking,Chuyển khoản đến,2215000,0,Thành công,CN TP Hồ Chí Minh,8604545
GD202611018227,2026-11-25 19:48:50,KH000191,Mobile Banking,Rút tiền mặt,145000,0,Thành công,CN Hải Phòng,6211339
GD202611000495,2026-11-25 19:54:51,KH000008,Internet Banking,Chuyển khoản đến,3697000,0,Thành công,CN Hải Phòng,21105890
GD202611014582,2026-11-25 19:56:24,KH000153,Internet Banking,Chuyển khoản đến,105000,0,Thành công,CN Hải Phòng,604141
GD202611000496,2026-11-25 20:02:28,KH000008,QR Code,Thanh toán thẻ,4937000,0,Thành công,CN Hải Phòng,16168890
GD202611000940,2026-11-25 20:14:44,KH000012,Mobile Banking,Chuyển khoản đến,2052000,0,Thành công,CN Quận 1,125533468
GD202611004262,2026-11-25 20:21:13,KH000042,QR Code,Chuyển khoản đến,2559000,0,Thành công,CN TP Hồ Chí Minh,35730003
GD202611009444,2026-11-25 20:32:30,KH000096,Mobile Banking,Nộp tiền mặt,1820000,0,Thành công,CN Hoàn Kiếm,12026469
GD202611000941,2026-11-25 21:41:15,KH000012,QR Code,Nộp tiền mặt,1943000,0,Thành công,CN Cần Thơ,127476468
GD202611005072,2026-11-25 21:52:52,KH000052,POS,Thanh toán thẻ,112000,5500,Thành công,CN Cầu Giấy,199806
GD202611017447,2026-11-25 21:58:36,KH000183,Mobile Banking,Nạp tiền điện thoại,22518000,0,Thành công,CN Hải Phòng,43343690
GD202611004493,2026-11-25 22:01:55,KH000045,Internet Banking,Chuyển khoản đến,1697000,0,Thành công,CN Cần Thơ,64336691
GD202611001293,2026-11-25 22:07:41,KH000014,Internet Banking,Thanh toán thẻ,1348000,0,Thành công,CN Cần Thơ,16210173
GD202611001677,2026-11-25 22:51:27,KH000017,POS,Thanh toán thẻ,1774000,0,Thành công,CN Đà Nẵng,22301366
GD202611015639,2026-11-26 06:19:31,KH000169,POS,Nộp tiền mặt,762000,0,Thành công,CN Hải Phòng,17157853
GD202611014085,2026-11-26 06:50:57,KH000148,POS,Chuyển khoản đi,183000,5500,Thành công,CN Thanh Xuân,99891359
GD202611004613,2026-11-26 07:13:26,KH000048,POS,Thanh toán thẻ,223000,1100,Thành công,CN TP Hồ Chí Minh,521015
GD202611005075,2026-11-26 07:28:29,KH000052,Internet Banking,Thanh toán hóa đơn,76000,0,Thành công,CN Bình Dương,77506
GD202611006825,2026-11-26 07:32:33,KH000071,Quầy giao dịch,Nạp tiền điện thoại,125000,0,Thành công,CN Hải Phòng,523238
GD202611011491,2026-11-26 08:14:39,KH000119,Mobile Banking,Chuyển khoản đến,68000,0,Thành công,CN Quận 1,78674759
GD202611003739,2026-11-26 08:22:03,KH000034,Mobile Banking,Chuyển khoản đến,1357000,0,Thành công,CN Đà Nẵng,49233364
GD202611011603,2026-11-26 08:28:41,KH000121,Mobile Banking,Thanh toán thẻ,187000,0,Thành công,CN Thanh Xuân,790949
GD202611018228,2026-11-26 09:14:29,KH000191,QR Code,Thanh toán thẻ,1762000,0,Thành công,CN TP Hồ Chí Minh,4449339
GD202611011026,2026-11-26 09:27:18,KH000116,Quầy giao dịch,Nộp tiền mặt,132000,1100,Thành công,CN Hoàn Kiếm,4522985
GD202611017962,2026-11-26 09:31:01,KH000189,POS,Thanh toán thẻ,26554000,1100,Thành công,CN Cầu Giấy,136476785
GD202611017123,2026-11-26 09:50:08,KH000182,QR Code,Thanh toán hóa đơn,1852000,0,Thành công,CN Hải Phòng,3527319
GD202611013807,2026-11-26 09:54:36,KH000144,Mobile Banking,Thanh toán hóa đơn,362000,0,Thành công,CN Hải Phòng,1375427
GD202611010627,2026-11-26 10:14:21,KH000111,POS,Chuyển khoản đến,2198000,5500,Thành công,CN Hải Phòng,74587157
GD202611000228,2026-11-26 10:17:22,KH000005,POS,Thanh toán thẻ,84000,3300,Thất bại,CN Hải Phòng,430130
GD202611011930,2026-11-26 10:24:29,KH000125,Internet Banking,Rút tiền mặt,196000,0,Thành công,CN Hoàn Kiếm,196936
GD202611005074,2026-11-26 11:01:01,KH000052,POS,Thanh toán thẻ,154000,3300,Thành công,CN Cần Thơ,153506
GD202611004494,2026-11-26 11:04:06,KH000045,POS,Nộp tiền mặt,401000,1100,Thành công,CN Bình Dương,64737691
GD202611013481,2026-11-26 11:10:21,KH000139,QR Code,Nạp tiền điện thoại,184000,0,Thành công,CN Cần Thơ,298507
GD202611014735,2026-11-26 11:53:28,KH000155,ATM,Chuyển khoản đi,18100000,3300,Thành công,CN Hải Phòng,55482370
GD202611008162,2026-11-26 12:08:28,KH000083,Internet Banking,Nộp tiền mặt,73000,0,Thành công,CN Cần Thơ,98577114
GD202611004101,2026-11-26 12:18:55,KH000040,Mobile Banking,Nạp tiền điện thoại,2762000,0,Thành công,CN Hoàn Kiếm,12525584
GD202611003491,2026-11-26 12:26:12,KH000032,QR Code,Nạp tiền điện thoại,153000,0,Thành công,CN Cầu Giấy,123881234
GD202611017643,2026-11-26 12:36:41,KH000186,Internet Banking,Chuyển khoản đến,531000,0,Thành công,CN Quận 1,7460454
GD202611018021,2026-11-26 12:53:01,KH000190,POS,Thanh toán hóa đơn,18551000,5500,Thành công,CN Quận 1,104630142
GD202611018822,2026-11-26 13:50:16,KH000200,Mobile Banking,Nạp tiền điện thoại,166000,0,Thành công,CN Cần Thơ,186777
GD202611014584,2026-11-26 14:42:57,KH000153,POS,Thanh toán thẻ,64000,3300,Thành công,CN Hoàn Kiếm,354841
GD202611014734,2026-11-26 14:49:23,KH000155,POS,Thanh toán thẻ,35095000,1100,Thành công,CN Đà Nẵng,73585670
GD202611011137,2026-11-26 15:38:34,KH000117,QR Code,Nộp tiền mặt,593000,0,Thành công,CN Đà Nẵng,125418082
GD202611005073,2026-11-26 15:40:32,KH000052,POS,Thanh toán thẻ,120000,0,Thành công,CN Đà Nẵng,79806
GD202611013355,2026-11-26 16:06:29,KH000137,POS,Thanh toán thẻ,1659000,3300,Thành công,CN Bình Dương,20659414
GD202611013808,2026-11-26 16:30:14,KH000144,Quầy giao dịch,Thanh toán hóa đơn,305000,1100,Thành công,CN Quận 1,1069327
GD202611001294,2026-11-26 17:31:37,KH000014,Internet Banking,Chuyển khoản đến,4776000,0,Thành công,CN Hoàn Kiếm,20986173
GD202611016023,2026-11-26 17:40:31,KH000172,QR Code,Nộp tiền mặt,782000,0,Thành công,CN Hải Phòng,6385091
GD202611010537,2026-11-26 17:47:06,KH000110,Internet Banking,Thanh toán thẻ,2747000,0,Thành công,CN Thanh Xuân,53584096
GD202611013806,2026-11-26 17:47:38,KH000144,Internet Banking,Chuyển khoản đi,902000,0,Thành công,CN Thanh Xuân,1737427
GD202611016851,2026-11-26 18:01:54,KH000181,POS,Nộp tiền mặt,128000,3300,Thành công,CN TP Hồ Chí Minh,307220
GD202611001033,2026-11-26 18:06:46,KH000013,Internet Banking,Thanh toán thẻ,106000,0,Thành công,CN Thanh Xuân,651938
GD202611015556,2026-11-26 18:11:29,KH000168,POS,Thanh toán thẻ,162000,3300,Thành công,CN Đà Nẵng,4023600
GD202611014697,2026-11-26 18:18:15,KH000154,QR Code,Thanh toán thẻ,233000,0,Thành công,CN Đà Nẵng,2021294
GD202611011138,2026-11-26 18:23:06,KH000117,POS,Thanh toán thẻ,193000,0,Thành công,CN Hải Phòng,125225082
GD202611015722,2026-11-26 18:24:15,KH000170,Mobile Banking,Chuyển khoản đi,151000,0,Thành công,CN Cần Thơ,119153
GD202611015723,2026-11-26 18:59:58,KH000170,Mobile Banking,Thanh toán thẻ,102000,0,Thất bại,CN Cầu Giấy,119153
GD202611013499,2026-11-26 19:14:43,KH000140,POS,Chuyển khoản đi,424000,1100,Thành công,CN Hải Phòng,25609236
GD202611003946,2026-11-26 19:21:07,KH000038,QR Code,Chuyển khoản đến,319000,0,Thành công,CN Hoàn Kiếm,109160373
GD202611009690,2026-11-26 19:30:20,KH000098,ATM,Chuyển khoản đến,569000,1100,Thành công,CN Thanh Xuân,22481612
GD202611010628,2026-11-26 20:07:18,KH000111,Internet Banking,Nạp tiền điện thoại,21865000,0,Thành công,CN Cầu Giấy,52722157
GD202611002040,2026-11-26 20:36:36,KH000019,QR Code,Chuyển khoản đến,51000,0,Thành công,CN Quận 1,2852051
GD202611002042,2026-11-26 20:49:07,KH000019,Mobile Banking,Rút tiền mặt,1217000,0,Thành công,CN Cần Thơ,2516051
GD202611004776,2026-11-26 20:50:46,KH000051,Quầy giao dịch,Nạp tiền điện thoại,192000,3300,Thành công,CN Hải Phòng,295956
GD202611005159,2026-11-26 20:56:55,KH000053,QR Code,Nộp tiền mặt,2040000,0,Thành công,CN TP Hồ Chí Minh,30109079
GD202611016024,2026-11-26 21:04:40,KH000172,Internet Banking,Chuyển khoản đến,2164000,0,Thành công,CN Quận 1,8549091
GD202611018356,2026-11-26 21:12:59,KH000194,QR Code,Chuyển khoản đi,160000,0,Thành công,CN Cầu Giấy,5012449
GD202611009222,2026-11-26 21:34:09,KH000094,Mobile Banking,Rút tiền mặt,2420000,0,Thành công,CN Cần Thơ,72319896
GD202611009445,2026-11-26 21:51:51,KH000096,Internet Banking,Thanh toán hóa đơn,3239000,0,Thành công,CN Cầu Giấy,8787469
GD202611010884,2026-11-26 21:52:57,KH000114,QR Code,Nạp tiền điện thoại,1296000,0,Thành công,CN Quận 1,89209364
GD202611014338,2026-11-26 22:03:24,KH000152,Internet Banking,Chuyển khoản đi,3135000,0,Thành công,CN Hải Phòng,66287603
GD202611014183,2026-11-26 22:04:52,KH000150,QR Code,Thanh toán hóa đơn,7957000,0,Thành công,CN Bình Dương,17173037
GD202611013026,2026-11-26 22:06:00,KH000132,Mobile Banking,Thanh toán hóa đơn,3464000,0,Thành công,CN Thanh Xuân,11701443
GD202611011931,2026-11-26 22:15:13,KH000125,POS,Thanh toán thẻ,125000,1100,Thành công,CN Hoàn Kiếm,70836
GD202611008980,2026-11-26 22:23:17,KH000093,POS,Thanh toán thẻ,4054000,3300,Thành công,CN Hải Phòng,18746204
GD202611009977,2026-11-26 22:35:23,KH000103,QR Code,Nạp tiền điện thoại,160000,0,Thành công,CN Bình Dương,68719
GD202611017807,2026-11-26 22:36:48,KH000187,Internet Banking,Nộp tiền mặt,2229000,0,Thành công,CN Cần Thơ,14713196
GD202611017963,2026-11-26 22:52:53,KH000189,POS,Chuyển khoản đến,45594000,3300,Thành công,CN Cần Thơ,182070785
GD202611017124,2026-11-26 22:53:47,KH000182,Mobile Banking,Thanh toán thẻ,1053000,0,Thành công,CN Cầu Giấy,2474319
GD202611002041,2026-11-26 22:54:01,KH000019,QR Code,Chuyển khoản đến,881000,0,Thành công,CN Thanh Xuân,3733051
GD202611006022,2026-11-26 22:54:44,KH000061,QR Code,Nộp tiền mặt,2016000,0,Thành công,CN Cầu Giấy,15254571
GD202611002987,2026-11-26 22:56:24,KH000027,Quầy giao dịch,Nộp tiền mặt,3627000,5500,Thành công,CN Hải Phòng,19073550
GD202611006023,2026-11-27 06:19:14,KH000061,ATM,Nộp tiền mặt,1098000,1100,Thành công,CN TP Hồ Chí Minh,16352571
GD202611016561,2026-11-27 06:24:57,KH000178,Internet Banking,Rút tiền mặt,8138000,0,Thành công,CN Bình Dương,25450170
GD202611014339,2026-11-27 07:05:43,KH000152,Internet Banking,Nạp tiền điện thoại,1119000,0,Thành công,CN Đà Nẵng,65168603
GD202611013027,2026-11-27 07:11:47,KH000132,POS,Thanh toán thẻ,1957000,3300,Thành công,CN Cầu Giấy,9741143
GD202611018521,2026-11-27 07:26:35,KH000195,Internet Banking,Thanh toán hóa đơn,129000,0,Thất bại,CN Thanh Xuân,177117
GD202611000289,2026-11-27 07:27:18,KH000006,POS,Nạp tiền điện thoại,141000,3300,Thành công,CN Đà Nẵng,370066
GD202611015640,2026-11-27 07:49:04,KH000169,Mobile Banking,Thanh toán hóa đơn,2518000,0,Thành công,CN TP Hồ Chí Minh,14639853
GD202611010436,2026-11-27 07:53:21,KH000109,POS,Nộp tiền mặt,747000,1100,Thành công,CN Bình Dương,3289729
GD202611015388,2026-11-27 07:53:28,KH000164,QR Code,Rút tiền mặt,50000,0,Thành công,CN Hải Phòng,34263847
GD202611018022,2026-11-27 08:00:57,KH000190,QR Code,Chuyển khoản đến,29940000,0,Thành công,CN Cần Thơ,134570142
GD202611014086,2026-11-27 08:07:21,KH000148,Internet Banking,Nộp tiền mặt,346000,0,Thành công,CN TP Hồ Chí Minh,100237359
GD202611013680,2026-11-27 08:35:54,KH000142,Quầy giao dịch,Thanh toán hóa đơn,11769000,1100,Thành công,CN Cần Thơ,36648077
GD202611003161,2026-11-27 08:41:58,KH000028,Mobile Banking,Chuyển khoản đến,2498000,0,Thành công,CN Bình Dương,71666115
GD202611014736,2026-11-27 08:47:40,KH000155,Mobile Banking,Thanh toán thẻ,16145000,0,Thành công,CN Hoàn Kiếm,39337370
GD202611010169,2026-11-27 09:24:14,KH000104,QR Code,Thanh toán thẻ,719000,0,Thành công,CN Thanh Xuân,1957719
GD202611011932,2026-11-27 09:39:16,KH000125,POS,Nộp tiền mặt,51000,5500,Thành công,CN Quận 1,121836
GD202611003740,2026-11-27 09:50:15,KH000034,QR Code,Thanh toán thẻ,967000,0,Thành công,CN TP Hồ Chí Minh,48266364
GD202611003799,2026-11-27 10:27:28,KH000036,QR Code,Thanh toán thẻ,2515000,0,Thành công,CN Bình Dương,17286186
GD202611008403,2026-11-27 10:28:37,KH000084,POS,Thanh toán thẻ,1003000,3300,Thành công,CN Thanh Xuân,1963751
GD202611008073,2026-11-27 10:49:09,KH000082,Internet Banking,Thanh toán thẻ,756000,0,Thành công,CN Bình Dương,5659049
GD202611010668,2026-11-27 10:56:00,KH000112,Mobile Banking,Thanh toán thẻ,2452000,0,Thành công,CN Cần Thơ,35562886
GD202611015389,2026-11-27 11:08:10,KH000164,QR Code,Chuyển khoản đến,145000,0,Thành công,CN Thanh Xuân,34408847
GD202611016520,2026-11-27 11:11:44,KH000177,Mobile Banking,Thanh toán hóa đơn,3736000,0,Thành công,CN Hoàn Kiếm,31537733
GD202611004307,2026-11-27 11:15:52,KH000043,Quầy giao dịch,Chuyển khoản đến,270000,1100,Thành công,CN Đà Nẵng,105349173
GD202611005211,2026-11-27 11:26:34,KH000054,QR Code,Nộp tiền mặt,5506000,0,Thành công,CN Cần Thơ,27652196
GD202611018683,2026-11-27 11:47:22,KH000197,POS,Thanh toán thẻ,4509000,0,Thành công,CN Hải Phòng,74701635
GD202611014587,2026-11-27 12:03:55,KH000153,POS,Nạp tiền điện thoại,67000,0,Thành công,CN TP Hồ Chí Minh,383841
GD202611007485,2026-11-27 12:18:12,KH000077,Mobile Banking,Nộp tiền mặt,332000,0,Thành công,CN TP Hồ Chí Minh,1672229
GD202611014585,2026-11-27 12:30:16,KH000153,QR Code,Chuyển khoản đến,154000,0,Thành công,CN Đà Nẵng,508841
GD202611009446,2026-11-27 12:51:45,KH000096,POS,Thanh toán thẻ,2543000,1100,Thành công,CN Hải Phòng,6243369
GD202611015316,2026-11-27 13:12:23,KH000163,POS,Thanh toán hóa đơn,3722000,0,Thành công,CN Quận 1,18962180
GD202611004102,2026-11-27 13:18:22,KH000040,Mobile Banking,Nạp tiền điện thoại,1394000,0,Thành công,CN Cầu Giấy,11131584
GD202611005716,2026-11-27 13:51:36,KH000060,QR Code,Chuyển khoản đi,2019000,0,Thành công,CN Quận 1,23963561
GD202611006024,2026-11-27 13:54:14,KH000061,Mobile Banking,Chuyển khoản đến,383000,0,Thành công,CN Bình Dương,16735571
GD202611001295,2026-11-27 14:21:31,KH000014,POS,Thanh toán thẻ,3707000,3300,Thất bại,CN Quận 1,20986173
GD202611008981,2026-11-27 14:21:37,KH000093,QR Code,Thanh toán thẻ,3980000,0,Thành công,CN Bình Dương,14766204
GD202611014586,2026-11-27 15:02:42,KH000153,QR Code,Chuyển khoản đi,58000,0,Thành công,CN Cần Thơ,450841
GD202611017448,2026-11-27 15:40:23,KH000183,Internet Banking,Chuyển khoản đến,9332000,0,Thành công,CN Bình Dương,52675690
GD202611015240,2026-11-27 15:50:38,KH000162,Internet Banking,Chuyển khoản đi,189000,0,Thành công,CN Quận 1,127103
GD202611014849,2026-11-27 15:53:51,KH000157,POS,Nộp tiền mặt,423000,0,Thành công,CN Cần Thơ,1823317
GD202611006502,2026-11-27 16:19:39,KH000065,QR Code,Rút tiền mặt,4713000,0,Thành công,CN Đà Nẵng,22395686
GD202611012796,2026-11-27 16:26:30,KH000131,Internet Banking,Thanh toán thẻ,129000,0,Thành công,CN Cần Thơ,240980
GD202611017809,2026-11-27 16:45:20,KH000187,POS,Thanh toán thẻ,106000,5500,Thành công,CN Thanh Xuân,16739696
GD202611002043,2026-11-27 16:59:54,KH000019,QR Code,Thanh toán thẻ,113000,0,Thành công,CN TP Hồ Chí Minh,2403051
GD202611000497,2026-11-27 17:17:31,KH000008,Internet Banking,Chuyển khoản đi,5226000,0,Thành công,CN Hoàn Kiếm,10942890
GD202611015046,2026-11-27 17:38:34,KH000161,QR Code,Chuyển khoản đến,251000,0,Thành công,CN Thanh Xuân,22091859
GD202611017808,2026-11-27 19:01:06,KH000187,ATM,Nộp tiền mặt,2138000,0,Thành công,CN Bình Dương,16851196
GD202611017125,2026-11-27 19:06:17,KH000182,POS,Thanh toán thẻ,61000,5500,Thành công,CN TP Hồ Chí Minh,2407819
GD202611017512,2026-11-27 19:07:31,KH000184,Internet Banking,Thanh toán hóa đơn,6829000,0,Thành công,CN Bình Dương,17846348
GD202611008404,2026-11-27 19:19:03,KH000084,Internet Banking,Nộp tiền mặt,197000,0,Thành công,CN Cầu Giấy,2160751
GD202611011604,2026-11-27 19:38:39,KH000121,QR Code,Chuyển khoản đi,248000,0,Thành công,CN Cầu Giấy,542949
GD202611015443,2026-11-27 19:38:53,KH000165,QR Code,Thanh toán thẻ,1922000,0,Thành công,CN Đà Nẵng,27159031
GD202611017449,2026-11-27 19:41:25,KH000183,Internet Banking,Thanh toán thẻ,9618000,0,Thành công,CN Cần Thơ,43057690
GD202611009447,2026-11-27 21:03:48,KH000096,POS,Thanh toán thẻ,162000,3300,Thành công,CN Cần Thơ,6078069
GD202611007132,2026-11-27 21:23:19,KH000074,Mobile Banking,Thanh toán thẻ,1410000,0,Thành công,CN Thanh Xuân,34570249
GD202611017126,2026-11-27 22:12:17,KH000182,ATM,Thanh toán hóa đơn,508000,3300,Thành công,CN Bình Dương,1896519
GD202611006501,2026-11-27 22:35:06,KH000065,QR Code,Thanh toán hóa đơn,1368000,0,Thành công,CN Hoàn Kiếm,27108686
GD202611006605,2026-11-27 22:35:17,KH000066,Mobile Banking,Thanh toán hóa đơn,5063000,0,Thành công,CN Hải Phòng,145208847
GD202611014256,2026-11-27 22:44:34,KH000151,Mobile Banking,Thanh toán thẻ,118000,0,Thành công,CN Cầu Giấy,133216
GD202611003492,2026-11-28 06:22:20,KH000032,POS,Chuyển khoản đến,106000,5500,Thành công,CN Đà Nẵng,123987234
GD202611016404,2026-11-28 06:24:40,KH000176,Mobile Banking,Chuyển khoản đến,408000,0,Thành công,CN Bình Dương,75370734
GD202611013482,2026-11-28 06:40:47,KH000139,QR Code,Thanh toán thẻ,163000,0,Thành công,CN Quận 1,135507
GD202611014257,2026-11-28 06:55:05,KH000151,QR Code,Nộp tiền mặt,144000,0,Thành công,CN Cần Thơ,277216
GD202611018823,2026-11-28 07:31:06,KH000200,Internet Banking,Thanh toán hóa đơn,120000,0,Thành công,CN TP Hồ Chí Minh,66777
GD202611007133,2026-11-28 07:35:12,KH000074,POS,Thanh toán thẻ,1203000,1100,Thành công,CN Quận 1,33366149
GD202611010271,2026-11-28 08:05:11,KH000106,Internet Banking,Nộp tiền mặt,130000,0,Thành công,CN Quận 1,46477632
GD202611001036,2026-11-28 08:34:34,KH000013,QR Code,Nộp tiền mặt,78000,0,Thành công,CN Quận 1,325138
GD202611010272,2026-11-28 09:10:27,KH000106,QR Code,Thanh toán thẻ,1348000,0,Thành công,CN Hải Phòng,45129632
GD202611016521,2026-11-28 09:10:39,KH000177,ATM,Chuyển khoản đến,10725000,5500,Thành công,CN TP Hồ Chí Minh,42262733
GD202611017127,2026-11-28 09:15:13,KH000182,POS,Thanh toán thẻ,178000,0,Thành công,CN Đà Nẵng,1718519
GD202611001679,2026-11-28 09:23:24,KH000017,QR Code,Chuyển khoản đến,2742000,0,Thành công,CN Bình Dương,29984366
GD202611006504,2026-11-28 09:30:56,KH000065,Mobile Banking,Nạp tiền điện thoại,1889000,0,Thành công,CN Quận 1,14226686
GD202611005717,2026-11-28 09:35:53,KH000060,POS,Thanh toán thẻ,4350000,0,Thành công,CN Cầu Giấy,19613561
GD202611011649,2026-11-28 09:36:20,KH000123,Quầy giao dịch,Chuyển khoản đến,39699000,1100,Thành công,CN Bình Dương,1112549614
GD202611014588,2026-11-28 10:05:11,KH000153,Mobile Banking,Thanh toán thẻ,167000,0,Thành công,CN Hải Phòng,216841
GD202611016025,2026-11-28 10:35:14,KH000172,Mobile Banking,Chuyển khoản đi,1717000,0,Thành công,CN Thanh Xuân,6832091
GD202611003363,2026-11-28 11:26:07,KH000031,QR Code,Rút tiền mặt,55000,0,Thành công,CN Quận 1,50803
GD202611018522,2026-11-28 11:50:48,KH000195,ATM,Nộp tiền mặt,149000,5500,Thành công,CN TP Hồ Chí Minh,326117
GD202611006503,2026-11-28 11:55:25,KH000065,Mobile Banking,Thanh toán hóa đơn,6280000,0,Thành công,CN Cần Thơ,16115686
GD202611002268,2026-11-28 12:06:41,KH000020,Internet Banking,Nạp tiền điện thoại,1434000,0,Thành công,CN Hoàn Kiếm,257362949
GD202611017644,2026-11-28 12:21:25,KH000186,Mobile Banking,Thanh toán thẻ,1947000,0,Thành công,CN Quận 1,5513454
GD202611001296,2026-11-28 12:53:38,KH000014,Internet Banking,Thanh toán thẻ,7105000,0,Thành công,CN Bình Dương,13881173
GD202611015724,2026-11-28 13:27:53,KH000170,Quầy giao dịch,Nộp tiền mặt,198000,3300,Thành công,CN Đà Nẵng,317153
GD202611016592,2026-11-28 13:33:21,KH000179,ATM,Chuyển khoản đi,23052000,3300,Thành công,CN Đà Nẵng,230150847
GD202611006258,2026-11-28 13:37:24,KH000063,QR Code,Nộp tiền mặt,976000,0,Thành công,CN TP Hồ Chí Minh,100960200
GD202611003162,2026-11-28 13:39:27,KH000028,QR Code,Thanh toán thẻ,1171000,0,Thành công,CN Cầu Giấy,70495115
GD202611013809,2026-11-28 13:41:00,KH000144,Internet Banking,Thanh toán thẻ,77000,0,Thành công,CN Cần Thơ,992327
GD202611006293,2026-11-28 13:43:13,KH000064,Internet Banking,Nạp tiền điện thoại,358000,0,Thành công,CN Bình Dương,1325431
GD202611012530,2026-11-28 14:02:29,KH000130,Internet Banking,Chuyển khoản đi,1871000,0,Thành công,CN Cần Thơ,36007805
GD202611014926,2026-11-28 14:13:09,KH000158,Internet Banking,Chuyển khoản đi,2541000,0,Thành công,CN Đà Nẵng,38522738
GD202611013950,2026-11-28 15:21:48,KH000146,Quầy giao dịch,Thanh toán hóa đơn,20118000,0,Thành công,CN TP Hồ Chí Minh,54011547
GD202611010170,2026-11-28 15:25:12,KH000104,Mobile Banking,Chuyển khoản đi,237000,0,Thành công,CN Thanh Xuân,1720719
GD202611012797,2026-11-28 16:00:48,KH000131,POS,Thanh toán thẻ,197000,5500,Thành công,CN Quận 1,333980
GD202611013135,2026-11-28 16:27:34,KH000135,POS,Thanh toán thẻ,68000,5500,Thành công,CN Hoàn Kiếm,42247076
GD202611002812,2026-11-28 16:29:44,KH000025,Internet Banking,Nạp tiền điện thoại,100000,0,Thành công,CN Hoàn Kiếm,107631
GD202611016852,2026-11-28 16:37:52,KH000181,POS,Thanh toán thẻ,176000,1100,Thành công,CN Thanh Xuân,130120
GD202611001035,2026-11-28 16:40:47,KH000013,POS,Thanh toán thẻ,183000,3300,Thành công,CN Cầu Giấy,247138
GD202611018357,2026-11-28 17:22:59,KH000194,QR Code,Nạp tiền điện thoại,372000,0,Thành công,CN Cầu Giấy,4640449
GD202611017645,2026-11-28 17:28:49,KH000186,ATM,Nộp tiền mặt,471000,0,Thành công,CN Đà Nẵng,5984454
GD202611005160,2026-11-28 17:35:53,KH000053,POS,Thanh toán thẻ,3441000,1100,Thành công,CN Quận 1,26666979
GD202611003741,2026-11-28 17:53:23,KH000034,QR Code,Nạp tiền điện thoại,2189000,0,Thành công,CN Quận 1,46077364
GD202611017810,2026-11-28 17:56:42,KH000187,POS,Thanh toán thẻ,2224000,3300,Thành công,CN Hoàn Kiếm,14512396
GD202611001034,2026-11-28 18:01:07,KH000013,POS,Thanh toán thẻ,213000,5500,Thành công,CN Cần Thơ,433438
GD202611001678,2026-11-28 18:19:33,KH000017,Quầy giao dịch,Chuyển khoản đến,4941000,5500,Thành công,CN Đà Nẵng,27242366
GD202611015317,2026-11-28 20:02:23,KH000163,ATM,Nộp tiền mặt,2679000,5500,Thành công,CN Cầu Giấy,21641180
GD202611005212,2026-11-28 20:15:06,KH000054,Internet Banking,Chuyển khoản đi,3451000,0,Thành công,CN Bình Dương,24201196
GD202611008074,2026-11-28 20:35:28,KH000082,Mobile Banking,Thanh toán hóa đơn,1939000,0,Thành công,CN Đà Nẵng,3720049
GD202611002269,2026-11-28 20:38:34,KH000020,QR Code,Chuyển khoản đi,57461000,0,Thành công,CN Thanh Xuân,199901949
GD202611008982,2026-11-28 20:59:04,KH000093,Internet Banking,Thanh toán thẻ,1870000,0,Thất bại,CN Hải Phòng,14766204
GD202611000861,2026-11-28 21:16:41,KH000011,Internet Banking,Thanh toán thẻ,2596000,0,Thành công,CN Cần Thơ,119259492
GD202611018523,2026-11-28 22:00:51,KH000195,Mobile Banking,Thanh toán hóa đơn,77000,0,Thành công,CN Hải Phòng,249117
GD202611014925,2026-11-28 22:16:56,KH000158,Internet Banking,Thanh toán thẻ,7087000,0,Thành công,CN Đà Nẵng,41063738
GD202611014737,2026-11-28 22:31:52,KH000155,POS,Thanh toán thẻ,6321000,0,Thành công,CN Cầu Giấy,33016370
GD202611010273,2026-11-28 22:32:19,KH000106,POS,Thanh toán thẻ,733000,1100,Thành công,CN Thanh Xuân,44395532
GD202611010270,2026-11-28 22:48:52,KH000106,POS,Chuyển khoản đến,1382000,5500,Thành công,CN TP Hồ Chí Minh,46347632
GD202611013136,2026-11-28 22:55:26,KH000135,POS,Thanh toán thẻ,10947000,0,Thành công,CN TP Hồ Chí Minh,31300076
GD202611013028,2026-11-28 22:58:43,KH000132,Internet Banking,Rút tiền mặt,2952000,0,Thành công,CN Cần Thơ,6789143
