ma_giao_dich,ngay_gio,ma_kh,kenh,loai_giao_dich,so_tien,phi,trang_thai,chi_nhanh,so_du_sau_giao_dich
GD202603004369,2026-03-01 06:18:55,KH000045,Internet Banking,Thanh toán hóa đơn,1374000,0,Thành công,CN Hoàn Kiếm,28822004
GD202603011173,2026-03-01 07:03:56,KH000118,QR Code,Rút tiền mặt,3478000,0,Thành công,CN Cần Thơ,14862706
GD202603004370,2026-03-01 07:05:36,KH000045,Internet Banking,Thanh toán thẻ,404000,0,Thành công,CN Cần Thơ,28418004
GD202603004131,2026-03-01 07:36:07,KH000041,Mobile Banking,Thanh toán hóa đơn,22422000,0,Thành công,CN Quận 1,69934384
GD202603011738,2026-03-01 07:46:31,KH000125,Mobile Banking,Chuyển khoản đi,251000,0,Thành công,CN TP Hồ Chí Minh,1069336
GD202603012858,2026-03-01 07:47:50,KH000132,QR Code,Thanh toán hóa đơn,1745000,0,Thành công,CN Hoàn Kiếm,6684344
GD202603017211,2026-03-01 07:55:15,KH000183,Quầy giao dịch,Nạp tiền điện thoại,2164000,5500,Thành công,CN Bình Dương,7282248
GD202603006337,2026-03-01 08:32:55,KH000065,Mobile Banking,Chuyển khoản đến,70000,0,Thành công,CN Quận 1,15887461
GD202603012263,2026-03-01 08:44:11,KH000128,QR Code,Nộp tiền mặt,555000,0,Thành công,CN Đà Nẵng,18856774
GD202603007271,2026-03-01 09:13:25,KH000077,Internet Banking,Chuyển khoản đi,1004000,0,Thành công,CN Quận 1,6405949
GD202603001821,2026-03-01 09:37:52,KH000019,Internet Banking,Chuyển khoản đi,799000,0,Thất bại,CN Hoàn Kiếm,63173138
GD202603001445,2026-03-01 09:44:09,KH000016,Mobile Banking,Nộp tiền mặt,143000,0,Thành công,CN Hoàn Kiếm,301807
GD202603010328,2026-03-01 09:49:19,KH000108,Quầy giao dịch,Chuyển khoản đi,118000,5500,Thành công,CN Bình Dương,25598515
GD202603006540,2026-03-01 10:35:20,KH000066,POS,Thanh toán hóa đơn,860000,3300,Thành công,CN Cần Thơ,123690861
GD202603016616,2026-03-01 10:43:47,KH000180,Mobile Banking,Chuyển khoản đến,1095000,0,Thành công,CN Thanh Xuân,36889207
GD202603011739,2026-03-01 10:59:21,KH000125,Internet Banking,Chuyển khoản đến,103000,0,Thành công,CN Thanh Xuân,1172336
GD202603012429,2026-03-01 11:41:08,KH000130,Internet Banking,Thanh toán thẻ,1322000,0,Thành công,CN Hoàn Kiếm,41017703
GD202603016760,2026-03-01 12:01:59,KH000181,POS,Thanh toán thẻ,851000,5500,Thành công,CN Cầu Giấy,4952220
GD202603005268,2026-03-01 12:28:34,KH000056,Quầy giao dịch,Chuyển khoản đi,2009000,1100,Thành công,CN Hải Phòng,74363059
GD202603006336,2026-03-01 12:42:44,KH000065,Internet Banking,Chuyển khoản đi,5881000,0,Thành công,CN Đà Nẵng,15817461
GD202603002301,2026-03-01 13:19:50,KH000021,QR Code,Chuyển khoản đến,775000,0,Thành công,CN Cầu Giấy,26988548
GD202603003526,2026-03-01 13:21:46,KH000033,Internet Banking,Thanh toán thẻ,2538000,0,Thành công,CN TP Hồ Chí Minh,28414913
GD202603002105,2026-03-01 14:03:02,KH000020,Internet Banking,Thanh toán thẻ,8947000,0,Thành công,CN Quận 1,25812586
GD202603009037,2026-03-01 14:10:44,KH000094,POS,Chuyển khoản đến,2477000,1100,Thành công,CN Quận 1,62313713
GD202603008549,2026-03-01 14:46:08,KH000087,Mobile Banking,Thanh toán thẻ,269000,0,Thành công,CN Đà Nẵng,532126
GD202603006954,2026-03-01 15:19:05,KH000074,Mobile Banking,Chuyển khoản đi,1231000,0,Thành công,CN Cầu Giấy,30802577
GD202603005784,2026-03-01 16:00:03,KH000061,Internet Banking,Chuyển khoản đến,1045000,0,Thành công,CN Cầu Giấy,31499953
GD202603008210,2026-03-01 16:21:48,KH000084,Internet Banking,Chuyển khoản đến,1856000,0,Thành công,CN Hoàn Kiếm,14916257
GD202603004368,2026-03-01 17:39:30,KH000045,QR Code,Nộp tiền mặt,1342000,0,Thành công,CN Hoàn Kiếm,30196004
GD202603005393,2026-03-01 17:43:56,KH000057,Mobile Banking,Rút tiền mặt,2223000,0,Thành công,CN TP Hồ Chí Minh,94818216
GD202603002617,2026-03-01 18:21:46,KH000025,POS,Thanh toán thẻ,88000,3300,Thành công,CN Hoàn Kiếm,154631
GD202603007211,2026-03-01 18:23:27,KH000076,QR Code,Nạp tiền điện thoại,3075000,0,Thành công,CN Hải Phòng,6361641
GD202603011172,2026-03-01 18:30:29,KH000118,Internet Banking,Thanh toán thẻ,1135000,0,Thành công,CN TP Hồ Chí Minh,18340706
GD202603007210,2026-03-01 18:50:38,KH000076,QR Code,Nạp tiền điện thoại,60000,0,Thành công,CN Đà Nẵng,9436641
GD202603010013,2026-03-01 18:55:49,KH000104,POS,Thanh toán thẻ,3113000,0,Thành công,CN Đà Nẵng,25468028
GD202603016567,2026-03-01 19:55:50,KH000179,QR Code,Thanh toán thẻ,28880000,0,Thành công,CN TP Hồ Chí Minh,92338812
GD202603012587,2026-03-01 20:40:07,KH000131,Mobile Banking,Chuyển khoản đi,5114000,0,Thành công,CN Cần Thơ,34793180
GD202603016225,2026-03-01 20:49:48,KH000176,Mobile Banking,Thanh toán thẻ,616000,0,Thành công,CN Cầu Giấy,21133390
GD202603009036,2026-03-01 20:56:20,KH000094,QR Code,Chuyển khoản đến,110000,0,Thành công,CN Cần Thơ,59836713
GD202603013577,2026-03-01 21:12:35,KH000142,Quầy giao dịch,Chuyển khoản đến,2384000,0,Thành công,CN Cầu Giấy,23700911
GD202603009261,2026-03-01 21:14:56,KH000095,POS,Thanh toán thẻ,1593000,3300,Thành công,CN Cầu Giấy,8611827
GD202603006539,2026-03-01 21:35:42,KH000066,Quầy giao dịch,Nộp tiền mặt,2575000,1100,Thành công,CN Thanh Xuân,124554161
GD202603012025,2026-03-01 21:44:07,KH000127,QR Code,Thanh toán thẻ,498000,0,Thành công,CN TP Hồ Chí Minh,2252017
GD202603005785,2026-03-01 21:56:33,KH000061,Internet Banking,Thanh toán hóa đơn,1684000,0,Thành công,CN Hoàn Kiếm,29815953
GD202603012428,2026-03-01 21:56:59,KH000130,QR Code,Chuyển khoản đi,4222000,0,Thành công,CN Hoàn Kiếm,42339703
GD202603001822,2026-03-01 22:28:50,KH000019,Mobile Banking,Thanh toán hóa đơn,810000,0,Thành công,CN Hải Phòng,62363138
GD202603011047,2026-03-01 22:30:49,KH000117,QR Code,Rút tiền mặt,730000,0,Thành công,CN Cầu Giấy,30164860
GD202603017681,2026-03-01 22:32:06,KH000187,Internet Banking,Rút tiền mặt,2436000,0,Thành công,CN TP Hồ Chí Minh,6563509
GD202603002106,2026-03-01 22:36:50,KH000020,Mobile Banking,Chuyển khoản đến,688000,0,Thành công,CN TP Hồ Chí Minh,26500586
GD202603004279,2026-03-02 06:10:28,KH000043,ATM,Nạp tiền điện thoại,400000,3300,Thành công,CN Cầu Giấy,24438111
GD202603003857,2026-03-02 06:11:02,KH000038,Mobile Banking,Thanh toán hóa đơn,1140000,0,Thành công,CN Bình Dương,78935747
GD202603011174,2026-03-02 06:55:15,KH000118,Internet Banking,Nạp tiền điện thoại,536000,0,Thành công,CN Cần Thơ,14326706
GD202603003592,2026-03-02 09:14:05,KH000034,Mobile Banking,Thanh toán thẻ,430000,0,Thành công,CN Hoàn Kiếm,69627985
GD202603005563,2026-03-02 09:15:05,KH000059,Mobile Banking,Thanh toán thẻ,4152000,0,Thành công,CN Hải Phòng,16333520
GD202603012860,2026-03-02 09:24:20,KH000132,ATM,Chuyển khoản đến,1786000,5500,Thành công,CN Cầu Giấy,6998344
GD202603012026,2026-03-02 10:06:30,KH000127,POS,Thanh toán thẻ,773000,3300,Thành công,CN Cầu Giấy,1475717
GD202603013962,2026-03-02 10:30:07,KH000147,ATM,Nộp tiền mặt,2977000,5500,Thành công,CN TP Hồ Chí Minh,104130441
GD202603005786,2026-03-02 10:49:23,KH000061,POS,Thanh toán thẻ,682000,0,Thành công,CN Thanh Xuân,29133953
GD202603004177,2026-03-02 12:29:26,KH000042,Internet Banking,Nạp tiền điện thoại,2840000,0,Thành công,CN Thanh Xuân,31125028
GD202603018065,2026-03-02 12:30:17,KH000191,POS,Chuyển khoản đi,1291000,0,Thành công,CN TP Hồ Chí Minh,10106612
GD202603012382,2026-03-02 12:32:27,KH000129,ATM,Chuyển khoản đến,52000,0,Thành công,CN Cầu Giấy,1083648
GD202603013153,2026-03-02 12:34:52,KH000136,POS,Rút tiền mặt,24387000,0,Thành công,CN Cầu Giấy,83074217
GD202603009312,2026-03-02 12:57:06,KH000096,POS,Thanh toán thẻ,13433000,3300,Thành công,CN Bình Dương,26382916
GD202603014393,2026-03-02 13:00:24,KH000153,QR Code,Chuyển khoản đến,3909000,0,Thành công,CN Cầu Giấy,15107041
GD202603004025,2026-03-02 13:18:19,KH000040,QR Code,Thanh toán thẻ,822000,0,Thành công,CN Hải Phòng,39889237
GD202603016761,2026-03-02 13:27:53,KH000181,POS,Thanh toán thẻ,1532000,3300,Thành công,CN Hải Phòng,3416920
GD202603015746,2026-03-02 13:55:58,KH000171,QR Code,Nộp tiền mặt,3416000,0,Thành công,CN Quận 1,28118651
GD202603003593,2026-03-02 14:02:20,KH000034,POS,Thanh toán thẻ,2407000,3300,Thành công,CN Quận 1,67217685
GD202603005787,2026-03-02 14:33:39,KH000061,QR Code,Rút tiền mặt,212000,0,Thành công,CN Đà Nẵng,28921953
GD202603017525,2026-03-02 14:53:55,KH000185,Quầy giao dịch,Rút tiền mặt,7996000,5500,Thành công,CN Hải Phòng,27244750
GD202603004832,2026-03-02 15:01:49,KH000052,Mobile Banking,Chuyển khoản đi,171000,0,Thành công,CN Hoàn Kiếm,201506
GD202603009491,2026-03-02 15:09:09,KH000097,Internet Banking,Nộp tiền mặt,1584000,0,Thành công,CN Cần Thơ,21540649
GD202603000779,2026-03-02 15:11:04,KH000011,QR Code,Chuyển khoản đến,3272000,0,Thành công,CN TP Hồ Chí Minh,72041687
GD202603012431,2026-03-02 15:22:50,KH000130,QR Code,Thanh toán thẻ,194000,0,Thành công,CN Hải Phòng,40157703
GD202603016617,2026-03-02 15:38:42,KH000180,POS,Thanh toán thẻ,2825000,0,Thành công,CN TP Hồ Chí Minh,34064207
GD202603006893,2026-03-02 15:44:30,KH000073,QR Code,Chuyển khoản đi,7281000,0,Thành công,CN Thanh Xuân,19786733
GD202603004371,2026-03-02 16:29:24,KH000045,Internet Banking,Chuyển khoản đi,804000,0,Thành công,CN Cầu Giấy,27614004
GD202603012588,2026-03-02 16:39:09,KH000131,Mobile Banking,Nộp tiền mặt,3919000,0,Thất bại,CN Thanh Xuân,34793180
GD202603000308,2026-03-02 16:39:54,KH000007,ATM,Chuyển khoản đến,39552000,0,Thành công,CN Cần Thơ,168233247
GD202603018699,2026-03-02 16:52:46,KH000198,POS,Chuyển khoản đến,2863000,0,Thành công,CN Cần Thơ,33283588
GD202603011674,2026-03-02 17:46:54,KH000124,POS,Thanh toán thẻ,7144000,0,Thành công,CN Hải Phòng,55241838
GD202603001089,2026-03-02 18:03:35,KH000014,POS,Thanh toán thẻ,2721000,3300,Thành công,CN Thanh Xuân,8133139
GD202603003813,2026-03-02 19:24:36,KH000037,Internet Banking,Thanh toán hóa đơn,18311000,0,Thành công,CN Đà Nẵng,136193158
GD202603008823,2026-03-02 20:03:23,KH000092,POS,Thanh toán thẻ,374000,1100,Thành công,CN Thanh Xuân,13761452
GD202603012859,2026-03-02 20:12:52,KH000132,Internet Banking,Thanh toán thẻ,1472000,0,Thành công,CN Cầu Giấy,5212344
GD202603004831,2026-03-02 20:28:25,KH000052,QR Code,Nộp tiền mặt,72000,0,Thành công,CN Quận 1,372506
GD202603011740,2026-03-02 20:30:06,KH000125,Mobile Banking,Chuyển khoản đến,338000,0,Thất bại,CN TP Hồ Chí Minh,1172336
GD202603014863,2026-03-02 20:32:11,KH000158,ATM,Nộp tiền mặt,17870000,0,Thành công,CN Bình Dương,78525959
GD202603009492,2026-03-02 21:04:29,KH000097,POS,Thanh toán thẻ,1146000,1100,Thành công,CN Đà Nẵng,20393549
GD202603003591,2026-03-02 21:10:29,KH000034,Mobile Banking,Thanh toán thẻ,599000,0,Thành công,CN Cầu Giấy,70057985
GD202603012430,2026-03-02 21:25:18,KH000130,Mobile Banking,Thanh toán thẻ,666000,0,Thành công,CN Bình Dương,40351703
GD202603006119,2026-03-02 22:22:01,KH000063,POS,Thanh toán thẻ,329000,0,Thành công,CN Cầu Giấy,33517925
GD202603015745,2026-03-02 22:30:07,KH000171,ATM,Rút tiền mặt,380000,5500,Thành công,CN Quận 1,24702651
GD202603003261,2026-03-02 22:40:39,KH000030,Quầy giao dịch,Chuyển khoản đi,3186000,1100,Thành công,CN Đà Nẵng,95871613
GD202603010456,2026-03-02 22:41:11,KH000110,Mobile Banking,Chuyển khoản đến,1684000,0,Thành công,CN Quận 1,39584036
GD202603012590,2026-03-03 06:14:34,KH000131,QR Code,Nạp tiền điện thoại,4341000,0,Thành công,CN Quận 1,29463080
GD202603015747,2026-03-03 06:21:19,KH000171,ATM,Chuyển khoản đi,8738000,1100,Thành công,CN Hải Phòng,19379551
GD202603005395,2026-03-03 07:30:42,KH000057,QR Code,Nạp tiền điện thoại,22426000,0,Thành công,CN Hoàn Kiếm,70451216
GD202603011741,2026-03-03 07:41:37,KH000125,Internet Banking,Thanh toán thẻ,175000,0,Thành công,CN Thanh Xuân,997336
GD202603006541,2026-03-03 07:42:16,KH000066,Internet Banking,Chuyển khoản đi,3158000,0,Thành công,CN Thanh Xuân,120532861
GD202603002302,2026-03-03 07:43:00,KH000021,Mobile Banking,Thanh toán thẻ,620000,0,Thành công,CN Hải Phòng,26368548
GD202603010800,2026-03-03 07:48:13,KH000114,Mobile Banking,Thanh toán hóa đơn,2224000,0,Thành công,CN TP Hồ Chí Minh,47025701
GD202603014394,2026-03-03 07:53:49,KH000153,QR Code,Chuyển khoản đến,1914000,0,Thành công,CN Quận 1,17021041
GD202603005564,2026-03-03 09:10:04,KH000059,Mobile Banking,Chuyển khoản đến,1986000,0,Thành công,CN Đà Nẵng,18319520
GD202603001447,2026-03-03 09:10:40,KH000016,Internet Banking,Nạp tiền điện thoại,195000,0,Thành công,CN Quận 1,257807
GD202603014112,2026-03-03 10:05:04,KH000149,ATM,Chuyển khoản đi,3776000,1100,Thành công,CN Hải Phòng,21015192
GD202603007602,2026-03-03 10:25:35,KH000079,Internet Banking,Thanh toán thẻ,1251000,0,Thành công,CN Thanh Xuân,4304140
GD202603015884,2026-03-03 10:40:34,KH000172,Internet Banking,Thanh toán thẻ,560000,0,Thành công,CN Hải Phòng,1463653
GD202603001823,2026-03-03 10:40:43,KH000019,POS,Thanh toán thẻ,3247000,5500,Thành công,CN TP Hồ Chí Minh,59110638
GD202603006955,2026-03-03 11:09:01,KH000074,Internet Banking,Nộp tiền mặt,910000,0,Thành công,CN Cần Thơ,31712577
GD202603006338,2026-03-03 11:09:08,KH000065,QR Code,Chuyển khoản đến,3770000,0,Thành công,CN Hải Phòng,19657461
GD202603006956,2026-03-03 11:34:36,KH000074,QR Code,Chuyển khoản đến,777000,0,Thành công,CN TP Hồ Chí Minh,32489577
GD202603001446,2026-03-03 12:10:52,KH000016,Internet Banking,Chuyển khoản đến,151000,0,Thành công,CN Hải Phòng,452807
GD202603010688,2026-03-03 12:14:37,KH000113,Quầy giao dịch,Rút tiền mặt,5605000,3300,Thành công,CN Thanh Xuân,31423406
GD202603005394,2026-03-03 12:34:27,KH000057,Internet Banking,Nạp tiền điện thoại,1941000,0,Thành công,CN TP Hồ Chí Minh,92877216
GD202603012589,2026-03-03 12:50:51,KH000131,POS,Thanh toán thẻ,988000,1100,Thành công,CN Cần Thơ,33804080
GD202603006773,2026-03-03 13:23:47,KH000071,POS,Thanh toán thẻ,11088000,5500,Thất bại,CN Hải Phòng,53294938
GD202603009493,2026-03-03 13:25:34,KH000097,Internet Banking,Nộp tiền mặt,1857000,0,Thành công,CN Đà Nẵng,22250549
GD202603012861,2026-03-03 13:30:57,KH000132,Internet Banking,Chuyển khoản đi,2093000,0,Thành công,CN Cần Thơ,4905344
GD202603000780,2026-03-03 13:36:19,KH000011,QR Code,Chuyển khoản đến,2127000,0,Thành công,CN Thanh Xuân,74168687
GD202603018388,2026-03-03 13:41:35,KH000195,Internet Banking,Thanh toán hóa đơn,46763000,0,Thành công,CN Hoàn Kiếm,91302717
GD202603006621,2026-03-03 15:47:26,KH000067,Quầy giao dịch,Chuyển khoản đến,27607000,5500,Thành công,CN TP Hồ Chí Minh,113469499
GD202603007517,2026-03-03 16:04:45,KH000078,POS,Thanh toán thẻ,27434000,3300,Thành công,CN Quận 1,83128843
GD202603010799,2026-03-03 16:25:19,KH000114,Mobile Banking,Thanh toán thẻ,770000,0,Thành công,CN Cần Thơ,49249701
GD202603002618,2026-03-03 16:33:06,KH000025,Mobile Banking,Thanh toán hóa đơn,58000,0,Thành công,CN Bình Dương,96631
GD202603006622,2026-03-03 16:35:09,KH000067,Quầy giao dịch,Chuyển khoản đi,19661000,0,Thành công,CN Đà Nẵng,93808499
GD202603016226,2026-03-03 18:15:37,KH000176,QR Code,Thanh toán thẻ,246000,0,Thành công,CN Cầu Giấy,20887390
GD202603012383,2026-03-03 18:32:01,KH000129,Quầy giao dịch,Chuyển khoản đi,124000,5500,Thành công,CN TP Hồ Chí Minh,954148
GD202603002619,2026-03-03 18:46:53,KH000025,Mobile Banking,Thanh toán thẻ,87000,0,Thành công,CN Thanh Xuân,140131
GD202603012384,2026-03-03 19:53:45,KH000129,QR Code,Rút tiền mặt,89000,0,Thành công,CN Quận 1,865148
GD202603007603,2026-03-03 19:59:54,KH000079,ATM,Chuyển khoản đến,1097000,5500,Thành công,CN Hải Phòng,5401140
GD202603007272,2026-03-03 20:54:08,KH000077,QR Code,Thanh toán thẻ,281000,0,Thành công,CN Thanh Xuân,6124949
GD202603016908,2026-03-03 21:50:19,KH000182,Mobile Banking,Thanh toán hóa đơn,1889000,0,Thành công,CN TP Hồ Chí Minh,4138846
GD202603004833,2026-03-03 22:09:47,KH000052,Internet Banking,Nộp tiền mặt,180000,0,Thành công,CN Cần Thơ,381506
GD202603013578,2026-03-03 22:42:57,KH000142,POS,Nộp tiền mặt,4710000,5500,Thành công,CN Cầu Giấy,28410911
GD202603005565,2026-03-03 22:54:55,KH000059,Internet Banking,Chuyển khoản đến,4114000,0,Thành công,CN Quận 1,22433520
GD202603006894,2026-03-04 06:53:10,KH000073,Internet Banking,Thanh toán thẻ,2285000,0,Thành công,CN Đà Nẵng,17501733
GD202603012863,2026-03-04 07:11:15,KH000132,QR Code,Thanh toán thẻ,475000,0,Thành công,CN TP Hồ Chí Minh,4430344
GD202603001449,2026-03-04 07:42:08,KH000016,QR Code,Thanh toán hóa đơn,119000,0,Thành công,CN Hải Phòng,131007
GD202603015092,2026-03-04 08:33:46,KH000162,Mobile Banking,Thanh toán thẻ,2068000,0,Thành công,CN Bình Dương,4006503
GD202603013706,2026-03-04 08:50:50,KH000143,POS,Thanh toán thẻ,1104000,3300,Thành công,CN Quận 1,27614805
GD202603008550,2026-03-04 09:14:48,KH000087,Internet Banking,Thanh toán hóa đơn,54000,0,Thành công,CN Quận 1,478126
GD202603001090,2026-03-04 09:21:51,KH000014,Internet Banking,Chuyển khoản đến,1689000,0,Thành công,CN Thanh Xuân,9822139
GD202603006958,2026-03-04 09:23:33,KH000074,POS,Thanh toán thẻ,1450000,1100,Thành công,CN TP Hồ Chí Minh,30806477
GD202603012864,2026-03-04 09:46:30,KH000132,QR Code,Nạp tiền điện thoại,941000,0,Thành công,CN Hoàn Kiếm,3489344
GD202603013707,2026-03-04 10:19:32,KH000143,Internet Banking,Thanh toán thẻ,348000,0,Thất bại,CN Thanh Xuân,27614805
GD202603017682,2026-03-04 10:25:48,KH000187,Mobile Banking,Nộp tiền mặt,574000,0,Thành công,CN Quận 1,7137509
GD202603016445,2026-03-04 10:32:45,KH000177,Quầy giao dịch,Nộp tiền mặt,18233000,5500,Thành công,CN Bình Dương,150485305
GD202603018601,2026-03-04 10:44:06,KH000197,Mobile Banking,Nộp tiền mặt,5117000,0,Thành công,CN Cầu Giấy,112500156
GD202603001448,2026-03-04 10:46:52,KH000016,POS,Thanh toán thẻ,183000,3300,Thành công,CN Bình Dương,71507
GD202603000360,2026-03-04 10:51:57,KH000008,Mobile Banking,Nộp tiền mặt,3388000,0,Thành công,CN Cần Thơ,176096743
GD202603012593,2026-03-04 10:52:48,KH000131,QR Code,Nộp tiền mặt,1887000,0,Thành công,CN Đà Nẵng,31923080
GD202603011175,2026-03-04 11:37:50,KH000118,POS,Thanh toán thẻ,3635000,1100,Thành công,CN Cần Thơ,10690606
GD202603014981,2026-03-04 11:52:50,KH000160,ATM,Nộp tiền mặt,3616000,1100,Thành công,CN Quận 1,54542963
GD202603002620,2026-03-04 12:25:22,KH000025,Internet Banking,Nạp tiền điện thoại,145000,0,Thành công,CN Hải Phòng,212631
GD202603010801,2026-03-04 12:25:45,KH000114,Internet Banking,Thanh toán thẻ,2101000,0,Thành công,CN Đà Nẵng,44924701
GD202603012592,2026-03-04 12:57:23,KH000131,QR Code,Chuyển khoản đi,697000,0,Thành công,CN Đà Nẵng,30036080
GD202603006121,2026-03-04 13:27:12,KH000063,Internet Banking,Thanh toán thẻ,266000,0,Thành công,CN Thanh Xuân,33723925
GD202603013831,2026-03-04 14:10:22,KH000145,Mobile Banking,Chuyển khoản đi,258000,0,Thành công,CN Quận 1,24544864
GD202603016762,2026-03-04 14:38:49,KH000181,QR Code,Nộp tiền mặt,417000,0,Thành công,CN Cần Thơ,3833920
GD202603004316,2026-03-04 14:53:59,KH000044,Quầy giao dịch,Nạp tiền điện thoại,3047000,5500,Thành công,CN Thanh Xuân,29599862
GD202603017212,2026-03-04 15:11:31,KH000183,Internet Banking,Rút tiền mặt,2358000,0,Thành công,CN Đà Nẵng,4924248
GD202603003764,2026-03-04 15:15:54,KH000035,QR Code,Chuyển khoản đến,3824000,0,Thành công,CN Hoàn Kiếm,33760555
GD202603004541,2026-03-04 15:26:03,KH000047,POS,Thanh toán hóa đơn,3961000,3300,Thành công,CN Bình Dương,68717356
GD202603016909,2026-03-04 15:31:32,KH000182,POS,Thanh toán thẻ,1442000,5500,Thành công,CN Bình Dương,2691346
GD202603004834,2026-03-04 15:33:47,KH000052,Internet Banking,Nộp tiền mặt,124000,0,Thành công,CN Đà Nẵng,505506
GD202603016910,2026-03-04 15:45:37,KH000182,Internet Banking,Chuyển khoản đến,752000,0,Thành công,CN Hải Phòng,3443346
GD202603007273,2026-03-04 16:01:32,KH000077,Internet Banking,Thanh toán thẻ,1937000,0,Thành công,CN Thanh Xuân,4187949
GD202603004178,2026-03-04 16:20:48,KH000042,POS,Thanh toán thẻ,3542000,0,Thất bại,CN Cầu Giấy,31125028
GD202603003858,2026-03-04 16:32:45,KH000038,QR Code,Thanh toán thẻ,4680000,0,Thành công,CN Đà Nẵng,74255747
GD202603002418,2026-03-04 16:56:49,KH000023,Internet Banking,Nộp tiền mặt,7831000,0,Thành công,CN Thanh Xuân,35161067
GD202603003262,2026-03-04 17:25:50,KH000030,QR Code,Nộp tiền mặt,3268000,0,Thành công,CN Quận 1,99139613
GD202603018600,2026-03-04 17:46:06,KH000197,POS,Thanh toán thẻ,33150000,1100,Thành công,CN Quận 1,107383156
GD202603012862,2026-03-04 18:03:15,KH000132,Internet Banking,Nạp tiền điện thoại,351000,0,Thất bại,CN TP Hồ Chí Minh,4905344
GD202603017875,2026-03-04 18:10:59,KH000189,POS,Thanh toán thẻ,117433000,5500,Thành công,CN Thanh Xuân,563155761
GD202603008668,2026-03-04 18:46:39,KH000088,Mobile Banking,Thanh toán thẻ,2363000,0,Thành công,CN TP Hồ Chí Minh,5386067
GD202603011315,2026-03-04 19:33:05,KH000119,Mobile Banking,Nộp tiền mặt,108000,0,Thành công,CN Bình Dương,14528424
GD202603013372,2026-03-04 19:42:44,KH000138,Internet Banking,Thanh toán thẻ,11198000,0,Thành công,CN Hoàn Kiếm,35382619
GD202603013264,2026-03-04 19:44:03,KH000137,Mobile Banking,Rút tiền mặt,2345000,0,Thành công,CN Hoàn Kiếm,11170764
GD202603009494,2026-03-04 19:51:35,KH000097,Internet Banking,Nạp tiền điện thoại,315000,0,Thành công,CN Thanh Xuân,21935549
GD202603012591,2026-03-04 20:14:50,KH000131,Mobile Banking,Chuyển khoản đến,1270000,0,Thành công,CN Thanh Xuân,30733080
GD202603006957,2026-03-04 20:21:46,KH000074,POS,Thanh toán thẻ,232000,0,Thành công,CN Cầu Giấy,32257577
GD202603006120,2026-03-04 20:30:23,KH000063,Mobile Banking,Nộp tiền mặt,472000,0,Thành công,CN Hoàn Kiếm,33989925
GD202603007274,2026-03-04 20:53:32,KH000077,QR Code,Nộp tiền mặt,918000,0,Thành công,CN TP Hồ Chí Minh,5105949
GD202603018066,2026-03-04 21:43:29,KH000191,Internet Banking,Chuyển khoản đến,3232000,0,Thành công,CN Cần Thơ,13338612
GD202603014395,2026-03-04 22:28:49,KH000153,Mobile Banking,Chuyển khoản đi,5902000,0,Thành công,CN Hải Phòng,11119041
GD202603013154,2026-03-04 22:51:10,KH000136,POS,Thanh toán hóa đơn,5558000,1100,Thành công,CN Hải Phòng,77515117
GD202603007604,2026-03-05 06:15:55,KH000079,Internet Banking,Chuyển khoản đến,1347000,0,Thành công,CN Hoàn Kiếm,6748140
GD202603012027,2026-03-05 06:22:51,KH000127,Quầy giao dịch,Nhận lương,15322415,0,Thành công,CN Hoàn Kiếm,16798132
GD202603010561,2026-03-05 06:25:48,KH000111,QR Code,Nạp tiền điện thoại,105654000,0,Thành công,CN Hoàn Kiếm,354612745
GD202603011743,2026-03-05 07:13:12,KH000125,QR Code,Rút tiền mặt,173000,0,Thành công,CN Hải Phòng,719336
GD202603018389,2026-03-05 07:56:18,KH000195,POS,Rút tiền mặt,23156000,3300,Thành công,CN Thanh Xuân,68143417
GD202603011317,2026-03-05 08:18:23,KH000119,Mobile Banking,Thanh toán thẻ,193000,0,Thành công,CN Cần Thơ,22196610
GD202603016109,2026-03-05 08:36:28,KH000174,Quầy giao dịch,Nhận lương,9453121,0,Thành công,CN Cần Thơ,60796644
GD202603006961,2026-03-05 08:42:44,KH000074,Internet Banking,Thanh toán thẻ,758000,0,Thành công,CN Bình Dương,37143273
GD202603012595,2026-03-05 08:56:22,KH000131,POS,Thanh toán thẻ,5500000,3300,Thành công,CN Cần Thơ,25051780
GD202603005788,2026-03-05 08:59:21,KH000061,Mobile Banking,Thanh toán hóa đơn,643000,0,Thành công,CN Quận 1,28278953
GD202603000014,2026-03-05 09:11:24,KH000001,Quầy giao dịch,Nhận lương,27217554,0,Thành công,CN Cầu Giấy,77387575
GD202603011048,2026-03-05 09:49:11,KH000117,Internet Banking,Nộp tiền mặt,397000,0,Thành công,CN Thanh Xuân,30561860
GD202603013832,2026-03-05 10:16:51,KH000145,Internet Banking,Chuyển khoản đến,335000,0,Thành công,CN Hải Phòng,24879864
GD202603009038,2026-03-05 10:40:11,KH000094,Quầy giao dịch,Nộp tiền mặt,2461000,5500,Thành công,CN Hải Phòng,64774713
GD202603006959,2026-03-05 10:41:54,KH000074,Quầy giao dịch,Nhận lương,8655796,0,Thành công,CN Hoàn Kiếm,39462273
GD202603005790,2026-03-05 12:03:07,KH000061,Mobile Banking,Nạp tiền điện thoại,1292000,0,Thành công,CN Quận 1,28402953
GD202603015400,2026-03-05 12:09:22,KH000165,Quầy giao dịch,Nhận lương,8974522,0,Thành công,CN Hải Phòng,97366685
GD202603005789,2026-03-05 12:26:57,KH000061,QR Code,Nộp tiền mặt,1416000,0,Thành công,CN Quận 1,29694953
GD202603003527,2026-03-05 12:50:47,KH000033,Quầy giao dịch,Nhận lương,10863113,0,Thành công,CN Đà Nẵng,39278026
GD202603001091,2026-03-05 13:01:05,KH000014,Internet Banking,Chuyển khoản đi,1324000,0,Thành công,CN TP Hồ Chí Minh,8498139
GD202603003859,2026-03-05 13:14:21,KH000038,Quầy giao dịch,Nhận lương,11219809,0,Thành công,CN Bình Dương,85475556
GD202603012594,2026-03-05 13:27:15,KH000131,Internet Banking,Thanh toán hóa đơn,1368000,0,Thành công,CN Cần Thơ,30555080
GD202603006960,2026-03-05 13:43:11,KH000074,Internet Banking,Nạp tiền điện thoại,1561000,0,Thành công,CN Cần Thơ,37901273
GD202603010014,2026-03-05 13:50:39,KH000104,Quầy giao dịch,Nhận lương,9896185,0,Thành công,CN Quận 1,35364213
GD202603013155,2026-03-05 13:55:47,KH000136,Internet Banking,Chuyển khoản đi,209000,0,Thành công,CN Đà Nẵng,77306117
GD202603007518,2026-03-05 14:34:26,KH000078,Quầy giao dịch,Nhận lương,22482314,0,Thành công,CN Đà Nẵng,105611157
GD202603002303,2026-03-05 15:11:56,KH000021,QR Code,Thanh toán thẻ,467000,0,Thành công,CN TP Hồ Chí Minh,25901548
GD202603004542,2026-03-05 15:44:08,KH000047,Quầy giao dịch,Nhận lương,10407087,0,Thành công,CN Đà Nẵng,79124443
GD202603003294,2026-03-05 16:25:28,KH000031,POS,Thanh toán thẻ,290000,5500,Thành công,CN TP Hồ Chí Minh,3110603
GD202603013373,2026-03-05 16:44:09,KH000138,ATM,Thanh toán hóa đơn,662000,5500,Thành công,CN TP Hồ Chí Minh,34715119
GD202603003263,2026-03-05 18:01:27,KH000030,Quầy giao dịch,Nhận lương,12122485,0,Thành công,CN Cầu Giấy,111262099
GD202603018067,2026-03-05 18:21:49,KH000191,Quầy giao dịch,Nhận lương,14670647,0,Thành công,CN Hoàn Kiếm,28009259
GD202603002892,2026-03-05 18:32:51,KH000027,Internet Banking,Nộp tiền mặt,25290000,0,Thành công,CN TP Hồ Chí Minh,110494602
GD202603004026,2026-03-05 18:38:04,KH000040,QR Code,Thanh toán thẻ,5852000,0,Thành công,CN Cầu Giấy,34037237
GD202603002621,2026-03-05 18:58:57,KH000025,POS,Thanh toán thẻ,110000,5500,Thành công,CN Cần Thơ,97131
GD202603012028,2026-03-05 19:00:45,KH000127,QR Code,Thanh toán hóa đơn,2128000,0,Thành công,CN Bình Dương,14670132
GD202603017876,2026-03-05 19:01:49,KH000189,Quầy giao dịch,Nhận lương,104501422,0,Thành công,CN Hải Phòng,667657183
GD202603016912,2026-03-05 19:10:19,KH000182,Mobile Banking,Nộp tiền mặt,4672000,0,Thành công,CN Quận 1,33824689
GD202603007954,2026-03-05 19:46:10,KH000082,QR Code,Nộp tiền mặt,4328000,0,Thành công,CN Đà Nẵng,53505426
GD202603016911,2026-03-05 19:55:40,KH000182,Quầy giao dịch,Nhận lương,25709343,0,Thành công,CN Quận 1,29152689
GD202603014982,2026-03-05 19:57:17,KH000160,POS,Chuyển khoản đi,3662000,3300,Thành công,CN Quận 1,50877663
GD202603009313,2026-03-05 20:00:15,KH000096,POS,Thanh toán thẻ,3669000,5500,Thành công,CN Quận 1,22708416
GD202603004280,2026-03-05 20:07:48,KH000043,Quầy giao dịch,Nhận lương,9309964,0,Thành công,CN Quận 1,33748076
GD202603011316,2026-03-05 20:32:17,KH000119,Quầy giao dịch,Nhận lương,7861186,0,Thành công,CN Cầu Giấy,22389610
GD202603011742,2026-03-05 21:33:42,KH000125,Mobile Banking,Chuyển khoản đi,105000,0,Thành công,CN TP Hồ Chí Minh,892336
GD202603014864,2026-03-05 21:46:16,KH000158,Quầy giao dịch,Nhận lương,14167378,0,Thành công,CN Hải Phòng,92693337
GD202603010802,2026-03-05 21:50:43,KH000114,Mobile Banking,Rút tiền mặt,1311000,0,Thất bại,CN Cần Thơ,44924701
GD202603009817,2026-03-05 22:30:52,KH000100,Internet Banking,Thanh toán thẻ,4796000,0,Thành công,CN Thanh Xuân,35418759
GD202603006122,2026-03-05 22:58:25,KH000063,Quầy giao dịch,Nhận lương,10017453,0,Thành công,CN Bình Dương,43741377
GD202603010329,2026-03-06 06:10:46,KH000108,Quầy giao dịch,Nhận lương,11403215,0,Thành công,CN Hải Phòng,37001730
GD202603004132,2026-03-06 06:32:09,KH000041,Quầy giao dịch,Nhận lương,50920240,0,Thành công,CN TP Hồ Chí Minh,120854624
GD202603001824,2026-03-06 06:47:57,KH000019,ATM,Chuyển khoản đến,1830000,1100,Thành công,CN Đà Nẵng,60940638
GD202603013156,2026-03-06 07:04:22,KH000136,Quầy giao dịch,Nhận lương,38848177,0,Thành công,CN Đà Nẵng,116154294
GD202603015885,2026-03-06 07:13:55,KH000172,Internet Banking,Thanh toán thẻ,177000,0,Thành công,CN Hoàn Kiếm,1286653
GD202603006852,2026-03-06 07:30:34,KH000072,Quầy giao dịch,Nạp tiền điện thoại,823000,5500,Thành công,CN Cầu Giấy,24010374
GD202603015458,2026-03-06 07:31:18,KH000166,Mobile Banking,Thanh toán hóa đơn,10272000,0,Thành công,CN TP Hồ Chí Minh,168812775
GD202603004835,2026-03-06 08:10:41,KH000052,QR Code,Nộp tiền mặt,82000,0,Thành công,CN TP Hồ Chí Minh,587506
GD202603011176,2026-03-06 08:13:45,KH000118,Mobile Banking,Chuyển khoản đến,814000,0,Thành công,CN Hoàn Kiếm,11504606
GD202603005396,2026-03-06 08:19:38,KH000057,Quầy giao dịch,Nhận lương,35094374,0,Thành công,CN Bình Dương,105545590
GD202603010911,2026-03-06 08:42:05,KH000115,Mobile Banking,Thanh toán thẻ,7520000,0,Thành công,CN Thanh Xuân,29097848
GD202603000884,2026-03-06 09:06:23,KH000012,Quầy giao dịch,Nhận lương,10782127,0,Thành công,CN Hoàn Kiếm,57653077
GD202603012596,2026-03-06 09:15:38,KH000131,Mobile Banking,Thanh toán thẻ,2017000,0,Thành công,CN Cần Thơ,23034780
GD202603009818,2026-03-06 09:20:30,KH000100,Quầy giao dịch,Nhận lương,21307588,0,Thành công,CN Hải Phòng,56726346
GD202603005791,2026-03-06 09:28:09,KH000061,POS,Thanh toán thẻ,460000,5500,Thành công,CN Thanh Xuân,27937453
GD202603002623,2026-03-06 09:50:43,KH000025,POS,Thanh toán thẻ,180000,1100,Thành công,CN Đà Nẵng,253531
GD202603006895,2026-03-06 10:15:03,KH000073,Quầy giao dịch,Nhận lương,47678151,0,Thành công,CN Thanh Xuân,65179884
GD202603007605,2026-03-06 10:17:16,KH000079,Internet Banking,Thanh toán thẻ,954000,0,Thành công,CN Cần Thơ,5794140
GD202603004519,2026-03-06 10:38:50,KH000046,Quầy giao dịch,Nhận lương,42319056,0,Thành công,CN Quận 1,83755029
GD202603018069,2026-03-06 10:44:45,KH000191,QR Code,Rút tiền mặt,278000,0,Thành công,CN Hoàn Kiếm,20975259
GD202603000592,2026-03-06 10:45:42,KH000010,Internet Banking,Thanh toán thẻ,1244000,0,Thành công,CN Hoàn Kiếm,13582342
GD202603000885,2026-03-06 10:49:33,KH000012,QR Code,Nộp tiền mặt,2465000,0,Thành công,CN TP Hồ Chí Minh,60118077
GD202603018739,2026-03-06 10:52:57,KH000199,ATM,Thanh toán hóa đơn,19710000,3300,Thành công,CN Hải Phòng,194670493
GD202603018070,2026-03-06 11:06:12,KH000191,POS,Thanh toán thẻ,2335000,3300,Thành công,CN Cầu Giấy,18636959
GD202603003295,2026-03-06 11:19:50,KH000031,Mobile Banking,Nộp tiền mặt,350000,0,Thành công,CN Hoàn Kiếm,3460603
GD202603018071,2026-03-06 12:19:49,KH000191,Internet Banking,Chuyển khoản đến,688000,0,Thành công,CN Quận 1,19324959
GD202603006339,2026-03-06 12:35:45,KH000065,Quầy giao dịch,Nhận lương,71906888,0,Thành công,CN Thanh Xuân,91564349
GD202603001093,2026-03-06 12:52:23,KH000014,QR Code,Thanh toán thẻ,554000,0,Thành công,CN Hoàn Kiếm,5544839
GD202603003528,2026-03-06 13:01:00,KH000033,Internet Banking,Nộp tiền mặt,1796000,0,Thành công,CN Hải Phòng,41074026
GD202603001450,2026-03-06 13:30:02,KH000016,Internet Banking,Nộp tiền mặt,115000,0,Thành công,CN Cần Thơ,246007
GD202603008824,2026-03-06 13:58:09,KH000092,QR Code,Thanh toán thẻ,1161000,0,Thành công,CN Bình Dương,12600452
GD202603008212,2026-03-06 14:07:19,KH000084,Internet Banking,Chuyển khoản đến,415000,0,Thành công,CN Thanh Xuân,23888780
GD202603008211,2026-03-06 14:10:50,KH000084,Quầy giao dịch,Nhận lương,8557523,0,Thành công,CN Hải Phòng,23473780
GD202603000045,2026-03-06 14:21:36,KH000002,QR Code,Thanh toán hóa đơn,2872000,0,Thành công,CN Quận 1,50135071
GD202603012264,2026-03-06 14:36:00,KH000128,Quầy giao dịch,Nhận lương,9188066,0,Thành công,CN Cầu Giấy,28044841
GD202603010457,2026-03-06 14:39:22,KH000110,Mobile Banking,Nộp tiền mặt,3134000,0,Thành công,CN Quận 1,42718036
GD202603009314,2026-03-06 14:51:30,KH000096,Mobile Banking,Thanh toán thẻ,4235000,0,Thành công,CN Cần Thơ,18473416
GD202603017214,2026-03-06 15:17:54,KH000183,QR Code,Chuyển khoản đến,4489000,0,Thành công,CN Cần Thơ,93808776
GD202603007955,2026-03-06 15:19:58,KH000082,Quầy giao dịch,Nhận lương,10269488,0,Thành công,CN Hoàn Kiếm,63774914
GD202603014396,2026-03-06 15:27:20,KH000153,QR Code,Chuyển khoản đến,2906000,0,Thành công,CN Hải Phòng,14025041
GD202603003030,2026-03-06 15:33:54,KH000028,POS,Thanh toán thẻ,2458000,0,Thành công,CN Hải Phòng,28781125
GD202603007855,2026-03-06 15:34:28,KH000080,Quầy giao dịch,Nhận lương,11498138,0,Thành công,CN Quận 1,85912227
GD202603007856,2026-03-06 15:35:53,KH000080,POS,Chuyển khoản đến,333000,3300,Thành công,CN Quận 1,86245227
GD202603015748,2026-03-06 16:11:24,KH000171,Internet Banking,Rút tiền mặt,1288000,0,Thành công,CN Đà Nẵng,18091551
GD202603013963,2026-03-06 16:37:47,KH000147,Quầy giao dịch,Nhận lương,11137905,0,Thành công,CN Cần Thơ,115268346
GD202603012029,2026-03-06 16:38:12,KH000127,POS,Thanh toán thẻ,836000,5500,Thành công,CN Cần Thơ,13828632
GD202603008551,2026-03-06 17:03:07,KH000087,QR Code,Thanh toán hóa đơn,187000,0,Thành công,CN Quận 1,291126
GD202603006340,2026-03-06 17:16:27,KH000065,Internet Banking,Thanh toán thẻ,7286000,0,Thành công,CN Đà Nẵng,84278349
GD202603009315,2026-03-06 17:35:26,KH000096,Mobile Banking,Thanh toán thẻ,6188000,0,Thành công,CN Quận 1,12285416
GD202603003029,2026-03-06 17:59:29,KH000028,QR Code,Thanh toán hóa đơn,2260000,0,Thành công,CN Đà Nẵng,31239125
GD202603011632,2026-03-06 18:01:35,KH000123,Quầy giao dịch,Nhận lương,72909467,0,Thành công,CN Cần Thơ,399589056
GD202603011318,2026-03-06 18:01:39,KH000119,POS,Thanh toán thẻ,141000,3300,Thành công,CN Thanh Xuân,22052310
GD202603017877,2026-03-06 18:06:04,KH000189,POS,Thanh toán thẻ,44889000,1100,Thành công,CN Đà Nẵng,622767083
GD202603012597,2026-03-06 18:16:56,KH000131,Internet Banking,Thanh toán thẻ,2208000,0,Thành công,CN Quận 1,20826780
GD202603001695,2026-03-06 18:29:18,KH000018,Internet Banking,Chuyển khoản đến,816000,0,Thành công,CN Hoàn Kiếm,33770685
GD202603006713,2026-03-06 18:29:23,KH000069,Quầy giao dịch,Nhận lương,8111207,0,Thành công,CN Quận 1,71196530
GD202603012865,2026-03-06 19:44:08,KH000132,Quầy giao dịch,Nhận lương,22101686,0,Thành công,CN Quận 1,25591030
GD202603006774,2026-03-06 20:01:30,KH000071,QR Code,Thanh toán thẻ,3466000,0,Thành công,CN Cầu Giấy,49828938
GD202603003594,2026-03-06 20:12:18,KH000034,QR Code,Thanh toán thẻ,884000,0,Thành công,CN TP Hồ Chí Minh,66333685
GD202603002622,2026-03-06 20:21:19,KH000025,Mobile Banking,Thanh toán thẻ,135000,0,Thành công,CN TP Hồ Chí Minh,164631
GD202603005495,2026-03-06 20:25:31,KH000058,Quầy giao dịch,Nhận lương,44590403,0,Thành công,CN Cầu Giấy,125833571
GD202603018068,2026-03-06 20:32:10,KH000191,Mobile Banking,Thanh toán thẻ,6756000,0,Thành công,CN Hải Phòng,21253259
GD202603000591,2026-03-06 21:01:21,KH000010,Quầy giao dịch,Nhận lương,13025504,0,Thành công,CN Cầu Giấy,14826342
GD202603016913,2026-03-06 21:19:30,KH000182,Mobile Banking,Thanh toán thẻ,3397000,0,Thành công,CN Bình Dương,30427689
GD202603018557,2026-03-06 21:19:40,KH000196,Quầy giao dịch,Nộp tiền mặt,269000,5500,Thành công,CN TP Hồ Chí Minh,29134503
GD202603001092,2026-03-06 21:26:28,KH000014,POS,Thanh toán thẻ,2396000,3300,Thành công,CN Cần Thơ,6098839
GD202603017213,2026-03-06 21:34:54,KH000183,Quầy giao dịch,Nhận lương,84395528,0,Thành công,CN Bình Dương,89319776
GD202603005269,2026-03-06 22:32:50,KH000056,Mobile Banking,Nộp tiền mặt,1442000,0,Thành công,CN Bình Dương,75805059
GD202603017526,2026-03-06 22:34:50,KH000185,Quầy giao dịch,Nhận lương,23313496,0,Thành công,CN Cầu Giấy,50558247
GD202603008825,2026-03-06 22:44:35,KH000092,QR Code,Thanh toán thẻ,3024000,0,Thành công,CN Đà Nẵng,9576452
GD202603006542,2026-03-06 22:47:01,KH000066,Quầy giao dịch,Nhận lương,10819980,0,Thành công,CN TP Hồ Chí Minh,131352840
GD202603014144,2026-03-07 06:20:04,KH000150,Quầy giao dịch,Nhận lương,16020486,0,Thành công,CN Cầu Giấy,54382684
GD202603018740,2026-03-07 06:42:48,KH000199,Quầy giao dịch,Nhận lương,46454736,0,Thành công,CN TP Hồ Chí Minh,241125230
GD202603001097,2026-03-07 06:43:42,KH000014,QR Code,Thanh toán thẻ,1349000,0,Thành công,CN Đà Nẵng,51320785
GD202603006341,2026-03-07 06:57:20,KH000065,QR Code,Nạp tiền điện thoại,14651000,0,Thành công,CN Hải Phòng,69627349
GD202603001095,2026-03-07 07:05:58,KH000014,POS,Thanh toán thẻ,5933000,1100,Thành công,CN Hoàn Kiếm,64663785
GD202603000046,2026-03-07 07:16:14,KH000002,Quầy giao dịch,Nhận lương,9568281,0,Thành công,CN Thanh Xuân,59703353
GD202603007956,2026-03-07 07:17:52,KH000082,Mobile Banking,Nạp tiền điện thoại,59000,0,Thành công,CN Thanh Xuân,63715914
GD202603012031,2026-03-07 07:21:17,KH000127,POS,Thanh toán thẻ,4072000,3300,Thành công,CN TP Hồ Chí Minh,9617832
GD202603012385,2026-03-07 07:44:24,KH000129,QR Code,Thanh toán hóa đơn,109000,0,Thành công,CN Quận 1,756148
GD202603015886,2026-03-07 07:47:41,KH000172,Quầy giao dịch,Nhận lương,10035729,0,Thành công,CN TP Hồ Chí Minh,11322382
GD202603000361,2026-03-07 08:17:09,KH000008,QR Code,Chuyển khoản đến,60002000,0,Thành công,CN Đà Nẵng,236098743
GD202603008669,2026-03-07 08:45:22,KH000088,Quầy giao dịch,Nhận lương,8095376,0,Thành công,CN Bình Dương,13481443
GD202603004836,2026-03-07 09:33:30,KH000052,Internet Banking,Thanh toán thẻ,88000,0,Thành công,CN Cần Thơ,499506
GD202603018602,2026-03-07 09:37:14,KH000197,Mobile Banking,Chuyển khoản đến,36193000,0,Thành công,CN Cầu Giấy,148693156
GD202603001094,2026-03-07 09:56:12,KH000014,Quầy giao dịch,Nhận lương,65053045,0,Thành công,CN Cầu Giấy,70597885
GD202603001098,2026-03-07 10:04:15,KH000014,Mobile Banking,Chuyển khoản đến,13355000,0,Thành công,CN Bình Dương,64675785
GD202603002107,2026-03-07 10:35:05,KH000020,Quầy giao dịch,Nhận lương,60110292,0,Thành công,CN Hải Phòng,86610877
GD202603012598,2026-03-07 11:09:19,KH000131,QR Code,Thanh toán thẻ,1967000,0,Thành công,CN Cầu Giấy,18859780
GD202603005792,2026-03-07 11:57:33,KH000061,POS,Thanh toán thẻ,280000,5500,Thành công,CN Hoàn Kiếm,27651953
GD202603008725,2026-03-07 12:09:09,KH000090,Internet Banking,Nạp tiền điện thoại,52458000,0,Thất bại,CN Thanh Xuân,395384896
GD202603011177,2026-03-07 12:19:44,KH000118,Quầy giao dịch,Nhận lương,14585609,0,Thành công,CN Đà Nẵng,26090215
GD202603006853,2026-03-07 12:21:21,KH000072,Quầy giao dịch,Nhận lương,10529525,0,Thành công,CN Bình Dương,34539899
GD202603017215,2026-03-07 12:34:24,KH000183,ATM,Chuyển khoản đến,16659000,5500,Thành công,CN Cần Thơ,110467776
GD202603013833,2026-03-07 12:36:29,KH000145,Quầy giao dịch,Nhận lương,11292723,0,Thành công,CN Đà Nẵng,36172587
GD202603018072,2026-03-07 12:40:41,KH000191,Mobile Banking,Chuyển khoản đi,4445000,0,Thành công,CN Hoàn Kiếm,14879959
GD202603013265,2026-03-07 12:40:48,KH000137,Quầy giao dịch,Nhận lương,16395313,0,Thành công,CN Quận 1,27566077
GD202603010458,2026-03-07 12:41:31,KH000110,QR Code,Thanh toán hóa đơn,2415000,0,Thành công,CN TP Hồ Chí Minh,40303036
GD202603006964,2026-03-07 12:57:10,KH000074,Mobile Banking,Chuyển khoản đến,727000,0,Thành công,CN Đà Nẵng,38136273
GD202603005566,2026-03-07 12:59:59,KH000059,Quầy giao dịch,Nhận lương,82143467,0,Thành công,CN Cần Thơ,104576987
GD202603001096,2026-03-07 13:10:33,KH000014,QR Code,Thanh toán thẻ,11994000,0,Thành công,CN TP Hồ Chí Minh,52669785
GD202603017878,2026-03-07 13:19:09,KH000189,ATM,Chuyển khoản đến,2285000,0,Thành công,CN Cầu Giấy,625052083
GD202603004133,2026-03-07 13:22:43,KH000041,QR Code,Rút tiền mặt,34076000,0,Thành công,CN Thanh Xuân,86778624
GD202603012599,2026-03-07 13:40:11,KH000131,Internet Banking,Thanh toán hóa đơn,4010000,0,Thành công,CN TP Hồ Chí Minh,14849780
GD202603016227,2026-03-07 13:52:48,KH000176,Mobile Banking,Thanh toán hóa đơn,473000,0,Thành công,CN Cần Thơ,20414390
GD202603007606,2026-03-07 14:29:21,KH000079,Quầy giao dịch,Nhận lương,31629262,0,Thành công,CN Thanh Xuân,37423402
GD202603017216,2026-03-07 14:47:31,KH000183,Internet Banking,Thanh toán thẻ,27982000,0,Thành công,CN Hoàn Kiếm,82485776
GD202603015888,2026-03-07 14:53:02,KH000172,Mobile Banking,Thanh toán thẻ,780000,0,Thành công,CN Bình Dương,9547382
GD202603011319,2026-03-07 14:53:29,KH000119,Mobile Banking,Thanh toán thẻ,181000,0,Thành công,CN Quận 1,21871310
GD202603008772,2026-03-07 15:21:25,KH000091,Quầy giao dịch,Nhận lương,42167107,0,Thành công,CN Cần Thơ,146094947
GD202603011320,2026-03-07 15:21:58,KH000119,Mobile Banking,Rút tiền mặt,187000,0,Thành công,CN Bình Dương,21684310
GD202603006962,2026-03-07 15:33:14,KH000074,ATM,Chuyển khoản đến,1091000,1100,Thành công,CN Quận 1,38234273
GD202603015887,2026-03-07 15:40:04,KH000172,QR Code,Thanh toán hóa đơn,995000,0,Thành công,CN Đà Nẵng,10327382
GD202603005793,2026-03-07 16:06:07,KH000061,QR Code,Nạp tiền điện thoại,1162000,0,Thành công,CN Cầu Giấy,26489953
GD202603010330,2026-03-07 16:15:01,KH000108,Quầy giao dịch,Chuyển khoản đến,205000,1100,Thành công,CN Hoàn Kiếm,37206730
GD202603009819,2026-03-07 16:17:56,KH000100,POS,Thanh toán thẻ,18134000,0,Thành công,CN Hoàn Kiếm,38592346
GD202603013708,2026-03-07 17:11:49,KH000143,Quầy giao dịch,Nhận lương,9128424,0,Thành công,CN Quận 1,36743229
GD202603007275,2026-03-07 17:20:05,KH000077,Mobile Banking,Nạp tiền điện thoại,87000,0,Thành công,CN TP Hồ Chí Minh,5018949
GD202603008700,2026-03-07 17:28:05,KH000089,Quầy giao dịch,Nhận lương,19701700,0,Thành công,CN Bình Dương,61114797
GD202603010562,2026-03-07 17:29:28,KH000111,Mobile Banking,Chuyển khoản đến,73398000,0,Thành công,CN Đà Nẵng,428010745
GD202603017683,2026-03-07 17:50:58,KH000187,Quầy giao dịch,Nhận lương,14943423,0,Thành công,CN Quận 1,22080932
GD202603009316,2026-03-07 18:02:09,KH000096,QR Code,Nộp tiền mặt,1361000,0,Thành công,CN Bình Dương,13646416
GD202603010803,2026-03-07 18:25:17,KH000114,Internet Banking,Thanh toán thẻ,1348000,0,Thành công,CN Bình Dương,43576701
GD202603002851,2026-03-07 19:17:01,KH000026,POS,Rút tiền mặt,388000,1100,Thành công,CN Cầu Giấy,6712922
GD202603009496,2026-03-07 19:39:15,KH000097,Internet Banking,Chuyển khoản đến,1907000,0,Thành công,CN Đà Nẵng,25797549
GD202603012030,2026-03-07 20:01:52,KH000127,POS,Thanh toán thẻ,130000,5500,Thành công,CN Hoàn Kiếm,13693132
GD202603015749,2026-03-07 20:25:35,KH000171,POS,Chuyển khoản đi,5833000,5500,Thành công,CN Cần Thơ,12253051
GD202603004837,2026-03-07 20:33:27,KH000052,QR Code,Chuyển khoản đến,54000,0,Thành công,CN Đà Nẵng,553506
GD202603007607,2026-03-07 20:34:07,KH000079,QR Code,Thanh toán thẻ,5681000,0,Thành công,CN Đà Nẵng,31742402
GD202603014026,2026-03-07 21:04:42,KH000148,QR Code,Thanh toán thẻ,221000,0,Thành công,CN Hoàn Kiếm,26170316
GD202603008101,2026-03-07 21:53:48,KH000083,Quầy giao dịch,Nhận lương,8587076,0,Thành công,CN Cần Thơ,31650356
GD202603009262,2026-03-07 22:08:58,KH000095,Quầy giao dịch,Nhận lương,14780498,0,Thành công,CN TP Hồ Chí Minh,23392324
GD202603006123,2026-03-07 22:16:38,KH000063,POS,Thanh toán thẻ,466000,5500,Thành công,CN Cầu Giấy,43269877
GD202603006963,2026-03-07 22:19:59,KH000074,Internet Banking,Nạp tiền điện thoại,825000,0,Thành công,CN Cần Thơ,37409273
GD202603009495,2026-03-07 22:22:10,KH000097,Mobile Banking,Chuyển khoản đến,1955000,0,Thành công,CN Cầu Giấy,23890549
GD202603010804,2026-03-07 22:43:02,KH000114,POS,Thanh toán thẻ,558000,5500,Thành công,CN Cần Thơ,43013201
GD202603000109,2026-03-08 06:34:09,KH000004,Quầy giao dịch,Nhận lương,19833833,0,Thành công,CN Hải Phòng,147681850
GD202603010912,2026-03-08 06:41:46,KH000115,ATM,Chuyển khoản đi,762000,0,Thành công,CN Cầu Giấy,28335848
GD202603003031,2026-03-08 07:13:03,KH000028,Quầy giao dịch,Nhận lương,11699910,0,Thành công,CN Bình Dương,40481035
GD202603004027,2026-03-08 07:23:34,KH000040,Quầy giao dịch,Nhận lương,10465882,0,Thành công,CN Bình Dương,44503120
GD202603009845,2026-03-08 07:36:01,KH000101,Quầy giao dịch,Nhận lương,16385517,0,Thành công,CN Hải Phòng,86546188
GD202603010563,2026-03-08 07:59:31,KH000111,Quầy giao dịch,Nhận lương,44970406,0,Thành công,CN Cầu Giấy,472981152
GD202603001825,2026-03-08 08:07:11,KH000019,QR Code,Thanh toán thẻ,460000,0,Thành công,CN Cầu Giấy,60480638
GD202603015459,2026-03-08 08:10:05,KH000166,Quầy giao dịch,Nhận lương,37216834,0,Thành công,CN Thanh Xuân,206029608
GD202603004372,2026-03-08 08:24:14,KH000045,QR Code,Thanh toán thẻ,167000,0,Thành công,CN Cần Thơ,27447004
GD202603008827,2026-03-08 08:29:16,KH000092,POS,Chuyển khoản đi,3914000,3300,Thành công,CN Cần Thơ,16774045
GD202603009497,2026-03-08 08:30:27,KH000097,ATM,Chuyển khoản đến,1069000,5500,Thành công,CN Thanh Xuân,26866549
GD202603009039,2026-03-08 08:43:45,KH000094,Quầy giao dịch,Nhận lương,8494872,0,Thành công,CN Đà Nẵng,73269585
GD202603017217,2026-03-08 08:53:51,KH000183,Mobile Banking,Thanh toán thẻ,6233000,0,Thành công,CN Hoàn Kiếm,76252776
GD202603006854,2026-03-08 09:00:45,KH000072,Mobile Banking,Thanh toán thẻ,616000,0,Thành công,CN Cầu Giấy,33923899
GD202603009318,2026-03-08 09:06:50,KH000096,Quầy giao dịch,Thanh toán hóa đơn,11764000,1100,Thành công,CN Thanh Xuân,31873696
GD202603004740,2026-03-08 09:40:31,KH000051,Quầy giao dịch,Nạp tiền điện thoại,2889000,1100,Thành công,CN Quận 1,30833956
GD202603007886,2026-03-08 09:46:32,KH000081,Quầy giao dịch,Nhận lương,49224836,0,Thành công,CN Cần Thơ,210225796
GD202603015750,2026-03-08 10:10:22,KH000171,ATM,Chuyển khoản đến,2390000,5500,Thành công,CN Cầu Giấy,14643051
GD202603006124,2026-03-08 10:53:43,KH000063,POS,Thanh toán thẻ,598000,0,Thành công,CN Bình Dương,42671877
GD202603008726,2026-03-08 10:58:41,KH000090,ATM,Nạp tiền điện thoại,21547000,0,Thành công,CN Cầu Giấy,373837896
GD202603000781,2026-03-08 11:30:14,KH000011,Quầy giao dịch,Nhận lương,11518337,0,Thành công,CN Thanh Xuân,85687024
GD202603018280,2026-03-08 11:30:37,KH000193,Quầy giao dịch,Nhận lương,28849964,0,Thành công,CN Cần Thơ,347864627
GD202603006623,2026-03-08 11:46:47,KH000067,POS,Thanh toán thẻ,28385000,1100,Thành công,CN Hoàn Kiếm,65422399
GD202603015889,2026-03-08 12:08:59,KH000172,Mobile Banking,Chuyển khoản đến,1467000,0,Thành công,CN Thanh Xuân,11014382
GD202603009898,2026-03-08 12:32:47,KH000102,Quầy giao dịch,Nhận lương,10337560,0,Thành công,CN Bình Dương,218721905
GD202603006342,2026-03-08 13:32:12,KH000065,Internet Banking,Chuyển khoản đến,20350000,0,Thành công,CN Hoàn Kiếm,89977349
GD202603000015,2026-03-08 13:58:33,KH000001,Quầy giao dịch,Thanh toán hóa đơn,7894000,1100,Thành công,CN Bình Dương,69492475
GD202603018559,2026-03-08 14:09:51,KH000196,QR Code,Thanh toán hóa đơn,387000,0,Thành công,CN Bình Dương,37580466
GD202603012386,2026-03-08 14:24:13,KH000129,QR Code,Thanh toán thẻ,143000,0,Thành công,CN Cầu Giấy,613148
GD202603003032,2026-03-08 14:48:58,KH000028,POS,Thanh toán thẻ,1694000,1100,Thành công,CN Quận 1,38785935
GD202603016110,2026-03-08 15:11:14,KH000174,POS,Thanh toán thẻ,444000,5500,Thành công,CN Cần Thơ,60347144
GD202603011049,2026-03-08 15:18:44,KH000117,POS,Chuyển khoản đến,589000,1100,Thành công,CN Hải Phòng,31150860
GD202603006775,2026-03-08 15:31:14,KH000071,Mobile Banking,Nộp tiền mặt,8530000,0,Thành công,CN Đà Nẵng,58358938
GD202603007608,2026-03-08 15:41:15,KH000079,QR Code,Nộp tiền mặt,5273000,0,Thành công,CN Thanh Xuân,37015402
GD202603018558,2026-03-08 15:59:13,KH000196,Quầy giao dịch,Nhận lương,8832963,0,Thành công,CN Quận 1,37967466
GD202603013374,2026-03-08 16:01:59,KH000138,Quầy giao dịch,Nhận lương,8347351,0,Thành công,CN Hoàn Kiếm,43062470
GD202603005271,2026-03-08 16:04:36,KH000056,POS,Thanh toán thẻ,2460000,5500,Thành công,CN Hải Phòng,84808497
GD202603002108,2026-03-08 16:25:45,KH000020,POS,Chuyển khoản đến,28756000,5500,Thành công,CN Quận 1,115366877
GD202603006125,2026-03-08 16:33:52,KH000063,POS,Thanh toán thẻ,880000,1100,Thành công,CN Hải Phòng,41790777
GD202603008670,2026-03-08 16:45:58,KH000088,Internet Banking,Thanh toán thẻ,3898000,0,Thành công,CN TP Hồ Chí Minh,9583443
GD202603009710,2026-03-08 16:46:25,KH000099,Internet Banking,Chuyển khoản đến,319000,0,Thành công,CN Hoàn Kiếm,30113051
GD202603011969,2026-03-08 17:25:08,KH000126,Quầy giao dịch,Rút tiền mặt,522000,0,Thành công,CN Đà Nẵng,4065199
GD202603005794,2026-03-08 17:27:53,KH000061,POS,Thanh toán thẻ,262000,3300,Thành công,CN Cầu Giấy,26224653
GD202603013964,2026-03-08 17:30:27,KH000147,Quầy giao dịch,Chuyển khoản đến,573000,1100,Thành công,CN Cần Thơ,115841346
GD202603001696,2026-03-08 17:30:29,KH000018,Quầy giao dịch,Nhận lương,8296896,0,Thành công,CN Hoàn Kiếm,42067580
GD202603012032,2026-03-08 17:51:05,KH000127,QR Code,Thanh toán thẻ,3337000,0,Thành công,CN TP Hồ Chí Minh,6280832
GD202603002305,2026-03-08 18:07:11,KH000021,QR Code,Nộp tiền mặt,768000,0,Thành công,CN Đà Nẵng,34740243
GD202603002419,2026-03-08 18:11:53,KH000023,Quầy giao dịch,Nhận lương,19831908,0,Thành công,CN TP Hồ Chí Minh,54992975
GD202603000362,2026-03-08 18:18:05,KH000008,QR Code,Chuyển khoản đi,30070000,0,Thành công,CN Thanh Xuân,206028743
GD202603014398,2026-03-08 18:40:46,KH000153,Mobile Banking,Nộp tiền mặt,100000,0,Thành công,CN TP Hồ Chí Minh,14898041
GD202603003397,2026-03-08 18:46:00,KH000032,Quầy giao dịch,Nạp tiền điện thoại,91000,1100,Thành công,CN TP Hồ Chí Minh,23808766
GD202603002420,2026-03-08 18:58:37,KH000023,QR Code,Chuyển khoản đi,1103000,0,Thành công,CN Thanh Xuân,53889975
GD202603009317,2026-03-08 19:00:33,KH000096,Quầy giao dịch,Nhận lương,29992379,0,Thành công,CN Bình Dương,43638796
GD202603013157,2026-03-08 19:06:34,KH000136,Mobile Banking,Thanh toán thẻ,12563000,0,Thành công,CN Cầu Giấy,103591294
GD202603013158,2026-03-08 19:12:31,KH000136,Mobile Banking,Chuyển khoản đi,23298000,0,Thành công,CN Cần Thơ,80293294
GD202603014983,2026-03-08 19:24:27,KH000160,Quầy giao dịch,Nhận lương,11503834,0,Thành công,CN Quận 1,62381497
GD202603002304,2026-03-08 19:31:57,KH000021,Quầy giao dịch,Nhận lương,8070695,0,Thành công,CN Hoàn Kiếm,33972243
GD202603008214,2026-03-08 19:40:33,KH000084,QR Code,Nộp tiền mặt,1253000,0,Thành công,CN Cầu Giấy,24719780
GD202603004179,2026-03-08 19:45:30,KH000042,Mobile Banking,Thanh toán thẻ,3943000,0,Thành công,CN Cần Thơ,27182028
GD202603005397,2026-03-08 20:34:11,KH000057,Mobile Banking,Nạp tiền điện thoại,34529000,0,Thành công,CN Hải Phòng,71016590
GD202603006965,2026-03-08 20:35:36,KH000074,Internet Banking,Chuyển khoản đi,1236000,0,Thành công,CN TP Hồ Chí Minh,36900273
GD202603016228,2026-03-08 20:36:15,KH000176,POS,Thanh toán thẻ,450000,3300,Thành công,CN Bình Dương,19961090
GD202603018741,2026-03-08 20:51:54,KH000199,Quầy giao dịch,Chuyển khoản đến,27945000,1100,Thành công,CN TP Hồ Chí Minh,269070230
GD202603018603,2026-03-08 21:00:53,KH000197,Internet Banking,Chuyển khoản đi,37357000,0,Thành công,CN Quận 1,111336156
GD202603008213,2026-03-08 21:02:02,KH000084,QR Code,Thanh toán thẻ,422000,0,Thành công,CN TP Hồ Chí Minh,23466780
GD202603015751,2026-03-08 21:03:50,KH000171,POS,Thanh toán thẻ,4346000,5500,Thành công,CN Hải Phòng,10291551
GD202603018390,2026-03-08 21:36:30,KH000195,Mobile Banking,Thanh toán hóa đơn,16041000,0,Thành công,CN TP Hồ Chí Minh,52102417
GD202603016146,2026-03-08 21:37:19,KH000175,Quầy giao dịch,Nhận lương,9588469,0,Thành công,CN Quận 1,145087393
GD202603016229,2026-03-08 21:39:16,KH000176,QR Code,Thanh toán thẻ,507000,0,Thành công,CN Cầu Giấy,19454090
GD202603007276,2026-03-08 21:43:17,KH000077,Mobile Banking,Thanh toán thẻ,938000,0,Thành công,CN Hải Phòng,4080949
GD202603014397,2026-03-08 22:00:26,KH000153,POS,Nộp tiền mặt,773000,0,Thành công,CN Cần Thơ,14798041
GD202603011675,2026-03-08 22:03:53,KH000124,POS,Nạp tiền điện thoại,3486000,3300,Thành công,CN Cầu Giấy,51752538
GD202603016446,2026-03-08 22:06:58,KH000177,Quầy giao dịch,Nhận lương,36034600,0,Thành công,CN Hải Phòng,186519905
GD202603012866,2026-03-08 22:32:51,KH000132,Internet Banking,Chuyển khoản đến,1447000,0,Thành công,CN Hoàn Kiếm,27038030
GD202603008826,2026-03-08 22:38:33,KH000092,Quầy giao dịch,Nhận lương,11114893,0,Thành công,CN Hải Phòng,20691345
GD202603016914,2026-03-08 22:51:55,KH000182,POS,Thanh toán thẻ,8188000,5500,Thành công,CN TP Hồ Chí Minh,22234189
GD202603005270,2026-03-08 22:58:32,KH000056,Quầy giao dịch,Nhận lương,11468938,0,Thành công,CN TP Hồ Chí Minh,87273997
GD202603005496,2026-03-09 06:15:13,KH000058,Quầy giao dịch,Thanh toán hóa đơn,26456000,3300,Thành công,CN Cần Thơ,99374271
GD202603008102,2026-03-09 06:27:13,KH000083,Mobile Banking,Chuyển khoản đi,406000,0,Thành công,CN Thanh Xuân,31244356
GD202603018073,2026-03-09 06:42:37,KH000191,Mobile Banking,Thanh toán thẻ,1220000,0,Thành công,CN Đà Nẵng,13659959
GD202603007957,2026-03-09 07:19:22,KH000082,Mobile Banking,Rút tiền mặt,3229000,0,Thành công,CN Bình Dương,60486914
GD202603011744,2026-03-09 07:20:35,KH000125,POS,Thanh toán thẻ,230000,3300,Thành công,CN TP Hồ Chí Minh,486036
GD202603004373,2026-03-09 07:31:00,KH000045,Quầy giao dịch,Nhận lương,10617468,0,Thành công,CN TP Hồ Chí Minh,38064472
GD202603000363,2026-03-09 07:35:18,KH000008,Quầy giao dịch,Nhận lương,40608954,0,Thành công,CN Cần Thơ,246637698
GD202603007277,2026-03-09 08:07:40,KH000077,Quầy giao dịch,Nhận lương,9005791,0,Thành công,CN Cầu Giấy,13086740
GD202603002893,2026-03-09 08:46:34,KH000027,Quầy giao dịch,Nhận lương,16659840,0,Thành công,CN Đà Nẵng,127154441
GD202603001827,2026-03-09 08:47:02,KH000019,Internet Banking,Nộp tiền mặt,647000,0,Thành công,CN Cần Thơ,70892967
GD202603011050,2026-03-09 08:53:14,KH000117,Quầy giao dịch,Nhận lương,11359960,0,Thành công,CN Hoàn Kiếm,42510820
GD202603007609,2026-03-09 09:16:57,KH000079,Mobile Banking,Nộp tiền mặt,11683000,0,Thành công,CN Cầu Giấy,48698402
GD202603010194,2026-03-09 09:41:10,KH000105,Quầy giao dịch,Nhận lương,57765572,0,Thành công,CN Thanh Xuân,184473948
GD202603010805,2026-03-09 09:44:16,KH000114,Quầy giao dịch,Nhận lương,11366356,0,Thành công,CN Quận 1,54379557
GD202603004375,2026-03-09 09:46:32,KH000045,Internet Banking,Thanh toán thẻ,602000,0,Thành công,CN Hải Phòng,36586472
GD202603007279,2026-03-09 10:29:33,KH000077,Internet Banking,Thanh toán thẻ,2493000,0,Thành công,CN Cầu Giấy,8900740
GD202603012432,2026-03-09 10:30:56,KH000130,Quầy giao dịch,Nhận lương,11199641,0,Thành công,CN Hoàn Kiếm,51357345
GD202603009711,2026-03-09 10:38:16,KH000099,Quầy giao dịch,Nộp tiền mặt,670000,5500,Thất bại,CN Cần Thơ,30113051
GD202603004658,2026-03-09 11:03:03,KH000050,Quầy giao dịch,Nhận lương,10288831,0,Thành công,CN Cần Thơ,18770415
GD202603012600,2026-03-09 11:24:32,KH000131,Mobile Banking,Thanh toán thẻ,4004000,0,Thành công,CN Đà Nẵng,10845780
GD202603014399,2026-03-09 11:30:35,KH000153,QR Code,Thanh toán thẻ,2796000,0,Thành công,CN Bình Dương,12102041
GD202603016230,2026-03-09 11:36:43,KH000176,Quầy giao dịch,Nhận lương,12009516,0,Thành công,CN TP Hồ Chí Minh,31463606
GD202603014028,2026-03-09 11:51:21,KH000148,QR Code,Nạp tiền điện thoại,292000,0,Thành công,CN Đà Nẵng,34906803
GD202603003398,2026-03-09 11:55:48,KH000032,Quầy giao dịch,Nhận lương,11787864,0,Thành công,CN Cầu Giấy,35596630
GD202603001452,2026-03-09 12:12:45,KH000016,POS,Thanh toán thẻ,125000,0,Thành công,CN Bình Dương,249007
GD202603014865,2026-03-09 12:43:18,KH000158,Internet Banking,Chuyển khoản đến,15384000,0,Thành công,CN Hoàn Kiếm,108077337
GD202603010689,2026-03-09 13:02:38,KH000113,Quầy giao dịch,Nhận lương,8140290,0,Thành công,CN TP Hồ Chí Minh,39563696
GD202603003399,2026-03-09 13:28:00,KH000032,Internet Banking,Nộp tiền mặt,78000,0,Thành công,CN Đà Nẵng,35674630
GD202603002109,2026-03-09 14:00:08,KH000020,Mobile Banking,Nộp tiền mặt,39841000,0,Thành công,CN TP Hồ Chí Minh,155207877
GD202603004543,2026-03-09 14:14:00,KH000047,ATM,Chuyển khoản đến,2379000,0,Thành công,CN Bình Dương,81503443
GD202603006714,2026-03-09 14:21:03,KH000069,POS,Nạp tiền điện thoại,4228000,0,Thành công,CN Bình Dương,66968530
GD202603005272,2026-03-09 14:38:19,KH000056,Internet Banking,Chuyển khoản đến,2933000,0,Thành công,CN Cần Thơ,87741497
GD202603009264,2026-03-09 14:47:14,KH000095,Mobile Banking,Rút tiền mặt,5304000,0,Thất bại,CN TP Hồ Chí Minh,22619324
GD202603013579,2026-03-09 14:54:34,KH000142,Quầy giao dịch,Nhận lương,51372631,0,Thành công,CN Hải Phòng,79783542
GD202603004838,2026-03-09 14:59:49,KH000052,POS,Thanh toán thẻ,181000,3300,Thành công,CN Cần Thơ,369206
GD202603001451,2026-03-09 15:09:16,KH000016,Internet Banking,Nộp tiền mặt,128000,0,Thành công,CN Bình Dương,374007
GD202603007280,2026-03-09 15:33:10,KH000077,Internet Banking,Chuyển khoản đến,2103000,0,Thất bại,CN Quận 1,8900740
GD202603008215,2026-03-09 15:53:22,KH000084,Mobile Banking,Nộp tiền mặt,2134000,0,Thành công,CN Hải Phòng,26853780
GD202603014027,2026-03-09 16:00:50,KH000148,Quầy giao dịch,Nhận lương,9028487,0,Thành công,CN Thanh Xuân,35198803
GD202603001826,2026-03-09 16:19:23,KH000019,Quầy giao dịch,Nhận lương,9765330,0,Thành công,CN Đà Nẵng,70245967
GD202603005398,2026-03-09 16:35:31,KH000057,Mobile Banking,Thanh toán thẻ,18691000,0,Thành công,CN Cầu Giấy,52325590
GD202603015093,2026-03-09 16:39:01,KH000162,POS,Thanh toán thẻ,804000,5500,Thành công,CN Đà Nẵng,3197003
GD202603000593,2026-03-09 17:31:52,KH000010,POS,Thanh toán thẻ,2373000,3300,Thành công,CN Thanh Xuân,11206042
GD202603009498,2026-03-09 17:32:06,KH000097,POS,Thanh toán thẻ,1618000,0,Thành công,CN Hải Phòng,25248549
GD202603004374,2026-03-09 17:35:55,KH000045,Internet Banking,Thanh toán thẻ,876000,0,Thành công,CN Đà Nẵng,37188472
GD202603000068,2026-03-09 17:42:49,KH000003,Quầy giao dịch,Nhận lương,44007380,0,Thành công,CN Bình Dương,259292824
GD202603009899,2026-03-09 17:51:58,KH000102,Internet Banking,Thanh toán thẻ,755000,0,Thành công,CN Bình Dương,217966905
GD202603017527,2026-03-09 18:20:48,KH000185,Mobile Banking,Thanh toán thẻ,2183000,0,Thành công,CN Cầu Giấy,48375247
GD202603014400,2026-03-09 18:33:22,KH000153,Quầy giao dịch,Chuyển khoản đi,1855000,0,Thành công,CN Cầu Giấy,10247041
GD202603002625,2026-03-09 18:44:58,KH000025,Internet Banking,Nạp tiền điện thoại,127000,0,Thành công,CN Đà Nẵng,201031
GD202603016568,2026-03-09 19:13:07,KH000179,Quầy giao dịch,Nhận lương,30147483,0,Thành công,CN TP Hồ Chí Minh,122486295
GD202603000886,2026-03-09 19:14:36,KH000012,Internet Banking,Nạp tiền điện thoại,823000,0,Thành công,CN Cầu Giấy,59295077
GD202603010280,2026-03-09 19:16:42,KH000107,Quầy giao dịch,Nhận lương,9758241,0,Thành công,CN Quận 1,33823300
GD202603005795,2026-03-09 19:26:00,KH000061,Internet Banking,Rút tiền mặt,1972000,0,Thành công,CN Bình Dương,24252653
GD202603009263,2026-03-09 19:26:26,KH000095,QR Code,Thanh toán thẻ,773000,0,Thành công,CN Cần Thơ,22619324
GD202603007857,2026-03-09 20:29:29,KH000080,POS,Rút tiền mặt,1944000,0,Thành công,CN Quận 1,84301227
GD202603011051,2026-03-09 21:02:27,KH000117,Internet Banking,Thanh toán thẻ,424000,0,Thành công,CN Bình Dương,42086820
GD202603004180,2026-03-09 21:09:46,KH000042,Quầy giao dịch,Nhận lương,10879667,0,Thành công,CN TP Hồ Chí Minh,38061695
GD202603018604,2026-03-09 21:10:40,KH000197,Quầy giao dịch,Nhận lương,63994868,0,Thành công,CN Đà Nẵng,175331024
GD202603007278,2026-03-09 21:13:10,KH000077,QR Code,Chuyển khoản đi,1693000,0,Thành công,CN Quận 1,11393740
GD202603004659,2026-03-09 21:26:09,KH000050,POS,Thanh toán thẻ,5876000,1100,Thành công,CN Hải Phòng,12893315
GD202603007610,2026-03-09 21:49:49,KH000079,Internet Banking,Chuyển khoản đến,6121000,0,Thành công,CN Quận 1,54819402
GD202603002624,2026-03-09 22:16:18,KH000025,Mobile Banking,Thanh toán hóa đơn,116000,0,Thành công,CN Thanh Xuân,137531
GD202603014113,2026-03-09 22:23:11,KH000149,Quầy giao dịch,Nhận lương,9196921,0,Thành công,CN TP Hồ Chí Minh,30212113
GD202603003860,2026-03-10 06:43:28,KH000038,ATM,Thanh toán hóa đơn,1303000,0,Thành công,CN Cầu Giấy,84172556
GD202603009041,2026-03-10 06:49:56,KH000094,Mobile Banking,Thanh toán hóa đơn,1153000,0,Thành công,CN Quận 1,70856585
GD202603013834,2026-03-10 06:58:40,KH000145,QR Code,Thanh toán thẻ,59000,0,Thành công,CN Cần Thơ,36113587
GD202603003814,2026-03-10 07:33:50,KH000037,Quầy giao dịch,Chuyển khoản đến,6738000,0,Thành công,CN Cần Thơ,142931158
GD202603002626,2026-03-10 07:35:33,KH000025,POS,Thanh toán thẻ,88000,0,Thành công,CN Đà Nẵng,113031
GD202603000364,2026-03-10 07:46:57,KH000008,POS,Thanh toán thẻ,8268000,3300,Thành công,CN Cầu Giấy,238366398
GD202603006967,2026-03-10 07:48:55,KH000074,Internet Banking,Thanh toán thẻ,1653000,0,Thành công,CN Hải Phòng,35192273
GD202603007958,2026-03-10 07:50:10,KH000082,POS,Thanh toán thẻ,2651000,3300,Thành công,CN Cần Thơ,57832614
GD202603016915,2026-03-10 08:03:38,KH000182,POS,Thanh toán thẻ,5995000,3300,Thành công,CN TP Hồ Chí Minh,16235889
GD202603011321,2026-03-10 08:03:54,KH000119,QR Code,Thanh toán thẻ,182000,0,Thành công,CN Bình Dương,21502310
GD202603003033,2026-03-10 08:19:11,KH000028,Internet Banking,Thanh toán hóa đơn,980000,0,Thất bại,CN Cần Thơ,38785935
GD202603011052,2026-03-10 08:37:35,KH000117,ATM,Nộp tiền mặt,789000,1100,Thành công,CN Thanh Xuân,42875820
GD202603004839,2026-03-10 09:34:19,KH000052,POS,Thanh toán thẻ,160000,1100,Thành công,CN Bình Dương,208106
GD202603007212,2026-03-10 10:00:09,KH000076,QR Code,Chuyển khoản đến,301000,0,Thành công,CN Cần Thơ,6662641
GD202603008103,2026-03-10 10:35:16,KH000083,POS,Nạp tiền điện thoại,486000,0,Thành công,CN Đà Nẵng,30758356
GD202603010015,2026-03-10 10:42:38,KH000104,QR Code,Thanh toán thẻ,2381000,0,Thành công,CN Hoàn Kiếm,32983213
GD202603008552,2026-03-10 11:30:22,KH000087,POS,Thanh toán thẻ,63000,0,Thành công,CN Bình Dương,228126
GD202603002421,2026-03-10 11:35:28,KH000023,Quầy giao dịch,Chuyển khoản đến,11254000,1100,Thành công,CN Cầu Giấy,65143975
GD202603002523,2026-03-10 11:36:29,KH000024,Quầy giao dịch,Nhận lương,10963475,0,Thành công,CN Bình Dương,55627598
GD202603003596,2026-03-10 11:39:57,KH000034,QR Code,Rút tiền mặt,334000,0,Thành công,CN Cần Thơ,74141550
GD202603018254,2026-03-10 11:58:59,KH000192,Quầy giao dịch,Nhận lương,20733377,0,Thành công,CN Cầu Giấy,95542753
GD202603016618,2026-03-10 12:05:50,KH000180,Quầy giao dịch,Nhận lương,11921121,0,Thành công,CN Cần Thơ,45985328
GD202603018391,2026-03-10 12:13:56,KH000195,Internet Banking,Nộp tiền mặt,12497000,0,Thất bại,CN TP Hồ Chí Minh,52102417
GD202603012265,2026-03-10 12:21:11,KH000128,QR Code,Thanh toán hóa đơn,190000,0,Thành công,CN Cầu Giấy,27854841
GD202603012033,2026-03-10 12:38:30,KH000127,Mobile Banking,Nộp tiền mặt,116000,0,Thành công,CN Hoàn Kiếm,6396832
GD202603016763,2026-03-10 13:05:24,KH000181,QR Code,Thanh toán hóa đơn,412000,0,Thành công,CN Hoàn Kiếm,3421920
GD202603010913,2026-03-10 14:22:41,KH000115,Quầy giao dịch,Nhận lương,11891450,0,Thành công,CN Bình Dương,40227299
GD202603012601,2026-03-10 14:56:45,KH000131,Mobile Banking,Thanh toán thẻ,2315000,0,Thành công,CN TP Hồ Chí Minh,8530780
GD202603013580,2026-03-10 15:55:42,KH000142,QR Code,Chuyển khoản đến,21148000,0,Thành công,CN Thanh Xuân,100931542
GD202603013581,2026-03-10 16:10:22,KH000142,Mobile Banking,Chuyển khoản đến,6587000,0,Thành công,CN Quận 1,107518542
GD202603006966,2026-03-10 16:19:16,KH000074,Mobile Banking,Thanh toán thẻ,55000,0,Thành công,CN Bình Dương,36845273
GD202603018392,2026-03-10 16:22:54,KH000195,Internet Banking,Chuyển khoản đi,10015000,0,Thành công,CN Cần Thơ,42087417
GD202603005797,2026-03-10 17:07:42,KH000061,POS,Thanh toán thẻ,250000,1100,Thành công,CN TP Hồ Chí Minh,32164728
GD202603005796,2026-03-10 17:51:41,KH000061,Quầy giao dịch,Nhận lương,8163174,0,Thành công,CN Quận 1,32415828
GD202603000069,2026-03-10 17:59:35,KH000003,Mobile Banking,Thanh toán thẻ,15561000,0,Thành công,CN Cần Thơ,243731824
GD202603009712,2026-03-10 19:03:16,KH000099,Quầy giao dịch,Nhận lương,10916086,0,Thành công,CN Hải Phòng,41029138
GD202603002422,2026-03-10 19:04:56,KH000023,ATM,Nạp tiền điện thoại,6351000,0,Thành công,CN Hoàn Kiếm,58792975
GD202603004376,2026-03-10 19:31:18,KH000045,Mobile Banking,Nộp tiền mặt,2012000,0,Thành công,CN Hải Phòng,38598472
GD202603006126,2026-03-10 20:37:55,KH000063,Internet Banking,Chuyển khoản đến,122000,0,Thành công,CN Hải Phòng,41912777
GD202603005567,2026-03-10 20:40:49,KH000059,Internet Banking,Thanh toán hóa đơn,3870000,0,Thành công,CN Hải Phòng,100706987
GD202603008828,2026-03-10 20:41:36,KH000092,Internet Banking,Thanh toán thẻ,3096000,0,Thành công,CN Hoàn Kiếm,13678045
GD202603013965,2026-03-10 20:44:04,KH000147,QR Code,Thanh toán thẻ,2856000,0,Thành công,CN Đà Nẵng,112985346
GD202603017218,2026-03-10 20:55:44,KH000183,Internet Banking,Nộp tiền mặt,838000,0,Thành công,CN TP Hồ Chí Minh,77090776
GD202603010460,2026-03-10 21:08:02,KH000110,QR Code,Nộp tiền mặt,93000,0,Thành công,CN Hoàn Kiếm,50558632
GD202603009040,2026-03-10 21:22:35,KH000094,QR Code,Rút tiền mặt,1260000,0,Thành công,CN TP Hồ Chí Minh,72009585
GD202603003595,2026-03-10 21:27:50,KH000034,Quầy giao dịch,Nhận lương,8141865,0,Thành công,CN Thanh Xuân,74475550
GD202603011053,2026-03-10 21:28:49,KH000117,Mobile Banking,Chuyển khoản đến,382000,0,Thành công,CN Cần Thơ,43257820
GD202603017983,2026-03-10 21:47:15,KH000190,Quầy giao dịch,Nhận lương,56452229,0,Thành công,CN TP Hồ Chí Minh,777158264
GD202603000110,2026-03-10 22:19:48,KH000004,Mobile Banking,Rút tiền mặt,25674000,0,Thành công,CN Cần Thơ,122007850
GD202603002110,2026-03-10 22:31:44,KH000020,QR Code,Thanh toán thẻ,40495000,0,Thành công,CN Cần Thơ,114712877
GD202603001453,2026-03-10 22:37:19,KH000016,Internet Banking,Thanh toán thẻ,64000,0,Thành công,CN Quận 1,185007
GD202603010459,2026-03-10 22:42:21,KH000110,Quầy giao dịch,Nhận lương,10162596,0,Thành công,CN Quận 1,50465632
GD202603003861,2026-03-11 06:13:11,KH000038,POS,Chuyển khoản đi,5156000,5500,Thành công,CN Quận 1,79011056
GD202603009900,2026-03-11 06:32:58,KH000102,Internet Banking,Thanh toán hóa đơn,6246000,0,Thành công,CN Quận 1,211720905
GD202603017684,2026-03-11 06:35:43,KH000187,QR Code,Chuyển khoản đi,4686000,0,Thành công,CN Cầu Giấy,17394932
GD202603008671,2026-03-11 07:21:05,KH000088,QR Code,Thanh toán thẻ,280000,0,Thành công,CN Cần Thơ,9303443
GD202603018393,2026-03-11 07:31:49,KH000195,Mobile Banking,Thanh toán thẻ,3165000,0,Thành công,CN Bình Dương,38922417
GD202603012034,2026-03-11 07:42:38,KH000127,POS,Thanh toán thẻ,931000,1100,Thành công,CN Cần Thơ,5464732
GD202603016111,2026-03-11 08:46:43,KH000174,Mobile Banking,Thanh toán thẻ,970000,0,Thành công,CN Cầu Giấy,59377144
GD202603005273,2026-03-11 09:02:51,KH000056,Internet Banking,Chuyển khoản đến,520000,0,Thành công,CN Cần Thơ,88261497
GD202603016918,2026-03-11 09:04:56,KH000182,POS,Thanh toán thẻ,1126000,5500,Thành công,CN Cầu Giấy,15488389
GD202603003529,2026-03-11 09:33:13,KH000033,Internet Banking,Nộp tiền mặt,1967000,0,Thành công,CN Thanh Xuân,43041026
GD202603014401,2026-03-11 09:49:32,KH000153,Mobile Banking,Chuyển khoản đi,522000,0,Thành công,CN TP Hồ Chí Minh,9725041
GD202603001828,2026-03-11 11:36:33,KH000019,QR Code,Nạp tiền điện thoại,2509000,0,Thành công,CN Đà Nẵng,68383967
GD202603003264,2026-03-11 11:42:00,KH000030,Internet Banking,Nộp tiền mặt,1156000,0,Thành công,CN Đà Nẵng,112418099
GD202603008553,2026-03-11 12:26:45,KH000087,Internet Banking,Chuyển khoản đi,141000,0,Thành công,CN Hải Phòng,87126
GD202603016917,2026-03-11 12:39:44,KH000182,Mobile Banking,Thanh toán thẻ,329000,0,Thành công,CN Bình Dương,16619889
GD202603002112,2026-03-11 12:50:06,KH000020,POS,Thanh toán thẻ,32104000,3300,Thành công,CN Thanh Xuân,81710577
GD202603006968,2026-03-11 12:51:23,KH000074,QR Code,Nộp tiền mặt,314000,0,Thành công,CN Thanh Xuân,35506273
GD202603010690,2026-03-11 12:58:09,KH000113,Internet Banking,Rút tiền mặt,224000,0,Thành công,CN Cầu Giấy,39339696
GD202603007281,2026-03-11 13:52:28,KH000077,QR Code,Nộp tiền mặt,273000,0,Thành công,CN TP Hồ Chí Minh,9173740
GD202603015890,2026-03-11 14:06:02,KH000172,QR Code,Thanh toán thẻ,3262000,0,Thành công,CN Hải Phòng,7752382
GD202603016916,2026-03-11 14:15:02,KH000182,Internet Banking,Nộp tiền mặt,713000,0,Thành công,CN Đà Nẵng,16948889
GD202603009042,2026-03-11 14:48:36,KH000094,Mobile Banking,Rút tiền mặt,510000,0,Thành công,CN Hoàn Kiếm,70346585
GD202603000143,2026-03-11 15:34:44,KH000005,POS,Nạp tiền điện thoại,10945000,1100,Thành công,CN Hải Phòng,120921030
GD202603012035,2026-03-11 16:47:44,KH000127,QR Code,Thanh toán thẻ,869000,0,Thành công,CN Hoàn Kiếm,4595732
GD202603000887,2026-03-11 17:20:21,KH000012,ATM,Chuyển khoản đến,1975000,5500,Thành công,CN Thanh Xuân,61270077
GD202603010331,2026-03-11 17:41:10,KH000108,Quầy giao dịch,Chuyển khoản đến,358000,5500,Thành công,CN Quận 1,37564730
GD202603000144,2026-03-11 17:58:22,KH000005,Quầy giao dịch,Nạp tiền điện thoại,8123000,0,Thành công,CN TP Hồ Chí Minh,112798030
GD202603015094,2026-03-11 18:52:28,KH000162,QR Code,Thanh toán thẻ,695000,0,Thất bại,CN Quận 1,3197003
GD202603000594,2026-03-11 19:00:50,KH000010,QR Code,Nộp tiền mặt,752000,0,Thành công,CN Hoàn Kiếm,11958042
GD202603012036,2026-03-11 19:10:37,KH000127,Internet Banking,Thanh toán hóa đơn,892000,0,Thành công,CN Cầu Giấy,3703732
GD202603001099,2026-03-11 19:13:54,KH000014,Mobile Banking,Thanh toán thẻ,10871000,0,Thành công,CN Bình Dương,53804785
GD202603000365,2026-03-11 19:51:21,KH000008,POS,Thanh toán thẻ,20863000,1100,Thành công,CN Đà Nẵng,217502298
GD202603011322,2026-03-11 19:54:20,KH000119,QR Code,Chuyển khoản đi,165000,0,Thành công,CN Cầu Giấy,21337310
GD202603002111,2026-03-11 20:00:07,KH000020,POS,Thanh toán thẻ,895000,0,Thành công,CN TP Hồ Chí Minh,113817877
GD202603015891,2026-03-11 20:20:42,KH000172,Mobile Banking,Nộp tiền mặt,2577000,0,Thành công,CN Hoàn Kiếm,10329382
GD202603000366,2026-03-11 20:26:37,KH000008,Internet Banking,Thanh toán thẻ,66428000,0,Thành công,CN Cần Thơ,151074298
GD202603004660,2026-03-11 21:15:13,KH000050,QR Code,Thanh toán thẻ,2827000,0,Thành công,CN Cầu Giấy,10066315
GD202603010016,2026-03-11 21:23:25,KH000104,Mobile Banking,Thanh toán thẻ,300000,0,Thành công,CN Cầu Giấy,32683213
GD202603011745,2026-03-11 21:37:41,KH000125,Internet Banking,Chuyển khoản đến,127000,0,Thành công,CN Quận 1,613036
GD202603003034,2026-03-11 22:28:54,KH000028,QR Code,Nộp tiền mặt,1944000,0,Thành công,CN Bình Dương,40729935
GD202603002894,2026-03-11 22:41:23,KH000027,Quầy giao dịch,Nộp tiền mặt,25500000,1100,Thành công,CN Đà Nẵng,152654441
GD202603008829,2026-03-11 22:56:59,KH000092,QR Code,Thanh toán hóa đơn,4094000,0,Thành công,CN Cầu Giấy,9584045
GD202603007858,2026-03-12 06:20:16,KH000080,Mobile Banking,Nộp tiền mặt,3389000,0,Thành công,CN Thanh Xuân,87690227
GD202603007611,2026-03-12 06:48:32,KH000079,POS,Thanh toán thẻ,18231000,1100,Thành công,CN Cầu Giấy,36587302
GD202603012267,2026-03-12 07:13:12,KH000128,Mobile Banking,Thanh toán thẻ,256000,0,Thành công,CN Quận 1,27304841
GD202603006127,2026-03-12 08:13:09,KH000063,Mobile Banking,Chuyển khoản đến,267000,0,Thành công,CN Thanh Xuân,42179777
GD202603003597,2026-03-12 08:31:45,KH000034,Mobile Banking,Thanh toán thẻ,2691000,0,Thành công,CN Thanh Xuân,71450550
GD202603007282,2026-03-12 08:53:12,KH000077,Internet Banking,Chuyển khoản đi,587000,0,Thành công,CN Đà Nẵng,8586740
GD202603003400,2026-03-12 10:14:34,KH000032,QR Code,Thanh toán thẻ,122000,0,Thành công,CN Thanh Xuân,35552630
GD202603003862,2026-03-12 11:18:11,KH000038,POS,Thanh toán thẻ,3929000,1100,Thành công,CN Hoàn Kiếm,75080956
GD202603014145,2026-03-12 11:27:24,KH000150,POS,Nộp tiền mặt,3476000,3300,Thành công,CN Cần Thơ,57858684
GD202603009713,2026-03-12 12:02:10,KH000099,POS,Nạp tiền điện thoại,1634000,5500,Thành công,CN Hoàn Kiếm,39389638
GD202603009499,2026-03-12 12:44:16,KH000097,Internet Banking,Chuyển khoản đi,1802000,0,Thành công,CN Hải Phòng,23446549
GD202603004317,2026-03-12 13:02:19,KH000044,POS,Rút tiền mặt,5673000,5500,Thành công,CN Bình Dương,23921362
GD202603011676,2026-03-12 13:13:23,KH000124,Mobile Banking,Thanh toán hóa đơn,17927000,0,Thành công,CN Hoàn Kiếm,33825538
GD202603016620,2026-03-12 13:23:50,KH000180,Mobile Banking,Thanh toán thẻ,2507000,0,Thành công,CN Cần Thơ,40834328
GD202603017219,2026-03-12 13:26:17,KH000183,Internet Banking,Thanh toán thẻ,14824000,0,Thành công,CN TP Hồ Chí Minh,62266776
GD202603000309,2026-03-12 13:51:02,KH000007,Mobile Banking,Nạp tiền điện thoại,35586000,0,Thành công,CN Cầu Giấy,132647247
GD202603010332,2026-03-12 14:37:07,KH000108,QR Code,Nộp tiền mặt,121000,0,Thành công,CN Quận 1,37685730
GD202603018075,2026-03-12 14:51:10,KH000191,Internet Banking,Chuyển khoản đi,2447000,0,Thành công,CN Cầu Giấy,14486959
GD202603012266,2026-03-12 15:16:03,KH000128,Internet Banking,Thanh toán thẻ,294000,0,Thành công,CN TP Hồ Chí Minh,27560841
GD202603014201,2026-03-12 15:24:40,KH000151,POS,Thanh toán thẻ,615000,1100,Thành công,CN Quận 1,8132116
GD202603000047,2026-03-12 15:27:20,KH000002,Internet Banking,Nộp tiền mặt,2759000,0,Thành công,CN Thanh Xuân,62462353
GD202603001830,2026-03-12 16:16:18,KH000019,Mobile Banking,Chuyển khoản đi,646000,0,Thành công,CN Đà Nẵng,64107667
GD202603011746,2026-03-12 16:31:39,KH000125,Mobile Banking,Thanh toán thẻ,74000,0,Thành công,CN Cầu Giấy,539036
GD202603005798,2026-03-12 16:31:54,KH000061,Mobile Banking,Nạp tiền điện thoại,1778000,0,Thành công,CN Cần Thơ,30386728
GD202603012867,2026-03-12 16:33:15,KH000132,POS,Thanh toán thẻ,8062000,1100,Thành công,CN Quận 1,18974930
GD202603011970,2026-03-12 16:33:19,KH000126,QR Code,Thanh toán thẻ,503000,0,Thành công,CN Hoàn Kiếm,3562199
GD202603001829,2026-03-12 17:06:13,KH000019,POS,Thanh toán thẻ,3627000,3300,Thành công,CN Hoàn Kiếm,64753667
GD202603004661,2026-03-12 17:14:43,KH000050,Mobile Banking,Thanh toán thẻ,956000,0,Thành công,CN Quận 1,9110315
GD202603018074,2026-03-12 17:22:51,KH000191,QR Code,Nộp tiền mặt,3274000,0,Thành công,CN Cầu Giấy,16933959
GD202603010017,2026-03-12 18:04:28,KH000104,POS,Thanh toán thẻ,842000,0,Thành công,CN Quận 1,31841213
GD202603015095,2026-03-12 19:18:18,KH000162,Internet Banking,Thanh toán thẻ,828000,0,Thành công,CN TP Hồ Chí Minh,2369003
GD202603000595,2026-03-12 19:31:58,KH000010,QR Code,Rút tiền mặt,1440000,0,Thành công,CN Hoàn Kiếm,10518042
GD202603007283,2026-03-12 20:00:08,KH000077,Mobile Banking,Nộp tiền mặt,1237000,0,Thành công,CN TP Hồ Chí Minh,9823740
GD202603011323,2026-03-12 20:37:15,KH000119,QR Code,Nộp tiền mặt,195000,0,Thành công,CN Bình Dương,21532310
GD202603008830,2026-03-12 21:08:07,KH000092,QR Code,Thanh toán thẻ,289000,0,Thành công,CN Quận 1,9295045
GD202603005799,2026-03-12 21:39:40,KH000061,Internet Banking,Nộp tiền mặt,904000,0,Thành công,CN Cần Thơ,31290728
GD202603016764,2026-03-12 21:44:05,KH000181,Internet Banking,Chuyển khoản đi,675000,0,Thành công,CN Cần Thơ,2746920
GD202603006624,2026-03-12 21:57:04,KH000067,ATM,Rút tiền mặt,10133000,0,Thành công,CN Đà Nẵng,55289399
GD202603015460,2026-03-12 22:02:52,KH000166,Mobile Banking,Chuyển khoản đến,28517000,0,Thành công,CN Thanh Xuân,234546608
GD202603016619,2026-03-12 22:50:29,KH000180,QR Code,Nạp tiền điện thoại,2644000,0,Thành công,CN Hoàn Kiếm,43341328
GD202603003598,2026-03-13 06:24:06,KH000034,POS,Thanh toán thẻ,668000,3300,Thành công,CN Quận 1,70779250
GD202603017880,2026-03-13 06:52:18,KH000189,Quầy giao dịch,Rút tiền mặt,98910000,0,Thành công,CN Hoàn Kiếm,329217083
GD202603008429,2026-03-13 06:54:03,KH000085,POS,Rút tiền mặt,9065000,1100,Thành công,CN Đà Nẵng,58135689
GD202603012433,2026-03-13 06:54:46,KH000130,QR Code,Nộp tiền mặt,4244000,0,Thành công,CN Cầu Giấy,55601345
GD202603010691,2026-03-13 07:42:17,KH000113,ATM,Chuyển khoản đến,7674000,1100,Thành công,CN TP Hồ Chí Minh,47013696
GD202603000888,2026-03-13 07:46:43,KH000012,Internet Banking,Rút tiền mặt,2249000,0,Thành công,CN Hoàn Kiếm,59021077
GD202603009714,2026-03-13 07:56:06,KH000099,QR Code,Chuyển khoản đến,1578000,0,Thành công,CN Hoàn Kiếm,40967638
GD202603002114,2026-03-13 08:21:25,KH000020,POS,Thanh toán thẻ,22015000,5500,Thành công,CN Hoàn Kiếm,68735077
GD202603018394,2026-03-13 08:27:06,KH000195,Mobile Banking,Nộp tiền mặt,8175000,0,Thành công,CN Thanh Xuân,47097417
GD202603008104,2026-03-13 08:35:47,KH000083,Internet Banking,Thanh toán thẻ,231000,0,Thành công,CN Thanh Xuân,30527356
GD202603015096,2026-03-13 08:58:05,KH000162,QR Code,Nộp tiền mặt,347000,0,Thành công,CN Bình Dương,2716003
GD202603000367,2026-03-13 09:50:11,KH000008,Mobile Banking,Chuyển khoản đi,44628000,0,Thành công,CN Cầu Giấy,106446298
GD202603006969,2026-03-13 10:04:44,KH000074,POS,Thanh toán thẻ,989000,0,Thành công,CN Cầu Giấy,34517273
GD202603016447,2026-03-13 10:44:28,KH000177,ATM,Thanh toán hóa đơn,43359000,3300,Thành công,CN Đà Nẵng,143157605
GD202603005568,2026-03-13 11:36:00,KH000059,QR Code,Thanh toán hóa đơn,23813000,0,Thành công,CN Bình Dương,76893987
GD202603006344,2026-03-13 11:44:33,KH000065,QR Code,Chuyển khoản đến,5446000,0,Thành công,CN Thanh Xuân,64749349
GD202603012602,2026-03-13 11:53:45,KH000131,Internet Banking,Nộp tiền mặt,740000,0,Thành công,CN Cầu Giấy,9270780
GD202603011054,2026-03-13 12:17:11,KH000117,Mobile Banking,Thanh toán thẻ,395000,0,Thành công,CN Bình Dương,42862820
GD202603006343,2026-03-13 12:25:02,KH000065,Internet Banking,Thanh toán thẻ,30674000,0,Thành công,CN Đà Nẵng,59303349
GD202603000782,2026-03-13 13:05:16,KH000011,POS,Thanh toán thẻ,2202000,0,Thành công,CN Cầu Giấy,83485024
GD202603005497,2026-03-13 13:29:17,KH000058,ATM,Chuyển khoản đi,4418000,3300,Thành công,CN TP Hồ Chí Minh,94952971
GD202603016232,2026-03-13 13:31:02,KH000176,Internet Banking,Chuyển khoản đi,1196000,0,Thành công,CN TP Hồ Chí Minh,29736606
GD202603012434,2026-03-13 14:30:35,KH000130,POS,Thanh toán thẻ,4607000,5500,Thành công,CN Hoàn Kiếm,50988845
GD202603009319,2026-03-13 14:54:39,KH000096,QR Code,Thanh toán thẻ,6717000,0,Thành công,CN Đà Nẵng,25156696
GD202603018560,2026-03-13 15:10:58,KH000196,Quầy giao dịch,Nạp tiền điện thoại,614000,5500,Thành công,CN Đà Nẵng,36960966
GD202603007612,2026-03-13 15:33:50,KH000079,POS,Thanh toán thẻ,11990000,1100,Thành công,CN Đà Nẵng,24596202
GD202603005274,2026-03-13 15:34:51,KH000056,Mobile Banking,Thanh toán thẻ,2245000,0,Thành công,CN Quận 1,86016497
GD202603016231,2026-03-13 16:13:32,KH000176,Mobile Banking,Chuyển khoản đi,531000,0,Thành công,CN Đà Nẵng,30932606
GD202603002627,2026-03-13 16:46:48,KH000025,Internet Banking,Nộp tiền mặt,186000,0,Thất bại,CN Hải Phòng,113031
GD202603008216,2026-03-13 16:54:28,KH000084,Mobile Banking,Thanh toán thẻ,1002000,0,Thành công,CN Cầu Giấy,25851780
GD202603013266,2026-03-13 18:22:42,KH000137,ATM,Chuyển khoản đến,753000,1100,Thành công,CN Hoàn Kiếm,28319077
GD202603014114,2026-03-13 18:33:14,KH000149,QR Code,Nộp tiền mặt,10460000,0,Thành công,CN Đà Nẵng,40672113
GD202603001100,2026-03-13 19:22:31,KH000014,Internet Banking,Thanh toán thẻ,4098000,0,Thành công,CN Bình Dương,49706785
GD202603003599,2026-03-13 19:29:49,KH000034,Mobile Banking,Chuyển khoản đến,456000,0,Thành công,CN Quận 1,71235250
GD202603002524,2026-03-13 19:49:22,KH000024,POS,Thanh toán thẻ,135000,5500,Thành công,CN Cầu Giấy,55487098
GD202603017879,2026-03-13 20:13:37,KH000189,Internet Banking,Thanh toán thẻ,196925000,0,Thành công,CN Quận 1,428127083
GD202603017685,2026-03-13 20:53:42,KH000187,QR Code,Nộp tiền mặt,4394000,0,Thành công,CN Cầu Giấy,21788932
GD202603017220,2026-03-13 21:37:22,KH000183,QR Code,Nộp tiền mặt,445000,0,Thành công,CN Đà Nẵng,62711776
GD202603011178,2026-03-13 22:08:50,KH000118,ATM,Thanh toán hóa đơn,6698000,0,Thành công,CN Hoàn Kiếm,19392215
GD202603016448,2026-03-13 22:13:39,KH000177,Internet Banking,Thanh toán thẻ,43010000,0,Thành công,CN Bình Dương,100147605
GD202603001831,2026-03-13 22:28:23,KH000019,Internet Banking,Nạp tiền điện thoại,992000,0,Thành công,CN Hoàn Kiếm,63115667
GD202603002113,2026-03-13 22:30:07,KH000020,ATM,Nộp tiền mặt,9045000,1100,Thành công,CN Bình Dương,90755577
GD202603008773,2026-03-13 22:55:43,KH000091,POS,Thanh toán thẻ,24466000,1100,Thành công,CN Hải Phòng,121627847
GD202603017221,2026-03-14 06:56:11,KH000183,POS,Thanh toán thẻ,17607000,3300,Thành công,CN Hoàn Kiếm,45101476
GD202603016147,2026-03-14 07:09:35,KH000175,POS,Thanh toán thẻ,34930000,3300,Thành công,CN Đà Nẵng,110154093
GD202603018395,2026-03-14 07:21:38,KH000195,Mobile Banking,Nộp tiền mặt,11173000,0,Thành công,CN TP Hồ Chí Minh,58270417
GD202603006345,2026-03-14 07:23:03,KH000065,Internet Banking,Chuyển khoản đến,3649000,0,Thành công,CN TP Hồ Chí Minh,68398349
GD202603012604,2026-03-14 07:43:18,KH000131,Mobile Banking,Nộp tiền mặt,455000,0,Thành công,CN Đà Nẵng,7984680
GD202603011677,2026-03-14 08:49:59,KH000124,Mobile Banking,Chuyển khoản đến,4586000,0,Thành công,CN Cầu Giấy,38411538
GD202603006855,2026-03-14 09:15:05,KH000072,POS,Thanh toán thẻ,559000,3300,Thành công,CN Đà Nẵng,33361599
GD202603008219,2026-03-14 09:33:10,KH000084,Internet Banking,Thanh toán thẻ,1239000,0,Thành công,CN Hải Phòng,30093780
GD202603004662,2026-03-14 09:42:31,KH000050,Mobile Banking,Nộp tiền mặt,586000,0,Thành công,CN Đà Nẵng,9696315
GD202603007284,2026-03-14 09:58:58,KH000077,Internet Banking,Nạp tiền điện thoại,1587000,0,Thành công,CN Quận 1,8236740
GD202603014029,2026-03-14 10:15:55,KH000148,Internet Banking,Nộp tiền mặt,198000,0,Thành công,CN Thanh Xuân,35104803
GD202603007959,2026-03-14 10:55:16,KH000082,QR Code,Thanh toán thẻ,1546000,0,Thành công,CN Hải Phòng,56286614
GD202603009043,2026-03-14 10:59:56,KH000094,Mobile Banking,Nộp tiền mặt,1595000,0,Thành công,CN Cầu Giấy,71941585
GD202603006128,2026-03-14 11:46:40,KH000063,Internet Banking,Nộp tiền mặt,1195000,0,Thành công,CN Cần Thơ,43374777
GD202603008554,2026-03-14 11:55:00,KH000087,Mobile Banking,Chuyển khoản đi,191000,0,Thành công,CN Hoàn Kiếm,182626
GD202603011324,2026-03-14 12:21:40,KH000119,QR Code,Nộp tiền mặt,79000,0,Thành công,CN Cần Thơ,21611310
GD202603007859,2026-03-14 12:24:19,KH000080,POS,Rút tiền mặt,3685000,5500,Thành công,CN Hoàn Kiếm,83999727
GD202603007614,2026-03-14 12:25:00,KH000079,Mobile Banking,Nộp tiền mặt,5330000,0,Thành công,CN Cần Thơ,29130202
GD202603010692,2026-03-14 13:16:08,KH000113,POS,Thanh toán thẻ,6666000,5500,Thành công,CN Cần Thơ,40342196
GD202603014866,2026-03-14 13:29:27,KH000158,POS,Thanh toán thẻ,583000,1100,Thành công,CN Cần Thơ,107493237
GD202603013966,2026-03-14 13:52:39,KH000147,Quầy giao dịch,Chuyển khoản đi,4308000,3300,Thành công,CN Quận 1,108674046
GD202603001697,2026-03-14 13:57:43,KH000018,Mobile Banking,Rút tiền mặt,570000,0,Thành công,CN Bình Dương,41497580
GD202603000368,2026-03-14 14:01:52,KH000008,POS,Thanh toán thẻ,19108000,5500,Thành công,CN Đà Nẵng,87332798
GD202603000310,2026-03-14 14:09:56,KH000007,QR Code,Thanh toán hóa đơn,18743000,0,Thành công,CN Hải Phòng,113904247
GD202603009265,2026-03-14 14:16:44,KH000095,QR Code,Thanh toán thẻ,5753000,0,Thành công,CN Hoàn Kiếm,16866324
GD202603008218,2026-03-14 14:19:37,KH000084,Mobile Banking,Chuyển khoản đến,2993000,0,Thành công,CN Hoàn Kiếm,31332780
GD202603013835,2026-03-14 14:20:30,KH000145,Mobile Banking,Rút tiền mặt,210000,0,Thành công,CN Cầu Giấy,35903587
GD202603003296,2026-03-14 14:30:28,KH000031,QR Code,Rút tiền mặt,99000,0,Thành công,CN Hoàn Kiếm,3361603
GD202603006715,2026-03-14 14:47:02,KH000069,QR Code,Rút tiền mặt,2071000,0,Thành công,CN Thanh Xuân,64897530
GD202603008701,2026-03-14 15:24:49,KH000089,Internet Banking,Rút tiền mặt,13715000,0,Thành công,CN Đà Nẵng,47399797
GD202603005800,2026-03-14 15:38:18,KH000061,QR Code,Thanh toán thẻ,1440000,0,Thành công,CN Đà Nẵng,29850728
GD202603012603,2026-03-14 16:31:55,KH000131,POS,Thanh toán thẻ,1740000,1100,Thành công,CN Bình Dương,7529680
GD202603002628,2026-03-14 17:01:35,KH000025,QR Code,Thanh toán thẻ,131000,0,Thành công,CN Hoàn Kiếm,178531
GD202603007613,2026-03-14 17:02:22,KH000079,QR Code,Thanh toán thẻ,796000,0,Thành công,CN Hải Phòng,23800202
GD202603004520,2026-03-14 17:28:19,KH000046,Internet Banking,Nộp tiền mặt,23997000,0,Thành công,CN Cầu Giấy,107752029
GD202603000048,2026-03-14 17:39:16,KH000002,POS,Thanh toán thẻ,772000,3300,Thành công,CN Cầu Giấy,61687053
GD202603004028,2026-03-14 17:52:27,KH000040,QR Code,Chuyển khoản đến,5071000,0,Thành công,CN Bình Dương,49574120
GD202603008217,2026-03-14 18:00:40,KH000084,Mobile Banking,Nộp tiền mặt,2488000,0,Thành công,CN Hoàn Kiếm,28339780
GD202603003401,2026-03-14 20:36:55,KH000032,Mobile Banking,Thanh toán hóa đơn,65000,0,Thất bại,CN Thanh Xuân,35552630
GD202603003035,2026-03-14 21:46:36,KH000028,ATM,Rút tiền mặt,1960000,5500,Thành công,CN Quận 1,38764435
GD202603007213,2026-03-14 21:51:14,KH000076,ATM,Nộp tiền mặt,2247000,0,Thành công,CN Bình Dương,8909641
GD202603002895,2026-03-14 22:18:23,KH000027,POS,Nộp tiền mặt,42501000,5500,Thành công,CN Hải Phòng,195155441
GD202603009320,2026-03-14 22:52:01,KH000096,Mobile Banking,Thanh toán hóa đơn,8278000,0,Thành công,CN Cần Thơ,16878696
GD202603003037,2026-03-15 06:02:46,KH000028,Mobile Banking,Nộp tiền mặt,1486000,0,Thành công,CN Quận 1,39257435
GD202603010564,2026-03-15 06:05:32,KH000111,Quầy giao dịch,Nộp tiền mặt,93106000,1100,Thành công,CN Cầu Giấy,566087152
GD202603008672,2026-03-15 06:11:42,KH000088,ATM,Chuyển khoản đến,2088000,5500,Thành công,CN Đà Nẵng,11391443
GD202603004840,2026-03-15 06:38:19,KH000052,POS,Thanh toán thẻ,123000,3300,Thành công,CN Hải Phòng,81806
GD202603017528,2026-03-15 06:43:21,KH000185,QR Code,Nạp tiền điện thoại,12998000,0,Thành công,CN Cần Thơ,35377247
GD202603006544,2026-03-15 07:02:32,KH000066,Mobile Banking,Chuyển khoản đến,185000,0,Thành công,CN TP Hồ Chí Minh,130633540
GD202603003530,2026-03-15 07:18:43,KH000033,Internet Banking,Chuyển khoản đi,2040000,0,Thành công,CN Quận 1,41001026
GD202603003600,2026-03-15 07:24:23,KH000034,Mobile Banking,Thanh toán thẻ,468000,0,Thành công,CN Thanh Xuân,70767250
GD202603012606,2026-03-15 07:25:22,KH000131,QR Code,Thanh toán thẻ,2195000,0,Thành công,CN Đà Nẵng,5316680
GD202603009321,2026-03-15 07:27:46,KH000096,Mobile Banking,Chuyển khoản đến,771000,0,Thành công,CN Cầu Giấy,17649696
GD202603015097,2026-03-15 07:59:15,KH000162,Internet Banking,Chuyển khoản đến,558000,0,Thành công,CN Đà Nẵng,3274003
GD202603010018,2026-03-15 08:24:11,KH000104,QR Code,Nạp tiền điện thoại,3475000,0,Thành công,CN Thanh Xuân,28366213
GD202603012037,2026-03-15 08:27:50,KH000127,Mobile Banking,Nộp tiền mặt,792000,0,Thành công,CN Cần Thơ,4495732
GD202603016919,2026-03-15 08:32:40,KH000182,Internet Banking,Chuyển khoản đi,541000,0,Thành công,CN Hải Phòng,14947389
GD202603015401,2026-03-15 08:39:08,KH000165,POS,Nộp tiền mặt,7924000,1100,Thất bại,CN TP Hồ Chí Minh,97366685
GD202603012387,2026-03-15 08:43:07,KH000129,Internet Banking,Thanh toán hóa đơn,189000,0,Thành công,CN Cầu Giấy,424148
GD202603007961,2026-03-15 08:56:24,KH000082,QR Code,Chuyển khoản đi,4377000,0,Thành công,CN Đà Nẵng,48899614
GD202603012605,2026-03-15 08:56:43,KH000131,QR Code,Chuyển khoản đi,473000,0,Thành công,CN Cần Thơ,7511680
GD202603004841,2026-03-15 09:50:13,KH000052,Mobile Banking,Rút tiền mặt,71000,0,Thành công,CN Cầu Giấy,117306
GD202603017881,2026-03-15 11:34:45,KH000189,Internet Banking,Thanh toán thẻ,40994000,0,Thành công,CN Cần Thơ,288223083
GD202603016051,2026-03-15 11:40:47,KH000173,POS,Nộp tiền mặt,161000,5500,Thành công,CN Hải Phòng,8279068
GD202603004741,2026-03-15 12:35:42,KH000051,POS,Thanh toán hóa đơn,7447000,5500,Thành công,CN Cần Thơ,23381456
GD202603004663,2026-03-15 12:48:46,KH000050,Internet Banking,Thanh toán thẻ,2954000,0,Thành công,CN Thanh Xuân,6742315
GD202603006970,2026-03-15 12:52:22,KH000074,Mobile Banking,Nạp tiền điện thoại,1224000,0,Thành công,CN Hoàn Kiếm,33293273
GD202603017529,2026-03-15 14:24:27,KH000185,Internet Banking,Chuyển khoản đến,10551000,0,Thành công,CN Đà Nẵng,45928247
GD202603007615,2026-03-15 14:24:31,KH000079,Mobile Banking,Rút tiền mặt,6713000,0,Thành công,CN TP Hồ Chí Minh,22417202
GD202603007960,2026-03-15 14:25:57,KH000082,QR Code,Nạp tiền điện thoại,3010000,0,Thành công,CN Quận 1,53276614
GD202603017222,2026-03-15 14:44:32,KH000183,Internet Banking,Rút tiền mặt,3423000,0,Thành công,CN Cần Thơ,41678476
GD202603017223,2026-03-15 15:01:03,KH000183,QR Code,Chuyển khoản đi,6649000,0,Thành công,CN Cần Thơ,35029476
GD202603002115,2026-03-15 15:32:46,KH000020,POS,Thanh toán thẻ,5775000,0,Thành công,CN Cần Thơ,62960077
GD202603006543,2026-03-15 15:33:01,KH000066,Quầy giao dịch,Nạp tiền điện thoại,901000,3300,Thành công,CN TP Hồ Chí Minh,130448540
GD202603018605,2026-03-15 15:49:34,KH000197,POS,Thanh toán thẻ,35340000,5500,Thành công,CN Hoàn Kiếm,139985524
GD202603000145,2026-03-15 15:50:06,KH000005,Mobile Banking,Chuyển khoản đến,30400000,0,Thành công,CN TP Hồ Chí Minh,143198030
GD202603008105,2026-03-15 16:05:35,KH000083,Quầy giao dịch,Thanh toán hóa đơn,327000,5500,Thành công,CN Cầu Giấy,30194856
GD202603005569,2026-03-15 16:05:41,KH000059,Mobile Banking,Chuyển khoản đi,16217000,0,Thành công,CN Thanh Xuân,60676987
GD202603014867,2026-03-15 16:08:01,KH000158,Mobile Banking,Nạp tiền điện thoại,6834000,0,Thành công,CN Bình Dương,100659237
GD202603013267,2026-03-15 16:25:53,KH000137,QR Code,Chuyển khoản đi,5788000,0,Thành công,CN TP Hồ Chí Minh,22531077
GD202603008673,2026-03-15 17:37:13,KH000088,ATM,Nộp tiền mặt,3663000,0,Thành công,CN Cầu Giấy,15054443
GD202603002424,2026-03-15 17:44:36,KH000023,Quầy giao dịch,Thanh toán hóa đơn,10141000,0,Thành công,CN TP Hồ Chí Minh,31703975
GD202603008831,2026-03-15 18:00:06,KH000092,POS,Nộp tiền mặt,147000,3300,Thành công,CN TP Hồ Chí Minh,9442045
GD202603001101,2026-03-15 18:20:38,KH000014,Mobile Banking,Thanh toán thẻ,5433000,0,Thành công,CN Thanh Xuân,44273785
GD202603017984,2026-03-15 18:27:28,KH000190,Mobile Banking,Nộp tiền mặt,121592000,0,Thành công,CN Bình Dương,898750264
GD202603002423,2026-03-15 18:37:29,KH000023,Internet Banking,Thanh toán thẻ,16948000,0,Thành công,CN TP Hồ Chí Minh,41844975
GD202603013709,2026-03-15 19:33:08,KH000143,Quầy giao dịch,Nộp tiền mặt,650000,3300,Thành công,CN Bình Dương,37393229
GD202603014202,2026-03-15 20:06:01,KH000151,Mobile Banking,Rút tiền mặt,960000,0,Thành công,CN Thanh Xuân,7172116
GD202603006856,2026-03-15 20:10:42,KH000072,POS,Thanh toán thẻ,856000,1100,Thành công,CN TP Hồ Chí Minh,32504499
GD202603003036,2026-03-15 21:11:08,KH000028,Internet Banking,Thanh toán hóa đơn,993000,0,Thành công,CN Hoàn Kiếm,37771435
GD202603000596,2026-03-15 22:45:50,KH000010,Mobile Banking,Chuyển khoản đến,992000,0,Thành công,CN Cầu Giấy,11510042
GD202603014402,2026-03-15 22:50:23,KH000153,Mobile Banking,Nạp tiền điện thoại,2304000,0,Thành công,CN Hoàn Kiếm,7421041
GD202603006129,2026-03-16 06:07:35,KH000063,POS,Chuyển khoản đến,946000,3300,Thành công,CN Cần Thơ,44320777
GD202603002896,2026-03-16 06:22:19,KH000027,QR Code,Thanh toán thẻ,39755000,0,Thành công,CN Đà Nẵng,155400441
GD202603016765,2026-03-16 06:36:01,KH000181,Internet Banking,Thanh toán hóa đơn,587000,0,Thành công,CN TP Hồ Chí Minh,2159920
GD202603007285,2026-03-16 06:49:01,KH000077,Internet Banking,Chuyển khoản đến,148000,0,Thành công,CN Đà Nẵng,8384740
GD202603004377,2026-03-16 07:27:03,KH000045,Mobile Banking,Thanh toán thẻ,219000,0,Thành công,CN Bình Dương,38379472
GD202603018077,2026-03-16 07:28:49,KH000191,Mobile Banking,Chuyển khoản đi,1812000,0,Thành công,CN Quận 1,7784659
GD202603018561,2026-03-16 07:56:24,KH000196,POS,Thanh toán thẻ,685000,0,Thành công,CN Đà Nẵng,36275966
GD202603018396,2026-03-16 08:10:56,KH000195,Internet Banking,Chuyển khoản đi,2413000,0,Thành công,CN Cần Thơ,55857417
GD202603009715,2026-03-16 08:18:54,KH000099,Internet Banking,Rút tiền mặt,808000,0,Thành công,CN Thanh Xuân,40159638
GD202603014203,2026-03-16 08:24:20,KH000151,Quầy giao dịch,Rút tiền mặt,1009000,5500,Thất bại,CN Bình Dương,7172116
GD202603010914,2026-03-16 09:22:38,KH000115,Mobile Banking,Rút tiền mặt,6240000,0,Thành công,CN TP Hồ Chí Minh,33987299
GD202603015893,2026-03-16 09:37:15,KH000172,QR Code,Thanh toán thẻ,931000,0,Thành công,CN Đà Nẵng,7653382
GD202603016920,2026-03-16 09:43:32,KH000182,Internet Banking,Thanh toán thẻ,4402000,0,Thành công,CN Đà Nẵng,10545389
GD202603008221,2026-03-16 10:12:53,KH000084,POS,Thanh toán thẻ,1391000,1100,Thành công,CN Hải Phòng,26665680
GD202603004842,2026-03-16 10:37:33,KH000052,Quầy giao dịch,Nạp tiền điện thoại,51000,1100,Thành công,CN Hải Phòng,65206
GD202603001832,2026-03-16 10:49:56,KH000019,Mobile Banking,Thanh toán hóa đơn,463000,0,Thành công,CN Cần Thơ,62652667
GD202603002897,2026-03-16 11:03:18,KH000027,Mobile Banking,Rút tiền mặt,46858000,0,Thành công,CN Cần Thơ,108542441
GD202603017224,2026-03-16 11:04:11,KH000183,POS,Thanh toán thẻ,10665000,3300,Thành công,CN Cầu Giấy,24361176
GD202603002425,2026-03-16 11:26:43,KH000023,Internet Banking,Nộp tiền mặt,557000,0,Thành công,CN Hải Phòng,32260975
GD202603011678,2026-03-16 12:04:16,KH000124,POS,Rút tiền mặt,1177000,1100,Thành công,CN Cầu Giấy,37233438
GD202603005801,2026-03-16 12:21:05,KH000061,Internet Banking,Thanh toán thẻ,530000,0,Thành công,CN Quận 1,29320728
GD202603007214,2026-03-16 12:49:23,KH000076,QR Code,Thanh toán thẻ,3063000,0,Thành công,CN Cần Thơ,5846641
GD202603009820,2026-03-16 12:58:52,KH000100,Mobile Banking,Nạp tiền điện thoại,3595000,0,Thành công,CN TP Hồ Chí Minh,34997346
GD202603008220,2026-03-16 13:12:35,KH000084,Internet Banking,Thanh toán thẻ,2036000,0,Thành công,CN Thanh Xuân,28057780
GD202603017985,2026-03-16 13:14:41,KH000190,Quầy giao dịch,Thanh toán hóa đơn,155898000,1100,Thành công,CN Đà Nẵng,742851164
GD202603007860,2026-03-16 13:31:33,KH000080,Mobile Banking,Chuyển khoản đi,3881000,0,Thành công,CN Thanh Xuân,80118727
GD202603015892,2026-03-16 14:22:48,KH000172,Mobile Banking,Rút tiền mặt,1745000,0,Thành công,CN Hải Phòng,8584382
GD202603012607,2026-03-16 14:34:17,KH000131,Internet Banking,Thanh toán thẻ,150000,0,Thành công,CN Cầu Giấy,5166680
GD202603003531,2026-03-16 14:44:31,KH000033,QR Code,Thanh toán thẻ,1325000,0,Thành công,CN Bình Dương,39676026
GD202603014868,2026-03-16 15:24:17,KH000158,Mobile Banking,Thanh toán thẻ,119000,0,Thất bại,CN TP Hồ Chí Minh,100659237
GD202603007519,2026-03-16 15:43:17,KH000078,ATM,Chuyển khoản đến,29414000,3300,Thành công,CN Thanh Xuân,135025157
GD202603002116,2026-03-16 16:51:44,KH000020,Internet Banking,Thanh toán thẻ,14405000,0,Thành công,CN Quận 1,48555077
GD202603013268,2026-03-16 16:53:25,KH000137,POS,Thanh toán thẻ,2198000,5500,Thành công,CN Cầu Giấy,20327577
GD202603002630,2026-03-16 17:05:34,KH000025,Internet Banking,Nộp tiền mặt,181000,0,Thành công,CN Quận 1,457031
GD202603009500,2026-03-16 18:05:51,KH000097,QR Code,Thanh toán hóa đơn,1228000,0,Thành công,CN Quận 1,22218549
GD202603010693,2026-03-16 18:21:06,KH000113,Internet Banking,Chuyển khoản đến,4741000,0,Thành công,CN Cần Thơ,45083196
GD202603002629,2026-03-16 18:30:55,KH000025,QR Code,Thanh toán thẻ,195000,0,Thành công,CN Quận 1,276031
GD202603007616,2026-03-16 19:20:37,KH000079,QR Code,Nộp tiền mặt,2870000,0,Thành công,CN Đà Nẵng,25287202
GD202603013159,2026-03-16 19:31:50,KH000136,Internet Banking,Thanh toán hóa đơn,9136000,0,Thành công,CN Quận 1,71157294
GD202603018076,2026-03-16 19:48:22,KH000191,POS,Thanh toán thẻ,4887000,3300,Thành công,CN Cầu Giấy,9596659
GD202603013486,2026-03-16 20:03:51,KH000140,Quầy giao dịch,Nạp tiền điện thoại,2654000,5500,Thành công,CN Cầu Giấy,31589236
GD202603005570,2026-03-16 20:06:34,KH000059,QR Code,Nộp tiền mặt,20447000,0,Thành công,CN Hoàn Kiếm,81123987
GD202603016449,2026-03-16 20:15:12,KH000177,POS,Thanh toán thẻ,20698000,5500,Thành công,CN TP Hồ Chí Minh,79444105
GD202603012868,2026-03-16 20:56:57,KH000132,Mobile Banking,Chuyển khoản đến,6478000,0,Thành công,CN TP Hồ Chí Minh,25452930
GD202603013836,2026-03-16 21:22:51,KH000145,POS,Thanh toán thẻ,301000,1100,Thành công,CN Thanh Xuân,35601487
GD202603016621,2026-03-16 21:35:53,KH000180,QR Code,Thanh toán thẻ,1439000,0,Thành công,CN Bình Dương,39395328
GD202603004134,2026-03-16 21:55:40,KH000041,QR Code,Nộp tiền mặt,22246000,0,Thành công,CN Thanh Xuân,109024624
GD202603010333,2026-03-16 21:57:41,KH000108,ATM,Thanh toán hóa đơn,187000,0,Thành công,CN Thanh Xuân,37498730
GD202603008832,2026-03-16 22:08:48,KH000092,POS,Thanh toán thẻ,1195000,3300,Thành công,CN Hoàn Kiếm,8243745
GD202603016052,2026-03-16 22:33:49,KH000173,POS,Chuyển khoản đến,89000,0,Thành công,CN Bình Dương,8368068
GD202603013269,2026-03-16 22:56:11,KH000137,POS,Thanh toán thẻ,3184000,5500,Thành công,CN Quận 1,17138077
GD202603002852,2026-03-17 06:00:49,KH000026,Mobile Banking,Nộp tiền mặt,1705000,0,Thành công,CN Cầu Giấy,8417922
GD202603018562,2026-03-17 06:10:50,KH000196,QR Code,Thanh toán thẻ,72000,0,Thành công,CN Cần Thơ,36203966
GD202603016233,2026-03-17 06:13:46,KH000176,Internet Banking,Thanh toán thẻ,840000,0,Thành công,CN Hoàn Kiếm,28896606
GD202603009846,2026-03-17 06:17:11,KH000101,POS,Nộp tiền mặt,13261000,5500,Thành công,CN Cần Thơ,99807188
GD202603001454,2026-03-17 06:19:27,KH000016,Internet Banking,Thanh toán thẻ,104000,0,Thành công,CN Hải Phòng,81007
GD202603008555,2026-03-17 06:34:43,KH000087,Internet Banking,Rút tiền mặt,139000,0,Thành công,CN Đà Nẵng,252126
GD202603011055,2026-03-17 07:32:35,KH000117,Internet Banking,Nạp tiền điện thoại,93000,0,Thành công,CN Hoàn Kiếm,42769820
GD202603005802,2026-03-17 07:48:46,KH000061,Mobile Banking,Nộp tiền mặt,1542000,0,Thành công,CN TP Hồ Chí Minh,30862728
GD202603004664,2026-03-17 08:33:28,KH000050,Mobile Banking,Rút tiền mặt,633000,0,Thất bại,CN Bình Dương,6742315
GD202603009044,2026-03-17 08:57:54,KH000094,QR Code,Chuyển khoản đến,1590000,0,Thành công,CN Cần Thơ,73531585
GD202603002631,2026-03-17 09:24:23,KH000025,Internet Banking,Chuyển khoản đến,147000,0,Thành công,CN Hoàn Kiếm,604031
GD202603018398,2026-03-17 09:28:07,KH000195,QR Code,Chuyển khoản đi,2793000,0,Thành công,CN Quận 1,38833417
GD202603000597,2026-03-17 09:55:50,KH000010,QR Code,Thanh toán thẻ,3063000,0,Thành công,CN Đà Nẵng,8447042
GD202603010334,2026-03-17 10:16:26,KH000108,Internet Banking,Nộp tiền mặt,70000,0,Thành công,CN Đà Nẵng,37568730
GD202603014403,2026-03-17 10:26:13,KH000153,POS,Nộp tiền mặt,928000,3300,Thành công,CN Thanh Xuân,8349041
GD202603016921,2026-03-17 10:45:40,KH000182,Internet Banking,Thanh toán thẻ,783000,0,Thành công,CN Quận 1,9762389
GD202603006545,2026-03-17 10:53:08,KH000066,Internet Banking,Rút tiền mặt,2099000,0,Thành công,CN Thanh Xuân,128534540
GD202603013584,2026-03-17 10:54:14,KH000142,Mobile Banking,Thanh toán thẻ,15347000,0,Thành công,CN Hoàn Kiếm,41537442
GD202603003038,2026-03-17 11:27:28,KH000028,Mobile Banking,Thanh toán thẻ,318000,0,Thành công,CN Cầu Giấy,38939435
GD202603013053,2026-03-17 11:46:48,KH000133,Internet Banking,Thanh toán thẻ,2793000,0,Thành công,CN Cầu Giấy,48578521
GD202603009901,2026-03-17 11:51:44,KH000102,Internet Banking,Thanh toán thẻ,1017000,0,Thành công,CN Hoàn Kiếm,210703905
GD202603009322,2026-03-17 11:57:28,KH000096,ATM,Nạp tiền điện thoại,2202000,3300,Thành công,CN Cần Thơ,15444396
GD202603005571,2026-03-17 11:57:54,KH000059,Internet Banking,Thanh toán thẻ,2787000,0,Thành công,CN Đà Nẵng,78336987
GD202603007617,2026-03-17 12:23:07,KH000079,POS,Thanh toán thẻ,8205000,1100,Thành công,CN Thanh Xuân,17081102
GD202603007962,2026-03-17 12:50:08,KH000082,Mobile Banking,Chuyển khoản đến,2711000,0,Thành công,CN Cầu Giấy,51610614
GD202603000049,2026-03-17 13:46:49,KH000002,Mobile Banking,Chuyển khoản đến,1821000,0,Thành công,CN Thanh Xuân,63508053
GD202603004378,2026-03-17 13:59:53,KH000045,Mobile Banking,Nộp tiền mặt,657000,0,Thành công,CN Bình Dương,39036472
GD202603007286,2026-03-17 14:21:24,KH000077,Internet Banking,Thanh toán thẻ,2663000,0,Thành công,CN Cầu Giấy,5721740
GD202603015402,2026-03-17 14:56:49,KH000165,Quầy giao dịch,Rút tiền mặt,24908000,1100,Thất bại,CN Bình Dương,97366685
GD202603006130,2026-03-17 15:15:13,KH000063,Mobile Banking,Chuyển khoản đi,831000,0,Thành công,CN Hải Phòng,43489777
GD202603017225,2026-03-17 15:23:05,KH000183,POS,Thanh toán thẻ,6513000,0,Thành công,CN Quận 1,17848176
GD202603000598,2026-03-17 15:32:15,KH000010,Internet Banking,Thanh toán hóa đơn,1283000,0,Thành công,CN Hải Phòng,7164042
GD202603011056,2026-03-17 15:41:03,KH000117,ATM,Nạp tiền điện thoại,771000,0,Thành công,CN Hải Phòng,41998820
GD202603014984,2026-03-17 15:43:16,KH000160,POS,Nạp tiền điện thoại,3627000,0,Thành công,CN Thanh Xuân,58754497
GD202603016148,2026-03-17 16:39:53,KH000175,Quầy giao dịch,Nạp tiền điện thoại,13087000,1100,Thành công,CN Bình Dương,97065993
GD202603018397,2026-03-17 16:40:21,KH000195,POS,Thanh toán thẻ,14231000,0,Thành công,CN Đà Nẵng,41626417
GD202603013270,2026-03-17 16:51:40,KH000137,Internet Banking,Rút tiền mặt,3924000,0,Thành công,CN Quận 1,13214077
GD202603001698,2026-03-17 16:54:50,KH000018,Mobile Banking,Nộp tiền mặt,1086000,0,Thành công,CN Hoàn Kiếm,42583580
GD202603010019,2026-03-17 17:01:04,KH000104,Mobile Banking,Thanh toán thẻ,3824000,0,Thành công,CN TP Hồ Chí Minh,24542213
GD202603013583,2026-03-17 17:15:44,KH000142,Mobile Banking,Thanh toán thẻ,22255000,0,Thành công,CN Cầu Giấy,56884442
GD202603016922,2026-03-17 17:47:02,KH000182,Internet Banking,Thanh toán thẻ,856000,0,Thành công,CN Quận 1,8906389
GD202603003863,2026-03-17 18:42:02,KH000038,QR Code,Nộp tiền mặt,5222000,0,Thành công,CN Cần Thơ,80302956
GD202603013582,2026-03-17 19:07:54,KH000142,ATM,Nạp tiền điện thoại,28378000,1100,Thành công,CN Hoàn Kiếm,79139442
GD202603017226,2026-03-17 19:19:14,KH000183,POS,Thanh toán thẻ,4849000,5500,Thành công,CN Đà Nẵng,12993676
GD202603016923,2026-03-17 19:19:36,KH000182,POS,Thanh toán thẻ,1104000,0,Thành công,CN Quận 1,7802389
GD202603015098,2026-03-17 19:44:13,KH000162,Internet Banking,Thanh toán thẻ,454000,0,Thành công,CN Thanh Xuân,2820003
GD202603008833,2026-03-17 19:59:25,KH000092,Mobile Banking,Thanh toán thẻ,686000,0,Thành công,CN Thanh Xuân,7557745
GD202603006971,2026-03-17 20:47:59,KH000074,Internet Banking,Nộp tiền mặt,299000,0,Thành công,CN Đà Nẵng,33592273
GD202603000146,2026-03-17 20:53:01,KH000005,QR Code,Thanh toán thẻ,40195000,0,Thành công,CN Quận 1,103003030
GD202603003402,2026-03-17 21:02:27,KH000032,Mobile Banking,Chuyển khoản đến,155000,0,Thành công,CN Thanh Xuân,35707630
GD202603001103,2026-03-17 21:07:16,KH000014,Mobile Banking,Thanh toán thẻ,2276000,0,Thành công,CN Hải Phòng,41883785
GD202603015513,2026-03-17 22:39:13,KH000167,POS,Thanh toán thẻ,2230000,1100,Thành công,CN Thanh Xuân,30421208
GD202603001102,2026-03-17 22:41:55,KH000014,QR Code,Thanh toán thẻ,114000,0,Thành công,CN Cầu Giấy,44159785
GD202603003297,2026-03-17 22:48:43,KH000031,Internet Banking,Thanh toán thẻ,401000,0,Thất bại,CN Hải Phòng,3361603
GD202603011057,2026-03-18 06:03:58,KH000117,Quầy giao dịch,Rút tiền mặt,749000,0,Thành công,CN Cần Thơ,41249820
GD202603007618,2026-03-18 06:42:23,KH000079,QR Code,Chuyển khoản đến,1076000,0,Thành công,CN Quận 1,18157102
GD202603003039,2026-03-18 07:41:59,KH000028,QR Code,Thanh toán thẻ,1042000,0,Thành công,CN Bình Dương,37897435
GD202603014404,2026-03-18 07:47:16,KH000153,Mobile Banking,Nộp tiền mặt,787000,0,Thành công,CN TP Hồ Chí Minh,9136041
GD202603004742,2026-03-18 08:22:27,KH000051,POS,Chuyển khoản đi,131000,0,Thành công,CN Cầu Giấy,23250456
GD202603016450,2026-03-18 09:11:00,KH000177,Mobile Banking,Rút tiền mặt,22890000,0,Thành công,CN Hải Phòng,56554105
GD202603006972,2026-03-18 09:11:56,KH000074,Quầy giao dịch,Chuyển khoản đến,66000,3300,Thành công,CN Quận 1,33658273
GD202603003601,2026-03-18 09:16:16,KH000034,Internet Banking,Nộp tiền mặt,456000,0,Thành công,CN Quận 1,71223250
GD202603012435,2026-03-18 10:02:25,KH000130,Internet Banking,Nộp tiền mặt,3415000,0,Thành công,CN Hoàn Kiếm,54403845
GD202603007287,2026-03-18 10:37:57,KH000077,Internet Banking,Chuyển khoản đi,1678000,0,Thành công,CN Hải Phòng,4043740
GD202603000599,2026-03-18 10:47:21,KH000010,POS,Thanh toán thẻ,878000,5500,Thành công,CN Cầu Giấy,6280542
GD202603011747,2026-03-18 10:51:25,KH000125,Internet Banking,Chuyển khoản đến,107000,0,Thành công,CN Hải Phòng,646036
GD202603009323,2026-03-18 11:02:50,KH000096,POS,Thanh toán thẻ,1231000,0,Thành công,CN Đà Nẵng,14213396
GD202603011325,2026-03-18 11:24:29,KH000119,Quầy giao dịch,Nộp tiền mặt,185000,0,Thành công,CN Bình Dương,21796310
GD202603000016,2026-03-18 11:26:39,KH000001,ATM,Nộp tiền mặt,19986000,0,Thành công,CN Quận 1,89478475
GD202603013837,2026-03-18 12:15:13,KH000145,Mobile Banking,Rút tiền mặt,350000,0,Thành công,CN Cầu Giấy,35251487
GD202603012039,2026-03-18 13:38:03,KH000127,Internet Banking,Chuyển khoản đến,1139000,0,Thành công,CN Thanh Xuân,5246732
GD202603003403,2026-03-18 14:11:57,KH000032,QR Code,Nộp tiền mặt,121000,0,Thành công,CN Cầu Giấy,35828630
GD202603014869,2026-03-18 14:16:57,KH000158,POS,Chuyển khoản đi,11565000,1100,Thành công,CN Thanh Xuân,89093137
GD202603016234,2026-03-18 14:18:14,KH000176,POS,Thanh toán thẻ,1098000,0,Thành công,CN Đà Nẵng,27798606
GD202603010281,2026-03-18 14:19:30,KH000107,POS,Chuyển khoản đi,211000,1100,Thành công,CN Thanh Xuân,33611200
GD202603000070,2026-03-18 14:22:33,KH000003,POS,Thanh toán thẻ,7214000,5500,Thành công,CN Hoàn Kiếm,236512324
GD202603010461,2026-03-18 14:23:58,KH000110,Mobile Banking,Nộp tiền mặt,2910000,0,Thất bại,CN Cần Thơ,50558632
GD202603012268,2026-03-18 15:00:07,KH000128,POS,Thanh toán thẻ,110000,3300,Thành công,CN TP Hồ Chí Minh,27191541
GD202603017883,2026-03-18 15:40:32,KH000189,ATM,Chuyển khoản đến,90196000,1100,Thành công,CN Bình Dương,459527083
GD202603017882,2026-03-18 15:42:48,KH000189,Internet Banking,Nộp tiền mặt,81108000,0,Thành công,CN Đà Nẵng,369331083
GD202603008774,2026-03-18 15:57:25,KH000091,Quầy giao dịch,Chuyển khoản đi,938000,0,Thành công,CN TP Hồ Chí Minh,120689847
GD202603001104,2026-03-18 16:32:12,KH000014,Mobile Banking,Thanh toán thẻ,10308000,0,Thành công,CN Cần Thơ,31575785
GD202603018399,2026-03-18 16:36:26,KH000195,Mobile Banking,Chuyển khoản đến,13090000,0,Thành công,CN Cần Thơ,51923417
GD202603013585,2026-03-18 17:08:45,KH000142,ATM,Chuyển khoản đến,8466000,1100,Thành công,CN Đà Nẵng,50003442
GD202603012608,2026-03-18 18:11:42,KH000131,Internet Banking,Thanh toán thẻ,1287000,0,Thành công,CN Bình Dương,3879680
GD202603012040,2026-03-18 18:23:15,KH000127,QR Code,Thanh toán thẻ,342000,0,Thành công,CN Hải Phòng,4904732
GD202603004135,2026-03-18 18:46:33,KH000041,QR Code,Nộp tiền mặt,30394000,0,Thành công,CN Đà Nẵng,139418624
GD202603010806,2026-03-18 19:10:16,KH000114,POS,Rút tiền mặt,1861000,0,Thành công,CN Cần Thơ,52518557
GD202603000147,2026-03-18 19:12:01,KH000005,Internet Banking,Chuyển khoản đến,29792000,0,Thành công,CN Bình Dương,132795030
GD202603013838,2026-03-18 19:27:08,KH000145,ATM,Chuyển khoản đến,232000,1100,Thất bại,CN Cần Thơ,35251487
GD202603001833,2026-03-18 19:40:32,KH000019,QR Code,Rút tiền mặt,2253000,0,Thành công,CN Hoàn Kiếm,60399667
GD202603000369,2026-03-18 20:03:16,KH000008,POS,Thanh toán thẻ,16846000,1100,Thành công,CN Hoàn Kiếm,70485698
GD202603007861,2026-03-18 20:16:08,KH000080,POS,Thanh toán thẻ,998000,1100,Thành công,CN Đà Nẵng,79119627
GD202603012038,2026-03-18 20:20:05,KH000127,QR Code,Thanh toán thẻ,388000,0,Thành công,CN Cầu Giấy,4107732
GD202603010020,2026-03-18 21:05:12,KH000104,QR Code,Nạp tiền điện thoại,873000,0,Thành công,CN Thanh Xuân,23669213
GD202603012388,2026-03-18 21:05:23,KH000129,POS,Thanh toán thẻ,145000,5500,Thành công,CN Bình Dương,273648
GD202603003532,2026-03-18 21:09:35,KH000033,POS,Nạp tiền điện thoại,2085000,0,Thành công,CN Quận 1,37591026
GD202603002426,2026-03-18 21:17:47,KH000023,POS,Thanh toán thẻ,5487000,5500,Thành công,CN Cần Thơ,26768475
GD202603003404,2026-03-18 21:36:31,KH000032,Quầy giao dịch,Thanh toán hóa đơn,98000,1100,Thành công,CN Cầu Giấy,35729530
GD202603011179,2026-03-18 21:50:08,KH000118,POS,Thanh toán thẻ,991000,0,Thành công,CN Cần Thơ,18401215
GD202603005275,2026-03-18 22:12:10,KH000056,Quầy giao dịch,Chuyển khoản đến,1908000,5500,Thành công,CN Hải Phòng,87924497
GD202603016924,2026-03-19 06:14:43,KH000182,Mobile Banking,Nộp tiền mặt,2323000,0,Thành công,CN Bình Dương,10125389
GD202603004844,2026-03-19 06:55:16,KH000052,Internet Banking,Thanh toán thẻ,164000,0,Thành công,CN Quận 1,198206
GD202603007862,2026-03-19 07:25:03,KH000080,Mobile Banking,Thanh toán thẻ,715000,0,Thành công,CN Cần Thơ,78404627
GD202603000783,2026-03-19 08:01:24,KH000011,POS,Thanh toán thẻ,606000,5500,Thành công,CN Đà Nẵng,82873524
GD202603000149,2026-03-19 08:11:19,KH000005,Mobile Banking,Nạp tiền điện thoại,34630000,0,Thành công,CN Quận 1,136551030
GD202603018400,2026-03-19 08:16:50,KH000195,Mobile Banking,Nộp tiền mặt,11080000,0,Thành công,CN TP Hồ Chí Minh,63003417
GD202603002853,2026-03-19 08:38:24,KH000026,POS,Thanh toán thẻ,436000,5500,Thành công,CN Cần Thơ,7976422
GD202603009716,2026-03-19 08:44:49,KH000099,Quầy giao dịch,Chuyển khoản đi,2354000,1100,Thành công,CN Đà Nẵng,37804538
GD202603018563,2026-03-19 09:27:38,KH000196,Quầy giao dịch,Nạp tiền điện thoại,191000,5500,Thành công,CN Quận 1,36007466
GD202603006346,2026-03-19 10:26:28,KH000065,QR Code,Thanh toán thẻ,21417000,0,Thành công,CN Cầu Giấy,46981349
GD202603010021,2026-03-19 10:28:05,KH000104,Internet Banking,Chuyển khoản đến,2122000,0,Thành công,CN Đà Nẵng,25791213
GD202603008834,2026-03-19 10:37:06,KH000092,Mobile Banking,Chuyển khoản đến,214000,0,Thành công,CN Bình Dương,7771745
GD202603003405,2026-03-19 11:17:56,KH000032,POS,Thanh toán thẻ,90000,0,Thành công,CN Bình Dương,35639530
GD202603016925,2026-03-19 11:32:08,KH000182,QR Code,Thanh toán thẻ,2183000,0,Thành công,CN Quận 1,7942389
GD202603011326,2026-03-19 11:49:32,KH000119,Mobile Banking,Chuyển khoản đi,160000,0,Thành công,CN Đà Nẵng,21636310
GD202603007288,2026-03-19 11:56:22,KH000077,POS,Thanh toán thẻ,363000,5500,Thành công,CN Cầu Giấy,3675240
GD202603015514,2026-03-19 11:56:49,KH000167,Mobile Banking,Chuyển khoản đến,3684000,0,Thành công,CN Hải Phòng,34105208
GD202603017686,2026-03-19 12:18:16,KH000187,QR Code,Nộp tiền mặt,3897000,0,Thành công,CN Cần Thơ,25685932
GD202603011633,2026-03-19 12:23:37,KH000123,POS,Chuyển khoản đến,29068000,0,Thành công,CN TP Hồ Chí Minh,428657056
GD202603001105,2026-03-19 13:12:30,KH000014,POS,Thanh toán thẻ,4645000,5500,Thành công,CN Hoàn Kiếm,26925285
GD202603010915,2026-03-19 13:13:11,KH000115,QR Code,Rút tiền mặt,5203000,0,Thành công,CN Đà Nẵng,28784299
GD202603008222,2026-03-19 13:23:16,KH000084,POS,Thanh toán thẻ,1676000,5500,Thành công,CN Đà Nẵng,24984180
GD202603002117,2026-03-19 13:25:01,KH000020,QR Code,Thanh toán thẻ,15814000,0,Thành công,CN Hải Phòng,32741077
GD202603016236,2026-03-19 14:09:23,KH000176,Internet Banking,Nộp tiền mặt,949000,0,Thành công,CN Cầu Giấy,27539606
GD202603004843,2026-03-19 14:33:23,KH000052,Quầy giao dịch,Chuyển khoản đi,113000,5500,Thành công,CN Cầu Giấy,116206
GD202603018564,2026-03-19 14:58:37,KH000196,ATM,Rút tiền mặt,134000,0,Thành công,CN Quận 1,35873466
GD202603003040,2026-03-19 15:25:21,KH000028,Internet Banking,Chuyển khoản đi,139000,0,Thành công,CN Hoàn Kiếm,37758435
GD202603014204,2026-03-19 15:28:32,KH000151,POS,Thanh toán thẻ,409000,3300,Thành công,CN Đà Nẵng,6759816
GD202603009045,2026-03-19 15:30:31,KH000094,QR Code,Nộp tiền mặt,1399000,0,Thành công,CN Cầu Giấy,74930585
GD202603005498,2026-03-19 15:32:51,KH000058,POS,Rút tiền mặt,10632000,0,Thành công,CN Cầu Giấy,84320971
GD202603010022,2026-03-19 15:33:55,KH000104,QR Code,Thanh toán hóa đơn,4044000,0,Thành công,CN Đà Nẵng,21747213
GD202603001834,2026-03-19 15:49:56,KH000019,QR Code,Thanh toán thẻ,2443000,0,Thành công,CN Đà Nẵng,57956667
GD202603003865,2026-03-19 15:52:20,KH000038,ATM,Chuyển khoản đi,3134000,3300,Thành công,CN Cần Thơ,73765656
GD202603006716,2026-03-19 16:02:15,KH000069,Mobile Banking,Nộp tiền mặt,468000,0,Thành công,CN Cần Thơ,65365530
GD202603005572,2026-03-19 16:59:47,KH000059,Mobile Banking,Thanh toán thẻ,14602000,0,Thành công,CN Cần Thơ,63734987
GD202603002632,2026-03-19 17:29:25,KH000025,QR Code,Thanh toán thẻ,89000,0,Thành công,CN Quận 1,515031
GD202603004029,2026-03-19 17:29:33,KH000040,Mobile Banking,Chuyển khoản đến,3631000,0,Thành công,CN Đà Nẵng,53205120
GD202603003864,2026-03-19 18:34:27,KH000038,Internet Banking,Rút tiền mặt,3400000,0,Thành công,CN TP Hồ Chí Minh,76902956
GD202603000311,2026-03-19 18:51:41,KH000007,Internet Banking,Thanh toán hóa đơn,37724000,0,Thành công,CN Bình Dương,76180247
GD202603005276,2026-03-19 19:18:36,KH000056,POS,Thanh toán thẻ,2688000,1100,Thành công,CN Hải Phòng,85235397
GD202603004665,2026-03-19 19:34:43,KH000050,QR Code,Thanh toán hóa đơn,310000,0,Thành công,CN TP Hồ Chí Minh,6432315
GD202603010023,2026-03-19 20:14:13,KH000104,ATM,Chuyển khoản đến,3099000,0,Thành công,CN Bình Dương,24846213
GD202603014115,2026-03-19 20:43:39,KH000149,ATM,Chuyển khoản đi,6434000,0,Thành công,CN TP Hồ Chí Minh,34238113
GD202603013271,2026-03-19 20:46:23,KH000137,Quầy giao dịch,Chuyển khoản đi,658000,3300,Thành công,CN TP Hồ Chí Minh,12552777
GD202603009821,2026-03-19 20:49:09,KH000100,Internet Banking,Nộp tiền mặt,2702000,0,Thành công,CN Hoàn Kiếm,37699346
GD202603002525,2026-03-19 20:49:53,KH000024,ATM,Thanh toán hóa đơn,1094000,5500,Thành công,CN Cần Thơ,54387598
GD202603018078,2026-03-19 21:10:20,KH000191,POS,Thanh toán thẻ,258000,5500,Thành công,CN Cầu Giấy,7521159
GD202603000148,2026-03-19 21:22:59,KH000005,Internet Banking,Nộp tiền mặt,38386000,0,Thành công,CN Hoàn Kiếm,171181030
GD202603000600,2026-03-19 21:26:11,KH000010,Internet Banking,Thanh toán thẻ,2036000,0,Thành công,CN TP Hồ Chí Minh,4244542
GD202603007963,2026-03-19 21:26:47,KH000082,POS,Thanh toán thẻ,1400000,1100,Thành công,CN Hoàn Kiếm,50209514
GD202603007520,2026-03-19 21:46:36,KH000078,QR Code,Thanh toán thẻ,26286000,0,Thành công,CN Cầu Giấy,108739157
GD202603005803,2026-03-19 21:47:34,KH000061,Mobile Banking,Thanh toán thẻ,894000,0,Thành công,CN Cầu Giấy,29968728
GD202603017687,2026-03-19 22:02:53,KH000187,Internet Banking,Thanh toán thẻ,919000,0,Thành công,CN Cầu Giấy,24766932
GD202603016235,2026-03-19 22:18:45,KH000176,Internet Banking,Nạp tiền điện thoại,1208000,0,Thành công,CN Hoàn Kiếm,26590606
GD202603016112,2026-03-19 22:35:22,KH000174,ATM,Nộp tiền mặt,3113000,5500,Thành công,CN Thanh Xuân,62490144
GD202603010694,2026-03-19 22:45:53,KH000113,QR Code,Chuyển khoản đến,3335000,0,Thành công,CN Cần Thơ,48418196
GD202603002634,2026-03-20 06:13:46,KH000025,Mobile Banking,Rút tiền mặt,183000,0,Thành công,CN Hoàn Kiếm,155031
GD202603008106,2026-03-20 06:49:50,KH000083,Mobile Banking,Thanh toán hóa đơn,229000,0,Thành công,CN Bình Dương,29965856
GD202603013160,2026-03-20 07:15:53,KH000136,ATM,Nộp tiền mặt,11218000,1100,Thành công,CN Hoàn Kiếm,82375294
GD202603010807,2026-03-20 07:39:10,KH000114,QR Code,Thanh toán thẻ,562000,0,Thành công,CN Cần Thơ,51956557
GD202603009047,2026-03-20 07:39:45,KH000094,Internet Banking,Thanh toán hóa đơn,377000,0,Thành công,CN TP Hồ Chí Minh,76960585
GD202603001455,2026-03-20 08:05:43,KH000016,QR Code,Nộp tiền mặt,119000,0,Thành công,CN Cần Thơ,200007
GD202603018401,2026-03-20 08:19:18,KH000195,Mobile Banking,Thanh toán thẻ,9413000,0,Thành công,CN Thanh Xuân,53590417
GD202603011748,2026-03-20 08:47:23,KH000125,Internet Banking,Nạp tiền điện thoại,86000,0,Thành công,CN Cần Thơ,560036
GD202603002898,2026-03-20 08:58:16,KH000027,POS,Thanh toán thẻ,1156000,5500,Thành công,CN Đà Nẵng,107380941
GD202603000784,2026-03-20 09:04:27,KH000011,POS,Thanh toán thẻ,738000,1100,Thành công,CN Cầu Giấy,82134424
GD202603003298,2026-03-20 10:07:26,KH000031,POS,Thanh toán thẻ,288000,5500,Thành công,CN Thanh Xuân,3068103
GD202603006857,2026-03-20 10:41:07,KH000072,Internet Banking,Rút tiền mặt,682000,0,Thành công,CN Hoàn Kiếm,31822499
GD202603008674,2026-03-20 11:05:49,KH000088,Quầy giao dịch,Nạp tiền điện thoại,415000,0,Thành công,CN Đà Nẵng,14639443
GD202603008223,2026-03-20 12:05:48,KH000084,Internet Banking,Nạp tiền điện thoại,1473000,0,Thành công,CN Cần Thơ,23511180
GD202603008775,2026-03-20 12:11:23,KH000091,Mobile Banking,Thanh toán thẻ,2757000,0,Thành công,CN Cầu Giấy,117932847
GD202603011749,2026-03-20 12:27:46,KH000125,QR Code,Nạp tiền điện thoại,181000,0,Thành công,CN Thanh Xuân,379036
GD202603011971,2026-03-20 12:40:15,KH000126,Internet Banking,Chuyển khoản đến,597000,0,Thành công,CN Hoàn Kiếm,4159199
GD202603004379,2026-03-20 13:09:57,KH000045,QR Code,Nộp tiền mặt,1287000,0,Thành công,CN Thanh Xuân,40323472
GD202603014405,2026-03-20 13:13:12,KH000153,POS,Thanh toán thẻ,3135000,3300,Thành công,CN Hoàn Kiếm,5997741
GD202603004030,2026-03-20 13:24:17,KH000040,Internet Banking,Thanh toán thẻ,6369000,0,Thành công,CN Đà Nẵng,46836120
GD202603013710,2026-03-20 14:02:39,KH000143,POS,Thanh toán thẻ,681000,1100,Thành công,CN Cần Thơ,36711129
GD202603016451,2026-03-20 14:11:50,KH000177,Quầy giao dịch,Rút tiền mặt,3383000,1100,Thành công,CN Cầu Giấy,53170005
GD202603008675,2026-03-20 14:24:18,KH000088,POS,Rút tiền mặt,1542000,5500,Thành công,CN Quận 1,13091943
GD202603014870,2026-03-20 14:26:55,KH000158,Quầy giao dịch,Nộp tiền mặt,14255000,0,Thành công,CN Quận 1,103348137
GD202603017227,2026-03-20 14:35:31,KH000183,Mobile Banking,Thanh toán thẻ,1038000,0,Thành công,CN Quận 1,11955676
GD202603013272,2026-03-20 15:10:09,KH000137,Internet Banking,Chuyển khoản đi,1154000,0,Thành công,CN Hải Phòng,11398777
GD202603016766,2026-03-20 15:21:13,KH000181,POS,Thanh toán thẻ,546000,1100,Thành công,CN Cầu Giấy,1612820
GD202603010565,2026-03-20 15:31:00,KH000111,Quầy giao dịch,Nộp tiền mặt,114901000,5500,Thành công,CN Thanh Xuân,680988152
GD202603005804,2026-03-20 15:57:33,KH000061,Internet Banking,Chuyển khoản đến,870000,0,Thành công,CN Bình Dương,30838728
GD202603006896,2026-03-20 16:19:44,KH000073,Mobile Banking,Thanh toán thẻ,22093000,0,Thành công,CN TP Hồ Chí Minh,43086884
GD202603009324,2026-03-20 17:16:18,KH000096,QR Code,Thanh toán thẻ,4047000,0,Thành công,CN Cầu Giấy,10166396
GD202603012610,2026-03-20 17:50:22,KH000131,QR Code,Chuyển khoản đi,76000,0,Thành công,CN Cầu Giấy,3703680
GD202603017688,2026-03-20 18:20:09,KH000187,Mobile Banking,Nạp tiền điện thoại,808000,0,Thành công,CN Cầu Giấy,23958932
GD202603005573,2026-03-20 19:12:30,KH000059,POS,Thanh toán thẻ,8602000,5500,Thành công,CN Hải Phòng,55127487
GD202603004521,2026-03-20 19:16:53,KH000046,POS,Thanh toán thẻ,21507000,5500,Thành công,CN Cần Thơ,86239529
GD202603000312,2026-03-20 19:29:52,KH000007,Mobile Banking,Thanh toán thẻ,3862000,0,Thành công,CN TP Hồ Chí Minh,72318247
GD202603000313,2026-03-20 19:33:53,KH000007,POS,Thanh toán hóa đơn,3772000,0,Thành công,CN Cần Thơ,68546247
GD202603004182,2026-03-20 19:37:33,KH000042,POS,Thanh toán thẻ,559000,3300,Thành công,CN Bình Dương,34543395
GD202603016622,2026-03-20 19:48:25,KH000180,QR Code,Thanh toán thẻ,881000,0,Thành công,CN Thanh Xuân,38514328
GD202603002635,2026-03-20 19:57:51,KH000025,QR Code,Nộp tiền mặt,129000,0,Thành công,CN Hải Phòng,284031
GD202603015099,2026-03-20 20:14:25,KH000162,Mobile Banking,Thanh toán thẻ,944000,0,Thành công,CN Quận 1,1876003
GD202603012609,2026-03-20 20:24:39,KH000131,POS,Nạp tiền điện thoại,100000,0,Thành công,CN TP Hồ Chí Minh,3779680
GD202603008776,2026-03-20 20:26:05,KH000091,POS,Thanh toán thẻ,33385000,0,Thành công,CN Thanh Xuân,84547847
GD202603009046,2026-03-20 20:28:57,KH000094,QR Code,Chuyển khoản đến,2407000,0,Thành công,CN Quận 1,77337585
GD202603012436,2026-03-20 21:15:07,KH000130,Internet Banking,Chuyển khoản đi,345000,0,Thành công,CN Đà Nẵng,54058845
GD202603004181,2026-03-20 22:00:46,KH000042,Internet Banking,Nạp tiền điện thoại,2956000,0,Thành công,CN Cần Thơ,35105695
GD202603000370,2026-03-20 22:01:26,KH000008,Mobile Banking,Thanh toán thẻ,4992000,0,Thành công,CN Thanh Xuân,65493698
GD202603016926,2026-03-20 22:39:49,KH000182,Internet Banking,Thanh toán thẻ,314000,0,Thành công,CN Quận 1,7628389
GD202603002633,2026-03-20 22:48:01,KH000025,Internet Banking,Nạp tiền điện thoại,177000,0,Thành công,CN TP Hồ Chí Minh,338031
GD202603011679,2026-03-21 06:43:31,KH000124,POS,Thanh toán thẻ,6880000,5500,Thành công,CN Cần Thơ,30347938
GD202603004845,2026-03-21 06:44:59,KH000052,Internet Banking,Rút tiền mặt,61000,0,Thành công,CN Cần Thơ,137206
GD202603004846,2026-03-21 07:05:09,KH000052,POS,Thanh toán thẻ,73000,5500,Thành công,CN Cầu Giấy,58706
GD202603009049,2026-03-21 07:06:47,KH000094,Quầy giao dịch,Nộp tiền mặt,1848000,5500,Thành công,CN Bình Dương,78371585
GD202603015100,2026-03-21 07:14:42,KH000162,POS,Thanh toán thẻ,476000,0,Thành công,CN Hoàn Kiếm,1400003
GD202603006131,2026-03-21 07:23:34,KH000063,Mobile Banking,Thanh toán thẻ,396000,0,Thành công,CN Cầu Giấy,43093777
GD202603009847,2026-03-21 07:55:40,KH000101,QR Code,Rút tiền mặt,1979000,0,Thành công,CN TP Hồ Chí Minh,97828188
GD202603006347,2026-03-21 08:19:40,KH000065,Internet Banking,Nộp tiền mặt,12282000,0,Thành công,CN TP Hồ Chí Minh,59263349
GD202603015894,2026-03-21 08:27:14,KH000172,POS,Thanh toán thẻ,111000,3300,Thành công,CN Quận 1,7539082
GD202603010335,2026-03-21 08:57:49,KH000108,Quầy giao dịch,Nộp tiền mặt,161000,5500,Thành công,CN Bình Dương,37729730
GD202603003299,2026-03-21 09:08:12,KH000031,QR Code,Thanh toán thẻ,1016000,0,Thành công,CN TP Hồ Chí Minh,2052103
GD202603001456,2026-03-21 09:19:02,KH000016,Internet Banking,Thanh toán hóa đơn,62000,0,Thành công,CN Thanh Xuân,138007
GD202603006974,2026-03-21 10:01:24,KH000074,QR Code,Nạp tiền điện thoại,1364000,0,Thành công,CN Bình Dương,32910273
GD202603005399,2026-03-21 10:12:43,KH000057,QR Code,Thanh toán thẻ,7147000,0,Thành công,CN Cầu Giấy,45178590
GD202603016114,2026-03-21 10:25:18,KH000174,QR Code,Nạp tiền điện thoại,1534000,0,Thành công,CN Thanh Xuân,58839844
GD202603014407,2026-03-21 11:15:11,KH000153,POS,Thanh toán thẻ,86000,5500,Thành công,CN Cần Thơ,3951241
GD202603009048,2026-03-21 11:27:26,KH000094,Mobile Banking,Nạp tiền điện thoại,437000,0,Thành công,CN Cầu Giấy,76523585
GD202603016927,2026-03-21 11:29:49,KH000182,Mobile Banking,Chuyển khoản đến,163000,0,Thành công,CN Quận 1,7791389
GD202603000785,2026-03-21 12:37:35,KH000011,QR Code,Nộp tiền mặt,3719000,0,Thành công,CN TP Hồ Chí Minh,85853424
GD202603016237,2026-03-21 13:00:26,KH000176,QR Code,Thanh toán thẻ,583000,0,Thành công,CN Đà Nẵng,26956606
GD202603014406,2026-03-21 13:12:22,KH000153,Mobile Banking,Rút tiền mặt,1955000,0,Thành công,CN Thanh Xuân,4042741
GD202603018255,2026-03-21 13:40:38,KH000192,ATM,Nộp tiền mặt,18735000,5500,Thành công,CN Đà Nẵng,114277753
GD202603015515,2026-03-21 14:25:32,KH000167,Mobile Banking,Chuyển khoản đến,2672000,0,Thành công,CN Bình Dương,36777208
GD202603008727,2026-03-21 14:44:22,KH000090,POS,Nạp tiền điện thoại,30480000,1100,Thành công,CN Cầu Giấy,343356796
GD202603008224,2026-03-21 15:05:47,KH000084,Mobile Banking,Nạp tiền điện thoại,1914000,0,Thành công,CN Hoàn Kiếm,21597180
GD202603004522,2026-03-21 15:20:35,KH000046,POS,Thanh toán thẻ,28211000,1100,Thành công,CN Cần Thơ,58027429
GD202603009052,2026-03-21 15:29:21,KH000094,QR Code,Chuyển khoản đến,2552000,0,Thành công,CN TP Hồ Chí Minh,78195585
GD202603016238,2026-03-21 15:57:50,KH000176,Internet Banking,Chuyển khoản đến,245000,0,Thành công,CN Hải Phòng,27201606
GD202603018606,2026-03-21 16:04:27,KH000197,POS,Rút tiền mặt,19185000,1100,Thành công,CN TP Hồ Chí Minh,120799424
GD202603012041,2026-03-21 16:10:47,KH000127,QR Code,Chuyển khoản đến,445000,0,Thành công,CN Hoàn Kiếm,5349732
GD202603017884,2026-03-21 17:12:52,KH000189,POS,Thanh toán thẻ,93333000,5500,Thành công,CN Hải Phòng,366188583
GD202603003866,2026-03-21 17:22:30,KH000038,QR Code,Chuyển khoản đến,2303000,0,Thành công,CN Cần Thơ,76068656
GD202603008225,2026-03-21 17:26:20,KH000084,Internet Banking,Chuyển khoản đi,1622000,0,Thành công,CN Đà Nẵng,19975180
GD202603006132,2026-03-21 18:14:09,KH000063,QR Code,Chuyển khoản đến,659000,0,Thành công,CN TP Hồ Chí Minh,43752777
GD202603009051,2026-03-21 18:19:03,KH000094,Mobile Banking,Chuyển khoản đi,509000,0,Thành công,CN Hải Phòng,75643585
GD202603012437,2026-03-21 18:26:21,KH000130,QR Code,Thanh toán thẻ,4740000,0,Thành công,CN Cầu Giấy,49318845
GD202603011327,2026-03-21 18:46:45,KH000119,Mobile Banking,Nạp tiền điện thoại,77000,0,Thành công,CN Đà Nẵng,21559310
GD202603016113,2026-03-21 18:48:27,KH000174,ATM,Chuyển khoản đi,2113000,3300,Thành công,CN Cần Thơ,60373844
GD202603014116,2026-03-21 19:34:46,KH000149,POS,Thanh toán thẻ,3197000,5500,Thành công,CN TP Hồ Chí Minh,31035613
GD202603015752,2026-03-21 20:12:00,KH000171,QR Code,Thanh toán hóa đơn,1520000,0,Thành công,CN Đà Nẵng,8771551
GD202603002526,2026-03-21 20:29:40,KH000024,ATM,Chuyển khoản đến,267000,3300,Thành công,CN Đà Nẵng,54654598
GD202603017229,2026-03-21 20:47:00,KH000183,Internet Banking,Thanh toán thẻ,348000,0,Thành công,CN Quận 1,14406676
GD202603009050,2026-03-21 20:51:58,KH000094,QR Code,Thanh toán thẻ,2219000,0,Thành công,CN Cầu Giấy,76152585
GD202603005574,2026-03-21 21:35:24,KH000059,QR Code,Thanh toán thẻ,2403000,0,Thành công,CN Bình Dương,52724487
GD202603017228,2026-03-21 21:48:12,KH000183,ATM,Nộp tiền mặt,2799000,0,Thành công,CN TP Hồ Chí Minh,14754676
GD202603008556,2026-03-21 21:51:21,KH000087,QR Code,Rút tiền mặt,170000,0,Thành công,CN Cần Thơ,82126
GD202603014146,2026-03-21 22:23:05,KH000150,POS,Thanh toán hóa đơn,17386000,1100,Thành công,CN Cần Thơ,40471584
GD202603004380,2026-03-21 22:40:59,KH000045,QR Code,Rút tiền mặt,1263000,0,Thành công,CN Cầu Giấy,39060472
GD202603006973,2026-03-21 22:48:22,KH000074,Mobile Banking,Chuyển khoản đến,616000,0,Thành công,CN Hoàn Kiếm,34274273
GD202603011680,2026-03-22 06:10:48,KH000124,POS,Thanh toán thẻ,3169000,5500,Thành công,CN TP Hồ Chí Minh,27173438
GD202603008226,2026-03-22 06:28:18,KH000084,QR Code,Chuyển khoản đến,1470000,0,Thành công,CN Cầu Giấy,21445180
GD202603001835,2026-03-22 06:33:30,KH000019,QR Code,Thanh toán hóa đơn,3234000,0,Thành công,CN Cầu Giấy,54722667
GD202603013273,2026-03-22 06:47:06,KH000137,POS,Chuyển khoản đến,2934000,3300,Thành công,CN Đà Nẵng,14332777
GD202603014030,2026-03-22 07:01:03,KH000148,Internet Banking,Chuyển khoản đến,291000,0,Thành công,CN Cầu Giấy,35395803
GD202603002899,2026-03-22 07:13:26,KH000027,Quầy giao dịch,Nộp tiền mặt,31932000,1100,Thành công,CN Đà Nẵng,139312941
GD202603010695,2026-03-22 07:24:50,KH000113,Internet Banking,Thanh toán thẻ,1317000,0,Thành công,CN Hải Phòng,47101196
GD202603012438,2026-03-22 07:47:13,KH000130,POS,Nộp tiền mặt,2009000,1100,Thành công,CN Thanh Xuân,51327845
GD202603010916,2026-03-22 07:51:30,KH000115,ATM,Nộp tiền mặt,822000,1100,Thành công,CN Thanh Xuân,29606299
GD202603018281,2026-03-22 08:00:56,KH000193,Quầy giao dịch,Thanh toán hóa đơn,62742000,0,Thành công,CN Thanh Xuân,285122627
GD202603015102,2026-03-22 08:04:11,KH000162,POS,Thanh toán thẻ,150000,1100,Thành công,CN Đà Nẵng,798903
GD202603001106,2026-03-22 08:35:39,KH000014,QR Code,Chuyển khoản đi,3078000,0,Thành công,CN Hoàn Kiếm,23847285
GD202603001457,2026-03-22 08:50:09,KH000016,QR Code,Chuyển khoản đến,167000,0,Thành công,CN Bình Dương,305007
GD202603011058,2026-03-22 08:59:52,KH000117,POS,Thanh toán thẻ,56000,5500,Thành công,CN Hoàn Kiếm,41188320
GD202603005805,2026-03-22 09:11:51,KH000061,QR Code,Thanh toán thẻ,847000,0,Thành công,CN Bình Dương,29991728
GD202603009053,2026-03-22 10:29:41,KH000094,Internet Banking,Chuyển khoản đến,1297000,0,Thành công,CN Hải Phòng,79492585
GD202603007620,2026-03-22 10:39:59,KH000079,Internet Banking,Nạp tiền điện thoại,3225000,0,Thành công,CN Hải Phòng,13543102
GD202603008835,2026-03-22 10:58:12,KH000092,Mobile Banking,Chuyển khoản đến,2101000,0,Thành công,CN Hoàn Kiếm,9872745
GD202603000371,2026-03-22 11:06:03,KH000008,QR Code,Chuyển khoản đến,9911000,0,Thành công,CN Hải Phòng,75404698
GD202603018079,2026-03-22 11:23:29,KH000191,ATM,Thanh toán hóa đơn,502000,0,Thành công,CN Cầu Giấy,7019159
GD202603004136,2026-03-22 11:45:59,KH000041,QR Code,Chuyển khoản đi,36515000,0,Thành công,CN TP Hồ Chí Minh,102903624
GD202603000889,2026-03-22 11:51:45,KH000012,POS,Thanh toán thẻ,2273000,1100,Thành công,CN Đà Nẵng,56746977
GD202603009902,2026-03-22 12:52:30,KH000102,QR Code,Thanh toán thẻ,9642000,0,Thành công,CN Bình Dương,201061905
GD202603016767,2026-03-22 13:16:14,KH000181,Mobile Banking,Thanh toán thẻ,523000,0,Thành công,CN Cần Thơ,1089820
GD202603018700,2026-03-22 14:06:32,KH000198,Quầy giao dịch,Nộp tiền mặt,4680000,3300,Thành công,CN Quận 1,37963588
GD202603006349,2026-03-22 14:08:59,KH000065,Internet Banking,Thanh toán thẻ,6671000,0,Thành công,CN Bình Dương,55341349
GD202603002118,2026-03-22 14:50:32,KH000020,Mobile Banking,Thanh toán hóa đơn,2697000,0,Thành công,CN Hoàn Kiếm,30044077
GD202603000601,2026-03-22 14:50:48,KH000010,POS,Thanh toán thẻ,576000,5500,Thành công,CN Hoàn Kiếm,3663042
GD202603003041,2026-03-22 14:53:22,KH000028,QR Code,Nộp tiền mặt,2020000,0,Thành công,CN Thanh Xuân,39778435
GD202603006348,2026-03-22 15:30:36,KH000065,QR Code,Chuyển khoản đến,2749000,0,Thành công,CN Cầu Giấy,62012349
GD202603006975,2026-03-22 15:31:54,KH000074,Mobile Banking,Nạp tiền điện thoại,1476000,0,Thành công,CN TP Hồ Chí Minh,31434273
GD202603009054,2026-03-22 15:32:37,KH000094,Internet Banking,Nộp tiền mặt,532000,0,Thành công,CN Cầu Giấy,80024585
GD202603006133,2026-03-22 15:39:30,KH000063,Mobile Banking,Chuyển khoản đến,423000,0,Thành công,CN Cần Thơ,44175777
GD202603013054,2026-03-22 16:14:58,KH000133,POS,Thanh toán thẻ,11640000,5500,Thành công,CN Hoàn Kiếm,36933021
GD202603004137,2026-03-22 16:43:35,KH000041,ATM,Chuyển khoản đến,19383000,0,Thành công,CN Cần Thơ,122286624
GD202603015101,2026-03-22 16:52:24,KH000162,Mobile Banking,Thanh toán thẻ,450000,0,Thành công,CN Hải Phòng,950003
GD202603015895,2026-03-22 17:16:51,KH000172,Mobile Banking,Chuyển khoản đi,509000,0,Thành công,CN Cần Thơ,7030082
GD202603003765,2026-03-22 17:25:56,KH000035,Internet Banking,Thanh toán thẻ,8518000,0,Thành công,CN TP Hồ Chí Minh,25242555
GD202603003406,2026-03-22 17:59:22,KH000032,Internet Banking,Nộp tiền mặt,164000,0,Thành công,CN Cầu Giấy,35803530
GD202603017230,2026-03-22 18:04:36,KH000183,Internet Banking,Chuyển khoản đến,396000,0,Thành công,CN Đà Nẵng,14802676
GD202603007619,2026-03-22 18:16:58,KH000079,QR Code,Rút tiền mặt,1389000,0,Thành công,CN Thanh Xuân,16768102
GD202603006717,2026-03-22 19:01:31,KH000069,Mobile Banking,Nộp tiền mặt,1030000,0,Thành công,CN Cần Thơ,66395530
GD202603004847,2026-03-22 19:06:01,KH000052,Internet Banking,Nộp tiền mặt,127000,0,Thành công,CN Đà Nẵng,185706
GD202603014147,2026-03-22 19:08:15,KH000150,POS,Nộp tiền mặt,1289000,1100,Thất bại,CN Đà Nẵng,40471584
GD202603017689,2026-03-22 19:18:05,KH000187,Internet Banking,Chuyển khoản đến,1305000,0,Thành công,CN Cần Thơ,25263932
GD202603009325,2026-03-22 19:19:54,KH000096,ATM,Nộp tiền mặt,523000,3300,Thành công,CN Đà Nẵng,10689396
GD202603001107,2026-03-22 19:31:21,KH000014,Internet Banking,Nộp tiền mặt,840000,0,Thành công,CN Quận 1,24687285
GD202603010024,2026-03-22 20:51:01,KH000104,Mobile Banking,Thanh toán thẻ,391000,0,Thành công,CN Thanh Xuân,24455213
GD202603002636,2026-03-22 21:12:07,KH000025,Internet Banking,Nộp tiền mặt,115000,0,Thành công,CN Đà Nẵng,399031
GD202603016928,2026-03-23 06:07:49,KH000182,POS,Thanh toán thẻ,571000,0,Thành công,CN Hải Phòng,7220389
GD202603010462,2026-03-23 06:26:56,KH000110,POS,Thanh toán thẻ,2599000,0,Thành công,CN Cầu Giấy,47959632
GD202603009055,2026-03-23 07:09:08,KH000094,Mobile Banking,Chuyển khoản đến,967000,0,Thành công,CN Hải Phòng,80991585
GD202603011328,2026-03-23 07:59:33,KH000119,QR Code,Nộp tiền mặt,164000,0,Thành công,CN Hoàn Kiếm,21723310
GD202603004381,2026-03-23 08:18:25,KH000045,QR Code,Thanh toán thẻ,760000,0,Thành công,CN Đà Nẵng,38300472
GD202603011751,2026-03-23 08:36:02,KH000125,Mobile Banking,Nộp tiền mặt,77000,0,Thành công,CN Thanh Xuân,313536
GD202603015103,2026-03-23 08:39:02,KH000162,POS,Thanh toán thẻ,183000,5500,Thành công,CN Quận 1,610403
GD202603018402,2026-03-23 09:19:26,KH000195,QR Code,Rút tiền mặt,2307000,0,Thành công,CN Bình Dương,51283417
GD202603014409,2026-03-23 09:55:33,KH000153,Quầy giao dịch,Chuyển khoản đến,885000,0,Thành công,CN Cần Thơ,5210241
GD202603002306,2026-03-23 10:20:57,KH000021,Mobile Banking,Thanh toán thẻ,428000,0,Thành công,CN TP Hồ Chí Minh,34312243
GD202603002637,2026-03-23 10:33:28,KH000025,QR Code,Rút tiền mặt,75000,0,Thành công,CN Cầu Giấy,324031
GD202603013375,2026-03-23 10:43:13,KH000138,POS,Thanh toán thẻ,7813000,5500,Thành công,CN Hoàn Kiếm,35243970
GD202603010195,2026-03-23 10:43:20,KH000105,Quầy giao dịch,Nộp tiền mặt,38118000,1100,Thành công,CN Cầu Giấy,222591948
GD202603003300,2026-03-23 11:20:08,KH000031,Mobile Banking,Chuyển khoản đi,638000,0,Thành công,CN Cần Thơ,1414103
GD202603013487,2026-03-23 11:29:02,KH000140,ATM,Nạp tiền điện thoại,964000,0,Thành công,CN TP Hồ Chí Minh,30625236
GD202603016239,2026-03-23 11:49:35,KH000176,Internet Banking,Nộp tiền mặt,342000,0,Thành công,CN Quận 1,27543606
GD202603000111,2026-03-23 11:56:39,KH000004,POS,Thanh toán thẻ,9657000,0,Thành công,CN Thanh Xuân,112350850
GD202603017690,2026-03-23 12:28:38,KH000187,Internet Banking,Chuyển khoản đến,8679000,0,Thành công,CN Cầu Giấy,33942932
GD202603014206,2026-03-23 12:44:17,KH000151,Mobile Banking,Chuyển khoản đến,192000,0,Thành công,CN Hải Phòng,6128816
GD202603001458,2026-03-23 13:02:40,KH000016,POS,Thanh toán thẻ,161000,1100,Thành công,CN Đà Nẵng,142907
GD202603016768,2026-03-23 13:29:37,KH000181,Internet Banking,Thanh toán hóa đơn,260000,0,Thành công,CN Đà Nẵng,829820
GD202603013161,2026-03-23 13:35:56,KH000136,QR Code,Rút tiền mặt,19161000,0,Thành công,CN Thanh Xuân,63214294
GD202603013162,2026-03-23 13:42:05,KH000136,Mobile Banking,Thanh toán hóa đơn,12267000,0,Thành công,CN Thanh Xuân,50947294
GD202603005575,2026-03-23 13:43:59,KH000059,Mobile Banking,Chuyển khoản đi,479000,0,Thành công,CN Hoàn Kiếm,52245487
GD202603014408,2026-03-23 14:26:58,KH000153,Internet Banking,Chuyển khoản đến,374000,0,Thành công,CN Bình Dương,4325241
GD202603002900,2026-03-23 15:59:44,KH000027,Internet Banking,Thanh toán thẻ,17846000,0,Thành công,CN Cầu Giấy,121466941
GD202603016623,2026-03-23 16:08:06,KH000180,Mobile Banking,Chuyển khoản đến,90000,0,Thành công,CN Bình Dương,38604328
GD202603008777,2026-03-23 16:28:23,KH000091,POS,Thanh toán thẻ,5914000,1100,Thành công,CN Quận 1,78632747
GD202603011750,2026-03-23 16:36:07,KH000125,POS,Thanh toán thẻ,137000,5500,Thành công,CN Thanh Xuân,236536
GD202603011329,2026-03-23 16:55:43,KH000119,Mobile Banking,Thanh toán thẻ,103000,0,Thành công,CN TP Hồ Chí Minh,21620310
GD202603013711,2026-03-23 17:43:07,KH000143,POS,Thanh toán thẻ,1357000,1100,Thành công,CN Thanh Xuân,35353029
GD202603001836,2026-03-23 18:22:34,KH000019,POS,Thanh toán thẻ,3539000,3300,Thành công,CN Bình Dương,51180367
GD202603012269,2026-03-23 18:23:58,KH000128,Mobile Banking,Thanh toán thẻ,177000,0,Thành công,CN TP Hồ Chí Minh,27014541
GD202603000017,2026-03-23 18:29:01,KH000001,Mobile Banking,Thanh toán thẻ,11591000,0,Thành công,CN Hoàn Kiếm,77887475
GD202603010566,2026-03-23 18:35:09,KH000111,POS,Thanh toán thẻ,117959000,1100,Thành công,CN TP Hồ Chí Minh,563028052
GD202603004848,2026-03-23 19:06:02,KH000052,POS,Thanh toán thẻ,57000,0,Thành công,CN Quận 1,128706
GD202603009501,2026-03-23 19:42:11,KH000097,POS,Thanh toán thẻ,991000,1100,Thành công,CN Thanh Xuân,21226449
GD202603004183,2026-03-23 19:51:01,KH000042,Mobile Banking,Chuyển khoản đi,4290000,0,Thành công,CN TP Hồ Chí Minh,30253395
GD202603014410,2026-03-23 20:11:07,KH000153,POS,Thanh toán thẻ,1402000,5500,Thành công,CN Hoàn Kiếm,3802741
GD202603015461,2026-03-23 20:16:19,KH000166,Internet Banking,Chuyển khoản đến,13628000,0,Thành công,CN Bình Dương,248174608
GD202603018742,2026-03-23 20:47:05,KH000199,ATM,Chuyển khoản đi,7961000,3300,Thất bại,CN TP Hồ Chí Minh,269070230
GD202603017986,2026-03-23 20:59:48,KH000190,Quầy giao dịch,Chuyển khoản đi,97772000,3300,Thành công,CN Quận 1,645075864
GD202603001108,2026-03-23 21:04:03,KH000014,Internet Banking,Thanh toán thẻ,1136000,0,Thành công,CN Thanh Xuân,23551285
GD202603008227,2026-03-23 21:07:13,KH000084,Mobile Banking,Chuyển khoản đi,1623000,0,Thành công,CN TP Hồ Chí Minh,19822180
GD202603005576,2026-03-23 21:13:21,KH000059,QR Code,Rút tiền mặt,7087000,0,Thành công,CN Bình Dương,45158487
GD202603014205,2026-03-23 22:06:26,KH000151,POS,Chuyển khoản đi,823000,0,Thành công,CN Cần Thơ,5936816
GD202603007289,2026-03-23 22:17:27,KH000077,POS,Thanh toán thẻ,462000,3300,Thành công,CN Cần Thơ,3209940
GD202603005400,2026-03-23 22:52:39,KH000057,Internet Banking,Chuyển khoản đến,4291000,0,Thành công,CN Cần Thơ,49469590
GD202603004031,2026-03-24 06:28:02,KH000040,ATM,Rút tiền mặt,5590000,5500,Thành công,CN Bình Dương,41240620
GD202603013587,2026-03-24 06:36:14,KH000142,Quầy giao dịch,Chuyển khoản đến,8980000,1100,Thành công,CN Thanh Xuân,47542442
GD202603011180,2026-03-24 06:46:22,KH000118,QR Code,Chuyển khoản đến,5467000,0,Thành công,CN Cầu Giấy,23868215
GD202603001837,2026-03-24 06:47:35,KH000019,Internet Banking,Chuyển khoản đi,1350000,0,Thành công,CN Thanh Xuân,49830367
GD202603011752,2026-03-24 07:07:55,KH000125,Quầy giao dịch,Nạp tiền điện thoại,53000,3300,Thành công,CN Đà Nẵng,257236
GD202603015104,2026-03-24 07:08:01,KH000162,Quầy giao dịch,Nạp tiền điện thoại,199000,0,Thành công,CN Thanh Xuân,411403
GD202603009056,2026-03-24 07:13:56,KH000094,Internet Banking,Chuyển khoản đi,2214000,0,Thành công,CN Cầu Giấy,78777585
GD202603018607,2026-03-24 08:22:48,KH000197,QR Code,Thanh toán hóa đơn,39853000,0,Thành công,CN TP Hồ Chí Minh,80946424
GD202603010808,2026-03-24 09:22:33,KH000114,Internet Banking,Nộp tiền mặt,692000,0,Thành công,CN Cần Thơ,52648557
GD202603017231,2026-03-24 09:25:42,KH000183,Mobile Banking,Chuyển khoản đến,2083000,0,Thành công,CN Hoàn Kiếm,16885676
GD202603003301,2026-03-24 09:30:44,KH000031,Internet Banking,Chuyển khoản đến,150000,0,Thành công,CN Cầu Giấy,1564103
GD202603007622,2026-03-24 10:33:56,KH000079,Mobile Banking,Nạp tiền điện thoại,3575000,0,Thành công,CN Đà Nẵng,9531102
GD202603011330,2026-03-24 11:08:49,KH000119,Mobile Banking,Nộp tiền mặt,112000,0,Thành công,CN Quận 1,21732310
GD202603005807,2026-03-24 11:32:34,KH000061,Internet Banking,Thanh toán thẻ,2206000,0,Thành công,CN Bình Dương,27785728
GD202603003042,2026-03-24 11:51:23,KH000028,POS,Thanh toán thẻ,1270000,3300,Thành công,CN Quận 1,38505135
GD202603008228,2026-03-24 11:51:31,KH000084,QR Code,Nạp tiền điện thoại,185000,0,Thành công,CN Hoàn Kiếm,19637180
GD202603007621,2026-03-24 12:07:36,KH000079,Internet Banking,Nạp tiền điện thoại,437000,0,Thành công,CN Hải Phòng,13106102
GD202603008229,2026-03-24 12:13:05,KH000084,Internet Banking,Nộp tiền mặt,2214000,0,Thành công,CN Cần Thơ,21851180
GD202603007887,2026-03-24 12:30:59,KH000081,Quầy giao dịch,Nạp tiền điện thoại,10280000,1100,Thành công,CN Bình Dương,199944696
GD202603000374,2026-03-24 12:31:16,KH000008,Mobile Banking,Rút tiền mặt,14524000,0,Thành công,CN Cần Thơ,33403698
GD202603012042,2026-03-24 13:12:45,KH000127,Mobile Banking,Nộp tiền mặt,805000,0,Thành công,CN Bình Dương,6154732
GD202603000372,2026-03-24 13:16:15,KH000008,POS,Thanh toán thẻ,26330000,0,Thành công,CN Bình Dương,49074698
GD202603012869,2026-03-24 13:17:25,KH000132,POS,Thanh toán thẻ,2782000,0,Thành công,CN TP Hồ Chí Minh,22670930
GD202603015753,2026-03-24 14:06:46,KH000171,POS,Thanh toán thẻ,1730000,5500,Thành công,CN TP Hồ Chí Minh,7036051
GD202603013586,2026-03-24 14:12:51,KH000142,Mobile Banking,Thanh toán thẻ,11441000,0,Thành công,CN Cần Thơ,38562442
GD202603015516,2026-03-24 14:16:02,KH000167,Quầy giao dịch,Rút tiền mặt,2777000,3300,Thành công,CN Hoàn Kiếm,33996908
GD202603009326,2026-03-24 15:09:15,KH000096,Mobile Banking,Thanh toán thẻ,101000,0,Thành công,CN Hải Phòng,10588396
GD202603017691,2026-03-24 15:10:17,KH000187,QR Code,Thanh toán hóa đơn,5995000,0,Thành công,CN Đà Nẵng,27947932
GD202603000603,2026-03-24 15:28:17,KH000010,Mobile Banking,Nộp tiền mặt,206000,0,Thành công,CN Quận 1,3789942
GD202603000373,2026-03-24 16:56:35,KH000008,QR Code,Thanh toán thẻ,1147000,0,Thành công,CN TP Hồ Chí Minh,47927698
GD202603016240,2026-03-24 17:16:25,KH000176,POS,Thanh toán thẻ,1067000,0,Thành công,CN Quận 1,26476606
GD202603009903,2026-03-24 17:59:05,KH000102,Quầy giao dịch,Nạp tiền điện thoại,24945000,1100,Thành công,CN Bình Dương,176115805
GD202603010282,2026-03-24 18:02:21,KH000107,Quầy giao dịch,Nạp tiền điện thoại,74000,1100,Thành công,CN Quận 1,33536100
GD202603005806,2026-03-24 18:30:52,KH000061,Internet Banking,Chuyển khoản đến,1721000,0,Thất bại,CN Quận 1,29991728
GD202603003867,2026-03-24 18:41:26,KH000038,QR Code,Thanh toán thẻ,2948000,0,Thành công,CN Hoàn Kiếm,73120656
GD202603004523,2026-03-24 18:59:50,KH000046,Quầy giao dịch,Chuyển khoản đến,15467000,5500,Thành công,CN Quận 1,73494429
GD202603014117,2026-03-24 19:41:27,KH000149,POS,Thanh toán thẻ,9279000,5500,Thất bại,CN TP Hồ Chí Minh,31035613
GD202603010025,2026-03-24 19:41:30,KH000104,Mobile Banking,Nộp tiền mặt,891000,0,Thành công,CN Thanh Xuân,25346213
GD202603000602,2026-03-24 19:51:09,KH000010,POS,Thanh toán thẻ,78000,1100,Thành công,CN Thanh Xuân,3583942
GD202603016624,2026-03-24 19:58:01,KH000180,Quầy giao dịch,Chuyển khoản đi,2476000,0,Thành công,CN Đà Nẵng,36128328
GD202603005808,2026-03-24 20:27:34,KH000061,Internet Banking,Nộp tiền mặt,1947000,0,Thành công,CN Cầu Giấy,29732728
GD202603010196,2026-03-24 20:28:50,KH000105,POS,Thanh toán thẻ,12622000,0,Thành công,CN Hoàn Kiếm,209969948
GD202603017232,2026-03-24 20:49:19,KH000183,Internet Banking,Thanh toán thẻ,3649000,0,Thành công,CN Đà Nẵng,13236676
GD202603016929,2026-03-24 20:59:42,KH000182,Internet Banking,Chuyển khoản đến,2420000,0,Thành công,CN Hải Phòng,9640389
GD202603018080,2026-03-24 21:02:20,KH000191,Mobile Banking,Thanh toán thẻ,2131000,0,Thành công,CN Hoàn Kiếm,4888159
GD202603003602,2026-03-24 21:28:06,KH000034,POS,Thanh toán thẻ,2039000,5500,Thành công,CN Quận 1,69178750
GD202603017233,2026-03-24 21:29:20,KH000183,QR Code,Thanh toán thẻ,805000,0,Thành công,CN Cần Thơ,12431676
GD202603015403,2026-03-24 22:12:09,KH000165,Quầy giao dịch,Rút tiền mặt,22198000,1100,Thành công,CN TP Hồ Chí Minh,75167585
GD202603012043,2026-03-24 22:18:40,KH000127,POS,Chuyển khoản đi,795000,3300,Thành công,CN Quận 1,5356432
GD202603005577,2026-03-24 22:34:28,KH000059,Mobile Banking,Rút tiền mặt,1760000,0,Thành công,CN Bình Dương,43398487
GD202603017692,2026-03-24 22:35:42,KH000187,QR Code,Chuyển khoản đi,6308000,0,Thành công,CN Cần Thơ,21639932
GD202603001699,2026-03-25 06:05:20,KH000018,Internet Banking,Nộp tiền mặt,1447000,0,Thành công,CN TP Hồ Chí Minh,44030580
GD202603002119,2026-03-25 06:26:26,KH000020,POS,Thanh toán hóa đơn,4055000,0,Thành công,CN Bình Dương,25989077
GD202603011756,2026-03-25 06:39:29,KH000125,QR Code,Chuyển khoản đến,97000,0,Thành công,CN Quận 1,276836
GD202603007291,2026-03-25 06:48:57,KH000077,QR Code,Nộp tiền mặt,863000,0,Thành công,CN TP Hồ Chí Minh,3636940
GD202603003533,2026-03-25 06:56:06,KH000033,Mobile Banking,Thanh toán hóa đơn,2048000,0,Thành công,CN TP Hồ Chí Minh,35543026
GD202603014412,2026-03-25 07:44:04,KH000153,Internet Banking,Thanh toán hóa đơn,218000,0,Thành công,CN Hoàn Kiếm,3326241
GD202603016115,2026-03-25 07:50:15,KH000174,Quầy giao dịch,Rút tiền mặt,2884000,0,Thành công,CN Thanh Xuân,55955844
GD202603010463,2026-03-25 07:50:42,KH000110,QR Code,Thanh toán hóa đơn,2275000,0,Thành công,CN Bình Dương,45684632
GD202603005809,2026-03-25 07:52:40,KH000061,Internet Banking,Chuyển khoản đến,732000,0,Thành công,CN Hải Phòng,30464728
GD202603002854,2026-03-25 07:56:12,KH000026,Internet Banking,Nạp tiền điện thoại,2153000,0,Thành công,CN Cần Thơ,5823422
GD202603009502,2026-03-25 08:04:01,KH000097,QR Code,Thanh toán thẻ,2513000,0,Thành công,CN Hải Phòng,18713449
GD202603008837,2026-03-25 08:04:16,KH000092,Internet Banking,Chuyển khoản đến,1479000,0,Thành công,CN Hoàn Kiếm,10237745
GD202603002121,2026-03-25 08:38:32,KH000020,Mobile Banking,Thanh toán thẻ,7344000,0,Thành công,CN Cần Thơ,14581077
GD202603004849,2026-03-25 09:01:28,KH000052,QR Code,Nộp tiền mặt,72000,0,Thành công,CN Đà Nẵng,200706
GD202603000786,2026-03-25 09:17:08,KH000011,QR Code,Thanh toán thẻ,2472000,0,Thành công,CN Đà Nẵng,83381424
GD202603012044,2026-03-25 10:18:42,KH000127,Quầy giao dịch,Nạp tiền điện thoại,964000,0,Thành công,CN Hoàn Kiếm,4392432
GD202603016931,2026-03-25 10:35:11,KH000182,Internet Banking,Thanh toán thẻ,2380000,0,Thành công,CN Hoàn Kiếm,7889389
GD202603006351,2026-03-25 10:50:48,KH000065,POS,Thanh toán thẻ,7494000,0,Thành công,CN TP Hồ Chí Minh,32887349
GD202603007290,2026-03-25 11:08:13,KH000077,Mobile Banking,Thanh toán thẻ,436000,0,Thành công,CN Đà Nẵng,2773940
GD202603008230,2026-03-25 11:30:12,KH000084,Internet Banking,Thanh toán thẻ,1104000,0,Thành công,CN Thanh Xuân,20747180
GD202603005402,2026-03-25 11:31:58,KH000057,ATM,Thanh toán hóa đơn,6544000,5500,Thành công,CN Đà Nẵng,32956790
GD202603001459,2026-03-25 11:37:36,KH000016,Mobile Banking,Thanh toán thẻ,119000,0,Thành công,CN Hải Phòng,202407
GD202603014411,2026-03-25 11:54:06,KH000153,POS,Thanh toán thẻ,253000,5500,Thành công,CN Cần Thơ,3544241
GD202603006134,2026-03-25 12:14:31,KH000063,Mobile Banking,Thanh toán thẻ,866000,0,Thành công,CN TP Hồ Chí Minh,43309777
GD202603000112,2026-03-25 12:22:24,KH000004,Mobile Banking,Nộp tiền mặt,10762000,0,Thành công,CN Cần Thơ,123112850
GD202603002427,2026-03-25 12:37:18,KH000023,Internet Banking,Nạp tiền điện thoại,4894000,0,Thành công,CN Cần Thơ,21874475
GD202603000787,2026-03-25 12:47:59,KH000011,POS,Nạp tiền điện thoại,1445000,0,Thành công,CN TP Hồ Chí Minh,81936424
GD202603003407,2026-03-25 12:49:50,KH000032,QR Code,Nạp tiền điện thoại,153000,0,Thành công,CN Thanh Xuân,35650530
GD202603009822,2026-03-25 12:54:41,KH000100,Quầy giao dịch,Nạp tiền điện thoại,1470000,0,Thành công,CN Thanh Xuân,36229346
GD202603000150,2026-03-25 12:57:07,KH000005,Internet Banking,Thanh toán thẻ,16518000,0,Thành công,CN Cầu Giấy,120033030
GD202603000151,2026-03-25 13:48:34,KH000005,Internet Banking,Chuyển khoản đến,41361000,0,Thành công,CN Quận 1,161394030
GD202603002120,2026-03-25 14:00:33,KH000020,QR Code,Thanh toán thẻ,4064000,0,Thành công,CN Đà Nẵng,21925077
GD202603011755,2026-03-25 14:12:27,KH000125,Quầy giao dịch,Nạp tiền điện thoại,162000,1100,Thành công,CN Hải Phòng,179836
GD202603012270,2026-03-25 14:29:30,KH000128,Internet Banking,Nạp tiền điện thoại,286000,0,Thành công,CN Bình Dương,26728541
GD202603008430,2026-03-25 14:29:31,KH000085,ATM,Rút tiền mặt,16665000,1100,Thành công,CN Đà Nẵng,41469589
GD202603006776,2026-03-25 14:38:44,KH000071,Mobile Banking,Thanh toán hóa đơn,14225000,0,Thành công,CN TP Hồ Chí Minh,44133938
GD202603008836,2026-03-25 15:06:20,KH000092,Internet Banking,Thanh toán hóa đơn,1114000,0,Thành công,CN TP Hồ Chí Minh,8758745
GD202603016930,2026-03-25 15:52:36,KH000182,QR Code,Nộp tiền mặt,629000,0,Thành công,CN Cần Thơ,10269389
GD202603005401,2026-03-25 15:54:50,KH000057,POS,Thanh toán thẻ,9960000,3300,Thành công,CN Cầu Giấy,39506290
GD202603013939,2026-03-25 15:55:05,KH000146,Quầy giao dịch,Thanh toán hóa đơn,51269000,0,Thành công,CN Thanh Xuân,319531547
GD202603011754,2026-03-25 15:55:43,KH000125,Quầy giao dịch,Nộp tiền mặt,195000,0,Thành công,CN Hoàn Kiếm,342936
GD202603012870,2026-03-25 17:08:11,KH000132,Mobile Banking,Thanh toán thẻ,3704000,0,Thành công,CN Cần Thơ,18966930
GD202603005579,2026-03-25 17:16:09,KH000059,Internet Banking,Chuyển khoản đến,397000,0,Thành công,CN Đà Nẵng,43588487
GD202603011753,2026-03-25 17:34:00,KH000125,POS,Thanh toán thẻ,106000,3300,Thành công,CN Cần Thơ,147936
GD202603012611,2026-03-25 17:49:35,KH000131,Internet Banking,Chuyển khoản đến,947000,0,Thành công,CN Cần Thơ,4650680
GD202603018081,2026-03-25 18:08:54,KH000191,Mobile Banking,Thanh toán thẻ,60000,0,Thành công,CN Hoàn Kiếm,4828159
GD202603012439,2026-03-25 18:20:04,KH000130,Internet Banking,Thanh toán hóa đơn,1919000,0,Thành công,CN Hoàn Kiếm,49408845
GD202603007888,2026-03-25 18:26:08,KH000081,POS,Rút tiền mặt,22091000,0,Thành công,CN Cần Thơ,177853696
GD202603006976,2026-03-25 18:48:04,KH000074,Internet Banking,Thanh toán thẻ,1176000,0,Thành công,CN Hoàn Kiếm,30258273
GD202603018608,2026-03-25 18:48:31,KH000197,Internet Banking,Nạp tiền điện thoại,1064000,0,Thành công,CN TP Hồ Chí Minh,79882424
GD202603017693,2026-03-25 19:00:47,KH000187,QR Code,Thanh toán thẻ,4033000,0,Thành công,CN Đà Nẵng,17606932
GD202603010464,2026-03-25 19:15:18,KH000110,POS,Thanh toán thẻ,312000,0,Thành công,CN Thanh Xuân,45372632
GD202603000604,2026-03-25 20:06:06,KH000010,POS,Thanh toán thẻ,945000,0,Thành công,CN Bình Dương,2844942
GD202603016116,2026-03-25 20:12:54,KH000174,QR Code,Nộp tiền mặt,901000,0,Thành công,CN Cầu Giấy,56856844
GD202603001838,2026-03-25 20:46:04,KH000019,Internet Banking,Thanh toán thẻ,2964000,0,Thất bại,CN Quận 1,49830367
GD202603006897,2026-03-25 20:48:06,KH000073,Mobile Banking,Thanh toán thẻ,273000,0,Thành công,CN Quận 1,42813884
GD202603003603,2026-03-25 21:08:57,KH000034,QR Code,Thanh toán thẻ,1464000,0,Thành công,CN Quận 1,67714750
GD202603016241,2026-03-25 22:07:09,KH000176,Mobile Banking,Nộp tiền mặt,87000,0,Thành công,CN Hải Phòng,26563606
GD202603006350,2026-03-25 22:11:24,KH000065,Mobile Banking,Chuyển khoản đi,14960000,0,Thành công,CN Hải Phòng,40381349
GD202603015754,2026-03-25 22:12:31,KH000171,Mobile Banking,Nạp tiền điện thoại,2437000,0,Thành công,CN Hoàn Kiếm,4599051
GD202603015896,2026-03-25 22:17:47,KH000172,Internet Banking,Thanh toán thẻ,1538000,0,Thành công,CN Bình Dương,5492082
GD202603006546,2026-03-25 22:18:13,KH000066,Internet Banking,Thanh toán thẻ,186000,0,Thành công,CN Thanh Xuân,128348540
GD202603005578,2026-03-25 22:37:31,KH000059,Internet Banking,Thanh toán thẻ,207000,0,Thành công,CN Cần Thơ,43191487
GD202603017234,2026-03-25 22:51:55,KH000183,Mobile Banking,Nộp tiền mặt,368000,0,Thành công,CN Bình Dương,12799676
GD202603017237,2026-03-26 06:57:14,KH000183,Internet Banking,Thanh toán thẻ,2653000,0,Thành công,CN Hoàn Kiếm,7808576
GD202603012440,2026-03-26 07:02:28,KH000130,Mobile Banking,Rút tiền mặt,725000,0,Thành công,CN Hoàn Kiếm,48683845
GD202603012389,2026-03-26 07:09:45,KH000129,Quầy giao dịch,Thanh toán hóa đơn,127000,5500,Thành công,CN Hoàn Kiếm,141148
GD202603002122,2026-03-26 07:11:53,KH000020,Quầy giao dịch,Chuyển khoản đến,524000,0,Thành công,CN Thanh Xuân,15105077
GD202603013839,2026-03-26 07:21:47,KH000145,Internet Banking,Thanh toán thẻ,55000,0,Thành công,CN Bình Dương,35196487
GD202603016625,2026-03-26 07:45:26,KH000180,Internet Banking,Nộp tiền mặt,1156000,0,Thành công,CN Cầu Giấy,37284328
GD202603007889,2026-03-26 08:01:08,KH000081,Quầy giao dịch,Rút tiền mặt,19964000,0,Thành công,CN Quận 1,157889696
GD202603001109,2026-03-26 08:05:37,KH000014,Mobile Banking,Thanh toán hóa đơn,106000,0,Thành công,CN Thanh Xuân,23445285
GD202603008778,2026-03-26 08:35:16,KH000091,QR Code,Thanh toán thẻ,10420000,0,Thành công,CN Thanh Xuân,68212747
GD202603013840,2026-03-26 08:42:14,KH000145,Mobile Banking,Thanh toán thẻ,111000,0,Thành công,CN Cần Thơ,35085487
GD202603006135,2026-03-26 09:31:54,KH000063,Internet Banking,Thanh toán thẻ,800000,0,Thành công,CN Bình Dương,42509777
GD202603008676,2026-03-26 10:18:12,KH000088,POS,Thanh toán thẻ,2363000,1100,Thành công,CN Hải Phòng,10727843
GD202603017235,2026-03-26 10:57:25,KH000183,Internet Banking,Chuyển khoản đến,592000,0,Thành công,CN Quận 1,13391676
GD202603004138,2026-03-26 11:05:14,KH000041,ATM,Rút tiền mặt,24959000,5500,Thành công,CN Hải Phòng,97322124
GD202603014414,2026-03-26 11:21:29,KH000153,Mobile Banking,Thanh toán thẻ,728000,0,Thành công,CN TP Hồ Chí Minh,2528941
GD202603017694,2026-03-26 11:55:42,KH000187,POS,Thanh toán thẻ,5555000,1100,Thành công,CN Đà Nẵng,12050832
GD202603004382,2026-03-26 12:14:02,KH000045,Internet Banking,Thanh toán thẻ,742000,0,Thành công,CN Quận 1,37558472
GD202603002639,2026-03-26 12:32:32,KH000025,QR Code,Thanh toán thẻ,151000,0,Thành công,CN Cầu Giấy,349031
GD202603011331,2026-03-26 13:01:30,KH000119,Mobile Banking,Chuyển khoản đến,132000,0,Thành công,CN Hải Phòng,21864310
GD202603009327,2026-03-26 13:21:42,KH000096,Internet Banking,Rút tiền mặt,1334000,0,Thành công,CN Bình Dương,9254396
GD202603002855,2026-03-26 14:04:41,KH000026,QR Code,Thanh toán hóa đơn,182000,0,Thành công,CN Quận 1,5641422
GD202603016932,2026-03-26 14:38:06,KH000182,QR Code,Thanh toán thẻ,350000,0,Thành công,CN Đà Nẵng,7539389
GD202603009717,2026-03-26 14:40:30,KH000099,POS,Thanh toán thẻ,2603000,1100,Thành công,CN Thanh Xuân,35200438
GD202603007964,2026-03-26 14:49:15,KH000082,Internet Banking,Nạp tiền điện thoại,4577000,0,Thành công,CN Bình Dương,45632514
GD202603010917,2026-03-26 15:14:10,KH000115,POS,Thanh toán thẻ,7104000,1100,Thành công,CN Cầu Giấy,22501199
GD202603012871,2026-03-26 16:19:40,KH000132,QR Code,Nộp tiền mặt,6405000,0,Thành công,CN Cần Thơ,25371930
GD202603005811,2026-03-26 16:44:10,KH000061,Internet Banking,Nạp tiền điện thoại,1585000,0,Thành công,CN Cầu Giấy,30438728
GD202603003534,2026-03-26 17:36:06,KH000033,Internet Banking,Thanh toán thẻ,1506000,0,Thành công,CN Hoàn Kiếm,34037026
GD202603004281,2026-03-26 17:53:38,KH000043,Internet Banking,Rút tiền mặt,170000,0,Thành công,CN Quận 1,33578076
GD202603005810,2026-03-26 18:04:53,KH000061,Internet Banking,Nộp tiền mặt,1559000,0,Thành công,CN Quận 1,32023728
GD202603016149,2026-03-26 18:54:37,KH000175,Mobile Banking,Nộp tiền mặt,26668000,0,Thất bại,CN Đà Nẵng,97065993
GD202603018701,2026-03-26 19:00:45,KH000198,POS,Chuyển khoản đến,4102000,1100,Thành công,CN Quận 1,42065588
GD202603017236,2026-03-26 19:05:14,KH000183,POS,Thanh toán thẻ,2929000,1100,Thành công,CN Thanh Xuân,10461576
GD202603011681,2026-03-26 19:05:45,KH000124,QR Code,Thanh toán thẻ,1669000,0,Thành công,CN Thanh Xuân,25504438
GD202603014413,2026-03-26 19:48:20,KH000153,POS,Thanh toán thẻ,66000,3300,Thành công,CN Bình Dương,3256941
GD202603018403,2026-03-26 20:19:05,KH000195,POS,Thanh toán thẻ,12886000,1100,Thành công,CN Cầu Giấy,38396317
GD202603015105,2026-03-26 21:23:30,KH000162,POS,Thanh toán thẻ,115000,1100,Thành công,CN Hải Phòng,295303
GD202603012271,2026-03-26 21:35:32,KH000128,Internet Banking,Chuyển khoản đi,174000,0,Thành công,CN Quận 1,26554541
GD202603006777,2026-03-26 21:39:41,KH000071,Internet Banking,Thanh toán thẻ,12395000,0,Thành công,CN Đà Nẵng,31738938
GD202603014118,2026-03-26 21:45:39,KH000149,Quầy giao dịch,Rút tiền mặt,1928000,0,Thành công,CN TP Hồ Chí Minh,29107613
GD202603002638,2026-03-26 21:45:52,KH000025,Mobile Banking,Nộp tiền mặt,176000,0,Thành công,CN Đà Nẵng,500031
GD202603018082,2026-03-26 22:14:20,KH000191,Internet Banking,Thanh toán thẻ,1285000,0,Thành công,CN Cần Thơ,3543159
GD202603018083,2026-03-27 06:13:46,KH000191,Internet Banking,Chuyển khoản đến,298000,0,Thành công,CN TP Hồ Chí Minh,3841159
GD202603007292,2026-03-27 06:17:04,KH000077,QR Code,Nạp tiền điện thoại,1254000,0,Thành công,CN Cần Thơ,2382940
GD202603007293,2026-03-27 06:32:36,KH000077,Mobile Banking,Nạp tiền điện thoại,388000,0,Thành công,CN Bình Dương,1994940
GD202603013588,2026-03-27 06:56:30,KH000142,Quầy giao dịch,Chuyển khoản đến,12034000,3300,Thành công,CN Bình Dương,59576442
GD202603011972,2026-03-27 07:57:59,KH000126,Mobile Banking,Rút tiền mặt,482000,0,Thành công,CN Hải Phòng,3677199
GD202603010918,2026-03-27 08:27:07,KH000115,Internet Banking,Thanh toán thẻ,2029000,0,Thành công,CN Đà Nẵng,20472199
GD202603016769,2026-03-27 08:47:04,KH000181,Mobile Banking,Rút tiền mặt,263000,0,Thành công,CN Thanh Xuân,566820
GD202603001839,2026-03-27 09:14:56,KH000019,Internet Banking,Nạp tiền điện thoại,3738000,0,Thành công,CN Thanh Xuân,46092367
GD202603016117,2026-03-27 09:48:09,KH000174,Mobile Banking,Chuyển khoản đến,2222000,0,Thành công,CN TP Hồ Chí Minh,59078844
GD202603006898,2026-03-27 10:10:43,KH000073,Mobile Banking,Chuyển khoản đến,8511000,0,Thành công,CN Cầu Giấy,51324884
GD202603000375,2026-03-27 10:44:42,KH000008,Internet Banking,Thanh toán thẻ,10060000,0,Thành công,CN Đà Nẵng,23343698
GD202603014031,2026-03-27 11:48:06,KH000148,Internet Banking,Nộp tiền mặt,164000,0,Thành công,CN Cầu Giấy,35559803
GD202603017239,2026-03-27 11:55:45,KH000183,Mobile Banking,Thanh toán thẻ,1952000,0,Thành công,CN Cầu Giấy,7285576
GD202603004032,2026-03-27 12:27:08,KH000040,POS,Thanh toán thẻ,556000,5500,Thành công,CN Hoàn Kiếm,40679120
GD202603009266,2026-03-27 14:10:52,KH000095,Internet Banking,Nộp tiền mặt,3951000,0,Thành công,CN Quận 1,20817324
GD202603006353,2026-03-27 14:12:51,KH000065,QR Code,Thanh toán thẻ,4524000,0,Thành công,CN Hải Phòng,31404349
GD202603016242,2026-03-27 14:43:03,KH000176,Internet Banking,Thanh toán thẻ,989000,0,Thành công,CN TP Hồ Chí Minh,25574606
GD202603005812,2026-03-27 15:02:07,KH000061,QR Code,Chuyển khoản đến,970000,0,Thành công,CN Cần Thơ,31408728
GD202603017530,2026-03-27 15:08:28,KH000185,Internet Banking,Chuyển khoản đến,5175000,0,Thành công,CN Cầu Giấy,51103247
GD202603004850,2026-03-27 15:25:25,KH000052,Internet Banking,Nộp tiền mặt,158000,0,Thành công,CN Đà Nẵng,358706
GD202603007623,2026-03-27 15:30:14,KH000079,POS,Rút tiền mặt,2724000,0,Thành công,CN Cần Thơ,6807102
GD202603010026,2026-03-27 16:12:26,KH000104,Mobile Banking,Thanh toán thẻ,472000,0,Thành công,CN Thanh Xuân,24874213
GD202603014415,2026-03-27 16:12:48,KH000153,Mobile Banking,Chuyển khoản đến,114000,0,Thành công,CN Cần Thơ,2642941
GD202603001110,2026-03-27 16:13:06,KH000014,QR Code,Nộp tiền mặt,7377000,0,Thành công,CN Bình Dương,30822285
GD202603005813,2026-03-27 16:19:27,KH000061,Mobile Banking,Chuyển khoản đến,1285000,0,Thành công,CN Bình Dương,32693728
GD202603017238,2026-03-27 16:26:11,KH000183,Internet Banking,Nộp tiền mặt,1429000,0,Thành công,CN Bình Dương,9237576
GD202603017695,2026-03-27 16:30:39,KH000187,Mobile Banking,Nộp tiền mặt,2822000,0,Thành công,CN Cần Thơ,14872832
GD202603006858,2026-03-27 17:18:27,KH000072,Quầy giao dịch,Thanh toán hóa đơn,672000,1100,Thất bại,CN Đà Nẵng,31822499
GD202603007294,2026-03-27 17:38:11,KH000077,Mobile Banking,Thanh toán thẻ,363000,0,Thành công,CN Cần Thơ,1631940
GD202603011332,2026-03-27 18:39:45,KH000119,Mobile Banking,Chuyển khoản đi,135000,0,Thành công,CN Hải Phòng,21729310
GD202603002640,2026-03-27 19:41:33,KH000025,QR Code,Chuyển khoản đến,166000,0,Thành công,CN Cầu Giấy,515031
GD202603006352,2026-03-27 21:14:48,KH000065,QR Code,Chuyển khoản đến,3041000,0,Thành công,CN Hải Phòng,35928349
GD202603012045,2026-03-27 21:49:22,KH000127,Quầy giao dịch,Nộp tiền mặt,85000,1100,Thành công,CN Hoàn Kiếm,4477432
GD202603016933,2026-03-27 22:17:14,KH000182,Internet Banking,Thanh toán hóa đơn,1312000,0,Thành công,CN Đà Nẵng,6227389
GD202603015106,2026-03-27 22:17:22,KH000162,Internet Banking,Nạp tiền điện thoại,115000,0,Thành công,CN Hoàn Kiếm,180303
GD202603016934,2026-03-28 06:15:37,KH000182,QR Code,Thanh toán hóa đơn,312000,0,Thành công,CN Hải Phòng,5915389
GD202603014985,2026-03-28 06:56:30,KH000160,ATM,Chuyển khoản đi,5010000,1100,Thành công,CN TP Hồ Chí Minh,53743397
GD202603010809,2026-03-28 07:02:11,KH000114,POS,Thanh toán hóa đơn,1365000,5500,Thành công,CN Cầu Giấy,51278057
GD202603001700,2026-03-28 07:07:21,KH000018,Internet Banking,Chuyển khoản đến,953000,0,Thành công,CN Bình Dương,44983580
GD202603018084,2026-03-28 07:57:31,KH000191,Mobile Banking,Chuyển khoản đến,719000,0,Thành công,CN Thanh Xuân,4560159
GD202603016936,2026-03-28 08:27:17,KH000182,Mobile Banking,Thanh toán thẻ,1027000,0,Thành công,CN Quận 1,2907389
GD202603013274,2026-03-28 08:34:11,KH000137,Mobile Banking,Nộp tiền mặt,2990000,0,Thành công,CN Hoàn Kiếm,17322777
GD202603012047,2026-03-28 09:17:05,KH000127,Mobile Banking,Nạp tiền điện thoại,863000,0,Thành công,CN Quận 1,2178432
GD202603011181,2026-03-28 09:24:36,KH000118,Internet Banking,Thanh toán thẻ,4040000,0,Thành công,CN Bình Dương,19828215
GD202603001841,2026-03-28 09:33:02,KH000019,Internet Banking,Chuyển khoản đến,2952000,0,Thành công,CN Đà Nẵng,50887367
GD202603012273,2026-03-28 09:45:54,KH000128,Mobile Banking,Thanh toán hóa đơn,523000,0,Thành công,CN Hoàn Kiếm,25595541
GD202603007624,2026-03-28 09:53:45,KH000079,Internet Banking,Thanh toán thẻ,1931000,0,Thành công,CN Thanh Xuân,4876102
GD202603017240,2026-03-28 10:25:09,KH000183,Internet Banking,Chuyển khoản đến,1791000,0,Thành công,CN Bình Dương,9076576
GD202603006859,2026-03-28 10:31:47,KH000072,POS,Thanh toán hóa đơn,755000,0,Thành công,CN Quận 1,31067499
GD202603002641,2026-03-28 11:52:47,KH000025,QR Code,Thanh toán hóa đơn,185000,0,Thành công,CN Hải Phòng,330031
GD202603003604,2026-03-28 11:59:38,KH000034,Internet Banking,Nộp tiền mặt,590000,0,Thành công,CN Bình Dương,68304750
GD202603000376,2026-03-28 12:24:02,KH000008,Mobile Banking,Rút tiền mặt,4422000,0,Thành công,CN Cần Thơ,18921698
GD202603000018,2026-03-28 13:49:08,KH000001,ATM,Chuyển khoản đến,5225000,3300,Thành công,CN Cầu Giấy,83112475
GD202603018609,2026-03-28 14:05:15,KH000197,Internet Banking,Thanh toán thẻ,5303000,0,Thành công,CN Đà Nẵng,74579424
GD202603016053,2026-03-28 14:26:32,KH000173,POS,Rút tiền mặt,292000,3300,Thành công,CN TP Hồ Chí Minh,8072768
GD202603016935,2026-03-28 14:31:58,KH000182,QR Code,Rút tiền mặt,1981000,0,Thành công,CN Bình Dương,3934389
GD202603001840,2026-03-28 14:47:32,KH000019,Mobile Banking,Nộp tiền mặt,1843000,0,Thành công,CN Thanh Xuân,47935367
GD202603003815,2026-03-28 15:18:35,KH000037,POS,Chuyển khoản đi,20686000,5500,Thành công,CN Thanh Xuân,122239658
GD202603007965,2026-03-28 15:36:59,KH000082,Internet Banking,Thanh toán hóa đơn,1092000,0,Thành công,CN Cầu Giấy,44540514
GD202603001460,2026-03-28 15:51:08,KH000016,Internet Banking,Rút tiền mặt,111000,0,Thành công,CN Thanh Xuân,91407
GD202603000152,2026-03-28 16:20:42,KH000005,POS,Thanh toán thẻ,47843000,1100,Thành công,CN Cầu Giấy,113549930
GD202603012873,2026-03-28 16:24:12,KH000132,QR Code,Thanh toán thẻ,5166000,0,Thành công,CN Quận 1,11669930
GD202603002857,2026-03-28 17:00:10,KH000026,QR Code,Thanh toán thẻ,1249000,0,Thành công,CN TP Hồ Chí Minh,3880122
GD202603006778,2026-03-28 17:01:14,KH000071,POS,Chuyển khoản đến,9674000,5500,Thành công,CN Hải Phòng,41412938
GD202603012272,2026-03-28 17:01:39,KH000128,QR Code,Nạp tiền điện thoại,436000,0,Thành công,CN Đà Nẵng,26118541
GD202603016243,2026-03-28 18:09:44,KH000176,Internet Banking,Rút tiền mặt,556000,0,Thành công,CN Bình Dương,25018606
GD202603002856,2026-03-28 18:25:29,KH000026,ATM,Rút tiền mặt,509000,3300,Thành công,CN Thanh Xuân,5129122
GD202603011333,2026-03-28 18:33:25,KH000119,Internet Banking,Nạp tiền điện thoại,184000,0,Thành công,CN Hải Phòng,21545310
GD202603010567,2026-03-28 19:06:30,KH000111,Quầy giao dịch,Chuyển khoản đi,109338000,1100,Thành công,CN Đà Nẵng,453688952
GD202603003408,2026-03-28 19:08:13,KH000032,QR Code,Thanh toán thẻ,79000,0,Thành công,CN Quận 1,35571530
GD202603010465,2026-03-28 19:21:22,KH000110,Mobile Banking,Thanh toán thẻ,1970000,0,Thành công,CN TP Hồ Chí Minh,43402632
GD202603008231,2026-03-28 20:17:40,KH000084,POS,Thanh toán thẻ,1993000,0,Thành công,CN Hải Phòng,18754180
GD202603000605,2026-03-28 20:18:15,KH000010,Internet Banking,Chuyển khoản đi,750000,0,Thành công,CN Bình Dương,2094942
GD202603000314,2026-03-28 20:30:13,KH000007,ATM,Rút tiền mặt,7555000,5500,Thất bại,CN TP Hồ Chí Minh,68546247
GD202603006625,2026-03-28 21:25:41,KH000067,Mobile Banking,Thanh toán thẻ,16501000,0,Thành công,CN Thanh Xuân,38788399
GD202603018282,2026-03-28 21:34:13,KH000193,Quầy giao dịch,Thanh toán hóa đơn,52535000,1100,Thành công,CN Quận 1,232586527
GD202603005580,2026-03-28 21:35:01,KH000059,QR Code,Nộp tiền mặt,5365000,0,Thành công,CN Thanh Xuân,48953487
GD202603009057,2026-03-28 21:35:22,KH000094,Internet Banking,Thanh toán hóa đơn,297000,0,Thành công,CN TP Hồ Chí Minh,78480585
GD202603012046,2026-03-28 22:01:02,KH000127,Internet Banking,Thanh toán thẻ,1436000,0,Thành công,CN Đà Nẵng,3041432
GD202603008557,2026-03-28 22:12:47,KH000087,QR Code,Thanh toán thẻ,153000,0,Thành công,CN Hải Phòng,158626
GD202603004184,2026-03-28 22:27:06,KH000042,Mobile Banking,Nộp tiền mặt,4375000,0,Thành công,CN Thanh Xuân,34628395
GD202603004851,2026-03-28 22:39:35,KH000052,QR Code,Thanh toán thẻ,111000,0,Thành công,CN Quận 1,247706
GD202603012872,2026-03-28 22:45:03,KH000132,QR Code,Thanh toán hóa đơn,8536000,0,Thành công,CN Cầu Giấy,16835930
