ma_ho_so,nam_giai_ngan,san_pham,tuoi,nghe_nghiep,thu_nhap_thang,co_luong_qua_fta,tham_nien_quan_he_thang,ty_le_nghia_vu_tra_no,ty_le_cho_vay_tren_tai_san,nhom_no_cao_nhat_con_luu,so_lan_qua_han_12_thang,so_ngay_qua_han_lon_nhat,da_tung_vay,so_du_tktt_binh_quan_3_thang,tien_gui_tiet_kiem,co_giao_dich_3_thang,xau_12_thang
LSCN00001,2021,Vay sản xuất kinh doanh,44,Kỹ sư,8100000.0,Không,2,0.472,0.653,1,1,3,Có,4370000.0,55000000.0,Có,0
LSCN00002,2025,Vay mua nhà,45,Nội trợ,3300000.0,Không,1,0.724,0.773,1,0,0,Có,490000.0,0.0,Có,0
LSCN00003,2021,Vay mua nhà,40,Công chức,6000000.0,Có,58,0.47,0.786,1,0,0,Có,930000.0,213000000.0,Có,0
LSCN00004,2022,Vay tiêu dùng tín chấp,32,Công nhân,19100000.0,Không,62,0.361,,1,0,0,Có,9040000.0,0.0,Có,0
LSCN00005,2025,Vay mua nhà,25,Công chức,19900000.0,Có,9,0.61,0.697,1,0,0,Không,11120000.0,2603000000.0,Có,0
LSCN00006,2023,Vay sản xuất kinh doanh,29,Kinh doanh tự do,18900000.0,Không,6,0.446,0.653,1,1,1,Có,9310000.0,0.0,Có,0
LSCN00007,2023,Vay mua nhà,34,Công nhân,9900000.0,Có,4,0.313,0.709,2,2,22,Có,6270000.0,0.0,Có,0
LSCN00008,2023,Vay mua ô tô,54,Kế toán,32900000.0,Có,23,0.389,0.77,1,1,8,Có,18420000.0,0.0,Có,0
LSCN00009,2023,Vay tiêu dùng tín chấp,40,Công nhân,7900000.0,Có,26,0.335,,1,1,8,Có,4960000.0,133000000.0,Có,0
LSCN00010,2023,Vay tiêu dùng tín chấp,21,Giáo viên,20800000.0,Có,58,0.314,,1,0,0,Có,8360000.0,542000000.0,Có,0
LSCN00011,2025,Vay sản xuất kinh doanh,43,Nhân viên văn phòng,14200000.0,Có,5,0.484,0.653,2,1,14,Có,2150000.0,0.0,Có,0
LSCN00012,2023,Vay sản xuất kinh doanh,35,Kỹ sư,36100000.0,Không,26,0.502,0.653,2,0,36,Có,17510000.0,0.0,Có,0
LSCN00013,2021,Vay tiêu dùng tín chấp,27,Kinh doanh tự do,22000000.0,Không,6,0.423,,1,2,1,Có,4170000.0,0.0,Có,0
LSCN00014,2022,Vay sản xuất kinh doanh,28,Nội trợ,5000000.0,Không,55,0.589,0.653,2,0,77,Có,1800000.0,72000000.0,Có,0
LSCN00015,2022,Vay sản xuất kinh doanh,39,Công nhân,7800000.0,Có,18,0.517,0.653,1,0,0,Không,2130000.0,254000000.0,Có,0
LSCN00016,2024,Vay mua nhà,34,Kỹ sư,33100000.0,Không,17,0.254,0.592,1,0,0,Có,15410000.0,190000000.0,Có,0
LSCN00017,2021,Vay mua ô tô,34,Kế toán,24600000.0,Có,13,0.194,0.807,1,1,8,Có,20490000.0,188000000.0,Có,0
LSCN00018,2021,Vay mua nhà,41,Bác sĩ,43200000.0,Không,37,0.345,0.539,1,0,0,Không,5870000.0,0.0,Có,0
LSCN00019,2025,Vay mua nhà,39,Bán hàng,21800000.0,Có,48,0.514,0.577,1,0,0,Có,16400000.0,0.0,Có,0
LSCN00020,2024,Vay tiêu dùng tín chấp,36,Lái xe,19400000.0,Có,17,0.278,,1,0,0,Không,11430000.0,1201000000.0,Có,0
LSCN00021,2022,Vay mua nhà,36,Công chức,23300000.0,Có,10,0.247,0.8,1,0,0,Có,27740000.0,0.0,Có,0
LSCN00022,2021,Vay tiêu dùng tín chấp,30,Bác sĩ,29100000.0,Có,36,0.584,,2,0,13,Có,21560000.0,166000000.0,Có,0
LSCN00023,2024,Vay mua ô tô,45,Hưu trí,7500000.0,Không,5,0.572,0.697,1,0,0,Có,11000000.0,0.0,Có,0
LSCN00024,2024,Vay mua ô tô,55,Kinh doanh tự do,10300000.0,Không,25,0.249,0.765,1,0,0,Không,6290000.0,0.0,Có,0
LSCN00025,2022,Vay tiêu dùng tín chấp,25,Kinh doanh tự do,19900000.0,Không,0,0.383,,1,1,7,Có,33090000.0,6900000000.0,Có,0
LSCN00026,2021,Vay sản xuất kinh doanh,56,Nội trợ,5000000.0,Không,19,0.422,0.653,1,1,1,Có,2320000.0,0.0,Có,0
LSCN00027,2022,Vay mua nhà,29,Nội trợ,2000000.0,Không,29,0.558,0.695,2,3,24,Có,470000.0,0.0,Có,0
LSCN00028,2022,Vay tiêu dùng tín chấp,40,Lái xe,14600000.0,Có,5,0.265,,1,0,0,Không,6580000.0,945000000.0,Có,0
LSCN00029,2025,Vay tiêu dùng tín chấp,35,Công nhân,10700000.0,Có,3,0.239,,1,0,0,Có,10440000.0,98000000.0,Có,0
LSCN00030,2021,Vay mua ô tô,37,Bác sĩ,28700000.0,Không,69,0.481,0.637,1,0,0,Có,17860000.0,0.0,Có,0
LSCN00031,2024,Vay tiêu dùng tín chấp,42,Bác sĩ,16500000.0,Có,18,0.288,,1,0,0,Không,4630000.0,0.0,Có,0
LSCN00032,2021,Vay sản xuất kinh doanh,53,Bác sĩ,40000000.0,Có,38,0.387,0.653,1,0,0,Không,143450000.0,0.0,Có,0
LSCN00033,2025,Vay mua ô tô,23,Giáo viên,13500000.0,Không,57,0.353,0.702,1,0,0,Có,3270000.0,164000000.0,Có,0
LSCN00034,2021,Vay tiêu dùng tín chấp,56,Bác sĩ,38300000.0,Không,4,0.344,,1,1,5,Có,11480000.0,0.0,Có,0
LSCN00035,2021,Vay mua nhà,36,Bán hàng,8900000.0,Không,12,0.518,0.537,1,0,0,Không,3380000.0,0.0,Không,0
LSCN00036,2024,Vay tiêu dùng tín chấp,33,Kế toán,29300000.0,Có,51,0.185,,1,0,0,Có,26590000.0,0.0,Có,0
LSCN00037,2022,Vay tiêu dùng tín chấp,30,Giáo viên,29600000.0,Có,14,0.302,,1,0,0,Không,7310000.0,0.0,Có,0
LSCN00038,2023,Vay mua ô tô,35,Kinh doanh tự do,20800000.0,Không,66,0.204,0.671,1,0,0,Có,47750000.0,0.0,Có,0
LSCN00039,2025,Vay mua nhà,34,Lái xe,6800000.0,Không,37,0.357,0.45,1,0,0,Có,8500000.0,0.0,Có,0
LSCN00040,2025,Vay tiêu dùng tín chấp,31,Nội trợ,1500000.0,Không,28,0.132,,2,1,40,Có,60000.0,0.0,Có,0
LSCN00041,2021,Vay mua nhà,37,Nhân viên văn phòng,7900000.0,Không,45,0.556,0.762,2,2,48,Có,2730000.0,0.0,Có,0
LSCN00042,2023,Vay sản xuất kinh doanh,36,Lái xe,9700000.0,Có,31,0.403,0.653,1,0,0,Có,2420000.0,183000000.0,Có,0
LSCN00043,2022,Vay mua nhà,53,Bác sĩ,74300000.0,Có,36,0.354,0.429,1,0,0,Có,20660000.0,2152000000.0,Có,0
LSCN00044,2023,Vay mua nhà,53,Giáo viên,17900000.0,Có,19,0.463,0.519,1,0,0,Không,5860000.0,0.0,Có,0
LSCN00045,2025,Vay sản xuất kinh doanh,40,Công nhân,11500000.0,Không,66,0.265,0.653,1,0,0,Có,5000000.0,0.0,Có,0
LSCN00046,2023,Vay tiêu dùng tín chấp,34,Kinh doanh tự do,41200000.0,Không,58,0.368,,1,0,0,Không,23970000.0,0.0,Có,0
LSCN00047,2022,Vay mua ô tô,29,Hưu trí,3900000.0,Có,5,0.377,0.497,1,0,0,Không,8500000.0,0.0,Có,0
LSCN00048,2024,Vay sản xuất kinh doanh,42,Hưu trí,5800000.0,Có,30,0.188,0.653,1,1,2,Có,360000.0,0.0,Có,0
LSCN00049,2025,Vay mua ô tô,37,Nội trợ,3700000.0,Không,43,0.13,0.518,1,0,0,Không,2630000.0,0.0,Có,0
LSCN00050,2022,Vay tiêu dùng tín chấp,61,Giáo viên,21900000.0,Có,40,0.417,,1,0,0,Có,10720000.0,337000000.0,Có,0
LSCN00051,2023,Vay tiêu dùng tín chấp,28,Giáo viên,14500000.0,Không,14,0.325,,1,0,0,Có,18950000.0,269000000.0,Có,0
LSCN00052,2023,Vay mua nhà,25,Kế toán,14300000.0,Không,6,0.499,0.674,1,0,0,Không,2570000.0,3728000000.0,Có,0
LSCN00053,2025,Vay tiêu dùng tín chấp,24,Nhân viên văn phòng,8800000.0,Có,13,0.451,,1,1,7,Có,4340000.0,0.0,Có,0
LSCN00054,2022,Vay mua nhà,48,Bán hàng,5800000.0,Không,0,0.457,0.581,2,1,48,Có,2060000.0,134000000.0,Có,0
LSCN00055,2024,Vay mua ô tô,26,Kế toán,13400000.0,Không,30,0.458,0.636,1,1,3,Có,10190000.0,1031000000.0,Có,0
LSCN00056,2024,Vay mua ô tô,30,Nội trợ,4400000.0,Không,3,0.478,0.647,1,0,0,Có,3120000.0,0.0,Có,0
LSCN00057,2022,Vay mua ô tô,39,Bác sĩ,36100000.0,Không,35,0.36,0.687,1,0,0,Không,37640000.0,0.0,Có,0
LSCN00058,2022,Vay mua nhà,29,Nội trợ,5400000.0,Không,63,0.222,0.492,1,1,6,Có,2620000.0,0.0,Có,0
LSCN00059,2022,Vay mua nhà,49,Công nhân,11700000.0,Có,60,0.362,0.588,1,0,0,Không,5590000.0,0.0,Có,0
LSCN00060,2022,Vay tiêu dùng tín chấp,23,Nội trợ,3600000.0,Không,163,0.676,,2,3,40,Có,1610000.0,0.0,Có,1
LSCN00061,2025,Vay tiêu dùng tín chấp,55,Kế toán,16600000.0,Không,22,0.312,,1,0,0,Không,4580000.0,0.0,Không,0
LSCN00062,2024,Vay mua nhà,40,Lái xe,8000000.0,Không,20,0.736,0.56,1,0,0,Có,1390000.0,0.0,Có,0
LSCN00063,2024,Vay tiêu dùng tín chấp,37,Lái xe,8800000.0,Không,13,0.426,,2,0,18,Có,4940000.0,0.0,Không,0
LSCN00064,2025,Vay mua nhà,61,Bán hàng,8500000.0,Có,3,0.448,0.605,1,0,0,Không,2240000.0,147000000.0,Có,0
LSCN00065,2025,Vay mua nhà,31,Nhân viên văn phòng,11300000.0,Có,6,0.398,0.458,1,0,0,Có,5310000.0,0.0,Có,0
LSCN00066,2022,Vay mua nhà,38,Lái xe,12800000.0,Có,56,0.162,0.497,1,0,0,Có,42460000.0,0.0,Có,0
LSCN00067,2021,Vay tiêu dùng tín chấp,41,Công chức,11900000.0,Có,16,0.378,,2,2,52,Có,10610000.0,0.0,Có,1
LSCN00068,2021,Vay tiêu dùng tín chấp,50,Kinh doanh tự do,13000000.0,Không,94,0.562,,1,1,8,Có,3760000.0,181000000.0,Có,0
LSCN00069,2024,Vay mua ô tô,42,Nhân viên văn phòng,12000000.0,Có,58,0.207,0.577,1,0,0,Có,3160000.0,0.0,Có,0
LSCN00070,2024,Vay sản xuất kinh doanh,39,Kế toán,12700000.0,Có,11,0.288,0.653,1,1,2,Có,4240000.0,0.0,Có,0
LSCN00071,2022,Vay mua ô tô,21,Hưu trí,10200000.0,Có,6,0.42,0.687,1,0,0,Có,8290000.0,0.0,Có,0
LSCN00072,2025,Vay sản xuất kinh doanh,41,Kế toán,13900000.0,Có,180,0.406,0.653,1,0,0,Không,20380000.0,0.0,Có,0
LSCN00073,2022,Vay mua ô tô,34,Kinh doanh tự do,21100000.0,Không,75,0.599,0.852,1,0,0,Có,12030000.0,0.0,Có,0
LSCN00074,2021,Vay mua ô tô,51,Kế toán,18400000.0,Có,94,0.321,0.699,1,0,0,Không,7950000.0,277000000.0,Có,0
LSCN00075,2024,Vay tiêu dùng tín chấp,37,Kế toán,8600000.0,Không,20,0.282,,1,0,0,Không,2310000.0,0.0,Có,1
LSCN00076,2025,Vay mua nhà,51,Hưu trí,8000000.0,Không,43,0.214,0.79,1,1,7,Có,30000000.0,0.0,Không,0
LSCN00077,2025,Vay tiêu dùng tín chấp,31,Bác sĩ,34300000.0,Không,20,0.341,,1,1,2,Có,70670000.0,0.0,Có,0
LSCN00078,2021,Vay tiêu dùng tín chấp,40,Kinh doanh tự do,19300000.0,Không,180,0.282,,1,0,0,Có,12600000.0,0.0,Có,0
LSCN00079,2024,Vay tiêu dùng tín chấp,40,Kinh doanh tự do,25400000.0,Không,9,0.191,,1,0,0,Có,10130000.0,0.0,Có,0
LSCN00080,2025,Vay tiêu dùng tín chấp,34,Công chức,16800000.0,Có,179,0.305,,1,0,0,Có,19920000.0,0.0,Có,0
LSCN00081,2023,Vay mua nhà,21,Giáo viên,40000000.0,Có,52,0.507,0.53,1,0,0,Có,25390000.0,0.0,Có,0
LSCN00082,2021,Vay tiêu dùng tín chấp,48,Hưu trí,13100000.0,Không,34,0.355,,1,1,4,Có,1460000.0,0.0,Có,0
LSCN00083,2023,Vay sản xuất kinh doanh,46,Hưu trí,16300000.0,Không,18,0.342,0.653,1,0,0,Không,11350000.0,0.0,Có,0
LSCN00084,2024,Vay tiêu dùng tín chấp,21,Công nhân,13800000.0,Có,1,0.327,,2,0,81,Có,18900000.0,0.0,Có,0
LSCN00085,2025,Vay tiêu dùng tín chấp,30,Bác sĩ,46800000.0,Có,48,0.332,,1,0,0,Có,41810000.0,1059000000.0,Có,0
LSCN00086,2022,Vay mua ô tô,46,Giáo viên,23300000.0,Không,23,0.39,0.662,1,1,8,Có,10030000.0,0.0,Có,0
LSCN00087,2023,Vay tiêu dùng tín chấp,25,Bác sĩ,16500000.0,Có,87,0.229,,1,1,7,Có,7200000.0,80000000.0,Có,0
LSCN00088,2024,Vay tiêu dùng tín chấp,44,Kinh doanh tự do,19500000.0,Không,2,0.464,,1,0,0,Có,16010000.0,0.0,Có,0
LSCN00089,2022,Vay sản xuất kinh doanh,36,Bán hàng,9600000.0,Có,121,0.353,0.653,1,0,0,Có,3020000.0,0.0,Có,0
LSCN00090,2025,Vay mua ô tô,37,Kỹ sư,20100000.0,Có,24,0.348,0.681,1,0,0,Có,17530000.0,0.0,Có,0
LSCN00091,2022,Vay tiêu dùng tín chấp,44,Bác sĩ,36600000.0,Có,37,0.414,,2,1,85,Có,18350000.0,464000000.0,Có,0
LSCN00092,2021,Vay sản xuất kinh doanh,44,Kỹ sư,22000000.0,Không,16,0.478,0.653,2,0,32,Có,4520000.0,140000000.0,Có,0
LSCN00093,2023,Vay mua nhà,35,Nhân viên văn phòng,10500000.0,Có,1,0.473,0.551,1,0,0,Không,1250000.0,0.0,Có,0
LSCN00094,2023,Vay mua nhà,28,Hưu trí,8700000.0,Không,1,0.422,0.597,2,0,64,Có,3670000.0,63000000.0,Có,0
LSCN00095,2024,Vay tiêu dùng tín chấp,40,Kế toán,11300000.0,Có,6,0.379,,1,1,1,Có,4990000.0,0.0,Có,0
LSCN00096,2021,Vay mua ô tô,38,Bác sĩ,28200000.0,Có,74,0.362,0.562,1,0,0,Có,41720000.0,1681000000.0,Có,0
LSCN00097,2021,Vay tiêu dùng tín chấp,31,Hưu trí,9100000.0,Có,34,0.272,,2,0,54,Có,25830000.0,0.0,Có,0
LSCN00098,2024,Vay tiêu dùng tín chấp,46,Bán hàng,13600000.0,Có,11,0.442,,1,0,0,Có,49280000.0,168000000.0,Có,0
LSCN00099,2023,Vay tiêu dùng tín chấp,32,Công nhân,19100000.0,Không,28,0.37,,1,0,0,Có,18620000.0,0.0,Không,0
LSCN00100,2025,Vay tiêu dùng tín chấp,39,Hưu trí,6600000.0,Có,104,0.455,,1,0,0,Có,6910000.0,1305000000.0,Có,0
LSCN00101,2021,Vay sản xuất kinh doanh,34,Kỹ sư,70300000.0,Không,39,0.238,0.653,1,0,0,Có,97300000.0,6003000000.0,Có,0
LSCN00102,2022,Vay tiêu dùng tín chấp,53,Công nhân,3300000.0,Có,23,0.542,,2,0,81,Có,840000.0,0.0,Có,0
LSCN00103,2024,Vay mua ô tô,32,Bán hàng,8200000.0,Không,21,0.243,0.54,1,1,8,Có,5500000.0,0.0,Có,0
LSCN00104,2023,Vay sản xuất kinh doanh,37,Kỹ sư,22900000.0,Không,4,0.415,0.653,1,1,9,Có,10130000.0,0.0,Không,0
LSCN00105,2025,Vay mua nhà,24,Nhân viên văn phòng,11400000.0,Không,56,0.493,0.58,1,0,0,Có,6200000.0,500000000.0,Có,0
LSCN00106,2024,Vay tiêu dùng tín chấp,29,Công chức,8800000.0,Không,54,0.46,,1,2,7,Có,2090000.0,266000000.0,Có,0
LSCN00107,2023,Vay tiêu dùng tín chấp,45,Bán hàng,7800000.0,Có,45,0.45,,1,2,5,Có,1190000.0,0.0,Có,0
LSCN00108,2021,Vay mua ô tô,33,Nhân viên văn phòng,19400000.0,Không,25,0.262,0.731,2,0,84,Có,3370000.0,952000000.0,Có,0
LSCN00109,2023,Vay sản xuất kinh doanh,30,Lái xe,8700000.0,Có,29,0.701,0.653,1,1,8,Có,1950000.0,92000000.0,Có,0
LSCN00110,2022,Vay mua ô tô,37,Kế toán,10400000.0,Có,6,0.36,0.567,1,0,0,Có,6910000.0,100000000.0,Có,0
LSCN00111,2022,Vay mua ô tô,45,Kế toán,14700000.0,Có,82,0.416,0.602,1,0,0,Không,16340000.0,0.0,Có,0
LSCN00112,2025,Vay tiêu dùng tín chấp,45,Kinh doanh tự do,15700000.0,Không,22,0.293,,1,0,0,Có,15900000.0,195000000.0,Có,0
LSCN00113,2024,Vay sản xuất kinh doanh,45,Kinh doanh tự do,27600000.0,Không,15,0.138,0.653,1,0,0,Có,20800000.0,570000000.0,Có,0
LSCN00114,2021,Vay mua nhà,31,Kế toán,15700000.0,Có,20,0.317,0.787,2,0,18,Có,5410000.0,0.0,Có,0
LSCN00115,2023,Vay sản xuất kinh doanh,50,Bác sĩ,29900000.0,Có,71,0.308,0.653,1,0,0,Có,11080000.0,0.0,Có,0
LSCN00116,2023,Vay mua ô tô,31,Công nhân,4500000.0,Có,1,0.457,0.67,1,0,0,Không,8490000.0,0.0,Có,0
LSCN00117,2021,Vay mua ô tô,49,Kế toán,18300000.0,Có,83,0.37,0.624,1,1,2,Có,22910000.0,0.0,Có,0
LSCN00118,2021,Vay tiêu dùng tín chấp,30,Kinh doanh tự do,23700000.0,Không,18,0.494,,1,0,0,Không,5440000.0,497000000.0,Không,1
LSCN00119,2024,Vay mua nhà,21,Kỹ sư,47000000.0,Không,38,0.393,0.605,1,0,0,Không,119640000.0,0.0,Có,0
LSCN00120,2021,Vay mua nhà,42,Kế toán,12500000.0,Có,31,0.416,0.77,1,0,0,Không,9570000.0,0.0,Có,0
LSCN00121,2024,Vay tiêu dùng tín chấp,41,Công nhân,7800000.0,Có,37,0.517,,2,0,32,Có,5650000.0,0.0,Có,0
LSCN00122,2024,Vay sản xuất kinh doanh,38,Nội trợ,6900000.0,Không,6,0.632,0.653,2,0,26,Có,4050000.0,0.0,Có,0
LSCN00123,2024,Vay tiêu dùng tín chấp,21,Kế toán,19500000.0,Có,17,0.183,,1,0,0,Có,8610000.0,0.0,Có,0
LSCN00124,2024,Vay tiêu dùng tín chấp,44,Công nhân,11500000.0,Có,9,0.375,,1,0,0,Có,6830000.0,0.0,Có,0
LSCN00125,2021,Vay tiêu dùng tín chấp,50,Giáo viên,27600000.0,Không,23,0.294,,1,1,6,Có,5720000.0,0.0,Có,0
LSCN00126,2024,Vay tiêu dùng tín chấp,35,Kỹ sư,29200000.0,Không,77,0.461,,2,1,33,Có,4690000.0,0.0,Có,0
LSCN00127,2022,Vay tiêu dùng tín chấp,42,Bác sĩ,49700000.0,Có,11,0.523,,1,0,0,Có,35270000.0,2444000000.0,Có,0
LSCN00128,2022,Vay tiêu dùng tín chấp,44,Công nhân,4200000.0,Có,5,0.354,,1,0,0,Không,1540000.0,0.0,Có,0
LSCN00129,2021,Vay sản xuất kinh doanh,45,Lái xe,22700000.0,Không,11,0.45,0.653,1,0,0,Có,94140000.0,139000000.0,Có,0
LSCN00130,2023,Vay mua nhà,45,Kế toán,16200000.0,Không,29,0.074,0.765,1,2,6,Có,9720000.0,0.0,Có,0
LSCN00131,2021,Vay mua ô tô,31,Nội trợ,3600000.0,Không,6,0.23,0.564,1,0,0,Không,2810000.0,103000000.0,Có,0
LSCN00132,2021,Vay mua nhà,55,Nội trợ,1700000.0,Không,10,0.232,0.47,2,1,13,Có,270000.0,0.0,Có,0
LSCN00133,2025,Vay mua ô tô,54,Nội trợ,2500000.0,Không,80,0.592,0.6,1,1,6,Có,3240000.0,66000000.0,Có,0
LSCN00134,2021,Vay tiêu dùng tín chấp,49,Lái xe,10000000.0,Có,43,0.404,,1,0,0,Có,1060000.0,0.0,Có,0
LSCN00135,2024,Vay tiêu dùng tín chấp,28,Bán hàng,11600000.0,Không,25,0.492,,1,0,0,Có,4000000.0,0.0,Có,0
LSCN00136,2021,Vay tiêu dùng tín chấp,37,Công nhân,4300000.0,Không,33,0.604,,1,1,9,Có,6870000.0,203000000.0,Có,0
LSCN00137,2025,Vay mua nhà,35,Hưu trí,7700000.0,Không,0,0.329,0.657,1,0,0,Không,9650000.0,153000000.0,Không,0
LSCN00138,2023,Vay tiêu dùng tín chấp,57,Hưu trí,11300000.0,Không,9,0.58,,1,0,0,Có,9920000.0,449000000.0,Có,0
LSCN00139,2023,Vay sản xuất kinh doanh,52,Công nhân,9600000.0,Có,10,0.178,0.653,1,0,0,Không,5230000.0,123000000.0,Có,0
LSCN00140,2023,Vay tiêu dùng tín chấp,44,Nội trợ,10500000.0,Không,30,0.138,,1,0,0,Có,5810000.0,268000000.0,Có,0
LSCN00141,2023,Vay sản xuất kinh doanh,33,Công nhân,5500000.0,Có,2,0.177,0.653,1,0,0,Có,1230000.0,0.0,Có,0
LSCN00142,2021,Vay sản xuất kinh doanh,24,Công nhân,11000000.0,Có,25,0.243,0.653,1,0,0,Có,8020000.0,613000000.0,Có,0
LSCN00143,2023,Vay mua nhà,46,Lái xe,10100000.0,Có,19,0.362,0.809,1,0,0,Có,1400000.0,0.0,Có,0
LSCN00144,2022,Vay tiêu dùng tín chấp,28,Kinh doanh tự do,21300000.0,Không,5,0.475,,1,1,4,Có,10570000.0,0.0,Có,0
LSCN00145,2025,Vay mua ô tô,42,Giáo viên,8500000.0,Không,28,0.606,0.691,1,0,0,Không,1900000.0,0.0,Có,0
LSCN00146,2022,Vay tiêu dùng tín chấp,51,Giáo viên,13400000.0,Không,11,0.598,,1,0,0,Có,6410000.0,0.0,Có,1
LSCN00147,2021,Vay mua nhà,24,Nội trợ,3700000.0,Không,22,0.554,0.556,2,1,55,Có,870000.0,0.0,Không,0
LSCN00148,2021,Vay mua nhà,30,Nội trợ,6300000.0,Không,6,0.408,0.816,1,1,5,Có,4860000.0,0.0,Có,0
LSCN00149,2025,Vay mua nhà,33,Công nhân,9700000.0,Có,82,0.435,0.551,1,0,0,Không,4370000.0,79000000.0,Có,0
LSCN00150,2023,Vay tiêu dùng tín chấp,41,Hưu trí,8200000.0,Có,26,0.36,,1,0,0,Có,5490000.0,84000000.0,Có,0
LSCN00151,2022,Vay sản xuất kinh doanh,48,Nội trợ,2600000.0,Không,81,0.731,0.653,2,0,75,Có,710000.0,0.0,Không,1
LSCN00152,2023,Vay mua ô tô,30,Giáo viên,9600000.0,Không,83,0.431,0.852,1,0,0,Có,9920000.0,0.0,Có,0
LSCN00153,2025,Vay tiêu dùng tín chấp,38,Giáo viên,16100000.0,Có,41,0.714,,1,1,3,Có,31700000.0,0.0,Có,0
LSCN00154,2025,Vay mua nhà,43,Kế toán,17100000.0,Không,13,0.295,0.749,2,0,21,Có,12150000.0,102000000.0,Có,0
LSCN00155,2021,Vay sản xuất kinh doanh,44,Kế toán,8800000.0,Không,23,0.392,0.653,2,1,26,Có,2250000.0,0.0,Có,0
LSCN00156,2022,Vay mua nhà,32,Công nhân,6800000.0,Không,4,0.638,0.758,1,1,9,Có,2890000.0,0.0,Có,0
LSCN00157,2022,Vay tiêu dùng tín chấp,45,Kinh doanh tự do,31500000.0,Không,70,0.519,,1,0,0,Không,27900000.0,356000000.0,Có,0
LSCN00158,2023,Vay sản xuất kinh doanh,27,Kỹ sư,39100000.0,Có,5,0.292,0.653,1,0,0,Không,10210000.0,242000000.0,Có,0
LSCN00159,2022,Vay sản xuất kinh doanh,21,Nhân viên văn phòng,7900000.0,Có,35,0.597,0.653,1,0,0,Có,2310000.0,0.0,Có,0
LSCN00160,2024,Vay tiêu dùng tín chấp,38,Lái xe,10800000.0,Không,85,0.405,,1,0,0,Không,6830000.0,0.0,Có,0
LSCN00161,2025,Vay tiêu dùng tín chấp,40,Kỹ sư,54900000.0,Có,0,0.274,,1,1,9,Có,26510000.0,0.0,Có,0
LSCN00162,2023,Vay mua ô tô,23,Công chức,38200000.0,Không,35,0.086,0.51,1,0,0,Có,79090000.0,0.0,Có,0
LSCN00163,2023,Vay mua nhà,21,Kinh doanh tự do,58300000.0,Không,37,0.226,0.477,1,0,0,Không,52880000.0,12618000000.0,Có,0
LSCN00164,2023,Vay tiêu dùng tín chấp,39,Giáo viên,7600000.0,Có,7,0.075,,1,0,0,Có,50490000.0,0.0,Có,0
LSCN00165,2023,Vay mua ô tô,21,Giáo viên,17000000.0,Có,13,0.445,0.669,1,0,0,Có,41430000.0,0.0,Có,0
LSCN00166,2021,Vay mua nhà,51,Nhân viên văn phòng,4800000.0,Có,8,0.675,0.595,1,0,0,Không,1880000.0,0.0,Có,0
LSCN00167,2022,Vay tiêu dùng tín chấp,34,Công nhân,4400000.0,Không,13,0.742,,1,0,0,Có,1360000.0,6000000.0,Có,0
LSCN00168,2025,Vay tiêu dùng tín chấp,30,Hưu trí,6100000.0,Không,109,0.358,,1,0,0,Có,3140000.0,219000000.0,Có,0
LSCN00169,2024,Vay tiêu dùng tín chấp,40,Bán hàng,11600000.0,Không,11,0.283,,1,0,0,Không,3100000.0,0.0,Có,0
LSCN00170,2022,Vay tiêu dùng tín chấp,31,Lái xe,9700000.0,Có,72,0.418,,1,0,0,Không,4000000.0,0.0,Có,0
LSCN00171,2024,Vay sản xuất kinh doanh,47,Bán hàng,14900000.0,Có,7,0.66,0.653,2,0,42,Có,8640000.0,274000000.0,Có,0
LSCN00172,2023,Vay sản xuất kinh doanh,40,Hưu trí,6200000.0,Có,12,0.534,0.653,1,0,0,Có,4310000.0,0.0,Có,0
LSCN00173,2023,Vay tiêu dùng tín chấp,38,Kỹ sư,21100000.0,Không,24,0.401,,1,0,0,Không,13330000.0,0.0,Có,1
LSCN00174,2021,Vay mua ô tô,26,Công nhân,10000000.0,Không,72,0.421,0.765,1,0,0,Có,4840000.0,0.0,Có,0
LSCN00175,2022,Vay sản xuất kinh doanh,34,Kỹ sư,13500000.0,Có,2,0.356,0.653,1,0,0,Không,19400000.0,601000000.0,Có,0
LSCN00176,2025,Vay tiêu dùng tín chấp,46,Nhân viên văn phòng,7600000.0,Không,2,0.366,,1,0,0,Có,12480000.0,0.0,Có,0
LSCN00177,2025,Vay tiêu dùng tín chấp,51,Công chức,15900000.0,Có,8,0.353,,1,0,0,Có,4720000.0,108000000.0,Có,0
LSCN00178,2024,Vay tiêu dùng tín chấp,41,Giáo viên,8100000.0,Có,4,0.75,,3,0,172,Có,2450000.0,0.0,Có,0
LSCN00179,2021,Vay mua nhà,27,Bán hàng,12000000.0,Không,33,0.363,0.695,1,0,0,Không,5420000.0,0.0,Có,0
LSCN00180,2022,Vay tiêu dùng tín chấp,48,Bác sĩ,45100000.0,Có,128,0.13,,1,0,0,Có,73420000.0,1540000000.0,Có,0
LSCN00181,2024,Vay sản xuất kinh doanh,47,Kế toán,15600000.0,Có,17,0.264,0.653,1,0,0,Không,3980000.0,0.0,Có,0
LSCN00182,2022,Vay mua nhà,40,Giáo viên,10200000.0,Không,27,0.346,0.491,1,0,0,Có,6280000.0,1020000000.0,Có,0
LSCN00183,2022,Vay sản xuất kinh doanh,52,Bác sĩ,44700000.0,Không,13,0.109,0.653,1,0,0,Không,74110000.0,4577000000.0,Có,0
LSCN00184,2024,Vay tiêu dùng tín chấp,61,Nhân viên văn phòng,49400000.0,Có,13,0.451,,1,0,0,Có,29950000.0,2961000000.0,Có,0
LSCN00185,2022,Vay mua nhà,31,Bán hàng,11600000.0,Không,7,0.398,0.511,1,0,0,Có,2990000.0,370000000.0,Có,0
LSCN00186,2023,Vay mua nhà,36,Nội trợ,7300000.0,Không,8,0.563,0.618,1,0,0,Có,8840000.0,0.0,Có,0
LSCN00187,2025,Vay sản xuất kinh doanh,29,Lái xe,8200000.0,Có,7,0.334,0.653,1,0,0,Có,5650000.0,0.0,Có,0
LSCN00188,2022,Vay mua nhà,47,Công nhân,6900000.0,Không,105,0.535,0.631,1,0,0,Có,2540000.0,65000000.0,Có,0
LSCN00189,2023,Vay tiêu dùng tín chấp,46,Nội trợ,3900000.0,Không,40,0.414,,1,1,1,Có,4700000.0,283000000.0,Có,0
LSCN00190,2023,Vay mua ô tô,42,Nhân viên văn phòng,19700000.0,Có,7,0.447,0.489,1,0,0,Có,15850000.0,538000000.0,Có,0
LSCN00191,2025,Vay mua nhà,23,Công nhân,8500000.0,Có,42,0.492,0.699,1,1,6,Có,4460000.0,0.0,Có,0
LSCN00192,2023,Vay tiêu dùng tín chấp,42,Công nhân,11200000.0,Có,8,0.571,,1,1,8,Có,12540000.0,119000000.0,Có,0
LSCN00193,2022,Vay tiêu dùng tín chấp,33,Hưu trí,9300000.0,Không,35,0.308,,1,0,0,Có,5280000.0,101000000.0,Có,0
LSCN00194,2024,Vay mua nhà,47,Giáo viên,11400000.0,Có,91,0.515,0.549,1,0,0,Không,12490000.0,222000000.0,Có,0
LSCN00195,2025,Vay mua ô tô,48,Bán hàng,12500000.0,Không,22,0.559,0.647,1,0,0,Có,13170000.0,0.0,Có,0
LSCN00196,2021,Vay tiêu dùng tín chấp,58,Nhân viên văn phòng,15200000.0,Có,35,0.29,,2,1,80,Có,30510000.0,0.0,Có,0
LSCN00197,2025,Vay mua ô tô,22,Bán hàng,7000000.0,Có,44,0.379,0.918,1,0,0,Có,950000.0,51000000.0,Có,0
LSCN00198,2025,Vay tiêu dùng tín chấp,21,Kinh doanh tự do,27100000.0,Không,34,0.524,,1,0,0,Không,4290000.0,1516000000.0,Có,0
LSCN00199,2022,Vay mua ô tô,38,Bác sĩ,21300000.0,Không,19,0.29,0.724,1,0,0,Có,20930000.0,0.0,Có,0
LSCN00200,2025,Vay mua ô tô,42,Công nhân,32900000.0,Không,103,0.179,0.69,1,0,0,Có,5270000.0,0.0,Có,0
LSCN00201,2025,Vay tiêu dùng tín chấp,30,Bác sĩ,94000000.0,Có,10,0.208,,1,0,0,Có,198720000.0,3617000000.0,Có,0
LSCN00202,2022,Vay tiêu dùng tín chấp,44,Kế toán,26000000.0,Có,18,0.096,,1,0,0,Không,87050000.0,0.0,Có,0
LSCN00203,2021,Vay mua nhà,33,Nội trợ,2800000.0,Không,6,0.175,0.589,1,0,0,Có,4300000.0,0.0,Có,0
LSCN00204,2024,Vay mua nhà,37,Công chức,12800000.0,Không,111,0.268,0.521,1,0,0,Có,8790000.0,0.0,Có,0
LSCN00205,2022,Vay mua ô tô,21,Bán hàng,6300000.0,Không,37,0.455,0.73,2,2,62,Có,3630000.0,0.0,Có,0
LSCN00206,2022,Vay mua ô tô,30,Hưu trí,13600000.0,Không,2,0.46,0.563,2,1,40,Có,2830000.0,563000000.0,Có,1
LSCN00207,2021,Vay tiêu dùng tín chấp,51,Kỹ sư,36500000.0,Có,129,0.472,,1,0,0,Không,15220000.0,1104000000.0,Có,0
LSCN00208,2025,Vay tiêu dùng tín chấp,29,Giáo viên,21200000.0,Có,16,0.263,,1,0,0,Có,23690000.0,0.0,Có,0
LSCN00209,2021,Vay mua nhà,51,Lái xe,5400000.0,Không,7,0.142,0.621,1,0,0,Không,1930000.0,65000000.0,Có,0
LSCN00210,2021,Vay mua ô tô,52,Kỹ sư,17800000.0,Có,61,0.405,0.524,1,0,0,Có,13530000.0,0.0,Có,0
LSCN00211,2025,Vay mua ô tô,30,Kinh doanh tự do,26300000.0,Không,58,0.428,0.797,1,0,0,Có,24910000.0,1232000000.0,Có,0
LSCN00212,2023,Vay sản xuất kinh doanh,36,Kinh doanh tự do,17300000.0,Không,3,0.628,0.653,2,2,88,Có,4870000.0,0.0,Có,1
LSCN00213,2024,Vay tiêu dùng tín chấp,22,Công nhân,8400000.0,Có,31,0.423,,2,2,52,Có,5930000.0,0.0,Có,1
LSCN00214,2022,Vay mua ô tô,50,Lái xe,14000000.0,Không,34,0.48,0.746,1,0,0,Không,20420000.0,1322000000.0,Có,0
LSCN00215,2025,Vay sản xuất kinh doanh,45,Công nhân,9600000.0,Không,34,0.407,0.653,2,0,28,Có,2680000.0,0.0,Có,0
LSCN00216,2022,Vay tiêu dùng tín chấp,36,Kế toán,26500000.0,Không,18,0.403,,1,0,0,Không,5560000.0,0.0,Có,0
LSCN00217,2024,Vay tiêu dùng tín chấp,35,Bán hàng,9700000.0,Không,21,0.339,,1,0,0,Có,9330000.0,76000000.0,Không,0
LSCN00218,2023,Vay sản xuất kinh doanh,38,Kế toán,19800000.0,Không,2,0.542,0.653,2,0,87,Có,16690000.0,337000000.0,Có,0
LSCN00219,2023,Vay mua nhà,56,Kinh doanh tự do,45300000.0,Không,137,0.201,0.482,1,0,0,Có,19340000.0,3493000000.0,Có,0
LSCN00220,2022,Vay sản xuất kinh doanh,40,Kế toán,14900000.0,Có,139,0.317,0.653,1,0,0,Có,6710000.0,82000000.0,Có,1
LSCN00221,2022,Vay mua nhà,32,Bán hàng,20800000.0,Có,4,0.358,0.701,1,1,9,Có,10510000.0,0.0,Có,0
LSCN00222,2023,Vay tiêu dùng tín chấp,35,Kế toán,24000000.0,Có,3,0.164,,1,0,0,Có,7160000.0,0.0,Có,0
LSCN00223,2023,Vay mua nhà,55,Lái xe,16300000.0,Có,11,0.42,0.621,1,0,0,Có,8170000.0,0.0,Có,0
LSCN00224,2021,Vay mua nhà,31,Công nhân,8400000.0,Có,6,0.553,0.711,2,0,61,Có,5680000.0,0.0,Có,1
LSCN00225,2024,Vay mua ô tô,41,Công chức,13400000.0,Không,82,0.359,0.823,1,0,0,Có,21550000.0,1272000000.0,Có,0
LSCN00226,2022,Vay mua nhà,52,Giáo viên,13500000.0,Có,6,0.136,0.512,1,0,0,Có,10220000.0,0.0,Có,0
LSCN00227,2021,Vay tiêu dùng tín chấp,38,Lái xe,17500000.0,Không,67,0.607,,1,0,0,Có,16300000.0,673000000.0,Có,0
LSCN00228,2024,Vay sản xuất kinh doanh,35,Kinh doanh tự do,22000000.0,Không,41,0.307,0.653,1,2,4,Có,6740000.0,0.0,Có,0
LSCN00229,2021,Vay mua ô tô,30,Bán hàng,8600000.0,Có,23,0.633,0.662,2,0,59,Có,4830000.0,0.0,Có,0
LSCN00230,2021,Vay tiêu dùng tín chấp,21,Hưu trí,10600000.0,Có,47,0.397,,2,0,48,Có,8350000.0,0.0,Có,0
LSCN00231,2025,Vay tiêu dùng tín chấp,29,Giáo viên,16000000.0,Không,1,0.369,,1,0,0,Có,7260000.0,0.0,Có,0
LSCN00232,2023,Vay mua nhà,21,Kinh doanh tự do,12800000.0,Không,53,0.499,0.832,1,0,0,Không,5110000.0,61000000.0,Có,0
LSCN00233,2024,Vay sản xuất kinh doanh,39,Nhân viên văn phòng,9700000.0,Có,14,0.31,0.653,1,0,0,Không,6590000.0,0.0,Có,0
LSCN00234,2021,Vay mua ô tô,29,Lái xe,8600000.0,Có,33,0.349,0.717,1,0,0,Không,2440000.0,361000000.0,Có,0
LSCN00235,2025,Vay tiêu dùng tín chấp,35,Công chức,14600000.0,Có,101,0.56,,1,0,0,Có,16640000.0,195000000.0,Có,0
LSCN00236,2023,Vay mua ô tô,36,Lái xe,7000000.0,Có,7,0.443,0.815,1,2,7,Có,2310000.0,296000000.0,Có,0
LSCN00237,2024,Vay sản xuất kinh doanh,23,Bán hàng,17300000.0,Có,180,0.413,0.653,1,0,0,Không,15170000.0,354000000.0,Có,0
LSCN00238,2025,Vay mua nhà,36,Nội trợ,3600000.0,Không,12,0.441,0.85,2,0,18,Có,1820000.0,0.0,Có,0
LSCN00239,2024,Vay mua ô tô,34,Kế toán,21600000.0,Có,25,0.296,0.782,1,0,0,Có,9980000.0,0.0,Có,0
LSCN00240,2024,Vay tiêu dùng tín chấp,43,Công nhân,7900000.0,Có,9,0.503,,1,1,2,Có,4680000.0,67000000.0,Có,0
LSCN00241,2024,Vay tiêu dùng tín chấp,25,Bác sĩ,22300000.0,Có,0,0.374,,2,0,43,Có,45440000.0,0.0,Có,0
LSCN00242,2023,Vay mua nhà,25,Nhân viên văn phòng,19000000.0,Có,82,0.326,0.672,1,0,0,Có,10590000.0,0.0,Có,0
LSCN00243,2023,Vay sản xuất kinh doanh,35,Hưu trí,7200000.0,Không,57,0.293,0.653,1,0,0,Không,7030000.0,19000000.0,Có,0
LSCN00244,2022,Vay tiêu dùng tín chấp,57,Công chức,22100000.0,Không,37,0.355,,2,0,52,Có,8240000.0,112000000.0,Có,0
LSCN00245,2021,Vay mua ô tô,23,Công nhân,13300000.0,Không,77,0.396,0.727,1,1,8,Có,1830000.0,0.0,Có,0
LSCN00246,2025,Vay tiêu dùng tín chấp,42,Nội trợ,6900000.0,Không,17,0.458,,1,0,0,Không,11210000.0,0.0,Có,0
LSCN00247,2023,Vay tiêu dùng tín chấp,43,Bác sĩ,28800000.0,Không,16,0.511,,1,0,0,Không,136820000.0,0.0,Có,1
LSCN00248,2024,Vay sản xuất kinh doanh,35,Giáo viên,18200000.0,Có,39,0.348,0.653,1,0,0,Không,48460000.0,0.0,Có,0
LSCN00249,2023,Vay mua nhà,45,Kế toán,8700000.0,Có,93,0.59,0.797,3,0,110,Có,4030000.0,62000000.0,Có,0
LSCN00250,2021,Vay sản xuất kinh doanh,40,Giáo viên,7800000.0,Không,35,0.276,0.653,2,1,16,Có,2540000.0,0.0,Có,0
LSCN00251,2025,Vay sản xuất kinh doanh,32,Hưu trí,4200000.0,Có,29,0.535,0.653,1,0,0,Có,1550000.0,0.0,Có,0
LSCN00252,2025,Vay mua ô tô,39,Giáo viên,10800000.0,Không,28,0.53,0.564,1,0,0,Có,6400000.0,0.0,Có,0
LSCN00253,2025,Vay mua nhà,23,Kỹ sư,33500000.0,Có,63,0.265,0.613,1,1,1,Có,31440000.0,2001000000.0,Có,0
LSCN00254,2023,Vay tiêu dùng tín chấp,22,Bán hàng,22100000.0,Không,29,0.334,,1,0,0,Không,32930000.0,0.0,Có,0
LSCN00255,2024,Vay mua ô tô,49,Công chức,22900000.0,Không,116,0.479,0.8,2,0,71,Có,13390000.0,1768000000.0,Có,0
LSCN00256,2024,Vay mua nhà,41,Lái xe,28600000.0,Có,31,0.494,0.623,1,0,0,Không,25060000.0,714000000.0,Có,0
LSCN00257,2025,Vay sản xuất kinh doanh,42,Nội trợ,3600000.0,Không,18,0.717,0.653,2,2,86,Có,780000.0,0.0,Có,0
LSCN00258,2023,Vay sản xuất kinh doanh,43,Nhân viên văn phòng,12400000.0,Có,32,0.383,0.653,1,0,0,Có,9930000.0,257000000.0,Có,0
LSCN00259,2023,Vay mua ô tô,40,Bác sĩ,40100000.0,Có,69,0.447,0.738,1,0,0,Có,83970000.0,537000000.0,Có,0
LSCN00260,2022,Vay tiêu dùng tín chấp,33,Bán hàng,12100000.0,Có,11,0.547,,2,1,54,Có,4140000.0,0.0,Có,0
LSCN00261,2023,Vay mua ô tô,37,Bán hàng,17700000.0,Có,51,0.269,0.746,1,0,0,Có,24770000.0,0.0,Có,0
LSCN00262,2024,Vay mua nhà,33,Kỹ sư,26200000.0,Có,26,0.554,0.716,1,0,0,Có,19030000.0,0.0,Có,0
LSCN00263,2022,Vay mua ô tô,55,Hưu trí,9600000.0,Không,27,0.38,0.614,1,0,0,Có,8580000.0,0.0,Không,0
LSCN00264,2023,Vay tiêu dùng tín chấp,32,Bán hàng,13600000.0,Không,14,0.421,,1,0,0,Có,13730000.0,0.0,Có,0
LSCN00265,2023,Vay mua ô tô,51,Bác sĩ,12800000.0,Có,5,0.525,0.805,1,0,0,Có,2920000.0,0.0,Có,0
LSCN00266,2021,Vay tiêu dùng tín chấp,42,Nhân viên văn phòng,15400000.0,Không,38,0.508,,2,3,47,Có,3850000.0,0.0,Có,0
LSCN00267,2022,Vay mua nhà,51,Công chức,11900000.0,Có,43,0.28,0.579,1,0,0,Có,49480000.0,0.0,Có,0
LSCN00268,2024,Vay tiêu dùng tín chấp,44,Công chức,11100000.0,Có,14,0.49,,1,0,0,Không,26850000.0,0.0,Có,0
LSCN00269,2021,Vay mua nhà,30,Lái xe,5100000.0,Có,17,0.249,0.519,1,0,0,Có,3410000.0,91000000.0,Có,0
LSCN00270,2025,Vay tiêu dùng tín chấp,29,Công chức,14300000.0,Có,21,0.51,,1,0,0,Có,8860000.0,511000000.0,Có,0
LSCN00271,2021,Vay mua nhà,28,Bác sĩ,26400000.0,Không,18,0.518,0.818,1,1,6,Có,16150000.0,473000000.0,Có,0
LSCN00272,2021,Vay mua ô tô,34,Giáo viên,11100000.0,Có,24,0.243,0.567,1,1,1,Có,9330000.0,0.0,Có,0
LSCN00273,2025,Vay sản xuất kinh doanh,42,Kinh doanh tự do,18900000.0,Không,11,0.195,0.653,2,0,83,Có,24640000.0,0.0,Có,0
LSCN00274,2023,Vay mua nhà,37,Hưu trí,10100000.0,Không,63,0.49,0.623,1,0,0,Có,33350000.0,0.0,Có,0
LSCN00275,2023,Vay mua ô tô,44,Nội trợ,3300000.0,Không,29,0.418,0.696,2,1,30,Có,700000.0,0.0,Không,0
LSCN00276,2021,Vay tiêu dùng tín chấp,38,Lái xe,10000000.0,Có,5,0.514,,1,0,0,Có,2680000.0,758000000.0,Có,0
LSCN00277,2024,Vay tiêu dùng tín chấp,37,Bán hàng,15200000.0,Có,10,0.6,,2,2,87,Có,9280000.0,65000000.0,Có,1
LSCN00278,2024,Vay sản xuất kinh doanh,31,Hưu trí,11500000.0,Có,4,0.519,0.653,1,0,0,Không,50400000.0,0.0,Có,0
LSCN00279,2021,Vay sản xuất kinh doanh,48,Kế toán,10800000.0,Có,30,0.377,0.653,1,0,0,Không,7860000.0,346000000.0,Có,0
LSCN00280,2023,Vay mua nhà,44,Kinh doanh tự do,20400000.0,Không,29,0.746,0.626,2,0,39,Có,790000.0,600000000.0,Có,0
LSCN00281,2023,Vay mua ô tô,49,Hưu trí,3900000.0,Có,24,0.57,0.587,1,1,2,Có,550000.0,0.0,Có,0
LSCN00282,2023,Vay tiêu dùng tín chấp,40,Bán hàng,12000000.0,Có,20,0.689,,1,0,0,Không,4710000.0,0.0,Có,0
LSCN00283,2023,Vay tiêu dùng tín chấp,54,Kế toán,28500000.0,Có,41,0.266,,1,0,0,Có,43140000.0,3803000000.0,Có,0
LSCN00284,2022,Vay mua ô tô,21,Bác sĩ,27400000.0,Không,32,0.458,0.681,1,0,0,Có,21400000.0,2233000000.0,Có,0
LSCN00285,2022,Vay mua nhà,51,Hưu trí,13800000.0,Có,88,0.146,0.491,1,0,0,Có,4500000.0,619000000.0,Có,0
LSCN00286,2024,Vay tiêu dùng tín chấp,55,Nhân viên văn phòng,20900000.0,Không,6,0.537,,1,0,0,Không,9400000.0,0.0,Có,0
LSCN00287,2024,Vay mua ô tô,53,Lái xe,14600000.0,Không,0,0.136,0.646,1,1,1,Có,14620000.0,0.0,Có,0
LSCN00288,2022,Vay tiêu dùng tín chấp,33,Công nhân,15300000.0,Không,19,0.591,,2,0,89,Có,10580000.0,40000000.0,Có,0
LSCN00289,2022,Vay mua nhà,32,Giáo viên,9000000.0,Có,45,0.424,0.576,1,0,0,Không,31210000.0,0.0,Có,0
LSCN00290,2021,Vay tiêu dùng tín chấp,45,Nhân viên văn phòng,18800000.0,Có,23,0.409,,1,0,0,Không,22920000.0,96000000.0,Có,0
LSCN00291,2022,Vay mua ô tô,22,Giáo viên,17000000.0,Không,91,0.269,0.63,1,0,0,Có,54320000.0,0.0,Có,0
LSCN00292,2023,Vay mua nhà,44,Công nhân,5300000.0,Không,66,0.122,0.589,1,0,0,Có,8380000.0,361000000.0,Có,0
LSCN00293,2025,Vay mua nhà,21,Bác sĩ,44500000.0,Không,37,0.441,0.574,1,0,0,Có,18340000.0,747000000.0,Có,0
LSCN00294,2022,Vay mua ô tô,49,Kinh doanh tự do,10000000.0,Không,0,0.487,0.51,1,1,4,Có,21450000.0,0.0,Có,0
LSCN00295,2024,Vay sản xuất kinh doanh,54,Kế toán,17800000.0,Có,6,0.328,0.653,1,0,0,Có,10410000.0,0.0,Có,0
LSCN00296,2025,Vay mua nhà,42,Nội trợ,7200000.0,Không,31,0.307,0.504,1,0,0,Có,3490000.0,1076000000.0,Có,0
LSCN00297,2021,Vay mua nhà,21,Giáo viên,7300000.0,Có,8,0.547,0.714,2,1,28,Có,3990000.0,153000000.0,Có,0
LSCN00298,2025,Vay tiêu dùng tín chấp,40,Nhân viên văn phòng,19100000.0,Không,14,0.527,,1,0,0,Có,62480000.0,609000000.0,Có,0
LSCN00299,2021,Vay tiêu dùng tín chấp,38,Giáo viên,5300000.0,Có,4,0.29,,1,0,0,Có,2660000.0,0.0,Có,0
LSCN00300,2023,Vay tiêu dùng tín chấp,38,Kế toán,21600000.0,Không,75,0.323,,1,0,0,Có,11690000.0,147000000.0,Có,0
LSCN00301,2022,Vay tiêu dùng tín chấp,25,Giáo viên,13800000.0,Có,21,0.371,,1,0,0,Không,6300000.0,229000000.0,Có,0
LSCN00302,2022,Vay tiêu dùng tín chấp,46,Kỹ sư,36400000.0,Không,24,0.155,,1,0,0,Có,59060000.0,0.0,Có,0
LSCN00303,2022,Vay mua nhà,32,Giáo viên,12500000.0,Có,4,0.272,0.575,1,0,0,Không,4690000.0,97000000.0,Có,0
LSCN00304,2021,Vay sản xuất kinh doanh,51,Giáo viên,21500000.0,Có,58,0.211,0.653,1,0,0,Có,20180000.0,284000000.0,Có,0
LSCN00305,2022,Vay tiêu dùng tín chấp,30,Hưu trí,10600000.0,Không,16,0.58,,1,0,0,Không,5580000.0,0.0,Có,1
LSCN00306,2025,Vay sản xuất kinh doanh,47,Nội trợ,2300000.0,Không,53,0.672,0.653,2,1,45,Có,430000.0,0.0,Có,1
LSCN00307,2025,Vay mua ô tô,40,Hưu trí,6500000.0,Không,4,0.512,0.629,1,0,0,Có,690000.0,75000000.0,Có,0
LSCN00308,2025,Vay tiêu dùng tín chấp,31,Nhân viên văn phòng,9600000.0,Không,38,0.45,,1,0,0,Không,13470000.0,0.0,Có,0
LSCN00309,2024,Vay tiêu dùng tín chấp,52,Kinh doanh tự do,19800000.0,Không,13,0.313,,1,0,0,Không,8830000.0,0.0,Có,0
LSCN00310,2021,Vay mua ô tô,41,Giáo viên,12800000.0,Không,54,0.35,0.764,1,1,7,Có,4700000.0,0.0,Có,0
LSCN00311,2023,Vay mua nhà,52,Bác sĩ,45700000.0,Không,47,0.161,0.809,1,1,3,Có,35300000.0,7123000000.0,Có,0
LSCN00312,2025,Vay tiêu dùng tín chấp,50,Nội trợ,13800000.0,Không,28,0.451,,1,1,8,Có,13760000.0,800000000.0,Có,0
LSCN00313,2024,Vay tiêu dùng tín chấp,21,Hưu trí,6000000.0,Không,3,0.286,,2,0,76,Có,2960000.0,17000000.0,Có,0
LSCN00314,2021,Vay sản xuất kinh doanh,55,Nhân viên văn phòng,7000000.0,Có,58,0.425,0.653,1,0,0,Có,4500000.0,551000000.0,Có,0
LSCN00315,2023,Vay tiêu dùng tín chấp,47,Giáo viên,8000000.0,Có,137,0.398,,1,0,0,Có,11740000.0,0.0,Có,0
LSCN00316,2022,Vay mua nhà,30,Nhân viên văn phòng,18000000.0,Không,24,0.446,0.565,1,0,0,Có,12190000.0,0.0,Có,0
LSCN00317,2021,Vay sản xuất kinh doanh,24,Bán hàng,9700000.0,Không,23,0.25,0.653,2,0,78,Có,2830000.0,163000000.0,Có,0
LSCN00318,2021,Vay tiêu dùng tín chấp,21,Kỹ sư,15200000.0,Có,59,0.235,,1,0,0,Có,36130000.0,413000000.0,Có,0
LSCN00319,2022,Vay mua ô tô,38,Kinh doanh tự do,57800000.0,Không,23,0.34,0.714,1,0,0,Không,14770000.0,0.0,Có,0
LSCN00320,2025,Vay mua ô tô,37,Giáo viên,17500000.0,Có,44,0.359,0.597,1,0,0,Không,20260000.0,0.0,Có,0
LSCN00321,2022,Vay mua nhà,32,Công chức,7600000.0,Có,1,0.27,0.752,2,0,14,Có,1650000.0,0.0,Có,1
LSCN00322,2023,Vay tiêu dùng tín chấp,42,Nhân viên văn phòng,8400000.0,Không,34,0.375,,2,0,44,Có,2490000.0,105000000.0,Có,0
LSCN00323,2024,Vay tiêu dùng tín chấp,42,Bán hàng,12600000.0,Không,3,0.426,,1,1,6,Có,5570000.0,0.0,Có,0
LSCN00324,2025,Vay mua nhà,21,Công nhân,18600000.0,Có,6,0.309,0.651,1,2,3,Có,6380000.0,331000000.0,Có,0
LSCN00325,2022,Vay tiêu dùng tín chấp,22,Bác sĩ,12800000.0,Có,20,0.197,,1,0,0,Có,800000.0,369000000.0,Có,1
LSCN00326,2022,Vay mua nhà,29,Bác sĩ,23200000.0,Có,32,0.614,0.637,2,0,19,Có,17390000.0,0.0,Có,0
LSCN00327,2022,Vay mua ô tô,29,Hưu trí,13900000.0,Không,22,0.324,0.526,1,0,0,Có,16150000.0,0.0,Có,0
LSCN00328,2021,Vay mua nhà,31,Nhân viên văn phòng,15900000.0,Không,21,0.328,0.666,1,0,0,Có,3590000.0,208000000.0,Có,0
LSCN00329,2022,Vay mua ô tô,32,Lái xe,6800000.0,Không,18,0.427,0.644,1,0,0,Không,7810000.0,349000000.0,Có,0
LSCN00330,2024,Vay mua ô tô,45,Bác sĩ,33200000.0,Có,130,0.05,0.651,1,0,0,Có,17030000.0,0.0,Có,0
LSCN00331,2024,Vay mua ô tô,30,Bác sĩ,31800000.0,Có,41,0.314,0.913,1,0,0,Không,20710000.0,0.0,Có,0
LSCN00332,2025,Vay sản xuất kinh doanh,33,Công chức,11500000.0,Không,3,0.145,0.653,1,0,0,Có,14920000.0,1331000000.0,Có,0
LSCN00333,2022,Vay tiêu dùng tín chấp,44,Công nhân,4300000.0,Có,4,0.566,,1,0,0,Không,910000.0,0.0,Có,0
LSCN00334,2024,Vay tiêu dùng tín chấp,36,Giáo viên,15400000.0,Có,10,0.258,,1,0,0,Có,7170000.0,0.0,Có,0
LSCN00335,2021,Vay mua nhà,28,Giáo viên,12000000.0,Không,1,0.446,0.786,1,0,0,Có,2090000.0,0.0,Có,0
LSCN00336,2025,Vay sản xuất kinh doanh,44,Kế toán,15700000.0,Có,3,0.415,0.653,1,0,0,Không,2170000.0,0.0,Có,0
LSCN00337,2023,Vay tiêu dùng tín chấp,24,Nhân viên văn phòng,7100000.0,Không,0,0.463,,1,1,9,Có,4130000.0,733000000.0,Có,0
LSCN00338,2021,Vay mua ô tô,31,Giáo viên,7800000.0,Có,1,0.534,0.736,1,1,5,Có,2610000.0,0.0,Có,0
LSCN00339,2022,Vay tiêu dùng tín chấp,41,Nội trợ,3900000.0,Không,23,0.426,,1,2,6,Có,4070000.0,0.0,Có,0
LSCN00340,2025,Vay mua ô tô,25,Công chức,12300000.0,Có,157,0.289,0.6,1,0,0,Có,8740000.0,0.0,Có,0
LSCN00341,2022,Vay tiêu dùng tín chấp,37,Nhân viên văn phòng,13200000.0,Không,21,0.616,,2,0,19,Có,13350000.0,762000000.0,Có,0
LSCN00342,2024,Vay sản xuất kinh doanh,46,Giáo viên,14000000.0,Có,69,0.472,0.653,1,1,6,Có,36510000.0,227000000.0,Có,0
LSCN00343,2021,Vay mua nhà,31,Kỹ sư,24100000.0,Có,3,0.22,0.538,1,0,0,Có,12750000.0,0.0,Có,1
LSCN00344,2022,Vay tiêu dùng tín chấp,60,Kế toán,20500000.0,Không,108,0.414,,1,1,6,Có,59420000.0,785000000.0,Có,0
LSCN00345,2024,Vay mua nhà,40,Giáo viên,10900000.0,Có,35,0.489,0.73,1,0,0,Có,6040000.0,0.0,Có,0
LSCN00346,2024,Vay mua nhà,21,Công chức,9900000.0,Không,4,0.355,0.575,1,0,0,Có,5600000.0,18000000.0,Có,0
LSCN00347,2023,Vay tiêu dùng tín chấp,28,Giáo viên,5800000.0,Không,21,0.394,,2,0,41,Có,1080000.0,140000000.0,Có,0
LSCN00348,2022,Vay tiêu dùng tín chấp,47,Bán hàng,17300000.0,Không,15,0.329,,1,1,2,Có,10390000.0,0.0,Có,1
LSCN00349,2024,Vay sản xuất kinh doanh,39,Hưu trí,3900000.0,Có,3,0.72,0.653,1,0,0,Có,3920000.0,0.0,Có,0
LSCN00350,2025,Vay tiêu dùng tín chấp,21,Kế toán,11800000.0,Có,16,0.266,,2,0,70,Có,3230000.0,0.0,Có,0
LSCN00351,2025,Vay tiêu dùng tín chấp,45,Công chức,11100000.0,Có,6,0.202,,1,1,1,Có,6000000.0,127000000.0,Có,0
LSCN00352,2023,Vay mua nhà,37,Hưu trí,11000000.0,Không,32,0.492,0.739,2,1,85,Có,10330000.0,0.0,Có,0
LSCN00353,2021,Vay mua ô tô,58,Kế toán,7100000.0,Không,9,0.558,0.829,1,1,5,Có,3610000.0,175000000.0,Có,0
LSCN00354,2021,Vay mua ô tô,31,Kinh doanh tự do,21300000.0,Không,3,0.43,0.666,1,0,0,Không,16650000.0,241000000.0,Có,0
LSCN00355,2025,Vay mua nhà,39,Kỹ sư,22200000.0,Có,172,0.293,0.626,1,0,0,Có,16000000.0,0.0,Có,0
LSCN00356,2021,Vay mua nhà,55,Công nhân,10900000.0,Có,35,0.416,0.572,1,0,0,Không,2420000.0,0.0,Có,0
LSCN00357,2024,Vay mua nhà,35,Giáo viên,11900000.0,Không,87,0.418,0.697,1,1,5,Có,26020000.0,0.0,Có,0
LSCN00358,2024,Vay tiêu dùng tín chấp,21,Kế toán,17200000.0,Có,3,0.326,,1,0,0,Có,6760000.0,947000000.0,Có,0
LSCN00359,2022,Vay tiêu dùng tín chấp,43,Nhân viên văn phòng,7000000.0,Không,31,0.449,,1,0,0,Có,6950000.0,3470000000.0,Có,0
LSCN00360,2022,Vay mua nhà,36,Bán hàng,13900000.0,Có,1,0.263,0.63,1,0,0,Có,7460000.0,190000000.0,Có,0
LSCN00361,2023,Vay tiêu dùng tín chấp,37,Bán hàng,6500000.0,Không,79,0.097,,1,0,0,Không,850000.0,76000000.0,Có,0
LSCN00362,2025,Vay mua nhà,28,Giáo viên,41600000.0,Không,50,0.331,0.665,1,0,0,Có,48850000.0,0.0,Không,0
LSCN00363,2025,Vay tiêu dùng tín chấp,34,Hưu trí,4200000.0,Có,64,0.642,,1,0,0,Không,4240000.0,192000000.0,Có,0
LSCN00364,2023,Vay tiêu dùng tín chấp,35,Bán hàng,16100000.0,Có,67,0.314,,1,0,0,Không,37720000.0,119000000.0,Có,0
LSCN00365,2025,Vay tiêu dùng tín chấp,26,Công nhân,6500000.0,Có,4,0.299,,1,0,0,Không,1390000.0,137000000.0,Có,0
LSCN00366,2023,Vay mua ô tô,34,Kinh doanh tự do,14700000.0,Không,19,0.3,0.644,1,0,0,Có,6430000.0,0.0,Có,1
LSCN00367,2023,Vay mua ô tô,52,Nội trợ,3600000.0,Không,26,0.242,0.594,1,0,0,Có,1280000.0,0.0,Có,0
LSCN00368,2022,Vay tiêu dùng tín chấp,48,Kế toán,24400000.0,Không,14,0.257,,2,1,31,Có,28600000.0,0.0,Có,1
LSCN00369,2021,Vay tiêu dùng tín chấp,31,Kế toán,20900000.0,Không,41,0.244,,2,0,54,Có,4690000.0,174000000.0,Có,1
LSCN00370,2025,Vay mua nhà,51,Bán hàng,8800000.0,Có,2,0.417,0.662,1,0,0,Không,5200000.0,0.0,Có,0
LSCN00371,2022,Vay tiêu dùng tín chấp,35,Kỹ sư,21800000.0,Có,108,0.347,,2,4,86,Có,10730000.0,0.0,Có,1
LSCN00372,2024,Vay tiêu dùng tín chấp,52,Hưu trí,8000000.0,Không,33,0.497,,2,0,57,Có,1310000.0,0.0,Có,1
LSCN00373,2024,Vay tiêu dùng tín chấp,45,Hưu trí,6600000.0,Không,180,0.207,,1,0,0,Không,12050000.0,98000000.0,Có,0
LSCN00374,2022,Vay mua ô tô,43,Kế toán,12600000.0,Có,2,0.309,0.749,1,0,0,Có,6110000.0,0.0,Có,0
LSCN00375,2025,Vay tiêu dùng tín chấp,41,Hưu trí,7300000.0,Có,20,0.191,,1,0,0,Không,19090000.0,0.0,Có,0
LSCN00376,2023,Vay mua nhà,34,Nhân viên văn phòng,19500000.0,Có,19,0.54,0.788,1,1,9,Có,12540000.0,0.0,Có,0
LSCN00377,2025,Vay mua nhà,33,Nhân viên văn phòng,9000000.0,Không,43,0.642,0.702,1,0,0,Không,1340000.0,68000000.0,Có,0
LSCN00378,2025,Vay mua ô tô,36,Kinh doanh tự do,13600000.0,Không,24,0.157,0.754,1,0,0,Không,6520000.0,195000000.0,Có,0
LSCN00379,2022,Vay tiêu dùng tín chấp,49,Giáo viên,18700000.0,Có,25,0.328,,1,0,0,Có,6350000.0,367000000.0,Có,0
LSCN00380,2022,Vay tiêu dùng tín chấp,36,Lái xe,9300000.0,Có,21,0.705,,1,2,1,Có,6840000.0,121000000.0,Có,0
LSCN00381,2025,Vay mua nhà,50,Giáo viên,34900000.0,Có,3,0.22,0.452,1,0,0,Có,44860000.0,970000000.0,Có,0
LSCN00382,2023,Vay mua nhà,27,Nhân viên văn phòng,14400000.0,Có,54,0.162,0.743,1,0,0,Có,8080000.0,0.0,Có,0
LSCN00383,2023,Vay sản xuất kinh doanh,36,Nhân viên văn phòng,18100000.0,Có,50,0.285,0.653,1,0,0,Không,9560000.0,889000000.0,Có,0
LSCN00384,2022,Vay mua nhà,36,Bán hàng,15200000.0,Có,8,0.247,0.793,2,0,51,Có,3650000.0,0.0,Có,0
LSCN00385,2023,Vay mua nhà,39,Kinh doanh tự do,22500000.0,Không,47,0.388,0.55,1,0,0,Không,4040000.0,2380000000.0,Có,0
LSCN00386,2025,Vay tiêu dùng tín chấp,42,Nhân viên văn phòng,9300000.0,Có,18,0.405,,1,0,0,Có,2270000.0,123000000.0,Có,0
LSCN00387,2025,Vay mua nhà,30,Lái xe,6400000.0,Có,16,0.345,0.779,1,1,9,Có,5110000.0,58000000.0,Có,0
LSCN00388,2023,Vay sản xuất kinh doanh,31,Hưu trí,7500000.0,Có,57,0.435,0.653,1,0,0,Không,3510000.0,181000000.0,Có,0
LSCN00389,2021,Vay tiêu dùng tín chấp,30,Lái xe,14800000.0,Có,34,0.402,,1,0,0,Không,12880000.0,0.0,Có,0
LSCN00390,2025,Vay mua nhà,47,Hưu trí,7700000.0,Có,75,0.428,0.725,1,0,0,Có,17910000.0,1030000000.0,Có,0
LSCN00391,2025,Vay mua nhà,32,Bán hàng,6200000.0,Có,92,0.327,0.719,1,0,0,Có,1270000.0,0.0,Có,0
LSCN00392,2021,Vay mua nhà,41,Công nhân,7500000.0,Có,4,0.635,0.792,2,0,21,Có,7600000.0,23000000.0,Có,0
LSCN00393,2021,Vay sản xuất kinh doanh,46,Bác sĩ,51300000.0,Không,53,0.387,0.653,1,0,0,Không,48710000.0,0.0,Có,0
LSCN00394,2023,Vay mua nhà,53,Nội trợ,4100000.0,Không,6,0.334,0.832,1,1,8,Có,1630000.0,0.0,Có,0
LSCN00395,2021,Vay tiêu dùng tín chấp,43,Công chức,32000000.0,Không,23,0.197,,1,0,0,Có,43420000.0,0.0,Có,0
LSCN00396,2023,Vay tiêu dùng tín chấp,48,Kỹ sư,20000000.0,Có,74,0.445,,1,0,0,Không,10150000.0,93000000.0,Có,0
LSCN00397,2022,Vay mua nhà,29,Giáo viên,4800000.0,Có,43,0.334,0.669,1,2,2,Có,2050000.0,134000000.0,Có,0
LSCN00398,2025,Vay sản xuất kinh doanh,42,Kinh doanh tự do,15500000.0,Không,69,0.292,0.653,1,0,0,Không,13680000.0,0.0,Không,0
LSCN00399,2022,Vay mua ô tô,35,Giáo viên,17000000.0,Có,95,0.05,0.753,1,0,0,Có,32580000.0,0.0,Có,0
LSCN00400,2022,Vay mua ô tô,33,Giáo viên,5800000.0,Có,19,0.378,0.412,1,0,0,Có,3170000.0,49000000.0,Có,0
LSCN00401,2025,Vay tiêu dùng tín chấp,33,Nhân viên văn phòng,5500000.0,Có,52,0.528,,2,4,77,Có,2100000.0,0.0,Có,1
LSCN00402,2022,Vay tiêu dùng tín chấp,28,Lái xe,18800000.0,Có,39,0.341,,1,0,0,Không,23500000.0,0.0,Có,0
LSCN00403,2022,Vay sản xuất kinh doanh,42,Nhân viên văn phòng,21400000.0,Có,16,0.156,0.653,2,0,78,Có,11090000.0,0.0,Có,0
LSCN00404,2022,Vay tiêu dùng tín chấp,27,Hưu trí,18600000.0,Không,22,0.603,,2,1,32,Có,3780000.0,0.0,Có,1
LSCN00405,2021,Vay mua ô tô,21,Giáo viên,24300000.0,Không,11,0.528,0.492,1,0,0,Có,4580000.0,866000000.0,Có,0
LSCN00406,2021,Vay tiêu dùng tín chấp,36,Lái xe,6900000.0,Không,16,0.454,,1,0,0,Có,4810000.0,54000000.0,Có,0
LSCN00407,2021,Vay mua nhà,40,Công chức,42400000.0,Có,20,0.292,0.58,1,0,0,Có,26260000.0,1530000000.0,Có,0
LSCN00408,2021,Vay sản xuất kinh doanh,47,Bán hàng,5600000.0,Có,21,0.68,0.653,1,0,0,Không,7320000.0,0.0,Có,0
LSCN00409,2021,Vay sản xuất kinh doanh,37,Bán hàng,7200000.0,Có,46,0.487,0.653,1,1,5,Có,5740000.0,0.0,Có,0
LSCN00410,2023,Vay sản xuất kinh doanh,43,Bác sĩ,24300000.0,Có,0,0.574,0.653,1,1,6,Có,9050000.0,2032000000.0,Có,0
LSCN00411,2024,Vay tiêu dùng tín chấp,59,Nội trợ,7000000.0,Không,10,0.463,,1,0,0,Có,9780000.0,0.0,Có,0
LSCN00412,2025,Vay sản xuất kinh doanh,48,Công chức,18100000.0,Có,14,0.239,0.653,1,0,0,Không,3200000.0,285000000.0,Có,0
LSCN00413,2021,Vay tiêu dùng tín chấp,45,Công chức,13100000.0,Không,13,0.528,,1,0,0,Không,7780000.0,0.0,Có,0
LSCN00414,2022,Vay tiêu dùng tín chấp,35,Nhân viên văn phòng,25700000.0,Có,10,0.356,,1,0,0,Có,40680000.0,0.0,Có,0
LSCN00415,2024,Vay mua nhà,36,Kinh doanh tự do,35400000.0,Không,16,0.302,0.617,1,0,0,Không,6950000.0,0.0,Có,0
LSCN00416,2025,Vay mua nhà,37,Bán hàng,6200000.0,Không,13,0.511,0.741,1,0,0,Có,9060000.0,0.0,Có,0
LSCN00417,2021,Vay mua ô tô,45,Công nhân,14300000.0,Có,39,0.319,0.732,1,0,0,Có,7630000.0,0.0,Có,0
LSCN00418,2021,Vay mua nhà,45,Kinh doanh tự do,25800000.0,Không,31,0.584,0.773,1,1,8,Có,4210000.0,0.0,Có,0
LSCN00419,2025,Vay sản xuất kinh doanh,43,Nội trợ,7800000.0,Không,27,0.4,0.653,1,0,0,Có,10590000.0,145000000.0,Có,0
LSCN00420,2021,Vay tiêu dùng tín chấp,29,Lái xe,10400000.0,Không,2,0.362,,2,1,36,Có,1540000.0,202000000.0,Có,0
LSCN00421,2022,Vay mua nhà,29,Kinh doanh tự do,21300000.0,Không,21,0.071,0.725,1,0,0,Không,17390000.0,0.0,Có,0
LSCN00422,2024,Vay mua nhà,35,Lái xe,7800000.0,Không,33,0.46,0.622,1,0,0,Không,7720000.0,0.0,Có,0
LSCN00423,2025,Vay tiêu dùng tín chấp,38,Lái xe,6000000.0,Không,54,0.361,,1,0,0,Có,5640000.0,0.0,Có,0
LSCN00424,2022,Vay tiêu dùng tín chấp,41,Giáo viên,8800000.0,Có,21,0.294,,1,0,0,Có,5840000.0,0.0,Có,0
LSCN00425,2021,Vay tiêu dùng tín chấp,21,Bác sĩ,25100000.0,Không,101,0.454,,1,0,0,Có,18170000.0,319000000.0,Có,0
LSCN00426,2022,Vay mua nhà,38,Kinh doanh tự do,23800000.0,Không,73,0.508,0.683,1,1,9,Có,5050000.0,218000000.0,Có,0
LSCN00427,2024,Vay mua nhà,36,Kỹ sư,11700000.0,Không,56,0.462,0.702,2,0,56,Có,3680000.0,0.0,Có,0
LSCN00428,2025,Vay sản xuất kinh doanh,41,Giáo viên,5700000.0,Không,6,0.387,0.653,1,0,0,Có,7130000.0,94000000.0,Không,0
LSCN00429,2024,Vay mua nhà,45,Nội trợ,3900000.0,Không,54,0.446,0.863,1,1,6,Có,2360000.0,0.0,Có,0
LSCN00430,2021,Vay tiêu dùng tín chấp,50,Hưu trí,10200000.0,Không,2,0.34,,1,0,0,Không,5350000.0,80000000.0,Có,0
LSCN00431,2022,Vay sản xuất kinh doanh,35,Công chức,15700000.0,Không,9,0.252,0.653,1,0,0,Không,6340000.0,0.0,Có,0
LSCN00432,2023,Vay tiêu dùng tín chấp,25,Giáo viên,13200000.0,Không,17,0.385,,1,0,0,Không,12920000.0,526000000.0,Có,0
LSCN00433,2025,Vay mua nhà,44,Nhân viên văn phòng,12000000.0,Có,44,0.362,0.516,1,0,0,Không,60900000.0,415000000.0,Có,0
LSCN00434,2024,Vay mua nhà,36,Hưu trí,12300000.0,Có,54,0.092,0.763,1,0,0,Có,5930000.0,0.0,Có,0
LSCN00435,2021,Vay tiêu dùng tín chấp,36,Công nhân,10800000.0,Có,6,0.576,,1,0,0,Không,5720000.0,0.0,Có,0
LSCN00436,2023,Vay mua ô tô,41,Kế toán,14100000.0,Không,37,0.409,0.651,2,0,61,Có,4840000.0,0.0,Có,0
LSCN00437,2025,Vay mua nhà,33,Nhân viên văn phòng,16700000.0,Có,94,0.455,0.569,1,0,0,Có,90210000.0,0.0,Có,0
LSCN00438,2021,Vay tiêu dùng tín chấp,46,Bác sĩ,61200000.0,Có,7,0.495,,2,0,61,Có,27200000.0,0.0,Có,1
LSCN00439,2022,Vay tiêu dùng tín chấp,37,Nhân viên văn phòng,22800000.0,Không,14,0.175,,1,0,0,Không,6090000.0,0.0,Có,0
LSCN00440,2025,Vay tiêu dùng tín chấp,53,Nhân viên văn phòng,8300000.0,Có,90,0.246,,1,0,0,Có,17170000.0,81000000.0,Có,0
LSCN00441,2024,Vay mua nhà,33,Bác sĩ,31200000.0,Có,8,0.373,0.671,1,0,0,Có,8130000.0,405000000.0,Có,0
LSCN00442,2024,Vay mua nhà,40,Kế toán,10900000.0,Không,23,0.303,0.55,1,0,0,Không,5840000.0,0.0,Có,0
LSCN00443,2024,Vay mua ô tô,27,Bán hàng,13600000.0,Có,46,0.467,0.719,1,1,8,Có,12510000.0,0.0,Có,0
LSCN00444,2023,Vay mua nhà,32,Hưu trí,3000000.0,Có,31,0.535,0.628,1,0,0,Không,1640000.0,0.0,Có,0
LSCN00445,2024,Vay tiêu dùng tín chấp,25,Bác sĩ,153300000.0,Có,11,0.204,,1,0,0,Có,119590000.0,0.0,Có,0
LSCN00446,2022,Vay tiêu dùng tín chấp,27,Nội trợ,5900000.0,Không,3,0.366,,1,0,0,Có,7370000.0,52000000.0,Có,0
LSCN00447,2021,Vay mua ô tô,40,Nhân viên văn phòng,6900000.0,Không,11,0.419,0.668,1,1,2,Có,2280000.0,0.0,Có,1
LSCN00448,2021,Vay mua ô tô,42,Hưu trí,10700000.0,Không,8,0.396,0.534,1,0,0,Có,33620000.0,163000000.0,Có,0
LSCN00449,2022,Vay sản xuất kinh doanh,47,Kế toán,10900000.0,Không,32,0.213,0.653,2,0,44,Có,8880000.0,0.0,Có,0
LSCN00450,2025,Vay mua nhà,56,Hưu trí,3600000.0,Không,180,0.214,0.509,1,0,0,Có,4910000.0,42000000.0,Có,0
LSCN00451,2023,Vay mua nhà,41,Kinh doanh tự do,16500000.0,Không,17,0.286,0.635,1,0,0,Không,19000000.0,0.0,Có,0
LSCN00452,2021,Vay tiêu dùng tín chấp,56,Lái xe,9600000.0,Không,33,0.328,,1,1,2,Có,2280000.0,0.0,Có,0
LSCN00453,2024,Vay mua ô tô,23,Lái xe,6700000.0,Không,19,0.554,0.554,2,0,66,Có,1180000.0,175000000.0,Có,0
LSCN00454,2022,Vay tiêu dùng tín chấp,28,Bác sĩ,32900000.0,Không,2,0.121,,1,0,0,Có,90320000.0,856000000.0,Có,0
LSCN00455,2025,Vay mua ô tô,26,Công nhân,7700000.0,Không,5,0.357,0.648,1,0,0,Có,6210000.0,0.0,Có,0
LSCN00456,2025,Vay tiêu dùng tín chấp,21,Nhân viên văn phòng,13600000.0,Có,14,0.321,,1,0,0,Không,12270000.0,352000000.0,Có,0
LSCN00457,2021,Vay sản xuất kinh doanh,40,Bác sĩ,28800000.0,Có,37,0.279,0.653,1,0,0,Có,182770000.0,0.0,Có,1
LSCN00458,2021,Vay mua ô tô,21,Lái xe,8500000.0,Có,6,0.407,0.72,1,0,0,Có,3820000.0,0.0,Có,0
LSCN00459,2021,Vay mua nhà,42,Kế toán,8200000.0,Không,80,0.438,0.741,1,0,0,Có,2390000.0,354000000.0,Có,0
LSCN00460,2021,Vay tiêu dùng tín chấp,28,Công chức,10300000.0,Không,11,0.42,,1,1,9,Có,660000.0,0.0,Có,0
LSCN00461,2023,Vay tiêu dùng tín chấp,40,Nhân viên văn phòng,10000000.0,Có,47,0.307,,1,0,0,Không,8080000.0,234000000.0,Có,0
LSCN00462,2021,Vay mua ô tô,36,Kỹ sư,48700000.0,Có,8,0.196,0.625,1,0,0,Không,10490000.0,807000000.0,Có,0
LSCN00463,2024,Vay mua nhà,32,Lái xe,13800000.0,Có,11,0.462,0.58,1,0,0,Không,7730000.0,0.0,Có,0
LSCN00464,2021,Vay sản xuất kinh doanh,50,Giáo viên,7000000.0,Có,50,0.598,0.653,1,0,0,Không,2410000.0,0.0,Có,0
LSCN00465,2024,Vay mua nhà,31,Giáo viên,4600000.0,Không,10,0.525,0.869,1,0,0,Có,970000.0,177000000.0,Có,0
LSCN00466,2021,Vay tiêu dùng tín chấp,36,Lái xe,3600000.0,Có,126,0.561,,1,0,0,Có,1830000.0,85000000.0,Có,0
LSCN00467,2022,Vay mua ô tô,28,Giáo viên,15200000.0,Có,5,0.447,0.593,1,0,0,Không,12430000.0,0.0,Có,0
LSCN00468,2022,Vay mua ô tô,37,Bán hàng,31300000.0,Có,67,0.416,0.662,1,0,0,Có,38910000.0,527000000.0,Có,0
LSCN00469,2023,Vay sản xuất kinh doanh,26,Kỹ sư,40400000.0,Có,28,0.225,0.653,1,0,0,Không,19490000.0,0.0,Có,0
LSCN00470,2023,Vay tiêu dùng tín chấp,55,Kế toán,11800000.0,Có,27,0.439,,1,1,7,Có,11460000.0,0.0,Có,0
LSCN00471,2025,Vay mua nhà,32,Nội trợ,4600000.0,Không,4,0.256,0.493,1,0,0,Có,11300000.0,0.0,Có,0
LSCN00472,2023,Vay tiêu dùng tín chấp,43,Bác sĩ,27900000.0,Có,15,0.447,,2,0,29,Có,11910000.0,0.0,Có,0
LSCN00473,2022,Vay tiêu dùng tín chấp,43,Kỹ sư,53900000.0,Không,16,0.346,,1,0,0,Có,33700000.0,2670000000.0,Có,0
LSCN00474,2022,Vay mua nhà,25,Bán hàng,9900000.0,Có,1,0.638,0.711,1,0,0,Không,1420000.0,0.0,Có,0
LSCN00475,2023,Vay tiêu dùng tín chấp,33,Bán hàng,26900000.0,Không,6,0.392,,1,0,0,Có,10210000.0,656000000.0,Có,0
LSCN00476,2022,Vay mua ô tô,23,Bán hàng,21400000.0,Có,1,0.387,0.744,1,1,4,Có,27660000.0,730000000.0,Có,0
LSCN00477,2022,Vay tiêu dùng tín chấp,40,Bán hàng,9700000.0,Không,64,0.355,,1,0,0,Có,3860000.0,0.0,Có,0
LSCN00478,2022,Vay mua nhà,30,Nhân viên văn phòng,8400000.0,Không,2,0.246,0.896,1,1,1,Có,1540000.0,196000000.0,Có,0
LSCN00479,2021,Vay sản xuất kinh doanh,50,Nhân viên văn phòng,13400000.0,Có,15,0.167,0.653,1,0,0,Có,12670000.0,107000000.0,Có,0
LSCN00480,2023,Vay tiêu dùng tín chấp,33,Giáo viên,4800000.0,Không,14,0.443,,1,0,0,Có,2340000.0,0.0,Có,0
LSCN00481,2022,Vay tiêu dùng tín chấp,40,Giáo viên,20100000.0,Không,62,0.101,,1,0,0,Có,77700000.0,0.0,Có,0
LSCN00482,2023,Vay tiêu dùng tín chấp,40,Kế toán,7800000.0,Không,57,0.371,,1,0,0,Không,3590000.0,0.0,Có,0
LSCN00483,2021,Vay tiêu dùng tín chấp,21,Bác sĩ,31900000.0,Không,4,0.375,,1,0,0,Có,18390000.0,0.0,Có,0
LSCN00484,2021,Vay tiêu dùng tín chấp,37,Bác sĩ,83300000.0,Không,8,0.132,,1,0,0,Có,31650000.0,18104000000.0,Có,0
LSCN00485,2023,Vay tiêu dùng tín chấp,22,Công chức,8400000.0,Có,47,0.328,,1,0,0,Có,1290000.0,0.0,Có,0
LSCN00486,2022,Vay sản xuất kinh doanh,41,Nội trợ,3000000.0,Không,14,0.428,0.653,1,0,0,Có,2060000.0,17000000.0,Có,0
LSCN00487,2024,Vay mua nhà,21,Kỹ sư,21900000.0,Có,5,0.577,0.815,1,0,0,Có,15190000.0,0.0,Có,0
LSCN00488,2025,Vay sản xuất kinh doanh,40,Công nhân,8800000.0,Không,29,0.158,0.653,1,1,3,Có,1520000.0,0.0,Có,0
LSCN00489,2021,Vay mua nhà,29,Công nhân,9000000.0,Có,5,0.447,0.916,1,0,0,Có,16630000.0,0.0,Có,0
LSCN00490,2023,Vay tiêu dùng tín chấp,40,Hưu trí,9000000.0,Có,3,0.265,,1,0,0,Có,4830000.0,0.0,Có,0
LSCN00491,2022,Vay tiêu dùng tín chấp,24,Kinh doanh tự do,17900000.0,Không,79,0.45,,1,1,5,Có,38300000.0,1415000000.0,Có,0
LSCN00492,2021,Vay sản xuất kinh doanh,46,Công nhân,8500000.0,Có,37,0.255,0.653,1,0,0,Có,3810000.0,602000000.0,Có,0
LSCN00493,2023,Vay sản xuất kinh doanh,37,Giáo viên,21000000.0,Có,22,0.451,0.653,1,0,0,Không,41760000.0,328000000.0,Có,0
LSCN00494,2021,Vay mua nhà,34,Công chức,17900000.0,Có,7,0.324,0.735,1,2,6,Có,3690000.0,0.0,Có,0
LSCN00495,2025,Vay mua ô tô,32,Bác sĩ,33500000.0,Không,8,0.393,0.729,2,3,22,Có,12220000.0,0.0,Có,0
LSCN00496,2022,Vay mua nhà,21,Giáo viên,23500000.0,Không,50,0.486,0.662,2,0,48,Có,5030000.0,530000000.0,Có,0
LSCN00497,2024,Vay tiêu dùng tín chấp,46,Bác sĩ,19100000.0,Không,3,0.177,,1,0,0,Không,34010000.0,0.0,Có,0
LSCN00498,2023,Vay tiêu dùng tín chấp,30,Nhân viên văn phòng,9900000.0,Có,38,0.439,,1,0,0,Có,2110000.0,0.0,Có,0
LSCN00499,2025,Vay mua ô tô,26,Bán hàng,6500000.0,Có,29,0.429,0.652,1,2,9,Có,8240000.0,0.0,Có,0
LSCN00500,2025,Vay tiêu dùng tín chấp,41,Hưu trí,3900000.0,Không,1,0.523,,1,0,0,Có,1630000.0,0.0,Có,0
LSCN00501,2022,Vay tiêu dùng tín chấp,32,Bán hàng,9200000.0,Có,54,0.403,,1,0,0,Có,3460000.0,0.0,Có,0
LSCN00502,2024,Vay mua nhà,44,Công chức,20600000.0,Không,3,0.184,0.644,2,0,11,Có,9510000.0,282000000.0,Có,0
LSCN00503,2021,Vay tiêu dùng tín chấp,25,Bác sĩ,31100000.0,Không,0,0.397,,1,0,0,Không,7230000.0,0.0,Có,0
LSCN00504,2024,Vay tiêu dùng tín chấp,41,Công nhân,2800000.0,Không,3,0.383,,2,0,65,Có,440000.0,0.0,Không,1
LSCN00505,2022,Vay mua nhà,38,Lái xe,20000000.0,Có,10,0.093,0.667,1,0,0,Có,11980000.0,0.0,Có,0
LSCN00506,2022,Vay tiêu dùng tín chấp,46,Nội trợ,5100000.0,Không,13,0.295,,1,0,0,Không,10620000.0,0.0,Có,0
LSCN00507,2025,Vay mua ô tô,50,Bác sĩ,12500000.0,Có,16,0.358,0.841,2,0,54,Có,4420000.0,36000000.0,Có,0
LSCN00508,2021,Vay mua nhà,43,Kỹ sư,33400000.0,Có,6,0.382,0.703,1,0,0,Có,22540000.0,1348000000.0,Có,0
LSCN00509,2021,Vay tiêu dùng tín chấp,47,Kỹ sư,30300000.0,Có,27,0.156,,1,0,0,Có,21660000.0,0.0,Có,0
LSCN00510,2022,Vay sản xuất kinh doanh,61,Công nhân,5600000.0,Có,90,0.343,0.653,3,1,160,Có,2280000.0,0.0,Có,0
LSCN00511,2024,Vay mua nhà,51,Lái xe,15000000.0,Có,130,0.392,0.623,1,0,0,Có,8290000.0,172000000.0,Có,0
LSCN00512,2024,Vay mua nhà,41,Lái xe,21300000.0,Có,30,0.353,0.549,1,0,0,Không,27630000.0,503000000.0,Có,0
LSCN00513,2025,Vay mua ô tô,48,Bác sĩ,51500000.0,Không,25,0.442,0.591,1,0,0,Không,7290000.0,0.0,Có,0
LSCN00514,2022,Vay mua ô tô,34,Hưu trí,14100000.0,Có,67,0.253,0.597,1,0,0,Có,11820000.0,0.0,Có,0
LSCN00515,2025,Vay mua nhà,40,Bán hàng,11600000.0,Có,30,0.285,0.533,1,0,0,Có,7890000.0,0.0,Có,0
LSCN00516,2021,Vay mua nhà,47,Công chức,5100000.0,Có,18,0.377,0.609,1,0,0,Không,11710000.0,0.0,Có,0
LSCN00517,2021,Vay mua nhà,31,Kế toán,21900000.0,Không,37,0.575,0.551,1,0,0,Không,18030000.0,0.0,Có,0
LSCN00518,2025,Vay mua nhà,36,Nội trợ,10300000.0,Không,23,0.3,0.809,1,0,0,Có,13960000.0,0.0,Có,0
LSCN00519,2021,Vay sản xuất kinh doanh,37,Bán hàng,15100000.0,Không,22,0.458,0.653,1,0,0,Có,11460000.0,132000000.0,Có,0
LSCN00520,2024,Vay mua ô tô,46,Bác sĩ,43500000.0,Không,46,0.395,0.754,1,0,0,Không,12010000.0,1505000000.0,Không,0
LSCN00521,2024,Vay mua ô tô,35,Bán hàng,10200000.0,Không,27,0.675,0.619,2,1,19,Có,3620000.0,383000000.0,Có,1
LSCN00522,2024,Vay mua ô tô,21,Nội trợ,2200000.0,Không,31,0.499,0.719,1,1,7,Có,310000.0,0.0,Có,0
LSCN00523,2024,Vay mua nhà,28,Kỹ sư,16400000.0,Có,23,0.575,0.662,1,1,3,Có,15270000.0,0.0,Có,0
LSCN00524,2021,Vay tiêu dùng tín chấp,31,Kinh doanh tự do,23500000.0,Không,3,0.369,,1,0,0,Không,20150000.0,435000000.0,Có,0
LSCN00525,2024,Vay sản xuất kinh doanh,23,Nội trợ,6500000.0,Không,69,0.515,0.653,1,0,0,Không,2630000.0,0.0,Có,0
LSCN00526,2021,Vay mua nhà,24,Nội trợ,2200000.0,Không,13,0.712,0.867,2,2,39,Có,630000.0,0.0,Có,0
LSCN00527,2024,Vay tiêu dùng tín chấp,38,Nhân viên văn phòng,19000000.0,Có,15,0.396,,1,0,0,Có,11650000.0,374000000.0,Có,0
LSCN00528,2023,Vay mua nhà,43,Bác sĩ,21300000.0,Không,4,0.422,0.599,1,0,0,Không,20650000.0,562000000.0,Có,0
LSCN00529,2022,Vay sản xuất kinh doanh,51,Hưu trí,7500000.0,Có,11,0.386,0.653,1,1,3,Có,10310000.0,121000000.0,Có,0
LSCN00530,2025,Vay tiêu dùng tín chấp,40,Công chức,8000000.0,Có,3,0.242,,1,0,0,Có,2190000.0,137000000.0,Có,0
LSCN00531,2024,Vay mua nhà,21,Nội trợ,3300000.0,Không,24,0.547,0.481,1,0,0,Không,3210000.0,67000000.0,Có,0
LSCN00532,2023,Vay mua nhà,40,Giáo viên,11700000.0,Không,9,0.375,0.665,1,0,0,Có,12270000.0,444000000.0,Có,0
LSCN00533,2022,Vay sản xuất kinh doanh,27,Kỹ sư,34300000.0,Không,0,0.391,0.653,1,0,0,Có,15310000.0,442000000.0,Có,0
LSCN00534,2023,Vay tiêu dùng tín chấp,46,Lái xe,21800000.0,Không,46,0.358,,1,0,0,Không,13500000.0,229000000.0,Có,0
LSCN00535,2021,Vay sản xuất kinh doanh,35,Giáo viên,11200000.0,Có,49,0.284,0.653,2,0,71,Có,8880000.0,0.0,Có,0
LSCN00536,2021,Vay tiêu dùng tín chấp,30,Bác sĩ,21400000.0,Có,9,0.617,,2,1,89,Có,9420000.0,1805000000.0,Có,0
LSCN00537,2025,Vay sản xuất kinh doanh,21,Kỹ sư,33400000.0,Không,63,0.362,0.653,1,0,0,Có,18580000.0,0.0,Có,0
LSCN00538,2024,Vay mua nhà,38,Nhân viên văn phòng,19500000.0,Có,40,0.296,0.552,1,0,0,Có,9500000.0,587000000.0,Có,0
LSCN00539,2025,Vay tiêu dùng tín chấp,21,Hưu trí,9600000.0,Có,80,0.448,,1,0,0,Có,1050000.0,0.0,Có,0
LSCN00540,2024,Vay tiêu dùng tín chấp,44,Giáo viên,10500000.0,Có,55,0.365,,1,0,0,Không,3910000.0,136000000.0,Có,0
LSCN00541,2025,Vay mua ô tô,35,Nhân viên văn phòng,13000000.0,Không,18,0.528,0.699,1,0,0,Không,3130000.0,0.0,Không,0
LSCN00542,2023,Vay mua ô tô,31,Kỹ sư,28300000.0,Không,1,0.502,0.593,1,0,0,Có,6330000.0,0.0,Có,0
LSCN00543,2021,Vay sản xuất kinh doanh,42,Lái xe,8100000.0,Không,79,0.379,0.653,1,0,0,Không,1400000.0,55000000.0,Có,0
LSCN00544,2022,Vay tiêu dùng tín chấp,39,Lái xe,19000000.0,Có,6,0.33,,1,5,7,Có,10930000.0,0.0,Có,1
LSCN00545,2024,Vay mua ô tô,25,Nhân viên văn phòng,15600000.0,Có,20,0.468,0.662,2,3,79,Có,2800000.0,0.0,Có,0
LSCN00546,2024,Vay tiêu dùng tín chấp,21,Bác sĩ,40000000.0,Không,39,0.251,,1,0,0,Có,87270000.0,0.0,Có,0
LSCN00547,2021,Vay tiêu dùng tín chấp,36,Kỹ sư,16000000.0,Có,16,0.522,,1,0,0,Có,12420000.0,0.0,Có,0
LSCN00548,2022,Vay mua ô tô,36,Bán hàng,8200000.0,Không,7,0.262,0.788,1,0,0,Không,5960000.0,125000000.0,Có,0
LSCN00549,2021,Vay mua nhà,44,Lái xe,6300000.0,Có,51,0.195,0.522,1,0,0,Có,2700000.0,0.0,Có,0
LSCN00550,2024,Vay tiêu dùng tín chấp,36,Bán hàng,12400000.0,Không,13,0.486,,1,0,0,Không,1270000.0,219000000.0,Có,0
LSCN00551,2021,Vay tiêu dùng tín chấp,21,Lái xe,9800000.0,Không,5,0.477,,1,0,0,Không,3910000.0,199000000.0,Có,0
LSCN00552,2022,Vay mua nhà,51,Bán hàng,6700000.0,Không,0,0.281,0.497,1,0,0,Có,6030000.0,0.0,Có,0
LSCN00553,2023,Vay sản xuất kinh doanh,42,Lái xe,21800000.0,Không,34,0.187,0.653,1,0,0,Không,19760000.0,0.0,Có,0
LSCN00554,2021,Vay mua nhà,39,Bác sĩ,28400000.0,Có,7,0.493,0.795,1,0,0,Có,32410000.0,1250000000.0,Có,0
LSCN00555,2022,Vay mua ô tô,31,Kinh doanh tự do,13200000.0,Không,48,0.361,0.623,1,0,0,Có,6560000.0,0.0,Có,0
LSCN00556,2021,Vay mua ô tô,35,Nội trợ,3100000.0,Không,19,0.458,0.52,1,0,0,Có,870000.0,77000000.0,Có,0
LSCN00557,2021,Vay mua ô tô,21,Hưu trí,14100000.0,Không,50,0.068,0.601,1,1,7,Có,13760000.0,0.0,Có,0
LSCN00558,2021,Vay sản xuất kinh doanh,35,Lái xe,14500000.0,Có,105,0.375,0.653,1,0,0,Không,4350000.0,0.0,Có,0
LSCN00559,2025,Vay tiêu dùng tín chấp,31,Công chức,20900000.0,Có,62,0.327,,1,0,0,Có,54810000.0,0.0,Có,0
LSCN00560,2024,Vay tiêu dùng tín chấp,28,Bác sĩ,24900000.0,Có,50,0.487,,1,0,0,Có,57950000.0,0.0,Có,0
LSCN00561,2024,Vay tiêu dùng tín chấp,41,Lái xe,8700000.0,Có,7,0.331,,1,0,0,Có,21450000.0,362000000.0,Có,0
LSCN00562,2025,Vay mua ô tô,26,Giáo viên,26100000.0,Có,79,0.238,0.671,1,0,0,Không,18540000.0,0.0,Có,0
LSCN00563,2023,Vay sản xuất kinh doanh,21,Lái xe,11700000.0,Không,8,0.427,0.653,1,0,0,Không,1090000.0,562000000.0,Có,0
LSCN00564,2021,Vay tiêu dùng tín chấp,28,Nội trợ,5700000.0,Không,28,0.559,,1,0,0,Có,2800000.0,0.0,Có,0
LSCN00565,2025,Vay mua nhà,38,Kỹ sư,17400000.0,Không,8,0.368,0.576,2,0,75,Có,12540000.0,0.0,Có,0
LSCN00566,2022,Vay mua nhà,68,Công nhân,8200000.0,Có,2,0.427,0.834,2,1,30,Có,1310000.0,0.0,Có,0
LSCN00567,2023,Vay sản xuất kinh doanh,33,Công chức,11700000.0,Có,71,0.182,0.653,1,0,0,Có,12150000.0,53000000.0,Có,0
LSCN00568,2023,Vay mua nhà,25,Kế toán,26000000.0,Có,42,0.078,0.67,1,0,0,Không,152400000.0,0.0,Có,0
LSCN00569,2023,Vay mua nhà,44,Nội trợ,2000000.0,Không,44,0.423,0.475,1,1,2,Có,660000.0,0.0,Có,0
LSCN00570,2024,Vay tiêu dùng tín chấp,31,Hưu trí,10400000.0,Có,43,0.486,,1,1,3,Có,2550000.0,299000000.0,Có,0
LSCN00571,2025,Vay tiêu dùng tín chấp,41,Giáo viên,10600000.0,Có,2,0.357,,2,0,83,Có,17750000.0,0.0,Có,0
LSCN00572,2021,Vay mua nhà,38,Công chức,12600000.0,Không,30,0.384,0.855,1,0,0,Có,2450000.0,193000000.0,Có,0
LSCN00573,2025,Vay mua ô tô,40,Lái xe,11600000.0,Có,38,0.462,0.649,2,0,25,Có,5430000.0,516000000.0,Có,0
LSCN00574,2023,Vay tiêu dùng tín chấp,33,Kinh doanh tự do,16100000.0,Không,180,0.514,,2,0,13,Có,17560000.0,0.0,Có,1
LSCN00575,2021,Vay mua ô tô,43,Kỹ sư,21000000.0,Không,13,0.469,0.608,1,0,0,Có,16270000.0,0.0,Có,0
LSCN00576,2023,Vay tiêu dùng tín chấp,52,Kỹ sư,22700000.0,Có,36,0.221,,1,0,0,Có,22140000.0,0.0,Có,0
LSCN00577,2023,Vay tiêu dùng tín chấp,41,Nội trợ,4100000.0,Không,1,0.623,,1,1,7,Có,650000.0,22000000.0,Có,0
LSCN00578,2021,Vay tiêu dùng tín chấp,25,Kỹ sư,24400000.0,Có,128,0.231,,1,0,0,Không,13430000.0,224000000.0,Có,0
LSCN00579,2023,Vay mua nhà,25,Kỹ sư,20200000.0,Không,10,0.612,0.603,1,0,0,Không,8450000.0,283000000.0,Có,0
LSCN00580,2025,Vay mua nhà,35,Bán hàng,11000000.0,Có,26,0.246,0.633,2,1,73,Có,4770000.0,94000000.0,Có,0
LSCN00581,2024,Vay mua ô tô,43,Bán hàng,8100000.0,Không,31,0.257,0.787,1,0,0,Không,14140000.0,391000000.0,Có,0
LSCN00582,2023,Vay tiêu dùng tín chấp,35,Kế toán,15100000.0,Có,13,0.458,,1,0,0,Có,14360000.0,451000000.0,Có,0
LSCN00583,2025,Vay tiêu dùng tín chấp,46,Lái xe,14500000.0,Có,6,0.463,,1,0,0,Không,14300000.0,557000000.0,Có,0
LSCN00584,2024,Vay tiêu dùng tín chấp,45,Công chức,7700000.0,Có,87,0.648,,1,0,0,Không,2340000.0,0.0,Có,0
LSCN00585,2021,Vay sản xuất kinh doanh,38,Nhân viên văn phòng,20700000.0,Không,2,0.172,0.653,1,0,0,Có,33430000.0,0.0,Có,0
LSCN00586,2024,Vay mua nhà,38,Kỹ sư,28700000.0,Không,37,0.487,0.624,1,0,0,Có,14710000.0,0.0,Có,0
LSCN00587,2024,Vay sản xuất kinh doanh,29,Giáo viên,9900000.0,Không,79,0.648,0.653,1,0,0,Có,1200000.0,25000000.0,Có,0
LSCN00588,2024,Vay sản xuất kinh doanh,46,Kế toán,13100000.0,Có,38,0.481,0.653,2,1,76,Có,7790000.0,277000000.0,Có,0
LSCN00589,2021,Vay mua ô tô,45,Bác sĩ,33000000.0,Có,19,0.164,0.556,1,0,0,Không,43850000.0,502000000.0,Có,0
LSCN00590,2024,Vay sản xuất kinh doanh,40,Bác sĩ,34400000.0,Có,1,0.329,0.653,1,0,0,Không,14880000.0,0.0,Có,0
LSCN00591,2022,Vay tiêu dùng tín chấp,37,Giáo viên,7300000.0,Có,61,0.591,,1,1,5,Có,1510000.0,331000000.0,Có,0
LSCN00592,2021,Vay tiêu dùng tín chấp,34,Bán hàng,11100000.0,Có,43,0.286,,1,0,0,Không,19200000.0,0.0,Có,0
LSCN00593,2024,Vay mua nhà,38,Nhân viên văn phòng,28400000.0,Có,14,0.265,0.639,1,0,0,Không,32830000.0,210000000.0,Có,0
LSCN00594,2025,Vay tiêu dùng tín chấp,40,Nhân viên văn phòng,3500000.0,Không,2,0.377,,2,0,41,Có,1460000.0,20000000.0,Có,0
LSCN00595,2024,Vay tiêu dùng tín chấp,47,Công nhân,8100000.0,Không,35,0.319,,2,0,85,Có,3060000.0,0.0,Có,0
LSCN00596,2022,Vay mua nhà,39,Kế toán,15100000.0,Có,143,0.522,0.601,1,1,8,Có,2460000.0,178000000.0,Có,0
LSCN00597,2024,Vay mua ô tô,30,Công chức,15000000.0,Có,43,0.087,0.716,1,0,0,Có,14630000.0,265000000.0,Có,0
LSCN00598,2025,Vay mua nhà,42,Giáo viên,9100000.0,Có,13,0.322,0.627,1,1,3,Có,1980000.0,0.0,Có,0
LSCN00599,2025,Vay tiêu dùng tín chấp,25,Lái xe,5200000.0,Không,98,0.49,,1,2,8,Có,2150000.0,0.0,Không,1
LSCN00600,2023,Vay tiêu dùng tín chấp,35,Lái xe,9700000.0,Có,4,0.597,,1,0,0,Không,9620000.0,48000000.0,Có,0
LSCN00601,2025,Vay sản xuất kinh doanh,21,Nhân viên văn phòng,25600000.0,Có,18,0.181,0.653,1,0,0,Không,17010000.0,222000000.0,Có,0
LSCN00602,2023,Vay tiêu dùng tín chấp,42,Công chức,6100000.0,Có,8,0.31,,1,0,0,Có,4600000.0,0.0,Có,0
LSCN00603,2023,Vay tiêu dùng tín chấp,37,Kinh doanh tự do,10800000.0,Không,21,0.355,,2,1,41,Có,2570000.0,80000000.0,Có,0
LSCN00604,2022,Vay mua nhà,45,Kinh doanh tự do,21500000.0,Không,3,0.274,0.67,1,0,0,Có,34710000.0,0.0,Có,0
LSCN00605,2021,Vay tiêu dùng tín chấp,39,Giáo viên,14500000.0,Có,24,0.09,,1,0,0,Không,56570000.0,1491000000.0,Có,0
LSCN00606,2024,Vay mua nhà,27,Bác sĩ,25700000.0,Có,8,0.315,0.627,1,0,0,Có,20290000.0,787000000.0,Có,0
LSCN00607,2021,Vay sản xuất kinh doanh,35,Lái xe,20300000.0,Không,24,0.328,0.653,1,0,0,Có,23870000.0,0.0,Có,0
LSCN00608,2023,Vay mua ô tô,32,Nội trợ,1900000.0,Không,21,0.38,0.513,1,0,0,Không,570000.0,37000000.0,Có,0
LSCN00609,2024,Vay tiêu dùng tín chấp,29,Kỹ sư,36700000.0,Có,12,0.312,,1,0,0,Có,12900000.0,732000000.0,Có,0
LSCN00610,2021,Vay tiêu dùng tín chấp,29,Nhân viên văn phòng,12700000.0,Không,59,0.299,,1,0,0,Có,15820000.0,0.0,Có,0
LSCN00611,2023,Vay mua nhà,29,Nhân viên văn phòng,15000000.0,Có,6,0.144,0.67,1,0,0,Có,11820000.0,0.0,Có,0
LSCN00612,2025,Vay tiêu dùng tín chấp,32,Hưu trí,13900000.0,Có,10,0.595,,1,0,0,Có,1920000.0,201000000.0,Có,0
LSCN00613,2025,Vay tiêu dùng tín chấp,27,Lái xe,13300000.0,Không,12,0.414,,1,0,0,Không,33290000.0,856000000.0,Có,1
LSCN00614,2024,Vay mua nhà,33,Kỹ sư,23500000.0,Không,67,0.469,0.679,1,0,0,Không,8160000.0,0.0,Có,0
LSCN00615,2022,Vay mua ô tô,51,Công chức,22000000.0,Có,38,0.289,0.668,1,0,0,Có,30100000.0,0.0,Có,0
LSCN00616,2024,Vay tiêu dùng tín chấp,31,Kế toán,19600000.0,Có,33,0.198,,1,0,0,Không,5440000.0,592000000.0,Có,0
LSCN00617,2021,Vay sản xuất kinh doanh,36,Giáo viên,17000000.0,Có,3,0.122,0.653,1,0,0,Có,11610000.0,0.0,Có,0
LSCN00618,2024,Vay mua nhà,41,Bác sĩ,20400000.0,Có,21,0.306,0.591,1,1,3,Có,12690000.0,0.0,Có,0
LSCN00619,2022,Vay tiêu dùng tín chấp,49,Kinh doanh tự do,31200000.0,Không,48,0.451,,1,0,0,Có,21560000.0,0.0,Có,0
LSCN00620,2023,Vay mua nhà,34,Kế toán,12200000.0,Không,28,0.404,0.695,1,1,3,Có,24690000.0,0.0,Có,0
LSCN00621,2022,Vay tiêu dùng tín chấp,53,Bác sĩ,39400000.0,Có,7,0.231,,1,0,0,Có,34440000.0,7792000000.0,Có,0
LSCN00622,2021,Vay tiêu dùng tín chấp,21,Hưu trí,3500000.0,Không,4,0.522,,1,0,0,Không,3480000.0,129000000.0,Không,0
LSCN00623,2023,Vay mua nhà,33,Lái xe,14000000.0,Có,1,0.392,0.67,1,0,0,Có,12000000.0,690000000.0,Có,0
LSCN00624,2022,Vay tiêu dùng tín chấp,38,Kế toán,18900000.0,Có,5,0.171,,1,1,6,Có,7360000.0,0.0,Có,0
LSCN00625,2021,Vay tiêu dùng tín chấp,35,Giáo viên,7400000.0,Có,24,0.362,,1,0,0,Không,40360000.0,66000000.0,Có,0
LSCN00626,2023,Vay mua ô tô,50,Kỹ sư,16200000.0,Có,10,0.444,0.61,1,1,8,Có,19910000.0,219000000.0,Có,0
LSCN00627,2025,Vay mua nhà,51,Lái xe,31300000.0,Không,47,0.164,0.79,1,0,0,Có,422330000.0,573000000.0,Có,0
LSCN00628,2024,Vay tiêu dùng tín chấp,28,Giáo viên,10600000.0,Không,5,0.244,,1,0,0,Có,24990000.0,0.0,Có,0
LSCN00629,2021,Vay tiêu dùng tín chấp,29,Kế toán,11600000.0,Không,59,0.387,,1,0,0,Có,1840000.0,0.0,Có,1
LSCN00630,2025,Vay tiêu dùng tín chấp,49,Hưu trí,16000000.0,Không,52,0.293,,1,0,0,Có,6190000.0,852000000.0,Có,0
LSCN00631,2023,Vay tiêu dùng tín chấp,33,Công chức,11000000.0,Có,94,0.384,,1,1,7,Có,3850000.0,0.0,Có,0
LSCN00632,2023,Vay sản xuất kinh doanh,34,Hưu trí,13600000.0,Có,27,0.532,0.653,1,0,0,Có,9550000.0,1392000000.0,Có,0
LSCN00633,2021,Vay tiêu dùng tín chấp,46,Bán hàng,10300000.0,Không,17,0.318,,2,2,44,Có,1300000.0,0.0,Có,0
LSCN00634,2023,Vay sản xuất kinh doanh,31,Nhân viên văn phòng,20800000.0,Không,2,0.191,0.653,1,0,0,Có,3300000.0,0.0,Không,0
LSCN00635,2024,Vay sản xuất kinh doanh,26,Kinh doanh tự do,12300000.0,Không,1,0.433,0.653,2,2,25,Có,7630000.0,54000000.0,Có,1
LSCN00636,2021,Vay sản xuất kinh doanh,30,Kỹ sư,16300000.0,Có,44,0.324,0.653,1,0,0,Không,19000000.0,424000000.0,Có,0
LSCN00637,2024,Vay sản xuất kinh doanh,38,Nhân viên văn phòng,4300000.0,Có,94,0.163,0.653,1,0,0,Có,980000.0,70000000.0,Có,0
LSCN00638,2022,Vay mua nhà,40,Kinh doanh tự do,17200000.0,Không,15,0.525,0.778,1,0,0,Không,9700000.0,245000000.0,Có,0
LSCN00639,2021,Vay tiêu dùng tín chấp,35,Bán hàng,28500000.0,Có,8,0.329,,1,0,0,Có,48200000.0,1887000000.0,Có,0
LSCN00640,2024,Vay mua nhà,27,Kế toán,11800000.0,Có,24,0.18,0.66,2,1,71,Có,2630000.0,0.0,Có,0
LSCN00641,2025,Vay mua nhà,54,Giáo viên,5600000.0,Có,70,0.462,0.55,1,0,0,Có,3450000.0,0.0,Có,0
LSCN00642,2024,Vay tiêu dùng tín chấp,21,Giáo viên,17600000.0,Không,34,0.417,,1,0,0,Có,16210000.0,3312000000.0,Có,0
LSCN00643,2022,Vay tiêu dùng tín chấp,34,Nhân viên văn phòng,17600000.0,Có,32,0.341,,2,0,51,Có,10890000.0,0.0,Có,0
LSCN00644,2021,Vay mua nhà,42,Bác sĩ,28900000.0,Có,54,0.352,0.788,1,1,7,Có,9210000.0,0.0,Có,0
LSCN00645,2024,Vay tiêu dùng tín chấp,38,Bán hàng,13800000.0,Không,18,0.421,,1,0,0,Không,13450000.0,0.0,Không,0
LSCN00646,2021,Vay mua nhà,39,Công nhân,6000000.0,Không,75,0.529,0.755,1,0,0,Không,2230000.0,36000000.0,Có,0
LSCN00647,2024,Vay mua nhà,31,Kinh doanh tự do,13100000.0,Không,2,0.258,0.645,1,0,0,Có,8000000.0,0.0,Có,0
LSCN00648,2025,Vay tiêu dùng tín chấp,47,Công nhân,7900000.0,Có,29,0.528,,1,0,0,Có,23710000.0,1451000000.0,Có,0
LSCN00649,2024,Vay mua ô tô,35,Công chức,10700000.0,Có,6,0.318,0.629,1,0,0,Có,36800000.0,235000000.0,Có,0
LSCN00650,2022,Vay mua ô tô,37,Công nhân,6600000.0,Có,21,0.464,0.536,2,0,79,Có,3220000.0,210000000.0,Có,1
LSCN00651,2023,Vay tiêu dùng tín chấp,30,Nội trợ,3100000.0,Không,1,0.244,,1,0,0,Có,6270000.0,24000000.0,Có,0
LSCN00652,2021,Vay mua nhà,51,Kỹ sư,28400000.0,Có,1,0.433,0.603,1,0,0,Có,203740000.0,0.0,Có,0
LSCN00653,2023,Vay tiêu dùng tín chấp,52,Công nhân,4400000.0,Không,86,0.344,,1,0,0,Có,2600000.0,0.0,Có,0
LSCN00654,2024,Vay tiêu dùng tín chấp,30,Kế toán,32300000.0,Có,24,0.437,,1,2,9,Có,5390000.0,0.0,Có,0
LSCN00655,2024,Vay tiêu dùng tín chấp,27,Kỹ sư,13900000.0,Không,15,0.429,,2,0,12,Có,1480000.0,69000000.0,Có,0
LSCN00656,2023,Vay sản xuất kinh doanh,21,Kỹ sư,29400000.0,Có,56,0.351,0.653,1,0,0,Có,24150000.0,412000000.0,Có,0
LSCN00657,2025,Vay tiêu dùng tín chấp,37,Bác sĩ,28300000.0,Có,28,0.578,,1,0,0,Có,45220000.0,685000000.0,Có,0
LSCN00658,2025,Vay mua ô tô,36,Bán hàng,7300000.0,Không,9,0.307,0.633,1,0,0,Có,9000000.0,0.0,Có,0
LSCN00659,2023,Vay sản xuất kinh doanh,23,Bán hàng,6100000.0,Có,19,0.52,0.653,1,1,3,Có,10090000.0,61000000.0,Có,0
LSCN00660,2022,Vay sản xuất kinh doanh,36,Công chức,16900000.0,Không,64,0.413,0.653,1,0,0,Có,2000000.0,0.0,Có,0
LSCN00661,2025,Vay tiêu dùng tín chấp,49,Lái xe,7500000.0,Không,0,0.385,,1,1,9,Có,1770000.0,23000000.0,Có,0
LSCN00662,2025,Vay tiêu dùng tín chấp,53,Công chức,24600000.0,Có,43,0.7,,1,0,0,Có,20590000.0,0.0,Có,1
LSCN00663,2021,Vay tiêu dùng tín chấp,46,Công nhân,11600000.0,Có,36,0.307,,1,0,0,Có,5550000.0,0.0,Có,0
LSCN00664,2022,Vay tiêu dùng tín chấp,48,Kỹ sư,18000000.0,Không,4,0.495,,1,1,6,Có,28980000.0,115000000.0,Không,0
LSCN00665,2024,Vay mua nhà,51,Nhân viên văn phòng,26100000.0,Không,14,0.365,0.769,1,0,0,Có,21300000.0,1239000000.0,Có,0
LSCN00666,2023,Vay tiêu dùng tín chấp,24,Kế toán,16000000.0,Có,39,0.164,,1,0,0,Có,16360000.0,0.0,Có,0
LSCN00667,2025,Vay mua nhà,21,Công chức,9000000.0,Có,14,0.269,0.717,1,1,9,Có,4170000.0,35000000.0,Có,0
LSCN00668,2022,Vay mua ô tô,22,Kế toán,17900000.0,Không,20,0.387,0.848,1,0,0,Có,9560000.0,418000000.0,Có,0
LSCN00669,2024,Vay tiêu dùng tín chấp,51,Hưu trí,14300000.0,Không,35,0.309,,1,0,0,Có,20040000.0,0.0,Có,0
LSCN00670,2021,Vay sản xuất kinh doanh,57,Giáo viên,12800000.0,Không,53,0.403,0.653,1,0,0,Có,4070000.0,685000000.0,Có,0
LSCN00671,2025,Vay mua ô tô,38,Kinh doanh tự do,52900000.0,Không,48,0.556,0.705,1,0,0,Có,37970000.0,0.0,Có,0
LSCN00672,2023,Vay mua nhà,50,Nội trợ,6300000.0,Không,30,0.482,0.764,1,1,3,Có,5010000.0,60000000.0,Có,0
LSCN00673,2022,Vay tiêu dùng tín chấp,34,Kỹ sư,28500000.0,Không,6,0.472,,1,0,0,Có,20970000.0,0.0,Có,0
LSCN00674,2021,Vay mua ô tô,42,Bác sĩ,16300000.0,Không,25,0.498,0.529,1,0,0,Có,3860000.0,0.0,Có,0
LSCN00675,2022,Vay tiêu dùng tín chấp,34,Công chức,21600000.0,Có,8,0.307,,1,0,0,Không,8150000.0,1147000000.0,Có,0
LSCN00676,2023,Vay mua ô tô,21,Nhân viên văn phòng,14900000.0,Có,22,0.195,0.562,1,1,6,Có,7760000.0,270000000.0,Có,0
LSCN00677,2024,Vay tiêu dùng tín chấp,27,Bán hàng,25500000.0,Có,14,0.139,,1,0,0,Không,65330000.0,710000000.0,Có,0
LSCN00678,2022,Vay tiêu dùng tín chấp,44,Nhân viên văn phòng,13300000.0,Có,4,0.226,,1,0,0,Không,10290000.0,0.0,Có,0
LSCN00679,2024,Vay sản xuất kinh doanh,55,Bán hàng,7500000.0,Không,165,0.316,0.653,2,0,67,Có,1750000.0,0.0,Có,0
LSCN00680,2022,Vay mua ô tô,42,Hưu trí,20300000.0,Có,118,0.375,0.826,1,0,0,Có,3280000.0,1656000000.0,Có,0
LSCN00681,2023,Vay tiêu dùng tín chấp,33,Kỹ sư,19600000.0,Có,8,0.366,,2,1,88,Có,1890000.0,358000000.0,Có,0
LSCN00682,2023,Vay tiêu dùng tín chấp,49,Giáo viên,11400000.0,Có,2,0.27,,1,0,0,Có,24290000.0,882000000.0,Có,0
LSCN00683,2021,Vay mua nhà,48,Nội trợ,1800000.0,Không,40,0.373,0.761,2,1,79,Có,930000.0,0.0,Có,0
LSCN00684,2024,Vay mua nhà,48,Kinh doanh tự do,24000000.0,Không,12,0.412,0.667,2,0,65,Có,17750000.0,0.0,Có,0
LSCN00685,2023,Vay tiêu dùng tín chấp,46,Kế toán,21800000.0,Không,75,0.188,,1,0,0,Có,19830000.0,0.0,Có,0
LSCN00686,2025,Vay sản xuất kinh doanh,45,Nhân viên văn phòng,20300000.0,Không,3,0.243,0.653,2,0,31,Có,11690000.0,0.0,Có,0
LSCN00687,2022,Vay tiêu dùng tín chấp,59,Kỹ sư,52000000.0,Có,21,0.444,,1,0,0,Không,23220000.0,2503000000.0,Có,0
LSCN00688,2021,Vay mua nhà,46,Bác sĩ,27600000.0,Không,94,0.615,0.675,1,1,8,Có,12930000.0,1286000000.0,Có,0
LSCN00689,2021,Vay mua ô tô,23,Bán hàng,11200000.0,Có,12,0.084,0.663,1,0,0,Không,27790000.0,0.0,Có,0
LSCN00690,2024,Vay mua nhà,42,Nội trợ,6300000.0,Không,12,0.482,0.562,1,0,0,Không,4800000.0,0.0,Có,0
LSCN00691,2022,Vay mua nhà,40,Kỹ sư,19800000.0,Không,5,0.314,0.661,1,0,0,Không,11100000.0,0.0,Có,0
LSCN00692,2025,Vay mua nhà,40,Công nhân,7200000.0,Không,31,0.433,0.593,1,0,0,Có,1890000.0,132000000.0,Có,0
LSCN00693,2024,Vay tiêu dùng tín chấp,29,Bác sĩ,26600000.0,Không,32,0.592,,1,1,7,Có,11900000.0,0.0,Không,0
LSCN00694,2022,Vay mua nhà,21,Nhân viên văn phòng,9200000.0,Có,7,0.3,0.47,1,0,0,Không,3370000.0,118000000.0,Có,0
LSCN00695,2023,Vay tiêu dùng tín chấp,37,Lái xe,14800000.0,Có,58,0.396,,1,0,0,Có,4940000.0,886000000.0,Có,0
LSCN00696,2023,Vay mua ô tô,21,Kinh doanh tự do,23200000.0,Không,24,0.562,0.546,2,0,69,Có,9490000.0,0.0,Có,0
LSCN00697,2021,Vay mua nhà,61,Lái xe,9800000.0,Không,3,0.428,0.935,1,0,0,Không,3440000.0,202000000.0,Có,0
LSCN00698,2023,Vay tiêu dùng tín chấp,38,Nội trợ,1300000.0,Không,53,0.454,,1,0,0,Có,2640000.0,0.0,Có,0
LSCN00699,2023,Vay mua nhà,33,Kinh doanh tự do,36200000.0,Không,9,0.503,0.635,1,2,2,Có,5500000.0,361000000.0,Có,0
LSCN00700,2021,Vay tiêu dùng tín chấp,35,Bác sĩ,44100000.0,Không,13,0.396,,1,1,5,Có,31380000.0,0.0,Có,0
LSCN00701,2024,Vay tiêu dùng tín chấp,41,Kỹ sư,14500000.0,Có,23,0.49,,1,1,1,Có,9100000.0,1036000000.0,Có,0
LSCN00702,2021,Vay mua ô tô,32,Bác sĩ,94200000.0,Có,111,0.288,0.629,1,0,0,Không,45010000.0,5321000000.0,Có,0
LSCN00703,2025,Vay mua ô tô,44,Lái xe,14300000.0,Có,35,0.495,0.531,1,0,0,Có,14410000.0,77000000.0,Có,0
LSCN00704,2021,Vay tiêu dùng tín chấp,55,Kế toán,36500000.0,Không,26,0.162,,1,0,0,Có,16790000.0,2801000000.0,Có,0
LSCN00705,2023,Vay tiêu dùng tín chấp,43,Nhân viên văn phòng,6700000.0,Không,5,0.782,,2,0,32,Có,1960000.0,0.0,Có,0
LSCN00706,2022,Vay mua nhà,46,Công chức,6700000.0,Có,27,0.424,0.537,1,0,0,Có,11700000.0,0.0,Có,0
LSCN00707,2024,Vay mua ô tô,47,Lái xe,11100000.0,Không,113,0.408,0.614,1,0,0,Có,11980000.0,0.0,Có,0
LSCN00708,2023,Vay mua nhà,48,Bác sĩ,23000000.0,Có,15,0.354,0.639,2,0,37,Có,15060000.0,0.0,Có,0
LSCN00709,2023,Vay mua ô tô,38,Giáo viên,14800000.0,Không,12,0.408,0.636,1,0,0,Có,3890000.0,0.0,Có,0
LSCN00710,2025,Vay sản xuất kinh doanh,33,Kỹ sư,20800000.0,Không,6,0.385,0.653,1,0,0,Không,11020000.0,276000000.0,Có,0
LSCN00711,2024,Vay mua ô tô,36,Công chức,8700000.0,Không,2,0.335,0.463,2,0,57,Có,7010000.0,0.0,Có,0
LSCN00712,2025,Vay tiêu dùng tín chấp,55,Kế toán,14900000.0,Có,19,0.307,,1,0,0,Có,6050000.0,880000000.0,Có,0
LSCN00713,2025,Vay mua ô tô,41,Bán hàng,6500000.0,Có,19,0.553,0.589,1,0,0,Có,10520000.0,0.0,Có,0
LSCN00714,2023,Vay mua nhà,58,Nhân viên văn phòng,23700000.0,Có,46,0.243,0.683,1,0,0,Có,44090000.0,0.0,Có,0
LSCN00715,2024,Vay tiêu dùng tín chấp,30,Công chức,5900000.0,Có,28,0.477,,1,0,0,Có,2990000.0,0.0,Có,0
LSCN00716,2023,Vay tiêu dùng tín chấp,45,Hưu trí,4500000.0,Không,2,0.317,,1,0,0,Không,3170000.0,31000000.0,Có,0
LSCN00717,2024,Vay sản xuất kinh doanh,36,Nội trợ,2600000.0,Không,27,0.166,0.653,1,0,0,Có,590000.0,52000000.0,Có,0
LSCN00718,2023,Vay mua nhà,38,Giáo viên,14500000.0,Không,99,0.34,0.835,1,1,4,Có,11210000.0,0.0,Có,0
LSCN00719,2024,Vay mua nhà,41,Giáo viên,6600000.0,Không,9,0.219,0.437,1,0,0,Có,2760000.0,74000000.0,Có,0
LSCN00720,2022,Vay mua nhà,21,Kỹ sư,21200000.0,Có,10,0.469,0.527,1,0,0,Có,28430000.0,3283000000.0,Có,0
LSCN00721,2022,Vay mua nhà,46,Công chức,12800000.0,Có,73,0.283,0.695,1,0,0,Không,16810000.0,1004000000.0,Có,0
LSCN00722,2022,Vay tiêu dùng tín chấp,38,Kế toán,17800000.0,Không,106,0.26,,1,0,0,Không,25380000.0,0.0,Không,0
LSCN00723,2022,Vay mua nhà,31,Nội trợ,2900000.0,Không,21,0.397,0.65,1,0,0,Không,1410000.0,29000000.0,Có,0
LSCN00724,2024,Vay tiêu dùng tín chấp,37,Giáo viên,4500000.0,Có,14,0.557,,2,0,13,Có,4520000.0,0.0,Có,0
LSCN00725,2023,Vay sản xuất kinh doanh,29,Bán hàng,13400000.0,Không,128,0.255,0.653,1,0,0,Không,9040000.0,262000000.0,Có,0
LSCN00726,2022,Vay mua nhà,42,Kỹ sư,29400000.0,Có,96,0.454,0.784,1,0,0,Không,15870000.0,0.0,Có,0
LSCN00727,2021,Vay mua nhà,42,Công chức,19900000.0,Có,74,0.231,0.657,1,1,7,Có,95970000.0,103000000.0,Có,0
LSCN00728,2024,Vay mua ô tô,27,Kỹ sư,17400000.0,Không,0,0.439,0.566,1,0,0,Không,11250000.0,178000000.0,Có,0
LSCN00729,2022,Vay sản xuất kinh doanh,38,Kỹ sư,51000000.0,Không,37,0.403,0.653,2,1,13,Có,24080000.0,219000000.0,Có,0
LSCN00730,2024,Vay sản xuất kinh doanh,41,Công nhân,5700000.0,Có,7,0.467,0.653,1,1,4,Có,3160000.0,61000000.0,Có,0
LSCN00731,2022,Vay tiêu dùng tín chấp,41,Bác sĩ,48300000.0,Có,29,0.436,,1,0,0,Có,15600000.0,3357000000.0,Có,0
LSCN00732,2023,Vay tiêu dùng tín chấp,31,Lái xe,15100000.0,Có,69,0.279,,1,0,0,Có,15050000.0,0.0,Có,0
LSCN00733,2024,Vay mua nhà,36,Giáo viên,16900000.0,Có,51,0.514,0.63,1,0,0,Có,8260000.0,337000000.0,Có,0
LSCN00734,2025,Vay tiêu dùng tín chấp,46,Giáo viên,16100000.0,Có,17,0.072,,1,0,0,Không,28600000.0,600000000.0,Có,0
LSCN00735,2024,Vay mua ô tô,23,Lái xe,9000000.0,Không,13,0.599,0.703,1,0,0,Không,7820000.0,0.0,Có,0
LSCN00736,2021,Vay mua ô tô,46,Bác sĩ,37000000.0,Không,23,0.264,0.606,1,0,0,Có,68230000.0,0.0,Có,0
LSCN00737,2021,Vay mua nhà,39,Kế toán,15100000.0,Không,1,0.462,0.428,1,0,0,Có,9920000.0,0.0,Có,0
LSCN00738,2021,Vay tiêu dùng tín chấp,29,Công chức,8700000.0,Có,33,0.313,,1,0,0,Có,3320000.0,0.0,Có,0
LSCN00739,2023,Vay tiêu dùng tín chấp,24,Công chức,11600000.0,Có,41,0.209,,1,0,0,Không,7350000.0,159000000.0,Có,0
LSCN00740,2025,Vay tiêu dùng tín chấp,37,Bán hàng,30400000.0,Không,5,0.316,,1,0,0,Không,4250000.0,92000000.0,Có,0
LSCN00741,2023,Vay tiêu dùng tín chấp,48,Nội trợ,3200000.0,Không,75,0.448,,1,0,0,Có,1530000.0,17000000.0,Có,0
LSCN00742,2025,Vay tiêu dùng tín chấp,47,Nhân viên văn phòng,10500000.0,Không,10,0.401,,2,1,74,Có,2330000.0,0.0,Có,0
LSCN00743,2022,Vay tiêu dùng tín chấp,28,Lái xe,7400000.0,Không,24,0.596,,1,1,7,Có,1470000.0,0.0,Có,0
LSCN00744,2022,Vay tiêu dùng tín chấp,35,Kinh doanh tự do,17100000.0,Không,11,0.44,,1,1,9,Có,7570000.0,0.0,Có,0
LSCN00745,2025,Vay tiêu dùng tín chấp,48,Bán hàng,14500000.0,Có,108,0.374,,1,0,0,Có,27220000.0,0.0,Có,0
LSCN00746,2024,Vay mua nhà,47,Công chức,17600000.0,Không,11,0.403,0.527,1,0,0,Có,32330000.0,0.0,Có,0
LSCN00747,2024,Vay sản xuất kinh doanh,29,Bán hàng,17100000.0,Có,8,0.099,0.653,1,0,0,Có,8630000.0,0.0,Có,0
LSCN00748,2024,Vay mua ô tô,42,Công nhân,14500000.0,Không,1,0.125,0.476,1,0,0,Có,23210000.0,211000000.0,Có,0
LSCN00749,2023,Vay sản xuất kinh doanh,26,Giáo viên,25300000.0,Có,20,0.395,0.653,1,0,0,Có,12300000.0,0.0,Có,0
LSCN00750,2023,Vay mua ô tô,28,Nội trợ,6500000.0,Không,10,0.191,0.502,1,1,8,Có,2900000.0,0.0,Có,0
LSCN00751,2023,Vay mua ô tô,43,Kinh doanh tự do,21700000.0,Không,105,0.373,0.761,1,0,0,Có,18850000.0,0.0,Có,0
LSCN00752,2021,Vay tiêu dùng tín chấp,37,Bác sĩ,43500000.0,Có,49,0.419,,1,0,0,Có,33150000.0,306000000.0,Có,0
LSCN00753,2025,Vay tiêu dùng tín chấp,32,Công chức,14200000.0,Có,4,0.167,,1,0,0,Có,8240000.0,0.0,Có,0
LSCN00754,2024,Vay tiêu dùng tín chấp,49,Hưu trí,7700000.0,Có,60,0.293,,1,0,0,Không,3970000.0,383000000.0,Có,0
LSCN00755,2025,Vay sản xuất kinh doanh,40,Bác sĩ,21300000.0,Có,38,0.26,0.653,1,0,0,Có,12390000.0,0.0,Có,0
LSCN00756,2021,Vay sản xuất kinh doanh,37,Công nhân,9500000.0,Không,5,0.337,0.653,1,0,0,Không,8330000.0,0.0,Có,0
LSCN00757,2025,Vay tiêu dùng tín chấp,50,Hưu trí,10400000.0,Không,6,0.16,,1,0,0,Có,3200000.0,586000000.0,Có,0
LSCN00758,2024,Vay tiêu dùng tín chấp,36,Công chức,5000000.0,Có,32,0.483,,2,1,12,Có,900000.0,0.0,Có,0
LSCN00759,2025,Vay mua ô tô,27,Công nhân,6200000.0,Không,48,0.512,0.763,1,0,0,Có,2790000.0,0.0,Có,0
LSCN00760,2025,Vay mua ô tô,28,Nội trợ,1400000.0,Không,17,0.327,0.807,1,1,3,Có,340000.0,0.0,Có,0
LSCN00761,2022,Vay tiêu dùng tín chấp,53,Bác sĩ,29800000.0,Không,33,0.177,,1,0,0,Có,6350000.0,0.0,Có,0
LSCN00762,2024,Vay tiêu dùng tín chấp,51,Kinh doanh tự do,36400000.0,Không,41,0.444,,1,0,0,Không,14820000.0,204000000.0,Không,0
LSCN00763,2022,Vay mua ô tô,65,Công nhân,6600000.0,Có,9,0.314,0.771,1,0,0,Có,10420000.0,0.0,Có,0
LSCN00764,2024,Vay tiêu dùng tín chấp,31,Bác sĩ,31100000.0,Có,35,0.551,,1,0,0,Không,12310000.0,0.0,Có,0
LSCN00765,2025,Vay mua nhà,30,Nhân viên văn phòng,28600000.0,Có,26,0.328,0.574,1,0,0,Có,53830000.0,0.0,Có,0
LSCN00766,2021,Vay mua ô tô,29,Công chức,17600000.0,Không,33,0.345,0.553,1,0,0,Có,17630000.0,161000000.0,Có,0
LSCN00767,2022,Vay mua nhà,28,Nhân viên văn phòng,19600000.0,Có,0,0.44,0.775,1,0,0,Có,16020000.0,1916000000.0,Có,0
LSCN00768,2023,Vay sản xuất kinh doanh,35,Bán hàng,18300000.0,Không,102,0.094,0.653,1,0,0,Có,12720000.0,0.0,Có,0
LSCN00769,2022,Vay mua nhà,54,Giáo viên,22900000.0,Có,53,0.526,0.691,1,0,0,Có,88420000.0,0.0,Có,0
LSCN00770,2025,Vay mua ô tô,31,Nhân viên văn phòng,17700000.0,Không,24,0.308,0.734,1,0,0,Có,26260000.0,1336000000.0,Có,0
LSCN00771,2023,Vay mua ô tô,21,Nhân viên văn phòng,24300000.0,Có,11,0.428,0.816,1,0,0,Có,88310000.0,34000000.0,Có,0
LSCN00772,2023,Vay tiêu dùng tín chấp,35,Lái xe,8600000.0,Không,90,0.486,,1,0,0,Không,2080000.0,0.0,Có,0
LSCN00773,2022,Vay mua nhà,31,Kinh doanh tự do,20500000.0,Không,33,0.483,0.533,1,0,0,Có,8700000.0,1316000000.0,Có,0
LSCN00774,2021,Vay mua nhà,49,Hưu trí,6500000.0,Có,7,0.503,0.702,2,1,19,Có,4930000.0,86000000.0,Có,0
LSCN00775,2021,Vay tiêu dùng tín chấp,45,Công nhân,7100000.0,Có,42,0.481,,2,2,47,Có,1140000.0,0.0,Có,1
LSCN00776,2025,Vay mua ô tô,57,Công nhân,8600000.0,Có,20,0.484,0.697,1,0,0,Có,4820000.0,0.0,Có,0
LSCN00777,2023,Vay tiêu dùng tín chấp,41,Công nhân,6000000.0,Có,28,0.304,,1,0,0,Có,570000.0,0.0,Có,0
LSCN00778,2022,Vay tiêu dùng tín chấp,59,Kế toán,10700000.0,Không,3,0.682,,1,1,6,Có,3680000.0,242000000.0,Có,0
LSCN00779,2022,Vay tiêu dùng tín chấp,33,Nội trợ,2000000.0,Không,31,0.817,,2,2,48,Có,90000.0,0.0,Có,1
LSCN00780,2024,Vay mua ô tô,47,Nội trợ,2400000.0,Không,84,0.519,0.748,1,0,0,Không,1150000.0,93000000.0,Có,0
LSCN00781,2023,Vay tiêu dùng tín chấp,36,Công nhân,8900000.0,Có,56,0.101,,1,0,0,Có,7680000.0,0.0,Có,0
LSCN00782,2024,Vay sản xuất kinh doanh,57,Kỹ sư,9400000.0,Có,38,0.396,0.653,1,1,2,Có,5860000.0,60000000.0,Có,0
LSCN00783,2022,Vay tiêu dùng tín chấp,48,Kỹ sư,41000000.0,Có,117,0.348,,1,1,9,Có,53850000.0,222000000.0,Có,0
LSCN00784,2025,Vay mua nhà,41,Giáo viên,17100000.0,Có,10,0.433,0.713,1,0,0,Có,2820000.0,1026000000.0,Có,0
LSCN00785,2021,Vay tiêu dùng tín chấp,24,Bán hàng,21200000.0,Không,18,0.432,,1,0,0,Có,5870000.0,0.0,Có,0
LSCN00786,2023,Vay mua ô tô,46,Kế toán,14300000.0,Có,54,0.332,0.81,1,0,0,Có,10760000.0,0.0,Có,0
LSCN00787,2021,Vay mua ô tô,39,Bán hàng,13100000.0,Có,26,0.395,0.508,1,0,0,Có,5290000.0,414000000.0,Có,0
LSCN00788,2021,Vay sản xuất kinh doanh,33,Bán hàng,22400000.0,Có,43,0.251,0.653,1,0,0,Có,17950000.0,465000000.0,Có,0
LSCN00789,2021,Vay mua nhà,36,Giáo viên,26900000.0,Có,8,0.294,0.657,1,0,0,Không,6240000.0,0.0,Có,0
LSCN00790,2022,Vay tiêu dùng tín chấp,35,Kinh doanh tự do,23800000.0,Không,6,0.454,,1,0,0,Có,15330000.0,254000000.0,Có,0
LSCN00791,2024,Vay mua ô tô,44,Kinh doanh tự do,28000000.0,Không,7,0.442,0.718,1,1,5,Có,17550000.0,0.0,Có,0
LSCN00792,2023,Vay mua nhà,32,Công nhân,11100000.0,Có,0,0.287,0.558,1,0,0,Có,17260000.0,181000000.0,Có,0
LSCN00793,2023,Vay mua nhà,28,Kỹ sư,10400000.0,Không,31,0.631,0.458,1,0,0,Có,4340000.0,75000000.0,Có,0
LSCN00794,2024,Vay tiêu dùng tín chấp,26,Nhân viên văn phòng,12400000.0,Không,22,0.523,,1,0,0,Có,8190000.0,1105000000.0,Có,0
LSCN00795,2025,Vay mua nhà,36,Bán hàng,8300000.0,Có,11,0.05,0.537,1,0,0,Không,6120000.0,92000000.0,Có,0
LSCN00796,2022,Vay mua nhà,32,Nội trợ,6700000.0,Không,5,0.211,0.596,1,0,0,Có,25170000.0,110000000.0,Có,0
LSCN00797,2025,Vay tiêu dùng tín chấp,21,Kinh doanh tự do,12500000.0,Không,40,0.361,,2,0,37,Có,4000000.0,0.0,Có,0
LSCN00798,2024,Vay mua ô tô,44,Kinh doanh tự do,27900000.0,Không,6,0.062,0.587,1,1,6,Có,22600000.0,0.0,Có,0
LSCN00799,2024,Vay mua nhà,28,Kinh doanh tự do,24400000.0,Không,36,0.46,0.748,1,0,0,Không,8090000.0,0.0,Có,0
LSCN00800,2024,Vay sản xuất kinh doanh,44,Nội trợ,5500000.0,Không,33,0.22,0.653,1,0,0,Không,3250000.0,323000000.0,Có,0
LSCN00801,2024,Vay tiêu dùng tín chấp,40,Nội trợ,3100000.0,Không,13,0.376,,1,0,0,Có,4090000.0,0.0,Có,0
LSCN00802,2024,Vay mua nhà,32,Lái xe,4900000.0,Có,28,0.421,0.696,1,1,5,Có,1500000.0,458000000.0,Có,0
LSCN00803,2022,Vay tiêu dùng tín chấp,21,Bác sĩ,22500000.0,Không,103,0.508,,1,0,0,Có,42130000.0,887000000.0,Có,0
LSCN00804,2022,Vay sản xuất kinh doanh,48,Nhân viên văn phòng,20500000.0,Có,122,0.207,0.653,1,0,0,Có,2480000.0,0.0,Có,0
LSCN00805,2023,Vay mua ô tô,50,Giáo viên,6200000.0,Không,9,0.404,0.76,1,0,0,Có,6730000.0,0.0,Có,0
LSCN00806,2024,Vay tiêu dùng tín chấp,35,Kế toán,17500000.0,Không,5,0.316,,1,0,0,Có,32890000.0,1526000000.0,Có,0
LSCN00807,2021,Vay tiêu dùng tín chấp,42,Nhân viên văn phòng,24000000.0,Có,51,0.503,,1,1,8,Có,3580000.0,0.0,Có,0
LSCN00808,2021,Vay mua ô tô,52,Lái xe,15600000.0,Không,43,0.264,0.726,3,2,93,Có,7840000.0,0.0,Có,0
LSCN00809,2024,Vay mua nhà,28,Công chức,6900000.0,Có,0,0.594,0.756,1,0,0,Không,3250000.0,0.0,Có,0
LSCN00810,2023,Vay tiêu dùng tín chấp,38,Giáo viên,5700000.0,Có,9,0.406,,1,0,0,Có,8400000.0,0.0,Có,0
LSCN00811,2024,Vay tiêu dùng tín chấp,32,Bán hàng,12700000.0,Có,30,0.541,,1,0,0,Có,15630000.0,22000000.0,Có,0
LSCN00812,2023,Vay tiêu dùng tín chấp,47,Bác sĩ,41000000.0,Không,0,0.073,,2,0,19,Có,27480000.0,1957000000.0,Có,0
LSCN00813,2022,Vay tiêu dùng tín chấp,40,Nhân viên văn phòng,13200000.0,Không,36,0.266,,2,0,76,Có,5410000.0,0.0,Có,0
LSCN00814,2022,Vay sản xuất kinh doanh,42,Nhân viên văn phòng,20900000.0,Không,117,0.452,0.653,2,0,80,Có,6090000.0,111000000.0,Có,0
LSCN00815,2022,Vay mua nhà,61,Lái xe,8400000.0,Có,34,0.496,0.546,1,0,0,Không,1810000.0,0.0,Có,0
LSCN00816,2025,Vay mua nhà,35,Giáo viên,19800000.0,Có,92,0.445,0.655,1,0,0,Có,9470000.0,0.0,Có,0
LSCN00817,2022,Vay mua nhà,38,Công nhân,5000000.0,Không,8,0.674,0.58,1,0,0,Có,9990000.0,49000000.0,Không,0
LSCN00818,2023,Vay mua nhà,51,Kinh doanh tự do,41000000.0,Không,21,0.171,0.559,1,1,2,Có,31620000.0,868000000.0,Có,0
LSCN00819,2025,Vay tiêu dùng tín chấp,23,Hưu trí,7800000.0,Có,16,0.149,,1,0,0,Có,4100000.0,27000000.0,Có,0
LSCN00820,2022,Vay tiêu dùng tín chấp,28,Hưu trí,4600000.0,Không,96,0.356,,1,0,0,Không,2380000.0,484000000.0,Có,0
LSCN00821,2021,Vay sản xuất kinh doanh,39,Công chức,8000000.0,Không,20,0.585,0.653,1,1,6,Có,15150000.0,0.0,Có,0
LSCN00822,2024,Vay tiêu dùng tín chấp,22,Kỹ sư,16500000.0,Không,61,0.394,,1,0,0,Không,6520000.0,0.0,Có,0
LSCN00823,2021,Vay mua nhà,42,Nội trợ,2200000.0,Không,19,0.367,0.608,1,0,0,Có,370000.0,32000000.0,Có,1
LSCN00824,2024,Vay sản xuất kinh doanh,44,Nội trợ,4500000.0,Không,5,0.404,0.653,1,0,0,Có,1330000.0,23000000.0,Có,0
LSCN00825,2025,Vay mua nhà,47,Kỹ sư,11900000.0,Có,17,0.382,0.704,1,0,0,Không,4740000.0,209000000.0,Có,0
LSCN00826,2025,Vay tiêu dùng tín chấp,25,Bán hàng,10000000.0,Có,55,0.437,,1,0,0,Không,5200000.0,848000000.0,Có,0
LSCN00827,2023,Vay tiêu dùng tín chấp,42,Giáo viên,10100000.0,Có,2,0.303,,1,0,0,Có,8290000.0,0.0,Có,0
LSCN00828,2021,Vay mua nhà,44,Bác sĩ,13800000.0,Không,25,0.452,0.7,1,0,0,Có,8720000.0,89000000.0,Có,0
LSCN00829,2022,Vay tiêu dùng tín chấp,21,Bán hàng,10600000.0,Không,28,0.303,,1,0,0,Có,27610000.0,351000000.0,Có,0
LSCN00830,2022,Vay mua nhà,21,Lái xe,9200000.0,Không,1,0.273,0.755,1,0,0,Không,23200000.0,0.0,Không,0
LSCN00831,2024,Vay sản xuất kinh doanh,28,Công chức,17000000.0,Không,40,0.157,0.653,1,0,0,Có,10160000.0,0.0,Có,0
LSCN00832,2024,Vay mua ô tô,32,Bán hàng,9000000.0,Không,64,0.238,0.619,1,0,0,Không,14810000.0,0.0,Không,0
LSCN00833,2024,Vay sản xuất kinh doanh,52,Kế toán,30200000.0,Không,2,0.293,0.653,1,0,0,Không,4420000.0,2135000000.0,Có,0
LSCN00834,2025,Vay tiêu dùng tín chấp,36,Kỹ sư,9000000.0,Có,2,0.447,,1,0,0,Có,13810000.0,0.0,Có,0
LSCN00835,2023,Vay tiêu dùng tín chấp,23,Giáo viên,15900000.0,Có,99,0.162,,1,0,0,Có,11340000.0,0.0,Có,0
LSCN00836,2023,Vay mua nhà,32,Kế toán,15300000.0,Không,129,0.19,0.615,1,0,0,Có,10480000.0,0.0,Có,0
LSCN00837,2021,Vay mua ô tô,35,Hưu trí,4900000.0,Không,30,0.289,0.437,1,0,0,Không,6760000.0,166000000.0,Có,0
LSCN00838,2021,Vay mua ô tô,31,Nhân viên văn phòng,12300000.0,Không,0,0.513,0.67,1,0,0,Không,14880000.0,0.0,Có,0
LSCN00839,2021,Vay tiêu dùng tín chấp,38,Công chức,8600000.0,Không,1,0.312,,1,1,9,Có,2070000.0,0.0,Có,0
LSCN00840,2022,Vay mua ô tô,35,Kỹ sư,31600000.0,Không,17,0.419,0.626,1,1,2,Có,43050000.0,0.0,Có,0
LSCN00841,2024,Vay mua nhà,34,Giáo viên,11300000.0,Có,18,0.453,0.507,1,0,0,Không,7890000.0,0.0,Có,0
LSCN00842,2024,Vay tiêu dùng tín chấp,30,Kinh doanh tự do,13100000.0,Không,45,0.526,,1,0,0,Không,4290000.0,0.0,Có,0
LSCN00843,2021,Vay mua ô tô,38,Bán hàng,10200000.0,Có,8,0.316,0.361,1,0,0,Không,28420000.0,562000000.0,Có,0
LSCN00844,2022,Vay sản xuất kinh doanh,34,Kinh doanh tự do,21500000.0,Không,47,0.356,0.653,1,0,0,Không,7010000.0,0.0,Có,0
LSCN00845,2021,Vay mua ô tô,47,Công nhân,10000000.0,Không,63,0.249,0.725,1,0,0,Không,1220000.0,241000000.0,Có,0
LSCN00846,2021,Vay tiêu dùng tín chấp,26,Công nhân,5500000.0,Không,33,0.474,,2,0,73,Có,3110000.0,30000000.0,Có,0
LSCN00847,2021,Vay mua nhà,54,Lái xe,18800000.0,Có,42,0.286,0.385,1,0,0,Không,16710000.0,355000000.0,Có,0
LSCN00848,2021,Vay sản xuất kinh doanh,27,Nhân viên văn phòng,14300000.0,Có,45,0.331,0.653,1,0,0,Có,1430000.0,0.0,Có,0
LSCN00849,2023,Vay tiêu dùng tín chấp,45,Kinh doanh tự do,23400000.0,Không,130,0.397,,2,1,42,Có,3300000.0,250000000.0,Có,1
LSCN00850,2022,Vay mua nhà,44,Giáo viên,14600000.0,Có,19,0.232,0.551,2,0,52,Có,2300000.0,0.0,Có,0
LSCN00851,2025,Vay tiêu dùng tín chấp,39,Kế toán,16400000.0,Có,5,0.446,,2,4,86,Có,13550000.0,334000000.0,Có,0
LSCN00852,2021,Vay mua nhà,21,Công chức,11900000.0,Có,36,0.336,0.584,1,0,0,Có,7810000.0,0.0,Có,0
LSCN00853,2024,Vay mua ô tô,26,Bác sĩ,7200000.0,Có,21,0.624,0.786,2,4,18,Có,2540000.0,0.0,Có,1
LSCN00854,2023,Vay mua ô tô,41,Kinh doanh tự do,26200000.0,Không,7,0.379,0.743,2,1,22,Có,5120000.0,2495000000.0,Có,0
LSCN00855,2021,Vay sản xuất kinh doanh,33,Bán hàng,16700000.0,Có,2,0.235,0.653,1,0,0,Không,20140000.0,0.0,Có,0
LSCN00856,2025,Vay mua nhà,45,Công nhân,6400000.0,Không,0,0.57,0.79,2,0,49,Có,5590000.0,26000000.0,Có,0
LSCN00857,2021,Vay tiêu dùng tín chấp,27,Công chức,15100000.0,Không,2,0.094,,1,0,0,Có,35710000.0,1169000000.0,Có,0
LSCN00858,2024,Vay mua nhà,40,Hưu trí,8600000.0,Có,81,0.42,0.841,1,0,0,Có,14840000.0,0.0,Có,0
LSCN00859,2024,Vay mua ô tô,38,Kinh doanh tự do,28600000.0,Không,4,0.243,0.603,1,0,0,Có,44310000.0,1888000000.0,Có,0
LSCN00860,2024,Vay sản xuất kinh doanh,33,Nội trợ,2200000.0,Không,4,0.45,0.653,1,2,9,Có,760000.0,0.0,Có,0
LSCN00861,2022,Vay mua nhà,28,Hưu trí,3900000.0,Có,34,0.211,0.789,1,0,0,Có,2290000.0,0.0,Có,0
LSCN00862,2022,Vay tiêu dùng tín chấp,21,Bác sĩ,53600000.0,Có,97,0.162,,1,0,0,Không,26380000.0,6099000000.0,Có,0
LSCN00863,2024,Vay tiêu dùng tín chấp,32,Nhân viên văn phòng,11100000.0,Có,48,0.562,,1,0,0,Không,7630000.0,159000000.0,Có,0
LSCN00864,2022,Vay mua nhà,37,Kế toán,18000000.0,Có,44,0.365,0.614,1,0,0,Không,3580000.0,350000000.0,Có,0
LSCN00865,2022,Vay mua ô tô,56,Lái xe,4400000.0,Có,26,0.611,0.798,2,0,13,Có,1660000.0,0.0,Có,1
LSCN00866,2023,Vay sản xuất kinh doanh,35,Bán hàng,25900000.0,Có,38,0.534,0.653,1,0,0,Không,5670000.0,1074000000.0,Có,0
LSCN00867,2022,Vay mua nhà,34,Giáo viên,18100000.0,Có,2,0.252,0.55,2,0,33,Có,7540000.0,690000000.0,Có,0
LSCN00868,2022,Vay mua nhà,36,Nhân viên văn phòng,15400000.0,Không,11,0.331,0.616,1,0,0,Có,8700000.0,0.0,Có,0
LSCN00869,2024,Vay mua nhà,40,Bán hàng,11400000.0,Không,30,0.509,0.725,1,0,0,Không,12160000.0,0.0,Có,0
LSCN00870,2024,Vay sản xuất kinh doanh,45,Nhân viên văn phòng,19000000.0,Có,1,0.206,0.653,1,0,0,Có,24230000.0,353000000.0,Có,0
LSCN00871,2022,Vay tiêu dùng tín chấp,59,Giáo viên,15800000.0,Có,24,0.389,,1,0,0,Có,4750000.0,0.0,Có,0
LSCN00872,2025,Vay mua nhà,42,Công nhân,14100000.0,Có,60,0.471,0.667,1,0,0,Không,18630000.0,0.0,Có,0
LSCN00873,2024,Vay tiêu dùng tín chấp,36,Bán hàng,8700000.0,Có,27,0.628,,2,3,68,Có,1360000.0,0.0,Có,0
LSCN00874,2023,Vay mua nhà,27,Công chức,9800000.0,Không,19,0.153,0.63,1,0,0,Có,3010000.0,538000000.0,Có,0
LSCN00875,2022,Vay tiêu dùng tín chấp,63,Bán hàng,58000000.0,Không,42,0.479,,1,1,6,Có,40500000.0,67000000.0,Có,1
LSCN00876,2025,Vay tiêu dùng tín chấp,39,Kỹ sư,31700000.0,Có,3,0.59,,1,0,0,Có,6750000.0,661000000.0,Có,0
LSCN00877,2022,Vay mua nhà,28,Bác sĩ,40300000.0,Có,52,0.245,0.522,1,0,0,Có,22640000.0,0.0,Có,0
LSCN00878,2024,Vay mua ô tô,34,Bán hàng,18400000.0,Không,1,0.577,0.764,1,2,7,Có,2060000.0,0.0,Có,0
LSCN00879,2024,Vay mua ô tô,43,Bán hàng,11700000.0,Không,5,0.423,0.784,1,0,0,Có,9120000.0,0.0,Có,0
LSCN00880,2022,Vay mua ô tô,30,Bác sĩ,22600000.0,Không,46,0.23,0.753,1,0,0,Có,14580000.0,2151000000.0,Có,0
LSCN00881,2025,Vay tiêu dùng tín chấp,66,Bác sĩ,31700000.0,Có,1,0.241,,1,1,7,Có,15720000.0,985000000.0,Có,0
LSCN00882,2021,Vay mua nhà,27,Hưu trí,12700000.0,Không,57,0.443,0.754,1,0,0,Có,12520000.0,0.0,Có,0
LSCN00883,2023,Vay tiêu dùng tín chấp,24,Bán hàng,15900000.0,Không,26,0.375,,1,0,0,Không,30030000.0,0.0,Có,0
LSCN00884,2025,Vay sản xuất kinh doanh,33,Bán hàng,9300000.0,Có,13,0.421,0.653,2,1,29,Có,2530000.0,548000000.0,Có,0
LSCN00885,2024,Vay mua ô tô,45,Công chức,14300000.0,Có,34,0.132,0.649,1,0,0,Có,6230000.0,39000000.0,Có,0
LSCN00886,2023,Vay tiêu dùng tín chấp,41,Lái xe,17800000.0,Có,24,0.253,,1,0,0,Có,6660000.0,0.0,Có,0
LSCN00887,2022,Vay tiêu dùng tín chấp,50,Kinh doanh tự do,45300000.0,Không,23,0.385,,1,2,1,Có,64500000.0,0.0,Có,1
LSCN00888,2025,Vay sản xuất kinh doanh,33,Công nhân,18000000.0,Không,38,0.2,0.653,1,0,0,Có,7130000.0,268000000.0,Có,0
LSCN00889,2025,Vay tiêu dùng tín chấp,40,Kỹ sư,18900000.0,Có,86,0.575,,1,0,0,Có,21390000.0,0.0,Có,0
LSCN00890,2022,Vay tiêu dùng tín chấp,59,Kế toán,34800000.0,Có,13,0.483,,1,1,9,Có,7450000.0,663000000.0,Có,0
LSCN00891,2023,Vay mua nhà,48,Công chức,34200000.0,Có,7,0.417,0.552,1,0,0,Không,45830000.0,0.0,Có,0
LSCN00892,2022,Vay tiêu dùng tín chấp,44,Giáo viên,6500000.0,Có,36,0.348,,1,0,0,Có,1650000.0,0.0,Có,0
LSCN00893,2025,Vay tiêu dùng tín chấp,35,Hưu trí,4700000.0,Có,23,0.423,,1,0,0,Có,7220000.0,0.0,Có,0
LSCN00894,2025,Vay mua nhà,27,Công chức,12900000.0,Có,11,0.679,0.662,2,1,26,Có,12520000.0,0.0,Có,0
LSCN00895,2022,Vay tiêu dùng tín chấp,36,Công chức,11100000.0,Không,17,0.323,,1,0,0,Không,9880000.0,0.0,Có,0
LSCN00896,2024,Vay mua nhà,38,Kinh doanh tự do,19100000.0,Không,44,0.384,0.859,1,0,0,Có,37130000.0,618000000.0,Không,0
LSCN00897,2023,Vay tiêu dùng tín chấp,23,Kỹ sư,24400000.0,Có,3,0.32,,1,0,0,Có,45810000.0,734000000.0,Có,0
LSCN00898,2024,Vay sản xuất kinh doanh,38,Nội trợ,2700000.0,Không,22,0.222,0.653,1,0,0,Có,5180000.0,0.0,Có,0
LSCN00899,2021,Vay mua nhà,43,Công nhân,11600000.0,Có,59,0.221,0.741,1,0,0,Có,6170000.0,0.0,Có,0
LSCN00900,2024,Vay mua nhà,31,Nhân viên văn phòng,11200000.0,Có,12,0.559,0.584,1,0,0,Có,2960000.0,239000000.0,Có,0
LSCN00901,2021,Vay mua nhà,53,Công nhân,13000000.0,Không,92,0.344,0.636,1,0,0,Có,5070000.0,43000000.0,Không,0
LSCN00902,2021,Vay mua nhà,34,Công nhân,15500000.0,Có,105,0.431,0.622,1,0,0,Có,5080000.0,1638000000.0,Có,0
LSCN00903,2025,Vay tiêu dùng tín chấp,43,Hưu trí,5500000.0,Không,10,0.504,,1,0,0,Có,820000.0,0.0,Có,1
LSCN00904,2022,Vay tiêu dùng tín chấp,52,Nhân viên văn phòng,14000000.0,Không,3,0.418,,1,0,0,Không,7910000.0,0.0,Có,0
LSCN00905,2022,Vay tiêu dùng tín chấp,36,Giáo viên,12000000.0,Có,27,0.397,,1,0,0,Có,8090000.0,0.0,Có,0
LSCN00906,2023,Vay mua nhà,33,Giáo viên,14800000.0,Không,57,0.352,0.567,1,0,0,Có,10280000.0,422000000.0,Có,0
LSCN00907,2023,Vay mua nhà,36,Công chức,10200000.0,Không,72,0.285,0.673,1,0,0,Không,2910000.0,189000000.0,Có,0
LSCN00908,2022,Vay mua nhà,35,Kế toán,23800000.0,Không,76,0.651,0.813,1,0,0,Không,12470000.0,0.0,Có,0
LSCN00909,2021,Vay mua nhà,30,Bán hàng,29500000.0,Không,11,0.442,0.674,1,1,4,Có,27050000.0,889000000.0,Có,1
LSCN00910,2024,Vay tiêu dùng tín chấp,46,Kinh doanh tự do,12800000.0,Không,20,0.31,,1,1,6,Có,4390000.0,0.0,Có,0
LSCN00911,2025,Vay tiêu dùng tín chấp,41,Nội trợ,1600000.0,Không,45,0.351,,1,0,0,Có,130000.0,35000000.0,Có,0
LSCN00912,2024,Vay tiêu dùng tín chấp,36,Bán hàng,5000000.0,Không,8,0.328,,1,0,0,Không,890000.0,0.0,Có,0
LSCN00913,2022,Vay mua ô tô,46,Kỹ sư,24900000.0,Không,55,0.359,0.735,1,1,2,Có,55640000.0,1104000000.0,Có,0
LSCN00914,2024,Vay mua nhà,28,Bác sĩ,18200000.0,Không,9,0.363,0.717,1,1,2,Có,53110000.0,477000000.0,Có,0
LSCN00915,2023,Vay tiêu dùng tín chấp,43,Giáo viên,9400000.0,Có,55,0.219,,1,0,0,Có,15170000.0,0.0,Có,0
LSCN00916,2023,Vay mua ô tô,47,Kế toán,18600000.0,Không,22,0.581,0.834,1,0,0,Có,10370000.0,293000000.0,Có,0
LSCN00917,2023,Vay mua nhà,37,Công chức,4900000.0,Không,12,0.268,0.609,1,0,0,Không,3000000.0,0.0,Có,0
LSCN00918,2023,Vay tiêu dùng tín chấp,53,Công chức,8700000.0,Không,2,0.314,,1,1,3,Có,2850000.0,133000000.0,Có,0
LSCN00919,2023,Vay mua nhà,26,Giáo viên,15600000.0,Có,20,0.427,0.557,1,0,0,Không,11620000.0,0.0,Có,0
LSCN00920,2022,Vay mua nhà,42,Nhân viên văn phòng,40700000.0,Không,11,0.377,0.806,1,0,0,Không,19400000.0,0.0,Có,0
LSCN00921,2021,Vay mua ô tô,37,Nội trợ,4400000.0,Không,0,0.252,0.732,1,0,0,Có,3860000.0,0.0,Có,0
LSCN00922,2024,Vay mua ô tô,32,Bác sĩ,28100000.0,Có,12,0.398,0.629,3,1,121,Có,24930000.0,327000000.0,Có,0
LSCN00923,2024,Vay tiêu dùng tín chấp,47,Công chức,15800000.0,Có,3,0.321,,1,0,0,Có,3670000.0,0.0,Có,0
LSCN00924,2023,Vay tiêu dùng tín chấp,37,Công chức,5900000.0,Không,22,0.43,,1,0,0,Không,2680000.0,0.0,Có,0
LSCN00925,2022,Vay tiêu dùng tín chấp,34,Công nhân,8000000.0,Không,31,0.406,,1,0,0,Không,5170000.0,12000000.0,Có,0
LSCN00926,2022,Vay tiêu dùng tín chấp,25,Kinh doanh tự do,21600000.0,Không,8,0.483,,1,0,0,Không,3880000.0,266000000.0,Có,0
LSCN00927,2023,Vay mua nhà,21,Công nhân,7100000.0,Có,27,0.509,0.512,1,0,0,Không,10690000.0,0.0,Có,0
LSCN00928,2023,Vay sản xuất kinh doanh,48,Nhân viên văn phòng,10700000.0,Không,15,0.544,0.653,1,0,0,Có,39140000.0,0.0,Có,0
LSCN00929,2024,Vay mua ô tô,57,Bác sĩ,17200000.0,Có,0,0.271,0.732,1,1,3,Có,35830000.0,0.0,Có,0
LSCN00930,2025,Vay mua ô tô,41,Kinh doanh tự do,26400000.0,Không,30,0.05,0.644,1,0,0,Có,43750000.0,221000000.0,Có,0
LSCN00931,2021,Vay mua nhà,42,Bác sĩ,33700000.0,Có,38,0.447,0.675,2,0,41,Có,42090000.0,0.0,Có,0
LSCN00932,2025,Vay mua nhà,45,Kinh doanh tự do,25000000.0,Không,69,0.13,0.762,1,0,0,Có,10000000.0,0.0,Có,0
LSCN00933,2023,Vay tiêu dùng tín chấp,36,Hưu trí,10700000.0,Có,62,0.267,,1,0,0,Có,42670000.0,1074000000.0,Có,0
LSCN00934,2022,Vay sản xuất kinh doanh,50,Hưu trí,4900000.0,Không,75,0.096,0.653,1,0,0,Có,8370000.0,448000000.0,Có,0
LSCN00935,2022,Vay mua nhà,37,Nội trợ,3000000.0,Không,7,0.548,0.464,1,0,0,Không,1020000.0,28000000.0,Có,0
LSCN00936,2022,Vay mua nhà,58,Hưu trí,7200000.0,Không,0,0.418,0.606,1,1,1,Có,8000000.0,1722000000.0,Có,0
LSCN00937,2022,Vay tiêu dùng tín chấp,32,Bán hàng,28300000.0,Không,32,0.624,,1,0,0,Có,19910000.0,655000000.0,Có,0
LSCN00938,2023,Vay mua nhà,39,Hưu trí,8800000.0,Không,7,0.483,0.666,1,0,0,Có,970000.0,253000000.0,Có,0
LSCN00939,2023,Vay mua ô tô,40,Lái xe,6300000.0,Không,16,0.221,0.425,1,0,0,Có,3290000.0,0.0,Có,0
LSCN00940,2022,Vay mua nhà,35,Nội trợ,5200000.0,Không,16,0.3,0.742,2,0,29,Có,2260000.0,445000000.0,Có,0
LSCN00941,2024,Vay mua nhà,39,Công nhân,4800000.0,Không,52,0.338,0.719,2,3,18,Có,2630000.0,0.0,Có,0
LSCN00942,2023,Vay mua nhà,57,Hưu trí,9900000.0,Có,6,0.497,0.558,1,0,0,Không,33730000.0,0.0,Có,0
LSCN00943,2023,Vay tiêu dùng tín chấp,44,Nội trợ,8500000.0,Không,7,0.556,,1,0,0,Có,12660000.0,0.0,Có,0
LSCN00944,2022,Vay tiêu dùng tín chấp,46,Nhân viên văn phòng,7800000.0,Không,6,0.446,,1,0,0,Không,4270000.0,0.0,Có,0
LSCN00945,2023,Vay sản xuất kinh doanh,65,Bác sĩ,19500000.0,Không,54,0.373,0.653,2,1,66,Có,24940000.0,0.0,Có,0
LSCN00946,2024,Vay sản xuất kinh doanh,24,Kinh doanh tự do,27600000.0,Không,7,0.526,0.653,1,2,4,Có,12640000.0,0.0,Có,0
LSCN00947,2023,Vay tiêu dùng tín chấp,30,Giáo viên,9300000.0,Có,0,0.257,,1,0,0,Có,10850000.0,148000000.0,Có,0
LSCN00948,2025,Vay sản xuất kinh doanh,41,Kế toán,21000000.0,Không,23,0.291,0.653,1,0,0,Có,3250000.0,962000000.0,Có,0
LSCN00949,2021,Vay sản xuất kinh doanh,41,Kinh doanh tự do,14000000.0,Không,55,0.442,0.653,1,1,4,Có,5410000.0,0.0,Có,0
LSCN00950,2024,Vay tiêu dùng tín chấp,56,Kỹ sư,32600000.0,Không,82,0.271,,1,0,0,Có,24160000.0,0.0,Có,0
LSCN00951,2025,Vay mua nhà,39,Công chức,23200000.0,Không,27,0.226,0.551,1,0,0,Có,28930000.0,0.0,Có,0
LSCN00952,2021,Vay tiêu dùng tín chấp,21,Kế toán,13400000.0,Có,41,0.187,,2,0,43,Có,32950000.0,166000000.0,Có,0
LSCN00953,2021,Vay tiêu dùng tín chấp,33,Kỹ sư,10000000.0,Có,32,0.378,,1,0,0,Có,25540000.0,0.0,Có,0
LSCN00954,2024,Vay tiêu dùng tín chấp,34,Lái xe,27000000.0,Không,23,0.462,,1,0,0,Không,6740000.0,0.0,Có,0
LSCN00955,2024,Vay mua ô tô,32,Công chức,9200000.0,Có,10,0.157,0.727,1,0,0,Có,3050000.0,0.0,Có,0
LSCN00956,2025,Vay sản xuất kinh doanh,42,Công nhân,6300000.0,Không,13,0.377,0.653,1,0,0,Có,640000.0,0.0,Có,0
LSCN00957,2022,Vay sản xuất kinh doanh,29,Hưu trí,8400000.0,Có,0,0.623,0.653,1,0,0,Có,1530000.0,0.0,Có,0
LSCN00958,2025,Vay tiêu dùng tín chấp,40,Nhân viên văn phòng,19300000.0,Không,9,0.348,,1,0,0,Không,6560000.0,338000000.0,Có,0
LSCN00959,2025,Vay mua ô tô,38,Nhân viên văn phòng,16800000.0,Có,31,0.213,0.534,1,1,7,Có,83490000.0,0.0,Có,0
LSCN00960,2025,Vay sản xuất kinh doanh,32,Công chức,6500000.0,Có,2,0.32,0.653,1,1,2,Có,6420000.0,0.0,Có,0
LSCN00961,2025,Vay mua nhà,46,Lái xe,16900000.0,Không,5,0.415,0.578,1,0,0,Có,7680000.0,352000000.0,Có,0
LSCN00962,2025,Vay tiêu dùng tín chấp,28,Kỹ sư,16000000.0,Không,12,0.193,,1,0,0,Không,6030000.0,0.0,Có,0
LSCN00963,2025,Vay tiêu dùng tín chấp,57,Công nhân,6000000.0,Có,7,0.444,,1,1,7,Có,5640000.0,0.0,Có,0
LSCN00964,2022,Vay tiêu dùng tín chấp,38,Nhân viên văn phòng,22500000.0,Có,3,0.531,,1,0,0,Có,2850000.0,0.0,Có,0
LSCN00965,2023,Vay mua nhà,36,Công chức,21000000.0,Không,71,0.521,0.795,1,0,0,Có,9200000.0,341000000.0,Có,0
LSCN00966,2022,Vay tiêu dùng tín chấp,43,Nội trợ,3800000.0,Không,10,0.449,,1,1,4,Có,3370000.0,0.0,Có,1
LSCN00967,2025,Vay tiêu dùng tín chấp,22,Kinh doanh tự do,31500000.0,Không,13,0.269,,1,0,0,Có,65600000.0,782000000.0,Có,0
LSCN00968,2022,Vay sản xuất kinh doanh,41,Lái xe,26800000.0,Có,13,0.275,0.653,1,0,0,Có,27940000.0,1215000000.0,Có,0
LSCN00969,2021,Vay sản xuất kinh doanh,45,Kế toán,6500000.0,Không,62,0.564,0.653,1,1,6,Có,420000.0,0.0,Không,0
LSCN00970,2025,Vay mua ô tô,38,Lái xe,12100000.0,Không,35,0.281,0.812,1,0,0,Không,5410000.0,136000000.0,Có,0
LSCN00971,2025,Vay mua nhà,37,Hưu trí,10300000.0,Có,0,0.451,0.843,1,0,0,Không,26980000.0,865000000.0,Có,0
LSCN00972,2022,Vay tiêu dùng tín chấp,43,Bán hàng,11300000.0,Có,3,0.4,,1,0,0,Có,6200000.0,146000000.0,Có,0
LSCN00973,2025,Vay mua ô tô,40,Bác sĩ,26000000.0,Không,14,0.531,0.694,1,0,0,Không,22640000.0,0.0,Có,1
LSCN00974,2023,Vay mua nhà,44,Hưu trí,6700000.0,Không,40,0.464,0.658,1,0,0,Không,22940000.0,145000000.0,Có,0
LSCN00975,2023,Vay tiêu dùng tín chấp,37,Giáo viên,8600000.0,Có,32,0.621,,1,1,8,Có,3110000.0,0.0,Có,0
LSCN00976,2022,Vay sản xuất kinh doanh,40,Kinh doanh tự do,20100000.0,Không,23,0.371,0.653,1,0,0,Có,31780000.0,250000000.0,Có,0
LSCN00977,2021,Vay mua nhà,46,Nội trợ,3000000.0,Không,13,0.354,0.707,1,1,5,Có,3690000.0,0.0,Có,0
LSCN00978,2025,Vay tiêu dùng tín chấp,30,Công chức,17000000.0,Không,124,0.509,,2,2,19,Có,9760000.0,0.0,Không,1
LSCN00979,2021,Vay tiêu dùng tín chấp,43,Lái xe,5800000.0,Không,1,0.477,,2,0,74,Có,4000000.0,68000000.0,Có,0
LSCN00980,2025,Vay tiêu dùng tín chấp,50,Bán hàng,16600000.0,Có,3,0.276,,1,0,0,Có,13500000.0,133000000.0,Có,0
LSCN00981,2024,Vay mua ô tô,36,Hưu trí,6600000.0,Không,6,0.314,0.834,1,1,5,Có,4860000.0,0.0,Có,0
LSCN00982,2023,Vay tiêu dùng tín chấp,32,Bác sĩ,19500000.0,Có,17,0.291,,1,1,2,Có,4400000.0,0.0,Có,0
LSCN00983,2025,Vay sản xuất kinh doanh,46,Giáo viên,18400000.0,Không,82,0.478,0.653,1,0,0,Có,13740000.0,0.0,Có,0
LSCN00984,2021,Vay mua nhà,40,Kỹ sư,18300000.0,Không,42,0.51,0.706,1,0,0,Có,47610000.0,2569000000.0,Có,0
LSCN00985,2021,Vay mua ô tô,34,Bán hàng,9000000.0,Không,16,0.655,0.655,1,4,4,Có,1840000.0,0.0,Có,1
LSCN00986,2023,Vay tiêu dùng tín chấp,21,Bán hàng,14600000.0,Có,63,0.288,,1,0,0,Không,4770000.0,0.0,Có,0
LSCN00987,2024,Vay mua nhà,42,Bác sĩ,77000000.0,Có,1,0.62,0.566,1,0,0,Không,223820000.0,0.0,Có,0
LSCN00988,2022,Vay tiêu dùng tín chấp,34,Nội trợ,7400000.0,Không,17,0.05,,1,0,0,Không,35800000.0,0.0,Có,0
LSCN00989,2022,Vay mua ô tô,32,Công nhân,9500000.0,Có,27,0.476,0.483,1,0,0,Không,2690000.0,163000000.0,Có,0
LSCN00990,2024,Vay tiêu dùng tín chấp,33,Công chức,9100000.0,Không,18,0.267,,1,0,0,Không,4730000.0,0.0,Có,0
LSCN00991,2022,Vay mua ô tô,21,Công nhân,3200000.0,Có,20,0.397,0.666,1,0,0,Có,2880000.0,0.0,Có,0
LSCN00992,2021,Vay mua ô tô,39,Hưu trí,10400000.0,Có,12,0.239,0.742,1,1,4,Có,3740000.0,0.0,Có,0
LSCN00993,2024,Vay mua ô tô,43,Nội trợ,3900000.0,Không,0,0.604,0.655,2,0,85,Có,2210000.0,38000000.0,Có,0
LSCN00994,2024,Vay mua nhà,25,Nội trợ,4700000.0,Không,23,0.41,0.814,1,1,4,Có,1510000.0,0.0,Có,0
LSCN00995,2022,Vay mua nhà,36,Kỹ sư,16200000.0,Có,38,0.426,0.889,1,1,7,Có,7970000.0,0.0,Có,0
LSCN00996,2024,Vay tiêu dùng tín chấp,33,Công chức,11800000.0,Có,19,0.295,,1,4,9,Có,3350000.0,262000000.0,Có,1
LSCN00997,2023,Vay sản xuất kinh doanh,24,Lái xe,10200000.0,Có,28,0.391,0.653,1,0,0,Không,5300000.0,0.0,Có,0
LSCN00998,2025,Vay mua ô tô,39,Lái xe,8700000.0,Có,45,0.259,0.553,1,0,0,Có,5230000.0,650000000.0,Có,0
LSCN00999,2021,Vay mua nhà,56,Giáo viên,17000000.0,Không,14,0.488,0.492,1,0,0,Có,5830000.0,1446000000.0,Có,0
LSCN01000,2025,Vay tiêu dùng tín chấp,39,Công nhân,7800000.0,Có,1,0.463,,1,0,0,Có,1390000.0,0.0,Có,0
LSCN01001,2025,Vay tiêu dùng tín chấp,30,Hưu trí,6500000.0,Có,93,0.287,,1,0,0,Có,5070000.0,0.0,Có,0
LSCN01002,2023,Vay sản xuất kinh doanh,23,Lái xe,11000000.0,Không,11,0.394,0.653,1,2,2,Có,3520000.0,481000000.0,Có,0
LSCN01003,2025,Vay sản xuất kinh doanh,57,Kế toán,9700000.0,Không,10,0.3,0.653,1,0,0,Có,12350000.0,461000000.0,Có,0
LSCN01004,2024,Vay mua nhà,31,Bán hàng,20000000.0,Có,0,0.527,0.681,1,1,8,Có,55760000.0,521000000.0,Có,0
LSCN01005,2024,Vay tiêu dùng tín chấp,44,Nhân viên văn phòng,9100000.0,Không,53,0.326,,1,1,5,Có,1350000.0,0.0,Có,1
LSCN01006,2025,Vay tiêu dùng tín chấp,46,Kỹ sư,38000000.0,Không,4,0.358,,1,0,0,Có,9550000.0,4379000000.0,Có,0
LSCN01007,2024,Vay mua ô tô,39,Giáo viên,10700000.0,Không,1,0.409,0.523,2,1,35,Có,3040000.0,0.0,Có,0
LSCN01008,2021,Vay sản xuất kinh doanh,31,Kinh doanh tự do,19800000.0,Không,55,0.451,0.653,2,1,58,Có,13710000.0,212000000.0,Có,0
LSCN01009,2024,Vay tiêu dùng tín chấp,34,Lái xe,9500000.0,Có,77,0.521,,1,2,3,Có,9100000.0,0.0,Có,0
LSCN01010,2023,Vay tiêu dùng tín chấp,43,Kinh doanh tự do,10000000.0,Không,4,0.388,,1,0,0,Có,23490000.0,0.0,Có,0
LSCN01011,2022,Vay mua nhà,32,Bán hàng,9900000.0,Không,29,0.672,0.598,1,0,0,Không,4670000.0,0.0,Có,1
LSCN01012,2023,Vay mua nhà,41,Bác sĩ,15600000.0,Không,142,0.579,0.68,1,0,0,Có,9250000.0,0.0,Có,0
LSCN01013,2024,Vay tiêu dùng tín chấp,24,Hưu trí,4300000.0,Không,31,0.606,,2,0,67,Có,1380000.0,0.0,Có,0
LSCN01014,2022,Vay tiêu dùng tín chấp,40,Công nhân,5600000.0,Không,18,0.655,,1,0,0,Không,550000.0,80000000.0,Có,1
LSCN01015,2025,Vay mua nhà,37,Công chức,19300000.0,Có,91,0.123,0.479,1,1,7,Có,6000000.0,1677000000.0,Có,0
LSCN01016,2023,Vay mua nhà,33,Công chức,18100000.0,Có,20,0.201,0.666,1,0,0,Không,19080000.0,1104000000.0,Có,0
LSCN01017,2022,Vay mua ô tô,24,Kinh doanh tự do,21400000.0,Không,20,0.376,0.61,1,0,0,Có,11750000.0,0.0,Có,0
LSCN01018,2024,Vay mua nhà,45,Nội trợ,4900000.0,Không,71,0.354,0.867,1,0,0,Có,1440000.0,70000000.0,Có,0
LSCN01019,2023,Vay mua nhà,25,Công nhân,11000000.0,Có,12,0.47,0.648,1,0,0,Có,3760000.0,90000000.0,Có,0
LSCN01020,2024,Vay tiêu dùng tín chấp,34,Bán hàng,11000000.0,Có,10,0.399,,1,0,0,Có,10930000.0,135000000.0,Có,0
LSCN01021,2024,Vay sản xuất kinh doanh,43,Bán hàng,19500000.0,Không,66,0.449,0.653,1,2,9,Có,47070000.0,0.0,Có,0
LSCN01022,2021,Vay sản xuất kinh doanh,21,Lái xe,8400000.0,Không,180,0.315,0.653,1,0,0,Không,40000000.0,573000000.0,Không,0
LSCN01023,2022,Vay sản xuất kinh doanh,23,Hưu trí,7900000.0,Không,39,0.536,0.653,1,0,0,Không,10780000.0,75000000.0,Có,0
LSCN01024,2023,Vay tiêu dùng tín chấp,33,Giáo viên,20900000.0,Không,14,0.349,,1,0,0,Có,16640000.0,0.0,Có,0
LSCN01025,2025,Vay mua ô tô,45,Bán hàng,15500000.0,Có,18,0.46,0.528,1,0,0,Không,6360000.0,246000000.0,Có,0
LSCN01026,2024,Vay mua ô tô,34,Công chức,13300000.0,Có,33,0.296,0.739,1,0,0,Không,4310000.0,0.0,Có,0
LSCN01027,2025,Vay tiêu dùng tín chấp,21,Nhân viên văn phòng,13100000.0,Có,85,0.219,,1,1,3,Có,9410000.0,0.0,Có,0
LSCN01028,2025,Vay tiêu dùng tín chấp,29,Nội trợ,2600000.0,Không,48,0.261,,1,0,0,Không,1620000.0,70000000.0,Có,0
LSCN01029,2023,Vay mua nhà,21,Nhân viên văn phòng,23500000.0,Có,4,0.276,0.696,1,0,0,Có,23400000.0,1183000000.0,Có,0
LSCN01030,2025,Vay mua ô tô,56,Bán hàng,8100000.0,Không,8,0.526,0.813,1,0,0,Không,2440000.0,0.0,Có,0
LSCN01031,2022,Vay sản xuất kinh doanh,54,Nội trợ,4900000.0,Không,7,0.294,0.653,1,0,0,Có,5880000.0,86000000.0,Có,0
LSCN01032,2021,Vay sản xuất kinh doanh,45,Công chức,16700000.0,Có,4,0.377,0.653,1,0,0,Có,11280000.0,352000000.0,Có,0
LSCN01033,2024,Vay mua nhà,31,Công chức,16500000.0,Không,43,0.405,0.551,1,0,0,Có,10240000.0,0.0,Có,0
LSCN01034,2023,Vay tiêu dùng tín chấp,46,Kỹ sư,27700000.0,Không,16,0.236,,2,1,57,Có,12370000.0,0.0,Có,0
LSCN01035,2024,Vay tiêu dùng tín chấp,33,Hưu trí,7800000.0,Có,5,0.545,,2,0,83,Có,5920000.0,123000000.0,Có,0
LSCN01036,2023,Vay tiêu dùng tín chấp,48,Kỹ sư,18900000.0,Không,83,0.205,,1,0,0,Có,15080000.0,1009000000.0,Có,0
LSCN01037,2024,Vay mua ô tô,25,Kế toán,13900000.0,Có,15,0.443,0.65,1,2,3,Có,7500000.0,0.0,Có,0
LSCN01038,2021,Vay tiêu dùng tín chấp,43,Kỹ sư,11600000.0,Có,23,0.428,,2,0,71,Có,12920000.0,330000000.0,Có,0
LSCN01039,2023,Vay tiêu dùng tín chấp,38,Giáo viên,8200000.0,Có,8,0.227,,2,0,58,Có,3640000.0,0.0,Có,0
LSCN01040,2025,Vay tiêu dùng tín chấp,32,Hưu trí,34100000.0,Không,48,0.482,,1,0,0,Có,11730000.0,0.0,Có,0
LSCN01041,2022,Vay tiêu dùng tín chấp,35,Kế toán,19500000.0,Không,16,0.643,,1,0,0,Có,10000000.0,891000000.0,Có,0
LSCN01042,2024,Vay tiêu dùng tín chấp,40,Hưu trí,16400000.0,Có,67,0.327,,1,0,0,Có,7260000.0,329000000.0,Có,0
LSCN01043,2025,Vay tiêu dùng tín chấp,50,Kinh doanh tự do,15400000.0,Không,17,0.243,,1,1,3,Có,2380000.0,0.0,Có,0
LSCN01044,2021,Vay tiêu dùng tín chấp,21,Công chức,46700000.0,Có,24,0.357,,1,0,0,Có,34300000.0,168000000.0,Có,0
LSCN01045,2023,Vay tiêu dùng tín chấp,22,Kinh doanh tự do,20900000.0,Không,37,0.36,,1,0,0,Có,24760000.0,0.0,Có,0
LSCN01046,2022,Vay mua ô tô,22,Hưu trí,6300000.0,Có,18,0.439,0.54,1,0,0,Có,5650000.0,0.0,Có,0
LSCN01047,2022,Vay mua ô tô,24,Bác sĩ,22700000.0,Không,16,0.276,0.599,1,0,0,Không,8820000.0,0.0,Có,0
LSCN01048,2024,Vay tiêu dùng tín chấp,50,Nhân viên văn phòng,13100000.0,Không,3,0.183,,1,0,0,Có,670000.0,0.0,Có,1
LSCN01049,2022,Vay tiêu dùng tín chấp,36,Kỹ sư,41900000.0,Không,77,0.436,,1,2,6,Có,16550000.0,0.0,Có,0
LSCN01050,2025,Vay tiêu dùng tín chấp,34,Công nhân,12900000.0,Có,30,0.448,,1,0,0,Không,10050000.0,656000000.0,Có,0
LSCN01051,2022,Vay tiêu dùng tín chấp,51,Lái xe,9400000.0,Có,54,0.316,,1,0,0,Có,3220000.0,0.0,Có,0
LSCN01052,2023,Vay tiêu dùng tín chấp,32,Bán hàng,9900000.0,Có,42,0.42,,1,0,0,Có,3840000.0,0.0,Có,0
LSCN01053,2022,Vay tiêu dùng tín chấp,33,Giáo viên,9200000.0,Không,12,0.104,,1,0,0,Có,6690000.0,0.0,Có,0
LSCN01054,2021,Vay mua ô tô,30,Công nhân,12700000.0,Có,15,0.308,0.511,1,0,0,Có,26900000.0,0.0,Có,0
LSCN01055,2023,Vay sản xuất kinh doanh,47,Lái xe,9100000.0,Có,21,0.501,0.653,1,0,0,Không,10720000.0,610000000.0,Có,0
LSCN01056,2023,Vay mua nhà,27,Kế toán,17200000.0,Không,38,0.369,0.846,1,0,0,Có,20840000.0,0.0,Có,0
LSCN01057,2023,Vay sản xuất kinh doanh,34,Kế toán,8400000.0,Không,25,0.369,0.653,2,0,51,Có,4560000.0,0.0,Có,0
LSCN01058,2021,Vay mua nhà,29,Bác sĩ,29900000.0,Không,8,0.486,0.626,2,1,39,Có,7130000.0,0.0,Có,0
LSCN01059,2025,Vay tiêu dùng tín chấp,36,Công chức,17800000.0,Có,31,0.261,,1,0,0,Có,19230000.0,238000000.0,Có,0
LSCN01060,2024,Vay tiêu dùng tín chấp,35,Hưu trí,7800000.0,Có,12,0.312,,1,0,0,Có,1820000.0,0.0,Có,0
LSCN01061,2022,Vay mua nhà,42,Kinh doanh tự do,52400000.0,Không,1,0.414,0.531,2,0,75,Có,26900000.0,2459000000.0,Có,0
LSCN01062,2025,Vay mua nhà,30,Kinh doanh tự do,23900000.0,Không,31,0.213,0.504,1,1,5,Có,5150000.0,470000000.0,Có,0
LSCN01063,2021,Vay sản xuất kinh doanh,41,Kỹ sư,19200000.0,Không,21,0.37,0.653,1,0,0,Có,4330000.0,227000000.0,Có,0
LSCN01064,2025,Vay mua nhà,46,Kế toán,15300000.0,Có,17,0.428,0.868,2,0,60,Có,31360000.0,0.0,Có,0
LSCN01065,2023,Vay mua nhà,48,Công nhân,13000000.0,Có,58,0.603,0.749,2,0,45,Có,1990000.0,0.0,Có,0
LSCN01066,2023,Vay sản xuất kinh doanh,42,Kế toán,15300000.0,Có,33,0.165,0.653,1,0,0,Có,10680000.0,0.0,Có,0
LSCN01067,2022,Vay mua nhà,43,Công chức,9500000.0,Có,8,0.337,0.671,2,1,65,Có,4010000.0,0.0,Có,0
LSCN01068,2022,Vay mua ô tô,32,Kỹ sư,34800000.0,Không,26,0.448,0.633,1,0,0,Có,16660000.0,0.0,Có,0
LSCN01069,2021,Vay sản xuất kinh doanh,32,Kế toán,19600000.0,Có,0,0.374,0.653,1,0,0,Có,12410000.0,69000000.0,Có,0
LSCN01070,2022,Vay mua nhà,26,Hưu trí,7500000.0,Không,22,0.412,0.697,1,1,9,Có,1220000.0,36000000.0,Có,0
LSCN01071,2022,Vay tiêu dùng tín chấp,32,Giáo viên,12700000.0,Không,23,0.178,,2,0,88,Có,6790000.0,188000000.0,Có,0
LSCN01072,2025,Vay sản xuất kinh doanh,40,Lái xe,8900000.0,Có,5,0.165,0.653,1,0,0,Có,5800000.0,0.0,Có,0
LSCN01073,2021,Vay mua nhà,41,Bán hàng,26500000.0,Có,10,0.48,0.55,1,0,0,Có,4430000.0,0.0,Có,0
LSCN01074,2023,Vay mua nhà,41,Công nhân,12400000.0,Có,13,0.264,0.714,1,0,0,Có,9400000.0,0.0,Có,0
LSCN01075,2025,Vay sản xuất kinh doanh,52,Giáo viên,8700000.0,Có,42,0.385,0.653,1,1,6,Có,2830000.0,0.0,Có,0
LSCN01076,2025,Vay tiêu dùng tín chấp,39,Nhân viên văn phòng,8500000.0,Có,53,0.226,,1,0,0,Có,12410000.0,0.0,Có,0
LSCN01077,2025,Vay sản xuất kinh doanh,34,Hưu trí,7600000.0,Có,27,0.237,0.653,1,0,0,Có,1790000.0,216000000.0,Có,0
LSCN01078,2023,Vay tiêu dùng tín chấp,29,Công nhân,12200000.0,Có,24,0.168,,1,0,0,Không,11730000.0,0.0,Có,0
LSCN01079,2025,Vay tiêu dùng tín chấp,45,Kế toán,18000000.0,Có,171,0.152,,1,0,0,Có,6730000.0,0.0,Có,0
LSCN01080,2023,Vay tiêu dùng tín chấp,51,Hưu trí,8100000.0,Không,27,0.458,,1,0,0,Có,9040000.0,0.0,Có,0
LSCN01081,2024,Vay mua ô tô,36,Giáo viên,11500000.0,Có,85,0.215,0.768,1,0,0,Có,7930000.0,0.0,Có,0
LSCN01082,2025,Vay mua ô tô,37,Hưu trí,9600000.0,Không,22,0.626,0.763,1,0,0,Không,6430000.0,0.0,Có,0
LSCN01083,2022,Vay mua nhà,21,Công nhân,5500000.0,Không,13,0.316,0.739,1,0,0,Không,1840000.0,88000000.0,Có,0
LSCN01084,2024,Vay mua nhà,28,Công chức,10600000.0,Có,4,0.358,0.505,1,0,0,Không,4360000.0,141000000.0,Có,0
LSCN01085,2021,Vay sản xuất kinh doanh,22,Công chức,11200000.0,Có,74,0.426,0.653,1,1,5,Có,12390000.0,0.0,Có,0
LSCN01086,2024,Vay sản xuất kinh doanh,38,Bán hàng,15300000.0,Có,100,0.683,0.653,1,0,0,Không,10470000.0,0.0,Có,0
LSCN01087,2022,Vay mua nhà,39,Kinh doanh tự do,9400000.0,Không,49,0.801,0.64,1,1,7,Có,4390000.0,0.0,Có,0
LSCN01088,2023,Vay mua ô tô,24,Công chức,8700000.0,Có,180,0.481,0.735,1,0,0,Có,27710000.0,0.0,Có,0
LSCN01089,2022,Vay mua ô tô,48,Bác sĩ,10100000.0,Không,53,0.703,0.64,1,0,0,Có,3400000.0,0.0,Có,0
LSCN01090,2023,Vay mua nhà,49,Hưu trí,18500000.0,Có,96,0.425,0.667,1,0,0,Có,16620000.0,371000000.0,Có,0
LSCN01091,2024,Vay tiêu dùng tín chấp,53,Lái xe,8400000.0,Có,67,0.463,,1,1,1,Có,6970000.0,157000000.0,Có,0
LSCN01092,2021,Vay mua nhà,32,Công nhân,5200000.0,Không,3,0.38,0.607,1,0,0,Có,1800000.0,58000000.0,Có,0
LSCN01093,2022,Vay tiêu dùng tín chấp,48,Kinh doanh tự do,22400000.0,Không,1,0.497,,1,0,0,Có,20760000.0,0.0,Có,0
LSCN01094,2025,Vay mua nhà,23,Nhân viên văn phòng,17900000.0,Có,2,0.431,0.622,1,0,0,Có,10190000.0,300000000.0,Có,0
LSCN01095,2023,Vay mua nhà,55,Công nhân,7200000.0,Có,28,0.52,0.593,1,0,0,Có,3890000.0,166000000.0,Có,0
LSCN01096,2024,Vay mua nhà,59,Kỹ sư,23700000.0,Có,95,0.197,0.646,1,0,0,Có,16420000.0,1414000000.0,Có,0
LSCN01097,2022,Vay tiêu dùng tín chấp,35,Bán hàng,13100000.0,Không,31,0.267,,2,1,72,Có,3010000.0,0.0,Có,0
LSCN01098,2021,Vay sản xuất kinh doanh,34,Nhân viên văn phòng,42500000.0,Không,11,0.278,0.653,1,0,0,Có,24260000.0,264000000.0,Có,0
LSCN01099,2024,Vay mua nhà,68,Bác sĩ,27400000.0,Không,89,0.272,0.586,1,0,0,Có,19260000.0,0.0,Có,0
LSCN01100,2023,Vay mua ô tô,21,Hưu trí,7600000.0,Không,0,0.599,0.785,1,0,0,Có,3490000.0,1835000000.0,Có,0
LSCN01101,2025,Vay tiêu dùng tín chấp,30,Công chức,11700000.0,Có,14,0.509,,1,0,0,Có,5480000.0,115000000.0,Có,0
LSCN01102,2021,Vay mua nhà,21,Kế toán,21000000.0,Không,92,0.362,0.683,1,0,0,Có,16200000.0,0.0,Có,0
LSCN01103,2023,Vay mua nhà,29,Kinh doanh tự do,14200000.0,Không,12,0.468,0.691,2,2,24,Có,3830000.0,0.0,Có,0
LSCN01104,2024,Vay tiêu dùng tín chấp,31,Bác sĩ,84300000.0,Có,9,0.48,,1,0,0,Không,20280000.0,3694000000.0,Có,0
LSCN01105,2021,Vay mua ô tô,21,Kế toán,15600000.0,Có,1,0.308,0.605,1,0,0,Không,4100000.0,558000000.0,Có,0
LSCN01106,2023,Vay tiêu dùng tín chấp,28,Kế toán,19200000.0,Không,3,0.411,,1,0,0,Không,4360000.0,0.0,Không,0
LSCN01107,2022,Vay mua nhà,53,Kinh doanh tự do,15000000.0,Không,11,0.429,0.758,2,1,74,Có,6800000.0,0.0,Có,0
LSCN01108,2023,Vay tiêu dùng tín chấp,22,Kinh doanh tự do,14600000.0,Không,43,0.567,,2,0,74,Có,7180000.0,40000000.0,Có,1
LSCN01109,2022,Vay mua nhà,21,Hưu trí,5100000.0,Không,27,0.6,0.893,2,0,14,Có,3260000.0,0.0,Có,0
LSCN01110,2024,Vay mua nhà,29,Bác sĩ,31300000.0,Có,8,0.264,0.724,1,0,0,Không,14370000.0,628000000.0,Có,0
LSCN01111,2023,Vay tiêu dùng tín chấp,31,Kinh doanh tự do,29600000.0,Không,28,0.638,,2,1,68,Có,13960000.0,176000000.0,Có,1
LSCN01112,2025,Vay sản xuất kinh doanh,38,Công nhân,10000000.0,Không,3,0.39,0.653,1,0,0,Không,4880000.0,0.0,Có,0
LSCN01113,2021,Vay mua ô tô,30,Công chức,8000000.0,Không,4,0.28,0.659,1,1,9,Có,9380000.0,296000000.0,Có,0
LSCN01114,2025,Vay mua nhà,33,Giáo viên,24600000.0,Có,34,0.263,0.582,1,0,0,Có,8720000.0,833000000.0,Có,0
LSCN01115,2024,Vay tiêu dùng tín chấp,26,Công chức,11300000.0,Không,16,0.596,,3,1,166,Có,3490000.0,0.0,Có,0
LSCN01116,2023,Vay sản xuất kinh doanh,46,Nhân viên văn phòng,13800000.0,Có,49,0.143,0.653,1,0,0,Có,17960000.0,0.0,Có,0
LSCN01117,2025,Vay mua nhà,38,Công chức,4600000.0,Có,2,0.291,0.587,2,0,72,Có,3790000.0,55000000.0,Có,0
LSCN01118,2024,Vay mua nhà,38,Kế toán,19100000.0,Không,2,0.45,0.793,1,0,0,Có,22950000.0,0.0,Có,0
LSCN01119,2024,Vay tiêu dùng tín chấp,42,Kỹ sư,13700000.0,Có,37,0.52,,1,0,0,Không,5710000.0,329000000.0,Có,0
LSCN01120,2021,Vay tiêu dùng tín chấp,31,Kinh doanh tự do,9500000.0,Không,0,0.402,,1,1,5,Có,4440000.0,0.0,Có,0
LSCN01121,2025,Vay mua ô tô,28,Kinh doanh tự do,28900000.0,Không,10,0.499,0.73,1,1,1,Có,18850000.0,0.0,Có,0
LSCN01122,2023,Vay mua ô tô,21,Nhân viên văn phòng,22200000.0,Không,8,0.421,0.401,1,0,0,Có,29970000.0,0.0,Có,0
LSCN01123,2021,Vay tiêu dùng tín chấp,30,Lái xe,13000000.0,Có,3,0.475,,1,0,0,Không,8710000.0,446000000.0,Có,0
LSCN01124,2025,Vay sản xuất kinh doanh,28,Công chức,16500000.0,Không,2,0.621,0.653,1,0,0,Có,35750000.0,1856000000.0,Có,0
LSCN01125,2025,Vay mua nhà,21,Nội trợ,2300000.0,Không,64,0.531,0.674,1,0,0,Có,1580000.0,0.0,Có,0
LSCN01126,2022,Vay mua nhà,26,Kỹ sư,33800000.0,Không,0,0.51,0.684,1,0,0,Không,10750000.0,0.0,Có,0
LSCN01127,2025,Vay sản xuất kinh doanh,53,Bán hàng,12700000.0,Không,130,0.425,0.653,2,0,21,Có,16230000.0,0.0,Có,0
LSCN01128,2025,Vay sản xuất kinh doanh,51,Công chức,15400000.0,Không,5,0.098,0.653,1,0,0,Có,4240000.0,0.0,Có,0
LSCN01129,2023,Vay tiêu dùng tín chấp,37,Lái xe,12600000.0,Không,29,0.127,,1,0,0,Có,17680000.0,200000000.0,Có,0
LSCN01130,2023,Vay sản xuất kinh doanh,44,Nhân viên văn phòng,13600000.0,Không,38,0.341,0.653,1,0,0,Không,22050000.0,0.0,Có,0
LSCN01131,2023,Vay mua ô tô,39,Bán hàng,9800000.0,Có,21,0.141,0.697,1,0,0,Có,4430000.0,96000000.0,Có,0
LSCN01132,2023,Vay mua nhà,30,Công chức,13300000.0,Không,25,0.306,0.636,1,1,6,Có,3440000.0,475000000.0,Có,0
LSCN01133,2023,Vay mua ô tô,21,Kinh doanh tự do,28900000.0,Không,9,0.244,0.642,1,0,0,Không,40270000.0,0.0,Có,0
LSCN01134,2022,Vay sản xuất kinh doanh,38,Nhân viên văn phòng,12100000.0,Không,18,0.152,0.653,1,0,0,Có,11670000.0,581000000.0,Có,0
LSCN01135,2023,Vay tiêu dùng tín chấp,43,Kỹ sư,18200000.0,Không,42,0.453,,1,0,0,Có,8510000.0,0.0,Có,0
LSCN01136,2025,Vay tiêu dùng tín chấp,53,Công nhân,4300000.0,Có,2,0.434,,1,0,0,Có,720000.0,0.0,Có,0
LSCN01137,2021,Vay mua ô tô,35,Lái xe,19900000.0,Có,36,0.348,0.587,1,0,0,Có,44050000.0,1151000000.0,Có,0
LSCN01138,2025,Vay tiêu dùng tín chấp,30,Nhân viên văn phòng,13700000.0,Có,26,0.337,,2,0,23,Có,4020000.0,0.0,Có,0
LSCN01139,2025,Vay sản xuất kinh doanh,29,Kinh doanh tự do,45800000.0,Không,43,0.338,0.653,1,0,0,Không,9840000.0,0.0,Có,0
LSCN01140,2022,Vay mua ô tô,29,Công nhân,13400000.0,Không,97,0.374,0.677,1,0,0,Không,59110000.0,0.0,Có,0
LSCN01141,2025,Vay sản xuất kinh doanh,37,Công nhân,5600000.0,Có,34,0.34,0.653,1,0,0,Có,1830000.0,104000000.0,Có,0
LSCN01142,2022,Vay mua ô tô,33,Kỹ sư,86400000.0,Có,105,0.446,0.639,1,0,0,Có,23290000.0,0.0,Có,0
LSCN01143,2021,Vay mua nhà,29,Giáo viên,7500000.0,Có,0,0.456,0.594,1,1,3,Có,2400000.0,0.0,Có,0
LSCN01144,2024,Vay mua ô tô,38,Hưu trí,7400000.0,Có,25,0.591,0.542,1,2,7,Có,4040000.0,0.0,Có,0
LSCN01145,2022,Vay mua ô tô,34,Công chức,25700000.0,Có,0,0.456,0.852,1,0,0,Có,119740000.0,596000000.0,Có,0
LSCN01146,2024,Vay mua ô tô,46,Giáo viên,11600000.0,Có,180,0.518,0.679,1,0,0,Không,4340000.0,0.0,Có,0
LSCN01147,2021,Vay mua nhà,28,Hưu trí,2800000.0,Có,63,0.309,0.684,1,0,0,Có,3440000.0,27000000.0,Có,0
LSCN01148,2023,Vay sản xuất kinh doanh,37,Công chức,21700000.0,Có,85,0.229,0.653,1,0,0,Có,16080000.0,0.0,Có,0
LSCN01149,2023,Vay tiêu dùng tín chấp,53,Bán hàng,7400000.0,Có,63,0.122,,1,0,0,Không,3290000.0,43000000.0,Có,0
LSCN01150,2021,Vay tiêu dùng tín chấp,63,Công chức,13900000.0,Không,3,0.578,,2,2,65,Có,2330000.0,0.0,Có,0
LSCN01151,2024,Vay sản xuất kinh doanh,47,Công chức,10200000.0,Có,13,0.748,0.653,1,0,0,Không,25750000.0,263000000.0,Có,0
LSCN01152,2021,Vay tiêu dùng tín chấp,25,Kỹ sư,38100000.0,Không,5,0.318,,1,0,0,Có,27330000.0,0.0,Có,0
LSCN01153,2023,Vay tiêu dùng tín chấp,40,Lái xe,11600000.0,Không,39,0.095,,1,0,0,Có,6710000.0,0.0,Có,0
LSCN01154,2024,Vay sản xuất kinh doanh,31,Kỹ sư,20800000.0,Có,30,0.238,0.653,1,0,0,Có,48630000.0,81000000.0,Có,0
LSCN01155,2024,Vay mua ô tô,33,Kế toán,16500000.0,Không,13,0.347,0.688,1,0,0,Có,10030000.0,0.0,Có,0
LSCN01156,2025,Vay sản xuất kinh doanh,33,Lái xe,5100000.0,Có,88,0.367,0.653,1,0,0,Không,480000.0,0.0,Có,0
LSCN01157,2025,Vay mua ô tô,36,Bác sĩ,16100000.0,Không,31,0.486,0.706,1,0,0,Không,25340000.0,719000000.0,Không,0
LSCN01158,2021,Vay mua nhà,46,Kỹ sư,47700000.0,Có,30,0.397,0.699,2,0,36,Có,36100000.0,10057000000.0,Có,0
LSCN01159,2022,Vay tiêu dùng tín chấp,33,Bác sĩ,32100000.0,Có,72,0.434,,1,0,0,Có,9660000.0,3245000000.0,Có,0
LSCN01160,2023,Vay mua nhà,53,Nội trợ,3400000.0,Không,52,0.473,0.656,1,0,0,Có,1030000.0,75000000.0,Có,0
LSCN01161,2023,Vay mua nhà,27,Giáo viên,16100000.0,Có,5,0.46,0.708,2,0,48,Có,3440000.0,0.0,Có,0
LSCN01162,2023,Vay sản xuất kinh doanh,38,Công chức,11200000.0,Có,17,0.214,0.653,2,0,49,Có,4060000.0,151000000.0,Có,0
LSCN01163,2023,Vay tiêu dùng tín chấp,35,Lái xe,7500000.0,Không,12,0.217,,1,0,0,Không,2390000.0,0.0,Có,0
LSCN01164,2025,Vay mua nhà,36,Công chức,18400000.0,Có,7,0.363,0.658,1,0,0,Có,6860000.0,0.0,Có,0
LSCN01165,2023,Vay sản xuất kinh doanh,63,Bán hàng,10900000.0,Có,82,0.4,0.653,1,1,1,Có,21040000.0,413000000.0,Có,0
LSCN01166,2021,Vay tiêu dùng tín chấp,34,Kinh doanh tự do,17600000.0,Không,3,0.337,,1,0,0,Có,6150000.0,0.0,Có,0
LSCN01167,2025,Vay tiêu dùng tín chấp,47,Nội trợ,3200000.0,Không,72,0.259,,2,0,67,Có,960000.0,0.0,Có,1
LSCN01168,2024,Vay tiêu dùng tín chấp,24,Công nhân,7200000.0,Có,19,0.379,,2,0,66,Có,2030000.0,0.0,Có,0
LSCN01169,2024,Vay sản xuất kinh doanh,34,Kinh doanh tự do,28500000.0,Không,45,0.375,0.653,1,0,0,Có,8280000.0,0.0,Có,0
LSCN01170,2023,Vay tiêu dùng tín chấp,37,Nội trợ,3400000.0,Không,18,0.401,,1,2,5,Có,3800000.0,0.0,Có,0
LSCN01171,2024,Vay sản xuất kinh doanh,23,Lái xe,10700000.0,Có,11,0.269,0.653,1,0,0,Có,22140000.0,163000000.0,Có,0
LSCN01172,2022,Vay mua nhà,27,Kinh doanh tự do,32900000.0,Không,77,0.33,0.635,2,0,72,Có,5460000.0,0.0,Có,0
LSCN01173,2024,Vay mua ô tô,37,Kinh doanh tự do,11000000.0,Không,34,0.372,0.496,1,1,6,Có,12440000.0,0.0,Có,0
LSCN01174,2025,Vay tiêu dùng tín chấp,44,Nhân viên văn phòng,10500000.0,Có,64,0.424,,2,0,10,Có,3130000.0,64000000.0,Có,0
LSCN01175,2021,Vay mua ô tô,43,Giáo viên,17100000.0,Có,12,0.496,0.648,1,1,1,Có,9430000.0,575000000.0,Có,0
LSCN01176,2025,Vay mua ô tô,28,Kỹ sư,22800000.0,Có,5,0.418,0.761,1,0,0,Có,21970000.0,121000000.0,Có,0
LSCN01177,2022,Vay sản xuất kinh doanh,30,Bán hàng,18300000.0,Không,15,0.56,0.653,1,0,0,Có,12160000.0,0.0,Không,0
LSCN01178,2022,Vay mua ô tô,53,Kế toán,13500000.0,Có,62,0.412,0.682,1,0,0,Có,9070000.0,0.0,Có,0
LSCN01179,2024,Vay sản xuất kinh doanh,35,Hưu trí,6900000.0,Không,119,0.477,0.653,1,0,0,Có,1010000.0,0.0,Có,0
LSCN01180,2024,Vay mua ô tô,26,Giáo viên,9400000.0,Không,3,0.479,0.63,2,1,53,Có,1970000.0,0.0,Có,0
LSCN01181,2025,Vay mua nhà,52,Kinh doanh tự do,22700000.0,Không,25,0.145,0.578,1,1,9,Có,7110000.0,1650000000.0,Có,0
LSCN01182,2025,Vay mua nhà,28,Lái xe,12100000.0,Không,20,0.49,0.619,1,0,0,Có,6040000.0,483000000.0,Có,0
LSCN01183,2023,Vay sản xuất kinh doanh,28,Kế toán,12600000.0,Có,92,0.579,0.653,2,0,13,Có,9670000.0,0.0,Có,0
LSCN01184,2024,Vay tiêu dùng tín chấp,46,Công nhân,5600000.0,Có,34,0.313,,1,0,0,Có,4050000.0,684000000.0,Có,0
LSCN01185,2024,Vay mua ô tô,21,Công nhân,16200000.0,Không,33,0.238,0.609,1,0,0,Có,10680000.0,443000000.0,Có,0
LSCN01186,2021,Vay tiêu dùng tín chấp,40,Giáo viên,10900000.0,Có,78,0.43,,1,0,0,Có,9820000.0,0.0,Có,0
LSCN01187,2023,Vay mua nhà,24,Nhân viên văn phòng,9400000.0,Có,31,0.472,0.624,1,1,9,Có,4240000.0,0.0,Có,0
LSCN01188,2024,Vay sản xuất kinh doanh,21,Lái xe,8900000.0,Có,33,0.385,0.653,1,1,9,Có,5760000.0,0.0,Có,0
LSCN01189,2021,Vay mua nhà,21,Lái xe,10700000.0,Có,2,0.262,0.632,1,2,7,Có,2050000.0,0.0,Có,0
LSCN01190,2024,Vay sản xuất kinh doanh,35,Hưu trí,7600000.0,Có,116,0.39,0.653,1,1,5,Có,1980000.0,280000000.0,Có,0
LSCN01191,2023,Vay tiêu dùng tín chấp,47,Bác sĩ,46600000.0,Có,16,0.391,,1,0,0,Không,37060000.0,0.0,Có,0
LSCN01192,2025,Vay tiêu dùng tín chấp,39,Kinh doanh tự do,27600000.0,Không,136,0.134,,1,0,0,Không,9270000.0,0.0,Có,0
LSCN01193,2025,Vay mua nhà,30,Công chức,9900000.0,Không,26,0.256,0.779,2,1,12,Có,12100000.0,0.0,Có,0
LSCN01194,2025,Vay tiêu dùng tín chấp,32,Bác sĩ,41500000.0,Có,43,0.357,,1,0,0,Có,153850000.0,886000000.0,Có,0
LSCN01195,2024,Vay tiêu dùng tín chấp,29,Hưu trí,18000000.0,Không,101,0.163,,1,0,0,Có,7580000.0,0.0,Có,0
LSCN01196,2022,Vay mua nhà,33,Nội trợ,2100000.0,Không,4,0.3,0.677,1,0,0,Có,2540000.0,0.0,Có,0
LSCN01197,2023,Vay mua ô tô,31,Giáo viên,10600000.0,Không,53,0.489,0.854,1,0,0,Có,10510000.0,76000000.0,Có,0
LSCN01198,2024,Vay tiêu dùng tín chấp,23,Nội trợ,2400000.0,Không,71,0.43,,3,5,97,Có,290000.0,0.0,Có,1
LSCN01199,2024,Vay mua ô tô,39,Nội trợ,7600000.0,Không,76,0.279,0.584,1,0,0,Không,6040000.0,57000000.0,Có,0
LSCN01200,2023,Vay mua nhà,42,Giáo viên,8600000.0,Không,67,0.281,0.673,1,0,0,Có,19130000.0,0.0,Có,0
LSCN01201,2024,Vay mua ô tô,50,Kế toán,16500000.0,Không,47,0.116,0.675,2,0,43,Có,12340000.0,0.0,Có,0
LSCN01202,2025,Vay tiêu dùng tín chấp,34,Kinh doanh tự do,29200000.0,Không,37,0.128,,1,0,0,Có,13220000.0,3844000000.0,Có,0
LSCN01203,2022,Vay tiêu dùng tín chấp,28,Lái xe,8500000.0,Có,34,0.628,,2,0,65,Có,5320000.0,143000000.0,Có,0
LSCN01204,2024,Vay mua ô tô,31,Kỹ sư,25900000.0,Có,10,0.413,0.781,1,0,0,Không,13710000.0,364000000.0,Có,0
LSCN01205,2022,Vay sản xuất kinh doanh,29,Kỹ sư,18500000.0,Không,13,0.484,0.653,2,0,87,Có,13780000.0,0.0,Không,0
LSCN01206,2025,Vay tiêu dùng tín chấp,21,Công nhân,6100000.0,Không,62,0.159,,1,1,8,Có,9070000.0,0.0,Có,0
LSCN01207,2024,Vay tiêu dùng tín chấp,40,Kế toán,10300000.0,Không,30,0.476,,1,2,9,Có,20050000.0,83000000.0,Có,0
LSCN01208,2021,Vay tiêu dùng tín chấp,48,Kinh doanh tự do,27400000.0,Không,87,0.474,,1,1,1,Có,5030000.0,0.0,Có,0
LSCN01209,2022,Vay sản xuất kinh doanh,50,Kế toán,24400000.0,Không,14,0.558,0.653,1,0,0,Có,61780000.0,0.0,Có,0
LSCN01210,2025,Vay tiêu dùng tín chấp,31,Kế toán,8000000.0,Có,5,0.232,,1,0,0,Có,2420000.0,0.0,Có,0
LSCN01211,2021,Vay sản xuất kinh doanh,46,Nội trợ,4200000.0,Không,10,0.401,0.653,1,0,0,Có,1940000.0,119000000.0,Có,0
LSCN01212,2021,Vay tiêu dùng tín chấp,40,Giáo viên,5700000.0,Không,53,0.458,,1,1,6,Có,12090000.0,54000000.0,Có,0
LSCN01213,2024,Vay mua ô tô,39,Công chức,17200000.0,Có,18,0.379,0.782,1,0,0,Không,26770000.0,530000000.0,Có,0
LSCN01214,2021,Vay mua nhà,30,Lái xe,7100000.0,Có,0,0.461,0.723,1,0,0,Có,3770000.0,295000000.0,Có,0
LSCN01215,2023,Vay tiêu dùng tín chấp,54,Kinh doanh tự do,9300000.0,Không,8,0.382,,1,1,3,Có,3820000.0,0.0,Có,0
LSCN01216,2024,Vay sản xuất kinh doanh,32,Bán hàng,8400000.0,Không,55,0.335,0.653,1,1,1,Có,6580000.0,0.0,Có,0
LSCN01217,2023,Vay tiêu dùng tín chấp,40,Bác sĩ,11800000.0,Có,21,0.479,,1,0,0,Có,15240000.0,0.0,Có,0
LSCN01218,2025,Vay tiêu dùng tín chấp,24,Bán hàng,3800000.0,Không,1,0.508,,1,3,3,Có,900000.0,26000000.0,Có,1
LSCN01219,2023,Vay mua ô tô,50,Công nhân,5700000.0,Không,60,0.416,0.835,1,0,0,Không,2070000.0,269000000.0,Có,0
LSCN01220,2021,Vay mua nhà,35,Bán hàng,12800000.0,Có,49,0.475,0.697,1,0,0,Có,4790000.0,0.0,Có,0
LSCN01221,2025,Vay mua nhà,31,Kỹ sư,23800000.0,Có,19,0.234,0.686,1,0,0,Có,12730000.0,196000000.0,Có,0
LSCN01222,2024,Vay sản xuất kinh doanh,27,Công chức,15600000.0,Không,46,0.394,0.653,1,0,0,Có,22860000.0,1952000000.0,Có,0
LSCN01223,2022,Vay tiêu dùng tín chấp,61,Nội trợ,5100000.0,Không,71,0.13,,1,1,7,Có,3240000.0,299000000.0,Có,0
LSCN01224,2021,Vay mua ô tô,31,Công chức,9400000.0,Không,180,0.113,0.637,1,0,0,Không,6940000.0,155000000.0,Có,0
LSCN01225,2022,Vay mua nhà,31,Kế toán,14900000.0,Không,19,0.432,0.46,1,0,0,Có,17150000.0,294000000.0,Có,0
LSCN01226,2023,Vay tiêu dùng tín chấp,40,Công chức,13600000.0,Không,30,0.072,,1,0,0,Không,9770000.0,0.0,Có,0
LSCN01227,2023,Vay sản xuất kinh doanh,29,Nội trợ,3700000.0,Không,39,0.129,0.653,1,0,0,Có,2340000.0,0.0,Có,0
LSCN01228,2021,Vay mua ô tô,34,Hưu trí,5900000.0,Có,7,0.327,0.591,1,0,0,Không,17410000.0,0.0,Có,0
LSCN01229,2022,Vay mua nhà,25,Hưu trí,4600000.0,Không,1,0.565,0.664,1,0,0,Có,2760000.0,0.0,Có,0
LSCN01230,2025,Vay tiêu dùng tín chấp,42,Nhân viên văn phòng,6300000.0,Không,5,0.33,,1,0,0,Có,3700000.0,121000000.0,Có,0
LSCN01231,2025,Vay mua ô tô,40,Công nhân,7900000.0,Không,6,0.569,0.718,1,0,0,Có,3090000.0,309000000.0,Có,0
LSCN01232,2021,Vay mua nhà,37,Bán hàng,9100000.0,Không,23,0.597,0.739,1,0,0,Có,3460000.0,0.0,Có,0
LSCN01233,2021,Vay tiêu dùng tín chấp,39,Lái xe,10500000.0,Có,2,0.479,,1,0,0,Không,16080000.0,1285000000.0,Có,0
LSCN01234,2021,Vay sản xuất kinh doanh,34,Bác sĩ,53700000.0,Có,72,0.19,0.653,1,0,0,Không,45540000.0,0.0,Có,0
LSCN01235,2022,Vay tiêu dùng tín chấp,50,Giáo viên,15400000.0,Có,16,0.377,,1,0,0,Có,7490000.0,0.0,Có,0
LSCN01236,2022,Vay sản xuất kinh doanh,21,Kế toán,20000000.0,Không,27,0.449,0.653,1,0,0,Có,41850000.0,1207000000.0,Có,0
LSCN01237,2025,Vay mua nhà,45,Giáo viên,13300000.0,Có,38,0.393,0.592,1,0,0,Có,27150000.0,527000000.0,Có,0
LSCN01238,2025,Vay tiêu dùng tín chấp,35,Nhân viên văn phòng,14600000.0,Có,9,0.432,,1,0,0,Có,22220000.0,709000000.0,Có,0
LSCN01239,2023,Vay mua nhà,41,Nội trợ,4100000.0,Không,47,0.402,0.701,1,0,0,Có,41070000.0,165000000.0,Có,0
LSCN01240,2021,Vay tiêu dùng tín chấp,47,Hưu trí,3100000.0,Có,180,0.326,,1,0,0,Không,1480000.0,0.0,Có,0
LSCN01241,2024,Vay mua ô tô,34,Bác sĩ,30300000.0,Có,59,0.095,0.618,1,0,0,Không,40360000.0,5763000000.0,Có,0
LSCN01242,2024,Vay mua ô tô,55,Kỹ sư,29600000.0,Không,20,0.538,0.908,1,0,0,Có,49860000.0,0.0,Có,0
LSCN01243,2021,Vay mua nhà,21,Bán hàng,12300000.0,Không,6,0.477,0.832,1,0,0,Không,11330000.0,105000000.0,Có,0
LSCN01244,2023,Vay mua nhà,30,Công chức,29500000.0,Có,0,0.441,0.72,1,0,0,Không,13450000.0,0.0,Có,0
LSCN01245,2024,Vay sản xuất kinh doanh,33,Công chức,10300000.0,Có,62,0.227,0.653,1,0,0,Có,7350000.0,0.0,Có,0
LSCN01246,2022,Vay sản xuất kinh doanh,36,Lái xe,21300000.0,Không,26,0.466,0.653,1,0,0,Có,16730000.0,0.0,Có,0
LSCN01247,2023,Vay tiêu dùng tín chấp,37,Công chức,12700000.0,Có,6,0.258,,1,0,0,Có,8140000.0,246000000.0,Có,0
LSCN01248,2023,Vay tiêu dùng tín chấp,37,Nhân viên văn phòng,35400000.0,Có,3,0.612,,2,0,89,Có,18710000.0,194000000.0,Có,0
LSCN01249,2025,Vay tiêu dùng tín chấp,52,Giáo viên,27600000.0,Không,18,0.428,,1,0,0,Có,11280000.0,564000000.0,Không,0
LSCN01250,2023,Vay tiêu dùng tín chấp,23,Công chức,15400000.0,Không,2,0.378,,1,0,0,Có,5800000.0,370000000.0,Có,0
LSCN01251,2023,Vay mua nhà,33,Hưu trí,6700000.0,Không,63,0.59,0.903,2,0,14,Có,3900000.0,0.0,Có,0
LSCN01252,2024,Vay tiêu dùng tín chấp,21,Bán hàng,14200000.0,Có,44,0.545,,1,0,0,Có,9320000.0,152000000.0,Có,0
LSCN01253,2022,Vay tiêu dùng tín chấp,23,Bán hàng,7400000.0,Có,16,0.325,,1,1,4,Có,10150000.0,0.0,Có,0
LSCN01254,2021,Vay mua nhà,36,Lái xe,24700000.0,Không,12,0.233,0.586,1,0,0,Có,30600000.0,0.0,Có,0
LSCN01255,2024,Vay tiêu dùng tín chấp,60,Bán hàng,12100000.0,Không,18,0.767,,1,2,1,Có,6770000.0,0.0,Có,0
LSCN01256,2022,Vay mua nhà,31,Bán hàng,11500000.0,Có,52,0.29,0.67,1,0,0,Có,25380000.0,37000000.0,Có,0
LSCN01257,2022,Vay tiêu dùng tín chấp,46,Hưu trí,12600000.0,Có,11,0.552,,2,0,62,Có,6180000.0,0.0,Có,0
LSCN01258,2023,Vay tiêu dùng tín chấp,48,Công chức,19600000.0,Có,6,0.339,,1,0,0,Có,18190000.0,0.0,Có,0
LSCN01259,2023,Vay sản xuất kinh doanh,35,Bán hàng,12600000.0,Không,48,0.636,0.653,1,0,0,Có,7640000.0,0.0,Có,0
LSCN01260,2021,Vay mua ô tô,31,Công nhân,10500000.0,Có,73,0.347,0.596,1,0,0,Có,6370000.0,265000000.0,Có,0
LSCN01261,2025,Vay tiêu dùng tín chấp,31,Kỹ sư,29800000.0,Có,0,0.447,,1,0,0,Có,89530000.0,2689000000.0,Có,0
LSCN01262,2021,Vay tiêu dùng tín chấp,35,Giáo viên,9700000.0,Có,28,0.297,,1,0,0,Có,6180000.0,108000000.0,Có,0
LSCN01263,2023,Vay sản xuất kinh doanh,21,Kế toán,16800000.0,Có,16,0.28,0.653,1,0,0,Không,5150000.0,0.0,Có,0
LSCN01264,2025,Vay sản xuất kinh doanh,39,Kinh doanh tự do,14900000.0,Không,0,0.411,0.653,1,1,9,Có,4610000.0,138000000.0,Có,0
LSCN01265,2024,Vay mua ô tô,34,Công nhân,4000000.0,Không,33,0.375,0.644,1,0,0,Không,2060000.0,0.0,Có,0
LSCN01266,2023,Vay tiêu dùng tín chấp,32,Giáo viên,13700000.0,Có,15,0.283,,2,0,51,Có,5200000.0,0.0,Có,0
LSCN01267,2025,Vay tiêu dùng tín chấp,46,Công nhân,8200000.0,Không,17,0.435,,1,0,0,Có,7160000.0,0.0,Có,0
LSCN01268,2022,Vay mua nhà,47,Bán hàng,18200000.0,Có,0,0.207,0.652,1,0,0,Không,11360000.0,200000000.0,Có,0
LSCN01269,2022,Vay mua nhà,22,Kinh doanh tự do,13800000.0,Không,126,0.518,0.596,1,0,0,Có,41740000.0,0.0,Có,0
LSCN01270,2023,Vay sản xuất kinh doanh,38,Giáo viên,9700000.0,Có,23,0.05,0.653,1,0,0,Không,1430000.0,0.0,Có,0
LSCN01271,2023,Vay mua nhà,39,Kinh doanh tự do,19700000.0,Không,10,0.493,0.661,1,0,0,Có,10360000.0,63000000.0,Có,1
LSCN01272,2025,Vay tiêu dùng tín chấp,41,Kế toán,13000000.0,Không,57,0.256,,1,0,0,Có,23830000.0,565000000.0,Có,0
LSCN01273,2024,Vay sản xuất kinh doanh,29,Lái xe,8100000.0,Không,17,0.23,0.653,1,1,5,Có,2290000.0,40000000.0,Có,0
LSCN01274,2024,Vay tiêu dùng tín chấp,38,Kinh doanh tự do,15000000.0,Không,1,0.694,,1,0,0,Không,23580000.0,0.0,Có,0
LSCN01275,2021,Vay mua ô tô,48,Nhân viên văn phòng,13600000.0,Có,26,0.535,0.621,1,0,0,Không,7950000.0,380000000.0,Có,0
LSCN01276,2025,Vay mua ô tô,23,Bác sĩ,43900000.0,Có,18,0.263,0.725,1,0,0,Không,454010000.0,376000000.0,Có,0
LSCN01277,2023,Vay mua ô tô,48,Nhân viên văn phòng,9000000.0,Có,62,0.482,0.781,1,1,3,Có,920000.0,895000000.0,Có,0
LSCN01278,2025,Vay mua ô tô,27,Bán hàng,20800000.0,Không,36,0.229,0.686,1,0,0,Có,2440000.0,292000000.0,Có,0
LSCN01279,2021,Vay tiêu dùng tín chấp,33,Bác sĩ,43000000.0,Không,93,0.121,,1,0,0,Không,21060000.0,1452000000.0,Có,0
LSCN01280,2021,Vay tiêu dùng tín chấp,33,Nhân viên văn phòng,19200000.0,Không,43,0.512,,1,0,0,Có,33640000.0,2050000000.0,Có,0
LSCN01281,2022,Vay mua ô tô,42,Nhân viên văn phòng,9500000.0,Không,21,0.46,0.676,1,0,0,Không,6110000.0,0.0,Có,0
LSCN01282,2025,Vay mua nhà,48,Hưu trí,7600000.0,Không,39,0.433,0.505,1,1,1,Có,12460000.0,0.0,Có,0
LSCN01283,2022,Vay sản xuất kinh doanh,44,Công chức,16500000.0,Có,61,0.1,0.653,1,0,0,Không,15210000.0,0.0,Có,0
LSCN01284,2023,Vay tiêu dùng tín chấp,21,Kế toán,16600000.0,Không,59,0.348,,2,0,52,Có,2100000.0,228000000.0,Có,0
LSCN01285,2021,Vay mua nhà,34,Nội trợ,6600000.0,Không,2,0.781,0.724,2,1,38,Có,1250000.0,0.0,Có,0
LSCN01286,2022,Vay tiêu dùng tín chấp,45,Kinh doanh tự do,39900000.0,Không,7,0.445,,1,0,0,Có,16520000.0,108000000.0,Không,0
LSCN01287,2024,Vay mua ô tô,48,Bán hàng,11600000.0,Không,70,0.289,0.727,1,1,7,Có,10830000.0,99000000.0,Có,0
LSCN01288,2025,Vay mua ô tô,26,Bán hàng,19100000.0,Có,21,0.383,0.683,1,0,0,Không,19810000.0,253000000.0,Có,0
LSCN01289,2023,Vay tiêu dùng tín chấp,27,Kỹ sư,17100000.0,Có,14,0.547,,1,1,9,Có,5310000.0,0.0,Có,0
LSCN01290,2025,Vay mua nhà,30,Bán hàng,18400000.0,Có,11,0.341,0.887,1,0,0,Có,7370000.0,0.0,Có,0
LSCN01291,2024,Vay sản xuất kinh doanh,47,Bác sĩ,28800000.0,Không,26,0.27,0.653,1,0,0,Có,9270000.0,74000000.0,Có,0
LSCN01292,2023,Vay mua nhà,33,Bán hàng,7200000.0,Có,9,0.363,0.673,2,2,83,Có,2340000.0,0.0,Có,0
LSCN01293,2022,Vay mua ô tô,32,Kỹ sư,45200000.0,Có,84,0.215,0.655,1,0,0,Có,73360000.0,691000000.0,Có,0
LSCN01294,2023,Vay tiêu dùng tín chấp,38,Công nhân,12900000.0,Có,6,0.334,,1,0,0,Có,9740000.0,0.0,Có,0
LSCN01295,2024,Vay tiêu dùng tín chấp,55,Hưu trí,12300000.0,Có,31,0.342,,1,1,6,Có,9800000.0,93000000.0,Có,0
LSCN01296,2023,Vay mua nhà,29,Kỹ sư,29000000.0,Không,37,0.412,0.738,2,0,29,Có,14660000.0,0.0,Có,0
LSCN01297,2022,Vay sản xuất kinh doanh,28,Nội trợ,12700000.0,Không,24,0.416,0.653,1,0,0,Không,2770000.0,0.0,Có,0
LSCN01298,2021,Vay tiêu dùng tín chấp,33,Nội trợ,5100000.0,Không,22,0.612,,1,1,1,Có,2070000.0,135000000.0,Có,0
LSCN01299,2023,Vay sản xuất kinh doanh,33,Hưu trí,10900000.0,Có,2,0.548,0.653,1,0,0,Có,6300000.0,63000000.0,Có,0
LSCN01300,2022,Vay mua nhà,36,Bán hàng,8800000.0,Không,7,0.549,0.811,1,0,0,Không,3260000.0,0.0,Có,0
LSCN01301,2023,Vay mua ô tô,44,Nhân viên văn phòng,14500000.0,Không,10,0.4,0.43,1,0,0,Không,8280000.0,0.0,Có,0
LSCN01302,2025,Vay tiêu dùng tín chấp,28,Công nhân,8500000.0,Không,27,0.495,,1,0,0,Có,5260000.0,0.0,Có,0
LSCN01303,2022,Vay tiêu dùng tín chấp,36,Kỹ sư,23500000.0,Có,13,0.415,,1,0,0,Có,8530000.0,0.0,Có,0
LSCN01304,2021,Vay mua nhà,28,Nhân viên văn phòng,4000000.0,Không,48,0.323,0.766,2,0,25,Có,3800000.0,0.0,Có,0
LSCN01305,2024,Vay mua ô tô,48,Giáo viên,17500000.0,Không,54,0.507,0.512,1,0,0,Có,43040000.0,0.0,Có,0
LSCN01306,2021,Vay sản xuất kinh doanh,21,Kế toán,25900000.0,Không,20,0.182,0.653,1,0,0,Có,45540000.0,775000000.0,Có,0
LSCN01307,2024,Vay sản xuất kinh doanh,56,Hưu trí,11300000.0,Có,17,0.285,0.653,2,0,74,Có,2320000.0,0.0,Có,0
LSCN01308,2025,Vay mua nhà,27,Kinh doanh tự do,54900000.0,Không,95,0.351,0.665,1,0,0,Có,70520000.0,929000000.0,Có,0
LSCN01309,2022,Vay mua nhà,45,Giáo viên,10400000.0,Không,52,0.446,0.82,2,1,77,Có,6230000.0,0.0,Có,0
LSCN01310,2023,Vay tiêu dùng tín chấp,52,Công chức,17900000.0,Không,15,0.656,,1,0,0,Có,4140000.0,332000000.0,Có,0
LSCN01311,2023,Vay sản xuất kinh doanh,29,Kinh doanh tự do,45200000.0,Không,10,0.538,0.653,1,0,0,Có,9080000.0,0.0,Có,0
LSCN01312,2021,Vay tiêu dùng tín chấp,26,Kỹ sư,29500000.0,Không,27,0.288,,2,0,63,Có,5250000.0,0.0,Có,0
LSCN01313,2024,Vay mua nhà,37,Kế toán,10500000.0,Có,26,0.403,0.531,1,0,0,Có,7710000.0,0.0,Có,0
LSCN01314,2024,Vay tiêu dùng tín chấp,31,Hưu trí,17100000.0,Có,42,0.71,,2,0,88,Có,1880000.0,209000000.0,Có,0
LSCN01315,2022,Vay mua ô tô,44,Giáo viên,13200000.0,Có,0,0.388,0.658,1,0,0,Có,4230000.0,0.0,Có,0
LSCN01316,2022,Vay mua nhà,28,Kế toán,19300000.0,Không,107,0.398,0.726,1,0,0,Có,11660000.0,0.0,Có,0
LSCN01317,2023,Vay tiêu dùng tín chấp,36,Giáo viên,20700000.0,Có,180,0.303,,1,0,0,Có,8510000.0,1539000000.0,Có,0
LSCN01318,2025,Vay tiêu dùng tín chấp,26,Giáo viên,22800000.0,Có,2,0.276,,2,0,86,Có,3810000.0,0.0,Có,0
LSCN01319,2021,Vay tiêu dùng tín chấp,34,Kế toán,13100000.0,Không,2,0.177,,1,0,0,Không,7580000.0,0.0,Có,0
LSCN01320,2021,Vay tiêu dùng tín chấp,56,Công nhân,11700000.0,Có,10,0.501,,1,2,2,Có,3170000.0,0.0,Có,0
LSCN01321,2021,Vay mua ô tô,26,Bác sĩ,22700000.0,Có,10,0.158,0.677,1,0,0,Có,27030000.0,0.0,Có,0
LSCN01322,2021,Vay mua ô tô,50,Kinh doanh tự do,15600000.0,Không,3,0.564,0.783,1,0,0,Có,6600000.0,707000000.0,Có,0
LSCN01323,2023,Vay tiêu dùng tín chấp,41,Nhân viên văn phòng,12500000.0,Có,52,0.336,,1,0,0,Có,8630000.0,0.0,Có,0
LSCN01324,2024,Vay sản xuất kinh doanh,39,Bán hàng,8800000.0,Có,119,0.42,0.653,2,0,87,Có,12830000.0,0.0,Có,0
LSCN01325,2023,Vay tiêu dùng tín chấp,21,Bán hàng,7700000.0,Có,40,0.463,,2,0,39,Có,10420000.0,92000000.0,Có,0
LSCN01326,2021,Vay tiêu dùng tín chấp,44,Bán hàng,13500000.0,Không,56,0.41,,2,0,27,Có,21010000.0,1064000000.0,Không,0
LSCN01327,2022,Vay tiêu dùng tín chấp,47,Hưu trí,5300000.0,Có,61,0.358,,1,0,0,Không,3180000.0,0.0,Có,0
LSCN01328,2022,Vay tiêu dùng tín chấp,45,Giáo viên,8600000.0,Có,12,0.446,,1,0,0,Có,5640000.0,186000000.0,Có,0
LSCN01329,2022,Vay tiêu dùng tín chấp,34,Hưu trí,5900000.0,Không,8,0.529,,1,0,0,Có,1270000.0,0.0,Có,0
LSCN01330,2021,Vay mua nhà,46,Bác sĩ,29500000.0,Có,180,0.14,0.62,1,0,0,Có,27400000.0,859000000.0,Có,0
LSCN01331,2022,Vay sản xuất kinh doanh,23,Lái xe,5100000.0,Có,29,0.418,0.653,1,1,7,Có,6640000.0,0.0,Có,0
LSCN01332,2024,Vay mua nhà,33,Hưu trí,4300000.0,Không,33,0.333,0.789,1,0,0,Có,6380000.0,0.0,Có,0
LSCN01333,2022,Vay tiêu dùng tín chấp,38,Bác sĩ,15900000.0,Có,48,0.489,,1,1,8,Có,6790000.0,0.0,Có,0
LSCN01334,2021,Vay tiêu dùng tín chấp,28,Hưu trí,6800000.0,Không,41,0.384,,1,0,0,Không,2590000.0,363000000.0,Có,0
LSCN01335,2024,Vay sản xuất kinh doanh,45,Kỹ sư,31300000.0,Có,32,0.118,0.653,1,0,0,Không,25160000.0,3008000000.0,Có,0
LSCN01336,2025,Vay sản xuất kinh doanh,39,Lái xe,7000000.0,Có,6,0.207,0.653,1,0,0,Không,4180000.0,357000000.0,Có,0
LSCN01337,2025,Vay tiêu dùng tín chấp,32,Công chức,16700000.0,Có,37,0.44,,1,0,0,Không,8050000.0,0.0,Có,0
LSCN01338,2023,Vay tiêu dùng tín chấp,31,Kinh doanh tự do,22900000.0,Không,15,0.637,,1,1,3,Có,10110000.0,0.0,Có,0
LSCN01339,2025,Vay tiêu dùng tín chấp,30,Công nhân,7200000.0,Có,25,0.439,,1,0,0,Có,7170000.0,0.0,Có,0
LSCN01340,2021,Vay sản xuất kinh doanh,31,Lái xe,6600000.0,Không,98,0.232,0.653,1,0,0,Có,2300000.0,0.0,Có,0
LSCN01341,2023,Vay mua ô tô,55,Nội trợ,3600000.0,Không,6,0.458,0.742,1,0,0,Không,2900000.0,0.0,Có,0
LSCN01342,2023,Vay sản xuất kinh doanh,52,Bán hàng,8900000.0,Không,35,0.501,0.653,2,0,41,Có,2880000.0,0.0,Có,0
LSCN01343,2022,Vay tiêu dùng tín chấp,32,Nội trợ,4600000.0,Không,34,0.34,,1,0,0,Có,2000000.0,54000000.0,Có,0
LSCN01344,2023,Vay sản xuất kinh doanh,35,Giáo viên,22300000.0,Có,19,0.395,0.653,1,0,0,Không,15590000.0,482000000.0,Có,0
LSCN01345,2025,Vay tiêu dùng tín chấp,51,Nội trợ,3800000.0,Không,13,0.205,,1,0,0,Có,1800000.0,0.0,Có,0
LSCN01346,2023,Vay tiêu dùng tín chấp,44,Lái xe,18900000.0,Có,20,0.191,,1,0,0,Có,11840000.0,1018000000.0,Có,0
LSCN01347,2021,Vay tiêu dùng tín chấp,45,Hưu trí,4700000.0,Không,38,0.175,,1,0,0,Có,5360000.0,23000000.0,Có,0
LSCN01348,2022,Vay mua ô tô,27,Kinh doanh tự do,10500000.0,Không,24,0.444,0.681,1,1,1,Có,2460000.0,0.0,Có,0
LSCN01349,2023,Vay mua ô tô,26,Kinh doanh tự do,30900000.0,Không,1,0.242,0.56,1,0,0,Không,102190000.0,2098000000.0,Có,0
LSCN01350,2023,Vay mua nhà,45,Bác sĩ,9800000.0,Có,0,0.513,0.661,2,0,83,Có,2750000.0,0.0,Có,0
LSCN01351,2021,Vay tiêu dùng tín chấp,30,Kỹ sư,22100000.0,Có,14,0.38,,1,0,0,Không,9250000.0,0.0,Có,0
LSCN01352,2022,Vay mua ô tô,62,Kỹ sư,35800000.0,Có,8,0.543,0.574,1,0,0,Có,19690000.0,0.0,Có,0
LSCN01353,2022,Vay mua nhà,38,Giáo viên,38500000.0,Không,65,0.389,0.587,1,0,0,Có,124240000.0,796000000.0,Có,0
LSCN01354,2024,Vay mua ô tô,52,Bác sĩ,45700000.0,Không,42,0.262,0.543,1,0,0,Có,31250000.0,1515000000.0,Có,0
LSCN01355,2022,Vay tiêu dùng tín chấp,47,Bác sĩ,17300000.0,Có,0,0.342,,1,1,6,Có,2710000.0,0.0,Có,0
LSCN01356,2021,Vay tiêu dùng tín chấp,37,Bác sĩ,50500000.0,Không,2,0.507,,1,0,0,Có,18370000.0,2054000000.0,Không,0
LSCN01357,2025,Vay tiêu dùng tín chấp,43,Nhân viên văn phòng,13600000.0,Không,27,0.315,,1,1,4,Có,11040000.0,0.0,Có,1
LSCN01358,2023,Vay mua nhà,41,Kỹ sư,34000000.0,Có,34,0.098,0.701,2,0,57,Có,2710000.0,1614000000.0,Có,0
LSCN01359,2024,Vay mua nhà,44,Công nhân,5700000.0,Không,26,0.376,0.79,1,0,0,Có,9120000.0,12000000.0,Có,0
LSCN01360,2022,Vay mua nhà,38,Giáo viên,8100000.0,Có,6,0.22,0.605,1,1,8,Có,9110000.0,0.0,Có,0
LSCN01361,2025,Vay mua nhà,28,Công chức,26200000.0,Có,32,0.157,0.738,2,1,25,Có,7130000.0,344000000.0,Có,0
LSCN01362,2025,Vay tiêu dùng tín chấp,45,Hưu trí,3500000.0,Có,1,0.764,,2,2,29,Có,1260000.0,24000000.0,Có,0
LSCN01363,2021,Vay mua nhà,62,Lái xe,10700000.0,Không,113,0.218,0.616,1,0,0,Có,10200000.0,0.0,Có,0
LSCN01364,2022,Vay sản xuất kinh doanh,34,Kinh doanh tự do,29200000.0,Không,3,0.284,0.653,1,0,0,Không,25000000.0,566000000.0,Có,0
LSCN01365,2022,Vay mua ô tô,40,Công nhân,5300000.0,Không,6,0.256,0.619,1,1,3,Có,770000.0,193000000.0,Có,0
LSCN01366,2021,Vay tiêu dùng tín chấp,36,Lái xe,6800000.0,Có,20,0.37,,1,0,0,Có,8690000.0,72000000.0,Có,0
LSCN01367,2025,Vay tiêu dùng tín chấp,29,Lái xe,6600000.0,Có,15,0.636,,2,0,62,Có,25520000.0,533000000.0,Có,0
LSCN01368,2021,Vay tiêu dùng tín chấp,32,Hưu trí,13200000.0,Không,9,0.722,,2,0,67,Có,6400000.0,259000000.0,Có,0
LSCN01369,2023,Vay mua nhà,31,Công chức,20900000.0,Có,1,0.293,0.768,1,0,0,Không,3020000.0,1058000000.0,Có,0
LSCN01370,2022,Vay tiêu dùng tín chấp,36,Kế toán,8000000.0,Không,0,0.476,,1,2,9,Có,590000.0,160000000.0,Có,0
LSCN01371,2021,Vay mua ô tô,38,Công chức,11100000.0,Không,13,0.606,0.789,1,2,1,Có,5300000.0,0.0,Có,0
LSCN01372,2024,Vay mua ô tô,46,Lái xe,10100000.0,Không,61,0.241,0.679,2,0,36,Có,1590000.0,0.0,Có,0
LSCN01373,2024,Vay mua nhà,36,Công nhân,26400000.0,Không,10,0.329,0.787,1,0,0,Không,26610000.0,0.0,Có,0
LSCN01374,2025,Vay mua nhà,58,Nhân viên văn phòng,8300000.0,Có,17,0.194,0.647,1,0,0,Không,9690000.0,0.0,Có,0
LSCN01375,2023,Vay tiêu dùng tín chấp,40,Kỹ sư,37700000.0,Không,9,0.315,,1,0,0,Có,168390000.0,1945000000.0,Có,0
LSCN01376,2021,Vay mua nhà,32,Bác sĩ,24000000.0,Có,13,0.243,0.63,1,0,0,Có,16990000.0,0.0,Có,0
LSCN01377,2024,Vay tiêu dùng tín chấp,29,Công chức,11200000.0,Có,28,0.355,,1,0,0,Có,28970000.0,2102000000.0,Có,0
LSCN01378,2022,Vay mua nhà,41,Kinh doanh tự do,30100000.0,Không,10,0.481,0.596,1,1,8,Có,6840000.0,285000000.0,Có,0
LSCN01379,2025,Vay mua ô tô,32,Kinh doanh tự do,25500000.0,Không,19,0.405,0.609,1,0,0,Không,5260000.0,0.0,Có,0
LSCN01380,2024,Vay tiêu dùng tín chấp,32,Kế toán,16100000.0,Có,26,0.326,,1,0,0,Có,20750000.0,976000000.0,Có,0
LSCN01381,2022,Vay tiêu dùng tín chấp,44,Nội trợ,5200000.0,Không,10,0.354,,1,0,0,Không,5470000.0,34000000.0,Có,0
LSCN01382,2021,Vay mua nhà,43,Nhân viên văn phòng,23200000.0,Không,55,0.413,0.57,1,0,0,Có,4790000.0,0.0,Có,0
LSCN01383,2021,Vay mua nhà,31,Công chức,18000000.0,Có,18,0.653,0.787,1,0,0,Không,6180000.0,753000000.0,Có,0
LSCN01384,2025,Vay tiêu dùng tín chấp,21,Công chức,7200000.0,Không,3,0.354,,1,1,3,Có,1880000.0,351000000.0,Có,0
LSCN01385,2021,Vay tiêu dùng tín chấp,46,Nhân viên văn phòng,26400000.0,Có,28,0.622,,2,0,79,Có,4580000.0,110000000.0,Có,0
LSCN01386,2021,Vay mua ô tô,21,Kinh doanh tự do,18000000.0,Không,2,0.279,0.532,1,0,0,Có,9360000.0,0.0,Có,0
LSCN01387,2024,Vay mua ô tô,39,Công nhân,4000000.0,Không,29,0.221,0.529,1,0,0,Có,2420000.0,33000000.0,Có,0
LSCN01388,2022,Vay mua nhà,33,Kế toán,6300000.0,Có,11,0.317,0.588,1,1,3,Có,59630000.0,0.0,Có,0
LSCN01389,2025,Vay tiêu dùng tín chấp,31,Bác sĩ,33100000.0,Có,20,0.326,,1,1,2,Có,20520000.0,1424000000.0,Có,0
LSCN01390,2023,Vay mua nhà,42,Nội trợ,4600000.0,Không,3,0.401,0.705,1,0,0,Không,2460000.0,47000000.0,Có,0
LSCN01391,2024,Vay mua nhà,32,Giáo viên,26400000.0,Có,47,0.165,0.63,1,0,0,Có,19500000.0,0.0,Có,0
LSCN01392,2023,Vay tiêu dùng tín chấp,31,Lái xe,9100000.0,Có,10,0.165,,2,0,20,Có,3540000.0,0.0,Có,0
LSCN01393,2021,Vay sản xuất kinh doanh,40,Công nhân,7100000.0,Có,3,0.396,0.653,1,0,0,Có,5010000.0,62000000.0,Có,0
LSCN01394,2023,Vay sản xuất kinh doanh,55,Giáo viên,11900000.0,Có,9,0.397,0.653,1,0,0,Có,15160000.0,283000000.0,Có,0
LSCN01395,2023,Vay tiêu dùng tín chấp,37,Hưu trí,10800000.0,Có,5,0.335,,1,0,0,Có,3230000.0,80000000.0,Có,0
LSCN01396,2022,Vay sản xuất kinh doanh,30,Hưu trí,4400000.0,Không,53,0.293,0.653,1,0,0,Có,1330000.0,325000000.0,Có,0
LSCN01397,2025,Vay mua nhà,31,Kỹ sư,34900000.0,Không,23,0.389,0.694,1,0,0,Có,15940000.0,788000000.0,Có,0
LSCN01398,2023,Vay tiêu dùng tín chấp,48,Bán hàng,11700000.0,Không,28,0.532,,1,0,0,Có,1650000.0,0.0,Có,0
LSCN01399,2022,Vay sản xuất kinh doanh,41,Công nhân,10700000.0,Có,10,0.34,0.653,1,1,4,Có,3480000.0,232000000.0,Có,0
LSCN01400,2023,Vay tiêu dùng tín chấp,21,Kế toán,13200000.0,Không,66,0.487,,1,0,0,Không,6650000.0,0.0,Có,0
LSCN01401,2024,Vay tiêu dùng tín chấp,46,Kế toán,17700000.0,Không,24,0.207,,1,0,0,Có,18870000.0,0.0,Có,0
LSCN01402,2024,Vay sản xuất kinh doanh,36,Kỹ sư,22100000.0,Không,43,0.486,0.653,2,1,63,Có,3070000.0,0.0,Có,1
LSCN01403,2024,Vay mua ô tô,47,Lái xe,5400000.0,Có,76,0.397,0.617,1,0,0,Có,6190000.0,0.0,Có,0
LSCN01404,2025,Vay tiêu dùng tín chấp,38,Nhân viên văn phòng,14200000.0,Không,16,0.435,,1,0,0,Có,14930000.0,0.0,Có,0
LSCN01405,2024,Vay tiêu dùng tín chấp,26,Công nhân,3000000.0,Không,21,0.582,,1,0,0,Có,670000.0,0.0,Có,0
LSCN01406,2024,Vay mua ô tô,36,Bác sĩ,17800000.0,Có,8,0.348,0.666,1,0,0,Có,8220000.0,233000000.0,Có,0
LSCN01407,2023,Vay mua nhà,45,Nhân viên văn phòng,8800000.0,Không,3,0.6,0.652,1,0,0,Không,6640000.0,0.0,Có,0
LSCN01408,2024,Vay tiêu dùng tín chấp,39,Bác sĩ,29500000.0,Có,10,0.293,,2,0,16,Có,14530000.0,0.0,Có,0
LSCN01409,2023,Vay tiêu dùng tín chấp,46,Hưu trí,6100000.0,Có,18,0.05,,1,1,5,Có,1210000.0,0.0,Có,0
LSCN01410,2023,Vay mua nhà,52,Công nhân,9500000.0,Không,13,0.193,0.796,2,0,25,Có,3150000.0,93000000.0,Có,0
LSCN01411,2025,Vay mua nhà,26,Giáo viên,7400000.0,Không,5,0.441,0.612,1,1,9,Có,28980000.0,57000000.0,Có,0
LSCN01412,2025,Vay mua ô tô,24,Bác sĩ,21600000.0,Có,11,0.142,0.77,2,0,37,Có,6090000.0,0.0,Có,0
LSCN01413,2021,Vay tiêu dùng tín chấp,40,Kỹ sư,27400000.0,Có,11,0.297,,1,0,0,Có,39990000.0,0.0,Có,0
LSCN01414,2023,Vay mua nhà,45,Bán hàng,6200000.0,Không,19,0.401,0.672,1,0,0,Có,1460000.0,92000000.0,Có,0
LSCN01415,2025,Vay mua nhà,44,Nội trợ,3400000.0,Không,36,0.232,0.562,1,0,0,Không,2530000.0,0.0,Có,0
LSCN01416,2025,Vay mua nhà,52,Kinh doanh tự do,29400000.0,Không,45,0.537,0.646,1,0,0,Có,11360000.0,553000000.0,Có,0
LSCN01417,2021,Vay tiêu dùng tín chấp,41,Bán hàng,18900000.0,Không,180,0.309,,1,0,0,Có,45560000.0,0.0,Có,0
LSCN01418,2025,Vay sản xuất kinh doanh,39,Công chức,5900000.0,Không,43,0.627,0.653,1,0,0,Không,22260000.0,0.0,Có,0
LSCN01419,2021,Vay mua ô tô,34,Kinh doanh tự do,19700000.0,Không,11,0.54,0.747,1,0,0,Có,17990000.0,1338000000.0,Có,0
LSCN01420,2023,Vay sản xuất kinh doanh,51,Nhân viên văn phòng,7500000.0,Có,7,0.496,0.653,1,0,0,Không,3240000.0,127000000.0,Có,0
LSCN01421,2023,Vay mua nhà,38,Kỹ sư,11500000.0,Không,47,0.37,0.568,1,0,0,Không,19190000.0,0.0,Có,0
LSCN01422,2022,Vay tiêu dùng tín chấp,23,Hưu trí,15200000.0,Không,42,0.244,,1,0,0,Không,1250000.0,0.0,Có,0
LSCN01423,2024,Vay sản xuất kinh doanh,41,Giáo viên,11200000.0,Có,2,0.243,0.653,1,0,0,Không,5550000.0,0.0,Có,0
LSCN01424,2021,Vay tiêu dùng tín chấp,41,Kỹ sư,21600000.0,Không,4,0.065,,1,0,0,Có,24480000.0,1503000000.0,Có,0
LSCN01425,2023,Vay sản xuất kinh doanh,44,Bác sĩ,36600000.0,Không,7,0.423,0.653,1,1,7,Có,20500000.0,164000000.0,Có,0
LSCN01426,2023,Vay mua ô tô,36,Nội trợ,4400000.0,Không,56,0.624,0.72,2,1,40,Có,1230000.0,0.0,Có,1
LSCN01427,2023,Vay tiêu dùng tín chấp,29,Bác sĩ,105400000.0,Có,69,0.456,,1,0,0,Có,34890000.0,0.0,Có,0
LSCN01428,2021,Vay sản xuất kinh doanh,39,Kinh doanh tự do,28600000.0,Không,20,0.529,0.653,1,0,0,Không,29100000.0,0.0,Có,0
LSCN01429,2021,Vay tiêu dùng tín chấp,33,Công nhân,16600000.0,Có,40,0.361,,1,0,0,Có,9080000.0,301000000.0,Có,0
LSCN01430,2024,Vay tiêu dùng tín chấp,27,Nhân viên văn phòng,16300000.0,Không,42,0.547,,1,0,0,Có,6370000.0,0.0,Có,0
LSCN01431,2024,Vay mua nhà,60,Công chức,15300000.0,Không,0,0.271,0.614,2,0,45,Có,13350000.0,0.0,Có,0
LSCN01432,2025,Vay mua ô tô,30,Giáo viên,9400000.0,Không,60,0.619,0.572,1,0,0,Không,10010000.0,168000000.0,Có,0
LSCN01433,2024,Vay tiêu dùng tín chấp,58,Hưu trí,14300000.0,Có,16,0.465,,1,0,0,Có,17630000.0,261000000.0,Có,0
LSCN01434,2022,Vay tiêu dùng tín chấp,60,Nội trợ,3800000.0,Không,47,0.438,,1,0,0,Không,850000.0,0.0,Có,0
LSCN01435,2022,Vay tiêu dùng tín chấp,39,Bác sĩ,83000000.0,Có,71,0.546,,2,2,34,Có,34360000.0,0.0,Có,1
LSCN01436,2023,Vay mua nhà,30,Giáo viên,11400000.0,Có,180,0.218,0.572,1,0,0,Không,6490000.0,0.0,Có,0
LSCN01437,2021,Vay mua nhà,32,Kế toán,16700000.0,Có,35,0.437,0.764,1,1,6,Có,14100000.0,0.0,Có,0
LSCN01438,2024,Vay tiêu dùng tín chấp,38,Bán hàng,19100000.0,Không,48,0.585,,2,1,76,Có,7480000.0,0.0,Có,0
LSCN01439,2022,Vay sản xuất kinh doanh,25,Công chức,32900000.0,Không,4,0.235,0.653,1,0,0,Không,14160000.0,0.0,Có,0
LSCN01440,2021,Vay tiêu dùng tín chấp,35,Bán hàng,26000000.0,Có,40,0.286,,1,0,0,Không,27040000.0,326000000.0,Có,1
LSCN01441,2024,Vay tiêu dùng tín chấp,21,Bán hàng,15700000.0,Không,42,0.477,,1,0,0,Có,3520000.0,991000000.0,Có,0
LSCN01442,2021,Vay sản xuất kinh doanh,50,Bác sĩ,84800000.0,Có,18,0.218,0.653,1,0,0,Có,1201120000.0,1985000000.0,Có,0
LSCN01443,2023,Vay sản xuất kinh doanh,25,Lái xe,12100000.0,Có,4,0.43,0.653,2,0,82,Có,18420000.0,0.0,Có,0
LSCN01444,2023,Vay mua nhà,25,Hưu trí,11500000.0,Không,7,0.394,0.628,1,0,0,Không,25770000.0,684000000.0,Có,0
LSCN01445,2025,Vay mua ô tô,28,Công nhân,12600000.0,Không,9,0.431,0.512,1,0,0,Có,33850000.0,0.0,Có,1
LSCN01446,2024,Vay tiêu dùng tín chấp,32,Kinh doanh tự do,25900000.0,Không,61,0.387,,2,0,56,Có,18400000.0,0.0,Có,0
LSCN01447,2023,Vay mua ô tô,25,Giáo viên,16800000.0,Có,31,0.459,0.647,1,0,0,Có,24120000.0,0.0,Có,0
LSCN01448,2023,Vay tiêu dùng tín chấp,35,Công nhân,4400000.0,Không,3,0.246,,1,0,0,Không,2350000.0,90000000.0,Có,0
LSCN01449,2021,Vay mua nhà,32,Kinh doanh tự do,26000000.0,Không,77,0.588,0.528,1,0,0,Không,12700000.0,0.0,Không,0
LSCN01450,2021,Vay sản xuất kinh doanh,25,Công nhân,8000000.0,Không,21,0.405,0.653,1,0,0,Không,9810000.0,0.0,Có,0
LSCN01451,2021,Vay tiêu dùng tín chấp,47,Giáo viên,12100000.0,Không,2,0.393,,1,0,0,Có,7990000.0,534000000.0,Có,0
LSCN01452,2025,Vay mua ô tô,47,Bác sĩ,18800000.0,Có,107,0.407,0.564,1,0,0,Không,4420000.0,0.0,Có,0
LSCN01453,2023,Vay mua nhà,30,Kinh doanh tự do,22900000.0,Không,15,0.51,0.695,1,0,0,Không,7290000.0,0.0,Có,0
LSCN01454,2024,Vay sản xuất kinh doanh,39,Nội trợ,3000000.0,Không,3,0.51,0.653,1,0,0,Có,1690000.0,0.0,Có,0
LSCN01455,2022,Vay tiêu dùng tín chấp,40,Nội trợ,2700000.0,Không,65,0.53,,1,2,7,Có,850000.0,0.0,Có,0
LSCN01456,2025,Vay sản xuất kinh doanh,27,Kinh doanh tự do,14100000.0,Không,42,0.398,0.653,1,0,0,Không,30280000.0,0.0,Có,0
LSCN01457,2024,Vay tiêu dùng tín chấp,34,Hưu trí,17700000.0,Có,19,0.221,,1,0,0,Có,26370000.0,169000000.0,Có,0
LSCN01458,2025,Vay tiêu dùng tín chấp,50,Bác sĩ,10300000.0,Không,6,0.297,,1,1,2,Có,1510000.0,0.0,Có,1
LSCN01459,2023,Vay tiêu dùng tín chấp,30,Giáo viên,16200000.0,Có,22,0.375,,1,0,0,Có,2810000.0,749000000.0,Có,0
LSCN01460,2021,Vay mua ô tô,38,Kế toán,18900000.0,Có,0,0.332,0.554,1,0,0,Có,24440000.0,0.0,Có,0
LSCN01461,2022,Vay tiêu dùng tín chấp,45,Kinh doanh tự do,36500000.0,Không,5,0.431,,1,1,4,Có,35870000.0,0.0,Không,0
LSCN01462,2022,Vay tiêu dùng tín chấp,27,Lái xe,8300000.0,Có,45,0.527,,2,1,27,Có,1060000.0,0.0,Có,0
LSCN01463,2021,Vay tiêu dùng tín chấp,41,Công nhân,5400000.0,Không,22,0.211,,2,0,58,Có,2390000.0,0.0,Có,0
LSCN01464,2023,Vay mua nhà,28,Giáo viên,12700000.0,Không,4,0.429,0.745,1,0,0,Có,5990000.0,234000000.0,Có,0
LSCN01465,2022,Vay tiêu dùng tín chấp,51,Công chức,15800000.0,Không,3,0.403,,1,0,0,Không,5590000.0,529000000.0,Có,0
LSCN01466,2023,Vay mua ô tô,34,Bác sĩ,16400000.0,Không,16,0.309,0.599,1,0,0,Có,5410000.0,37000000.0,Có,0
LSCN01467,2022,Vay tiêu dùng tín chấp,26,Công nhân,9700000.0,Có,33,0.14,,1,0,0,Không,4110000.0,0.0,Có,0
LSCN01468,2021,Vay sản xuất kinh doanh,35,Kỹ sư,30500000.0,Có,111,0.475,0.653,1,0,0,Có,99540000.0,0.0,Có,0
LSCN01469,2021,Vay mua ô tô,48,Công nhân,13900000.0,Không,14,0.481,0.666,1,0,0,Không,10020000.0,0.0,Có,0
LSCN01470,2024,Vay tiêu dùng tín chấp,33,Nội trợ,3600000.0,Không,106,0.214,,1,0,0,Có,2060000.0,0.0,Có,0
LSCN01471,2025,Vay mua ô tô,37,Bán hàng,12400000.0,Có,12,0.082,0.549,1,0,0,Có,13450000.0,578000000.0,Có,0
LSCN01472,2021,Vay tiêu dùng tín chấp,38,Kế toán,13600000.0,Không,6,0.237,,1,1,3,Có,14540000.0,159000000.0,Có,0
LSCN01473,2021,Vay mua nhà,43,Giáo viên,8400000.0,Không,180,0.359,0.759,1,0,0,Có,2560000.0,0.0,Có,0
LSCN01474,2023,Vay mua ô tô,40,Kỹ sư,38700000.0,Có,1,0.103,0.484,1,0,0,Có,21710000.0,2503000000.0,Có,0
LSCN01475,2024,Vay mua ô tô,60,Hưu trí,11000000.0,Có,45,0.308,0.674,1,0,0,Không,5310000.0,0.0,Có,0
LSCN01476,2021,Vay mua nhà,21,Công chức,10900000.0,Có,55,0.05,0.678,1,0,0,Có,23250000.0,0.0,Có,0
LSCN01477,2023,Vay mua nhà,43,Lái xe,26500000.0,Có,38,0.511,0.622,1,0,0,Có,5530000.0,869000000.0,Có,0
LSCN01478,2024,Vay sản xuất kinh doanh,21,Công nhân,8300000.0,Không,86,0.417,0.653,1,1,8,Có,7790000.0,116000000.0,Có,0
LSCN01479,2024,Vay tiêu dùng tín chấp,31,Bác sĩ,26800000.0,Không,176,0.384,,2,0,47,Có,43690000.0,0.0,Có,0
LSCN01480,2023,Vay tiêu dùng tín chấp,55,Kỹ sư,27700000.0,Có,79,0.404,,1,1,6,Có,13820000.0,0.0,Có,0
LSCN01481,2022,Vay tiêu dùng tín chấp,33,Bác sĩ,39200000.0,Có,10,0.48,,1,0,0,Có,62960000.0,0.0,Có,0
LSCN01482,2025,Vay tiêu dùng tín chấp,31,Nhân viên văn phòng,20200000.0,Có,131,0.226,,1,0,0,Không,45420000.0,966000000.0,Có,0
LSCN01483,2023,Vay sản xuất kinh doanh,31,Lái xe,10300000.0,Có,15,0.307,0.653,1,0,0,Không,35670000.0,0.0,Có,0
LSCN01484,2021,Vay mua nhà,36,Kỹ sư,48000000.0,Có,19,0.388,0.572,1,0,0,Có,19530000.0,1968000000.0,Có,0
LSCN01485,2025,Vay tiêu dùng tín chấp,41,Bác sĩ,48200000.0,Không,66,0.478,,1,1,8,Có,46690000.0,0.0,Có,0
LSCN01486,2024,Vay tiêu dùng tín chấp,21,Kế toán,6800000.0,Có,17,0.063,,1,0,0,Có,5210000.0,0.0,Có,0
LSCN01487,2021,Vay mua ô tô,21,Lái xe,5300000.0,Không,58,0.569,0.95,2,0,45,Có,4030000.0,0.0,Có,1
LSCN01488,2025,Vay mua ô tô,49,Công nhân,4800000.0,Có,53,0.498,0.728,1,0,0,Có,1180000.0,406000000.0,Có,0
LSCN01489,2023,Vay tiêu dùng tín chấp,37,Nội trợ,5700000.0,Không,30,0.475,,2,0,68,Có,7310000.0,0.0,Có,0
LSCN01490,2023,Vay mua ô tô,35,Nhân viên văn phòng,14700000.0,Có,50,0.512,0.882,1,0,0,Không,21930000.0,0.0,Có,0
LSCN01491,2021,Vay sản xuất kinh doanh,40,Giáo viên,11300000.0,Có,11,0.488,0.653,1,0,0,Không,8510000.0,155000000.0,Có,0
LSCN01492,2025,Vay mua nhà,51,Nội trợ,7300000.0,Không,101,0.256,0.866,1,0,0,Không,11720000.0,0.0,Có,0
LSCN01493,2025,Vay tiêu dùng tín chấp,41,Kinh doanh tự do,23200000.0,Không,24,0.434,,1,0,0,Có,3070000.0,647000000.0,Có,1
LSCN01494,2023,Vay mua ô tô,37,Nhân viên văn phòng,15100000.0,Có,38,0.313,0.679,1,0,0,Không,15500000.0,0.0,Có,0
LSCN01495,2021,Vay tiêu dùng tín chấp,56,Giáo viên,17100000.0,Có,48,0.191,,1,0,0,Có,10100000.0,103000000.0,Có,0
LSCN01496,2025,Vay sản xuất kinh doanh,33,Kế toán,22000000.0,Có,31,0.491,0.653,1,1,1,Có,20060000.0,512000000.0,Có,0
LSCN01497,2023,Vay sản xuất kinh doanh,32,Công chức,26800000.0,Có,115,0.487,0.653,1,0,0,Có,9320000.0,0.0,Có,0
LSCN01498,2021,Vay sản xuất kinh doanh,55,Hưu trí,7100000.0,Không,38,0.385,0.653,1,0,0,Không,2440000.0,39000000.0,Có,0
LSCN01499,2025,Vay tiêu dùng tín chấp,26,Công chức,18700000.0,Có,75,0.42,,1,0,0,Có,10100000.0,0.0,Có,0
LSCN01500,2023,Vay mua ô tô,42,Lái xe,7100000.0,Có,13,0.359,0.715,1,0,0,Có,3180000.0,0.0,Có,0
LSCN01501,2025,Vay tiêu dùng tín chấp,33,Hưu trí,7300000.0,Không,41,0.29,,1,1,8,Có,10870000.0,0.0,Có,0
LSCN01502,2022,Vay tiêu dùng tín chấp,42,Giáo viên,9000000.0,Không,67,0.503,,1,2,5,Có,6950000.0,0.0,Có,0
LSCN01503,2024,Vay mua ô tô,35,Hưu trí,7600000.0,Không,78,0.176,0.413,1,0,0,Không,12900000.0,0.0,Có,0
LSCN01504,2025,Vay mua nhà,54,Lái xe,9600000.0,Không,67,0.269,0.871,1,0,0,Có,13830000.0,582000000.0,Có,0
LSCN01505,2023,Vay sản xuất kinh doanh,32,Lái xe,18800000.0,Có,26,0.277,0.653,1,0,0,Có,13030000.0,0.0,Có,0
LSCN01506,2024,Vay tiêu dùng tín chấp,27,Bán hàng,9600000.0,Không,79,0.521,,1,1,2,Có,5150000.0,188000000.0,Có,0
LSCN01507,2022,Vay sản xuất kinh doanh,31,Nhân viên văn phòng,19300000.0,Có,29,0.137,0.653,1,0,0,Có,24450000.0,1545000000.0,Có,0
LSCN01508,2024,Vay tiêu dùng tín chấp,42,Nhân viên văn phòng,19800000.0,Có,70,0.45,,1,0,0,Không,12120000.0,467000000.0,Có,0
LSCN01509,2025,Vay mua ô tô,34,Kinh doanh tự do,47900000.0,Không,29,0.478,0.554,1,0,0,Không,7870000.0,0.0,Có,0
LSCN01510,2025,Vay tiêu dùng tín chấp,42,Hưu trí,5300000.0,Có,2,0.143,,1,0,0,Không,5550000.0,77000000.0,Có,0
LSCN01511,2024,Vay mua nhà,37,Công nhân,8500000.0,Không,5,0.42,0.711,1,0,0,Không,10570000.0,0.0,Có,0
LSCN01512,2023,Vay tiêu dùng tín chấp,47,Công nhân,9500000.0,Không,19,0.475,,1,0,0,Không,36310000.0,0.0,Có,0
LSCN01513,2022,Vay sản xuất kinh doanh,59,Lái xe,13800000.0,Có,10,0.369,0.653,1,0,0,Không,28960000.0,0.0,Có,0
LSCN01514,2024,Vay tiêu dùng tín chấp,43,Giáo viên,8000000.0,Có,5,0.452,,1,0,0,Không,12040000.0,346000000.0,Có,0
LSCN01515,2023,Vay mua nhà,51,Bán hàng,24000000.0,Không,18,0.539,0.852,1,0,0,Không,6550000.0,0.0,Có,0
LSCN01516,2025,Vay mua nhà,43,Công nhân,16300000.0,Không,22,0.558,0.834,1,1,5,Có,24810000.0,0.0,Có,0
LSCN01517,2024,Vay tiêu dùng tín chấp,21,Công chức,13200000.0,Có,70,0.312,,1,0,0,Có,2330000.0,0.0,Có,0
LSCN01518,2024,Vay mua ô tô,26,Bác sĩ,27600000.0,Không,75,0.471,0.568,1,0,0,Không,43760000.0,0.0,Có,0
LSCN01519,2022,Vay tiêu dùng tín chấp,24,Nhân viên văn phòng,18100000.0,Không,65,0.399,,1,0,0,Có,2430000.0,0.0,Có,0
LSCN01520,2023,Vay mua ô tô,41,Lái xe,13100000.0,Không,11,0.388,0.758,1,0,0,Có,4380000.0,411000000.0,Có,0
LSCN01521,2022,Vay sản xuất kinh doanh,29,Công chức,7000000.0,Có,53,0.49,0.653,1,0,0,Có,760000.0,505000000.0,Có,1
LSCN01522,2025,Vay tiêu dùng tín chấp,45,Bác sĩ,17600000.0,Không,85,0.333,,1,0,0,Có,17080000.0,697000000.0,Có,0
LSCN01523,2024,Vay mua ô tô,44,Kỹ sư,38900000.0,Có,22,0.239,0.467,1,0,0,Có,44870000.0,0.0,Có,0
LSCN01524,2024,Vay mua nhà,40,Nhân viên văn phòng,12200000.0,Không,23,0.518,0.691,1,0,0,Có,6500000.0,0.0,Có,0
LSCN01525,2022,Vay sản xuất kinh doanh,46,Công nhân,21400000.0,Có,40,0.336,0.653,1,1,9,Có,39550000.0,1972000000.0,Có,0
LSCN01526,2022,Vay mua nhà,48,Kế toán,12000000.0,Có,23,0.472,0.773,1,0,0,Có,22720000.0,95000000.0,Có,0
LSCN01527,2024,Vay tiêu dùng tín chấp,57,Bác sĩ,50800000.0,Có,36,0.341,,2,0,41,Có,14480000.0,439000000.0,Có,0
LSCN01528,2021,Vay tiêu dùng tín chấp,32,Nội trợ,6400000.0,Không,56,0.198,,1,0,0,Có,1490000.0,0.0,Có,0
LSCN01529,2022,Vay mua nhà,36,Giáo viên,28000000.0,Có,14,0.281,0.584,1,0,0,Không,14810000.0,814000000.0,Có,0
LSCN01530,2023,Vay sản xuất kinh doanh,47,Lái xe,9400000.0,Không,22,0.373,0.653,1,0,0,Có,4250000.0,2074000000.0,Có,0
LSCN01531,2025,Vay sản xuất kinh doanh,30,Công chức,15600000.0,Không,1,0.387,0.653,1,1,2,Có,9990000.0,0.0,Có,0
LSCN01532,2023,Vay mua ô tô,47,Bán hàng,26900000.0,Không,7,0.241,0.729,1,0,0,Không,18880000.0,0.0,Không,0
LSCN01533,2024,Vay tiêu dùng tín chấp,40,Hưu trí,6800000.0,Có,19,0.767,,2,1,48,Có,1770000.0,0.0,Có,0
LSCN01534,2025,Vay tiêu dùng tín chấp,43,Giáo viên,4700000.0,Không,30,0.573,,1,0,0,Không,1220000.0,30000000.0,Có,0
LSCN01535,2021,Vay tiêu dùng tín chấp,31,Lái xe,11300000.0,Có,33,0.502,,1,0,0,Có,11840000.0,0.0,Có,0
LSCN01536,2022,Vay mua nhà,34,Kinh doanh tự do,29700000.0,Không,96,0.379,0.541,1,0,0,Có,26640000.0,1150000000.0,Có,0
LSCN01537,2022,Vay mua nhà,42,Hưu trí,5500000.0,Có,4,0.502,0.587,1,1,2,Có,1980000.0,174000000.0,Có,0
LSCN01538,2021,Vay mua ô tô,42,Kế toán,20700000.0,Không,8,0.089,0.521,2,1,38,Có,6550000.0,99000000.0,Có,0
LSCN01539,2024,Vay mua nhà,45,Bán hàng,15700000.0,Có,30,0.488,0.555,1,0,0,Có,2770000.0,0.0,Có,0
LSCN01540,2024,Vay mua ô tô,38,Kế toán,32800000.0,Có,51,0.349,0.731,1,0,0,Có,21130000.0,564000000.0,Có,0
LSCN01541,2025,Vay mua ô tô,29,Bác sĩ,37900000.0,Có,47,0.203,0.565,1,0,0,Có,44630000.0,0.0,Có,0
LSCN01542,2024,Vay mua nhà,35,Bác sĩ,18400000.0,Không,117,0.593,0.783,1,2,9,Có,11070000.0,370000000.0,Có,0
LSCN01543,2025,Vay mua nhà,21,Hưu trí,11900000.0,Không,5,0.365,0.734,2,1,36,Có,2340000.0,0.0,Có,0
LSCN01544,2021,Vay sản xuất kinh doanh,33,Công chức,16900000.0,Không,67,0.169,0.653,1,0,0,Không,5750000.0,747000000.0,Có,0
LSCN01545,2021,Vay tiêu dùng tín chấp,53,Bác sĩ,40600000.0,Có,4,0.281,,1,0,0,Có,22810000.0,3764000000.0,Có,0
LSCN01546,2024,Vay mua nhà,27,Công chức,5600000.0,Không,28,0.288,0.52,1,0,0,Có,3720000.0,0.0,Có,0
LSCN01547,2025,Vay tiêu dùng tín chấp,26,Bác sĩ,92400000.0,Có,4,0.265,,1,0,0,Có,102090000.0,9306000000.0,Có,0
LSCN01548,2024,Vay sản xuất kinh doanh,21,Nhân viên văn phòng,17100000.0,Có,37,0.337,0.653,1,0,0,Không,61310000.0,0.0,Có,0
LSCN01549,2023,Vay mua nhà,30,Nhân viên văn phòng,17500000.0,Không,51,0.431,0.588,2,0,68,Có,1130000.0,0.0,Có,0
LSCN01550,2023,Vay tiêu dùng tín chấp,27,Nội trợ,3200000.0,Không,39,0.218,,1,0,0,Không,830000.0,83000000.0,Có,0
LSCN01551,2022,Vay mua nhà,36,Kỹ sư,14700000.0,Không,78,0.414,0.733,2,0,68,Có,10670000.0,0.0,Có,0
LSCN01552,2022,Vay tiêu dùng tín chấp,26,Lái xe,10300000.0,Không,20,0.549,,1,1,8,Có,4050000.0,0.0,Có,0
LSCN01553,2021,Vay tiêu dùng tín chấp,58,Kế toán,6700000.0,Không,5,0.352,,1,0,0,Có,6020000.0,76000000.0,Có,0
LSCN01554,2022,Vay mua ô tô,30,Kế toán,15700000.0,Có,56,0.394,0.735,1,0,0,Không,16180000.0,465000000.0,Có,0
LSCN01555,2024,Vay tiêu dùng tín chấp,34,Hưu trí,4000000.0,Có,21,0.535,,2,0,45,Có,2150000.0,79000000.0,Có,0
LSCN01556,2024,Vay tiêu dùng tín chấp,29,Bán hàng,28100000.0,Có,27,0.465,,2,0,14,Có,14870000.0,1040000000.0,Có,0
LSCN01557,2024,Vay mua nhà,31,Kinh doanh tự do,17500000.0,Không,35,0.348,0.698,1,0,0,Không,11980000.0,0.0,Có,0
LSCN01558,2024,Vay tiêu dùng tín chấp,21,Giáo viên,5900000.0,Không,21,0.563,,1,0,0,Có,14170000.0,264000000.0,Có,0
LSCN01559,2023,Vay tiêu dùng tín chấp,34,Kinh doanh tự do,18300000.0,Không,67,0.214,,1,0,0,Không,133130000.0,1009000000.0,Có,0
LSCN01560,2021,Vay mua nhà,44,Nhân viên văn phòng,12500000.0,Không,46,0.275,0.598,1,0,0,Không,3730000.0,673000000.0,Có,0
LSCN01561,2022,Vay sản xuất kinh doanh,32,Kế toán,38600000.0,Không,42,0.128,0.653,1,0,0,Có,114130000.0,0.0,Có,0
LSCN01562,2021,Vay tiêu dùng tín chấp,21,Kế toán,7600000.0,Không,105,0.374,,1,0,0,Có,2090000.0,132000000.0,Có,0
LSCN01563,2024,Vay sản xuất kinh doanh,39,Kinh doanh tự do,15800000.0,Không,44,0.05,0.653,1,0,0,Có,12970000.0,0.0,Có,0
LSCN01564,2022,Vay tiêu dùng tín chấp,47,Kinh doanh tự do,29600000.0,Không,2,0.335,,1,0,0,Có,40480000.0,0.0,Có,0
LSCN01565,2024,Vay mua ô tô,44,Bán hàng,5600000.0,Có,21,0.242,0.619,1,0,0,Không,2110000.0,0.0,Có,0
LSCN01566,2023,Vay sản xuất kinh doanh,42,Giáo viên,13500000.0,Có,62,0.126,0.653,1,0,0,Có,18060000.0,0.0,Có,0
LSCN01567,2024,Vay mua ô tô,27,Lái xe,8700000.0,Có,50,0.589,0.469,1,0,0,Có,16920000.0,0.0,Có,0
LSCN01568,2023,Vay sản xuất kinh doanh,36,Giáo viên,6400000.0,Có,4,0.202,0.653,1,0,0,Có,9820000.0,0.0,Có,0
LSCN01569,2023,Vay tiêu dùng tín chấp,49,Kinh doanh tự do,17900000.0,Không,37,0.088,,1,0,0,Có,23570000.0,0.0,Có,0
LSCN01570,2021,Vay tiêu dùng tín chấp,24,Kế toán,10400000.0,Không,3,0.345,,1,0,0,Không,2310000.0,0.0,Có,0
LSCN01571,2023,Vay tiêu dùng tín chấp,24,Hưu trí,5300000.0,Có,41,0.129,,1,0,0,Có,2470000.0,0.0,Có,0
LSCN01572,2024,Vay tiêu dùng tín chấp,22,Bác sĩ,20600000.0,Không,15,0.332,,1,0,0,Có,16480000.0,306000000.0,Có,0
LSCN01573,2025,Vay sản xuất kinh doanh,29,Hưu trí,7500000.0,Không,44,0.453,0.653,1,1,5,Có,2250000.0,156000000.0,Có,0
LSCN01574,2025,Vay mua nhà,21,Lái xe,7000000.0,Không,20,0.29,0.625,1,0,0,Có,4580000.0,21000000.0,Có,0
LSCN01575,2023,Vay sản xuất kinh doanh,35,Giáo viên,14800000.0,Không,52,0.331,0.653,1,1,9,Có,3720000.0,958000000.0,Có,0
LSCN01576,2024,Vay sản xuất kinh doanh,40,Kinh doanh tự do,26800000.0,Không,59,0.511,0.653,1,1,9,Có,10820000.0,0.0,Có,1
LSCN01577,2024,Vay mua nhà,22,Bán hàng,9500000.0,Không,55,0.236,0.575,1,0,0,Có,7700000.0,322000000.0,Có,0
LSCN01578,2025,Vay mua ô tô,23,Nội trợ,4900000.0,Không,13,0.488,0.356,1,0,0,Có,5760000.0,0.0,Có,0
LSCN01579,2024,Vay sản xuất kinh doanh,52,Bán hàng,7000000.0,Không,4,0.559,0.653,1,1,5,Có,4890000.0,0.0,Có,1
LSCN01580,2022,Vay tiêu dùng tín chấp,37,Kế toán,15300000.0,Không,180,0.462,,1,0,0,Không,8340000.0,0.0,Có,0
LSCN01581,2021,Vay mua ô tô,34,Kinh doanh tự do,25400000.0,Không,3,0.584,0.694,1,1,8,Có,6190000.0,448000000.0,Có,0
LSCN01582,2024,Vay mua ô tô,40,Giáo viên,9900000.0,Có,63,0.177,0.626,1,0,0,Không,12220000.0,0.0,Có,0
LSCN01583,2021,Vay mua nhà,41,Công nhân,6200000.0,Không,20,0.37,0.636,2,1,44,Có,3480000.0,626000000.0,Có,0
LSCN01584,2021,Vay tiêu dùng tín chấp,37,Kinh doanh tự do,14300000.0,Không,134,0.29,,1,0,0,Có,9620000.0,0.0,Có,0
LSCN01585,2025,Vay tiêu dùng tín chấp,38,Kinh doanh tự do,12900000.0,Không,2,0.573,,2,0,30,Có,6190000.0,0.0,Có,0
LSCN01586,2022,Vay mua ô tô,42,Bán hàng,20200000.0,Có,24,0.213,0.636,2,0,83,Có,9280000.0,0.0,Có,0
LSCN01587,2021,Vay tiêu dùng tín chấp,47,Giáo viên,14700000.0,Có,40,0.293,,1,0,0,Có,3290000.0,0.0,Có,0
LSCN01588,2022,Vay tiêu dùng tín chấp,29,Bác sĩ,25900000.0,Không,33,0.431,,1,0,0,Có,26000000.0,661000000.0,Có,0
LSCN01589,2021,Vay tiêu dùng tín chấp,40,Kỹ sư,23100000.0,Không,73,0.339,,1,0,0,Không,46390000.0,3504000000.0,Có,0
LSCN01590,2022,Vay mua ô tô,33,Lái xe,16000000.0,Không,74,0.466,0.678,1,0,0,Không,40850000.0,0.0,Có,0
LSCN01591,2021,Vay mua nhà,34,Nội trợ,5200000.0,Không,105,0.321,0.607,2,0,52,Có,1250000.0,0.0,Có,0
LSCN01592,2022,Vay mua ô tô,45,Công chức,20700000.0,Có,50,0.646,0.715,1,0,0,Có,48500000.0,434000000.0,Có,0
LSCN01593,2022,Vay tiêu dùng tín chấp,48,Công nhân,13700000.0,Không,15,0.416,,1,0,0,Có,10020000.0,1203000000.0,Có,0
LSCN01594,2023,Vay mua ô tô,40,Hưu trí,11300000.0,Có,5,0.249,0.767,1,0,0,Có,4340000.0,0.0,Có,0
LSCN01595,2021,Vay sản xuất kinh doanh,46,Hưu trí,4400000.0,Có,18,0.573,0.653,1,0,0,Không,8550000.0,32000000.0,Có,0
LSCN01596,2022,Vay mua nhà,43,Nội trợ,3300000.0,Không,90,0.35,0.661,2,0,76,Có,1260000.0,0.0,Có,0
LSCN01597,2025,Vay tiêu dùng tín chấp,42,Lái xe,13800000.0,Không,45,0.451,,1,0,0,Không,27590000.0,0.0,Có,0
LSCN01598,2023,Vay tiêu dùng tín chấp,41,Kinh doanh tự do,10200000.0,Không,18,0.469,,2,0,76,Có,500000.0,0.0,Có,0
LSCN01599,2023,Vay tiêu dùng tín chấp,57,Công chức,6400000.0,Có,60,0.575,,2,2,80,Có,14110000.0,14000000.0,Có,0
LSCN01600,2024,Vay tiêu dùng tín chấp,39,Lái xe,8900000.0,Không,104,0.204,,1,0,0,Có,2620000.0,98000000.0,Có,0
LSCN01601,2022,Vay mua nhà,43,Bán hàng,4900000.0,Có,142,0.56,0.815,1,0,0,Không,3570000.0,38000000.0,Có,0
LSCN01602,2024,Vay mua nhà,47,Bác sĩ,80100000.0,Có,50,0.284,0.506,1,0,0,Có,64730000.0,734000000.0,Có,0
LSCN01603,2022,Vay sản xuất kinh doanh,47,Nội trợ,3200000.0,Không,50,0.336,0.653,1,0,0,Có,7910000.0,0.0,Có,0
LSCN01604,2025,Vay mua ô tô,35,Giáo viên,4200000.0,Không,2,0.436,0.744,2,0,89,Có,1040000.0,0.0,Có,0
LSCN01605,2023,Vay sản xuất kinh doanh,55,Kinh doanh tự do,20200000.0,Không,4,0.41,0.653,1,0,0,Không,2750000.0,0.0,Không,0
LSCN01606,2024,Vay sản xuất kinh doanh,46,Hưu trí,10900000.0,Không,37,0.26,0.653,1,0,0,Có,8030000.0,0.0,Có,0
LSCN01607,2023,Vay tiêu dùng tín chấp,29,Nhân viên văn phòng,16300000.0,Có,11,0.192,,1,0,0,Có,62230000.0,854000000.0,Có,0
LSCN01608,2021,Vay mua nhà,34,Giáo viên,17300000.0,Có,53,0.468,0.664,1,0,0,Không,13080000.0,241000000.0,Có,0
LSCN01609,2023,Vay sản xuất kinh doanh,47,Kinh doanh tự do,14200000.0,Không,28,0.587,0.653,1,0,0,Có,38250000.0,41000000.0,Có,0
LSCN01610,2021,Vay mua ô tô,48,Kỹ sư,42400000.0,Có,1,0.45,0.741,2,0,87,Có,7690000.0,460000000.0,Có,0
LSCN01611,2025,Vay tiêu dùng tín chấp,50,Kế toán,13100000.0,Có,7,0.207,,1,0,0,Có,1910000.0,408000000.0,Có,0
LSCN01612,2021,Vay tiêu dùng tín chấp,27,Kỹ sư,45200000.0,Không,156,0.405,,1,1,8,Có,12510000.0,0.0,Có,0
LSCN01613,2021,Vay tiêu dùng tín chấp,36,Nhân viên văn phòng,29900000.0,Có,3,0.441,,1,0,0,Không,21080000.0,362000000.0,Có,0
LSCN01614,2023,Vay tiêu dùng tín chấp,25,Bác sĩ,37700000.0,Có,87,0.419,,2,1,82,Có,28760000.0,0.0,Có,0
LSCN01615,2024,Vay tiêu dùng tín chấp,46,Nhân viên văn phòng,20600000.0,Có,53,0.355,,1,0,0,Có,22880000.0,2729000000.0,Có,0
LSCN01616,2021,Vay sản xuất kinh doanh,38,Bác sĩ,11800000.0,Có,13,0.419,0.653,1,1,7,Có,1960000.0,0.0,Có,0
LSCN01617,2022,Vay tiêu dùng tín chấp,42,Giáo viên,30200000.0,Có,39,0.324,,1,0,0,Không,15630000.0,2005000000.0,Có,0
LSCN01618,2022,Vay tiêu dùng tín chấp,32,Bác sĩ,17800000.0,Không,72,0.477,,1,0,0,Không,35610000.0,272000000.0,Có,0
LSCN01619,2025,Vay mua nhà,36,Nội trợ,9100000.0,Không,50,0.512,0.623,1,0,0,Có,2780000.0,94000000.0,Có,0
LSCN01620,2023,Vay tiêu dùng tín chấp,46,Giáo viên,32900000.0,Có,2,0.259,,1,0,0,Có,5200000.0,0.0,Có,0
LSCN01621,2024,Vay mua nhà,44,Bác sĩ,31700000.0,Có,15,0.241,0.87,2,0,57,Có,13660000.0,0.0,Có,1
LSCN01622,2023,Vay sản xuất kinh doanh,36,Công nhân,5400000.0,Không,48,0.461,0.653,1,1,1,Có,190000.0,0.0,Không,0
LSCN01623,2024,Vay sản xuất kinh doanh,35,Bán hàng,15600000.0,Có,21,0.436,0.653,1,0,0,Không,80960000.0,0.0,Có,0
LSCN01624,2022,Vay tiêu dùng tín chấp,39,Công nhân,11800000.0,Có,26,0.173,,1,0,0,Có,13110000.0,1002000000.0,Có,0
LSCN01625,2022,Vay sản xuất kinh doanh,36,Lái xe,9300000.0,Không,139,0.389,0.653,1,0,0,Có,11610000.0,0.0,Có,0
LSCN01626,2021,Vay tiêu dùng tín chấp,33,Công nhân,9900000.0,Có,41,0.33,,2,0,48,Có,16500000.0,0.0,Có,0
LSCN01627,2023,Vay mua nhà,35,Kinh doanh tự do,18600000.0,Không,9,0.556,0.95,2,1,52,Có,6050000.0,0.0,Có,0
LSCN01628,2021,Vay tiêu dùng tín chấp,51,Công chức,11300000.0,Không,43,0.099,,1,0,0,Có,7440000.0,0.0,Có,0
LSCN01629,2022,Vay mua ô tô,39,Nội trợ,4400000.0,Không,41,0.327,0.826,1,0,0,Có,5880000.0,0.0,Có,0
LSCN01630,2023,Vay tiêu dùng tín chấp,48,Nội trợ,4200000.0,Không,22,0.333,,2,0,40,Có,2550000.0,37000000.0,Có,0
LSCN01631,2023,Vay mua ô tô,49,Kinh doanh tự do,18800000.0,Không,4,0.338,0.665,1,1,9,Có,7760000.0,290000000.0,Có,0
LSCN01632,2022,Vay sản xuất kinh doanh,32,Lái xe,13400000.0,Không,11,0.38,0.653,1,0,0,Có,9440000.0,530000000.0,Có,0
LSCN01633,2024,Vay tiêu dùng tín chấp,31,Bán hàng,17600000.0,Có,36,0.132,,1,0,0,Có,30760000.0,328000000.0,Có,0
LSCN01634,2025,Vay tiêu dùng tín chấp,30,Công nhân,20800000.0,Không,109,0.304,,2,0,83,Có,37100000.0,0.0,Có,0
LSCN01635,2025,Vay tiêu dùng tín chấp,38,Công chức,9800000.0,Không,13,0.343,,1,0,0,Không,2900000.0,0.0,Có,0
LSCN01636,2021,Vay mua ô tô,39,Nội trợ,4700000.0,Không,24,0.684,0.455,1,0,0,Không,570000.0,85000000.0,Có,0
LSCN01637,2025,Vay mua ô tô,36,Giáo viên,10700000.0,Có,112,0.429,0.505,1,0,0,Không,3210000.0,213000000.0,Có,0
LSCN01638,2025,Vay mua ô tô,38,Kinh doanh tự do,15500000.0,Không,5,0.504,0.777,1,0,0,Có,17530000.0,1402000000.0,Có,0
LSCN01639,2025,Vay mua nhà,26,Công chức,14700000.0,Không,3,0.502,0.681,1,0,0,Có,27350000.0,2378000000.0,Có,0
LSCN01640,2022,Vay tiêu dùng tín chấp,40,Nội trợ,7500000.0,Không,2,0.514,,1,0,0,Có,2900000.0,0.0,Có,0
LSCN01641,2023,Vay sản xuất kinh doanh,37,Bác sĩ,19400000.0,Không,38,0.331,0.653,1,1,9,Có,35190000.0,880000000.0,Có,0
LSCN01642,2022,Vay mua ô tô,45,Kinh doanh tự do,20300000.0,Không,26,0.31,0.662,1,0,0,Không,6170000.0,0.0,Có,0
LSCN01643,2024,Vay tiêu dùng tín chấp,42,Nội trợ,2600000.0,Không,32,0.349,,1,0,0,Có,1760000.0,0.0,Không,0
LSCN01644,2022,Vay tiêu dùng tín chấp,38,Kế toán,6400000.0,Có,32,0.311,,2,0,29,Có,3440000.0,0.0,Có,0
LSCN01645,2024,Vay mua nhà,35,Nội trợ,2300000.0,Không,10,0.535,0.665,2,0,31,Có,340000.0,0.0,Có,0
LSCN01646,2025,Vay mua ô tô,33,Nội trợ,8100000.0,Không,66,0.285,0.609,1,0,0,Có,6770000.0,0.0,Có,0
LSCN01647,2021,Vay sản xuất kinh doanh,25,Công nhân,5400000.0,Có,3,0.43,0.653,1,0,0,Không,1750000.0,0.0,Có,0
LSCN01648,2024,Vay tiêu dùng tín chấp,33,Kế toán,14400000.0,Không,21,0.231,,1,0,0,Không,1440000.0,0.0,Có,1
LSCN01649,2024,Vay mua nhà,37,Bán hàng,24600000.0,Không,13,0.224,0.598,1,0,0,Có,17820000.0,0.0,Có,0
LSCN01650,2021,Vay sản xuất kinh doanh,41,Bác sĩ,34200000.0,Không,34,0.365,0.653,1,0,0,Có,16730000.0,0.0,Có,0
LSCN01651,2023,Vay tiêu dùng tín chấp,51,Kinh doanh tự do,30900000.0,Không,39,0.368,,1,0,0,Có,58870000.0,1814000000.0,Có,0
LSCN01652,2023,Vay sản xuất kinh doanh,24,Kế toán,11300000.0,Có,37,0.451,0.653,1,0,0,Có,12250000.0,48000000.0,Có,0
LSCN01653,2021,Vay mua nhà,45,Bác sĩ,39900000.0,Không,3,0.474,0.741,1,1,2,Có,9380000.0,0.0,Có,0
LSCN01654,2023,Vay mua nhà,56,Lái xe,7500000.0,Có,23,0.423,0.606,1,0,0,Không,1320000.0,0.0,Có,0
LSCN01655,2021,Vay sản xuất kinh doanh,43,Nội trợ,6400000.0,Không,56,0.517,0.653,1,0,0,Không,1670000.0,0.0,Có,0
LSCN01656,2023,Vay mua ô tô,44,Lái xe,6500000.0,Có,71,0.525,0.66,1,0,0,Không,11450000.0,15000000.0,Có,0
LSCN01657,2023,Vay mua ô tô,38,Công nhân,6900000.0,Không,34,0.547,0.692,2,1,33,Có,2720000.0,0.0,Không,0
LSCN01658,2022,Vay tiêu dùng tín chấp,26,Hưu trí,6400000.0,Không,167,0.552,,1,1,5,Có,6400000.0,0.0,Có,0
LSCN01659,2021,Vay tiêu dùng tín chấp,21,Công nhân,12500000.0,Không,7,0.139,,1,0,0,Không,7890000.0,503000000.0,Có,0
LSCN01660,2022,Vay mua nhà,27,Kinh doanh tự do,16300000.0,Không,7,0.153,0.659,1,0,0,Có,9780000.0,0.0,Có,0
LSCN01661,2023,Vay tiêu dùng tín chấp,45,Bác sĩ,37100000.0,Không,63,0.494,,1,0,0,Có,12340000.0,0.0,Có,0
LSCN01662,2025,Vay tiêu dùng tín chấp,21,Kế toán,12800000.0,Có,43,0.4,,2,1,32,Có,23280000.0,0.0,Có,0
LSCN01663,2021,Vay sản xuất kinh doanh,30,Kế toán,25500000.0,Có,6,0.24,0.653,1,1,3,Có,159460000.0,768000000.0,Có,0
LSCN01664,2021,Vay sản xuất kinh doanh,44,Kỹ sư,27500000.0,Có,43,0.397,0.653,1,0,0,Có,7820000.0,391000000.0,Có,0
LSCN01665,2022,Vay tiêu dùng tín chấp,30,Lái xe,5600000.0,Có,34,0.5,,2,0,86,Có,2290000.0,0.0,Có,0
LSCN01666,2021,Vay tiêu dùng tín chấp,28,Công chức,11300000.0,Không,11,0.537,,1,1,8,Có,9630000.0,248000000.0,Có,1
LSCN01667,2024,Vay sản xuất kinh doanh,37,Nhân viên văn phòng,8900000.0,Không,40,0.363,0.653,2,1,17,Có,520000.0,0.0,Có,0
LSCN01668,2021,Vay sản xuất kinh doanh,29,Bán hàng,10700000.0,Có,13,0.238,0.653,1,0,0,Có,4260000.0,0.0,Có,0
LSCN01669,2025,Vay mua ô tô,31,Công nhân,4400000.0,Không,21,0.409,0.811,1,0,0,Có,690000.0,0.0,Có,1
LSCN01670,2023,Vay tiêu dùng tín chấp,41,Kỹ sư,24100000.0,Có,33,0.215,,1,0,0,Có,13440000.0,0.0,Có,0
LSCN01671,2024,Vay tiêu dùng tín chấp,32,Kinh doanh tự do,35800000.0,Không,2,0.54,,1,0,0,Không,48190000.0,0.0,Không,0
LSCN01672,2024,Vay tiêu dùng tín chấp,37,Kinh doanh tự do,19000000.0,Không,146,0.188,,1,0,0,Không,8200000.0,122000000.0,Có,0
LSCN01673,2022,Vay sản xuất kinh doanh,38,Lái xe,12100000.0,Không,23,0.428,0.653,2,0,86,Có,9400000.0,241000000.0,Có,0
LSCN01674,2021,Vay tiêu dùng tín chấp,49,Lái xe,17300000.0,Có,37,0.449,,1,2,1,Có,7850000.0,416000000.0,Có,0
LSCN01675,2021,Vay mua ô tô,51,Nội trợ,6300000.0,Không,10,0.444,0.635,1,0,0,Có,570000.0,51000000.0,Có,0
LSCN01676,2021,Vay tiêu dùng tín chấp,32,Lái xe,6100000.0,Có,39,0.436,,2,1,48,Có,990000.0,394000000.0,Có,0
LSCN01677,2024,Vay tiêu dùng tín chấp,37,Kỹ sư,21300000.0,Có,131,0.336,,1,0,0,Có,54370000.0,219000000.0,Có,0
LSCN01678,2022,Vay mua nhà,38,Nhân viên văn phòng,27000000.0,Có,24,0.313,0.582,1,0,0,Có,33010000.0,972000000.0,Có,0
LSCN01679,2023,Vay mua ô tô,47,Kỹ sư,15800000.0,Không,26,0.307,0.68,1,1,3,Có,4910000.0,46000000.0,Có,0
LSCN01680,2024,Vay sản xuất kinh doanh,25,Giáo viên,5000000.0,Có,2,0.315,0.653,2,3,76,Có,1830000.0,103000000.0,Có,0
LSCN01681,2024,Vay sản xuất kinh doanh,47,Hưu trí,14000000.0,Không,24,0.323,0.653,1,0,0,Có,7410000.0,0.0,Có,0
LSCN01682,2023,Vay tiêu dùng tín chấp,44,Nội trợ,5100000.0,Không,13,0.677,,1,2,7,Có,1850000.0,48000000.0,Có,1
LSCN01683,2021,Vay mua nhà,38,Kỹ sư,22600000.0,Có,0,0.386,0.749,1,0,0,Có,5720000.0,2228000000.0,Có,0
LSCN01684,2021,Vay tiêu dùng tín chấp,37,Bác sĩ,43700000.0,Có,0,0.27,,1,0,0,Không,7370000.0,0.0,Có,0
LSCN01685,2025,Vay sản xuất kinh doanh,42,Lái xe,16700000.0,Có,6,0.375,0.653,2,0,84,Có,29000000.0,2923000000.0,Có,0
LSCN01686,2022,Vay tiêu dùng tín chấp,48,Kinh doanh tự do,37100000.0,Không,26,0.373,,1,0,0,Có,4440000.0,0.0,Có,1
LSCN01687,2021,Vay tiêu dùng tín chấp,44,Bán hàng,13700000.0,Có,19,0.388,,2,2,49,Có,2180000.0,0.0,Có,1
LSCN01688,2024,Vay tiêu dùng tín chấp,45,Bác sĩ,28600000.0,Không,67,0.501,,1,1,4,Có,2920000.0,1614000000.0,Có,0
LSCN01689,2024,Vay tiêu dùng tín chấp,27,Kế toán,11300000.0,Có,67,0.484,,1,1,3,Có,5870000.0,127000000.0,Có,0
LSCN01690,2022,Vay mua nhà,27,Nhân viên văn phòng,17700000.0,Có,122,0.444,0.915,1,0,0,Có,7710000.0,349000000.0,Có,0
LSCN01691,2024,Vay tiêu dùng tín chấp,30,Công nhân,14000000.0,Có,7,0.15,,1,0,0,Không,9480000.0,271000000.0,Có,0
LSCN01692,2024,Vay tiêu dùng tín chấp,31,Bác sĩ,46300000.0,Không,3,0.575,,1,0,0,Có,64940000.0,0.0,Có,0
LSCN01693,2021,Vay tiêu dùng tín chấp,32,Kinh doanh tự do,32900000.0,Không,69,0.231,,1,1,7,Có,24060000.0,0.0,Có,0
LSCN01694,2021,Vay mua ô tô,22,Kế toán,18100000.0,Không,8,0.308,0.456,1,0,0,Có,9940000.0,0.0,Có,0
LSCN01695,2024,Vay tiêu dùng tín chấp,60,Công nhân,3800000.0,Có,39,0.299,,1,0,0,Có,2280000.0,208000000.0,Có,0
LSCN01696,2024,Vay mua ô tô,21,Giáo viên,21100000.0,Có,2,0.422,0.5,1,0,0,Không,15370000.0,1629000000.0,Có,0
LSCN01697,2025,Vay mua nhà,21,Bác sĩ,28900000.0,Có,8,0.385,0.633,2,2,88,Có,15540000.0,0.0,Có,0
LSCN01698,2023,Vay sản xuất kinh doanh,44,Hưu trí,19000000.0,Có,13,0.25,0.653,1,0,0,Không,17910000.0,0.0,Có,0
LSCN01699,2024,Vay mua ô tô,47,Bác sĩ,20000000.0,Có,2,0.576,0.709,1,0,0,Có,30710000.0,0.0,Có,0
LSCN01700,2021,Vay tiêu dùng tín chấp,46,Kế toán,17700000.0,Không,52,0.32,,1,0,0,Không,36760000.0,80000000.0,Có,0
LSCN01701,2021,Vay mua ô tô,23,Nhân viên văn phòng,11100000.0,Có,47,0.368,0.771,1,1,1,Có,2220000.0,0.0,Có,0
LSCN01702,2023,Vay tiêu dùng tín chấp,36,Bán hàng,8800000.0,Không,22,0.301,,1,0,0,Không,5580000.0,127000000.0,Có,0
LSCN01703,2022,Vay mua nhà,46,Kỹ sư,14800000.0,Có,3,0.241,0.655,1,0,0,Có,6470000.0,361000000.0,Có,0
LSCN01704,2021,Vay mua nhà,32,Công chức,14000000.0,Có,13,0.371,0.571,1,0,0,Có,26630000.0,556000000.0,Có,0
LSCN01705,2022,Vay mua ô tô,38,Nhân viên văn phòng,15700000.0,Có,122,0.156,0.625,1,0,0,Có,5250000.0,0.0,Có,0
LSCN01706,2021,Vay tiêu dùng tín chấp,35,Bác sĩ,31400000.0,Có,12,0.185,,1,0,0,Có,2640000.0,1267000000.0,Có,0
LSCN01707,2021,Vay tiêu dùng tín chấp,57,Hưu trí,5100000.0,Không,7,0.461,,2,0,34,Có,9300000.0,329000000.0,Có,0
LSCN01708,2025,Vay tiêu dùng tín chấp,43,Nhân viên văn phòng,19600000.0,Có,1,0.37,,1,0,0,Có,37810000.0,172000000.0,Có,0
LSCN01709,2021,Vay tiêu dùng tín chấp,32,Nội trợ,3900000.0,Không,32,0.116,,1,1,9,Có,6390000.0,302000000.0,Có,0
LSCN01710,2021,Vay sản xuất kinh doanh,29,Bác sĩ,20000000.0,Có,13,0.493,0.653,1,4,4,Có,1940000.0,137000000.0,Có,1
LSCN01711,2023,Vay sản xuất kinh doanh,37,Kinh doanh tự do,67300000.0,Không,56,0.514,0.653,1,0,0,Có,227750000.0,0.0,Có,0
LSCN01712,2023,Vay mua ô tô,48,Công nhân,11800000.0,Không,5,0.705,0.59,1,1,7,Có,4060000.0,0.0,Có,0
LSCN01713,2021,Vay mua nhà,46,Bán hàng,12300000.0,Không,25,0.406,0.808,1,0,0,Không,5710000.0,1808000000.0,Có,0
LSCN01714,2025,Vay mua nhà,33,Kế toán,15100000.0,Không,19,0.05,0.622,1,0,0,Có,14090000.0,748000000.0,Có,0
LSCN01715,2024,Vay mua nhà,30,Kế toán,14700000.0,Có,64,0.342,0.529,1,0,0,Không,20170000.0,0.0,Có,0
LSCN01716,2021,Vay tiêu dùng tín chấp,24,Nhân viên văn phòng,8600000.0,Có,38,0.237,,1,0,0,Có,2870000.0,302000000.0,Có,0
LSCN01717,2024,Vay sản xuất kinh doanh,34,Công nhân,9900000.0,Không,7,0.699,0.653,2,0,32,Có,2450000.0,0.0,Có,0
LSCN01718,2022,Vay tiêu dùng tín chấp,35,Nội trợ,4300000.0,Không,45,0.44,,1,0,0,Không,3570000.0,59000000.0,Có,0
LSCN01719,2021,Vay mua nhà,53,Bán hàng,16700000.0,Có,14,0.576,0.699,1,0,0,Không,6550000.0,0.0,Có,0
LSCN01720,2024,Vay tiêu dùng tín chấp,22,Công nhân,9900000.0,Có,57,0.318,,2,0,44,Có,6970000.0,115000000.0,Có,0
LSCN01721,2022,Vay tiêu dùng tín chấp,21,Nội trợ,2700000.0,Không,12,0.161,,1,1,8,Có,1230000.0,0.0,Có,0
LSCN01722,2021,Vay mua nhà,37,Bán hàng,22600000.0,Không,22,0.339,0.758,1,1,3,Có,7950000.0,1266000000.0,Có,0
LSCN01723,2022,Vay tiêu dùng tín chấp,26,Kỹ sư,33600000.0,Có,25,0.654,,1,0,0,Không,17580000.0,6300000000.0,Có,1
LSCN01724,2024,Vay mua ô tô,58,Công chức,23600000.0,Không,0,0.38,0.642,1,0,0,Có,23470000.0,524000000.0,Có,0
LSCN01725,2023,Vay tiêu dùng tín chấp,40,Nội trợ,4900000.0,Không,72,0.362,,1,0,0,Không,5470000.0,0.0,Có,1
LSCN01726,2023,Vay tiêu dùng tín chấp,28,Công chức,8900000.0,Có,51,0.209,,1,0,0,Có,4280000.0,177000000.0,Có,0
LSCN01727,2022,Vay tiêu dùng tín chấp,37,Công chức,11000000.0,Có,109,0.237,,1,0,0,Không,21970000.0,0.0,Có,0
LSCN01728,2024,Vay sản xuất kinh doanh,30,Kỹ sư,34200000.0,Có,31,0.132,0.653,1,0,0,Không,21500000.0,668000000.0,Có,0
LSCN01729,2023,Vay mua nhà,45,Kinh doanh tự do,26900000.0,Không,21,0.59,0.611,1,0,0,Có,58270000.0,2823000000.0,Có,0
LSCN01730,2021,Vay mua ô tô,34,Kế toán,9900000.0,Có,63,0.44,0.656,1,0,0,Không,52320000.0,0.0,Có,0
LSCN01731,2024,Vay tiêu dùng tín chấp,31,Bán hàng,10000000.0,Có,3,0.413,,2,0,37,Có,2440000.0,0.0,Có,0
LSCN01732,2024,Vay mua nhà,33,Giáo viên,23200000.0,Có,63,0.595,0.709,1,0,0,Có,4700000.0,0.0,Có,0
LSCN01733,2022,Vay mua nhà,36,Bán hàng,8200000.0,Có,22,0.319,0.756,1,0,0,Có,5410000.0,84000000.0,Có,0
LSCN01734,2022,Vay tiêu dùng tín chấp,29,Nhân viên văn phòng,15000000.0,Không,27,0.227,,1,1,9,Có,18760000.0,0.0,Có,0
LSCN01735,2024,Vay tiêu dùng tín chấp,32,Nhân viên văn phòng,6600000.0,Không,8,0.135,,1,1,8,Có,6560000.0,22000000.0,Có,0
LSCN01736,2024,Vay tiêu dùng tín chấp,31,Bác sĩ,43400000.0,Có,23,0.268,,1,0,0,Không,34750000.0,3654000000.0,Có,0
LSCN01737,2025,Vay mua ô tô,21,Bán hàng,20500000.0,Không,4,0.179,0.591,1,0,0,Có,7090000.0,212000000.0,Có,0
LSCN01738,2021,Vay tiêu dùng tín chấp,37,Kinh doanh tự do,25300000.0,Không,10,0.36,,1,0,0,Có,5840000.0,1353000000.0,Có,0
LSCN01739,2021,Vay tiêu dùng tín chấp,31,Nội trợ,4300000.0,Không,3,0.365,,1,0,0,Có,1720000.0,0.0,Không,0
LSCN01740,2022,Vay tiêu dùng tín chấp,44,Công nhân,10600000.0,Có,24,0.223,,1,0,0,Có,10350000.0,201000000.0,Có,0
LSCN01741,2024,Vay tiêu dùng tín chấp,33,Kế toán,11000000.0,Có,4,0.529,,1,0,0,Có,1510000.0,0.0,Có,0
LSCN01742,2021,Vay tiêu dùng tín chấp,52,Kỹ sư,27500000.0,Không,9,0.178,,1,0,0,Có,18480000.0,235000000.0,Có,0
LSCN01743,2022,Vay mua ô tô,49,Bán hàng,12000000.0,Có,10,0.486,0.813,1,1,9,Có,2500000.0,294000000.0,Có,0
LSCN01744,2025,Vay mua ô tô,40,Kinh doanh tự do,12800000.0,Không,1,0.119,0.745,1,0,0,Không,10440000.0,3453000000.0,Có,0
LSCN01745,2023,Vay mua nhà,56,Công nhân,8500000.0,Có,15,0.516,0.446,1,1,5,Có,2800000.0,39000000.0,Có,0
LSCN01746,2024,Vay sản xuất kinh doanh,23,Kinh doanh tự do,14300000.0,Không,106,0.625,0.653,1,1,4,Có,16870000.0,0.0,Có,0
LSCN01747,2025,Vay mua nhà,40,Bán hàng,24100000.0,Không,3,0.384,0.619,1,0,0,Không,6150000.0,663000000.0,Có,0
LSCN01748,2024,Vay sản xuất kinh doanh,55,Giáo viên,11500000.0,Có,52,0.517,0.653,1,0,0,Không,4250000.0,307000000.0,Có,0
LSCN01749,2023,Vay mua nhà,44,Nhân viên văn phòng,27000000.0,Có,103,0.269,0.69,1,0,0,Không,8460000.0,375000000.0,Có,0
LSCN01750,2025,Vay sản xuất kinh doanh,43,Giáo viên,14200000.0,Có,47,0.427,0.653,1,0,0,Không,55640000.0,328000000.0,Có,0
LSCN01751,2024,Vay tiêu dùng tín chấp,49,Kỹ sư,14800000.0,Không,69,0.448,,1,1,4,Có,11220000.0,0.0,Có,0
LSCN01752,2023,Vay mua nhà,29,Công chức,14900000.0,Không,135,0.394,0.622,1,0,0,Có,20580000.0,261000000.0,Có,0
LSCN01753,2025,Vay sản xuất kinh doanh,50,Hưu trí,7400000.0,Có,38,0.439,0.653,1,0,0,Không,5980000.0,0.0,Có,0
LSCN01754,2021,Vay tiêu dùng tín chấp,26,Nội trợ,8900000.0,Không,31,0.225,,1,0,0,Không,2900000.0,190000000.0,Có,0
LSCN01755,2022,Vay tiêu dùng tín chấp,37,Nội trợ,2800000.0,Không,21,0.213,,1,0,0,Có,3120000.0,0.0,Có,0
LSCN01756,2025,Vay tiêu dùng tín chấp,33,Bác sĩ,35800000.0,Không,41,0.294,,1,0,0,Có,12210000.0,939000000.0,Có,0
LSCN01757,2022,Vay tiêu dùng tín chấp,47,Giáo viên,13200000.0,Không,34,0.307,,1,0,0,Có,12770000.0,155000000.0,Có,0
LSCN01758,2022,Vay mua nhà,45,Lái xe,8100000.0,Không,13,0.334,0.717,1,0,0,Có,6950000.0,0.0,Có,0
LSCN01759,2025,Vay tiêu dùng tín chấp,22,Lái xe,9500000.0,Có,12,0.54,,1,0,0,Có,2160000.0,79000000.0,Có,0
LSCN01760,2021,Vay mua nhà,34,Nội trợ,2200000.0,Không,14,0.563,0.751,1,0,0,Không,360000.0,0.0,Có,0
LSCN01761,2025,Vay sản xuất kinh doanh,25,Bác sĩ,61500000.0,Không,0,0.117,0.653,1,0,0,Có,39730000.0,0.0,Không,0
LSCN01762,2024,Vay sản xuất kinh doanh,43,Công chức,6600000.0,Không,45,0.295,0.653,2,1,30,Có,1370000.0,0.0,Có,0
LSCN01763,2022,Vay mua nhà,49,Kỹ sư,25700000.0,Có,25,0.485,0.6,1,0,0,Có,16120000.0,1134000000.0,Có,0
LSCN01764,2023,Vay sản xuất kinh doanh,46,Nội trợ,4300000.0,Không,79,0.336,0.653,1,0,0,Không,1110000.0,0.0,Có,0
LSCN01765,2022,Vay mua nhà,41,Nhân viên văn phòng,15000000.0,Có,0,0.407,0.51,1,0,0,Không,11790000.0,0.0,Có,0
LSCN01766,2022,Vay tiêu dùng tín chấp,40,Lái xe,9600000.0,Có,26,0.131,,1,0,0,Không,2680000.0,616000000.0,Có,0
LSCN01767,2023,Vay sản xuất kinh doanh,51,Kế toán,11600000.0,Không,34,0.431,0.653,2,0,44,Có,930000.0,116000000.0,Có,0
LSCN01768,2025,Vay tiêu dùng tín chấp,41,Lái xe,10900000.0,Có,25,0.371,,1,0,0,Có,1920000.0,0.0,Có,0
LSCN01769,2022,Vay mua nhà,38,Bác sĩ,36400000.0,Có,27,0.397,0.645,2,0,40,Có,62070000.0,3971000000.0,Có,0
LSCN01770,2025,Vay tiêu dùng tín chấp,21,Công nhân,8200000.0,Có,6,0.505,,1,0,0,Có,2480000.0,421000000.0,Có,0
LSCN01771,2023,Vay mua nhà,44,Nội trợ,3000000.0,Không,49,0.645,0.709,1,1,2,Có,720000.0,0.0,Không,0
LSCN01772,2023,Vay mua nhà,33,Lái xe,7400000.0,Không,53,0.479,0.569,2,1,48,Có,1520000.0,0.0,Không,0
LSCN01773,2025,Vay tiêu dùng tín chấp,52,Kế toán,9200000.0,Có,71,0.385,,1,0,0,Không,10140000.0,86000000.0,Có,0
LSCN01774,2023,Vay sản xuất kinh doanh,56,Nội trợ,4200000.0,Không,7,0.337,0.653,2,0,50,Có,1480000.0,0.0,Không,0
LSCN01775,2021,Vay mua nhà,40,Lái xe,10800000.0,Có,104,0.707,0.95,2,2,10,Có,3120000.0,0.0,Có,1
LSCN01776,2021,Vay tiêu dùng tín chấp,35,Giáo viên,33000000.0,Có,17,0.092,,1,0,0,Có,82510000.0,0.0,Có,0
LSCN01777,2022,Vay tiêu dùng tín chấp,41,Công nhân,8300000.0,Có,9,0.427,,2,1,45,Có,2710000.0,278000000.0,Có,0
LSCN01778,2024,Vay mua nhà,48,Kinh doanh tự do,14000000.0,Không,2,0.457,0.708,1,1,2,Có,1430000.0,0.0,Có,0
LSCN01779,2021,Vay mua nhà,21,Công chức,8000000.0,Có,7,0.479,0.641,1,0,0,Không,14790000.0,0.0,Có,0
LSCN01780,2022,Vay tiêu dùng tín chấp,47,Công chức,9400000.0,Có,80,0.268,,1,0,0,Có,24770000.0,92000000.0,Có,0
LSCN01781,2024,Vay tiêu dùng tín chấp,43,Bác sĩ,50200000.0,Không,32,0.05,,1,0,0,Có,72510000.0,3592000000.0,Có,0
LSCN01782,2022,Vay tiêu dùng tín chấp,21,Công nhân,8200000.0,Có,51,0.436,,1,0,0,Có,6730000.0,263000000.0,Có,0
LSCN01783,2022,Vay mua ô tô,32,Bán hàng,16800000.0,Có,39,0.402,0.738,2,0,85,Có,13970000.0,0.0,Có,0
LSCN01784,2025,Vay mua ô tô,41,Kỹ sư,33500000.0,Có,10,0.226,0.552,1,0,0,Có,20350000.0,2424000000.0,Có,0
LSCN01785,2021,Vay tiêu dùng tín chấp,42,Công nhân,5700000.0,Có,10,0.324,,2,0,15,Có,540000.0,182000000.0,Có,0
LSCN01786,2024,Vay tiêu dùng tín chấp,46,Giáo viên,10200000.0,Không,21,0.241,,1,0,0,Có,6900000.0,179000000.0,Có,0
LSCN01787,2021,Vay tiêu dùng tín chấp,36,Kỹ sư,31500000.0,Không,22,0.372,,1,0,0,Không,43990000.0,0.0,Có,0
LSCN01788,2022,Vay mua nhà,24,Kế toán,20700000.0,Không,16,0.341,0.587,1,0,0,Có,28850000.0,0.0,Có,0
LSCN01789,2025,Vay mua nhà,32,Bán hàng,21300000.0,Không,23,0.392,0.579,1,0,0,Có,23300000.0,0.0,Có,0
LSCN01790,2025,Vay tiêu dùng tín chấp,21,Hưu trí,10100000.0,Có,44,0.275,,1,0,0,Có,10640000.0,190000000.0,Có,0
LSCN01791,2021,Vay sản xuất kinh doanh,48,Lái xe,13500000.0,Không,0,0.364,0.653,1,0,0,Có,6040000.0,544000000.0,Có,0
LSCN01792,2025,Vay mua nhà,38,Kỹ sư,17300000.0,Không,36,0.566,0.609,1,1,7,Có,4950000.0,0.0,Có,1
LSCN01793,2024,Vay sản xuất kinh doanh,44,Bác sĩ,30600000.0,Có,13,0.357,0.653,1,2,1,Có,7450000.0,0.0,Có,0
LSCN01794,2023,Vay mua ô tô,35,Giáo viên,21900000.0,Có,23,0.402,0.558,1,1,7,Có,23820000.0,0.0,Có,0
LSCN01795,2023,Vay mua ô tô,21,Hưu trí,8300000.0,Có,137,0.076,0.572,1,0,0,Có,11110000.0,0.0,Có,0
LSCN01796,2021,Vay mua ô tô,49,Kỹ sư,21800000.0,Không,55,0.378,0.567,1,0,0,Có,12850000.0,0.0,Có,0
LSCN01797,2022,Vay tiêu dùng tín chấp,33,Giáo viên,10500000.0,Có,18,0.186,,1,0,0,Không,5020000.0,171000000.0,Có,0
LSCN01798,2023,Vay mua ô tô,28,Hưu trí,11600000.0,Không,64,0.396,0.534,1,0,0,Không,2760000.0,0.0,Có,0
LSCN01799,2021,Vay mua ô tô,29,Công chức,19100000.0,Có,41,0.414,0.559,1,0,0,Có,9330000.0,345000000.0,Có,0
LSCN01800,2024,Vay sản xuất kinh doanh,43,Lái xe,17000000.0,Có,1,0.05,0.653,1,0,0,Có,34730000.0,0.0,Có,0
LSCN01801,2025,Vay sản xuất kinh doanh,50,Kinh doanh tự do,15800000.0,Không,20,0.233,0.653,1,0,0,Không,23710000.0,0.0,Có,0
LSCN01802,2022,Vay sản xuất kinh doanh,32,Kinh doanh tự do,42500000.0,Không,3,0.346,0.653,1,0,0,Có,23700000.0,0.0,Có,0
LSCN01803,2023,Vay tiêu dùng tín chấp,48,Lái xe,5900000.0,Có,11,0.499,,1,0,0,Có,11010000.0,248000000.0,Có,0
LSCN01804,2025,Vay sản xuất kinh doanh,53,Lái xe,9100000.0,Có,35,0.605,0.653,1,0,0,Không,1680000.0,0.0,Có,0
LSCN01805,2022,Vay tiêu dùng tín chấp,31,Công nhân,4700000.0,Không,10,0.423,,2,0,86,Có,890000.0,0.0,Có,0
LSCN01806,2023,Vay tiêu dùng tín chấp,47,Giáo viên,9000000.0,Có,118,0.198,,1,0,0,Không,3830000.0,0.0,Có,0
LSCN01807,2025,Vay tiêu dùng tín chấp,56,Kinh doanh tự do,29600000.0,Không,180,0.234,,1,0,0,Có,19320000.0,2650000000.0,Có,0
LSCN01808,2021,Vay mua nhà,36,Kinh doanh tự do,21900000.0,Không,21,0.395,0.624,1,0,0,Có,17920000.0,76000000.0,Có,0
LSCN01809,2023,Vay tiêu dùng tín chấp,45,Kinh doanh tự do,24300000.0,Không,0,0.386,,1,2,5,Có,2250000.0,249000000.0,Có,0
LSCN01810,2022,Vay mua nhà,38,Kỹ sư,14900000.0,Có,40,0.279,0.533,1,0,0,Có,23900000.0,87000000.0,Có,0
LSCN01811,2021,Vay tiêu dùng tín chấp,50,Lái xe,14400000.0,Không,6,0.485,,1,0,0,Có,9530000.0,263000000.0,Có,0
LSCN01812,2022,Vay tiêu dùng tín chấp,39,Kế toán,14800000.0,Có,127,0.578,,1,1,4,Có,3780000.0,0.0,Có,0
LSCN01813,2022,Vay mua nhà,51,Nhân viên văn phòng,6900000.0,Không,19,0.32,0.759,2,2,16,Có,3850000.0,64000000.0,Có,0
LSCN01814,2024,Vay mua ô tô,41,Hưu trí,14500000.0,Không,56,0.63,0.74,2,0,34,Có,3470000.0,265000000.0,Có,0
LSCN01815,2023,Vay tiêu dùng tín chấp,35,Nội trợ,6700000.0,Không,84,0.264,,1,0,0,Có,1910000.0,103000000.0,Có,0
LSCN01816,2025,Vay tiêu dùng tín chấp,28,Công nhân,7400000.0,Không,2,0.485,,1,1,4,Có,1140000.0,230000000.0,Có,0
LSCN01817,2022,Vay sản xuất kinh doanh,30,Nhân viên văn phòng,17900000.0,Có,11,0.307,0.653,1,0,0,Không,3190000.0,0.0,Có,0
LSCN01818,2024,Vay mua nhà,42,Công chức,12700000.0,Có,8,0.432,0.737,1,1,9,Có,8420000.0,0.0,Có,0
LSCN01819,2025,Vay tiêu dùng tín chấp,32,Lái xe,6800000.0,Không,43,0.632,,2,4,47,Có,550000.0,0.0,Có,1
LSCN01820,2021,Vay sản xuất kinh doanh,42,Nội trợ,3200000.0,Không,30,0.586,0.653,1,0,0,Có,1060000.0,23000000.0,Có,0
LSCN01821,2022,Vay tiêu dùng tín chấp,47,Công nhân,10000000.0,Không,1,0.541,,1,3,4,Có,3270000.0,0.0,Có,0
LSCN01822,2023,Vay tiêu dùng tín chấp,37,Nội trợ,4500000.0,Không,21,0.423,,1,1,3,Có,1520000.0,0.0,Có,0
LSCN01823,2022,Vay sản xuất kinh doanh,38,Kỹ sư,53400000.0,Có,30,0.353,0.653,1,0,0,Có,9400000.0,0.0,Có,0
LSCN01824,2024,Vay sản xuất kinh doanh,45,Kỹ sư,29300000.0,Có,37,0.485,0.653,1,0,0,Có,34740000.0,0.0,Có,0
LSCN01825,2024,Vay mua nhà,45,Công nhân,5600000.0,Không,4,0.445,0.675,1,0,0,Có,1240000.0,486000000.0,Có,0
LSCN01826,2021,Vay tiêu dùng tín chấp,34,Giáo viên,13800000.0,Không,47,0.409,,1,0,0,Có,3580000.0,0.0,Có,0
LSCN01827,2023,Vay mua ô tô,36,Bác sĩ,29700000.0,Có,17,0.314,0.646,2,0,41,Có,20430000.0,670000000.0,Có,0
LSCN01828,2021,Vay tiêu dùng tín chấp,31,Kế toán,7600000.0,Không,5,0.227,,1,0,0,Có,2650000.0,0.0,Có,0
LSCN01829,2021,Vay tiêu dùng tín chấp,40,Bán hàng,19300000.0,Không,24,0.49,,1,0,0,Không,4730000.0,210000000.0,Có,0
LSCN01830,2024,Vay tiêu dùng tín chấp,28,Hưu trí,10400000.0,Không,12,0.263,,1,0,0,Không,3130000.0,496000000.0,Có,0
LSCN01831,2021,Vay tiêu dùng tín chấp,26,Kỹ sư,22300000.0,Có,15,0.419,,1,0,0,Không,23960000.0,0.0,Có,0
LSCN01832,2024,Vay sản xuất kinh doanh,33,Hưu trí,4300000.0,Không,14,0.239,0.653,1,0,0,Không,2710000.0,0.0,Không,0
LSCN01833,2023,Vay sản xuất kinh doanh,32,Lái xe,10400000.0,Không,34,0.396,0.653,1,0,0,Có,5670000.0,0.0,Có,0
LSCN01834,2021,Vay mua ô tô,30,Bác sĩ,36700000.0,Có,15,0.524,0.685,2,0,53,Có,19540000.0,0.0,Có,0
LSCN01835,2025,Vay mua nhà,34,Kế toán,10800000.0,Có,16,0.295,0.65,1,0,0,Có,19810000.0,42000000.0,Có,0
LSCN01836,2022,Vay sản xuất kinh doanh,57,Kỹ sư,29200000.0,Có,0,0.221,0.653,1,2,3,Có,6770000.0,0.0,Có,0
LSCN01837,2023,Vay tiêu dùng tín chấp,38,Bán hàng,14000000.0,Không,98,0.05,,1,0,0,Có,5380000.0,0.0,Không,0
LSCN01838,2021,Vay sản xuất kinh doanh,68,Nội trợ,2600000.0,Không,2,0.4,0.653,1,0,0,Có,1130000.0,91000000.0,Có,0
LSCN01839,2021,Vay tiêu dùng tín chấp,37,Bác sĩ,45000000.0,Có,7,0.372,,1,0,0,Có,58610000.0,0.0,Có,0
LSCN01840,2022,Vay tiêu dùng tín chấp,25,Bán hàng,12000000.0,Không,69,0.576,,1,0,0,Không,1480000.0,0.0,Có,1
LSCN01841,2024,Vay tiêu dùng tín chấp,32,Nội trợ,2300000.0,Không,7,0.707,,2,6,17,Có,370000.0,0.0,Có,1
LSCN01842,2021,Vay tiêu dùng tín chấp,42,Nội trợ,3400000.0,Không,6,0.408,,1,0,0,Có,2270000.0,0.0,Có,0
LSCN01843,2025,Vay tiêu dùng tín chấp,36,Hưu trí,11200000.0,Có,32,0.412,,1,0,0,Có,9610000.0,0.0,Có,0
LSCN01844,2021,Vay mua ô tô,24,Hưu trí,6200000.0,Không,92,0.398,0.824,1,0,0,Không,3940000.0,44000000.0,Có,0
LSCN01845,2023,Vay tiêu dùng tín chấp,33,Nội trợ,2200000.0,Không,47,0.322,,1,0,0,Không,4240000.0,0.0,Có,0
LSCN01846,2024,Vay tiêu dùng tín chấp,39,Nhân viên văn phòng,22800000.0,Có,4,0.515,,1,1,7,Có,32320000.0,0.0,Có,0
LSCN01847,2022,Vay tiêu dùng tín chấp,46,Kinh doanh tự do,27000000.0,Không,16,0.531,,1,0,0,Có,14250000.0,0.0,Có,0
LSCN01848,2021,Vay tiêu dùng tín chấp,42,Công nhân,9400000.0,Có,9,0.424,,2,2,68,Có,5470000.0,0.0,Có,0
LSCN01849,2022,Vay tiêu dùng tín chấp,33,Bác sĩ,43800000.0,Có,65,0.398,,1,0,0,Có,54660000.0,0.0,Có,0
LSCN01850,2022,Vay tiêu dùng tín chấp,25,Lái xe,11100000.0,Có,13,0.381,,2,0,75,Có,6800000.0,45000000.0,Có,0
LSCN01851,2025,Vay sản xuất kinh doanh,21,Kinh doanh tự do,48900000.0,Không,17,0.366,0.653,1,0,0,Có,171470000.0,0.0,Có,0
LSCN01852,2023,Vay tiêu dùng tín chấp,45,Nhân viên văn phòng,27900000.0,Có,61,0.414,,1,0,0,Có,56930000.0,0.0,Có,0
LSCN01853,2023,Vay tiêu dùng tín chấp,53,Nội trợ,6300000.0,Không,58,0.702,,1,0,0,Có,7800000.0,0.0,Có,0
LSCN01854,2025,Vay mua ô tô,36,Kỹ sư,30600000.0,Không,173,0.591,0.6,2,0,51,Có,7690000.0,0.0,Có,0
LSCN01855,2022,Vay mua nhà,22,Bán hàng,18300000.0,Không,42,0.49,0.788,2,1,71,Có,6470000.0,0.0,Có,0
LSCN01856,2021,Vay tiêu dùng tín chấp,43,Nhân viên văn phòng,13500000.0,Có,14,0.623,,1,0,0,Có,2950000.0,0.0,Có,0
LSCN01857,2025,Vay mua nhà,42,Nhân viên văn phòng,56300000.0,Không,71,0.339,0.415,1,0,0,Có,72760000.0,106000000.0,Có,0
LSCN01858,2025,Vay mua ô tô,35,Kỹ sư,63800000.0,Không,108,0.293,0.682,1,0,0,Không,90490000.0,3183000000.0,Có,0
LSCN01859,2025,Vay tiêu dùng tín chấp,54,Kinh doanh tự do,21600000.0,Không,4,0.473,,1,1,4,Có,10840000.0,850000000.0,Không,0
LSCN01860,2025,Vay tiêu dùng tín chấp,31,Hưu trí,8500000.0,Không,46,0.459,,2,0,66,Có,3010000.0,52000000.0,Có,1
LSCN01861,2023,Vay sản xuất kinh doanh,33,Nội trợ,3400000.0,Không,8,0.627,0.653,1,0,0,Có,4040000.0,171000000.0,Không,0
LSCN01862,2021,Vay tiêu dùng tín chấp,41,Bác sĩ,27100000.0,Có,21,0.323,,1,0,0,Không,9550000.0,760000000.0,Có,0
LSCN01863,2023,Vay tiêu dùng tín chấp,21,Hưu trí,9900000.0,Không,51,0.245,,1,0,0,Có,11290000.0,0.0,Có,0
LSCN01864,2025,Vay mua ô tô,39,Kế toán,24300000.0,Có,79,0.447,0.679,1,0,0,Có,1620000.0,141000000.0,Có,0
LSCN01865,2024,Vay mua nhà,46,Nhân viên văn phòng,8100000.0,Có,5,0.729,0.632,1,0,0,Có,5400000.0,0.0,Có,0
LSCN01866,2025,Vay mua nhà,26,Bán hàng,18800000.0,Có,5,0.248,0.585,1,0,0,Có,25580000.0,0.0,Có,0
LSCN01867,2022,Vay mua nhà,52,Bán hàng,7300000.0,Có,36,0.369,0.862,2,1,39,Có,2030000.0,0.0,Có,0
LSCN01868,2022,Vay tiêu dùng tín chấp,41,Công chức,16400000.0,Có,15,0.233,,1,0,0,Có,11580000.0,0.0,Có,0
LSCN01869,2025,Vay mua nhà,38,Nội trợ,2100000.0,Không,52,0.276,0.743,1,0,0,Không,640000.0,0.0,Có,0
LSCN01870,2022,Vay tiêu dùng tín chấp,21,Hưu trí,9100000.0,Không,0,0.188,,1,0,0,Có,7290000.0,0.0,Có,0
LSCN01871,2025,Vay mua ô tô,32,Hưu trí,7200000.0,Có,5,0.328,0.669,1,1,5,Có,13030000.0,175000000.0,Có,0
LSCN01872,2023,Vay sản xuất kinh doanh,37,Công nhân,10900000.0,Không,12,0.477,0.653,1,0,0,Có,8230000.0,82000000.0,Có,0
LSCN01873,2022,Vay tiêu dùng tín chấp,41,Lái xe,8200000.0,Có,61,0.409,,1,0,0,Không,6650000.0,0.0,Có,0
LSCN01874,2023,Vay mua nhà,55,Kinh doanh tự do,19800000.0,Không,12,0.05,0.48,1,0,0,Không,4240000.0,624000000.0,Có,0
LSCN01875,2025,Vay tiêu dùng tín chấp,39,Nhân viên văn phòng,15400000.0,Có,29,0.491,,1,0,0,Có,8480000.0,0.0,Có,0
LSCN01876,2025,Vay tiêu dùng tín chấp,58,Công chức,8600000.0,Có,3,0.299,,1,0,0,Có,17900000.0,128000000.0,Có,0
LSCN01877,2024,Vay mua ô tô,50,Nội trợ,2500000.0,Không,95,0.66,0.79,2,2,69,Có,720000.0,0.0,Có,0
LSCN01878,2025,Vay tiêu dùng tín chấp,28,Công chức,9100000.0,Có,94,0.258,,1,0,0,Không,5150000.0,0.0,Có,0
LSCN01879,2025,Vay sản xuất kinh doanh,27,Nội trợ,3900000.0,Không,8,0.425,0.653,1,1,6,Có,5490000.0,0.0,Không,0
LSCN01880,2024,Vay tiêu dùng tín chấp,29,Kế toán,12300000.0,Có,151,0.326,,1,0,0,Có,7870000.0,1696000000.0,Có,0
LSCN01881,2022,Vay mua nhà,34,Lái xe,13500000.0,Không,1,0.364,0.545,1,0,0,Có,4650000.0,800000000.0,Có,0
LSCN01882,2023,Vay tiêu dùng tín chấp,49,Giáo viên,12700000.0,Có,97,0.215,,1,0,0,Có,1740000.0,0.0,Có,0
LSCN01883,2025,Vay tiêu dùng tín chấp,34,Bán hàng,21400000.0,Có,3,0.144,,1,0,0,Có,23770000.0,527000000.0,Có,0
LSCN01884,2022,Vay mua ô tô,41,Lái xe,3200000.0,Không,85,0.453,0.602,1,0,0,Có,2280000.0,0.0,Có,0
LSCN01885,2025,Vay tiêu dùng tín chấp,38,Kỹ sư,34000000.0,Không,122,0.45,,1,0,0,Có,50260000.0,831000000.0,Có,0
LSCN01886,2023,Vay sản xuất kinh doanh,26,Nội trợ,4500000.0,Không,40,0.485,0.653,1,0,0,Có,680000.0,0.0,Có,0
LSCN01887,2021,Vay tiêu dùng tín chấp,33,Kỹ sư,20800000.0,Có,40,0.381,,1,2,2,Có,21560000.0,0.0,Có,0
LSCN01888,2025,Vay mua nhà,53,Bán hàng,17300000.0,Có,4,0.512,0.729,1,1,9,Có,7790000.0,0.0,Có,0
LSCN01889,2025,Vay mua nhà,37,Kỹ sư,25100000.0,Không,11,0.621,0.629,2,0,66,Có,11240000.0,0.0,Có,0
LSCN01890,2023,Vay sản xuất kinh doanh,50,Nhân viên văn phòng,19600000.0,Không,9,0.301,0.653,1,0,0,Có,2830000.0,543000000.0,Có,0
LSCN01891,2025,Vay tiêu dùng tín chấp,34,Bán hàng,9800000.0,Không,43,0.251,,1,0,0,Không,3720000.0,0.0,Có,0
LSCN01892,2021,Vay mua nhà,40,Kế toán,16600000.0,Không,4,0.427,0.531,1,0,0,Có,8180000.0,1455000000.0,Có,0
LSCN01893,2021,Vay tiêu dùng tín chấp,21,Công nhân,6900000.0,Có,1,0.168,,1,1,5,Có,1520000.0,142000000.0,Có,0
LSCN01894,2022,Vay mua nhà,43,Nội trợ,4900000.0,Không,5,0.435,0.452,1,0,0,Có,2640000.0,0.0,Có,0
LSCN01895,2022,Vay tiêu dùng tín chấp,50,Nhân viên văn phòng,14100000.0,Không,44,0.376,,1,0,0,Có,14510000.0,0.0,Có,0
LSCN01896,2021,Vay tiêu dùng tín chấp,49,Bán hàng,13100000.0,Có,180,0.484,,1,0,0,Không,5820000.0,0.0,Có,0
LSCN01897,2023,Vay sản xuất kinh doanh,41,Giáo viên,24200000.0,Có,38,0.306,0.653,1,0,0,Có,35880000.0,0.0,Có,0
LSCN01898,2023,Vay tiêu dùng tín chấp,31,Giáo viên,9000000.0,Không,96,0.303,,1,0,0,Có,6910000.0,176000000.0,Có,0
LSCN01899,2023,Vay sản xuất kinh doanh,51,Công chức,14600000.0,Có,0,0.242,0.653,1,0,0,Có,10620000.0,478000000.0,Có,0
LSCN01900,2025,Vay tiêu dùng tín chấp,36,Kế toán,7200000.0,Có,2,0.458,,1,0,0,Không,43370000.0,0.0,Có,1
LSCN01901,2024,Vay mua ô tô,41,Hưu trí,5500000.0,Không,29,0.458,0.767,1,1,3,Có,2300000.0,0.0,Có,0
LSCN01902,2021,Vay tiêu dùng tín chấp,55,Kinh doanh tự do,15800000.0,Không,72,0.354,,1,0,0,Có,15960000.0,0.0,Có,0
LSCN01903,2022,Vay mua nhà,21,Lái xe,9900000.0,Không,0,0.222,0.7,1,0,0,Có,2150000.0,0.0,Có,0
LSCN01904,2024,Vay mua nhà,24,Kế toán,10600000.0,Có,4,0.351,0.946,1,0,0,Có,19170000.0,1079000000.0,Có,0
LSCN01905,2024,Vay mua nhà,27,Nhân viên văn phòng,17100000.0,Không,14,0.375,0.653,1,0,0,Có,14340000.0,0.0,Không,0
LSCN01906,2021,Vay mua nhà,33,Lái xe,8600000.0,Không,151,0.612,0.835,2,2,40,Có,5670000.0,58000000.0,Có,1
LSCN01907,2022,Vay mua ô tô,26,Nội trợ,1700000.0,Không,20,0.499,0.746,2,5,15,Có,500000.0,29000000.0,Có,1
LSCN01908,2025,Vay sản xuất kinh doanh,41,Kỹ sư,22800000.0,Không,134,0.185,0.653,2,0,23,Có,23260000.0,1396000000.0,Có,0
LSCN01909,2022,Vay tiêu dùng tín chấp,46,Nội trợ,11300000.0,Không,22,0.083,,1,0,0,Có,25480000.0,0.0,Có,0
LSCN01910,2025,Vay tiêu dùng tín chấp,35,Công chức,22300000.0,Không,1,0.36,,1,0,0,Có,26200000.0,9812000000.0,Có,0
LSCN01911,2021,Vay mua nhà,47,Hưu trí,13600000.0,Có,66,0.386,0.64,1,0,0,Không,14160000.0,108000000.0,Có,0
LSCN01912,2023,Vay mua ô tô,44,Công chức,11100000.0,Có,28,0.154,0.598,1,0,0,Không,4240000.0,0.0,Có,0
LSCN01913,2023,Vay mua nhà,34,Giáo viên,10100000.0,Có,4,0.468,0.841,1,1,1,Có,11740000.0,0.0,Có,0
LSCN01914,2021,Vay mua nhà,34,Kỹ sư,51100000.0,Không,37,0.365,0.426,1,0,0,Không,28240000.0,0.0,Có,0
LSCN01915,2025,Vay mua ô tô,39,Nội trợ,4900000.0,Không,41,0.05,0.611,1,0,0,Không,5170000.0,63000000.0,Có,0
LSCN01916,2024,Vay mua nhà,21,Kinh doanh tự do,9100000.0,Không,23,0.499,0.793,1,2,7,Có,3870000.0,23000000.0,Có,0
LSCN01917,2021,Vay sản xuất kinh doanh,41,Công chức,10500000.0,Có,0,0.624,0.653,2,0,14,Có,20450000.0,0.0,Có,0
LSCN01918,2024,Vay mua nhà,48,Công nhân,4000000.0,Không,24,0.538,0.812,1,0,0,Có,1280000.0,0.0,Có,0
LSCN01919,2023,Vay sản xuất kinh doanh,33,Kế toán,8800000.0,Không,33,0.693,0.653,1,1,1,Có,4630000.0,0.0,Có,0
LSCN01920,2021,Vay tiêu dùng tín chấp,42,Lái xe,18400000.0,Có,17,0.433,,1,0,0,Không,50190000.0,1164000000.0,Có,0
LSCN01921,2025,Vay tiêu dùng tín chấp,53,Giáo viên,7700000.0,Không,25,0.25,,1,0,0,Có,3230000.0,335000000.0,Có,0
LSCN01922,2023,Vay mua ô tô,25,Giáo viên,8800000.0,Không,23,0.293,0.642,1,0,0,Không,4840000.0,0.0,Có,0
LSCN01923,2025,Vay tiêu dùng tín chấp,29,Kỹ sư,38700000.0,Không,4,0.622,,1,3,3,Có,5180000.0,0.0,Có,0
LSCN01924,2024,Vay mua ô tô,48,Bác sĩ,43900000.0,Không,128,0.397,0.504,2,1,14,Có,35550000.0,0.0,Có,0
LSCN01925,2021,Vay tiêu dùng tín chấp,36,Bác sĩ,16700000.0,Có,35,0.199,,1,0,0,Không,10160000.0,325000000.0,Có,0
LSCN01926,2024,Vay mua ô tô,34,Kế toán,24700000.0,Không,152,0.365,0.698,1,1,4,Có,11700000.0,317000000.0,Có,0
LSCN01927,2021,Vay sản xuất kinh doanh,31,Kế toán,21600000.0,Có,58,0.437,0.653,1,0,0,Có,15340000.0,0.0,Có,1
LSCN01928,2022,Vay mua ô tô,58,Kế toán,18900000.0,Có,139,0.365,0.584,1,0,0,Có,11620000.0,0.0,Có,0
LSCN01929,2021,Vay mua nhà,39,Lái xe,8000000.0,Có,52,0.452,0.742,2,0,63,Có,9600000.0,29000000.0,Có,0
LSCN01930,2024,Vay mua nhà,40,Kế toán,14400000.0,Không,88,0.267,0.678,1,0,0,Có,5680000.0,0.0,Có,0
LSCN01931,2023,Vay mua ô tô,35,Hưu trí,3600000.0,Không,26,0.378,0.701,1,0,0,Có,7200000.0,0.0,Có,0
LSCN01932,2023,Vay tiêu dùng tín chấp,22,Bán hàng,9700000.0,Không,3,0.517,,2,0,59,Có,4390000.0,237000000.0,Có,0
LSCN01933,2023,Vay tiêu dùng tín chấp,30,Nội trợ,2600000.0,Không,24,0.486,,2,1,37,Có,1210000.0,37000000.0,Có,0
LSCN01934,2025,Vay sản xuất kinh doanh,24,Lái xe,11700000.0,Có,1,0.398,0.653,1,0,0,Có,64750000.0,0.0,Có,0
LSCN01935,2023,Vay tiêu dùng tín chấp,54,Nhân viên văn phòng,6200000.0,Có,12,0.381,,1,1,9,Có,19830000.0,136000000.0,Có,0
LSCN01936,2021,Vay tiêu dùng tín chấp,48,Giáo viên,12300000.0,Có,19,0.349,,1,0,0,Có,6990000.0,596000000.0,Có,0
LSCN01937,2022,Vay sản xuất kinh doanh,36,Công chức,17700000.0,Không,45,0.39,0.653,2,0,21,Có,8830000.0,385000000.0,Có,0
LSCN01938,2025,Vay mua nhà,30,Công nhân,14300000.0,Có,37,0.219,0.686,1,0,0,Có,3860000.0,141000000.0,Có,0
LSCN01939,2023,Vay mua ô tô,24,Nội trợ,7000000.0,Không,136,0.204,0.53,1,0,0,Có,22400000.0,98000000.0,Có,0
LSCN01940,2022,Vay tiêu dùng tín chấp,42,Bán hàng,33400000.0,Có,101,0.563,,1,0,0,Có,44150000.0,996000000.0,Có,0
LSCN01941,2022,Vay mua nhà,47,Kỹ sư,40300000.0,Không,10,0.666,0.695,2,0,35,Có,115690000.0,541000000.0,Có,0
LSCN01942,2024,Vay mua nhà,32,Lái xe,15900000.0,Có,18,0.364,0.495,1,0,0,Có,6050000.0,0.0,Có,0
LSCN01943,2023,Vay mua nhà,37,Kinh doanh tự do,23500000.0,Không,86,0.405,0.553,1,0,0,Có,20970000.0,271000000.0,Có,0
LSCN01944,2023,Vay mua nhà,39,Công chức,8400000.0,Có,38,0.24,0.561,1,0,0,Không,21950000.0,0.0,Có,0
LSCN01945,2022,Vay sản xuất kinh doanh,21,Bán hàng,9400000.0,Không,15,0.311,0.653,1,1,4,Có,6610000.0,0.0,Không,0
LSCN01946,2022,Vay tiêu dùng tín chấp,29,Lái xe,7100000.0,Có,17,0.369,,2,0,14,Có,3310000.0,0.0,Có,0
LSCN01947,2024,Vay mua ô tô,39,Nội trợ,7600000.0,Không,12,0.407,0.609,1,0,0,Không,1200000.0,150000000.0,Có,0
LSCN01948,2024,Vay mua ô tô,51,Công nhân,6800000.0,Không,37,0.601,0.679,2,1,84,Có,2780000.0,0.0,Có,1
LSCN01949,2022,Vay tiêu dùng tín chấp,33,Nội trợ,5500000.0,Không,19,0.393,,1,0,0,Không,9490000.0,0.0,Có,0
LSCN01950,2024,Vay tiêu dùng tín chấp,23,Công chức,7700000.0,Không,64,0.348,,1,0,0,Không,4260000.0,369000000.0,Có,0
LSCN01951,2023,Vay tiêu dùng tín chấp,27,Kỹ sư,53300000.0,Có,6,0.559,,1,1,2,Có,11060000.0,0.0,Có,0
LSCN01952,2024,Vay sản xuất kinh doanh,50,Bác sĩ,37200000.0,Có,58,0.26,0.653,1,0,0,Không,37520000.0,523000000.0,Có,0
LSCN01953,2021,Vay tiêu dùng tín chấp,40,Nội trợ,3300000.0,Không,14,0.381,,1,1,7,Có,2440000.0,0.0,Có,0
LSCN01954,2024,Vay mua ô tô,35,Công nhân,9500000.0,Có,36,0.594,0.832,1,0,0,Không,3910000.0,0.0,Có,0
LSCN01955,2024,Vay tiêu dùng tín chấp,43,Kế toán,9300000.0,Có,16,0.298,,1,0,0,Không,7290000.0,0.0,Có,0
LSCN01956,2023,Vay tiêu dùng tín chấp,40,Bán hàng,21200000.0,Không,41,0.116,,1,0,0,Có,2260000.0,0.0,Có,0
LSCN01957,2021,Vay sản xuất kinh doanh,32,Giáo viên,8700000.0,Không,1,0.352,0.653,1,0,0,Có,11690000.0,83000000.0,Không,0
LSCN01958,2021,Vay mua ô tô,33,Bán hàng,17000000.0,Có,11,0.281,0.678,1,0,0,Có,10030000.0,0.0,Có,0
LSCN01959,2023,Vay tiêu dùng tín chấp,39,Hưu trí,6800000.0,Có,6,0.109,,1,0,0,Có,3590000.0,0.0,Có,0
LSCN01960,2021,Vay mua nhà,50,Nội trợ,10700000.0,Không,34,0.268,0.597,2,0,87,Có,5330000.0,193000000.0,Có,0
LSCN01961,2021,Vay tiêu dùng tín chấp,45,Giáo viên,10100000.0,Có,7,0.37,,1,1,3,Có,9790000.0,0.0,Có,0
LSCN01962,2021,Vay sản xuất kinh doanh,43,Nội trợ,1900000.0,Không,22,0.384,0.653,1,0,0,Không,670000.0,0.0,Có,0
LSCN01963,2024,Vay mua nhà,51,Bác sĩ,46600000.0,Không,128,0.53,0.679,1,1,3,Có,28340000.0,0.0,Có,0
LSCN01964,2025,Vay mua ô tô,44,Kinh doanh tự do,11600000.0,Không,103,0.286,0.743,1,2,5,Có,4520000.0,0.0,Có,0
LSCN01965,2024,Vay mua ô tô,43,Nhân viên văn phòng,18900000.0,Có,50,0.487,0.664,1,0,0,Có,7220000.0,0.0,Có,0
LSCN01966,2022,Vay tiêu dùng tín chấp,46,Giáo viên,20600000.0,Có,5,0.092,,1,0,0,Có,20470000.0,0.0,Có,0
LSCN01967,2021,Vay mua nhà,45,Giáo viên,12100000.0,Không,114,0.388,0.706,1,0,0,Có,19510000.0,383000000.0,Có,0
LSCN01968,2021,Vay sản xuất kinh doanh,45,Giáo viên,8900000.0,Có,58,0.501,0.653,1,0,0,Không,3090000.0,22000000.0,Có,0
LSCN01969,2024,Vay tiêu dùng tín chấp,37,Công chức,19800000.0,Không,3,0.4,,1,0,0,Không,8310000.0,0.0,Có,0
LSCN01970,2022,Vay mua nhà,43,Bác sĩ,35700000.0,Có,27,0.266,0.524,1,0,0,Có,33560000.0,0.0,Có,0
LSCN01971,2022,Vay mua nhà,52,Công nhân,8200000.0,Không,36,0.492,0.871,1,0,0,Có,1120000.0,0.0,Có,0
LSCN01972,2025,Vay tiêu dùng tín chấp,31,Bán hàng,11600000.0,Không,7,0.501,,2,0,81,Có,12530000.0,253000000.0,Có,0
LSCN01973,2021,Vay mua nhà,37,Bác sĩ,23900000.0,Không,8,0.406,0.709,1,0,0,Có,38550000.0,1499000000.0,Có,0
LSCN01974,2025,Vay sản xuất kinh doanh,34,Kỹ sư,23700000.0,Có,68,0.277,0.653,1,1,3,Có,107050000.0,1173000000.0,Có,0
LSCN01975,2021,Vay tiêu dùng tín chấp,34,Hưu trí,4100000.0,Có,10,0.319,,1,2,2,Có,4030000.0,60000000.0,Có,0
LSCN01976,2025,Vay mua nhà,43,Hưu trí,9400000.0,Có,142,0.236,0.558,1,1,5,Có,3820000.0,223000000.0,Có,0
LSCN01977,2022,Vay tiêu dùng tín chấp,25,Hưu trí,6800000.0,Không,4,0.345,,2,0,84,Có,4560000.0,0.0,Có,1
LSCN01978,2022,Vay mua nhà,34,Công chức,13600000.0,Có,36,0.478,0.643,1,0,0,Có,7170000.0,0.0,Có,0
LSCN01979,2024,Vay tiêu dùng tín chấp,37,Nội trợ,2900000.0,Không,4,0.459,,1,0,0,Có,1960000.0,0.0,Có,0
LSCN01980,2025,Vay tiêu dùng tín chấp,23,Nhân viên văn phòng,25800000.0,Không,36,0.46,,1,0,0,Có,100540000.0,376000000.0,Có,0
LSCN01981,2021,Vay mua ô tô,34,Kế toán,13400000.0,Không,3,0.321,0.554,2,0,77,Có,9290000.0,0.0,Có,0
LSCN01982,2025,Vay tiêu dùng tín chấp,21,Kinh doanh tự do,26900000.0,Không,4,0.501,,1,0,0,Không,17050000.0,1304000000.0,Có,0
LSCN01983,2023,Vay mua ô tô,47,Nhân viên văn phòng,24600000.0,Có,1,0.27,0.608,1,0,0,Không,63250000.0,0.0,Có,0
LSCN01984,2022,Vay mua nhà,54,Nội trợ,4900000.0,Không,3,0.429,0.798,2,1,22,Có,350000.0,0.0,Có,0
LSCN01985,2021,Vay mua ô tô,30,Kỹ sư,34900000.0,Có,17,0.517,0.85,2,0,11,Có,135020000.0,239000000.0,Có,0
LSCN01986,2025,Vay sản xuất kinh doanh,21,Hưu trí,3200000.0,Có,107,0.321,0.653,1,0,0,Có,1230000.0,0.0,Có,0
LSCN01987,2025,Vay mua nhà,37,Bác sĩ,35200000.0,Không,32,0.498,0.95,2,2,74,Có,6080000.0,243000000.0,Không,0
LSCN01988,2024,Vay mua nhà,34,Hưu trí,11000000.0,Không,2,0.499,0.645,2,0,28,Có,900000.0,25000000.0,Có,0
LSCN01989,2024,Vay tiêu dùng tín chấp,28,Công nhân,5300000.0,Không,35,0.538,,2,0,19,Có,1500000.0,0.0,Có,0
LSCN01990,2022,Vay mua ô tô,48,Bán hàng,7600000.0,Không,7,0.37,0.629,2,1,34,Có,8050000.0,0.0,Không,0
LSCN01991,2023,Vay tiêu dùng tín chấp,41,Kế toán,25600000.0,Có,0,0.383,,1,0,0,Có,8190000.0,0.0,Có,0
LSCN01992,2021,Vay sản xuất kinh doanh,37,Hưu trí,8000000.0,Có,33,0.448,0.653,1,0,0,Có,1660000.0,0.0,Có,0
LSCN01993,2024,Vay mua nhà,32,Giáo viên,11400000.0,Có,72,0.417,0.653,2,0,77,Có,15670000.0,0.0,Có,0
LSCN01994,2024,Vay tiêu dùng tín chấp,57,Giáo viên,6600000.0,Có,40,0.469,,1,0,0,Có,2760000.0,0.0,Có,0
LSCN01995,2022,Vay tiêu dùng tín chấp,34,Nhân viên văn phòng,7400000.0,Không,27,0.676,,2,0,24,Có,5100000.0,127000000.0,Có,0
LSCN01996,2024,Vay mua ô tô,21,Công nhân,4500000.0,Không,48,0.124,0.777,1,1,5,Có,5570000.0,72000000.0,Có,0
LSCN01997,2022,Vay sản xuất kinh doanh,43,Kỹ sư,28800000.0,Không,4,0.236,0.653,1,0,0,Có,136510000.0,394000000.0,Có,0
LSCN01998,2022,Vay sản xuất kinh doanh,49,Lái xe,10100000.0,Có,39,0.582,0.653,1,0,0,Có,9100000.0,0.0,Có,0
LSCN01999,2021,Vay sản xuất kinh doanh,28,Lái xe,19900000.0,Không,23,0.394,0.653,1,0,0,Có,13010000.0,0.0,Có,0
LSCN02000,2024,Vay tiêu dùng tín chấp,44,Kế toán,15900000.0,Có,29,0.577,,1,1,3,Có,7700000.0,67000000.0,Có,0
LSCN02001,2024,Vay mua nhà,44,Công nhân,5400000.0,Không,33,0.303,0.727,1,0,0,Có,10390000.0,0.0,Có,0
LSCN02002,2022,Vay mua nhà,21,Kế toán,15500000.0,Không,25,0.342,0.737,1,0,0,Có,6390000.0,0.0,Có,0
LSCN02003,2024,Vay mua nhà,39,Giáo viên,12100000.0,Không,57,0.371,0.562,1,0,0,Có,10210000.0,403000000.0,Có,0
LSCN02004,2023,Vay tiêu dùng tín chấp,43,Nội trợ,4000000.0,Không,14,0.483,,1,0,0,Có,10330000.0,0.0,Có,0
LSCN02005,2024,Vay mua nhà,37,Bán hàng,7500000.0,Không,6,0.44,0.736,2,0,12,Có,3640000.0,390000000.0,Có,0
LSCN02006,2023,Vay tiêu dùng tín chấp,36,Giáo viên,9800000.0,Có,6,0.162,,1,0,0,Có,10900000.0,0.0,Có,0
LSCN02007,2022,Vay sản xuất kinh doanh,57,Giáo viên,14800000.0,Không,30,0.267,0.653,1,0,0,Có,6540000.0,143000000.0,Có,0
LSCN02008,2023,Vay mua nhà,32,Công nhân,9800000.0,Có,16,0.372,0.693,1,0,0,Có,3370000.0,0.0,Có,0
LSCN02009,2021,Vay mua nhà,44,Bán hàng,10200000.0,Không,9,0.455,0.63,1,0,0,Không,9730000.0,0.0,Có,0
LSCN02010,2022,Vay tiêu dùng tín chấp,35,Kinh doanh tự do,28300000.0,Không,0,0.487,,1,1,6,Có,21160000.0,217000000.0,Có,0
LSCN02011,2024,Vay tiêu dùng tín chấp,24,Giáo viên,12700000.0,Có,76,0.522,,1,0,0,Có,8130000.0,530000000.0,Có,0
LSCN02012,2021,Vay sản xuất kinh doanh,31,Nội trợ,3400000.0,Không,83,0.453,0.653,2,1,63,Có,1670000.0,0.0,Có,0
LSCN02013,2023,Vay sản xuất kinh doanh,41,Công nhân,6000000.0,Không,2,0.395,0.653,2,1,42,Có,2840000.0,80000000.0,Có,0
LSCN02014,2023,Vay mua nhà,30,Nhân viên văn phòng,13000000.0,Có,29,0.408,0.803,3,0,155,Có,5030000.0,0.0,Có,0
LSCN02015,2023,Vay mua ô tô,34,Kỹ sư,26000000.0,Có,15,0.079,0.655,1,0,0,Có,29400000.0,4557000000.0,Có,0
LSCN02016,2021,Vay mua ô tô,40,Lái xe,13900000.0,Không,15,0.402,0.646,1,0,0,Có,56810000.0,1288000000.0,Có,0
LSCN02017,2023,Vay tiêu dùng tín chấp,45,Hưu trí,7300000.0,Có,2,0.307,,1,1,7,Có,2610000.0,0.0,Có,1
LSCN02018,2022,Vay sản xuất kinh doanh,26,Hưu trí,2400000.0,Không,28,0.448,0.653,2,2,34,Có,480000.0,0.0,Có,0
LSCN02019,2023,Vay mua nhà,48,Kinh doanh tự do,14100000.0,Không,7,0.498,0.712,1,1,2,Có,3060000.0,0.0,Có,0
LSCN02020,2021,Vay mua nhà,36,Kế toán,8300000.0,Không,60,0.409,0.52,1,0,0,Có,4010000.0,266000000.0,Có,0
LSCN02021,2021,Vay tiêu dùng tín chấp,45,Hưu trí,8900000.0,Không,30,0.288,,1,0,0,Có,10120000.0,0.0,Có,0
LSCN02022,2021,Vay mua ô tô,34,Lái xe,9000000.0,Có,119,0.339,0.608,1,0,0,Không,6750000.0,0.0,Có,0
LSCN02023,2024,Vay tiêu dùng tín chấp,56,Công nhân,12600000.0,Không,14,0.28,,1,0,0,Có,5120000.0,85000000.0,Có,0
LSCN02024,2025,Vay mua nhà,32,Nội trợ,4300000.0,Không,10,0.457,0.652,1,0,0,Có,1180000.0,53000000.0,Có,0
LSCN02025,2022,Vay mua nhà,34,Kỹ sư,23600000.0,Không,135,0.336,0.78,1,3,3,Có,6150000.0,627000000.0,Có,0
LSCN02026,2025,Vay mua ô tô,40,Bác sĩ,24400000.0,Có,13,0.282,0.557,1,0,0,Có,9320000.0,0.0,Có,0
LSCN02027,2023,Vay mua nhà,46,Hưu trí,7800000.0,Có,12,0.286,0.689,1,0,0,Không,5520000.0,0.0,Có,0
LSCN02028,2024,Vay sản xuất kinh doanh,42,Lái xe,14700000.0,Không,10,0.602,0.653,1,3,8,Có,2140000.0,0.0,Có,1
LSCN02029,2021,Vay tiêu dùng tín chấp,49,Kinh doanh tự do,23300000.0,Không,0,0.522,,1,0,0,Có,22770000.0,0.0,Có,0
LSCN02030,2024,Vay mua nhà,44,Kế toán,23500000.0,Có,34,0.48,0.604,1,0,0,Không,25740000.0,311000000.0,Có,0
LSCN02031,2021,Vay tiêu dùng tín chấp,23,Nhân viên văn phòng,17100000.0,Có,4,0.614,,2,0,86,Có,10610000.0,154000000.0,Có,0
LSCN02032,2021,Vay tiêu dùng tín chấp,36,Kế toán,21200000.0,Có,7,0.417,,1,1,6,Có,13250000.0,0.0,Có,0
LSCN02033,2022,Vay mua ô tô,27,Nhân viên văn phòng,12200000.0,Không,14,0.354,0.504,1,0,0,Không,6990000.0,129000000.0,Có,0
LSCN02034,2023,Vay tiêu dùng tín chấp,45,Kế toán,11000000.0,Không,52,0.4,,1,0,0,Có,5330000.0,0.0,Có,0
LSCN02035,2022,Vay sản xuất kinh doanh,24,Giáo viên,8500000.0,Có,31,0.454,0.653,1,0,0,Có,9630000.0,0.0,Có,0
LSCN02036,2023,Vay tiêu dùng tín chấp,34,Nhân viên văn phòng,23700000.0,Có,4,0.41,,1,1,6,Có,81930000.0,1975000000.0,Có,0
LSCN02037,2025,Vay tiêu dùng tín chấp,30,Nhân viên văn phòng,7200000.0,Có,19,0.475,,2,0,69,Có,1920000.0,198000000.0,Có,0
LSCN02038,2024,Vay tiêu dùng tín chấp,26,Nội trợ,1800000.0,Không,12,0.432,,1,3,9,Có,300000.0,0.0,Có,1
LSCN02039,2022,Vay mua nhà,44,Công chức,20500000.0,Không,21,0.484,0.78,2,0,14,Có,7090000.0,0.0,Có,0
LSCN02040,2022,Vay sản xuất kinh doanh,36,Nội trợ,5400000.0,Không,10,0.357,0.653,1,0,0,Có,3340000.0,271000000.0,Có,0
LSCN02041,2021,Vay mua nhà,30,Công chức,13200000.0,Không,13,0.415,0.664,1,0,0,Có,4820000.0,0.0,Có,0
LSCN02042,2024,Vay tiêu dùng tín chấp,39,Kế toán,10700000.0,Không,4,0.203,,1,0,0,Không,4190000.0,0.0,Có,0
LSCN02043,2023,Vay sản xuất kinh doanh,34,Kỹ sư,13500000.0,Không,60,0.216,0.653,1,1,2,Có,3710000.0,0.0,Có,0
LSCN02044,2023,Vay mua ô tô,55,Giáo viên,5100000.0,Không,70,0.378,0.732,1,0,0,Có,4240000.0,97000000.0,Có,0
LSCN02045,2024,Vay mua nhà,46,Kỹ sư,50700000.0,Có,17,0.272,0.809,1,1,7,Có,22130000.0,3065000000.0,Có,0
LSCN02046,2022,Vay sản xuất kinh doanh,51,Công chức,15500000.0,Không,37,0.297,0.653,1,0,0,Có,6000000.0,1053000000.0,Có,0
LSCN02047,2024,Vay mua nhà,26,Lái xe,7200000.0,Có,1,0.426,0.558,1,0,0,Không,5790000.0,0.0,Có,0
LSCN02048,2022,Vay tiêu dùng tín chấp,21,Công nhân,10200000.0,Không,21,0.573,,1,0,0,Có,39370000.0,0.0,Có,0
LSCN02049,2025,Vay tiêu dùng tín chấp,34,Công chức,10300000.0,Có,9,0.465,,1,0,0,Có,5450000.0,145000000.0,Có,0
LSCN02050,2025,Vay sản xuất kinh doanh,40,Lái xe,16300000.0,Không,1,0.536,0.653,1,1,2,Có,8320000.0,618000000.0,Có,0
LSCN02051,2024,Vay mua nhà,48,Nhân viên văn phòng,24100000.0,Có,24,0.423,0.648,1,0,0,Có,35490000.0,1246000000.0,Có,0
LSCN02052,2024,Vay tiêu dùng tín chấp,24,Bán hàng,20500000.0,Không,6,0.365,,1,0,0,Có,8780000.0,0.0,Có,0
LSCN02053,2022,Vay mua ô tô,47,Bán hàng,11000000.0,Không,8,0.662,0.744,1,2,4,Có,1130000.0,613000000.0,Có,0
LSCN02054,2025,Vay mua nhà,39,Lái xe,11100000.0,Không,32,0.242,0.54,2,0,24,Có,1780000.0,0.0,Có,0
LSCN02055,2024,Vay sản xuất kinh doanh,36,Bán hàng,10300000.0,Có,56,0.423,0.653,1,0,0,Có,6660000.0,172000000.0,Có,0
LSCN02056,2021,Vay mua nhà,55,Bán hàng,9900000.0,Có,45,0.362,0.701,1,1,2,Có,1470000.0,0.0,Có,0
LSCN02057,2024,Vay sản xuất kinh doanh,26,Kinh doanh tự do,16200000.0,Không,48,0.203,0.653,1,0,0,Có,5600000.0,523000000.0,Có,0
LSCN02058,2022,Vay tiêu dùng tín chấp,29,Kinh doanh tự do,13700000.0,Không,11,0.437,,1,1,5,Có,11060000.0,0.0,Có,0
LSCN02059,2025,Vay mua ô tô,45,Giáo viên,9300000.0,Có,180,0.428,0.521,1,0,0,Có,26220000.0,0.0,Có,0
LSCN02060,2021,Vay sản xuất kinh doanh,42,Bác sĩ,20700000.0,Có,5,0.377,0.653,1,0,0,Có,8770000.0,107000000.0,Có,0
LSCN02061,2025,Vay tiêu dùng tín chấp,41,Nội trợ,8500000.0,Không,10,0.51,,1,0,0,Có,5920000.0,47000000.0,Có,0
LSCN02062,2023,Vay mua ô tô,29,Lái xe,3900000.0,Không,29,0.25,0.682,1,0,0,Có,870000.0,0.0,Có,0
LSCN02063,2024,Vay sản xuất kinh doanh,36,Bác sĩ,27300000.0,Có,25,0.452,0.653,1,0,0,Không,27130000.0,1525000000.0,Có,0
LSCN02064,2021,Vay tiêu dùng tín chấp,47,Bán hàng,6500000.0,Có,32,0.684,,2,1,61,Có,4000000.0,0.0,Có,0
LSCN02065,2023,Vay sản xuất kinh doanh,46,Bác sĩ,60300000.0,Có,49,0.526,0.653,1,0,0,Có,30930000.0,0.0,Có,0
LSCN02066,2024,Vay mua nhà,36,Công nhân,5800000.0,Có,61,0.373,0.827,1,0,0,Có,4690000.0,162000000.0,Có,0
LSCN02067,2022,Vay mua nhà,21,Kinh doanh tự do,22900000.0,Không,8,0.282,0.692,2,0,55,Có,1730000.0,402000000.0,Có,0
LSCN02068,2022,Vay mua ô tô,25,Bán hàng,7500000.0,Có,2,0.476,0.678,2,0,11,Có,11980000.0,117000000.0,Có,0
LSCN02069,2021,Vay sản xuất kinh doanh,48,Giáo viên,12000000.0,Có,35,0.294,0.653,1,0,0,Không,23020000.0,1488000000.0,Có,0
LSCN02070,2022,Vay mua nhà,62,Công chức,13100000.0,Không,24,0.506,0.746,1,1,4,Có,6270000.0,246000000.0,Có,0
LSCN02071,2025,Vay tiêu dùng tín chấp,37,Công nhân,12700000.0,Có,81,0.439,,1,0,0,Có,14720000.0,0.0,Có,0
LSCN02072,2025,Vay tiêu dùng tín chấp,32,Giáo viên,18300000.0,Không,22,0.36,,1,0,0,Không,15280000.0,0.0,Có,0
LSCN02073,2022,Vay mua nhà,43,Hưu trí,6700000.0,Không,54,0.33,0.816,1,0,0,Có,1580000.0,67000000.0,Không,0
LSCN02074,2021,Vay mua nhà,31,Nội trợ,3900000.0,Không,12,0.582,0.746,2,1,42,Có,1860000.0,0.0,Có,0
LSCN02075,2023,Vay mua ô tô,54,Giáo viên,24100000.0,Không,41,0.224,0.95,1,0,0,Có,11730000.0,306000000.0,Có,0
LSCN02076,2025,Vay sản xuất kinh doanh,56,Nội trợ,2300000.0,Không,38,0.678,0.653,2,2,32,Có,530000.0,0.0,Có,1
LSCN02077,2025,Vay tiêu dùng tín chấp,47,Lái xe,12300000.0,Không,33,0.416,,1,2,7,Có,14760000.0,0.0,Có,0
LSCN02078,2022,Vay mua ô tô,33,Công nhân,6400000.0,Có,6,0.421,0.53,1,0,0,Có,3590000.0,46000000.0,Có,0
LSCN02079,2022,Vay mua nhà,43,Kinh doanh tự do,18700000.0,Không,13,0.546,0.581,1,2,8,Có,14170000.0,0.0,Có,0
LSCN02080,2023,Vay tiêu dùng tín chấp,29,Lái xe,11600000.0,Không,140,0.396,,1,0,0,Không,13050000.0,111000000.0,Có,0
LSCN02081,2022,Vay sản xuất kinh doanh,39,Kinh doanh tự do,22300000.0,Không,6,0.653,0.653,3,1,143,Có,2800000.0,87000000.0,Có,0
LSCN02082,2021,Vay tiêu dùng tín chấp,33,Kế toán,15900000.0,Không,3,0.406,,1,1,1,Có,8600000.0,0.0,Có,0
LSCN02083,2022,Vay sản xuất kinh doanh,40,Công chức,6300000.0,Có,0,0.208,0.653,1,0,0,Có,580000.0,485000000.0,Có,0
LSCN02084,2022,Vay mua nhà,40,Nội trợ,4100000.0,Không,1,0.561,0.759,3,0,149,Có,1850000.0,0.0,Có,0
LSCN02085,2025,Vay sản xuất kinh doanh,34,Công chức,16900000.0,Không,52,0.14,0.653,1,0,0,Có,9560000.0,394000000.0,Có,0
LSCN02086,2025,Vay mua nhà,21,Hưu trí,12900000.0,Có,14,0.396,0.715,3,1,157,Có,5170000.0,0.0,Có,1
LSCN02087,2023,Vay mua nhà,42,Kỹ sư,22200000.0,Không,3,0.226,0.681,2,0,40,Có,8880000.0,757000000.0,Có,0
LSCN02088,2024,Vay sản xuất kinh doanh,35,Nhân viên văn phòng,14100000.0,Có,0,0.062,0.653,1,0,0,Có,67480000.0,0.0,Có,0
LSCN02089,2025,Vay tiêu dùng tín chấp,42,Công nhân,16000000.0,Có,24,0.512,,2,2,49,Có,9960000.0,0.0,Có,0
LSCN02090,2021,Vay tiêu dùng tín chấp,41,Lái xe,16000000.0,Có,61,0.457,,1,0,0,Có,4960000.0,61000000.0,Có,0
LSCN02091,2022,Vay mua nhà,46,Kinh doanh tự do,28100000.0,Không,35,0.506,0.817,2,2,41,Có,24540000.0,2191000000.0,Có,0
LSCN02092,2024,Vay tiêu dùng tín chấp,33,Kỹ sư,35700000.0,Có,5,0.367,,1,0,0,Có,18360000.0,0.0,Có,0
LSCN02093,2023,Vay mua nhà,21,Bán hàng,9300000.0,Không,15,0.352,0.622,1,0,0,Không,5510000.0,0.0,Có,0
LSCN02094,2024,Vay mua nhà,40,Kỹ sư,20900000.0,Không,1,0.337,0.745,2,1,74,Có,5090000.0,0.0,Có,0
LSCN02095,2021,Vay mua ô tô,34,Kỹ sư,22600000.0,Có,13,0.414,0.69,1,0,0,Không,34140000.0,1053000000.0,Có,0
LSCN02096,2025,Vay mua ô tô,47,Công nhân,16300000.0,Có,20,0.422,0.737,2,1,61,Có,1540000.0,213000000.0,Có,0
LSCN02097,2023,Vay mua nhà,35,Nội trợ,4500000.0,Không,65,0.397,0.542,1,0,0,Có,860000.0,0.0,Có,0
LSCN02098,2022,Vay mua ô tô,42,Kế toán,7500000.0,Không,1,0.433,0.691,1,0,0,Có,2350000.0,29000000.0,Có,0
LSCN02099,2025,Vay mua nhà,38,Bác sĩ,22900000.0,Không,35,0.306,0.712,1,0,0,Có,60140000.0,676000000.0,Có,0
LSCN02100,2023,Vay tiêu dùng tín chấp,40,Kế toán,23200000.0,Không,4,0.235,,1,0,0,Không,21910000.0,0.0,Có,0
LSCN02101,2023,Vay sản xuất kinh doanh,47,Kinh doanh tự do,20600000.0,Không,1,0.505,0.653,1,1,9,Có,9500000.0,0.0,Có,0
LSCN02102,2022,Vay tiêu dùng tín chấp,39,Nội trợ,2700000.0,Không,27,0.52,,1,0,0,Có,1590000.0,0.0,Có,0
LSCN02103,2025,Vay sản xuất kinh doanh,37,Kế toán,9500000.0,Có,15,0.251,0.653,1,0,0,Có,3260000.0,0.0,Có,0
LSCN02104,2021,Vay mua nhà,32,Kỹ sư,28400000.0,Có,44,0.287,0.598,1,0,0,Có,57070000.0,0.0,Có,0
LSCN02105,2022,Vay mua nhà,28,Kinh doanh tự do,13700000.0,Không,3,0.353,0.661,1,0,0,Có,2430000.0,0.0,Có,0
LSCN02106,2023,Vay mua nhà,26,Công nhân,6700000.0,Không,74,0.291,0.436,1,0,0,Có,1150000.0,389000000.0,Có,0
LSCN02107,2024,Vay tiêu dùng tín chấp,28,Nhân viên văn phòng,17900000.0,Có,26,0.551,,1,0,0,Không,13550000.0,467000000.0,Có,0
LSCN02108,2021,Vay mua nhà,48,Công nhân,2700000.0,Không,7,0.539,0.628,1,0,0,Có,920000.0,83000000.0,Có,0
LSCN02109,2022,Vay mua nhà,37,Hưu trí,7800000.0,Không,25,0.319,0.645,1,0,0,Không,7110000.0,22000000.0,Có,0
LSCN02110,2023,Vay sản xuất kinh doanh,24,Hưu trí,3800000.0,Có,72,0.451,0.653,1,0,0,Không,2390000.0,8000000.0,Có,0
LSCN02111,2025,Vay tiêu dùng tín chấp,47,Giáo viên,7200000.0,Không,19,0.444,,1,0,0,Không,12020000.0,0.0,Có,0
LSCN02112,2021,Vay mua ô tô,47,Bán hàng,16100000.0,Không,10,0.34,0.56,1,0,0,Có,17650000.0,0.0,Có,0
LSCN02113,2023,Vay mua nhà,37,Nội trợ,3700000.0,Không,26,0.405,0.675,1,0,0,Có,2200000.0,0.0,Có,0
LSCN02114,2021,Vay sản xuất kinh doanh,38,Công chức,5000000.0,Không,5,0.201,0.653,1,0,0,Không,1230000.0,55000000.0,Có,0
LSCN02115,2022,Vay tiêu dùng tín chấp,33,Giáo viên,16000000.0,Có,29,0.428,,1,0,0,Có,13480000.0,87000000.0,Có,0
LSCN02116,2021,Vay mua nhà,27,Hưu trí,4500000.0,Có,39,0.273,0.614,1,0,0,Có,3610000.0,0.0,Có,0
LSCN02117,2022,Vay tiêu dùng tín chấp,37,Nhân viên văn phòng,16200000.0,Có,68,0.626,,1,0,0,Không,11540000.0,1058000000.0,Có,0
LSCN02118,2023,Vay mua nhà,28,Giáo viên,6500000.0,Không,5,0.328,0.765,1,0,0,Có,3670000.0,0.0,Có,1
LSCN02119,2025,Vay mua nhà,21,Công chức,7300000.0,Không,41,0.061,0.567,1,0,0,Có,3420000.0,459000000.0,Không,0
LSCN02120,2024,Vay mua ô tô,44,Bán hàng,14400000.0,Có,7,0.418,0.567,1,0,0,Có,27950000.0,569000000.0,Có,0
LSCN02121,2022,Vay mua ô tô,23,Công chức,8300000.0,Không,32,0.364,0.794,1,0,0,Có,8830000.0,52000000.0,Có,0
LSCN02122,2025,Vay mua nhà,34,Bác sĩ,31100000.0,Không,15,0.305,0.613,2,1,76,Có,30210000.0,0.0,Có,0
LSCN02123,2023,Vay tiêu dùng tín chấp,21,Kinh doanh tự do,28100000.0,Không,4,0.187,,2,0,57,Có,20930000.0,0.0,Có,0
LSCN02124,2024,Vay tiêu dùng tín chấp,23,Giáo viên,6600000.0,Có,24,0.59,,1,0,0,Không,1830000.0,283000000.0,Có,0
LSCN02125,2021,Vay mua ô tô,28,Kế toán,15500000.0,Có,66,0.449,0.705,1,0,0,Không,3670000.0,0.0,Có,0
LSCN02126,2022,Vay tiêu dùng tín chấp,24,Kế toán,12000000.0,Không,52,0.486,,1,1,5,Có,1580000.0,237000000.0,Có,0
LSCN02127,2025,Vay sản xuất kinh doanh,38,Nội trợ,5100000.0,Không,15,0.292,0.653,1,1,8,Có,9320000.0,24000000.0,Có,0
LSCN02128,2025,Vay mua nhà,33,Nhân viên văn phòng,17000000.0,Không,55,0.266,0.552,1,0,0,Có,22020000.0,1024000000.0,Có,0
LSCN02129,2021,Vay tiêu dùng tín chấp,21,Giáo viên,13300000.0,Có,27,0.287,,1,1,8,Có,6840000.0,0.0,Có,0
LSCN02130,2025,Vay mua ô tô,35,Nhân viên văn phòng,8400000.0,Có,17,0.284,0.763,1,0,0,Có,1730000.0,51000000.0,Có,0
LSCN02131,2025,Vay tiêu dùng tín chấp,47,Bác sĩ,40500000.0,Không,120,0.379,,1,1,6,Có,23800000.0,1267000000.0,Có,0
LSCN02132,2021,Vay sản xuất kinh doanh,38,Kỹ sư,38100000.0,Có,25,0.404,0.653,1,0,0,Có,37390000.0,0.0,Có,0
LSCN02133,2023,Vay tiêu dùng tín chấp,57,Nhân viên văn phòng,11100000.0,Có,19,0.13,,1,0,0,Có,15140000.0,36000000.0,Có,0
LSCN02134,2021,Vay mua nhà,41,Kỹ sư,19600000.0,Không,57,0.437,0.609,1,0,0,Có,6010000.0,1041000000.0,Có,0
LSCN02135,2022,Vay mua nhà,60,Công nhân,16300000.0,Có,49,0.462,0.67,1,1,7,Có,25190000.0,0.0,Có,0
LSCN02136,2022,Vay sản xuất kinh doanh,31,Bán hàng,9400000.0,Có,45,0.343,0.653,1,0,0,Không,13930000.0,385000000.0,Có,0
LSCN02137,2024,Vay tiêu dùng tín chấp,37,Công chức,22300000.0,Có,54,0.463,,1,0,0,Có,20720000.0,651000000.0,Có,0
LSCN02138,2022,Vay tiêu dùng tín chấp,40,Công nhân,18300000.0,Không,90,0.38,,1,0,0,Có,8700000.0,0.0,Có,0
LSCN02139,2021,Vay tiêu dùng tín chấp,53,Nội trợ,4300000.0,Không,36,0.487,,1,1,1,Có,2540000.0,86000000.0,Có,0
LSCN02140,2025,Vay mua nhà,26,Kế toán,38200000.0,Có,53,0.278,0.643,1,1,2,Có,93090000.0,230000000.0,Có,0
LSCN02141,2024,Vay sản xuất kinh doanh,32,Công nhân,15900000.0,Có,18,0.266,0.653,1,0,0,Không,3310000.0,0.0,Có,0
LSCN02142,2023,Vay sản xuất kinh doanh,43,Kinh doanh tự do,21000000.0,Không,102,0.273,0.653,1,0,0,Có,11620000.0,0.0,Có,0
LSCN02143,2024,Vay mua nhà,33,Kỹ sư,11700000.0,Không,59,0.505,0.657,2,1,82,Có,2470000.0,0.0,Có,0
LSCN02144,2021,Vay tiêu dùng tín chấp,46,Kỹ sư,15300000.0,Có,17,0.418,,1,0,0,Có,7790000.0,0.0,Có,0
LSCN02145,2021,Vay mua ô tô,42,Lái xe,17000000.0,Không,143,0.145,0.687,1,0,0,Có,8700000.0,264000000.0,Có,0
LSCN02146,2021,Vay tiêu dùng tín chấp,26,Lái xe,8700000.0,Không,31,0.339,,1,1,1,Có,5770000.0,0.0,Không,0
LSCN02147,2025,Vay tiêu dùng tín chấp,27,Công chức,14800000.0,Có,73,0.213,,1,0,0,Có,54330000.0,0.0,Có,0
LSCN02148,2024,Vay tiêu dùng tín chấp,43,Hưu trí,5000000.0,Không,2,0.451,,2,0,48,Có,10540000.0,0.0,Không,1
LSCN02149,2022,Vay mua nhà,21,Nhân viên văn phòng,13100000.0,Không,28,0.488,0.575,2,0,21,Có,5130000.0,1247000000.0,Có,0
LSCN02150,2022,Vay tiêu dùng tín chấp,22,Kế toán,16400000.0,Có,41,0.613,,1,0,0,Có,22360000.0,109000000.0,Có,0
LSCN02151,2023,Vay sản xuất kinh doanh,52,Hưu trí,11200000.0,Không,21,0.077,0.653,1,0,0,Có,4710000.0,140000000.0,Có,0
LSCN02152,2023,Vay tiêu dùng tín chấp,40,Bác sĩ,58200000.0,Có,16,0.186,,1,0,0,Có,42580000.0,2332000000.0,Có,0
LSCN02153,2024,Vay mua nhà,45,Kế toán,15600000.0,Không,2,0.275,0.631,1,0,0,Có,72770000.0,0.0,Có,0
LSCN02154,2023,Vay mua nhà,46,Bác sĩ,19400000.0,Có,21,0.275,0.684,1,0,0,Có,5900000.0,621000000.0,Có,0
LSCN02155,2023,Vay tiêu dùng tín chấp,47,Nhân viên văn phòng,15500000.0,Có,176,0.644,,2,1,82,Có,6690000.0,0.0,Có,1
LSCN02156,2023,Vay tiêu dùng tín chấp,44,Lái xe,11800000.0,Không,16,0.37,,1,0,0,Không,2690000.0,776000000.0,Có,0
LSCN02157,2023,Vay tiêu dùng tín chấp,42,Lái xe,9300000.0,Có,58,0.326,,1,0,0,Không,20810000.0,236000000.0,Có,0
LSCN02158,2022,Vay sản xuất kinh doanh,26,Kỹ sư,31300000.0,Có,80,0.493,0.653,1,0,0,Không,33680000.0,173000000.0,Có,0
LSCN02159,2021,Vay tiêu dùng tín chấp,30,Bán hàng,16400000.0,Không,91,0.683,,1,0,0,Không,6820000.0,0.0,Có,0
LSCN02160,2022,Vay sản xuất kinh doanh,42,Bác sĩ,28200000.0,Không,5,0.354,0.653,1,0,0,Không,11120000.0,2425000000.0,Có,0
LSCN02161,2022,Vay tiêu dùng tín chấp,45,Công chức,6500000.0,Không,23,0.205,,1,0,0,Không,3980000.0,717000000.0,Có,0
LSCN02162,2022,Vay mua ô tô,32,Lái xe,18700000.0,Không,63,0.479,0.656,3,0,149,Có,7650000.0,0.0,Có,1
LSCN02163,2024,Vay tiêu dùng tín chấp,45,Công nhân,9300000.0,Không,24,0.402,,1,0,0,Có,9500000.0,0.0,Có,0
LSCN02164,2021,Vay mua nhà,24,Lái xe,10200000.0,Không,9,0.542,0.711,2,0,47,Có,16160000.0,0.0,Có,0
LSCN02165,2025,Vay tiêu dùng tín chấp,22,Bán hàng,15400000.0,Không,79,0.3,,1,1,8,Có,16530000.0,0.0,Có,0
LSCN02166,2022,Vay mua ô tô,33,Công nhân,14600000.0,Không,41,0.194,0.592,1,0,0,Có,21550000.0,3334000000.0,Có,0
LSCN02167,2022,Vay mua nhà,27,Kỹ sư,21000000.0,Có,41,0.55,0.621,1,0,0,Có,31390000.0,201000000.0,Có,0
LSCN02168,2022,Vay mua nhà,32,Kinh doanh tự do,16900000.0,Không,47,0.249,0.543,1,0,0,Có,26500000.0,0.0,Có,0
LSCN02169,2021,Vay tiêu dùng tín chấp,44,Lái xe,8800000.0,Không,15,0.45,,2,1,39,Có,14810000.0,89000000.0,Có,0
LSCN02170,2025,Vay mua ô tô,29,Hưu trí,13700000.0,Có,4,0.251,0.519,1,1,1,Có,18030000.0,0.0,Có,0
LSCN02171,2021,Vay sản xuất kinh doanh,41,Công nhân,4700000.0,Không,9,0.304,0.653,1,0,0,Có,4610000.0,0.0,Có,0
LSCN02172,2025,Vay mua nhà,31,Bác sĩ,39300000.0,Có,7,0.437,0.789,1,0,0,Không,13600000.0,0.0,Có,0
LSCN02173,2024,Vay tiêu dùng tín chấp,34,Kỹ sư,33300000.0,Có,43,0.544,,1,2,2,Có,6300000.0,0.0,Có,0
LSCN02174,2021,Vay sản xuất kinh doanh,30,Giáo viên,7300000.0,Không,17,0.424,0.653,1,0,0,Không,9500000.0,1818000000.0,Có,0
LSCN02175,2021,Vay tiêu dùng tín chấp,38,Lái xe,7000000.0,Không,12,0.177,,1,0,0,Có,11560000.0,0.0,Có,0
LSCN02176,2023,Vay mua ô tô,45,Kỹ sư,29100000.0,Có,33,0.301,0.648,1,0,0,Có,18410000.0,0.0,Có,0
LSCN02177,2021,Vay tiêu dùng tín chấp,36,Giáo viên,8500000.0,Có,17,0.357,,1,0,0,Không,2450000.0,192000000.0,Có,0
LSCN02178,2025,Vay sản xuất kinh doanh,35,Giáo viên,8300000.0,Có,83,0.459,0.653,1,0,0,Có,2960000.0,0.0,Có,0
LSCN02179,2023,Vay sản xuất kinh doanh,50,Bác sĩ,26200000.0,Có,43,0.149,0.653,1,0,0,Có,22910000.0,0.0,Có,0
LSCN02180,2021,Vay sản xuất kinh doanh,33,Nhân viên văn phòng,11000000.0,Có,43,0.088,0.653,1,1,2,Có,8330000.0,0.0,Có,0
LSCN02181,2023,Vay sản xuất kinh doanh,28,Hưu trí,8400000.0,Có,19,0.077,0.653,1,0,0,Có,11620000.0,0.0,Có,0
LSCN02182,2024,Vay tiêu dùng tín chấp,38,Nhân viên văn phòng,10000000.0,Có,10,0.42,,2,0,81,Có,28030000.0,132000000.0,Có,0
LSCN02183,2025,Vay mua ô tô,26,Hưu trí,12400000.0,Không,13,0.72,0.763,1,0,0,Có,2190000.0,196000000.0,Có,0
LSCN02184,2021,Vay mua ô tô,49,Bác sĩ,59700000.0,Có,3,0.343,0.621,1,0,0,Có,71710000.0,0.0,Có,0
LSCN02185,2022,Vay mua ô tô,24,Kỹ sư,12300000.0,Có,28,0.462,0.409,1,1,7,Có,6620000.0,0.0,Có,0
LSCN02186,2024,Vay mua ô tô,26,Lái xe,22700000.0,Có,1,0.238,0.646,1,0,0,Có,12630000.0,256000000.0,Có,0
LSCN02187,2021,Vay tiêu dùng tín chấp,36,Công nhân,7300000.0,Không,12,0.453,,2,1,26,Có,6260000.0,0.0,Không,0
LSCN02188,2023,Vay tiêu dùng tín chấp,21,Kinh doanh tự do,40800000.0,Không,58,0.491,,1,0,0,Có,5090000.0,2283000000.0,Không,0
LSCN02189,2024,Vay tiêu dùng tín chấp,49,Giáo viên,7200000.0,Không,46,0.616,,1,0,0,Có,2830000.0,0.0,Có,0
LSCN02190,2024,Vay mua ô tô,34,Bán hàng,15900000.0,Có,67,0.346,0.589,1,1,7,Có,7810000.0,1398000000.0,Có,0
LSCN02191,2025,Vay tiêu dùng tín chấp,32,Kinh doanh tự do,17700000.0,Không,25,0.305,,1,0,0,Có,9250000.0,0.0,Có,0
LSCN02192,2023,Vay sản xuất kinh doanh,43,Kinh doanh tự do,26100000.0,Không,8,0.545,0.653,2,0,65,Có,22700000.0,3644000000.0,Có,0
LSCN02193,2021,Vay tiêu dùng tín chấp,43,Kinh doanh tự do,19400000.0,Không,13,0.372,,1,0,0,Không,30350000.0,1025000000.0,Có,0
LSCN02194,2025,Vay tiêu dùng tín chấp,35,Lái xe,5400000.0,Có,6,0.419,,2,1,85,Có,4490000.0,30000000.0,Có,0
LSCN02195,2022,Vay tiêu dùng tín chấp,40,Giáo viên,6200000.0,Không,54,0.464,,1,0,0,Có,1050000.0,0.0,Có,0
LSCN02196,2021,Vay tiêu dùng tín chấp,35,Công nhân,10100000.0,Không,4,0.603,,1,0,0,Có,2550000.0,0.0,Có,1
LSCN02197,2023,Vay sản xuất kinh doanh,36,Công nhân,5600000.0,Có,59,0.206,0.653,2,0,89,Có,11160000.0,0.0,Có,0
LSCN02198,2024,Vay mua nhà,34,Kế toán,13300000.0,Có,5,0.589,0.694,2,0,10,Có,4470000.0,0.0,Có,0
LSCN02199,2025,Vay tiêu dùng tín chấp,34,Công chức,5300000.0,Không,87,0.453,,1,0,0,Có,680000.0,0.0,Không,0
LSCN02200,2024,Vay tiêu dùng tín chấp,37,Bán hàng,20500000.0,Có,0,0.448,,1,1,8,Có,26930000.0,0.0,Có,0
LSCN02201,2023,Vay tiêu dùng tín chấp,30,Hưu trí,4800000.0,Có,17,0.538,,1,0,0,Không,1810000.0,0.0,Có,0
LSCN02202,2022,Vay mua ô tô,36,Kế toán,7700000.0,Không,29,0.415,0.905,1,1,2,Có,1640000.0,0.0,Có,0
LSCN02203,2022,Vay tiêu dùng tín chấp,39,Công nhân,4700000.0,Có,153,0.525,,2,1,74,Có,3050000.0,54000000.0,Có,0
LSCN02204,2021,Vay tiêu dùng tín chấp,53,Nội trợ,6600000.0,Không,8,0.413,,1,0,0,Không,3460000.0,0.0,Có,0
LSCN02205,2023,Vay mua nhà,39,Bán hàng,14300000.0,Có,61,0.424,0.604,1,0,0,Có,720000.0,233000000.0,Có,0
LSCN02206,2021,Vay mua ô tô,32,Bán hàng,12300000.0,Có,13,0.274,0.731,1,0,0,Có,14330000.0,60000000.0,Có,0
LSCN02207,2025,Vay mua ô tô,58,Kỹ sư,9500000.0,Không,19,0.477,0.636,1,1,3,Có,5970000.0,73000000.0,Có,1
LSCN02208,2022,Vay tiêu dùng tín chấp,38,Hưu trí,11200000.0,Có,31,0.433,,1,0,0,Có,7080000.0,0.0,Có,0
LSCN02209,2022,Vay tiêu dùng tín chấp,34,Nhân viên văn phòng,14300000.0,Có,5,0.693,,1,1,6,Có,3020000.0,291000000.0,Có,0
LSCN02210,2023,Vay mua nhà,37,Kỹ sư,36600000.0,Không,5,0.521,0.576,2,0,45,Có,38830000.0,0.0,Có,0
LSCN02211,2023,Vay mua nhà,28,Kỹ sư,28800000.0,Có,5,0.46,0.75,1,0,0,Có,37730000.0,181000000.0,Có,0
LSCN02212,2025,Vay mua ô tô,39,Kỹ sư,44000000.0,Có,47,0.302,0.77,1,0,0,Có,95850000.0,0.0,Có,0
LSCN02213,2022,Vay tiêu dùng tín chấp,26,Nhân viên văn phòng,5500000.0,Có,7,0.578,,1,1,7,Có,920000.0,0.0,Có,0
LSCN02214,2025,Vay mua ô tô,38,Lái xe,5700000.0,Không,34,0.36,0.836,1,0,0,Không,2980000.0,0.0,Có,0
LSCN02215,2023,Vay sản xuất kinh doanh,44,Công nhân,5600000.0,Có,51,0.332,0.653,1,0,0,Có,3370000.0,20000000.0,Có,0
LSCN02216,2024,Vay tiêu dùng tín chấp,32,Nhân viên văn phòng,15600000.0,Không,24,0.169,,1,0,0,Có,17350000.0,0.0,Có,0
LSCN02217,2021,Vay mua nhà,59,Công chức,10200000.0,Không,5,0.428,0.493,2,0,28,Có,8390000.0,243000000.0,Có,0
LSCN02218,2022,Vay mua ô tô,28,Kỹ sư,46200000.0,Có,180,0.264,0.534,1,0,0,Có,33230000.0,1806000000.0,Có,0
LSCN02219,2024,Vay tiêu dùng tín chấp,37,Giáo viên,9800000.0,Có,9,0.416,,1,0,0,Có,10180000.0,0.0,Có,1
LSCN02220,2021,Vay tiêu dùng tín chấp,31,Kế toán,17500000.0,Có,37,0.403,,1,0,0,Có,3300000.0,0.0,Có,0
LSCN02221,2022,Vay sản xuất kinh doanh,47,Nội trợ,2100000.0,Không,16,0.411,0.653,1,1,8,Có,1770000.0,0.0,Có,0
LSCN02222,2024,Vay mua ô tô,31,Kinh doanh tự do,15900000.0,Không,25,0.357,0.564,1,1,3,Có,2810000.0,285000000.0,Có,0
LSCN02223,2021,Vay mua nhà,47,Lái xe,3200000.0,Không,78,0.505,0.526,2,1,44,Có,2060000.0,107000000.0,Có,0
LSCN02224,2022,Vay mua nhà,34,Nội trợ,3200000.0,Không,17,0.666,0.779,2,3,12,Có,430000.0,0.0,Có,0
LSCN02225,2024,Vay tiêu dùng tín chấp,40,Bán hàng,5900000.0,Có,11,0.436,,1,1,2,Có,2240000.0,0.0,Có,0
LSCN02226,2023,Vay tiêu dùng tín chấp,44,Công chức,18600000.0,Có,85,0.066,,1,0,0,Có,46120000.0,2554000000.0,Có,0
LSCN02227,2024,Vay tiêu dùng tín chấp,44,Lái xe,6200000.0,Không,16,0.311,,1,0,0,Có,7730000.0,459000000.0,Không,0
LSCN02228,2021,Vay mua ô tô,27,Kế toán,7700000.0,Có,10,0.299,0.624,1,0,0,Không,3650000.0,0.0,Có,0
LSCN02229,2021,Vay mua ô tô,45,Nhân viên văn phòng,17300000.0,Không,56,0.478,0.817,1,0,0,Không,2750000.0,0.0,Có,0
LSCN02230,2022,Vay sản xuất kinh doanh,53,Nội trợ,3100000.0,Không,95,0.414,0.653,2,2,58,Có,1670000.0,0.0,Có,0
LSCN02231,2025,Vay mua ô tô,30,Kế toán,15600000.0,Có,2,0.506,0.66,1,0,0,Có,5920000.0,0.0,Có,0
LSCN02232,2024,Vay mua nhà,33,Hưu trí,7000000.0,Có,32,0.434,0.713,2,0,24,Có,1970000.0,47000000.0,Có,0
LSCN02233,2025,Vay mua nhà,47,Kinh doanh tự do,42800000.0,Không,14,0.533,0.923,1,1,9,Có,32140000.0,533000000.0,Không,0
LSCN02234,2022,Vay tiêu dùng tín chấp,41,Giáo viên,27000000.0,Có,137,0.151,,1,0,0,Có,19270000.0,0.0,Có,0
LSCN02235,2022,Vay sản xuất kinh doanh,37,Hưu trí,2300000.0,Có,5,0.316,0.653,2,0,35,Có,1430000.0,0.0,Có,0
LSCN02236,2022,Vay sản xuất kinh doanh,27,Kinh doanh tự do,10900000.0,Không,6,0.445,0.653,2,1,52,Có,1100000.0,0.0,Có,0
LSCN02237,2021,Vay tiêu dùng tín chấp,33,Nhân viên văn phòng,33400000.0,Không,15,0.366,,1,1,5,Có,28610000.0,0.0,Có,0
LSCN02238,2023,Vay sản xuất kinh doanh,31,Bán hàng,9400000.0,Không,41,0.353,0.653,3,1,101,Có,1130000.0,225000000.0,Có,0
LSCN02239,2024,Vay mua nhà,33,Lái xe,9800000.0,Có,9,0.564,0.806,1,1,4,Có,1740000.0,0.0,Có,0
LSCN02240,2023,Vay mua ô tô,40,Công chức,18200000.0,Không,98,0.397,0.607,1,0,0,Không,11830000.0,602000000.0,Có,0
LSCN02241,2021,Vay mua ô tô,43,Bán hàng,13900000.0,Không,55,0.33,0.309,1,0,0,Có,19860000.0,226000000.0,Có,0
LSCN02242,2024,Vay mua nhà,27,Hưu trí,24300000.0,Không,0,0.292,0.732,1,0,0,Có,10520000.0,0.0,Có,0
LSCN02243,2025,Vay tiêu dùng tín chấp,45,Bác sĩ,72800000.0,Không,11,0.505,,1,0,0,Có,37190000.0,0.0,Có,0
LSCN02244,2021,Vay mua nhà,25,Bán hàng,19400000.0,Không,8,0.337,0.651,1,0,0,Không,8920000.0,0.0,Có,0
LSCN02245,2025,Vay tiêu dùng tín chấp,21,Nhân viên văn phòng,17000000.0,Không,127,0.281,,1,0,0,Có,44490000.0,225000000.0,Không,0
LSCN02246,2024,Vay tiêu dùng tín chấp,30,Công chức,7700000.0,Không,22,0.178,,1,0,0,Không,2240000.0,111000000.0,Có,0
LSCN02247,2025,Vay mua ô tô,21,Lái xe,12300000.0,Có,25,0.479,0.598,1,0,0,Không,9770000.0,0.0,Có,0
LSCN02248,2021,Vay mua nhà,32,Giáo viên,15000000.0,Không,9,0.178,0.823,1,0,0,Có,3650000.0,380000000.0,Có,0
LSCN02249,2023,Vay mua nhà,22,Hưu trí,6600000.0,Không,1,0.51,0.869,1,0,0,Không,3380000.0,47000000.0,Có,0
LSCN02250,2024,Vay mua nhà,29,Lái xe,12400000.0,Có,13,0.48,0.762,1,2,2,Có,20630000.0,0.0,Có,0
LSCN02251,2021,Vay sản xuất kinh doanh,36,Nội trợ,3000000.0,Không,0,0.336,0.653,1,0,0,Có,800000.0,0.0,Có,0
LSCN02252,2025,Vay mua ô tô,37,Lái xe,5300000.0,Có,18,0.404,0.485,1,1,8,Có,2860000.0,0.0,Có,0
LSCN02253,2022,Vay mua ô tô,32,Bán hàng,9300000.0,Có,25,0.348,0.579,1,0,0,Có,3800000.0,0.0,Có,0
LSCN02254,2025,Vay tiêu dùng tín chấp,32,Lái xe,15500000.0,Có,44,0.192,,1,0,0,Có,6020000.0,0.0,Có,0
LSCN02255,2021,Vay mua nhà,35,Giáo viên,8500000.0,Không,8,0.515,0.58,1,3,4,Có,2740000.0,140000000.0,Có,1
LSCN02256,2021,Vay tiêu dùng tín chấp,53,Hưu trí,7100000.0,Không,7,0.17,,1,0,0,Có,1800000.0,569000000.0,Có,0
LSCN02257,2021,Vay tiêu dùng tín chấp,30,Bán hàng,16000000.0,Không,2,0.272,,2,0,72,Có,24480000.0,0.0,Có,0
LSCN02258,2024,Vay tiêu dùng tín chấp,40,Công chức,12700000.0,Có,16,0.43,,1,0,0,Không,7130000.0,0.0,Có,0
LSCN02259,2022,Vay mua nhà,29,Nhân viên văn phòng,13600000.0,Không,29,0.409,0.58,1,0,0,Không,5470000.0,135000000.0,Có,0
LSCN02260,2024,Vay mua nhà,48,Kỹ sư,13600000.0,Không,7,0.106,0.789,1,0,0,Có,20140000.0,214000000.0,Có,0
LSCN02261,2025,Vay tiêu dùng tín chấp,37,Bác sĩ,21500000.0,Không,28,0.503,,2,2,39,Có,5750000.0,127000000.0,Có,0
LSCN02262,2023,Vay sản xuất kinh doanh,41,Nhân viên văn phòng,11300000.0,Không,28,0.513,0.653,1,0,0,Có,5430000.0,181000000.0,Có,0
LSCN02263,2025,Vay tiêu dùng tín chấp,50,Kế toán,9900000.0,Có,17,0.597,,2,1,63,Có,1930000.0,52000000.0,Có,0
LSCN02264,2021,Vay tiêu dùng tín chấp,39,Bác sĩ,45600000.0,Có,44,0.572,,1,0,0,Không,20290000.0,625000000.0,Có,0
LSCN02265,2022,Vay mua ô tô,50,Hưu trí,14200000.0,Không,25,0.266,0.474,2,0,27,Có,5690000.0,74000000.0,Không,0
LSCN02266,2022,Vay sản xuất kinh doanh,29,Giáo viên,8100000.0,Có,7,0.221,0.653,1,0,0,Không,11630000.0,0.0,Có,0
LSCN02267,2024,Vay tiêu dùng tín chấp,42,Kế toán,11800000.0,Không,162,0.408,,1,0,0,Không,15800000.0,178000000.0,Có,0
LSCN02268,2023,Vay sản xuất kinh doanh,59,Công nhân,15700000.0,Không,10,0.755,0.653,2,2,45,Có,7730000.0,0.0,Có,0
LSCN02269,2025,Vay tiêu dùng tín chấp,49,Giáo viên,12500000.0,Không,1,0.546,,1,1,5,Có,2170000.0,0.0,Có,0
LSCN02270,2024,Vay mua ô tô,52,Nhân viên văn phòng,6200000.0,Không,2,0.188,0.614,1,0,0,Có,11470000.0,0.0,Có,0
LSCN02271,2022,Vay tiêu dùng tín chấp,30,Kỹ sư,39800000.0,Không,51,0.301,,1,0,0,Có,3760000.0,0.0,Có,0
LSCN02272,2021,Vay sản xuất kinh doanh,22,Công chức,11500000.0,Có,5,0.405,0.653,1,0,0,Không,2040000.0,0.0,Có,0
LSCN02273,2022,Vay tiêu dùng tín chấp,53,Bác sĩ,23300000.0,Có,60,0.112,,1,0,0,Có,70020000.0,6711000000.0,Có,0
LSCN02274,2021,Vay mua ô tô,44,Bán hàng,4700000.0,Có,22,0.238,0.547,1,0,0,Không,3040000.0,0.0,Có,0
LSCN02275,2025,Vay tiêu dùng tín chấp,41,Nội trợ,4500000.0,Không,71,0.405,,1,0,0,Không,2370000.0,60000000.0,Có,0
LSCN02276,2023,Vay mua ô tô,39,Lái xe,22300000.0,Không,17,0.318,0.672,1,0,0,Có,21430000.0,0.0,Có,0
LSCN02277,2023,Vay tiêu dùng tín chấp,21,Lái xe,24400000.0,Không,10,0.561,,1,0,0,Không,4420000.0,175000000.0,Có,0
LSCN02278,2023,Vay tiêu dùng tín chấp,35,Bác sĩ,46800000.0,Có,11,0.32,,1,0,0,Có,14190000.0,1100000000.0,Có,0
LSCN02279,2021,Vay tiêu dùng tín chấp,24,Kế toán,23100000.0,Không,2,0.264,,1,0,0,Không,31790000.0,440000000.0,Có,0
LSCN02280,2022,Vay tiêu dùng tín chấp,32,Giáo viên,14100000.0,Không,10,0.446,,1,0,0,Có,5790000.0,499000000.0,Có,0
LSCN02281,2021,Vay mua nhà,35,Kỹ sư,23100000.0,Không,0,0.271,0.69,2,0,56,Có,16360000.0,0.0,Có,0
LSCN02282,2023,Vay mua nhà,45,Hưu trí,3400000.0,Có,82,0.532,0.778,1,0,0,Có,1310000.0,201000000.0,Có,0
LSCN02283,2021,Vay tiêu dùng tín chấp,32,Giáo viên,7600000.0,Không,29,0.572,,1,0,0,Có,9610000.0,0.0,Có,0
LSCN02284,2023,Vay tiêu dùng tín chấp,24,Nội trợ,2800000.0,Không,0,0.553,,1,0,0,Không,400000.0,0.0,Có,0
LSCN02285,2023,Vay mua ô tô,29,Kinh doanh tự do,40700000.0,Không,53,0.458,0.708,1,0,0,Có,27260000.0,0.0,Có,0
LSCN02286,2025,Vay tiêu dùng tín chấp,27,Công chức,19300000.0,Có,5,0.325,,1,0,0,Có,35390000.0,125000000.0,Có,0
LSCN02287,2025,Vay tiêu dùng tín chấp,39,Kỹ sư,9100000.0,Có,25,0.541,,1,1,6,Có,8750000.0,0.0,Có,0
LSCN02288,2021,Vay sản xuất kinh doanh,33,Nội trợ,3500000.0,Không,83,0.273,0.653,1,1,5,Có,3610000.0,0.0,Có,0
LSCN02289,2021,Vay mua ô tô,45,Hưu trí,4100000.0,Không,39,0.39,0.716,2,0,62,Có,800000.0,0.0,Có,0
LSCN02290,2021,Vay tiêu dùng tín chấp,33,Kế toán,18600000.0,Không,15,0.384,,1,0,0,Không,4260000.0,0.0,Có,0
LSCN02291,2021,Vay mua ô tô,50,Kế toán,22400000.0,Có,9,0.176,0.535,1,0,0,Có,4850000.0,218000000.0,Có,0
LSCN02292,2023,Vay mua nhà,44,Kỹ sư,17800000.0,Không,61,0.353,0.668,1,0,0,Có,7080000.0,0.0,Có,0
LSCN02293,2023,Vay tiêu dùng tín chấp,27,Nội trợ,3800000.0,Không,81,0.367,,1,0,0,Không,13400000.0,0.0,Có,0
LSCN02294,2024,Vay tiêu dùng tín chấp,33,Công chức,19500000.0,Không,2,0.52,,1,0,0,Không,6830000.0,0.0,Có,0
LSCN02295,2025,Vay tiêu dùng tín chấp,36,Công chức,9700000.0,Có,11,0.389,,1,0,0,Không,7060000.0,589000000.0,Có,0
LSCN02296,2023,Vay sản xuất kinh doanh,22,Bác sĩ,51800000.0,Không,27,0.489,0.653,2,0,75,Có,15840000.0,3314000000.0,Có,0
LSCN02297,2024,Vay sản xuất kinh doanh,30,Kế toán,16000000.0,Không,11,0.407,0.653,1,1,3,Có,26100000.0,0.0,Có,0
LSCN02298,2023,Vay mua nhà,42,Lái xe,13200000.0,Không,23,0.316,0.777,1,3,6,Có,940000.0,0.0,Có,1
LSCN02299,2023,Vay sản xuất kinh doanh,45,Lái xe,21800000.0,Có,74,0.548,0.653,2,0,64,Có,13930000.0,0.0,Có,0
LSCN02300,2025,Vay mua nhà,45,Lái xe,14500000.0,Không,34,0.322,0.644,1,1,8,Có,6960000.0,1525000000.0,Có,0
LSCN02301,2021,Vay mua ô tô,54,Kỹ sư,15300000.0,Không,60,0.433,0.671,1,0,0,Có,2930000.0,0.0,Có,0
LSCN02302,2023,Vay mua ô tô,32,Công chức,11900000.0,Có,1,0.679,0.679,2,0,62,Có,6370000.0,1103000000.0,Có,0
LSCN02303,2024,Vay mua ô tô,25,Bác sĩ,14500000.0,Không,92,0.426,0.503,1,0,0,Có,4050000.0,354000000.0,Có,0
LSCN02304,2024,Vay mua nhà,34,Công nhân,2800000.0,Có,45,0.47,0.719,2,0,58,Có,370000.0,0.0,Có,0
LSCN02305,2022,Vay tiêu dùng tín chấp,35,Bán hàng,14400000.0,Không,6,0.374,,1,1,6,Có,6330000.0,1937000000.0,Có,0
LSCN02306,2025,Vay tiêu dùng tín chấp,39,Lái xe,13400000.0,Có,43,0.595,,1,0,0,Có,3210000.0,0.0,Có,1
LSCN02307,2022,Vay tiêu dùng tín chấp,31,Bán hàng,7700000.0,Không,7,0.524,,1,0,0,Có,2400000.0,0.0,Có,0
LSCN02308,2024,Vay tiêu dùng tín chấp,44,Công chức,20300000.0,Có,6,0.402,,1,0,0,Không,15780000.0,0.0,Có,0
LSCN02309,2021,Vay mua nhà,48,Hưu trí,5900000.0,Không,77,0.16,0.629,1,0,0,Có,6440000.0,48000000.0,Có,0
LSCN02310,2023,Vay tiêu dùng tín chấp,40,Giáo viên,11500000.0,Có,7,0.356,,1,0,0,Không,13050000.0,529000000.0,Có,0
LSCN02311,2021,Vay mua nhà,28,Giáo viên,10800000.0,Có,25,0.288,0.731,2,1,53,Có,1510000.0,259000000.0,Có,0
LSCN02312,2025,Vay tiêu dùng tín chấp,41,Kỹ sư,25100000.0,Có,17,0.564,,1,0,0,Có,5970000.0,0.0,Có,0
LSCN02313,2021,Vay mua nhà,21,Lái xe,7300000.0,Có,87,0.367,0.638,1,0,0,Có,6160000.0,144000000.0,Có,0
LSCN02314,2022,Vay tiêu dùng tín chấp,22,Kỹ sư,18300000.0,Có,8,0.385,,1,0,0,Có,12820000.0,0.0,Có,0
LSCN02315,2023,Vay mua ô tô,50,Bán hàng,13200000.0,Có,28,0.278,0.606,1,0,0,Có,1650000.0,0.0,Có,0
LSCN02316,2024,Vay tiêu dùng tín chấp,37,Lái xe,12400000.0,Không,84,0.332,,1,1,7,Có,5960000.0,288000000.0,Có,0
LSCN02317,2025,Vay tiêu dùng tín chấp,56,Bác sĩ,13100000.0,Không,56,0.331,,1,0,0,Có,7230000.0,0.0,Có,0
LSCN02318,2024,Vay tiêu dùng tín chấp,30,Hưu trí,8700000.0,Có,6,0.399,,1,0,0,Không,2550000.0,0.0,Có,0
LSCN02319,2024,Vay tiêu dùng tín chấp,48,Lái xe,6300000.0,Không,47,0.306,,1,0,0,Có,970000.0,0.0,Có,0
LSCN02320,2023,Vay mua ô tô,68,Lái xe,14700000.0,Không,18,0.257,0.574,1,1,6,Có,7380000.0,0.0,Có,0
LSCN02321,2024,Vay mua ô tô,22,Nhân viên văn phòng,13500000.0,Không,95,0.356,0.752,1,0,0,Không,2350000.0,0.0,Có,0
LSCN02322,2021,Vay tiêu dùng tín chấp,27,Bác sĩ,33200000.0,Không,110,0.398,,1,0,0,Không,5190000.0,0.0,Có,0
LSCN02323,2023,Vay tiêu dùng tín chấp,42,Bác sĩ,32100000.0,Có,23,0.285,,1,0,0,Có,15820000.0,0.0,Có,0
LSCN02324,2024,Vay mua ô tô,33,Kỹ sư,15700000.0,Không,4,0.364,0.684,1,2,7,Có,3390000.0,0.0,Có,1
LSCN02325,2023,Vay mua ô tô,36,Lái xe,22700000.0,Có,14,0.101,0.749,1,0,0,Không,34670000.0,0.0,Có,0
LSCN02326,2025,Vay mua nhà,33,Lái xe,9700000.0,Có,30,0.378,0.69,1,0,0,Không,1470000.0,66000000.0,Có,0
LSCN02327,2022,Vay mua nhà,34,Bán hàng,7100000.0,Không,33,0.396,0.615,1,0,0,Có,4160000.0,14000000.0,Có,0
LSCN02328,2022,Vay sản xuất kinh doanh,34,Công nhân,11300000.0,Không,14,0.354,0.653,2,1,68,Có,3040000.0,0.0,Có,0
LSCN02329,2021,Vay mua nhà,44,Lái xe,9200000.0,Không,43,0.24,0.583,1,0,0,Có,8280000.0,214000000.0,Có,0
LSCN02330,2025,Vay mua nhà,24,Bán hàng,13900000.0,Có,26,0.349,0.756,1,2,8,Có,5800000.0,0.0,Có,0
LSCN02331,2025,Vay tiêu dùng tín chấp,34,Kinh doanh tự do,32600000.0,Không,25,0.46,,1,1,4,Có,26850000.0,0.0,Có,0
LSCN02332,2023,Vay tiêu dùng tín chấp,23,Lái xe,12900000.0,Có,33,0.134,,2,0,14,Có,19140000.0,0.0,Có,0
LSCN02333,2023,Vay mua ô tô,40,Nội trợ,1300000.0,Không,23,0.277,0.489,1,0,0,Có,3560000.0,0.0,Có,0
LSCN02334,2024,Vay mua nhà,28,Lái xe,14000000.0,Không,17,0.453,0.521,1,1,3,Có,3560000.0,0.0,Có,0
LSCN02335,2023,Vay tiêu dùng tín chấp,49,Bác sĩ,37000000.0,Có,46,0.196,,1,0,0,Có,10500000.0,0.0,Có,0
LSCN02336,2022,Vay mua nhà,34,Lái xe,14700000.0,Có,15,0.312,0.724,1,1,5,Có,11600000.0,319000000.0,Có,0
LSCN02337,2021,Vay sản xuất kinh doanh,40,Giáo viên,17600000.0,Có,10,0.248,0.653,1,0,0,Có,5600000.0,1537000000.0,Có,0
LSCN02338,2023,Vay tiêu dùng tín chấp,50,Bán hàng,19300000.0,Có,50,0.358,,1,0,0,Có,7410000.0,1654000000.0,Có,0
LSCN02339,2021,Vay tiêu dùng tín chấp,38,Lái xe,14000000.0,Không,19,0.273,,1,1,7,Có,23190000.0,0.0,Có,0
LSCN02340,2025,Vay mua nhà,57,Bán hàng,8300000.0,Không,103,0.536,0.76,1,2,3,Có,7460000.0,0.0,Có,0
LSCN02341,2022,Vay mua ô tô,33,Công nhân,7900000.0,Không,0,0.536,0.779,1,0,0,Có,5190000.0,0.0,Có,0
LSCN02342,2021,Vay tiêu dùng tín chấp,47,Nội trợ,2400000.0,Không,15,0.544,,2,0,88,Có,580000.0,27000000.0,Có,0
LSCN02343,2023,Vay sản xuất kinh doanh,43,Nội trợ,3300000.0,Không,20,0.573,0.653,1,0,0,Không,2930000.0,51000000.0,Có,0
LSCN02344,2024,Vay tiêu dùng tín chấp,25,Kỹ sư,22100000.0,Có,62,0.462,,1,0,0,Có,7700000.0,0.0,Có,0
LSCN02345,2021,Vay mua nhà,48,Lái xe,4900000.0,Có,46,0.076,0.697,1,0,0,Có,1430000.0,41000000.0,Có,0
LSCN02346,2022,Vay sản xuất kinh doanh,32,Nội trợ,3300000.0,Không,10,0.152,0.653,2,0,74,Có,940000.0,48000000.0,Có,0
LSCN02347,2025,Vay tiêu dùng tín chấp,41,Nhân viên văn phòng,8200000.0,Không,17,0.49,,1,0,0,Có,8380000.0,74000000.0,Có,0
LSCN02348,2023,Vay sản xuất kinh doanh,30,Hưu trí,8000000.0,Có,20,0.485,0.653,1,0,0,Có,3320000.0,0.0,Có,0
LSCN02349,2025,Vay mua ô tô,41,Nhân viên văn phòng,5900000.0,Có,79,0.554,0.881,1,1,6,Có,810000.0,0.0,Có,0
LSCN02350,2025,Vay tiêu dùng tín chấp,44,Nội trợ,4300000.0,Không,31,0.611,,1,0,0,Không,2180000.0,0.0,Có,0
LSCN02351,2023,Vay tiêu dùng tín chấp,48,Bác sĩ,37100000.0,Có,99,0.303,,1,0,0,Có,15730000.0,691000000.0,Có,0
LSCN02352,2021,Vay sản xuất kinh doanh,41,Kỹ sư,11500000.0,Có,17,0.05,0.653,1,0,0,Có,2200000.0,0.0,Có,0
LSCN02353,2023,Vay mua nhà,34,Giáo viên,10300000.0,Không,15,0.297,0.605,2,0,58,Có,4040000.0,0.0,Có,0
LSCN02354,2022,Vay tiêu dùng tín chấp,23,Kỹ sư,16400000.0,Có,74,0.452,,1,0,0,Không,7030000.0,0.0,Có,0
LSCN02355,2025,Vay tiêu dùng tín chấp,44,Lái xe,11500000.0,Không,1,0.05,,1,0,0,Có,8990000.0,180000000.0,Có,0
LSCN02356,2021,Vay tiêu dùng tín chấp,52,Kinh doanh tự do,7900000.0,Không,12,0.635,,1,0,0,Không,6430000.0,0.0,Có,1
LSCN02357,2023,Vay tiêu dùng tín chấp,42,Công chức,20500000.0,Không,34,0.69,,1,0,0,Có,9800000.0,0.0,Có,0
LSCN02358,2024,Vay mua ô tô,27,Kinh doanh tự do,17500000.0,Không,37,0.498,0.625,1,0,0,Không,10890000.0,0.0,Có,0
LSCN02359,2021,Vay sản xuất kinh doanh,39,Kinh doanh tự do,26100000.0,Không,2,0.493,0.653,1,1,8,Có,6990000.0,377000000.0,Không,1
LSCN02360,2024,Vay mua nhà,48,Giáo viên,12000000.0,Không,11,0.366,0.617,1,0,0,Có,15270000.0,249000000.0,Có,1
LSCN02361,2023,Vay mua ô tô,21,Công chức,15500000.0,Có,40,0.28,0.536,1,0,0,Có,9400000.0,0.0,Có,0
LSCN02362,2022,Vay mua ô tô,33,Nhân viên văn phòng,23200000.0,Không,8,0.742,0.694,2,2,47,Có,5420000.0,0.0,Có,0
LSCN02363,2023,Vay sản xuất kinh doanh,60,Nội trợ,4700000.0,Không,6,0.349,0.653,2,1,61,Có,390000.0,0.0,Có,0
LSCN02364,2025,Vay tiêu dùng tín chấp,32,Bán hàng,23100000.0,Có,40,0.294,,1,0,0,Có,22950000.0,0.0,Có,0
LSCN02365,2022,Vay sản xuất kinh doanh,36,Nhân viên văn phòng,9000000.0,Không,27,0.142,0.653,2,1,42,Có,5150000.0,0.0,Có,0
LSCN02366,2024,Vay mua nhà,31,Giáo viên,11400000.0,Có,15,0.379,0.782,1,1,4,Có,5020000.0,0.0,Có,0
LSCN02367,2023,Vay tiêu dùng tín chấp,28,Giáo viên,12900000.0,Có,89,0.444,,1,0,0,Không,16000000.0,0.0,Có,0
LSCN02368,2025,Vay tiêu dùng tín chấp,38,Lái xe,6500000.0,Có,53,0.127,,1,1,6,Có,14330000.0,0.0,Có,0
LSCN02369,2023,Vay sản xuất kinh doanh,38,Kỹ sư,17100000.0,Có,127,0.163,0.653,1,1,7,Có,8300000.0,829000000.0,Có,0
LSCN02370,2022,Vay mua nhà,38,Giáo viên,10600000.0,Có,11,0.448,0.516,1,0,0,Có,5990000.0,0.0,Có,0
LSCN02371,2022,Vay tiêu dùng tín chấp,68,Công nhân,15600000.0,Không,152,0.461,,2,0,39,Có,2860000.0,436000000.0,Có,0
LSCN02372,2024,Vay mua ô tô,45,Nhân viên văn phòng,9300000.0,Không,67,0.29,0.68,1,0,0,Không,6060000.0,0.0,Có,0
LSCN02373,2023,Vay mua ô tô,23,Lái xe,12400000.0,Không,9,0.422,0.68,1,0,0,Có,1220000.0,0.0,Có,0
LSCN02374,2024,Vay tiêu dùng tín chấp,55,Bán hàng,12900000.0,Không,59,0.253,,2,1,29,Có,15880000.0,0.0,Có,1
LSCN02375,2024,Vay tiêu dùng tín chấp,42,Hưu trí,7500000.0,Không,22,0.202,,1,0,0,Có,55690000.0,105000000.0,Có,0
LSCN02376,2023,Vay mua nhà,47,Công nhân,13100000.0,Không,5,0.648,0.732,2,2,52,Có,1190000.0,0.0,Có,1
LSCN02377,2022,Vay tiêu dùng tín chấp,33,Công nhân,5100000.0,Không,6,0.21,,2,0,27,Có,9760000.0,111000000.0,Có,0
LSCN02378,2022,Vay tiêu dùng tín chấp,30,Hưu trí,5600000.0,Có,74,0.307,,1,1,9,Có,4190000.0,0.0,Có,0
LSCN02379,2023,Vay tiêu dùng tín chấp,31,Nhân viên văn phòng,22500000.0,Có,139,0.421,,1,0,0,Không,8070000.0,281000000.0,Có,0
LSCN02380,2024,Vay tiêu dùng tín chấp,30,Công nhân,5100000.0,Không,23,0.303,,1,0,0,Có,8920000.0,683000000.0,Có,0
LSCN02381,2021,Vay tiêu dùng tín chấp,31,Công chức,14800000.0,Không,80,0.117,,1,0,0,Không,21580000.0,3622000000.0,Không,0
LSCN02382,2024,Vay mua ô tô,33,Bác sĩ,24100000.0,Có,50,0.219,0.672,1,1,9,Có,25600000.0,0.0,Có,0
LSCN02383,2021,Vay mua ô tô,52,Nội trợ,3000000.0,Không,87,0.481,0.722,2,2,30,Có,1520000.0,0.0,Có,0
LSCN02384,2021,Vay sản xuất kinh doanh,39,Kỹ sư,23700000.0,Có,36,0.315,0.653,1,0,0,Có,1870000.0,0.0,Có,0
LSCN02385,2022,Vay tiêu dùng tín chấp,26,Kỹ sư,47100000.0,Không,46,0.495,,1,0,0,Không,114870000.0,0.0,Có,0
LSCN02386,2022,Vay mua nhà,28,Hưu trí,3800000.0,Không,7,0.684,0.602,2,2,20,Có,2360000.0,22000000.0,Có,0
LSCN02387,2021,Vay tiêu dùng tín chấp,42,Công chức,11800000.0,Không,60,0.309,,1,0,0,Có,11120000.0,910000000.0,Có,0
LSCN02388,2023,Vay tiêu dùng tín chấp,38,Bác sĩ,24500000.0,Không,44,0.336,,1,0,0,Không,38230000.0,0.0,Có,0
LSCN02389,2022,Vay tiêu dùng tín chấp,28,Nội trợ,9500000.0,Không,7,0.324,,2,1,13,Có,1420000.0,335000000.0,Có,1
LSCN02390,2022,Vay tiêu dùng tín chấp,37,Kỹ sư,29800000.0,Không,10,0.409,,1,0,0,Có,9620000.0,0.0,Có,0
LSCN02391,2023,Vay tiêu dùng tín chấp,49,Lái xe,13500000.0,Có,15,0.575,,1,1,2,Có,30300000.0,0.0,Có,0
LSCN02392,2025,Vay sản xuất kinh doanh,44,Nội trợ,4700000.0,Không,30,0.393,0.653,1,1,3,Có,1990000.0,70000000.0,Có,0
LSCN02393,2021,Vay sản xuất kinh doanh,36,Nội trợ,4800000.0,Không,51,0.347,0.653,2,3,51,Có,2680000.0,0.0,Có,0
LSCN02394,2024,Vay mua nhà,37,Bán hàng,14000000.0,Không,13,0.509,0.687,1,1,5,Có,2080000.0,90000000.0,Có,0
LSCN02395,2024,Vay tiêu dùng tín chấp,27,Hưu trí,9600000.0,Có,83,0.311,,1,0,0,Có,8290000.0,318000000.0,Có,0
LSCN02396,2023,Vay tiêu dùng tín chấp,57,Công nhân,13600000.0,Không,57,0.343,,1,0,0,Không,5320000.0,32000000.0,Có,0
LSCN02397,2022,Vay mua nhà,36,Kỹ sư,21300000.0,Có,64,0.102,0.507,1,0,0,Có,22430000.0,443000000.0,Có,0
LSCN02398,2023,Vay mua ô tô,47,Hưu trí,6200000.0,Có,24,0.232,0.624,1,0,0,Không,4280000.0,97000000.0,Có,0
LSCN02399,2021,Vay sản xuất kinh doanh,21,Nhân viên văn phòng,26400000.0,Có,33,0.736,0.653,1,0,0,Không,16540000.0,0.0,Có,0
LSCN02400,2024,Vay sản xuất kinh doanh,21,Hưu trí,12700000.0,Có,77,0.293,0.653,1,0,0,Có,29830000.0,0.0,Có,0
LSCN02401,2022,Vay sản xuất kinh doanh,50,Bán hàng,20600000.0,Có,28,0.084,0.653,1,0,0,Có,21780000.0,202000000.0,Có,0
LSCN02402,2022,Vay tiêu dùng tín chấp,37,Giáo viên,6700000.0,Có,33,0.334,,1,0,0,Có,1170000.0,109000000.0,Có,0
LSCN02403,2025,Vay sản xuất kinh doanh,26,Nội trợ,2700000.0,Không,24,0.362,0.653,1,0,0,Có,1580000.0,0.0,Có,1
LSCN02404,2024,Vay mua ô tô,47,Hưu trí,5300000.0,Không,18,0.554,0.95,2,1,58,Có,1190000.0,163000000.0,Có,0
LSCN02405,2023,Vay mua ô tô,36,Công nhân,8100000.0,Không,101,0.291,0.585,1,0,0,Có,5880000.0,251000000.0,Có,0
LSCN02406,2025,Vay mua nhà,36,Nội trợ,4500000.0,Không,12,0.454,0.823,2,3,27,Có,830000.0,7000000.0,Có,0
LSCN02407,2024,Vay sản xuất kinh doanh,47,Công nhân,9500000.0,Không,6,0.391,0.653,1,0,0,Có,13150000.0,346000000.0,Có,0
LSCN02408,2021,Vay sản xuất kinh doanh,37,Công nhân,5800000.0,Không,53,0.458,0.653,2,0,20,Có,3180000.0,0.0,Có,0
LSCN02409,2025,Vay tiêu dùng tín chấp,21,Kỹ sư,28000000.0,Không,17,0.232,,1,0,0,Không,46820000.0,964000000.0,Có,0
LSCN02410,2024,Vay tiêu dùng tín chấp,27,Giáo viên,5700000.0,Không,11,0.342,,2,0,24,Có,2860000.0,0.0,Có,0
LSCN02411,2025,Vay mua ô tô,24,Kế toán,15500000.0,Không,99,0.313,0.643,1,0,0,Có,17250000.0,1119000000.0,Có,0
LSCN02412,2021,Vay tiêu dùng tín chấp,38,Lái xe,18800000.0,Có,32,0.305,,1,0,0,Có,3970000.0,0.0,Có,0
LSCN02413,2025,Vay tiêu dùng tín chấp,33,Kế toán,7900000.0,Không,13,0.315,,1,1,4,Có,2480000.0,830000000.0,Có,0
LSCN02414,2023,Vay tiêu dùng tín chấp,36,Nội trợ,5200000.0,Không,16,0.41,,1,0,0,Có,8820000.0,18000000.0,Có,0
LSCN02415,2023,Vay mua nhà,29,Công chức,21600000.0,Có,6,0.357,0.835,2,1,54,Có,21520000.0,1389000000.0,Có,0
LSCN02416,2021,Vay mua ô tô,23,Lái xe,11500000.0,Có,26,0.291,0.635,1,0,0,Không,12230000.0,118000000.0,Có,0
LSCN02417,2023,Vay mua ô tô,53,Công chức,39100000.0,Có,9,0.414,0.609,1,1,1,Có,26330000.0,0.0,Có,0
LSCN02418,2023,Vay tiêu dùng tín chấp,23,Hưu trí,5900000.0,Có,9,0.369,,1,0,0,Có,8670000.0,0.0,Có,0
LSCN02419,2021,Vay sản xuất kinh doanh,33,Kinh doanh tự do,15300000.0,Không,14,0.702,0.653,2,2,14,Có,1300000.0,0.0,Có,0
LSCN02420,2025,Vay sản xuất kinh doanh,45,Kế toán,12000000.0,Có,22,0.527,0.653,1,0,0,Có,6900000.0,0.0,Có,0
LSCN02421,2022,Vay tiêu dùng tín chấp,37,Công nhân,10000000.0,Có,2,0.341,,1,0,0,Có,6310000.0,106000000.0,Có,0
LSCN02422,2021,Vay tiêu dùng tín chấp,45,Hưu trí,12300000.0,Không,29,0.408,,2,0,46,Có,7930000.0,0.0,Có,0
LSCN02423,2022,Vay mua nhà,43,Hưu trí,9000000.0,Không,4,0.354,0.624,1,0,0,Có,21770000.0,207000000.0,Có,0
LSCN02424,2021,Vay mua nhà,26,Nhân viên văn phòng,16400000.0,Không,21,0.298,0.524,1,0,0,Không,18510000.0,3080000000.0,Có,0
LSCN02425,2024,Vay tiêu dùng tín chấp,42,Kế toán,15900000.0,Có,17,0.459,,1,0,0,Có,1800000.0,0.0,Có,0
LSCN02426,2025,Vay tiêu dùng tín chấp,44,Lái xe,14000000.0,Không,10,0.302,,1,1,9,Có,4670000.0,162000000.0,Có,0
LSCN02427,2022,Vay tiêu dùng tín chấp,52,Kinh doanh tự do,20100000.0,Không,14,0.289,,1,0,0,Không,4770000.0,412000000.0,Có,0
LSCN02428,2022,Vay tiêu dùng tín chấp,26,Bác sĩ,25800000.0,Không,95,0.414,,1,0,0,Có,26620000.0,0.0,Có,0
LSCN02429,2021,Vay tiêu dùng tín chấp,30,Lái xe,10800000.0,Không,5,0.275,,1,0,0,Có,2330000.0,0.0,Có,0
LSCN02430,2022,Vay tiêu dùng tín chấp,37,Công nhân,10500000.0,Không,24,0.335,,1,0,0,Không,4190000.0,0.0,Có,0
LSCN02431,2022,Vay mua ô tô,29,Công nhân,13600000.0,Có,60,0.583,0.69,1,0,0,Có,11170000.0,0.0,Có,0
LSCN02432,2024,Vay tiêu dùng tín chấp,50,Nhân viên văn phòng,6600000.0,Có,75,0.447,,1,0,0,Có,3180000.0,78000000.0,Có,0
LSCN02433,2022,Vay tiêu dùng tín chấp,30,Lái xe,13800000.0,Không,3,0.414,,1,0,0,Có,13280000.0,1408000000.0,Có,0
LSCN02434,2025,Vay sản xuất kinh doanh,46,Kinh doanh tự do,20700000.0,Không,5,0.519,0.653,1,1,8,Có,3710000.0,0.0,Có,0
LSCN02435,2022,Vay tiêu dùng tín chấp,45,Kinh doanh tự do,13800000.0,Không,19,0.345,,1,0,0,Có,2280000.0,324000000.0,Có,0
LSCN02436,2021,Vay mua nhà,27,Giáo viên,13000000.0,Không,20,0.106,0.604,1,0,0,Có,13490000.0,0.0,Có,0
LSCN02437,2022,Vay mua ô tô,42,Công nhân,6300000.0,Có,27,0.347,0.586,1,0,0,Có,4860000.0,159000000.0,Có,0
LSCN02438,2022,Vay sản xuất kinh doanh,53,Công chức,14800000.0,Không,26,0.404,0.653,1,0,0,Không,22150000.0,402000000.0,Không,0
LSCN02439,2025,Vay mua ô tô,50,Công chức,14900000.0,Có,63,0.389,0.721,1,0,0,Có,5700000.0,0.0,Có,0
LSCN02440,2023,Vay mua nhà,45,Kỹ sư,31500000.0,Có,8,0.347,0.598,1,0,0,Có,20280000.0,1524000000.0,Có,0
LSCN02441,2024,Vay mua nhà,23,Kinh doanh tự do,13000000.0,Không,3,0.567,0.507,1,0,0,Có,1230000.0,0.0,Có,0
LSCN02442,2021,Vay tiêu dùng tín chấp,25,Bác sĩ,32200000.0,Có,45,0.33,,2,0,70,Có,46710000.0,357000000.0,Có,0
LSCN02443,2021,Vay tiêu dùng tín chấp,38,Nhân viên văn phòng,18600000.0,Không,56,0.365,,1,0,0,Có,5230000.0,0.0,Có,0
LSCN02444,2021,Vay mua nhà,22,Lái xe,10200000.0,Không,43,0.347,0.698,1,0,0,Có,6140000.0,160000000.0,Có,0
LSCN02445,2025,Vay mua nhà,46,Công chức,26700000.0,Có,21,0.265,0.535,1,1,9,Có,6370000.0,0.0,Có,0
LSCN02446,2023,Vay sản xuất kinh doanh,31,Giáo viên,11500000.0,Không,0,0.222,0.653,2,0,30,Có,4370000.0,0.0,Có,0
LSCN02447,2025,Vay mua ô tô,36,Bán hàng,11200000.0,Không,7,0.184,0.711,1,0,0,Không,10360000.0,98000000.0,Có,0
LSCN02448,2024,Vay mua ô tô,55,Bác sĩ,25500000.0,Có,19,0.274,0.55,1,0,0,Có,28930000.0,1393000000.0,Có,0
LSCN02449,2023,Vay mua ô tô,44,Hưu trí,8800000.0,Có,8,0.274,0.72,1,1,2,Có,3430000.0,0.0,Có,0
LSCN02450,2023,Vay mua ô tô,53,Lái xe,9100000.0,Có,32,0.29,0.696,1,2,4,Có,3160000.0,0.0,Có,0
LSCN02451,2021,Vay mua ô tô,49,Lái xe,7200000.0,Có,16,0.517,0.639,1,0,0,Có,3460000.0,205000000.0,Có,0
LSCN02452,2025,Vay tiêu dùng tín chấp,44,Kinh doanh tự do,13800000.0,Không,8,0.264,,1,0,0,Không,5750000.0,0.0,Có,0
LSCN02453,2025,Vay sản xuất kinh doanh,53,Bán hàng,4400000.0,Không,15,0.352,0.653,1,0,0,Có,4500000.0,0.0,Có,0
LSCN02454,2022,Vay mua nhà,26,Nhân viên văn phòng,8500000.0,Không,51,0.535,0.705,1,0,0,Không,2010000.0,125000000.0,Có,0
LSCN02455,2024,Vay mua nhà,42,Nội trợ,4200000.0,Không,17,0.429,0.605,1,1,1,Có,740000.0,17000000.0,Có,0
LSCN02456,2021,Vay tiêu dùng tín chấp,39,Nhân viên văn phòng,9900000.0,Có,20,0.413,,1,0,0,Không,4640000.0,0.0,Có,0
LSCN02457,2025,Vay sản xuất kinh doanh,44,Công nhân,4000000.0,Không,41,0.849,0.653,1,0,0,Có,2360000.0,490000000.0,Có,0
LSCN02458,2025,Vay mua nhà,34,Bán hàng,19400000.0,Không,1,0.244,0.705,1,0,0,Có,3220000.0,0.0,Có,0
LSCN02459,2021,Vay sản xuất kinh doanh,50,Kế toán,18800000.0,Không,19,0.455,0.653,1,2,3,Có,3310000.0,0.0,Có,0
LSCN02460,2022,Vay tiêu dùng tín chấp,26,Hưu trí,12500000.0,Có,53,0.05,,2,0,35,Có,19150000.0,504000000.0,Có,0
LSCN02461,2021,Vay mua nhà,39,Hưu trí,8300000.0,Có,38,0.619,0.743,1,1,8,Có,2910000.0,0.0,Có,0
LSCN02462,2021,Vay mua ô tô,31,Kỹ sư,27200000.0,Không,9,0.459,0.712,2,0,50,Có,12850000.0,0.0,Có,0
LSCN02463,2022,Vay tiêu dùng tín chấp,23,Hưu trí,7200000.0,Có,21,0.347,,1,1,1,Có,6120000.0,0.0,Có,0
LSCN02464,2024,Vay tiêu dùng tín chấp,40,Giáo viên,11400000.0,Có,119,0.332,,1,0,0,Không,49090000.0,844000000.0,Có,0
LSCN02465,2024,Vay mua nhà,39,Nội trợ,3800000.0,Không,12,0.493,0.674,1,1,7,Có,2760000.0,0.0,Có,0
LSCN02466,2023,Vay sản xuất kinh doanh,35,Bán hàng,9000000.0,Không,41,0.05,0.653,1,0,0,Có,1840000.0,0.0,Có,0
LSCN02467,2024,Vay mua nhà,48,Lái xe,9600000.0,Không,16,0.196,0.732,1,0,0,Có,4110000.0,125000000.0,Không,0
LSCN02468,2022,Vay sản xuất kinh doanh,21,Giáo viên,7600000.0,Có,34,0.325,0.653,1,0,0,Không,2830000.0,0.0,Có,0
LSCN02469,2022,Vay tiêu dùng tín chấp,33,Hưu trí,5900000.0,Không,5,0.454,,1,0,0,Không,1760000.0,0.0,Có,0
LSCN02470,2025,Vay mua ô tô,41,Kế toán,15300000.0,Có,7,0.567,0.787,2,1,64,Có,23280000.0,0.0,Có,0
LSCN02471,2025,Vay mua ô tô,35,Bác sĩ,28900000.0,Không,28,0.356,0.654,1,1,1,Có,7750000.0,0.0,Có,0
LSCN02472,2025,Vay tiêu dùng tín chấp,41,Kế toán,16100000.0,Có,8,0.084,,1,0,0,Có,17940000.0,149000000.0,Có,0
LSCN02473,2021,Vay sản xuất kinh doanh,21,Công nhân,12000000.0,Có,1,0.385,0.653,1,0,0,Có,6780000.0,103000000.0,Có,0
LSCN02474,2021,Vay tiêu dùng tín chấp,49,Công nhân,4300000.0,Có,20,0.466,,1,1,2,Có,4780000.0,107000000.0,Có,0
LSCN02475,2021,Vay mua nhà,46,Nội trợ,3700000.0,Không,4,0.34,0.739,1,0,0,Có,900000.0,0.0,Không,0
LSCN02476,2025,Vay tiêu dùng tín chấp,36,Nhân viên văn phòng,16100000.0,Có,50,0.218,,1,0,0,Có,8940000.0,0.0,Có,0
LSCN02477,2025,Vay mua nhà,37,Bác sĩ,27400000.0,Không,7,0.589,0.668,1,0,0,Có,41910000.0,0.0,Có,0
LSCN02478,2023,Vay mua ô tô,39,Lái xe,13300000.0,Có,12,0.572,0.7,1,0,0,Có,1650000.0,51000000.0,Có,0
LSCN02479,2023,Vay mua ô tô,61,Kế toán,20600000.0,Có,4,0.104,0.627,2,0,20,Có,19800000.0,543000000.0,Có,0
LSCN02480,2024,Vay sản xuất kinh doanh,40,Kỹ sư,61000000.0,Có,74,0.218,0.653,1,0,0,Không,40560000.0,0.0,Có,0
LSCN02481,2022,Vay mua nhà,43,Kỹ sư,22800000.0,Không,7,0.507,0.766,1,0,0,Không,6140000.0,0.0,Có,0
LSCN02482,2022,Vay sản xuất kinh doanh,51,Kinh doanh tự do,16800000.0,Không,46,0.236,0.653,1,0,0,Có,23620000.0,0.0,Có,0
LSCN02483,2021,Vay mua nhà,29,Nhân viên văn phòng,25800000.0,Không,180,0.187,0.683,1,0,0,Có,38110000.0,0.0,Có,0
LSCN02484,2021,Vay mua ô tô,50,Hưu trí,12300000.0,Có,4,0.382,0.813,2,0,20,Có,19090000.0,0.0,Có,0
LSCN02485,2021,Vay tiêu dùng tín chấp,37,Nhân viên văn phòng,10100000.0,Không,27,0.151,,1,1,5,Có,7800000.0,0.0,Có,0
LSCN02486,2025,Vay mua nhà,44,Kế toán,16700000.0,Không,4,0.431,0.622,1,0,0,Có,9960000.0,90000000.0,Có,0
LSCN02487,2023,Vay tiêu dùng tín chấp,36,Công chức,8600000.0,Có,20,0.243,,1,0,0,Có,10210000.0,0.0,Có,0
LSCN02488,2022,Vay mua ô tô,28,Bác sĩ,63500000.0,Không,20,0.38,0.619,1,0,0,Không,45150000.0,0.0,Có,0
LSCN02489,2022,Vay sản xuất kinh doanh,28,Nội trợ,3500000.0,Không,19,0.59,0.653,2,0,50,Có,3960000.0,0.0,Có,0
LSCN02490,2024,Vay mua nhà,37,Kế toán,18700000.0,Có,0,0.301,0.777,1,1,7,Có,5880000.0,0.0,Có,0
LSCN02491,2023,Vay tiêu dùng tín chấp,26,Bác sĩ,59000000.0,Không,2,0.311,,1,0,0,Có,64230000.0,0.0,Có,0
LSCN02492,2024,Vay tiêu dùng tín chấp,63,Kỹ sư,27400000.0,Có,28,0.399,,2,0,50,Có,1690000.0,0.0,Có,0
LSCN02493,2023,Vay sản xuất kinh doanh,45,Nhân viên văn phòng,10100000.0,Có,46,0.454,0.653,1,0,0,Không,2550000.0,0.0,Có,0
LSCN02494,2025,Vay tiêu dùng tín chấp,23,Bán hàng,14600000.0,Có,59,0.26,,1,0,0,Không,14750000.0,0.0,Có,0
LSCN02495,2022,Vay mua nhà,28,Giáo viên,12400000.0,Không,126,0.425,0.709,1,0,0,Có,7660000.0,0.0,Có,0
LSCN02496,2025,Vay tiêu dùng tín chấp,33,Bác sĩ,81500000.0,Có,60,0.343,,1,0,0,Có,18400000.0,0.0,Có,0
LSCN02497,2023,Vay tiêu dùng tín chấp,40,Kỹ sư,29300000.0,Có,15,0.211,,2,0,14,Có,40060000.0,0.0,Có,0
LSCN02498,2021,Vay tiêu dùng tín chấp,41,Kỹ sư,20800000.0,Có,24,0.409,,2,1,36,Có,7590000.0,2373000000.0,Có,0
LSCN02499,2023,Vay tiêu dùng tín chấp,43,Nhân viên văn phòng,23200000.0,Có,6,0.355,,1,1,6,Có,4800000.0,124000000.0,Có,0
LSCN02500,2021,Vay tiêu dùng tín chấp,21,Nội trợ,10900000.0,Không,54,0.419,,1,0,0,Không,1300000.0,0.0,Có,1
LSCN02501,2022,Vay tiêu dùng tín chấp,47,Nội trợ,4900000.0,Không,6,0.798,,1,0,0,Không,230000.0,0.0,Có,0
LSCN02502,2025,Vay mua nhà,25,Kế toán,11400000.0,Có,47,0.073,0.677,1,0,0,Có,18000000.0,537000000.0,Có,0
LSCN02503,2021,Vay mua ô tô,53,Giáo viên,11500000.0,Có,41,0.372,0.69,1,0,0,Có,2160000.0,539000000.0,Có,0
LSCN02504,2022,Vay mua ô tô,42,Bán hàng,12200000.0,Có,1,0.346,0.653,1,0,0,Có,3650000.0,59000000.0,Có,1
LSCN02505,2021,Vay mua ô tô,39,Kỹ sư,48500000.0,Có,1,0.452,0.599,1,0,0,Có,21950000.0,2738000000.0,Có,0
LSCN02506,2022,Vay tiêu dùng tín chấp,34,Bác sĩ,33100000.0,Có,8,0.334,,1,0,0,Có,33250000.0,0.0,Có,0
LSCN02507,2023,Vay tiêu dùng tín chấp,45,Hưu trí,3300000.0,Có,4,0.61,,3,2,108,Có,1820000.0,0.0,Có,0
LSCN02508,2024,Vay mua ô tô,25,Bán hàng,6400000.0,Có,23,0.381,0.715,1,0,0,Có,3810000.0,0.0,Có,0
LSCN02509,2021,Vay tiêu dùng tín chấp,34,Công chức,11800000.0,Có,10,0.246,,1,0,0,Có,12740000.0,1403000000.0,Có,0
LSCN02510,2025,Vay mua ô tô,40,Nhân viên văn phòng,14600000.0,Có,33,0.276,0.714,1,0,0,Không,8060000.0,313000000.0,Có,0
LSCN02511,2023,Vay sản xuất kinh doanh,58,Bác sĩ,31100000.0,Không,14,0.642,0.653,1,1,5,Có,7070000.0,0.0,Có,0
LSCN02512,2022,Vay mua ô tô,53,Công nhân,4000000.0,Có,15,0.588,0.723,1,0,0,Không,3340000.0,0.0,Có,0
LSCN02513,2021,Vay tiêu dùng tín chấp,28,Bác sĩ,12800000.0,Không,34,0.265,,1,0,0,Không,15220000.0,235000000.0,Có,0
LSCN02514,2025,Vay mua nhà,67,Kinh doanh tự do,12600000.0,Không,7,0.37,0.738,2,0,20,Có,2220000.0,280000000.0,Có,0
LSCN02515,2025,Vay mua ô tô,34,Công chức,20400000.0,Có,62,0.449,0.718,1,0,0,Có,4280000.0,361000000.0,Có,0
LSCN02516,2023,Vay mua nhà,38,Công chức,19200000.0,Không,47,0.398,0.556,1,0,0,Có,15100000.0,733000000.0,Có,0
LSCN02517,2025,Vay tiêu dùng tín chấp,36,Kỹ sư,21400000.0,Không,79,0.262,,1,0,0,Không,15030000.0,0.0,Có,0
LSCN02518,2023,Vay tiêu dùng tín chấp,47,Nhân viên văn phòng,41800000.0,Không,10,0.184,,1,0,0,Không,70680000.0,5774000000.0,Có,0
LSCN02519,2025,Vay mua nhà,35,Giáo viên,13300000.0,Có,3,0.614,0.593,1,1,8,Có,13750000.0,0.0,Có,0
LSCN02520,2021,Vay mua ô tô,46,Kinh doanh tự do,25100000.0,Không,8,0.25,0.467,1,1,9,Có,44530000.0,0.0,Có,0
LSCN02521,2021,Vay tiêu dùng tín chấp,36,Kế toán,15100000.0,Không,88,0.154,,1,0,0,Có,4070000.0,0.0,Có,0
LSCN02522,2023,Vay tiêu dùng tín chấp,35,Nhân viên văn phòng,18500000.0,Không,3,0.548,,2,0,33,Có,13500000.0,0.0,Có,0
LSCN02523,2023,Vay tiêu dùng tín chấp,37,Bán hàng,11600000.0,Có,18,0.26,,2,0,31,Có,6910000.0,0.0,Có,0
LSCN02524,2024,Vay mua nhà,50,Kinh doanh tự do,14900000.0,Không,4,0.43,0.635,1,0,0,Không,51960000.0,444000000.0,Có,0
LSCN02525,2025,Vay mua nhà,27,Bán hàng,11200000.0,Có,11,0.474,0.779,1,0,0,Có,2850000.0,142000000.0,Có,0
LSCN02526,2025,Vay tiêu dùng tín chấp,33,Kế toán,21700000.0,Có,31,0.278,,1,3,8,Có,20550000.0,0.0,Có,0
LSCN02527,2021,Vay sản xuất kinh doanh,41,Kế toán,9600000.0,Không,29,0.453,0.653,1,1,9,Có,1530000.0,0.0,Có,0
LSCN02528,2021,Vay tiêu dùng tín chấp,30,Kế toán,19400000.0,Có,25,0.258,,1,0,0,Có,6220000.0,685000000.0,Có,0
LSCN02529,2025,Vay mua ô tô,24,Giáo viên,15000000.0,Có,19,0.442,0.562,1,0,0,Có,15270000.0,0.0,Có,0
LSCN02530,2023,Vay mua nhà,27,Lái xe,11700000.0,Có,17,0.239,0.756,1,0,0,Có,4400000.0,249000000.0,Có,0
LSCN02531,2022,Vay tiêu dùng tín chấp,31,Bán hàng,8400000.0,Không,6,0.439,,1,0,0,Có,3960000.0,0.0,Có,0
LSCN02532,2024,Vay mua ô tô,42,Nội trợ,3000000.0,Không,7,0.503,0.674,1,0,0,Không,1680000.0,0.0,Có,0
LSCN02533,2025,Vay tiêu dùng tín chấp,21,Bác sĩ,19400000.0,Có,14,0.291,,1,0,0,Có,3450000.0,3849000000.0,Có,0
LSCN02534,2024,Vay sản xuất kinh doanh,45,Hưu trí,14200000.0,Có,11,0.34,0.653,1,0,0,Có,14060000.0,0.0,Có,0
LSCN02535,2022,Vay mua ô tô,36,Kế toán,16100000.0,Có,1,0.402,0.531,1,0,0,Có,22590000.0,235000000.0,Có,0
LSCN02536,2025,Vay tiêu dùng tín chấp,41,Kỹ sư,74700000.0,Có,21,0.274,,1,0,0,Có,19540000.0,698000000.0,Có,0
LSCN02537,2025,Vay mua nhà,45,Bác sĩ,32100000.0,Không,17,0.526,0.718,1,0,0,Không,13140000.0,954000000.0,Có,0
LSCN02538,2021,Vay mua ô tô,46,Kỹ sư,18100000.0,Có,35,0.623,0.768,2,0,83,Có,5130000.0,0.0,Có,0
LSCN02539,2022,Vay mua nhà,36,Lái xe,12900000.0,Có,39,0.206,0.647,1,0,0,Không,33570000.0,1991000000.0,Có,0
LSCN02540,2021,Vay mua ô tô,64,Kinh doanh tự do,21700000.0,Không,0,0.557,0.697,1,0,0,Có,6880000.0,0.0,Có,1
LSCN02541,2022,Vay tiêu dùng tín chấp,32,Kỹ sư,19300000.0,Không,152,0.624,,2,3,32,Có,4120000.0,0.0,Có,1
LSCN02542,2025,Vay tiêu dùng tín chấp,40,Nhân viên văn phòng,17100000.0,Không,2,0.497,,1,0,0,Có,14660000.0,0.0,Có,0
LSCN02543,2024,Vay tiêu dùng tín chấp,49,Công nhân,5300000.0,Có,5,0.345,,1,0,0,Có,4410000.0,0.0,Có,0
LSCN02544,2024,Vay mua ô tô,39,Hưu trí,10700000.0,Có,9,0.289,0.474,1,0,0,Không,118960000.0,0.0,Có,0
LSCN02545,2023,Vay tiêu dùng tín chấp,38,Lái xe,9700000.0,Không,0,0.436,,1,0,0,Có,6070000.0,761000000.0,Có,0
LSCN02546,2025,Vay mua ô tô,42,Nhân viên văn phòng,16900000.0,Có,0,0.337,0.506,1,0,0,Không,10390000.0,156000000.0,Có,0
LSCN02547,2022,Vay tiêu dùng tín chấp,35,Kinh doanh tự do,20200000.0,Không,5,0.681,,1,0,0,Không,17150000.0,393000000.0,Có,0
LSCN02548,2025,Vay tiêu dùng tín chấp,45,Kỹ sư,25000000.0,Có,14,0.208,,1,0,0,Không,91120000.0,166000000.0,Có,0
LSCN02549,2021,Vay sản xuất kinh doanh,50,Bán hàng,27000000.0,Không,149,0.283,0.653,1,0,0,Không,101930000.0,558000000.0,Có,0
LSCN02550,2022,Vay sản xuất kinh doanh,42,Công nhân,14500000.0,Có,11,0.23,0.653,1,0,0,Không,4530000.0,0.0,Có,0
LSCN02551,2024,Vay mua ô tô,35,Bán hàng,13700000.0,Không,102,0.58,0.925,2,1,18,Có,1160000.0,0.0,Có,0
LSCN02552,2025,Vay sản xuất kinh doanh,45,Bác sĩ,87100000.0,Có,13,0.256,0.653,1,0,0,Có,146210000.0,1895000000.0,Có,0
LSCN02553,2021,Vay tiêu dùng tín chấp,46,Kế toán,18400000.0,Không,16,0.319,,1,1,2,Có,11180000.0,0.0,Có,1
LSCN02554,2021,Vay mua nhà,24,Kỹ sư,15800000.0,Có,24,0.322,0.719,1,0,0,Có,5620000.0,0.0,Có,0
LSCN02555,2024,Vay tiêu dùng tín chấp,28,Hưu trí,8600000.0,Không,1,0.423,,1,0,0,Không,1660000.0,0.0,Có,0
LSCN02556,2024,Vay tiêu dùng tín chấp,29,Nhân viên văn phòng,12600000.0,Không,32,0.38,,1,1,6,Có,17900000.0,0.0,Có,0
LSCN02557,2025,Vay mua ô tô,35,Kế toán,18200000.0,Có,6,0.306,0.61,1,0,0,Có,8370000.0,201000000.0,Có,0
LSCN02558,2024,Vay tiêu dùng tín chấp,41,Nội trợ,3900000.0,Không,42,0.265,,1,0,0,Không,3530000.0,0.0,Có,0
LSCN02559,2025,Vay sản xuất kinh doanh,41,Nhân viên văn phòng,14200000.0,Không,12,0.372,0.653,1,0,0,Có,4270000.0,0.0,Có,0
LSCN02560,2021,Vay mua nhà,42,Kế toán,21500000.0,Không,9,0.354,0.552,1,0,0,Không,13440000.0,358000000.0,Có,0
LSCN02561,2021,Vay tiêu dùng tín chấp,41,Công nhân,16600000.0,Có,64,0.363,,1,0,0,Không,5690000.0,156000000.0,Có,0
LSCN02562,2022,Vay tiêu dùng tín chấp,47,Công chức,9300000.0,Không,9,0.346,,1,0,0,Có,19490000.0,1227000000.0,Có,0
LSCN02563,2025,Vay tiêu dùng tín chấp,37,Kỹ sư,44300000.0,Có,26,0.423,,1,0,0,Có,28440000.0,0.0,Có,0
LSCN02564,2022,Vay tiêu dùng tín chấp,38,Công nhân,6200000.0,Có,17,0.5,,1,0,0,Có,3890000.0,0.0,Có,0
LSCN02565,2023,Vay tiêu dùng tín chấp,29,Nội trợ,5000000.0,Không,93,0.451,,1,0,0,Có,11430000.0,255000000.0,Có,0
LSCN02566,2021,Vay mua ô tô,33,Nội trợ,3400000.0,Không,2,0.223,0.681,1,0,0,Có,5880000.0,694000000.0,Có,0
LSCN02567,2023,Vay mua nhà,36,Công chức,20800000.0,Không,10,0.415,0.587,1,0,0,Có,17100000.0,599000000.0,Có,0
LSCN02568,2023,Vay mua ô tô,42,Nội trợ,3400000.0,Không,59,0.299,0.64,1,0,0,Có,2140000.0,126000000.0,Có,0
LSCN02569,2023,Vay mua ô tô,35,Kinh doanh tự do,43800000.0,Không,15,0.399,0.52,1,0,0,Có,34940000.0,0.0,Có,0
LSCN02570,2021,Vay mua nhà,38,Nhân viên văn phòng,6100000.0,Có,39,0.131,0.64,1,0,0,Không,3650000.0,255000000.0,Có,0
LSCN02571,2021,Vay mua ô tô,21,Lái xe,14300000.0,Có,27,0.177,0.535,1,0,0,Có,10400000.0,0.0,Có,0
LSCN02572,2025,Vay mua nhà,39,Nội trợ,3200000.0,Không,25,0.088,0.688,1,0,0,Có,810000.0,36000000.0,Có,0
LSCN02573,2023,Vay tiêu dùng tín chấp,31,Hưu trí,6400000.0,Không,3,0.298,,1,0,0,Có,3060000.0,0.0,Có,0
LSCN02574,2024,Vay mua nhà,26,Kinh doanh tự do,14100000.0,Không,4,0.243,0.752,1,0,0,Không,6580000.0,342000000.0,Có,0
LSCN02575,2024,Vay tiêu dùng tín chấp,26,Công nhân,11600000.0,Có,97,0.364,,1,0,0,Có,6930000.0,0.0,Có,0
LSCN02576,2022,Vay mua nhà,39,Nội trợ,3300000.0,Không,17,0.607,0.585,1,0,0,Không,1020000.0,27000000.0,Có,0
LSCN02577,2024,Vay tiêu dùng tín chấp,50,Công nhân,6500000.0,Có,80,0.355,,1,0,0,Có,4980000.0,34000000.0,Có,1
LSCN02578,2025,Vay mua nhà,36,Bán hàng,50200000.0,Có,21,0.352,0.541,1,0,0,Không,18670000.0,3754000000.0,Có,0
LSCN02579,2022,Vay tiêu dùng tín chấp,41,Bác sĩ,33300000.0,Có,1,0.05,,1,1,9,Có,34690000.0,0.0,Có,0
LSCN02580,2023,Vay tiêu dùng tín chấp,32,Kỹ sư,50600000.0,Có,21,0.05,,1,1,2,Có,48920000.0,6137000000.0,Có,0
LSCN02581,2025,Vay tiêu dùng tín chấp,45,Nhân viên văn phòng,8100000.0,Có,10,0.271,,1,0,0,Có,9130000.0,0.0,Có,0
LSCN02582,2024,Vay sản xuất kinh doanh,21,Nội trợ,3600000.0,Không,2,0.326,0.653,1,0,0,Có,3210000.0,0.0,Có,0
LSCN02583,2021,Vay tiêu dùng tín chấp,41,Kinh doanh tự do,26800000.0,Không,5,0.231,,1,1,2,Có,4660000.0,0.0,Có,1
LSCN02584,2025,Vay mua ô tô,33,Kế toán,4400000.0,Không,13,0.319,0.69,1,0,0,Có,2780000.0,123000000.0,Có,0
LSCN02585,2021,Vay sản xuất kinh doanh,21,Bác sĩ,40800000.0,Có,7,0.318,0.653,1,0,0,Có,342650000.0,1814000000.0,Có,0
LSCN02586,2024,Vay tiêu dùng tín chấp,45,Giáo viên,31700000.0,Có,65,0.319,,1,0,0,Không,29580000.0,126000000.0,Có,0
LSCN02587,2025,Vay tiêu dùng tín chấp,27,Nội trợ,3500000.0,Không,111,0.179,,1,0,0,Có,2010000.0,0.0,Có,0
LSCN02588,2025,Vay mua ô tô,37,Kinh doanh tự do,10400000.0,Không,28,0.325,0.72,1,0,0,Không,1820000.0,16000000.0,Có,0
LSCN02589,2023,Vay sản xuất kinh doanh,40,Nhân viên văn phòng,18300000.0,Có,14,0.564,0.653,1,0,0,Không,15570000.0,0.0,Có,0
LSCN02590,2023,Vay mua ô tô,38,Lái xe,15900000.0,Không,23,0.472,0.707,2,1,28,Có,1630000.0,0.0,Có,0
LSCN02591,2024,Vay sản xuất kinh doanh,45,Nhân viên văn phòng,17300000.0,Có,4,0.366,0.653,1,0,0,Có,20960000.0,0.0,Có,0
LSCN02592,2022,Vay mua nhà,40,Kinh doanh tự do,22100000.0,Không,15,0.295,0.777,1,1,7,Có,5550000.0,1239000000.0,Có,0
LSCN02593,2021,Vay tiêu dùng tín chấp,51,Giáo viên,10400000.0,Có,56,0.314,,1,0,0,Không,5060000.0,0.0,Có,0
LSCN02594,2024,Vay mua nhà,40,Nội trợ,3900000.0,Không,6,0.282,0.628,1,0,0,Không,2660000.0,0.0,Có,0
LSCN02595,2021,Vay tiêu dùng tín chấp,49,Lái xe,14900000.0,Không,10,0.137,,1,0,0,Không,12900000.0,671000000.0,Có,0
LSCN02596,2025,Vay mua nhà,21,Nội trợ,1800000.0,Không,27,0.491,0.747,2,2,88,Có,930000.0,25000000.0,Có,1
LSCN02597,2022,Vay mua nhà,22,Bán hàng,15400000.0,Có,53,0.617,0.535,1,1,8,Có,860000.0,0.0,Có,1
LSCN02598,2024,Vay tiêu dùng tín chấp,21,Kỹ sư,20600000.0,Không,29,0.509,,1,0,0,Có,11140000.0,257000000.0,Có,0
LSCN02599,2021,Vay sản xuất kinh doanh,32,Nội trợ,2400000.0,Không,24,0.498,0.653,2,0,13,Có,1650000.0,0.0,Có,1
LSCN02600,2024,Vay mua nhà,45,Lái xe,7700000.0,Có,7,0.481,0.633,1,0,0,Có,1770000.0,131000000.0,Có,0
LSCN02601,2023,Vay sản xuất kinh doanh,28,Nội trợ,4700000.0,Không,22,0.277,0.653,1,0,0,Không,1870000.0,0.0,Có,0
LSCN02602,2024,Vay tiêu dùng tín chấp,52,Công nhân,10700000.0,Có,6,0.638,,2,1,62,Có,2220000.0,0.0,Có,0
LSCN02603,2022,Vay tiêu dùng tín chấp,51,Giáo viên,22500000.0,Có,76,0.265,,1,0,0,Có,17690000.0,0.0,Có,0
LSCN02604,2021,Vay tiêu dùng tín chấp,29,Công nhân,7500000.0,Không,22,0.487,,1,0,0,Có,5340000.0,0.0,Có,0
LSCN02605,2021,Vay tiêu dùng tín chấp,34,Lái xe,17000000.0,Không,10,0.186,,1,0,0,Có,9000000.0,0.0,Có,0
LSCN02606,2022,Vay mua ô tô,50,Nhân viên văn phòng,13200000.0,Không,27,0.162,0.743,1,0,0,Không,13190000.0,2645000000.0,Có,0
LSCN02607,2024,Vay tiêu dùng tín chấp,37,Kinh doanh tự do,25000000.0,Không,62,0.317,,1,0,0,Có,10180000.0,0.0,Có,0
LSCN02608,2023,Vay tiêu dùng tín chấp,39,Bác sĩ,12500000.0,Có,31,0.467,,1,0,0,Có,5410000.0,0.0,Có,0
LSCN02609,2023,Vay mua nhà,50,Bán hàng,18600000.0,Không,37,0.507,0.637,1,1,9,Có,6690000.0,1969000000.0,Có,0
LSCN02610,2021,Vay tiêu dùng tín chấp,37,Kế toán,21900000.0,Có,63,0.414,,1,1,9,Có,14400000.0,0.0,Có,0
LSCN02611,2025,Vay tiêu dùng tín chấp,35,Nhân viên văn phòng,25600000.0,Có,41,0.523,,1,0,0,Có,10120000.0,757000000.0,Có,0
LSCN02612,2023,Vay mua nhà,26,Kỹ sư,17000000.0,Không,49,0.248,0.552,1,0,0,Không,60430000.0,151000000.0,Có,0
LSCN02613,2025,Vay sản xuất kinh doanh,32,Bán hàng,10100000.0,Có,10,0.443,0.653,1,0,0,Có,8090000.0,0.0,Có,0
LSCN02614,2023,Vay mua ô tô,38,Công nhân,4200000.0,Không,1,0.515,0.795,1,1,8,Có,1300000.0,0.0,Có,0
LSCN02615,2024,Vay tiêu dùng tín chấp,39,Bác sĩ,8900000.0,Có,26,0.533,,1,0,0,Không,1620000.0,288000000.0,Có,1
LSCN02616,2022,Vay mua nhà,42,Giáo viên,8000000.0,Có,14,0.561,0.499,1,1,9,Có,1620000.0,0.0,Có,0
LSCN02617,2024,Vay tiêu dùng tín chấp,34,Bán hàng,5100000.0,Không,66,0.479,,1,0,0,Có,2910000.0,0.0,Có,0
LSCN02618,2024,Vay tiêu dùng tín chấp,31,Kinh doanh tự do,29400000.0,Không,56,0.288,,2,0,76,Có,9270000.0,522000000.0,Có,0
LSCN02619,2023,Vay tiêu dùng tín chấp,34,Nhân viên văn phòng,10900000.0,Có,0,0.635,,1,0,0,Có,9090000.0,0.0,Có,0
LSCN02620,2025,Vay tiêu dùng tín chấp,43,Công nhân,14400000.0,Có,1,0.422,,2,0,87,Có,7760000.0,0.0,Có,1
LSCN02621,2024,Vay mua ô tô,44,Bán hàng,12200000.0,Có,32,0.621,0.639,1,0,0,Có,8340000.0,0.0,Có,0
LSCN02622,2021,Vay mua ô tô,35,Bác sĩ,33300000.0,Có,116,0.261,0.548,1,0,0,Không,38550000.0,1080000000.0,Có,0
LSCN02623,2021,Vay tiêu dùng tín chấp,29,Kế toán,27600000.0,Không,61,0.414,,2,0,13,Có,9020000.0,0.0,Có,0
LSCN02624,2023,Vay mua ô tô,26,Nhân viên văn phòng,9600000.0,Có,17,0.498,0.739,1,0,0,Có,4030000.0,84000000.0,Có,0
LSCN02625,2023,Vay sản xuất kinh doanh,43,Giáo viên,23700000.0,Không,3,0.284,0.653,1,0,0,Không,13990000.0,395000000.0,Có,0
LSCN02626,2021,Vay sản xuất kinh doanh,24,Lái xe,8700000.0,Không,56,0.144,0.653,1,0,0,Không,2680000.0,0.0,Có,0
LSCN02627,2021,Vay sản xuất kinh doanh,52,Kỹ sư,17300000.0,Có,11,0.261,0.653,1,0,0,Có,2470000.0,232000000.0,Có,0
LSCN02628,2021,Vay mua nhà,42,Lái xe,4700000.0,Có,3,0.388,0.95,1,0,0,Không,3570000.0,0.0,Có,0
LSCN02629,2025,Vay tiêu dùng tín chấp,39,Nội trợ,3600000.0,Không,21,0.383,,1,0,0,Có,2150000.0,0.0,Có,0
LSCN02630,2025,Vay tiêu dùng tín chấp,37,Kỹ sư,8100000.0,Có,1,0.436,,1,0,0,Không,19830000.0,0.0,Có,0
LSCN02631,2024,Vay mua ô tô,52,Công nhân,12200000.0,Có,67,0.562,0.693,1,0,0,Không,12920000.0,0.0,Có,0
LSCN02632,2021,Vay tiêu dùng tín chấp,50,Nhân viên văn phòng,15100000.0,Có,11,0.343,,1,0,0,Có,5380000.0,245000000.0,Có,0
LSCN02633,2021,Vay mua ô tô,22,Công chức,7400000.0,Không,25,0.413,0.825,2,0,22,Có,2870000.0,2570000000.0,Có,0
LSCN02634,2024,Vay tiêu dùng tín chấp,21,Nhân viên văn phòng,12800000.0,Có,8,0.476,,1,0,0,Có,5480000.0,660000000.0,Có,0
LSCN02635,2021,Vay sản xuất kinh doanh,48,Kỹ sư,31100000.0,Không,0,0.431,0.653,2,0,89,Có,19040000.0,2778000000.0,Có,0
LSCN02636,2022,Vay mua ô tô,62,Lái xe,14900000.0,Có,15,0.31,0.702,1,0,0,Có,1440000.0,171000000.0,Có,0
LSCN02637,2025,Vay mua ô tô,37,Nhân viên văn phòng,19300000.0,Không,1,0.736,0.619,1,0,0,Có,9260000.0,0.0,Có,0
LSCN02638,2022,Vay mua nhà,31,Bán hàng,11600000.0,Không,4,0.392,0.64,1,0,0,Có,1220000.0,1695000000.0,Có,0
LSCN02639,2024,Vay mua nhà,32,Nhân viên văn phòng,22900000.0,Có,37,0.281,0.72,2,1,41,Có,8120000.0,635000000.0,Có,1
LSCN02640,2021,Vay tiêu dùng tín chấp,59,Kinh doanh tự do,15800000.0,Không,20,0.22,,1,0,0,Có,3140000.0,0.0,Có,0
LSCN02641,2021,Vay mua nhà,46,Kế toán,33300000.0,Không,36,0.432,0.657,1,0,0,Không,17790000.0,459000000.0,Có,0
LSCN02642,2025,Vay mua ô tô,48,Nội trợ,2600000.0,Không,97,0.241,0.557,1,0,0,Có,6480000.0,0.0,Có,0
LSCN02643,2025,Vay tiêu dùng tín chấp,33,Kế toán,27000000.0,Có,56,0.259,,1,0,0,Không,42910000.0,93000000.0,Có,0
LSCN02644,2021,Vay sản xuất kinh doanh,32,Công chức,15400000.0,Không,70,0.511,0.653,2,0,71,Có,23890000.0,0.0,Có,0
LSCN02645,2022,Vay sản xuất kinh doanh,22,Nội trợ,3300000.0,Không,32,0.247,0.653,2,0,62,Có,6110000.0,29000000.0,Có,0
LSCN02646,2024,Vay mua nhà,30,Kỹ sư,10700000.0,Không,60,0.462,0.547,1,0,0,Không,3790000.0,180000000.0,Có,0
LSCN02647,2023,Vay mua nhà,37,Nội trợ,6100000.0,Không,30,0.301,0.728,1,0,0,Có,2050000.0,0.0,Có,0
LSCN02648,2021,Vay mua nhà,42,Nội trợ,3100000.0,Không,54,0.527,0.833,1,0,0,Không,1190000.0,5000000.0,Có,0
LSCN02649,2025,Vay mua nhà,49,Nhân viên văn phòng,22000000.0,Có,4,0.399,0.707,1,0,0,Có,8950000.0,671000000.0,Có,0
LSCN02650,2023,Vay mua ô tô,43,Kinh doanh tự do,16100000.0,Không,0,0.472,0.918,1,3,1,Có,21560000.0,0.0,Có,0
LSCN02651,2022,Vay tiêu dùng tín chấp,34,Giáo viên,22300000.0,Không,65,0.396,,2,0,49,Có,14140000.0,0.0,Có,0
LSCN02652,2025,Vay tiêu dùng tín chấp,63,Lái xe,13400000.0,Có,2,0.213,,1,0,0,Có,8070000.0,0.0,Có,0
LSCN02653,2023,Vay sản xuất kinh doanh,37,Bán hàng,11300000.0,Có,44,0.417,0.653,1,0,0,Không,2510000.0,79000000.0,Có,0
LSCN02654,2021,Vay sản xuất kinh doanh,46,Nhân viên văn phòng,9100000.0,Không,36,0.427,0.653,1,0,0,Có,16590000.0,0.0,Có,0
LSCN02655,2023,Vay sản xuất kinh doanh,32,Nhân viên văn phòng,15500000.0,Có,20,0.238,0.653,1,0,0,Không,16260000.0,430000000.0,Có,0
LSCN02656,2023,Vay mua ô tô,35,Kế toán,9100000.0,Không,39,0.505,0.855,2,1,35,Có,2490000.0,305000000.0,Có,0
LSCN02657,2021,Vay mua ô tô,43,Giáo viên,13800000.0,Có,15,0.399,0.478,1,0,0,Không,14180000.0,79000000.0,Có,0
LSCN02658,2021,Vay sản xuất kinh doanh,45,Kế toán,13200000.0,Không,6,0.38,0.653,1,1,1,Có,11350000.0,0.0,Có,0
LSCN02659,2025,Vay mua ô tô,32,Bán hàng,25700000.0,Không,9,0.42,0.672,1,0,0,Có,11360000.0,0.0,Có,0
LSCN02660,2025,Vay tiêu dùng tín chấp,37,Lái xe,6100000.0,Không,45,0.423,,1,0,0,Có,2210000.0,0.0,Có,0
LSCN02661,2024,Vay mua nhà,30,Kinh doanh tự do,15000000.0,Không,6,0.485,0.625,1,1,9,Có,3810000.0,105000000.0,Có,0
LSCN02662,2021,Vay mua ô tô,23,Công chức,14400000.0,Có,55,0.36,0.61,1,0,0,Có,5730000.0,195000000.0,Có,0
LSCN02663,2022,Vay mua nhà,47,Lái xe,26400000.0,Không,5,0.321,0.768,1,0,0,Có,12540000.0,0.0,Không,0
LSCN02664,2023,Vay mua ô tô,47,Hưu trí,8600000.0,Có,19,0.318,0.521,1,1,8,Có,9550000.0,0.0,Có,0
LSCN02665,2023,Vay tiêu dùng tín chấp,49,Kỹ sư,34900000.0,Không,9,0.458,,1,2,6,Có,13000000.0,0.0,Có,1
LSCN02666,2025,Vay sản xuất kinh doanh,41,Bán hàng,19500000.0,Có,1,0.423,0.653,1,0,0,Có,28640000.0,721000000.0,Có,0
LSCN02667,2021,Vay mua nhà,38,Công nhân,11300000.0,Có,26,0.489,0.704,1,0,0,Không,3380000.0,264000000.0,Có,0
LSCN02668,2023,Vay mua ô tô,42,Giáo viên,11700000.0,Có,33,0.484,0.611,1,1,1,Có,3290000.0,0.0,Có,0
LSCN02669,2022,Vay tiêu dùng tín chấp,38,Giáo viên,11600000.0,Có,30,0.238,,1,0,0,Không,5750000.0,0.0,Có,0
LSCN02670,2024,Vay sản xuất kinh doanh,46,Hưu trí,4700000.0,Có,135,0.294,0.653,1,0,0,Có,1710000.0,0.0,Có,0
LSCN02671,2025,Vay tiêu dùng tín chấp,21,Hưu trí,8900000.0,Có,7,0.338,,1,0,0,Không,4270000.0,0.0,Có,0
LSCN02672,2022,Vay tiêu dùng tín chấp,40,Hưu trí,8700000.0,Có,34,0.294,,1,0,0,Không,22360000.0,581000000.0,Có,0
LSCN02673,2024,Vay tiêu dùng tín chấp,34,Nội trợ,2900000.0,Không,17,0.528,,1,0,0,Có,4440000.0,0.0,Có,0
LSCN02674,2022,Vay tiêu dùng tín chấp,48,Kinh doanh tự do,13300000.0,Không,31,0.379,,1,0,0,Có,6400000.0,48000000.0,Có,0
LSCN02675,2022,Vay mua nhà,47,Nhân viên văn phòng,12800000.0,Không,9,0.523,0.573,1,0,0,Có,4490000.0,0.0,Có,0
LSCN02676,2021,Vay sản xuất kinh doanh,31,Nội trợ,5200000.0,Không,0,0.33,0.653,1,0,0,Có,1180000.0,0.0,Có,0
LSCN02677,2021,Vay sản xuất kinh doanh,58,Bán hàng,5300000.0,Không,24,0.418,0.653,1,0,0,Không,13700000.0,0.0,Có,0
LSCN02678,2025,Vay tiêu dùng tín chấp,42,Bác sĩ,73600000.0,Không,113,0.451,,1,0,0,Có,23490000.0,0.0,Có,0
LSCN02679,2025,Vay sản xuất kinh doanh,32,Công nhân,15200000.0,Có,7,0.475,0.653,1,0,0,Có,6080000.0,0.0,Có,0
LSCN02680,2023,Vay tiêu dùng tín chấp,44,Bán hàng,9300000.0,Không,83,0.603,,3,0,114,Có,2170000.0,0.0,Có,0
LSCN02681,2022,Vay tiêu dùng tín chấp,31,Bác sĩ,47200000.0,Có,31,0.068,,1,0,0,Có,374930000.0,0.0,Có,0
LSCN02682,2025,Vay mua ô tô,26,Bán hàng,9800000.0,Không,22,0.351,0.749,2,1,27,Có,960000.0,0.0,Có,1
LSCN02683,2025,Vay sản xuất kinh doanh,33,Hưu trí,7200000.0,Có,9,0.268,0.653,2,0,42,Có,2240000.0,0.0,Có,0
LSCN02684,2024,Vay sản xuất kinh doanh,27,Công nhân,13100000.0,Không,32,0.407,0.653,1,0,0,Không,4680000.0,598000000.0,Có,0
LSCN02685,2022,Vay mua ô tô,26,Nội trợ,4200000.0,Không,2,0.296,0.596,1,2,6,Có,4480000.0,41000000.0,Không,0
LSCN02686,2021,Vay mua nhà,31,Công nhân,15300000.0,Có,1,0.338,0.613,1,0,0,Có,4120000.0,0.0,Có,0
LSCN02687,2022,Vay mua ô tô,39,Lái xe,7600000.0,Có,180,0.245,0.748,1,0,0,Không,19320000.0,0.0,Có,0
LSCN02688,2021,Vay mua ô tô,21,Công nhân,6600000.0,Có,33,0.323,0.796,1,0,0,Không,1940000.0,178000000.0,Có,0
LSCN02689,2024,Vay tiêu dùng tín chấp,30,Kỹ sư,24200000.0,Không,18,0.457,,1,1,8,Có,42750000.0,0.0,Có,0
LSCN02690,2021,Vay sản xuất kinh doanh,50,Kế toán,17400000.0,Không,31,0.186,0.653,1,0,0,Có,6210000.0,0.0,Có,0
LSCN02691,2025,Vay sản xuất kinh doanh,43,Nội trợ,4500000.0,Không,55,0.507,0.653,2,0,69,Có,1100000.0,0.0,Có,0
LSCN02692,2022,Vay mua nhà,37,Bác sĩ,48600000.0,Có,92,0.362,0.639,1,1,8,Có,15840000.0,0.0,Có,0
LSCN02693,2021,Vay tiêu dùng tín chấp,42,Nhân viên văn phòng,17700000.0,Không,11,0.189,,2,2,16,Có,6260000.0,0.0,Có,0
LSCN02694,2023,Vay tiêu dùng tín chấp,44,Bác sĩ,17300000.0,Có,12,0.367,,1,0,0,Không,9300000.0,0.0,Có,0
LSCN02695,2024,Vay mua ô tô,37,Bác sĩ,12100000.0,Không,16,0.232,0.639,1,0,0,Không,7800000.0,121000000.0,Có,0
LSCN02696,2024,Vay tiêu dùng tín chấp,30,Công chức,13900000.0,Có,22,0.205,,1,0,0,Có,1070000.0,232000000.0,Có,0
LSCN02697,2021,Vay tiêu dùng tín chấp,26,Giáo viên,10100000.0,Có,42,0.38,,1,0,0,Có,22080000.0,0.0,Có,0
LSCN02698,2024,Vay tiêu dùng tín chấp,57,Hưu trí,6900000.0,Có,91,0.398,,1,0,0,Không,10480000.0,81000000.0,Có,1
LSCN02699,2023,Vay tiêu dùng tín chấp,33,Công chức,7400000.0,Không,2,0.304,,2,0,87,Có,4030000.0,0.0,Có,0
LSCN02700,2024,Vay mua ô tô,41,Nội trợ,3600000.0,Không,7,0.508,0.689,1,0,0,Có,1160000.0,0.0,Có,0
LSCN02701,2024,Vay tiêu dùng tín chấp,55,Nội trợ,9400000.0,Không,62,0.472,,1,0,0,Có,4640000.0,448000000.0,Có,0
LSCN02702,2025,Vay mua nhà,33,Bán hàng,9500000.0,Không,112,0.551,0.69,1,0,0,Không,3060000.0,0.0,Có,0
LSCN02703,2022,Vay sản xuất kinh doanh,27,Kế toán,21900000.0,Có,5,0.551,0.653,1,1,9,Có,4510000.0,266000000.0,Có,0
LSCN02704,2025,Vay mua nhà,35,Công chức,13900000.0,Không,26,0.236,0.687,1,0,0,Có,9210000.0,0.0,Có,0
LSCN02705,2023,Vay mua ô tô,29,Kỹ sư,19100000.0,Có,59,0.346,0.623,1,0,0,Có,9880000.0,152000000.0,Có,0
LSCN02706,2024,Vay mua nhà,40,Nhân viên văn phòng,10400000.0,Không,6,0.154,0.537,1,0,0,Có,12330000.0,489000000.0,Có,0
LSCN02707,2024,Vay tiêu dùng tín chấp,52,Nhân viên văn phòng,19200000.0,Có,103,0.455,,1,0,0,Có,14370000.0,0.0,Có,0
LSCN02708,2021,Vay tiêu dùng tín chấp,34,Kế toán,30500000.0,Có,30,0.351,,1,0,0,Có,6850000.0,0.0,Có,0
LSCN02709,2023,Vay mua nhà,30,Nhân viên văn phòng,31400000.0,Không,106,0.373,0.782,1,1,6,Có,81810000.0,0.0,Có,0
LSCN02710,2025,Vay tiêu dùng tín chấp,34,Nội trợ,7100000.0,Không,56,0.375,,1,0,0,Không,3420000.0,0.0,Có,0
LSCN02711,2024,Vay tiêu dùng tín chấp,45,Nhân viên văn phòng,12700000.0,Không,12,0.463,,1,2,7,Có,4350000.0,0.0,Có,0
LSCN02712,2021,Vay tiêu dùng tín chấp,21,Kỹ sư,45400000.0,Có,3,0.349,,1,0,0,Có,86340000.0,2510000000.0,Có,0
LSCN02713,2023,Vay mua nhà,35,Bán hàng,12300000.0,Có,50,0.521,0.662,1,0,0,Không,10910000.0,0.0,Có,0
LSCN02714,2025,Vay sản xuất kinh doanh,24,Lái xe,10500000.0,Không,99,0.476,0.653,1,0,0,Có,5040000.0,0.0,Có,0
LSCN02715,2022,Vay mua nhà,46,Hưu trí,11700000.0,Có,47,0.257,0.752,1,0,0,Có,34610000.0,0.0,Có,0
LSCN02716,2023,Vay mua nhà,29,Kỹ sư,18200000.0,Không,10,0.612,0.596,1,0,0,Có,17050000.0,0.0,Có,0
LSCN02717,2022,Vay mua nhà,21,Công chức,12200000.0,Có,12,0.105,0.456,1,0,0,Có,10920000.0,771000000.0,Có,0
LSCN02718,2024,Vay tiêu dùng tín chấp,56,Kinh doanh tự do,30000000.0,Không,1,0.139,,1,0,0,Không,105100000.0,51000000.0,Có,0
LSCN02719,2021,Vay tiêu dùng tín chấp,43,Lái xe,16800000.0,Có,21,0.284,,1,0,0,Không,3640000.0,0.0,Có,0
LSCN02720,2024,Vay sản xuất kinh doanh,21,Bán hàng,39800000.0,Không,32,0.415,0.653,1,1,1,Có,19130000.0,0.0,Có,0
LSCN02721,2025,Vay mua ô tô,21,Kế toán,25200000.0,Không,92,0.403,0.629,1,0,0,Có,3140000.0,0.0,Có,0
LSCN02722,2021,Vay mua ô tô,29,Kinh doanh tự do,25200000.0,Không,37,0.517,0.736,2,1,20,Có,2180000.0,0.0,Có,0
LSCN02723,2024,Vay mua ô tô,31,Giáo viên,13800000.0,Không,20,0.262,0.559,1,0,0,Có,1830000.0,211000000.0,Có,0
LSCN02724,2024,Vay tiêu dùng tín chấp,44,Bán hàng,17900000.0,Có,68,0.377,,1,0,0,Có,8260000.0,0.0,Có,0
LSCN02725,2023,Vay tiêu dùng tín chấp,50,Công chức,27300000.0,Có,49,0.246,,1,0,0,Không,19910000.0,131000000.0,Có,0
LSCN02726,2023,Vay tiêu dùng tín chấp,27,Lái xe,15700000.0,Có,2,0.281,,2,0,18,Có,16100000.0,0.0,Có,0
LSCN02727,2025,Vay tiêu dùng tín chấp,39,Lái xe,4800000.0,Không,17,0.54,,1,0,0,Không,1930000.0,0.0,Có,0
LSCN02728,2023,Vay tiêu dùng tín chấp,32,Kỹ sư,35900000.0,Không,34,0.378,,1,0,0,Không,11700000.0,142000000.0,Có,0
LSCN02729,2024,Vay sản xuất kinh doanh,29,Công chức,18500000.0,Không,70,0.306,0.653,1,0,0,Có,6240000.0,0.0,Có,0
LSCN02730,2022,Vay tiêu dùng tín chấp,34,Hưu trí,7500000.0,Có,32,0.745,,2,0,65,Có,10020000.0,0.0,Có,0
LSCN02731,2025,Vay tiêu dùng tín chấp,35,Công chức,15800000.0,Có,113,0.473,,1,0,0,Không,12310000.0,254000000.0,Có,0
LSCN02732,2023,Vay mua nhà,30,Bác sĩ,21200000.0,Không,31,0.555,0.694,2,0,30,Có,5900000.0,0.0,Có,1
LSCN02733,2025,Vay tiêu dùng tín chấp,23,Nội trợ,5100000.0,Không,126,0.362,,1,1,2,Có,9820000.0,0.0,Có,0
LSCN02734,2023,Vay mua nhà,29,Kế toán,30400000.0,Không,16,0.321,0.505,1,0,0,Có,15430000.0,94000000.0,Có,0
LSCN02735,2025,Vay mua nhà,54,Nội trợ,2100000.0,Không,132,0.509,0.695,1,0,0,Không,1230000.0,15000000.0,Có,0
LSCN02736,2022,Vay tiêu dùng tín chấp,51,Bác sĩ,12700000.0,Có,14,0.376,,1,0,0,Có,9000000.0,183000000.0,Có,0
LSCN02737,2023,Vay mua ô tô,51,Hưu trí,11500000.0,Không,55,0.448,0.514,1,0,0,Có,27320000.0,0.0,Có,0
LSCN02738,2025,Vay tiêu dùng tín chấp,31,Công nhân,5700000.0,Có,52,0.387,,1,3,6,Có,340000.0,0.0,Có,0
LSCN02739,2022,Vay tiêu dùng tín chấp,21,Bán hàng,19600000.0,Không,3,0.581,,1,0,0,Có,4900000.0,0.0,Có,0
LSCN02740,2021,Vay mua nhà,38,Lái xe,8000000.0,Có,4,0.568,0.826,1,1,8,Có,2230000.0,0.0,Có,0
LSCN02741,2024,Vay mua nhà,37,Bán hàng,18400000.0,Không,18,0.664,0.78,1,1,4,Có,16480000.0,0.0,Có,0
LSCN02742,2023,Vay mua nhà,56,Hưu trí,12400000.0,Không,1,0.336,0.63,1,0,0,Có,19980000.0,691000000.0,Có,0
LSCN02743,2025,Vay mua nhà,22,Bán hàng,13900000.0,Có,155,0.277,0.62,1,0,0,Có,1510000.0,0.0,Có,0
LSCN02744,2021,Vay tiêu dùng tín chấp,34,Nội trợ,4700000.0,Không,8,0.671,,1,0,0,Có,2940000.0,0.0,Có,0
LSCN02745,2025,Vay mua ô tô,34,Kế toán,13000000.0,Không,43,0.238,0.625,1,0,0,Không,7270000.0,0.0,Có,0
LSCN02746,2023,Vay mua nhà,58,Nội trợ,2500000.0,Không,2,0.468,0.703,1,0,0,Không,2600000.0,32000000.0,Có,0
LSCN02747,2022,Vay mua ô tô,40,Giáo viên,20200000.0,Không,108,0.393,0.572,1,0,0,Có,23890000.0,4349000000.0,Có,0
LSCN02748,2024,Vay sản xuất kinh doanh,38,Nội trợ,1400000.0,Không,32,0.645,0.653,1,1,7,Có,2910000.0,0.0,Có,0
LSCN02749,2022,Vay tiêu dùng tín chấp,39,Công nhân,8600000.0,Có,33,0.503,,1,0,0,Có,2980000.0,365000000.0,Có,0
LSCN02750,2025,Vay mua nhà,45,Kinh doanh tự do,10300000.0,Không,1,0.502,0.778,1,2,4,Có,2810000.0,0.0,Có,0
LSCN02751,2023,Vay mua ô tô,41,Kinh doanh tự do,18400000.0,Không,99,0.339,0.563,1,1,7,Có,13710000.0,1308000000.0,Có,0
LSCN02752,2025,Vay tiêu dùng tín chấp,32,Công nhân,6900000.0,Có,18,0.42,,1,0,0,Có,18740000.0,0.0,Có,0
LSCN02753,2024,Vay sản xuất kinh doanh,26,Nội trợ,5300000.0,Không,10,0.256,0.653,1,0,0,Không,3040000.0,0.0,Có,0
LSCN02754,2021,Vay tiêu dùng tín chấp,41,Hưu trí,18300000.0,Không,21,0.305,,1,0,0,Có,19720000.0,0.0,Có,0
LSCN02755,2024,Vay tiêu dùng tín chấp,37,Kỹ sư,30300000.0,Có,12,0.285,,1,0,0,Có,26880000.0,95000000.0,Có,0
LSCN02756,2022,Vay tiêu dùng tín chấp,28,Nội trợ,5500000.0,Không,3,0.146,,1,0,0,Có,19090000.0,0.0,Có,0
LSCN02757,2025,Vay mua nhà,54,Giáo viên,12200000.0,Không,36,0.397,0.745,1,3,9,Có,6960000.0,0.0,Có,0
LSCN02758,2025,Vay tiêu dùng tín chấp,45,Công chức,70000000.0,Có,42,0.217,,1,0,0,Không,44810000.0,0.0,Có,0
LSCN02759,2022,Vay mua nhà,22,Kế toán,18900000.0,Không,1,0.354,0.593,1,0,0,Có,29930000.0,0.0,Có,0
LSCN02760,2023,Vay tiêu dùng tín chấp,50,Kế toán,20700000.0,Có,74,0.245,,1,0,0,Không,64340000.0,2208000000.0,Có,0
LSCN02761,2023,Vay mua ô tô,25,Kỹ sư,22400000.0,Có,85,0.361,0.746,1,0,0,Có,18930000.0,109000000.0,Có,0
LSCN02762,2021,Vay mua nhà,31,Lái xe,12000000.0,Có,27,0.829,0.802,1,0,0,Không,12000000.0,0.0,Có,0
LSCN02763,2023,Vay tiêu dùng tín chấp,33,Nhân viên văn phòng,5100000.0,Không,36,0.349,,1,0,0,Có,2000000.0,0.0,Có,0
LSCN02764,2021,Vay tiêu dùng tín chấp,42,Công nhân,3400000.0,Không,9,0.49,,1,1,4,Có,470000.0,29000000.0,Có,1
LSCN02765,2024,Vay sản xuất kinh doanh,55,Giáo viên,19500000.0,Có,8,0.434,0.653,1,0,0,Có,18540000.0,155000000.0,Có,0
LSCN02766,2022,Vay mua ô tô,46,Bán hàng,8500000.0,Không,9,0.292,0.675,1,0,0,Có,6170000.0,39000000.0,Có,0
LSCN02767,2021,Vay mua nhà,43,Hưu trí,5600000.0,Có,0,0.382,0.648,1,0,0,Có,1980000.0,0.0,Có,0
LSCN02768,2025,Vay tiêu dùng tín chấp,40,Nhân viên văn phòng,13800000.0,Không,0,0.565,,1,3,2,Có,4400000.0,96000000.0,Có,0
LSCN02769,2025,Vay mua nhà,21,Công nhân,8700000.0,Có,5,0.137,0.496,1,0,0,Có,8970000.0,80000000.0,Có,0
LSCN02770,2022,Vay mua nhà,21,Lái xe,15400000.0,Không,102,0.355,0.562,1,0,0,Có,10680000.0,362000000.0,Có,0
LSCN02771,2025,Vay sản xuất kinh doanh,45,Lái xe,11700000.0,Có,4,0.381,0.653,1,0,0,Có,25600000.0,33000000.0,Có,0
LSCN02772,2025,Vay mua nhà,47,Công chức,9700000.0,Không,16,0.331,0.698,1,0,0,Có,9140000.0,203000000.0,Có,0
LSCN02773,2021,Vay sản xuất kinh doanh,26,Nhân viên văn phòng,6600000.0,Có,131,0.492,0.653,2,3,24,Có,5210000.0,0.0,Có,0
LSCN02774,2025,Vay sản xuất kinh doanh,57,Giáo viên,9500000.0,Có,36,0.492,0.653,1,2,1,Có,1500000.0,75000000.0,Có,0
LSCN02775,2025,Vay tiêu dùng tín chấp,37,Kế toán,21200000.0,Không,11,0.231,,1,0,0,Có,16080000.0,0.0,Có,0
LSCN02776,2021,Vay tiêu dùng tín chấp,30,Công chức,18700000.0,Không,54,0.364,,1,0,0,Không,10880000.0,221000000.0,Có,0
LSCN02777,2023,Vay mua nhà,29,Kế toán,20400000.0,Có,9,0.481,0.662,1,1,8,Có,7480000.0,0.0,Có,0
LSCN02778,2025,Vay sản xuất kinh doanh,39,Bán hàng,11900000.0,Không,20,0.47,0.653,1,1,5,Có,7190000.0,935000000.0,Không,0
LSCN02779,2023,Vay mua nhà,36,Công chức,32200000.0,Có,5,0.476,0.704,1,2,9,Có,17190000.0,0.0,Có,0
LSCN02780,2024,Vay tiêu dùng tín chấp,52,Giáo viên,6700000.0,Không,2,0.139,,1,0,0,Không,4750000.0,149000000.0,Có,0
LSCN02781,2022,Vay tiêu dùng tín chấp,37,Bán hàng,14000000.0,Không,12,0.63,,3,0,136,Có,14430000.0,94000000.0,Có,0
LSCN02782,2022,Vay mua nhà,26,Bán hàng,12200000.0,Có,2,0.323,0.672,1,0,0,Có,3010000.0,0.0,Có,0
LSCN02783,2025,Vay tiêu dùng tín chấp,42,Bác sĩ,45700000.0,Không,29,0.569,,2,1,85,Có,9880000.0,521000000.0,Có,0
LSCN02784,2022,Vay mua ô tô,23,Công chức,30100000.0,Không,12,0.343,0.664,1,0,0,Không,34260000.0,366000000.0,Có,0
LSCN02785,2023,Vay tiêu dùng tín chấp,26,Giáo viên,8600000.0,Không,42,0.379,,1,0,0,Có,5850000.0,0.0,Có,0
LSCN02786,2021,Vay tiêu dùng tín chấp,41,Bác sĩ,18900000.0,Có,18,0.201,,2,0,24,Có,16120000.0,0.0,Có,0
LSCN02787,2022,Vay tiêu dùng tín chấp,27,Công chức,11600000.0,Có,157,0.438,,1,0,0,Không,9110000.0,0.0,Có,0
LSCN02788,2021,Vay sản xuất kinh doanh,21,Nội trợ,4500000.0,Không,38,0.371,0.653,1,1,7,Có,1360000.0,126000000.0,Có,0
LSCN02789,2025,Vay tiêu dùng tín chấp,46,Lái xe,19800000.0,Có,31,0.424,,1,1,1,Có,14650000.0,618000000.0,Có,0
LSCN02790,2024,Vay tiêu dùng tín chấp,39,Kỹ sư,53100000.0,Có,10,0.307,,1,0,0,Có,21350000.0,939000000.0,Có,0
LSCN02791,2024,Vay mua nhà,42,Giáo viên,13600000.0,Có,17,0.212,0.548,1,0,0,Không,1700000.0,0.0,Có,0
LSCN02792,2025,Vay mua nhà,50,Bác sĩ,69600000.0,Không,56,0.24,0.651,1,0,0,Có,123180000.0,866000000.0,Có,0
LSCN02793,2022,Vay mua nhà,48,Nhân viên văn phòng,10800000.0,Có,27,0.497,0.811,1,1,5,Có,5760000.0,0.0,Có,0
LSCN02794,2024,Vay tiêu dùng tín chấp,56,Nội trợ,2100000.0,Không,22,0.345,,2,1,52,Có,940000.0,0.0,Có,1
LSCN02795,2023,Vay mua ô tô,40,Kinh doanh tự do,17700000.0,Không,20,0.308,0.656,2,1,78,Có,10350000.0,43000000.0,Có,0
LSCN02796,2023,Vay tiêu dùng tín chấp,48,Bán hàng,7900000.0,Không,0,0.258,,1,0,0,Có,10740000.0,66000000.0,Có,0
LSCN02797,2022,Vay mua nhà,64,Nhân viên văn phòng,6600000.0,Không,6,0.321,0.667,1,0,0,Không,1040000.0,0.0,Có,0
LSCN02798,2021,Vay mua nhà,33,Công chức,12200000.0,Có,34,0.416,0.734,1,1,6,Có,6360000.0,0.0,Có,0
LSCN02799,2025,Vay sản xuất kinh doanh,21,Kỹ sư,28000000.0,Có,46,0.329,0.653,2,1,52,Có,12970000.0,0.0,Có,0
LSCN02800,2025,Vay mua ô tô,24,Công chức,7000000.0,Có,44,0.152,0.716,1,0,0,Không,7910000.0,0.0,Có,0
LSCN02801,2024,Vay tiêu dùng tín chấp,22,Lái xe,17600000.0,Không,0,0.444,,2,0,60,Có,10280000.0,0.0,Có,0
LSCN02802,2024,Vay tiêu dùng tín chấp,30,Lái xe,7000000.0,Có,2,0.556,,2,1,78,Có,2010000.0,0.0,Có,0
LSCN02803,2021,Vay mua nhà,30,Nhân viên văn phòng,13400000.0,Không,1,0.545,0.943,2,0,13,Có,10770000.0,0.0,Có,0
LSCN02804,2021,Vay mua nhà,39,Giáo viên,19500000.0,Không,55,0.235,0.772,1,0,0,Có,10240000.0,0.0,Có,0
LSCN02805,2021,Vay tiêu dùng tín chấp,40,Công nhân,6300000.0,Không,7,0.446,,1,1,3,Có,1200000.0,95000000.0,Có,0
LSCN02806,2025,Vay sản xuất kinh doanh,68,Bác sĩ,24100000.0,Có,3,0.416,0.653,1,0,0,Có,27120000.0,671000000.0,Có,0
LSCN02807,2024,Vay tiêu dùng tín chấp,31,Kế toán,24700000.0,Không,18,0.053,,1,0,0,Không,13370000.0,794000000.0,Có,0
LSCN02808,2023,Vay tiêu dùng tín chấp,29,Bác sĩ,19700000.0,Không,25,0.369,,1,0,0,Có,6910000.0,101000000.0,Có,0
LSCN02809,2025,Vay tiêu dùng tín chấp,35,Bán hàng,5900000.0,Không,90,0.256,,1,0,0,Có,2260000.0,0.0,Có,0
LSCN02810,2023,Vay mua nhà,42,Kinh doanh tự do,18000000.0,Không,39,0.211,0.676,1,0,0,Không,28170000.0,238000000.0,Có,0
LSCN02811,2021,Vay mua nhà,50,Lái xe,11700000.0,Có,74,0.531,0.576,1,0,0,Có,9030000.0,414000000.0,Có,0
LSCN02812,2025,Vay tiêu dùng tín chấp,38,Bán hàng,12600000.0,Không,11,0.273,,1,0,0,Không,12330000.0,533000000.0,Có,0
LSCN02813,2021,Vay tiêu dùng tín chấp,36,Nội trợ,3500000.0,Không,5,0.662,,1,0,0,Không,2490000.0,0.0,Có,0
LSCN02814,2022,Vay sản xuất kinh doanh,43,Kinh doanh tự do,21800000.0,Không,130,0.209,0.653,1,0,0,Có,30940000.0,0.0,Có,0
LSCN02815,2024,Vay mua nhà,45,Bán hàng,17700000.0,Không,26,0.425,0.675,1,0,0,Có,23440000.0,0.0,Có,0
LSCN02816,2025,Vay tiêu dùng tín chấp,49,Lái xe,14100000.0,Không,80,0.372,,1,0,0,Không,2430000.0,0.0,Có,0
LSCN02817,2025,Vay mua ô tô,27,Bán hàng,12100000.0,Không,11,0.171,0.675,1,0,0,Không,4610000.0,532000000.0,Có,0
LSCN02818,2025,Vay tiêu dùng tín chấp,49,Bán hàng,15100000.0,Có,13,0.398,,2,1,69,Có,6100000.0,81000000.0,Có,0
LSCN02819,2022,Vay tiêu dùng tín chấp,29,Công nhân,7600000.0,Có,3,0.167,,1,0,0,Có,1160000.0,0.0,Có,0
LSCN02820,2021,Vay mua nhà,42,Bác sĩ,68000000.0,Không,21,0.432,0.623,1,0,0,Có,53560000.0,0.0,Có,0
LSCN02821,2025,Vay mua ô tô,35,Kinh doanh tự do,18400000.0,Không,29,0.184,0.666,2,0,68,Có,21190000.0,62000000.0,Có,0
LSCN02822,2022,Vay mua nhà,48,Bán hàng,17400000.0,Có,46,0.535,0.484,1,0,0,Không,19770000.0,142000000.0,Có,0
LSCN02823,2025,Vay tiêu dùng tín chấp,26,Nhân viên văn phòng,19600000.0,Có,6,0.5,,1,0,0,Có,19940000.0,211000000.0,Có,0
LSCN02824,2023,Vay sản xuất kinh doanh,30,Kỹ sư,33000000.0,Không,9,0.476,0.653,1,0,0,Có,69850000.0,0.0,Có,0
LSCN02825,2021,Vay tiêu dùng tín chấp,46,Hưu trí,3600000.0,Có,15,0.6,,2,0,10,Có,5700000.0,0.0,Có,0
LSCN02826,2025,Vay mua nhà,28,Kế toán,15800000.0,Có,3,0.25,0.616,1,0,0,Có,9410000.0,0.0,Có,0
LSCN02827,2023,Vay mua nhà,29,Kinh doanh tự do,11300000.0,Không,4,0.405,0.709,1,0,0,Không,5120000.0,0.0,Không,0
LSCN02828,2024,Vay sản xuất kinh doanh,45,Nội trợ,2800000.0,Không,57,0.552,0.653,1,0,0,Có,2930000.0,50000000.0,Có,0
LSCN02829,2022,Vay tiêu dùng tín chấp,45,Công chức,15300000.0,Không,6,0.349,,1,1,2,Có,44740000.0,0.0,Có,0
LSCN02830,2023,Vay mua ô tô,30,Kỹ sư,20100000.0,Không,22,0.214,0.712,1,0,0,Có,16520000.0,118000000.0,Có,0
LSCN02831,2022,Vay sản xuất kinh doanh,45,Nhân viên văn phòng,7600000.0,Có,7,0.371,0.653,1,0,0,Có,4620000.0,0.0,Có,0
LSCN02832,2021,Vay sản xuất kinh doanh,21,Giáo viên,10600000.0,Không,52,0.231,0.653,1,0,0,Không,21790000.0,0.0,Có,0
LSCN02833,2023,Vay sản xuất kinh doanh,36,Lái xe,8700000.0,Có,18,0.251,0.653,1,0,0,Có,32200000.0,0.0,Có,0
LSCN02834,2022,Vay mua nhà,35,Nhân viên văn phòng,11700000.0,Có,18,0.457,0.81,2,2,32,Có,2760000.0,0.0,Có,0
LSCN02835,2024,Vay mua nhà,50,Lái xe,11900000.0,Không,177,0.195,0.65,1,0,0,Không,16950000.0,79000000.0,Có,0
LSCN02836,2023,Vay sản xuất kinh doanh,32,Bán hàng,7700000.0,Có,10,0.366,0.653,1,1,8,Có,7240000.0,0.0,Có,0
LSCN02837,2025,Vay tiêu dùng tín chấp,37,Lái xe,11100000.0,Không,2,0.465,,1,1,4,Có,2830000.0,0.0,Có,0
LSCN02838,2023,Vay tiêu dùng tín chấp,42,Kế toán,17100000.0,Có,9,0.37,,1,0,0,Không,18160000.0,0.0,Có,0
LSCN02839,2021,Vay tiêu dùng tín chấp,43,Bác sĩ,61300000.0,Không,13,0.295,,2,1,88,Có,16130000.0,0.0,Có,0
LSCN02840,2021,Vay mua nhà,49,Kinh doanh tự do,24900000.0,Không,65,0.579,0.759,1,0,0,Không,57760000.0,0.0,Có,0
LSCN02841,2024,Vay tiêu dùng tín chấp,31,Nội trợ,1300000.0,Không,9,0.465,,1,1,5,Có,330000.0,0.0,Có,0
LSCN02842,2025,Vay sản xuất kinh doanh,55,Kỹ sư,20900000.0,Có,4,0.179,0.653,1,0,0,Không,43210000.0,108000000.0,Có,0
LSCN02843,2023,Vay sản xuất kinh doanh,27,Bác sĩ,28100000.0,Không,9,0.326,0.653,1,0,0,Có,7560000.0,0.0,Có,0
LSCN02844,2023,Vay mua nhà,41,Nhân viên văn phòng,24600000.0,Không,1,0.75,0.757,1,1,4,Có,17230000.0,482000000.0,Không,0
LSCN02845,2024,Vay tiêu dùng tín chấp,44,Hưu trí,18300000.0,Có,34,0.386,,1,0,0,Không,13950000.0,597000000.0,Có,0
LSCN02846,2022,Vay tiêu dùng tín chấp,49,Bác sĩ,49300000.0,Không,59,0.318,,1,0,0,Có,54130000.0,2862000000.0,Có,0
LSCN02847,2025,Vay tiêu dùng tín chấp,45,Công chức,15400000.0,Không,11,0.076,,1,1,9,Có,1500000.0,696000000.0,Có,0
LSCN02848,2023,Vay tiêu dùng tín chấp,27,Bác sĩ,7800000.0,Không,36,0.337,,1,0,0,Có,3820000.0,344000000.0,Có,0
LSCN02849,2024,Vay sản xuất kinh doanh,24,Công chức,5600000.0,Có,57,0.598,0.653,2,1,66,Có,15180000.0,0.0,Có,0
LSCN02850,2022,Vay mua nhà,21,Nhân viên văn phòng,8900000.0,Không,28,0.544,0.573,1,0,0,Không,5840000.0,118000000.0,Có,0
LSCN02851,2021,Vay tiêu dùng tín chấp,36,Kỹ sư,33300000.0,Có,9,0.576,,1,0,0,Có,9830000.0,0.0,Có,0
LSCN02852,2024,Vay tiêu dùng tín chấp,46,Công nhân,9000000.0,Không,9,0.662,,2,0,11,Có,1630000.0,9000000.0,Có,1
LSCN02853,2025,Vay sản xuất kinh doanh,32,Kinh doanh tự do,14500000.0,Không,27,0.461,0.653,1,0,0,Có,2320000.0,0.0,Có,0
LSCN02854,2025,Vay mua nhà,50,Bác sĩ,41000000.0,Không,1,0.342,0.711,1,1,5,Có,95520000.0,1279000000.0,Có,0
LSCN02855,2023,Vay tiêu dùng tín chấp,52,Bác sĩ,44400000.0,Không,26,0.34,,1,0,0,Có,111720000.0,924000000.0,Có,0
LSCN02856,2023,Vay mua ô tô,32,Giáo viên,31800000.0,Có,4,0.407,0.74,1,0,0,Có,13880000.0,0.0,Có,0
LSCN02857,2022,Vay mua ô tô,43,Giáo viên,13200000.0,Có,17,0.43,0.785,2,0,45,Có,10020000.0,0.0,Có,0
LSCN02858,2023,Vay tiêu dùng tín chấp,35,Công nhân,11900000.0,Có,36,0.532,,1,1,6,Có,1020000.0,0.0,Có,0
LSCN02859,2025,Vay tiêu dùng tín chấp,39,Công chức,13000000.0,Không,8,0.265,,2,1,31,Có,3140000.0,0.0,Có,1
LSCN02860,2022,Vay sản xuất kinh doanh,51,Bán hàng,10800000.0,Không,108,0.485,0.653,1,0,0,Có,4930000.0,0.0,Có,0
LSCN02861,2025,Vay tiêu dùng tín chấp,22,Kỹ sư,23700000.0,Có,50,0.508,,1,0,0,Có,5910000.0,0.0,Có,0
LSCN02862,2021,Vay sản xuất kinh doanh,31,Kế toán,15800000.0,Không,2,0.416,0.653,1,1,7,Có,10670000.0,184000000.0,Có,0
LSCN02863,2025,Vay sản xuất kinh doanh,42,Giáo viên,15000000.0,Không,30,0.367,0.653,1,0,0,Không,5620000.0,320000000.0,Có,0
LSCN02864,2022,Vay tiêu dùng tín chấp,37,Nội trợ,4800000.0,Không,25,0.545,,1,0,0,Có,2030000.0,13000000.0,Có,0
LSCN02865,2021,Vay mua nhà,43,Giáo viên,8700000.0,Có,20,0.337,0.596,1,0,0,Không,16170000.0,226000000.0,Có,0
LSCN02866,2024,Vay mua nhà,38,Công chức,30100000.0,Không,1,0.05,0.634,1,1,2,Có,52470000.0,4100000000.0,Có,0
LSCN02867,2023,Vay tiêu dùng tín chấp,45,Hưu trí,7500000.0,Có,10,0.346,,1,0,0,Không,15840000.0,36000000.0,Có,0
LSCN02868,2024,Vay mua ô tô,40,Kinh doanh tự do,35700000.0,Không,11,0.286,0.787,1,0,0,Có,28200000.0,0.0,Có,0
LSCN02869,2023,Vay sản xuất kinh doanh,44,Hưu trí,9900000.0,Có,138,0.188,0.653,1,0,0,Không,4290000.0,300000000.0,Có,0
LSCN02870,2022,Vay mua nhà,35,Bác sĩ,16300000.0,Có,13,0.473,0.73,1,0,0,Có,13470000.0,0.0,Có,0
LSCN02871,2024,Vay tiêu dùng tín chấp,57,Kế toán,12600000.0,Không,9,0.448,,1,0,0,Có,11100000.0,991000000.0,Có,0
LSCN02872,2025,Vay tiêu dùng tín chấp,23,Công chức,15500000.0,Có,3,0.497,,2,0,53,Có,8430000.0,345000000.0,Có,0
LSCN02873,2021,Vay tiêu dùng tín chấp,21,Công chức,8700000.0,Không,0,0.499,,1,0,0,Không,21560000.0,0.0,Có,0
LSCN02874,2024,Vay tiêu dùng tín chấp,27,Lái xe,21200000.0,Không,13,0.313,,1,0,0,Có,23030000.0,0.0,Có,0
LSCN02875,2022,Vay mua nhà,33,Giáo viên,11600000.0,Có,13,0.247,0.509,1,0,0,Có,18710000.0,1127000000.0,Có,0
LSCN02876,2025,Vay tiêu dùng tín chấp,33,Bán hàng,12500000.0,Có,5,0.392,,2,0,26,Có,4400000.0,130000000.0,Có,0
LSCN02877,2021,Vay sản xuất kinh doanh,53,Bán hàng,28200000.0,Có,97,0.46,0.653,1,0,0,Có,11060000.0,0.0,Có,0
LSCN02878,2025,Vay sản xuất kinh doanh,23,Nhân viên văn phòng,8500000.0,Có,3,0.248,0.653,1,0,0,Không,9660000.0,0.0,Có,1
LSCN02879,2024,Vay tiêu dùng tín chấp,38,Công chức,14900000.0,Không,19,0.528,,1,1,7,Có,5600000.0,50000000.0,Không,0
LSCN02880,2024,Vay tiêu dùng tín chấp,39,Công chức,21900000.0,Có,52,0.424,,1,0,0,Có,87220000.0,1118000000.0,Có,0
LSCN02881,2023,Vay mua nhà,41,Lái xe,6900000.0,Có,36,0.227,0.559,1,1,7,Có,5150000.0,0.0,Có,0
LSCN02882,2024,Vay mua nhà,32,Bán hàng,6500000.0,Không,24,0.38,0.793,1,0,0,Không,2450000.0,0.0,Có,0
LSCN02883,2022,Vay mua nhà,21,Công nhân,9700000.0,Có,54,0.081,0.743,1,1,7,Có,4860000.0,136000000.0,Có,0
LSCN02884,2022,Vay tiêu dùng tín chấp,33,Nhân viên văn phòng,8100000.0,Có,25,0.618,,2,0,60,Có,6700000.0,0.0,Có,1
LSCN02885,2023,Vay tiêu dùng tín chấp,31,Nội trợ,3900000.0,Không,145,0.354,,1,1,9,Có,1790000.0,0.0,Không,0
LSCN02886,2024,Vay mua nhà,49,Kinh doanh tự do,28800000.0,Không,63,0.395,0.742,1,1,2,Có,23110000.0,0.0,Có,0
LSCN02887,2021,Vay mua nhà,24,Kinh doanh tự do,15900000.0,Không,5,0.05,0.433,1,0,0,Không,23880000.0,0.0,Có,0
LSCN02888,2022,Vay mua nhà,34,Công nhân,5000000.0,Có,29,0.391,0.597,2,1,13,Có,5350000.0,85000000.0,Có,0
LSCN02889,2022,Vay tiêu dùng tín chấp,22,Giáo viên,12000000.0,Không,41,0.573,,1,0,0,Có,5830000.0,0.0,Có,0
LSCN02890,2025,Vay mua ô tô,36,Công nhân,6000000.0,Không,27,0.372,0.888,1,0,0,Không,1720000.0,0.0,Có,0
LSCN02891,2024,Vay mua nhà,27,Bác sĩ,28900000.0,Có,97,0.06,0.575,1,0,0,Có,44970000.0,0.0,Có,0
LSCN02892,2025,Vay tiêu dùng tín chấp,41,Kỹ sư,20900000.0,Không,2,0.443,,1,0,0,Không,5950000.0,909000000.0,Có,0
LSCN02893,2024,Vay sản xuất kinh doanh,36,Lái xe,27700000.0,Không,17,0.366,0.653,1,0,0,Không,25210000.0,189000000.0,Có,0
LSCN02894,2023,Vay sản xuất kinh doanh,52,Lái xe,6400000.0,Không,94,0.686,0.653,1,0,0,Không,1940000.0,225000000.0,Có,0
LSCN02895,2021,Vay tiêu dùng tín chấp,33,Công chức,13800000.0,Có,50,0.504,,2,3,13,Có,2850000.0,458000000.0,Có,1
LSCN02896,2023,Vay mua nhà,60,Giáo viên,12700000.0,Không,15,0.467,0.95,1,0,0,Không,7330000.0,350000000.0,Có,0
LSCN02897,2022,Vay tiêu dùng tín chấp,45,Lái xe,7700000.0,Có,23,0.687,,1,0,0,Có,6610000.0,69000000.0,Có,0
LSCN02898,2025,Vay sản xuất kinh doanh,35,Công chức,18600000.0,Có,37,0.261,0.653,1,0,0,Không,8080000.0,0.0,Có,0
LSCN02899,2023,Vay mua nhà,27,Công chức,13600000.0,Có,77,0.253,0.582,1,0,0,Có,9800000.0,0.0,Có,0
LSCN02900,2021,Vay tiêu dùng tín chấp,52,Nội trợ,1200000.0,Không,63,0.306,,1,0,0,Không,160000.0,0.0,Có,0
LSCN02901,2025,Vay tiêu dùng tín chấp,44,Kinh doanh tự do,13500000.0,Không,25,0.532,,2,1,60,Có,3500000.0,217000000.0,Có,0
LSCN02902,2022,Vay tiêu dùng tín chấp,44,Công nhân,15400000.0,Có,81,0.378,,1,0,0,Không,38600000.0,0.0,Có,0
LSCN02903,2025,Vay mua nhà,50,Công nhân,16100000.0,Có,7,0.257,0.455,1,0,0,Có,51690000.0,0.0,Có,0
LSCN02904,2023,Vay tiêu dùng tín chấp,31,Hưu trí,3400000.0,Không,22,0.693,,1,0,0,Có,1690000.0,0.0,Có,0
LSCN02905,2025,Vay tiêu dùng tín chấp,59,Giáo viên,7100000.0,Có,67,0.19,,1,0,0,Không,7550000.0,122000000.0,Có,0
LSCN02906,2023,Vay tiêu dùng tín chấp,29,Kế toán,9900000.0,Không,2,0.574,,1,2,5,Có,1190000.0,131000000.0,Có,0
LSCN02907,2023,Vay tiêu dùng tín chấp,30,Giáo viên,13800000.0,Có,3,0.178,,1,1,1,Có,2890000.0,0.0,Có,0
LSCN02908,2022,Vay mua ô tô,42,Kế toán,19600000.0,Không,9,0.34,0.685,2,0,62,Có,12390000.0,1849000000.0,Có,0
LSCN02909,2022,Vay tiêu dùng tín chấp,28,Công chức,11300000.0,Có,2,0.52,,1,1,9,Có,2860000.0,0.0,Có,0
LSCN02910,2025,Vay tiêu dùng tín chấp,21,Kế toán,29000000.0,Có,27,0.372,,1,0,0,Có,15360000.0,0.0,Có,0
LSCN02911,2022,Vay sản xuất kinh doanh,32,Công nhân,7600000.0,Không,79,0.422,0.653,1,1,2,Có,15240000.0,72000000.0,Có,0
LSCN02912,2021,Vay mua nhà,39,Kế toán,7700000.0,Có,82,0.208,0.836,1,0,0,Không,17080000.0,335000000.0,Có,0
LSCN02913,2023,Vay tiêu dùng tín chấp,42,Kế toán,6700000.0,Không,8,0.381,,1,0,0,Không,3610000.0,0.0,Có,0
LSCN02914,2022,Vay mua ô tô,53,Kế toán,17500000.0,Không,53,0.431,0.658,1,0,0,Không,6810000.0,0.0,Có,0
LSCN02915,2023,Vay sản xuất kinh doanh,35,Hưu trí,8300000.0,Không,1,0.192,0.653,1,0,0,Không,3740000.0,760000000.0,Có,0
LSCN02916,2023,Vay sản xuất kinh doanh,55,Bác sĩ,25500000.0,Có,82,0.379,0.653,1,0,0,Không,12540000.0,0.0,Có,0
LSCN02917,2025,Vay tiêu dùng tín chấp,49,Kỹ sư,15300000.0,Có,16,0.327,,1,0,0,Không,9540000.0,0.0,Có,0
LSCN02918,2021,Vay mua nhà,22,Giáo viên,7600000.0,Có,4,0.551,0.75,1,0,0,Có,3730000.0,0.0,Có,0
LSCN02919,2023,Vay tiêu dùng tín chấp,41,Công nhân,12100000.0,Không,62,0.591,,1,0,0,Có,3270000.0,239000000.0,Có,0
LSCN02920,2025,Vay mua ô tô,55,Kỹ sư,17000000.0,Không,16,0.426,0.535,1,0,0,Không,52210000.0,0.0,Có,0
LSCN02921,2021,Vay mua nhà,21,Kinh doanh tự do,27800000.0,Không,41,0.455,0.642,1,0,0,Có,8270000.0,0.0,Có,0
LSCN02922,2022,Vay tiêu dùng tín chấp,22,Công chức,18400000.0,Không,28,0.508,,1,0,0,Không,9270000.0,0.0,Có,0
LSCN02923,2023,Vay mua ô tô,31,Giáo viên,21300000.0,Có,39,0.413,0.626,1,0,0,Có,2470000.0,0.0,Có,0
LSCN02924,2023,Vay sản xuất kinh doanh,51,Bán hàng,7500000.0,Có,19,0.426,0.653,1,0,0,Có,4320000.0,0.0,Có,0
LSCN02925,2023,Vay mua ô tô,36,Bác sĩ,22500000.0,Không,35,0.296,0.681,1,0,0,Có,11410000.0,0.0,Không,0
LSCN02926,2025,Vay mua nhà,43,Bác sĩ,25100000.0,Có,75,0.35,0.596,1,0,0,Có,20160000.0,1824000000.0,Có,0
LSCN02927,2023,Vay tiêu dùng tín chấp,22,Nội trợ,4300000.0,Không,0,0.512,,1,0,0,Không,1850000.0,74000000.0,Có,0
LSCN02928,2024,Vay tiêu dùng tín chấp,54,Kinh doanh tự do,9400000.0,Không,64,0.252,,2,0,39,Có,6240000.0,0.0,Có,0
LSCN02929,2025,Vay tiêu dùng tín chấp,31,Bán hàng,36400000.0,Có,42,0.4,,1,0,0,Không,11740000.0,0.0,Có,0
LSCN02930,2023,Vay tiêu dùng tín chấp,33,Nội trợ,2800000.0,Không,65,0.456,,1,0,0,Có,6130000.0,231000000.0,Không,0
LSCN02931,2024,Vay tiêu dùng tín chấp,38,Công chức,9100000.0,Không,58,0.435,,2,0,27,Có,11910000.0,0.0,Có,0
LSCN02932,2023,Vay mua ô tô,34,Công nhân,7800000.0,Có,27,0.532,0.647,2,1,61,Có,970000.0,77000000.0,Có,0
LSCN02933,2024,Vay tiêu dùng tín chấp,30,Giáo viên,9100000.0,Không,39,0.269,,1,0,0,Có,9000000.0,172000000.0,Có,0
LSCN02934,2024,Vay tiêu dùng tín chấp,64,Công chức,10300000.0,Không,60,0.362,,1,0,0,Không,6810000.0,0.0,Có,0
LSCN02935,2023,Vay tiêu dùng tín chấp,35,Kế toán,12500000.0,Không,8,0.501,,2,0,63,Có,31110000.0,0.0,Có,0
LSCN02936,2025,Vay mua ô tô,43,Nội trợ,3100000.0,Không,13,0.332,0.781,1,2,7,Có,1320000.0,0.0,Có,0
LSCN02937,2023,Vay sản xuất kinh doanh,33,Nhân viên văn phòng,9700000.0,Có,40,0.476,0.653,2,0,76,Có,4220000.0,0.0,Có,1
LSCN02938,2021,Vay tiêu dùng tín chấp,57,Kỹ sư,23500000.0,Không,36,0.5,,1,0,0,Không,17880000.0,0.0,Có,0
LSCN02939,2022,Vay tiêu dùng tín chấp,46,Hưu trí,12800000.0,Không,14,0.353,,1,0,0,Có,3540000.0,70000000.0,Có,0
LSCN02940,2025,Vay mua nhà,38,Bán hàng,10900000.0,Không,77,0.381,0.665,1,0,0,Có,6430000.0,69000000.0,Có,0
LSCN02941,2021,Vay mua ô tô,35,Nhân viên văn phòng,11600000.0,Không,49,0.135,0.69,1,1,5,Có,4450000.0,0.0,Có,0
LSCN02942,2021,Vay mua ô tô,42,Kỹ sư,41000000.0,Có,9,0.193,0.477,1,0,0,Có,16710000.0,0.0,Có,0
LSCN02943,2023,Vay sản xuất kinh doanh,38,Giáo viên,28600000.0,Không,3,0.143,0.653,1,0,0,Có,30720000.0,356000000.0,Có,0
LSCN02944,2025,Vay tiêu dùng tín chấp,27,Nhân viên văn phòng,9900000.0,Có,30,0.457,,1,0,0,Có,19220000.0,0.0,Có,0
LSCN02945,2021,Vay mua ô tô,21,Kế toán,8800000.0,Không,7,0.424,0.626,1,0,0,Có,9040000.0,296000000.0,Có,0
LSCN02946,2023,Vay tiêu dùng tín chấp,51,Hưu trí,7000000.0,Không,0,0.488,,1,0,0,Không,19380000.0,0.0,Có,0
LSCN02947,2021,Vay mua ô tô,44,Công chức,9700000.0,Không,17,0.392,0.611,1,0,0,Không,24500000.0,330000000.0,Có,0
LSCN02948,2023,Vay mua ô tô,42,Lái xe,8400000.0,Không,14,0.3,0.665,1,0,0,Có,25770000.0,0.0,Có,0
LSCN02949,2023,Vay sản xuất kinh doanh,51,Hưu trí,9500000.0,Có,22,0.58,0.653,1,0,0,Không,15270000.0,0.0,Có,0
LSCN02950,2023,Vay tiêu dùng tín chấp,35,Lái xe,16300000.0,Không,47,0.237,,1,0,0,Không,3730000.0,0.0,Có,0
LSCN02951,2025,Vay mua nhà,52,Bán hàng,19600000.0,Có,103,0.555,0.752,2,0,69,Có,11730000.0,0.0,Có,1
LSCN02952,2025,Vay mua nhà,30,Kế toán,15900000.0,Không,6,0.441,0.65,2,0,73,Có,11100000.0,0.0,Không,0
LSCN02953,2022,Vay tiêu dùng tín chấp,21,Nội trợ,1300000.0,Không,7,0.345,,1,3,5,Có,620000.0,0.0,Có,0
LSCN02954,2025,Vay tiêu dùng tín chấp,23,Giáo viên,11500000.0,Không,15,0.329,,1,1,2,Có,6320000.0,0.0,Có,0
LSCN02955,2021,Vay tiêu dùng tín chấp,40,Lái xe,11400000.0,Có,24,0.534,,1,0,0,Có,6070000.0,0.0,Có,0
LSCN02956,2024,Vay mua ô tô,21,Bác sĩ,38500000.0,Có,37,0.479,0.683,2,1,78,Có,9730000.0,116000000.0,Có,0
LSCN02957,2023,Vay sản xuất kinh doanh,45,Kinh doanh tự do,27100000.0,Không,5,0.388,0.653,1,1,1,Có,24430000.0,0.0,Có,0
LSCN02958,2025,Vay tiêu dùng tín chấp,28,Lái xe,6700000.0,Có,15,0.598,,1,0,0,Có,5680000.0,0.0,Có,0
LSCN02959,2024,Vay mua nhà,42,Công chức,10400000.0,Không,24,0.396,0.717,1,0,0,Có,1830000.0,0.0,Có,0
LSCN02960,2023,Vay mua nhà,49,Lái xe,11100000.0,Không,19,0.347,0.645,1,1,9,Có,23960000.0,0.0,Không,0
LSCN02961,2025,Vay mua ô tô,43,Kinh doanh tự do,15800000.0,Không,16,0.281,0.802,2,1,77,Có,4860000.0,0.0,Có,0
LSCN02962,2022,Vay mua ô tô,21,Công nhân,8400000.0,Không,12,0.445,0.825,2,0,34,Có,1370000.0,0.0,Có,1
LSCN02963,2021,Vay sản xuất kinh doanh,21,Kỹ sư,18100000.0,Không,33,0.653,0.653,1,0,0,Có,5290000.0,582000000.0,Có,0
LSCN02964,2023,Vay tiêu dùng tín chấp,42,Kỹ sư,22900000.0,Có,28,0.265,,1,0,0,Không,22600000.0,684000000.0,Có,0
LSCN02965,2025,Vay mua ô tô,45,Nội trợ,2700000.0,Không,78,0.12,0.579,1,0,0,Có,3630000.0,269000000.0,Có,0
LSCN02966,2023,Vay tiêu dùng tín chấp,21,Công nhân,7600000.0,Không,23,0.341,,1,0,0,Không,4350000.0,0.0,Có,0
LSCN02967,2024,Vay sản xuất kinh doanh,32,Hưu trí,6500000.0,Không,49,0.471,0.653,2,0,28,Có,1670000.0,259000000.0,Có,0
LSCN02968,2024,Vay tiêu dùng tín chấp,26,Lái xe,7600000.0,Có,20,0.337,,1,0,0,Có,5200000.0,0.0,Có,0
LSCN02969,2023,Vay tiêu dùng tín chấp,47,Nội trợ,6600000.0,Không,8,0.676,,1,0,0,Không,8810000.0,53000000.0,Không,0
LSCN02970,2024,Vay tiêu dùng tín chấp,38,Nhân viên văn phòng,14000000.0,Có,5,0.079,,1,0,0,Không,17710000.0,0.0,Có,0
LSCN02971,2022,Vay tiêu dùng tín chấp,43,Kế toán,8200000.0,Có,5,0.338,,1,0,0,Không,4320000.0,0.0,Có,0
LSCN02972,2022,Vay tiêu dùng tín chấp,32,Công nhân,8200000.0,Không,14,0.475,,2,0,33,Có,2760000.0,0.0,Có,0
LSCN02973,2023,Vay mua ô tô,31,Giáo viên,14300000.0,Có,63,0.583,0.529,1,0,0,Có,40200000.0,0.0,Có,0
LSCN02974,2021,Vay mua nhà,38,Công nhân,6500000.0,Có,28,0.449,0.573,1,1,4,Có,8540000.0,159000000.0,Có,0
LSCN02975,2024,Vay sản xuất kinh doanh,21,Công nhân,4000000.0,Có,11,0.638,0.653,1,0,0,Không,890000.0,0.0,Có,1
LSCN02976,2025,Vay mua ô tô,43,Hưu trí,9000000.0,Có,19,0.268,0.682,1,0,0,Có,13930000.0,0.0,Có,0
LSCN02977,2021,Vay tiêu dùng tín chấp,34,Kế toán,13200000.0,Không,143,0.486,,1,1,1,Có,4160000.0,0.0,Có,0
LSCN02978,2023,Vay mua nhà,52,Kinh doanh tự do,35700000.0,Không,21,0.497,0.881,2,0,85,Có,5120000.0,0.0,Có,0
LSCN02979,2024,Vay tiêu dùng tín chấp,38,Nhân viên văn phòng,15600000.0,Không,78,0.09,,1,0,0,Không,20500000.0,5680000000.0,Có,0
LSCN02980,2022,Vay mua nhà,47,Công nhân,12600000.0,Không,20,0.412,0.484,1,0,0,Có,6780000.0,0.0,Có,0
LSCN02981,2025,Vay mua nhà,39,Hưu trí,11000000.0,Không,36,0.389,0.602,1,1,5,Có,12850000.0,748000000.0,Có,0
LSCN02982,2024,Vay mua nhà,32,Bán hàng,13500000.0,Không,1,0.448,0.74,1,0,0,Có,13660000.0,105000000.0,Có,0
LSCN02983,2024,Vay mua ô tô,36,Giáo viên,13200000.0,Không,50,0.39,0.77,1,0,0,Có,18410000.0,0.0,Có,0
LSCN02984,2023,Vay tiêu dùng tín chấp,34,Công chức,11900000.0,Có,46,0.143,,1,0,0,Không,6420000.0,0.0,Có,0
LSCN02985,2021,Vay mua nhà,22,Công nhân,7400000.0,Có,7,0.443,0.563,1,0,0,Không,2420000.0,0.0,Có,0
LSCN02986,2024,Vay mua ô tô,35,Kế toán,11600000.0,Có,17,0.386,0.652,1,1,2,Có,4310000.0,57000000.0,Có,0
LSCN02987,2024,Vay mua nhà,39,Hưu trí,5500000.0,Có,137,0.632,0.596,1,2,2,Có,1320000.0,47000000.0,Có,0
LSCN02988,2021,Vay mua ô tô,40,Hưu trí,7700000.0,Có,20,0.361,0.581,1,0,0,Có,18350000.0,0.0,Có,0
LSCN02989,2021,Vay tiêu dùng tín chấp,40,Nội trợ,4600000.0,Không,89,0.462,,1,0,0,Có,3930000.0,0.0,Có,0
LSCN02990,2023,Vay mua nhà,45,Kinh doanh tự do,39000000.0,Không,15,0.423,0.688,1,0,0,Có,22020000.0,0.0,Có,0
LSCN02991,2024,Vay tiêu dùng tín chấp,47,Công nhân,6100000.0,Không,58,0.442,,2,0,52,Có,2020000.0,0.0,Có,0
LSCN02992,2024,Vay mua nhà,32,Nhân viên văn phòng,12400000.0,Không,25,0.461,0.805,1,0,0,Có,8140000.0,0.0,Có,0
LSCN02993,2021,Vay mua ô tô,30,Bán hàng,14900000.0,Không,30,0.608,0.844,1,0,0,Không,27100000.0,0.0,Có,0
LSCN02994,2023,Vay tiêu dùng tín chấp,30,Kỹ sư,26800000.0,Không,0,0.468,,2,0,61,Có,4420000.0,457000000.0,Có,0
LSCN02995,2021,Vay mua nhà,43,Hưu trí,7300000.0,Không,27,0.25,0.796,1,0,0,Có,5070000.0,20000000.0,Có,0
LSCN02996,2024,Vay mua ô tô,31,Giáo viên,14500000.0,Có,0,0.597,0.834,1,0,0,Không,2280000.0,134000000.0,Có,0
LSCN02997,2023,Vay sản xuất kinh doanh,37,Nhân viên văn phòng,20300000.0,Có,25,0.324,0.653,1,0,0,Không,4390000.0,0.0,Có,0
LSCN02998,2021,Vay tiêu dùng tín chấp,37,Nhân viên văn phòng,11900000.0,Không,17,0.515,,1,0,0,Có,8030000.0,0.0,Có,0
LSCN02999,2023,Vay mua ô tô,49,Bán hàng,19900000.0,Có,10,0.242,0.593,1,0,0,Có,43590000.0,919000000.0,Có,0
LSCN03000,2025,Vay mua ô tô,55,Nội trợ,2700000.0,Không,37,0.361,0.598,1,0,0,Có,1090000.0,70000000.0,Có,0
