ma_kh,nam,nguon_so_lieu,don_vi,tien,phai_thu_khach_hang,hang_ton_kho,tai_san_ngan_han_khac,tai_san_ngan_han,tai_san_co_dinh,tai_san_dai_han_khac,tai_san_dai_han,tong_tai_san,phai_tra_nguoi_ban,vay_ngan_han,no_ngan_han_khac,no_ngan_han,vay_dai_han,no_dai_han_khac,no_dai_han,no_phai_tra,von_chu_so_huu,tong_nguon_von,doanh_thu_thuan,gia_von_hang_ban,loi_nhuan_gop,chi_phi_ban_hang_quan_ly,chi_phi_lai_vay,loi_nhuan_truoc_thue,chi_phi_thue_tndn,loi_nhuan_sau_thue,khau_hao
DN00001,2024,BCTC chưa kiểm toán,triệu đồng,3453.0,12898.0,8671.0,5373.0,30395.0,8189.0,1895.0,10084.0,40479.0,6303.0,0.0,16393.0,22696.0,0.0,0.0,0.0,22696.0,17783.0,40479.0,80564,71183.0,9381.0,9381.0,0.0,0.0,0.0,0.0,784.0
DN00001,2025,BCTC chưa kiểm toán,triệu đồng,5001.0,9925.0,9585.0,4469.0,28980.0,11063.0,980.0,12043.0,41023.0,4285.0,15491.0,2686.0,22462.0,2583.0,18029.0,20612.0,43074.0,-2051.0,41023.0,82067,75120.0,6947.0,8276.0,1454.0,-2783.0,0.0,-2783.0,1129.0
DN00002,2023,BCTC chưa kiểm toán,triệu đồng,659.0,5386.0,5034.0,2584.0,13663.0,1210.0,257.0,1467.0,15130.0,5105.0,4243.0,943.0,10291.0,0.0,0.0,0.0,10291.0,4839.0,15130.0,51915,44428.0,7487.0,8927.0,460.0,-1900.0,0.0,-1900.0,137.0
DN00002,2024,BCTC chưa kiểm toán,triệu đồng,599.0,3004.0,8619.0,2112.0,14334.0,1370.0,409.0,1779.0,16113.0,2400.0,9391.0,1905.0,13696.0,0.0,0.0,0.0,13696.0,2417.0,16113.0,49868,45110.0,4758.0,11280.0,728.0,-7250.0,0.0,-7250.0,160.0
DN00002,2025,BCTC chưa kiểm toán,triệu đồng,858.0,4449.0,7155.0,2120.0,14582.0,2313.0,176.0,2489.0,17071.0,2517.0,10256.0,1590.0,14363.0,1721.0,1840.0,3561.0,17924.0,-853.0,17071.0,58651,56230.0,2421.0,2816.0,1139.0,-1534.0,0.0,-1534.0,183.0
DN00003,2023,BCTC chưa kiểm toán,triệu đồng,59.0,137.0,175.0,40.0,411.0,190.0,42.0,232.0,643.0,29.0,118.0,22.0,169.0,0.0,0.0,0.0,169.0,474.0,643.0,620,540.0,80.0,69.0,11.0,0.0,0.0,0.0,18.0
DN00003,2024,BCTC chưa kiểm toán,triệu đồng,44.0,329.0,137.0,53.0,563.0,188.0,61.0,249.0,812.0,102.0,172.0,36.0,310.0,0.0,0.0,0.0,310.0,502.0,812.0,720,661.0,59.0,7.0,17.0,35.0,7.0,28.0,16.0
DN00003,2025,BCTC chưa kiểm toán,triệu đồng,15.0,174.0,117.0,29.0,335.0,292.0,68.0,360.0,695.0,68.0,0.0,143.0,211.0,0.0,518.0,518.0,729.0,-34.0,695.0,634,566.0,68.0,86.0,0.0,-18.0,0.0,-18.0,27.0
DN00004,2023,BCTC chưa kiểm toán,triệu đồng,1025.0,6295.0,1114.0,897.0,9331.0,8074.0,1568.0,9642.0,18973.0,2017.0,2573.0,670.0,5260.0,6116.0,989.0,7105.0,12365.0,6608.0,18973.0,18396,13368.0,5028.0,2219.0,680.0,2129.0,426.0,1703.0,845.0
DN00004,2024,BCTC chưa kiểm toán,triệu đồng,1175.0,6081.0,1750.0,2946.0,11952.0,14444.0,1190.0,15634.0,27586.0,2044.0,3943.0,731.0,6718.0,9228.0,4524.0,13752.0,20470.0,7116.0,27586.0,25386,19235.0,6151.0,4369.0,1147.0,635.0,127.0,508.0,1294.0
DN00004,2025,BCTC chưa kiểm toán,triệu đồng,1221.0,11390.0,3390.0,1836.0,17837.0,10064.0,2877.0,12941.0,30778.0,1145.0,12534.0,1182.0,14861.0,6780.0,1000.0,7780.0,22641.0,8137.0,30778.0,27876,22084.0,5792.0,2880.0,1635.0,1277.0,255.0,1022.0,867.0
DN00005,2024,BCTC đã kiểm toán,triệu đồng,48342.0,67227.0,111271.0,44506.0,271346.0,90399.0,24221.0,114620.0,385966.0,7993.0,240435.0,18714.0,267142.0,40735.0,9806.0,50541.0,317683.0,68283.0,385966.0,118815,82124.0,36691.0,1188.0,19867.0,15636.0,3127.0,12509.0,10173.0
DN00005,2025,BCTC đã kiểm toán,triệu đồng,10941.0,121260.0,70713.0,61146.0,264060.0,191805.0,10125.0,201930.0,465990.0,8038.0,262616.0,19458.0,290112.0,68259.0,37332.0,105591.0,395703.0,70287.0,465990.0,137047,100780.0,36267.0,1370.0,32392.0,2505.0,501.0,2004.0,21728.0
DN00006,2023,BCTC chưa kiểm toán,triệu đồng,255.0,935.0,1037.0,462.0,2689.0,2120.0,424.0,2544.0,5233.0,176.0,1364.0,173.0,1713.0,141.0,7.0,148.0,1861.0,3372.0,5233.0,1983,1693.0,290.0,20.0,157.0,113.0,23.0,90.0,152.0
DN00006,2024,BCTC chưa kiểm toán,triệu đồng,442.0,1130.0,881.0,599.0,3052.0,1949.0,201.0,2150.0,5202.0,167.0,1488.0,146.0,1801.0,0.0,0.0,0.0,1801.0,3401.0,5202.0,2180,1892.0,288.0,123.0,128.0,37.0,7.0,30.0,197.0
DN00006,2025,BCTC chưa kiểm toán,triệu đồng,537.0,615.0,1338.0,723.0,3213.0,1980.0,446.0,2426.0,5639.0,132.0,1942.0,238.0,2312.0,0.0,0.0,0.0,2312.0,3327.0,5639.0,2326,2076.0,250.0,176.0,148.0,-74.0,0.0,-74.0,212.0
DN00007,2023,BCTC chưa kiểm toán,triệu đồng,762.0,1729.0,1550.0,813.0,4854.0,618.0,34.0,652.0,5506.0,756.0,0.0,2055.0,2811.0,0.0,0.0,0.0,2811.0,2695.0,5506.0,11677,10027.0,1650.0,1606.0,0.0,44.0,9.0,35.0,61.0
DN00007,2024,BCTC chưa kiểm toán,triệu đồng,586.0,1071.0,2018.0,1059.0,4734.0,1263.0,299.0,1562.0,6296.0,1059.0,1980.0,294.0,3333.0,0.0,0.0,0.0,3333.0,2963.0,6296.0,12157,10757.0,1400.0,872.0,193.0,335.0,67.0,268.0,97.0
DN00007,2025,BCTC chưa kiểm toán,triệu đồng,212.0,1410.0,2214.0,611.0,4447.0,1309.0,426.0,1735.0,6182.0,1310.0,1213.0,357.0,2880.0,0.0,0.0,0.0,2880.0,3302.0,6182.0,12474,11235.0,1239.0,688.0,127.0,424.0,85.0,339.0,150.0
DN00008,2025,BCTC chưa kiểm toán,triệu đồng,17.0,256.0,25.0,30.0,328.0,341.0,24.0,365.0,693.0,29.0,130.0,15.0,174.0,79.0,11.0,90.0,264.0,429.0,693.0,320,244.0,76.0,47.0,19.0,10.0,2.0,8.0,37.0
DN00009,2023,BCTC chưa kiểm toán,triệu đồng,129.0,680.0,327.0,175.0,1311.0,857.0,63.0,920.0,2231.0,62.0,786.0,112.0,960.0,124.0,59.0,183.0,1143.0,1088.0,2231.0,900,689.0,211.0,218.0,96.0,-103.0,0.0,-103.0,68.0
DN00009,2024,BCTC chưa kiểm toán,triệu đồng,105.0,574.0,65.0,231.0,975.0,764.0,76.0,840.0,1815.0,19.0,0.0,503.0,522.0,0.0,224.0,224.0,746.0,1069.0,1815.0,700,492.0,208.0,227.0,0.0,-19.0,0.0,-19.0,73.0
DN00009,2025,BCTC chưa kiểm toán,triệu đồng,61.0,708.0,88.0,245.0,1102.0,572.0,59.0,631.0,1733.0,62.0,0.0,626.0,688.0,0.0,0.0,0.0,688.0,1045.0,1733.0,736,575.0,161.0,186.0,0.0,-25.0,0.0,-25.0,44.0
DN00010,2023,BCTC chưa kiểm toán,triệu đồng,81.0,329.0,102.0,58.0,570.0,372.0,25.0,397.0,967.0,55.0,240.0,21.0,316.0,0.0,0.0,0.0,316.0,651.0,967.0,690,564.0,126.0,119.0,18.0,-11.0,0.0,-11.0,38.0
DN00010,2024,BCTC chưa kiểm toán,triệu đồng,41.0,358.0,96.0,117.0,612.0,329.0,40.0,369.0,981.0,55.0,254.0,21.0,330.0,0.0,0.0,0.0,330.0,651.0,981.0,801,570.0,231.0,205.0,26.0,0.0,0.0,0.0,32.0
DN00010,2025,BCTC chưa kiểm toán,triệu đồng,54.0,504.0,92.0,91.0,741.0,572.0,121.0,693.0,1434.0,88.0,275.0,48.0,411.0,399.0,11.0,410.0,821.0,613.0,1434.0,1093,832.0,261.0,233.0,67.0,-39.0,0.0,-39.0,67.0
DN00011,2023,BCTC chưa kiểm toán,triệu đồng,243.0,323.0,522.0,341.0,1429.0,139.0,48.0,187.0,1616.0,144.0,687.0,83.0,914.0,0.0,0.0,0.0,914.0,702.0,1616.0,2226,2015.0,211.0,88.0,62.0,61.0,12.0,49.0,16.0
DN00011,2024,BCTC chưa kiểm toán,triệu đồng,206.0,529.0,628.0,285.0,1648.0,280.0,108.0,388.0,2036.0,88.0,1153.0,178.0,1419.0,0.0,0.0,0.0,1419.0,617.0,2036.0,2411,2103.0,308.0,274.0,119.0,-85.0,0.0,-85.0,24.0
DN00011,2025,BCTC chưa kiểm toán,triệu đồng,195.0,1312.0,606.0,374.0,2487.0,187.0,55.0,242.0,2729.0,244.0,1480.0,286.0,2010.0,91.0,11.0,102.0,2112.0,617.0,2729.0,3481,3146.0,335.0,181.0,154.0,0.0,0.0,0.0,13.0
DN00012,2023,BCTC đã kiểm toán,triệu đồng,1387.0,2391.0,4829.0,1632.0,10239.0,2062.0,157.0,2219.0,12458.0,1322.0,2954.0,347.0,4623.0,2692.0,80.0,2772.0,7395.0,5063.0,12458.0,24216,20805.0,3411.0,1728.0,610.0,1073.0,215.0,858.0,158.0
DN00012,2024,BCTC đã kiểm toán,triệu đồng,1679.0,5096.0,2844.0,1696.0,11315.0,2402.0,633.0,3035.0,14350.0,1004.0,3995.0,518.0,5517.0,2675.0,498.0,3173.0,8690.0,5660.0,14350.0,28019,25885.0,2134.0,675.0,713.0,746.0,149.0,597.0,156.0
DN00012,2025,BCTC đã kiểm toán,triệu đồng,1873.0,3328.0,6327.0,1714.0,13242.0,1456.0,184.0,1640.0,14882.0,3212.0,0.0,4117.0,7329.0,0.0,1198.0,1198.0,8527.0,6355.0,14882.0,29964,27788.0,2176.0,1308.0,0.0,868.0,174.0,694.0,109.0
DN00013,2023,BCTC chưa kiểm toán,triệu đồng,189.0,504.0,697.0,267.0,1657.0,375.0,41.0,416.0,2073.0,293.0,627.0,64.0,984.0,0.0,0.0,0.0,984.0,1089.0,2073.0,4872,4301.0,571.0,504.0,51.0,16.0,3.0,13.0,38.0
DN00013,2024,BCTC chưa kiểm toán,triệu đồng,267.0,788.0,1054.0,258.0,2367.0,284.0,75.0,359.0,2726.0,684.0,757.0,196.0,1637.0,0.0,0.0,0.0,1637.0,1089.0,2726.0,6496,5543.0,953.0,874.0,79.0,0.0,0.0,0.0,21.0
DN00013,2025,BCTC chưa kiểm toán,triệu đồng,331.0,599.0,710.0,309.0,1949.0,614.0,61.0,675.0,2624.0,324.0,1061.0,111.0,1496.0,0.0,0.0,0.0,1496.0,1128.0,2624.0,5981,5371.0,610.0,484.0,76.0,50.0,10.0,40.0,58.0
DN00014,2023,BCTC chưa kiểm toán,triệu đồng,2187.0,3160.0,10769.0,4353.0,20469.0,1234.0,515.0,1749.0,22218.0,5055.0,8287.0,1136.0,14478.0,0.0,0.0,0.0,14478.0,7740.0,22218.0,38969,35151.0,3818.0,2703.0,811.0,304.0,61.0,243.0,132.0
DN00014,2024,BCTC chưa kiểm toán,triệu đồng,2877.0,6533.0,7409.0,1467.0,18286.0,7102.0,689.0,7791.0,26077.0,2533.0,0.0,10200.0,12733.0,0.0,5305.0,5305.0,18038.0,8039.0,26077.0,44245,40386.0,3859.0,3484.0,0.0,375.0,75.0,300.0,537.0
DN00014,2025,BCTC chưa kiểm toán,triệu đồng,1605.0,2788.0,11177.0,2493.0,18063.0,4814.0,1638.0,6452.0,24515.0,3842.0,8843.0,1334.0,14019.0,1023.0,323.0,1346.0,15365.0,9150.0,24515.0,42212,38151.0,4061.0,1901.0,771.0,1389.0,278.0,1111.0,305.0
DN00015,2023,BCTC chưa kiểm toán,triệu đồng,4658.0,14768.0,7067.0,6286.0,32779.0,17634.0,5106.0,22740.0,55519.0,4056.0,17967.0,1440.0,23463.0,5648.0,1150.0,6798.0,30261.0,25258.0,55519.0,52298,43382.0,8916.0,10055.0,2359.0,-3498.0,0.0,-3498.0,1193.0
DN00015,2024,BCTC chưa kiểm toán,triệu đồng,2249.0,10055.0,3253.0,3018.0,18575.0,18395.0,2153.0,20548.0,39123.0,5211.0,6203.0,1217.0,12631.0,0.0,0.0,0.0,12631.0,26492.0,39123.0,39609,33016.0,6593.0,4448.0,603.0,1542.0,308.0,1234.0,2055.0
DN00015,2025,BCTC chưa kiểm toán,triệu đồng,2688.0,18083.0,1474.0,3842.0,26087.0,12343.0,2950.0,15293.0,41380.0,1684.0,10707.0,1845.0,14236.0,0.0,0.0,0.0,14236.0,27144.0,41380.0,40885,28789.0,12096.0,10237.0,1044.0,815.0,163.0,652.0,1224.0
DN00016,2023,BCTC chưa kiểm toán,triệu đồng,1484.0,4390.0,6556.0,1295.0,13725.0,4601.0,430.0,5031.0,18756.0,4800.0,5379.0,621.0,10800.0,0.0,0.0,0.0,10800.0,7956.0,18756.0,18844,16055.0,2789.0,1998.0,499.0,292.0,58.0,234.0,398.0
DN00016,2024,BCTC chưa kiểm toán,triệu đồng,1607.0,3601.0,4020.0,2040.0,11268.0,4579.0,358.0,4937.0,16205.0,1328.0,5868.0,970.0,8166.0,51.0,32.0,83.0,8249.0,7956.0,16205.0,17394,14752.0,2642.0,2220.0,422.0,0.0,0.0,0.0,333.0
DN00016,2025,BCTC chưa kiểm toán,triệu đồng,2094.0,7003.0,5675.0,3217.0,17989.0,3012.0,918.0,3930.0,21919.0,6121.0,5490.0,922.0,12533.0,1299.0,587.0,1886.0,14419.0,7500.0,21919.0,21764,19516.0,2248.0,2024.0,680.0,-456.0,0.0,-456.0,263.0
DN00017,2023,BCTC chưa kiểm toán,triệu đồng,292.0,172.0,1022.0,435.0,1921.0,1882.0,305.0,2187.0,4108.0,72.0,1273.0,117.0,1462.0,85.0,2.0,87.0,1549.0,2559.0,4108.0,1208,1011.0,197.0,12.0,138.0,47.0,9.0,38.0,196.0
DN00017,2024,BCTC chưa kiểm toán,triệu đồng,241.0,229.0,1005.0,264.0,1739.0,1380.0,425.0,1805.0,3544.0,35.0,0.0,950.0,985.0,0.0,0.0,0.0,985.0,2559.0,3544.0,1095,911.0,184.0,184.0,0.0,0.0,0.0,0.0,84.0
DN00017,2025,BCTC chưa kiểm toán,triệu đồng,62.0,687.0,536.0,196.0,1481.0,1387.0,121.0,1508.0,2989.0,26.0,322.0,27.0,375.0,0.0,0.0,0.0,375.0,2614.0,2989.0,911,788.0,123.0,30.0,26.0,67.0,13.0,54.0,100.0
DN00018,2024,BCTC chưa kiểm toán,triệu đồng,39.0,365.0,290.0,71.0,765.0,590.0,73.0,663.0,1428.0,14.0,0.0,469.0,483.0,0.0,0.0,0.0,483.0,945.0,1428.0,457,398.0,59.0,52.0,0.0,7.0,1.0,6.0,47.0
DN00018,2025,BCTC chưa kiểm toán,triệu đồng,97.0,193.0,334.0,80.0,704.0,766.0,273.0,1039.0,1743.0,21.0,353.0,23.0,397.0,250.0,141.0,391.0,788.0,955.0,1743.0,544,457.0,87.0,19.0,57.0,11.0,2.0,9.0,47.0
DN00019,2023,BCTC chưa kiểm toán,triệu đồng,22.0,95.0,153.0,65.0,335.0,243.0,17.0,260.0,595.0,25.0,0.0,286.0,311.0,0.0,0.0,0.0,311.0,284.0,595.0,283,256.0,27.0,39.0,0.0,-12.0,0.0,-12.0,26.0
DN00019,2024,BCTC chưa kiểm toán,triệu đồng,57.0,143.0,114.0,35.0,349.0,203.0,55.0,258.0,607.0,14.0,292.0,28.0,334.0,0.0,0.0,0.0,334.0,273.0,607.0,337,289.0,48.0,35.0,25.0,-12.0,0.0,-12.0,18.0
DN00019,2025,BCTC chưa kiểm toán,triệu đồng,20.0,145.0,149.0,61.0,375.0,168.0,67.0,235.0,610.0,13.0,278.0,46.0,337.0,0.0,0.0,0.0,337.0,273.0,610.0,313,267.0,46.0,20.0,26.0,0.0,0.0,0.0,18.0
DN00020,2023,Tờ khai thuế,triệu đồng,,,,,,,,,,,,,,,,,,,,731,,,,,,,,
DN00020,2024,Tờ khai thuế,triệu đồng,,,,,,,,,,,,,,,,,,,,600,,,,,,,,
DN00020,2025,Tờ khai thuế,triệu đồng,,,,,,,,,,,,,,,,,,,,772,,,,,,,,
DN00021,2023,BCTC chưa kiểm toán,triệu đồng,137.0,661.0,620.0,173.0,1591.0,249.0,95.0,344.0,1935.0,131.0,847.0,116.0,1094.0,0.0,0.0,0.0,1094.0,841.0,1935.0,2112,1878.0,234.0,145.0,64.0,25.0,5.0,20.0,26.0
DN00021,2024,BCTC chưa kiểm toán,triệu đồng,104.0,613.0,566.0,270.0,1553.0,497.0,59.0,556.0,2109.0,197.0,484.0,110.0,791.0,611.0,158.0,769.0,1560.0,549.0,2109.0,2511,2244.0,267.0,442.0,117.0,-292.0,0.0,-292.0,57.0
DN00021,2025,BCTC chưa kiểm toán,triệu đồng,240.0,632.0,548.0,420.0,1840.0,86.0,11.0,97.0,1937.0,200.0,1054.0,143.0,1397.0,0.0,0.0,0.0,1397.0,540.0,1937.0,2063,1804.0,259.0,153.0,115.0,-9.0,0.0,-9.0,9.0
DN00022,2023,Tờ khai thuế,triệu đồng,,,,,,,,,,,,,,,,,,,,2183,,,,,,,,
DN00022,2024,Tờ khai thuế,triệu đồng,,,,,,,,,,,,,,,,,,,,1997,,,,,,,,
DN00022,2025,Tờ khai thuế,triệu đồng,,,,,,,,,,,,,,,,,,,,2239,,,,,,,,
DN00023,2023,BCTC chưa kiểm toán,triệu đồng,2630.0,11927.0,5125.0,5719.0,25401.0,9793.0,2530.0,12323.0,37724.0,2865.0,17104.0,1636.0,21605.0,15.0,4.0,19.0,21624.0,16100.0,37724.0,34910,25728.0,9182.0,5583.0,1356.0,2243.0,449.0,1794.0,737.0
DN00023,2024,BCTC chưa kiểm toán,triệu đồng,3309.0,12728.0,1633.0,2960.0,20630.0,16247.0,1965.0,18212.0,38842.0,5280.0,7959.0,2158.0,15397.0,4138.0,1560.0,5698.0,21095.0,17747.0,38842.0,37503,27262.0,10241.0,6872.0,1311.0,2058.0,412.0,1646.0,1712.0
DN00023,2025,BCTC chưa kiểm toán,triệu đồng,805.0,6420.0,8110.0,3361.0,18696.0,21909.0,2298.0,24207.0,42903.0,1943.0,8721.0,1132.0,11796.0,10942.0,544.0,11486.0,23282.0,19621.0,42903.0,40196,30364.0,9832.0,5916.0,1574.0,2342.0,468.0,1874.0,2210.0
DN00024,2023,BCTC chưa kiểm toán,triệu đồng,1249.0,11059.0,3127.0,1788.0,17223.0,13605.0,4031.0,17636.0,34859.0,1916.0,5797.0,573.0,8286.0,9757.0,2704.0,12461.0,20747.0,14112.0,34859.0,26964,20857.0,6107.0,5306.0,1302.0,-501.0,0.0,-501.0,1520.0
DN00024,2024,BCTC chưa kiểm toán,triệu đồng,2708.0,7006.0,4271.0,1634.0,15619.0,14687.0,2060.0,16747.0,32366.0,2368.0,0.0,8254.0,10622.0,0.0,7632.0,7632.0,18254.0,14112.0,32366.0,30595,23850.0,6745.0,6745.0,0.0,0.0,0.0,0.0,955.0
DN00024,2025,BCTC chưa kiểm toán,triệu đồng,2628.0,9405.0,5027.0,2810.0,19870.0,13225.0,5374.0,18599.0,38469.0,3869.0,11952.0,2062.0,17883.0,5543.0,1573.0,7116.0,24999.0,13470.0,38469.0,35751,28638.0,7113.0,6041.0,1714.0,-642.0,0.0,-642.0,1136.0
DN00025,2023,BCTC chưa kiểm toán,triệu đồng,99.0,312.0,96.0,62.0,569.0,162.0,53.0,215.0,784.0,68.0,0.0,208.0,276.0,0.0,0.0,0.0,276.0,508.0,784.0,467,421.0,46.0,58.0,0.0,-12.0,0.0,-12.0,12.0
DN00025,2024,BCTC chưa kiểm toán,triệu đồng,68.0,240.0,73.0,49.0,430.0,184.0,35.0,219.0,649.0,89.0,46.0,13.0,148.0,0.0,0.0,0.0,148.0,501.0,649.0,395,362.0,33.0,35.0,5.0,-7.0,0.0,-7.0,14.0
DN00025,2025,BCTC chưa kiểm toán,triệu đồng,74.0,241.0,109.0,132.0,556.0,108.0,11.0,119.0,675.0,48.0,145.0,20.0,213.0,0.0,0.0,0.0,213.0,462.0,675.0,392,355.0,37.0,65.0,11.0,-39.0,0.0,-39.0,8.0
DN00026,2023,BCTC chưa kiểm toán,triệu đồng,96.0,461.0,1209.0,434.0,2200.0,460.0,138.0,598.0,2798.0,177.0,0.0,1276.0,1453.0,0.0,0.0,0.0,1453.0,1345.0,2798.0,4590,4238.0,352.0,456.0,0.0,-104.0,0.0,-104.0,50.0
DN00026,2024,BCTC chưa kiểm toán,triệu đồng,119.0,1068.0,794.0,545.0,2526.0,556.0,151.0,707.0,3233.0,305.0,0.0,2054.0,2359.0,0.0,14.0,14.0,2373.0,860.0,3233.0,5192,4712.0,480.0,964.0,0.0,-484.0,0.0,-484.0,39.0
DN00026,2025,BCTC chưa kiểm toán,triệu đồng,132.0,597.0,858.0,320.0,1907.0,756.0,108.0,864.0,2771.0,333.0,1513.0,104.0,1950.0,0.0,0.0,0.0,1950.0,821.0,2771.0,4535,4090.0,445.0,359.0,124.0,-38.0,0.0,-38.0,76.0
DN00027,2023,BCTC chưa kiểm toán,triệu đồng,999.0,13625.0,3002.0,2513.0,20139.0,9454.0,3396.0,12850.0,32989.0,1025.0,6992.0,1378.0,9395.0,7132.0,611.0,7743.0,17138.0,15851.0,32989.0,30149,24128.0,6021.0,3499.0,1372.0,1150.0,230.0,920.0,719.0
DN00027,2024,BCTC chưa kiểm toán,triệu đồng,1812.0,7415.0,1736.0,3337.0,14300.0,10672.0,621.0,11293.0,25593.0,1523.0,5833.0,647.0,8003.0,489.0,210.0,699.0,8702.0,16891.0,25593.0,24019,18907.0,5112.0,3303.0,510.0,1299.0,260.0,1039.0,780.0
DN00027,2025,BCTC chưa kiểm toán,triệu đồng,808.0,7203.0,3242.0,1883.0,13136.0,10274.0,2077.0,12351.0,25487.0,1980.0,0.0,4711.0,6691.0,0.0,555.0,555.0,7246.0,18241.0,25487.0,23944,19148.0,4796.0,3109.0,0.0,1687.0,337.0,1350.0,891.0
DN00028,2023,Tờ khai thuế,triệu đồng,,,,,,,,,,,,,,,,,,,,468,,,,,,,,
DN00028,2024,Tờ khai thuế,triệu đồng,,,,,,,,,,,,,,,,,,,,441,,,,,,,,
DN00028,2025,Tờ khai thuế,triệu đồng,,,,,,,,,,,,,,,,,,,,456,,,,,,,,
DN00029,2023,Tờ khai thuế,triệu đồng,,,,,,,,,,,,,,,,,,,,2303,,,,,,,,
DN00029,2024,Tờ khai thuế,triệu đồng,,,,,,,,,,,,,,,,,,,,2301,,,,,,,,
DN00029,2025,Tờ khai thuế,triệu đồng,,,,,,,,,,,,,,,,,,,,2837,,,,,,,,
DN00030,2023,BCTC chưa kiểm toán,đồng,177000000.0,129000000.0,762000000.0,116000000.0,1184000000.0,491000000.0,120000000.0,611000000.0,1795000000.0,108000000.0,0.0,484000000.0,592000000.0,0.0,149000000.0,149000000.0,741000000.0,1054000000.0,1795000000.0,1066000000,951000000.0,115000000.0,60000000.0,0.0,55000000.0,11000000.0,44000000.0,58000000.0
DN00030,2024,BCTC chưa kiểm toán,đồng,160000000.0,213000000.0,720000000.0,99000000.0,1192000000.0,314000000.0,66000000.0,380000000.0,1572000000.0,52000000.0,421000000.0,38000000.0,511000000.0,0.0,0.0,0.0,511000000.0,1061000000.0,1572000000.0,1050000000,951000000.0,99000000.0,55000000.0,36000000.0,8000000.0,2000000.0,6000000.0,27000000.0
DN00030,2025,BCTC chưa kiểm toán,đồng,148000000.0,261000000.0,945000000.0,311000000.0,1665000000.0,97000000.0,26000000.0,123000000.0,1788000000.0,60000000.0,586000000.0,72000000.0,718000000.0,0.0,0.0,0.0,718000000.0,1070000000.0,1788000000.0,1238000000,1088000000.0,150000000.0,94000000.0,44000000.0,12000000.0,2000000.0,10000000.0,9000000.0
DN00031,2024,BCTC chưa kiểm toán,triệu đồng,2026.0,3179.0,5541.0,2524.0,13270.0,1071.0,273.0,1344.0,14614.0,1083.0,6265.0,793.0,8141.0,0.0,0.0,0.0,8141.0,6473.0,14614.0,22174,19399.0,2775.0,1740.0,679.0,356.0,71.0,285.0,117.0
DN00031,2025,BCTC chưa kiểm toán,triệu đồng,2077.0,2577.0,6645.0,2360.0,13659.0,3068.0,414.0,3482.0,17141.0,1340.0,7524.0,972.0,9836.0,565.0,64.0,629.0,10465.0,6676.0,17141.0,25841,23970.0,1871.0,908.0,709.0,254.0,51.0,203.0,186.0
DN00032,2024,Tờ khai thuế,triệu đồng,,,,,,,,,,,,,,,,,,,,1288,,,,,,,,
DN00032,2025,Tờ khai thuế,triệu đồng,,,,,,,,,,,,,,,,,,,,1343,,,,,,,,
DN00033,2023,BCTC chưa kiểm toán,triệu đồng,1182.0,3190.0,2587.0,2022.0,8981.0,2601.0,373.0,2974.0,11955.0,3161.0,2727.0,561.0,6449.0,0.0,0.0,0.0,6449.0,5506.0,11955.0,38256,34122.0,4134.0,3399.0,228.0,507.0,101.0,406.0,265.0
DN00033,2024,BCTC chưa kiểm toán,triệu đồng,785.0,2104.0,5492.0,2076.0,10457.0,3320.0,1295.0,4615.0,15072.0,1728.0,5654.0,875.0,8257.0,129.0,71.0,200.0,8457.0,6615.0,15072.0,46151,41551.0,4600.0,2647.0,567.0,1386.0,277.0,1109.0,384.0
DN00033,2025,BCTC chưa kiểm toán,triệu đồng,1315.0,4571.0,6858.0,1263.0,14007.0,832.0,117.0,949.0,14956.0,3588.0,3917.0,595.0,8100.0,0.0,0.0,0.0,8100.0,6856.0,14956.0,49333,46007.0,3326.0,2643.0,382.0,301.0,60.0,241.0,54.0
DN00034,2023,Tờ khai thuế,triệu đồng,,,,,,,,,,,,,,,,,,,,608,,,,,,,,
DN00034,2024,Tờ khai thuế,triệu đồng,,,,,,,,,,,,,,,,,,,,609,,,,,,,,
DN00034,2025,Tờ khai thuế,triệu đồng,,,,,,,,,,,,,,,,,,,,622,,,,,,,,
DN00035,2023,BCTC chưa kiểm toán,triệu đồng,455.0,2379.0,841.0,362.0,4037.0,435.0,155.0,590.0,4627.0,506.0,1653.0,150.0,2309.0,0.0,0.0,0.0,2309.0,2318.0,4627.0,10297,8859.0,1438.0,1566.0,152.0,-280.0,0.0,-280.0,41.0
DN00035,2024,BCTC chưa kiểm toán,triệu đồng,166.0,1169.0,1410.0,247.0,2992.0,639.0,44.0,683.0,3675.0,769.0,433.0,80.0,1282.0,0.0,0.0,0.0,1282.0,2393.0,3675.0,8687,7666.0,1021.0,887.0,40.0,94.0,19.0,75.0,39.0
DN00035,2025,BCTC chưa kiểm toán,triệu đồng,479.0,1074.0,1512.0,540.0,3605.0,499.0,76.0,575.0,4180.0,591.0,0.0,898.0,1489.0,0.0,0.0,0.0,1489.0,2691.0,4180.0,9961,8797.0,1164.0,792.0,0.0,372.0,74.0,298.0,41.0
DN00036,2023,BCTC đã kiểm toán,triệu đồng,20867.0,174850.0,89613.0,69393.0,354723.0,15003.0,3667.0,18670.0,373393.0,87771.0,116506.0,31508.0,235785.0,0.0,0.0,0.0,235785.0,137608.0,373393.0,1198245,1125441.0,72804.0,38480.0,8669.0,25655.0,5131.0,20524.0,1791.0
DN00036,2024,BCTC đã kiểm toán,triệu đồng,51579.0,73128.0,136347.0,27794.0,288848.0,30316.0,9945.0,40261.0,329109.0,72401.0,118578.0,15323.0,206302.0,0.0,0.0,0.0,206302.0,122807.0,329109.0,1119552,1035572.0,83980.0,89842.0,8940.0,-14802.0,0.0,-14802.0,2975.0
DN00036,2025,BCTC đã kiểm toán,triệu đồng,27041.0,71179.0,223101.0,44864.0,366185.0,38696.0,11948.0,50644.0,416829.0,25448.0,217365.0,39938.0,282751.0,0.0,0.0,0.0,282751.0,134078.0,416829.0,1269441,1156155.0,113286.0,80958.0,18239.0,14089.0,2818.0,11271.0,3852.0
DN00037,2023,BCTC chưa kiểm toán,triệu đồng,63.0,634.0,422.0,145.0,1264.0,436.0,36.0,472.0,1736.0,56.0,521.0,50.0,627.0,0.0,0.0,0.0,627.0,1109.0,1736.0,1634,1484.0,150.0,108.0,54.0,-12.0,0.0,-12.0,30.0
DN00037,2024,BCTC chưa kiểm toán,triệu đồng,56.0,252.0,679.0,307.0,1294.0,288.0,33.0,321.0,1615.0,147.0,299.0,74.0,520.0,0.0,0.0,0.0,520.0,1095.0,1615.0,1685,1503.0,182.0,171.0,26.0,-15.0,0.0,-15.0,23.0
DN00037,2025,BCTC chưa kiểm toán,triệu đồng,107.0,372.0,747.0,380.0,1606.0,172.0,55.0,227.0,1833.0,149.0,0.0,589.0,738.0,0.0,0.0,0.0,738.0,1095.0,1833.0,1911,1843.0,68.0,68.0,0.0,0.0,0.0,0.0,14.0
DN00038,2023,BCTC chưa kiểm toán,triệu đồng,485.0,7071.0,1477.0,1992.0,11025.0,10804.0,2819.0,13623.0,24648.0,3292.0,2867.0,939.0,7098.0,12297.0,1831.0,14128.0,21226.0,3422.0,24648.0,40983,31494.0,9489.0,3845.0,1232.0,4412.0,882.0,3530.0,1114.0
DN00038,2024,BCTC chưa kiểm toán,triệu đồng,4517.0,16000.0,679.0,7044.0,28240.0,6750.0,1862.0,8612.0,36852.0,6162.0,16756.0,3875.0,26793.0,5470.0,1771.0,7241.0,34034.0,2818.0,36852.0,51442,37203.0,14239.0,13108.0,1736.0,-605.0,0.0,-605.0,666.0
DN00038,2025,BCTC chưa kiểm toán,triệu đồng,2807.0,4585.0,5662.0,2578.0,15632.0,10927.0,2149.0,13076.0,28708.0,3364.0,0.0,8176.0,11540.0,0.0,12862.0,12862.0,24402.0,4306.0,28708.0,44377,32541.0,11836.0,12709.0,0.0,-873.0,0.0,-873.0,741.0
DN00039,2023,BCTC chưa kiểm toán,triệu đồng,42.0,224.0,100.0,58.0,424.0,132.0,23.0,155.0,579.0,69.0,232.0,24.0,325.0,11.0,6.0,17.0,342.0,237.0,579.0,682,605.0,77.0,55.0,22.0,0.0,0.0,0.0,14.0
DN00039,2024,BCTC chưa kiểm toán,triệu đồng,69.0,191.0,235.0,49.0,544.0,162.0,20.0,182.0,726.0,35.0,295.0,20.0,350.0,112.0,19.0,131.0,481.0,245.0,726.0,707,606.0,101.0,57.0,34.0,10.0,2.0,8.0,15.0
DN00039,2025,BCTC chưa kiểm toán,triệu đồng,57.0,119.0,299.0,72.0,547.0,219.0,24.0,243.0,790.0,36.0,289.0,48.0,373.0,111.0,53.0,164.0,537.0,253.0,790.0,821,755.0,66.0,16.0,41.0,9.0,2.0,7.0,16.0
DN00040,2023,BCTC chưa kiểm toán,triệu đồng,326.0,1929.0,593.0,622.0,3470.0,2644.0,407.0,3051.0,6521.0,940.0,1551.0,402.0,2893.0,324.0,49.0,373.0,3266.0,3255.0,6521.0,7285,5531.0,1754.0,936.0,164.0,654.0,131.0,523.0,224.0
DN00040,2024,BCTC chưa kiểm toán,triệu đồng,410.0,1522.0,633.0,362.0,2927.0,2800.0,709.0,3509.0,6436.0,513.0,939.0,105.0,1557.0,993.0,555.0,1548.0,3105.0,3331.0,6436.0,6768,5005.0,1763.0,1485.0,181.0,97.0,19.0,78.0,289.0
DN00040,2025,BCTC chưa kiểm toán,triệu đồng,498.0,1883.0,413.0,565.0,3359.0,1860.0,702.0,2562.0,5921.0,537.0,1415.0,140.0,2092.0,19.0,5.0,24.0,2116.0,3805.0,5921.0,6201,4774.0,1427.0,720.0,114.0,593.0,119.0,474.0,197.0
DN00041,2023,BCTC đã kiểm toán,triệu đồng,833.0,1160.0,2810.0,468.0,5271.0,1260.0,202.0,1462.0,6733.0,588.0,1883.0,362.0,2833.0,0.0,0.0,0.0,2833.0,3900.0,6733.0,18769,16952.0,1817.0,2091.0,173.0,-447.0,0.0,-447.0,85.0
DN00041,2024,BCTC đã kiểm toán,triệu đồng,1035.0,1499.0,2041.0,1293.0,5868.0,808.0,298.0,1106.0,6974.0,1302.0,1983.0,520.0,3805.0,0.0,0.0,0.0,3805.0,3169.0,6974.0,19001,17554.0,1447.0,1963.0,215.0,-731.0,0.0,-731.0,70.0
DN00041,2025,BCTC đã kiểm toán,triệu đồng,573.0,1129.0,1703.0,758.0,4163.0,1165.0,390.0,1555.0,5718.0,1366.0,582.0,329.0,2277.0,0.0,0.0,0.0,2277.0,3441.0,5718.0,16152,15584.0,568.0,174.0,54.0,340.0,68.0,272.0,78.0
DN00042,2023,BCTC chưa kiểm toán,triệu đồng,48.0,95.0,111.0,50.0,304.0,215.0,48.0,263.0,567.0,11.0,160.0,26.0,197.0,10.0,1.0,11.0,208.0,359.0,567.0,190,170.0,20.0,8.0,17.0,-5.0,0.0,-5.0,14.0
DN00042,2024,BCTC chưa kiểm toán,triệu đồng,14.0,33.0,164.0,71.0,282.0,243.0,48.0,291.0,573.0,15.0,174.0,28.0,217.0,0.0,0.0,0.0,217.0,356.0,573.0,188,163.0,25.0,11.0,17.0,-3.0,0.0,-3.0,23.0
DN00042,2025,BCTC chưa kiểm toán,triệu đồng,31.0,70.0,101.0,55.0,257.0,345.0,133.0,478.0,735.0,27.0,185.0,18.0,230.0,137.0,22.0,159.0,389.0,346.0,735.0,246,229.0,17.0,2.0,24.0,-9.0,0.0,-9.0,33.0
DN00043,2023,Tờ khai thuế,triệu đồng,,,,,,,,,,,,,,,,,,,,336,,,,,,,,
DN00043,2024,Tờ khai thuế,triệu đồng,,,,,,,,,,,,,,,,,,,,397,,,,,,,,
DN00043,2025,Tờ khai thuế,triệu đồng,,,,,,,,,,,,,,,,,,,,400,,,,,,,,
DN00044,2023,BCTC chưa kiểm toán,triệu đồng,564.0,5068.0,2814.0,1443.0,9889.0,1178.0,227.0,1405.0,11294.0,2127.0,5178.0,677.0,7982.0,286.0,121.0,407.0,8389.0,2905.0,11294.0,27140,24307.0,2833.0,2201.0,443.0,189.0,38.0,151.0,116.0
DN00044,2024,BCTC chưa kiểm toán,triệu đồng,620.0,1259.0,5381.0,2092.0,9352.0,1565.0,438.0,2003.0,11355.0,2090.0,5398.0,1076.0,8564.0,1677.0,5.0,1682.0,10246.0,1109.0,11355.0,29602,27353.0,2249.0,3327.0,719.0,-1797.0,0.0,-1797.0,154.0
DN00044,2025,BCTC chưa kiểm toán,triệu đồng,933.0,2282.0,3450.0,1124.0,7789.0,706.0,290.0,996.0,8785.0,706.0,0.0,6737.0,7443.0,0.0,0.0,0.0,7443.0,1342.0,8785.0,22769,21400.0,1369.0,1078.0,0.0,291.0,58.0,233.0,64.0
DN00045,2023,BCTC chưa kiểm toán,triệu đồng,45.0,327.0,192.0,160.0,724.0,288.0,46.0,334.0,1058.0,63.0,0.0,583.0,646.0,0.0,0.0,0.0,646.0,412.0,1058.0,619,542.0,77.0,87.0,0.0,-10.0,0.0,-10.0,19.0
DN00045,2024,BCTC chưa kiểm toán,triệu đồng,112.0,401.0,170.0,130.0,813.0,238.0,39.0,277.0,1090.0,81.0,0.0,647.0,728.0,0.0,0.0,0.0,728.0,362.0,1090.0,613,572.0,41.0,90.0,0.0,-49.0,0.0,-49.0,18.0
DN00045,2025,BCTC chưa kiểm toán,triệu đồng,31.0,304.0,268.0,120.0,723.0,309.0,72.0,381.0,1104.0,120.0,0.0,628.0,748.0,0.0,0.0,0.0,748.0,356.0,1104.0,592,545.0,47.0,54.0,0.0,-7.0,0.0,-7.0,36.0
DN00046,2025,BCTC chưa kiểm toán,triệu đồng,200.0,522.0,1017.0,241.0,1980.0,225.0,61.0,286.0,2266.0,231.0,0.0,931.0,1162.0,0.0,0.0,0.0,1162.0,1104.0,2266.0,2394,2231.0,163.0,150.0,0.0,13.0,3.0,10.0,18.0
DN00047,2023,BCTC đã kiểm toán,triệu đồng,2544.0,13886.0,4676.0,2971.0,24077.0,7602.0,521.0,8123.0,32200.0,2796.0,10654.0,1453.0,14903.0,0.0,0.0,0.0,14903.0,17297.0,32200.0,62132,56812.0,5320.0,3456.0,880.0,984.0,197.0,787.0,909.0
DN00047,2024,BCTC đã kiểm toán,triệu đồng,1959.0,8670.0,9793.0,3062.0,23484.0,8202.0,2529.0,10731.0,34215.0,5563.0,9068.0,1938.0,16569.0,0.0,0.0,0.0,16569.0,17646.0,34215.0,71167,63788.0,7379.0,6149.0,793.0,437.0,87.0,350.0,634.0
DN00047,2025,BCTC đã kiểm toán,triệu đồng,5368.0,9219.0,8333.0,6937.0,29857.0,9537.0,2673.0,12210.0,42067.0,11057.0,7114.0,2994.0,21165.0,2455.0,800.0,3255.0,24420.0,17647.0,42067.0,84738,74901.0,9837.0,8897.0,940.0,0.0,0.0,0.0,586.0
DN00048,2023,BCTC chưa kiểm toán,triệu đồng,104.0,556.0,417.0,121.0,1198.0,248.0,26.0,274.0,1472.0,127.0,413.0,32.0,572.0,0.0,0.0,0.0,572.0,900.0,1472.0,1928,1674.0,254.0,186.0,32.0,36.0,7.0,29.0,21.0
DN00048,2024,BCTC chưa kiểm toán,triệu đồng,154.0,236.0,496.0,207.0,1093.0,377.0,37.0,414.0,1507.0,111.0,428.0,34.0,573.0,0.0,0.0,0.0,573.0,934.0,1507.0,2216,2011.0,205.0,125.0,38.0,42.0,8.0,34.0,43.0
DN00048,2025,BCTC chưa kiểm toán,triệu đồng,73.0,217.0,949.0,156.0,1395.0,319.0,80.0,399.0,1794.0,95.0,855.0,73.0,1023.0,0.0,0.0,0.0,1023.0,771.0,1794.0,2481,2124.0,357.0,454.0,67.0,-164.0,0.0,-164.0,36.0
DN00049,2023,BCTC chưa kiểm toán,triệu đồng,149.0,280.0,804.0,117.0,1350.0,1237.0,106.0,1343.0,2693.0,12.0,866.0,110.0,988.0,0.0,0.0,0.0,988.0,1705.0,2693.0,478,367.0,111.0,5.0,92.0,14.0,3.0,11.0,130.0
DN00049,2024,BCTC chưa kiểm toán,triệu đồng,196.0,372.0,655.0,219.0,1442.0,658.0,197.0,855.0,2297.0,43.0,503.0,37.0,583.0,0.0,0.0,0.0,583.0,1714.0,2297.0,386,323.0,63.0,11.0,40.0,12.0,2.0,10.0,60.0
DN00049,2025,BCTC chưa kiểm toán,triệu đồng,97.0,561.0,210.0,283.0,1151.0,677.0,167.0,844.0,1995.0,18.0,224.0,40.0,282.0,0.0,0.0,0.0,282.0,1713.0,1995.0,334,299.0,35.0,12.0,23.0,0.0,0.0,0.0,61.0
DN00050,2023,Tờ khai thuế,triệu đồng,,,,,,,,,,,,,,,,,,,,1461,,,,,,,,
DN00050,2024,Tờ khai thuế,triệu đồng,,,,,,,,,,,,,,,,,,,,1656,,,,,,,,
DN00050,2025,Tờ khai thuế,triệu đồng,,,,,,,,,,,,,,,,,,,,2045,,,,,,,,
DN00051,2023,BCTC chưa kiểm toán,triệu đồng,646.0,1834.0,2168.0,1006.0,5654.0,1955.0,779.0,2734.0,8388.0,1220.0,2632.0,477.0,4329.0,1762.0,93.0,1855.0,6184.0,2204.0,8388.0,22511,20518.0,1993.0,2227.0,412.0,-646.0,0.0,-646.0,156.0
DN00051,2024,BCTC chưa kiểm toán,triệu đồng,1060.0,972.0,3412.0,655.0,6099.0,1149.0,315.0,1464.0,7563.0,944.0,3708.0,409.0,5061.0,0.0,0.0,0.0,5061.0,2502.0,7563.0,22112,20674.0,1438.0,756.0,310.0,372.0,74.0,298.0,90.0
DN00051,2025,BCTC chưa kiểm toán,triệu đồng,1413.0,2781.0,2907.0,810.0,7911.0,480.0,76.0,556.0,8467.0,1319.0,3566.0,563.0,5448.0,55.0,34.0,89.0,5537.0,2930.0,8467.0,23712,20628.0,3084.0,2153.0,396.0,535.0,107.0,428.0,44.0
DN00052,2023,BCTC đã kiểm toán,triệu đồng,906.0,3440.0,1250.0,1404.0,7000.0,3618.0,780.0,4398.0,11398.0,358.0,5782.0,843.0,6983.0,676.0,360.0,1036.0,8019.0,3379.0,11398.0,7455,6273.0,1182.0,813.0,616.0,-247.0,0.0,-247.0,433.0
DN00052,2024,BCTC đã kiểm toán,triệu đồng,444.0,1685.0,4298.0,1649.0,8076.0,3483.0,902.0,4385.0,12461.0,546.0,7757.0,1076.0,9379.0,156.0,69.0,225.0,9604.0,2857.0,12461.0,7428,6288.0,1140.0,1021.0,641.0,-522.0,0.0,-522.0,345.0
DN00052,2025,BCTC đã kiểm toán,triệu đồng,784.0,1854.0,2452.0,1438.0,6528.0,8597.0,625.0,9222.0,15750.0,906.0,5973.0,1020.0,7899.0,4794.0,200.0,4994.0,12893.0,2857.0,15750.0,9740,8604.0,1136.0,97.0,1039.0,0.0,0.0,0.0,934.0
DN00053,2023,BCTC đã kiểm toán,triệu đồng,713.0,787.0,1843.0,637.0,3980.0,1003.0,363.0,1366.0,5346.0,834.0,0.0,1836.0,2670.0,0.0,150.0,150.0,2820.0,2526.0,5346.0,10335,9431.0,904.0,614.0,0.0,290.0,58.0,232.0,77.0
DN00053,2024,BCTC đã kiểm toán,triệu đồng,876.0,1550.0,2345.0,1226.0,5997.0,1229.0,221.0,1450.0,7447.0,1336.0,2772.0,681.0,4789.0,0.0,0.0,0.0,4789.0,2658.0,7447.0,13057,12261.0,796.0,334.0,296.0,166.0,33.0,133.0,139.0
DN00053,2025,BCTC đã kiểm toán,triệu đồng,255.0,1270.0,2662.0,881.0,5068.0,1403.0,252.0,1655.0,6723.0,438.0,2341.0,218.0,2997.0,653.0,113.0,766.0,3763.0,2960.0,6723.0,11949,11019.0,930.0,323.0,230.0,377.0,75.0,302.0,95.0
DN00054,2023,Tờ khai thuế,đồng,,,,,,,,,,,,,,,,,,,,2725000000,,,,,,,,
DN00054,2024,Tờ khai thuế,đồng,,,,,,,,,,,,,,,,,,,,2613000000,,,,,,,,
DN00054,2025,Tờ khai thuế,đồng,,,,,,,,,,,,,,,,,,,,2294000000,,,,,,,,
DN00055,2023,BCTC đã kiểm toán,triệu đồng,522.0,1930.0,1754.0,806.0,5012.0,1441.0,379.0,1820.0,6832.0,1698.0,1827.0,407.0,3932.0,0.0,0.0,0.0,3932.0,2900.0,6832.0,5006,4701.0,305.0,50.0,194.0,61.0,12.0,49.0,108.0
DN00055,2024,BCTC đã kiểm toán,triệu đồng,285.0,3195.0,1431.0,874.0,5785.0,278.0,26.0,304.0,6089.0,555.0,0.0,3107.0,3662.0,0.0,0.0,0.0,3662.0,2427.0,6089.0,5106,4746.0,360.0,832.0,0.0,-472.0,0.0,-472.0,22.0
DN00055,2025,BCTC đã kiểm toán,triệu đồng,408.0,2848.0,2858.0,613.0,6727.0,862.0,129.0,991.0,7718.0,1005.0,0.0,3948.0,4953.0,0.0,188.0,188.0,5141.0,2577.0,7718.0,6200,5490.0,710.0,523.0,0.0,187.0,37.0,150.0,70.0
DN00056,2023,Tờ khai thuế,triệu đồng,,,,,,,,,,,,,,,,,,,,1828,,,,,,,,
DN00056,2024,Tờ khai thuế,triệu đồng,,,,,,,,,,,,,,,,,,,,2326,,,,,,,,
DN00056,2025,Tờ khai thuế,triệu đồng,,,,,,,,,,,,,,,,,,,,2587,,,,,,,,
DN00057,2023,BCTC chưa kiểm toán,triệu đồng,157.0,428.0,230.0,223.0,1038.0,742.0,114.0,856.0,1894.0,202.0,261.0,31.0,494.0,0.0,0.0,0.0,494.0,1400.0,1894.0,998,776.0,222.0,127.0,28.0,67.0,13.0,54.0,53.0
DN00057,2024,BCTC chưa kiểm toán,triệu đồng,70.0,499.0,62.0,143.0,774.0,840.0,211.0,1051.0,1825.0,56.0,0.0,321.0,377.0,0.0,0.0,0.0,377.0,1448.0,1825.0,1082,822.0,260.0,200.0,0.0,60.0,12.0,48.0,52.0
DN00057,2025,BCTC chưa kiểm toán,triệu đồng,202.0,706.0,89.0,159.0,1156.0,926.0,180.0,1106.0,2262.0,113.0,410.0,70.0,593.0,123.0,58.0,181.0,774.0,1488.0,2262.0,1292,994.0,298.0,208.0,40.0,50.0,10.0,40.0,80.0
DN00058,2023,BCTC chưa kiểm toán,triệu đồng,1348.0,3137.0,4354.0,1430.0,10269.0,3454.0,197.0,3651.0,13920.0,532.0,0.0,7811.0,8343.0,0.0,1215.0,1215.0,9558.0,4362.0,13920.0,6440,5687.0,753.0,579.0,0.0,174.0,35.0,139.0,314.0
DN00058,2024,BCTC chưa kiểm toán,triệu đồng,1470.0,2980.0,3253.0,2206.0,9909.0,1897.0,148.0,2045.0,11954.0,544.0,6350.0,429.0,7323.0,0.0,0.0,0.0,7323.0,4631.0,11954.0,6086,5042.0,1044.0,61.0,646.0,337.0,67.0,270.0,139.0
DN00058,2025,BCTC chưa kiểm toán,triệu đồng,1328.0,6018.0,1454.0,2066.0,10866.0,3407.0,999.0,4406.0,15272.0,1651.0,7582.0,1235.0,10468.0,0.0,0.0,0.0,10468.0,4804.0,15272.0,7390,6275.0,1115.0,74.0,826.0,215.0,43.0,172.0,218.0
DN00059,2023,BCTC chưa kiểm toán,triệu đồng,108.0,702.0,119.0,205.0,1134.0,657.0,78.0,735.0,1869.0,157.0,600.0,99.0,856.0,85.0,37.0,122.0,978.0,891.0,1869.0,1907,1507.0,400.0,250.0,60.0,90.0,18.0,72.0,63.0
DN00059,2024,BCTC chưa kiểm toán,triệu đồng,45.0,559.0,301.0,92.0,997.0,618.0,189.0,807.0,1804.0,197.0,320.0,92.0,609.0,232.0,109.0,341.0,950.0,854.0,1804.0,1919,1509.0,410.0,406.0,40.0,-36.0,0.0,-36.0,58.0
DN00059,2025,BCTC chưa kiểm toán,triệu đồng,59.0,746.0,135.0,138.0,1078.0,709.0,101.0,810.0,1888.0,121.0,303.0,68.0,492.0,344.0,92.0,436.0,928.0,960.0,1888.0,1930,1410.0,520.0,342.0,46.0,132.0,26.0,106.0,50.0
DN00060,2023,BCTC đã kiểm toán,triệu đồng,287.0,516.0,703.0,310.0,1816.0,937.0,130.0,1067.0,2883.0,205.0,1050.0,139.0,1394.0,0.0,0.0,0.0,1394.0,1489.0,2883.0,1875,1570.0,305.0,282.0,97.0,-74.0,0.0,-74.0,112.0
DN00060,2024,BCTC đã kiểm toán,triệu đồng,204.0,253.0,653.0,337.0,1447.0,1488.0,455.0,1943.0,3390.0,225.0,862.0,121.0,1208.0,568.0,64.0,632.0,1840.0,1550.0,3390.0,2219,1865.0,354.0,138.0,141.0,75.0,15.0,60.0,170.0
DN00060,2025,BCTC đã kiểm toán,triệu đồng,67.0,508.0,384.0,207.0,1166.0,1516.0,310.0,1826.0,2992.0,126.0,577.0,73.0,776.0,612.0,12.0,624.0,1400.0,1592.0,2992.0,2064,1755.0,309.0,128.0,129.0,52.0,10.0,42.0,143.0
DN00061,2023,Tờ khai thuế,triệu đồng,,,,,,,,,,,,,,,,,,,,710,,,,,,,,
DN00061,2024,Tờ khai thuế,triệu đồng,,,,,,,,,,,,,,,,,,,,687,,,,,,,,
DN00061,2025,Tờ khai thuế,triệu đồng,,,,,,,,,,,,,,,,,,,,793,,,,,,,,
DN00062,2023,BCTC chưa kiểm toán,triệu đồng,1278.0,8613.0,1005.0,1854.0,12750.0,13832.0,1184.0,15016.0,27766.0,2503.0,8189.0,727.0,11419.0,803.0,155.0,958.0,12377.0,15389.0,27766.0,32652,26292.0,6360.0,2825.0,890.0,2645.0,529.0,2116.0,921.0
DN00062,2024,BCTC chưa kiểm toán,triệu đồng,1986.0,8622.0,1307.0,3571.0,15486.0,13753.0,1553.0,15306.0,30792.0,2431.0,5631.0,1267.0,9329.0,4309.0,1765.0,6074.0,15403.0,15389.0,30792.0,35667,26679.0,8988.0,7952.0,1036.0,0.0,0.0,0.0,1004.0
DN00062,2025,BCTC chưa kiểm toán,triệu đồng,734.0,8589.0,2723.0,2745.0,14791.0,15670.0,6464.0,22134.0,36925.0,4331.0,0.0,5207.0,9538.0,0.0,9733.0,9733.0,19271.0,17654.0,36925.0,40847,30980.0,9867.0,7037.0,0.0,2830.0,566.0,2264.0,1611.0
DN00063,2024,BCTC đã kiểm toán,triệu đồng,713.0,2019.0,1564.0,1260.0,5556.0,3574.0,1203.0,4777.0,10333.0,416.0,2152.0,265.0,2833.0,3304.0,514.0,3818.0,6651.0,3682.0,10333.0,3793,3105.0,688.0,50.0,502.0,136.0,27.0,109.0,420.0
DN00063,2025,BCTC đã kiểm toán,triệu đồng,1232.0,3241.0,2553.0,1771.0,8797.0,1939.0,388.0,2327.0,11124.0,304.0,4692.0,552.0,5548.0,1171.0,755.0,1926.0,7474.0,3650.0,11124.0,3992,3424.0,568.0,40.0,560.0,-32.0,0.0,-32.0,158.0
DN00064,2023,BCTC chưa kiểm toán,triệu đồng,397.0,780.0,1264.0,773.0,3214.0,777.0,106.0,883.0,4097.0,358.0,1325.0,120.0,1803.0,0.0,0.0,0.0,1803.0,2294.0,4097.0,4742,4233.0,509.0,296.0,115.0,98.0,20.0,78.0,60.0
DN00064,2024,BCTC chưa kiểm toán,triệu đồng,259.0,1462.0,962.0,701.0,3384.0,477.0,162.0,639.0,4023.0,177.0,1287.0,205.0,1669.0,0.0,0.0,0.0,1669.0,2354.0,4023.0,4953,4490.0,463.0,266.0,122.0,75.0,15.0,60.0,34.0
DN00064,2025,BCTC chưa kiểm toán,triệu đồng,661.0,1103.0,1650.0,549.0,3963.0,977.0,239.0,1216.0,5179.0,629.0,1327.0,110.0,2066.0,456.0,182.0,638.0,2704.0,2475.0,5179.0,5994,5334.0,660.0,367.0,142.0,151.0,30.0,121.0,61.0
DN00065,2023,BCTC đã kiểm toán,triệu đồng,1077.0,9115.0,1877.0,2047.0,14116.0,9489.0,2508.0,11997.0,26113.0,3269.0,2231.0,701.0,6201.0,4419.0,758.0,5177.0,11378.0,14735.0,26113.0,16223,11950.0,4273.0,1907.0,596.0,1770.0,354.0,1416.0,907.0
DN00065,2024,BCTC đã kiểm toán,triệu đồng,1912.0,7635.0,4764.0,2277.0,16588.0,12154.0,3770.0,15924.0,32512.0,2151.0,7258.0,727.0,10136.0,4383.0,1883.0,6266.0,16402.0,16110.0,32512.0,21257,16906.0,4351.0,1429.0,1204.0,1718.0,344.0,1374.0,1130.0
DN00065,2025,BCTC đã kiểm toán,triệu đồng,1189.0,17728.0,3480.0,3941.0,26338.0,10017.0,2679.0,12696.0,39034.0,5114.0,0.0,3829.0,8943.0,0.0,13553.0,13553.0,22496.0,16538.0,39034.0,26308,19928.0,6380.0,5844.0,0.0,536.0,107.0,429.0,614.0
DN00066,2023,BCTC đã kiểm toán,triệu đồng,113087.0,174407.0,348760.0,57989.0,694243.0,350201.0,64255.0,414456.0,1108699.0,105060.0,270709.0,35921.0,411690.0,333392.0,58515.0,391907.0,803597.0,305102.0,1108699.0,1909338,1478745.0,430593.0,157410.0,55112.0,218071.0,43614.0,174457.0,25337.0
DN00066,2024,BCTC đã kiểm toán,triệu đồng,54032.0,389974.0,56019.0,93825.0,593850.0,378334.0,112526.0,490860.0,1084710.0,205375.0,272758.0,48083.0,526216.0,178675.0,21706.0,200381.0,726597.0,358113.0,1084710.0,2052856,1567521.0,485335.0,381456.0,37615.0,66264.0,13253.0,53011.0,27521.0
DN00066,2025,BCTC đã kiểm toán,triệu đồng,91463.0,298216.0,92342.0,81672.0,563693.0,401221.0,114548.0,515769.0,1079462.0,58596.0,258226.0,43396.0,360218.0,286611.0,4245.0,290856.0,651074.0,428388.0,1079462.0,1806423,1425544.0,380879.0,237419.0,55616.0,87844.0,17569.0,70275.0,40158.0
DN00067,2024,BCTC chưa kiểm toán,triệu đồng,118.0,630.0,491.0,340.0,1579.0,621.0,102.0,723.0,2302.0,172.0,632.0,55.0,859.0,705.0,52.0,757.0,1616.0,686.0,2302.0,1087,930.0,157.0,11.0,139.0,7.0,1.0,6.0,63.0
DN00067,2025,BCTC chưa kiểm toán,triệu đồng,223.0,1352.0,482.0,301.0,2358.0,717.0,138.0,855.0,3213.0,226.0,996.0,128.0,1350.0,1114.0,48.0,1162.0,2512.0,701.0,3213.0,1340,1131.0,209.0,13.0,177.0,19.0,4.0,15.0,63.0
DN00068,2023,BCTC đã kiểm toán,triệu đồng,1412.0,17711.0,10059.0,3895.0,33077.0,3597.0,987.0,4584.0,37661.0,1254.0,16115.0,1875.0,19244.0,0.0,0.0,0.0,19244.0,18417.0,37661.0,27232,23875.0,3357.0,1819.0,1538.0,0.0,0.0,0.0,298.0
DN00068,2024,BCTC đã kiểm toán,triệu đồng,2568.0,19833.0,7960.0,6135.0,36496.0,7548.0,478.0,8026.0,44522.0,3934.0,19040.0,2927.0,25901.0,0.0,0.0,0.0,25901.0,18621.0,44522.0,32260,28579.0,3681.0,1438.0,1988.0,255.0,51.0,204.0,692.0
DN00068,2025,BCTC đã kiểm toán,triệu đồng,5150.0,3958.0,18359.0,4282.0,31749.0,13630.0,1570.0,15200.0,46949.0,2747.0,17781.0,3327.0,23855.0,3054.0,1124.0,4178.0,28033.0,18916.0,46949.0,32935,29114.0,3821.0,1899.0,1553.0,369.0,74.0,295.0,836.0
DN00069,2023,Tờ khai thuế,triệu đồng,,,,,,,,,,,,,,,,,,,,1167,,,,,,,,
DN00069,2024,Tờ khai thuế,triệu đồng,,,,,,,,,,,,,,,,,,,,978,,,,,,,,
DN00069,2025,Tờ khai thuế,triệu đồng,,,,,,,,,,,,,,,,,,,,949,,,,,,,,
DN00070,2023,BCTC đã kiểm toán,triệu đồng,145.0,823.0,242.0,124.0,1334.0,2776.0,310.0,3086.0,4420.0,636.0,0.0,425.0,1061.0,0.0,1856.0,1856.0,2917.0,1503.0,4420.0,6976,5450.0,1526.0,1807.0,0.0,-281.0,0.0,-281.0,198.0
DN00070,2024,BCTC đã kiểm toán,triệu đồng,336.0,897.0,635.0,248.0,2116.0,1407.0,372.0,1779.0,3895.0,260.0,1425.0,174.0,1859.0,72.0,40.0,112.0,1971.0,1924.0,3895.0,5448,4414.0,1034.0,391.0,117.0,526.0,105.0,421.0,140.0
DN00070,2025,BCTC đã kiểm toán,triệu đồng,196.0,739.0,318.0,147.0,1400.0,1611.0,607.0,2218.0,3618.0,177.0,864.0,150.0,1191.0,592.0,89.0,681.0,1872.0,1746.0,3618.0,5488,4461.0,1027.0,1096.0,109.0,-178.0,0.0,-178.0,166.0
DN00071,2023,BCTC chưa kiểm toán,triệu đồng,174.0,698.0,1932.0,276.0,3080.0,2121.0,363.0,2484.0,5564.0,241.0,962.0,142.0,1345.0,0.0,0.0,0.0,1345.0,4219.0,5564.0,5207,4464.0,743.0,194.0,102.0,447.0,89.0,358.0,144.0
DN00071,2024,BCTC chưa kiểm toán,triệu đồng,393.0,1086.0,1118.0,648.0,3245.0,1817.0,266.0,2083.0,5328.0,524.0,283.0,66.0,873.0,0.0,0.0,0.0,873.0,4455.0,5328.0,4979,4173.0,806.0,489.0,22.0,295.0,59.0,236.0,120.0
DN00071,2025,BCTC chưa kiểm toán,triệu đồng,165.0,840.0,1189.0,503.0,2697.0,2223.0,168.0,2391.0,5088.0,92.0,44.0,17.0,153.0,0.0,0.0,0.0,153.0,4935.0,5088.0,4996,4133.0,863.0,260.0,3.0,600.0,120.0,480.0,256.0
DN00072,2023,BCTC chưa kiểm toán,triệu đồng,592.0,3216.0,2238.0,1442.0,7488.0,3723.0,328.0,4051.0,11539.0,865.0,2824.0,621.0,4310.0,1628.0,304.0,1932.0,6242.0,5297.0,11539.0,11477,9582.0,1895.0,777.0,472.0,646.0,129.0,517.0,358.0
DN00072,2024,BCTC chưa kiểm toán,triệu đồng,219.0,868.0,2387.0,1097.0,4571.0,6184.0,584.0,6768.0,11339.0,840.0,2729.0,446.0,4015.0,1883.0,144.0,2027.0,6042.0,5297.0,11339.0,11185,9296.0,1889.0,1385.0,504.0,0.0,0.0,0.0,663.0
DN00072,2025,BCTC chưa kiểm toán,triệu đồng,720.0,1379.0,1603.0,551.0,4253.0,2603.0,765.0,3368.0,7621.0,578.0,966.0,168.0,1712.0,0.0,0.0,0.0,1712.0,5909.0,7621.0,7474,6536.0,938.0,75.0,98.0,765.0,153.0,612.0,301.0
DN00073,2023,BCTC chưa kiểm toán,triệu đồng,96.0,335.0,513.0,139.0,1083.0,206.0,24.0,230.0,1313.0,110.0,435.0,56.0,601.0,0.0,0.0,0.0,601.0,712.0,1313.0,681,592.0,89.0,22.0,45.0,22.0,4.0,18.0,23.0
DN00073,2024,BCTC chưa kiểm toán,triệu đồng,73.0,565.0,304.0,83.0,1025.0,228.0,65.0,293.0,1318.0,90.0,400.0,81.0,571.0,0.0,0.0,0.0,571.0,747.0,1318.0,735,611.0,124.0,41.0,40.0,43.0,9.0,34.0,26.0
DN00073,2025,BCTC chưa kiểm toán,triệu đồng,71.0,267.0,408.0,242.0,988.0,287.0,48.0,335.0,1323.0,201.0,292.0,68.0,561.0,0.0,0.0,0.0,561.0,762.0,1323.0,721,629.0,92.0,46.0,27.0,19.0,4.0,15.0,21.0
DN00074,2023,BCTC đã kiểm toán,triệu đồng,650.0,972.0,2028.0,395.0,4045.0,1485.0,572.0,2057.0,6102.0,364.0,1713.0,366.0,2443.0,0.0,0.0,0.0,2443.0,3659.0,6102.0,2971,2589.0,382.0,98.0,178.0,106.0,21.0,85.0,172.0
DN00074,2024,BCTC đã kiểm toán,triệu đồng,319.0,661.0,2753.0,435.0,4168.0,967.0,142.0,1109.0,5277.0,296.0,991.0,216.0,1503.0,0.0,0.0,0.0,1503.0,3774.0,5277.0,2974,2655.0,319.0,94.0,81.0,144.0,29.0,115.0,115.0
DN00074,2025,BCTC đã kiểm toán,triệu đồng,546.0,1522.0,740.0,305.0,3113.0,2302.0,243.0,2545.0,5658.0,381.0,1324.0,114.0,1819.0,0.0,0.0,0.0,1819.0,3839.0,5658.0,2841,2507.0,334.0,134.0,118.0,82.0,16.0,66.0,153.0
DN00075,2023,BCTC chưa kiểm toán,triệu đồng,74.0,127.0,314.0,51.0,566.0,187.0,24.0,211.0,777.0,51.0,396.0,33.0,480.0,0.0,0.0,0.0,480.0,297.0,777.0,712,606.0,106.0,101.0,28.0,-23.0,0.0,-23.0,18.0
DN00075,2024,BCTC chưa kiểm toán,triệu đồng,75.0,182.0,442.0,71.0,770.0,130.0,29.0,159.0,929.0,50.0,532.0,50.0,632.0,0.0,0.0,0.0,632.0,297.0,929.0,741,678.0,63.0,7.0,56.0,0.0,0.0,0.0,13.0
DN00075,2025,BCTC chưa kiểm toán,triệu đồng,105.0,190.0,214.0,157.0,666.0,170.0,16.0,186.0,852.0,53.0,472.0,38.0,563.0,0.0,0.0,0.0,563.0,289.0,852.0,791,733.0,58.0,19.0,47.0,-8.0,0.0,-8.0,16.0
DN00076,2023,BCTC chưa kiểm toán,triệu đồng,99.0,180.0,343.0,103.0,725.0,126.0,31.0,157.0,882.0,64.0,133.0,30.0,227.0,0.0,0.0,0.0,227.0,655.0,882.0,1771,1619.0,152.0,121.0,12.0,19.0,4.0,15.0,14.0
DN00076,2024,BCTC chưa kiểm toán,triệu đồng,116.0,183.0,290.0,132.0,721.0,93.0,15.0,108.0,829.0,77.0,0.0,51.0,128.0,0.0,0.0,0.0,128.0,701.0,829.0,1744,1540.0,204.0,148.0,0.0,56.0,11.0,45.0,6.0
DN00076,2025,BCTC chưa kiểm toán,triệu đồng,61.0,516.0,149.0,63.0,789.0,164.0,41.0,205.0,994.0,138.0,0.0,132.0,270.0,0.0,0.0,0.0,270.0,724.0,994.0,1922,1725.0,197.0,168.0,0.0,29.0,6.0,23.0,10.0
DN00077,2023,BCTC chưa kiểm toán,triệu đồng,138.0,360.0,334.0,177.0,1009.0,179.0,27.0,206.0,1215.0,286.0,243.0,36.0,565.0,0.0,0.0,0.0,565.0,650.0,1215.0,2965,2632.0,333.0,279.0,27.0,27.0,5.0,22.0,11.0
DN00077,2024,BCTC chưa kiểm toán,triệu đồng,137.0,155.0,503.0,193.0,988.0,263.0,57.0,320.0,1308.0,145.0,435.0,78.0,658.0,0.0,0.0,0.0,658.0,650.0,1308.0,3246,2853.0,393.0,354.0,39.0,0.0,0.0,0.0,16.0
DN00077,2025,BCTC chưa kiểm toán,triệu đồng,60.0,484.0,408.0,148.0,1100.0,294.0,124.0,418.0,1518.0,159.0,626.0,83.0,868.0,0.0,0.0,0.0,868.0,650.0,1518.0,3766,3385.0,381.0,335.0,46.0,0.0,0.0,0.0,24.0
DN00078,2023,BCTC chưa kiểm toán,triệu đồng,1207.0,3707.0,4121.0,814.0,9849.0,1803.0,305.0,2108.0,11957.0,558.0,5871.0,809.0,7238.0,0.0,0.0,0.0,7238.0,4719.0,11957.0,3472,2696.0,776.0,35.0,617.0,124.0,25.0,99.0,113.0
DN00078,2024,BCTC chưa kiểm toán,triệu đồng,707.0,4722.0,4942.0,1251.0,11622.0,1961.0,401.0,2362.0,13984.0,568.0,5887.0,483.0,6938.0,1419.0,828.0,2247.0,9185.0,4799.0,13984.0,4249,3313.0,936.0,42.0,793.0,101.0,20.0,81.0,167.0
DN00078,2025,BCTC chưa kiểm toán,triệu đồng,1286.0,1259.0,5056.0,1250.0,8851.0,4759.0,1290.0,6049.0,14900.0,638.0,4465.0,323.0,5426.0,4453.0,29.0,4482.0,9908.0,4992.0,14900.0,4566,3411.0,1155.0,46.0,868.0,241.0,48.0,193.0,469.0
DN00079,2023,BCTC chưa kiểm toán,triệu đồng,321.0,953.0,2811.0,1015.0,5100.0,883.0,193.0,1076.0,6176.0,761.0,1592.0,130.0,2483.0,548.0,26.0,574.0,3057.0,3119.0,6176.0,7372,6851.0,521.0,169.0,233.0,119.0,24.0,95.0,92.0
DN00079,2024,BCTC chưa kiểm toán,triệu đồng,831.0,1228.0,2413.0,884.0,5356.0,1204.0,66.0,1270.0,6626.0,396.0,2361.0,169.0,2926.0,164.0,32.0,196.0,3122.0,3504.0,6626.0,7997,7083.0,914.0,189.0,245.0,480.0,96.0,384.0,126.0
DN00079,2025,BCTC chưa kiểm toán,triệu đồng,441.0,766.0,1703.0,945.0,3855.0,2463.0,345.0,2808.0,6663.0,401.0,1194.0,120.0,1715.0,1095.0,148.0,1243.0,2958.0,3705.0,6663.0,8230,6937.0,1293.0,830.0,211.0,252.0,50.0,202.0,285.0
DN00080,2023,BCTC chưa kiểm toán,triệu đồng,1479.0,13888.0,6578.0,5845.0,27790.0,23420.0,5332.0,28752.0,56542.0,1616.0,20037.0,2524.0,24177.0,11433.0,4348.0,15781.0,39958.0,16584.0,56542.0,31011,23553.0,7458.0,5712.0,3119.0,-1373.0,0.0,-1373.0,2377.0
DN00080,2024,BCTC chưa kiểm toán,triệu đồng,4274.0,17560.0,2159.0,6139.0,30132.0,15037.0,2470.0,17507.0,47639.0,1417.0,19392.0,1818.0,22627.0,5974.0,2453.0,8427.0,31054.0,16585.0,47639.0,24060,18013.0,6047.0,3886.0,2161.0,0.0,0.0,0.0,1157.0
DN00080,2025,BCTC chưa kiểm toán,triệu đồng,4002.0,12340.0,4832.0,5302.0,26476.0,19584.0,1709.0,21293.0,47769.0,2362.0,27884.0,1841.0,32087.0,0.0,0.0,0.0,32087.0,15682.0,47769.0,24662,18491.0,6171.0,4743.0,2332.0,-904.0,0.0,-904.0,1366.0
DN00081,2023,BCTC chưa kiểm toán,triệu đồng,178.0,389.0,273.0,172.0,1012.0,370.0,79.0,449.0,1461.0,114.0,422.0,44.0,580.0,0.0,0.0,0.0,580.0,881.0,1461.0,419,379.0,40.0,7.0,33.0,0.0,0.0,0.0,31.0
DN00081,2024,BCTC chưa kiểm toán,triệu đồng,224.0,698.0,271.0,132.0,1325.0,412.0,101.0,513.0,1838.0,134.0,704.0,119.0,957.0,0.0,0.0,0.0,957.0,881.0,1838.0,534,462.0,72.0,5.0,67.0,0.0,0.0,0.0,35.0
DN00081,2025,BCTC chưa kiểm toán,triệu đồng,120.0,561.0,420.0,98.0,1199.0,308.0,43.0,351.0,1550.0,133.0,448.0,81.0,662.0,0.0,0.0,0.0,662.0,888.0,1550.0,457,397.0,60.0,5.0,45.0,10.0,2.0,8.0,27.0
DN00082,2023,BCTC chưa kiểm toán,triệu đồng,506.0,1613.0,3636.0,702.0,6457.0,1393.0,579.0,1972.0,8429.0,549.0,3491.0,603.0,4643.0,365.0,75.0,440.0,5083.0,3346.0,8429.0,12058,10708.0,1350.0,1026.0,324.0,0.0,0.0,0.0,90.0
DN00082,2024,BCTC chưa kiểm toán,triệu đồng,419.0,903.0,5494.0,1088.0,7904.0,474.0,47.0,521.0,8425.0,760.0,3320.0,613.0,4693.0,0.0,0.0,0.0,4693.0,3732.0,8425.0,12490,10792.0,1698.0,881.0,336.0,481.0,96.0,385.0,32.0
DN00082,2025,BCTC chưa kiểm toán,triệu đồng,1187.0,1659.0,3863.0,1046.0,7755.0,2099.0,570.0,2669.0,10424.0,754.0,0.0,4714.0,5468.0,0.0,852.0,852.0,6320.0,4104.0,10424.0,15895,13967.0,1928.0,1462.0,0.0,466.0,93.0,373.0,240.0
DN00083,2024,BCTC đã kiểm toán,triệu đồng,6466.0,54051.0,8943.0,8485.0,77945.0,23572.0,6971.0,30543.0,108488.0,7400.0,29405.0,5617.0,42422.0,30761.0,2957.0,33718.0,76140.0,32348.0,108488.0,54186,40528.0,13658.0,542.0,6489.0,6627.0,1325.0,5302.0,1712.0
DN00083,2025,BCTC đã kiểm toán,triệu đồng,11245.0,35346.0,10945.0,11177.0,68713.0,48763.0,6688.0,55451.0,124164.0,5803.0,23343.0,2087.0,31233.0,38675.0,17432.0,56107.0,87340.0,36824.0,124164.0,60883,47534.0,13349.0,1246.0,6508.0,5595.0,1119.0,4476.0,2933.0
DN00084,2023,BCTC đã kiểm toán,triệu đồng,6342.0,75280.0,18173.0,14517.0,114312.0,25980.0,5123.0,31103.0,145415.0,15143.0,55303.0,11725.0,82171.0,17834.0,4017.0,21851.0,104022.0,41393.0,145415.0,96870,85337.0,11533.0,969.0,6920.0,3644.0,729.0,2915.0,2823.0
DN00084,2024,BCTC đã kiểm toán,triệu đồng,11210.0,51921.0,59516.0,13127.0,135774.0,31754.0,1945.0,33699.0,169473.0,28592.0,76272.0,17870.0,122734.0,0.0,0.0,0.0,122734.0,46739.0,169473.0,97892,84590.0,13302.0,979.0,5640.0,6683.0,1337.0,5346.0,3207.0
DN00084,2025,BCTC đã kiểm toán,triệu đồng,12263.0,84036.0,28759.0,13754.0,138812.0,24378.0,4755.0,29133.0,167945.0,19718.0,74839.0,13933.0,108490.0,8994.0,861.0,9855.0,118345.0,49600.0,167945.0,103149,90803.0,12346.0,1031.0,7737.0,3578.0,716.0,2862.0,2005.0
DN00085,2023,BCTC chưa kiểm toán,triệu đồng,496.0,1430.0,1943.0,928.0,4797.0,2173.0,371.0,2544.0,7341.0,232.0,2649.0,238.0,3119.0,0.0,0.0,0.0,3119.0,4222.0,7341.0,4674,3878.0,796.0,113.0,289.0,394.0,79.0,315.0,205.0
DN00085,2024,BCTC chưa kiểm toán,triệu đồng,399.0,711.0,1819.0,545.0,3474.0,3063.0,942.0,4005.0,7479.0,301.0,1911.0,234.0,2446.0,488.0,72.0,560.0,3006.0,4473.0,7479.0,5469,4561.0,908.0,335.0,258.0,315.0,63.0,252.0,353.0
DN00085,2025,BCTC chưa kiểm toán,triệu đồng,527.0,715.0,2941.0,1072.0,5255.0,3668.0,397.0,4065.0,9320.0,795.0,3058.0,557.0,4410.0,226.0,13.0,239.0,4649.0,4671.0,9320.0,6413,5127.0,1286.0,705.0,335.0,246.0,49.0,197.0,439.0
DN00086,2023,BCTC chưa kiểm toán,triệu đồng,1027.0,5826.0,4082.0,1148.0,12083.0,6984.0,860.0,7844.0,19927.0,626.0,4996.0,989.0,6611.0,1818.0,631.0,2449.0,9060.0,10867.0,19927.0,10070,7309.0,2761.0,1861.0,487.0,413.0,83.0,330.0,744.0
DN00086,2024,BCTC chưa kiểm toán,triệu đồng,1101.0,6675.0,3134.0,3623.0,14533.0,8720.0,2474.0,11194.0,25727.0,548.0,8493.0,1094.0,10135.0,3901.0,435.0,4336.0,14471.0,11256.0,25727.0,11909,8519.0,3390.0,1555.0,1348.0,487.0,97.0,390.0,959.0
DN00086,2025,BCTC chưa kiểm toán,triệu đồng,1459.0,8665.0,600.0,2224.0,12948.0,7742.0,2053.0,9795.0,22743.0,714.0,6731.0,1093.0,8538.0,2115.0,83.0,2198.0,10736.0,12007.0,22743.0,10604,8359.0,2245.0,372.0,934.0,939.0,188.0,751.0,506.0
DN00087,2023,BCTC chưa kiểm toán,triệu đồng,423.0,3010.0,741.0,624.0,4798.0,1134.0,77.0,1211.0,6009.0,651.0,1204.0,270.0,2125.0,330.0,56.0,386.0,2511.0,3498.0,6009.0,13213,12047.0,1166.0,728.0,119.0,319.0,64.0,255.0,130.0
DN00087,2024,BCTC chưa kiểm toán,triệu đồng,724.0,1359.0,2525.0,908.0,5516.0,855.0,348.0,1203.0,6719.0,623.0,1940.0,212.0,2775.0,0.0,0.0,0.0,2775.0,3944.0,6719.0,14634,12815.0,1819.0,1071.0,192.0,556.0,111.0,445.0,58.0
DN00087,2025,BCTC chưa kiểm toán,triệu đồng,1324.0,1410.0,3814.0,1399.0,7947.0,1139.0,130.0,1269.0,9216.0,818.0,3550.0,362.0,4730.0,0.0,0.0,0.0,4730.0,4486.0,9216.0,19596,18382.0,1214.0,206.0,330.0,678.0,136.0,542.0,124.0
DN00088,2023,BCTC chưa kiểm toán,triệu đồng,2891.0,10240.0,2976.0,2082.0,18189.0,7774.0,503.0,8277.0,26466.0,3114.0,5385.0,1486.0,9985.0,3877.0,2555.0,6432.0,16417.0,10049.0,26466.0,30120,23771.0,6349.0,3680.0,782.0,1887.0,377.0,1510.0,910.0
DN00088,2024,BCTC chưa kiểm toán,triệu đồng,1146.0,6918.0,2768.0,1854.0,12686.0,10019.0,1576.0,11595.0,24281.0,4186.0,2837.0,951.0,7974.0,5059.0,183.0,5242.0,13216.0,11065.0,24281.0,27712,19912.0,7800.0,5878.0,651.0,1271.0,254.0,1017.0,1138.0
DN00088,2025,BCTC chưa kiểm toán,triệu đồng,967.0,7544.0,1623.0,2863.0,12997.0,6857.0,2230.0,9087.0,22084.0,596.0,6588.0,430.0,7614.0,1590.0,680.0,2270.0,9884.0,12200.0,22084.0,25577,19140.0,6437.0,4443.0,576.0,1418.0,284.0,1134.0,526.0
DN00089,2023,BCTC chưa kiểm toán,triệu đồng,83.0,75.0,211.0,97.0,466.0,353.0,44.0,397.0,863.0,23.0,0.0,271.0,294.0,0.0,105.0,105.0,399.0,464.0,863.0,411,333.0,78.0,78.0,0.0,0.0,0.0,0.0,23.0
DN00089,2024,BCTC chưa kiểm toán,triệu đồng,68.0,66.0,236.0,120.0,490.0,291.0,114.0,405.0,895.0,36.0,0.0,358.0,394.0,0.0,59.0,59.0,453.0,442.0,895.0,424,362.0,62.0,84.0,0.0,-22.0,0.0,-22.0,20.0
DN00089,2025,BCTC chưa kiểm toán,triệu đồng,22.0,108.0,151.0,85.0,366.0,429.0,38.0,467.0,833.0,22.0,204.0,33.0,259.0,117.0,20.0,137.0,396.0,437.0,833.0,375,319.0,56.0,31.0,30.0,-5.0,0.0,-5.0,28.0
DN00090,2023,BCTC chưa kiểm toán,triệu đồng,388.0,1056.0,956.0,418.0,2818.0,1734.0,123.0,1857.0,4675.0,213.0,1976.0,174.0,2363.0,0.0,0.0,0.0,2363.0,2312.0,4675.0,4824,4023.0,801.0,709.0,215.0,-123.0,0.0,-123.0,150.0
DN00090,2024,BCTC chưa kiểm toán,triệu đồng,743.0,1375.0,1678.0,672.0,4468.0,2233.0,173.0,2406.0,6874.0,619.0,3547.0,331.0,4497.0,46.0,19.0,65.0,4562.0,2312.0,6874.0,6771,5608.0,1163.0,898.0,265.0,0.0,0.0,0.0,173.0
DN00090,2025,BCTC chưa kiểm toán,triệu đồng,256.0,2868.0,915.0,396.0,4435.0,2887.0,201.0,3088.0,7523.0,1596.0,1980.0,317.0,3893.0,1334.0,165.0,1499.0,5392.0,2131.0,7523.0,7671,6726.0,945.0,807.0,319.0,-181.0,0.0,-181.0,215.0
DN00091,2023,BCTC chưa kiểm toán,triệu đồng,354.0,604.0,1895.0,450.0,3303.0,735.0,234.0,969.0,4272.0,272.0,0.0,2121.0,2393.0,0.0,110.0,110.0,2503.0,1769.0,4272.0,1632,1471.0,161.0,105.0,0.0,56.0,11.0,45.0,64.0
DN00091,2024,BCTC chưa kiểm toán,triệu đồng,369.0,992.0,2139.0,371.0,3871.0,1071.0,146.0,1217.0,5088.0,361.0,1892.0,203.0,2456.0,612.0,190.0,802.0,3258.0,1830.0,5088.0,1973,1650.0,323.0,20.0,228.0,75.0,15.0,60.0,128.0
DN00091,2025,BCTC chưa kiểm toán,triệu đồng,534.0,2075.0,1024.0,528.0,4161.0,1780.0,232.0,2012.0,6173.0,585.0,3087.0,374.0,4046.0,209.0,35.0,244.0,4290.0,1883.0,6173.0,2567,2180.0,387.0,26.0,294.0,67.0,13.0,54.0,134.0
DN00092,2024,Tờ khai thuế,triệu đồng,,,,,,,,,,,,,,,,,,,,2405,,,,,,,,
DN00092,2025,Tờ khai thuế,triệu đồng,,,,,,,,,,,,,,,,,,,,2453,,,,,,,,
DN00093,2023,BCTC chưa kiểm toán,triệu đồng,194.0,463.0,351.0,182.0,1190.0,455.0,43.0,498.0,1688.0,66.0,0.0,784.0,850.0,0.0,240.0,240.0,1090.0,598.0,1688.0,738,672.0,66.0,52.0,0.0,14.0,3.0,11.0,41.0
DN00093,2024,BCTC chưa kiểm toán,triệu đồng,81.0,579.0,647.0,195.0,1502.0,319.0,111.0,430.0,1932.0,58.0,590.0,35.0,683.0,605.0,39.0,644.0,1327.0,605.0,1932.0,807,668.0,139.0,8.0,122.0,9.0,2.0,7.0,27.0
DN00093,2025,BCTC chưa kiểm toán,triệu đồng,127.0,948.0,694.0,336.0,2105.0,313.0,109.0,422.0,2527.0,184.0,1588.0,181.0,1953.0,0.0,0.0,0.0,1953.0,574.0,2527.0,1077,928.0,149.0,11.0,169.0,-31.0,0.0,-31.0,34.0
DN00094,2024,BCTC đã kiểm toán,triệu đồng,3323.0,9364.0,19128.0,5781.0,37596.0,8291.0,1885.0,10176.0,47772.0,10469.0,16279.0,1816.0,28564.0,3341.0,1320.0,4661.0,33225.0,14547.0,47772.0,126933,114832.0,12101.0,9215.0,2072.0,814.0,163.0,651.0,986.0
DN00094,2025,BCTC đã kiểm toán,triệu đồng,3095.0,11751.0,19830.0,3187.0,37863.0,9671.0,3111.0,12782.0,50645.0,8542.0,19236.0,2993.0,30771.0,2008.0,802.0,2810.0,33581.0,17064.0,50645.0,139388,121690.0,17698.0,12707.0,1845.0,3146.0,629.0,2517.0,936.0
DN00095,2023,BCTC chưa kiểm toán,triệu đồng,1326.0,2507.0,2648.0,1701.0,8182.0,2157.0,349.0,2506.0,10688.0,1298.0,0.0,3135.0,4433.0,0.0,0.0,0.0,4433.0,6255.0,10688.0,11109,9299.0,1810.0,1701.0,0.0,109.0,22.0,87.0,176.0
DN00095,2024,BCTC chưa kiểm toán,triệu đồng,1304.0,2419.0,2332.0,1709.0,7764.0,3265.0,1292.0,4557.0,12321.0,946.0,4292.0,541.0,5779.0,238.0,49.0,287.0,6066.0,6255.0,12321.0,11888,10712.0,1176.0,808.0,368.0,0.0,0.0,0.0,219.0
DN00095,2025,BCTC chưa kiểm toán,triệu đồng,1859.0,3281.0,3880.0,2737.0,11757.0,1313.0,521.0,1834.0,13591.0,1018.0,5837.0,419.0,7274.0,0.0,0.0,0.0,7274.0,6317.0,13591.0,14090,12243.0,1847.0,1345.0,424.0,78.0,16.0,62.0,149.0
DN00096,2025,BCTC chưa kiểm toán,triệu đồng,83.0,290.0,37.0,109.0,519.0,456.0,144.0,600.0,1119.0,30.0,443.0,79.0,552.0,111.0,0.0,111.0,663.0,456.0,1119.0,432,335.0,97.0,65.0,49.0,-17.0,0.0,-17.0,31.0
DN00097,2023,BCTC chưa kiểm toán,triệu đồng,6195.0,19509.0,8999.0,5518.0,40221.0,31353.0,9964.0,41317.0,81538.0,1658.0,23367.0,2525.0,27550.0,28190.0,8746.0,36936.0,64486.0,17052.0,81538.0,42018,33833.0,8185.0,4705.0,4270.0,-790.0,0.0,-790.0,2666.0
DN00097,2024,BCTC chưa kiểm toán,triệu đồng,7760.0,20067.0,9955.0,6729.0,44511.0,28168.0,6490.0,34658.0,79169.0,2957.0,23021.0,1389.0,27367.0,31020.0,284.0,31304.0,58671.0,20498.0,79169.0,39037,30314.0,8723.0,390.0,4025.0,4308.0,862.0,3446.0,3004.0
DN00097,2025,BCTC chưa kiểm toán,triệu đồng,3268.0,17611.0,10975.0,8196.0,40050.0,25003.0,6080.0,31083.0,71133.0,2618.0,21263.0,3428.0,27309.0,20301.0,2041.0,22342.0,49651.0,21482.0,71133.0,38945,30835.0,8110.0,2587.0,4293.0,1230.0,246.0,984.0,2303.0
DN00098,2023,BCTC chưa kiểm toán,triệu đồng,6352.0,14529.0,9645.0,5450.0,35976.0,6856.0,1153.0,8009.0,43985.0,4684.0,13626.0,2681.0,20991.0,5275.0,1137.0,6412.0,27403.0,16582.0,43985.0,92631,86301.0,6330.0,5863.0,1819.0,-1352.0,0.0,-1352.0,626.0
DN00098,2024,BCTC chưa kiểm toán,triệu đồng,3806.0,9043.0,18045.0,9985.0,40879.0,1883.0,269.0,2152.0,43031.0,4496.0,18014.0,3401.0,25911.0,0.0,0.0,0.0,25911.0,17120.0,43031.0,95805,86860.0,8945.0,6787.0,1486.0,672.0,134.0,538.0,116.0
DN00098,2025,BCTC chưa kiểm toán,triệu đồng,4300.0,14761.0,10785.0,9687.0,39533.0,4679.0,695.0,5374.0,44907.0,5845.0,19797.0,3417.0,29059.0,0.0,0.0,0.0,29059.0,15848.0,44907.0,100544,86759.0,13785.0,13215.0,1842.0,-1272.0,0.0,-1272.0,425.0
DN00099,2023,BCTC chưa kiểm toán,triệu đồng,521.0,1234.0,794.0,424.0,2973.0,774.0,269.0,1043.0,4016.0,619.0,1116.0,93.0,1828.0,510.0,59.0,569.0,2397.0,1619.0,4016.0,6371,5415.0,956.0,747.0,157.0,52.0,10.0,42.0,86.0
DN00099,2024,BCTC chưa kiểm toán,triệu đồng,223.0,894.0,1169.0,219.0,2505.0,784.0,244.0,1028.0,3533.0,401.0,530.0,79.0,1010.0,688.0,129.0,817.0,1827.0,1706.0,3533.0,6523,6079.0,444.0,244.0,91.0,109.0,22.0,87.0,68.0
DN00099,2025,BCTC chưa kiểm toán,triệu đồng,548.0,681.0,1585.0,837.0,3651.0,1622.0,139.0,1761.0,5412.0,377.0,1854.0,275.0,2506.0,986.0,180.0,1166.0,3672.0,1740.0,5412.0,8989,8036.0,953.0,643.0,266.0,44.0,9.0,35.0,140.0
DN00100,2024,Tờ khai thuế,triệu đồng,,,,,,,,,,,,,,,,,,,,447,,,,,,,,
DN00100,2025,Tờ khai thuế,triệu đồng,,,,,,,,,,,,,,,,,,,,516,,,,,,,,
DN00101,2023,BCTC chưa kiểm toán,triệu đồng,182.0,1073.0,1258.0,446.0,2959.0,823.0,74.0,897.0,3856.0,115.0,1739.0,224.0,2078.0,363.0,58.0,421.0,2499.0,1357.0,3856.0,3767,3503.0,264.0,399.0,160.0,-295.0,0.0,-295.0,61.0
DN00101,2024,BCTC chưa kiểm toán,triệu đồng,244.0,894.0,1311.0,432.0,2881.0,864.0,300.0,1164.0,4045.0,289.0,1737.0,160.0,2186.0,417.0,257.0,674.0,2860.0,1185.0,4045.0,4434,3926.0,508.0,482.0,197.0,-171.0,0.0,-171.0,63.0
DN00101,2025,BCTC chưa kiểm toán,triệu đồng,482.0,576.0,1286.0,486.0,2830.0,852.0,258.0,1110.0,3940.0,240.0,2299.0,310.0,2849.0,2.0,2.0,4.0,2853.0,1087.0,3940.0,4219,3704.0,515.0,360.0,252.0,-97.0,0.0,-97.0,51.0
DN00102,2023,BCTC chưa kiểm toán,triệu đồng,707.0,1238.0,1738.0,336.0,4019.0,1703.0,102.0,1805.0,5824.0,414.0,0.0,2082.0,2496.0,0.0,0.0,0.0,2496.0,3328.0,5824.0,8878,7325.0,1553.0,1233.0,0.0,320.0,64.0,256.0,125.0
DN00102,2024,BCTC chưa kiểm toán,triệu đồng,457.0,789.0,1168.0,217.0,2631.0,1916.0,475.0,2391.0,5022.0,473.0,982.0,87.0,1542.0,0.0,0.0,0.0,1542.0,3480.0,5022.0,7763,6792.0,971.0,677.0,104.0,190.0,38.0,152.0,185.0
DN00102,2025,BCTC chưa kiểm toán,triệu đồng,119.0,665.0,947.0,212.0,1943.0,1713.0,537.0,2250.0,4193.0,163.0,0.0,109.0,272.0,0.0,0.0,0.0,272.0,3921.0,4193.0,6317,5324.0,993.0,442.0,0.0,551.0,110.0,441.0,116.0
DN00103,2023,BCTC đã kiểm toán,triệu đồng,3739.0,15478.0,13095.0,5588.0,37900.0,2362.0,636.0,2998.0,40898.0,4357.0,17298.0,2269.0,23924.0,0.0,0.0,0.0,23924.0,16974.0,40898.0,70780,61078.0,9702.0,6989.0,1423.0,1290.0,258.0,1032.0,221.0
DN00103,2024,BCTC đã kiểm toán,triệu đồng,4421.0,9741.0,22624.0,10538.0,47324.0,4620.0,1718.0,6338.0,53662.0,7217.0,21717.0,3090.0,32024.0,2303.0,855.0,3158.0,35182.0,18480.0,53662.0,84413,72709.0,11704.0,7405.0,2416.0,1883.0,377.0,1506.0,325.0
DN00103,2025,BCTC đã kiểm toán,triệu đồng,4772.0,11365.0,9556.0,5351.0,31044.0,10409.0,1779.0,12188.0,43232.0,6936.0,10197.0,1134.0,18267.0,3869.0,2048.0,5917.0,24184.0,19048.0,43232.0,70883,62298.0,8585.0,6514.0,1361.0,710.0,142.0,568.0,1150.0
DN00104,2024,BCTC chưa kiểm toán,triệu đồng,1891.0,3754.0,9672.0,2617.0,17934.0,3348.0,1382.0,4730.0,22664.0,2799.0,10980.0,1246.0,15025.0,1755.0,53.0,1808.0,16833.0,5831.0,22664.0,34344,31923.0,2421.0,2187.0,1024.0,-790.0,0.0,-790.0,293.0
DN00104,2025,BCTC chưa kiểm toán,triệu đồng,1363.0,8649.0,9157.0,4581.0,23750.0,5848.0,2145.0,7993.0,31743.0,2397.0,20232.0,2872.0,25501.0,0.0,0.0,0.0,25501.0,6242.0,31743.0,46358,38546.0,7812.0,5205.0,2094.0,513.0,103.0,410.0,574.0
DN00105,2023,BCTC chưa kiểm toán,triệu đồng,160.0,768.0,950.0,508.0,2386.0,617.0,227.0,844.0,3230.0,388.0,911.0,94.0,1393.0,0.0,0.0,0.0,1393.0,1837.0,3230.0,4747,4334.0,413.0,676.0,75.0,-338.0,0.0,-338.0,45.0
DN00105,2024,BCTC chưa kiểm toán,triệu đồng,403.0,1497.0,1011.0,510.0,3421.0,189.0,61.0,250.0,3671.0,273.0,1311.0,224.0,1808.0,0.0,0.0,0.0,1808.0,1863.0,3671.0,5100,4404.0,696.0,567.0,96.0,33.0,7.0,26.0,18.0
DN00105,2025,BCTC chưa kiểm toán,triệu đồng,208.0,1090.0,898.0,560.0,2756.0,460.0,63.0,523.0,3279.0,327.0,1186.0,147.0,1660.0,0.0,0.0,0.0,1660.0,1619.0,3279.0,4627,3937.0,690.0,813.0,121.0,-244.0,0.0,-244.0,31.0
DN00106,2023,BCTC chưa kiểm toán,triệu đồng,226.0,562.0,503.0,338.0,1629.0,807.0,107.0,914.0,2543.0,227.0,0.0,1046.0,1273.0,0.0,0.0,0.0,1273.0,1270.0,2543.0,1352,1231.0,121.0,121.0,0.0,0.0,0.0,0.0,92.0
DN00106,2024,BCTC chưa kiểm toán,triệu đồng,144.0,865.0,736.0,355.0,2100.0,540.0,100.0,640.0,2740.0,148.0,0.0,1200.0,1348.0,0.0,113.0,113.0,1461.0,1279.0,2740.0,1297,1139.0,158.0,148.0,0.0,10.0,2.0,8.0,40.0
DN00106,2025,BCTC chưa kiểm toán,triệu đồng,198.0,789.0,347.0,124.0,1458.0,613.0,46.0,659.0,2117.0,173.0,0.0,638.0,811.0,0.0,0.0,0.0,811.0,1306.0,2117.0,1066,977.0,89.0,55.0,0.0,34.0,7.0,27.0,73.0
DN00107,2023,BCTC đã kiểm toán,triệu đồng,905.0,599.0,4026.0,927.0,6457.0,2706.0,584.0,3290.0,9747.0,89.0,4014.0,468.0,4571.0,947.0,578.0,1525.0,6096.0,3651.0,9747.0,2413,2088.0,325.0,24.0,442.0,-141.0,0.0,-141.0,317.0
DN00107,2024,BCTC đã kiểm toán,triệu đồng,718.0,805.0,1666.0,1000.0,4189.0,5178.0,554.0,5732.0,9921.0,71.0,2647.0,192.0,2910.0,2566.0,772.0,3338.0,6248.0,3673.0,9921.0,2538,2101.0,437.0,25.0,382.0,30.0,6.0,24.0,570.0
DN00107,2025,BCTC đã kiểm toán,triệu đồng,555.0,769.0,1645.0,443.0,3412.0,4996.0,646.0,5642.0,9054.0,88.0,3426.0,265.0,3779.0,1303.0,268.0,1571.0,5350.0,3704.0,9054.0,2245,1769.0,476.0,22.0,414.0,40.0,8.0,32.0,415.0
DN00108,2023,BCTC chưa kiểm toán,triệu đồng,1376.0,4426.0,9272.0,2940.0,18014.0,2432.0,696.0,3128.0,21142.0,2010.0,10355.0,768.0,13133.0,0.0,0.0,0.0,13133.0,8009.0,21142.0,40025,34443.0,5582.0,3883.0,787.0,912.0,182.0,730.0,262.0
DN00108,2024,BCTC chưa kiểm toán,triệu đồng,2177.0,5580.0,4040.0,2111.0,13908.0,4355.0,359.0,4714.0,18622.0,4380.0,2702.0,413.0,7495.0,1967.0,478.0,2445.0,9940.0,8682.0,18622.0,39354,33806.0,5548.0,4334.0,372.0,842.0,168.0,674.0,370.0
DN00108,2025,BCTC chưa kiểm toán,triệu đồng,884.0,3892.0,9211.0,3050.0,17037.0,2913.0,583.0,3496.0,20533.0,1871.0,9083.0,1771.0,12725.0,0.0,0.0,0.0,12725.0,7808.0,20533.0,41794,36480.0,5314.0,5354.0,834.0,-874.0,0.0,-874.0,234.0
DN00109,2023,BCTC chưa kiểm toán,triệu đồng,675.0,8115.0,1236.0,2262.0,12288.0,7047.0,2217.0,9264.0,21552.0,615.0,0.0,6034.0,6649.0,0.0,3875.0,3875.0,10524.0,11028.0,21552.0,10228,7590.0,2638.0,2477.0,0.0,161.0,32.0,129.0,825.0
DN00109,2024,BCTC chưa kiểm toán,triệu đồng,1223.0,4997.0,2315.0,2065.0,10600.0,10254.0,909.0,11163.0,21763.0,528.0,5356.0,488.0,6372.0,3687.0,447.0,4134.0,10506.0,11257.0,21763.0,9786,7637.0,2149.0,1005.0,858.0,286.0,57.0,229.0,1115.0
DN00109,2025,BCTC chưa kiểm toán,triệu đồng,1255.0,8215.0,1669.0,3061.0,14200.0,10815.0,1069.0,11884.0,26084.0,883.0,12369.0,1182.0,14434.0,0.0,0.0,0.0,14434.0,11650.0,26084.0,12302,8665.0,3637.0,1901.0,1245.0,491.0,98.0,393.0,1076.0
DN00110,2023,BCTC đã kiểm toán,triệu đồng,40865.0,171399.0,163531.0,47678.0,423473.0,435984.0,23385.0,459369.0,882842.0,112464.0,155330.0,23369.0,291163.0,347143.0,755.0,347898.0,639061.0,243781.0,882842.0,1249941,1057927.0,192014.0,119506.0,49396.0,23112.0,4622.0,18490.0,51026.0
DN00110,2024,BCTC đã kiểm toán,triệu đồng,77667.0,176731.0,256416.0,96825.0,607639.0,311197.0,67090.0,378287.0,985926.0,78390.0,294248.0,31054.0,403692.0,183340.0,50977.0,234317.0,638009.0,347917.0,985926.0,1319839,1112664.0,207175.0,26310.0,50695.0,130170.0,26034.0,104136.0,26661.0
DN00110,2025,BCTC đã kiểm toán,triệu đồng,49415.0,174848.0,302769.0,61399.0,588431.0,353651.0,57161.0,410812.0,999243.0,180294.0,264019.0,65227.0,509540.0,135389.0,61077.0,196466.0,706006.0,293237.0,999243.0,1370553,1110703.0,259850.0,271689.0,42841.0,-54680.0,0.0,-54680.0,33678.0
DN00111,2023,BCTC chưa kiểm toán,triệu đồng,2706.0,5576.0,7866.0,3443.0,19591.0,5130.0,289.0,5419.0,25010.0,2435.0,8374.0,976.0,11785.0,5023.0,773.0,5796.0,17581.0,7429.0,25010.0,18917,17373.0,1544.0,189.0,1194.0,161.0,32.0,129.0,383.0
DN00111,2024,BCTC chưa kiểm toán,triệu đồng,1707.0,7691.0,11633.0,2989.0,24020.0,4449.0,775.0,5224.0,29244.0,2802.0,11473.0,1980.0,16255.0,4120.0,1439.0,5559.0,21814.0,7430.0,29244.0,21829,19203.0,2626.0,1434.0,1192.0,0.0,0.0,0.0,318.0
DN00111,2025,BCTC chưa kiểm toán,triệu đồng,3980.0,10699.0,5324.0,6480.0,26483.0,4527.0,938.0,5465.0,31948.0,897.0,20290.0,2649.0,23836.0,0.0,0.0,0.0,23836.0,8112.0,31948.0,22471,19513.0,2958.0,225.0,1881.0,852.0,170.0,682.0,349.0
DN00112,2023,BCTC chưa kiểm toán,triệu đồng,70.0,268.0,121.0,57.0,516.0,314.0,40.0,354.0,870.0,35.0,256.0,41.0,332.0,137.0,9.0,146.0,478.0,392.0,870.0,919,717.0,202.0,188.0,43.0,-29.0,0.0,-29.0,33.0
DN00112,2024,BCTC chưa kiểm toán,triệu đồng,61.0,260.0,48.0,103.0,472.0,327.0,42.0,369.0,841.0,71.0,345.0,50.0,466.0,0.0,0.0,0.0,466.0,375.0,841.0,926,734.0,192.0,175.0,34.0,-17.0,0.0,-17.0,20.0
DN00112,2025,BCTC chưa kiểm toán,triệu đồng,24.0,267.0,149.0,144.0,584.0,411.0,143.0,554.0,1138.0,48.0,272.0,26.0,346.0,273.0,107.0,380.0,726.0,412.0,1138.0,1200,967.0,233.0,127.0,59.0,47.0,9.0,38.0,45.0
DN00113,2023,BCTC chưa kiểm toán,đồng,140000000.0,494000000.0,1075000000.0,349000000.0,2058000000.0,541000000.0,203000000.0,744000000.0,2802000000.0,274000000.0,0.0,1092000000.0,1366000000.0,0.0,191000000.0,191000000.0,1557000000.0,1245000000.0,2802000000.0,2698000000,2261000000.0,437000000.0,437000000.0,0.0,0.0,0.0,0.0,49000000.0
DN00113,2024,BCTC chưa kiểm toán,đồng,160000000.0,974000000.0,813000000.0,518000000.0,2465000000.0,402000000.0,50000000.0,452000000.0,2917000000.0,568000000.0,829000000.0,204000000.0,1601000000.0,0.0,0.0,0.0,1601000000.0,1316000000.0,2917000000.0,2586000000,2310000000.0,276000000.0,128000000.0,59000000.0,89000000.0,18000000.0,71000000.0,37000000.0
DN00113,2025,BCTC chưa kiểm toán,đồng,201000000.0,676000000.0,1426000000.0,230000000.0,2533000000.0,505000000.0,181000000.0,686000000.0,3219000000.0,965000000.0,587000000.0,259000000.0,1811000000.0,56000000.0,7000000.0,63000000.0,1874000000.0,1345000000.0,3219000000.0,2988000000,2723000000.0,265000000.0,173000000.0,57000000.0,35000000.0,7000000.0,28000000.0,54000000.0
DN00114,2025,Tờ khai thuế,triệu đồng,,,,,,,,,,,,,,,,,,,,457,,,,,,,,
DN00115,2023,BCTC chưa kiểm toán,triệu đồng,1828.0,13928.0,7973.0,3014.0,26743.0,1485.0,408.0,1893.0,28636.0,4615.0,9575.0,807.0,14997.0,0.0,0.0,0.0,14997.0,13639.0,28636.0,60986,55534.0,5452.0,932.0,837.0,3683.0,737.0,2946.0,177.0
DN00115,2024,BCTC chưa kiểm toán,triệu đồng,3315.0,10729.0,9533.0,2417.0,25994.0,4461.0,365.0,4826.0,30820.0,5029.0,9077.0,2171.0,16277.0,0.0,0.0,0.0,16277.0,14543.0,30820.0,66306,59135.0,7171.0,5390.0,651.0,1130.0,226.0,904.0,292.0
DN00115,2025,BCTC chưa kiểm toán,triệu đồng,2095.0,12346.0,9600.0,6706.0,30747.0,5635.0,2078.0,7713.0,38460.0,5693.0,10364.0,1398.0,17455.0,4749.0,1073.0,5822.0,23277.0,15183.0,38460.0,81814,74514.0,7300.0,5104.0,1395.0,801.0,160.0,641.0,447.0
DN00116,2023,BCTC chưa kiểm toán,triệu đồng,163.0,957.0,1107.0,441.0,2668.0,859.0,260.0,1119.0,3787.0,241.0,923.0,105.0,1269.0,488.0,199.0,687.0,1956.0,1831.0,3787.0,4131,3618.0,513.0,470.0,148.0,-105.0,0.0,-105.0,63.0
DN00116,2024,BCTC chưa kiểm toán,triệu đồng,184.0,405.0,638.0,198.0,1425.0,1818.0,464.0,2282.0,3707.0,434.0,258.0,98.0,790.0,896.0,113.0,1009.0,1799.0,1908.0,3707.0,4182,3450.0,732.0,515.0,122.0,95.0,19.0,76.0,121.0
DN00116,2025,BCTC chưa kiểm toán,triệu đồng,179.0,608.0,760.0,206.0,1753.0,1519.0,404.0,1923.0,3676.0,777.0,794.0,95.0,1666.0,0.0,0.0,0.0,1666.0,2010.0,3676.0,3968,3611.0,357.0,172.0,58.0,127.0,25.0,102.0,163.0
DN00117,2023,BCTC chưa kiểm toán,triệu đồng,86.0,684.0,294.0,315.0,1379.0,1305.0,473.0,1778.0,3157.0,152.0,735.0,119.0,1006.0,755.0,202.0,957.0,1963.0,1194.0,3157.0,2572,2041.0,531.0,440.0,126.0,-35.0,0.0,-35.0,84.0
DN00117,2024,BCTC chưa kiểm toán,triệu đồng,113.0,1570.0,202.0,195.0,2080.0,1283.0,164.0,1447.0,3527.0,353.0,1441.0,218.0,2012.0,224.0,146.0,370.0,2382.0,1145.0,3527.0,3005,2213.0,792.0,720.0,121.0,-49.0,0.0,-49.0,84.0
DN00117,2025,BCTC chưa kiểm toán,triệu đồng,202.0,1518.0,400.0,234.0,2354.0,1302.0,344.0,1646.0,4000.0,153.0,1210.0,156.0,1519.0,1141.0,144.0,1285.0,2804.0,1196.0,4000.0,3273,2618.0,655.0,417.0,174.0,64.0,13.0,51.0,81.0
DN00118,2023,BCTC chưa kiểm toán,triệu đồng,475.0,7249.0,929.0,2574.0,11227.0,6560.0,1132.0,7692.0,18919.0,986.0,6420.0,1143.0,8549.0,2217.0,1017.0,3234.0,11783.0,7136.0,18919.0,15705,11551.0,4154.0,3231.0,923.0,0.0,0.0,0.0,517.0
DN00118,2024,BCTC chưa kiểm toán,triệu đồng,1805.0,3862.0,3979.0,1651.0,11297.0,5127.0,1505.0,6632.0,17929.0,2184.0,6512.0,1052.0,9748.0,1538.0,83.0,1621.0,11369.0,6560.0,17929.0,14152,10276.0,3876.0,3770.0,682.0,-576.0,0.0,-576.0,524.0
DN00118,2025,BCTC chưa kiểm toán,triệu đồng,1623.0,7194.0,1453.0,1549.0,11819.0,7985.0,1498.0,9483.0,21302.0,1879.0,6658.0,1367.0,9904.0,4167.0,786.0,4953.0,14857.0,6445.0,21302.0,17927,14504.0,3423.0,2367.0,1171.0,-115.0,0.0,-115.0,515.0
DN00119,2023,BCTC chưa kiểm toán,triệu đồng,65.0,689.0,72.0,224.0,1050.0,1107.0,117.0,1224.0,2274.0,129.0,508.0,93.0,730.0,207.0,0.0,207.0,937.0,1337.0,2274.0,1401,1022.0,379.0,232.0,68.0,79.0,16.0,63.0,82.0
DN00119,2024,BCTC chưa kiểm toán,triệu đồng,100.0,982.0,136.0,207.0,1425.0,706.0,151.0,857.0,2282.0,101.0,457.0,96.0,654.0,178.0,72.0,250.0,904.0,1378.0,2282.0,1415,1081.0,334.0,236.0,46.0,52.0,10.0,42.0,70.0
DN00119,2025,BCTC chưa kiểm toán,triệu đồng,75.0,953.0,316.0,162.0,1506.0,675.0,241.0,916.0,2422.0,107.0,380.0,82.0,569.0,315.0,204.0,519.0,1088.0,1334.0,2422.0,1562,1236.0,326.0,307.0,64.0,-45.0,0.0,-45.0,48.0
DN00120,2023,BCTC chưa kiểm toán,triệu đồng,787.0,934.0,2839.0,1371.0,5931.0,1554.0,431.0,1985.0,7916.0,639.0,0.0,1854.0,2493.0,0.0,0.0,0.0,2493.0,5423.0,7916.0,19728,17458.0,2270.0,2270.0,0.0,0.0,0.0,0.0,164.0
DN00120,2024,BCTC chưa kiểm toán,triệu đồng,833.0,4049.0,1593.0,665.0,7140.0,1173.0,399.0,1572.0,8712.0,902.0,3409.0,335.0,4646.0,0.0,0.0,0.0,4646.0,4066.0,8712.0,20035,17433.0,2602.0,3652.0,307.0,-1357.0,0.0,-1357.0,132.0
DN00120,2025,BCTC chưa kiểm toán,triệu đồng,378.0,2381.0,4086.0,645.0,7490.0,660.0,178.0,838.0,8328.0,1042.0,2642.0,286.0,3970.0,0.0,0.0,0.0,3970.0,4358.0,8328.0,18419,17034.0,1385.0,730.0,290.0,365.0,73.0,292.0,62.0
DN00121,2023,BCTC chưa kiểm toán,triệu đồng,156.0,157.0,476.0,217.0,1006.0,284.0,90.0,374.0,1380.0,208.0,451.0,66.0,725.0,0.0,0.0,0.0,725.0,655.0,1380.0,2330,2093.0,237.0,163.0,37.0,37.0,7.0,30.0,25.0
DN00121,2024,BCTC chưa kiểm toán,triệu đồng,203.0,742.0,377.0,186.0,1508.0,82.0,26.0,108.0,1616.0,225.0,588.0,100.0,913.0,0.0,0.0,0.0,913.0,703.0,1616.0,2489,2110.0,379.0,277.0,42.0,60.0,12.0,48.0,9.0
DN00121,2025,BCTC chưa kiểm toán,triệu đồng,69.0,295.0,385.0,174.0,923.0,280.0,16.0,296.0,1219.0,162.0,0.0,333.0,495.0,0.0,0.0,0.0,495.0,724.0,1219.0,1953,1754.0,199.0,172.0,0.0,27.0,5.0,22.0,20.0
DN00122,2023,BCTC chưa kiểm toán,triệu đồng,391.0,1107.0,664.0,255.0,2417.0,1856.0,738.0,2594.0,5011.0,88.0,1509.0,90.0,1687.0,506.0,203.0,709.0,2396.0,2615.0,5011.0,2344,1765.0,579.0,265.0,143.0,171.0,34.0,137.0,143.0
DN00122,2024,BCTC chưa kiểm toán,triệu đồng,424.0,2052.0,959.0,891.0,4326.0,1746.0,508.0,2254.0,6580.0,271.0,2131.0,421.0,2823.0,713.0,429.0,1142.0,3965.0,2615.0,6580.0,2884,2244.0,640.0,394.0,246.0,0.0,0.0,0.0,207.0
DN00122,2025,BCTC chưa kiểm toán,triệu đồng,193.0,1644.0,184.0,664.0,2685.0,2413.0,718.0,3131.0,5816.0,290.0,1790.0,345.0,2425.0,442.0,280.0,722.0,3147.0,2669.0,5816.0,2802,2050.0,752.0,461.0,224.0,67.0,13.0,54.0,205.0
DN00123,2023,BCTC chưa kiểm toán,triệu đồng,460.0,2247.0,495.0,731.0,3933.0,3727.0,268.0,3995.0,7928.0,792.0,0.0,2368.0,3160.0,0.0,1575.0,1575.0,4735.0,3193.0,7928.0,6115,4519.0,1596.0,1728.0,0.0,-132.0,0.0,-132.0,430.0
DN00123,2024,BCTC chưa kiểm toán,triệu đồng,509.0,3394.0,383.0,1193.0,5479.0,3981.0,261.0,4242.0,9721.0,685.0,3832.0,364.0,4881.0,1347.0,21.0,1368.0,6249.0,3472.0,9721.0,6718,5327.0,1391.0,608.0,434.0,349.0,70.0,279.0,264.0
DN00123,2025,BCTC chưa kiểm toán,triệu đồng,853.0,2678.0,246.0,1035.0,4812.0,3127.0,613.0,3740.0,8552.0,163.0,3801.0,488.0,4452.0,364.0,125.0,489.0,4941.0,3611.0,8552.0,5923,4039.0,1884.0,1344.0,366.0,174.0,35.0,139.0,315.0
DN00124,2023,BCTC chưa kiểm toán,triệu đồng,40.0,212.0,107.0,88.0,447.0,133.0,13.0,146.0,593.0,17.0,207.0,26.0,250.0,0.0,0.0,0.0,250.0,343.0,593.0,226,195.0,31.0,2.0,20.0,9.0,2.0,7.0,11.0
DN00124,2024,BCTC chưa kiểm toán,triệu đồng,101.0,200.0,298.0,60.0,659.0,123.0,8.0,131.0,790.0,54.0,0.0,386.0,440.0,0.0,0.0,0.0,440.0,350.0,790.0,255,229.0,26.0,18.0,0.0,8.0,2.0,6.0,13.0
DN00124,2025,BCTC chưa kiểm toán,triệu đồng,35.0,287.0,167.0,150.0,639.0,110.0,29.0,139.0,778.0,46.0,321.0,50.0,417.0,0.0,0.0,0.0,417.0,361.0,778.0,284,238.0,46.0,3.0,30.0,13.0,3.0,10.0,10.0
DN00125,2023,BCTC chưa kiểm toán,triệu đồng,78.0,201.0,436.0,111.0,826.0,120.0,43.0,163.0,989.0,197.0,112.0,19.0,328.0,0.0,0.0,0.0,328.0,661.0,989.0,2054,1900.0,154.0,145.0,9.0,0.0,0.0,0.0,12.0
DN00125,2024,BCTC chưa kiểm toán,triệu đồng,64.0,183.0,437.0,138.0,822.0,142.0,10.0,152.0,974.0,129.0,181.0,42.0,352.0,0.0,0.0,0.0,352.0,622.0,974.0,1897,1640.0,257.0,278.0,18.0,-39.0,0.0,-39.0,10.0
DN00125,2025,BCTC chưa kiểm toán,triệu đồng,75.0,180.0,365.0,150.0,770.0,119.0,16.0,135.0,905.0,94.0,202.0,38.0,334.0,0.0,0.0,0.0,334.0,571.0,905.0,1763,1569.0,194.0,227.0,17.0,-50.0,0.0,-50.0,13.0
DN00126,2023,BCTC đã kiểm toán,triệu đồng,82598.0,78609.0,221557.0,108554.0,491318.0,141943.0,28294.0,170237.0,661555.0,22129.0,425094.0,26038.0,473261.0,105516.0,32152.0,137668.0,610929.0,50626.0,661555.0,638153,568781.0,69372.0,6382.0,55081.0,7909.0,1582.0,6327.0,11886.0
DN00126,2024,BCTC đã kiểm toán,triệu đồng,96722.0,173666.0,279464.0,142282.0,692134.0,29034.0,10751.0,39785.0,731919.0,64687.0,402569.0,37214.0,504470.0,116677.0,984.0,117661.0,622131.0,109788.0,731919.0,721903,668218.0,53685.0,7219.0,40382.0,6084.0,1217.0,4867.0,1902.0
DN00126,2025,BCTC đã kiểm toán,triệu đồng,56480.0,143922.0,237279.0,93555.0,531236.0,111047.0,37712.0,148759.0,679995.0,24233.0,406085.0,74075.0,504393.0,29118.0,16833.0,45951.0,550344.0,129651.0,679995.0,654624,581732.0,72892.0,6546.0,41516.0,24830.0,4966.0,19864.0,10779.0
DN00127,2023,BCTC chưa kiểm toán,triệu đồng,974.0,2746.0,1203.0,1157.0,6080.0,1287.0,228.0,1515.0,7595.0,651.0,3086.0,529.0,4266.0,0.0,0.0,0.0,4266.0,3329.0,7595.0,7970,7449.0,521.0,387.0,282.0,-148.0,0.0,-148.0,87.0
DN00127,2024,BCTC chưa kiểm toán,triệu đồng,844.0,1066.0,2082.0,1033.0,5025.0,957.0,233.0,1190.0,6215.0,438.0,2232.0,448.0,3118.0,0.0,0.0,0.0,3118.0,3097.0,6215.0,6448,5572.0,876.0,947.0,161.0,-232.0,0.0,-232.0,94.0
DN00127,2025,BCTC chưa kiểm toán,triệu đồng,532.0,1104.0,1361.0,640.0,3637.0,577.0,174.0,751.0,4388.0,298.0,987.0,73.0,1358.0,0.0,0.0,0.0,1358.0,3030.0,4388.0,4641,4116.0,525.0,518.0,74.0,-67.0,0.0,-67.0,47.0
DN00128,2023,BCTC chưa kiểm toán,triệu đồng,216.0,1033.0,452.0,330.0,2031.0,641.0,35.0,676.0,2707.0,172.0,1605.0,125.0,1902.0,0.0,0.0,0.0,1902.0,805.0,2707.0,1244,1104.0,140.0,139.0,130.0,-129.0,0.0,-129.0,62.0
DN00128,2024,BCTC chưa kiểm toán,triệu đồng,147.0,1244.0,490.0,198.0,2079.0,1219.0,166.0,1385.0,3464.0,129.0,1697.0,102.0,1928.0,637.0,196.0,833.0,2761.0,703.0,3464.0,1540,1337.0,203.0,88.0,217.0,-102.0,0.0,-102.0,79.0
DN00128,2025,BCTC chưa kiểm toán,triệu đồng,98.0,856.0,1039.0,178.0,2171.0,962.0,283.0,1245.0,3416.0,263.0,1416.0,219.0,1898.0,867.0,106.0,973.0,2871.0,545.0,3416.0,1560,1360.0,200.0,142.0,216.0,-158.0,0.0,-158.0,101.0
DN00129,2023,BCTC chưa kiểm toán,triệu đồng,3607.0,9776.0,10617.0,5254.0,29254.0,9672.0,883.0,10555.0,39809.0,2772.0,14584.0,2413.0,19769.0,4466.0,1727.0,6193.0,25962.0,13847.0,39809.0,63423,58566.0,4857.0,2980.0,1396.0,481.0,96.0,385.0,775.0
DN00129,2024,BCTC chưa kiểm toán,triệu đồng,2518.0,9867.0,9677.0,6258.0,28320.0,11460.0,3109.0,14569.0,42889.0,5295.0,15138.0,2819.0,23252.0,3660.0,1259.0,4919.0,28171.0,14718.0,42889.0,63208,55514.0,7694.0,4938.0,1667.0,1089.0,218.0,871.0,1050.0
DN00129,2025,BCTC chưa kiểm toán,triệu đồng,2697.0,12322.0,8316.0,5389.0,28724.0,5165.0,1642.0,6807.0,35531.0,5329.0,12659.0,2650.0,20638.0,0.0,0.0,0.0,20638.0,14893.0,35531.0,53100,45868.0,7232.0,5753.0,1259.0,220.0,44.0,176.0,572.0
DN00130,2024,BCTC chưa kiểm toán,triệu đồng,142.0,785.0,159.0,277.0,1363.0,844.0,123.0,967.0,2330.0,259.0,516.0,101.0,876.0,0.0,0.0,0.0,876.0,1454.0,2330.0,3050,2311.0,739.0,523.0,46.0,170.0,34.0,136.0,61.0
DN00130,2025,BCTC chưa kiểm toán,triệu đồng,85.0,588.0,149.0,255.0,1077.0,1413.0,253.0,1666.0,2743.0,202.0,441.0,38.0,681.0,382.0,43.0,425.0,1106.0,1637.0,2743.0,3287,2447.0,840.0,549.0,63.0,228.0,46.0,182.0,111.0
DN00131,2024,BCTC chưa kiểm toán,triệu đồng,300.0,471.0,557.0,338.0,1666.0,2067.0,323.0,2390.0,4056.0,373.0,1192.0,219.0,1784.0,213.0,33.0,246.0,2030.0,2026.0,4056.0,4746,4272.0,474.0,389.0,148.0,-63.0,0.0,-63.0,239.0
DN00131,2025,BCTC chưa kiểm toán,triệu đồng,301.0,715.0,436.0,393.0,1845.0,1466.0,147.0,1613.0,3458.0,360.0,927.0,91.0,1378.0,35.0,19.0,54.0,1432.0,2026.0,3458.0,3956,3334.0,622.0,522.0,100.0,0.0,0.0,0.0,126.0
DN00132,2024,BCTC chưa kiểm toán,triệu đồng,978.0,3552.0,3222.0,1582.0,9334.0,1303.0,371.0,1674.0,11008.0,396.0,4437.0,796.0,5629.0,0.0,0.0,0.0,5629.0,5379.0,11008.0,4012,3417.0,595.0,40.0,426.0,129.0,26.0,103.0,156.0
DN00132,2025,BCTC chưa kiểm toán,triệu đồng,1824.0,5314.0,1577.0,1560.0,10275.0,1796.0,661.0,2457.0,12732.0,528.0,6299.0,570.0,7397.0,0.0,0.0,0.0,7397.0,5335.0,12732.0,4594,3917.0,677.0,46.0,675.0,-44.0,0.0,-44.0,146.0
DN00133,2023,BCTC chưa kiểm toán,triệu đồng,142.0,224.0,500.0,130.0,996.0,580.0,42.0,622.0,1618.0,76.0,0.0,786.0,862.0,0.0,0.0,0.0,862.0,756.0,1618.0,2660,2380.0,280.0,316.0,0.0,-36.0,0.0,-36.0,40.0
DN00133,2024,BCTC chưa kiểm toán,triệu đồng,153.0,455.0,670.0,234.0,1512.0,394.0,31.0,425.0,1937.0,102.0,0.0,1160.0,1262.0,0.0,0.0,0.0,1262.0,675.0,1937.0,2892,2649.0,243.0,325.0,0.0,-82.0,0.0,-82.0,24.0
DN00133,2025,BCTC chưa kiểm toán,triệu đồng,229.0,271.0,668.0,222.0,1390.0,52.0,21.0,73.0,1463.0,180.0,551.0,42.0,773.0,0.0,0.0,0.0,773.0,690.0,1463.0,2363,2079.0,284.0,220.0,44.0,20.0,4.0,16.0,3.0
DN00134,2023,Tờ khai thuế,triệu đồng,,,,,,,,,,,,,,,,,,,,900,,,,,,,,
DN00134,2024,Tờ khai thuế,triệu đồng,,,,,,,,,,,,,,,,,,,,1118,,,,,,,,
DN00134,2025,Tờ khai thuế,triệu đồng,,,,,,,,,,,,,,,,,,,,1101,,,,,,,,
DN00135,2023,BCTC chưa kiểm toán,triệu đồng,360.0,2589.0,990.0,684.0,4623.0,2937.0,1243.0,4180.0,8803.0,842.0,4646.0,506.0,5994.0,0.0,0.0,0.0,5994.0,2809.0,8803.0,13995,11883.0,2112.0,1825.0,378.0,-91.0,0.0,-91.0,210.0
DN00135,2024,BCTC chưa kiểm toán,triệu đồng,944.0,1772.0,1880.0,1140.0,5736.0,4548.0,1051.0,5599.0,11335.0,531.0,3632.0,255.0,4418.0,4266.0,86.0,4352.0,8770.0,2565.0,11335.0,16263,13491.0,2772.0,2176.0,840.0,-244.0,0.0,-244.0,303.0
DN00135,2025,BCTC chưa kiểm toán,triệu đồng,745.0,1071.0,3741.0,654.0,6211.0,3002.0,640.0,3642.0,9853.0,965.0,4996.0,777.0,6738.0,0.0,0.0,0.0,6738.0,3115.0,9853.0,15251,13541.0,1710.0,575.0,446.0,689.0,138.0,551.0,203.0
DN00136,2023,BCTC chưa kiểm toán,triệu đồng,61.0,173.0,463.0,214.0,911.0,1205.0,351.0,1556.0,2467.0,53.0,475.0,76.0,604.0,478.0,268.0,746.0,1350.0,1117.0,2467.0,489,382.0,107.0,5.0,79.0,23.0,5.0,18.0,123.0
DN00136,2024,BCTC chưa kiểm toán,triệu đồng,78.0,387.0,766.0,155.0,1386.0,1514.0,131.0,1645.0,3031.0,33.0,725.0,111.0,869.0,946.0,106.0,1052.0,1921.0,1110.0,3031.0,556,390.0,166.0,6.0,166.0,-6.0,0.0,-6.0,178.0
DN00136,2025,BCTC chưa kiểm toán,triệu đồng,144.0,299.0,445.0,249.0,1137.0,1280.0,161.0,1441.0,2578.0,42.0,626.0,82.0,750.0,696.0,13.0,709.0,1459.0,1119.0,2578.0,504,387.0,117.0,5.0,102.0,10.0,2.0,8.0,148.0
DN00137,2023,Tờ khai thuế,triệu đồng,,,,,,,,,,,,,,,,,,,,1103,,,,,,,,
DN00137,2024,Tờ khai thuế,triệu đồng,,,,,,,,,,,,,,,,,,,,1431,,,,,,,,
DN00137,2025,Tờ khai thuế,triệu đồng,,,,,,,,,,,,,,,,,,,,1566,,,,,,,,
DN00138,2023,BCTC chưa kiểm toán,triệu đồng,220.0,406.0,434.0,316.0,1376.0,1167.0,139.0,1306.0,2682.0,94.0,711.0,135.0,940.0,581.0,82.0,663.0,1603.0,1079.0,2682.0,1867,1665.0,202.0,21.0,111.0,70.0,14.0,56.0,78.0
DN00138,2024,BCTC chưa kiểm toán,triệu đồng,194.0,353.0,942.0,162.0,1651.0,1277.0,194.0,1471.0,3122.0,100.0,0.0,1035.0,1135.0,0.0,744.0,744.0,1879.0,1243.0,3122.0,2412,2104.0,308.0,104.0,0.0,204.0,41.0,163.0,83.0
DN00138,2025,BCTC chưa kiểm toán,triệu đồng,156.0,251.0,874.0,255.0,1536.0,1421.0,364.0,1785.0,3321.0,289.0,0.0,656.0,945.0,0.0,1087.0,1087.0,2032.0,1289.0,3321.0,2417,2100.0,317.0,258.0,0.0,59.0,12.0,47.0,92.0
DN00139,2024,BCTC chưa kiểm toán,triệu đồng,32.0,349.0,65.0,46.0,492.0,498.0,30.0,528.0,1020.0,34.0,0.0,257.0,291.0,0.0,139.0,139.0,430.0,590.0,1020.0,614,482.0,132.0,102.0,0.0,30.0,6.0,24.0,48.0
DN00139,2025,BCTC chưa kiểm toán,triệu đồng,21.0,320.0,70.0,90.0,501.0,511.0,28.0,539.0,1040.0,27.0,0.0,304.0,331.0,0.0,101.0,101.0,432.0,608.0,1040.0,625,491.0,134.0,111.0,0.0,23.0,5.0,18.0,32.0
DN00140,2023,BCTC chưa kiểm toán,triệu đồng,400.0,2116.0,278.0,243.0,3037.0,2221.0,129.0,2350.0,5387.0,242.0,1839.0,253.0,2334.0,0.0,0.0,0.0,2334.0,3053.0,5387.0,3485,2798.0,687.0,368.0,140.0,179.0,36.0,143.0,153.0
DN00140,2024,BCTC chưa kiểm toán,triệu đồng,339.0,1424.0,482.0,459.0,2704.0,1936.0,270.0,2206.0,4910.0,192.0,1642.0,182.0,2016.0,0.0,0.0,0.0,2016.0,2894.0,4910.0,3133,2381.0,752.0,766.0,146.0,-160.0,0.0,-160.0,159.0
DN00140,2025,BCTC chưa kiểm toán,triệu đồng,185.0,1359.0,1199.0,307.0,3050.0,2214.0,342.0,2556.0,5606.0,276.0,1308.0,253.0,1837.0,1074.0,12.0,1086.0,2923.0,2683.0,5606.0,3447,2422.0,1025.0,1035.0,202.0,-212.0,0.0,-212.0,168.0
DN00141,2023,BCTC đã kiểm toán,triệu đồng,51142.0,104235.0,177637.0,104839.0,437853.0,504727.0,74398.0,579125.0,1016978.0,57154.0,189855.0,24288.0,271297.0,337389.0,85884.0,423273.0,694570.0,322408.0,1016978.0,1257495,1058182.0,199313.0,137231.0,39211.0,22871.0,4574.0,18297.0,32212.0
DN00141,2024,BCTC đã kiểm toán,triệu đồng,54934.0,209493.0,233511.0,60628.0,558566.0,396211.0,125843.0,522054.0,1080620.0,85755.0,358226.0,71355.0,515336.0,128474.0,50321.0,178795.0,694131.0,386489.0,1080620.0,1322732,1082336.0,240396.0,120110.0,40185.0,80101.0,16020.0,64081.0,37686.0
DN00141,2025,BCTC đã kiểm toán,triệu đồng,63793.0,154753.0,155465.0,123773.0,497784.0,526499.0,80918.0,607417.0,1105201.0,54226.0,343217.0,62627.0,460070.0,129615.0,49565.0,179180.0,639250.0,465951.0,1105201.0,1270612,1062619.0,207993.0,65784.0,42882.0,99327.0,19865.0,79462.0,43681.0
DN00142,2023,BCTC đã kiểm toán,triệu đồng,1847.0,4815.0,8300.0,4611.0,19573.0,4403.0,987.0,5390.0,24963.0,1486.0,0.0,13387.0,14873.0,0.0,2618.0,2618.0,17491.0,7472.0,24963.0,34056,29892.0,4164.0,4735.0,0.0,-571.0,0.0,-571.0,503.0
DN00142,2024,BCTC đã kiểm toán,triệu đồng,1846.0,8313.0,10678.0,3948.0,24785.0,5349.0,309.0,5658.0,30443.0,1213.0,0.0,18857.0,20070.0,0.0,3602.0,3602.0,23672.0,6771.0,30443.0,34463,29361.0,5102.0,5803.0,0.0,-701.0,0.0,-701.0,546.0
DN00142,2025,BCTC đã kiểm toán,triệu đồng,2922.0,4322.0,8135.0,1833.0,17212.0,6133.0,1772.0,7905.0,25117.0,2359.0,15638.0,1485.0,19482.0,0.0,0.0,0.0,19482.0,5635.0,25117.0,29127,26522.0,2605.0,2624.0,1117.0,-1136.0,0.0,-1136.0,500.0
DN00143,2023,Tờ khai thuế,triệu đồng,,,,,,,,,,,,,,,,,,,,824,,,,,,,,
DN00143,2024,Tờ khai thuế,triệu đồng,,,,,,,,,,,,,,,,,,,,955,,,,,,,,
DN00143,2025,Tờ khai thuế,triệu đồng,,,,,,,,,,,,,,,,,,,,999,,,,,,,,
DN00144,2023,Tờ khai thuế,triệu đồng,,,,,,,,,,,,,,,,,,,,1000,,,,,,,,
DN00144,2024,Tờ khai thuế,triệu đồng,,,,,,,,,,,,,,,,,,,,1022,,,,,,,,
DN00144,2025,Tờ khai thuế,triệu đồng,,,,,,,,,,,,,,,,,,,,924,,,,,,,,
DN00145,2023,BCTC chưa kiểm toán,triệu đồng,236.0,516.0,521.0,315.0,1588.0,296.0,80.0,376.0,1964.0,100.0,527.0,61.0,688.0,0.0,0.0,0.0,688.0,1276.0,1964.0,757,667.0,90.0,10.0,43.0,37.0,7.0,30.0,28.0
DN00145,2024,BCTC chưa kiểm toán,triệu đồng,131.0,476.0,601.0,183.0,1391.0,375.0,70.0,445.0,1836.0,308.0,173.0,65.0,546.0,0.0,0.0,0.0,546.0,1290.0,1836.0,822,739.0,83.0,49.0,17.0,17.0,3.0,14.0,33.0
DN00145,2025,BCTC chưa kiểm toán,triệu đồng,184.0,419.0,306.0,117.0,1026.0,521.0,64.0,585.0,1611.0,66.0,0.0,241.0,307.0,0.0,0.0,0.0,307.0,1304.0,1611.0,696,596.0,100.0,82.0,0.0,18.0,4.0,14.0,59.0
DN00146,2023,Tờ khai thuế,triệu đồng,,,,,,,,,,,,,,,,,,,,1000,,,,,,,,
DN00146,2024,Tờ khai thuế,triệu đồng,,,,,,,,,,,,,,,,,,,,1120,,,,,,,,
DN00146,2025,Tờ khai thuế,triệu đồng,,,,,,,,,,,,,,,,,,,,1347,,,,,,,,
DN00147,2023,BCTC chưa kiểm toán,triệu đồng,122.0,454.0,80.0,88.0,744.0,263.0,52.0,315.0,1059.0,60.0,484.0,52.0,596.0,0.0,0.0,0.0,596.0,463.0,1059.0,410,351.0,59.0,4.0,48.0,7.0,1.0,6.0,28.0
DN00147,2024,BCTC chưa kiểm toán,triệu đồng,145.0,244.0,422.0,226.0,1037.0,272.0,17.0,289.0,1326.0,49.0,619.0,70.0,738.0,74.0,45.0,119.0,857.0,469.0,1326.0,526,460.0,66.0,5.0,55.0,6.0,1.0,5.0,28.0
DN00147,2025,BCTC chưa kiểm toán,triệu đồng,145.0,350.0,442.0,115.0,1052.0,189.0,19.0,208.0,1260.0,133.0,586.0,52.0,771.0,4.0,0.0,4.0,775.0,485.0,1260.0,487,399.0,88.0,5.0,63.0,20.0,4.0,16.0,12.0
DN00148,2023,BCTC đã kiểm toán,triệu đồng,781.0,5900.0,5424.0,2336.0,14441.0,3448.0,1441.0,4889.0,19330.0,1069.0,5268.0,1055.0,7392.0,0.0,0.0,0.0,7392.0,11938.0,19330.0,5814,5019.0,795.0,58.0,386.0,351.0,70.0,281.0,397.0
DN00148,2024,BCTC đã kiểm toán,triệu đồng,2057.0,4296.0,4813.0,2681.0,13847.0,3470.0,735.0,4205.0,18052.0,1144.0,4543.0,332.0,6019.0,0.0,0.0,0.0,6019.0,12033.0,18052.0,5281,4716.0,565.0,97.0,349.0,119.0,24.0,95.0,342.0
DN00148,2025,BCTC đã kiểm toán,triệu đồng,2257.0,2833.0,11111.0,4748.0,20949.0,2356.0,404.0,2760.0,23709.0,2506.0,5941.0,1124.0,9571.0,1656.0,66.0,1722.0,11293.0,12416.0,23709.0,7048,5844.0,1204.0,70.0,655.0,479.0,96.0,383.0,167.0
DN00149,2023,BCTC chưa kiểm toán,triệu đồng,417.0,1098.0,872.0,542.0,2929.0,1522.0,104.0,1626.0,4555.0,155.0,1661.0,305.0,2121.0,0.0,0.0,0.0,2121.0,2434.0,4555.0,3317,2404.0,913.0,623.0,162.0,128.0,26.0,102.0,128.0
DN00149,2024,BCTC chưa kiểm toán,triệu đồng,289.0,1806.0,276.0,534.0,2905.0,1841.0,468.0,2309.0,5214.0,171.0,1477.0,137.0,1785.0,579.0,342.0,921.0,2706.0,2508.0,5214.0,3639,2655.0,984.0,681.0,211.0,92.0,18.0,74.0,156.0
DN00149,2025,BCTC chưa kiểm toán,triệu đồng,396.0,1274.0,1297.0,293.0,3260.0,1537.0,115.0,1652.0,4912.0,197.0,1888.0,150.0,2235.0,19.0,5.0,24.0,2259.0,2653.0,4912.0,3516,2558.0,958.0,599.0,177.0,182.0,36.0,146.0,179.0
DN00150,2023,BCTC chưa kiểm toán,triệu đồng,252.0,1254.0,2260.0,510.0,4276.0,1237.0,234.0,1471.0,5747.0,913.0,0.0,3119.0,4032.0,0.0,0.0,0.0,4032.0,1715.0,5747.0,13612,11980.0,1632.0,1632.0,0.0,0.0,0.0,0.0,85.0
DN00150,2024,BCTC chưa kiểm toán,triệu đồng,773.0,1024.0,2596.0,1094.0,5487.0,1328.0,453.0,1781.0,7268.0,984.0,0.0,4457.0,5441.0,0.0,111.0,111.0,5552.0,1716.0,7268.0,16371,14932.0,1439.0,1439.0,0.0,0.0,0.0,0.0,133.0
DN00150,2025,BCTC chưa kiểm toán,triệu đồng,816.0,1749.0,1899.0,548.0,5012.0,915.0,206.0,1121.0,6133.0,1114.0,1696.0,363.0,3173.0,1477.0,424.0,1901.0,5074.0,1059.0,6133.0,14010,12623.0,1387.0,1787.0,257.0,-657.0,0.0,-657.0,107.0
DN00151,2023,Tờ khai thuế,triệu đồng,,,,,,,,,,,,,,,,,,,,1089,,,,,,,,
DN00151,2024,Tờ khai thuế,triệu đồng,,,,,,,,,,,,,,,,,,,,998,,,,,,,,
DN00151,2025,Tờ khai thuế,triệu đồng,,,,,,,,,,,,,,,,,,,,827,,,,,,,,
DN00152,2023,BCTC đã kiểm toán,triệu đồng,7892.0,14699.0,26100.0,8741.0,57432.0,42139.0,6920.0,49059.0,106491.0,11063.0,33468.0,3118.0,47649.0,16616.0,6276.0,22892.0,70541.0,35950.0,106491.0,64609,56334.0,8275.0,646.0,4020.0,3609.0,722.0,2887.0,3387.0
DN00152,2024,BCTC đã kiểm toán,triệu đồng,9388.0,52327.0,29415.0,17027.0,108157.0,17740.0,6751.0,24491.0,132648.0,25422.0,59154.0,11637.0,96213.0,0.0,0.0,0.0,96213.0,36435.0,132648.0,68707,58179.0,10528.0,4078.0,5844.0,606.0,121.0,485.0,1231.0
DN00152,2025,BCTC đã kiểm toán,triệu đồng,11064.0,33340.0,38493.0,25976.0,108873.0,19838.0,3665.0,23503.0,132376.0,5854.0,79397.0,7107.0,92358.0,4874.0,1095.0,5969.0,98327.0,34049.0,132376.0,72164,66193.0,5971.0,722.0,7634.0,-2385.0,0.0,-2385.0,1644.0
DN00153,2024,BCTC chưa kiểm toán,triệu đồng,129.0,1401.0,877.0,263.0,2670.0,2681.0,407.0,3088.0,5758.0,765.0,1063.0,154.0,1982.0,1715.0,242.0,1957.0,3939.0,1819.0,5758.0,8040,6348.0,1692.0,1316.0,202.0,174.0,35.0,139.0,196.0
DN00153,2025,BCTC chưa kiểm toán,triệu đồng,597.0,2766.0,207.0,661.0,4231.0,2019.0,192.0,2211.0,6442.0,564.0,2004.0,202.0,2770.0,1621.0,930.0,2551.0,5321.0,1121.0,6442.0,8769,6530.0,2239.0,2569.0,368.0,-698.0,0.0,-698.0,230.0
DN00154,2024,BCTC chưa kiểm toán,triệu đồng,107.0,256.0,299.0,111.0,773.0,214.0,43.0,257.0,1030.0,73.0,0.0,525.0,598.0,0.0,0.0,0.0,598.0,432.0,1030.0,1291,1112.0,179.0,179.0,0.0,0.0,0.0,0.0,21.0
DN00154,2025,BCTC chưa kiểm toán,triệu đồng,159.0,380.0,240.0,229.0,1008.0,168.0,58.0,226.0,1234.0,59.0,665.0,79.0,803.0,0.0,0.0,0.0,803.0,431.0,1234.0,1645,1456.0,189.0,126.0,63.0,0.0,0.0,0.0,16.0
DN00155,2024,BCTC chưa kiểm toán,triệu đồng,229.0,774.0,322.0,122.0,1447.0,247.0,15.0,262.0,1709.0,130.0,0.0,706.0,836.0,0.0,0.0,0.0,836.0,873.0,1709.0,1622,1487.0,135.0,122.0,0.0,13.0,3.0,10.0,15.0
DN00155,2025,BCTC chưa kiểm toán,triệu đồng,144.0,433.0,618.0,167.0,1362.0,324.0,88.0,412.0,1774.0,131.0,0.0,738.0,869.0,0.0,10.0,10.0,879.0,895.0,1774.0,1869,1754.0,115.0,88.0,0.0,27.0,5.0,22.0,33.0
DN00156,2023,BCTC chưa kiểm toán,triệu đồng,122.0,506.0,513.0,216.0,1357.0,1044.0,264.0,1308.0,2665.0,88.0,0.0,651.0,739.0,0.0,571.0,571.0,1310.0,1355.0,2665.0,997,872.0,125.0,10.0,0.0,115.0,23.0,92.0,108.0
DN00156,2024,BCTC chưa kiểm toán,triệu đồng,166.0,723.0,769.0,266.0,1924.0,1442.0,85.0,1527.0,3451.0,83.0,774.0,71.0,928.0,921.0,213.0,1134.0,2062.0,1389.0,3451.0,1197,1003.0,194.0,12.0,140.0,42.0,8.0,34.0,165.0
DN00156,2025,BCTC chưa kiểm toán,triệu đồng,173.0,106.0,564.0,167.0,1010.0,1364.0,430.0,1794.0,2804.0,77.0,343.0,71.0,491.0,834.0,70.0,904.0,1395.0,1409.0,2804.0,962,823.0,139.0,10.0,104.0,25.0,5.0,20.0,131.0
DN00157,2023,BCTC chưa kiểm toán,triệu đồng,771.0,4085.0,1496.0,808.0,7160.0,1874.0,232.0,2106.0,9266.0,390.0,3111.0,432.0,3933.0,0.0,0.0,0.0,3933.0,5333.0,9266.0,3791,3281.0,510.0,246.0,264.0,0.0,0.0,0.0,157.0
DN00157,2024,BCTC chưa kiểm toán,triệu đồng,391.0,2977.0,2088.0,1444.0,6900.0,2477.0,242.0,2719.0,9619.0,781.0,3257.0,290.0,4328.0,0.0,0.0,0.0,4328.0,5291.0,9619.0,3977,3444.0,533.0,292.0,283.0,-42.0,0.0,-42.0,154.0
DN00157,2025,BCTC chưa kiểm toán,triệu đồng,1174.0,2701.0,1849.0,1692.0,7416.0,2447.0,682.0,3129.0,10545.0,753.0,3885.0,547.0,5185.0,0.0,0.0,0.0,5185.0,5360.0,10545.0,4281,3772.0,509.0,43.0,380.0,86.0,17.0,69.0,182.0
DN00158,2023,BCTC chưa kiểm toán,triệu đồng,307.0,797.0,506.0,484.0,2094.0,577.0,77.0,654.0,2748.0,371.0,811.0,65.0,1247.0,130.0,15.0,145.0,1392.0,1356.0,2748.0,1227,1102.0,125.0,12.0,72.0,41.0,8.0,33.0,47.0
DN00158,2024,BCTC chưa kiểm toán,triệu đồng,192.0,1188.0,390.0,225.0,1995.0,1056.0,170.0,1226.0,3221.0,351.0,557.0,68.0,976.0,471.0,313.0,784.0,1760.0,1461.0,3221.0,1536,1286.0,250.0,15.0,105.0,130.0,26.0,104.0,70.0
DN00158,2025,BCTC chưa kiểm toán,triệu đồng,539.0,1214.0,1011.0,253.0,3017.0,984.0,189.0,1173.0,4190.0,367.0,812.0,146.0,1325.0,1330.0,39.0,1369.0,2694.0,1496.0,4190.0,1911,1615.0,296.0,19.0,234.0,43.0,9.0,34.0,112.0
DN00159,2023,BCTC chưa kiểm toán,triệu đồng,610.0,761.0,1269.0,769.0,3409.0,823.0,122.0,945.0,4354.0,682.0,0.0,1558.0,2240.0,0.0,0.0,0.0,2240.0,2114.0,4354.0,8391,7820.0,571.0,432.0,0.0,139.0,28.0,111.0,74.0
DN00159,2024,BCTC chưa kiểm toán,triệu đồng,419.0,1185.0,1001.0,541.0,3146.0,459.0,156.0,615.0,3761.0,225.0,1241.0,145.0,1611.0,0.0,0.0,0.0,1611.0,2150.0,3761.0,7073,6216.0,857.0,703.0,108.0,46.0,9.0,37.0,34.0
DN00159,2025,BCTC chưa kiểm toán,triệu đồng,301.0,1388.0,966.0,809.0,3464.0,1048.0,428.0,1476.0,4940.0,480.0,1799.0,402.0,2681.0,0.0,0.0,0.0,2681.0,2259.0,4940.0,9883,8861.0,1022.0,739.0,147.0,136.0,27.0,109.0,67.0
DN00160,2023,BCTC chưa kiểm toán,triệu đồng,9521.0,111759.0,19883.0,32793.0,173956.0,110474.0,12070.0,122544.0,296500.0,18275.0,75216.0,16210.0,109701.0,116089.0,16582.0,132671.0,242372.0,54128.0,296500.0,198812,162326.0,36486.0,6798.0,14554.0,15134.0,3027.0,12107.0,12762.0
DN00160,2024,BCTC chưa kiểm toán,triệu đồng,12380.0,82349.0,37281.0,31010.0,163020.0,86414.0,24912.0,111326.0,274346.0,9885.0,100336.0,11687.0,121908.0,80084.0,18226.0,98310.0,220218.0,54128.0,274346.0,199509,141392.0,58117.0,43941.0,14176.0,0.0,0.0,0.0,8118.0
DN00160,2025,BCTC chưa kiểm toán,triệu đồng,19620.0,102619.0,15427.0,44587.0,182253.0,79448.0,30134.0,109582.0,291835.0,11091.0,74886.0,12412.0,98389.0,128678.0,7274.0,135952.0,234341.0,57494.0,291835.0,193731,149024.0,44707.0,25310.0,15190.0,4207.0,841.0,3366.0,8273.0
DN00161,2023,BCTC chưa kiểm toán,triệu đồng,1013.0,2917.0,1426.0,1445.0,6801.0,3195.0,1239.0,4434.0,11235.0,506.0,2249.0,357.0,3112.0,1954.0,121.0,2075.0,5187.0,6048.0,11235.0,7584,5855.0,1729.0,1074.0,461.0,194.0,39.0,155.0,199.0
DN00161,2024,BCTC chưa kiểm toán,triệu đồng,925.0,2102.0,1026.0,1180.0,5233.0,8338.0,1764.0,10102.0,15335.0,393.0,0.0,2277.0,2670.0,0.0,6083.0,6083.0,8753.0,6582.0,15335.0,8771,6719.0,2052.0,1384.0,0.0,668.0,134.0,534.0,565.0
DN00161,2025,BCTC chưa kiểm toán,triệu đồng,511.0,5973.0,2383.0,1348.0,10215.0,7071.0,1397.0,8468.0,18683.0,478.0,3689.0,561.0,4728.0,6822.0,313.0,7135.0,11863.0,6820.0,18683.0,10469,7884.0,2585.0,1303.0,984.0,298.0,60.0,238.0,550.0
DN00162,2023,BCTC chưa kiểm toán,đồng,14860000000.0,21173000000.0,45330000000.0,7340000000.0,88703000000.0,55002000000.0,15318000000.0,70320000000.0,159023000000.0,6492000000.0,46114000000.0,5051000000.0,57657000000.0,25310000000.0,5754000000.0,31064000000.0,88721000000.0,70302000000.0,159023000000.0,78516000000,67726000000.0,10790000000.0,7205000000.0,7813000000.0,-4228000000.0,0.0,-4228000000.0,4701000000.0
DN00162,2024,BCTC chưa kiểm toán,đồng,6778000000.0,15835000000.0,56049000000.0,10547000000.0,89209000000.0,72164000000.0,7889000000.0,80053000000.0,169262000000.0,5106000000.0,83179000000.0,5993000000.0,94278000000.0,1236000000.0,573000000.0,1809000000.0,96087000000.0,73175000000.0,169262000000.0,85517000000,71737000000.0,13780000000.0,3237000000.0,6952000000.0,3591000000.0,718000000.0,2873000000.0,6796000000.0
DN00162,2025,BCTC chưa kiểm toán,đồng,6280000000.0,10244000000.0,27034000000.0,4783000000.0,48341000000.0,41949000000.0,14083000000.0,56032000000.0,104373000000.0,4553000000.0,25609000000.0,3204000000.0,33366000000.0,0.0,0.0,0.0,33366000000.0,71007000000.0,104373000000.0,55379000000,46987000000.0,8392000000.0,7938000000.0,2621000000.0,-2167000000.0,0.0,-2167000000.0,3645000000.0
DN00163,2023,BCTC chưa kiểm toán,triệu đồng,104.0,389.0,96.0,52.0,641.0,412.0,147.0,559.0,1200.0,52.0,0.0,234.0,286.0,0.0,503.0,503.0,789.0,411.0,1200.0,672,488.0,184.0,159.0,0.0,25.0,5.0,20.0,47.0
DN00163,2024,BCTC chưa kiểm toán,triệu đồng,132.0,479.0,44.0,140.0,795.0,393.0,84.0,477.0,1272.0,83.0,370.0,31.0,484.0,244.0,98.0,342.0,826.0,446.0,1272.0,678,496.0,182.0,90.0,50.0,42.0,8.0,34.0,26.0
DN00163,2025,BCTC chưa kiểm toán,triệu đồng,117.0,313.0,178.0,74.0,682.0,474.0,150.0,624.0,1306.0,76.0,254.0,35.0,365.0,409.0,71.0,480.0,845.0,461.0,1306.0,712,585.0,127.0,56.0,51.0,20.0,4.0,16.0,52.0
DN00164,2023,BCTC chưa kiểm toán,triệu đồng,1099.0,2543.0,3105.0,614.0,7361.0,682.0,44.0,726.0,8087.0,232.0,2961.0,516.0,3709.0,0.0,0.0,0.0,3709.0,4378.0,8087.0,5354,4721.0,633.0,251.0,241.0,141.0,28.0,113.0,51.0
DN00164,2024,BCTC chưa kiểm toán,triệu đồng,1357.0,2355.0,3741.0,2405.0,9858.0,916.0,185.0,1101.0,10959.0,597.0,4799.0,541.0,5937.0,0.0,0.0,0.0,5937.0,5022.0,10959.0,7988,6678.0,1310.0,80.0,425.0,805.0,161.0,644.0,106.0
DN00164,2025,BCTC chưa kiểm toán,triệu đồng,2330.0,4059.0,6355.0,1453.0,14197.0,1466.0,384.0,1850.0,16047.0,784.0,0.0,8717.0,9501.0,0.0,1356.0,1356.0,10857.0,5190.0,16047.0,11205,10677.0,528.0,319.0,0.0,209.0,42.0,167.0,154.0
DN00165,2023,Tờ khai thuế,triệu đồng,,,,,,,,,,,,,,,,,,,,1626,,,,,,,,
DN00165,2024,Tờ khai thuế,triệu đồng,,,,,,,,,,,,,,,,,,,,1835,,,,,,,,
DN00165,2025,Tờ khai thuế,triệu đồng,,,,,,,,,,,,,,,,,,,,2004,,,,,,,,
DN00166,2023,BCTC chưa kiểm toán,triệu đồng,44.0,432.0,299.0,220.0,995.0,294.0,20.0,314.0,1309.0,81.0,0.0,374.0,455.0,0.0,0.0,0.0,455.0,854.0,1309.0,762,673.0,89.0,36.0,0.0,53.0,11.0,42.0,31.0
DN00166,2024,BCTC chưa kiểm toán,triệu đồng,90.0,780.0,531.0,212.0,1613.0,294.0,94.0,388.0,2001.0,51.0,0.0,868.0,919.0,0.0,222.0,222.0,1141.0,860.0,2001.0,994,850.0,144.0,136.0,0.0,8.0,2.0,6.0,18.0
DN00166,2025,BCTC chưa kiểm toán,triệu đồng,136.0,434.0,516.0,300.0,1386.0,486.0,31.0,517.0,1903.0,137.0,792.0,72.0,1001.0,14.0,10.0,24.0,1025.0,878.0,1903.0,1022,899.0,123.0,23.0,77.0,23.0,5.0,18.0,35.0
DN00167,2023,BCTC chưa kiểm toán,triệu đồng,264.0,353.0,847.0,399.0,1863.0,315.0,28.0,343.0,2206.0,268.0,963.0,113.0,1344.0,0.0,0.0,0.0,1344.0,862.0,2206.0,3020,2831.0,189.0,95.0,94.0,0.0,0.0,0.0,24.0
DN00167,2024,BCTC chưa kiểm toán,triệu đồng,157.0,585.0,1339.0,308.0,2389.0,271.0,95.0,366.0,2755.0,506.0,1109.0,174.0,1789.0,152.0,34.0,186.0,1975.0,780.0,2755.0,4355,4159.0,196.0,173.0,105.0,-82.0,0.0,-82.0,27.0
DN00167,2025,BCTC chưa kiểm toán,triệu đồng,449.0,865.0,848.0,456.0,2618.0,125.0,28.0,153.0,2771.0,319.0,879.0,89.0,1287.0,583.0,122.0,705.0,1992.0,779.0,2771.0,4286,3877.0,409.0,300.0,109.0,0.0,0.0,0.0,9.0
DN00168,2025,BCTC chưa kiểm toán,triệu đồng,36.0,220.0,187.0,112.0,555.0,284.0,52.0,336.0,891.0,81.0,0.0,350.0,431.0,0.0,0.0,0.0,431.0,460.0,891.0,645,547.0,98.0,132.0,0.0,-34.0,0.0,-34.0,23.0
DN00169,2023,BCTC chưa kiểm toán,triệu đồng,1183.0,11202.0,1147.0,1969.0,15501.0,9207.0,1455.0,10662.0,26163.0,979.0,8156.0,1067.0,10202.0,2433.0,790.0,3223.0,13425.0,12738.0,26163.0,17612,13149.0,4463.0,959.0,1138.0,2366.0,473.0,1893.0,572.0
DN00169,2024,BCTC chưa kiểm toán,triệu đồng,2178.0,7797.0,5241.0,3198.0,18414.0,10162.0,1396.0,11558.0,29972.0,1797.0,11140.0,1458.0,14395.0,2032.0,1300.0,3332.0,17727.0,12245.0,29972.0,18821,15525.0,3296.0,2803.0,985.0,-492.0,0.0,-492.0,712.0
DN00169,2025,BCTC chưa kiểm toán,triệu đồng,2340.0,19205.0,3139.0,3931.0,28615.0,11137.0,3239.0,14376.0,42991.0,1485.0,11537.0,1981.0,15003.0,11163.0,3456.0,14619.0,29622.0,13369.0,42991.0,26958,19708.0,7250.0,3528.0,2317.0,1405.0,281.0,1124.0,970.0
DN00170,2023,BCTC chưa kiểm toán,triệu đồng,2664.0,5723.0,6948.0,1643.0,16978.0,6744.0,1812.0,8556.0,25534.0,2562.0,7971.0,909.0,11442.0,4765.0,1258.0,6023.0,17465.0,8069.0,25534.0,28373,23269.0,5104.0,3471.0,1053.0,580.0,116.0,464.0,602.0
DN00170,2024,BCTC chưa kiểm toán,triệu đồng,1883.0,2027.0,4794.0,2873.0,11577.0,7082.0,1686.0,8768.0,20345.0,1227.0,0.0,11049.0,12276.0,0.0,0.0,0.0,12276.0,8069.0,20345.0,25461,21274.0,4187.0,4187.0,0.0,0.0,0.0,0.0,819.0
DN00170,2025,BCTC chưa kiểm toán,triệu đồng,1839.0,3902.0,4906.0,3095.0,13742.0,6885.0,1844.0,8729.0,22471.0,1156.0,4396.0,316.0,5868.0,7143.0,1943.0,9086.0,14954.0,7517.0,22471.0,25807,22723.0,3084.0,2498.0,1137.0,-551.0,0.0,-551.0,480.0
DN00171,2023,BCTC đã kiểm toán,triệu đồng,32647.0,253081.0,94949.0,41913.0,422590.0,318917.0,98813.0,417730.0,840320.0,25695.0,223593.0,33559.0,282847.0,261114.0,81923.0,343037.0,625884.0,214436.0,840320.0,378054,281181.0,96873.0,28051.0,50811.0,18011.0,3602.0,14409.0,37584.0
DN00171,2024,BCTC đã kiểm toán,triệu đồng,47655.0,410343.0,49216.0,65788.0,573002.0,369345.0,93519.0,462864.0,1035866.0,18947.0,295892.0,51815.0,366654.0,262836.0,174386.0,437222.0,803876.0,231990.0,1035866.0,451082,343794.0,107288.0,24105.0,61240.0,21943.0,4389.0,17554.0,32723.0
DN00171,2025,BCTC đã kiểm toán,triệu đồng,61357.0,319430.0,82467.0,50767.0,514021.0,383182.0,151380.0,534562.0,1048583.0,28635.0,231551.0,40881.0,301067.0,333258.0,164875.0,498133.0,799200.0,249383.0,1048583.0,429318,341991.0,87327.0,14105.0,51481.0,21741.0,4348.0,17393.0,26731.0
DN00172,2023,BCTC chưa kiểm toán,triệu đồng,110.0,977.0,264.0,128.0,1479.0,947.0,183.0,1130.0,2609.0,96.0,1073.0,172.0,1341.0,0.0,0.0,0.0,1341.0,1268.0,2609.0,1468,1113.0,355.0,273.0,114.0,-32.0,0.0,-32.0,101.0
DN00172,2024,BCTC chưa kiểm toán,triệu đồng,179.0,891.0,154.0,367.0,1591.0,511.0,27.0,538.0,2129.0,230.0,566.0,68.0,864.0,14.0,6.0,20.0,884.0,1245.0,2129.0,1266,935.0,331.0,294.0,60.0,-23.0,0.0,-23.0,33.0
DN00172,2025,BCTC chưa kiểm toán,triệu đồng,190.0,828.0,434.0,165.0,1617.0,1172.0,159.0,1331.0,2948.0,200.0,567.0,93.0,860.0,777.0,353.0,1130.0,1990.0,958.0,2948.0,1756,1349.0,407.0,556.0,138.0,-287.0,0.0,-287.0,127.0
DN00173,2023,BCTC đã kiểm toán,triệu đồng,1937.0,9045.0,2401.0,4423.0,17806.0,9813.0,1697.0,11510.0,29316.0,1181.0,15764.0,1166.0,18111.0,600.0,265.0,865.0,18976.0,10340.0,29316.0,16467,13120.0,3347.0,1534.0,1429.0,384.0,77.0,307.0,812.0
DN00173,2024,BCTC đã kiểm toán,triệu đồng,3238.0,9185.0,2428.0,4853.0,19704.0,14834.0,1846.0,16680.0,36384.0,1862.0,11925.0,1011.0,14798.0,7513.0,2861.0,10374.0,25172.0,11212.0,36384.0,17922,13703.0,4219.0,1226.0,1904.0,1089.0,218.0,871.0,1102.0
DN00173,2025,BCTC đã kiểm toán,triệu đồng,2322.0,9201.0,2846.0,3158.0,17527.0,15126.0,5676.0,20802.0,38329.0,1394.0,13360.0,1506.0,16260.0,8345.0,1415.0,9760.0,26020.0,12309.0,38329.0,19975,15239.0,4736.0,1341.0,2024.0,1371.0,274.0,1097.0,1700.0
DN00174,2023,BCTC đã kiểm toán,triệu đồng,761.0,1731.0,1863.0,616.0,4971.0,1662.0,592.0,2254.0,7225.0,836.0,2083.0,377.0,3296.0,115.0,57.0,172.0,3468.0,3757.0,7225.0,10943,10000.0,943.0,717.0,226.0,0.0,0.0,0.0,161.0
DN00174,2024,BCTC đã kiểm toán,triệu đồng,175.0,1941.0,724.0,296.0,3136.0,832.0,349.0,1181.0,4317.0,544.0,303.0,126.0,973.0,0.0,0.0,0.0,973.0,3344.0,4317.0,7187,6718.0,469.0,849.0,33.0,-413.0,0.0,-413.0,56.0
DN00174,2025,BCTC đã kiểm toán,triệu đồng,521.0,1291.0,956.0,726.0,3494.0,501.0,70.0,571.0,4065.0,448.0,327.0,113.0,888.0,0.0,0.0,0.0,888.0,3177.0,4065.0,6752,5918.0,834.0,971.0,30.0,-167.0,0.0,-167.0,59.0
DN00175,2024,BCTC chưa kiểm toán,triệu đồng,215.0,539.0,502.0,226.0,1482.0,249.0,44.0,293.0,1775.0,83.0,453.0,88.0,624.0,0.0,0.0,0.0,624.0,1151.0,1775.0,2070,1900.0,170.0,205.0,37.0,-72.0,0.0,-72.0,23.0
DN00175,2025,BCTC chưa kiểm toán,triệu đồng,120.0,251.0,623.0,238.0,1232.0,407.0,44.0,451.0,1683.0,156.0,316.0,45.0,517.0,0.0,0.0,0.0,517.0,1166.0,1683.0,2057,1874.0,183.0,132.0,33.0,18.0,4.0,14.0,46.0
DN00176,2023,Tờ khai thuế,triệu đồng,,,,,,,,,,,,,,,,,,,,3327,,,,,,,,
DN00176,2024,Tờ khai thuế,triệu đồng,,,,,,,,,,,,,,,,,,,,3093,,,,,,,,
DN00176,2025,Tờ khai thuế,triệu đồng,,,,,,,,,,,,,,,,,,,,3235,,,,,,,,
DN00177,2023,Tờ khai thuế,triệu đồng,,,,,,,,,,,,,,,,,,,,427,,,,,,,,
DN00177,2024,Tờ khai thuế,triệu đồng,,,,,,,,,,,,,,,,,,,,513,,,,,,,,
DN00177,2025,Tờ khai thuế,triệu đồng,,,,,,,,,,,,,,,,,,,,483,,,,,,,,
DN00178,2023,BCTC chưa kiểm toán,đồng,70000000.0,213000000.0,559000000.0,102000000.0,944000000.0,292000000.0,21000000.0,313000000.0,1257000000.0,55000000.0,0.0,508000000.0,563000000.0,0.0,0.0,0.0,563000000.0,694000000.0,1257000000.0,1150000000,1090000000.0,60000000.0,60000000.0,0.0,0.0,0.0,0.0,35000000.0
DN00178,2024,BCTC chưa kiểm toán,đồng,140000000.0,200000000.0,454000000.0,86000000.0,880000000.0,317000000.0,58000000.0,375000000.0,1255000000.0,74000000.0,416000000.0,60000000.0,550000000.0,0.0,0.0,0.0,550000000.0,705000000.0,1255000000.0,1085000000,1025000000.0,60000000.0,11000000.0,35000000.0,14000000.0,3000000.0,11000000.0,22000000.0
DN00178,2025,BCTC chưa kiểm toán,đồng,86000000.0,303000000.0,374000000.0,154000000.0,917000000.0,95000000.0,5000000.0,100000000.0,1017000000.0,27000000.0,0.0,279000000.0,306000000.0,0.0,0.0,0.0,306000000.0,711000000.0,1017000000.0,897000000,776000000.0,121000000.0,113000000.0,0.0,8000000.0,2000000.0,6000000.0,9000000.0
DN00179,2024,BCTC chưa kiểm toán,triệu đồng,39.0,523.0,203.0,171.0,936.0,824.0,51.0,875.0,1811.0,61.0,0.0,630.0,691.0,0.0,0.0,0.0,691.0,1120.0,1811.0,1211,922.0,289.0,210.0,0.0,79.0,16.0,63.0,95.0
DN00179,2025,BCTC chưa kiểm toán,triệu đồng,71.0,482.0,408.0,303.0,1264.0,948.0,185.0,1133.0,2397.0,178.0,0.0,442.0,620.0,0.0,641.0,641.0,1261.0,1136.0,2397.0,1449,1254.0,195.0,175.0,0.0,20.0,4.0,16.0,113.0
DN00180,2023,BCTC chưa kiểm toán,triệu đồng,977.0,4368.0,3125.0,1293.0,9763.0,2562.0,858.0,3420.0,13183.0,729.0,6253.0,542.0,7524.0,318.0,30.0,348.0,7872.0,5311.0,13183.0,12620,11341.0,1279.0,557.0,630.0,92.0,18.0,74.0,292.0
DN00180,2024,BCTC chưa kiểm toán,triệu đồng,1993.0,5114.0,3100.0,2846.0,13053.0,1827.0,175.0,2002.0,15055.0,1061.0,7615.0,697.0,9373.0,0.0,0.0,0.0,9373.0,5682.0,15055.0,15419,14044.0,1375.0,154.0,758.0,463.0,93.0,370.0,114.0
DN00180,2025,BCTC chưa kiểm toán,triệu đồng,1621.0,3300.0,5096.0,2738.0,12755.0,2954.0,533.0,3487.0,16242.0,962.0,7033.0,466.0,8461.0,1588.0,335.0,1923.0,10384.0,5858.0,16242.0,16588,14725.0,1863.0,765.0,877.0,221.0,44.0,177.0,257.0
DN00181,2024,Tờ khai thuế,triệu đồng,,,,,,,,,,,,,,,,,,,,781,,,,,,,,
DN00181,2025,Tờ khai thuế,triệu đồng,,,,,,,,,,,,,,,,,,,,798,,,,,,,,
DN00182,2023,BCTC chưa kiểm toán,triệu đồng,204.0,735.0,1217.0,308.0,2464.0,712.0,140.0,852.0,3316.0,443.0,1507.0,252.0,2202.0,0.0,0.0,0.0,2202.0,1114.0,3316.0,5906,5453.0,453.0,564.0,109.0,-220.0,0.0,-220.0,62.0
DN00182,2024,BCTC chưa kiểm toán,triệu đồng,143.0,829.0,1590.0,681.0,3243.0,138.0,55.0,193.0,3436.0,422.0,1131.0,225.0,1778.0,384.0,78.0,462.0,2240.0,1196.0,3436.0,6669,5716.0,953.0,730.0,121.0,102.0,20.0,82.0,11.0
DN00182,2025,BCTC chưa kiểm toán,triệu đồng,125.0,697.0,1200.0,448.0,2470.0,547.0,76.0,623.0,3093.0,356.0,1332.0,146.0,1834.0,0.0,0.0,0.0,1834.0,1259.0,3093.0,5641,5090.0,551.0,328.0,145.0,78.0,16.0,62.0,33.0
DN00183,2023,BCTC chưa kiểm toán,triệu đồng,4499.0,6397.0,13887.0,3306.0,28089.0,10307.0,1541.0,11848.0,39937.0,4621.0,12099.0,2723.0,19443.0,6987.0,1446.0,8433.0,27876.0,12061.0,39937.0,63225,57247.0,5978.0,5750.0,1362.0,-1134.0,0.0,-1134.0,1080.0
DN00183,2024,BCTC chưa kiểm toán,triệu đồng,2458.0,11331.0,13009.0,7552.0,34350.0,3409.0,928.0,4337.0,38687.0,4128.0,20045.0,2453.0,26626.0,0.0,0.0,0.0,26626.0,12061.0,38687.0,55649,49973.0,5676.0,3785.0,1891.0,0.0,0.0,0.0,269.0
DN00183,2025,BCTC chưa kiểm toán,triệu đồng,4348.0,10929.0,5572.0,3344.0,24193.0,16329.0,1248.0,17577.0,41770.0,7954.0,11871.0,1772.0,21597.0,9208.0,143.0,9351.0,30948.0,10822.0,41770.0,64481,60070.0,4411.0,3889.0,1761.0,-1239.0,0.0,-1239.0,1324.0
DN00184,2023,BCTC chưa kiểm toán,triệu đồng,197.0,514.0,470.0,169.0,1350.0,394.0,127.0,521.0,1871.0,161.0,769.0,79.0,1009.0,0.0,0.0,0.0,1009.0,862.0,1871.0,3115,2884.0,231.0,267.0,59.0,-95.0,0.0,-95.0,33.0
DN00184,2024,BCTC chưa kiểm toán,triệu đồng,186.0,466.0,795.0,229.0,1676.0,634.0,93.0,727.0,2403.0,188.0,0.0,1341.0,1529.0,0.0,0.0,0.0,1529.0,874.0,2403.0,3756,3391.0,365.0,349.0,0.0,16.0,3.0,13.0,44.0
DN00184,2025,BCTC chưa kiểm toán,triệu đồng,122.0,875.0,577.0,140.0,1714.0,405.0,160.0,565.0,2279.0,566.0,888.0,104.0,1558.0,0.0,0.0,0.0,1558.0,721.0,2279.0,3612,3349.0,263.0,334.0,82.0,-153.0,0.0,-153.0,48.0
DN00185,2023,BCTC chưa kiểm toán,triệu đồng,1129.0,4596.0,5906.0,3535.0,15166.0,5394.0,1366.0,6760.0,21926.0,198.0,0.0,12104.0,12302.0,0.0,0.0,0.0,12302.0,9624.0,21926.0,4543,3880.0,663.0,372.0,0.0,291.0,58.0,233.0,612.0
DN00185,2024,BCTC chưa kiểm toán,triệu đồng,1422.0,4324.0,2944.0,1803.0,10493.0,15588.0,1925.0,17513.0,28006.0,403.0,5465.0,664.0,6532.0,10667.0,1035.0,11702.0,18234.0,9772.0,28006.0,5426,3454.0,1972.0,54.0,1732.0,186.0,37.0,149.0,1215.0
DN00185,2025,BCTC chưa kiểm toán,triệu đồng,2447.0,1261.0,8898.0,1428.0,14034.0,12121.0,1847.0,13968.0,28002.0,235.0,5998.0,576.0,6809.0,11208.0,4.0,11212.0,18021.0,9981.0,28002.0,5451,3759.0,1692.0,55.0,1377.0,260.0,52.0,208.0,739.0
DN00186,2023,BCTC đã kiểm toán,triệu đồng,3491.0,10998.0,2330.0,3998.0,20817.0,20659.0,1886.0,22545.0,43362.0,2422.0,11676.0,1896.0,15994.0,6626.0,2320.0,8946.0,24940.0,18422.0,43362.0,23351,16677.0,6674.0,3276.0,1953.0,1445.0,289.0,1156.0,1848.0
DN00186,2024,BCTC đã kiểm toán,triệu đồng,5366.0,15624.0,6661.0,4284.0,31935.0,16838.0,4704.0,21542.0,53477.0,1673.0,20309.0,3301.0,25283.0,8072.0,709.0,8781.0,34064.0,19413.0,53477.0,27268,21060.0,6208.0,2791.0,2179.0,1238.0,248.0,990.0,1222.0
DN00186,2025,BCTC đã kiểm toán,triệu đồng,1591.0,15748.0,5300.0,4233.0,26872.0,15453.0,3567.0,19020.0,45892.0,2690.0,14503.0,1950.0,19143.0,7046.0,13.0,7059.0,26202.0,19690.0,45892.0,24930,19653.0,5277.0,2796.0,2135.0,346.0,69.0,277.0,1428.0
DN00187,2023,BCTC chưa kiểm toán,triệu đồng,182.0,384.0,498.0,150.0,1214.0,1188.0,104.0,1292.0,2506.0,197.0,855.0,66.0,1118.0,255.0,2.0,257.0,1375.0,1131.0,2506.0,2030,1734.0,296.0,505.0,112.0,-321.0,0.0,-321.0,124.0
DN00187,2024,BCTC chưa kiểm toán,triệu đồng,253.0,699.0,534.0,293.0,1779.0,1064.0,65.0,1129.0,2908.0,83.0,1364.0,139.0,1586.0,90.0,47.0,137.0,1723.0,1185.0,2908.0,2359,1967.0,392.0,172.0,153.0,67.0,13.0,54.0,78.0
DN00187,2025,BCTC chưa kiểm toán,triệu đồng,126.0,642.0,796.0,151.0,1715.0,1615.0,337.0,1952.0,3667.0,171.0,1098.0,137.0,1406.0,731.0,277.0,1008.0,2414.0,1253.0,3667.0,3073,2634.0,439.0,169.0,185.0,85.0,17.0,68.0,149.0
DN00188,2023,Tờ khai thuế,triệu đồng,,,,,,,,,,,,,,,,,,,,747,,,,,,,,
DN00188,2024,Tờ khai thuế,triệu đồng,,,,,,,,,,,,,,,,,,,,1037,,,,,,,,
DN00188,2025,Tờ khai thuế,triệu đồng,,,,,,,,,,,,,,,,,,,,1329,,,,,,,,
DN00189,2023,BCTC chưa kiểm toán,triệu đồng,139.0,473.0,895.0,335.0,1842.0,386.0,64.0,450.0,2292.0,190.0,1040.0,89.0,1319.0,0.0,0.0,0.0,1319.0,973.0,2292.0,2927,2510.0,417.0,281.0,95.0,41.0,8.0,33.0,39.0
DN00189,2024,BCTC chưa kiểm toán,triệu đồng,253.0,445.0,1224.0,339.0,2261.0,251.0,39.0,290.0,2551.0,134.0,1119.0,198.0,1451.0,0.0,0.0,0.0,1451.0,1100.0,2551.0,3284,2952.0,332.0,71.0,103.0,158.0,32.0,126.0,26.0
DN00189,2025,BCTC chưa kiểm toán,triệu đồng,504.0,323.0,1649.0,459.0,2935.0,501.0,197.0,698.0,3633.0,255.0,0.0,2204.0,2459.0,0.0,0.0,0.0,2459.0,1174.0,3633.0,4598,3978.0,620.0,527.0,0.0,93.0,19.0,74.0,31.0
DN00190,2023,BCTC chưa kiểm toán,triệu đồng,25.0,289.0,80.0,36.0,430.0,430.0,67.0,497.0,927.0,29.0,168.0,20.0,217.0,201.0,41.0,242.0,459.0,468.0,927.0,629,456.0,173.0,94.0,35.0,44.0,9.0,35.0,29.0
DN00190,2024,BCTC chưa kiểm toán,triệu đồng,121.0,248.0,184.0,156.0,709.0,562.0,53.0,615.0,1324.0,73.0,244.0,24.0,341.0,387.0,90.0,477.0,818.0,506.0,1324.0,863,619.0,244.0,151.0,46.0,47.0,9.0,38.0,44.0
DN00190,2025,BCTC chưa kiểm toán,triệu đồng,127.0,653.0,111.0,150.0,1041.0,632.0,134.0,766.0,1807.0,114.0,506.0,66.0,686.0,459.0,92.0,551.0,1237.0,570.0,1807.0,1162,855.0,307.0,130.0,96.0,81.0,16.0,65.0,59.0
DN00191,2023,BCTC chưa kiểm toán,triệu đồng,1191.0,6717.0,1160.0,2315.0,11383.0,7855.0,1813.0,9668.0,21051.0,695.0,5406.0,581.0,6682.0,6681.0,1917.0,8598.0,15280.0,5771.0,21051.0,23093,16803.0,6290.0,3337.0,1144.0,1809.0,362.0,1447.0,868.0
DN00191,2024,BCTC chưa kiểm toán,triệu đồng,2142.0,7989.0,2458.0,2702.0,15291.0,7841.0,580.0,8421.0,23712.0,1739.0,2452.0,677.0,4868.0,10025.0,1776.0,11801.0,16669.0,7043.0,23712.0,25173,19339.0,5834.0,3014.0,1230.0,1590.0,318.0,1272.0,551.0
DN00191,2025,BCTC chưa kiểm toán,triệu đồng,1401.0,7812.0,1882.0,3274.0,14369.0,14140.0,1519.0,15659.0,30028.0,2120.0,4435.0,979.0,7534.0,11310.0,2985.0,14295.0,21829.0,8199.0,30028.0,32587,25609.0,6978.0,4380.0,1154.0,1444.0,289.0,1155.0,1529.0
DN00192,2023,BCTC đã kiểm toán,triệu đồng,194629.0,845265.0,133356.0,104287.0,1277537.0,295813.0,76664.0,372477.0,1650014.0,110012.0,604047.0,102515.0,816574.0,304807.0,102889.0,407696.0,1224270.0,425744.0,1650014.0,1433094,892654.0,540440.0,14331.0,96181.0,429928.0,85986.0,343942.0,25648.0
DN00192,2024,BCTC đã kiểm toán,triệu đồng,85613.0,413375.0,65160.0,166511.0,730659.0,883039.0,120273.0,1003312.0,1733971.0,162620.0,174247.0,56443.0,393310.0,805466.0,29385.0,834851.0,1228161.0,505810.0,1733971.0,1438093,1094645.0,343448.0,146143.0,97223.0,100082.0,20016.0,80066.0,66532.0
DN00192,2025,BCTC đã kiểm toán,triệu đồng,109309.0,486324.0,135839.0,73142.0,804614.0,781572.0,163335.0,944907.0,1749521.0,121134.0,606181.0,63702.0,791017.0,261679.0,127720.0,389399.0,1180416.0,569105.0,1749521.0,1538595,1177575.0,361020.0,201500.0,80401.0,79119.0,15824.0,63295.0,62540.0
DN00193,2023,BCTC đã kiểm toán,đồng,62252000000.0,81599000000.0,194879000000.0,63870000000.0,402600000000.0,131637000000.0,40026000000.0,171663000000.0,574263000000.0,75641000000.0,258419000000.0,43007000000.0,377067000000.0,0.0,0.0,0.0,377067000000.0,197196000000.0,574263000000.0,836970000000,785817000000.0,51153000000.0,23398000000.0,19042000000.0,8713000000.0,1743000000.0,6970000000.0,14359000000.0
DN00193,2024,BCTC đã kiểm toán,đồng,52834000000.0,86641000000.0,161029000000.0,86708000000.0,387212000000.0,114344000000.0,31677000000.0,146021000000.0,533233000000.0,44961000000.0,214989000000.0,42713000000.0,302663000000.0,10372000000.0,1701000000.0,12073000000.0,314736000000.0,218497000000.0,533233000000.0,906755000000,803201000000.0,103554000000.0,60659000000.0,16269000000.0,26626000000.0,5325000000.0,21301000000.0,7595000000.0
DN00193,2025,BCTC đã kiểm toán,đồng,33250000000.0,128252000000.0,157708000000.0,62354000000.0,381564000000.0,121154000000.0,6984000000.0,128138000000.0,509702000000.0,57100000000.0,188421000000.0,42705000000.0,288226000000.0,0.0,0.0,0.0,288226000000.0,221476000000.0,509702000000.0,797388000000,713609000000.0,83779000000.0,64508000000.0,15547000000.0,3724000000.0,745000000.0,2979000000.0,10225000000.0
DN00194,2023,BCTC đã kiểm toán,triệu đồng,518.0,2694.0,639.0,1087.0,4938.0,3252.0,283.0,3535.0,8473.0,721.0,2339.0,266.0,3326.0,469.0,219.0,688.0,4014.0,4459.0,8473.0,7502,5822.0,1680.0,1055.0,255.0,370.0,74.0,296.0,323.0
DN00194,2024,BCTC đã kiểm toán,triệu đồng,512.0,4536.0,1021.0,1022.0,7091.0,2518.0,777.0,3295.0,10386.0,581.0,0.0,4098.0,4679.0,0.0,1447.0,1447.0,6126.0,4260.0,10386.0,10272,7785.0,2487.0,2686.0,0.0,-199.0,0.0,-199.0,292.0
DN00194,2025,BCTC đã kiểm toán,triệu đồng,1192.0,4286.0,599.0,864.0,6941.0,3688.0,195.0,3883.0,10824.0,810.0,3127.0,234.0,4171.0,2507.0,69.0,2576.0,6747.0,4077.0,10824.0,10529,7578.0,2951.0,2713.0,421.0,-183.0,0.0,-183.0,410.0
DN00195,2023,BCTC đã kiểm toán,triệu đồng,2401.0,7606.0,4334.0,2676.0,17017.0,4334.0,609.0,4943.0,21960.0,2797.0,8210.0,1549.0,12556.0,0.0,0.0,0.0,12556.0,9404.0,21960.0,24916,21636.0,3280.0,1721.0,613.0,946.0,189.0,757.0,392.0
DN00195,2024,BCTC đã kiểm toán,triệu đồng,2867.0,4563.0,5721.0,3800.0,16951.0,3943.0,555.0,4498.0,21449.0,1402.0,9581.0,721.0,11704.0,0.0,0.0,0.0,11704.0,9745.0,21449.0,24773,22992.0,1781.0,363.0,993.0,425.0,85.0,340.0,363.0
DN00195,2025,BCTC đã kiểm toán,triệu đồng,675.0,6953.0,5294.0,1267.0,14189.0,4103.0,240.0,4343.0,18532.0,1576.0,7449.0,773.0,9798.0,0.0,0.0,0.0,9798.0,8734.0,18532.0,21652,19099.0,2553.0,2906.0,657.0,-1010.0,0.0,-1010.0,247.0
DN00196,2023,BCTC chưa kiểm toán,triệu đồng,68.0,526.0,513.0,162.0,1269.0,116.0,40.0,156.0,1425.0,110.0,0.0,590.0,700.0,0.0,0.0,0.0,700.0,725.0,1425.0,1486,1345.0,141.0,170.0,0.0,-29.0,0.0,-29.0,8.0
DN00196,2024,BCTC chưa kiểm toán,triệu đồng,161.0,388.0,651.0,383.0,1583.0,97.0,11.0,108.0,1691.0,127.0,762.0,150.0,1039.0,0.0,0.0,0.0,1039.0,652.0,1691.0,1772,1565.0,207.0,209.0,70.0,-72.0,0.0,-72.0,6.0
DN00196,2025,BCTC chưa kiểm toán,triệu đồng,81.0,226.0,475.0,222.0,1004.0,456.0,174.0,630.0,1634.0,65.0,552.0,97.0,714.0,201.0,100.0,301.0,1015.0,619.0,1634.0,1745,1539.0,206.0,167.0,71.0,-32.0,0.0,-32.0,53.0
DN00197,2023,BCTC đã kiểm toán,triệu đồng,4658.0,13726.0,2692.0,6113.0,27189.0,19306.0,3334.0,22640.0,49829.0,1995.0,20187.0,1565.0,23747.0,5022.0,499.0,5521.0,29268.0,20561.0,49829.0,40104,31007.0,9097.0,2952.0,2479.0,3666.0,733.0,2933.0,1276.0
DN00197,2024,BCTC đã kiểm toán,triệu đồng,2576.0,17906.0,1656.0,2725.0,24863.0,25025.0,4371.0,29396.0,54259.0,5517.0,12626.0,2438.0,20581.0,7716.0,3843.0,11559.0,32140.0,22119.0,54259.0,40433,29770.0,10663.0,7184.0,1532.0,1947.0,389.0,1558.0,1946.0
DN00197,2025,BCTC đã kiểm toán,triệu đồng,4303.0,13242.0,2682.0,3932.0,24159.0,17245.0,3036.0,20281.0,44440.0,1770.0,0.0,16485.0,18255.0,0.0,3121.0,3121.0,21376.0,23064.0,44440.0,35198,26107.0,9091.0,7910.0,0.0,1181.0,236.0,945.0,1952.0
DN00198,2023,BCTC chưa kiểm toán,triệu đồng,120.0,948.0,422.0,494.0,1984.0,1843.0,222.0,2065.0,4049.0,128.0,1049.0,175.0,1352.0,1030.0,117.0,1147.0,2499.0,1550.0,4049.0,2223,1650.0,573.0,280.0,190.0,103.0,21.0,82.0,120.0
DN00198,2024,BCTC chưa kiểm toán,triệu đồng,258.0,1098.0,571.0,431.0,2358.0,1465.0,371.0,1836.0,4194.0,557.0,1116.0,189.0,1862.0,462.0,111.0,573.0,2435.0,1759.0,4194.0,2528,1947.0,581.0,186.0,134.0,261.0,52.0,209.0,101.0
DN00198,2025,BCTC chưa kiểm toán,triệu đồng,154.0,1179.0,955.0,293.0,2581.0,1494.0,347.0,1841.0,4422.0,276.0,1042.0,145.0,1463.0,914.0,237.0,1151.0,2614.0,1808.0,4422.0,2621,1906.0,715.0,469.0,185.0,61.0,12.0,49.0,104.0
DN00199,2023,BCTC chưa kiểm toán,triệu đồng,863.0,5568.0,3721.0,896.0,11048.0,6387.0,2528.0,8915.0,19963.0,1136.0,7280.0,1474.0,9890.0,3362.0,1208.0,4570.0,14460.0,5503.0,19963.0,16152,12837.0,3315.0,1996.0,1024.0,295.0,59.0,236.0,750.0
DN00199,2024,BCTC chưa kiểm toán,triệu đồng,1004.0,4458.0,6826.0,2325.0,14613.0,6577.0,2197.0,8774.0,23387.0,1154.0,0.0,8683.0,9837.0,0.0,8344.0,8344.0,18181.0,5206.0,23387.0,18973,15930.0,3043.0,3340.0,0.0,-297.0,0.0,-297.0,402.0
DN00199,2025,BCTC chưa kiểm toán,triệu đồng,1162.0,4576.0,2289.0,1005.0,9032.0,7439.0,2321.0,9760.0,18792.0,1547.0,6311.0,1075.0,8933.0,4480.0,736.0,5216.0,14149.0,4643.0,18792.0,15731,13005.0,2726.0,2291.0,998.0,-563.0,0.0,-563.0,762.0
DN00200,2024,BCTC chưa kiểm toán,triệu đồng,139.0,828.0,786.0,328.0,2081.0,1369.0,91.0,1460.0,3541.0,63.0,0.0,1584.0,1647.0,0.0,0.0,0.0,1647.0,1894.0,3541.0,1191,1044.0,147.0,164.0,0.0,-17.0,0.0,-17.0,117.0
DN00200,2025,BCTC chưa kiểm toán,triệu đồng,103.0,909.0,1255.0,290.0,2557.0,1799.0,395.0,2194.0,4751.0,91.0,1673.0,159.0,1923.0,712.0,198.0,910.0,2833.0,1918.0,4751.0,1621,1362.0,259.0,16.0,212.0,31.0,6.0,25.0,114.0
DN00201,2024,BCTC đã kiểm toán,triệu đồng,2582.0,8250.0,1917.0,3218.0,15967.0,7834.0,675.0,8509.0,24476.0,1865.0,12020.0,1155.0,15040.0,0.0,0.0,0.0,15040.0,9436.0,24476.0,38044,33068.0,4976.0,4517.0,844.0,-385.0,0.0,-385.0,491.0
DN00201,2025,BCTC đã kiểm toán,triệu đồng,2469.0,6336.0,5890.0,2558.0,17253.0,2040.0,120.0,2160.0,19413.0,3202.0,6873.0,805.0,10880.0,0.0,0.0,0.0,10880.0,8533.0,19413.0,29887,27374.0,2513.0,2929.0,487.0,-903.0,0.0,-903.0,209.0
DN00202,2023,BCTC chưa kiểm toán,triệu đồng,84.0,337.0,574.0,205.0,1200.0,557.0,152.0,709.0,1909.0,170.0,0.0,668.0,838.0,0.0,0.0,0.0,838.0,1071.0,1909.0,1646,1334.0,312.0,241.0,0.0,71.0,14.0,57.0,55.0
DN00202,2024,BCTC chưa kiểm toán,triệu đồng,155.0,150.0,586.0,149.0,1040.0,1040.0,161.0,1201.0,2241.0,112.0,515.0,64.0,691.0,423.0,30.0,453.0,1144.0,1097.0,2241.0,1907,1659.0,248.0,117.0,97.0,34.0,7.0,27.0,78.0
DN00202,2025,BCTC chưa kiểm toán,triệu đồng,287.0,412.0,894.0,281.0,1874.0,841.0,72.0,913.0,2787.0,117.0,727.0,105.0,949.0,425.0,163.0,588.0,1537.0,1250.0,2787.0,2183,1848.0,335.0,22.0,122.0,191.0,38.0,153.0,95.0
DN00203,2023,Tờ khai thuế,triệu đồng,,,,,,,,,,,,,,,,,,,,3478,,,,,,,,
DN00203,2024,Tờ khai thuế,triệu đồng,,,,,,,,,,,,,,,,,,,,2880,,,,,,,,
DN00203,2025,Tờ khai thuế,triệu đồng,,,,,,,,,,,,,,,,,,,,2292,,,,,,,,
DN00204,2023,BCTC chưa kiểm toán,triệu đồng,220.0,249.0,979.0,146.0,1594.0,65.0,19.0,84.0,1678.0,58.0,0.0,650.0,708.0,0.0,0.0,0.0,708.0,970.0,1678.0,1119,1003.0,116.0,85.0,0.0,31.0,6.0,25.0,6.0
DN00204,2024,BCTC chưa kiểm toán,triệu đồng,182.0,185.0,800.0,195.0,1362.0,207.0,82.0,289.0,1651.0,99.0,0.0,629.0,728.0,0.0,0.0,0.0,728.0,923.0,1651.0,1126,1018.0,108.0,155.0,0.0,-47.0,0.0,-47.0,13.0
DN00204,2025,BCTC chưa kiểm toán,triệu đồng,57.0,411.0,556.0,101.0,1125.0,381.0,62.0,443.0,1568.0,99.0,473.0,73.0,645.0,0.0,0.0,0.0,645.0,923.0,1568.0,1045,924.0,121.0,79.0,42.0,0.0,0.0,0.0,38.0
DN00205,2023,BCTC chưa kiểm toán,triệu đồng,287.0,678.0,1360.0,469.0,2794.0,302.0,42.0,344.0,3138.0,253.0,1149.0,220.0,1622.0,0.0,0.0,0.0,1622.0,1516.0,3138.0,1184,1008.0,176.0,12.0,121.0,43.0,9.0,34.0,22.0
DN00205,2024,BCTC chưa kiểm toán,triệu đồng,274.0,523.0,796.0,529.0,2122.0,638.0,204.0,842.0,2964.0,443.0,0.0,959.0,1402.0,0.0,0.0,0.0,1402.0,1562.0,2964.0,1215,1145.0,70.0,12.0,0.0,58.0,12.0,46.0,39.0
DN00205,2025,BCTC chưa kiểm toán,triệu đồng,165.0,690.0,879.0,188.0,1922.0,826.0,63.0,889.0,2811.0,196.0,0.0,1001.0,1197.0,0.0,0.0,0.0,1197.0,1614.0,2811.0,1111,996.0,115.0,51.0,0.0,64.0,13.0,51.0,94.0
DN00206,2023,BCTC chưa kiểm toán,triệu đồng,47.0,82.0,268.0,100.0,497.0,206.0,49.0,255.0,752.0,99.0,0.0,65.0,164.0,0.0,0.0,0.0,164.0,588.0,752.0,2175,1883.0,292.0,266.0,0.0,26.0,5.0,21.0,21.0
DN00206,2024,BCTC chưa kiểm toán,triệu đồng,45.0,254.0,200.0,134.0,633.0,101.0,42.0,143.0,776.0,81.0,0.0,54.0,135.0,0.0,0.0,0.0,135.0,641.0,776.0,2099,1991.0,108.0,42.0,0.0,66.0,13.0,53.0,9.0
DN00206,2025,BCTC chưa kiểm toán,triệu đồng,93.0,124.0,300.0,136.0,653.0,130.0,33.0,163.0,816.0,55.0,0.0,37.0,92.0,0.0,0.0,0.0,92.0,724.0,816.0,2367,2087.0,280.0,177.0,0.0,103.0,21.0,82.0,9.0
DN00207,2023,BCTC đã kiểm toán,triệu đồng,4491.0,17316.0,13469.0,3171.0,38447.0,35647.0,5198.0,40845.0,79292.0,2213.0,14877.0,1884.0,18974.0,31759.0,12723.0,44482.0,63456.0,15836.0,79292.0,33066,25841.0,7225.0,1176.0,4488.0,1561.0,312.0,1249.0,4167.0
DN00207,2024,BCTC đã kiểm toán,triệu đồng,2080.0,31665.0,3403.0,7862.0,45010.0,27614.0,3830.0,31444.0,76454.0,3934.0,15786.0,2167.0,21887.0,24980.0,12203.0,37183.0,59070.0,17384.0,76454.0,34968,27773.0,7195.0,1674.0,3588.0,1933.0,387.0,1546.0,1745.0
DN00207,2025,BCTC đã kiểm toán,triệu đồng,3502.0,18206.0,13196.0,6422.0,41326.0,40135.0,11793.0,51928.0,93254.0,2504.0,17612.0,3255.0,23371.0,45831.0,3221.0,49052.0,72423.0,20831.0,93254.0,42196,30580.0,11616.0,422.0,6884.0,4310.0,862.0,3448.0,3468.0
DN00208,2023,BCTC chưa kiểm toán,triệu đồng,92.0,374.0,288.0,211.0,965.0,310.0,68.0,378.0,1343.0,39.0,0.0,517.0,556.0,0.0,0.0,0.0,556.0,787.0,1343.0,410,322.0,88.0,99.0,0.0,-11.0,0.0,-11.0,25.0
DN00208,2024,BCTC chưa kiểm toán,triệu đồng,71.0,273.0,18.0,110.0,472.0,555.0,33.0,588.0,1060.0,25.0,217.0,31.0,273.0,0.0,0.0,0.0,273.0,787.0,1060.0,340,274.0,66.0,42.0,24.0,0.0,0.0,0.0,47.0
DN00208,2025,BCTC chưa kiểm toán,triệu đồng,90.0,448.0,78.0,125.0,741.0,318.0,93.0,411.0,1152.0,21.0,319.0,35.0,375.0,0.0,0.0,0.0,375.0,777.0,1152.0,353,276.0,77.0,60.0,27.0,-10.0,0.0,-10.0,21.0
DN00209,2023,BCTC chưa kiểm toán,triệu đồng,378.0,1041.0,812.0,439.0,2670.0,749.0,117.0,866.0,3536.0,631.0,555.0,98.0,1284.0,0.0,0.0,0.0,1284.0,2252.0,3536.0,8708,7424.0,1284.0,1117.0,58.0,109.0,22.0,87.0,90.0
DN00209,2024,BCTC chưa kiểm toán,triệu đồng,193.0,472.0,1444.0,682.0,2791.0,504.0,101.0,605.0,3396.0,429.0,413.0,142.0,984.0,0.0,0.0,0.0,984.0,2412.0,3396.0,8822,7530.0,1292.0,1056.0,36.0,200.0,40.0,160.0,51.0
DN00209,2025,BCTC chưa kiểm toán,triệu đồng,346.0,882.0,1222.0,372.0,2822.0,467.0,85.0,552.0,3374.0,364.0,0.0,539.0,903.0,0.0,0.0,0.0,903.0,2471.0,3374.0,9027,8273.0,754.0,681.0,0.0,73.0,15.0,58.0,44.0
DN00210,2023,Tờ khai thuế,triệu đồng,,,,,,,,,,,,,,,,,,,,3074,,,,,,,,
DN00210,2024,Tờ khai thuế,triệu đồng,,,,,,,,,,,,,,,,,,,,3082,,,,,,,,
DN00210,2025,Tờ khai thuế,triệu đồng,,,,,,,,,,,,,,,,,,,,3524,,,,,,,,
DN00211,2023,BCTC chưa kiểm toán,triệu đồng,737.0,3559.0,462.0,1335.0,6093.0,5492.0,872.0,6364.0,12457.0,352.0,4950.0,330.0,5632.0,2958.0,706.0,3664.0,9296.0,3161.0,12457.0,8119,6026.0,2093.0,1531.0,618.0,-56.0,0.0,-56.0,370.0
DN00211,2024,BCTC chưa kiểm toán,triệu đồng,852.0,4625.0,558.0,1092.0,7127.0,3088.0,697.0,3785.0,10912.0,377.0,6521.0,1018.0,7916.0,0.0,0.0,0.0,7916.0,2996.0,10912.0,7349,5577.0,1772.0,1276.0,661.0,-165.0,0.0,-165.0,365.0
DN00211,2025,BCTC chưa kiểm toán,triệu đồng,866.0,2981.0,890.0,1492.0,6229.0,3117.0,852.0,3969.0,10198.0,667.0,3228.0,457.0,4352.0,2716.0,407.0,3123.0,7475.0,2723.0,10198.0,6960,5363.0,1597.0,1405.0,465.0,-273.0,0.0,-273.0,312.0
DN00212,2023,BCTC đã kiểm toán,triệu đồng,26796.0,111870.0,29560.0,54971.0,223197.0,211298.0,13857.0,225155.0,448352.0,51274.0,58241.0,14887.0,124402.0,53567.0,19956.0,73523.0,197925.0,250427.0,448352.0,776588,587883.0,188705.0,154437.0,9382.0,24886.0,4977.0,19909.0,25349.0
DN00212,2024,BCTC đã kiểm toán,triệu đồng,56869.0,144362.0,120060.0,103681.0,424972.0,158614.0,33360.0,191974.0,616946.0,124402.0,63617.0,19317.0,207336.0,106883.0,11390.0,118273.0,325609.0,291337.0,616946.0,1004330,762922.0,241408.0,175933.0,14337.0,51138.0,10228.0,40910.0,10986.0
DN00212,2025,BCTC đã kiểm toán,triệu đồng,25881.0,176880.0,34479.0,60749.0,297989.0,263999.0,85503.0,349502.0,647491.0,69289.0,105394.0,20021.0,194704.0,124438.0,7143.0,131581.0,326285.0,321206.0,647491.0,1055348,779734.0,275614.0,215306.0,22973.0,37335.0,7467.0,29868.0,28604.0
DN00213,2023,BCTC chưa kiểm toán,triệu đồng,73.0,515.0,132.0,124.0,844.0,467.0,153.0,620.0,1464.0,74.0,391.0,53.0,518.0,146.0,23.0,169.0,687.0,777.0,1464.0,1307,1036.0,271.0,236.0,56.0,-21.0,0.0,-21.0,35.0
DN00213,2024,BCTC chưa kiểm toán,triệu đồng,43.0,130.0,354.0,150.0,677.0,380.0,37.0,417.0,1094.0,93.0,237.0,19.0,349.0,18.0,4.0,22.0,371.0,723.0,1094.0,1007,918.0,89.0,119.0,24.0,-54.0,0.0,-54.0,29.0
DN00213,2025,BCTC chưa kiểm toán,triệu đồng,42.0,242.0,153.0,105.0,542.0,184.0,44.0,228.0,770.0,39.0,21.0,5.0,65.0,0.0,0.0,0.0,65.0,705.0,770.0,660,563.0,97.0,113.0,2.0,-18.0,0.0,-18.0,21.0
DN00214,2023,BCTC chưa kiểm toán,triệu đồng,43.0,46.0,486.0,80.0,655.0,130.0,23.0,153.0,808.0,69.0,307.0,39.0,415.0,0.0,0.0,0.0,415.0,393.0,808.0,1722,1595.0,127.0,64.0,25.0,38.0,8.0,30.0,9.0
DN00214,2024,BCTC chưa kiểm toán,triệu đồng,128.0,268.0,427.0,194.0,1017.0,239.0,31.0,270.0,1287.0,238.0,0.0,229.0,467.0,0.0,396.0,396.0,863.0,424.0,1287.0,2517,2225.0,292.0,253.0,0.0,39.0,8.0,31.0,15.0
DN00214,2025,BCTC chưa kiểm toán,triệu đồng,113.0,244.0,504.0,126.0,987.0,313.0,73.0,386.0,1373.0,171.0,207.0,26.0,404.0,353.0,157.0,510.0,914.0,459.0,1373.0,2883,2645.0,238.0,153.0,41.0,44.0,9.0,35.0,31.0
DN00215,2023,BCTC chưa kiểm toán,triệu đồng,155.0,561.0,161.0,245.0,1122.0,451.0,114.0,565.0,1687.0,94.0,0.0,709.0,803.0,0.0,0.0,0.0,803.0,884.0,1687.0,803,716.0,87.0,77.0,0.0,10.0,2.0,8.0,38.0
DN00215,2024,BCTC chưa kiểm toán,triệu đồng,110.0,401.0,312.0,172.0,995.0,633.0,97.0,730.0,1725.0,102.0,0.0,687.0,789.0,0.0,36.0,36.0,825.0,900.0,1725.0,804,683.0,121.0,102.0,0.0,19.0,4.0,15.0,38.0
DN00215,2025,BCTC chưa kiểm toán,triệu đồng,80.0,300.0,590.0,96.0,1066.0,532.0,43.0,575.0,1641.0,170.0,498.0,74.0,742.0,0.0,0.0,0.0,742.0,899.0,1641.0,843,765.0,78.0,30.0,48.0,0.0,0.0,0.0,33.0
DN00216,2024,BCTC chưa kiểm toán,triệu đồng,169.0,362.0,352.0,238.0,1121.0,1231.0,186.0,1417.0,2538.0,100.0,0.0,693.0,793.0,0.0,814.0,814.0,1607.0,931.0,2538.0,2176,1979.0,197.0,133.0,0.0,64.0,13.0,51.0,106.0
DN00216,2025,BCTC chưa kiểm toán,triệu đồng,239.0,453.0,452.0,246.0,1390.0,1309.0,415.0,1724.0,3114.0,146.0,0.0,647.0,793.0,0.0,1355.0,1355.0,2148.0,966.0,3114.0,2576,2203.0,373.0,330.0,0.0,43.0,9.0,34.0,133.0
DN00217,2023,BCTC chưa kiểm toán,triệu đồng,2978.0,6590.0,9157.0,2347.0,21072.0,4715.0,1997.0,6712.0,27784.0,2823.0,11797.0,859.0,15479.0,0.0,0.0,0.0,15479.0,12305.0,27784.0,13500,12557.0,943.0,401.0,910.0,-368.0,0.0,-368.0,307.0
DN00217,2024,BCTC chưa kiểm toán,triệu đồng,864.0,6361.0,5432.0,1774.0,14431.0,4582.0,715.0,5297.0,19728.0,2231.0,4940.0,685.0,7856.0,0.0,0.0,0.0,7856.0,11872.0,19728.0,10933,9674.0,1259.0,1250.0,442.0,-433.0,0.0,-433.0,513.0
DN00217,2025,BCTC chưa kiểm toán,triệu đồng,2169.0,8363.0,2271.0,2720.0,15523.0,4888.0,973.0,5861.0,21384.0,2039.0,6699.0,689.0,9427.0,0.0,0.0,0.0,9427.0,11957.0,21384.0,11027,9746.0,1281.0,456.0,719.0,106.0,21.0,85.0,393.0
DN00218,2024,BCTC chưa kiểm toán,triệu đồng,157.0,870.0,140.0,204.0,1371.0,959.0,346.0,1305.0,2676.0,42.0,1192.0,84.0,1318.0,301.0,130.0,431.0,1749.0,927.0,2676.0,1083,827.0,256.0,150.0,142.0,-36.0,0.0,-36.0,80.0
DN00218,2025,BCTC chưa kiểm toán,triệu đồng,170.0,1050.0,234.0,364.0,1818.0,981.0,135.0,1116.0,2934.0,97.0,727.0,121.0,945.0,988.0,73.0,1061.0,2006.0,928.0,2934.0,1158,860.0,298.0,132.0,166.0,0.0,0.0,0.0,114.0
DN00219,2023,BCTC chưa kiểm toán,triệu đồng,154.0,421.0,534.0,301.0,1410.0,912.0,258.0,1170.0,2580.0,148.0,830.0,65.0,1043.0,192.0,57.0,249.0,1292.0,1288.0,2580.0,1846,1552.0,294.0,94.0,103.0,97.0,19.0,78.0,61.0
DN00219,2024,BCTC chưa kiểm toán,triệu đồng,294.0,417.0,738.0,460.0,1909.0,1393.0,198.0,1591.0,3500.0,273.0,0.0,669.0,942.0,0.0,1226.0,1226.0,2168.0,1332.0,3500.0,2544,2057.0,487.0,432.0,0.0,55.0,11.0,44.0,131.0
DN00219,2025,BCTC chưa kiểm toán,triệu đồng,323.0,542.0,718.0,408.0,1991.0,1128.0,137.0,1265.0,3256.0,282.0,677.0,100.0,1059.0,445.0,143.0,588.0,1647.0,1609.0,3256.0,2415,1944.0,471.0,24.0,101.0,346.0,69.0,277.0,70.0
DN00220,2023,BCTC chưa kiểm toán,triệu đồng,43.0,438.0,268.0,227.0,976.0,653.0,108.0,761.0,1737.0,86.0,351.0,29.0,466.0,234.0,97.0,331.0,797.0,940.0,1737.0,871,671.0,200.0,110.0,60.0,30.0,6.0,24.0,57.0
DN00220,2024,BCTC chưa kiểm toán,triệu đồng,94.0,614.0,197.0,156.0,1061.0,593.0,77.0,670.0,1731.0,71.0,492.0,70.0,633.0,104.0,8.0,112.0,745.0,986.0,1731.0,836,626.0,210.0,96.0,56.0,58.0,12.0,46.0,37.0
DN00220,2025,BCTC chưa kiểm toán,triệu đồng,83.0,389.0,267.0,143.0,882.0,726.0,113.0,839.0,1721.0,63.0,0.0,478.0,541.0,0.0,159.0,159.0,700.0,1021.0,1721.0,842,637.0,205.0,162.0,0.0,43.0,9.0,34.0,60.0
DN00221,2023,BCTC chưa kiểm toán,triệu đồng,902.0,10383.0,2933.0,2654.0,16872.0,14094.0,4608.0,18702.0,35574.0,3764.0,6196.0,787.0,10747.0,7623.0,1561.0,9184.0,19931.0,15643.0,35574.0,37783,28488.0,9295.0,4068.0,1254.0,3973.0,795.0,3178.0,945.0
DN00221,2024,BCTC chưa kiểm toán,triệu đồng,3864.0,15582.0,2551.0,5440.0,27437.0,14520.0,4932.0,19452.0,46889.0,3079.0,5922.0,1116.0,10117.0,16941.0,2726.0,19667.0,29784.0,17105.0,46889.0,46849,34988.0,11861.0,7991.0,2043.0,1827.0,365.0,1462.0,1655.0
DN00221,2025,BCTC chưa kiểm toán,triệu đồng,3870.0,18250.0,3546.0,7966.0,33632.0,16837.0,5313.0,22150.0,55782.0,1500.0,17832.0,2282.0,21614.0,11770.0,1832.0,13602.0,35216.0,20566.0,55782.0,55041,40466.0,14575.0,8060.0,2188.0,4327.0,865.0,3462.0,1479.0
DN00222,2023,BCTC chưa kiểm toán,triệu đồng,86.0,700.0,761.0,267.0,1814.0,978.0,177.0,1155.0,2969.0,260.0,905.0,204.0,1369.0,0.0,0.0,0.0,1369.0,1600.0,2969.0,1312,1066.0,246.0,261.0,64.0,-79.0,0.0,-79.0,99.0
DN00222,2024,BCTC chưa kiểm toán,triệu đồng,122.0,449.0,788.0,233.0,1592.0,1156.0,83.0,1239.0,2831.0,106.0,702.0,81.0,889.0,222.0,137.0,359.0,1248.0,1583.0,2831.0,1207,1073.0,134.0,76.0,76.0,-18.0,0.0,-18.0,74.0
DN00222,2025,BCTC chưa kiểm toán,triệu đồng,122.0,200.0,574.0,172.0,1068.0,1420.0,198.0,1618.0,2686.0,57.0,806.0,132.0,995.0,183.0,14.0,197.0,1192.0,1494.0,2686.0,1167,970.0,197.0,180.0,106.0,-89.0,0.0,-89.0,95.0
DN00223,2023,BCTC chưa kiểm toán,triệu đồng,126.0,1022.0,334.0,364.0,1846.0,1198.0,334.0,1532.0,3378.0,302.0,0.0,794.0,1096.0,0.0,0.0,0.0,1096.0,2282.0,3378.0,2951,2247.0,704.0,566.0,0.0,138.0,28.0,110.0,116.0
DN00223,2024,BCTC chưa kiểm toán,triệu đồng,315.0,1680.0,574.0,710.0,3279.0,915.0,179.0,1094.0,4373.0,246.0,1596.0,236.0,2078.0,42.0,7.0,49.0,2127.0,2246.0,4373.0,3651,2815.0,836.0,693.0,178.0,-35.0,0.0,-35.0,90.0
DN00223,2025,BCTC chưa kiểm toán,triệu đồng,186.0,782.0,250.0,327.0,1545.0,1270.0,167.0,1437.0,2982.0,152.0,477.0,54.0,683.0,0.0,0.0,0.0,683.0,2299.0,2982.0,2685,1954.0,731.0,616.0,49.0,66.0,13.0,53.0,100.0
DN00224,2023,BCTC chưa kiểm toán,triệu đồng,810.0,5227.0,844.0,907.0,7788.0,8013.0,1477.0,9490.0,17278.0,810.0,5079.0,614.0,6503.0,3882.0,537.0,4419.0,10922.0,6356.0,17278.0,11665,8626.0,3039.0,1826.0,712.0,501.0,100.0,401.0,725.0
DN00224,2024,BCTC chưa kiểm toán,triệu đồng,1658.0,6152.0,2006.0,2153.0,11969.0,8324.0,962.0,9286.0,21255.0,1814.0,2968.0,619.0,5401.0,9203.0,380.0,9583.0,14984.0,6271.0,21255.0,13316,10154.0,3162.0,1965.0,1281.0,-84.0,0.0,-84.0,870.0
DN00224,2025,BCTC chưa kiểm toán,triệu đồng,1374.0,6825.0,2105.0,2568.0,12872.0,7366.0,537.0,7903.0,20775.0,949.0,5060.0,1052.0,7061.0,6350.0,735.0,7085.0,14146.0,6629.0,20775.0,12963,9855.0,3108.0,1754.0,907.0,447.0,89.0,358.0,815.0
DN00225,2023,BCTC chưa kiểm toán,triệu đồng,90.0,893.0,313.0,136.0,1432.0,290.0,112.0,402.0,1834.0,368.0,0.0,904.0,1272.0,0.0,0.0,0.0,1272.0,562.0,1834.0,3379,2960.0,419.0,390.0,0.0,29.0,6.0,23.0,20.0
DN00225,2024,BCTC chưa kiểm toán,triệu đồng,297.0,692.0,630.0,469.0,2088.0,203.0,21.0,224.0,2312.0,233.0,1222.0,247.0,1702.0,174.0,3.0,177.0,1879.0,433.0,2312.0,4469,4025.0,444.0,440.0,133.0,-129.0,0.0,-129.0,13.0
DN00225,2025,BCTC chưa kiểm toán,triệu đồng,146.0,714.0,1097.0,470.0,2427.0,280.0,38.0,318.0,2745.0,303.0,1407.0,228.0,1938.0,344.0,51.0,395.0,2333.0,412.0,2745.0,5583,5070.0,513.0,959.0,152.0,-598.0,0.0,-598.0,24.0
DN00226,2023,Tờ khai thuế,triệu đồng,,,,,,,,,,,,,,,,,,,,985,,,,,,,,
DN00226,2024,Tờ khai thuế,triệu đồng,,,,,,,,,,,,,,,,,,,,1037,,,,,,,,
DN00226,2025,Tờ khai thuế,triệu đồng,,,,,,,,,,,,,,,,,,,,1323,,,,,,,,
DN00227,2023,BCTC chưa kiểm toán,triệu đồng,231.0,1049.0,1000.0,662.0,2942.0,797.0,324.0,1121.0,4063.0,209.0,1958.0,115.0,2282.0,284.0,38.0,322.0,2604.0,1459.0,4063.0,6599,5886.0,713.0,342.0,234.0,137.0,27.0,110.0,62.0
DN00227,2024,BCTC chưa kiểm toán,triệu đồng,295.0,1164.0,904.0,216.0,2579.0,956.0,52.0,1008.0,3587.0,478.0,1445.0,326.0,2249.0,0.0,0.0,0.0,2249.0,1338.0,3587.0,6670,5904.0,766.0,759.0,128.0,-121.0,0.0,-121.0,111.0
DN00227,2025,BCTC chưa kiểm toán,triệu đồng,294.0,650.0,1717.0,388.0,3049.0,181.0,13.0,194.0,3243.0,174.0,1516.0,270.0,1960.0,0.0,0.0,0.0,1960.0,1283.0,3243.0,5885,5397.0,488.0,434.0,109.0,-55.0,0.0,-55.0,17.0
DN00228,2023,BCTC chưa kiểm toán,triệu đồng,38.0,99.0,178.0,92.0,407.0,185.0,67.0,252.0,659.0,44.0,157.0,14.0,215.0,0.0,0.0,0.0,215.0,444.0,659.0,634,517.0,117.0,88.0,15.0,14.0,3.0,11.0,14.0
DN00228,2024,BCTC chưa kiểm toán,triệu đồng,73.0,124.0,196.0,108.0,501.0,381.0,106.0,487.0,988.0,60.0,0.0,162.0,222.0,0.0,292.0,292.0,514.0,474.0,988.0,856,731.0,125.0,87.0,0.0,38.0,8.0,30.0,23.0
DN00228,2025,BCTC chưa kiểm toán,triệu đồng,70.0,114.0,287.0,64.0,535.0,204.0,32.0,236.0,771.0,39.0,0.0,212.0,251.0,0.0,19.0,19.0,270.0,501.0,771.0,711,604.0,107.0,73.0,0.0,34.0,7.0,27.0,13.0
DN00229,2023,BCTC đã kiểm toán,triệu đồng,23190.0,139797.0,30880.0,33014.0,226881.0,139704.0,30206.0,169910.0,396791.0,17873.0,81389.0,15791.0,115053.0,101413.0,66835.0,168248.0,283301.0,113490.0,396791.0,314504,226259.0,88245.0,18971.0,18532.0,50742.0,10148.0,40594.0,10385.0
DN00229,2024,BCTC đã kiểm toán,triệu đồng,15251.0,148519.0,22781.0,38940.0,225491.0,128808.0,44581.0,173389.0,398880.0,25520.0,64448.0,7770.0,97738.0,113526.0,64818.0,178344.0,276082.0,122798.0,398880.0,322470,263720.0,58750.0,30860.0,16256.0,11634.0,2327.0,9307.0,14036.0
DN00229,2025,BCTC đã kiểm toán,triệu đồng,23903.0,108080.0,65602.0,65727.0,263312.0,127558.0,16303.0,143861.0,407173.0,14109.0,126790.0,14572.0,155471.0,116440.0,1806.0,118246.0,273717.0,133456.0,407173.0,325638,244185.0,81453.0,45837.0,22294.0,13322.0,2664.0,10658.0,12780.0
DN00230,2023,BCTC đã kiểm toán,triệu đồng,1359.0,5371.0,3392.0,2089.0,12211.0,3702.0,378.0,4080.0,16291.0,541.0,0.0,6624.0,7165.0,0.0,0.0,0.0,7165.0,9126.0,16291.0,5439,4578.0,861.0,615.0,0.0,246.0,49.0,197.0,422.0
DN00230,2024,BCTC đã kiểm toán,triệu đồng,2721.0,4382.0,6290.0,3636.0,17029.0,4055.0,1197.0,5252.0,22281.0,898.0,9442.0,1731.0,12071.0,1139.0,143.0,1282.0,13353.0,8928.0,22281.0,7386,6446.0,940.0,318.0,820.0,-198.0,0.0,-198.0,252.0
DN00230,2025,BCTC đã kiểm toán,triệu đồng,2445.0,6654.0,3901.0,1218.0,14218.0,6442.0,1026.0,7468.0,21686.0,1113.0,0.0,7686.0,8799.0,0.0,3802.0,3802.0,12601.0,9085.0,21686.0,6873,5943.0,930.0,733.0,0.0,197.0,39.0,158.0,395.0
DN00231,2023,BCTC chưa kiểm toán,triệu đồng,157.0,609.0,86.0,157.0,1009.0,324.0,64.0,388.0,1397.0,207.0,557.0,47.0,811.0,0.0,0.0,0.0,811.0,586.0,1397.0,1231,990.0,241.0,229.0,48.0,-36.0,0.0,-36.0,36.0
DN00231,2024,BCTC chưa kiểm toán,triệu đồng,37.0,653.0,97.0,86.0,873.0,450.0,159.0,609.0,1482.0,88.0,627.0,96.0,811.0,103.0,60.0,163.0,974.0,508.0,1482.0,1282,941.0,341.0,362.0,56.0,-77.0,0.0,-77.0,47.0
DN00231,2025,BCTC chưa kiểm toán,triệu đồng,93.0,473.0,104.0,204.0,874.0,576.0,130.0,706.0,1580.0,57.0,0.0,417.0,474.0,0.0,638.0,638.0,1112.0,468.0,1580.0,1324,1099.0,225.0,265.0,0.0,-40.0,0.0,-40.0,45.0
DN00232,2023,BCTC đã kiểm toán,triệu đồng,18664.0,163631.0,25882.0,63231.0,271408.0,146146.0,61027.0,207173.0,478581.0,31169.0,92306.0,7836.0,131311.0,140053.0,63801.0,203854.0,335165.0,143416.0,478581.0,467846,373793.0,94053.0,51438.0,24915.0,17700.0,3540.0,14160.0,10284.0
DN00232,2024,BCTC đã kiểm toán,triệu đồng,24209.0,96242.0,27973.0,31518.0,179942.0,152427.0,49812.0,202239.0,382181.0,22114.0,49527.0,6388.0,78029.0,105507.0,45315.0,150822.0,228851.0,153330.0,382181.0,396925,277410.0,119515.0,93357.0,13767.0,12391.0,2478.0,9913.0,12309.0
DN00232,2025,BCTC đã kiểm toán,triệu đồng,40593.0,109758.0,43117.0,60116.0,253584.0,221419.0,18272.0,239691.0,493275.0,14328.0,135978.0,9246.0,159552.0,51762.0,30628.0,82390.0,241942.0,251333.0,493275.0,513553,368722.0,144831.0,5136.0,17192.0,122503.0,24501.0,98002.0,20278.0
DN00233,2023,BCTC chưa kiểm toán,triệu đồng,106.0,354.0,192.0,156.0,808.0,231.0,97.0,328.0,1136.0,123.0,228.0,54.0,405.0,0.0,0.0,0.0,405.0,731.0,1136.0,1551,1396.0,155.0,204.0,19.0,-68.0,0.0,-68.0,27.0
DN00233,2024,BCTC chưa kiểm toán,triệu đồng,67.0,206.0,472.0,247.0,992.0,154.0,47.0,201.0,1193.0,97.0,300.0,59.0,456.0,0.0,0.0,0.0,456.0,737.0,1193.0,1684,1503.0,181.0,149.0,25.0,7.0,1.0,6.0,14.0
DN00233,2025,BCTC chưa kiểm toán,triệu đồng,100.0,412.0,485.0,251.0,1248.0,218.0,28.0,246.0,1494.0,119.0,599.0,39.0,757.0,0.0,0.0,0.0,757.0,737.0,1494.0,2101,1915.0,186.0,129.0,57.0,0.0,0.0,0.0,13.0
DN00234,2023,BCTC chưa kiểm toán,triệu đồng,39.0,57.0,111.0,65.0,272.0,164.0,50.0,214.0,486.0,15.0,78.0,8.0,101.0,0.0,0.0,0.0,101.0,385.0,486.0,296,245.0,51.0,43.0,8.0,0.0,0.0,0.0,18.0
DN00234,2024,BCTC chưa kiểm toán,triệu đồng,17.0,85.0,155.0,40.0,297.0,216.0,58.0,274.0,571.0,39.0,133.0,14.0,186.0,0.0,0.0,0.0,186.0,385.0,571.0,390,310.0,80.0,70.0,10.0,0.0,0.0,0.0,16.0
DN00234,2025,BCTC chưa kiểm toán,triệu đồng,43.0,137.0,87.0,83.0,350.0,273.0,39.0,312.0,662.0,18.0,131.0,13.0,162.0,74.0,23.0,97.0,259.0,403.0,662.0,431,353.0,78.0,37.0,17.0,24.0,5.0,19.0,20.0
DN00235,2023,Tờ khai thuế,triệu đồng,,,,,,,,,,,,,,,,,,,,1151,,,,,,,,
DN00235,2024,Tờ khai thuế,triệu đồng,,,,,,,,,,,,,,,,,,,,1083,,,,,,,,
DN00235,2025,Tờ khai thuế,triệu đồng,,,,,,,,,,,,,,,,,,,,1288,,,,,,,,
DN00236,2023,BCTC chưa kiểm toán,triệu đồng,753.0,2747.0,927.0,1076.0,5503.0,4136.0,224.0,4360.0,9863.0,1117.0,1718.0,152.0,2987.0,3615.0,632.0,4247.0,7234.0,2629.0,9863.0,11761,8337.0,3424.0,3097.0,575.0,-248.0,0.0,-248.0,394.0
DN00236,2024,BCTC chưa kiểm toán,triệu đồng,486.0,3245.0,756.0,1036.0,5523.0,2758.0,296.0,3054.0,8577.0,1207.0,2038.0,258.0,3503.0,1287.0,805.0,2092.0,5595.0,2982.0,8577.0,8944,6838.0,2106.0,1321.0,344.0,441.0,88.0,353.0,224.0
DN00236,2025,BCTC chưa kiểm toán,triệu đồng,676.0,2544.0,217.0,616.0,4053.0,3219.0,878.0,4097.0,8150.0,624.0,2594.0,277.0,3495.0,1044.0,539.0,1583.0,5078.0,3072.0,8150.0,9431,7194.0,2237.0,1728.0,396.0,113.0,23.0,90.0,351.0
DN00237,2023,BCTC chưa kiểm toán,triệu đồng,368.0,1326.0,1656.0,657.0,4007.0,1107.0,83.0,1190.0,5197.0,375.0,0.0,1985.0,2360.0,0.0,42.0,42.0,2402.0,2795.0,5197.0,1469,1255.0,214.0,143.0,0.0,71.0,14.0,57.0,73.0
DN00237,2024,BCTC chưa kiểm toán,triệu đồng,295.0,1120.0,888.0,686.0,2989.0,820.0,336.0,1156.0,4145.0,174.0,1045.0,118.0,1337.0,0.0,0.0,0.0,1337.0,2808.0,4145.0,1334,1201.0,133.0,13.0,104.0,16.0,3.0,13.0,61.0
DN00237,2025,BCTC chưa kiểm toán,triệu đồng,255.0,759.0,1797.0,663.0,3474.0,1069.0,259.0,1328.0,4802.0,354.0,1311.0,243.0,1908.0,0.0,0.0,0.0,1908.0,2894.0,4802.0,1485,1262.0,223.0,15.0,101.0,107.0,21.0,86.0,114.0
DN00238,2023,BCTC đã kiểm toán,triệu đồng,19513.0,43880.0,127436.0,39201.0,230030.0,83946.0,15066.0,99012.0,329042.0,48753.0,139788.0,18708.0,207249.0,30018.0,1812.0,31830.0,239079.0,89963.0,329042.0,538725,469475.0,69250.0,46543.0,16373.0,6334.0,1267.0,5067.0,9588.0
DN00238,2024,BCTC đã kiểm toán,triệu đồng,39450.0,52153.0,90361.0,45882.0,227846.0,86745.0,11023.0,97768.0,325614.0,42713.0,0.0,173448.0,216161.0,0.0,0.0,0.0,216161.0,109453.0,325614.0,537531,499504.0,38027.0,13664.0,0.0,24363.0,4873.0,19490.0,7142.0
DN00238,2025,BCTC đã kiểm toán,triệu đồng,10706.0,91425.0,51436.0,18881.0,172448.0,14404.0,2761.0,17165.0,189613.0,14048.0,57355.0,6050.0,77453.0,0.0,0.0,0.0,77453.0,112160.0,189613.0,353737,303280.0,50457.0,40824.0,6250.0,3383.0,677.0,2706.0,1662.0
DN00239,2023,Tờ khai thuế,triệu đồng,,,,,,,,,,,,,,,,,,,,712,,,,,,,,
DN00239,2024,Tờ khai thuế,triệu đồng,,,,,,,,,,,,,,,,,,,,675,,,,,,,,
DN00239,2025,Tờ khai thuế,triệu đồng,,,,,,,,,,,,,,,,,,,,676,,,,,,,,
DN00240,2024,BCTC chưa kiểm toán,triệu đồng,121.0,612.0,63.0,122.0,918.0,636.0,139.0,775.0,1693.0,79.0,428.0,69.0,576.0,217.0,88.0,305.0,881.0,812.0,1693.0,1503,1224.0,279.0,251.0,49.0,-21.0,0.0,-21.0,41.0
DN00240,2025,BCTC chưa kiểm toán,triệu đồng,152.0,339.0,231.0,217.0,939.0,742.0,188.0,930.0,1869.0,145.0,0.0,282.0,427.0,0.0,530.0,530.0,957.0,912.0,1869.0,1479,1097.0,382.0,257.0,0.0,125.0,25.0,100.0,62.0
DN00241,2023,BCTC chưa kiểm toán,triệu đồng,333.0,1571.0,2625.0,935.0,5464.0,222.0,66.0,288.0,5752.0,714.0,2102.0,413.0,3229.0,0.0,0.0,0.0,3229.0,2523.0,5752.0,10639,9902.0,737.0,334.0,161.0,242.0,48.0,194.0,27.0
DN00241,2024,BCTC chưa kiểm toán,triệu đồng,496.0,1234.0,1994.0,776.0,4500.0,1471.0,150.0,1621.0,6121.0,487.0,2331.0,432.0,3250.0,734.0,223.0,957.0,4207.0,1914.0,6121.0,12701,11758.0,943.0,1222.0,330.0,-609.0,0.0,-609.0,157.0
DN00241,2025,BCTC chưa kiểm toán,triệu đồng,1167.0,1344.0,2885.0,1734.0,7130.0,910.0,243.0,1153.0,8283.0,838.0,4816.0,610.0,6264.0,0.0,0.0,0.0,6264.0,2019.0,8283.0,15723,14546.0,1177.0,633.0,413.0,131.0,26.0,105.0,90.0
DN00242,2024,BCTC chưa kiểm toán,triệu đồng,38.0,187.0,271.0,105.0,601.0,120.0,34.0,154.0,755.0,29.0,378.0,45.0,452.0,0.0,0.0,0.0,452.0,303.0,755.0,436,369.0,67.0,28.0,37.0,2.0,0.0,2.0,12.0
DN00242,2025,BCTC chưa kiểm toán,triệu đồng,81.0,159.0,118.0,99.0,457.0,171.0,16.0,187.0,644.0,27.0,261.0,48.0,336.0,4.0,2.0,6.0,342.0,302.0,644.0,421,361.0,60.0,35.0,25.0,0.0,0.0,0.0,14.0
DN00243,2023,BCTC chưa kiểm toán,triệu đồng,175.0,444.0,502.0,197.0,1318.0,654.0,117.0,771.0,2089.0,62.0,831.0,71.0,964.0,0.0,0.0,0.0,964.0,1125.0,2089.0,1426,1194.0,232.0,115.0,84.0,33.0,7.0,26.0,67.0
DN00243,2024,BCTC chưa kiểm toán,triệu đồng,100.0,316.0,332.0,139.0,887.0,850.0,302.0,1152.0,2039.0,253.0,258.0,37.0,548.0,418.0,109.0,527.0,1075.0,964.0,2039.0,1557,1304.0,253.0,342.0,72.0,-161.0,0.0,-161.0,93.0
DN00243,2025,BCTC chưa kiểm toán,triệu đồng,116.0,251.0,826.0,328.0,1521.0,1226.0,81.0,1307.0,2828.0,271.0,881.0,186.0,1338.0,532.0,36.0,568.0,1906.0,922.0,2828.0,1990,1769.0,221.0,137.0,127.0,-43.0,0.0,-43.0,143.0
DN00244,2023,Tờ khai thuế,triệu đồng,,,,,,,,,,,,,,,,,,,,1254,,,,,,,,
DN00244,2024,Tờ khai thuế,triệu đồng,,,,,,,,,,,,,,,,,,,,1301,,,,,,,,
DN00244,2025,Tờ khai thuế,triệu đồng,,,,,,,,,,,,,,,,,,,,1144,,,,,,,,
DN00245,2023,BCTC chưa kiểm toán,triệu đồng,2712.0,10303.0,3293.0,3557.0,19865.0,10945.0,1749.0,12694.0,32559.0,1701.0,7393.0,1371.0,10465.0,3206.0,1209.0,4415.0,14880.0,17679.0,32559.0,28448,22229.0,6219.0,1409.0,1105.0,3705.0,741.0,2964.0,1192.0
DN00245,2024,BCTC chưa kiểm toán,triệu đồng,2071.0,8047.0,5791.0,1988.0,17897.0,8045.0,2857.0,10902.0,28799.0,1229.0,6734.0,661.0,8624.0,1750.0,746.0,2496.0,11120.0,17679.0,28799.0,22781,17155.0,5626.0,4818.0,808.0,0.0,0.0,0.0,612.0
DN00245,2025,BCTC chưa kiểm toán,triệu đồng,3798.0,13071.0,3151.0,2721.0,22741.0,12189.0,1722.0,13911.0,36652.0,1650.0,11115.0,1165.0,13930.0,2875.0,1116.0,3991.0,17921.0,18731.0,36652.0,28038,20370.0,7668.0,5181.0,1172.0,1315.0,263.0,1052.0,1215.0
DN00246,2023,BCTC chưa kiểm toán,triệu đồng,6424.0,8597.0,17733.0,6382.0,39136.0,6727.0,2820.0,9547.0,48683.0,6736.0,18348.0,2515.0,27599.0,2423.0,490.0,2913.0,30512.0,18171.0,48683.0,71320,61631.0,9689.0,6550.0,2283.0,856.0,171.0,685.0,432.0
DN00246,2024,BCTC chưa kiểm toán,triệu đồng,3195.0,21195.0,17405.0,8424.0,50219.0,13186.0,2776.0,15962.0,66181.0,5673.0,0.0,36538.0,42211.0,0.0,3847.0,3847.0,46058.0,20123.0,66181.0,86899,78765.0,8134.0,5695.0,0.0,2439.0,488.0,1951.0,1135.0
DN00246,2025,BCTC chưa kiểm toán,triệu đồng,10886.0,25145.0,19787.0,13634.0,69452.0,3468.0,673.0,4141.0,73593.0,7837.0,34912.0,7050.0,49799.0,0.0,0.0,0.0,49799.0,23794.0,73593.0,102250,91396.0,10854.0,3107.0,3158.0,4589.0,918.0,3671.0,377.0
DN00247,2023,BCTC đã kiểm toán,triệu đồng,6807.0,8225.0,20420.0,5765.0,41217.0,43066.0,17219.0,60285.0,101502.0,6286.0,29081.0,2387.0,37754.0,43924.0,13734.0,57658.0,95412.0,6090.0,101502.0,56414,45490.0,10924.0,564.0,6001.0,4359.0,872.0,3487.0,4609.0
DN00247,2024,BCTC đã kiểm toán,triệu đồng,4176.0,6119.0,26763.0,9088.0,46146.0,35468.0,8414.0,43882.0,90028.0,3511.0,24198.0,4102.0,31811.0,33980.0,10733.0,44713.0,76524.0,13504.0,90028.0,50106,43060.0,7046.0,2117.0,4929.0,0.0,0.0,0.0,3514.0
DN00247,2025,BCTC đã kiểm toán,triệu đồng,5096.0,16252.0,13767.0,10429.0,45544.0,34047.0,11407.0,45454.0,90998.0,3884.0,32613.0,4548.0,41045.0,23912.0,11135.0,35047.0,76092.0,14906.0,90998.0,50491,43006.0,7485.0,1055.0,4678.0,1752.0,350.0,1402.0,3528.0
DN00248,2023,BCTC chưa kiểm toán,đồng,200000000.0,1343000000.0,518000000.0,222000000.0,2283000000.0,1322000000.0,263000000.0,1585000000.0,3868000000.0,248000000.0,1920000000.0,244000000.0,2412000000.0,246000000.0,69000000.0,315000000.0,2727000000.0,1141000000.0,3868000000.0,1082000000,957000000.0,125000000.0,92000000.0,197000000.0,-164000000.0,0.0,-164000000.0,88000000.0
DN00248,2024,BCTC chưa kiểm toán,đồng,375000000.0,1021000000.0,582000000.0,245000000.0,2223000000.0,560000000.0,115000000.0,675000000.0,2898000000.0,95000000.0,1583000000.0,128000000.0,1806000000.0,0.0,0.0,0.0,1806000000.0,1092000000.0,2898000000.0,861000000,775000000.0,86000000.0,22000000.0,114000000.0,-50000000.0,0.0,-50000000.0,35000000.0
DN00248,2025,BCTC chưa kiểm toán,đồng,448000000.0,1114000000.0,693000000.0,311000000.0,2566000000.0,703000000.0,86000000.0,789000000.0,3355000000.0,176000000.0,1730000000.0,309000000.0,2215000000.0,73000000.0,12000000.0,85000000.0,2300000000.0,1055000000.0,3355000000.0,975000000,820000000.0,155000000.0,12000000.0,181000000.0,-38000000.0,0.0,-38000000.0,67000000.0
DN00249,2023,BCTC đã kiểm toán,triệu đồng,1171.0,7012.0,900.0,2169.0,11252.0,6441.0,625.0,7066.0,18318.0,468.0,5060.0,913.0,6441.0,588.0,331.0,919.0,7360.0,10958.0,18318.0,7531,5402.0,2129.0,882.0,590.0,657.0,131.0,526.0,547.0
DN00249,2024,BCTC đã kiểm toán,triệu đồng,1305.0,4243.0,1080.0,1706.0,8334.0,6658.0,723.0,7381.0,15715.0,296.0,3937.0,427.0,4660.0,0.0,0.0,0.0,4660.0,11055.0,15715.0,6554,4605.0,1949.0,1434.0,393.0,122.0,24.0,98.0,416.0
DN00249,2025,BCTC đã kiểm toán,triệu đồng,311.0,4345.0,936.0,1327.0,6919.0,6561.0,2373.0,8934.0,15853.0,378.0,3546.0,600.0,4524.0,0.0,0.0,0.0,4524.0,11329.0,15853.0,6378,4879.0,1499.0,868.0,288.0,343.0,69.0,274.0,540.0
DN00250,2023,BCTC chưa kiểm toán,triệu đồng,530.0,1909.0,1680.0,1019.0,5138.0,3522.0,1274.0,4796.0,9934.0,586.0,2773.0,431.0,3790.0,939.0,550.0,1489.0,5279.0,4655.0,9934.0,8983,7143.0,1840.0,1191.0,314.0,335.0,67.0,268.0,290.0
DN00250,2024,BCTC chưa kiểm toán,triệu đồng,815.0,1218.0,1874.0,1126.0,5033.0,2926.0,842.0,3768.0,8801.0,694.0,2709.0,192.0,3595.0,0.0,0.0,0.0,3595.0,5206.0,8801.0,8416,7323.0,1093.0,148.0,257.0,688.0,138.0,550.0,238.0
DN00250,2025,BCTC chưa kiểm toán,triệu đồng,402.0,1338.0,2567.0,600.0,4907.0,2215.0,655.0,2870.0,7777.0,719.0,1776.0,336.0,2831.0,0.0,0.0,0.0,2831.0,4946.0,7777.0,7148,5982.0,1166.0,1283.0,143.0,-260.0,0.0,-260.0,188.0
DN00251,2023,BCTC chưa kiểm toán,triệu đồng,869.0,5140.0,9028.0,4226.0,19263.0,10008.0,4278.0,14286.0,33549.0,1591.0,0.0,8509.0,10100.0,0.0,6106.0,6106.0,16206.0,17343.0,33549.0,21531,17432.0,4099.0,3438.0,0.0,661.0,132.0,529.0,907.0
DN00251,2024,BCTC chưa kiểm toán,triệu đồng,1120.0,8240.0,1943.0,2688.0,13991.0,22436.0,1629.0,24065.0,38056.0,1116.0,4971.0,992.0,7079.0,11001.0,1878.0,12879.0,19958.0,18098.0,38056.0,23191,17067.0,6124.0,3801.0,1379.0,944.0,189.0,755.0,1483.0
DN00251,2025,BCTC chưa kiểm toán,triệu đồng,2926.0,17311.0,4865.0,5225.0,30327.0,11037.0,4066.0,15103.0,45430.0,2909.0,13942.0,2015.0,18866.0,6565.0,609.0,7174.0,26040.0,19390.0,45430.0,27368,20354.0,7014.0,3764.0,1635.0,1615.0,323.0,1292.0,1251.0
DN00252,2023,BCTC chưa kiểm toán,triệu đồng,37.0,42.0,244.0,63.0,386.0,88.0,12.0,100.0,486.0,35.0,148.0,22.0,205.0,0.0,0.0,0.0,205.0,281.0,486.0,722,652.0,70.0,50.0,13.0,7.0,1.0,6.0,6.0
DN00252,2024,BCTC chưa kiểm toán,triệu đồng,73.0,52.0,329.0,74.0,528.0,105.0,19.0,124.0,652.0,47.0,293.0,25.0,365.0,0.0,0.0,0.0,365.0,287.0,652.0,813,731.0,82.0,53.0,22.0,7.0,1.0,6.0,7.0
DN00252,2025,BCTC chưa kiểm toán,triệu đồng,87.0,126.0,287.0,48.0,548.0,120.0,18.0,138.0,686.0,81.0,275.0,44.0,400.0,0.0,0.0,0.0,400.0,286.0,686.0,961,893.0,68.0,42.0,26.0,0.0,0.0,0.0,11.0
DN00253,2023,BCTC chưa kiểm toán,triệu đồng,33.0,108.0,49.0,40.0,230.0,418.0,89.0,507.0,737.0,70.0,106.0,22.0,198.0,153.0,26.0,179.0,377.0,360.0,737.0,1167,1006.0,161.0,228.0,22.0,-89.0,0.0,-89.0,42.0
DN00253,2024,BCTC chưa kiểm toán,triệu đồng,23.0,154.0,196.0,52.0,425.0,311.0,54.0,365.0,790.0,74.0,359.0,62.0,495.0,0.0,0.0,0.0,495.0,295.0,790.0,1296,1115.0,181.0,215.0,31.0,-65.0,0.0,-65.0,31.0
DN00253,2025,BCTC chưa kiểm toán,triệu đồng,72.0,90.0,178.0,93.0,433.0,402.0,93.0,495.0,928.0,129.0,0.0,445.0,574.0,0.0,90.0,90.0,664.0,264.0,928.0,1472,1249.0,223.0,254.0,0.0,-31.0,0.0,-31.0,37.0
DN00254,2023,BCTC đã kiểm toán,triệu đồng,10699.0,20503.0,37143.0,18226.0,86571.0,15058.0,1155.0,16213.0,102784.0,3723.0,59244.0,10816.0,73783.0,9681.0,3661.0,13342.0,87125.0,15659.0,102784.0,84411,75318.0,9093.0,844.0,6985.0,1264.0,253.0,1011.0,1642.0
DN00254,2024,BCTC đã kiểm toán,triệu đồng,11172.0,38244.0,27355.0,8325.0,85096.0,28337.0,3146.0,31483.0,116579.0,5820.0,57812.0,6375.0,70007.0,19301.0,9811.0,29112.0,99119.0,17460.0,116579.0,95075,84255.0,10820.0,951.0,7618.0,2251.0,450.0,1801.0,2071.0
DN00254,2025,BCTC đã kiểm toán,triệu đồng,12022.0,14041.0,50296.0,20485.0,96844.0,21886.0,8384.0,30270.0,127114.0,3289.0,81814.0,8858.0,93961.0,13458.0,1503.0,14961.0,108922.0,18192.0,127114.0,100947,89839.0,11108.0,1009.0,9184.0,915.0,183.0,732.0,2465.0
DN00255,2023,BCTC chưa kiểm toán,triệu đồng,24.0,157.0,272.0,91.0,544.0,93.0,18.0,111.0,655.0,39.0,0.0,323.0,362.0,0.0,0.0,0.0,362.0,293.0,655.0,901,795.0,106.0,91.0,0.0,15.0,3.0,12.0,8.0
DN00255,2024,BCTC chưa kiểm toán,triệu đồng,43.0,291.0,237.0,105.0,676.0,28.0,8.0,36.0,712.0,113.0,241.0,27.0,381.0,25.0,1.0,26.0,407.0,305.0,712.0,1012,936.0,76.0,39.0,23.0,14.0,3.0,11.0,3.0
DN00255,2025,BCTC chưa kiểm toán,triệu đồng,30.0,303.0,225.0,139.0,697.0,35.0,6.0,41.0,738.0,69.0,284.0,55.0,408.0,0.0,0.0,0.0,408.0,330.0,738.0,1001,870.0,131.0,71.0,29.0,31.0,6.0,25.0,3.0
DN00256,2024,BCTC chưa kiểm toán,triệu đồng,112.0,438.0,167.0,76.0,793.0,559.0,124.0,683.0,1476.0,75.0,235.0,32.0,342.0,456.0,267.0,723.0,1065.0,411.0,1476.0,986,747.0,239.0,287.0,57.0,-105.0,0.0,-105.0,47.0
DN00256,2025,BCTC chưa kiểm toán,triệu đồng,58.0,556.0,119.0,113.0,846.0,667.0,276.0,943.0,1789.0,85.0,493.0,33.0,611.0,753.0,14.0,767.0,1378.0,411.0,1789.0,1115,881.0,234.0,119.0,115.0,0.0,0.0,0.0,65.0
DN00257,2023,BCTC chưa kiểm toán,triệu đồng,2717.0,15292.0,3304.0,2234.0,23547.0,18306.0,4679.0,22985.0,46532.0,3627.0,3728.0,779.0,8134.0,23529.0,3805.0,27334.0,35468.0,11064.0,46532.0,48238,38711.0,9527.0,6836.0,2222.0,469.0,94.0,375.0,1351.0
DN00257,2024,BCTC chưa kiểm toán,triệu đồng,2253.0,18040.0,6722.0,4165.0,31180.0,20870.0,2697.0,23567.0,54747.0,4301.0,13875.0,1693.0,19869.0,19603.0,5474.0,25077.0,44946.0,9801.0,54747.0,57229,43870.0,13359.0,11806.0,2816.0,-1263.0,0.0,-1263.0,1438.0
DN00257,2025,BCTC chưa kiểm toán,triệu đồng,2099.0,18604.0,3412.0,7588.0,31703.0,20857.0,4436.0,25293.0,56996.0,9327.0,10534.0,1522.0,21383.0,22071.0,1310.0,23381.0,44764.0,12232.0,56996.0,60610,44369.0,16241.0,10266.0,2936.0,3039.0,608.0,2431.0,2145.0
DN00258,2023,BCTC đã kiểm toán,triệu đồng,11685.0,31854.0,20186.0,11964.0,75689.0,33692.0,6995.0,40687.0,116376.0,26306.0,0.0,60506.0,86812.0,0.0,0.0,0.0,86812.0,29564.0,116376.0,98600,87075.0,11525.0,12221.0,0.0,-696.0,0.0,-696.0,3046.0
DN00258,2024,BCTC đã kiểm toán,triệu đồng,9896.0,28777.0,28507.0,15928.0,83108.0,22625.0,8262.0,30887.0,113995.0,16791.0,58532.0,12444.0,87767.0,0.0,0.0,0.0,87767.0,26228.0,113995.0,93334,82110.0,11224.0,9636.0,4924.0,-3336.0,0.0,-3336.0,2176.0
DN00258,2025,BCTC đã kiểm toán,triệu đồng,10170.0,55850.0,7387.0,11913.0,85320.0,13013.0,5040.0,18053.0,103373.0,21721.0,42272.0,5315.0,69308.0,5935.0,562.0,6497.0,75805.0,27568.0,103373.0,85961,74441.0,11520.0,4716.0,5130.0,1674.0,335.0,1339.0,1080.0
DN00259,2023,BCTC chưa kiểm toán,triệu đồng,74.0,689.0,137.0,209.0,1109.0,712.0,192.0,904.0,2013.0,168.0,704.0,72.0,944.0,0.0,0.0,0.0,944.0,1069.0,2013.0,1901,1503.0,398.0,452.0,62.0,-116.0,0.0,-116.0,45.0
DN00259,2024,BCTC chưa kiểm toán,triệu đồng,176.0,689.0,72.0,97.0,1034.0,262.0,30.0,292.0,1326.0,146.0,84.0,34.0,264.0,0.0,0.0,0.0,264.0,1062.0,1326.0,1336,1019.0,317.0,316.0,9.0,-8.0,0.0,-8.0,23.0
DN00259,2025,BCTC chưa kiểm toán,triệu đồng,102.0,603.0,87.0,199.0,991.0,490.0,167.0,657.0,1648.0,118.0,390.0,51.0,559.0,0.0,0.0,0.0,559.0,1089.0,1648.0,1659,1291.0,368.0,297.0,38.0,33.0,7.0,26.0,47.0
DN00260,2023,BCTC đã kiểm toán,triệu đồng,3507.0,29839.0,10929.0,6403.0,50678.0,15301.0,3231.0,18532.0,69210.0,6066.0,22999.0,5087.0,34152.0,7920.0,963.0,8883.0,43035.0,26175.0,69210.0,32106,27755.0,4351.0,321.0,3044.0,986.0,197.0,789.0,1380.0
DN00260,2024,BCTC đã kiểm toán,triệu đồng,3504.0,24045.0,20842.0,9879.0,58270.0,21234.0,3801.0,25035.0,83305.0,4727.0,36529.0,2899.0,44155.0,7655.0,4380.0,12035.0,56190.0,27115.0,83305.0,37931,32323.0,5608.0,379.0,4055.0,1174.0,235.0,939.0,2178.0
DN00260,2025,BCTC đã kiểm toán,triệu đồng,6934.0,22645.0,31173.0,9886.0,70638.0,4818.0,1022.0,5840.0,76478.0,4838.0,30206.0,5064.0,40108.0,5110.0,2983.0,8093.0,48201.0,28277.0,76478.0,36700,31964.0,4736.0,367.0,2917.0,1452.0,290.0,1162.0,320.0
DN00261,2023,BCTC chưa kiểm toán,triệu đồng,1323.0,2045.0,2270.0,1769.0,7407.0,3049.0,1186.0,4235.0,11642.0,1491.0,2891.0,384.0,4766.0,3187.0,616.0,3803.0,8569.0,3073.0,11642.0,18102,15540.0,2562.0,2305.0,562.0,-305.0,0.0,-305.0,330.0
DN00261,2024,BCTC chưa kiểm toán,triệu đồng,592.0,2755.0,3246.0,926.0,7519.0,2670.0,443.0,3113.0,10632.0,847.0,4569.0,301.0,5717.0,3207.0,576.0,3783.0,9500.0,1132.0,10632.0,17798,16298.0,1500.0,2609.0,832.0,-1941.0,0.0,-1941.0,212.0
DN00261,2025,BCTC chưa kiểm toán,triệu đồng,660.0,2461.0,1162.0,1307.0,5590.0,2883.0,260.0,3143.0,8733.0,942.0,0.0,3436.0,4378.0,0.0,3119.0,3119.0,7497.0,1236.0,8733.0,14422,13560.0,862.0,731.0,0.0,131.0,26.0,105.0,222.0
DN00262,2023,BCTC chưa kiểm toán,triệu đồng,1630.0,5543.0,1498.0,1211.0,9882.0,6726.0,525.0,7251.0,17133.0,1292.0,4945.0,1075.0,7312.0,680.0,216.0,896.0,8208.0,8925.0,17133.0,23776,18546.0,5230.0,2205.0,452.0,2573.0,515.0,2058.0,487.0
DN00262,2024,BCTC chưa kiểm toán,triệu đồng,526.0,4288.0,1020.0,627.0,6461.0,5736.0,1918.0,7654.0,14115.0,2128.0,1496.0,502.0,4126.0,0.0,0.0,0.0,4126.0,9989.0,14115.0,19494,14908.0,4586.0,3141.0,115.0,1330.0,266.0,1064.0,644.0
DN00262,2025,BCTC chưa kiểm toán,triệu đồng,987.0,4758.0,553.0,1708.0,8006.0,6232.0,2120.0,8352.0,16358.0,1822.0,1899.0,387.0,4108.0,1903.0,1052.0,2955.0,7063.0,9295.0,16358.0,23447,18598.0,4849.0,5132.0,411.0,-694.0,0.0,-694.0,719.0
DN00263,2023,BCTC chưa kiểm toán,triệu đồng,65.0,226.0,97.0,122.0,510.0,222.0,39.0,261.0,771.0,32.0,382.0,38.0,452.0,0.0,0.0,0.0,452.0,319.0,771.0,200,149.0,51.0,2.0,40.0,9.0,2.0,7.0,26.0
DN00263,2024,BCTC chưa kiểm toán,triệu đồng,89.0,184.0,267.0,83.0,623.0,103.0,21.0,124.0,747.0,34.0,327.0,50.0,411.0,12.0,7.0,19.0,430.0,317.0,747.0,191,159.0,32.0,2.0,33.0,-3.0,0.0,-3.0,7.0
DN00263,2025,BCTC chưa kiểm toán,triệu đồng,40.0,211.0,124.0,112.0,487.0,183.0,21.0,204.0,691.0,29.0,303.0,29.0,361.0,0.0,0.0,0.0,361.0,330.0,691.0,189,139.0,50.0,2.0,32.0,16.0,3.0,13.0,18.0
DN00264,2023,BCTC đã kiểm toán,triệu đồng,3584.0,17209.0,9498.0,7396.0,37687.0,13491.0,1973.0,15464.0,53151.0,5417.0,23941.0,1586.0,30944.0,8318.0,1826.0,10144.0,41088.0,12063.0,53151.0,20095,17758.0,2337.0,387.0,2455.0,-505.0,0.0,-505.0,1211.0
DN00264,2024,BCTC đã kiểm toán,triệu đồng,7737.0,21782.0,6918.0,10373.0,46810.0,9141.0,1160.0,10301.0,57111.0,3017.0,39479.0,2781.0,45277.0,0.0,0.0,0.0,45277.0,11834.0,57111.0,19279,15029.0,4250.0,193.0,4285.0,-228.0,0.0,-228.0,787.0
DN00264,2025,BCTC đã kiểm toán,triệu đồng,2846.0,15041.0,11267.0,7170.0,36324.0,8184.0,3063.0,11247.0,47571.0,3688.0,28500.0,4930.0,37118.0,0.0,0.0,0.0,37118.0,10453.0,47571.0,16739,14709.0,2030.0,966.0,2446.0,-1382.0,0.0,-1382.0,876.0
DN00265,2023,BCTC chưa kiểm toán,triệu đồng,2017.0,6621.0,2457.0,1706.0,12801.0,2236.0,890.0,3126.0,15927.0,521.0,8213.0,556.0,9290.0,0.0,0.0,0.0,9290.0,6637.0,15927.0,4746,3770.0,976.0,47.0,620.0,309.0,62.0,247.0,172.0
DN00265,2024,BCTC chưa kiểm toán,triệu đồng,1435.0,6450.0,6320.0,1274.0,15479.0,2688.0,172.0,2860.0,18339.0,1904.0,0.0,7546.0,9450.0,0.0,2146.0,2146.0,11596.0,6743.0,18339.0,5520,4969.0,551.0,417.0,0.0,134.0,27.0,107.0,233.0
DN00265,2025,BCTC chưa kiểm toán,triệu đồng,1117.0,7645.0,4427.0,2457.0,15646.0,5141.0,1310.0,6451.0,22097.0,520.0,12469.0,1741.0,14730.0,559.0,18.0,577.0,15307.0,6790.0,22097.0,6868,5364.0,1504.0,69.0,1375.0,60.0,12.0,48.0,475.0
DN00266,2023,BCTC đã kiểm toán,triệu đồng,1017.0,11218.0,1880.0,1629.0,15744.0,9257.0,3689.0,12946.0,28690.0,541.0,6012.0,912.0,7465.0,7083.0,3911.0,10994.0,18459.0,10231.0,28690.0,13525,10391.0,3134.0,973.0,1334.0,827.0,165.0,662.0,892.0
DN00266,2024,BCTC đã kiểm toán,triệu đồng,2122.0,12060.0,1960.0,1617.0,17759.0,16989.0,2041.0,19030.0,36789.0,827.0,8479.0,931.0,10237.0,15299.0,407.0,15706.0,25943.0,10846.0,36789.0,16195,11948.0,4247.0,1663.0,1816.0,768.0,154.0,614.0,1227.0
DN00266,2025,BCTC đã kiểm toán,triệu đồng,1407.0,7180.0,3414.0,3045.0,15046.0,15058.0,2070.0,17128.0,32174.0,445.0,6945.0,548.0,7938.0,8674.0,3595.0,12269.0,20207.0,11967.0,32174.0,14214,10995.0,3219.0,268.0,1550.0,1401.0,280.0,1121.0,943.0
DN00267,2024,Tờ khai thuế,triệu đồng,,,,,,,,,,,,,,,,,,,,711,,,,,,,,
DN00267,2025,Tờ khai thuế,triệu đồng,,,,,,,,,,,,,,,,,,,,736,,,,,,,,
DN00268,2023,BCTC đã kiểm toán,triệu đồng,80798.0,603321.0,266501.0,180364.0,1130984.0,165441.0,35307.0,200748.0,1331732.0,141126.0,406438.0,79109.0,626673.0,251879.0,122324.0,374203.0,1000876.0,330856.0,1331732.0,2276195,2057581.0,218614.0,122710.0,59172.0,36732.0,7346.0,29386.0,16752.0
DN00268,2024,BCTC đã kiểm toán,triệu đồng,47266.0,475573.0,468875.0,115268.0,1106982.0,302647.0,28105.0,330752.0,1437734.0,228221.0,472648.0,66269.0,767138.0,204790.0,114198.0,318988.0,1086126.0,351608.0,1437734.0,2724689,2592173.0,132516.0,36637.0,69940.0,25939.0,5188.0,20751.0,29785.0
DN00268,2025,BCTC đã kiểm toán,triệu đồng,171562.0,330459.0,728073.0,382839.0,1612933.0,257891.0,105969.0,363860.0,1976793.0,273895.0,398556.0,56246.0,728697.0,668425.0,162034.0,830459.0,1559156.0,417637.0,1976793.0,3599155,3383967.0,215188.0,35992.0,96660.0,82536.0,16507.0,66029.0,30815.0
DN00269,2023,BCTC chưa kiểm toán,triệu đồng,1490.0,6947.0,5808.0,2981.0,17226.0,659.0,248.0,907.0,18133.0,2190.0,4676.0,700.0,7566.0,0.0,0.0,0.0,7566.0,10567.0,18133.0,26583,24048.0,2535.0,1736.0,396.0,403.0,81.0,322.0,50.0
DN00269,2024,BCTC chưa kiểm toán,triệu đồng,851.0,2746.0,5739.0,2518.0,11854.0,3377.0,1181.0,4558.0,16412.0,2203.0,4635.0,719.0,7557.0,0.0,0.0,0.0,7557.0,8855.0,16412.0,22572,21336.0,1236.0,2600.0,347.0,-1711.0,0.0,-1711.0,341.0
DN00269,2025,BCTC chưa kiểm toán,triệu đồng,1190.0,4653.0,4647.0,2780.0,13270.0,3784.0,742.0,4526.0,17796.0,2855.0,5272.0,515.0,8642.0,0.0,0.0,0.0,8642.0,9154.0,17796.0,25191,21507.0,3684.0,2938.0,372.0,374.0,75.0,299.0,231.0
DN00270,2023,BCTC đã kiểm toán,triệu đồng,948.0,7336.0,7445.0,2954.0,18683.0,10859.0,2655.0,13514.0,32197.0,3434.0,7819.0,1981.0,13234.0,8527.0,4287.0,12814.0,26048.0,6149.0,32197.0,36181,30682.0,5499.0,2110.0,1540.0,1849.0,370.0,1479.0,979.0
DN00270,2024,BCTC đã kiểm toán,triệu đồng,540.0,5413.0,5714.0,1321.0,12988.0,8123.0,565.0,8688.0,21676.0,1159.0,0.0,6386.0,7545.0,0.0,8471.0,8471.0,16016.0,5660.0,21676.0,24461,21168.0,3293.0,3783.0,0.0,-490.0,0.0,-490.0,801.0
DN00270,2025,BCTC đã kiểm toán,triệu đồng,1737.0,3610.0,5526.0,2535.0,13408.0,6589.0,2093.0,8682.0,22090.0,2009.0,10929.0,1305.0,14243.0,1665.0,521.0,2186.0,16429.0,5661.0,22090.0,24821,21974.0,2847.0,1791.0,1056.0,0.0,0.0,0.0,518.0
DN00271,2023,BCTC chưa kiểm toán,triệu đồng,86.0,417.0,60.0,107.0,670.0,321.0,70.0,391.0,1061.0,39.0,429.0,28.0,496.0,95.0,25.0,120.0,616.0,445.0,1061.0,707,537.0,170.0,115.0,55.0,0.0,0.0,0.0,27.0
DN00271,2024,BCTC chưa kiểm toán,triệu đồng,90.0,266.0,57.0,89.0,502.0,290.0,20.0,310.0,812.0,23.0,318.0,27.0,368.0,12.0,5.0,17.0,385.0,427.0,812.0,613,468.0,145.0,130.0,33.0,-18.0,0.0,-18.0,19.0
DN00271,2025,BCTC chưa kiểm toán,triệu đồng,64.0,446.0,51.0,57.0,618.0,275.0,52.0,327.0,945.0,58.0,0.0,446.0,504.0,0.0,0.0,0.0,504.0,441.0,945.0,683,525.0,158.0,140.0,0.0,18.0,4.0,14.0,32.0
DN00272,2023,BCTC chưa kiểm toán,triệu đồng,309.0,1032.0,578.0,196.0,2115.0,768.0,170.0,938.0,3053.0,275.0,1293.0,224.0,1792.0,0.0,0.0,0.0,1792.0,1261.0,3053.0,1432,1215.0,217.0,131.0,105.0,-19.0,0.0,-19.0,49.0
DN00272,2024,BCTC chưa kiểm toán,triệu đồng,211.0,708.0,846.0,522.0,2287.0,621.0,248.0,869.0,3156.0,249.0,1438.0,287.0,1974.0,0.0,0.0,0.0,1974.0,1182.0,3156.0,1573,1399.0,174.0,117.0,136.0,-79.0,0.0,-79.0,61.0
DN00272,2025,BCTC chưa kiểm toán,triệu đồng,358.0,827.0,619.0,254.0,2058.0,696.0,62.0,758.0,2816.0,162.0,1334.0,224.0,1720.0,0.0,0.0,0.0,1720.0,1096.0,2816.0,1370,1177.0,193.0,141.0,138.0,-86.0,0.0,-86.0,66.0
DN00273,2025,BCTC chưa kiểm toán,triệu đồng,1809.0,9137.0,5594.0,3729.0,20269.0,3177.0,401.0,3578.0,23847.0,638.0,10101.0,1115.0,11854.0,0.0,0.0,0.0,11854.0,11993.0,23847.0,22703,19822.0,2881.0,1494.0,857.0,530.0,106.0,424.0,271.0
DN00274,2023,Tờ khai thuế,triệu đồng,,,,,,,,,,,,,,,,,,,,1701,,,,,,,,
DN00274,2024,Tờ khai thuế,triệu đồng,,,,,,,,,,,,,,,,,,,,2088,,,,,,,,
DN00274,2025,Tờ khai thuế,triệu đồng,,,,,,,,,,,,,,,,,,,,1845,,,,,,,,
DN00275,2023,BCTC chưa kiểm toán,triệu đồng,735.0,4169.0,2221.0,2062.0,9187.0,2025.0,670.0,2695.0,11882.0,872.0,5967.0,1040.0,7879.0,0.0,0.0,0.0,7879.0,4003.0,11882.0,19505,17112.0,2393.0,1756.0,637.0,0.0,0.0,0.0,201.0
DN00275,2024,BCTC chưa kiểm toán,triệu đồng,941.0,4245.0,5484.0,2854.0,13524.0,615.0,97.0,712.0,14236.0,1422.0,8309.0,778.0,10509.0,0.0,0.0,0.0,10509.0,3727.0,14236.0,23427,21218.0,2209.0,1800.0,686.0,-277.0,0.0,-277.0,51.0
DN00275,2025,BCTC chưa kiểm toán,triệu đồng,988.0,1752.0,3887.0,998.0,7625.0,1800.0,324.0,2124.0,9749.0,1253.0,4735.0,970.0,6958.0,0.0,0.0,0.0,6958.0,2791.0,9749.0,16175,14656.0,1519.0,2039.0,416.0,-936.0,0.0,-936.0,164.0
DN00276,2023,Tờ khai thuế,triệu đồng,,,,,,,,,,,,,,,,,,,,1212,,,,,,,,
DN00276,2024,Tờ khai thuế,triệu đồng,,,,,,,,,,,,,,,,,,,,1663,,,,,,,,
DN00276,2025,Tờ khai thuế,triệu đồng,,,,,,,,,,,,,,,,,,,,1570,,,,,,,,
DN00277,2023,BCTC đã kiểm toán,triệu đồng,29828.0,56512.0,62999.0,30090.0,179429.0,46340.0,13615.0,59955.0,239384.0,11518.0,118380.0,11410.0,141308.0,36078.0,18341.0,54419.0,195727.0,43657.0,239384.0,166917,148051.0,18866.0,1669.0,15539.0,1658.0,332.0,1326.0,4787.0
DN00277,2024,BCTC đã kiểm toán,triệu đồng,26540.0,41038.0,68294.0,27399.0,163271.0,61250.0,24099.0,85349.0,248620.0,51021.0,133852.0,10882.0,195755.0,4858.0,1944.0,6802.0,202557.0,46063.0,248620.0,181055,166404.0,14651.0,1811.0,9833.0,3007.0,601.0,2406.0,6211.0
DN00277,2025,BCTC đã kiểm toán,triệu đồng,33018.0,83710.0,39732.0,30073.0,186533.0,74649.0,23175.0,97824.0,284357.0,35864.0,104407.0,19757.0,160028.0,69107.0,6470.0,75577.0,235605.0,48752.0,284357.0,188096,167055.0,21041.0,3730.0,13951.0,3360.0,672.0,2688.0,7866.0
DN00278,2023,BCTC đã kiểm toán,triệu đồng,1479.0,3343.0,6420.0,2260.0,13502.0,1264.0,508.0,1772.0,15274.0,1624.0,3884.0,960.0,6468.0,0.0,0.0,0.0,6468.0,8806.0,15274.0,19895,18438.0,1457.0,982.0,354.0,121.0,24.0,97.0,89.0
DN00278,2024,BCTC đã kiểm toán,triệu đồng,1568.0,2836.0,5548.0,1896.0,11848.0,3353.0,222.0,3575.0,15423.0,912.0,4745.0,300.0,5957.0,0.0,0.0,0.0,5957.0,9466.0,15423.0,19169,17027.0,2142.0,916.0,401.0,825.0,165.0,660.0,334.0
DN00278,2025,BCTC đã kiểm toán,triệu đồng,2116.0,3843.0,5514.0,3000.0,14473.0,2647.0,898.0,3545.0,18018.0,1505.0,6023.0,871.0,8399.0,0.0,0.0,0.0,8399.0,9619.0,18018.0,22848,20363.0,2485.0,1644.0,649.0,192.0,38.0,154.0,199.0
DN00279,2025,BCTC chưa kiểm toán,triệu đồng,184.0,1051.0,239.0,252.0,1726.0,1078.0,124.0,1202.0,2928.0,145.0,0.0,1088.0,1233.0,0.0,246.0,246.0,1479.0,1449.0,2928.0,1616,1206.0,410.0,377.0,0.0,33.0,7.0,26.0,76.0
DN00280,2023,BCTC đã kiểm toán,triệu đồng,385.0,2089.0,643.0,320.0,3437.0,1042.0,180.0,1222.0,4659.0,576.0,1670.0,225.0,2471.0,826.0,379.0,1205.0,3676.0,983.0,4659.0,2391,2139.0,252.0,118.0,180.0,-46.0,0.0,-46.0,108.0
DN00280,2024,BCTC đã kiểm toán,triệu đồng,255.0,1868.0,1343.0,658.0,4124.0,717.0,251.0,968.0,5092.0,284.0,3450.0,340.0,4074.0,0.0,0.0,0.0,4074.0,1018.0,5092.0,2549,2160.0,389.0,25.0,321.0,43.0,9.0,34.0,81.0
DN00280,2025,BCTC đã kiểm toán,triệu đồng,639.0,1879.0,772.0,558.0,3848.0,1719.0,158.0,1877.0,5725.0,486.0,0.0,1980.0,2466.0,0.0,2241.0,2241.0,4707.0,1018.0,5725.0,2890,2520.0,370.0,370.0,0.0,0.0,0.0,0.0,146.0
DN00281,2023,BCTC chưa kiểm toán,triệu đồng,614.0,3017.0,1002.0,1024.0,5657.0,2811.0,340.0,3151.0,8808.0,542.0,2503.0,532.0,3577.0,1004.0,572.0,1576.0,5153.0,3655.0,8808.0,3696,2943.0,753.0,176.0,358.0,219.0,44.0,175.0,309.0
DN00281,2024,BCTC chưa kiểm toán,triệu đồng,817.0,3104.0,732.0,694.0,5347.0,3503.0,1343.0,4846.0,10193.0,599.0,2791.0,561.0,3951.0,1991.0,736.0,2727.0,6678.0,3515.0,10193.0,4033,2947.0,1086.0,847.0,380.0,-141.0,0.0,-141.0,290.0
DN00281,2025,BCTC chưa kiểm toán,triệu đồng,320.0,2861.0,1391.0,788.0,5360.0,2711.0,592.0,3303.0,8663.0,270.0,2672.0,451.0,3393.0,1194.0,278.0,1472.0,4865.0,3798.0,8663.0,3701,2759.0,942.0,212.0,377.0,353.0,71.0,282.0,243.0
DN00282,2023,BCTC chưa kiểm toán,triệu đồng,129.0,115.0,432.0,122.0,798.0,248.0,86.0,334.0,1132.0,165.0,305.0,33.0,503.0,53.0,31.0,84.0,587.0,545.0,1132.0,1786,1631.0,155.0,76.0,32.0,47.0,9.0,38.0,29.0
DN00282,2024,BCTC chưa kiểm toán,triệu đồng,121.0,316.0,187.0,183.0,807.0,108.0,11.0,119.0,926.0,115.0,0.0,363.0,478.0,0.0,0.0,0.0,478.0,448.0,926.0,1608,1439.0,169.0,265.0,0.0,-96.0,0.0,-96.0,10.0
DN00282,2025,BCTC chưa kiểm toán,triệu đồng,133.0,365.0,259.0,175.0,932.0,80.0,28.0,108.0,1040.0,136.0,374.0,72.0,582.0,0.0,0.0,0.0,582.0,458.0,1040.0,1811,1525.0,286.0,234.0,39.0,13.0,3.0,10.0,5.0
DN00283,2023,BCTC chưa kiểm toán,triệu đồng,27.0,95.0,158.0,80.0,360.0,415.0,27.0,442.0,802.0,30.0,210.0,41.0,281.0,0.0,0.0,0.0,281.0,521.0,802.0,414,328.0,86.0,6.0,16.0,64.0,13.0,51.0,28.0
DN00283,2024,BCTC chưa kiểm toán,triệu đồng,68.0,139.0,334.0,73.0,614.0,231.0,84.0,315.0,929.0,33.0,329.0,39.0,401.0,0.0,0.0,0.0,401.0,528.0,929.0,481,410.0,71.0,36.0,26.0,9.0,2.0,7.0,14.0
DN00283,2025,BCTC chưa kiểm toán,triệu đồng,30.0,137.0,250.0,84.0,501.0,508.0,138.0,646.0,1147.0,61.0,236.0,30.0,327.0,207.0,85.0,292.0,619.0,528.0,1147.0,561,467.0,94.0,63.0,31.0,0.0,0.0,0.0,42.0
DN00284,2025,BCTC đã kiểm toán,triệu đồng,2232.0,9389.0,17017.0,7072.0,35710.0,8991.0,1445.0,10436.0,46146.0,3853.0,14791.0,3258.0,21902.0,5629.0,3066.0,8695.0,30597.0,15549.0,46146.0,94030,88726.0,5304.0,2469.0,1988.0,847.0,169.0,678.0,897.0
DN00285,2023,BCTC chưa kiểm toán,triệu đồng,142.0,302.0,289.0,196.0,929.0,192.0,14.0,206.0,1135.0,47.0,442.0,62.0,551.0,0.0,0.0,0.0,551.0,584.0,1135.0,1312,1104.0,208.0,154.0,40.0,14.0,3.0,11.0,14.0
DN00285,2024,BCTC chưa kiểm toán,triệu đồng,175.0,391.0,245.0,235.0,1046.0,148.0,42.0,190.0,1236.0,89.0,485.0,96.0,670.0,35.0,15.0,50.0,720.0,516.0,1236.0,1409,1257.0,152.0,170.0,49.0,-67.0,0.0,-67.0,15.0
DN00285,2025,BCTC chưa kiểm toán,triệu đồng,99.0,370.0,126.0,156.0,751.0,225.0,57.0,282.0,1033.0,114.0,343.0,43.0,500.0,0.0,0.0,0.0,500.0,533.0,1033.0,1200,1084.0,116.0,65.0,30.0,21.0,4.0,17.0,14.0
DN00286,2023,BCTC đã kiểm toán,triệu đồng,217.0,936.0,1307.0,747.0,3207.0,194.0,34.0,228.0,3435.0,187.0,0.0,1773.0,1960.0,0.0,0.0,0.0,1960.0,1475.0,3435.0,4777,4348.0,429.0,376.0,0.0,53.0,11.0,42.0,14.0
DN00286,2024,BCTC đã kiểm toán,triệu đồng,508.0,573.0,1273.0,639.0,2993.0,716.0,40.0,756.0,3749.0,202.0,1984.0,264.0,2450.0,150.0,6.0,156.0,2606.0,1143.0,3749.0,4588,4125.0,463.0,596.0,198.0,-331.0,0.0,-331.0,59.0
DN00286,2025,BCTC đã kiểm toán,triệu đồng,317.0,925.0,796.0,182.0,2220.0,618.0,71.0,689.0,2909.0,359.0,1166.0,219.0,1744.0,0.0,0.0,0.0,1744.0,1165.0,2909.0,4079,3551.0,528.0,401.0,100.0,27.0,5.0,22.0,39.0
DN00287,2023,BCTC chưa kiểm toán,triệu đồng,2043.0,6346.0,7909.0,1486.0,17784.0,4210.0,1185.0,5395.0,23179.0,699.0,0.0,10771.0,11470.0,0.0,564.0,564.0,12034.0,11145.0,23179.0,16197,14644.0,1553.0,1410.0,0.0,143.0,29.0,114.0,451.0
DN00287,2024,BCTC chưa kiểm toán,triệu đồng,1072.0,10764.0,7948.0,4525.0,24309.0,3804.0,1007.0,4811.0,29120.0,1137.0,15291.0,1295.0,17723.0,0.0,0.0,0.0,17723.0,11397.0,29120.0,18048,15540.0,2508.0,816.0,1378.0,314.0,63.0,251.0,367.0
DN00287,2025,BCTC chưa kiểm toán,triệu đồng,3038.0,7049.0,5015.0,4908.0,20010.0,9581.0,1298.0,10879.0,30889.0,1309.0,9443.0,984.0,11736.0,6111.0,988.0,7099.0,18835.0,12054.0,30889.0,21592,19013.0,2579.0,216.0,1542.0,821.0,164.0,657.0,965.0
DN00288,2023,BCTC chưa kiểm toán,triệu đồng,238.0,1366.0,169.0,201.0,1974.0,1224.0,494.0,1718.0,3692.0,151.0,1051.0,102.0,1304.0,835.0,342.0,1177.0,2481.0,1211.0,3692.0,2111,1568.0,543.0,226.0,207.0,110.0,22.0,88.0,111.0
DN00288,2024,BCTC chưa kiểm toán,triệu đồng,237.0,1107.0,121.0,440.0,1905.0,1648.0,487.0,2135.0,4040.0,112.0,815.0,55.0,982.0,1136.0,711.0,1847.0,2829.0,1211.0,4040.0,2244,1779.0,465.0,317.0,148.0,0.0,0.0,0.0,162.0
DN00288,2025,BCTC chưa kiểm toán,triệu đồng,139.0,1379.0,565.0,648.0,2731.0,1710.0,648.0,2358.0,5089.0,613.0,1088.0,191.0,1892.0,1089.0,555.0,1644.0,3536.0,1553.0,5089.0,2766,2112.0,654.0,28.0,199.0,427.0,85.0,342.0,197.0
DN00289,2023,BCTC chưa kiểm toán,triệu đồng,3807.0,12217.0,24136.0,5780.0,45940.0,6694.0,2446.0,9140.0,55080.0,1401.0,14715.0,2836.0,18952.0,461.0,57.0,518.0,19470.0,35610.0,55080.0,50601,44148.0,6453.0,3343.0,1152.0,1958.0,392.0,1566.0,508.0
DN00289,2024,BCTC chưa kiểm toán,triệu đồng,6146.0,15817.0,9806.0,4458.0,36227.0,8651.0,1425.0,10076.0,46303.0,2776.0,6179.0,966.0,9921.0,0.0,0.0,0.0,9921.0,36382.0,46303.0,45585,41337.0,4248.0,2697.0,585.0,966.0,193.0,773.0,599.0
DN00289,2025,BCTC chưa kiểm toán,triệu đồng,3952.0,17562.0,24177.0,4848.0,50539.0,3862.0,497.0,4359.0,54898.0,3797.0,13375.0,967.0,18139.0,0.0,0.0,0.0,18139.0,36759.0,54898.0,49412,46486.0,2926.0,1204.0,1251.0,471.0,94.0,377.0,444.0
DN00290,2023,BCTC chưa kiểm toán,triệu đồng,508.0,4838.0,2605.0,972.0,8923.0,1452.0,177.0,1629.0,10552.0,756.0,3758.0,589.0,5103.0,0.0,0.0,0.0,5103.0,5449.0,10552.0,17600,15355.0,2245.0,1299.0,371.0,575.0,115.0,460.0,136.0
DN00290,2024,BCTC chưa kiểm toán,triệu đồng,2324.0,3567.0,5508.0,1571.0,12970.0,842.0,243.0,1085.0,14055.0,2891.0,0.0,5169.0,8060.0,0.0,0.0,0.0,8060.0,5995.0,14055.0,22836,19823.0,3013.0,2330.0,0.0,683.0,137.0,546.0,91.0
DN00290,2025,BCTC chưa kiểm toán,triệu đồng,2302.0,1806.0,7553.0,2563.0,14224.0,3414.0,589.0,4003.0,18227.0,1563.0,0.0,6413.0,7976.0,0.0,3867.0,3867.0,11843.0,6384.0,18227.0,30310,25483.0,4827.0,4342.0,0.0,485.0,97.0,388.0,393.0
DN00291,2023,BCTC đã kiểm toán,triệu đồng,415.0,1146.0,1219.0,817.0,3597.0,634.0,150.0,784.0,4381.0,484.0,1422.0,113.0,2019.0,327.0,51.0,378.0,2397.0,1984.0,4381.0,8931,8316.0,615.0,831.0,183.0,-399.0,0.0,-399.0,45.0
DN00291,2024,BCTC đã kiểm toán,triệu đồng,725.0,634.0,2008.0,696.0,4063.0,809.0,250.0,1059.0,5122.0,638.0,1625.0,360.0,2623.0,382.0,8.0,390.0,3013.0,2109.0,5122.0,8828,8019.0,809.0,460.0,193.0,156.0,31.0,125.0,76.0
DN00291,2025,BCTC đã kiểm toán,triệu đồng,845.0,1743.0,1484.0,676.0,4748.0,543.0,179.0,722.0,5470.0,335.0,2485.0,264.0,3084.0,0.0,0.0,0.0,3084.0,2386.0,5470.0,9935,9182.0,753.0,170.0,236.0,347.0,69.0,278.0,55.0
DN00292,2023,Tờ khai thuế,triệu đồng,,,,,,,,,,,,,,,,,,,,242,,,,,,,,
DN00292,2024,Tờ khai thuế,triệu đồng,,,,,,,,,,,,,,,,,,,,270,,,,,,,,
DN00292,2025,Tờ khai thuế,triệu đồng,,,,,,,,,,,,,,,,,,,,365,,,,,,,,
DN00293,2024,Tờ khai thuế,triệu đồng,,,,,,,,,,,,,,,,,,,,1999,,,,,,,,
DN00293,2025,Tờ khai thuế,triệu đồng,,,,,,,,,,,,,,,,,,,,2517,,,,,,,,
DN00294,2023,BCTC chưa kiểm toán,triệu đồng,1992.0,9367.0,9765.0,2664.0,23788.0,5278.0,995.0,6273.0,30061.0,3897.0,14785.0,2008.0,20690.0,0.0,0.0,0.0,20690.0,9371.0,30061.0,69201,59422.0,9779.0,10228.0,1368.0,-1817.0,0.0,-1817.0,483.0
DN00294,2024,BCTC chưa kiểm toán,triệu đồng,4322.0,15282.0,7199.0,5964.0,32767.0,3079.0,515.0,3594.0,36361.0,4344.0,22520.0,1453.0,28317.0,0.0,0.0,0.0,28317.0,8044.0,36361.0,77198,69815.0,7383.0,6771.0,1940.0,-1328.0,0.0,-1328.0,218.0
DN00294,2025,BCTC chưa kiểm toán,triệu đồng,3800.0,7127.0,9852.0,6795.0,27574.0,6588.0,378.0,6966.0,34540.0,2553.0,22114.0,1931.0,26598.0,2200.0,60.0,2260.0,28858.0,5682.0,34540.0,76899,69697.0,7202.0,7313.0,2251.0,-2362.0,0.0,-2362.0,488.0
DN00295,2023,BCTC chưa kiểm toán,đồng,150000000.0,1133000000.0,570000000.0,548000000.0,2401000000.0,740000000.0,152000000.0,892000000.0,3293000000.0,449000000.0,0.0,1993000000.0,2442000000.0,0.0,272000000.0,272000000.0,2714000000.0,579000000.0,3293000000.0,1958000000,1777000000.0,181000000.0,208000000.0,0.0,-27000000.0,0.0,-27000000.0,83000000.0
DN00295,2024,BCTC chưa kiểm toán,đồng,279000000.0,715000000.0,699000000.0,516000000.0,2209000000.0,1665000000.0,166000000.0,1831000000.0,4040000000.0,431000000.0,1291000000.0,131000000.0,1853000000.0,1219000000.0,342000000.0,1561000000.0,3414000000.0,626000000.0,4040000000.0,2357000000,1993000000.0,364000000.0,61000000.0,244000000.0,59000000.0,12000000.0,47000000.0,140000000.0
DN00295,2025,BCTC chưa kiểm toán,đồng,168000000.0,1114000000.0,692000000.0,540000000.0,2514000000.0,881000000.0,187000000.0,1068000000.0,3582000000.0,510000000.0,1638000000.0,225000000.0,2373000000.0,651000000.0,11000000.0,662000000.0,3035000000.0,547000000.0,3582000000.0,2239000000,2002000000.0,237000000.0,95000000.0,221000000.0,-79000000.0,0.0,-79000000.0,65000000.0
DN00296,2023,BCTC chưa kiểm toán,triệu đồng,16.0,79.0,166.0,68.0,329.0,182.0,34.0,216.0,545.0,25.0,0.0,199.0,224.0,0.0,39.0,39.0,263.0,282.0,545.0,509,414.0,95.0,75.0,0.0,20.0,4.0,16.0,20.0
DN00296,2024,BCTC chưa kiểm toán,triệu đồng,58.0,152.0,82.0,51.0,343.0,396.0,33.0,429.0,772.0,46.0,185.0,17.0,248.0,219.0,14.0,233.0,481.0,291.0,772.0,638,544.0,94.0,40.0,44.0,10.0,2.0,8.0,31.0
DN00296,2025,BCTC chưa kiểm toán,triệu đồng,27.0,170.0,146.0,41.0,384.0,314.0,40.0,354.0,738.0,39.0,221.0,16.0,276.0,83.0,51.0,134.0,410.0,328.0,738.0,685,590.0,95.0,17.0,31.0,47.0,9.0,38.0,36.0
DN00297,2023,BCTC chưa kiểm toán,triệu đồng,98.0,422.0,447.0,156.0,1123.0,290.0,104.0,394.0,1517.0,110.0,0.0,658.0,768.0,0.0,0.0,0.0,768.0,749.0,1517.0,908,824.0,84.0,62.0,0.0,22.0,4.0,18.0,31.0
DN00297,2024,BCTC chưa kiểm toán,triệu đồng,124.0,559.0,555.0,371.0,1609.0,150.0,17.0,167.0,1776.0,428.0,329.0,109.0,866.0,132.0,12.0,144.0,1010.0,766.0,1776.0,928,846.0,82.0,12.0,49.0,21.0,4.0,17.0,17.0
DN00297,2025,BCTC chưa kiểm toán,triệu đồng,264.0,453.0,660.0,409.0,1786.0,441.0,151.0,592.0,2378.0,155.0,917.0,102.0,1174.0,298.0,115.0,413.0,1587.0,791.0,2378.0,1283,1111.0,172.0,37.0,104.0,31.0,6.0,25.0,36.0
DN00298,2023,BCTC chưa kiểm toán,đồng,69000000.0,102000000.0,141000000.0,74000000.0,386000000.0,321000000.0,91000000.0,412000000.0,798000000.0,69000000.0,0.0,106000000.0,175000000.0,0.0,106000000.0,106000000.0,281000000.0,517000000.0,798000000.0,1118000000,969000000.0,149000000.0,200000000.0,0.0,-51000000.0,0.0,-51000000.0,27000000.0
DN00298,2024,BCTC chưa kiểm toán,đồng,54000000.0,77000000.0,286000000.0,119000000.0,536000000.0,301000000.0,107000000.0,408000000.0,944000000.0,107000000.0,184000000.0,24000000.0,315000000.0,78000000.0,9000000.0,87000000.0,402000000.0,542000000.0,944000000.0,1215000000,1047000000.0,168000000.0,112000000.0,24000000.0,32000000.0,6000000.0,26000000.0,25000000.0
DN00298,2025,BCTC chưa kiểm toán,đồng,70000000.0,192000000.0,255000000.0,96000000.0,613000000.0,288000000.0,90000000.0,378000000.0,991000000.0,100000000.0,0.0,193000000.0,293000000.0,0.0,90000000.0,90000000.0,383000000.0,608000000.0,991000000.0,1206000000,1074000000.0,132000000.0,49000000.0,0.0,83000000.0,17000000.0,66000000.0,32000000.0
DN00299,2023,BCTC đã kiểm toán,triệu đồng,60750.0,140034.0,112796.0,63528.0,377108.0,196528.0,20379.0,216907.0,594015.0,8176.0,285074.0,21847.0,315097.0,95424.0,8484.0,103908.0,419005.0,175010.0,594015.0,189420,156232.0,33188.0,1894.0,27219.0,4075.0,815.0,3260.0,20094.0
DN00299,2024,BCTC đã kiểm toán,triệu đồng,20046.0,65954.0,49873.0,41294.0,177167.0,237980.0,39329.0,277309.0,454476.0,6642.0,151270.0,27088.0,185000.0,88080.0,10281.0,98361.0,283361.0,171115.0,454476.0,151032,133323.0,17709.0,2724.0,18880.0,-3895.0,0.0,-3895.0,15426.0
DN00299,2025,BCTC đã kiểm toán,triệu đồng,36107.0,21601.0,109282.0,34309.0,201299.0,221343.0,17879.0,239222.0,440521.0,6442.0,180866.0,20182.0,207490.0,41680.0,24196.0,65876.0,273366.0,167155.0,440521.0,145255,126150.0,19105.0,1453.0,21610.0,-3958.0,0.0,-3958.0,25111.0
DN00300,2023,BCTC chưa kiểm toán,đồng,1040000000.0,3584000000.0,3092000000.0,1207000000.0,8923000000.0,678000000.0,192000000.0,870000000.0,9793000000.0,786000000.0,4015000000.0,553000000.0,5354000000.0,0.0,0.0,0.0,5354000000.0,4439000000.0,9793000000.0,15966000000,14147000000.0,1819000000.0,1065000000.0,396000000.0,358000000.0,72000000.0,286000000.0,45000000.0
DN00300,2024,BCTC chưa kiểm toán,đồng,562000000.0,4319000000.0,2122000000.0,1233000000.0,8236000000.0,3720000000.0,690000000.0,4410000000.0,12646000000.0,438000000.0,4319000000.0,490000000.0,5247000000.0,2457000000.0,296000000.0,2753000000.0,8000000000.0,4646000000.0,12646000000.0,18356000000,17172000000.0,1184000000.0,294000000.0,632000000.0,258000000.0,52000000.0,206000000.0,394000000.0
DN00300,2025,BCTC chưa kiểm toán,đồng,1915000000.0,3822000000.0,5795000000.0,1137000000.0,12669000000.0,1384000000.0,277000000.0,1661000000.0,14330000000.0,1537000000.0,4871000000.0,619000000.0,7027000000.0,2234000000.0,39000000.0,2273000000.0,9300000000.0,5030000000.0,14330000000.0,22759000000,19009000000.0,3750000000.0,2686000000.0,583000000.0,481000000.0,96000000.0,385000000.0,135000000.0
DN00301,2023,BCTC chưa kiểm toán,triệu đồng,791.0,1951.0,1314.0,527.0,4583.0,2668.0,842.0,3510.0,8093.0,634.0,1508.0,352.0,2494.0,877.0,312.0,1189.0,3683.0,4410.0,8093.0,7579,6397.0,1182.0,1013.0,215.0,-46.0,0.0,-46.0,309.0
DN00301,2024,BCTC chưa kiểm toán,triệu đồng,412.0,1642.0,1821.0,401.0,4276.0,2398.0,609.0,3007.0,7283.0,616.0,1257.0,311.0,2184.0,284.0,170.0,454.0,2638.0,4645.0,7283.0,7627,6704.0,923.0,497.0,133.0,293.0,59.0,234.0,176.0
DN00301,2025,BCTC chưa kiểm toán,triệu đồng,399.0,1230.0,1570.0,687.0,3886.0,2738.0,924.0,3662.0,7548.0,1240.0,0.0,1071.0,2311.0,0.0,792.0,792.0,3103.0,4445.0,7548.0,6943,5939.0,1004.0,1204.0,0.0,-200.0,0.0,-200.0,217.0
DN00302,2023,BCTC chưa kiểm toán,triệu đồng,68.0,253.0,202.0,141.0,664.0,255.0,29.0,284.0,948.0,100.0,0.0,325.0,425.0,0.0,0.0,0.0,425.0,523.0,948.0,1184,1019.0,165.0,147.0,0.0,18.0,4.0,14.0,29.0
DN00302,2024,BCTC chưa kiểm toán,triệu đồng,156.0,178.0,337.0,209.0,880.0,48.0,8.0,56.0,936.0,86.0,275.0,45.0,406.0,0.0,0.0,0.0,406.0,530.0,936.0,1290,1163.0,127.0,94.0,24.0,9.0,2.0,7.0,4.0
DN00302,2025,BCTC chưa kiểm toán,triệu đồng,149.0,176.0,307.0,210.0,842.0,199.0,16.0,215.0,1057.0,51.0,0.0,498.0,549.0,0.0,0.0,0.0,549.0,508.0,1057.0,1359,1230.0,129.0,152.0,0.0,-23.0,0.0,-23.0,17.0
DN00303,2023,BCTC chưa kiểm toán,triệu đồng,587.0,3484.0,3001.0,2124.0,9196.0,4047.0,1606.0,5653.0,14849.0,888.0,3494.0,514.0,4896.0,1765.0,709.0,2474.0,7370.0,7479.0,14849.0,14796,11331.0,3465.0,2523.0,558.0,384.0,77.0,307.0,439.0
DN00303,2024,BCTC chưa kiểm toán,triệu đồng,1329.0,4589.0,1840.0,1681.0,9439.0,3750.0,1366.0,5116.0,14555.0,1005.0,1808.0,391.0,3204.0,0.0,0.0,0.0,3204.0,11351.0,14555.0,16133,10947.0,5186.0,161.0,185.0,4840.0,968.0,3872.0,367.0
DN00303,2025,BCTC chưa kiểm toán,triệu đồng,1057.0,4777.0,873.0,1672.0,8379.0,7210.0,1615.0,8825.0,17204.0,685.0,3253.0,520.0,4458.0,0.0,0.0,0.0,4458.0,12746.0,17204.0,17993,13089.0,4904.0,2831.0,330.0,1743.0,349.0,1394.0,631.0
DN00304,2023,BCTC đã kiểm toán,triệu đồng,25602.0,76501.0,12772.0,30874.0,145749.0,94619.0,15328.0,109947.0,255696.0,5904.0,87621.0,10331.0,103856.0,51075.0,13129.0,64204.0,168060.0,87636.0,255696.0,133312,107990.0,25322.0,21317.0,10661.0,-6656.0,0.0,-6656.0,10430.0
DN00304,2024,BCTC đã kiểm toán,triệu đồng,4460.0,62834.0,9668.0,14291.0,91253.0,65195.0,22627.0,87822.0,179075.0,2947.0,42539.0,6779.0,52265.0,26470.0,14750.0,41220.0,93485.0,85590.0,179075.0,99733,78803.0,20930.0,18087.0,4890.0,-2047.0,0.0,-2047.0,5012.0
DN00304,2025,BCTC đã kiểm toán,triệu đồng,6436.0,77428.0,5344.0,12567.0,101775.0,60808.0,16647.0,77455.0,179230.0,5458.0,77222.0,9442.0,92122.0,0.0,0.0,0.0,92122.0,87108.0,179230.0,93352,70475.0,22877.0,12700.0,8279.0,1898.0,380.0,1518.0,5312.0
DN00305,2023,BCTC chưa kiểm toán,triệu đồng,11633.0,17720.0,44463.0,12484.0,86300.0,13611.0,794.0,14405.0,100705.0,5426.0,0.0,46447.0,51873.0,0.0,0.0,0.0,51873.0,48832.0,100705.0,165759,153199.0,12560.0,8826.0,0.0,3734.0,747.0,2987.0,1151.0
DN00305,2024,BCTC chưa kiểm toán,triệu đồng,4292.0,19332.0,51823.0,13121.0,88568.0,27612.0,2386.0,29998.0,118566.0,7678.0,59013.0,9125.0,75816.0,0.0,0.0,0.0,75816.0,42750.0,118566.0,198570,181599.0,16971.0,17293.0,5760.0,-6082.0,0.0,-6082.0,2632.0
DN00305,2025,BCTC chưa kiểm toán,triệu đồng,8376.0,17042.0,34560.0,13895.0,73873.0,21568.0,9038.0,30606.0,104479.0,11283.0,0.0,53327.0,64610.0,0.0,0.0,0.0,64610.0,39869.0,104479.0,167984,150409.0,17575.0,20456.0,0.0,-2881.0,0.0,-2881.0,2150.0
DN00306,2023,BCTC chưa kiểm toán,triệu đồng,918.0,1887.0,3890.0,1456.0,8151.0,1163.0,385.0,1548.0,9699.0,493.0,6154.0,502.0,7149.0,0.0,0.0,0.0,7149.0,2550.0,9699.0,3157,2495.0,662.0,32.0,581.0,49.0,10.0,39.0,99.0
DN00306,2024,BCTC chưa kiểm toán,triệu đồng,1576.0,2721.0,5009.0,1103.0,10409.0,2501.0,281.0,2782.0,13191.0,678.0,0.0,8591.0,9269.0,0.0,1276.0,1276.0,10545.0,2646.0,13191.0,3750,3173.0,577.0,456.0,0.0,121.0,24.0,97.0,184.0
DN00306,2025,BCTC chưa kiểm toán,triệu đồng,857.0,2864.0,4168.0,1146.0,9035.0,3643.0,1486.0,5129.0,14164.0,772.0,3855.0,446.0,5073.0,5522.0,860.0,6382.0,11455.0,2709.0,14164.0,4403,3531.0,872.0,44.0,750.0,78.0,16.0,62.0,325.0
DN00307,2023,Tờ khai thuế,triệu đồng,,,,,,,,,,,,,,,,,,,,2744,,,,,,,,
DN00307,2024,Tờ khai thuế,triệu đồng,,,,,,,,,,,,,,,,,,,,3468,,,,,,,,
DN00307,2025,Tờ khai thuế,triệu đồng,,,,,,,,,,,,,,,,,,,,5723,,,,,,,,
DN00308,2023,BCTC chưa kiểm toán,triệu đồng,169.0,240.0,538.0,174.0,1121.0,175.0,32.0,207.0,1328.0,155.0,0.0,584.0,739.0,0.0,180.0,180.0,919.0,409.0,1328.0,3539,3175.0,364.0,309.0,0.0,55.0,11.0,44.0,21.0
DN00308,2024,BCTC chưa kiểm toán,triệu đồng,199.0,543.0,176.0,191.0,1109.0,210.0,83.0,293.0,1402.0,137.0,672.0,142.0,951.0,0.0,0.0,0.0,951.0,451.0,1402.0,3243,3074.0,169.0,60.0,57.0,52.0,10.0,42.0,17.0
DN00308,2025,BCTC chưa kiểm toán,triệu đồng,78.0,268.0,328.0,129.0,803.0,171.0,64.0,235.0,1038.0,124.0,0.0,441.0,565.0,0.0,0.0,0.0,565.0,473.0,1038.0,2549,2350.0,199.0,172.0,0.0,27.0,5.0,22.0,11.0
DN00309,2023,BCTC đã kiểm toán,triệu đồng,3841.0,24044.0,21395.0,10094.0,59374.0,33061.0,5541.0,38602.0,97976.0,4863.0,20142.0,2159.0,27164.0,54240.0,5326.0,59566.0,86730.0,11246.0,97976.0,55492,46501.0,8991.0,555.0,6346.0,2090.0,418.0,1672.0,3105.0
DN00309,2024,BCTC đã kiểm toán,triệu đồng,10259.0,38066.0,33208.0,10213.0,91746.0,41722.0,8256.0,49978.0,141724.0,8385.0,48427.0,3280.0,60092.0,68151.0,1387.0,69538.0,129630.0,12094.0,141724.0,68820,56837.0,11983.0,688.0,10235.0,1060.0,212.0,848.0,3040.0
DN00309,2025,BCTC đã kiểm toán,triệu đồng,6866.0,19277.0,31920.0,7116.0,65179.0,52518.0,5187.0,57705.0,122884.0,7312.0,0.0,17468.0,24780.0,0.0,87961.0,87961.0,112741.0,10143.0,122884.0,62144,53368.0,8776.0,10726.0,0.0,-1950.0,0.0,-1950.0,3375.0
DN00310,2023,BCTC chưa kiểm toán,triệu đồng,256.0,215.0,873.0,190.0,1534.0,1445.0,78.0,1523.0,3057.0,56.0,0.0,794.0,850.0,0.0,209.0,209.0,1059.0,1998.0,3057.0,1651,1347.0,304.0,17.0,0.0,287.0,57.0,230.0,93.0
DN00310,2024,BCTC chưa kiểm toán,triệu đồng,242.0,482.0,524.0,171.0,1419.0,1197.0,230.0,1427.0,2846.0,80.0,0.0,705.0,785.0,0.0,0.0,0.0,785.0,2061.0,2846.0,1407,1287.0,120.0,42.0,0.0,78.0,16.0,62.0,87.0
DN00310,2025,BCTC chưa kiểm toán,triệu đồng,241.0,807.0,536.0,388.0,1972.0,1067.0,261.0,1328.0,3300.0,136.0,556.0,46.0,738.0,428.0,52.0,480.0,1218.0,2082.0,3300.0,1804,1509.0,295.0,175.0,93.0,27.0,5.0,22.0,85.0
DN00311,2023,BCTC chưa kiểm toán,triệu đồng,132.0,902.0,1291.0,740.0,3065.0,934.0,99.0,1033.0,4098.0,208.0,2024.0,335.0,2567.0,326.0,129.0,455.0,3022.0,1076.0,4098.0,4977,4583.0,394.0,50.0,235.0,109.0,22.0,87.0,105.0
DN00311,2024,BCTC chưa kiểm toán,triệu đồng,353.0,765.0,2133.0,454.0,3705.0,1311.0,168.0,1479.0,5184.0,246.0,2088.0,309.0,2643.0,1403.0,30.0,1433.0,4076.0,1108.0,5184.0,5863,5082.0,781.0,462.0,280.0,39.0,8.0,31.0,83.0
DN00311,2025,BCTC chưa kiểm toán,triệu đồng,316.0,2008.0,1478.0,950.0,4752.0,460.0,142.0,602.0,5354.0,734.0,0.0,3017.0,3751.0,0.0,316.0,316.0,4067.0,1287.0,5354.0,6394,6107.0,287.0,64.0,0.0,223.0,45.0,178.0,53.0
DN00312,2023,BCTC chưa kiểm toán,triệu đồng,33.0,311.0,253.0,154.0,751.0,227.0,55.0,282.0,1033.0,199.0,0.0,284.0,483.0,0.0,0.0,0.0,483.0,550.0,1033.0,1740,1538.0,202.0,80.0,0.0,122.0,24.0,98.0,25.0
DN00312,2024,BCTC chưa kiểm toán,triệu đồng,45.0,331.0,303.0,212.0,891.0,209.0,73.0,282.0,1173.0,109.0,436.0,78.0,623.0,0.0,0.0,0.0,623.0,550.0,1173.0,1931,1666.0,265.0,221.0,44.0,0.0,0.0,0.0,20.0
DN00312,2025,BCTC chưa kiểm toán,triệu đồng,152.0,200.0,518.0,267.0,1137.0,87.0,7.0,94.0,1231.0,104.0,309.0,63.0,476.0,128.0,63.0,191.0,667.0,564.0,1231.0,2033,1908.0,125.0,69.0,39.0,17.0,3.0,14.0,10.0
DN00313,2023,BCTC chưa kiểm toán,triệu đồng,61.0,137.0,287.0,140.0,625.0,111.0,16.0,127.0,752.0,55.0,278.0,30.0,363.0,0.0,0.0,0.0,363.0,389.0,752.0,1117,976.0,141.0,103.0,20.0,18.0,4.0,14.0,12.0
DN00313,2024,BCTC chưa kiểm toán,triệu đồng,72.0,121.0,199.0,113.0,505.0,96.0,23.0,119.0,624.0,29.0,0.0,193.0,222.0,0.0,0.0,0.0,222.0,402.0,624.0,947,856.0,91.0,74.0,0.0,17.0,3.0,14.0,11.0
DN00313,2025,BCTC chưa kiểm toán,triệu đồng,39.0,183.0,253.0,60.0,535.0,114.0,22.0,136.0,671.0,86.0,0.0,175.0,261.0,0.0,0.0,0.0,261.0,410.0,671.0,927,857.0,70.0,60.0,0.0,10.0,2.0,8.0,7.0
DN00314,2023,BCTC chưa kiểm toán,triệu đồng,1104.0,4383.0,1282.0,1882.0,8651.0,6378.0,1781.0,8159.0,16810.0,894.0,3871.0,671.0,5436.0,1263.0,429.0,1692.0,7128.0,9682.0,16810.0,15399,11613.0,3786.0,2098.0,383.0,1305.0,261.0,1044.0,611.0
DN00314,2024,BCTC chưa kiểm toán,triệu đồng,1005.0,5135.0,1336.0,979.0,8455.0,6844.0,2236.0,9080.0,17535.0,857.0,5072.0,765.0,6694.0,0.0,0.0,0.0,6694.0,10841.0,17535.0,14778,11793.0,2985.0,1089.0,447.0,1449.0,290.0,1159.0,541.0
DN00314,2025,BCTC chưa kiểm toán,triệu đồng,1320.0,5519.0,1386.0,2564.0,10789.0,5190.0,1551.0,6741.0,17530.0,1947.0,2143.0,272.0,4362.0,0.0,0.0,0.0,4362.0,13168.0,17530.0,15833,12133.0,3700.0,570.0,222.0,2908.0,582.0,2326.0,313.0
DN00315,2023,BCTC chưa kiểm toán,triệu đồng,246.0,1789.0,409.0,415.0,2859.0,1599.0,346.0,1945.0,4804.0,696.0,1428.0,196.0,2320.0,607.0,255.0,862.0,3182.0,1622.0,4804.0,5963,4616.0,1347.0,1130.0,217.0,0.0,0.0,0.0,120.0
DN00315,2024,BCTC chưa kiểm toán,triệu đồng,423.0,1336.0,371.0,338.0,2468.0,2177.0,401.0,2578.0,5046.0,638.0,601.0,155.0,1394.0,1758.0,356.0,2114.0,3508.0,1538.0,5046.0,6356,5104.0,1252.0,1090.0,246.0,-84.0,0.0,-84.0,163.0
DN00315,2025,BCTC chưa kiểm toán,triệu đồng,420.0,1531.0,171.0,363.0,2485.0,2090.0,708.0,2798.0,5283.0,423.0,1023.0,91.0,1537.0,1664.0,427.0,2091.0,3628.0,1655.0,5283.0,6840,5076.0,1764.0,1368.0,250.0,146.0,29.0,117.0,210.0
DN00316,2023,Tờ khai thuế,triệu đồng,,,,,,,,,,,,,,,,,,,,760,,,,,,,,
DN00316,2024,Tờ khai thuế,triệu đồng,,,,,,,,,,,,,,,,,,,,960,,,,,,,,
DN00316,2025,Tờ khai thuế,triệu đồng,,,,,,,,,,,,,,,,,,,,1162,,,,,,,,
DN00317,2023,BCTC đã kiểm toán,đồng,1315000000.0,2994000000.0,3277000000.0,2149000000.0,9735000000.0,5139000000.0,789000000.0,5928000000.0,15663000000.0,2461000000.0,3030000000.0,456000000.0,5947000000.0,690000000.0,4000000.0,694000000.0,6641000000.0,9022000000.0,15663000000.0,8552000000,7417000000.0,1135000000.0,720000000.0,264000000.0,151000000.0,30000000.0,121000000.0,316000000.0
DN00317,2024,BCTC đã kiểm toán,đồng,1644000000.0,5026000000.0,2606000000.0,2255000000.0,11531000000.0,2939000000.0,913000000.0,3852000000.0,15383000000.0,1577000000.0,4072000000.0,606000000.0,6255000000.0,0.0,0.0,0.0,6255000000.0,9128000000.0,15383000000.0,9083000000,7542000000.0,1541000000.0,1041000000.0,368000000.0,132000000.0,26000000.0,106000000.0,260000000.0
DN00317,2025,BCTC đã kiểm toán,đồng,2233000000.0,4728000000.0,3225000000.0,3267000000.0,13453000000.0,4094000000.0,528000000.0,4622000000.0,18075000000.0,889000000.0,3822000000.0,781000000.0,5492000000.0,2952000000.0,49000000.0,3001000000.0,8493000000.0,9582000000.0,18075000000.0,10277000000,8984000000.0,1293000000.0,103000000.0,622000000.0,568000000.0,114000000.0,454000000.0,268000000.0
DN00318,2023,BCTC chưa kiểm toán,triệu đồng,155.0,843.0,842.0,454.0,2294.0,505.0,168.0,673.0,2967.0,100.0,1007.0,112.0,1219.0,427.0,22.0,449.0,1668.0,1299.0,2967.0,502,371.0,131.0,5.0,139.0,-13.0,0.0,-13.0,50.0
DN00318,2024,BCTC chưa kiểm toán,triệu đồng,173.0,784.0,505.0,270.0,1732.0,827.0,246.0,1073.0,2805.0,141.0,1151.0,220.0,1512.0,0.0,0.0,0.0,1512.0,1293.0,2805.0,571,451.0,120.0,6.0,121.0,-7.0,0.0,-7.0,60.0
DN00318,2025,BCTC chưa kiểm toán,triệu đồng,318.0,1149.0,858.0,432.0,2757.0,417.0,108.0,525.0,3282.0,107.0,1610.0,273.0,1990.0,0.0,0.0,0.0,1990.0,1292.0,3282.0,614,459.0,155.0,6.0,149.0,0.0,0.0,0.0,33.0
DN00319,2023,Tờ khai thuế,triệu đồng,,,,,,,,,,,,,,,,,,,,1024,,,,,,,,
DN00319,2024,Tờ khai thuế,triệu đồng,,,,,,,,,,,,,,,,,,,,1234,,,,,,,,
DN00319,2025,Tờ khai thuế,triệu đồng,,,,,,,,,,,,,,,,,,,,978,,,,,,,,
DN00320,2024,BCTC chưa kiểm toán,triệu đồng,139.0,1718.0,611.0,273.0,2741.0,569.0,39.0,608.0,3349.0,234.0,0.0,1746.0,1980.0,0.0,0.0,0.0,1980.0,1369.0,3349.0,4020,3617.0,403.0,572.0,0.0,-169.0,0.0,-169.0,67.0
DN00320,2025,BCTC chưa kiểm toán,triệu đồng,205.0,822.0,1192.0,562.0,2781.0,107.0,39.0,146.0,2927.0,219.0,1141.0,149.0,1509.0,0.0,0.0,0.0,1509.0,1418.0,2927.0,3806,3453.0,353.0,174.0,117.0,62.0,12.0,50.0,7.0
DN00321,2024,BCTC đã kiểm toán,triệu đồng,384.0,1809.0,965.0,413.0,3571.0,962.0,249.0,1211.0,4782.0,251.0,0.0,2611.0,2862.0,0.0,772.0,772.0,3634.0,1148.0,4782.0,4027,3722.0,305.0,274.0,0.0,31.0,6.0,25.0,105.0
DN00321,2025,BCTC đã kiểm toán,triệu đồng,693.0,2435.0,859.0,428.0,4415.0,1535.0,292.0,1827.0,6242.0,413.0,2726.0,166.0,3305.0,1949.0,246.0,2195.0,5500.0,742.0,6242.0,4989,4539.0,450.0,428.0,429.0,-407.0,0.0,-407.0,166.0
DN00322,2023,BCTC đã kiểm toán,triệu đồng,39396.0,261333.0,66910.0,112869.0,480508.0,363353.0,100868.0,464221.0,944729.0,90854.0,256293.0,32186.0,379333.0,264185.0,3315.0,267500.0,646833.0,297896.0,944729.0,655979,490137.0,165842.0,128849.0,49801.0,-12808.0,0.0,-12808.0,41725.0
DN00322,2024,BCTC đã kiểm toán,triệu đồng,70339.0,330966.0,111598.0,114613.0,627516.0,291006.0,105083.0,396089.0,1023605.0,56790.0,430522.0,42834.0,530146.0,100668.0,47434.0,148102.0,678248.0,345357.0,1023605.0,765923,549184.0,216739.0,106474.0,50939.0,59326.0,11865.0,47461.0,27960.0
DN00322,2025,BCTC đã kiểm toán,triệu đồng,68003.0,302585.0,62609.0,96796.0,529993.0,316653.0,18721.0,335374.0,865367.0,32537.0,449739.0,28209.0,510485.0,0.0,0.0,0.0,510485.0,354882.0,865367.0,646769,522124.0,124645.0,75171.0,37568.0,11906.0,2381.0,9525.0,20439.0
DN00323,2023,BCTC chưa kiểm toán,triệu đồng,54.0,606.0,196.0,105.0,961.0,527.0,121.0,648.0,1609.0,51.0,495.0,44.0,590.0,15.0,7.0,22.0,612.0,997.0,1609.0,755,591.0,164.0,76.0,55.0,33.0,7.0,26.0,50.0
DN00323,2024,BCTC chưa kiểm toán,triệu đồng,133.0,503.0,203.0,217.0,1056.0,569.0,179.0,748.0,1804.0,102.0,0.0,404.0,506.0,0.0,309.0,309.0,815.0,989.0,1804.0,959,728.0,231.0,239.0,0.0,-8.0,0.0,-8.0,42.0
DN00323,2025,BCTC chưa kiểm toán,triệu đồng,58.0,650.0,87.0,195.0,990.0,498.0,201.0,699.0,1689.0,99.0,485.0,42.0,626.0,0.0,0.0,0.0,626.0,1063.0,1689.0,830,632.0,198.0,53.0,52.0,93.0,19.0,74.0,52.0
DN00324,2023,BCTC đã kiểm toán,triệu đồng,36650.0,62208.0,61065.0,50731.0,210654.0,58162.0,24058.0,82220.0,292874.0,24126.0,161781.0,12938.0,198845.0,41949.0,17993.0,59942.0,258787.0,34087.0,292874.0,241021,195028.0,45993.0,35220.0,15972.0,-5199.0,0.0,-5199.0,4903.0
DN00324,2024,BCTC đã kiểm toán,triệu đồng,8681.0,30207.0,59844.0,21923.0,120655.0,141464.0,18010.0,159474.0,280129.0,11818.0,108672.0,15436.0,135926.0,71459.0,42009.0,113468.0,249394.0,30735.0,280129.0,250521,217403.0,33118.0,23258.0,13213.0,-3353.0,0.0,-3353.0,13569.0
DN00324,2025,BCTC đã kiểm toán,triệu đồng,13690.0,58923.0,48327.0,31958.0,152898.0,112823.0,11983.0,124806.0,277704.0,18807.0,136200.0,21542.0,176549.0,55519.0,31773.0,87292.0,263841.0,13863.0,277704.0,228950,193991.0,34959.0,34198.0,17634.0,-16873.0,0.0,-16873.0,9670.0
DN00325,2023,BCTC đã kiểm toán,triệu đồng,28911.0,86301.0,107263.0,67501.0,289976.0,32141.0,10745.0,42886.0,332862.0,44154.0,218378.0,22811.0,285343.0,6445.0,937.0,7382.0,292725.0,40137.0,332862.0,376907,331831.0,45076.0,33874.0,24138.0,-12936.0,0.0,-12936.0,2420.0
DN00325,2024,BCTC đã kiểm toán,triệu đồng,12634.0,63392.0,102108.0,42934.0,221068.0,73166.0,18835.0,92001.0,313069.0,22147.0,185013.0,33330.0,240490.0,26491.0,2890.0,29381.0,269871.0,43198.0,313069.0,403534,368991.0,34543.0,12862.0,17855.0,3826.0,765.0,3061.0,5087.0
DN00325,2025,BCTC đã kiểm toán,triệu đồng,46639.0,93929.0,81748.0,48916.0,271232.0,80375.0,6432.0,86807.0,358039.0,32187.0,129397.0,11317.0,172901.0,126634.0,9632.0,136266.0,309167.0,48872.0,358039.0,462552,419785.0,42767.0,14441.0,21233.0,7093.0,1419.0,5674.0,5780.0
DN00326,2023,Tờ khai thuế,triệu đồng,,,,,,,,,,,,,,,,,,,,380,,,,,,,,
DN00326,2024,Tờ khai thuế,triệu đồng,,,,,,,,,,,,,,,,,,,,524,,,,,,,,
DN00326,2025,Tờ khai thuế,triệu đồng,,,,,,,,,,,,,,,,,,,,634,,,,,,,,
DN00327,2023,BCTC đã kiểm toán,triệu đồng,1719.0,4789.0,922.0,2217.0,9647.0,7042.0,2515.0,9557.0,19204.0,2052.0,4611.0,408.0,7071.0,1852.0,267.0,2119.0,9190.0,10014.0,19204.0,18978,15451.0,3527.0,1967.0,620.0,940.0,188.0,752.0,801.0
DN00327,2024,BCTC đã kiểm toán,triệu đồng,2150.0,8779.0,1085.0,1863.0,13877.0,7236.0,957.0,8193.0,22070.0,1379.0,6796.0,789.0,8964.0,2541.0,1174.0,3715.0,12679.0,9391.0,22070.0,20722,15686.0,5036.0,4961.0,697.0,-622.0,0.0,-622.0,694.0
DN00327,2025,BCTC đã kiểm toán,triệu đồng,2421.0,5661.0,3082.0,3373.0,14537.0,8981.0,900.0,9881.0,24418.0,1590.0,9963.0,1937.0,13490.0,0.0,0.0,0.0,13490.0,10928.0,24418.0,21379,16909.0,4470.0,1811.0,736.0,1923.0,385.0,1538.0,1066.0
DN00328,2023,BCTC chưa kiểm toán,đồng,52000000.0,316000000.0,98000000.0,109000000.0,575000000.0,394000000.0,35000000.0,429000000.0,1004000000.0,26000000.0,0.0,341000000.0,367000000.0,0.0,136000000.0,136000000.0,503000000.0,501000000.0,1004000000.0,393000000,282000000.0,111000000.0,53000000.0,0.0,58000000.0,12000000.0,46000000.0,25000000.0
DN00328,2024,BCTC chưa kiểm toán,đồng,63000000.0,189000000.0,149000000.0,116000000.0,517000000.0,357000000.0,79000000.0,436000000.0,953000000.0,23000000.0,0.0,250000000.0,273000000.0,0.0,179000000.0,179000000.0,452000000.0,501000000.0,953000000.0,432000000,326000000.0,106000000.0,106000000.0,0.0,0.0,0.0,0.0,40000000.0
DN00328,2025,BCTC chưa kiểm toán,đồng,32000000.0,407000000.0,167000000.0,189000000.0,795000000.0,339000000.0,112000000.0,451000000.0,1246000000.0,41000000.0,322000000.0,26000000.0,389000000.0,318000000.0,63000000.0,381000000.0,770000000.0,476000000.0,1246000000.0,531000000,381000000.0,150000000.0,111000000.0,65000000.0,-26000000.0,0.0,-26000000.0,37000000.0
DN00329,2023,BCTC chưa kiểm toán,triệu đồng,249.0,835.0,1590.0,463.0,3137.0,545.0,79.0,624.0,3761.0,812.0,1358.0,136.0,2306.0,0.0,0.0,0.0,2306.0,1455.0,3761.0,8493,7724.0,769.0,582.0,126.0,61.0,12.0,49.0,55.0
DN00329,2024,BCTC chưa kiểm toán,triệu đồng,286.0,1090.0,1813.0,855.0,4044.0,657.0,218.0,875.0,4919.0,417.0,2651.0,396.0,3464.0,0.0,0.0,0.0,3464.0,1455.0,4919.0,9731,9088.0,643.0,355.0,288.0,0.0,0.0,0.0,42.0
DN00329,2025,BCTC chưa kiểm toán,triệu đồng,213.0,1166.0,628.0,660.0,2667.0,429.0,141.0,570.0,3237.0,692.0,671.0,134.0,1497.0,191.0,36.0,227.0,1724.0,1513.0,3237.0,6742,5894.0,848.0,690.0,86.0,72.0,14.0,58.0,42.0
DN00330,2023,BCTC chưa kiểm toán,triệu đồng,156.0,493.0,235.0,260.0,1144.0,157.0,37.0,194.0,1338.0,178.0,125.0,24.0,327.0,0.0,0.0,0.0,327.0,1011.0,1338.0,2506,2336.0,170.0,131.0,9.0,30.0,6.0,24.0,10.0
DN00330,2024,BCTC chưa kiểm toán,triệu đồng,92.0,311.0,352.0,144.0,899.0,379.0,92.0,471.0,1370.0,169.0,148.0,19.0,336.0,0.0,0.0,0.0,336.0,1034.0,1370.0,2646,2308.0,338.0,295.0,15.0,28.0,6.0,22.0,37.0
DN00330,2025,BCTC chưa kiểm toán,triệu đồng,134.0,134.0,617.0,134.0,1019.0,215.0,45.0,260.0,1279.0,92.0,86.0,26.0,204.0,0.0,0.0,0.0,204.0,1075.0,1279.0,2515,2384.0,131.0,71.0,9.0,51.0,10.0,41.0,16.0
DN00331,2023,BCTC chưa kiểm toán,triệu đồng,63.0,530.0,88.0,169.0,850.0,287.0,67.0,354.0,1204.0,44.0,320.0,32.0,396.0,0.0,0.0,0.0,396.0,808.0,1204.0,587,456.0,131.0,90.0,28.0,13.0,3.0,10.0,27.0
DN00331,2024,BCTC chưa kiểm toán,triệu đồng,135.0,509.0,92.0,95.0,831.0,453.0,81.0,534.0,1365.0,54.0,412.0,78.0,544.0,21.0,2.0,23.0,567.0,798.0,1365.0,630,519.0,111.0,87.0,35.0,-11.0,0.0,-11.0,46.0
DN00331,2025,BCTC chưa kiểm toán,triệu đồng,126.0,746.0,193.0,137.0,1202.0,637.0,50.0,687.0,1889.0,63.0,382.0,43.0,488.0,407.0,167.0,574.0,1062.0,827.0,1889.0,924,693.0,231.0,134.0,60.0,37.0,7.0,30.0,66.0
DN00332,2023,Tờ khai thuế,triệu đồng,,,,,,,,,,,,,,,,,,,,261,,,,,,,,
DN00332,2024,Tờ khai thuế,triệu đồng,,,,,,,,,,,,,,,,,,,,261,,,,,,,,
DN00332,2025,Tờ khai thuế,triệu đồng,,,,,,,,,,,,,,,,,,,,347,,,,,,,,
DN00333,2023,BCTC chưa kiểm toán,triệu đồng,175.0,1048.0,718.0,403.0,2344.0,852.0,157.0,1009.0,3353.0,208.0,0.0,1403.0,1611.0,0.0,0.0,0.0,1611.0,1742.0,3353.0,4798,4137.0,661.0,629.0,0.0,32.0,6.0,26.0,71.0
DN00333,2024,BCTC chưa kiểm toán,triệu đồng,402.0,912.0,1087.0,545.0,2946.0,482.0,176.0,658.0,3604.0,746.0,839.0,265.0,1850.0,0.0,0.0,0.0,1850.0,1754.0,3604.0,4661,4083.0,578.0,488.0,75.0,15.0,3.0,12.0,51.0
DN00333,2025,BCTC chưa kiểm toán,triệu đồng,418.0,819.0,1216.0,225.0,2678.0,1068.0,262.0,1330.0,4008.0,507.0,1300.0,211.0,2018.0,72.0,47.0,119.0,2137.0,1871.0,4008.0,5272,4899.0,373.0,90.0,137.0,146.0,29.0,117.0,114.0
DN00334,2023,BCTC chưa kiểm toán,triệu đồng,198.0,474.0,921.0,500.0,2093.0,1598.0,328.0,1926.0,4019.0,298.0,1165.0,122.0,1585.0,347.0,178.0,525.0,2110.0,1909.0,4019.0,5157,4144.0,1013.0,735.0,138.0,140.0,28.0,112.0,142.0
DN00334,2024,BCTC chưa kiểm toán,triệu đồng,386.0,382.0,1043.0,521.0,2332.0,1925.0,153.0,2078.0,4410.0,296.0,2072.0,290.0,2658.0,0.0,0.0,0.0,2658.0,1752.0,4410.0,5178,4404.0,774.0,765.0,166.0,-157.0,0.0,-157.0,152.0
DN00334,2025,BCTC chưa kiểm toán,triệu đồng,177.0,969.0,805.0,510.0,2461.0,2988.0,159.0,3147.0,5608.0,607.0,1009.0,213.0,1829.0,1748.0,391.0,2139.0,3968.0,1640.0,5608.0,6632,5313.0,1319.0,1131.0,300.0,-112.0,0.0,-112.0,197.0
DN00335,2025,BCTC chưa kiểm toán,triệu đồng,180.0,790.0,137.0,169.0,1276.0,645.0,121.0,766.0,2042.0,38.0,563.0,105.0,706.0,236.0,100.0,336.0,1042.0,1000.0,2042.0,1163,791.0,372.0,329.0,59.0,-16.0,0.0,-16.0,67.0
DN00336,2023,BCTC chưa kiểm toán,triệu đồng,38.0,111.0,170.0,55.0,374.0,76.0,31.0,107.0,481.0,48.0,149.0,18.0,215.0,0.0,0.0,0.0,215.0,266.0,481.0,493,443.0,50.0,18.0,13.0,19.0,4.0,15.0,9.0
DN00336,2024,BCTC chưa kiểm toán,triệu đồng,58.0,73.0,304.0,64.0,499.0,97.0,15.0,112.0,611.0,16.0,0.0,240.0,256.0,0.0,81.0,81.0,337.0,274.0,611.0,566,504.0,62.0,53.0,0.0,9.0,2.0,7.0,11.0
DN00336,2025,BCTC chưa kiểm toán,triệu đồng,101.0,139.0,319.0,181.0,740.0,45.0,3.0,48.0,788.0,69.0,184.0,39.0,292.0,161.0,25.0,186.0,478.0,310.0,788.0,771,684.0,87.0,8.0,35.0,44.0,9.0,35.0,3.0
DN00337,2023,BCTC đã kiểm toán,đồng,145471000000.0,359604000000.0,274929000000.0,195590000000.0,975594000000.0,283921000000.0,44599000000.0,328520000000.0,1304114000000.0,191845000000.0,337735000000.0,44173000000.0,573753000000.0,270027000000.0,31816000000.0,301843000000.0,875596000000.0,428518000000.0,1304114000000.0,1971638000000,1830712000000.0,140926000000.0,46978000000.0,58506000000.0,35442000000.0,7088000000.0,28354000000.0,33288000000.0
DN00337,2024,BCTC đã kiểm toán,đồng,138687000000.0,407169000000.0,487303000000.0,128488000000.0,1161647000000.0,146656000000.0,49127000000.0,195783000000.0,1357430000000.0,136213000000.0,635585000000.0,123469000000.0,895267000000.0,0.0,0.0,0.0,895267000000.0,462163000000.0,1357430000000.0,2247418000000,2042297000000.0,205121000000.0,98193000000.0,64871000000.0,42057000000.0,8411000000.0,33646000000.0,9612000000.0
DN00337,2025,BCTC đã kiểm toán,đồng,107553000000.0,269357000000.0,576943000000.0,124181000000.0,1078034000000.0,304352000000.0,102046000000.0,406398000000.0,1484432000000.0,152731000000.0,697237000000.0,50910000000.0,900878000000.0,67594000000.0,37706000000.0,105300000000.0,1006178000000.0,478254000000.0,1484432000000.0,2374595000000,2163547000000.0,211048000000.0,131610000000.0,59324000000.0,20114000000.0,4023000000.0,16091000000.0,25183000000.0
DN00338,2023,BCTC chưa kiểm toán,triệu đồng,273.0,428.0,1364.0,259.0,2324.0,1806.0,222.0,2028.0,4352.0,519.0,989.0,142.0,1650.0,205.0,26.0,231.0,1881.0,2471.0,4352.0,3510,3057.0,453.0,191.0,131.0,131.0,26.0,105.0,166.0
DN00338,2024,BCTC chưa kiểm toán,triệu đồng,286.0,550.0,993.0,568.0,2397.0,1504.0,217.0,1721.0,4118.0,145.0,1099.0,202.0,1446.0,0.0,0.0,0.0,1446.0,2672.0,4118.0,3267,2828.0,439.0,109.0,79.0,251.0,50.0,201.0,180.0
DN00338,2025,BCTC chưa kiểm toán,triệu đồng,156.0,886.0,562.0,411.0,2015.0,1952.0,235.0,2187.0,4202.0,204.0,0.0,1181.0,1385.0,0.0,39.0,39.0,1424.0,2778.0,4202.0,3496,2994.0,502.0,370.0,0.0,132.0,26.0,106.0,207.0
DN00339,2023,Tờ khai thuế,triệu đồng,,,,,,,,,,,,,,,,,,,,1069,,,,,,,,
DN00339,2024,Tờ khai thuế,triệu đồng,,,,,,,,,,,,,,,,,,,,1018,,,,,,,,
DN00339,2025,Tờ khai thuế,triệu đồng,,,,,,,,,,,,,,,,,,,,858,,,,,,,,
DN00340,2023,BCTC chưa kiểm toán,triệu đồng,31.0,247.0,253.0,54.0,585.0,290.0,81.0,371.0,956.0,57.0,264.0,55.0,376.0,61.0,36.0,97.0,473.0,483.0,956.0,725,624.0,101.0,22.0,33.0,46.0,9.0,37.0,23.0
DN00340,2024,BCTC chưa kiểm toán,triệu đồng,54.0,175.0,333.0,75.0,637.0,287.0,29.0,316.0,953.0,54.0,255.0,52.0,361.0,64.0,20.0,84.0,445.0,508.0,953.0,678,570.0,108.0,45.0,31.0,32.0,6.0,26.0,34.0
DN00340,2025,BCTC chưa kiểm toán,triệu đồng,28.0,192.0,244.0,63.0,527.0,392.0,164.0,556.0,1083.0,57.0,257.0,37.0,351.0,174.0,37.0,211.0,562.0,521.0,1083.0,763,637.0,126.0,72.0,38.0,16.0,3.0,13.0,30.0
DN00341,2023,BCTC đã kiểm toán,triệu đồng,6151.0,8635.0,14988.0,5726.0,35500.0,11110.0,1743.0,12853.0,48353.0,3280.0,22485.0,1386.0,27151.0,0.0,0.0,0.0,27151.0,21202.0,48353.0,48250,43973.0,4277.0,1485.0,2083.0,709.0,142.0,567.0,1277.0
DN00341,2024,BCTC đã kiểm toán,triệu đồng,5255.0,6433.0,20793.0,7898.0,40379.0,7959.0,1219.0,9178.0,49557.0,2919.0,24669.0,1502.0,29090.0,0.0,0.0,0.0,29090.0,20467.0,49557.0,49804,44032.0,5772.0,3988.0,2518.0,-734.0,0.0,-734.0,555.0
DN00341,2025,BCTC đã kiểm toán,triệu đồng,5228.0,9980.0,18917.0,7320.0,41445.0,6552.0,348.0,6900.0,48345.0,1689.0,20838.0,3886.0,26413.0,1063.0,77.0,1140.0,27553.0,20792.0,48345.0,52625,48142.0,4483.0,1707.0,2371.0,405.0,81.0,324.0,398.0
DN00342,2023,BCTC chưa kiểm toán,triệu đồng,109.0,640.0,115.0,111.0,975.0,697.0,125.0,822.0,1797.0,61.0,507.0,64.0,632.0,0.0,0.0,0.0,632.0,1165.0,1797.0,1075,807.0,268.0,160.0,52.0,56.0,11.0,45.0,48.0
DN00342,2024,BCTC chưa kiểm toán,triệu đồng,65.0,508.0,417.0,211.0,1201.0,436.0,87.0,523.0,1724.0,51.0,335.0,36.0,422.0,21.0,9.0,30.0,452.0,1272.0,1724.0,1177,861.0,316.0,152.0,30.0,134.0,27.0,107.0,30.0
DN00342,2025,BCTC chưa kiểm toán,triệu đồng,124.0,589.0,222.0,250.0,1185.0,553.0,175.0,728.0,1913.0,120.0,0.0,477.0,597.0,0.0,0.0,0.0,597.0,1316.0,1913.0,1295,929.0,366.0,311.0,0.0,55.0,11.0,44.0,42.0
DN00343,2024,BCTC chưa kiểm toán,triệu đồng,59.0,457.0,56.0,90.0,662.0,407.0,52.0,459.0,1121.0,62.0,367.0,26.0,455.0,233.0,34.0,267.0,722.0,399.0,1121.0,664,499.0,165.0,127.0,52.0,-14.0,0.0,-14.0,29.0
DN00343,2025,BCTC chưa kiểm toán,triệu đồng,111.0,357.0,65.0,153.0,686.0,432.0,46.0,478.0,1164.0,61.0,334.0,33.0,428.0,270.0,93.0,363.0,791.0,373.0,1164.0,737,583.0,154.0,121.0,59.0,-26.0,0.0,-26.0,30.0
DN00344,2024,BCTC chưa kiểm toán,triệu đồng,77.0,164.0,415.0,212.0,868.0,571.0,141.0,712.0,1580.0,60.0,395.0,59.0,514.0,0.0,0.0,0.0,514.0,1066.0,1580.0,1125,961.0,164.0,124.0,40.0,0.0,0.0,0.0,47.0
DN00344,2025,BCTC chưa kiểm toán,triệu đồng,166.0,281.0,302.0,248.0,997.0,475.0,188.0,663.0,1660.0,74.0,0.0,522.0,596.0,0.0,13.0,13.0,609.0,1051.0,1660.0,1147,1003.0,144.0,159.0,0.0,-15.0,0.0,-15.0,33.0
DN00345,2023,BCTC đã kiểm toán,triệu đồng,145.0,343.0,1019.0,393.0,1900.0,253.0,60.0,313.0,2213.0,203.0,632.0,125.0,960.0,0.0,0.0,0.0,960.0,1253.0,2213.0,3794,3456.0,338.0,238.0,64.0,36.0,7.0,29.0,25.0
DN00345,2024,BCTC đã kiểm toán,triệu đồng,218.0,746.0,648.0,282.0,1894.0,454.0,175.0,629.0,2523.0,531.0,0.0,389.0,920.0,0.0,229.0,229.0,1149.0,1374.0,2523.0,4126,3667.0,459.0,307.0,0.0,152.0,30.0,122.0,47.0
DN00345,2025,BCTC đã kiểm toán,triệu đồng,140.0,662.0,1144.0,635.0,2581.0,260.0,70.0,330.0,2911.0,415.0,676.0,149.0,1240.0,0.0,0.0,0.0,1240.0,1671.0,2911.0,4927,4457.0,470.0,49.0,50.0,371.0,74.0,297.0,31.0
DN00346,2023,BCTC chưa kiểm toán,triệu đồng,281.0,1035.0,526.0,279.0,2121.0,922.0,243.0,1165.0,3286.0,131.0,854.0,113.0,1098.0,0.0,0.0,0.0,1098.0,2188.0,3286.0,3222,2346.0,876.0,621.0,89.0,166.0,33.0,133.0,103.0
DN00346,2024,BCTC chưa kiểm toán,triệu đồng,219.0,1105.0,514.0,425.0,2263.0,1032.0,67.0,1099.0,3362.0,351.0,623.0,166.0,1140.0,0.0,0.0,0.0,1140.0,2222.0,3362.0,2981,2195.0,786.0,699.0,44.0,43.0,9.0,34.0,91.0
DN00346,2025,BCTC chưa kiểm toán,triệu đồng,204.0,1118.0,365.0,376.0,2063.0,1895.0,574.0,2469.0,4532.0,512.0,351.0,143.0,1006.0,636.0,376.0,1012.0,2018.0,2514.0,4532.0,4030,3129.0,901.0,438.0,98.0,365.0,73.0,292.0,144.0
DN00347,2023,BCTC chưa kiểm toán,triệu đồng,66.0,683.0,430.0,176.0,1355.0,748.0,241.0,989.0,2344.0,45.0,762.0,44.0,851.0,13.0,1.0,14.0,865.0,1479.0,2344.0,1030,814.0,216.0,170.0,83.0,-37.0,0.0,-37.0,64.0
DN00347,2024,BCTC chưa kiểm toán,triệu đồng,116.0,919.0,263.0,162.0,1460.0,716.0,126.0,842.0,2302.0,80.0,659.0,92.0,831.0,0.0,0.0,0.0,831.0,1471.0,2302.0,1079,809.0,270.0,211.0,67.0,-8.0,0.0,-8.0,50.0
DN00347,2025,BCTC chưa kiểm toán,triệu đồng,175.0,573.0,247.0,141.0,1136.0,1201.0,146.0,1347.0,2483.0,81.0,0.0,475.0,556.0,0.0,500.0,500.0,1056.0,1427.0,2483.0,1132,903.0,229.0,273.0,0.0,-44.0,0.0,-44.0,128.0
DN00348,2023,BCTC chưa kiểm toán,triệu đồng,533.0,3495.0,1387.0,1724.0,7139.0,4550.0,1062.0,5612.0,12751.0,1139.0,3612.0,366.0,5117.0,3368.0,477.0,3845.0,8962.0,3789.0,12751.0,13695,10747.0,2948.0,1736.0,643.0,569.0,114.0,455.0,288.0
DN00348,2024,BCTC chưa kiểm toán,triệu đồng,1095.0,7001.0,1958.0,2190.0,12244.0,3198.0,599.0,3797.0,16041.0,2052.0,4662.0,973.0,7687.0,3175.0,426.0,3601.0,11288.0,4753.0,16041.0,18413,14531.0,3882.0,2080.0,598.0,1204.0,241.0,963.0,271.0
DN00348,2025,BCTC chưa kiểm toán,triệu đồng,836.0,8016.0,1421.0,1969.0,12242.0,4787.0,1306.0,6093.0,18335.0,2410.0,6046.0,1000.0,9456.0,2867.0,410.0,3277.0,12733.0,5602.0,18335.0,21438,15446.0,5992.0,4259.0,671.0,1062.0,212.0,850.0,377.0
DN00349,2024,BCTC đã kiểm toán,triệu đồng,6097.0,8100.0,20311.0,8144.0,42652.0,13053.0,934.0,13987.0,56639.0,2884.0,27891.0,4820.0,35595.0,2279.0,1431.0,3710.0,39305.0,17334.0,56639.0,69105,62264.0,6841.0,691.0,2734.0,3416.0,683.0,2733.0,1237.0
DN00349,2025,BCTC đã kiểm toán,triệu đồng,7993.0,28555.0,16476.0,10894.0,63918.0,8953.0,1978.0,10931.0,74849.0,5094.0,42135.0,8305.0,55534.0,1978.0,3.0,1981.0,57515.0,17334.0,74849.0,85884,77948.0,7936.0,3296.0,4640.0,0.0,0.0,0.0,941.0
DN00350,2023,BCTC chưa kiểm toán,triệu đồng,2767.0,18777.0,15243.0,9664.0,46451.0,21886.0,8758.0,30644.0,77095.0,3616.0,41774.0,3642.0,49032.0,0.0,0.0,0.0,49032.0,28063.0,77095.0,44625,37892.0,6733.0,446.0,4492.0,1795.0,359.0,1436.0,2203.0
DN00350,2024,BCTC chưa kiểm toán,triệu đồng,2929.0,9345.0,11751.0,4472.0,28497.0,29517.0,10647.0,40164.0,68661.0,2737.0,20874.0,2214.0,25825.0,15403.0,734.0,16137.0,41962.0,26699.0,68661.0,40074,33105.0,6969.0,4432.0,3901.0,-1364.0,0.0,-1364.0,2749.0
DN00350,2025,BCTC chưa kiểm toán,triệu đồng,3270.0,20684.0,7039.0,3616.0,34609.0,26753.0,4575.0,31328.0,65937.0,1049.0,24979.0,3328.0,29356.0,8872.0,2321.0,11193.0,40549.0,25388.0,65937.0,38932,31196.0,7736.0,6551.0,2495.0,-1310.0,0.0,-1310.0,2239.0
DN00351,2023,Tờ khai thuế,triệu đồng,,,,,,,,,,,,,,,,,,,,487,,,,,,,,
DN00351,2024,Tờ khai thuế,triệu đồng,,,,,,,,,,,,,,,,,,,,489,,,,,,,,
DN00351,2025,Tờ khai thuế,triệu đồng,,,,,,,,,,,,,,,,,,,,482,,,,,,,,
DN00352,2023,BCTC chưa kiểm toán,triệu đồng,81.0,164.0,191.0,85.0,521.0,31.0,9.0,40.0,561.0,21.0,171.0,12.0,204.0,0.0,0.0,0.0,204.0,357.0,561.0,531,458.0,73.0,54.0,19.0,0.0,0.0,0.0,3.0
DN00352,2024,BCTC chưa kiểm toán,triệu đồng,82.0,136.0,260.0,65.0,543.0,103.0,33.0,136.0,679.0,63.0,212.0,36.0,311.0,0.0,0.0,0.0,311.0,368.0,679.0,642,563.0,79.0,47.0,17.0,15.0,3.0,12.0,12.0
DN00352,2025,BCTC chưa kiểm toán,triệu đồng,93.0,158.0,211.0,71.0,533.0,124.0,12.0,136.0,669.0,30.0,247.0,25.0,302.0,0.0,0.0,0.0,302.0,367.0,669.0,622,522.0,100.0,78.0,22.0,0.0,0.0,0.0,13.0
DN00353,2023,BCTC chưa kiểm toán,triệu đồng,98.0,469.0,118.0,76.0,761.0,350.0,98.0,448.0,1209.0,74.0,407.0,49.0,530.0,0.0,0.0,0.0,530.0,679.0,1209.0,1034,785.0,249.0,208.0,41.0,0.0,0.0,0.0,41.0
DN00353,2024,BCTC chưa kiểm toán,triệu đồng,40.0,366.0,141.0,144.0,691.0,552.0,155.0,707.0,1398.0,56.0,352.0,58.0,466.0,303.0,9.0,312.0,778.0,620.0,1398.0,1037,800.0,237.0,226.0,71.0,-60.0,0.0,-60.0,63.0
DN00353,2025,BCTC chưa kiểm toán,triệu đồng,110.0,326.0,119.0,123.0,678.0,452.0,45.0,497.0,1175.0,101.0,0.0,405.0,506.0,0.0,23.0,23.0,529.0,646.0,1175.0,918,665.0,253.0,221.0,0.0,32.0,6.0,26.0,53.0
DN00354,2023,BCTC chưa kiểm toán,đồng,434000000.0,2770000000.0,844000000.0,1234000000.0,5282000000.0,4933000000.0,633000000.0,5566000000.0,10848000000.0,607000000.0,2349000000.0,485000000.0,3441000000.0,1594000000.0,474000000.0,2068000000.0,5509000000.0,5339000000.0,10848000000.0,10206000000,7959000000.0,2247000000.0,1353000000.0,310000000.0,584000000.0,117000000.0,467000000.0,452000000.0
DN00354,2024,BCTC chưa kiểm toán,đồng,765000000.0,2410000000.0,804000000.0,663000000.0,4642000000.0,4735000000.0,388000000.0,5123000000.0,9765000000.0,753000000.0,1930000000.0,312000000.0,2995000000.0,754000000.0,305000000.0,1059000000.0,4054000000.0,5711000000.0,9765000000.0,9465000000,7349000000.0,2116000000.0,1382000000.0,269000000.0,465000000.0,93000000.0,372000000.0,420000000.0
DN00354,2025,BCTC chưa kiểm toán,đồng,440000000.0,2270000000.0,1152000000.0,718000000.0,4580000000.0,4484000000.0,518000000.0,5002000000.0,9582000000.0,1175000000.0,0.0,1062000000.0,2237000000.0,0.0,1333000000.0,1333000000.0,3570000000.0,6012000000.0,9582000000.0,9468000000,7412000000.0,2056000000.0,1680000000.0,0.0,376000000.0,75000000.0,301000000.0,510000000.0
DN00355,2023,BCTC chưa kiểm toán,triệu đồng,905.0,1515.0,4447.0,1164.0,8031.0,4096.0,1556.0,5652.0,13683.0,995.0,4456.0,775.0,6226.0,1231.0,84.0,1315.0,7541.0,6142.0,13683.0,11995,10637.0,1358.0,258.0,579.0,521.0,104.0,417.0,282.0
DN00355,2024,BCTC chưa kiểm toán,triệu đồng,743.0,2508.0,3653.0,1034.0,7938.0,3873.0,1515.0,5388.0,13326.0,1807.0,2328.0,681.0,4816.0,1652.0,405.0,2057.0,6873.0,6453.0,13326.0,12275,10181.0,2094.0,1281.0,425.0,388.0,78.0,310.0,260.0
DN00355,2025,BCTC chưa kiểm toán,triệu đồng,514.0,1280.0,7198.0,804.0,9796.0,3926.0,811.0,4737.0,14533.0,1006.0,0.0,6150.0,7156.0,0.0,687.0,687.0,7843.0,6690.0,14533.0,12741,10988.0,1753.0,1456.0,0.0,297.0,59.0,238.0,366.0
DN00356,2023,BCTC chưa kiểm toán,triệu đồng,473.0,1178.0,3307.0,723.0,5681.0,978.0,128.0,1106.0,6787.0,1071.0,1156.0,335.0,2562.0,679.0,116.0,795.0,3357.0,3430.0,6787.0,17523,16940.0,583.0,175.0,190.0,218.0,44.0,174.0,72.0
DN00356,2024,BCTC chưa kiểm toán,triệu đồng,706.0,1488.0,4741.0,649.0,7584.0,2294.0,381.0,2675.0,10259.0,1217.0,2933.0,636.0,4786.0,1439.0,163.0,1602.0,6388.0,3871.0,10259.0,22849,20428.0,2421.0,1505.0,364.0,552.0,110.0,442.0,165.0
DN00356,2025,BCTC chưa kiểm toán,triệu đồng,442.0,3993.0,3906.0,1770.0,10111.0,1649.0,385.0,2034.0,12145.0,1979.0,4165.0,696.0,6840.0,506.0,314.0,820.0,7660.0,4485.0,12145.0,27795,24694.0,3101.0,1936.0,397.0,768.0,154.0,614.0,131.0
DN00357,2024,BCTC chưa kiểm toán,triệu đồng,96.0,409.0,156.0,147.0,808.0,963.0,154.0,1117.0,1925.0,32.0,382.0,41.0,455.0,294.0,160.0,454.0,909.0,1016.0,1925.0,846,629.0,217.0,21.0,52.0,144.0,29.0,115.0,68.0
DN00357,2025,BCTC chưa kiểm toán,triệu đồng,79.0,627.0,223.0,132.0,1061.0,522.0,190.0,712.0,1773.0,69.0,376.0,58.0,503.0,138.0,79.0,217.0,720.0,1053.0,1773.0,861,720.0,141.0,54.0,40.0,47.0,9.0,38.0,61.0
DN00358,2023,BCTC chưa kiểm toán,triệu đồng,3386.0,8865.0,13002.0,5505.0,30758.0,7066.0,1862.0,8928.0,39686.0,3403.0,11412.0,1369.0,16184.0,0.0,0.0,0.0,16184.0,23502.0,39686.0,68790,61599.0,7191.0,5533.0,1010.0,648.0,130.0,518.0,819.0
DN00358,2024,BCTC chưa kiểm toán,triệu đồng,4866.0,12692.0,20476.0,3502.0,41536.0,3327.0,495.0,3822.0,45358.0,9318.0,10569.0,1968.0,21855.0,0.0,0.0,0.0,21855.0,23503.0,45358.0,75587,66664.0,8923.0,7985.0,938.0,0.0,0.0,0.0,262.0
DN00358,2025,BCTC chưa kiểm toán,triệu đồng,4387.0,5385.0,22332.0,3101.0,35205.0,6195.0,1339.0,7534.0,42739.0,2410.0,13693.0,2601.0,18704.0,0.0,0.0,0.0,18704.0,24035.0,42739.0,74138,66855.0,7283.0,5597.0,1021.0,665.0,133.0,532.0,394.0
DN00359,2023,Tờ khai thuế,triệu đồng,,,,,,,,,,,,,,,,,,,,1435,,,,,,,,
DN00359,2024,Tờ khai thuế,triệu đồng,,,,,,,,,,,,,,,,,,,,1648,,,,,,,,
DN00359,2025,Tờ khai thuế,triệu đồng,,,,,,,,,,,,,,,,,,,,1444,,,,,,,,
DN00360,2023,Tờ khai thuế,triệu đồng,,,,,,,,,,,,,,,,,,,,510,,,,,,,,
DN00360,2024,Tờ khai thuế,triệu đồng,,,,,,,,,,,,,,,,,,,,502,,,,,,,,
DN00360,2025,Tờ khai thuế,triệu đồng,,,,,,,,,,,,,,,,,,,,488,,,,,,,,
DN00361,2024,BCTC đã kiểm toán,triệu đồng,2302.0,2537.0,9103.0,1559.0,15501.0,4602.0,459.0,5061.0,20562.0,2617.0,8470.0,1266.0,12353.0,0.0,0.0,0.0,12353.0,8209.0,20562.0,21165,18993.0,2172.0,1538.0,926.0,-292.0,0.0,-292.0,550.0
DN00361,2025,BCTC đã kiểm toán,triệu đồng,720.0,6382.0,3394.0,971.0,11467.0,6388.0,499.0,6887.0,18354.0,1552.0,7132.0,1514.0,10198.0,307.0,90.0,397.0,10595.0,7759.0,18354.0,18026,15798.0,2228.0,1900.0,778.0,-450.0,0.0,-450.0,443.0
DN00362,2023,BCTC chưa kiểm toán,triệu đồng,542.0,2573.0,2521.0,896.0,6532.0,4564.0,839.0,5403.0,11935.0,473.0,4687.0,424.0,5584.0,1538.0,844.0,2382.0,7966.0,3969.0,11935.0,7539,5523.0,2016.0,1511.0,613.0,-108.0,0.0,-108.0,455.0
DN00362,2024,BCTC chưa kiểm toán,triệu đồng,896.0,2862.0,469.0,823.0,5050.0,8323.0,695.0,9018.0,14068.0,555.0,2194.0,317.0,3066.0,5087.0,2177.0,7264.0,10330.0,3738.0,14068.0,9577,7500.0,2077.0,1772.0,535.0,-230.0,0.0,-230.0,889.0
DN00362,2025,BCTC chưa kiểm toán,triệu đồng,881.0,3217.0,489.0,1389.0,5976.0,3888.0,1635.0,5523.0,11499.0,445.0,2754.0,521.0,3720.0,3809.0,135.0,3944.0,7664.0,3835.0,11499.0,7548,6078.0,1470.0,816.0,533.0,121.0,24.0,97.0,412.0
DN00363,2024,BCTC chưa kiểm toán,triệu đồng,1581.0,8860.0,8833.0,2559.0,21833.0,3683.0,1404.0,5087.0,26920.0,1923.0,9242.0,1956.0,13121.0,0.0,0.0,0.0,13121.0,13799.0,26920.0,57801,50973.0,6828.0,7112.0,827.0,-1111.0,0.0,-1111.0,227.0
DN00363,2025,BCTC chưa kiểm toán,triệu đồng,1388.0,3645.0,9519.0,3405.0,17957.0,3446.0,1086.0,4532.0,22489.0,1525.0,5187.0,996.0,7708.0,0.0,0.0,0.0,7708.0,14781.0,22489.0,49693,42861.0,6832.0,5190.0,415.0,1227.0,245.0,982.0,364.0
DN00364,2023,BCTC đã kiểm toán,triệu đồng,2740.0,18299.0,2120.0,4492.0,27651.0,12748.0,3970.0,16718.0,44369.0,3399.0,11478.0,945.0,15822.0,10782.0,3992.0,14774.0,30596.0,13773.0,44369.0,39982,30246.0,9736.0,6080.0,1709.0,1947.0,389.0,1558.0,1184.0
DN00364,2024,BCTC đã kiểm toán,triệu đồng,838.0,8367.0,4430.0,2127.0,15762.0,11158.0,2954.0,14112.0,29874.0,3171.0,4345.0,1056.0,8572.0,5271.0,255.0,5526.0,14098.0,15776.0,29874.0,30220,22073.0,8147.0,4886.0,757.0,2504.0,501.0,2003.0,1011.0
DN00364,2025,BCTC đã kiểm toán,triệu đồng,1173.0,14389.0,3352.0,5662.0,24576.0,14057.0,4784.0,18841.0,43417.0,1821.0,12641.0,1214.0,15676.0,10205.0,309.0,10514.0,26190.0,17227.0,43417.0,39964,29729.0,10235.0,6016.0,2406.0,1813.0,363.0,1450.0,968.0
DN00365,2023,BCTC chưa kiểm toán,triệu đồng,350.0,1623.0,414.0,433.0,2820.0,1022.0,288.0,1310.0,4130.0,626.0,1553.0,317.0,2496.0,399.0,8.0,407.0,2903.0,1227.0,4130.0,2414,1980.0,434.0,260.0,151.0,23.0,5.0,18.0,115.0
DN00365,2024,BCTC chưa kiểm toán,triệu đồng,581.0,1742.0,1328.0,426.0,4077.0,1008.0,206.0,1214.0,5291.0,318.0,2225.0,362.0,2905.0,1428.0,157.0,1585.0,4490.0,801.0,5291.0,3207,2995.0,212.0,341.0,297.0,-426.0,0.0,-426.0,73.0
DN00365,2025,BCTC chưa kiểm toán,triệu đồng,307.0,2428.0,1388.0,1058.0,5181.0,811.0,300.0,1111.0,6292.0,760.0,2777.0,402.0,3939.0,1456.0,21.0,1477.0,5416.0,876.0,6292.0,3915,3329.0,586.0,39.0,453.0,94.0,19.0,75.0,50.0
DN00366,2023,BCTC chưa kiểm toán,triệu đồng,258.0,597.0,691.0,359.0,1905.0,328.0,33.0,361.0,2266.0,211.0,1097.0,71.0,1379.0,42.0,18.0,60.0,1439.0,827.0,2266.0,2774,2543.0,231.0,104.0,82.0,45.0,9.0,36.0,21.0
DN00366,2024,BCTC chưa kiểm toán,triệu đồng,294.0,887.0,740.0,199.0,2120.0,339.0,72.0,411.0,2531.0,171.0,891.0,114.0,1176.0,322.0,165.0,487.0,1663.0,868.0,2531.0,3234,2975.0,259.0,123.0,85.0,51.0,10.0,41.0,25.0
DN00366,2025,BCTC chưa kiểm toán,triệu đồng,322.0,841.0,593.0,321.0,2077.0,537.0,144.0,681.0,2758.0,195.0,1326.0,154.0,1675.0,135.0,42.0,177.0,1852.0,906.0,2758.0,3611,3238.0,373.0,184.0,140.0,49.0,10.0,39.0,41.0
DN00367,2023,BCTC chưa kiểm toán,triệu đồng,466.0,345.0,1615.0,621.0,3047.0,382.0,106.0,488.0,3535.0,282.0,1182.0,237.0,1701.0,0.0,0.0,0.0,1701.0,1834.0,3535.0,6797,6406.0,391.0,234.0,104.0,53.0,11.0,42.0,25.0
DN00367,2024,BCTC chưa kiểm toán,triệu đồng,549.0,610.0,1614.0,549.0,3322.0,487.0,208.0,695.0,4017.0,442.0,1442.0,203.0,2087.0,0.0,0.0,0.0,2087.0,1930.0,4017.0,7553,6539.0,1014.0,756.0,138.0,120.0,24.0,96.0,41.0
DN00367,2025,BCTC chưa kiểm toán,triệu đồng,377.0,1174.0,1517.0,743.0,3811.0,1095.0,361.0,1456.0,5267.0,698.0,0.0,2347.0,3045.0,0.0,179.0,179.0,3224.0,2043.0,5267.0,9835,8914.0,921.0,780.0,0.0,141.0,28.0,113.0,109.0
DN00368,2023,BCTC chưa kiểm toán,triệu đồng,130.0,804.0,169.0,158.0,1261.0,955.0,207.0,1162.0,2423.0,207.0,479.0,64.0,750.0,466.0,277.0,743.0,1493.0,930.0,2423.0,2454,1849.0,605.0,545.0,102.0,-42.0,0.0,-42.0,89.0
DN00368,2024,BCTC chưa kiểm toán,triệu đồng,176.0,1030.0,359.0,476.0,2041.0,406.0,130.0,536.0,2577.0,121.0,1273.0,95.0,1489.0,154.0,88.0,242.0,1731.0,846.0,2577.0,2329,1813.0,516.0,486.0,114.0,-84.0,0.0,-84.0,32.0
DN00368,2025,BCTC chưa kiểm toán,triệu đồng,98.0,443.0,223.0,247.0,1011.0,1084.0,357.0,1441.0,2452.0,127.0,771.0,61.0,959.0,435.0,262.0,697.0,1656.0,796.0,2452.0,2360,1699.0,661.0,588.0,122.0,-49.0,0.0,-49.0,108.0
DN00369,2023,BCTC đã kiểm toán,triệu đồng,74.0,892.0,257.0,207.0,1430.0,998.0,102.0,1100.0,2530.0,220.0,272.0,53.0,545.0,390.0,132.0,522.0,1067.0,1463.0,2530.0,2747,2124.0,623.0,371.0,46.0,206.0,41.0,165.0,92.0
DN00369,2024,BCTC đã kiểm toán,triệu đồng,233.0,724.0,153.0,260.0,1370.0,1651.0,169.0,1820.0,3190.0,303.0,410.0,88.0,801.0,812.0,17.0,829.0,1630.0,1560.0,3190.0,3353,2580.0,773.0,531.0,120.0,122.0,24.0,98.0,190.0
DN00369,2025,BCTC đã kiểm toán,triệu đồng,347.0,888.0,399.0,333.0,1967.0,1553.0,297.0,1850.0,3817.0,369.0,592.0,161.0,1122.0,902.0,128.0,1030.0,2152.0,1665.0,3817.0,4194,3084.0,1110.0,871.0,109.0,130.0,26.0,104.0,160.0
DN00370,2023,Tờ khai thuế,triệu đồng,,,,,,,,,,,,,,,,,,,,875,,,,,,,,
DN00370,2024,Tờ khai thuế,triệu đồng,,,,,,,,,,,,,,,,,,,,924,,,,,,,,
DN00370,2025,Tờ khai thuế,triệu đồng,,,,,,,,,,,,,,,,,,,,1041,,,,,,,,
DN00371,2025,BCTC chưa kiểm toán,triệu đồng,107.0,250.0,201.0,138.0,696.0,115.0,16.0,131.0,827.0,124.0,0.0,357.0,481.0,0.0,0.0,0.0,481.0,346.0,827.0,1066,922.0,144.0,156.0,0.0,-12.0,0.0,-12.0,10.0
DN00372,2023,BCTC đã kiểm toán,triệu đồng,17106.0,58221.0,67297.0,28389.0,171013.0,126250.0,9121.0,135371.0,306384.0,13462.0,102725.0,7567.0,123754.0,105949.0,933.0,106882.0,230636.0,75748.0,306384.0,195622,147483.0,48139.0,15544.0,20068.0,12527.0,2505.0,10022.0,12248.0
DN00372,2024,BCTC đã kiểm toán,triệu đồng,34315.0,165313.0,22794.0,21899.0,244321.0,156043.0,27077.0,183120.0,427441.0,9582.0,116631.0,7246.0,133459.0,129008.0,70867.0,199875.0,333334.0,94107.0,427441.0,262319,181569.0,80750.0,31293.0,26509.0,22948.0,4590.0,18358.0,9477.0
DN00372,2025,BCTC đã kiểm toán,triệu đồng,26509.0,101652.0,57580.0,61580.0,247321.0,121145.0,31626.0,152771.0,400092.0,29829.0,97568.0,6792.0,134189.0,130684.0,28888.0,159572.0,293761.0,106331.0,400092.0,260540,213934.0,46606.0,15305.0,16021.0,15280.0,3056.0,12224.0,8584.0
DN00373,2023,BCTC chưa kiểm toán,triệu đồng,57.0,165.0,40.0,85.0,347.0,77.0,17.0,94.0,441.0,33.0,142.0,27.0,202.0,0.0,0.0,0.0,202.0,239.0,441.0,359,313.0,46.0,35.0,11.0,0.0,0.0,0.0,8.0
DN00373,2024,BCTC chưa kiểm toán,triệu đồng,25.0,145.0,117.0,82.0,369.0,89.0,35.0,124.0,493.0,41.0,178.0,38.0,257.0,0.0,0.0,0.0,257.0,236.0,493.0,368,323.0,45.0,34.0,14.0,-3.0,0.0,-3.0,8.0
DN00373,2025,BCTC chưa kiểm toán,triệu đồng,31.0,237.0,140.0,65.0,473.0,118.0,48.0,166.0,639.0,187.0,97.0,28.0,312.0,67.0,24.0,91.0,403.0,236.0,639.0,466,400.0,66.0,50.0,16.0,0.0,0.0,0.0,8.0
DN00374,2023,BCTC chưa kiểm toán,triệu đồng,264.0,612.0,2165.0,922.0,3963.0,1525.0,114.0,1639.0,5602.0,432.0,0.0,1985.0,2417.0,0.0,0.0,0.0,2417.0,3185.0,5602.0,10064,8633.0,1431.0,1248.0,0.0,183.0,37.0,146.0,113.0
DN00374,2024,BCTC chưa kiểm toán,triệu đồng,361.0,2068.0,1800.0,835.0,5064.0,871.0,233.0,1104.0,6168.0,453.0,2089.0,408.0,2950.0,0.0,0.0,0.0,2950.0,3218.0,6168.0,11446,10695.0,751.0,542.0,167.0,42.0,8.0,34.0,66.0
DN00374,2025,BCTC chưa kiểm toán,triệu đồng,574.0,1188.0,1658.0,502.0,3922.0,795.0,165.0,960.0,4882.0,705.0,745.0,115.0,1565.0,0.0,0.0,0.0,1565.0,3317.0,4882.0,8896,7715.0,1181.0,983.0,75.0,123.0,25.0,98.0,65.0
DN00375,2023,Tờ khai thuế,triệu đồng,,,,,,,,,,,,,,,,,,,,2055,,,,,,,,
DN00375,2024,Tờ khai thuế,triệu đồng,,,,,,,,,,,,,,,,,,,,2155,,,,,,,,
DN00375,2025,Tờ khai thuế,triệu đồng,,,,,,,,,,,,,,,,,,,,2443,,,,,,,,
DN00376,2023,BCTC chưa kiểm toán,triệu đồng,58.0,166.0,190.0,50.0,464.0,124.0,37.0,161.0,625.0,120.0,0.0,136.0,256.0,0.0,0.0,0.0,256.0,369.0,625.0,1182,1044.0,138.0,131.0,0.0,7.0,1.0,6.0,11.0
DN00376,2024,BCTC chưa kiểm toán,triệu đồng,62.0,134.0,327.0,85.0,608.0,137.0,47.0,184.0,792.0,106.0,271.0,32.0,409.0,0.0,0.0,0.0,409.0,383.0,792.0,1315,1106.0,209.0,171.0,21.0,17.0,3.0,14.0,15.0
DN00376,2025,BCTC chưa kiểm toán,triệu đồng,55.0,149.0,292.0,150.0,646.0,57.0,17.0,74.0,720.0,53.0,0.0,272.0,325.0,0.0,0.0,0.0,325.0,395.0,720.0,1284,1163.0,121.0,105.0,0.0,16.0,3.0,13.0,6.0
DN00377,2023,BCTC chưa kiểm toán,triệu đồng,394.0,2664.0,2630.0,1084.0,6772.0,2568.0,215.0,2783.0,9555.0,3238.0,1766.0,393.0,5397.0,262.0,107.0,369.0,5766.0,3789.0,9555.0,16214,14545.0,1669.0,1188.0,211.0,270.0,54.0,216.0,258.0
DN00377,2024,BCTC chưa kiểm toán,triệu đồng,764.0,2947.0,2345.0,557.0,6613.0,1782.0,266.0,2048.0,8661.0,1078.0,2871.0,304.0,4253.0,386.0,44.0,430.0,4683.0,3978.0,8661.0,15031,13537.0,1494.0,1015.0,243.0,236.0,47.0,189.0,168.0
DN00377,2025,BCTC chưa kiểm toán,triệu đồng,1006.0,2805.0,1511.0,1083.0,6405.0,2862.0,159.0,3021.0,9426.0,2866.0,1552.0,733.0,5151.0,0.0,0.0,0.0,5151.0,4275.0,9426.0,15326,14043.0,1283.0,791.0,121.0,371.0,74.0,297.0,178.0
DN00378,2023,BCTC chưa kiểm toán,triệu đồng,58.0,266.0,375.0,222.0,921.0,184.0,52.0,236.0,1157.0,88.0,378.0,53.0,519.0,0.0,0.0,0.0,519.0,638.0,1157.0,1536,1205.0,331.0,325.0,38.0,-32.0,0.0,-32.0,21.0
DN00378,2024,BCTC chưa kiểm toán,triệu đồng,85.0,242.0,367.0,225.0,919.0,84.0,31.0,115.0,1034.0,89.0,249.0,38.0,376.0,0.0,0.0,0.0,376.0,658.0,1034.0,1348,1260.0,88.0,45.0,19.0,24.0,5.0,19.0,8.0
DN00378,2025,BCTC chưa kiểm toán,triệu đồng,78.0,346.0,432.0,183.0,1039.0,116.0,42.0,158.0,1197.0,53.0,470.0,71.0,594.0,0.0,0.0,0.0,594.0,603.0,1197.0,1492,1353.0,139.0,149.0,45.0,-55.0,0.0,-55.0,13.0
DN00379,2023,BCTC chưa kiểm toán,triệu đồng,175.0,1079.0,1128.0,256.0,2638.0,570.0,35.0,605.0,3243.0,112.0,1414.0,141.0,1667.0,0.0,0.0,0.0,1667.0,1576.0,3243.0,1143,988.0,155.0,11.0,119.0,25.0,5.0,20.0,63.0
DN00379,2024,BCTC chưa kiểm toán,triệu đồng,291.0,574.0,741.0,319.0,1925.0,592.0,72.0,664.0,2589.0,127.0,765.0,87.0,979.0,0.0,0.0,0.0,979.0,1610.0,2589.0,990,852.0,138.0,41.0,55.0,42.0,8.0,34.0,36.0
DN00379,2025,BCTC chưa kiểm toán,triệu đồng,202.0,1122.0,773.0,456.0,2553.0,430.0,64.0,494.0,3047.0,148.0,1165.0,229.0,1542.0,0.0,0.0,0.0,1542.0,1505.0,3047.0,1050,955.0,95.0,91.0,109.0,-105.0,0.0,-105.0,26.0
DN00380,2023,BCTC chưa kiểm toán,triệu đồng,3638.0,18352.0,2078.0,4951.0,29019.0,24319.0,5883.0,30202.0,59221.0,3260.0,16065.0,3017.0,22342.0,17519.0,6467.0,23986.0,46328.0,12893.0,59221.0,36068,26761.0,9307.0,9889.0,3395.0,-3977.0,0.0,-3977.0,1763.0
DN00380,2024,BCTC chưa kiểm toán,triệu đồng,2222.0,20596.0,10044.0,3109.0,35971.0,24163.0,5426.0,29589.0,65560.0,1478.0,15019.0,1787.0,18284.0,22036.0,10221.0,32257.0,50541.0,15019.0,65560.0,40564,31423.0,9141.0,3763.0,2721.0,2657.0,531.0,2126.0,1810.0
DN00380,2025,BCTC chưa kiểm toán,triệu đồng,4577.0,20327.0,4807.0,5486.0,35197.0,29034.0,9519.0,38553.0,73750.0,1925.0,20163.0,1304.0,23392.0,28972.0,4873.0,33845.0,57237.0,16513.0,73750.0,44259,32789.0,11470.0,5973.0,3630.0,1867.0,373.0,1494.0,2633.0
DN00381,2023,BCTC chưa kiểm toán,triệu đồng,3792.0,6562.0,10064.0,3390.0,23808.0,6122.0,1142.0,7264.0,31072.0,2822.0,14944.0,1097.0,18863.0,0.0,0.0,0.0,18863.0,12209.0,31072.0,43073,39354.0,3719.0,3326.0,1268.0,-875.0,0.0,-875.0,406.0
DN00381,2024,BCTC chưa kiểm toán,triệu đồng,1816.0,5595.0,14521.0,4969.0,26901.0,3980.0,605.0,4585.0,31486.0,3914.0,0.0,14573.0,18487.0,0.0,0.0,0.0,18487.0,12999.0,31486.0,43324,39560.0,3764.0,2777.0,0.0,987.0,197.0,790.0,356.0
DN00381,2025,BCTC chưa kiểm toán,triệu đồng,5126.0,6081.0,16971.0,4799.0,32977.0,5928.0,675.0,6603.0,39580.0,2601.0,0.0,19950.0,22551.0,0.0,3411.0,3411.0,25962.0,13618.0,39580.0,54373,46439.0,7934.0,7159.0,0.0,775.0,155.0,620.0,383.0
DN00382,2023,BCTC chưa kiểm toán,triệu đồng,1440.0,6946.0,5249.0,2229.0,15864.0,4738.0,853.0,5591.0,21455.0,2766.0,6120.0,690.0,9576.0,0.0,0.0,0.0,9576.0,11879.0,21455.0,44826,40977.0,3849.0,2540.0,622.0,687.0,137.0,550.0,430.0
DN00382,2024,BCTC chưa kiểm toán,triệu đồng,940.0,8582.0,4234.0,3355.0,17111.0,3931.0,1580.0,5511.0,22622.0,1431.0,8017.0,639.0,10087.0,0.0,0.0,0.0,10087.0,12535.0,22622.0,45538,40210.0,5328.0,3941.0,566.0,821.0,164.0,657.0,305.0
DN00382,2025,BCTC chưa kiểm toán,triệu đồng,1986.0,4569.0,9777.0,4770.0,21102.0,4389.0,1087.0,5476.0,26578.0,2316.0,10682.0,1045.0,14043.0,0.0,0.0,0.0,14043.0,12535.0,26578.0,53789,48057.0,5732.0,4729.0,1003.0,0.0,0.0,0.0,432.0
DN00383,2023,BCTC chưa kiểm toán,triệu đồng,572.0,1571.0,1327.0,775.0,4245.0,4040.0,807.0,4847.0,9092.0,1081.0,1484.0,321.0,2886.0,1393.0,49.0,1442.0,4328.0,4764.0,9092.0,7157,6311.0,846.0,254.0,219.0,373.0,75.0,298.0,418.0
DN00383,2024,BCTC chưa kiểm toán,triệu đồng,618.0,1382.0,1338.0,854.0,4192.0,3804.0,596.0,4400.0,8592.0,371.0,1840.0,175.0,2386.0,1162.0,46.0,1208.0,3594.0,4998.0,8592.0,7788,6766.0,1022.0,453.0,277.0,292.0,58.0,234.0,369.0
DN00383,2025,BCTC chưa kiểm toán,triệu đồng,434.0,527.0,2436.0,763.0,4160.0,3446.0,1307.0,4753.0,8913.0,339.0,2411.0,340.0,3090.0,350.0,165.0,515.0,3605.0,5308.0,8913.0,7729,6676.0,1053.0,421.0,245.0,387.0,77.0,310.0,265.0
DN00384,2025,Tờ khai thuế,triệu đồng,,,,,,,,,,,,,,,,,,,,741,,,,,,,,
DN00385,2023,BCTC chưa kiểm toán,triệu đồng,245.0,1292.0,178.0,214.0,1929.0,1318.0,400.0,1718.0,3647.0,515.0,833.0,212.0,1560.0,514.0,6.0,520.0,2080.0,1567.0,3647.0,5134,3987.0,1147.0,747.0,124.0,276.0,55.0,221.0,148.0
DN00385,2024,BCTC chưa kiểm toán,triệu đồng,103.0,1157.0,201.0,344.0,1805.0,1677.0,120.0,1797.0,3602.0,385.0,612.0,84.0,1081.0,532.0,94.0,626.0,1707.0,1895.0,3602.0,5331,4036.0,1295.0,781.0,105.0,409.0,82.0,327.0,116.0
DN00385,2025,BCTC chưa kiểm toán,triệu đồng,232.0,1595.0,153.0,317.0,2297.0,2049.0,211.0,2260.0,4557.0,383.0,873.0,133.0,1389.0,774.0,159.0,933.0,2322.0,2235.0,4557.0,6500,4882.0,1618.0,1023.0,170.0,425.0,85.0,340.0,236.0
DN00386,2023,BCTC chưa kiểm toán,triệu đồng,2036.0,2568.0,9554.0,2350.0,16508.0,3940.0,920.0,4860.0,21368.0,6071.0,3037.0,1011.0,10119.0,1972.0,996.0,2968.0,13087.0,8281.0,21368.0,46784,41540.0,5244.0,3836.0,508.0,900.0,180.0,720.0,417.0
DN00386,2024,BCTC chưa kiểm toán,triệu đồng,1500.0,2956.0,16919.0,6391.0,27766.0,6297.0,1101.0,7398.0,35164.0,1451.0,0.0,21079.0,22530.0,0.0,3884.0,3884.0,26414.0,8750.0,35164.0,54957,51056.0,3901.0,3315.0,0.0,586.0,117.0,469.0,738.0
DN00386,2025,BCTC chưa kiểm toán,triệu đồng,2790.0,8339.0,11811.0,2964.0,25904.0,5157.0,945.0,6102.0,32006.0,2214.0,0.0,16099.0,18313.0,0.0,4056.0,4056.0,22369.0,9637.0,32006.0,58275,49897.0,8378.0,7269.0,0.0,1109.0,222.0,887.0,567.0
DN00387,2024,BCTC chưa kiểm toán,triệu đồng,61.0,264.0,38.0,37.0,400.0,292.0,60.0,352.0,752.0,32.0,0.0,262.0,294.0,0.0,10.0,10.0,304.0,448.0,752.0,470,361.0,109.0,99.0,0.0,10.0,2.0,8.0,19.0
DN00387,2025,BCTC chưa kiểm toán,triệu đồng,39.0,179.0,57.0,92.0,367.0,257.0,77.0,334.0,701.0,38.0,187.0,28.0,253.0,0.0,0.0,0.0,253.0,448.0,701.0,437,327.0,110.0,94.0,16.0,0.0,0.0,0.0,18.0
DN00388,2023,BCTC chưa kiểm toán,triệu đồng,94.0,570.0,1247.0,173.0,2084.0,306.0,67.0,373.0,2457.0,211.0,881.0,167.0,1259.0,10.0,4.0,14.0,1273.0,1184.0,2457.0,2730,2373.0,357.0,366.0,81.0,-90.0,0.0,-90.0,24.0
DN00388,2024,BCTC chưa kiểm toán,triệu đồng,216.0,451.0,1134.0,314.0,2115.0,671.0,112.0,783.0,2898.0,166.0,1414.0,227.0,1807.0,0.0,0.0,0.0,1807.0,1091.0,2898.0,3056,2751.0,305.0,264.0,135.0,-94.0,0.0,-94.0,62.0
DN00388,2025,BCTC chưa kiểm toán,triệu đồng,135.0,530.0,803.0,438.0,1906.0,982.0,69.0,1051.0,2957.0,167.0,1575.0,118.0,1860.0,52.0,14.0,66.0,1926.0,1031.0,2957.0,3001,2783.0,218.0,135.0,143.0,-60.0,0.0,-60.0,87.0
DN00389,2023,BCTC chưa kiểm toán,triệu đồng,128.0,907.0,390.0,340.0,1765.0,796.0,300.0,1096.0,2861.0,118.0,521.0,35.0,674.0,299.0,176.0,475.0,1149.0,1712.0,2861.0,2111,1612.0,499.0,438.0,61.0,0.0,0.0,0.0,64.0
DN00389,2024,BCTC chưa kiểm toán,triệu đồng,124.0,522.0,297.0,182.0,1125.0,1152.0,68.0,1220.0,2345.0,143.0,300.0,64.0,507.0,0.0,0.0,0.0,507.0,1838.0,2345.0,1815,1431.0,384.0,205.0,21.0,158.0,32.0,126.0,79.0
DN00389,2025,BCTC chưa kiểm toán,triệu đồng,174.0,866.0,580.0,178.0,1798.0,845.0,149.0,994.0,2792.0,210.0,680.0,91.0,981.0,0.0,0.0,0.0,981.0,1811.0,2792.0,2127,1693.0,434.0,407.0,53.0,-26.0,0.0,-26.0,88.0
DN00390,2023,BCTC chưa kiểm toán,triệu đồng,76.0,348.0,897.0,429.0,1750.0,539.0,192.0,731.0,2481.0,259.0,673.0,130.0,1062.0,0.0,0.0,0.0,1062.0,1419.0,2481.0,1645,1456.0,189.0,93.0,67.0,29.0,6.0,23.0,56.0
DN00390,2024,BCTC chưa kiểm toán,triệu đồng,326.0,675.0,629.0,351.0,1981.0,413.0,76.0,489.0,2470.0,154.0,823.0,67.0,1044.0,0.0,0.0,0.0,1044.0,1426.0,2470.0,1782,1520.0,262.0,177.0,76.0,9.0,2.0,7.0,33.0
DN00390,2025,BCTC chưa kiểm toán,triệu đồng,261.0,498.0,710.0,422.0,1891.0,769.0,243.0,1012.0,2903.0,254.0,997.0,205.0,1456.0,0.0,0.0,0.0,1456.0,1447.0,2903.0,2156,1809.0,347.0,212.0,108.0,27.0,5.0,22.0,81.0
DN00391,2023,BCTC chưa kiểm toán,triệu đồng,208.0,768.0,355.0,129.0,1460.0,918.0,269.0,1187.0,2647.0,163.0,695.0,142.0,1000.0,290.0,18.0,308.0,1308.0,1339.0,2647.0,1745,1294.0,451.0,376.0,75.0,0.0,0.0,0.0,59.0
DN00391,2024,BCTC chưa kiểm toán,triệu đồng,179.0,633.0,102.0,239.0,1153.0,924.0,380.0,1304.0,2457.0,153.0,368.0,50.0,571.0,295.0,179.0,474.0,1045.0,1412.0,2457.0,1775,1321.0,454.0,307.0,55.0,92.0,18.0,74.0,65.0
DN00391,2025,BCTC chưa kiểm toán,triệu đồng,189.0,1070.0,116.0,455.0,1830.0,774.0,244.0,1018.0,2848.0,179.0,748.0,68.0,995.0,288.0,14.0,302.0,1297.0,1551.0,2848.0,1884,1388.0,496.0,222.0,100.0,174.0,35.0,139.0,56.0
DN00392,2023,BCTC chưa kiểm toán,triệu đồng,82.0,257.0,438.0,152.0,929.0,106.0,42.0,148.0,1077.0,32.0,373.0,51.0,456.0,0.0,0.0,0.0,456.0,621.0,1077.0,910,769.0,141.0,99.0,35.0,7.0,1.0,6.0,11.0
DN00392,2024,BCTC chưa kiểm toán,triệu đồng,104.0,730.0,190.0,162.0,1186.0,98.0,34.0,132.0,1318.0,70.0,566.0,81.0,717.0,0.0,0.0,0.0,717.0,601.0,1318.0,1021,885.0,136.0,108.0,48.0,-20.0,0.0,-20.0,9.0
DN00392,2025,BCTC chưa kiểm toán,triệu đồng,71.0,285.0,615.0,217.0,1188.0,168.0,34.0,202.0,1390.0,82.0,593.0,114.0,789.0,0.0,0.0,0.0,789.0,601.0,1390.0,1109,978.0,131.0,89.0,42.0,0.0,0.0,0.0,16.0
DN00393,2024,BCTC chưa kiểm toán,triệu đồng,186.0,1127.0,815.0,283.0,2411.0,451.0,175.0,626.0,3037.0,546.0,1052.0,96.0,1694.0,0.0,0.0,0.0,1694.0,1343.0,3037.0,7363,6528.0,835.0,651.0,105.0,79.0,16.0,63.0,33.0
DN00393,2025,BCTC chưa kiểm toán,triệu đồng,121.0,559.0,1185.0,416.0,2281.0,583.0,146.0,729.0,3010.0,238.0,1062.0,137.0,1437.0,44.0,13.0,57.0,1494.0,1516.0,3010.0,7527,6897.0,630.0,334.0,78.0,218.0,44.0,174.0,47.0
DN00394,2023,Tờ khai thuế,triệu đồng,,,,,,,,,,,,,,,,,,,,244,,,,,,,,
DN00394,2024,Tờ khai thuế,triệu đồng,,,,,,,,,,,,,,,,,,,,314,,,,,,,,
DN00394,2025,Tờ khai thuế,triệu đồng,,,,,,,,,,,,,,,,,,,,303,,,,,,,,
DN00395,2023,BCTC chưa kiểm toán,triệu đồng,62.0,242.0,69.0,39.0,412.0,177.0,23.0,200.0,612.0,53.0,169.0,14.0,236.0,0.0,0.0,0.0,236.0,376.0,612.0,633,499.0,134.0,95.0,14.0,25.0,5.0,20.0,21.0
DN00395,2024,BCTC chưa kiểm toán,triệu đồng,36.0,252.0,36.0,98.0,422.0,351.0,58.0,409.0,831.0,85.0,204.0,51.0,340.0,92.0,33.0,125.0,465.0,366.0,831.0,813,628.0,185.0,170.0,24.0,-9.0,0.0,-9.0,23.0
DN00395,2025,BCTC chưa kiểm toán,triệu đồng,56.0,174.0,24.0,60.0,314.0,253.0,46.0,299.0,613.0,51.0,193.0,36.0,280.0,0.0,0.0,0.0,280.0,333.0,613.0,654,494.0,160.0,172.0,20.0,-32.0,0.0,-32.0,19.0
DN00396,2024,BCTC chưa kiểm toán,triệu đồng,82.0,220.0,95.0,113.0,510.0,197.0,33.0,230.0,740.0,32.0,0.0,306.0,338.0,0.0,0.0,0.0,338.0,402.0,740.0,315,252.0,63.0,59.0,0.0,4.0,1.0,3.0,15.0
DN00396,2025,BCTC chưa kiểm toán,triệu đồng,26.0,241.0,204.0,56.0,527.0,303.0,84.0,387.0,914.0,15.0,419.0,58.0,492.0,0.0,0.0,0.0,492.0,422.0,914.0,308,238.0,70.0,3.0,42.0,25.0,5.0,20.0,28.0
DN00397,2023,Tờ khai thuế,triệu đồng,,,,,,,,,,,,,,,,,,,,1964,,,,,,,,
DN00397,2024,Tờ khai thuế,triệu đồng,,,,,,,,,,,,,,,,,,,,1997,,,,,,,,
DN00397,2025,Tờ khai thuế,triệu đồng,,,,,,,,,,,,,,,,,,,,2358,,,,,,,,
DN00398,2023,Tờ khai thuế,triệu đồng,,,,,,,,,,,,,,,,,,,,835,,,,,,,,
DN00398,2024,Tờ khai thuế,triệu đồng,,,,,,,,,,,,,,,,,,,,785,,,,,,,,
DN00398,2025,Tờ khai thuế,triệu đồng,,,,,,,,,,,,,,,,,,,,772,,,,,,,,
DN00399,2024,BCTC chưa kiểm toán,triệu đồng,1260.0,3606.0,1009.0,1659.0,7534.0,3499.0,1455.0,4954.0,12488.0,401.0,3569.0,519.0,4489.0,2536.0,422.0,2958.0,7447.0,5041.0,12488.0,6078,4607.0,1471.0,147.0,621.0,703.0,141.0,562.0,248.0
DN00399,2025,BCTC chưa kiểm toán,triệu đồng,353.0,5156.0,1272.0,1506.0,8287.0,5166.0,1054.0,6220.0,14507.0,450.0,4823.0,787.0,6060.0,1942.0,1247.0,3189.0,9249.0,5258.0,14507.0,7180,5431.0,1749.0,900.0,578.0,271.0,54.0,217.0,440.0
DN00400,2023,BCTC đã kiểm toán,triệu đồng,190.0,1359.0,1766.0,922.0,4237.0,1187.0,219.0,1406.0,5643.0,130.0,0.0,3473.0,3603.0,0.0,0.0,0.0,3603.0,2040.0,5643.0,1906,1784.0,122.0,90.0,0.0,32.0,6.0,26.0,115.0
DN00400,2024,BCTC đã kiểm toán,triệu đồng,332.0,1435.0,843.0,632.0,3242.0,826.0,294.0,1120.0,4362.0,140.0,1951.0,184.0,2275.0,0.0,0.0,0.0,2275.0,2087.0,4362.0,1618,1382.0,236.0,16.0,162.0,58.0,12.0,46.0,67.0
DN00400,2025,BCTC đã kiểm toán,triệu đồng,248.0,2197.0,315.0,426.0,3186.0,539.0,128.0,667.0,3853.0,327.0,1289.0,151.0,1767.0,0.0,0.0,0.0,1767.0,2086.0,3853.0,1451,1229.0,222.0,117.0,105.0,0.0,0.0,0.0,49.0
DN00401,2023,BCTC chưa kiểm toán,triệu đồng,1800.0,4391.0,6016.0,2571.0,14778.0,3062.0,237.0,3299.0,18077.0,1553.0,0.0,6898.0,8451.0,0.0,2.0,2.0,8453.0,9624.0,18077.0,19820,17414.0,2406.0,2233.0,0.0,173.0,35.0,138.0,193.0
DN00401,2024,BCTC chưa kiểm toán,triệu đồng,2587.0,5306.0,7340.0,3495.0,18728.0,1460.0,418.0,1878.0,20606.0,2183.0,6209.0,1442.0,9834.0,0.0,0.0,0.0,9834.0,10772.0,20606.0,22572,20357.0,2215.0,226.0,555.0,1434.0,287.0,1147.0,92.0
DN00401,2025,BCTC chưa kiểm toán,triệu đồng,2299.0,3870.0,8751.0,3120.0,18040.0,2714.0,1072.0,3786.0,21826.0,1758.0,7737.0,792.0,10287.0,290.0,158.0,448.0,10735.0,11091.0,21826.0,24405,21958.0,2447.0,1349.0,700.0,398.0,80.0,318.0,262.0
DN00402,2023,BCTC chưa kiểm toán,triệu đồng,121.0,108.0,589.0,128.0,946.0,294.0,17.0,311.0,1257.0,141.0,574.0,61.0,776.0,0.0,0.0,0.0,776.0,481.0,1257.0,1900,1771.0,129.0,72.0,57.0,0.0,0.0,0.0,20.0
DN00402,2024,BCTC chưa kiểm toán,triệu đồng,89.0,185.0,684.0,92.0,1050.0,183.0,19.0,202.0,1252.0,261.0,0.0,399.0,660.0,0.0,0.0,0.0,660.0,592.0,1252.0,2238,2038.0,200.0,61.0,0.0,139.0,28.0,111.0,18.0
DN00402,2025,BCTC chưa kiểm toán,triệu đồng,66.0,616.0,588.0,241.0,1511.0,208.0,25.0,233.0,1744.0,210.0,0.0,860.0,1070.0,0.0,0.0,0.0,1070.0,674.0,1744.0,2852,2555.0,297.0,195.0,0.0,102.0,20.0,82.0,13.0
DN00403,2023,BCTC chưa kiểm toán,triệu đồng,108.0,421.0,277.0,128.0,934.0,175.0,54.0,229.0,1163.0,92.0,454.0,37.0,583.0,0.0,0.0,0.0,583.0,580.0,1163.0,1141,1081.0,60.0,19.0,41.0,0.0,0.0,0.0,15.0
DN00403,2024,BCTC chưa kiểm toán,triệu đồng,74.0,269.0,402.0,109.0,854.0,240.0,98.0,338.0,1192.0,46.0,506.0,63.0,615.0,23.0,1.0,24.0,639.0,553.0,1192.0,1117,1007.0,110.0,98.0,40.0,-28.0,0.0,-28.0,20.0
DN00403,2025,BCTC chưa kiểm toán,triệu đồng,134.0,185.0,310.0,116.0,745.0,193.0,22.0,215.0,960.0,66.0,323.0,49.0,438.0,0.0,0.0,0.0,438.0,522.0,960.0,901,823.0,78.0,77.0,31.0,-30.0,0.0,-30.0,14.0
DN00404,2023,BCTC chưa kiểm toán,triệu đồng,580.0,718.0,2028.0,398.0,3724.0,1605.0,342.0,1947.0,5671.0,492.0,1183.0,191.0,1866.0,236.0,45.0,281.0,2147.0,3524.0,5671.0,4843,4202.0,641.0,227.0,111.0,303.0,61.0,242.0,122.0
DN00404,2024,BCTC chưa kiểm toán,triệu đồng,243.0,805.0,2245.0,472.0,3765.0,2030.0,584.0,2614.0,6379.0,312.0,2298.0,338.0,2948.0,0.0,0.0,0.0,2948.0,3431.0,6379.0,6169,5158.0,1011.0,913.0,191.0,-93.0,0.0,-93.0,152.0
DN00404,2025,BCTC chưa kiểm toán,triệu đồng,252.0,1497.0,2249.0,1100.0,5098.0,2722.0,1092.0,3814.0,8912.0,664.0,2327.0,364.0,3355.0,1248.0,540.0,1788.0,5143.0,3769.0,8912.0,8167,6744.0,1423.0,730.0,270.0,423.0,85.0,338.0,270.0
DN00405,2023,BCTC chưa kiểm toán,triệu đồng,64.0,216.0,87.0,102.0,469.0,126.0,49.0,175.0,644.0,94.0,220.0,26.0,340.0,0.0,0.0,0.0,340.0,304.0,644.0,307,270.0,37.0,27.0,18.0,-8.0,0.0,-8.0,8.0
DN00405,2024,BCTC chưa kiểm toán,triệu đồng,19.0,207.0,85.0,86.0,397.0,148.0,27.0,175.0,572.0,59.0,205.0,13.0,277.0,0.0,0.0,0.0,277.0,295.0,572.0,272,245.0,27.0,21.0,16.0,-10.0,0.0,-10.0,17.0
DN00405,2025,BCTC chưa kiểm toán,triệu đồng,79.0,172.0,129.0,117.0,497.0,78.0,26.0,104.0,601.0,35.0,239.0,37.0,311.0,0.0,0.0,0.0,311.0,290.0,601.0,266,232.0,34.0,19.0,20.0,-5.0,0.0,-5.0,5.0
DN00406,2023,BCTC chưa kiểm toán,triệu đồng,2164.0,20078.0,6835.0,3685.0,32762.0,16217.0,4647.0,20864.0,53626.0,1646.0,14234.0,1348.0,17228.0,13797.0,4660.0,18457.0,35685.0,17941.0,53626.0,29536,21007.0,8529.0,4709.0,2269.0,1551.0,310.0,1241.0,1289.0
DN00406,2024,BCTC chưa kiểm toán,triệu đồng,4060.0,15878.0,8855.0,3499.0,32292.0,20630.0,1780.0,22410.0,54702.0,1593.0,16786.0,2720.0,21099.0,14760.0,2194.0,16954.0,38053.0,16649.0,54702.0,31411,23268.0,8143.0,6364.0,3071.0,-1292.0,0.0,-1292.0,1547.0
DN00406,2025,BCTC chưa kiểm toán,triệu đồng,4809.0,17938.0,2045.0,5443.0,30235.0,23807.0,3836.0,27643.0,57878.0,2177.0,13060.0,2548.0,17785.0,12411.0,7716.0,20127.0,37912.0,19966.0,57878.0,34627,26025.0,8602.0,2429.0,2026.0,4147.0,829.0,3318.0,2186.0
DN00407,2023,Tờ khai thuế,triệu đồng,,,,,,,,,,,,,,,,,,,,1750,,,,,,,,
DN00407,2024,Tờ khai thuế,triệu đồng,,,,,,,,,,,,,,,,,,,,1510,,,,,,,,
DN00407,2025,Tờ khai thuế,triệu đồng,,,,,,,,,,,,,,,,,,,,1135,,,,,,,,
DN00408,2023,BCTC chưa kiểm toán,triệu đồng,1384.0,4009.0,2918.0,2382.0,10693.0,4555.0,274.0,4829.0,15522.0,897.0,10183.0,1230.0,12310.0,0.0,0.0,0.0,12310.0,3212.0,15522.0,10129,8763.0,1366.0,101.0,1100.0,165.0,33.0,132.0,546.0
DN00408,2024,BCTC chưa kiểm toán,triệu đồng,730.0,6821.0,3016.0,1925.0,12492.0,4935.0,393.0,5328.0,17820.0,2416.0,10332.0,1146.0,13894.0,973.0,129.0,1102.0,14996.0,2824.0,17820.0,10747,10082.0,665.0,199.0,854.0,-388.0,0.0,-388.0,484.0
DN00408,2025,BCTC chưa kiểm toán,triệu đồng,2120.0,5246.0,4138.0,2926.0,14430.0,2673.0,1033.0,3706.0,18136.0,2438.0,11878.0,1185.0,15501.0,0.0,0.0,0.0,15501.0,2635.0,18136.0,11731,10565.0,1166.0,117.0,1237.0,-188.0,0.0,-188.0,195.0
DN00409,2023,BCTC chưa kiểm toán,triệu đồng,9874.0,46161.0,41405.0,12634.0,110074.0,21999.0,2535.0,24534.0,134608.0,10755.0,89693.0,6544.0,106992.0,0.0,0.0,0.0,106992.0,27616.0,134608.0,94652,83697.0,10955.0,947.0,6805.0,3203.0,641.0,2562.0,1479.0
DN00409,2024,BCTC chưa kiểm toán,triệu đồng,6430.0,61683.0,27263.0,12688.0,108064.0,35940.0,11636.0,47576.0,155640.0,15483.0,79336.0,11976.0,106795.0,14320.0,1285.0,15605.0,122400.0,33240.0,155640.0,107693,89386.0,18307.0,1077.0,10199.0,7031.0,1406.0,5625.0,3784.0
DN00409,2025,BCTC chưa kiểm toán,triệu đồng,12306.0,33716.0,19030.0,17979.0,83031.0,19384.0,1318.0,20702.0,103733.0,9307.0,51564.0,7668.0,68539.0,0.0,0.0,0.0,68539.0,35194.0,103733.0,75233,66927.0,8306.0,752.0,5111.0,2443.0,489.0,1954.0,1539.0
DN00410,2023,Tờ khai thuế,triệu đồng,,,,,,,,,,,,,,,,,,,,1181,,,,,,,,
DN00410,2024,Tờ khai thuế,triệu đồng,,,,,,,,,,,,,,,,,,,,1145,,,,,,,,
DN00410,2025,Tờ khai thuế,triệu đồng,,,,,,,,,,,,,,,,,,,,905,,,,,,,,
DN00411,2023,BCTC chưa kiểm toán,triệu đồng,809.0,5152.0,934.0,998.0,7893.0,5390.0,698.0,6088.0,13981.0,444.0,5714.0,369.0,6527.0,2177.0,983.0,3160.0,9687.0,4294.0,13981.0,15084,11868.0,3216.0,2910.0,775.0,-469.0,0.0,-469.0,442.0
DN00411,2024,BCTC chưa kiểm toán,triệu đồng,929.0,2909.0,416.0,1233.0,5487.0,4428.0,1762.0,6190.0,11677.0,1464.0,0.0,2973.0,4437.0,0.0,3088.0,3088.0,7525.0,4152.0,11677.0,12967,10246.0,2721.0,2863.0,0.0,-142.0,0.0,-142.0,326.0
DN00411,2025,BCTC chưa kiểm toán,triệu đồng,443.0,3006.0,797.0,696.0,4942.0,5110.0,1460.0,6570.0,11512.0,1132.0,1831.0,329.0,3292.0,3481.0,282.0,3763.0,7055.0,4457.0,11512.0,12331,9439.0,2892.0,1943.0,569.0,380.0,76.0,304.0,582.0
DN00412,2023,Tờ khai thuế,triệu đồng,,,,,,,,,,,,,,,,,,,,741,,,,,,,,
DN00412,2024,Tờ khai thuế,triệu đồng,,,,,,,,,,,,,,,,,,,,916,,,,,,,,
DN00412,2025,Tờ khai thuế,triệu đồng,,,,,,,,,,,,,,,,,,,,959,,,,,,,,
DN00413,2023,BCTC đã kiểm toán,triệu đồng,2509.0,8071.0,19056.0,8541.0,38177.0,15607.0,3130.0,18737.0,56914.0,7151.0,0.0,16988.0,24139.0,0.0,12076.0,12076.0,36215.0,20699.0,56914.0,109230,95873.0,13357.0,6995.0,0.0,6362.0,1272.0,5090.0,1474.0
DN00413,2024,BCTC đã kiểm toán,triệu đồng,2865.0,20998.0,26340.0,12943.0,63146.0,24173.0,1999.0,26172.0,89318.0,19274.0,35244.0,4768.0,59286.0,4526.0,2015.0,6541.0,65827.0,23491.0,89318.0,148901,134829.0,14072.0,6376.0,4207.0,3489.0,698.0,2791.0,1715.0
DN00413,2025,BCTC đã kiểm toán,triệu đồng,7690.0,24063.0,24230.0,14395.0,70378.0,15933.0,1560.0,17493.0,87871.0,9333.0,32786.0,4624.0,46743.0,12031.0,3453.0,15484.0,62227.0,25644.0,87871.0,154558,139659.0,14899.0,7307.0,4899.0,2693.0,539.0,2154.0,1697.0
DN00414,2024,BCTC đã kiểm toán,triệu đồng,1135.0,7619.0,1412.0,2427.0,12593.0,8461.0,3093.0,11554.0,24147.0,732.0,6196.0,537.0,7465.0,7049.0,414.0,7463.0,14928.0,9219.0,24147.0,13588,10507.0,3081.0,1401.0,1100.0,580.0,116.0,464.0,844.0
DN00414,2025,BCTC đã kiểm toán,triệu đồng,1450.0,3454.0,5786.0,2783.0,13473.0,13352.0,1190.0,14542.0,28015.0,810.0,0.0,6060.0,6870.0,0.0,11418.0,11418.0,18288.0,9727.0,28015.0,16011,12278.0,3733.0,3098.0,0.0,635.0,127.0,508.0,1012.0
DN00415,2023,BCTC chưa kiểm toán,triệu đồng,199.0,678.0,1567.0,393.0,2837.0,2012.0,192.0,2204.0,5041.0,92.0,2315.0,283.0,2690.0,0.0,0.0,0.0,2690.0,2351.0,5041.0,1293,1061.0,232.0,13.0,176.0,43.0,9.0,34.0,179.0
DN00415,2024,BCTC chưa kiểm toán,triệu đồng,410.0,530.0,1644.0,242.0,2826.0,2730.0,914.0,3644.0,6470.0,85.0,2568.0,320.0,2973.0,914.0,232.0,1146.0,4119.0,2351.0,6470.0,1487,1091.0,396.0,15.0,381.0,0.0,0.0,0.0,266.0
DN00415,2025,BCTC chưa kiểm toán,triệu đồng,403.0,192.0,2052.0,750.0,3397.0,3022.0,174.0,3196.0,6593.0,121.0,1930.0,222.0,2273.0,1859.0,61.0,1920.0,4193.0,2400.0,6593.0,1681,1333.0,348.0,17.0,271.0,60.0,12.0,48.0,326.0
DN00416,2023,BCTC chưa kiểm toán,triệu đồng,290.0,274.0,1165.0,248.0,1977.0,1436.0,193.0,1629.0,3606.0,80.0,812.0,86.0,978.0,883.0,69.0,952.0,1930.0,1676.0,3606.0,1659,1372.0,287.0,93.0,152.0,42.0,8.0,34.0,141.0
DN00416,2024,BCTC chưa kiểm toán,triệu đồng,96.0,506.0,780.0,402.0,1784.0,1241.0,328.0,1569.0,3353.0,82.0,1172.0,136.0,1390.0,221.0,19.0,240.0,1630.0,1723.0,3353.0,1460,1264.0,196.0,30.0,107.0,59.0,12.0,47.0,148.0
DN00416,2025,BCTC chưa kiểm toán,triệu đồng,66.0,523.0,721.0,154.0,1464.0,1064.0,383.0,1447.0,2911.0,55.0,1085.0,62.0,1202.0,39.0,18.0,57.0,1259.0,1652.0,2911.0,1373,1202.0,171.0,119.0,123.0,-71.0,0.0,-71.0,122.0
DN00417,2023,BCTC chưa kiểm toán,triệu đồng,2197.0,7773.0,6588.0,2037.0,18595.0,2857.0,786.0,3643.0,22238.0,3397.0,6158.0,1522.0,11077.0,0.0,0.0,0.0,11077.0,11161.0,22238.0,51796,47466.0,4330.0,2671.0,591.0,1068.0,214.0,854.0,301.0
DN00417,2024,BCTC chưa kiểm toán,triệu đồng,1161.0,8097.0,8581.0,4289.0,22128.0,1623.0,167.0,1790.0,23918.0,3782.0,7606.0,1192.0,12580.0,0.0,0.0,0.0,12580.0,11338.0,23918.0,53866,48757.0,5109.0,4332.0,556.0,221.0,44.0,177.0,159.0
DN00417,2025,BCTC chưa kiểm toán,triệu đồng,1799.0,8279.0,4502.0,3313.0,17893.0,4278.0,1691.0,5969.0,23862.0,3652.0,7570.0,663.0,11885.0,0.0,0.0,0.0,11885.0,11977.0,23862.0,50666,43759.0,6907.0,5399.0,709.0,799.0,160.0,639.0,358.0
DN00418,2023,BCTC chưa kiểm toán,triệu đồng,888.0,7501.0,6112.0,1295.0,15796.0,2628.0,549.0,3177.0,18973.0,1919.0,10104.0,802.0,12825.0,0.0,0.0,0.0,12825.0,6148.0,18973.0,9223,8215.0,1008.0,422.0,1030.0,-444.0,0.0,-444.0,267.0
DN00418,2024,BCTC chưa kiểm toán,triệu đồng,679.0,7807.0,4066.0,3302.0,15854.0,4832.0,1775.0,6607.0,22461.0,1872.0,11211.0,1790.0,14873.0,746.0,320.0,1066.0,15939.0,6522.0,22461.0,10878,9014.0,1864.0,109.0,1288.0,467.0,93.0,374.0,444.0
DN00418,2025,BCTC chưa kiểm toán,triệu đồng,1472.0,9904.0,5269.0,5395.0,22040.0,4655.0,1099.0,5754.0,27794.0,1969.0,17868.0,1103.0,20940.0,497.0,257.0,754.0,21694.0,6100.0,27794.0,13635,12215.0,1420.0,136.0,1706.0,-422.0,0.0,-422.0,453.0
DN00419,2023,BCTC chưa kiểm toán,triệu đồng,523.0,1999.0,2826.0,587.0,5935.0,1948.0,785.0,2733.0,8668.0,1674.0,1132.0,344.0,3150.0,1338.0,476.0,1814.0,4964.0,3704.0,8668.0,15497,13585.0,1912.0,1010.0,186.0,716.0,143.0,573.0,154.0
DN00419,2024,BCTC chưa kiểm toán,triệu đồng,470.0,1376.0,4437.0,613.0,6896.0,359.0,78.0,437.0,7333.0,1062.0,1814.0,188.0,3064.0,0.0,0.0,0.0,3064.0,4269.0,7333.0,13834,11743.0,2091.0,1245.0,141.0,705.0,141.0,564.0,39.0
DN00419,2025,BCTC chưa kiểm toán,triệu đồng,848.0,1677.0,3626.0,546.0,6697.0,1031.0,140.0,1171.0,7868.0,1304.0,1510.0,396.0,3210.0,0.0,0.0,0.0,3210.0,4658.0,7868.0,14931,14176.0,755.0,149.0,120.0,486.0,97.0,389.0,107.0
DN00420,2023,BCTC chưa kiểm toán,triệu đồng,49.0,104.0,162.0,74.0,389.0,365.0,39.0,404.0,793.0,32.0,0.0,225.0,257.0,0.0,0.0,0.0,257.0,536.0,793.0,461,381.0,80.0,65.0,0.0,15.0,3.0,12.0,41.0
DN00420,2024,BCTC chưa kiểm toán,triệu đồng,61.0,227.0,229.0,88.0,605.0,207.0,65.0,272.0,877.0,38.0,219.0,28.0,285.0,0.0,0.0,0.0,285.0,592.0,877.0,526,428.0,98.0,5.0,23.0,70.0,14.0,56.0,19.0
DN00420,2025,BCTC chưa kiểm toán,triệu đồng,69.0,146.0,202.0,64.0,481.0,310.0,122.0,432.0,913.0,43.0,219.0,35.0,297.0,0.0,0.0,0.0,297.0,616.0,913.0,536,472.0,64.0,18.0,16.0,30.0,6.0,24.0,35.0
DN00421,2023,BCTC đã kiểm toán,triệu đồng,69740.0,63997.0,428204.0,186673.0,748614.0,474321.0,176068.0,650389.0,1399003.0,65147.0,497755.0,57688.0,620590.0,16441.0,4080.0,20521.0,641111.0,757892.0,1399003.0,697935,623255.0,74680.0,12148.0,47803.0,14729.0,2946.0,11783.0,28980.0
DN00421,2024,BCTC đã kiểm toán,triệu đồng,115795.0,240545.0,440351.0,100362.0,897053.0,717016.0,173099.0,890115.0,1787168.0,95811.0,532322.0,81691.0,709824.0,187462.0,102337.0,289799.0,999623.0,787545.0,1787168.0,808741,698734.0,110007.0,8087.0,64853.0,37067.0,7413.0,29654.0,56350.0
DN00421,2025,BCTC đã kiểm toán,triệu đồng,146801.0,203543.0,341265.0,227329.0,918938.0,999763.0,124346.0,1124109.0,2043047.0,75650.0,497733.0,47541.0,620924.0,460863.0,166710.0,627573.0,1248497.0,794550.0,2043047.0,988318,864192.0,124126.0,20844.0,94525.0,8757.0,1751.0,7006.0,89188.0
DN00422,2023,BCTC chưa kiểm toán,triệu đồng,404.0,314.0,1871.0,794.0,3383.0,468.0,85.0,553.0,3936.0,778.0,365.0,153.0,1296.0,0.0,0.0,0.0,1296.0,2640.0,3936.0,5839,5071.0,768.0,623.0,32.0,113.0,23.0,90.0,46.0
DN00422,2024,BCTC chưa kiểm toán,triệu đồng,558.0,354.0,1760.0,838.0,3510.0,501.0,184.0,685.0,4195.0,395.0,727.0,117.0,1239.0,129.0,62.0,191.0,1430.0,2765.0,4195.0,6434,5896.0,538.0,300.0,81.0,157.0,31.0,126.0,44.0
DN00422,2025,BCTC chưa kiểm toán,triệu đồng,456.0,567.0,1851.0,714.0,3588.0,696.0,235.0,931.0,4519.0,555.0,847.0,186.0,1588.0,0.0,0.0,0.0,1588.0,2931.0,4519.0,7185,6367.0,818.0,530.0,80.0,208.0,42.0,166.0,59.0
DN00423,2023,Tờ khai thuế,triệu đồng,,,,,,,,,,,,,,,,,,,,1693,,,,,,,,
DN00423,2024,Tờ khai thuế,triệu đồng,,,,,,,,,,,,,,,,,,,,1195,,,,,,,,
DN00423,2025,Tờ khai thuế,triệu đồng,,,,,,,,,,,,,,,,,,,,1211,,,,,,,,
DN00424,2023,BCTC chưa kiểm toán,triệu đồng,1841.0,8050.0,15508.0,7799.0,33198.0,6488.0,540.0,7028.0,40226.0,3550.0,17139.0,3110.0,23799.0,0.0,0.0,0.0,23799.0,16427.0,40226.0,56929,51189.0,5740.0,4923.0,1724.0,-907.0,0.0,-907.0,568.0
DN00424,2024,BCTC chưa kiểm toán,triệu đồng,1643.0,11471.0,7394.0,2977.0,23485.0,4681.0,989.0,5670.0,29155.0,3569.0,0.0,8788.0,12357.0,0.0,0.0,0.0,12357.0,16798.0,29155.0,44022,40720.0,3302.0,2839.0,0.0,463.0,93.0,370.0,449.0
DN00424,2025,BCTC chưa kiểm toán,triệu đồng,2553.0,10277.0,5020.0,5095.0,22945.0,9701.0,2217.0,11918.0,34863.0,5473.0,11206.0,1195.0,17874.0,0.0,0.0,0.0,17874.0,16989.0,34863.0,49278,43882.0,5396.0,4204.0,953.0,239.0,48.0,191.0,898.0
DN00425,2024,BCTC chưa kiểm toán,triệu đồng,96.0,226.0,124.0,105.0,551.0,99.0,15.0,114.0,665.0,41.0,166.0,26.0,233.0,0.0,0.0,0.0,233.0,432.0,665.0,1158,997.0,161.0,185.0,15.0,-39.0,0.0,-39.0,10.0
DN00425,2025,BCTC chưa kiểm toán,triệu đồng,72.0,264.0,255.0,97.0,688.0,129.0,23.0,152.0,840.0,96.0,253.0,59.0,408.0,0.0,0.0,0.0,408.0,432.0,840.0,1415,1260.0,155.0,129.0,26.0,0.0,0.0,0.0,14.0
DN00426,2023,BCTC chưa kiểm toán,triệu đồng,5126.0,11142.0,30618.0,9575.0,56461.0,68051.0,15505.0,83556.0,140017.0,11071.0,19781.0,3014.0,33866.0,51439.0,138.0,51577.0,85443.0,54574.0,140017.0,131154,111362.0,19792.0,2271.0,7204.0,10317.0,2063.0,8254.0,4761.0
DN00426,2024,BCTC chưa kiểm toán,triệu đồng,6168.0,14630.0,11653.0,5361.0,37812.0,23972.0,7577.0,31549.0,69361.0,2768.0,5921.0,919.0,9608.0,0.0,0.0,0.0,9608.0,59753.0,69361.0,79600,69832.0,9768.0,2865.0,430.0,6473.0,1295.0,5178.0,2382.0
DN00426,2025,BCTC chưa kiểm toán,triệu đồng,6794.0,6879.0,18667.0,6835.0,39175.0,46327.0,3205.0,49532.0,88707.0,7946.0,16821.0,3097.0,27864.0,0.0,0.0,0.0,27864.0,60843.0,88707.0,85627,77635.0,7992.0,5087.0,1543.0,1362.0,272.0,1090.0,4822.0
DN00427,2024,BCTC chưa kiểm toán,đồng,13000000.0,108000000.0,68000000.0,53000000.0,242000000.0,258000000.0,74000000.0,332000000.0,574000000.0,21000000.0,0.0,136000000.0,157000000.0,0.0,100000000.0,100000000.0,257000000.0,317000000.0,574000000.0,282000000,209000000.0,73000000.0,86000000.0,0.0,-13000000.0,0.0,-13000000.0,27000000.0
DN00427,2025,BCTC chưa kiểm toán,đồng,71000000.0,309000000.0,50000000.0,94000000.0,524000000.0,179000000.0,71000000.0,250000000.0,774000000.0,25000000.0,246000000.0,44000000.0,315000000.0,117000000.0,32000000.0,149000000.0,464000000.0,310000000.0,774000000.0,346000000,257000000.0,89000000.0,67000000.0,30000000.0,-8000000.0,0.0,-8000000.0,19000000.0
DN00428,2023,BCTC chưa kiểm toán,triệu đồng,94.0,369.0,48.0,123.0,634.0,396.0,154.0,550.0,1184.0,33.0,0.0,377.0,410.0,0.0,0.0,0.0,410.0,774.0,1184.0,1023,738.0,285.0,234.0,0.0,51.0,10.0,41.0,24.0
DN00428,2024,BCTC chưa kiểm toán,triệu đồng,31.0,425.0,26.0,96.0,578.0,471.0,114.0,585.0,1163.0,79.0,290.0,19.0,388.0,0.0,0.0,0.0,388.0,775.0,1163.0,1067,771.0,296.0,269.0,27.0,0.0,0.0,0.0,53.0
DN00428,2025,BCTC chưa kiểm toán,triệu đồng,114.0,460.0,55.0,177.0,806.0,400.0,104.0,504.0,1310.0,56.0,377.0,38.0,471.0,0.0,0.0,0.0,471.0,839.0,1310.0,1106,774.0,332.0,222.0,31.0,79.0,16.0,63.0,29.0
DN00429,2023,BCTC đã kiểm toán,triệu đồng,1335.0,1649.0,3044.0,1387.0,7415.0,1039.0,407.0,1446.0,8861.0,610.0,2858.0,400.0,3868.0,0.0,0.0,0.0,3868.0,4993.0,8861.0,11465,10491.0,974.0,606.0,220.0,148.0,30.0,118.0,95.0
DN00429,2024,BCTC đã kiểm toán,triệu đồng,552.0,1943.0,5856.0,943.0,9294.0,994.0,88.0,1082.0,10376.0,477.0,4138.0,699.0,5314.0,0.0,0.0,0.0,5314.0,5062.0,10376.0,13796,12593.0,1203.0,734.0,383.0,86.0,17.0,69.0,69.0
DN00429,2025,BCTC đã kiểm toán,triệu đồng,672.0,4775.0,2742.0,987.0,9176.0,1997.0,491.0,2488.0,11664.0,1159.0,2496.0,245.0,3900.0,2392.0,174.0,2566.0,6466.0,5198.0,11664.0,15981,13928.0,2053.0,1490.0,393.0,170.0,34.0,136.0,213.0
DN00430,2023,BCTC đã kiểm toán,triệu đồng,2195.0,10959.0,1951.0,2386.0,17491.0,14587.0,2825.0,17412.0,34903.0,1047.0,9182.0,1790.0,12019.0,5370.0,675.0,6045.0,18064.0,16839.0,34903.0,30773,22240.0,8533.0,4496.0,1051.0,2986.0,597.0,2389.0,996.0
DN00430,2024,BCTC đã kiểm toán,triệu đồng,2649.0,10143.0,6931.0,6198.0,25921.0,16497.0,2336.0,18833.0,44754.0,4756.0,7801.0,1413.0,13970.0,6750.0,2890.0,9640.0,23610.0,21144.0,44754.0,35861,25140.0,10721.0,3823.0,1516.0,5382.0,1076.0,4306.0,1838.0
DN00430,2025,BCTC đã kiểm toán,triệu đồng,5161.0,20475.0,1719.0,3078.0,30433.0,15473.0,2664.0,18137.0,48570.0,2917.0,0.0,14374.0,17291.0,0.0,6021.0,6021.0,23312.0,25258.0,48570.0,40507,31941.0,8566.0,3423.0,0.0,5143.0,1029.0,4114.0,1702.0
DN00431,2023,Tờ khai thuế,triệu đồng,,,,,,,,,,,,,,,,,,,,288,,,,,,,,
DN00431,2024,Tờ khai thuế,triệu đồng,,,,,,,,,,,,,,,,,,,,364,,,,,,,,
DN00431,2025,Tờ khai thuế,triệu đồng,,,,,,,,,,,,,,,,,,,,276,,,,,,,,
DN00432,2023,Tờ khai thuế,triệu đồng,,,,,,,,,,,,,,,,,,,,351,,,,,,,,
DN00432,2024,Tờ khai thuế,triệu đồng,,,,,,,,,,,,,,,,,,,,468,,,,,,,,
DN00432,2025,Tờ khai thuế,triệu đồng,,,,,,,,,,,,,,,,,,,,438,,,,,,,,
DN00433,2023,BCTC chưa kiểm toán,triệu đồng,364.0,4591.0,481.0,1766.0,7202.0,2825.0,1150.0,3975.0,11177.0,1017.0,3031.0,274.0,4322.0,1628.0,788.0,2416.0,6738.0,4439.0,11177.0,12237,9084.0,3153.0,3169.0,437.0,-453.0,0.0,-453.0,229.0
DN00433,2024,BCTC chưa kiểm toán,triệu đồng,490.0,4057.0,712.0,869.0,6128.0,4520.0,1653.0,6173.0,12301.0,1095.0,1405.0,242.0,2742.0,5599.0,130.0,5729.0,8471.0,3830.0,12301.0,13181,10737.0,2444.0,2358.0,694.0,-608.0,0.0,-608.0,329.0
DN00433,2025,BCTC chưa kiểm toán,triệu đồng,247.0,3026.0,810.0,794.0,4877.0,3969.0,1069.0,5038.0,9915.0,790.0,0.0,2413.0,3203.0,0.0,4210.0,4210.0,7413.0,2502.0,9915.0,10454,8292.0,2162.0,3490.0,0.0,-1328.0,0.0,-1328.0,377.0
DN00434,2023,BCTC đã kiểm toán,triệu đồng,347.0,2412.0,859.0,1130.0,4748.0,4751.0,630.0,5381.0,10129.0,580.0,2106.0,254.0,2940.0,1575.0,373.0,1948.0,4888.0,5241.0,10129.0,10014,8648.0,1366.0,500.0,338.0,528.0,106.0,422.0,467.0
DN00434,2024,BCTC đã kiểm toán,triệu đồng,1005.0,2618.0,2871.0,796.0,7290.0,2700.0,962.0,3662.0,10952.0,696.0,0.0,4308.0,5004.0,0.0,0.0,0.0,5004.0,5948.0,10952.0,10914,9070.0,1844.0,961.0,0.0,883.0,177.0,706.0,308.0
DN00434,2025,BCTC đã kiểm toán,triệu đồng,557.0,1769.0,2937.0,1671.0,6934.0,6562.0,524.0,7086.0,14020.0,431.0,5871.0,972.0,7274.0,148.0,55.0,203.0,7477.0,6543.0,14020.0,13962,11277.0,2685.0,1478.0,464.0,743.0,149.0,594.0,602.0
DN00435,2023,BCTC chưa kiểm toán,triệu đồng,303.0,1337.0,240.0,621.0,2501.0,2053.0,670.0,2723.0,5224.0,172.0,1324.0,105.0,1601.0,1256.0,406.0,1662.0,3263.0,1961.0,5224.0,3522,2616.0,906.0,600.0,254.0,52.0,10.0,42.0,236.0
DN00435,2024,BCTC chưa kiểm toán,triệu đồng,219.0,1984.0,956.0,431.0,3590.0,2066.0,209.0,2275.0,5865.0,283.0,0.0,2787.0,3070.0,0.0,834.0,834.0,3904.0,1961.0,5865.0,3733,2564.0,1169.0,1169.0,0.0,0.0,0.0,0.0,160.0
DN00435,2025,BCTC chưa kiểm toán,triệu đồng,758.0,2273.0,488.0,1054.0,4573.0,2445.0,1024.0,3469.0,8042.0,243.0,2652.0,298.0,3193.0,2635.0,267.0,2902.0,6095.0,1947.0,8042.0,5132,3954.0,1178.0,637.0,556.0,-15.0,0.0,-15.0,221.0
DN00436,2023,BCTC đã kiểm toán,triệu đồng,57397.0,281560.0,51189.0,74923.0,465069.0,151131.0,34378.0,185509.0,650578.0,40973.0,227832.0,43438.0,312243.0,102215.0,63854.0,166069.0,478312.0,172266.0,650578.0,224224,200630.0,23594.0,2242.0,26707.0,-5355.0,0.0,-5355.0,15608.0
DN00436,2024,BCTC đã kiểm toán,triệu đồng,33536.0,169802.0,226418.0,125041.0,554797.0,90906.0,33690.0,124596.0,679393.0,68224.0,357666.0,35691.0,461581.0,42833.0,555.0,43388.0,504969.0,174424.0,679393.0,258635,214916.0,43719.0,2586.0,38436.0,2697.0,539.0,2158.0,5659.0
DN00436,2025,BCTC đã kiểm toán,triệu đồng,100655.0,320449.0,92488.0,166636.0,680228.0,159625.0,59810.0,219435.0,899663.0,35125.0,611292.0,69016.0,715433.0,0.0,0.0,0.0,715433.0,184230.0,899663.0,328694,267248.0,61446.0,3287.0,45901.0,12258.0,2452.0,9806.0,14307.0
DN00437,2023,Tờ khai thuế,triệu đồng,,,,,,,,,,,,,,,,,,,,606,,,,,,,,
DN00437,2024,Tờ khai thuế,triệu đồng,,,,,,,,,,,,,,,,,,,,664,,,,,,,,
DN00437,2025,Tờ khai thuế,triệu đồng,,,,,,,,,,,,,,,,,,,,674,,,,,,,,
DN00438,2023,Tờ khai thuế,triệu đồng,,,,,,,,,,,,,,,,,,,,1183,,,,,,,,
DN00438,2024,Tờ khai thuế,triệu đồng,,,,,,,,,,,,,,,,,,,,1016,,,,,,,,
DN00438,2025,Tờ khai thuế,triệu đồng,,,,,,,,,,,,,,,,,,,,1510,,,,,,,,
DN00439,2023,BCTC chưa kiểm toán,triệu đồng,573.0,2688.0,3585.0,791.0,7637.0,308.0,94.0,402.0,8039.0,1796.0,1661.0,510.0,3967.0,1197.0,125.0,1322.0,5289.0,2750.0,8039.0,24866,21546.0,3320.0,3294.0,289.0,-263.0,0.0,-263.0,20.0
DN00439,2024,BCTC chưa kiểm toán,triệu đồng,500.0,3415.0,2135.0,605.0,6655.0,1143.0,202.0,1345.0,8000.0,1210.0,6946.0,1056.0,9212.0,1027.0,118.0,1145.0,10357.0,-2357.0,8000.0,27371,23589.0,3782.0,8119.0,770.0,-5107.0,0.0,-5107.0,76.0
DN00439,2025,BCTC chưa kiểm toán,triệu đồng,943.0,2124.0,3372.0,653.0,7092.0,2363.0,210.0,2573.0,9665.0,1528.0,5289.0,521.0,7338.0,711.0,166.0,877.0,8215.0,1450.0,9665.0,31579,29573.0,2006.0,1835.0,492.0,-321.0,0.0,-321.0,181.0
DN00440,2023,BCTC đã kiểm toán,triệu đồng,45478.0,476798.0,328890.0,130928.0,982094.0,194678.0,43731.0,238409.0,1220503.0,100944.0,550494.0,43399.0,694837.0,0.0,0.0,0.0,694837.0,525666.0,1220503.0,1846178,1651621.0,194557.0,116499.0,44925.0,33133.0,6627.0,26506.0,17146.0
DN00440,2024,BCTC đã kiểm toán,triệu đồng,160472.0,198704.0,322430.0,216207.0,897813.0,278146.0,89756.0,367902.0,1265715.0,184288.0,459844.0,75644.0,719776.0,0.0,0.0,0.0,719776.0,545939.0,1265715.0,2174820,2092605.0,82215.0,21748.0,35124.0,25343.0,5069.0,20274.0,17225.0
DN00440,2025,BCTC đã kiểm toán,triệu đồng,58795.0,319282.0,385494.0,208694.0,972265.0,126069.0,26262.0,152331.0,1124596.0,116921.0,251981.0,45524.0,414426.0,142490.0,3967.0,146457.0,560883.0,563713.0,1124596.0,1831066,1612639.0,218427.0,158922.0,37289.0,22216.0,4443.0,17773.0,11514.0
DN00441,2023,BCTC chưa kiểm toán,triệu đồng,56.0,550.0,273.0,234.0,1113.0,263.0,16.0,279.0,1392.0,74.0,651.0,122.0,847.0,0.0,0.0,0.0,847.0,545.0,1392.0,314,243.0,71.0,3.0,68.0,0.0,0.0,0.0,22.0
DN00441,2024,BCTC chưa kiểm toán,triệu đồng,54.0,466.0,295.0,164.0,979.0,332.0,22.0,354.0,1333.0,38.0,629.0,111.0,778.0,13.0,3.0,16.0,794.0,539.0,1333.0,387,322.0,65.0,4.0,67.0,-6.0,0.0,-6.0,31.0
DN00441,2025,BCTC chưa kiểm toán,triệu đồng,38.0,487.0,201.0,92.0,818.0,437.0,35.0,472.0,1290.0,83.0,572.0,90.0,745.0,0.0,0.0,0.0,745.0,545.0,1290.0,318,265.0,53.0,3.0,42.0,8.0,2.0,6.0,44.0
DN00442,2023,BCTC chưa kiểm toán,triệu đồng,4105.0,9719.0,23598.0,3869.0,41291.0,12105.0,3169.0,15274.0,56565.0,2691.0,40247.0,3157.0,46095.0,962.0,46.0,1008.0,47103.0,9462.0,56565.0,64546,58891.0,5655.0,1767.0,3888.0,0.0,0.0,0.0,757.0
DN00442,2024,BCTC chưa kiểm toán,triệu đồng,4526.0,20391.0,17987.0,9871.0,52775.0,9063.0,1333.0,10396.0,63171.0,4883.0,44160.0,5038.0,54081.0,1297.0,111.0,1408.0,55489.0,7682.0,63171.0,71276,64409.0,6867.0,5454.0,3192.0,-1779.0,0.0,-1779.0,790.0
DN00442,2025,BCTC chưa kiểm toán,triệu đồng,5657.0,15295.0,8822.0,8444.0,38218.0,9034.0,2107.0,11141.0,49359.0,1689.0,28534.0,2682.0,32905.0,6168.0,3190.0,9358.0,42263.0,7096.0,49359.0,56651,51087.0,5564.0,2672.0,3478.0,-586.0,0.0,-586.0,635.0
DN00443,2025,Tờ khai thuế,triệu đồng,,,,,,,,,,,,,,,,,,,,605,,,,,,,,
DN00444,2023,BCTC chưa kiểm toán,triệu đồng,55.0,245.0,44.0,94.0,438.0,415.0,30.0,445.0,883.0,24.0,0.0,157.0,181.0,0.0,286.0,286.0,467.0,416.0,883.0,330,249.0,81.0,52.0,0.0,29.0,6.0,23.0,26.0
DN00444,2024,BCTC chưa kiểm toán,triệu đồng,20.0,203.0,146.0,89.0,458.0,287.0,113.0,400.0,858.0,24.0,177.0,33.0,234.0,171.0,24.0,195.0,429.0,429.0,858.0,344,286.0,58.0,5.0,38.0,15.0,3.0,12.0,27.0
DN00444,2025,BCTC chưa kiểm toán,triệu đồng,66.0,345.0,104.0,85.0,600.0,312.0,61.0,373.0,973.0,43.0,301.0,19.0,363.0,111.0,56.0,167.0,530.0,443.0,973.0,355,258.0,97.0,40.0,41.0,16.0,3.0,13.0,27.0
DN00445,2023,BCTC đã kiểm toán,triệu đồng,747.0,1804.0,1021.0,711.0,4283.0,1324.0,485.0,1809.0,6092.0,733.0,2121.0,180.0,3034.0,415.0,216.0,631.0,3665.0,2427.0,6092.0,5883,5000.0,883.0,256.0,207.0,420.0,84.0,336.0,134.0
DN00445,2024,BCTC đã kiểm toán,triệu đồng,351.0,1334.0,1892.0,373.0,3950.0,1586.0,368.0,1954.0,5904.0,986.0,1891.0,470.0,3347.0,0.0,0.0,0.0,3347.0,2557.0,5904.0,6423,5517.0,906.0,558.0,185.0,163.0,33.0,130.0,188.0
DN00445,2025,BCTC đã kiểm toán,triệu đồng,448.0,1485.0,1633.0,1044.0,4610.0,1144.0,149.0,1293.0,5903.0,935.0,1959.0,343.0,3237.0,0.0,0.0,0.0,3237.0,2666.0,5903.0,6101,5115.0,986.0,706.0,144.0,136.0,27.0,109.0,106.0
DN00446,2023,BCTC chưa kiểm toán,triệu đồng,212.0,734.0,433.0,371.0,1750.0,346.0,115.0,461.0,2211.0,148.0,964.0,107.0,1219.0,0.0,0.0,0.0,1219.0,992.0,2211.0,2947,2738.0,209.0,29.0,99.0,81.0,16.0,65.0,35.0
DN00446,2024,BCTC chưa kiểm toán,triệu đồng,170.0,241.0,955.0,407.0,1773.0,317.0,119.0,436.0,2209.0,311.0,689.0,126.0,1126.0,0.0,0.0,0.0,1126.0,1083.0,2209.0,3368,2996.0,372.0,191.0,68.0,113.0,23.0,90.0,22.0
DN00446,2025,BCTC chưa kiểm toán,triệu đồng,274.0,159.0,1088.0,235.0,1756.0,653.0,79.0,732.0,2488.0,212.0,0.0,927.0,1139.0,0.0,223.0,223.0,1362.0,1126.0,2488.0,3411,3154.0,257.0,204.0,0.0,53.0,11.0,42.0,46.0
DN00447,2024,BCTC chưa kiểm toán,triệu đồng,2321.0,5647.0,4206.0,2102.0,14276.0,4705.0,1350.0,6055.0,20331.0,1660.0,0.0,7412.0,9072.0,0.0,0.0,0.0,9072.0,11259.0,20331.0,15114,13128.0,1986.0,1986.0,0.0,0.0,0.0,0.0,306.0
DN00447,2025,BCTC chưa kiểm toán,triệu đồng,1530.0,9631.0,3871.0,1441.0,16473.0,3291.0,1366.0,4657.0,21130.0,2482.0,6563.0,722.0,9767.0,0.0,0.0,0.0,9767.0,11363.0,21130.0,16749,14898.0,1851.0,1131.0,590.0,130.0,26.0,104.0,345.0
DN00448,2023,BCTC chưa kiểm toán,triệu đồng,87.0,347.0,161.0,191.0,786.0,649.0,118.0,767.0,1553.0,59.0,301.0,47.0,407.0,0.0,0.0,0.0,407.0,1146.0,1553.0,617,483.0,134.0,150.0,21.0,-37.0,0.0,-37.0,56.0
DN00448,2024,BCTC chưa kiểm toán,triệu đồng,152.0,370.0,436.0,94.0,1052.0,735.0,202.0,937.0,1989.0,66.0,599.0,42.0,707.0,114.0,15.0,129.0,836.0,1153.0,1989.0,701,544.0,157.0,96.0,53.0,8.0,2.0,6.0,49.0
DN00448,2025,BCTC chưa kiểm toán,triệu đồng,56.0,518.0,215.0,163.0,952.0,726.0,306.0,1032.0,1984.0,39.0,475.0,83.0,597.0,202.0,18.0,220.0,817.0,1167.0,1984.0,765,542.0,223.0,141.0,64.0,18.0,4.0,14.0,65.0
DN00449,2023,BCTC chưa kiểm toán,triệu đồng,1005.0,2806.0,1349.0,1512.0,6672.0,2376.0,559.0,2935.0,9607.0,1581.0,3081.0,434.0,5096.0,0.0,0.0,0.0,5096.0,4511.0,9607.0,7180,6345.0,835.0,552.0,236.0,47.0,9.0,38.0,145.0
DN00449,2024,BCTC chưa kiểm toán,triệu đồng,873.0,3391.0,2051.0,1357.0,7672.0,2281.0,910.0,3191.0,10863.0,1181.0,4897.0,518.0,6596.0,0.0,0.0,0.0,6596.0,4267.0,10863.0,7918,6742.0,1176.0,997.0,422.0,-243.0,0.0,-243.0,263.0
DN00449,2025,BCTC chưa kiểm toán,triệu đồng,760.0,2489.0,4740.0,2527.0,10516.0,541.0,162.0,703.0,11219.0,1250.0,4435.0,900.0,6585.0,0.0,0.0,0.0,6585.0,4634.0,11219.0,8489,7590.0,899.0,85.0,354.0,460.0,92.0,368.0,52.0
DN00450,2023,BCTC chưa kiểm toán,triệu đồng,2723.0,17478.0,14902.0,4362.0,39465.0,3955.0,1425.0,5380.0,44845.0,2516.0,25717.0,2844.0,31077.0,1322.0,460.0,1782.0,32859.0,11986.0,44845.0,40324,37223.0,3101.0,508.0,2593.0,0.0,0.0,0.0,307.0
DN00450,2024,BCTC chưa kiểm toán,triệu đồng,4482.0,10900.0,18648.0,6530.0,40560.0,13983.0,1469.0,15452.0,56012.0,2284.0,27261.0,3886.0,33431.0,13504.0,675.0,14179.0,47610.0,8402.0,56012.0,44670,40358.0,4312.0,13562.0,3335.0,-12585.0,0.0,-12585.0,1433.0
DN00450,2025,BCTC chưa kiểm toán,triệu đồng,3257.0,18445.0,18863.0,4805.0,45370.0,5878.0,936.0,6814.0,52184.0,2581.0,28458.0,4628.0,35667.0,7642.0,32.0,7674.0,43341.0,8843.0,52184.0,46808,40819.0,5989.0,1534.0,3904.0,551.0,110.0,441.0,582.0
DN00451,2023,BCTC chưa kiểm toán,triệu đồng,257.0,867.0,260.0,443.0,1827.0,1304.0,148.0,1452.0,3279.0,140.0,1074.0,197.0,1411.0,242.0,41.0,283.0,1694.0,1585.0,3279.0,3207,2356.0,851.0,713.0,138.0,0.0,0.0,0.0,141.0
DN00451,2024,BCTC chưa kiểm toán,triệu đồng,133.0,1716.0,175.0,176.0,2200.0,1555.0,120.0,1675.0,3875.0,341.0,782.0,139.0,1262.0,690.0,138.0,828.0,2090.0,1785.0,3875.0,3530,2835.0,695.0,299.0,147.0,249.0,50.0,199.0,157.0
DN00451,2025,BCTC chưa kiểm toán,triệu đồng,165.0,779.0,272.0,213.0,1429.0,1261.0,349.0,1610.0,3039.0,178.0,0.0,624.0,802.0,0.0,310.0,310.0,1112.0,1927.0,3039.0,2930,2352.0,578.0,399.0,0.0,179.0,36.0,143.0,134.0
DN00452,2023,BCTC chưa kiểm toán,triệu đồng,118.0,339.0,195.0,131.0,783.0,497.0,141.0,638.0,1421.0,86.0,504.0,76.0,666.0,0.0,0.0,0.0,666.0,755.0,1421.0,1050,880.0,170.0,210.0,42.0,-82.0,0.0,-82.0,47.0
DN00452,2024,BCTC chưa kiểm toán,triệu đồng,120.0,287.0,404.0,140.0,951.0,493.0,183.0,676.0,1627.0,59.0,406.0,54.0,519.0,320.0,33.0,353.0,872.0,755.0,1627.0,1235,1032.0,203.0,136.0,67.0,0.0,0.0,0.0,40.0
DN00452,2025,BCTC chưa kiểm toán,triệu đồng,49.0,460.0,409.0,80.0,998.0,1069.0,183.0,1252.0,2250.0,107.0,609.0,79.0,795.0,670.0,74.0,744.0,1539.0,711.0,2250.0,1687,1413.0,274.0,186.0,132.0,-44.0,0.0,-44.0,91.0
DN00453,2023,BCTC chưa kiểm toán,triệu đồng,37.0,339.0,105.0,69.0,550.0,466.0,153.0,619.0,1169.0,59.0,263.0,22.0,344.0,116.0,13.0,129.0,473.0,696.0,1169.0,1341,1046.0,295.0,182.0,28.0,85.0,17.0,68.0,44.0
DN00453,2024,BCTC chưa kiểm toán,triệu đồng,93.0,579.0,118.0,116.0,906.0,388.0,116.0,504.0,1410.0,106.0,396.0,41.0,543.0,111.0,7.0,118.0,661.0,749.0,1410.0,1673,1286.0,387.0,274.0,46.0,67.0,13.0,54.0,45.0
DN00453,2025,BCTC chưa kiểm toán,triệu đồng,122.0,544.0,43.0,235.0,944.0,415.0,109.0,524.0,1468.0,161.0,463.0,59.0,683.0,0.0,0.0,0.0,683.0,785.0,1468.0,1797,1359.0,438.0,351.0,42.0,45.0,9.0,36.0,38.0
DN00454,2024,BCTC chưa kiểm toán,triệu đồng,146.0,259.0,407.0,138.0,950.0,655.0,70.0,725.0,1675.0,57.0,531.0,53.0,641.0,37.0,4.0,41.0,682.0,993.0,1675.0,507,438.0,69.0,18.0,51.0,0.0,0.0,0.0,78.0
DN00454,2025,BCTC chưa kiểm toán,triệu đồng,131.0,211.0,425.0,88.0,855.0,597.0,64.0,661.0,1516.0,33.0,459.0,45.0,537.0,0.0,0.0,0.0,537.0,979.0,1516.0,456,403.0,53.0,30.0,37.0,-14.0,0.0,-14.0,66.0
DN00455,2023,BCTC chưa kiểm toán,triệu đồng,776.0,7887.0,5960.0,1479.0,16102.0,2823.0,758.0,3581.0,19683.0,2434.0,6661.0,1582.0,10677.0,0.0,0.0,0.0,10677.0,9006.0,19683.0,30197,25999.0,4198.0,3536.0,478.0,184.0,37.0,147.0,267.0
DN00455,2024,BCTC chưa kiểm toán,triệu đồng,1074.0,5206.0,3763.0,3072.0,13115.0,2382.0,409.0,2791.0,15906.0,1436.0,5342.0,869.0,7647.0,0.0,0.0,0.0,7647.0,8259.0,15906.0,25582,23501.0,2081.0,2288.0,540.0,-747.0,0.0,-747.0,270.0
DN00455,2025,BCTC chưa kiểm toán,triệu đồng,510.0,4131.0,5367.0,1485.0,11493.0,2972.0,1098.0,4070.0,15563.0,1306.0,6405.0,824.0,8535.0,0.0,0.0,0.0,8535.0,7028.0,15563.0,24792,23183.0,1609.0,2163.0,678.0,-1232.0,0.0,-1232.0,280.0
DN00456,2023,BCTC chưa kiểm toán,triệu đồng,2476.0,4810.0,3298.0,3309.0,13893.0,636.0,136.0,772.0,14665.0,687.0,0.0,7889.0,8576.0,0.0,0.0,0.0,8576.0,6089.0,14665.0,21507,20233.0,1274.0,1274.0,0.0,0.0,0.0,0.0,76.0
DN00456,2024,BCTC chưa kiểm toán,triệu đồng,859.0,4955.0,4307.0,2234.0,12355.0,2388.0,292.0,2680.0,15035.0,756.0,7103.0,433.0,8292.0,469.0,2.0,471.0,8763.0,6272.0,15035.0,23792,21397.0,2395.0,1553.0,614.0,228.0,46.0,182.0,215.0
DN00456,2025,BCTC chưa kiểm toán,triệu đồng,2173.0,3902.0,5297.0,1952.0,13324.0,2236.0,742.0,2978.0,16302.0,1629.0,6768.0,713.0,9110.0,420.0,78.0,498.0,9608.0,6694.0,16302.0,23646,20805.0,2841.0,1634.0,678.0,529.0,106.0,423.0,232.0
DN00457,2023,BCTC đã kiểm toán,triệu đồng,488.0,746.0,1599.0,382.0,3215.0,1901.0,155.0,2056.0,5271.0,413.0,1159.0,268.0,1840.0,2099.0,262.0,2361.0,4201.0,1070.0,5271.0,11877,10325.0,1552.0,1083.0,342.0,127.0,25.0,102.0,214.0
DN00457,2024,BCTC đã kiểm toán,triệu đồng,420.0,1586.0,2104.0,450.0,4560.0,836.0,254.0,1090.0,5650.0,1230.0,3103.0,247.0,4580.0,0.0,0.0,0.0,4580.0,1070.0,5650.0,12267,10967.0,1300.0,1063.0,237.0,0.0,0.0,0.0,75.0
DN00457,2025,BCTC đã kiểm toán,triệu đồng,198.0,1463.0,1492.0,911.0,4064.0,829.0,151.0,980.0,5044.0,599.0,1764.0,412.0,2775.0,892.0,132.0,1024.0,3799.0,1245.0,5044.0,11108,10322.0,786.0,351.0,217.0,218.0,44.0,174.0,99.0
DN00458,2024,Tờ khai thuế,triệu đồng,,,,,,,,,,,,,,,,,,,,1520,,,,,,,,
DN00458,2025,Tờ khai thuế,triệu đồng,,,,,,,,,,,,,,,,,,,,1411,,,,,,,,
DN00459,2023,BCTC chưa kiểm toán,triệu đồng,4469.0,19644.0,4489.0,7096.0,35698.0,10634.0,930.0,11564.0,47262.0,9041.0,15203.0,2257.0,26501.0,3628.0,886.0,4514.0,31015.0,16247.0,47262.0,99501,89365.0,10136.0,12989.0,1467.0,-4320.0,0.0,-4320.0,791.0
DN00459,2024,BCTC chưa kiểm toán,triệu đồng,5782.0,11028.0,14201.0,3697.0,34708.0,7648.0,1817.0,9465.0,44173.0,5513.0,16765.0,1505.0,23783.0,2401.0,1054.0,3455.0,27238.0,16935.0,44173.0,101601,88841.0,12760.0,10188.0,1711.0,861.0,172.0,689.0,804.0
DN00459,2025,BCTC chưa kiểm toán,triệu đồng,4837.0,8961.0,12584.0,3758.0,30140.0,9250.0,2146.0,11396.0,41536.0,13418.0,9177.0,2006.0,24601.0,0.0,0.0,0.0,24601.0,16935.0,41536.0,97128,88180.0,8948.0,8153.0,795.0,0.0,0.0,0.0,698.0
DN00460,2023,BCTC chưa kiểm toán,triệu đồng,161.0,333.0,392.0,108.0,994.0,50.0,9.0,59.0,1053.0,86.0,0.0,505.0,591.0,0.0,0.0,0.0,591.0,462.0,1053.0,1254,1168.0,86.0,104.0,0.0,-18.0,0.0,-18.0,3.0
DN00460,2024,BCTC chưa kiểm toán,triệu đồng,88.0,178.0,402.0,177.0,845.0,128.0,12.0,140.0,985.0,46.0,0.0,497.0,543.0,0.0,0.0,0.0,543.0,442.0,985.0,1278,1137.0,141.0,161.0,0.0,-20.0,0.0,-20.0,12.0
DN00460,2025,BCTC chưa kiểm toán,triệu đồng,95.0,222.0,308.0,188.0,813.0,161.0,33.0,194.0,1007.0,78.0,391.0,26.0,495.0,112.0,2.0,114.0,609.0,398.0,1007.0,1202,1102.0,100.0,102.0,42.0,-44.0,0.0,-44.0,17.0
DN00461,2023,BCTC chưa kiểm toán,triệu đồng,91.0,411.0,81.0,148.0,731.0,414.0,118.0,532.0,1263.0,60.0,239.0,45.0,344.0,267.0,68.0,335.0,679.0,584.0,1263.0,749,557.0,192.0,180.0,41.0,-29.0,0.0,-29.0,31.0
DN00461,2024,BCTC chưa kiểm toán,triệu đồng,95.0,385.0,79.0,120.0,679.0,533.0,88.0,621.0,1300.0,41.0,0.0,647.0,688.0,0.0,34.0,34.0,722.0,578.0,1300.0,739,561.0,178.0,185.0,0.0,-7.0,0.0,-7.0,53.0
DN00461,2025,BCTC chưa kiểm toán,triệu đồng,41.0,438.0,133.0,61.0,673.0,271.0,101.0,372.0,1045.0,41.0,382.0,48.0,471.0,9.0,2.0,11.0,482.0,563.0,1045.0,610,491.0,119.0,102.0,31.0,-14.0,0.0,-14.0,20.0
DN00462,2023,BCTC chưa kiểm toán,triệu đồng,1108.0,8561.0,3601.0,1933.0,15203.0,12272.0,3498.0,15770.0,30973.0,3175.0,0.0,9116.0,12291.0,0.0,4925.0,4925.0,17216.0,13757.0,30973.0,27195,21307.0,5888.0,7438.0,0.0,-1550.0,0.0,-1550.0,1167.0
DN00462,2024,BCTC chưa kiểm toán,triệu đồng,2289.0,12200.0,798.0,3109.0,18396.0,8279.0,3131.0,11410.0,29806.0,1897.0,11104.0,1004.0,14005.0,1897.0,148.0,2045.0,16050.0,13756.0,29806.0,25049,20036.0,5013.0,3727.0,1286.0,0.0,0.0,0.0,575.0
DN00462,2025,BCTC chưa kiểm toán,triệu đồng,1973.0,9235.0,2972.0,4428.0,18608.0,13351.0,2081.0,15432.0,34040.0,3142.0,8896.0,958.0,12996.0,5408.0,246.0,5654.0,18650.0,15390.0,34040.0,29388,21879.0,7509.0,3905.0,1561.0,2043.0,409.0,1634.0,1352.0
DN00463,2023,BCTC chưa kiểm toán,triệu đồng,371.0,883.0,1058.0,490.0,2802.0,312.0,67.0,379.0,3181.0,90.0,0.0,1829.0,1919.0,0.0,0.0,0.0,1919.0,1262.0,3181.0,2999,2489.0,510.0,510.0,0.0,0.0,0.0,0.0,37.0
DN00463,2024,BCTC chưa kiểm toán,triệu đồng,318.0,981.0,880.0,439.0,2618.0,570.0,124.0,694.0,3312.0,164.0,1679.0,229.0,2072.0,0.0,0.0,0.0,2072.0,1240.0,3312.0,2741,2501.0,240.0,122.0,141.0,-23.0,0.0,-23.0,48.0
DN00463,2025,BCTC chưa kiểm toán,triệu đồng,264.0,641.0,1098.0,448.0,2451.0,454.0,183.0,637.0,3088.0,148.0,0.0,1801.0,1949.0,0.0,0.0,0.0,1949.0,1139.0,3088.0,2677,2431.0,246.0,347.0,0.0,-101.0,0.0,-101.0,47.0
DN00464,2023,BCTC đã kiểm toán,triệu đồng,11028.0,32449.0,28465.0,15341.0,87283.0,19770.0,4632.0,24402.0,111685.0,13633.0,48821.0,6904.0,69358.0,0.0,0.0,0.0,69358.0,42327.0,111685.0,186547,159960.0,26587.0,27537.0,4008.0,-4958.0,0.0,-4958.0,1765.0
DN00464,2024,BCTC đã kiểm toán,triệu đồng,4679.0,10227.0,36888.0,16957.0,68751.0,27535.0,4615.0,32150.0,100901.0,12443.0,47059.0,5669.0,65171.0,0.0,0.0,0.0,65171.0,35730.0,100901.0,170947,154810.0,16137.0,18083.0,4651.0,-6597.0,0.0,-6597.0,1881.0
DN00464,2025,BCTC đã kiểm toán,triệu đồng,11132.0,25146.0,28273.0,12841.0,77392.0,19244.0,8055.0,27299.0,104691.0,5682.0,47686.0,8574.0,61942.0,0.0,0.0,0.0,61942.0,42749.0,104691.0,172698,155187.0,17511.0,4602.0,4136.0,8773.0,1755.0,7018.0,2173.0
DN00465,2023,BCTC chưa kiểm toán,triệu đồng,652.0,1530.0,1273.0,392.0,3847.0,1353.0,179.0,1532.0,5379.0,417.0,2703.0,220.0,3340.0,0.0,0.0,0.0,3340.0,2039.0,5379.0,3106,2763.0,343.0,236.0,222.0,-115.0,0.0,-115.0,120.0
DN00465,2024,BCTC chưa kiểm toán,triệu đồng,509.0,1164.0,814.0,716.0,3203.0,1320.0,436.0,1756.0,4959.0,956.0,1593.0,199.0,2748.0,181.0,82.0,263.0,3011.0,1948.0,4959.0,3091,2646.0,445.0,371.0,165.0,-91.0,0.0,-91.0,139.0
DN00465,2025,BCTC chưa kiểm toán,triệu đồng,370.0,549.0,764.0,441.0,2124.0,986.0,220.0,1206.0,3330.0,252.0,1019.0,142.0,1413.0,0.0,0.0,0.0,1413.0,1917.0,3330.0,2108,1843.0,265.0,194.0,101.0,-30.0,0.0,-30.0,98.0
DN00466,2023,BCTC chưa kiểm toán,triệu đồng,137.0,1026.0,1186.0,710.0,3059.0,3048.0,779.0,3827.0,6886.0,238.0,1160.0,194.0,1592.0,850.0,313.0,1163.0,2755.0,4131.0,6886.0,4322,3895.0,427.0,83.0,184.0,160.0,32.0,128.0,218.0
DN00466,2024,BCTC chưa kiểm toán,triệu đồng,427.0,1103.0,1512.0,746.0,3788.0,4714.0,905.0,5619.0,9407.0,483.0,1621.0,154.0,2258.0,2015.0,626.0,2641.0,4899.0,4508.0,9407.0,5898,5078.0,820.0,59.0,290.0,471.0,94.0,377.0,425.0
DN00466,2025,BCTC chưa kiểm toán,triệu đồng,573.0,1005.0,3138.0,1541.0,6257.0,3687.0,253.0,3940.0,10197.0,429.0,2827.0,488.0,3744.0,1216.0,349.0,1565.0,5309.0,4888.0,10197.0,6660,5714.0,946.0,67.0,403.0,476.0,95.0,381.0,339.0
DN00467,2023,BCTC chưa kiểm toán,triệu đồng,1302.0,6640.0,1301.0,1789.0,11032.0,3078.0,969.0,4047.0,15079.0,543.0,0.0,10812.0,11355.0,0.0,0.0,0.0,11355.0,3724.0,15079.0,11024,8481.0,2543.0,2861.0,0.0,-318.0,0.0,-318.0,305.0
DN00467,2024,BCTC chưa kiểm toán,triệu đồng,577.0,3266.0,581.0,891.0,5315.0,4799.0,278.0,5077.0,10392.0,1018.0,4272.0,333.0,5623.0,1012.0,442.0,1454.0,7077.0,3315.0,10392.0,8236,6065.0,2171.0,2146.0,433.0,-408.0,0.0,-408.0,439.0
DN00467,2025,BCTC chưa kiểm toán,triệu đồng,351.0,2406.0,634.0,1123.0,4514.0,2563.0,670.0,3233.0,7747.0,607.0,3616.0,338.0,4561.0,0.0,0.0,0.0,4561.0,3186.0,7747.0,6178,4665.0,1513.0,1337.0,304.0,-128.0,0.0,-128.0,188.0
DN00468,2023,BCTC đã kiểm toán,triệu đồng,3176.0,3449.0,18355.0,4205.0,29185.0,2829.0,1018.0,3847.0,33032.0,2381.0,12962.0,1769.0,17112.0,0.0,0.0,0.0,17112.0,15920.0,33032.0,27638,24580.0,3058.0,1267.0,1242.0,549.0,110.0,439.0,262.0
DN00468,2024,BCTC đã kiểm toán,triệu đồng,830.0,8631.0,6983.0,3519.0,19963.0,6116.0,1038.0,7154.0,27117.0,624.0,9082.0,1213.0,10919.0,0.0,0.0,0.0,10919.0,16198.0,27117.0,23457,21209.0,2248.0,1012.0,889.0,347.0,69.0,278.0,375.0
DN00468,2025,BCTC đã kiểm toán,triệu đồng,2085.0,3517.0,13791.0,1819.0,21212.0,4618.0,1023.0,5641.0,26853.0,1086.0,9179.0,1137.0,11402.0,0.0,0.0,0.0,11402.0,15451.0,26853.0,23822,21829.0,1993.0,1764.0,976.0,-747.0,0.0,-747.0,381.0
DN00469,2023,BCTC chưa kiểm toán,triệu đồng,1201.0,3488.0,5416.0,1608.0,11713.0,1554.0,285.0,1839.0,13552.0,2527.0,4007.0,1085.0,7619.0,2066.0,370.0,2436.0,10055.0,3497.0,13552.0,34323,29791.0,4532.0,3660.0,659.0,213.0,43.0,170.0,173.0
DN00469,2024,BCTC chưa kiểm toán,triệu đồng,2517.0,2862.0,6344.0,3187.0,14910.0,1752.0,135.0,1887.0,16797.0,3265.0,9031.0,841.0,13137.0,0.0,0.0,0.0,13137.0,3660.0,16797.0,40336,36262.0,4074.0,3111.0,759.0,204.0,41.0,163.0,118.0
DN00469,2025,BCTC chưa kiểm toán,triệu đồng,2708.0,4763.0,6760.0,2282.0,16513.0,1832.0,536.0,2368.0,18881.0,8150.0,4234.0,1200.0,13584.0,2564.0,1357.0,3921.0,17505.0,1376.0,18881.0,48590,43663.0,4927.0,6658.0,553.0,-2284.0,0.0,-2284.0,138.0
DN00470,2023,BCTC đã kiểm toán,triệu đồng,117.0,279.0,621.0,300.0,1317.0,1575.0,173.0,1748.0,3065.0,129.0,799.0,69.0,997.0,552.0,63.0,615.0,1612.0,1453.0,3065.0,1011,842.0,169.0,35.0,145.0,-11.0,0.0,-11.0,188.0
DN00470,2024,BCTC đã kiểm toán,triệu đồng,145.0,307.0,743.0,352.0,1547.0,1153.0,177.0,1330.0,2877.0,89.0,788.0,144.0,1021.0,292.0,123.0,415.0,1436.0,1441.0,2877.0,1021,903.0,118.0,10.0,119.0,-11.0,0.0,-11.0,100.0
DN00470,2025,BCTC đã kiểm toán,triệu đồng,125.0,701.0,251.0,154.0,1231.0,1093.0,347.0,1440.0,2671.0,42.0,0.0,979.0,1021.0,0.0,209.0,209.0,1230.0,1441.0,2671.0,937,788.0,149.0,149.0,0.0,0.0,0.0,0.0,104.0
DN00471,2025,BCTC chưa kiểm toán,triệu đồng,4007.0,10676.0,13052.0,2779.0,30514.0,6916.0,1635.0,8551.0,39065.0,3600.0,18585.0,2335.0,24520.0,0.0,0.0,0.0,24520.0,14545.0,39065.0,71602,64951.0,6651.0,6485.0,1453.0,-1287.0,0.0,-1287.0,676.0
DN00472,2023,Tờ khai thuế,triệu đồng,,,,,,,,,,,,,,,,,,,,3348,,,,,,,,
DN00472,2024,Tờ khai thuế,triệu đồng,,,,,,,,,,,,,,,,,,,,2911,,,,,,,,
DN00472,2025,Tờ khai thuế,triệu đồng,,,,,,,,,,,,,,,,,,,,2599,,,,,,,,
DN00473,2024,Tờ khai thuế,triệu đồng,,,,,,,,,,,,,,,,,,,,1489,,,,,,,,
DN00473,2025,Tờ khai thuế,triệu đồng,,,,,,,,,,,,,,,,,,,,1250,,,,,,,,
DN00474,2023,BCTC chưa kiểm toán,triệu đồng,831.0,7606.0,8391.0,2523.0,19351.0,2200.0,723.0,2923.0,22274.0,1397.0,10466.0,1164.0,13027.0,0.0,0.0,0.0,13027.0,9247.0,22274.0,30549,26815.0,3734.0,2675.0,1059.0,0.0,0.0,0.0,134.0
DN00474,2024,BCTC chưa kiểm toán,triệu đồng,2004.0,3219.0,9867.0,2861.0,17951.0,2114.0,839.0,2953.0,20904.0,1834.0,8554.0,1270.0,11658.0,0.0,0.0,0.0,11658.0,9246.0,20904.0,29005,26363.0,2642.0,1960.0,682.0,0.0,0.0,0.0,212.0
DN00474,2025,BCTC chưa kiểm toán,triệu đồng,2406.0,6023.0,6896.0,2385.0,17710.0,3341.0,1068.0,4409.0,22119.0,1496.0,9873.0,1093.0,12462.0,0.0,0.0,0.0,12462.0,9657.0,22119.0,31597,28673.0,2924.0,1408.0,1002.0,514.0,103.0,411.0,237.0
DN00475,2023,BCTC chưa kiểm toán,triệu đồng,35.0,404.0,192.0,149.0,780.0,612.0,88.0,700.0,1480.0,43.0,387.0,30.0,460.0,27.0,3.0,30.0,490.0,990.0,1480.0,537,487.0,50.0,18.0,32.0,0.0,0.0,0.0,41.0
DN00475,2024,BCTC chưa kiểm toán,triệu đồng,165.0,279.0,352.0,135.0,931.0,494.0,203.0,697.0,1628.0,62.0,457.0,44.0,563.0,32.0,12.0,44.0,607.0,1021.0,1628.0,660,564.0,96.0,7.0,50.0,39.0,8.0,31.0,53.0
DN00475,2025,BCTC chưa kiểm toán,triệu đồng,163.0,152.0,485.0,132.0,932.0,540.0,126.0,666.0,1598.0,18.0,470.0,79.0,567.0,0.0,0.0,0.0,567.0,1031.0,1598.0,624,547.0,77.0,27.0,38.0,12.0,2.0,10.0,62.0
DN00476,2023,BCTC chưa kiểm toán,triệu đồng,58.0,191.0,73.0,94.0,416.0,437.0,179.0,616.0,1032.0,35.0,0.0,293.0,328.0,0.0,124.0,124.0,452.0,580.0,1032.0,472,330.0,142.0,142.0,0.0,0.0,0.0,0.0,34.0
DN00476,2024,BCTC chưa kiểm toán,triệu đồng,82.0,218.0,82.0,110.0,492.0,241.0,18.0,259.0,751.0,47.0,131.0,11.0,189.0,0.0,0.0,0.0,189.0,562.0,751.0,406,319.0,87.0,95.0,10.0,-18.0,0.0,-18.0,21.0
DN00476,2025,BCTC chưa kiểm toán,triệu đồng,27.0,246.0,42.0,50.0,365.0,376.0,83.0,459.0,824.0,23.0,217.0,26.0,266.0,0.0,0.0,0.0,266.0,558.0,824.0,410,318.0,92.0,78.0,18.0,-4.0,0.0,-4.0,35.0
DN00477,2023,BCTC chưa kiểm toán,triệu đồng,156.0,282.0,351.0,237.0,1026.0,1120.0,455.0,1575.0,2601.0,456.0,0.0,356.0,812.0,0.0,328.0,328.0,1140.0,1461.0,2601.0,4231,3723.0,508.0,651.0,0.0,-143.0,0.0,-143.0,128.0
DN00477,2024,BCTC chưa kiểm toán,triệu đồng,271.0,438.0,515.0,317.0,1541.0,888.0,160.0,1048.0,2589.0,366.0,599.0,138.0,1103.0,310.0,5.0,315.0,1418.0,1171.0,2589.0,4240,3646.0,594.0,797.0,87.0,-290.0,0.0,-290.0,104.0
DN00477,2025,BCTC chưa kiểm toán,triệu đồng,82.0,307.0,1257.0,238.0,1884.0,716.0,259.0,975.0,2859.0,202.0,0.0,1393.0,1595.0,0.0,93.0,93.0,1688.0,1171.0,2859.0,4502,3681.0,821.0,821.0,0.0,0.0,0.0,0.0,54.0
DN00478,2023,BCTC chưa kiểm toán,triệu đồng,117.0,234.0,307.0,160.0,818.0,147.0,16.0,163.0,981.0,84.0,356.0,74.0,514.0,0.0,0.0,0.0,514.0,467.0,981.0,1383,1198.0,185.0,160.0,38.0,-13.0,0.0,-13.0,17.0
DN00478,2024,BCTC chưa kiểm toán,triệu đồng,66.0,163.0,505.0,81.0,815.0,272.0,32.0,304.0,1119.0,107.0,603.0,55.0,765.0,0.0,0.0,0.0,765.0,354.0,1119.0,1574,1400.0,174.0,232.0,55.0,-113.0,0.0,-113.0,26.0
DN00478,2025,BCTC chưa kiểm toán,triệu đồng,66.0,218.0,361.0,185.0,830.0,263.0,87.0,350.0,1180.0,94.0,0.0,660.0,754.0,0.0,63.0,63.0,817.0,363.0,1180.0,1464,1338.0,126.0,115.0,0.0,11.0,2.0,9.0,29.0
DN00479,2023,BCTC chưa kiểm toán,triệu đồng,67.0,603.0,80.0,166.0,916.0,492.0,116.0,608.0,1524.0,122.0,425.0,83.0,630.0,121.0,56.0,177.0,807.0,717.0,1524.0,1138,910.0,228.0,222.0,52.0,-46.0,0.0,-46.0,43.0
DN00479,2024,BCTC chưa kiểm toán,triệu đồng,61.0,356.0,74.0,150.0,641.0,563.0,61.0,624.0,1265.0,71.0,243.0,47.0,361.0,134.0,64.0,198.0,559.0,706.0,1265.0,944,736.0,208.0,188.0,31.0,-11.0,0.0,-11.0,62.0
DN00479,2025,BCTC chưa kiểm toán,triệu đồng,58.0,367.0,79.0,106.0,610.0,462.0,56.0,518.0,1128.0,50.0,0.0,266.0,316.0,0.0,129.0,129.0,445.0,683.0,1128.0,841,624.0,217.0,240.0,0.0,-23.0,0.0,-23.0,32.0
DN00480,2023,BCTC chưa kiểm toán,triệu đồng,218.0,446.0,1300.0,381.0,2345.0,274.0,64.0,338.0,2683.0,198.0,1366.0,154.0,1718.0,0.0,0.0,0.0,1718.0,965.0,2683.0,3522,3241.0,281.0,72.0,147.0,62.0,12.0,50.0,30.0
DN00480,2024,BCTC chưa kiểm toán,triệu đồng,309.0,801.0,747.0,474.0,2331.0,287.0,37.0,324.0,2655.0,200.0,1172.0,233.0,1605.0,341.0,4.0,345.0,1950.0,705.0,2655.0,3652,3070.0,582.0,675.0,166.0,-259.0,0.0,-259.0,29.0
DN00480,2025,BCTC chưa kiểm toán,triệu đồng,356.0,643.0,904.0,269.0,2172.0,647.0,123.0,770.0,2942.0,199.0,1043.0,146.0,1388.0,519.0,330.0,849.0,2237.0,705.0,2942.0,3962,3450.0,512.0,362.0,150.0,0.0,0.0,0.0,48.0
DN00481,2023,BCTC chưa kiểm toán,triệu đồng,115.0,227.0,161.0,139.0,642.0,113.0,7.0,120.0,762.0,22.0,228.0,27.0,277.0,0.0,0.0,0.0,277.0,485.0,762.0,813,750.0,63.0,69.0,23.0,-29.0,0.0,-29.0,13.0
DN00481,2024,BCTC chưa kiểm toán,triệu đồng,33.0,158.0,337.0,111.0,639.0,124.0,50.0,174.0,813.0,58.0,302.0,45.0,405.0,0.0,0.0,0.0,405.0,408.0,813.0,854,829.0,25.0,70.0,32.0,-77.0,0.0,-77.0,15.0
DN00481,2025,BCTC chưa kiểm toán,triệu đồng,69.0,311.0,330.0,127.0,837.0,183.0,14.0,197.0,1034.0,76.0,450.0,87.0,613.0,0.0,0.0,0.0,613.0,421.0,1034.0,1172,1096.0,76.0,16.0,44.0,16.0,3.0,13.0,17.0
DN00482,2023,BCTC chưa kiểm toán,triệu đồng,244.0,1015.0,1758.0,554.0,3571.0,181.0,78.0,259.0,3830.0,185.0,1831.0,270.0,2286.0,203.0,130.0,333.0,2619.0,1211.0,3830.0,5894,5435.0,459.0,179.0,178.0,102.0,20.0,82.0,19.0
DN00482,2024,BCTC chưa kiểm toán,triệu đồng,646.0,1741.0,782.0,989.0,4158.0,1123.0,94.0,1217.0,5375.0,380.0,2158.0,201.0,2739.0,1156.0,178.0,1334.0,4073.0,1302.0,5375.0,7734,7043.0,691.0,269.0,308.0,114.0,23.0,91.0,74.0
DN00482,2025,BCTC chưa kiểm toán,triệu đồng,605.0,527.0,2961.0,412.0,4505.0,366.0,135.0,501.0,5006.0,456.0,0.0,3181.0,3637.0,0.0,0.0,0.0,3637.0,1369.0,5006.0,7371,6428.0,943.0,860.0,0.0,83.0,17.0,66.0,32.0
DN00483,2023,BCTC chưa kiểm toán,triệu đồng,2604.0,10794.0,14375.0,7995.0,35768.0,8299.0,1690.0,9989.0,45757.0,5688.0,13894.0,3256.0,22838.0,7171.0,319.0,7490.0,30328.0,15429.0,45757.0,113347,105557.0,7790.0,9424.0,1880.0,-3514.0,0.0,-3514.0,671.0
DN00483,2024,BCTC chưa kiểm toán,triệu đồng,2147.0,10575.0,18280.0,5664.0,36666.0,3494.0,483.0,3977.0,40643.0,6208.0,18709.0,2821.0,27738.0,0.0,0.0,0.0,27738.0,12905.0,40643.0,115098,106336.0,8762.0,9229.0,2057.0,-2524.0,0.0,-2524.0,408.0
DN00483,2025,BCTC chưa kiểm toán,triệu đồng,4123.0,7872.0,21483.0,6785.0,40263.0,5046.0,1245.0,6291.0,46554.0,7134.0,20720.0,3146.0,31000.0,0.0,0.0,0.0,31000.0,15554.0,46554.0,122203,107394.0,14809.0,9352.0,2145.0,3312.0,662.0,2650.0,422.0
DN00484,2023,Tờ khai thuế,triệu đồng,,,,,,,,,,,,,,,,,,,,940,,,,,,,,
DN00484,2024,Tờ khai thuế,triệu đồng,,,,,,,,,,,,,,,,,,,,1027,,,,,,,,
DN00484,2025,Tờ khai thuế,triệu đồng,,,,,,,,,,,,,,,,,,,,1136,,,,,,,,
DN00485,2023,Tờ khai thuế,triệu đồng,,,,,,,,,,,,,,,,,,,,653,,,,,,,,
DN00485,2024,Tờ khai thuế,triệu đồng,,,,,,,,,,,,,,,,,,,,717,,,,,,,,
DN00485,2025,Tờ khai thuế,triệu đồng,,,,,,,,,,,,,,,,,,,,601,,,,,,,,
DN00486,2023,Tờ khai thuế,triệu đồng,,,,,,,,,,,,,,,,,,,,2678,,,,,,,,
DN00486,2024,Tờ khai thuế,triệu đồng,,,,,,,,,,,,,,,,,,,,3157,,,,,,,,
DN00486,2025,Tờ khai thuế,triệu đồng,,,,,,,,,,,,,,,,,,,,2830,,,,,,,,
DN00487,2023,BCTC chưa kiểm toán,triệu đồng,443.0,1385.0,6667.0,874.0,9369.0,4525.0,1904.0,6429.0,15798.0,1489.0,3473.0,850.0,5812.0,1080.0,87.0,1167.0,6979.0,8819.0,15798.0,15591,13014.0,2577.0,1889.0,403.0,285.0,57.0,228.0,431.0
DN00487,2024,BCTC chưa kiểm toán,triệu đồng,802.0,3432.0,6584.0,1302.0,12120.0,7547.0,945.0,8492.0,20612.0,1248.0,5696.0,494.0,7438.0,2355.0,1499.0,3854.0,11292.0,9320.0,20612.0,18863,16115.0,2748.0,1343.0,779.0,626.0,125.0,501.0,466.0
DN00487,2025,BCTC chưa kiểm toán,triệu đồng,1404.0,4589.0,3178.0,2846.0,12017.0,11447.0,1518.0,12965.0,24982.0,2002.0,0.0,5196.0,7198.0,0.0,7514.0,7514.0,14712.0,10270.0,24982.0,23888,21737.0,2151.0,963.0,0.0,1188.0,238.0,950.0,806.0
DN00488,2023,BCTC chưa kiểm toán,triệu đồng,505.0,695.0,1420.0,287.0,2907.0,395.0,43.0,438.0,3345.0,439.0,1445.0,147.0,2031.0,0.0,0.0,0.0,2031.0,1314.0,3345.0,4461,4159.0,302.0,145.0,108.0,49.0,10.0,39.0,38.0
DN00488,2024,BCTC chưa kiểm toán,triệu đồng,246.0,395.0,1054.0,464.0,2159.0,324.0,131.0,455.0,2614.0,181.0,1014.0,68.0,1263.0,0.0,0.0,0.0,1263.0,1351.0,2614.0,4031,3518.0,513.0,356.0,110.0,47.0,9.0,38.0,33.0
DN00488,2025,BCTC chưa kiểm toán,triệu đồng,312.0,662.0,1031.0,405.0,2410.0,660.0,132.0,792.0,3202.0,236.0,1360.0,118.0,1714.0,0.0,0.0,0.0,1714.0,1488.0,3202.0,4531,4173.0,358.0,84.0,102.0,172.0,34.0,138.0,52.0
DN00489,2024,BCTC chưa kiểm toán,triệu đồng,130.0,846.0,111.0,344.0,1431.0,872.0,213.0,1085.0,2516.0,53.0,0.0,1214.0,1267.0,0.0,0.0,0.0,1267.0,1249.0,2516.0,787,554.0,233.0,248.0,0.0,-15.0,0.0,-15.0,83.0
DN00489,2025,BCTC chưa kiểm toán,triệu đồng,89.0,893.0,144.0,116.0,1242.0,717.0,206.0,923.0,2165.0,26.0,0.0,883.0,909.0,0.0,0.0,0.0,909.0,1256.0,2165.0,703,524.0,179.0,171.0,0.0,8.0,2.0,6.0,73.0
DN00490,2023,BCTC chưa kiểm toán,triệu đồng,1647.0,6470.0,771.0,1432.0,10320.0,14123.0,2654.0,16777.0,27097.0,1438.0,3995.0,648.0,6081.0,6908.0,3451.0,10359.0,16440.0,10657.0,27097.0,20093,15035.0,5058.0,4347.0,915.0,-204.0,0.0,-204.0,1466.0
DN00490,2024,BCTC chưa kiểm toán,triệu đồng,1621.0,13472.0,1769.0,4244.0,21106.0,10300.0,4169.0,14469.0,35575.0,1486.0,13304.0,2418.0,17208.0,4952.0,3154.0,8106.0,25314.0,10261.0,35575.0,23764,17061.0,6703.0,5155.0,1944.0,-396.0,0.0,-396.0,654.0
DN00490,2025,BCTC chưa kiểm toán,triệu đồng,3306.0,10803.0,1016.0,4566.0,19691.0,9039.0,1585.0,10624.0,30315.0,2042.0,7778.0,855.0,10675.0,7007.0,1754.0,8761.0,19436.0,10879.0,30315.0,21926,16647.0,5279.0,3071.0,1436.0,772.0,154.0,618.0,752.0
DN00491,2023,BCTC chưa kiểm toán,triệu đồng,281.0,314.0,1045.0,247.0,1887.0,698.0,132.0,830.0,2717.0,269.0,944.0,146.0,1359.0,0.0,0.0,0.0,1359.0,1358.0,2717.0,6278,5736.0,542.0,412.0,69.0,61.0,12.0,49.0,52.0
DN00491,2024,BCTC chưa kiểm toán,triệu đồng,141.0,665.0,910.0,460.0,2176.0,738.0,245.0,983.0,3159.0,460.0,1117.0,140.0,1717.0,36.0,7.0,43.0,1760.0,1399.0,3159.0,6385,5378.0,1007.0,858.0,97.0,52.0,10.0,42.0,61.0
DN00491,2025,BCTC chưa kiểm toán,triệu đồng,159.0,747.0,1342.0,225.0,2473.0,494.0,164.0,658.0,3131.0,560.0,989.0,116.0,1665.0,0.0,0.0,0.0,1665.0,1466.0,3131.0,6617,5450.0,1167.0,1008.0,75.0,84.0,17.0,67.0,51.0
DN00492,2023,Tờ khai thuế,triệu đồng,,,,,,,,,,,,,,,,,,,,688,,,,,,,,
DN00492,2024,Tờ khai thuế,triệu đồng,,,,,,,,,,,,,,,,,,,,725,,,,,,,,
DN00492,2025,Tờ khai thuế,triệu đồng,,,,,,,,,,,,,,,,,,,,551,,,,,,,,
DN00493,2023,BCTC đã kiểm toán,triệu đồng,3127.0,29062.0,21233.0,12893.0,66315.0,9476.0,2687.0,12163.0,78478.0,8402.0,0.0,29242.0,37644.0,0.0,11712.0,11712.0,49356.0,29122.0,78478.0,166738,154204.0,12534.0,15010.0,0.0,-2476.0,0.0,-2476.0,973.0
DN00493,2024,BCTC đã kiểm toán,triệu đồng,3293.0,15265.0,37073.0,9658.0,65289.0,27327.0,6568.0,33895.0,99184.0,8130.0,42861.0,2831.0,53822.0,11660.0,3477.0,15137.0,68959.0,30225.0,99184.0,218406,194563.0,23843.0,17711.0,4753.0,1379.0,276.0,1103.0,2904.0
DN00493,2025,BCTC đã kiểm toán,triệu đồng,4747.0,14201.0,52196.0,10678.0,81822.0,13666.0,2114.0,15780.0,97602.0,22530.0,36712.0,7219.0,66461.0,0.0,0.0,0.0,66461.0,31141.0,97602.0,214389,198331.0,16058.0,12008.0,2904.0,1146.0,229.0,917.0,1228.0
DN00494,2023,BCTC chưa kiểm toán,triệu đồng,115.0,94.0,386.0,148.0,743.0,137.0,46.0,183.0,926.0,77.0,376.0,32.0,485.0,0.0,0.0,0.0,485.0,441.0,926.0,1001,932.0,69.0,37.0,32.0,0.0,0.0,0.0,14.0
DN00494,2024,BCTC chưa kiểm toán,triệu đồng,68.0,362.0,211.0,115.0,756.0,110.0,32.0,142.0,898.0,49.0,0.0,400.0,449.0,0.0,0.0,0.0,449.0,449.0,898.0,1068,1014.0,54.0,45.0,0.0,9.0,2.0,7.0,13.0
DN00494,2025,BCTC chưa kiểm toán,triệu đồng,117.0,199.0,285.0,167.0,768.0,124.0,14.0,138.0,906.0,81.0,316.0,55.0,452.0,0.0,0.0,0.0,452.0,454.0,906.0,988,898.0,90.0,60.0,24.0,6.0,1.0,5.0,11.0
DN00495,2023,BCTC chưa kiểm toán,triệu đồng,3803.0,9821.0,16798.0,4038.0,34460.0,2557.0,483.0,3040.0,37500.0,7587.0,4266.0,792.0,12645.0,0.0,0.0,0.0,12645.0,24855.0,37500.0,68943,63876.0,5067.0,3619.0,430.0,1018.0,204.0,814.0,225.0
DN00495,2024,BCTC chưa kiểm toán,triệu đồng,3076.0,7128.0,12605.0,4148.0,26957.0,5224.0,1850.0,7074.0,34031.0,5248.0,2202.0,1297.0,8747.0,0.0,0.0,0.0,8747.0,25284.0,34031.0,67294,57824.0,9470.0,8757.0,177.0,536.0,107.0,429.0,500.0
DN00495,2025,BCTC chưa kiểm toán,triệu đồng,1800.0,11455.0,10156.0,3745.0,27156.0,13427.0,2000.0,15427.0,42583.0,3029.0,13650.0,2894.0,19573.0,0.0,0.0,0.0,19573.0,23010.0,42583.0,81270,69829.0,11441.0,12449.0,1265.0,-2273.0,0.0,-2273.0,1177.0
DN00496,2023,Tờ khai thuế,triệu đồng,,,,,,,,,,,,,,,,,,,,3080,,,,,,,,
DN00496,2024,Tờ khai thuế,triệu đồng,,,,,,,,,,,,,,,,,,,,3661,,,,,,,,
DN00496,2025,Tờ khai thuế,triệu đồng,,,,,,,,,,,,,,,,,,,,3200,,,,,,,,
DN00497,2023,BCTC chưa kiểm toán,triệu đồng,50.0,102.0,306.0,46.0,504.0,31.0,11.0,42.0,546.0,24.0,146.0,25.0,195.0,0.0,0.0,0.0,195.0,351.0,546.0,393,371.0,22.0,23.0,14.0,-15.0,0.0,-15.0,2.0
DN00497,2024,BCTC chưa kiểm toán,triệu đồng,67.0,226.0,188.0,66.0,547.0,110.0,21.0,131.0,678.0,44.0,237.0,46.0,327.0,0.0,0.0,0.0,327.0,351.0,678.0,474,435.0,39.0,15.0,24.0,0.0,0.0,0.0,13.0
DN00497,2025,BCTC chưa kiểm toán,triệu đồng,62.0,153.0,166.0,77.0,458.0,113.0,31.0,144.0,602.0,28.0,0.0,212.0,240.0,0.0,0.0,0.0,240.0,362.0,602.0,419,387.0,32.0,18.0,0.0,14.0,3.0,11.0,10.0
DN00498,2023,BCTC chưa kiểm toán,triệu đồng,27.0,216.0,191.0,124.0,558.0,571.0,61.0,632.0,1190.0,183.0,0.0,207.0,390.0,0.0,0.0,0.0,390.0,800.0,1190.0,1364,1132.0,232.0,287.0,0.0,-55.0,0.0,-55.0,35.0
DN00498,2024,BCTC chưa kiểm toán,triệu đồng,45.0,216.0,374.0,64.0,699.0,542.0,96.0,638.0,1337.0,110.0,0.0,466.0,576.0,0.0,0.0,0.0,576.0,761.0,1337.0,1591,1323.0,268.0,307.0,0.0,-39.0,0.0,-39.0,58.0
DN00498,2025,BCTC chưa kiểm toán,triệu đồng,113.0,211.0,348.0,134.0,806.0,574.0,111.0,685.0,1491.0,123.0,0.0,479.0,602.0,0.0,128.0,128.0,730.0,761.0,1491.0,1553,1304.0,249.0,249.0,0.0,0.0,0.0,0.0,35.0
DN00499,2023,BCTC chưa kiểm toán,triệu đồng,80.0,138.0,431.0,77.0,726.0,144.0,56.0,200.0,926.0,46.0,266.0,18.0,330.0,0.0,0.0,0.0,330.0,596.0,926.0,860,755.0,105.0,70.0,23.0,12.0,2.0,10.0,17.0
DN00499,2024,BCTC chưa kiểm toán,triệu đồng,36.0,297.0,382.0,117.0,832.0,182.0,70.0,252.0,1084.0,70.0,336.0,53.0,459.0,0.0,0.0,0.0,459.0,625.0,1084.0,1001,904.0,97.0,28.0,33.0,36.0,7.0,29.0,19.0
DN00499,2025,BCTC chưa kiểm toán,triệu đồng,132.0,391.0,235.0,217.0,975.0,115.0,35.0,150.0,1125.0,58.0,0.0,432.0,490.0,0.0,0.0,0.0,490.0,635.0,1125.0,1017,930.0,87.0,74.0,0.0,13.0,3.0,10.0,13.0
DN00500,2023,BCTC đã kiểm toán,triệu đồng,2268.0,19264.0,3548.0,8078.0,33158.0,18774.0,5337.0,24111.0,57269.0,10260.0,9078.0,1815.0,21153.0,14799.0,7141.0,21940.0,43093.0,14176.0,57269.0,129476,102602.0,26874.0,21431.0,1749.0,3694.0,739.0,2955.0,1812.0
DN00500,2024,BCTC đã kiểm toán,triệu đồng,3099.0,13037.0,2308.0,5993.0,24437.0,35106.0,2788.0,37894.0,62331.0,11754.0,6152.0,1684.0,19590.0,17695.0,1255.0,18950.0,38540.0,23791.0,62331.0,153666,120997.0,32669.0,18654.0,1996.0,12019.0,2404.0,9615.0,3618.0
DN00500,2025,BCTC đã kiểm toán,triệu đồng,3297.0,37367.0,4788.0,4201.0,49653.0,35288.0,8099.0,43387.0,93040.0,11200.0,37011.0,3483.0,51694.0,14600.0,6753.0,21353.0,73047.0,19993.0,93040.0,203537,145217.0,58320.0,57771.0,4346.0,-3797.0,0.0,-3797.0,3907.0
