ma_kh,ten_doanh_nghiep,ma_so_thue,loai_hinh_doanh_nghiep,loai_hinh_so_huu,nganh_chinh,tieu_nhom_nganh,nam_thanh_lap,lao_dong_bhxh_binh_quan,tinh_thanh,chi_nhanh_quan_ly,ngay_mo_quan_he,nguoi_dai_dien_theo_phap_luat,kinh_nghiem_dieu_hanh_nam,che_do_ke_toan,co_kiem_toan,nhom_bao_cao,trang_thai,dien_thoai,email
DN00164,Công ty TNHH Thương mại Dịch vụ Bình Kim,9469454993,Công ty TNHH một thành viên,Ngoài nhà nước,Thương mại và dịch vụ,"Bán buôn, bán lẻ",2015,43,Hà Nội,CN Hoàn Kiếm,2022-07-29,Hoàng Thu Quân,13,Thông tư 133/2016/TT-BTC,Không,Đủ,Đang hoạt động,0979778735,lienhe.dn00164@doanhnghiep.vn
DN00242,Công ty TNHH Thương mại Dịch vụ Lâm Khánh,9559742553,Công ty TNHH hai thành viên trở lên,Ngoài nhà nước,Thương mại và dịch vụ,"Bán buôn, bán lẻ",2024,5,Hà Nội,CN Thanh Xuân,2025-02-06,Đỗ Ngọc Yến,7,Thông tư 132/2018/TT-BTC,Không,Đủ,Đang hoạt động,0951985870,lienhe.dn00242@doanhnghiep.vn
DN00401,Công ty TNHH Thương mại Việt Quang,9810322794,Công ty TNHH một thành viên,Ngoài nhà nước,"Thương mại, dịch vụ","Bán buôn, bán lẻ",2019,14,Bình Dương,CN Bình Dương,2024-03-23,Trần Hữu Hà,18,Thông tư 133/2016/TT-BTC,Không,Đủ,Đang hoạt động,0328693945,lienhe.dn00401@doanhnghiep.vn
DN00426,Công ty Cổ phần Dệt may Long Kim,9278644595,Công ty cổ phần,Ngoài nhà nước,công nghiệp,"Chế biến, chế tạo",2015,89,Hà Nội,CN Thanh Xuân,2015-10-15,Lê Ngọc Sơn,7,Thông tư 133/2016/TT-BTC,Không,Đủ,Đang hoạt động,0370809959,lienhe.dn00426@doanhnghiep.vn
DN00371,Công ty TNHH Thương mại Quang Linh,9496166183,Công ty TNHH hai thành viên trở lên,Ngoài nhà nước,Thương mại và dịch vụ,"Bán buôn, bán lẻ",2025,3,Hà Nội,CN Hoàn Kiếm,2026-03-16,Dương Hữu Long,13,Thông tư 132/2018/TT-BTC,Không,Không đủ,Đang hoạt động,0229640963,lienhe.dn00371@doanhnghiep.vn
DN00074,Công ty TNHH Kỹ thuật Xây dựng Phú Khánh,9158813530,Công ty TNHH một thành viên,Ngoài nhà nước,Xây dựng,Xây dựng,2021,75,TP Hồ Chí Minh,CN Quận 1,2023-06-14,Phạm Đức Cường,15,Thông tư 133/2016/TT-BTC,Có,Đủ,Đang hoạt động,0917998337,lienhe.dn00074@doanhnghiep.vn
DN00324,Công ty Cổ phần Thực phẩm Xuân Kim,9869127534,Công ty cổ phần,Có vốn đầu tư nước ngoài,công nghiệp,"Chế biến, chế tạo",2020,597,Cần Thơ,CN Cần Thơ,2024-04-09,Lê Thanh Bình,6,Thông tư 200/2014/TT-BTC,Có,Đủ,Đang hoạt động,0317424960,lienhe.dn00324@doanhnghiep.vn
DN00133,Công ty TNHH Phân phối Đông Minh,9744784176,Công ty TNHH một thành viên,Ngoài nhà nước,Thương mại và dịch vụ,"Bán buôn, bán lẻ",2020,5,Hà Nội,CN Hoàn Kiếm,2022-04-13,Lê Thu Nam,5,Thông tư 132/2018/TT-BTC,Không,Đủ,Đang hoạt động,0233767027,lienhe.dn00133@doanhnghiep.vn
DN00431,Công ty TNHH Môi trường Nam Hưng,9200697220,Công ty TNHH hai thành viên trở lên,Ngoài nhà nước,Công nghiệp,Công nghiệp khác,2022,10,Bình Dương,CN Bình Dương,2023-03-09,Hoàng Thị Hùng,3,Không lập BCTC (nộp thuế theo tỷ lệ % trên doanh thu),Không,Không đủ,Đang hoạt động,0914038261,lienhe.dn00431@doanhnghiep.vn
DN00386,Công ty TNHH Thương mại Thái Thuận,9586894444,Công ty TNHH hai thành viên trở lên,Ngoài nhà nước,Thương mại và dịch vụ,"Bán buôn, bán lẻ",2021,46,TP Hồ Chí Minh,CN TP Hồ Chí Minh,2023-03-26,Phạm Đức Trang,9,Thông tư 133/2016/TT-BTC,Không,Đủ,Đang hoạt động,0280827472,lienhe.dn00386@doanhnghiep.vn
DN00265,Công ty Cổ phần Đầu tư Xây dựng Nhật Trung,9648006838,Công ty cổ phần,Ngoài nhà nước,Xây dựng,Xây dựng,2017,14,Hà Nội,CN Thanh Xuân,2024-11-21,Lê Ngọc Mai,9,Thông tư 133/2016/TT-BTC,Không,Đủ,Đang hoạt động,0334318886,lienhe.dn00265@doanhnghiep.vn
DN00099,Công ty TNHH Thương mại Phát Trung,9045164652,Công ty TNHH một thành viên,Ngoài nhà nước,Thương mại và dịch vụ,"Bán buôn, bán lẻ",2018,21,TP Hồ Chí Minh,CN Quận 1,2024-09-03,Lê Văn Trang,9,Thông tư 133/2016/TT-BTC,Không,Đủ,Đang hoạt động,0921932159,lienhe.dn00099@doanhnghiep.vn
DN00387,Công ty Cổ phần Du lịch Gia Hòa,9454830411,Công ty cổ phần,Ngoài nhà nước,Thương mại và dịch vụ,Dịch vụ khác,2024,2,Đà Nẵng,CN Đà Nẵng,2025-05-02,Đỗ Quốc Dũng,12,Thông tư 132/2018/TT-BTC,Không,Đủ,Đang hoạt động,0334207541,lienhe.dn00387@doanhnghiep.vn
DN00199,Công ty TNHH Sản xuất Châu Vinh,9322058788,Công ty TNHH một thành viên,Ngoài nhà nước,Công nghiệp,"Chế biến, chế tạo",2020,76,Bình Dương,CN Bình Dương,2024-11-24,Trần Đức Sơn,3,Thông tư 133/2016/TT-BTC,Không,Đủ,Đang hoạt động,0968761733,lienhe.dn00199@doanhnghiep.vn
DN00266,Công ty Cổ phần Công nghệ An Thuận,9000944436,Công ty cổ phần,Ngoài nhà nước,Thương mại và dịch vụ,Dịch vụ khác,2011,77,TP Hồ Chí Minh,CN Quận 1,2013-04-13,Trần Ngọc An,13,Thông tư 133/2016/TT-BTC,Có,Đủ,Đang hoạt động,0988575591,lienhe.dn00266@doanhnghiep.vn
DN00140,Công ty TNHH Du lịch Thái Mỹ,9622671044,Công ty TNHH một thành viên,Ngoài nhà nước,Thương mại và dịch vụ,Dịch vụ khác,1998,11,TP Hồ Chí Minh,CN Quận 1,2021-02-06,Đặng Đức Dũng,8,Thông tư 133/2016/TT-BTC,Không,Đủ,Đang hoạt động,0903930537,lienhe.dn00140@doanhnghiep.vn
DN00280,Công ty Cổ phần Kỹ thuật Xây dựng Xuân Thái,9758513269,Công ty cổ phần,Ngoài nhà nước,Xây dựng,Xây dựng,2023,42,Bình Dương,CN Bình Dương,2024-03-18,Bùi Ngọc Dũng,11,Thông tư 133/2016/TT-BTC,Có,Đủ,Đang hoạt động,0365787106,lienhe.dn00280@doanhnghiep.vn
DN00332,Công ty TNHH Lâm nghiệp Yên Xuân,9252569718,Công ty TNHH hai thành viên trở lên,Ngoài nhà nước,"Nông, lâm nghiệp và thủy sản","Nông, lâm nghiệp và thủy sản",2016,2,Hà Nội,CN Hoàn Kiếm,2021-11-25,Vũ Hoài Long,4,Không lập BCTC (nộp thuế theo tỷ lệ % trên doanh thu),Không,Không đủ,Đang hoạt động,0941395065,lienhe.dn00332@doanhnghiep.vn
DN00465,Doanh nghiệp tư nhân Kỹ thuật Xây dựng Phú Linh,9157630826,Doanh nghiệp tư nhân,Ngoài nhà nước,Xây dựng,Xây dựng,2020,4,Hà Nội,CN Cầu Giấy,2022-12-14,Lê Đức Yến,3,Thông tư 132/2018/TT-BTC,Không,Đủ,Đang hoạt động,0960430636,lienhe.dn00465@doanhnghiep.vn
DN00147,Công ty TNHH Đầu tư Xây dựng Sơn Khang,9422621179,Công ty TNHH một thành viên,Ngoài nhà nước,Xây dựng,Xây dựng,2018,4,TP Hồ Chí Minh,CN Quận 1,2024-02-13,Đặng Văn Hạnh,8,Thông tư 132/2018/TT-BTC,Không,Đủ,Đang hoạt động,0310438925,lienhe.dn00147@doanhnghiep.vn
DN00252,Doanh nghiệp tư nhân Thương mại Tiến Linh,9424067524,Doanh nghiệp tư nhân,Ngoài nhà nước,Thương mại và dịch vụ,"Bán buôn, bán lẻ",2019,5,Hà Nội,CN Hoàn Kiếm,2019-04-10,Lý Quốc Tuấn,5,Thông tư 132/2018/TT-BTC,Không,Đủ,Đang hoạt động,0369442170,lienhe.dn00252@doanhnghiep.vn
DN00378,Công ty TNHH Thương mại Phú Toàn,9119890865,Công ty TNHH một thành viên,Ngoài nhà nước,Thương mại và dịch vụ,"Bán buôn, bán lẻ",2023,9,TP Hồ Chí Minh,CN TP Hồ Chí Minh,2024-01-14,Đỗ Đức Lan,14,Thông tư 132/2018/TT-BTC,Không,Đủ,Đang hoạt động,0380894855,lienhe.dn00378@doanhnghiep.vn
DN00322,Công ty Cổ phần Vận tải Gia Yên,9272938125,Công ty cổ phần,Ngoài nhà nước,Thương mại và dịch vụ,Dịch vụ khác,2011,411,Hà Nội,CN Hoàn Kiếm,2018-01-31,Ngô Thị Dũng,8,Thông tư 200/2014/TT-BTC,Có,Đủ,Đang hoạt động,0345835013,lienhe.dn00322@doanhnghiep.vn
DN00060,Công ty Cổ phần Nhựa Linh Tiến,9441038041,Công ty cổ phần,Ngoài nhà nước,Công nghiệp,"Chế biến, chế tạo",2020,24,TP Hồ Chí Minh,CN Quận 1,2024-08-14,Dương Thị Tuấn,10,Thông tư 133/2016/TT-BTC,Có,Đủ,Đang hoạt động,0933425020,lienhe.dn00060@doanhnghiep.vn
DN00083,Công ty Cổ phần Logistics Hải Khánh,9133356521,Công ty cổ phần,Ngoài nhà nước,Thương mại và dịch vụ,Dịch vụ khác,2024,136,Hà Nội,CN Hoàn Kiếm,2025-02-18,Lý Hữu Thảo,13,Thông tư 200/2014/TT-BTC,Có,Đủ,Đang hoạt động,0259820037,lienhe.dn00083@doanhnghiep.vn
DN00391,Công ty TNHH Vận tải Thành Nhật,9977443140,Công ty TNHH một thành viên,Ngoài nhà nước,Thương mại và dịch vụ,Dịch vụ khác,2022,2,Hà Nội,CN Cầu Giấy,2024-01-01,Trần Đức Phong,17,Thông tư 132/2018/TT-BTC,Không,Đủ,Đang hoạt động,0283186475,lienhe.dn00391@doanhnghiep.vn
DN00381,Công ty Cổ phần Thương mại Tổng hợp Vạn Trung,9837473690,Công ty cổ phần,Ngoài nhà nước,Thương mại và dịch vụ,"Bán buôn, bán lẻ",2018,21,Hà Nội,CN Thanh Xuân,2020-12-28,Hoàng Đức Tuấn,1,Thông tư 133/2016/TT-BTC,Không,Đủ,Đang hoạt động,0964884544,lienhe.dn00381@doanhnghiep.vn
DN00201,Công ty TNHH Phân phối Thịnh Đông,9178263464,Công ty TNHH hai thành viên trở lên,Ngoài nhà nước,Thương mại và dịch vụ,"Bán buôn, bán lẻ",2024,9,Hà Nội,CN Cầu Giấy,2024-12-07,Dương Thu Lan,8,Thông tư 133/2016/TT-BTC,Có,Đủ,Đang hoạt động,0940471058,lienhe.dn00201@doanhnghiep.vn
DN00255,Công ty TNHH Thương mại Lâm Thuận,9118084069,Công ty TNHH hai thành viên trở lên,Ngoài nhà nước,Thương mại và dịch vụ,"Bán buôn, bán lẻ",2020,3,Đà Nẵng,CN Đà Nẵng,2022-11-01,Nguyễn Thu Sơn,10,Thông tư 132/2018/TT-BTC,Không,Đủ,Đang hoạt động,0329099810,lienhe.dn00255@doanhnghiep.vn
DN00285,Công ty TNHH Thương mại Tổng hợp Đạt Gia,9341849705,Công ty TNHH một thành viên,Ngoài nhà nước,Thương mại và dịch vụ,"Bán buôn, bán lẻ",2021,4,TP Hồ Chí Minh,CN TP Hồ Chí Minh,2022-08-22,Trần Hoài An,5,Thông tư 132/2018/TT-BTC,Không,Đủ,Đang hoạt động,0322944700,lienhe.dn00285@doanhnghiep.vn
DN00127,Công ty Cổ phần Thương mại Tâm Thịnh,9538642448,Công ty cổ phần,Ngoài nhà nước,"Thương mại, dịch vụ","Bán buôn, bán lẻ",2016,35,TP Hồ Chí Minh,CN TP Hồ Chí Minh,2017-04-30,Phạm Ngọc Long,1,Thông tư 133/2016/TT-BTC,Không,Đủ,Đang hoạt động,0956243337,lienhe.dn00127@doanhnghiep.vn
DN00126,Công ty Cổ phần Thương mại Tổng hợp Khang Phát,9338981902,Công ty cổ phần,Có vốn đầu tư nước ngoài,Thương mại và dịch vụ,"Bán buôn, bán lẻ",1991,899,Hà Nội,CN Hoàn Kiếm,2022-10-07,Hoàng Hoài Việt,3,Thông tư 200/2014/TT-BTC,Có,Đủ,Đang hoạt động,0969980960,lienhe.dn00126@doanhnghiep.vn
DN00234,Doanh nghiệp tư nhân Cơ khí Minh Xuân,9309021112,Doanh nghiệp tư nhân,Ngoài nhà nước,Công nghiệp,"Chế biến, chế tạo",2023,6,TP Hồ Chí Minh,CN TP Hồ Chí Minh,2023-07-05,Dương Hữu Nam,24,Thông tư 132/2018/TT-BTC,Không,Đủ,Đang hoạt động,0377311558,lienhe.dn00234@doanhnghiep.vn
DN00005,Công ty TNHH Nông sản Thành Hưng,9552999263,Công ty TNHH một thành viên,Ngoài nhà nước,"Nông, lâm nghiệp và thủy sản","Nông, lâm nghiệp và thủy sản",2024,220,Hải Phòng,CN Hải Phòng,2026-10-27,Nguyễn Hoài Trang,10,Thông tư 200/2014/TT-BTC,Có,Đủ,Đang hoạt động,0380184735,lienhe.dn00005@doanhnghiep.vn
DN00157,Công ty TNHH Kỹ thuật Xây dựng Hải Phát,9143218654,Công ty TNHH một thành viên,Ngoài nhà nước,Xây dựng,Xây dựng,2019,86,Hà Nội,CN Thanh Xuân,2026-09-30,Ngô Thị Yến,17,Thông tư 133/2016/TT-BTC,Không,Đủ,Đang hoạt động,0998646634,lienhe.dn00157@doanhnghiep.vn
DN00342,Công ty TNHH Dịch vụ Xuân Sơn,9361004360,Công ty TNHH một thành viên,Ngoài nhà nước,Thương mại và dịch vụ,Dịch vụ khác,2020,9,Hà Nội,CN Thanh Xuân,2026-09-28,Bùi Thu Dũng,14,Thông tư 132/2018/TT-BTC,Không,Đủ,Đang hoạt động,0982603198,lienhe.dn00342@doanhnghiep.vn
DN00097,Công ty TNHH Dịch vụ Tiến Đông,9794899940,Công ty TNHH một thành viên,Ngoài nhà nước,Thương mại và dịch vụ,Dịch vụ khác,2021,94,Hà Nội,CN Hoàn Kiếm,2025-01-20,Vũ Thu Nga,7,Thông tư 133/2016/TT-BTC,Không,Đủ,Đang hoạt động,0968194413,lienhe.dn00097@doanhnghiep.vn
DN00389,Công ty TNHH Logistics Thành Trường,9102267965,Công ty TNHH một thành viên,Ngoài nhà nước,Thương mại và dịch vụ ,Dịch vụ khác,2019,10,TP Hồ Chí Minh,CN Quận 1,2026-07-29,Hoàng Đức Trang,12,Thông tư 132/2018/TT-BTC,Không,Đủ,Đang hoạt động,0222272112,lienhe.dn00389@doanhnghiep.vn
DN00492,Công ty TNHH Dịch vụ Việt Đông,9071350164,Công ty TNHH một thành viên,Ngoài nhà nước,Thương mại và dịch vụ,Dịch vụ khác,2017,7,Hải Phòng,CN Hải Phòng,2017-09-13,Vũ Thị Việt,9,Không lập BCTC (nộp thuế theo tỷ lệ % trên doanh thu),Không,Không đủ,Đang hoạt động,0943883730,lienhe.dn00492@doanhnghiep.vn
DN00371,Công ty TNHH Thương mại Quang Linh,9496166183,Công ty TNHH hai thành viên trở lên,Ngoài nhà nước,Thương mại và dịch vụ,"Bán buôn, bán lẻ",2025,3,Hà Nội,CN Hoàn Kiếm,2026-03-16,Dương Hữu Long,13,Thông tư 132/2018/TT-BTC,Không,Không đủ,Đang hoạt động,0229640963,lienhe.dn00371@doanhnghiep.vn
DN00345,Công ty TNHH Thương mại Dịch vụ Châu Hưng,9770571642,Công ty TNHH một thành viên,Có vốn đầu tư nước ngoài,Thương mại và dịch vụ,"Bán buôn, bán lẻ",1995,36,Đà Nẵng,CN Đà Nẵng,2012-07-25,Hoàng Đức Bình,19,Thông tư 133/2016/TT-BTC,Có,Đủ,Đang hoạt động,0990966428,lienhe.dn00345@doanhnghiep.vn
DN00497,Công ty TNHH Thương mại Dịch vụ Long Thái,9326754207,Công ty TNHH hai thành viên trở lên,Ngoài nhà nước,Thương mại và dịch vụ,"Bán buôn, bán lẻ",2023,3,TP Hồ Chí Minh,CN TP Hồ Chí Minh,2026-08-01,Vũ Quốc Thảo,4,Thông tư 132/2018/TT-BTC,Không,Đủ,Đang hoạt động,0934794782,lienhe.dn00497@doanhnghiep.vn
DN00325,Công ty Cổ phần Thương mại Thành Vinh,9380624412,Công ty cổ phần,Ngoài nhà nước,Thương mại và dịch vụ,"Bán buôn, bán lẻ",2010,276,Hà Nội,CN Thanh Xuân,2024-04-23,Ngô Ngọc Hạnh,8,Thông tư 200/2014/TT-BTC,Có,Đủ,Đang hoạt động,0276240970,lienhe.dn00325@doanhnghiep.vn
DN00249,Công ty TNHH Tư vấn Tiến Châu,9227905472,Công ty TNHH hai thành viên trở lên,Ngoài nhà nước,Thương mại và dịch vụ,Dịch vụ khác,2012,12,Hải Phòng,CN Hải Phòng,2017-09-01,Vũ Thanh Yến,10,Thông tư 133/2016/TT-BTC,Có,Đủ,Đang hoạt động,0367150431,lienhe.dn00249@doanhnghiep.vn
DN00329,Công ty TNHH Thương mại Tổng hợp Việt Châu,9898222629,Công ty TNHH hai thành viên trở lên,Ngoài nhà nước,Thương mại và dịch vụ,"Bán buôn, bán lẻ",2022,4,Hà Nội,CN Cầu Giấy,2023-07-02,Dương Hoài Tuấn,6,Thông tư 132/2018/TT-BTC,Không,Đủ,Đang hoạt động,0317443739,lienhe.dn00329@doanhnghiep.vn
DN00077,Công ty TNHH Thương mại Đông Bình,9576621757,Công ty TNHH hai thành viên trở lên,Ngoài nhà nước,Thương mại và dịch vụ,"Bán buôn, bán lẻ",2020,5,Hà Nội,CN Thanh Xuân,2024-05-23,Trần Ngọc Bình,8,Thông tư 132/2018/TT-BTC,Không,Đủ,Đang hoạt động,0343614319,lienhe.dn00077@doanhnghiep.vn
DN00078,Công ty TNHH Xây dựng Khang Bình,9409504776,Công ty TNHH một thành viên,Ngoài nhà nước,Xây dựng,Xây dựng,2021,30,TP Hồ Chí Minh,CN TP Hồ Chí Minh,2026-07-29,Đặng Hữu Dũng,19,Thông tư 133/2016/TT-BTC,Không,Đủ,Đang hoạt động,0907618968,lienhe.dn00078@doanhnghiep.vn
DN00359,Công ty TNHH Thương mại Tâm Thịnh,9787605823,Công ty TNHH một thành viên,Ngoài nhà nước,Thương mại và dịch vụ,"Bán buôn, bán lẻ",2016,4,Hà Nội,CN Cầu Giấy,2022-12-13,Nguyễn Minh Hùng,10,Không lập BCTC (nộp thuế theo tỷ lệ % trên doanh thu),Không,Không đủ,Đang hoạt động,0271187554,lienhe.dn00359@doanhnghiep.vn
DN00198,Công ty TNHH Du lịch Kim Gia,9613140804,Công ty TNHH một thành viên,Ngoài nhà nước,Thương mại và dịch vụ,Dịch vụ khác,2001,39,TP Hồ Chí Minh,CN Quận 1,2018-08-15,Bùi Hữu Tuấn,14,Thông tư 133/2016/TT-BTC,Không,Đủ,Đang hoạt động,0969015203,lienhe.dn00198@doanhnghiep.vn
DN00101,Công ty Cổ phần Thương mại Tổng hợp Yên Đạt,9050276044,Công ty cổ phần,Ngoài nhà nước,Thương mại và dịch vụ,"Bán buôn, bán lẻ",1998,11,Đà Nẵng,CN Đà Nẵng,2025-04-22,Đặng Hữu Yến,5,Thông tư 133/2016/TT-BTC,Không,Đủ,Đang hoạt động,0235837200,lienhe.dn00101@doanhnghiep.vn
DN00383,Công ty Cổ phần Cơ khí Thịnh Tiến,9854730988,Công ty cổ phần,Ngoài nhà nước,Công nghiệp,"Chế biến, chế tạo",2012,44,Hà Nội,CN Thanh Xuân,2016-12-21,Vũ Minh Trang,6,Thông tư 133/2016/TT-BTC,Không,Đủ,Đang hoạt động,0968444620,lienhe.dn00383@doanhnghiep.vn
DN00098,Công ty TNHH Thương mại Tiến Vinh,9300632133,Công ty TNHH hai thành viên trở lên,Ngoài nhà nước,Thương mại và dịch vụ,"Bán buôn, bán lẻ",2014,8,TP Hồ Chí Minh,CN TP Hồ Chí Minh,2018-01-21,Trần Minh Trang,8,Thông tư 133/2016/TT-BTC,Không,Đủ,Đang hoạt động,0319276019,lienhe.dn00098@doanhnghiep.vn
DN00080,Công ty Cổ phần Tư vấn Châu Hải,9418438822,Công ty cổ phần,Ngoài nhà nước,Thương mại và dịch vụ,Dịch vụ khác,2021,67,Hà Nội,CN Cầu Giấy,2021-03-15,Nguyễn Văn Phong,1,Thông tư 133/2016/TT-BTC,Không,Đủ,Đã đóng,0905442525,lienhe.dn00080@doanhnghiep.vn
DN00185,Công ty Cổ phần Lâm nghiệp Tuấn Phú,9262399180,Công ty cổ phần,Ngoài nhà nước,"Nông, lâm nghiệp và thủy sản","Nông, lâm nghiệp và thủy sản",2022,160,TP Hồ Chí Minh,CN Quận 1,2026-10-18,Lê Hoài Cường,16,Thông tư 133/2016/TT-BTC,Không,Đủ,Đang hoạt động,0211828203,lienhe.dn00185@doanhnghiep.vn
DN00009,Công ty TNHH Du lịch Mỹ Xuân,9062355398,Công ty TNHH một thành viên,Ngoài nhà nước,Thương mại và dịch vụ,Dịch vụ khác,2020,10,Bình Dương,CN Bình Dương,2021-05-08,Đỗ Hoài Dũng,7,Thông tư 132/2018/TT-BTC,Không,Đủ,Đã đóng,0984812900,lienhe.dn00009@doanhnghiep.vn
DN00194,Công ty Cổ phần Du lịch Tân Lâm,9848106193,Công ty cổ phần,Ngoài nhà nước,Thương mại và dịch vụ,Dịch vụ khác,1994,19,Hà Nội,CN Hoàn Kiếm,2012-05-06,Đặng Quốc Bình,12,Thông tư 133/2016/TT-BTC,Có,Đủ,Đang hoạt động,0251857231,lienhe.dn00194@doanhnghiep.vn
DN00243,Công ty TNHH Cơ khí Bình Thành,9444996102,Công ty TNHH hai thành viên trở lên,Ngoài nhà nước,CÔNG NGHIỆP,"Chế biến, chế tạo",2014,99,Hà Nội,CN Thanh Xuân,2021-05-26,Lê Thanh Sơn,7,Thông tư 133/2016/TT-BTC,Không,Đủ,Đang hoạt động,0255591761,lienhe.dn00243@doanhnghiep.vn
DN00225,Công ty TNHH Phân phối Long Nhật,9656602642,Công ty TNHH hai thành viên trở lên,Ngoài nhà nước,Thương mại và dịch vụ,"Bán buôn, bán lẻ",2021,48,TP Hồ Chí Minh,CN Quận 1,2023-07-01,Đỗ Thị Bình,16,Thông tư 133/2016/TT-BTC,Không,Đủ,Đang hoạt động,0293726488,lienhe.dn00225@doanhnghiep.vn
DN00269,Công ty TNHH Phân phối Gia Hòa,9591016750,Công ty TNHH một thành viên,Ngoài nhà nước,Thương mại và dịch vụ,"Bán buôn, bán lẻ",2011,9,Hải Phòng,CN Hải Phòng,2015-01-25,Đỗ Thanh Phong,7,Thông tư 133/2016/TT-BTC,Không,Đủ,Đang hoạt động,0972804589,lienhe.dn00269@doanhnghiep.vn
DN00044,Công ty Cổ phần Phân phối Hải Linh,9493044823,Công ty cổ phần,Ngoài nhà nước,Thương mại và dịch vụ,"Bán buôn, bán lẻ",2023,10,TP Hồ Chí Minh,CN TP Hồ Chí Minh,2025-03-28,Hoàng Hoài Hạnh,1,Thông tư 133/2016/TT-BTC,Không,Đủ,Đang hoạt động,0998753866,lienhe.dn00044@doanhnghiep.vn
DN00483,Doanh nghiệp tư nhân Thương mại Tổng hợp Thái Vạn,9572911980,Doanh nghiệp tư nhân,Ngoài nhà nước,Thương mại và dịch vụ,"Bán buôn, bán lẻ",2016,12,Hà Nội,CN Hoàn Kiếm,2020-09-14,Hoàng Hữu Nga,16,Thông tư 133/2016/TT-BTC,Không,Đủ,Đang hoạt động,0236938047,lienhe.dn00483@doanhnghiep.vn
DN00486,Công ty TNHH Phân phối Vạn Việt,9418336083,Công ty TNHH hai thành viên trở lên,Ngoài nhà nước,Thương mại và dịch vụ,"Bán buôn, bán lẻ",2023,3,Bình Dương,CN Bình Dương,2025-11-14,Phạm Thanh Lan,5,Không lập BCTC (nộp thuế theo tỷ lệ % trên doanh thu),Không,Không đủ,Đang hoạt động,0376332618,lienhe.dn00486@doanhnghiep.vn
DN00288,Công ty TNHH Logistics Toàn Khang,9886619259,Công ty TNHH một thành viên,Ngoài nhà nước,Thương mại và dịch vụ,Dịch vụ khác,2016,22,TP Hồ Chí Minh,CN Quận 1,2022-08-05,Ngô Hoài Bình,12,Thông tư 133/2016/TT-BTC,Không,Đủ,Đang hoạt động,0251726665,lienhe.dn00288@doanhnghiep.vn
DN00239,Công ty TNHH Cơ khí Linh Khang,9028289633,Công ty TNHH hai thành viên trở lên,Ngoài nhà nước,CÔNG NGHIỆP,"Chế biến, chế tạo",2023,9,TP Hồ Chí Minh,CN TP Hồ Chí Minh,2026-09-20,Lê Thu Tuấn,8,Không lập BCTC (nộp thuế theo tỷ lệ % trên doanh thu),Không,Không đủ,Đang hoạt động,0208938194,lienhe.dn00239@doanhnghiep.vn
DN00376,Công ty TNHH Phân phối Thái Quang,9236699988,Công ty TNHH một thành viên,Ngoài nhà nước,Thương mại và dịch vụ,"Bán buôn, bán lẻ",2023,2,TP Hồ Chí Minh,CN TP Hồ Chí Minh,2023-09-22,Lê Ngọc Dũng,10,Thông tư 132/2018/TT-BTC,Không,Đủ,Đang hoạt động,0261650017,lienhe.dn00376@doanhnghiep.vn
DN00193,Công ty TNHH Phân phối Đạt Tuấn,9995875044,Công ty TNHH một thành viên,Ngoài nhà nước,Thương mại và dịch vụ,"Bán buôn, bán lẻ",2001,305,Hà Nội,CN Hoàn Kiếm,2019-10-18,Đỗ Thị Tuấn,6,Thông tư 200/2014/TT-BTC,Có,Đủ,Đang hoạt động,0366463289,lienhe.dn00193@doanhnghiep.vn
DN00420,Công ty TNHH Dệt may Thành Minh,9319865250,Công ty TNHH hai thành viên trở lên,Ngoài nhà nước,Công nghiệp,"Chế biến, chế tạo",2023,3,Hà Nội,CN Hoàn Kiếm,2024-12-04,Trần Đức Phong,16,Thông tư 132/2018/TT-BTC,Không,Đủ,Đang hoạt động,0379726137,lienhe.dn00420@doanhnghiep.vn
DN00138,Công ty TNHH Thủy sản Phú Tân,9601495993,Công ty TNHH hai thành viên trở lên,Ngoài nhà nước,"Nông, lâm nghiệp và thuỷ sản","Nông, lâm nghiệp và thủy sản",2022,19,Hà Nội,CN Hoàn Kiếm,2022-09-15,Vũ Ngọc Long,12,Thông tư 133/2016/TT-BTC,Không,Đủ,Đang hoạt động,0996166445,lienhe.dn00138@doanhnghiep.vn
DN00236,Công ty Cổ phần Vận tải Hưng Mỹ,9310866717,Công ty cổ phần,Ngoài nhà nước,Thương mại và dịch vụ,Dịch vụ khác,2014,18,Bình Dương,CN Bình Dương,2022-06-21,Trần Hoài Nga,5,Thông tư 133/2016/TT-BTC,Không,Đủ,Đang hoạt động,0370599192,lienhe.dn00236@doanhnghiep.vn
DN00380,Công ty Cổ phần Tư vấn Ngọc Nam,9220383113,Công ty cổ phần,Ngoài nhà nước,Thương mại và dịch vụ,Dịch vụ khác,2022,95,TP Hồ Chí Minh,CN Quận 1,2022-08-22,Đặng Quốc Nam,17,Thông tư 133/2016/TT-BTC,Không,Đủ,Đang hoạt động,0242841108,lienhe.dn00380@doanhnghiep.vn
DN00493,Công ty TNHH Thương mại Linh Đông,9721455832,Công ty TNHH một thành viên,Nhà nước,thương mại và dịch vụ,"Bán buôn, bán lẻ",2007,85,Bình Dương,CN Bình Dương,2021-11-30,Đỗ Hữu Bình,10,Thông tư 133/2016/TT-BTC,Có,Đủ,Đã đóng,0207345552,lienhe.dn00493@doanhnghiep.vn
DN00222,Công ty TNHH Dệt may Châu Thịnh,9100312022,Công ty TNHH một thành viên,Ngoài nhà nước,công nghiệp,"Chế biến, chế tạo",2022,3,Hà Nội,CN Thanh Xuân,2024-12-19,Lý Thu Nam,6,Thông tư 132/2018/TT-BTC,Không,Đủ,Đang hoạt động,0376107055,lienhe.dn00222@doanhnghiep.vn
DN00181,Công ty TNHH Thương mại Dịch vụ Thành Minh,9614246208,Công ty TNHH một thành viên,Ngoài nhà nước,Thương mại và dịch vụ,"Bán buôn, bán lẻ",2024,2,TP Hồ Chí Minh,CN TP Hồ Chí Minh,2025-09-02,Lê Thu Nga,9,Không lập BCTC (nộp thuế theo tỷ lệ % trên doanh thu),Không,Không đủ,Đang hoạt động,0278854328,lienhe.dn00181@doanhnghiep.vn
DN00393,Công ty Cổ phần Thương mại Tổng hợp Đạt An,9688494385,Công ty cổ phần,Ngoài nhà nước,Thương mại và dịch vụ,"Bán buôn, bán lẻ",2024,26,Bình Dương,CN Bình Dương,2025-01-27,Hoàng Thanh Nam,9,Thông tư 133/2016/TT-BTC,Không,Đủ,Đang hoạt động,0339231881,lienhe.dn00393@doanhnghiep.vn
DN00293,Công ty TNHH Thương mại Tổng hợp Thái Tuấn,9223397141,Công ty TNHH một thành viên,Ngoài nhà nước,Thương mại và dịch vụ,"Bán buôn, bán lẻ",2024,3,Cần Thơ,CN Cần Thơ,2025-08-05,Vũ Hữu Lan,7,Không lập BCTC (nộp thuế theo tỷ lệ % trên doanh thu),Không,Không đủ,Đang hoạt động,0341256878,lienhe.dn00293@doanhnghiep.vn
DN00295,Công ty TNHH Xây dựng Hưng Phát,9632896030,Công ty TNHH hai thành viên trở lên,Ngoài nhà nước,Xây dựng,Xây dựng,2008,48,Đà Nẵng,CN Đà Nẵng,2014-12-22,Đỗ Hữu Hà,8,Thông tư 133/2016/TT-BTC,Không,Đủ,Đang hoạt động,0357110950,lienhe.dn00295@doanhnghiep.vn
DN00184,Công ty TNHH Thương mại Tổng hợp Hòa Mỹ,9644566719,Công ty TNHH một thành viên,Ngoài nhà nước,Thương mại và dịch vụ,"Bán buôn, bán lẻ",2022,9,Hải Phòng,CN Hải Phòng,2024-08-30,Phạm Hữu Phong,6,Thông tư 132/2018/TT-BTC,Không,Đủ,Đang hoạt động,0300966828,lienhe.dn00184@doanhnghiep.vn
DN00019,Doanh nghiệp tư nhân Sản xuất Thái Phúc,9296343701,Doanh nghiệp tư nhân,Ngoài nhà nước,Công nghiệp,"Chế biến, chế tạo",2022,10,Hải Phòng,CN Hải Phòng,2024-07-30,Bùi Minh Lan,14,Thông tư 132/2018/TT-BTC,Không,Đủ,Đang hoạt động,0943409663,lienhe.dn00019@doanhnghiep.vn
DN00298,Công ty TNHH Nhựa Tâm Linh,9377219267,Công ty TNHH hai thành viên trở lên,Ngoài nhà nước,Công nghiệp,"Chế biến, chế tạo",2017,5,TP Hồ Chí Minh,CN Quận 1,2018-11-01,Ngô Đức Cường,7,Thông tư 132/2018/TT-BTC,Không,Đủ,Đang hoạt động,0327978589,lienhe.dn00298@doanhnghiep.vn
DN00294,Công ty Cổ phần Phân phối Đạt Bình,9953467754,Công ty cổ phần,Ngoài nhà nước,Thương mại và dịch vụ,"Bán buôn, bán lẻ",2014,47,Hà Nội,CN Hoàn Kiếm,2019-11-20,Phạm Minh Nga,3,Thông tư 133/2016/TT-BTC,Không,Đủ,Đang hoạt động,0309167484,lienhe.dn00294@doanhnghiep.vn
DN00399,Công ty Cổ phần Dịch vụ Trường Hải,9055161693,Công ty cổ phần,Ngoài nhà nước,Thương mại và dịch vụ,Dịch vụ khác,2024,15,Đà Nẵng,CN Đà Nẵng,2024-08-26,Đặng Minh Quân,5,Thông tư 133/2016/TT-BTC,Không,Đủ,Đang hoạt động,0316097971,lienhe.dn00399@doanhnghiep.vn
DN00362,Công ty Cổ phần Logistics Thịnh Khang,9765893903,Công ty cổ phần,Ngoài nhà nước,Thương mại và dịch vụ,Dịch vụ khác,2019,23,Hà Nội,CN Thanh Xuân,2023-08-10,Dương Quốc Hà,1,Thông tư 133/2016/TT-BTC,Không,Đủ,Đang hoạt động,0374664619,lienhe.dn00362@doanhnghiep.vn
DN00248,Công ty TNHH Kỹ thuật Xây dựng Kim An,9427933630,Công ty TNHH một thành viên,Ngoài nhà nước,Xây dựng,Xây dựng,2004,12,TP Hồ Chí Minh,CN TP Hồ Chí Minh,2023-01-08,Đặng Thị An,4,Thông tư 133/2016/TT-BTC,Không,Đủ,Đang hoạt động,0983144434,lienhe.dn00248@doanhnghiep.vn
DN00327,Công ty Cổ phần Vận tải Mỹ Châu,9669327491,Công ty cổ phần,Ngoài nhà nước,Thương mại và dịch vụ,Dịch vụ khác,2012,55,Hà Nội,CN Thanh Xuân,2021-09-12,Đặng Thị Dũng,7,Thông tư 133/2016/TT-BTC,Có,Đủ,Đang hoạt động,0961796408,lienhe.dn00327@doanhnghiep.vn
DN00405,Công ty TNHH Xây dựng Vinh Quang,9718766158,Công ty TNHH một thành viên,Ngoài nhà nước,Xây dựng,Xây dựng,2015,6,TP Hồ Chí Minh,CN TP Hồ Chí Minh,2016-10-13,Hoàng Thanh Cường,11,Thông tư 132/2018/TT-BTC,Không,Đủ,Đang hoạt động,0911374300,lienhe.dn00405@doanhnghiep.vn
DN00253,Công ty TNHH Nhựa Vạn Phú,9923466510,Công ty TNHH hai thành viên trở lên,Ngoài nhà nước,CÔNG NGHIỆP,"Chế biến, chế tạo",2017,5,Bình Dương,CN Bình Dương,2019-03-10,Phạm Thị Sơn,14,Thông tư 132/2018/TT-BTC,Không,Đủ,Đang hoạt động,0252313817,lienhe.dn00253@doanhnghiep.vn
DN00116,Công ty TNHH Thực phẩm Bảo Tân,9896855535,Công ty TNHH một thành viên,Ngoài nhà nước,Công nghiệp,"Chế biến, chế tạo",2021,8,TP Hồ Chí Minh,CN TP Hồ Chí Minh,2023-08-15,Dương Thanh Mai,5,Thông tư 133/2016/TT-BTC,Không,Đủ,Đang hoạt động,0962024568,lienhe.dn00116@doanhnghiep.vn
DN00323,Công ty Cổ phần Logistics Hòa Phúc,9516253119,Công ty cổ phần,Ngoài nhà nước,Thương mại và dịch vụ,Dịch vụ khác,2023,7,TP Hồ Chí Minh,CN Quận 1,2026-01-19,Vũ Quốc Nga,1,Thông tư 132/2018/TT-BTC,Không,Đủ,Đang hoạt động,0996805473,lienhe.dn00323@doanhnghiep.vn
DN00026,Công ty TNHH Thương mại Tổng hợp Tân Thái,9997042994,Công ty TNHH hai thành viên trở lên,Ngoài nhà nước,Thương mại và dịch vụ,"Bán buôn, bán lẻ",2015,5,Hà Nội,CN Cầu Giấy,2015-07-28,Dương Đức Sơn,9,Thông tư 132/2018/TT-BTC,Không,Đủ,Đã đóng,0326191999,lienhe.dn00026@doanhnghiep.vn
DN00031,Công ty Cổ phần Thương mại Dịch vụ Trung Quang,9164194389,Công ty cổ phần,Ngoài nhà nước,Thương mại và dịch vụ,"Bán buôn, bán lẻ",2024,14,Hà Nội,CN Hoàn Kiếm,2025-05-18,Dương Hữu Bình,5,Thông tư 133/2016/TT-BTC,Không,Đủ,Đang hoạt động,0332744955,lienhe.dn00031@doanhnghiep.vn
DN00316,Công ty TNHH Thương mại Tổng hợp Yên Việt,9051533518,Công ty TNHH hai thành viên trở lên,Ngoài nhà nước,Thương mại và dịch vụ,"Bán buôn, bán lẻ",2023,6,Hà Nội,CN Cầu Giấy,2024-05-19,Trần Quốc Thảo,17,Không lập BCTC (nộp thuế theo tỷ lệ % trên doanh thu),Không,Không đủ,Đang hoạt động,0355533759,lienhe.dn00316@doanhnghiep.vn
DN00301,Công ty TNHH Cơ khí Quang Châu,9153625982,Công ty TNHH hai thành viên trở lên,Ngoài nhà nước,Công nghiệp,"Chế biến, chế tạo",2017,52,TP Hồ Chí Minh,CN TP Hồ Chí Minh,2025-08-23,Đỗ Thu Lan,18,Thông tư 133/2016/TT-BTC,Không,Đủ,Đang hoạt động,0285073591,lienhe.dn00301@doanhnghiep.vn
DN00433,Doanh nghiệp tư nhân Vận tải Nam Gia,9949589541,Doanh nghiệp tư nhân,Ngoài nhà nước,Thương mại và dịch vụ,Dịch vụ khác,2020,14,Bình Dương,CN Bình Dương,2025-09-25,Nguyễn Ngọc Trang,6,Thông tư 133/2016/TT-BTC,Không,Đủ,Đang hoạt động,0906422440,lienhe.dn00433@doanhnghiep.vn
DN00344,Công ty TNHH Bao bì Minh Hưng,9123567429,Công ty TNHH một thành viên,Ngoài nhà nước,Công nghiệp,"Chế biến, chế tạo",2024,2,Hà Nội,CN Thanh Xuân,2025-09-27,Lê Văn Nga,5,Thông tư 132/2018/TT-BTC,Không,Đủ,Đang hoạt động,0209398119,lienhe.dn00344@doanhnghiep.vn
DN00016,Công ty TNHH Đầu tư Xây dựng Lâm Hưng,9594360059,Công ty TNHH hai thành viên trở lên,Ngoài nhà nước,Xây dựng,Xây dựng,2023,9,Hà Nội,CN Cầu Giấy,2025-01-28,Nguyễn Văn Lan,9,Thông tư 133/2016/TT-BTC,Không,Đủ,Đang hoạt động,0245947984,lienhe.dn00016@doanhnghiep.vn
DN00458,Công ty TNHH Dệt may Hải Ngọc,9373151213,Công ty TNHH một thành viên,Ngoài nhà nước,Công nghiệp,"Chế biến, chế tạo",2024,2,Bình Dương,CN Bình Dương,2025-08-15,Ngô Thị Mai,1,Không lập BCTC (nộp thuế theo tỷ lệ % trên doanh thu),Không,Không đủ,Đang hoạt động,0305307487,lienhe.dn00458@doanhnghiep.vn
DN00364,Công ty Cổ phần Du lịch Ngọc Gia,9220310961,Công ty cổ phần,Có vốn đầu tư nước ngoài,Thương mại và dịch vụ,Dịch vụ khác,2015,53,TP Hồ Chí Minh,CN TP Hồ Chí Minh,2025-03-16,Bùi Thị Quân,17,Thông tư 133/2016/TT-BTC,Có,Đủ,Đang hoạt động,0302832993,lienhe.dn00364@doanhnghiep.vn
DN00046,Công ty TNHH Thương mại Dịch vụ Gia Hòa,9612897712,Công ty TNHH hai thành viên trở lên,Ngoài nhà nước,Thương mại và dịch vụ,"Bán buôn, bán lẻ",2025,5,Hà Nội,CN Hoàn Kiếm,2026-01-01,Lê Đức An,9,Thông tư 132/2018/TT-BTC,Không,Không đủ,Đang hoạt động,0317682077,lienhe.dn00046@doanhnghiep.vn
DN00268,Công ty Cổ phần Thương mại Dịch vụ Việt Tân,9164771520,Công ty cổ phần,Ngoài nhà nước,Thương mại và dịch vụ,"Bán buôn, bán lẻ",2014,1356,TP Hồ Chí Minh,CN TP Hồ Chí Minh,2021-10-14,Đặng Minh Việt,2,Thông tư 200/2014/TT-BTC,Có,Đủ,Đang hoạt động,0267105214,lienhe.dn00268@doanhnghiep.vn
DN00070,Công ty TNHH Khoáng sản Tuấn Tiến,9772424533,Công ty TNHH hai thành viên trở lên,Ngoài nhà nước,Công nghiệp,Công nghiệp khác,2013,93,Hà Nội,CN Thanh Xuân,2018-03-25,Lý Thị Việt,21,Thông tư 133/2016/TT-BTC,Có,Đủ,Đang hoạt động,0349400642,lienhe.dn00070@doanhnghiep.vn
DN00407,Công ty TNHH Dệt may Kim Mỹ,9432863994,Công ty TNHH một thành viên,Ngoài nhà nước,Công nghiệp,"Chế biến, chế tạo",2015,3,Hải Phòng,CN Hải Phòng,2022-10-22,Lý Quốc Nam,7,Không lập BCTC (nộp thuế theo tỷ lệ % trên doanh thu),Không,Không đủ,Đã đóng,0979876990,lienhe.dn00407@doanhnghiep.vn
DN00480,Công ty TNHH Thương mại Hải Khang,9062293938,Công ty TNHH một thành viên,Ngoài nhà nước,Thương mại và dịch vụ,"Bán buôn, bán lẻ",2006,20,TP Hồ Chí Minh,CN TP Hồ Chí Minh,2015-08-12,Lý Hữu Nga,6,Thông tư 133/2016/TT-BTC,Không,Đủ,Đang hoạt động,0939674126,lienhe.dn00480@doanhnghiep.vn
DN00232,Công ty Cổ phần Vận tải Vạn Lâm,9135111966,Công ty cổ phần,Ngoài nhà nước,Thương mại và dịch vụ,Dịch vụ khác,2019,122,Hà Nội,CN Thanh Xuân,2020-03-14,Dương Quốc Dũng,10,Thông tư 200/2014/TT-BTC,Có,Đủ,Đang hoạt động,0302668643,lienhe.dn00232@doanhnghiep.vn
DN00488,Công ty TNHH Thương mại Tổng hợp Linh Bảo,9838777148,Công ty TNHH hai thành viên trở lên,Ngoài nhà nước,Thương mại và dịch vụ,"Bán buôn, bán lẻ",2017,18,Hải Phòng,CN Hải Phòng,2023-10-07,Đặng Thu An,12,Thông tư 133/2016/TT-BTC,Không,Đủ,Đang hoạt động,0367479961,lienhe.dn00488@doanhnghiep.vn
DN00413,Công ty TNHH Thương mại Dịch vụ Thuận Hưng,9881393942,Công ty TNHH hai thành viên trở lên,Ngoài nhà nước,Thương mại và dịch vụ,"Bán buôn, bán lẻ",2015,81,Hà Nội,CN Thanh Xuân,2021-12-16,Ngô Thị Quân,11,Thông tư 133/2016/TT-BTC,Có,Đủ,Đang hoạt động,0985871169,lienhe.dn00413@doanhnghiep.vn
DN00498,Công ty TNHH Sản xuất Khánh Phát,9518694111,Công ty TNHH một thành viên,Ngoài nhà nước,Công nghiệp,"Chế biến, chế tạo",2019,10,Hà Nội,CN Thanh Xuân,2019-09-13,Nguyễn Ngọc Trang,3,Thông tư 132/2018/TT-BTC,Không,Đủ,Đang hoạt động,0247644817,lienhe.dn00498@doanhnghiep.vn
DN00318,Công ty TNHH Kỹ thuật Xây dựng Toàn Khánh,9710605458,Công ty TNHH một thành viên,Ngoài nhà nước,Xây dựng,Xây dựng,2020,3,Bình Dương,CN Bình Dương,2020-10-27,Đặng Văn Phong,8,Thông tư 132/2018/TT-BTC,Không,Đủ,Đang hoạt động,0937901034,lienhe.dn00318@doanhnghiep.vn
DN00015,Công ty Cổ phần Logistics Hưng Hải,9662232079,Công ty cổ phần,Ngoài nhà nước,Thương mại và dịch vụ,Dịch vụ khác,2021,60,Hải Phòng,CN Hải Phòng,2026-06-26,Đặng Minh Dũng,7,Thông tư 133/2016/TT-BTC,Không,Đủ,Đang hoạt động,0949502326,lienhe.dn00015@doanhnghiep.vn
DN00390,Công ty TNHH Đầu tư Xây dựng Kim Vinh,9871039827,Công ty TNHH một thành viên,Ngoài nhà nước,Xây dựng,Xây dựng,2019,4,Hà Nội,CN Cầu Giấy,2019-10-30,Dương Hoài Tuấn,17,Thông tư 132/2018/TT-BTC,Không,Đủ,Đang hoạt động,0985386346,lienhe.dn00390@doanhnghiep.vn
DN00107,Công ty Cổ phần Thủy sản Tâm An,9054048683,Công ty cổ phần,Ngoài nhà nước,"Nông, lâm nghiệp và thủy sản","Nông, lâm nghiệp và thủy sản",2020,17,Hà Nội,CN Cầu Giấy,2024-02-26,Ngô Đức Sơn,9,Thông tư 133/2016/TT-BTC,Có,Đủ,Đang hoạt động,0927243430,lienhe.dn00107@doanhnghiep.vn
DN00233,Công ty TNHH Thương mại Tổng hợp Mỹ Lâm,9371012518,Công ty TNHH một thành viên,Ngoài nhà nước,Thương mại và dịch vụ,"Bán buôn, bán lẻ",2023,2,Hà Nội,CN Cầu Giấy,2025-11-12,Bùi Ngọc Nga,8,Thông tư 132/2018/TT-BTC,Không,Đủ,Ngừng giao dịch,0250196846,lienhe.dn00233@doanhnghiep.vn
DN00174,Công ty TNHH Thương mại Tổng hợp Gia Tân,9801097113,Công ty TNHH một thành viên,Ngoài nhà nước,Thương mại và dịch vụ,"Bán buôn, bán lẻ",2001,43,Bình Dương,CN Bình Dương,2015-08-02,Đặng Thu Dũng,1,Thông tư 133/2016/TT-BTC,Có,Đủ,Đang hoạt động,0303083944,lienhe.dn00174@doanhnghiep.vn
DN00213,Công ty TNHH Dệt may Tâm Tiến,9495215486,Công ty TNHH một thành viên,Ngoài nhà nước,Công nghiệp,"Chế biến, chế tạo",2023,5,Hải Phòng,CN Hải Phòng,2026-02-09,Lê Văn Long,5,Thông tư 132/2018/TT-BTC,Không,Đủ,Đã đóng,0257869412,lienhe.dn00213@doanhnghiep.vn
DN00066,Công ty Cổ phần Vận tải Trường Lâm,9067383416,Công ty cổ phần,Ngoài nhà nước,Thương mại và dịch vụ,Dịch vụ khác,1994,206,Bình Dương,CN Bình Dương,2015-02-14,Ngô Minh Phong,15,Thông tư 200/2014/TT-BTC,Có,Đủ,Đã đóng,0212249491,lienhe.dn00066@doanhnghiep.vn
DN00165,Công ty TNHH Phân phối Trung Trường,9459498532,Công ty TNHH hai thành viên trở lên,Ngoài nhà nước,Thương mại và dịch vụ,"Bán buôn, bán lẻ",2023,8,TP Hồ Chí Minh,CN Quận 1,2024-09-07,Hoàng Ngọc Yến,17,Không lập BCTC (nộp thuế theo tỷ lệ % trên doanh thu),Không,Không đủ,Đang hoạt động,0349770470,lienhe.dn00165@doanhnghiep.vn
DN00209,Công ty TNHH Thương mại Long Lâm,9630263595,Công ty TNHH hai thành viên trở lên,Ngoài nhà nước,Thương mại và dịch vụ,"Bán buôn, bán lẻ",2022,12,Bình Dương,CN Bình Dương,2026-04-02,Dương Thanh Long,16,Thông tư 133/2016/TT-BTC,Không,Đủ,Ngừng giao dịch,0981954395,lienhe.dn00209@doanhnghiep.vn
DN00330,Doanh nghiệp tư nhân Phân phối Tân Thuận,9546751948,Doanh nghiệp tư nhân,Ngoài nhà nước,Thương mại và dịch vụ,"Bán buôn, bán lẻ",2020,8,Hà Nội,CN Cầu Giấy,2024-08-03,Đỗ Quốc Nam,16,Thông tư 132/2018/TT-BTC,Không,Đủ,Đang hoạt động,0950514017,lienhe.dn00330@doanhnghiep.vn
DN00472,Công ty TNHH Công nghệ Tân Phúc,9701921080,Công ty TNHH một thành viên,Ngoài nhà nước,Thương mại và dịch vụ,Dịch vụ khác,2021,7,Hà Nội,CN Cầu Giấy,2025-06-19,Phạm Minh An,7,Không lập BCTC (nộp thuế theo tỷ lệ % trên doanh thu),Không,Không đủ,Đang hoạt động,0906677015,lienhe.dn00472@doanhnghiep.vn
DN00408,Doanh nghiệp tư nhân Đầu tư Xây dựng Tiến Bình,9648755757,Doanh nghiệp tư nhân,Ngoài nhà nước,Xây dựng,Xây dựng,2016,19,TP Hồ Chí Minh,CN Quận 1,2019-01-14,Đặng Đức Việt,3,Thông tư 133/2016/TT-BTC,Không,Đủ,Đang hoạt động,0263582061,lienhe.dn00408@doanhnghiep.vn
DN00464,Công ty Cổ phần Phân phối Sơn Nam,9571708375,Công ty cổ phần,Ngoài nhà nước,Thương mại và dịch vụ,"Bán buôn, bán lẻ",2017,33,Hà Nội,CN Thanh Xuân,2024-05-28,Phạm Văn Trang,2,Thông tư 133/2016/TT-BTC,Có,Đủ,Đang hoạt động,0324705699,lienhe.dn00464@doanhnghiep.vn
DN00050,Công ty TNHH Thương mại Tổng hợp Vạn Phúc,9208832133,Công ty TNHH một thành viên,Ngoài nhà nước,Thương mại và dịch vụ,"Bán buôn, bán lẻ",2023,4,TP Hồ Chí Minh,CN TP Hồ Chí Minh,2023-08-25,Bùi Ngọc Dũng,19,Không lập BCTC (nộp thuế theo tỷ lệ % trên doanh thu),Không,Không đủ,Đang hoạt động,0374975198,lienhe.dn00050@doanhnghiep.vn
DN00437,Công ty Cổ phần Xây dựng Linh Đông,9014621866,Công ty cổ phần,Ngoài nhà nước,Xây dựng,Xây dựng,2023,5,Cần Thơ,CN Cần Thơ,2025-10-03,Bùi Đức Nga,1,Không lập BCTC (nộp thuế theo tỷ lệ % trên doanh thu),Không,Không đủ,Đang hoạt động,0218974648,lienhe.dn00437@doanhnghiep.vn
DN00176,Công ty TNHH Phân phối Đạt Kim,9149479268,Công ty TNHH một thành viên,Ngoài nhà nước,Thương mại và dịch vụ,"Bán buôn, bán lẻ",2019,4,TP Hồ Chí Minh,CN Quận 1,2019-08-09,Trần Minh Nga,13,Không lập BCTC (nộp thuế theo tỷ lệ % trên doanh thu),Không,Không đủ,Đang hoạt động,0254613212,lienhe.dn00176@doanhnghiep.vn
DN00054,Doanh nghiệp tư nhân Vận tải Ngọc Trung,9019089520,Doanh nghiệp tư nhân,Ngoài nhà nước,Thương mại và dịch vụ,Dịch vụ khác,2021,3,TP Hồ Chí Minh,CN TP Hồ Chí Minh,2021-03-21,Đỗ Hữu Cường,1,Không lập BCTC (nộp thuế theo tỷ lệ % trên doanh thu),Không,Không đủ,Đang hoạt động,0318226406,lienhe.dn00054@doanhnghiep.vn
DN00292,Doanh nghiệp tư nhân Kỹ thuật Xây dựng Thái Gia,9534382366,Doanh nghiệp tư nhân,Ngoài nhà nước,Xây dựng,Xây dựng,2020,8,Đà Nẵng,CN Đà Nẵng,2024-09-06,Bùi Thị An,13,Không lập BCTC (nộp thuế theo tỷ lệ % trên doanh thu),Không,Không đủ,Đang hoạt động,0353135162,lienhe.dn00292@doanhnghiep.vn
DN00139,Công ty TNHH Tư vấn Phúc Toàn,9274950094,Công ty TNHH một thành viên,Ngoài nhà nước,Thương mại và dịch vụ,Dịch vụ khác,2024,2,Hà Nội,CN Cầu Giấy,2024-07-22,Lê Đức Long,8,Thông tư 132/2018/TT-BTC,Không,Đủ,Đang hoạt động,0346102291,lienhe.dn00139@doanhnghiep.vn
DN00347,Công ty Cổ phần Tư vấn Toàn Tuấn,9129896443,Công ty cổ phần,Ngoài nhà nước,Thương mại và dịch vụ,Dịch vụ khác,2021,2,Hà Nội,CN Hoàn Kiếm,2023-06-07,Phạm Thị An,9,Thông tư 132/2018/TT-BTC,Không,Đủ,Đang hoạt động,0369517406,lienhe.dn00347@doanhnghiep.vn
DN00172,Công ty Cổ phần Dịch vụ Thịnh Toàn,9804935127,Công ty cổ phần,Ngoài nhà nước,Thương mại và dịch vụ,Dịch vụ khác,2017,5,Hải Phòng,CN Hải Phòng,2025-07-17,Đỗ Ngọc Cường,1,Thông tư 132/2018/TT-BTC,Không,Đủ,Ngừng giao dịch,0972970130,lienhe.dn00172@doanhnghiep.vn
DN00122,Công ty TNHH Công nghệ Việt Linh,9485419782,Công ty TNHH một thành viên,Ngoài nhà nước,Thương mại và dịch vụ,Dịch vụ khác,2022,41,TP Hồ Chí Minh,CN TP Hồ Chí Minh,2025-02-06,Phạm Hoài Nga,14,Thông tư 133/2016/TT-BTC,Không,Đủ,Đang hoạt động,0274311368,lienhe.dn00122@doanhnghiep.vn
DN00244,Công ty TNHH Thực phẩm Hòa Vinh,9046646228,Công ty TNHH một thành viên,Ngoài nhà nước,Công nghiệp,"Chế biến, chế tạo",2022,2,Hà Nội,CN Hoàn Kiếm,2022-06-22,Nguyễn Quốc Thảo,4,Không lập BCTC (nộp thuế theo tỷ lệ % trên doanh thu),Không,Không đủ,Đang hoạt động,0980027332,lienhe.dn00244@doanhnghiep.vn
DN00375,Công ty TNHH Cơ khí Bảo Toàn,9511386894,Công ty TNHH một thành viên,Ngoài nhà nước,Công nghiệp,"Chế biến, chế tạo",2022,8,Bình Dương,CN Bình Dương,2026-05-09,Ngô Hữu Nga,15,Không lập BCTC (nộp thuế theo tỷ lệ % trên doanh thu),Không,Không đủ,Đang hoạt động,0919566463,lienhe.dn00375@doanhnghiep.vn
DN00460,Doanh nghiệp tư nhân Thương mại Bình Hưng,9396281463,Doanh nghiệp tư nhân,Ngoài nhà nước,Thương mại và dịch vụ,"Bán buôn, bán lẻ",2022,6,Bình Dương,CN Bình Dương,2026-06-26,Đỗ Văn Nam,9,Thông tư 132/2018/TT-BTC,Không,Đủ,Đang hoạt động,0320909568,lienhe.dn00460@doanhnghiep.vn
DN00478,Doanh nghiệp tư nhân Thương mại Dịch vụ Minh Quang,9458718253,Doanh nghiệp tư nhân,Ngoài nhà nước,Thương mại và dịch vụ,"Bán buôn, bán lẻ",2020,10,Bình Dương,CN Bình Dương,2024-04-15,Dương Quốc Nga,16,Thông tư 132/2018/TT-BTC,Không,Đủ,Đang hoạt động,0309123086,lienhe.dn00478@doanhnghiep.vn
DN00484,Công ty TNHH Xây dựng và Thương mại Long Hòa,9143141170,Công ty TNHH một thành viên,Ngoài nhà nước,Xây dựng,Xây dựng,2018,9,TP Hồ Chí Minh,CN Quận 1,2024-06-11,Trần Văn Bình,9,Không lập BCTC (nộp thuế theo tỷ lệ % trên doanh thu),Không,Không đủ,Đang hoạt động,0933801291,lienhe.dn00484@doanhnghiep.vn
DN00334,Công ty Cổ phần Thực phẩm Quang Châu,9806104164,Công ty cổ phần,Ngoài nhà nước,Công nghiệp,"Chế biến, chế tạo",2020,30,Bình Dương,CN Bình Dương,2023-03-26,Đặng Thu Bình,15,Thông tư 133/2016/TT-BTC,Không,Đủ,Đang hoạt động,0924127833,lienhe.dn00334@doanhnghiep.vn
DN00471,Công ty Cổ phần Thương mại Vinh Bình,9717286782,Công ty cổ phần,Ngoài nhà nước,Thương mại và dịch vụ,"Bán buôn, bán lẻ",2025,8,Hải Phòng,CN Hải Phòng,2025-04-04,Lê Minh Lan,2,Thông tư 133/2016/TT-BTC,Không,Không đủ,Đang hoạt động,0264927100,lienhe.dn00471@doanhnghiep.vn
DN00251,Công ty TNHH Dịch vụ Nam Tiến,9610117436,Công ty TNHH một thành viên,Ngoài nhà nước,Thương mại và dịch vụ,Dịch vụ khác,2015,51,Đà Nẵng,CN Đà Nẵng,2016-05-18,Đặng Đức Nam,6,Thông tư 133/2016/TT-BTC,Không,Đủ,Đang hoạt động,0308441914,lienhe.dn00251@doanhnghiep.vn
DN00319,Công ty TNHH Xây dựng và Thương mại Yên Khang,9687948212,Công ty TNHH hai thành viên trở lên,Ngoài nhà nước,Xây dựng,Xây dựng,2019,7,Hà Nội,CN Hoàn Kiếm,2024-03-01,Phạm Thị Hà,8,Không lập BCTC (nộp thuế theo tỷ lệ % trên doanh thu),Không,Không đủ,Ngừng giao dịch,0334534339,lienhe.dn00319@doanhnghiep.vn
DN00438,Công ty Cổ phần Phân phối Hưng Thành,9414957298,Công ty cổ phần,Ngoài nhà nước,Thương mại và dịch vụ,"Bán buôn, bán lẻ",2022,4,Hà Nội,CN Hoàn Kiếm,2024-12-25,Bùi Minh Cường,8,Không lập BCTC (nộp thuế theo tỷ lệ % trên doanh thu),Không,Không đủ,Đang hoạt động,0367671263,lienhe.dn00438@doanhnghiep.vn
DN00228,Công ty TNHH Sản xuất Nam Toàn,9250076636,Công ty TNHH hai thành viên trở lên,Ngoài nhà nước,Công nghiệp,"Chế biến, chế tạo",2021,5,Hà Nội,CN Thanh Xuân,2026-03-10,Vũ Minh Bình,12,Thông tư 132/2018/TT-BTC,Không,Đủ,Đang hoạt động,0206861548,lienhe.dn00228@doanhnghiep.vn
DN00170,Công ty Cổ phần Nhựa Bình Nam,9488858127,Công ty cổ phần,Ngoài nhà nước,Công nghiệp,"Chế biến, chế tạo",1996,11,Hà Nội,CN Thanh Xuân,2025-01-26,Đỗ Thu Việt,10,Thông tư 133/2016/TT-BTC,Không,Đủ,Đang hoạt động,0982384997,lienhe.dn00170@doanhnghiep.vn
DN00110,Công ty Cổ phần Cơ khí An Hưng,9653476013,Công ty cổ phần,Ngoài nhà nước,Công nghiệp,"Chế biến, chế tạo",1992,769,Hà Nội,CN Cầu Giấy,2021-09-12,Ngô Minh Long,9,Thông tư 200/2014/TT-BTC,Có,Đủ,Đang hoạt động,0229069563,lienhe.dn00110@doanhnghiep.vn
DN00058,Công ty TNHH Kỹ thuật Xây dựng Khang Nhật,9219092697,Công ty TNHH một thành viên,Ngoài nhà nước,Xây dựng,Xây dựng,2017,17,Cần Thơ,CN Cần Thơ,2026-06-21,Ngô Đức Cường,6,Thông tư 133/2016/TT-BTC,Không,Đủ,Đang hoạt động,0237848220,lienhe.dn00058@doanhnghiep.vn
DN00403,Công ty TNHH Thương mại Dịch vụ Lâm Hưng,9144796303,Công ty TNHH hai thành viên trở lên,Ngoài nhà nước,Thương mại và dịch vụ,"Bán buôn, bán lẻ",2023,4,TP Hồ Chí Minh,CN TP Hồ Chí Minh,2026-02-27,Lê Thị Lan,3,Thông tư 132/2018/TT-BTC,Không,Đủ,Đang hoạt động,0976879802,lienhe.dn00403@doanhnghiep.vn
DN00258,Công ty Cổ phần Đầu tư Xây dựng Thái Linh,9682788464,Công ty cổ phần,Có vốn đầu tư nước ngoài,Xây dựng,Xây dựng,2020,173,Hải Phòng,CN Hải Phòng,2022-03-27,Trần Thu Bình,1,Thông tư 133/2016/TT-BTC,Có,Đủ,Đang hoạt động,0300517493,lienhe.dn00258@doanhnghiep.vn
DN00384,Doanh nghiệp tư nhân Công nghệ Phát Nhật,9296038080,Doanh nghiệp tư nhân,Ngoài nhà nước,Thương mại và dịch vụ,Dịch vụ khác,2025,3,TP Hồ Chí Minh,CN TP Hồ Chí Minh,2026-08-16,Ngô Ngọc Sơn,17,Không lập BCTC (nộp thuế theo tỷ lệ % trên doanh thu),Không,Không đủ,Đang hoạt động,0252777308,lienhe.dn00384@doanhnghiep.vn
DN00340,Công ty TNHH Dệt may Châu Tân,9234594118,Công ty TNHH một thành viên,Ngoài nhà nước,Công nghiệp,"Chế biến, chế tạo",2023,3,Hà Nội,CN Thanh Xuân,2024-12-18,Phạm Quốc Tuấn,20,Thông tư 132/2018/TT-BTC,Không,Đủ,Đã đóng,0378324515,lienhe.dn00340@doanhnghiep.vn
DN00349,Công ty TNHH Thương mại Tổng hợp Linh Đông,9127524442,Công ty TNHH một thành viên,Ngoài nhà nước,Thương mại và dịch vụ,"Bán buôn, bán lẻ",2024,75,TP Hồ Chí Minh,CN Quận 1,2025-02-16,Lý Ngọc Quân,1,Thông tư 133/2016/TT-BTC,Có,Đủ,Đang hoạt động,0945012237,lienhe.dn00349@doanhnghiep.vn
DN00079,Công ty Cổ phần Thương mại Dịch vụ Tuấn Châu,9994917258,Công ty cổ phần,Ngoài nhà nước,Thương mại và dịch vụ,"Bán buôn, bán lẻ",1998,13,TP Hồ Chí Minh,CN TP Hồ Chí Minh,2016-07-15,Dương Quốc Tuấn,12,Thông tư 133/2016/TT-BTC,Không,Đủ,Đã đóng,0239008387,lienhe.dn00079@doanhnghiep.vn
DN00358,Công ty TNHH Thương mại Tổng hợp Khánh Khang,9661856553,Công ty TNHH một thành viên,Ngoài nhà nước,Thương mại và dịch vụ,"Bán buôn, bán lẻ",2014,25,Hà Nội,CN Thanh Xuân,2016-11-29,Trần Minh Bình,1,Thông tư 133/2016/TT-BTC,Không,Đủ,Đang hoạt động,0254818776,lienhe.dn00358@doanhnghiep.vn
DN00171,Công ty Cổ phần Vận tải Nam Khang,9192108033,Công ty cổ phần,Ngoài nhà nước,Thương mại và dịch vụ,Dịch vụ khác,2021,282,TP Hồ Chí Minh,CN TP Hồ Chí Minh,2025-01-21,Trần Quốc Tuấn,14,Thông tư 200/2014/TT-BTC,Có,Đủ,Đang hoạt động,0370525892,lienhe.dn00171@doanhnghiep.vn
DN00477,Công ty TNHH Dệt may Vạn Thái,9428046182,Công ty TNHH hai thành viên trở lên,Ngoài nhà nước,Công nghiệp,"Chế biến, chế tạo",2023,4,Hà Nội,CN Hoàn Kiếm,2024-06-04,Nguyễn Ngọc Quân,1,Thông tư 132/2018/TT-BTC,Không,Đủ,Đang hoạt động,0310083694,lienhe.dn00477@doanhnghiep.vn
DN00090,Công ty Cổ phần Cơ khí Bảo Thành,9326595103,Công ty cổ phần,Ngoài nhà nước,Công nghiệp,"Chế biến, chế tạo",2020,8,TP Hồ Chí Minh,CN Quận 1,2025-06-24,Ngô Hữu Long,7,Thông tư 133/2016/TT-BTC,Không,Đủ,Đang hoạt động,0940588571,lienhe.dn00090@doanhnghiep.vn
DN00257,Công ty Cổ phần Logistics Vinh Trường,9359952019,Công ty cổ phần,Ngoài nhà nước,Thương mại và dịch vụ,Dịch vụ khác,2016,61,Bình Dương,CN Bình Dương,2026-07-12,Đỗ Minh Mai,4,Thông tư 133/2016/TT-BTC,Không,Đủ,Đang hoạt động,0288258952,lienhe.dn00257@doanhnghiep.vn
DN00051,Công ty Cổ phần Phân phối Trường Xuân,9261304958,Công ty cổ phần,Ngoài nhà nước,Thương mại và dịch vụ,"Bán buôn, bán lẻ",2016,12,Bình Dương,CN Bình Dương,2025-03-20,Nguyễn Thị Nam,13,Thông tư 133/2016/TT-BTC,Không,Đủ,Đang hoạt động,0904178871,lienhe.dn00051@doanhnghiep.vn
DN00219,Công ty TNHH Bao bì Thái Minh,9452975019,Công ty TNHH một thành viên,Ngoài nhà nước,Công nghiệp,"Chế biến, chế tạo",2023,3,Hải Phòng,CN Hải Phòng,2025-11-11,Lý Minh Lan,19,Thông tư 132/2018/TT-BTC,Không,Đủ,Đang hoạt động,0355974552,lienhe.dn00219@doanhnghiep.vn
DN00056,Công ty TNHH Thương mại Dịch vụ Tuấn Quang,9724549209,Công ty TNHH hai thành viên trở lên,Ngoài nhà nước,Thương mại và dịch vụ,"Bán buôn, bán lẻ",2022,6,Hải Phòng,CN Hải Phòng,2022-09-09,Đặng Hoài An,17,Không lập BCTC (nộp thuế theo tỷ lệ % trên doanh thu),Không,Không đủ,Đang hoạt động,0377602397,lienhe.dn00056@doanhnghiep.vn
DN00287,Công ty TNHH Phân phối Gia Tâm,9304401814,Công ty TNHH một thành viên,Ngoài nhà nước,Thương mại và dịch vụ,"Bán buôn, bán lẻ",1995,14,Hà Nội,CN Cầu Giấy,2021-07-04,Ngô Hoài Mai,11,Thông tư 133/2016/TT-BTC,Không,Đủ,Ngừng giao dịch,0360039541,lienhe.dn00287@doanhnghiep.vn
DN00337,Công ty Cổ phần Phân phối Tiến Linh,9856601980,Công ty cổ phần,Ngoài nhà nước,Thương mại và dịch vụ,"Bán buôn, bán lẻ",1991,1276,Hà Nội,CN Hoàn Kiếm,2013-12-19,Ngô Hữu An,1,Thông tư 200/2014/TT-BTC,Có,Đủ,Đang hoạt động,0925907940,lienhe.dn00337@doanhnghiep.vn
DN00143,Công ty TNHH Dệt may Việt Ngọc,9494741051,Công ty TNHH một thành viên,Ngoài nhà nước,Công nghiệp,"Chế biến, chế tạo",2019,3,Hà Nội,CN Thanh Xuân,2025-02-18,Dương Quốc Cường,11,Không lập BCTC (nộp thuế theo tỷ lệ % trên doanh thu),Không,Không đủ,Đang hoạt động,0263268814,lienhe.dn00143@doanhnghiep.vn
DN00128,Công ty TNHH Đầu tư Xây dựng Trường Tân,9958155760,Công ty TNHH hai thành viên trở lên,Ngoài nhà nước,Xây dựng,Xây dựng,2015,2,TP Hồ Chí Minh,CN Quận 1,2023-07-08,Lý Hữu Long,3,Thông tư 132/2018/TT-BTC,Không,Đủ,Đang hoạt động,0919042439,lienhe.dn00128@doanhnghiep.vn
DN00226,Công ty TNHH Thương mại Tổng hợp Thuận Kim,9935687159,Công ty TNHH một thành viên,Ngoài nhà nước,Thương mại và dịch vụ,"Bán buôn, bán lẻ",2019,4,Hà Nội,CN Cầu Giấy,2024-04-15,Vũ Hữu Lan,5,Không lập BCTC (nộp thuế theo tỷ lệ % trên doanh thu),Không,Không đủ,Đang hoạt động,0225252579,lienhe.dn00226@doanhnghiep.vn
DN00038,Công ty TNHH Tư vấn Thái Thành,9497419785,Công ty TNHH một thành viên,Ngoài nhà nước,Thương mại và dịch vụ,Dịch vụ khác,2022,85,Hà Nội,CN Cầu Giấy,2023-07-27,Bùi Thanh Thảo,2,Thông tư 133/2016/TT-BTC,Không,Đủ,Đang hoạt động,0244526122,lienhe.dn00038@doanhnghiep.vn
DN00361,Công ty TNHH Kỹ thuật Xây dựng Tiến Nhật,9607651629,Công ty TNHH một thành viên,Ngoài nhà nước,Xây dựng,Xây dựng,2024,81,Hà Nội,CN Hoàn Kiếm,2026-03-28,Nguyễn Thanh Cường,5,Thông tư 133/2016/TT-BTC,Có,Đủ,Đang hoạt động,0373314347,lienhe.dn00361@doanhnghiep.vn
DN00319,Công ty TNHH Xây dựng và Thương mại Yên Khang,9687948212,Công ty TNHH hai thành viên trở lên,Ngoài nhà nước,Xây dựng,Xây dựng,2019,7,Hà Nội,CN Hoàn Kiếm,2024-03-01,Phạm Thị Hà,8,Không lập BCTC (nộp thuế theo tỷ lệ % trên doanh thu),Không,Không đủ,Ngừng giao dịch,0334534339,lienhe.dn00319@doanhnghiep.vn
DN00455,Công ty Cổ phần Thương mại Mỹ Đạt,9225391504,Công ty cổ phần,Ngoài nhà nước,Thương mại và dịch vụ,"Bán buôn, bán lẻ",2005,8,Đà Nẵng,CN Đà Nẵng,2024-12-25,Vũ Quốc Hạnh,5,Thông tư 133/2016/TT-BTC,Không,Đủ,Đang hoạt động,0311608410,lienhe.dn00455@doanhnghiep.vn
DN00409,Công ty TNHH Kỹ thuật Xây dựng Phúc Lâm,9581886546,Công ty TNHH hai thành viên trở lên,Ngoài nhà nước,Xây dựng,Xây dựng,2002,77,Hà Nội,CN Cầu Giấy,2023-07-30,Đỗ Thị Hạnh,3,Thông tư 133/2016/TT-BTC,Không,Đủ,Đang hoạt động,0354737572,lienhe.dn00409@doanhnghiep.vn
DN00277,Công ty TNHH Đầu tư Xây dựng Thái Phú,9731917042,Công ty TNHH một thành viên,Ngoài nhà nước,Xây dựng,Xây dựng,2003,428,TP Hồ Chí Minh,CN Quận 1,2021-01-30,Vũ Minh Hạnh,9,Thông tư 200/2014/TT-BTC,Có,Đủ,Đang hoạt động,0369684792,lienhe.dn00277@doanhnghiep.vn
DN00022,Công ty TNHH Phân phối Hải Thịnh,9137502454,Công ty TNHH một thành viên,Ngoài nhà nước,Thương mại và dịch vụ,"Bán buôn, bán lẻ",2018,10,Cần Thơ,CN Cần Thơ,2020-05-20,Lý Thu Hà,11,Không lập BCTC (nộp thuế theo tỷ lệ % trên doanh thu),Không,Không đủ,Đang hoạt động,0994817149,lienhe.dn00022@doanhnghiep.vn
DN00441,Công ty TNHH Xây dựng và Thương mại Thịnh Toàn,9303943384,Công ty TNHH hai thành viên trở lên,Ngoài nhà nước,Xây Dựng,Xây dựng,2023,7,TP Hồ Chí Minh,CN TP Hồ Chí Minh,2023-07-27,Hoàng Hoài Tuấn,11,Thông tư 132/2018/TT-BTC,Không,Đủ,Đang hoạt động,0989258023,lienhe.dn00441@doanhnghiep.vn
DN00423,Công ty Cổ phần Thực phẩm Khánh Linh,9783724692,Công ty cổ phần,Ngoài nhà nước,Công nghiệp,"Chế biến, chế tạo",2018,4,TP Hồ Chí Minh,CN Quận 1,2021-10-26,Dương Hữu Lan,4,Không lập BCTC (nộp thuế theo tỷ lệ % trên doanh thu),Không,Không đủ,Đang hoạt động,0231514637,lienhe.dn00423@doanhnghiep.vn
DN00211,Công ty TNHH Logistics Việt Tiến,9252368053,Công ty TNHH một thành viên,Ngoài nhà nước,Thương mại và dịch vụ,Dịch vụ khác,2019,30,Hà Nội,CN Hoàn Kiếm,2024-07-29,Trần Văn Hùng,6,Thông tư 133/2016/TT-BTC,Không,Đủ,Đang hoạt động,0380037427,lienhe.dn00211@doanhnghiep.vn
DN00312,Công ty TNHH Thương mại Dịch vụ Tiến Châu,9196639808,Công ty TNHH một thành viên,Ngoài nhà nước,Thương mại và dịch vụ,"Bán buôn, bán lẻ",2014,3,Hà Nội,CN Hoàn Kiếm,2020-01-23,Bùi Văn Quân,10,Thông tư 132/2018/TT-BTC,Không,Đủ,Đang hoạt động,0911440806,lienhe.dn00312@doanhnghiep.vn
DN00224,Công ty TNHH Vận tải Hải Hòa,9081984174,Công ty TNHH một thành viên,Ngoài nhà nước,Thương mại và dịch vụ,Dịch vụ khác,2019,40,TP Hồ Chí Minh,CN Quận 1,2025-06-03,Hoàng Quốc Phong,9,Thông tư 133/2016/TT-BTC,Không,Đủ,Đang hoạt động,0923738266,lienhe.dn00224@doanhnghiep.vn
DN00259,Doanh nghiệp tư nhân Tư vấn Phát Hải,9437510672,Doanh nghiệp tư nhân,Ngoài nhà nước,Thương mại và dịch vụ,Dịch vụ khác,2022,2,Hà Nội,CN Hoàn Kiếm,2026-02-20,Đặng Minh Lan,10,Thông tư 132/2018/TT-BTC,Không,Đủ,Đang hoạt động,0355178039,lienhe.dn00259@doanhnghiep.vn
DN00180,Công ty TNHH Thương mại Tổng hợp Quang Ngọc,9261756344,Công ty TNHH một thành viên,Ngoài nhà nước,Thương mại và dịch vụ,"Bán buôn, bán lẻ",2018,21,Hà Nội,CN Hoàn Kiếm,2020-04-30,Dương Quốc Long,10,Thông tư 133/2016/TT-BTC,Không,Đủ,Đang hoạt động,0346415669,lienhe.dn00180@doanhnghiep.vn
DN00256,Công ty TNHH Tư vấn Tiến Tâm,9582939579,Công ty TNHH một thành viên,Ngoài nhà nước,Thương mại và dịch vụ,Dịch vụ khác,2024,5,Bình Dương,CN Bình Dương,2024-11-13,Phạm Thanh Nga,2,Thông tư 132/2018/TT-BTC,Không,Đủ,Đang hoạt động,0272323536,lienhe.dn00256@doanhnghiep.vn
DN00321,Công ty TNHH Thương mại Tổng hợp Trung Quang,9163528086,Công ty TNHH một thành viên,Ngoài nhà nước,Thương mại và dịch vụ,"Bán buôn, bán lẻ",2024,37,Cần Thơ,CN Cần Thơ,2026-05-10,Lý Hữu Quân,7,Thông tư 133/2016/TT-BTC,Có,Đủ,Đang hoạt động,0257638334,lienhe.dn00321@doanhnghiep.vn
DN00449,Công ty TNHH Đầu tư Xây dựng Nhật Tâm,9358143261,Công ty TNHH hai thành viên trở lên,Ngoài nhà nước,Xây dựng,Xây dựng,2009,9,Hà Nội,CN Thanh Xuân,2019-12-13,Lý Hoài Long,11,Thông tư 133/2016/TT-BTC,Không,Đủ,Đang hoạt động,0348350981,lienhe.dn00449@doanhnghiep.vn
DN00155,Công ty TNHH Thương mại Dịch vụ Mỹ Đông,9774956549,Công ty TNHH một thành viên,Ngoài nhà nước,Thương mại và dịch vụ,"Bán buôn, bán lẻ",2024,8,TP Hồ Chí Minh,CN TP Hồ Chí Minh,2026-07-07,Nguyễn Thanh Nga,4,Thông tư 132/2018/TT-BTC,Không,Đủ,Đang hoạt động,0369269829,lienhe.dn00155@doanhnghiep.vn
DN00365,Công ty TNHH Xây dựng và Thương mại Linh Phú,9680561291,Công ty TNHH hai thành viên trở lên,Ngoài nhà nước,Xây dựng,Xây dựng,2018,8,TP Hồ Chí Minh,CN Quận 1,2024-10-02,Nguyễn Ngọc Hạnh,5,Thông tư 133/2016/TT-BTC,Không,Đủ,Đang hoạt động,0903929190,lienhe.dn00365@doanhnghiep.vn
DN00033,Công ty TNHH Thương mại Tổng hợp Lâm Thịnh,9243145627,Công ty TNHH một thành viên,Ngoài nhà nước,Thương mại và dịch vụ,"Bán buôn, bán lẻ",2020,23,Đà Nẵng,CN Đà Nẵng,2026-09-30,Đặng Thanh Quân,11,Thông tư 133/2016/TT-BTC,Không,Đủ,Đang hoạt động,0399043132,lienhe.dn00033@doanhnghiep.vn
DN00195,Công ty Cổ phần Phân phối Hưng Bình,9715889101,Công ty cổ phần,Ngoài nhà nước,Thương mại và dịch vụ,"Bán buôn, bán lẻ",2001,72,Hà Nội,CN Hoàn Kiếm,2015-01-06,Đỗ Ngọc Phong,14,Thông tư 133/2016/TT-BTC,Có,Đủ,Đang hoạt động,0955769098,lienhe.dn00195@doanhnghiep.vn
DN00156,Công ty TNHH Lâm nghiệp Châu An,9261814237,Công ty TNHH hai thành viên trở lên,Ngoài nhà nước,"Nông, lâm nghiệp và thủy sản","Nông, lâm nghiệp và thủy sản",2013,30,Cần Thơ,CN Cần Thơ,2017-06-06,Đỗ Thanh Thảo,12,Thông tư 133/2016/TT-BTC,Không,Đủ,Đang hoạt động,0271826832,lienhe.dn00156@doanhnghiep.vn
DN00350,Công ty TNHH Sản xuất Bảo Việt,9805153865,Công ty TNHH hai thành viên trở lên,Ngoài nhà nước,Công nghiệp,"Chế biến, chế tạo",2023,104,Hà Nội,CN Thanh Xuân,2023-03-29,Hoàng Đức Dũng,1,Thông tư 133/2016/TT-BTC,Không,Đủ,Đang hoạt động,0245407771,lienhe.dn00350@doanhnghiep.vn
DN00229,Công ty Cổ phần Dịch vụ Hòa Vinh,9248052060,Công ty cổ phần,Ngoài nhà nước,Thương mại và dịch vụ,Dịch vụ khác,1997,343,Bình Dương,CN Bình Dương,2020-02-18,Trần Hữu Trang,5,Thông tư 200/2014/TT-BTC,Có,Đủ,Đang hoạt động,0213381047,lienhe.dn00229@doanhnghiep.vn
DN00218,Công ty TNHH Vận tải Yên Gia,9571985837,Công ty TNHH hai thành viên trở lên,Ngoài nhà nước,Thương mại và dịch vụ,Dịch vụ khác,2024,2,Hải Phòng,CN Hải Phòng,2026-04-15,Hoàng Ngọc Phong,3,Thông tư 132/2018/TT-BTC,Không,Đủ,Đang hoạt động,0283476178,lienhe.dn00218@doanhnghiep.vn
DN00416,Công ty TNHH Thủy sản Khánh Sơn,9445177992,Công ty TNHH một thành viên,Ngoài nhà nước,"Nông, lâm nghiệp và thủy sản","Nông, lâm nghiệp và thủy sản",2013,81,Hà Nội,CN Hoàn Kiếm,2025-09-10,Lý Thị Nga,10,Thông tư 133/2016/TT-BTC,Không,Đủ,Đang hoạt động,0288580154,lienhe.dn00416@doanhnghiep.vn
DN00262,Công ty TNHH Logistics An Hưng,9760478167,Công ty TNHH hai thành viên trở lên,Ngoài nhà nước,Thương mại và dịch vụ,Dịch vụ khác,2020,44,Hải Phòng,CN Hải Phòng,2021-09-11,Hoàng Ngọc Bình,1,Thông tư 133/2016/TT-BTC,Không,Đủ,Đang hoạt động,0396549936,lienhe.dn00262@doanhnghiep.vn
DN00356,Công ty Cổ phần Thương mại Tổng hợp Hưng Nhật,9084104430,Công ty cổ phần,Ngoài nhà nước,Thương mại và dịch vụ,"Bán buôn, bán lẻ",2019,42,TP Hồ Chí Minh,CN Quận 1,2019-04-10,Bùi Thu Yến,8,Thông tư 133/2016/TT-BTC,Không,Đủ,Đang hoạt động,0293902252,lienhe.dn00356@doanhnghiep.vn
DN00461,Công ty TNHH Công nghệ Gia Xuân,9585698139,Công ty TNHH một thành viên,Ngoài nhà nước,Thương mại và dịch vụ,Dịch vụ khác,2018,6,Hà Nội,CN Thanh Xuân,2023-11-06,Nguyễn Đức Bình,1,Thông tư 132/2018/TT-BTC,Không,Đủ,Đang hoạt động,0261587133,lienhe.dn00461@doanhnghiep.vn
DN00434,Công ty TNHH Dệt may Vạn Mỹ,9320584509,Công ty TNHH một thành viên,Ngoài nhà nước,Công nghiệp,"Chế biến, chế tạo",2006,24,Hải Phòng,CN Hải Phòng,2012-07-12,Vũ Hoài Dũng,9,Thông tư 133/2016/TT-BTC,Có,Đủ,Đang hoạt động,0203523343,lienhe.dn00434@doanhnghiep.vn
DN00284,Công ty TNHH Thương mại Dịch vụ Sơn Yên,9450163388,Công ty TNHH một thành viên,Ngoài nhà nước,Thương mại và dịch vụ,"Bán buôn, bán lẻ",2025,49,Hà Nội,CN Hoàn Kiếm,2026-04-05,Bùi Thị Bình,24,Thông tư 133/2016/TT-BTC,Có,Không đủ,Đang hoạt động,0269775155,lienhe.dn00284@doanhnghiep.vn
DN00028,Công ty TNHH Nông nghiệp Tân Lâm,9817439426,Công ty TNHH một thành viên,Ngoài nhà nước,"Nông, lâm nghiệp và thủy sản","Nông, lâm nghiệp và thủy sản",2023,6,TP Hồ Chí Minh,CN TP Hồ Chí Minh,2024-05-23,Đỗ Văn Cường,11,Không lập BCTC (nộp thuế theo tỷ lệ % trên doanh thu),Không,Không đủ,Đang hoạt động,0319590073,lienhe.dn00028@doanhnghiep.vn
DN00274,Công ty TNHH Thực phẩm Nam Xuân,9271513271,Công ty TNHH một thành viên,Ngoài nhà nước,Công nghiệp,"Chế biến, chế tạo",2019,9,Cần Thơ,CN Cần Thơ,2024-05-12,Vũ Thị Bình,7,Không lập BCTC (nộp thuế theo tỷ lệ % trên doanh thu),Không,Không đủ,Đang hoạt động,0933547005,lienhe.dn00274@doanhnghiep.vn
DN00067,Công ty Cổ phần Kỹ thuật Xây dựng Phú Trường,9409505597,Công ty cổ phần,Ngoài nhà nước,Xây dựng,Xây dựng,2024,80,TP Hồ Chí Minh,CN Quận 1,2026-03-09,Dương Thị Quân,7,Thông tư 133/2016/TT-BTC,Không,Đủ,Đang hoạt động,0946266210,lienhe.dn00067@doanhnghiep.vn
DN00041,Công ty Cổ phần Thương mại Dịch vụ Gia Vinh,9626332351,Công ty cổ phần,Ngoài nhà nước,Thương mại và dịch vụ,"Bán buôn, bán lẻ",2012,8,TP Hồ Chí Minh,CN Quận 1,2016-08-27,Đặng Thanh Quân,9,Thông tư 133/2016/TT-BTC,Có,Đủ,Đang hoạt động,0289902995,lienhe.dn00041@doanhnghiep.vn
DN00353,Công ty Cổ phần Tư vấn Thành An,9656085495,Công ty cổ phần,Ngoài nhà nước,Thương mại và dịch vụ,Dịch vụ khác,2023,3,Cần Thơ,CN Cần Thơ,2026-10-08,Đặng Văn An,7,Thông tư 132/2018/TT-BTC,Không,Đủ,Đang hoạt động,0924895153,lienhe.dn00353@doanhnghiep.vn
DN00032,Công ty TNHH Công nghệ Mỹ Tân,9190406221,Công ty TNHH một thành viên,Ngoài nhà nước,Thương mại và dịch vụ,Dịch vụ khác,2024,10,Hà Nội,CN Hoàn Kiếm,2025-12-19,Lý Minh Hạnh,6,Không lập BCTC (nộp thuế theo tỷ lệ % trên doanh thu),Không,Không đủ,Đang hoạt động,0228460229,lienhe.dn00032@doanhnghiep.vn
DN00343,Doanh nghiệp tư nhân Logistics Gia Thái,9118130611,Doanh nghiệp tư nhân,Ngoài nhà nước,Thương mại và dịch vụ,Dịch vụ khác,2024,7,Bình Dương,CN Bình Dương,2025-08-26,Hoàng Hoài Mai,1,Thông tư 132/2018/TT-BTC,Không,Đủ,Đang hoạt động,0905155575,lienhe.dn00343@doanhnghiep.vn
DN00385,Công ty TNHH Du lịch Bảo Nhật,9769691533,Công ty TNHH một thành viên,Ngoài nhà nước,Thương mại và dịch vụ,Dịch vụ khác,2016,31,TP Hồ Chí Minh,CN Quận 1,2017-12-19,Bùi Quốc Long,9,Thông tư 133/2016/TT-BTC,Không,Đủ,Đang hoạt động,0269234653,lienhe.dn00385@doanhnghiep.vn
DN00276,Doanh nghiệp tư nhân Phân phối Trường Lâm,9557953211,Doanh nghiệp tư nhân,Ngoài nhà nước,Thương mại và dịch vụ,"Bán buôn, bán lẻ",2023,3,TP Hồ Chí Minh,CN TP Hồ Chí Minh,2025-08-26,Đặng Đức Nam,13,Không lập BCTC (nộp thuế theo tỷ lệ % trên doanh thu),Không,Không đủ,Đang hoạt động,0325025270,lienhe.dn00276@doanhnghiep.vn
DN00093,Công ty TNHH Xây dựng Nhật Sơn,9892892903,Công ty TNHH một thành viên,Ngoài nhà nước,Xây dựng,Xây dựng,2022,4,TP Hồ Chí Minh,CN TP Hồ Chí Minh,2026-01-28,Lê Văn Nam,1,Thông tư 132/2018/TT-BTC,Không,Đủ,Đang hoạt động,0240870874,lienhe.dn00093@doanhnghiep.vn
DN00085,Doanh nghiệp tư nhân Sản xuất Hòa Phát,9125861848,Doanh nghiệp tư nhân,Ngoài nhà nước,Công nghiệp,"Chế biến, chế tạo",2021,41,Hải Phòng,CN Hải Phòng,2026-07-07,Bùi Hữu Quân,9,Thông tư 133/2016/TT-BTC,Không,Đủ,Đang hoạt động,0255407543,lienhe.dn00085@doanhnghiep.vn
DN00273,Công ty TNHH Thương mại Đạt Nhật,9987910258,Công ty TNHH hai thành viên trở lên,Ngoài nhà nước,Thương mại và dịch vụ,"Bán buôn, bán lẻ",2025,13,Hà Nội,CN Cầu Giấy,2026-05-22,Bùi Thanh Cường,2,Thông tư 133/2016/TT-BTC,Không,Không đủ,Đang hoạt động,0331514147,lienhe.dn00273@doanhnghiep.vn
DN00313,Doanh nghiệp tư nhân Phân phối Hải Phú,9161034763,Doanh nghiệp tư nhân,Ngoài nhà nước,Thương mại và dịch vụ,"Bán buôn, bán lẻ",2019,7,Hà Nội,CN Cầu Giấy,2024-03-30,Dương Ngọc Hạnh,3,Thông tư 132/2018/TT-BTC,Không,Đủ,Đang hoạt động,0223565867,lienhe.dn00313@doanhnghiep.vn
DN00207,Công ty TNHH Logistics Tân Ngọc,9049180094,Công ty TNHH một thành viên,Ngoài nhà nước,Thương mại và dịch vụ,Dịch vụ khác,2019,959,Hà Nội,CN Thanh Xuân,2024-02-23,Hoàng Hữu Tuấn,12,Thông tư 200/2014/TT-BTC,Có,Đủ,Đang hoạt động,0224050941,lienhe.dn00207@doanhnghiep.vn
DN00442,Công ty TNHH Thương mại Dịch vụ Kim Bảo,9993759056,Công ty TNHH hai thành viên trở lên,Ngoài nhà nước,Thương mại và dịch vụ,"Bán buôn, bán lẻ",2017,9,Cần Thơ,CN Cần Thơ,2020-10-07,Vũ Hữu Tuấn,5,Thông tư 133/2016/TT-BTC,Không,Đủ,Đang hoạt động,0202375956,lienhe.dn00442@doanhnghiep.vn
DN00029,Công ty TNHH Phân phối Hòa Tuấn,9700891949,Công ty TNHH một thành viên,Ngoài nhà nước,Thương mại và dịch vụ,"Bán buôn, bán lẻ",2019,3,Hà Nội,CN Cầu Giấy,2025-07-15,Ngô Văn Quân,1,Không lập BCTC (nộp thuế theo tỷ lệ % trên doanh thu),Không,Không đủ,Đang hoạt động,0966754476,lienhe.dn00029@doanhnghiep.vn
DN00053,Công ty TNHH Thương mại Tổng hợp Yên Toàn,9166382370,Công ty TNHH hai thành viên trở lên,Ngoài nhà nước,Thương mại và dịch vụ,"Bán buôn, bán lẻ",2022,45,Hà Nội,CN Hoàn Kiếm,2022-11-08,Ngô Đức Hà,1,Thông tư 133/2016/TT-BTC,Có,Đủ,Đang hoạt động,0954181554,lienhe.dn00053@doanhnghiep.vn
DN00100,Công ty TNHH Phân phối Nam Phát,9442562934,Công ty TNHH một thành viên,Ngoài nhà nước,Thương mại và dịch vụ,"Bán buôn, bán lẻ",2024,4,Hà Nội,CN Cầu Giấy,2025-03-21,Bùi Hoài Trang,8,Không lập BCTC (nộp thuế theo tỷ lệ % trên doanh thu),Không,Không đủ,Đang hoạt động,0995604972,lienhe.dn00100@doanhnghiep.vn
DN00271,Công ty TNHH Công nghệ Phú Lâm,9508013481,Công ty TNHH hai thành viên trở lên,Ngoài nhà nước,Thương mại và dịch vụ,Dịch vụ khác,2020,7,Hà Nội,CN Thanh Xuân,2021-09-24,Đặng Văn An,12,Thông tư 132/2018/TT-BTC,Không,Đủ,Đang hoạt động,0962672006,lienhe.dn00271@doanhnghiep.vn
DN00059,Công ty TNHH Du lịch Minh Đạt,9406267165,Công ty TNHH hai thành viên trở lên,Ngoài nhà nước,"Thương mại, dịch vụ",Dịch vụ khác,2018,9,Hà Nội,CN Cầu Giấy,2021-08-08,Đỗ Quốc Quân,9,Thông tư 132/2018/TT-BTC,Không,Đủ,Đang hoạt động,0312034421,lienhe.dn00059@doanhnghiep.vn
DN00302,Công ty TNHH Thương mại Tổng hợp Sơn Hòa,9863119296,Công ty TNHH hai thành viên trở lên,Ngoài nhà nước,Thương mại và dịch vụ,"Bán buôn, bán lẻ",2019,7,Cần Thơ,CN Cần Thơ,2021-08-24,Vũ Quốc Mai,13,Thông tư 132/2018/TT-BTC,Không,Đủ,Đang hoạt động,0360017262,lienhe.dn00302@doanhnghiep.vn
DN00450,Công ty TNHH Thương mại Dịch vụ Long Thuận,9192497475,Công ty TNHH hai thành viên trở lên,Ngoài nhà nước,Thương mại và dịch vụ,"Bán buôn, bán lẻ",2023,19,Cần Thơ,CN Cần Thơ,2023-03-27,Lý Thanh Tuấn,7,Thông tư 133/2016/TT-BTC,Không,Đủ,Đang hoạt động,0252701147,lienhe.dn00450@doanhnghiep.vn
DN00178,Công ty TNHH Thương mại Tâm Long,9618339463,Công ty TNHH một thành viên,Ngoài nhà nước,Thương mại và dịch vụ,"Bán buôn, bán lẻ",2023,10,TP Hồ Chí Minh,CN TP Hồ Chí Minh,2024-10-22,Bùi Thanh Hà,9,Thông tư 132/2018/TT-BTC,Không,Đủ,Đang hoạt động,0394336917,lienhe.dn00178@doanhnghiep.vn
DN00373,Doanh nghiệp tư nhân Xây dựng Tân Vinh,9074157901,Doanh nghiệp tư nhân,Ngoài nhà nước,Xây dựng,Xây dựng,2019,10,Đà Nẵng,CN Đà Nẵng,2025-09-25,Bùi Hữu Hùng,1,Thông tư 132/2018/TT-BTC,Không,Đủ,Đang hoạt động,0973658204,lienhe.dn00373@doanhnghiep.vn
DN00049,Công ty TNHH Lâm nghiệp Vinh Tâm,9671525970,Công ty TNHH một thành viên,Ngoài nhà nước,"Nông, lâm nghiệp và thủy sản","Nông, lâm nghiệp và thủy sản",2022,5,Đà Nẵng,CN Đà Nẵng,2023-03-04,Bùi Minh Nga,4,Thông tư 132/2018/TT-BTC,Không,Đủ,Đang hoạt động,0970318978,lienhe.dn00049@doanhnghiep.vn
DN00245,Công ty TNHH Công nghệ Thịnh Yên,9001717446,Công ty TNHH một thành viên,Ngoài nhà nước,Thương mại và dịch vụ,Dịch vụ khác,2010,12,Đà Nẵng,CN Đà Nẵng,2014-12-16,Ngô Ngọc Thảo,14,Thông tư 133/2016/TT-BTC,Không,Đủ,Đang hoạt động,0399509496,lienhe.dn00245@doanhnghiep.vn
DN00166,Công ty Cổ phần Kỹ thuật Xây dựng Tiến Tuấn,9250189096,Công ty cổ phần,Ngoài nhà nước,Xây dựng,Xây dựng,2023,10,Hà Nội,CN Hoàn Kiếm,2023-06-13,Hoàng Hoài Yến,14,Thông tư 132/2018/TT-BTC,Không,Đủ,Đang hoạt động,0904386888,lienhe.dn00166@doanhnghiep.vn
DN00235,Công ty TNHH Thương mại Tổng hợp Yên Hòa,9781717265,Công ty TNHH một thành viên,Ngoài nhà nước,Thương mại và dịch vụ,"Bán buôn, bán lẻ",2023,9,Hà Nội,CN Hoàn Kiếm,2023-11-11,Bùi Thanh Nga,9,Không lập BCTC (nộp thuế theo tỷ lệ % trên doanh thu),Không,Không đủ,Đang hoạt động,0385887802,lienhe.dn00235@doanhnghiep.vn
DN00489,Doanh nghiệp tư nhân Logistics Thái Gia,9565010855,Doanh nghiệp tư nhân,Ngoài nhà nước,Thương mại và dịch vụ,Dịch vụ khác,2024,8,Đà Nẵng,CN Đà Nẵng,2026-04-01,Đặng Hữu Cường,1,Thông tư 132/2018/TT-BTC,Không,Đủ,Đang hoạt động,0964103701,lienhe.dn00489@doanhnghiep.vn
DN00275,Công ty TNHH Thương mại Phú Xuân,9996458251,Công ty TNHH một thành viên,Ngoài nhà nước,Thương mại và dịch vụ ,"Bán buôn, bán lẻ",2023,34,TP Hồ Chí Minh,CN TP Hồ Chí Minh,2026-08-07,Nguyễn Ngọc Việt,10,Thông tư 133/2016/TT-BTC,Không,Đủ,Đang hoạt động,0929302580,lienhe.dn00275@doanhnghiep.vn
DN00008,Doanh nghiệp tư nhân Du lịch Thành Gia,9263169666,Doanh nghiệp tư nhân,Ngoài nhà nước,Thương mại và dịch vụ,Dịch vụ khác,2025,2,TP Hồ Chí Minh,CN Quận 1,2025-07-06,Dương Thu Phong,9,Thông tư 132/2018/TT-BTC,Không,Không đủ,Đang hoạt động,0237851849,lienhe.dn00008@doanhnghiep.vn
DN00223,Công ty TNHH Dịch vụ Nam Quang,9336033275,Công ty TNHH một thành viên,Ngoài nhà nước,Thương mại và dịch vụ,Dịch vụ khác,2023,7,TP Hồ Chí Minh,CN TP Hồ Chí Minh,2023-03-24,Bùi Quốc Tuấn,7,Thông tư 132/2018/TT-BTC,Không,Đủ,Đang hoạt động,0227485963,lienhe.dn00223@doanhnghiep.vn
DN00212,Công ty Cổ phần Dịch vụ Tâm Khánh,9153973075,Công ty cổ phần,Ngoài nhà nước,Thương mại và dịch vụ,Dịch vụ khác,2020,133,TP Hồ Chí Minh,CN TP Hồ Chí Minh,2023-04-03,Ngô Hữu Việt,5,Thông tư 200/2014/TT-BTC,Có,Đủ,Đang hoạt động,0238470490,lienhe.dn00212@doanhnghiep.vn
DN00159,Công ty TNHH Phân phối Thịnh Ngọc,9718710563,Công ty TNHH một thành viên,Ngoài nhà nước,Thương mại và dịch vụ,"Bán buôn, bán lẻ",2015,20,Bình Dương,CN Bình Dương,2018-01-21,Dương Thị Bình,9,Thông tư 133/2016/TT-BTC,Không,Đủ,Đang hoạt động,0910460995,lienhe.dn00159@doanhnghiep.vn
DN00291,Công ty TNHH Phân phối Đạt Tân,9318040549,Công ty TNHH hai thành viên trở lên,Ngoài nhà nước,Thương mại và dịch vụ,"Bán buôn, bán lẻ",2014,22,TP Hồ Chí Minh,CN TP Hồ Chí Minh,2017-01-31,Nguyễn Văn An,17,Thông tư 133/2016/TT-BTC,Có,Đủ,Đang hoạt động,0384780967,lienhe.dn00291@doanhnghiep.vn
DN00182,Công ty TNHH Phân phối Châu Hưng,9933615105,Công ty TNHH hai thành viên trở lên,Ngoài nhà nước,Thương mại và dịch vụ,"Bán buôn, bán lẻ",2021,19,Hà Nội,CN Hoàn Kiếm,2025-06-22,Ngô Quốc Quân,1,Thông tư 133/2016/TT-BTC,Không,Đủ,Đang hoạt động,0973114581,lienhe.dn00182@doanhnghiep.vn
DN00454,Công ty TNHH Lâm nghiệp Thuận Phúc,9166693311,Công ty TNHH một thành viên,Ngoài nhà nước,"Nông, lâm nghiệp và thủy sản","Nông, lâm nghiệp và thủy sản",2024,7,Hà Nội,CN Hoàn Kiếm,2025-03-16,Lê Thị Phong,6,Thông tư 132/2018/TT-BTC,Không,Đủ,Đang hoạt động,0354909514,lienhe.dn00454@doanhnghiep.vn
DN00422,Công ty TNHH Thương mại Dịch vụ Hưng Đạt,9785158462,Công ty TNHH một thành viên,Ngoài nhà nước,"Thương mại, dịch vụ","Bán buôn, bán lẻ",2008,43,Cần Thơ,CN Cần Thơ,2017-04-10,Đặng Thu Bình,15,Thông tư 133/2016/TT-BTC,Không,Đủ,Đang hoạt động,0369967254,lienhe.dn00422@doanhnghiep.vn
DN00485,Công ty TNHH Xây dựng và Thương mại Tiến Gia,9520351365,Công ty TNHH hai thành viên trở lên,Ngoài nhà nước,Xây dựng,Xây dựng,2020,4,TP Hồ Chí Minh,CN Quận 1,2020-09-11,Trần Thanh Mai,3,Không lập BCTC (nộp thuế theo tỷ lệ % trên doanh thu),Không,Không đủ,Đang hoạt động,0992160640,lienhe.dn00485@doanhnghiep.vn
DN00411,Công ty Cổ phần Du lịch Long Khang,9115973385,Công ty cổ phần,Ngoài nhà nước,Thương mại và dịch vụ,Dịch vụ khác,2015,13,Hà Nội,CN Cầu Giấy,2025-07-21,Hoàng Hoài Bình,1,Thông tư 133/2016/TT-BTC,Không,Đủ,Đang hoạt động,0917771926,lienhe.dn00411@doanhnghiep.vn
DN00021,Doanh nghiệp tư nhân Phân phối Khánh Gia,9198088634,Doanh nghiệp tư nhân,Ngoài nhà nước,Thương mại và dịch vụ,"Bán buôn, bán lẻ",2023,7,Đà Nẵng,CN Đà Nẵng,2024-04-21,Bùi Thanh Quân,6,Thông tư 132/2018/TT-BTC,Không,Đủ,Đang hoạt động,0984057624,lienhe.dn00021@doanhnghiep.vn
DN00148,Công ty Cổ phần Xây dựng Yên Vinh,9033250997,Công ty cổ phần,Ngoài nhà nước,Xây dựng,Xây dựng,2016,183,Cần Thơ,CN Cần Thơ,2016-11-24,Đặng Thanh Hà,16,Thông tư 133/2016/TT-BTC,Có,Đủ,Đang hoạt động,0239764512,lienhe.dn00148@doanhnghiep.vn
DN00351,Công ty TNHH Nhựa Bình Trung,9593757035,Công ty TNHH hai thành viên trở lên,Ngoài nhà nước,Công nghiệp,"Chế biến, chế tạo",2016,5,Cần Thơ,CN Cần Thơ,2017-03-27,Dương Minh Long,12,Không lập BCTC (nộp thuế theo tỷ lệ % trên doanh thu),Không,Không đủ,Đang hoạt động,0975604712,lienhe.dn00351@doanhnghiep.vn
DN00432,Công ty TNHH Dịch vụ Thái Hòa,9073439916,Công ty TNHH hai thành viên trở lên,Ngoài nhà nước,Thương mại và dịch vụ,Dịch vụ khác,2021,5,Hà Nội,CN Hoàn Kiếm,2025-07-23,Lý Minh Quân,13,Không lập BCTC (nộp thuế theo tỷ lệ % trên doanh thu),Không,Không đủ,Đang hoạt động,0227149273,lienhe.dn00432@doanhnghiep.vn
DN00227,Công ty TNHH Thương mại Dịch vụ Minh Trung,9413292703,Công ty TNHH một thành viên,Ngoài nhà nước,Thương mại và dịch vụ,"Bán buôn, bán lẻ",2021,3,Hà Nội,CN Hoàn Kiếm,2025-12-06,Đỗ Hữu Lan,17,Thông tư 132/2018/TT-BTC,Không,Đủ,Đang hoạt động,0321630317,lienhe.dn00227@doanhnghiep.vn
DN00278,Công ty Cổ phần Thương mại Dịch vụ Thuận An,9208172663,Công ty cổ phần,Có vốn đầu tư nước ngoài,Thương mại và dịch vụ,"Bán buôn, bán lẻ",2022,11,Cần Thơ,CN Cần Thơ,2024-09-13,Lý Thu Việt,6,Thông tư 133/2016/TT-BTC,Có,Đủ,Đang hoạt động,0357765987,lienhe.dn00278@doanhnghiep.vn
DN00264,Công ty Cổ phần Đầu tư Xây dựng Minh Phú,9436453481,Công ty cổ phần,Ngoài nhà nước,Xây dựng,Xây dựng,1991,181,TP Hồ Chí Minh,CN TP Hồ Chí Minh,2023-06-25,Nguyễn Quốc Phong,1,Thông tư 133/2016/TT-BTC,Có,Đủ,Đang hoạt động,0303267485,lienhe.dn00264@doanhnghiep.vn
DN00088,Công ty Cổ phần Dịch vụ Phú Tâm,9018285351,Công ty cổ phần,Ngoài nhà nước,Thương mại và dịch vụ,Dịch vụ khác,2022,88,Đà Nẵng,CN Đà Nẵng,2025-09-15,Đỗ Đức Cường,15,Thông tư 133/2016/TT-BTC,Không,Đủ,Đang hoạt động,0245855724,lienhe.dn00088@doanhnghiep.vn
DN00474,Công ty Cổ phần Thương mại Nhật Phát,9240921765,Công ty cổ phần,Ngoài nhà nước,Thương mại và dịch vụ,"Bán buôn, bán lẻ",2017,60,TP Hồ Chí Minh,CN Quận 1,2022-12-16,Bùi Thanh Bình,5,Thông tư 133/2016/TT-BTC,Không,Đủ,Đang hoạt động,0997870062,lienhe.dn00474@doanhnghiep.vn
DN00290,Công ty Cổ phần Thương mại Tổng hợp Kim Lâm,9769455952,Công ty cổ phần,Ngoài nhà nước,Thương mại và dịch vụ,"Bán buôn, bán lẻ",2006,15,Bình Dương,CN Bình Dương,2017-03-17,Phạm Đức Phong,15,Thông tư 133/2016/TT-BTC,Không,Đủ,Đang hoạt động,0991912747,lienhe.dn00290@doanhnghiep.vn
DN00167,Doanh nghiệp tư nhân Thương mại Đông Châu,9724604494,Doanh nghiệp tư nhân,Ngoài nhà nước,Thương mại và dịch vụ,"Bán buôn, bán lẻ",2020,2,TP Hồ Chí Minh,CN TP Hồ Chí Minh,2026-09-21,Phạm Văn Quân,9,Thông tư 132/2018/TT-BTC,Không,Đủ,Đang hoạt động,0238544606,lienhe.dn00167@doanhnghiep.vn
DN00231,Công ty TNHH Vận tải Tuấn Vinh,9979313733,Công ty TNHH một thành viên,Ngoài nhà nước,Thương mại và dịch vụ,Dịch vụ khác,2023,4,TP Hồ Chí Minh,CN TP Hồ Chí Minh,2024-03-04,Dương Hữu Thảo,8,Thông tư 132/2018/TT-BTC,Không,Đủ,Đang hoạt động,0924760829,lienhe.dn00231@doanhnghiep.vn
DN00500,Công ty Cổ phần Dịch vụ Toàn Châu,9411331775,Công ty cổ phần,Ngoài nhà nước,Thương mại và dịch vụ,Dịch vụ khác,2023,45,Hải Phòng,CN Hải Phòng,2024-10-29,Ngô Thanh Long,12,Thông tư 133/2016/TT-BTC,Có,Đủ,Đang hoạt động,0257894875,lienhe.dn00500@doanhnghiep.vn
DN00499,Công ty TNHH Thương mại Dịch vụ Vinh Tuấn,9977910076,Công ty TNHH hai thành viên trở lên,Ngoài nhà nước,Thương mại và dịch vụ,"Bán buôn, bán lẻ",2023,5,TP Hồ Chí Minh,CN TP Hồ Chí Minh,2024-09-30,Dương Thanh Sơn,12,Thông tư 132/2018/TT-BTC,Không,Đủ,Đang hoạt động,0322790631,lienhe.dn00499@doanhnghiep.vn
DN00216,Công ty TNHH Nhựa Phát Phúc,9154801112,Công ty TNHH hai thành viên trở lên,Ngoài nhà nước,Công nghiệp,"Chế biến, chế tạo",2024,68,Đà Nẵng,CN Đà Nẵng,2024-06-03,Trần Quốc Bình,8,Thông tư 133/2016/TT-BTC,Không,Đủ,Đang hoạt động,0206678851,lienhe.dn00216@doanhnghiep.vn
DN00132,Công ty TNHH Xây dựng và Thương mại Kim Khánh,9799926536,Công ty TNHH hai thành viên trở lên,Ngoài nhà nước,Xây dựng,Xây dựng,2024,33,Bình Dương,CN Bình Dương,2025-10-12,Lý Thu Hà,25,Thông tư 133/2016/TT-BTC,Không,Đủ,Đang hoạt động,0272884354,lienhe.dn00132@doanhnghiep.vn
DN00109,Công ty TNHH Logistics Minh Thành,9194744471,Công ty TNHH một thành viên,Ngoài nhà nước,Thương mại và dịch vụ,Dịch vụ khác,2016,71,Đà Nẵng,CN Đà Nẵng,2024-11-30,Đặng Ngọc Quân,12,Thông tư 133/2016/TT-BTC,Không,Đủ,Đang hoạt động,0316494248,lienhe.dn00109@doanhnghiep.vn
DN00117,Công ty TNHH Dịch vụ Tâm Việt,9064731267,Công ty TNHH hai thành viên trở lên,Ngoài nhà nước,Thương mại và dịch vụ,Dịch vụ khác,2015,45,TP Hồ Chí Minh,CN TP Hồ Chí Minh,2017-08-06,Trần Quốc Thảo,6,Thông tư 133/2016/TT-BTC,Không,Đủ,Đang hoạt động,0242110252,lienhe.dn00117@doanhnghiep.vn
DN00081,Công ty TNHH Kỹ thuật Xây dựng Lâm Khánh,9211141748,Công ty TNHH một thành viên,Ngoài nhà nước,Xây dựng,Xây dựng,2019,2,Hà Nội,CN Hoàn Kiếm,2025-03-01,Lý Minh Trang,10,Thông tư 132/2018/TT-BTC,Không,Đủ,Đang hoạt động,0334564062,lienhe.dn00081@doanhnghiep.vn
DN00123,Công ty Cổ phần Logistics Thuận Trung,9881276245,Công ty cổ phần,Ngoài nhà nước,Thương mại và dịch vụ,Dịch vụ khác,2022,28,Bình Dương,CN Bình Dương,2025-09-22,Hoàng Hữu Cường,4,Thông tư 133/2016/TT-BTC,Không,Đủ,Đã đóng,0999375906,lienhe.dn00123@doanhnghiep.vn
DN00018,Công ty TNHH Nông sản Trung Hòa,9930875757,Công ty TNHH một thành viên,Ngoài nhà nước,"Nông, lâm nghiệp và thủy sản","Nông, lâm nghiệp và thủy sản",2024,3,Đà Nẵng,CN Đà Nẵng,2025-02-07,Phạm Thị Trang,10,Thông tư 132/2018/TT-BTC,Không,Đủ,Đang hoạt động,0919808162,lienhe.dn00018@doanhnghiep.vn
DN00129,Công ty TNHH Thương mại Dịch vụ Minh Toàn,9624629314,Công ty TNHH một thành viên,Ngoài nhà nước,Thương mại và dịch vụ,"Bán buôn, bán lẻ",2006,11,Cần Thơ,CN Cần Thơ,2017-02-18,Bùi Hữu Cường,8,Thông tư 133/2016/TT-BTC,Không,Đủ,Đang hoạt động,0992009554,lienhe.dn00129@doanhnghiep.vn
DN00190,Công ty TNHH Du lịch Bình Đạt,9867359579,Công ty TNHH một thành viên,Ngoài nhà nước,Thương mại và dịch vụ,Dịch vụ khác,2015,10,Hà Nội,CN Cầu Giấy,2020-01-16,Vũ Thanh Nam,11,Thông tư 132/2018/TT-BTC,Không,Đủ,Đang hoạt động,0345584170,lienhe.dn00190@doanhnghiep.vn
DN00331,Công ty TNHH Công nghệ Nhật Bảo,9033791886,Công ty TNHH hai thành viên trở lên,Ngoài nhà nước,Thương mại và dịch vụ,Dịch vụ khác,2020,8,Đà Nẵng,CN Đà Nẵng,2024-10-25,Ngô Hoài Hà,6,Thông tư 132/2018/TT-BTC,Không,Đủ,Đang hoạt động,0265067210,lienhe.dn00331@doanhnghiep.vn
DN00007,Công ty TNHH Thương mại Dịch vụ Linh Đạt,9653320303,Công ty TNHH một thành viên,Ngoài nhà nước,Thương mại và dịch vụ,"Bán buôn, bán lẻ",2022,26,Cần Thơ,CN Cần Thơ,2025-03-13,Đỗ Hữu Dũng,13,Thông tư 133/2016/TT-BTC,Không,Đủ,Đang hoạt động,0301890478,lienhe.dn00007@doanhnghiep.vn
DN00102,Công ty TNHH Dệt may Thịnh Long,9615105455,Công ty TNHH một thành viên,Ngoài nhà nước,Công nghiệp,"Chế biến, chế tạo",1999,51,Đà Nẵng,CN Đà Nẵng,2024-05-25,Bùi Ngọc Hà,17,Thông tư 133/2016/TT-BTC,Không,Đủ,Đang hoạt động,0975373505,lienhe.dn00102@doanhnghiep.vn
DN00238,Công ty Cổ phần Phân phối Vinh Việt,9008755882,Công ty cổ phần,Ngoài nhà nước,Thương mại và dịch vụ,"Bán buôn, bán lẻ",2021,122,Cần Thơ,CN Cần Thơ,2023-07-16,Lê Ngọc Quân,10,Thông tư 200/2014/TT-BTC,Có,Đủ,Đang hoạt động,0943646974,lienhe.dn00238@doanhnghiep.vn
DN00179,Công ty TNHH Logistics Châu Minh,9817373088,Công ty TNHH hai thành viên trở lên,Ngoài nhà nước,Thương mại và dịch vụ,Dịch vụ khác,2024,3,Hà Nội,CN Cầu Giấy,2025-09-08,Lý Thanh Long,4,Thông tư 132/2018/TT-BTC,Không,Đủ,Đang hoạt động,0331795976,lienhe.dn00179@doanhnghiep.vn
DN00120,Công ty TNHH Phân phối Quang Thuận,9753573835,Công ty TNHH một thành viên,Ngoài nhà nước,Thương mại và dịch vụ,"Bán buôn, bán lẻ",2004,14,Hải Phòng,CN Hải Phòng,2013-10-24,Trần Thanh Quân,4,Thông tư 133/2016/TT-BTC,Không,Đủ,Ngừng giao dịch,0233991493,lienhe.dn00120@doanhnghiep.vn
DN00305,Công ty Cổ phần Thương mại Dịch vụ Bình Hưng,9878968505,Công ty cổ phần,Ngoài nhà nước,Thương mại và dịch vụ,"Bán buôn, bán lẻ",2020,32,Đà Nẵng,CN Đà Nẵng,2025-04-05,Phạm Minh Lan,1,Thông tư 133/2016/TT-BTC,Không,Đủ,Đang hoạt động,0980383705,lienhe.dn00305@doanhnghiep.vn
DN00045,Doanh nghiệp tư nhân Xây dựng và Thương mại Trung Đông,9231803249,Doanh nghiệp tư nhân,Ngoài nhà nước,Xây dựng,Xây dựng,2017,4,TP Hồ Chí Minh,CN Quận 1,2017-11-24,Trần Văn Phong,6,Thông tư 132/2018/TT-BTC,Không,Đủ,Ngừng giao dịch,0946113608,lienhe.dn00045@doanhnghiep.vn
DN00175,Doanh nghiệp tư nhân Thương mại Tiến Xuân,9278690268,Doanh nghiệp tư nhân,Ngoài nhà nước,Thương mại và dịch vụ,"Bán buôn, bán lẻ",2024,4,Hà Nội,CN Cầu Giấy,2026-07-16,Đỗ Hữu Trang,8,Thông tư 132/2018/TT-BTC,Không,Đủ,Đang hoạt động,0249977839,lienhe.dn00175@doanhnghiep.vn
DN00105,Công ty TNHH Thương mại Dịch vụ Tân Khang,9025425476,Công ty TNHH một thành viên,Ngoài nhà nước,Thương mại và dịch vụ,"Bán buôn, bán lẻ",2019,4,Bình Dương,CN Bình Dương,2026-05-18,Bùi Thị Tuấn,1,Thông tư 132/2018/TT-BTC,Không,Đủ,Đang hoạt động,0204405961,lienhe.dn00105@doanhnghiep.vn
DN00427,Doanh nghiệp tư nhân Du lịch Kim Yên,9751293836,Doanh nghiệp tư nhân,Ngoài nhà nước,Thương mại và dịch vụ,Dịch vụ khác,2024,8,Hà Nội,CN Thanh Xuân,2024-07-23,Đỗ Thanh Bình,10,Thông tư 132/2018/TT-BTC,Không,Đủ,Đang hoạt động,0962580551,lienhe.dn00427@doanhnghiep.vn
DN00444,Doanh nghiệp tư nhân Công nghệ Hưng Tuấn,9859018308,Doanh nghiệp tư nhân,Ngoài nhà nước,Thương mại và dịch vụ,Dịch vụ khác,2016,8,Cần Thơ,CN Cần Thơ,2020-12-10,Lê Đức Sơn,11,Thông tư 132/2018/TT-BTC,Không,Đủ,Ngừng giao dịch,0940836138,lienhe.dn00444@doanhnghiep.vn
DN00186,Công ty Cổ phần Tư vấn Vinh Bảo,9412219302,Công ty cổ phần,Ngoài nhà nước,Thương mại và dịch vụ,Dịch vụ khác,2023,76,Cần Thơ,CN Cần Thơ,2025-07-05,Dương Hoài Yến,8,Thông tư 133/2016/TT-BTC,Có,Đủ,Đang hoạt động,0955719107,lienhe.dn00186@doanhnghiep.vn
DN00014,Công ty Cổ phần Phân phối Trường Châu,9898558563,Công ty cổ phần,Ngoài nhà nước,Thương mại và dịch vụ,"Bán buôn, bán lẻ",2022,22,Hà Nội,CN Cầu Giấy,2022-07-25,Lê Quốc Lan,1,Thông tư 133/2016/TT-BTC,Không,Đủ,Đang hoạt động,0911064233,lienhe.dn00014@doanhnghiep.vn
DN00131,Công ty TNHH Nhựa Gia Yên,9210173247,Công ty TNHH hai thành viên trở lên,Ngoài nhà nước,Công nghiệp,"Chế biến, chế tạo",2024,9,TP Hồ Chí Minh,CN Quận 1,2026-03-19,Nguyễn Quốc Việt,8,Thông tư 133/2016/TT-BTC,Không,Đủ,Đang hoạt động,0212549559,lienhe.dn00131@doanhnghiep.vn
DN00430,Công ty TNHH Du lịch Thành Việt,9092987247,Công ty TNHH một thành viên,Ngoài nhà nước,Thương mại và dịch vụ,Dịch vụ khác,2012,48,Cần Thơ,CN Cần Thơ,2023-01-08,Lê Văn Phong,16,Thông tư 133/2016/TT-BTC,Có,Đủ,Ngừng giao dịch,0982554383,lienhe.dn00430@doanhnghiep.vn
DN00466,Công ty TNHH Nông sản Thái Tuấn,9710352207,Công ty TNHH một thành viên,Ngoài nhà nước,"Nông, lâm nghiệp và thủy sản","Nông, lâm nghiệp và thủy sản",2022,20,TP Hồ Chí Minh,CN TP Hồ Chí Minh,2025-12-31,Đỗ Thanh Tuấn,8,Thông tư 133/2016/TT-BTC,Không,Đủ,Đang hoạt động,0233878171,lienhe.dn00466@doanhnghiep.vn
DN00404,Công ty TNHH Bao bì Việt Mỹ,9993515424,Công ty TNHH hai thành viên trở lên,Ngoài nhà nước,Công nghiệp,"Chế biến, chế tạo",2022,16,TP Hồ Chí Minh,CN Quận 1,2025-02-26,Lê Hữu Nam,10,Thông tư 133/2016/TT-BTC,Không,Đủ,Đang hoạt động,0947687949,lienhe.dn00404@doanhnghiep.vn
DN00388,Công ty Cổ phần Thương mại Dịch vụ Nam Thành,9806074049,Công ty cổ phần,Ngoài nhà nước,Thương mại và dịch vụ,"Bán buôn, bán lẻ",2019,6,Bình Dương,CN Bình Dương,2026-02-04,Ngô Hoài Hùng,2,Thông tư 132/2018/TT-BTC,Không,Đủ,Đang hoạt động,0316766993,lienhe.dn00388@doanhnghiep.vn
DN00163,Công ty TNHH Logistics Toàn Kim,9971542475,Công ty TNHH một thành viên,Ngoài nhà nước,Thương mại và dịch vụ,Dịch vụ khác,2020,10,TP Hồ Chí Minh,CN TP Hồ Chí Minh,2022-10-11,Lê Thanh Việt,16,Thông tư 132/2018/TT-BTC,Không,Đủ,Đang hoạt động,0979051052,lienhe.dn00163@doanhnghiep.vn
DN00357,Công ty TNHH Công nghệ Thuận Việt,9369863630,Công ty TNHH hai thành viên trở lên,Ngoài nhà nước,thương mại và dịch vụ,Dịch vụ khác,2024,6,Hà Nội,CN Hoàn Kiếm,2024-10-19,Dương Hữu Yến,11,Thông tư 132/2018/TT-BTC,Không,Đủ,Đang hoạt động,0395807208,lienhe.dn00357@doanhnghiep.vn
DN00479,Công ty TNHH Du lịch Nam Mỹ,9074537695,Công ty TNHH hai thành viên trở lên,Ngoài nhà nước,Thương mại và dịch vụ,Dịch vụ khác,2022,6,TP Hồ Chí Minh,CN Quận 1,2023-02-09,Đỗ Hoài Hùng,16,Thông tư 132/2018/TT-BTC,Không,Đủ,Đang hoạt động,0934463630,lienhe.dn00479@doanhnghiep.vn
DN00062,Công ty TNHH Tư vấn Khánh Toàn,9171582959,Công ty TNHH một thành viên,Ngoài nhà nước,Thương mại và dịch vụ,Dịch vụ khác,2015,16,TP Hồ Chí Minh,CN Quận 1,2023-06-07,Ngô Ngọc Long,8,Thông tư 133/2016/TT-BTC,Không,Đủ,Đang hoạt động,0378490647,lienhe.dn00062@doanhnghiep.vn
DN00279,Công ty Cổ phần Dịch vụ Khánh Phát,9556484744,Công ty cổ phần,Ngoài nhà nước,Thương mại và dịch vụ,Dịch vụ khác,2025,47,Hải Phòng,CN Hải Phòng,2026-09-30,Trần Minh Hạnh,9,Thông tư 133/2016/TT-BTC,Không,Không đủ,Đang hoạt động,0245896154,lienhe.dn00279@doanhnghiep.vn
DN00369,Công ty TNHH Dịch vụ Sơn Hòa,9570694820,Công ty TNHH một thành viên,Có vốn đầu tư nước ngoài,Thương mại và dịch vụ,Dịch vụ khác,2023,12,Hà Nội,CN Thanh Xuân,2024-04-11,Ngô Ngọc Long,7,Thông tư 133/2016/TT-BTC,Có,Đủ,Đang hoạt động,0950735832,lienhe.dn00369@doanhnghiep.vn
DN00096,Doanh nghiệp tư nhân Tư vấn Thuận Trường,9419951149,Doanh nghiệp tư nhân,Ngoài nhà nước,Thương mại và dịch vụ,Dịch vụ khác,2025,10,Đà Nẵng,CN Đà Nẵng,2026-06-06,Lê Ngọc Phong,5,Thông tư 132/2018/TT-BTC,Không,Không đủ,Đã đóng,0254983680,lienhe.dn00096@doanhnghiep.vn
DN00037,Công ty TNHH Thương mại Tâm Phát,9266765340,Công ty TNHH một thành viên,Ngoài nhà nước,Thương mại và dịch vụ,"Bán buôn, bán lẻ",2017,5,Đà Nẵng,CN Đà Nẵng,2023-07-28,Hoàng Ngọc Phong,2,Thông tư 132/2018/TT-BTC,Không,Đủ,Đang hoạt động,0945623811,lienhe.dn00037@doanhnghiep.vn
DN00415,Công ty Cổ phần Lâm nghiệp Bình Tân,9463910922,Công ty cổ phần,Ngoài nhà nước,"Nông, lâm nghiệp và thủy sản","Nông, lâm nghiệp và thủy sản",2018,25,Đà Nẵng,CN Đà Nẵng,2026-09-17,Ngô Ngọc Nga,14,Thông tư 133/2016/TT-BTC,Không,Đủ,Đang hoạt động,0288503845,lienhe.dn00415@doanhnghiep.vn
DN00010,Công ty TNHH Dịch vụ Linh Bảo,9597264459,Công ty TNHH một thành viên,Ngoài nhà nước,Thương mại và dịch vụ,Dịch vụ khác,2022,7,Đà Nẵng,CN Đà Nẵng,2026-06-24,Lê Hoài Mai,3,Thông tư 132/2018/TT-BTC,Không,Đủ,Đang hoạt động,0991086902,lienhe.dn00010@doanhnghiep.vn
DN00111,Công ty Cổ phần Thương mại Tổng hợp Thành Nam,9605500109,Công ty cổ phần,Ngoài nhà nước,Thương mại và dịch vụ,"Bán buôn, bán lẻ",2021,10,TP Hồ Chí Minh,CN TP Hồ Chí Minh,2023-03-17,Nguyễn Hoài Yến,4,Thông tư 133/2016/TT-BTC,Không,Đủ,Đang hoạt động,0332348124,lienhe.dn00111@doanhnghiep.vn
DN00310,Công ty TNHH Sản xuất Thuận Lâm,9317511589,Công ty TNHH một thành viên,Ngoài nhà nước,Công nghiệp,"Chế biến, chế tạo",2016,6,TP Hồ Chí Minh,CN TP Hồ Chí Minh,2018-12-13,Bùi Thị Mai,12,Thông tư 132/2018/TT-BTC,Không,Đủ,Đang hoạt động,0944648006,lienhe.dn00310@doanhnghiep.vn
DN00091,Công ty TNHH Xây dựng và Thương mại Nhật Trung,9080468563,Công ty TNHH hai thành viên trở lên,Ngoài nhà nước,Xây dựng,Xây dựng,1991,13,TP Hồ Chí Minh,CN Quận 1,2020-02-05,Đỗ Thu Việt,6,Thông tư 133/2016/TT-BTC,Không,Đủ,Đang hoạt động,0364131952,lienhe.dn00091@doanhnghiep.vn
DN00217,Công ty TNHH Xây dựng Long Khang,9022650911,Công ty TNHH hai thành viên trở lên,Ngoài nhà nước,Xây dựng,Xây dựng,2022,8,TP Hồ Chí Minh,CN TP Hồ Chí Minh,2025-10-12,Vũ Quốc Dũng,5,Thông tư 133/2016/TT-BTC,Không,Đủ,Đang hoạt động,0225425427,lienhe.dn00217@doanhnghiep.vn
DN00309,Công ty Cổ phần Sản xuất Việt An,9498800665,Công ty cổ phần,Ngoài nhà nước,Công nghiệp,"Chế biến, chế tạo",2020,999,Hà Nội,CN Thanh Xuân,2024-12-13,Dương Thu Hạnh,8,Thông tư 200/2014/TT-BTC,Có,Đủ,Đang hoạt động,0982208811,lienhe.dn00309@doanhnghiep.vn
DN00204,Doanh nghiệp tư nhân Thương mại Tổng hợp Ngọc Hải,9790675056,Doanh nghiệp tư nhân,Ngoài nhà nước,Thương mại và dịch vụ,"Bán buôn, bán lẻ",2008,10,Hà Nội,CN Cầu Giấy,2018-10-26,Lý Văn Long,13,Thông tư 132/2018/TT-BTC,Không,Đủ,Đang hoạt động,0975993157,lienhe.dn00204@doanhnghiep.vn
DN00307,Công ty TNHH Thương mại Vinh Thuận,9467416470,Công ty TNHH một thành viên,Ngoài nhà nước,Thương mại và dịch vụ,"Bán buôn, bán lẻ",2021,9,TP Hồ Chí Minh,CN TP Hồ Chí Minh,2022-06-20,Hoàng Thị Nga,15,Không lập BCTC (nộp thuế theo tỷ lệ % trên doanh thu),Không,Không đủ,Đang hoạt động,0298812216,lienhe.dn00307@doanhnghiep.vn
DN00476,Công ty TNHH Logistics Xuân Thành,9312267348,Công ty TNHH hai thành viên trở lên,Ngoài nhà nước,Thương mại và dịch vụ,Dịch vụ khác,2015,4,Đà Nẵng,CN Đà Nẵng,2021-04-29,Nguyễn Thanh An,7,Thông tư 132/2018/TT-BTC,Không,Đủ,Đang hoạt động,0289893658,lienhe.dn00476@doanhnghiep.vn
DN00462,Doanh nghiệp tư nhân Logistics Yên Phú,9583878025,Doanh nghiệp tư nhân,Ngoài nhà nước,Thương mại và dịch vụ,Dịch vụ khác,2016,41,Đà Nẵng,CN Đà Nẵng,2018-07-03,Phạm Quốc An,9,Thông tư 133/2016/TT-BTC,Không,Đủ,Đang hoạt động,0386924832,lienhe.dn00462@doanhnghiep.vn
DN00469,Công ty TNHH Thương mại Tổng hợp Tuấn Bảo,9963106164,Công ty TNHH hai thành viên trở lên,Ngoài nhà nước,Thương mại và dịch vụ,"Bán buôn, bán lẻ",2007,27,Hà Nội,CN Cầu Giấy,2012-10-05,Lý Thu Quân,7,Thông tư 133/2016/TT-BTC,Không,Đủ,Đang hoạt động,0202884130,lienhe.dn00469@doanhnghiep.vn
DN00494,Công ty TNHH Thương mại Dịch vụ Việt Gia,9888640422,Công ty TNHH một thành viên,Ngoài nhà nước,thương mại và dịch vụ,"Bán buôn, bán lẻ",2023,10,Hà Nội,CN Hoàn Kiếm,2026-02-06,Hoàng Thu Bình,3,Thông tư 132/2018/TT-BTC,Không,Đủ,Đang hoạt động,0296714192,lienhe.dn00494@doanhnghiep.vn
DN00300,Công ty TNHH Thương mại Phúc Tâm,9633100211,Công ty TNHH một thành viên,Ngoài nhà nước,Thương mại và dịch vụ,"Bán buôn, bán lẻ",2011,37,TP Hồ Chí Minh,CN Quận 1,2025-02-01,Bùi Thanh Quân,14,Thông tư 133/2016/TT-BTC,Không,Đủ,Đang hoạt động,0959895239,lienhe.dn00300@doanhnghiep.vn
DN00435,Công ty Cổ phần Công nghệ Thịnh Trung,9056684761,Công ty cổ phần,Ngoài nhà nước,Thương mại và dịch vụ,Dịch vụ khác,2016,13,Hà Nội,CN Thanh Xuân,2020-12-03,Hoàng Hoài Nam,5,Thông tư 133/2016/TT-BTC,Không,Đủ,Đang hoạt động,0907678236,lienhe.dn00435@doanhnghiep.vn
DN00152,Công ty Cổ phần Xây dựng Ngọc Việt,9851752734,Công ty cổ phần,Ngoài nhà nước,Xây dựng,Xây dựng,2021,1246,TP Hồ Chí Minh,CN Quận 1,2023-02-28,Phạm Ngọc Trang,10,Thông tư 200/2014/TT-BTC,Có,Đủ,Đang hoạt động,0206505650,lienhe.dn00152@doanhnghiep.vn
DN00130,Công ty TNHH Công nghệ Tân Minh,9128409881,Công ty TNHH một thành viên,Ngoài nhà nước,Thương mại và dịch vụ,Dịch vụ khác,2024,12,Đà Nẵng,CN Đà Nẵng,2026-04-12,Vũ Văn Tuấn,6,Thông tư 133/2016/TT-BTC,Không,Đủ,Đang hoạt động,0989169079,lienhe.dn00130@doanhnghiep.vn
DN00134,Công ty TNHH Thương mại Dịch vụ An Phú,9740055715,Công ty TNHH một thành viên,Ngoài nhà nước,Thương mại và dịch vụ,"Bán buôn, bán lẻ",2022,3,Hà Nội,CN Thanh Xuân,2026-10-22,Hoàng Hoài Nam,19,Không lập BCTC (nộp thuế theo tỷ lệ % trên doanh thu),Không,Không đủ,Đang hoạt động,0934312446,lienhe.dn00134@doanhnghiep.vn
DN00470,Công ty Cổ phần Nông sản Tiến Thái,9413219735,Công ty cổ phần,Ngoài nhà nước,"Nông, lâm nghiệp và thủy sản","Nông, lâm nghiệp và thủy sản",2021,87,Cần Thơ,CN Cần Thơ,2025-12-10,Đỗ Đức Thảo,4,Thông tư 133/2016/TT-BTC,Có,Đủ,Đang hoạt động,0389667684,lienhe.dn00470@doanhnghiep.vn
DN00496,Công ty TNHH Thương mại Phát Đông,9234013837,Công ty TNHH một thành viên,Ngoài nhà nước,Thương mại và dịch vụ,"Bán buôn, bán lẻ",2016,7,Hà Nội,CN Cầu Giấy,2017-12-16,Phạm Đức Dũng,11,Không lập BCTC (nộp thuế theo tỷ lệ % trên doanh thu),Không,Không đủ,Đang hoạt động,0368194608,lienhe.dn00496@doanhnghiep.vn
DN00089,Công ty TNHH Dệt may An Phúc,9834461430,Công ty TNHH một thành viên,Ngoài nhà nước,Công nghiệp,"Chế biến, chế tạo",2008,10,Đà Nẵng,CN Đà Nẵng,2017-05-23,Hoàng Thanh Bình,2,Thông tư 132/2018/TT-BTC,Không,Đủ,Đang hoạt động,0224892527,lienhe.dn00089@doanhnghiep.vn
DN00200,Công ty Cổ phần Lâm nghiệp Vinh Mỹ,9620524462,Công ty cổ phần,Ngoài nhà nước,"Nông, lâm nghiệp và thủy sản","Nông, lâm nghiệp và thủy sản",2024,61,TP Hồ Chí Minh,CN Quận 1,2024-11-04,Lý Hoài Cường,7,Thông tư 133/2016/TT-BTC,Không,Đủ,Đang hoạt động,0999399317,lienhe.dn00200@doanhnghiep.vn
DN00173,Công ty TNHH Công nghệ Tâm Thái,9897758380,Công ty TNHH hai thành viên trở lên,Ngoài nhà nước,Thương mại và dịch vụ,Dịch vụ khác,2017,95,TP Hồ Chí Minh,CN TP Hồ Chí Minh,2024-09-25,Vũ Ngọc Nam,5,Thông tư 133/2016/TT-BTC,Có,Đủ,Đang hoạt động,0394080755,lienhe.dn00173@doanhnghiep.vn
DN00237,Công ty Cổ phần Xây dựng và Thương mại Lâm Xuân,9526065875,Công ty cổ phần,Ngoài nhà nước,Xây dựng,Xây dựng,2022,70,Hà Nội,CN Thanh Xuân,2026-05-24,Hoàng Ngọc Hạnh,9,Thông tư 133/2016/TT-BTC,Không,Đủ,Đang hoạt động,0344919682,lienhe.dn00237@doanhnghiep.vn
DN00326,Công ty TNHH Thương mại Tổng hợp Hòa Yên,9229202985,Công ty TNHH một thành viên,Ngoài nhà nước,Thương mại và dịch vụ,"Bán buôn, bán lẻ",2023,9,Đà Nẵng,CN Đà Nẵng,2025-07-27,Trần Thanh Bình,3,Không lập BCTC (nộp thuế theo tỷ lệ % trên doanh thu),Không,Không đủ,Đang hoạt động,0217739084,lienhe.dn00326@doanhnghiep.vn
DN00169,Công ty Cổ phần Dịch vụ Toàn Thuận,9308296157,Công ty cổ phần,Ngoài nhà nước,thương mại và dịch vụ,Dịch vụ khác,1999,42,Hải Phòng,CN Hải Phòng,2022-10-11,Dương Đức Quân,10,Thông tư 133/2016/TT-BTC,Không,Đủ,Đang hoạt động,0962905237,lienhe.dn00169@doanhnghiep.vn
DN00106,Công ty TNHH Đầu tư Xây dựng Phúc Long,9898462945,Công ty TNHH hai thành viên trở lên,Ngoài nhà nước,Xây dựng,Xây dựng,2016,6,Cần Thơ,CN Cần Thơ,2016-08-13,Lý Thu Hùng,14,Thông tư 132/2018/TT-BTC,Không,Đủ,Đang hoạt động,0220944659,lienhe.dn00106@doanhnghiep.vn
DN00446,Công ty TNHH Phân phối Gia Đạt,9322156065,Công ty TNHH hai thành viên trở lên,Ngoài nhà nước,"Thương mại, dịch vụ","Bán buôn, bán lẻ",2021,7,Hà Nội,CN Thanh Xuân,2022-10-01,Lý Thu Sơn,12,Thông tư 132/2018/TT-BTC,Không,Đủ,Đang hoạt động,0319282811,lienhe.dn00446@doanhnghiep.vn
DN00447,Công ty TNHH Đầu tư Xây dựng Hưng Lâm,9824044052,Công ty TNHH một thành viên,Ngoài nhà nước,Xây dựng,Xây dựng,2024,48,Đà Nẵng,CN Đà Nẵng,2026-04-04,Phạm Minh Tuấn,12,Thông tư 133/2016/TT-BTC,Không,Đủ,Đang hoạt động,0395452028,lienhe.dn00447@doanhnghiep.vn
DN00030,Công ty TNHH Thương mại Dịch vụ Thịnh Linh,9421621014,Công ty TNHH một thành viên,Ngoài nhà nước,Thương mại và dịch vụ,"Bán buôn, bán lẻ",2022,9,Hà Nội,CN Thanh Xuân,2023-08-19,Dương Thu Hà,14,Thông tư 132/2018/TT-BTC,Không,Đủ,Đang hoạt động,0348202324,lienhe.dn00030@doanhnghiep.vn
DN00057,Công ty TNHH Du lịch Bình Nam,9245344384,Công ty TNHH một thành viên,Ngoài nhà nước,Thương mại và dịch vụ,Dịch vụ khác,2021,9,Cần Thơ,CN Cần Thơ,2026-05-26,Ngô Hữu Trang,8,Thông tư 132/2018/TT-BTC,Không,Đủ,Đang hoạt động,0956356021,lienhe.dn00057@doanhnghiep.vn
DN00158,Công ty TNHH Xây dựng Gia Hải,9835703965,Công ty TNHH hai thành viên trở lên,Ngoài nhà nước,Xây dựng,Xây dựng,2019,11,Hải Phòng,CN Hải Phòng,2021-06-18,Hoàng Văn Tuấn,15,Thông tư 133/2016/TT-BTC,Không,Đủ,Đang hoạt động,0998303567,lienhe.dn00158@doanhnghiep.vn
DN00261,Công ty TNHH Thương mại Tổng hợp Mỹ Bình,9079103620,Công ty TNHH một thành viên,Ngoài nhà nước,Thương mại và dịch vụ,"Bán buôn, bán lẻ",2015,28,Cần Thơ,CN Cần Thơ,2019-01-24,Vũ Minh Sơn,1,Thông tư 133/2016/TT-BTC,Không,Đủ,Đang hoạt động,0335479117,lienhe.dn00261@doanhnghiep.vn
DN00135,Công ty Cổ phần Cơ khí Việt Mỹ,9400567995,Công ty cổ phần,Ngoài nhà nước,Công nghiệp,"Chế biến, chế tạo",2023,54,Hải Phòng,CN Hải Phòng,2026-09-24,Hoàng Đức Lan,1,Thông tư 133/2016/TT-BTC,Không,Đủ,Đang hoạt động,0281224150,lienhe.dn00135@doanhnghiep.vn
DN00315,Công ty TNHH Tư vấn Thái Hưng,9295141423,Công ty TNHH một thành viên,Ngoài nhà nước,Thương mại và dịch vụ,Dịch vụ khác,2020,34,Đà Nẵng,CN Đà Nẵng,2021-12-16,Vũ Đức Thảo,4,Thông tư 133/2016/TT-BTC,Không,Đủ,Đang hoạt động,0908168253,lienhe.dn00315@doanhnghiep.vn
DN00339,Công ty Cổ phần Logistics Lâm Phát,9110689119,Công ty cổ phần,Ngoài nhà nước,Thương mại và dịch vụ,Dịch vụ khác,2022,5,Bình Dương,CN Bình Dương,2025-10-03,Trần Thị Long,15,Không lập BCTC (nộp thuế theo tỷ lệ % trên doanh thu),Không,Không đủ,Đang hoạt động,0213087548,lienhe.dn00339@doanhnghiep.vn
DN00071,Công ty Cổ phần Nhựa Long Trung,9039733146,Công ty cổ phần,Ngoài nhà nước,Công nghiệp,"Chế biến, chế tạo",2018,64,TP Hồ Chí Minh,CN TP Hồ Chí Minh,2019-03-29,Bùi Ngọc Mai,11,Thông tư 133/2016/TT-BTC,Không,Đủ,Đang hoạt động,0999784701,lienhe.dn00071@doanhnghiep.vn
DN00341,Công ty TNHH Thương mại Tổng hợp Vạn Đạt,9609330668,Công ty TNHH một thành viên,Ngoài nhà nước,Thương mại và dịch vụ,"Bán buôn, bán lẻ",1995,11,TP Hồ Chí Minh,CN TP Hồ Chí Minh,2017-05-16,Vũ Hoài An,1,Thông tư 133/2016/TT-BTC,Có,Đủ,Đang hoạt động,0365974275,lienhe.dn00341@doanhnghiep.vn
DN00406,Công ty TNHH Du lịch Thành Nhật,9417991504,Công ty TNHH một thành viên,Ngoài nhà nước,Thương mại và dịch vụ,Dịch vụ khác,2020,66,Hà Nội,CN Cầu Giấy,2020-10-31,Dương Thị Bình,9,Thông tư 133/2016/TT-BTC,Không,Đủ,Đang hoạt động,0397587881,lienhe.dn00406@doanhnghiep.vn
DN00206,Doanh nghiệp tư nhân Phân phối Khánh Long,9233221134,Doanh nghiệp tư nhân,Ngoài nhà nước,Thương mại và dịch vụ,"Bán buôn, bán lẻ",2018,3,TP Hồ Chí Minh,CN TP Hồ Chí Minh,2022-06-25,Phạm Thị Trang,15,Thông tư 132/2018/TT-BTC,Không,Đủ,Đang hoạt động,0210246802,lienhe.dn00206@doanhnghiep.vn
DN00121,Công ty TNHH Thương mại Tổng hợp Bình Phúc,9753164753,Công ty TNHH một thành viên,Ngoài nhà nước,Thương mại và dịch vụ,"Bán buôn, bán lẻ",2022,7,TP Hồ Chí Minh,CN TP Hồ Chí Minh,2026-05-28,Trần Văn Thảo,11,Thông tư 132/2018/TT-BTC,Không,Đủ,Đang hoạt động,0232000566,lienhe.dn00121@doanhnghiep.vn
DN00192,Công ty TNHH Dịch vụ Việt Xuân,9444298261,Công ty TNHH một thành viên,Ngoài nhà nước,Thương mại và dịch vụ,Dịch vụ khác,2017,551,Hà Nội,CN Cầu Giấy,2019-02-13,Đỗ Ngọc Mai,5,Thông tư 200/2014/TT-BTC,Có,Đủ,Đang hoạt động,0253519001,lienhe.dn00192@doanhnghiep.vn
DN00254,Công ty TNHH Phân phối Nam Thuận,9900915354,Công ty TNHH hai thành viên trở lên,Có vốn đầu tư nước ngoài,Thương mại và dịch vụ,"Bán buôn, bán lẻ",2007,952,TP Hồ Chí Minh,CN TP Hồ Chí Minh,2023-10-11,Ngô Quốc Hạnh,10,Thông tư 200/2014/TT-BTC,Có,Đủ,Đang hoạt động,0356882800,lienhe.dn00254@doanhnghiep.vn
DN00177,Công ty TNHH Nhựa Minh Gia,9312070732,Công ty TNHH một thành viên,Ngoài nhà nước,Công nghiệp,"Chế biến, chế tạo",2014,6,Hà Nội,CN Cầu Giấy,2015-07-16,Ngô Thu Hà,17,Không lập BCTC (nộp thuế theo tỷ lệ % trên doanh thu),Không,Không đủ,Đang hoạt động,0285971870,lienhe.dn00177@doanhnghiep.vn
DN00352,Công ty TNHH Thương mại Tổng hợp Trung Phúc,9703882183,Công ty TNHH một thành viên,Ngoài nhà nước,Thương mại và dịch vụ,"Bán buôn, bán lẻ",2019,9,TP Hồ Chí Minh,CN Quận 1,2019-04-30,Vũ Hoài Long,16,Thông tư 132/2018/TT-BTC,Không,Đủ,Đang hoạt động,0250176306,lienhe.dn00352@doanhnghiep.vn
DN00396,Công ty TNHH Công nghệ Tiến Châu,9407848408,Công ty TNHH hai thành viên trở lên,Ngoài nhà nước,Thương mại và dịch vụ,Dịch vụ khác,2024,8,Hà Nội,CN Hoàn Kiếm,2025-03-14,Vũ Thị Hà,11,Thông tư 132/2018/TT-BTC,Không,Đủ,Đang hoạt động,0985302760,lienhe.dn00396@doanhnghiep.vn
DN00348,Công ty TNHH Công nghệ Thịnh Thành,9855505407,Công ty TNHH một thành viên,Ngoài nhà nước,Thương mại và dịch vụ,Dịch vụ khác,2013,40,Hà Nội,CN Hoàn Kiếm,2020-02-03,Đặng Hoài Việt,10,Thông tư 133/2016/TT-BTC,Không,Đủ,Đang hoạt động,0318529222,lienhe.dn00348@doanhnghiep.vn
DN00308,Công ty TNHH Thương mại Vinh Khánh,9846256303,Công ty TNHH một thành viên,Ngoài nhà nước,Thương mại và dịch vụ,"Bán buôn, bán lẻ",2016,7,Hà Nội,CN Hoàn Kiếm,2018-08-12,Đặng Thanh Long,6,Thông tư 132/2018/TT-BTC,Không,Đủ,Đang hoạt động,0990689801,lienhe.dn00308@doanhnghiep.vn
DN00283,Công ty TNHH Thực phẩm Vạn Hải,9969472925,Công ty TNHH một thành viên,Ngoài nhà nước,Công nghiệp,"Chế biến, chế tạo",2023,10,TP Hồ Chí Minh,CN Quận 1,2023-08-02,Đỗ Thu Hạnh,17,Thông tư 132/2018/TT-BTC,Không,Đủ,Đã đóng,0286390510,lienhe.dn00283@doanhnghiep.vn
DN00392,Công ty TNHH Thương mại Tổng hợp Nam Tuấn,9118805245,Công ty TNHH một thành viên,Ngoài nhà nước,Thương mại và dịch vụ,"Bán buôn, bán lẻ",2023,3,Hà Nội,CN Thanh Xuân,2026-07-07,Hoàng Văn Hà,5,Thông tư 132/2018/TT-BTC,Không,Đủ,Đang hoạt động,0989885249,lienhe.dn00392@doanhnghiep.vn
DN00113,Công ty TNHH Đầu tư Xây dựng Phú Long,9410382874,Công ty TNHH hai thành viên trở lên,Ngoài nhà nước,Xây dựng,Xây dựng,2023,14,Đà Nẵng,CN Đà Nẵng,2024-11-10,Lý Hoài Hùng,19,Thông tư 133/2016/TT-BTC,Không,Đủ,Đang hoạt động,0248545881,lienhe.dn00113@doanhnghiep.vn
DN00072,Công ty TNHH Bao bì Châu Đạt,9609093938,Công ty TNHH một thành viên,Ngoài nhà nước,Công nghiệp,"Chế biến, chế tạo",2022,13,Đà Nẵng,CN Đà Nẵng,2023-12-03,Ngô Thu Hạnh,15,Thông tư 133/2016/TT-BTC,Không,Đủ,Đang hoạt động,0207146753,lienhe.dn00072@doanhnghiep.vn
DN00004,Công ty TNHH Vận tải Linh Phú,9083939709,Công ty TNHH hai thành viên trở lên,Ngoài nhà nước,Thương mại và dịch vụ,Dịch vụ khác,2007,79,Hà Nội,CN Thanh Xuân,2023-02-11,Dương Thu Hùng,9,Thông tư 133/2016/TT-BTC,Không,Đủ,Đang hoạt động,0395797212,lienhe.dn00004@doanhnghiep.vn
DN00270,Công ty TNHH Nhựa Minh Thái,9515471277,Công ty TNHH một thành viên,Ngoài nhà nước,Công nghiệp,"Chế biến, chế tạo",2016,65,Bình Dương,CN Bình Dương,2016-09-07,Ngô Thu Cường,13,Thông tư 133/2016/TT-BTC,Có,Đủ,Đang hoạt động,0341284742,lienhe.dn00270@doanhnghiep.vn
DN00068,Công ty TNHH Thương mại Dịch vụ Hải Châu,9057873030,Công ty TNHH một thành viên,Ngoài nhà nước,Thương mại và dịch vụ,"Bán buôn, bán lẻ",2020,8,TP Hồ Chí Minh,CN TP Hồ Chí Minh,2025-03-28,Lý Thị Phong,1,Thông tư 133/2016/TT-BTC,Có,Đủ,Đang hoạt động,0241062761,lienhe.dn00068@doanhnghiep.vn
DN00241,Công ty Cổ phần Phân phối Châu Thái,9527275276,Công ty cổ phần,Ngoài nhà nước,Thương mại và dịch vụ,"Bán buôn, bán lẻ",2018,27,Hải Phòng,CN Hải Phòng,2025-11-12,Vũ Đức Nga,5,Thông tư 133/2016/TT-BTC,Không,Đủ,Ngừng giao dịch,0957982958,lienhe.dn00241@doanhnghiep.vn
DN00360,Công ty TNHH Xây dựng và Thương mại Vạn Việt,9028626726,Công ty TNHH một thành viên,Ngoài nhà nước,Xây dựng,Xây dựng,2010,3,Hà Nội,CN Cầu Giấy,2014-01-15,Đặng Văn Hà,5,Không lập BCTC (nộp thuế theo tỷ lệ % trên doanh thu),Không,Không đủ,Đang hoạt động,0293086609,lienhe.dn00360@doanhnghiep.vn
DN00473,Doanh nghiệp tư nhân Tư vấn Vinh Quang,9058873274,Doanh nghiệp tư nhân,Ngoài nhà nước,Thương mại và dịch vụ,Dịch vụ khác,2024,9,Cần Thơ,CN Cần Thơ,2024-08-14,Lý Ngọc Trang,5,Không lập BCTC (nộp thuế theo tỷ lệ % trên doanh thu),Không,Không đủ,Đang hoạt động,0931455104,lienhe.dn00473@doanhnghiep.vn
DN00160,Công ty TNHH Dịch vụ Toàn Phát,9099620192,Công ty TNHH một thành viên,Ngoài nhà nước,Thương mại và dịch vụ,Dịch vụ khác,2020,177,Bình Dương,CN Bình Dương,2023-02-28,Lý Hữu Trang,10,Thông tư 200/2014/TT-BTC,Không,Đủ,Đang hoạt động,0230925010,lienhe.dn00160@doanhnghiep.vn
DN00203,Công ty TNHH Vận tải Bình Sơn,9029023247,Công ty TNHH hai thành viên trở lên,Ngoài nhà nước,Thương mại và dịch vụ,Dịch vụ khác,2021,9,Bình Dương,CN Bình Dương,2024-10-13,Đặng Hoài Hà,14,Không lập BCTC (nộp thuế theo tỷ lệ % trên doanh thu),Không,Không đủ,Đang hoạt động,0996155365,lienhe.dn00203@doanhnghiep.vn
DN00027,Công ty TNHH Tư vấn Phú Tâm,9019544402,Công ty TNHH một thành viên,Ngoài nhà nước,Thương mại và dịch vụ ,Dịch vụ khác,2014,51,Hà Nội,CN Thanh Xuân,2023-11-27,Đặng Minh Trang,1,Thông tư 133/2016/TT-BTC,Không,Đủ,Đang hoạt động,0312169827,lienhe.dn00027@doanhnghiep.vn
DN00221,Công ty TNHH Dịch vụ Mỹ Tiến,9778069637,Công ty TNHH hai thành viên trở lên,Ngoài nhà nước,Thương mại và dịch vụ,Dịch vụ khác,1991,62,TP Hồ Chí Minh,CN TP Hồ Chí Minh,2013-01-09,Đỗ Văn Phong,11,Thông tư 133/2016/TT-BTC,Không,Đủ,Đang hoạt động,0292097166,lienhe.dn00221@doanhnghiep.vn
DN00487,Công ty TNHH Nhựa Hòa Tâm,9827465366,Công ty TNHH một thành viên,Ngoài nhà nước,Công nghiệp,"Chế biến, chế tạo",2016,49,Hải Phòng,CN Hải Phòng,2021-09-20,Đỗ Đức Bình,11,Thông tư 133/2016/TT-BTC,Không,Đủ,Đang hoạt động,0265648955,lienhe.dn00487@doanhnghiep.vn
DN00183,Công ty TNHH Phân phối Châu Khang,9970568913,Công ty TNHH hai thành viên trở lên,Ngoài nhà nước,Thương mại và dịch vụ,"Bán buôn, bán lẻ",2021,20,Hà Nội,CN Hoàn Kiếm,2026-05-31,Lý Thu Bình,2,Thông tư 133/2016/TT-BTC,Không,Đủ,Đang hoạt động,0938567979,lienhe.dn00183@doanhnghiep.vn
DN00002,Công ty Cổ phần Thương mại Dịch vụ Linh Lâm,9799827787,Công ty cổ phần,Ngoài nhà nước,Thương mại và dịch vụ,"Bán buôn, bán lẻ",2015,21,Đà Nẵng,CN Đà Nẵng,2024-03-18,Đặng Minh Sơn,5,Thông tư 133/2016/TT-BTC,Không,Đủ,Đang hoạt động,0228812817,lienhe.dn00002@doanhnghiep.vn
DN00069,Doanh nghiệp tư nhân Thương mại Tuấn Hòa,9439317217,Doanh nghiệp tư nhân,Ngoài nhà nước,Thương mại và dịch vụ,"Bán buôn, bán lẻ",2016,6,Hà Nội,CN Hoàn Kiếm,2025-08-18,Phạm Hoài Nam,2,Không lập BCTC (nộp thuế theo tỷ lệ % trên doanh thu),Không,Không đủ,Đang hoạt động,0232025124,lienhe.dn00069@doanhnghiep.vn
DN00023,Công ty Cổ phần Dịch vụ Nhật Thành,9251049100,Công ty cổ phần,Ngoài nhà nước,Thương mại và dịch vụ,Dịch vụ khác,2019,13,Bình Dương,CN Bình Dương,2019-03-15,Đỗ Thanh Cường,17,Thông tư 133/2016/TT-BTC,Không,Đủ,Đang hoạt động,0912203018,lienhe.dn00023@doanhnghiep.vn
DN00020,Doanh nghiệp tư nhân Tư vấn Việt Thuận,9597076894,Doanh nghiệp tư nhân,Ngoài nhà nước,Thương mại và dịch vụ,Dịch vụ khác,2022,5,Hà Nội,CN Cầu Giấy,2025-04-11,Vũ Minh Nga,8,Không lập BCTC (nộp thuế theo tỷ lệ % trên doanh thu),Không,Không đủ,Đang hoạt động,0290331357,lienhe.dn00020@doanhnghiep.vn
DN00377,Doanh nghiệp tư nhân Đầu tư Xây dựng Bình Đông,9162479540,Doanh nghiệp tư nhân,Ngoài nhà nước,Xây dựng,Xây dựng,2017,21,Đà Nẵng,CN Đà Nẵng,2023-05-12,Dương Hữu Mai,9,Thông tư 133/2016/TT-BTC,Không,Đủ,Ngừng giao dịch,0265611677,lienhe.dn00377@doanhnghiep.vn
DN00281,Công ty TNHH Du lịch Bảo Toàn,9083730248,Công ty TNHH hai thành viên trở lên,Ngoài nhà nước,Thương mại và dịch vụ,Dịch vụ khác,2018,14,TP Hồ Chí Minh,CN Quận 1,2024-08-09,Lý Minh Dũng,13,Thông tư 133/2016/TT-BTC,Không,Đủ,Đang hoạt động,0382823631,lienhe.dn00281@doanhnghiep.vn
DN00162,Công ty Cổ phần Nông nghiệp Phúc Vạn,9951123414,Công ty cổ phần,Ngoài nhà nước,"Nông, lâm nghiệp và thủy sản","Nông, lâm nghiệp và thủy sản",2003,136,TP Hồ Chí Minh,CN Quận 1,2020-11-01,Đặng Thị Trang,10,Thông tư 133/2016/TT-BTC,Không,Đủ,Đang hoạt động,0293762782,lienhe.dn00162@doanhnghiep.vn
DN00055,Công ty TNHH Kỹ thuật Xây dựng Vạn Bảo,9880718634,Công ty TNHH một thành viên,Ngoài nhà nước,Xây dựng,Xây dựng,2017,19,Hải Phòng,CN Hải Phòng,2017-09-01,Đỗ Minh Lan,14,Thông tư 133/2016/TT-BTC,Có,Đủ,Đang hoạt động,0908390810,lienhe.dn00055@doanhnghiep.vn
DN00075,Công ty TNHH Thương mại Tổng hợp Linh Đạt,9692183057,Công ty TNHH một thành viên,Ngoài nhà nước,Thương mại và dịch vụ,"Bán buôn, bán lẻ",2022,8,TP Hồ Chí Minh,CN TP Hồ Chí Minh,2024-08-23,Bùi Minh Việt,19,Thông tư 132/2018/TT-BTC,Không,Đủ,Đang hoạt động,0338043005,lienhe.dn00075@doanhnghiep.vn
DN00061,Công ty TNHH Xây dựng và Thương mại Sơn Phúc,9033218495,Công ty TNHH một thành viên,Ngoài nhà nước,Xây dựng,Xây dựng,2022,8,Cần Thơ,CN Cần Thơ,2023-11-07,Đỗ Văn Nam,18,Không lập BCTC (nộp thuế theo tỷ lệ % trên doanh thu),Không,Không đủ,Đang hoạt động,0264875305,lienhe.dn00061@doanhnghiep.vn
DN00260,Công ty TNHH Xây dựng Bình Thuận,9811740308,Công ty TNHH một thành viên,Có vốn đầu tư nước ngoài,Xây dựng,Xây dựng,2021,182,Hải Phòng,CN Hải Phòng,2026-04-11,Dương Thanh An,11,Thông tư 133/2016/TT-BTC,Có,Đủ,Đang hoạt động,0331355646,lienhe.dn00260@doanhnghiep.vn
DN00034,Công ty TNHH Du lịch Phú Đạt,9913006973,Công ty TNHH một thành viên,Ngoài nhà nước,Thương mại và dịch vụ,Dịch vụ khác,2017,9,Bình Dương,CN Bình Dương,2019-07-23,Lý Thanh Cường,13,Không lập BCTC (nộp thuế theo tỷ lệ % trên doanh thu),Không,Không đủ,Đang hoạt động,0999789688,lienhe.dn00034@doanhnghiep.vn
DN00025,Công ty TNHH Kỹ thuật Xây dựng Hưng Đông,9433047446,Công ty TNHH hai thành viên trở lên,Ngoài nhà nước,Xây dựng,Xây dựng,2020,6,Đà Nẵng,CN Đà Nẵng,2020-04-27,Bùi Minh Yến,11,Thông tư 132/2018/TT-BTC,Không,Đủ,Đang hoạt động,0925544772,lienhe.dn00025@doanhnghiep.vn
DN00104,Công ty TNHH Phân phối Minh Hòa,9068543696,Công ty TNHH một thành viên,Ngoài nhà nước,Thương mại và dịch vụ,"Bán buôn, bán lẻ",2024,25,Hà Nội,CN Cầu Giấy,2026-05-11,Dương Thị Hùng,7,Thông tư 133/2016/TT-BTC,Không,Đủ,Đang hoạt động,0261848391,lienhe.dn00104@doanhnghiep.vn
DN00043,Công ty TNHH Dịch vụ Việt Thịnh,9963232262,Công ty TNHH một thành viên,Ngoài nhà nước,Thương mại và dịch vụ,Dịch vụ khác,2017,3,Hà Nội,CN Cầu Giấy,2021-11-30,Vũ Ngọc Nga,13,Không lập BCTC (nộp thuế theo tỷ lệ % trên doanh thu),Không,Không đủ,Đang hoạt động,0206001919,lienhe.dn00043@doanhnghiep.vn
DN00317,Công ty TNHH Xây dựng Bảo Mỹ,9582653599,Công ty TNHH một thành viên,Ngoài nhà nước,Xây dựng,Xây dựng,2022,35,Hà Nội,CN Thanh Xuân,2023-04-16,Trần Hoài Trang,13,Thông tư 133/2016/TT-BTC,Có,Đủ,Đang hoạt động,0269662830,lienhe.dn00317@doanhnghiep.vn
DN00418,Công ty TNHH Kỹ thuật Xây dựng Thuận Xuân,9865107729,Công ty TNHH một thành viên,Ngoài nhà nước,Xây dựng,Xây dựng,2014,103,Cần Thơ,CN Cần Thơ,2014-06-30,Hoàng Đức Việt,5,Thông tư 133/2016/TT-BTC,Không,Đủ,Đang hoạt động,0360371215,lienhe.dn00418@doanhnghiep.vn
DN00457,Công ty Cổ phần Thương mại Tổng hợp Vinh Trường,9196668553,Công ty cổ phần,Ngoài nhà nước,Thương mại và dịch vụ,"Bán buôn, bán lẻ",2019,13,Cần Thơ,CN Cần Thơ,2026-09-07,Lý Thanh Phong,23,Thông tư 133/2016/TT-BTC,Có,Đủ,Đang hoạt động,0258817466,lienhe.dn00457@doanhnghiep.vn
DN00379,Công ty TNHH Kỹ thuật Xây dựng Vinh Hòa,9052012293,Công ty TNHH một thành viên,Ngoài nhà nước,Xây dựng,Xây dựng,2009,12,Hà Nội,CN Thanh Xuân,2020-04-06,Lê Thu Dũng,17,Thông tư 133/2016/TT-BTC,Không,Đủ,Đang hoạt động,0308862718,lienhe.dn00379@doanhnghiep.vn
DN00146,Công ty TNHH Môi trường Thành Trung,9458276629,Công ty TNHH một thành viên,Ngoài nhà nước,Công nghiệp,Công nghiệp khác,2022,10,Cần Thơ,CN Cần Thơ,2026-02-11,Trần Quốc Yến,11,Không lập BCTC (nộp thuế theo tỷ lệ % trên doanh thu),Không,Không đủ,Đang hoạt động,0273534438,lienhe.dn00146@doanhnghiep.vn
DN00394,Công ty Cổ phần Công nghệ Gia Ngọc,9275520192,Công ty cổ phần,Ngoài nhà nước,Thương mại và dịch vụ,Dịch vụ khác,2022,2,Bình Dương,CN Bình Dương,2022-08-07,Phạm Ngọc Lan,22,Không lập BCTC (nộp thuế theo tỷ lệ % trên doanh thu),Không,Không đủ,Đang hoạt động,0334840342,lienhe.dn00394@doanhnghiep.vn
DN00314,Doanh nghiệp tư nhân Tư vấn Thái Linh,9337843219,Doanh nghiệp tư nhân,Ngoài nhà nước,Thương mại và dịch vụ,Dịch vụ khác,2023,40,TP Hồ Chí Minh,CN TP Hồ Chí Minh,2023-06-08,Đỗ Thị An,11,Thông tư 133/2016/TT-BTC,Không,Đủ,Đang hoạt động,0389339887,lienhe.dn00314@doanhnghiep.vn
DN00154,Công ty TNHH Thương mại Tổng hợp Kim Yên,9219970015,Công ty TNHH hai thành viên trở lên,Ngoài nhà nước,Thương mại và dịch vụ,"Bán buôn, bán lẻ",2024,8,Hà Nội,CN Hoàn Kiếm,2024-06-03,Phạm Thu Trang,8,Thông tư 132/2018/TT-BTC,Không,Đủ,Đang hoạt động,0927939992,lienhe.dn00154@doanhnghiep.vn
DN00398,Công ty TNHH Năng lượng Hòa Đạt,9195942898,Công ty TNHH hai thành viên trở lên,Ngoài nhà nước,Công nghiệp ,Công nghiệp khác,2023,3,Bình Dương,CN Bình Dương,2025-10-19,Phạm Thị Thảo,9,Không lập BCTC (nộp thuế theo tỷ lệ % trên doanh thu),Không,Không đủ,Đang hoạt động,0239780390,lienhe.dn00398@doanhnghiep.vn
DN00263,Doanh nghiệp tư nhân Xây dựng Thịnh Mỹ,9844624404,Doanh nghiệp tư nhân,Ngoài nhà nước,Xây dựng,Xây dựng,2023,7,Hà Nội,CN Cầu Giấy,2025-05-13,Trần Hữu Bình,15,Thông tư 132/2018/TT-BTC,Không,Đủ,Đang hoạt động,0230483181,lienhe.dn00263@doanhnghiep.vn
DN00363,Doanh nghiệp tư nhân Thương mại Đông Tâm,9903441053,Doanh nghiệp tư nhân,Ngoài nhà nước,Thương mại và dịch vụ,"Bán buôn, bán lẻ",2024,12,Hải Phòng,CN Hải Phòng,2026-06-25,Đặng Minh Mai,16,Thông tư 133/2016/TT-BTC,Không,Đủ,Đang hoạt động,0232362310,lienhe.dn00363@doanhnghiep.vn
DN00440,Công ty TNHH Thương mại Dịch vụ Việt Toàn,9947687475,Công ty TNHH hai thành viên trở lên,Ngoài nhà nước,Thương mại và dịch vụ,"Bán buôn, bán lẻ",1999,139,Hà Nội,CN Cầu Giấy,2018-10-12,Nguyễn Thanh An,24,Thông tư 200/2014/TT-BTC,Có,Đủ,Đang hoạt động,0389408286,lienhe.dn00440@doanhnghiep.vn
DN00114,Công ty TNHH Vận tải Tâm Sơn,9102294905,Công ty TNHH hai thành viên trở lên,Ngoài nhà nước,Thương mại và dịch vụ,Dịch vụ khác,2025,5,Hà Nội,CN Hoàn Kiếm,2026-06-17,Đặng Minh Trang,5,Không lập BCTC (nộp thuế theo tỷ lệ % trên doanh thu),Không,Không đủ,Đang hoạt động,0388975183,lienhe.dn00114@doanhnghiep.vn
DN00299,Công ty TNHH Nông nghiệp Vạn Tân,9122722179,Công ty TNHH một thành viên,Ngoài nhà nước,"Nông, lâm nghiệp và thủy sản","Nông, lâm nghiệp và thủy sản",2016,258,Bình Dương,CN Bình Dương,2023-04-07,Đỗ Ngọc Tuấn,8,Thông tư 200/2014/TT-BTC,Có,Đủ,Đang hoạt động,0929560223,lienhe.dn00299@doanhnghiep.vn
DN00372,Công ty TNHH Vận tải Hưng Đạt,9803127239,Công ty TNHH một thành viên,Ngoài nhà nước,Thương mại và dịch vụ,Dịch vụ khác,2022,409,TP Hồ Chí Minh,CN Quận 1,2025-10-10,Đỗ Văn Quân,9,Thông tư 200/2014/TT-BTC,Có,Đủ,Đang hoạt động,0325692261,lienhe.dn00372@doanhnghiep.vn
DN00150,Công ty TNHH Thương mại Tổng hợp Hòa Phú,9739800460,Công ty TNHH hai thành viên trở lên,Ngoài nhà nước,"Thương mại, dịch vụ","Bán buôn, bán lẻ",2020,8,Hà Nội,CN Cầu Giấy,2026-04-25,Dương Thanh Cường,8,Thông tư 133/2016/TT-BTC,Không,Đủ,Đang hoạt động,0956182500,lienhe.dn00150@doanhnghiep.vn
DN00397,Công ty TNHH Du lịch Mỹ Khang,9928333782,Công ty TNHH một thành viên,Ngoài nhà nước,Thương mại và dịch vụ,Dịch vụ khác,2006,2,Bình Dương,CN Bình Dương,2018-06-29,Hoàng Hữu Phong,13,Không lập BCTC (nộp thuế theo tỷ lệ % trên doanh thu),Không,Không đủ,Đang hoạt động,0221082813,lienhe.dn00397@doanhnghiep.vn
DN00136,Công ty Cổ phần Thủy sản Mỹ Thành,9121628980,Công ty cổ phần,Ngoài nhà nước,"Nông, lâm nghiệp và thủy sản","Nông, lâm nghiệp và thủy sản",2023,79,Hà Nội,CN Cầu Giấy,2025-09-02,Hoàng Minh Hùng,12,Thông tư 133/2016/TT-BTC,Không,Đủ,Đang hoạt động,0328611757,lienhe.dn00136@doanhnghiep.vn
DN00436,Công ty Cổ phần Đầu tư Xây dựng Việt Sơn,9483480641,Công ty cổ phần,Ngoài nhà nước,Xây dựng,Xây dựng,2020,409,Cần Thơ,CN Cần Thơ,2024-03-01,Nguyễn Thị Nga,4,Thông tư 200/2014/TT-BTC,Có,Đủ,Đang hoạt động,0202997652,lienhe.dn00436@doanhnghiep.vn
DN00453,Công ty TNHH Logistics Hưng Đạt,9983253608,Công ty TNHH một thành viên,Ngoài nhà nước,Thương mại và dịch vụ,Dịch vụ khác,2019,4,Đà Nẵng,CN Đà Nẵng,2019-06-24,Lê Minh Thảo,21,Thông tư 132/2018/TT-BTC,Không,Đủ,Đang hoạt động,0921820399,lienhe.dn00453@doanhnghiep.vn
DN00064,Công ty TNHH Thương mại Khánh Tâm,9941828344,Công ty TNHH hai thành viên trở lên,Ngoài nhà nước,Thương mại và dịch vụ,"Bán buôn, bán lẻ",2006,18,Đà Nẵng,CN Đà Nẵng,2021-05-27,Lý Hữu Tuấn,13,Thông tư 133/2016/TT-BTC,Không,Đủ,Đang hoạt động,0370005015,lienhe.dn00064@doanhnghiep.vn
DN00410,Công ty TNHH Thực phẩm Long Nhật,9805018223,Công ty TNHH một thành viên,Ngoài nhà nước,Công nghiệp,"Chế biến, chế tạo",2021,6,TP Hồ Chí Minh,CN Quận 1,2023-10-16,Trần Đức Bình,7,Không lập BCTC (nộp thuế theo tỷ lệ % trên doanh thu),Không,Không đủ,Đang hoạt động,0337639978,lienhe.dn00410@doanhnghiep.vn
DN00161,Công ty TNHH Logistics Phát Thành,9171603315,Công ty TNHH hai thành viên trở lên,Ngoài nhà nước,Thương mại và dịch vụ,Dịch vụ khác,2015,29,Hà Nội,CN Hoàn Kiếm,2022-03-26,Đặng Ngọc Mai,16,Thông tư 133/2016/TT-BTC,Không,Đủ,Đang hoạt động,0214035153,lienhe.dn00161@doanhnghiep.vn
DN00448,Công ty TNHH Vận tải Phúc Nam,9846173375,Công ty TNHH một thành viên,Ngoài nhà nước,Thương mại và dịch vụ,Dịch vụ khác,2023,9,Đà Nẵng,CN Đà Nẵng,2023-03-08,Vũ Thanh Hà,13,Thông tư 132/2018/TT-BTC,Không,Đủ,Đang hoạt động,0382502756,lienhe.dn00448@doanhnghiep.vn
DN00417,Công ty TNHH Thương mại Dịch vụ Thịnh Bảo,9945245004,Công ty TNHH một thành viên,Ngoài nhà nước,Thương mại và dịch vụ,"Bán buôn, bán lẻ",2022,29,Hà Nội,CN Cầu Giấy,2024-09-25,Lý Quốc Yến,10,Thông tư 133/2016/TT-BTC,Không,Đủ,Đang hoạt động,0306257455,lienhe.dn00417@doanhnghiep.vn
DN00414,Công ty TNHH Tư vấn Minh Nam,9574863862,Công ty TNHH hai thành viên trở lên,Ngoài nhà nước,Thương mại và dịch vụ,Dịch vụ khác,2024,32,Đà Nẵng,CN Đà Nẵng,2024-07-30,Bùi Quốc Hạnh,23,Thông tư 133/2016/TT-BTC,Có,Đủ,Ngừng giao dịch,0940338664,lienhe.dn00414@doanhnghiep.vn
DN00467,Công ty Cổ phần Vận tải Gia Bảo,9214176965,Công ty cổ phần,Ngoài nhà nước,Thương mại và dịch vụ,Dịch vụ khác,2010,42,Hà Nội,CN Hoàn Kiếm,2016-02-08,Ngô Ngọc Việt,1,Thông tư 133/2016/TT-BTC,Không,Đủ,Đang hoạt động,0333584665,lienhe.dn00467@doanhnghiep.vn
DN00013,Công ty TNHH Phân phối Tiến Long,9022341620,Công ty TNHH một thành viên,Ngoài nhà nước,Thương mại và dịch vụ,"Bán buôn, bán lẻ",2023,48,Hải Phòng,CN Hải Phòng,2026-03-14,Vũ Quốc Việt,5,Thông tư 133/2016/TT-BTC,Không,Đủ,Đang hoạt động,0293329941,lienhe.dn00013@doanhnghiep.vn
DN00439,Công ty TNHH Thương mại Dịch vụ Tuấn Long,9461598658,Công ty TNHH hai thành viên trở lên,Ngoài nhà nước,Thương mại và dịch vụ,"Bán buôn, bán lẻ",2023,18,Hà Nội,CN Thanh Xuân,2025-08-02,Đỗ Thị Hùng,3,Thông tư 133/2016/TT-BTC,Không,Đủ,Đang hoạt động,0980170159,lienhe.dn00439@doanhnghiep.vn
DN00063,Công ty TNHH Sản xuất Khang Sơn,9908942133,Công ty TNHH hai thành viên trở lên,Ngoài nhà nước,Công nghiệp,"Chế biến, chế tạo",2024,9,TP Hồ Chí Minh,CN TP Hồ Chí Minh,2026-04-24,Trần Thị Tuấn,6,Thông tư 133/2016/TT-BTC,Có,Đủ,Đang hoạt động,0227532248,lienhe.dn00063@doanhnghiep.vn
DN00095,Công ty TNHH Thương mại Dịch vụ Nhật Linh,9270659670,Công ty TNHH một thành viên,Ngoài nhà nước,Thương mại và dịch vụ,"Bán buôn, bán lẻ",2021,25,Hải Phòng,CN Hải Phòng,2024-08-27,Vũ Ngọc Trang,5,Thông tư 133/2016/TT-BTC,Không,Đủ,Đang hoạt động,0996714746,lienhe.dn00095@doanhnghiep.vn
DN00368,Công ty TNHH Logistics Việt Tâm,9801601587,Công ty TNHH một thành viên,Ngoài nhà nước,Thương mại và dịch vụ,Dịch vụ khác,2021,10,Hà Nội,CN Cầu Giấy,2023-06-15,Ngô Ngọc Hà,12,Thông tư 132/2018/TT-BTC,Không,Đủ,Đang hoạt động,0900908634,lienhe.dn00368@doanhnghiep.vn
DN00346,Doanh nghiệp tư nhân Du lịch Minh Bảo,9266239923,Doanh nghiệp tư nhân,Ngoài nhà nước,Thương mại và dịch vụ,Dịch vụ khác,2023,14,Hà Nội,CN Thanh Xuân,2025-09-30,Dương Quốc Quân,8,Thông tư 133/2016/TT-BTC,Không,Đủ,Đang hoạt động,0950503306,lienhe.dn00346@doanhnghiep.vn
DN00382,Công ty Cổ phần Phân phối Thịnh Hải,9548544304,Công ty cổ phần,Ngoài nhà nước,Thương mại và dịch vụ,"Bán buôn, bán lẻ",2021,8,TP Hồ Chí Minh,CN TP Hồ Chí Minh,2021-08-13,Vũ Thị Sơn,12,Thông tư 133/2016/TT-BTC,Không,Đủ,Đang hoạt động,0901543948,lienhe.dn00382@doanhnghiep.vn
DN00187,Công ty TNHH Sản xuất Nhật Hưng,9728430766,Công ty TNHH hai thành viên trở lên,Ngoài nhà nước,Công nghiệp,"Chế biến, chế tạo",2010,28,TP Hồ Chí Minh,CN TP Hồ Chí Minh,2024-07-28,Đỗ Thanh Tuấn,6,Thông tư 133/2016/TT-BTC,Không,Đủ,Đang hoạt động,0938870360,lienhe.dn00187@doanhnghiep.vn
DN00137,Công ty TNHH Thương mại Tổng hợp Ngọc Nam,9105519700,Công ty TNHH hai thành viên trở lên,Ngoài nhà nước,Thương mại và dịch vụ,"Bán buôn, bán lẻ",2021,10,Hà Nội,CN Hoàn Kiếm,2023-10-30,Hoàng Minh Mai,7,Không lập BCTC (nộp thuế theo tỷ lệ % trên doanh thu),Không,Không đủ,Đang hoạt động,0261000524,lienhe.dn00137@doanhnghiep.vn
DN00153,Công ty TNHH Vận tải Thành Nam,9495746429,Công ty TNHH hai thành viên trở lên,Ngoài nhà nước,Thương mại và dịch vụ,Dịch vụ khác,2024,23,Hà Nội,CN Hoàn Kiếm,2024-03-07,Đặng Minh Long,10,Thông tư 133/2016/TT-BTC,Không,Đủ,Đang hoạt động,0383444789,lienhe.dn00153@doanhnghiep.vn
DN00017,Công ty Cổ phần Thủy sản Trường Quang,9739207300,Công ty cổ phần,Ngoài nhà nước,"Nông, lâm nghiệp và thủy sản","Nông, lâm nghiệp và thủy sản",2018,5,TP Hồ Chí Minh,CN TP Hồ Chí Minh,2022-06-05,Đỗ Hoài Việt,8,Thông tư 132/2018/TT-BTC,Không,Đủ,Đang hoạt động,0393840690,lienhe.dn00017@doanhnghiep.vn
DN00402,Công ty TNHH Thương mại Khang Sơn,9317213186,Công ty TNHH hai thành viên trở lên,Ngoài nhà nước,Thương mại và dịch vụ,"Bán buôn, bán lẻ",2011,8,Hà Nội,CN Hoàn Kiếm,2023-11-04,Phạm Thanh Lan,7,Thông tư 132/2018/TT-BTC,Không,Đủ,Đang hoạt động,0269479622,lienhe.dn00402@doanhnghiep.vn
DN00421,Công ty TNHH Nông sản Khánh Thịnh,9669799718,Công ty TNHH một thành viên,Ngoài nhà nước,"Nông, lâm nghiệp và thủy sản","Nông, lâm nghiệp và thủy sản",1991,1317,Hà Nội,CN Hoàn Kiếm,2025-10-25,Phạm Quốc Việt,8,Thông tư 200/2014/TT-BTC,Có,Đủ,Đang hoạt động,0361435437,lienhe.dn00421@doanhnghiep.vn
DN00246,Công ty Cổ phần Thương mại Đông Toàn,9420165582,Công ty cổ phần,Ngoài nhà nước,Thương mại và dịch vụ,"Bán buôn, bán lẻ",2016,56,Đà Nẵng,CN Đà Nẵng,2022-11-20,Vũ Thu Hà,10,Thông tư 133/2016/TT-BTC,Không,Đủ,Đang hoạt động,0248277354,lienhe.dn00246@doanhnghiep.vn
DN00395,Công ty TNHH Dịch vụ Hải Đạt,9298932341,Công ty TNHH hai thành viên trở lên,Ngoài nhà nước,Thương mại và dịch vụ,Dịch vụ khác,2023,6,TP Hồ Chí Minh,CN Quận 1,2024-11-20,Phạm Quốc Thảo,13,Thông tư 132/2018/TT-BTC,Không,Đủ,Đang hoạt động,0222363672,lienhe.dn00395@doanhnghiep.vn
DN00400,Công ty TNHH Xây dựng và Thương mại Hưng Thuận,9257034137,Công ty TNHH hai thành viên trở lên,Ngoài nhà nước, Xây dựng,Xây dựng,2023,89,Hà Nội,CN Thanh Xuân,2024-03-18,Phạm Hoài An,12,Thông tư 133/2016/TT-BTC,Có,Đủ,Đang hoạt động,0290712369,lienhe.dn00400@doanhnghiep.vn
DN00333,Công ty TNHH Phân phối Đạt Đông,9495553621,Công ty TNHH hai thành viên trở lên,Ngoài nhà nước,Thương mại và dịch vụ,"Bán buôn, bán lẻ",2021,19,Hà Nội,CN Cầu Giấy,2023-07-26,Trần Thị Thảo,2,Thông tư 133/2016/TT-BTC,Không,Đủ,Đang hoạt động,0201191597,lienhe.dn00333@doanhnghiep.vn
DN00082,Công ty TNHH Thương mại Mỹ Hưng,9700493107,Công ty TNHH hai thành viên trở lên,Ngoài nhà nước,Thương mại và dịch vụ,"Bán buôn, bán lẻ",2009,33,Bình Dương,CN Bình Dương,2014-11-06,Lý Hoài Hà,6,Thông tư 133/2016/TT-BTC,Không,Đủ,Đang hoạt động,0235474295,lienhe.dn00082@doanhnghiep.vn
DN00296,Công ty Cổ phần Nhựa Xuân Phúc,9656912877,Công ty cổ phần,Ngoài nhà nước,CÔNG NGHIỆP,"Chế biến, chế tạo",2023,8,TP Hồ Chí Minh,CN TP Hồ Chí Minh,2023-11-28,Lê Minh Phong,9,Thông tư 132/2018/TT-BTC,Không,Đủ,Đang hoạt động,0357195096,lienhe.dn00296@doanhnghiep.vn
DN00035,Công ty TNHH Thương mại Phát Tâm,9874354987,Công ty TNHH hai thành viên trở lên,Ngoài nhà nước,Thương mại và dịch vụ,"Bán buôn, bán lẻ",2018,29,TP Hồ Chí Minh,CN TP Hồ Chí Minh,2023-01-04,Lý Hữu Sơn,8,Thông tư 133/2016/TT-BTC,Không,Đủ,Đang hoạt động,0315345227,lienhe.dn00035@doanhnghiep.vn
DN00168,Doanh nghiệp tư nhân Cơ khí Phú An,9977241248,Doanh nghiệp tư nhân,Ngoài nhà nước,Công nghiệp,"Chế biến, chế tạo",2025,6,Hà Nội,CN Cầu Giấy,2025-06-27,Nguyễn Thanh Hạnh,3,Thông tư 132/2018/TT-BTC,Không,Không đủ,Đang hoạt động,0278763012,lienhe.dn00168@doanhnghiep.vn
DN00084,Công ty TNHH Xây dựng Gia Khang,9545549245,Công ty TNHH hai thành viên trở lên,Ngoài nhà nước,Xây dựng,Xây dựng,2013,1166,Bình Dương,CN Bình Dương,2014-05-19,Nguyễn Quốc Lan,9,Thông tư 200/2014/TT-BTC,Có,Đủ,Đang hoạt động,0237466035,lienhe.dn00084@doanhnghiep.vn
DN00210,Doanh nghiệp tư nhân Thương mại Dịch vụ Bình Thuận,9754672417,Doanh nghiệp tư nhân,Ngoài nhà nước,Thương mại và dịch vụ,"Bán buôn, bán lẻ",2023,5,TP Hồ Chí Minh,CN TP Hồ Chí Minh,2024-11-01,Lê Ngọc Tuấn,8,Không lập BCTC (nộp thuế theo tỷ lệ % trên doanh thu),Không,Không đủ,Đang hoạt động,0213593739,lienhe.dn00210@doanhnghiep.vn
DN00468,Công ty TNHH Thương mại Hòa Đạt,9268289169,Công ty TNHH một thành viên,Ngoài nhà nước,Thương mại và dịch vụ,"Bán buôn, bán lẻ",2023,70,TP Hồ Chí Minh,CN TP Hồ Chí Minh,2025-01-02,Đỗ Ngọc Việt,14,Thông tư 133/2016/TT-BTC,Có,Đủ,Đang hoạt động,0362561025,lienhe.dn00468@doanhnghiep.vn
DN00125,Công ty TNHH Thương mại Tổng hợp Xuân Bảo,9083489917,Công ty TNHH một thành viên,Ngoài nhà nước,Thương mại và dịch vụ,"Bán buôn, bán lẻ",2023,6,Hà Nội,CN Hoàn Kiếm,2023-12-24,Đặng Thu Hạnh,10,Thông tư 132/2018/TT-BTC,Không,Đủ,Đang hoạt động,0284401211,lienhe.dn00125@doanhnghiep.vn
DN00145,Công ty TNHH Xây dựng và Thương mại Minh Toàn,9982985140,Công ty TNHH hai thành viên trở lên,Ngoài nhà nước, Xây dựng,Xây dựng,2021,7,TP Hồ Chí Minh,CN TP Hồ Chí Minh,2022-10-17,Phạm Ngọc Yến,12,Thông tư 132/2018/TT-BTC,Không,Đủ,Đang hoạt động,0218024407,lienhe.dn00145@doanhnghiep.vn
DN00355,Công ty Cổ phần Bao bì Mỹ Nhật,9267681355,Công ty cổ phần,Ngoài nhà nước,Công nghiệp,"Chế biến, chế tạo",2020,16,TP Hồ Chí Minh,CN TP Hồ Chí Minh,2026-06-10,Ngô Quốc Dũng,18,Thông tư 133/2016/TT-BTC,Không,Đủ,Đang hoạt động,0316877155,lienhe.dn00355@doanhnghiep.vn
DN00047,Công ty TNHH Thương mại Gia Nhật,9333979580,Công ty TNHH hai thành viên trở lên,Ngoài nhà nước,Thương mại và dịch vụ,"Bán buôn, bán lẻ",1992,33,Hà Nội,CN Cầu Giấy,2015-08-26,Lê Thị Hà,16,Thông tư 133/2016/TT-BTC,Có,Đủ,Đang hoạt động,0967590862,lienhe.dn00047@doanhnghiep.vn
DN00189,Công ty TNHH Thương mại Tổng hợp Phú Kim,9844451719,Công ty TNHH một thành viên,Ngoài nhà nước,Thương mại và dịch vụ,"Bán buôn, bán lẻ",2004,36,Hà Nội,CN Hoàn Kiếm,2023-08-13,Dương Minh Dũng,15,Thông tư 133/2016/TT-BTC,Không,Đủ,Đã đóng,0285490154,lienhe.dn00189@doanhnghiep.vn
DN00205,Công ty TNHH Đầu tư Xây dựng Linh Hải,9392005495,Công ty TNHH một thành viên,Ngoài nhà nước,Xây dựng,Xây dựng,2023,8,Bình Dương,CN Bình Dương,2023-03-18,Nguyễn Quốc Lan,14,Thông tư 132/2018/TT-BTC,Không,Đủ,Đang hoạt động,0357739758,lienhe.dn00205@doanhnghiep.vn
DN00491,Công ty TNHH Thương mại Gia Phúc,9241309346,Công ty TNHH một thành viên,Ngoài nhà nước,Thương mại và dịch vụ,"Bán buôn, bán lẻ",2003,46,TP Hồ Chí Minh,CN TP Hồ Chí Minh,2013-04-18,Phạm Thanh Long,8,Thông tư 133/2016/TT-BTC,Không,Đủ,Đang hoạt động,0316858612,lienhe.dn00491@doanhnghiep.vn
DN00429,Công ty TNHH Phân phối Linh Toàn,9570298584,Công ty TNHH hai thành viên trở lên,Ngoài nhà nước,Thương mại và dịch vụ,"Bán buôn, bán lẻ",2021,8,Đà Nẵng,CN Đà Nẵng,2025-07-31,Nguyễn Minh Hùng,10,Thông tư 133/2016/TT-BTC,Có,Đủ,Đang hoạt động,0360508989,lienhe.dn00429@doanhnghiep.vn
DN00250,Công ty Cổ phần Nhựa Đạt Quang,9452831734,Công ty cổ phần,Ngoài nhà nước,Công nghiệp,"Chế biến, chế tạo",2023,95,TP Hồ Chí Minh,CN TP Hồ Chí Minh,2023-06-29,Vũ Hữu Hùng,15,Thông tư 133/2016/TT-BTC,Không,Đủ,Đang hoạt động,0321493814,lienhe.dn00250@doanhnghiep.vn
DN00094,Công ty TNHH Thương mại Tổng hợp Vinh An,9868766056,Công ty TNHH hai thành viên trở lên,Ngoài nhà nước,Thương mại và dịch vụ,"Bán buôn, bán lẻ",2024,84,Đà Nẵng,CN Đà Nẵng,2026-10-29,Phạm Đức An,19,Thông tư 133/2016/TT-BTC,Có,Đủ,Đang hoạt động,0248083937,lienhe.dn00094@doanhnghiep.vn
DN00428,Công ty TNHH Dịch vụ Phú Hưng,9656415579,Công ty TNHH một thành viên,Ngoài nhà nước,Thương mại và dịch vụ,Dịch vụ khác,2020,10,Hà Nội,CN Thanh Xuân,2025-09-08,Nguyễn Quốc Quân,15,Thông tư 132/2018/TT-BTC,Không,Đủ,Đang hoạt động,0967734248,lienhe.dn00428@doanhnghiep.vn
DN00463,Doanh nghiệp tư nhân Thương mại Khánh Nhật,9467591740,Doanh nghiệp tư nhân,Ngoài nhà nước,Thương mại và dịch vụ,"Bán buôn, bán lẻ",2022,10,Bình Dương,CN Bình Dương,2025-12-14,Vũ Văn Hạnh,18,Thông tư 132/2018/TT-BTC,Không,Đủ,Đang hoạt động,0241632338,lienhe.dn00463@doanhnghiep.vn
DN00188,Công ty Cổ phần Nhựa Tâm Phát,9141616082,Công ty cổ phần,Ngoài nhà nước,Công nghiệp,"Chế biến, chế tạo",2021,10,Hà Nội,CN Thanh Xuân,2021-07-06,Trần Minh Phong,4,Không lập BCTC (nộp thuế theo tỷ lệ % trên doanh thu),Không,Không đủ,Đang hoạt động,0297850431,lienhe.dn00188@doanhnghiep.vn
DN00267,Doanh nghiệp tư nhân Dệt may Châu Thuận,9180201961,Doanh nghiệp tư nhân,Ngoài nhà nước,Công nghiệp,"Chế biến, chế tạo",2024,4,TP Hồ Chí Minh,CN TP Hồ Chí Minh,2024-04-30,Lý Ngọc Bình,11,Không lập BCTC (nộp thuế theo tỷ lệ % trên doanh thu),Không,Không đủ,Đang hoạt động,0325317483,lienhe.dn00267@doanhnghiep.vn
DN00118,Công ty Cổ phần Du lịch Nam Khánh,9903053733,Công ty cổ phần,Ngoài nhà nước,Thương mại và dịch vụ,Dịch vụ khác,2000,13,Bình Dương,CN Bình Dương,2020-04-22,Đặng Ngọc Sơn,7,Thông tư 133/2016/TT-BTC,Không,Đủ,Đang hoạt động,0326023834,lienhe.dn00118@doanhnghiep.vn
DN00024,Công ty TNHH Vận tải Bình Lâm,9215488103,Công ty TNHH hai thành viên trở lên,Ngoài nhà nước,Thương mại và dịch vụ,Dịch vụ khác,2015,13,Đà Nẵng,CN Đà Nẵng,2020-08-29,Nguyễn Minh Mai,10,Thông tư 133/2016/TT-BTC,Không,Đủ,Đang hoạt động,0393975404,lienhe.dn00024@doanhnghiep.vn
DN00003,Công ty TNHH Dệt may Trường Quang,9533085311,Công ty TNHH một thành viên,Ngoài nhà nước,Công nghiệp ,"Chế biến, chế tạo",2023,5,Đà Nẵng,CN Đà Nẵng,2024-05-03,Lý Thị Mai,7,Thông tư 132/2018/TT-BTC,Không,Đủ,Ngừng giao dịch,0312093951,lienhe.dn00003@doanhnghiep.vn
DN00191,Công ty TNHH Du lịch Thái Hòa,9110988393,Công ty TNHH một thành viên,Ngoài nhà nước,Thương mại và dịch vụ,Dịch vụ khác,2023,12,Hà Nội,CN Thanh Xuân,2024-05-23,Lý Thị Tuấn,8,Thông tư 133/2016/TT-BTC,Không,Đủ,Đang hoạt động,0330014094,lienhe.dn00191@doanhnghiep.vn
DN00022,Công ty TNHH Phân phối Hải Thịnh,9137502454,Công ty TNHH một thành viên,Ngoài nhà nước,Thương mại và dịch vụ,"Bán buôn, bán lẻ",2018,10,Cần Thơ,CN Cần Thơ,2020-05-20,Lý Thu Hà,11,Không lập BCTC (nộp thuế theo tỷ lệ % trên doanh thu),Không,Không đủ,Đang hoạt động,0994817149,lienhe.dn00022@doanhnghiep.vn
DN00303,Công ty TNHH Logistics Phát Lâm,9929893766,Công ty TNHH hai thành viên trở lên,Ngoài nhà nước,Thương mại và dịch vụ,Dịch vụ khác,2011,14,TP Hồ Chí Minh,CN Quận 1,2025-09-22,Ngô Thu Yến,13,Thông tư 133/2016/TT-BTC,Không,Đủ,Đang hoạt động,0976445486,lienhe.dn00303@doanhnghiep.vn
DN00149,Công ty Cổ phần Tư vấn Gia Đạt,9120183344,Công ty cổ phần,Ngoài nhà nước,Thương mại và dịch vụ,Dịch vụ khác,2007,12,Cần Thơ,CN Cần Thơ,2022-08-11,Nguyễn Quốc Nga,16,Thông tư 133/2016/TT-BTC,Không,Đủ,Đang hoạt động,0386433958,lienhe.dn00149@doanhnghiep.vn
DN00424,Công ty TNHH Thương mại Châu Vạn,9761327307,Công ty TNHH hai thành viên trở lên,Ngoài nhà nước,Thương mại và dịch vụ,"Bán buôn, bán lẻ",2020,9,Đà Nẵng,CN Đà Nẵng,2024-12-21,Lê Đức Dũng,1,Thông tư 133/2016/TT-BTC,Không,Đủ,Đã đóng,0264842475,lienhe.dn00424@doanhnghiep.vn
DN00040,Công ty Cổ phần Logistics Việt Châu,9775788012,Công ty cổ phần,Ngoài nhà nước,Thương mại và dịch vụ,Dịch vụ khác,2014,45,TP Hồ Chí Minh,CN Quận 1,2026-08-13,Ngô Đức Tuấn,22,Thông tư 133/2016/TT-BTC,Không,Đủ,Đang hoạt động,0968983101,lienhe.dn00040@doanhnghiep.vn
DN00001,Công ty Cổ phần Thương mại Gia Toàn,9211335960,Công ty cổ phần,Ngoài nhà nước,Thương mại và dịch vụ,"Bán buôn, bán lẻ",2024,34,Hà Nội,CN Cầu Giấy,2025-04-11,Nguyễn Hoài Bình,2,Thông tư 133/2016/TT-BTC,Không,Đủ,Đang hoạt động,0236489480,lienhe.dn00001@doanhnghiep.vn
DN00230,Công ty TNHH Xây dựng và Thương mại Tân Đông,9062941990,Công ty TNHH một thành viên,Ngoài nhà nước,Xây Dựng,Xây dựng,2016,12,Hà Nội,CN Cầu Giấy,2024-09-09,Đỗ Thanh Việt,8,Thông tư 133/2016/TT-BTC,Có,Đủ,Đã đóng,0212290375,lienhe.dn00230@doanhnghiep.vn
DN00443,Công ty TNHH Logistics Quang Đạt,9109128564,Công ty TNHH một thành viên,Ngoài nhà nước,Thương mại và dịch vụ,Dịch vụ khác,2025,7,Hà Nội,CN Cầu Giấy,2026-06-15,Dương Thanh Nam,20,Không lập BCTC (nộp thuế theo tỷ lệ % trên doanh thu),Không,Không đủ,Đang hoạt động,0314721351,lienhe.dn00443@doanhnghiep.vn
DN00087,Công ty Cổ phần Thương mại Dịch vụ Hòa Toàn,9130739374,Công ty cổ phần,Ngoài nhà nước,Thương mại và dịch vụ,"Bán buôn, bán lẻ",2013,13,TP Hồ Chí Minh,CN Quận 1,2017-02-13,Lê Hữu Cường,18,Thông tư 133/2016/TT-BTC,Không,Đủ,Đang hoạt động,0327347766,lienhe.dn00087@doanhnghiep.vn
DN00076,Công ty TNHH Thương mại Dịch vụ Gia Tân,9897207464,Công ty TNHH một thành viên,Ngoài nhà nước,Thương mại và dịch vụ,"Bán buôn, bán lẻ",2017,9,Hà Nội,CN Hoàn Kiếm,2022-04-04,Bùi Quốc Sơn,11,Thông tư 132/2018/TT-BTC,Không,Đủ,Đang hoạt động,0992366447,lienhe.dn00076@doanhnghiep.vn
DN00151,Công ty TNHH Dịch vụ Mỹ Minh,9168986807,Công ty TNHH một thành viên,Ngoài nhà nước,Thương mại và dịch vụ,Dịch vụ khác,2023,10,Hà Nội,CN Thanh Xuân,2026-01-16,Ngô Thanh Quân,1,Không lập BCTC (nộp thuế theo tỷ lệ % trên doanh thu),Không,Không đủ,Đang hoạt động,0250817980,lienhe.dn00151@doanhnghiep.vn
DN00297,Công ty Cổ phần Xây dựng Toàn Ngọc,9038844664,Công ty cổ phần,Ngoài nhà nước,Xây dựng,Xây dựng,2016,5,Cần Thơ,CN Cần Thơ,2017-03-06,Ngô Hữu Cường,24,Thông tư 132/2018/TT-BTC,Không,Đủ,Đang hoạt động,0987016031,lienhe.dn00297@doanhnghiep.vn
DN00366,Công ty Cổ phần Thương mại Tổng hợp Thịnh Tuấn,9708519447,Công ty cổ phần,Ngoài nhà nước,Thương mại và dịch vụ,"Bán buôn, bán lẻ",2021,16,TP Hồ Chí Minh,CN TP Hồ Chí Minh,2023-12-15,Dương Minh Trang,17,Thông tư 133/2016/TT-BTC,Không,Đủ,Đang hoạt động,0263477386,lienhe.dn00366@doanhnghiep.vn
DN00086,Công ty TNHH Logistics Trung Hải,9476119986,Công ty TNHH hai thành viên trở lên,Ngoài nhà nước,Thương mại và dịch vụ,Dịch vụ khác,2020,19,Hải Phòng,CN Hải Phòng,2025-02-07,Ngô Minh Yến,4,Thông tư 133/2016/TT-BTC,Không,Đủ,Đang hoạt động,0209805984,lienhe.dn00086@doanhnghiep.vn
DN00289,Công ty TNHH Phân phối Nam Nhật,9099605505,Công ty TNHH hai thành viên trở lên,Ngoài nhà nước,Thương mại và dịch vụ,"Bán buôn, bán lẻ",2020,16,Bình Dương,CN Bình Dương,2022-09-18,Ngô Minh Yến,7,Thông tư 133/2016/TT-BTC,Không,Đủ,Đang hoạt động,0219432322,lienhe.dn00289@doanhnghiep.vn
DN00328,Công ty Cổ phần Tư vấn Bình Kim,9672382699,Công ty cổ phần,Ngoài nhà nước,Thương mại và dịch vụ,Dịch vụ khác,2022,2,TP Hồ Chí Minh,CN Quận 1,2024-06-13,Bùi Quốc Tuấn,20,Thông tư 132/2018/TT-BTC,Không,Đủ,Đang hoạt động,0305579896,lienhe.dn00328@doanhnghiep.vn
DN00481,Công ty TNHH Thương mại Trường Toàn,9459481652,Công ty TNHH hai thành viên trở lên,Ngoài nhà nước,Thương mại và dịch vụ,"Bán buôn, bán lẻ",2018,7,Hà Nội,CN Thanh Xuân,2020-08-04,Đỗ Thị Long,11,Thông tư 132/2018/TT-BTC,Không,Đủ,Đang hoạt động,0343970902,lienhe.dn00481@doanhnghiep.vn
DN00459,Công ty Cổ phần Thương mại Dịch vụ Thuận Vinh,9675641847,Công ty cổ phần,Ngoài nhà nước,Thương mại và dịch vụ,"Bán buôn, bán lẻ",2011,91,Hải Phòng,CN Hải Phòng,2014-02-07,Trần Văn Thảo,8,Thông tư 133/2016/TT-BTC,Không,Đủ,Đang hoạt động,0955039752,lienhe.dn00459@doanhnghiep.vn
DN00338,Công ty TNHH Sản xuất Mỹ Vinh,9938993959,Công ty TNHH một thành viên,Ngoài nhà nước,Công nghiệp,"Chế biến, chế tạo",2003,19,Cần Thơ,CN Cần Thơ,2015-10-30,Trần Thanh Nga,11,Thông tư 133/2016/TT-BTC,Không,Đủ,Đang hoạt động,0256682666,lienhe.dn00338@doanhnghiep.vn
DN00495,Doanh nghiệp tư nhân Thương mại Khánh Kim,9125145069,Doanh nghiệp tư nhân,Ngoài nhà nước,Thương mại và dịch vụ,"Bán buôn, bán lẻ",2018,48,Hà Nội,CN Cầu Giấy,2020-06-10,Lê Ngọc Cường,9,Thông tư 133/2016/TT-BTC,Không,Đủ,Đang hoạt động,0921236882,lienhe.dn00495@doanhnghiep.vn
DN00202,Công ty Cổ phần Dệt may Mỹ Vinh,9953162164,Công ty cổ phần,Ngoài nhà nước,Công nghiệp,"Chế biến, chế tạo",2011,57,Bình Dương,CN Bình Dương,2013-01-21,Hoàng Văn Yến,8,Thông tư 133/2016/TT-BTC,Không,Đủ,Đang hoạt động,0382413632,lienhe.dn00202@doanhnghiep.vn
DN00282,Công ty TNHH Thương mại Tổng hợp Bảo Thành,9844583747,Công ty TNHH một thành viên,Ngoài nhà nước,Thương mại và dịch vụ,"Bán buôn, bán lẻ",2021,9,Bình Dương,CN Bình Dương,2025-06-19,Vũ Hữu Sơn,3,Thông tư 132/2018/TT-BTC,Không,Đủ,Đang hoạt động,0360155837,lienhe.dn00282@doanhnghiep.vn
DN00374,Công ty TNHH Thương mại Dịch vụ Minh Hải,9618987758,Công ty TNHH hai thành viên trở lên,Ngoài nhà nước,Thương mại và dịch vụ,"Bán buôn, bán lẻ",2022,47,Hà Nội,CN Hoàn Kiếm,2024-12-24,Dương Đức Nga,7,Thông tư 133/2016/TT-BTC,Không,Đủ,Đang hoạt động,0227428949,lienhe.dn00374@doanhnghiep.vn
DN00247,Công ty TNHH Dệt may Tuấn Toàn,9808659989,Công ty TNHH hai thành viên trở lên,Ngoài nhà nước,Công nghiệp,"Chế biến, chế tạo",2021,228,Cần Thơ,CN Cần Thơ,2024-06-16,Ngô Thanh Phong,11,Thông tư 200/2014/TT-BTC,Có,Đủ,Đang hoạt động,0317970459,lienhe.dn00247@doanhnghiep.vn
DN00092,Doanh nghiệp tư nhân Vận tải Thuận Việt,9244410897,Doanh nghiệp tư nhân,Ngoài nhà nước,Thương mại và dịch vụ,Dịch vụ khác,2024,7,TP Hồ Chí Minh,CN Quận 1,2026-03-06,Trần Hoài Cường,10,Không lập BCTC (nộp thuế theo tỷ lệ % trên doanh thu),Không,Không đủ,Đang hoạt động,0397879269,lienhe.dn00092@doanhnghiep.vn
DN00304,Công ty Cổ phần Du lịch Tiến Gia,9779557462,Công ty cổ phần,Ngoài nhà nước,Thương mại và dịch vụ,Dịch vụ khác,2006,491,TP Hồ Chí Minh,CN TP Hồ Chí Minh,2022-10-03,Đặng Văn Nam,8,Thông tư 200/2014/TT-BTC,Có,Đủ,Ngừng giao dịch,0238987216,lienhe.dn00304@doanhnghiep.vn
DN00220,Công ty Cổ phần Du lịch Trường Bình,9451648301,Công ty cổ phần,Ngoài nhà nước,Thương mại và dịch vụ,Dịch vụ khác,2023,10,TP Hồ Chí Minh,CN TP Hồ Chí Minh,2024-08-10,Phạm Ngọc Sơn,3,Thông tư 132/2018/TT-BTC,Không,Đủ,Đang hoạt động,0200617463,lienhe.dn00220@doanhnghiep.vn
DN00215,Doanh nghiệp tư nhân Xây dựng Bình Tiến,9201838049,Doanh nghiệp tư nhân,Ngoài nhà nước,Xây dựng,Xây dựng,2022,3,Bình Dương,CN Bình Dương,2026-05-24,Trần Ngọc Nga,15,Thông tư 132/2018/TT-BTC,Không,Đủ,Đang hoạt động,0209698612,lienhe.dn00215@doanhnghiep.vn
DN00006,Công ty TNHH Nông sản Vạn Vinh,9314072286,Công ty TNHH hai thành viên trở lên,Ngoài nhà nước,"Nông, lâm nghiệp và thủy sản","Nông, lâm nghiệp và thủy sản",2015,22,Hà Nội,CN Thanh Xuân,2021-12-31,Đặng Văn Thảo,13,Thông tư 133/2016/TT-BTC,Không,Đủ,Đang hoạt động,0269804586,lienhe.dn00006@doanhnghiep.vn
DN00011,Công ty Cổ phần Thương mại Dịch vụ Quang Vạn,9566401434,Công ty cổ phần,Ngoài nhà nước,Thương mại và dịch vụ,"Bán buôn, bán lẻ",2022,27,Hải Phòng,CN Hải Phòng,2022-08-27,Lý Minh Dũng,3,Thông tư 133/2016/TT-BTC,Không,Đủ,Đang hoạt động,0347501920,lienhe.dn00011@doanhnghiep.vn
DN00456,Công ty Cổ phần Phân phối Thịnh Ngọc,9862240292,Công ty cổ phần,Ngoài nhà nước,Thương mại và dịch vụ,"Bán buôn, bán lẻ",2022,31,TP Hồ Chí Minh,CN Quận 1,2023-08-10,Nguyễn Ngọc Tuấn,5,Thông tư 133/2016/TT-BTC,Không,Đủ,Đang hoạt động,0908587627,lienhe.dn00456@doanhnghiep.vn
DN00311,Công ty Cổ phần Phân phối Vạn An,9228084194,Công ty cổ phần,Ngoài nhà nước,Thương mại và dịch vụ,"Bán buôn, bán lẻ",2020,18,TP Hồ Chí Minh,CN TP Hồ Chí Minh,2024-05-06,Vũ Thị Việt,10,Thông tư 133/2016/TT-BTC,Không,Đủ,Đang hoạt động,0219242911,lienhe.dn00311@doanhnghiep.vn
DN00036,Công ty Cổ phần Thương mại Dịch vụ Ngọc An,9179168722,Công ty cổ phần,Ngoài nhà nước,Thương mại và dịch vụ,"Bán buôn, bán lẻ",2016,929,Hải Phòng,CN Hải Phòng,2016-05-04,Phạm Đức Thảo,11,Thông tư 200/2014/TT-BTC,Có,Đủ,Đang hoạt động,0942355234,lienhe.dn00036@doanhnghiep.vn
DN00370,Công ty TNHH Xây dựng và Thương mại Xuân Mỹ,9364786862,Công ty TNHH hai thành viên trở lên,Ngoài nhà nước,Xây Dựng,Xây dựng,2023,3,TP Hồ Chí Minh,CN Quận 1,2023-07-14,Lý Văn Nga,9,Không lập BCTC (nộp thuế theo tỷ lệ % trên doanh thu),Không,Không đủ,Đang hoạt động,0296442022,lienhe.dn00370@doanhnghiep.vn
DN00320,Công ty TNHH Phân phối Hòa Bảo,9778713524,Công ty TNHH một thành viên,Ngoài nhà nước,Thương mại và dịch vụ,"Bán buôn, bán lẻ",2024,9,Bình Dương,CN Bình Dương,2026-02-27,Lê Minh Cường,9,Thông tư 132/2018/TT-BTC,Không,Đủ,Đang hoạt động,0224615860,lienhe.dn00320@doanhnghiep.vn
DN00124,Công ty TNHH Kỹ thuật Xây dựng Nhật Xuân,9046558419,Công ty TNHH một thành viên,Ngoài nhà nước,Xây dựng,Xây dựng,2021,6,Hà Nội,CN Hoàn Kiếm,2025-04-02,Lê Minh Cường,11,Thông tư 132/2018/TT-BTC,Không,Đủ,Đang hoạt động,0323079428,lienhe.dn00124@doanhnghiep.vn
DN00208,Công ty TNHH Công nghệ Mỹ Minh,9552746898,Công ty TNHH một thành viên,Ngoài nhà nước,Thương mại và dịch vụ,Dịch vụ khác,2021,3,Hà Nội,CN Cầu Giấy,2026-07-10,Phạm Thị Thảo,1,Thông tư 132/2018/TT-BTC,Không,Đủ,Đang hoạt động,0926618234,lienhe.dn00208@doanhnghiep.vn
DN00336,Công ty Cổ phần Thương mại Dịch vụ Thịnh Việt,9131716193,Công ty cổ phần,Ngoài nhà nước,Thương mại và dịch vụ,"Bán buôn, bán lẻ",2017,7,Cần Thơ,CN Cần Thơ,2026-08-19,Phạm Văn Long,14,Thông tư 132/2018/TT-BTC,Không,Đủ,Đang hoạt động,0258888579,lienhe.dn00336@doanhnghiep.vn
DN00272,Công ty TNHH Xây dựng và Thương mại Phúc Linh,9594088245,Công ty TNHH một thành viên,Ngoài nhà nước,Xây dựng,Xây dựng,2021,6,Bình Dương,CN Bình Dương,2024-10-24,Lê Thanh Trang,11,Thông tư 132/2018/TT-BTC,Không,Đủ,Đang hoạt động,0957387455,lienhe.dn00272@doanhnghiep.vn
DN00141,Công ty TNHH Nhựa Nhật Bình,9426607906,Công ty TNHH một thành viên,Ngoài nhà nước,Công nghiệp,"Chế biến, chế tạo",2023,883,TP Hồ Chí Minh,CN TP Hồ Chí Minh,2023-03-11,Bùi Thu Lan,12,Thông tư 200/2014/TT-BTC,Có,Đủ,Đang hoạt động,0966067862,lienhe.dn00141@doanhnghiep.vn
DN00039,Công ty TNHH Thương mại Tổng hợp Châu Quang,9111692350,Công ty TNHH một thành viên,Ngoài nhà nước,Thương mại và dịch vụ,"Bán buôn, bán lẻ",2018,7,Hà Nội,CN Thanh Xuân,2025-12-18,Trần Thu Sơn,1,Thông tư 132/2018/TT-BTC,Không,Đủ,Ngừng giao dịch,0282839006,lienhe.dn00039@doanhnghiep.vn
DN00425,Công ty TNHH Thương mại Khánh Hòa,9841204177,Công ty TNHH hai thành viên trở lên,Ngoài nhà nước,Thương mại và dịch vụ,"Bán buôn, bán lẻ",2024,4,Hà Nội,CN Thanh Xuân,2025-04-17,Trần Thanh Yến,15,Thông tư 132/2018/TT-BTC,Không,Đủ,Đang hoạt động,0293169216,lienhe.dn00425@doanhnghiep.vn
DN00482,Doanh nghiệp tư nhân Thương mại Dịch vụ Thành Thuận,9238858580,Doanh nghiệp tư nhân,Ngoài nhà nước,Thương mại và dịch vụ,"Bán buôn, bán lẻ",1993,29,Hà Nội,CN Cầu Giấy,2014-12-23,Lê Quốc Trang,12,Thông tư 133/2016/TT-BTC,Không,Đủ,Đã đóng,0222520194,lienhe.dn00482@doanhnghiep.vn
DN00286,Công ty TNHH Phân phối Hưng Đông,9484798938,Công ty TNHH một thành viên,Ngoài nhà nước,Thương mại và dịch vụ,"Bán buôn, bán lẻ",2017,39,Đà Nẵng,CN Đà Nẵng,2021-08-19,Hoàng Hoài Phong,13,Thông tư 133/2016/TT-BTC,Có,Đủ,Đang hoạt động,0961886171,lienhe.dn00286@doanhnghiep.vn
DN00335,Doanh nghiệp tư nhân Logistics Tiến Phúc,9814993256,Doanh nghiệp tư nhân,Ngoài nhà nước,Thương mại và dịch vụ,Dịch vụ khác,2025,9,Hà Nội,CN Thanh Xuân,2026-08-21,Vũ Đức Phong,12,Thông tư 132/2018/TT-BTC,Không,Không đủ,Đang hoạt động,0257591837,lienhe.dn00335@doanhnghiep.vn
DN00048,Công ty TNHH Thương mại Dịch vụ Đông Kim,9206915687,Công ty TNHH một thành viên,Ngoài nhà nước,Thương mại và dịch vụ,"Bán buôn, bán lẻ",2022,10,Đà Nẵng,CN Đà Nẵng,2026-08-20,Lý Hoài Lan,12,Thông tư 132/2018/TT-BTC,Không,Đủ,Đang hoạt động,0301888923,lienhe.dn00048@doanhnghiep.vn
DN00445,Công ty TNHH Xây dựng và Thương mại Đông Đạt,9654086112,Công ty TNHH một thành viên,Có vốn đầu tư nước ngoài,Xây dựng,Xây dựng,1997,22,Hà Nội,CN Hoàn Kiếm,2014-06-03,Phạm Thu Quân,7,Thông tư 133/2016/TT-BTC,Có,Đủ,Đang hoạt động,0332388273,lienhe.dn00445@doanhnghiep.vn
DN00012,Công ty TNHH Thương mại Dịch vụ Châu Vạn,9238490978,Công ty TNHH một thành viên,Ngoài nhà nước,Thương mại và dịch vụ,"Bán buôn, bán lẻ",2009,12,Hà Nội,CN Cầu Giấy,2012-05-30,Hoàng Hữu An,22,Thông tư 133/2016/TT-BTC,Có,Đủ,Đang hoạt động,0241293005,lienhe.dn00012@doanhnghiep.vn
DN00196,Doanh nghiệp tư nhân Thương mại Dịch vụ Nhật Hòa,9840735845,Doanh nghiệp tư nhân,Ngoài nhà nước,Thương mại và dịch vụ,"Bán buôn, bán lẻ",2023,2,Hà Nội,CN Cầu Giấy,2023-12-16,Đỗ Hữu Phong,12,Thông tư 132/2018/TT-BTC,Không,Đủ,Đã đóng,0911104555,lienhe.dn00196@doanhnghiep.vn
DN00240,Công ty Cổ phần Du lịch Thành Tân,9164992104,Công ty cổ phần,Ngoài nhà nước,Thương mại và dịch vụ,Dịch vụ khác,2024,6,Bình Dương,CN Bình Dương,2024-03-18,Hoàng Văn Thảo,13,Thông tư 132/2018/TT-BTC,Không,Đủ,Đang hoạt động,0961577879,lienhe.dn00240@doanhnghiep.vn
DN00197,Công ty TNHH Vận tải Việt Đông,9832282065,Công ty TNHH hai thành viên trở lên,Ngoài nhà nước,Thương mại và dịch vụ,Dịch vụ khác,2020,69,Hà Nội,CN Cầu Giấy,2023-11-09,Lê Văn Thảo,1,Thông tư 133/2016/TT-BTC,Có,Đủ,Đang hoạt động,0988509918,lienhe.dn00197@doanhnghiep.vn
DN00142,Công ty Cổ phần Thương mại Dịch vụ Mỹ Tuấn,9572564165,Công ty cổ phần,Ngoài nhà nước,Thương mại và dịch vụ,"Bán buôn, bán lẻ",2014,25,Hải Phòng,CN Hải Phòng,2020-05-18,Lý Thu Hùng,8,Thông tư 133/2016/TT-BTC,Có,Đủ,Đang hoạt động,0380830632,lienhe.dn00142@doanhnghiep.vn
DN00052,Công ty TNHH Sản xuất Bảo Sơn,9216729381,Công ty TNHH hai thành viên trở lên,Có vốn đầu tư nước ngoài,Công nghiệp,"Chế biến, chế tạo",2023,15,Hà Nội,CN Hoàn Kiếm,2024-04-16,Lê Thị Yến,3,Thông tư 133/2016/TT-BTC,Có,Đủ,Đang hoạt động,0365713241,lienhe.dn00052@doanhnghiep.vn
DN00490,Công ty TNHH Dịch vụ Nam Việt,9118600626,Công ty TNHH hai thành viên trở lên,Ngoài nhà nước,Thương mại và dịch vụ,Dịch vụ khác,2019,25,Hà Nội,CN Cầu Giấy,2022-01-08,Đặng Thanh Tuấn,13,Thông tư 133/2016/TT-BTC,Không,Đủ,Đang hoạt động,0303863501,lienhe.dn00490@doanhnghiep.vn
DN00073,Công ty TNHH Xây dựng và Thương mại Tân An,9184607688,Công ty TNHH một thành viên,Ngoài nhà nước,Xây dựng,Xây dựng,2018,6,Hà Nội,CN Hoàn Kiếm,2024-04-15,Dương Đức Dũng,19,Thông tư 132/2018/TT-BTC,Không,Đủ,Đang hoạt động,0298051901,lienhe.dn00073@doanhnghiep.vn
DN00412,Công ty TNHH Dịch vụ Yên Hải,9203518331,Công ty TNHH một thành viên,Ngoài nhà nước,Thương mại và dịch vụ,Dịch vụ khác,2022,8,TP Hồ Chí Minh,CN Quận 1,2026-07-30,Trần Hữu Cường,18,Không lập BCTC (nộp thuế theo tỷ lệ % trên doanh thu),Không,Không đủ,Đang hoạt động,0299926460,lienhe.dn00412@doanhnghiep.vn
DN00115,Công ty TNHH Thương mại Tổng hợp Tuấn Thịnh,9050604246,Công ty TNHH hai thành viên trở lên,Ngoài nhà nước,Thương mại và dịch vụ,"Bán buôn, bán lẻ",2021,18,TP Hồ Chí Minh,CN Quận 1,2025-10-21,Lê Thu Thảo,9,Thông tư 133/2016/TT-BTC,Không,Đủ,Đang hoạt động,0368299503,lienhe.dn00115@doanhnghiep.vn
DN00108,Công ty TNHH Thương mại An Toàn,9338477846,Công ty TNHH hai thành viên trở lên,Ngoài nhà nước,thương mại và dịch vụ,"Bán buôn, bán lẻ",2011,9,TP Hồ Chí Minh,CN Quận 1,2012-10-25,Đặng Thu Trang,12,Thông tư 133/2016/TT-BTC,Không,Đủ,Đang hoạt động,0396766637,lienhe.dn00108@doanhnghiep.vn
DN00452,Công ty TNHH Bao bì Phú Thuận,9157704786,Công ty TNHH hai thành viên trở lên,Ngoài nhà nước,Công nghiệp,"Chế biến, chế tạo",2022,10,TP Hồ Chí Minh,CN TP Hồ Chí Minh,2025-10-02,Dương Hoài Yến,4,Thông tư 132/2018/TT-BTC,Không,Đủ,Đang hoạt động,0369258256,lienhe.dn00452@doanhnghiep.vn
DN00103,Công ty Cổ phần Phân phối Khang Xuân,9498871231,Công ty cổ phần,Có vốn đầu tư nước ngoài,Thương mại và dịch vụ,"Bán buôn, bán lẻ",2018,57,Hải Phòng,CN Hải Phòng,2025-02-23,Vũ Ngọc Long,14,Thông tư 133/2016/TT-BTC,Có,Đủ,Đang hoạt động,0344340677,lienhe.dn00103@doanhnghiep.vn
DN00354,Công ty TNHH Dịch vụ Nhật Châu,9352216955,Công ty TNHH một thành viên,Ngoài nhà nước,Thương mại và dịch vụ,Dịch vụ khác,2003,14,Hà Nội,CN Cầu Giấy,2012-10-09,Đặng Hữu Hùng,9,Thông tư 133/2016/TT-BTC,Không,Đủ,Đang hoạt động,0949245652,lienhe.dn00354@doanhnghiep.vn
DN00475,Công ty TNHH Thủy sản Toàn Thịnh,9050472607,Công ty TNHH hai thành viên trở lên,Ngoài nhà nước,"Nông, lâm nghiệp và thủy sản","Nông, lâm nghiệp và thủy sản",2023,8,Bình Dương,CN Bình Dương,2025-09-27,Phạm Thanh Mai,16,Thông tư 132/2018/TT-BTC,Không,Đủ,Đang hoạt động,0933892711,lienhe.dn00475@doanhnghiep.vn
DN00214,Công ty Cổ phần Thương mại Dịch vụ Long Tuấn,9734552648,Công ty cổ phần,Ngoài nhà nước,Thương mại và dịch vụ,"Bán buôn, bán lẻ",2022,3,Cần Thơ,CN Cần Thơ,2022-08-18,Phạm Thanh Sơn,15,Thông tư 132/2018/TT-BTC,Không,Đủ,Đang hoạt động,0988477420,lienhe.dn00214@doanhnghiep.vn
DN00451,Công ty TNHH Du lịch Hải Vạn,9408012487,Công ty TNHH một thành viên,Ngoài nhà nước,Thương mại và dịch vụ,Dịch vụ khác,2021,8,Hà Nội,CN Thanh Xuân,2025-01-15,Đỗ Đức An,9,Thông tư 132/2018/TT-BTC,Không,Đủ,Đang hoạt động,0237606736,lienhe.dn00451@doanhnghiep.vn
DN00042,Công ty TNHH Lâm nghiệp Quang Vinh,9260671485,Công ty TNHH một thành viên,Ngoài nhà nước,"Nông, lâm nghiệp và thủy sản","Nông, lâm nghiệp và thủy sản",2023,2,Hà Nội,CN Cầu Giấy,2023-09-22,Trần Thanh Việt,2,Thông tư 132/2018/TT-BTC,Không,Đủ,Đang hoạt động,0364915177,lienhe.dn00042@doanhnghiep.vn
DN00119,Công ty TNHH Du lịch Việt Đạt,9961721867,Công ty TNHH hai thành viên trở lên,Ngoài nhà nước,Thương mại và dịch vụ,Dịch vụ khác,2020,4,Hà Nội,CN Cầu Giấy,2022-09-09,Lý Thu Việt,11,Thông tư 132/2018/TT-BTC,Không,Đủ,Đang hoạt động,0351881226,lienhe.dn00119@doanhnghiep.vn
DN00065,Công ty Cổ phần Logistics An Phú,9099260658,Công ty cổ phần,Ngoài nhà nước,Thương mại và dịch vụ ,Dịch vụ khác,2011,59,Bình Dương,CN Bình Dương,2022-12-06,Phạm Thu Cường,13,Thông tư 133/2016/TT-BTC,Có,Đủ,Đang hoạt động,0929830166,lienhe.dn00065@doanhnghiep.vn
DN00112,Công ty TNHH Tư vấn Vinh Tuấn,9022865005,Công ty TNHH hai thành viên trở lên,Ngoài nhà nước,Thương mại và dịch vụ,Dịch vụ khác,2022,2,Hà Nội,CN Hoàn Kiếm,2022-06-21,Vũ Ngọc An,5,Thông tư 132/2018/TT-BTC,Không,Đủ,Đang hoạt động,0259127381,lienhe.dn00112@doanhnghiep.vn
DN00367,Công ty TNHH Thương mại Tổng hợp Châu Tân,9711911972,Công ty TNHH một thành viên,Ngoài nhà nước,Thương mại và dịch vụ,"Bán buôn, bán lẻ",2018,26,Bình Dương,CN Bình Dương,2018-09-22,Lê Minh Yến,3,Thông tư 133/2016/TT-BTC,Không,Đủ,Ngừng giao dịch,0911722931,lienhe.dn00367@doanhnghiep.vn
DN00306,Công ty TNHH Kỹ thuật Xây dựng Trung Nam,9302475940,Công ty TNHH một thành viên,Ngoài nhà nước,Xây dựng,Xây dựng,2006,25,Hà Nội,CN Thanh Xuân,2021-10-24,Lý Minh Long,16,Thông tư 133/2016/TT-BTC,Không,Đủ,Đang hoạt động,0399718879,lienhe.dn00306@doanhnghiep.vn
DN00144,Công ty Cổ phần Nông nghiệp Linh Tâm,9731602868,Công ty cổ phần,Ngoài nhà nước,"Nông, lâm nghiệp và thủy sản","Nông, lâm nghiệp và thủy sản",2023,10,Cần Thơ,CN Cần Thơ,2024-08-08,Ngô Thị Sơn,9,Không lập BCTC (nộp thuế theo tỷ lệ % trên doanh thu),Không,Không đủ,Đang hoạt động,0274964616,lienhe.dn00144@doanhnghiep.vn
DN00419,Công ty TNHH Thương mại Dịch vụ Châu Tuấn,9512686026,Công ty TNHH hai thành viên trở lên,Ngoài nhà nước,Thương mại và dịch vụ,"Bán buôn, bán lẻ",2016,25,Hà Nội,CN Cầu Giấy,2024-08-10,Dương Ngọc Trang,13,Thông tư 133/2016/TT-BTC,Không,Đủ,Đang hoạt động,0961954585,lienhe.dn00419@doanhnghiep.vn
DN00123,  CÔNG TY CỔ PHẦN LOGISTICS THUẬN TRUNG ,9881276245,Công ty cổ phần,Ngoài nhà nước,Thương mại và dịch vụ,Dịch vụ khác,2022,28,Bình Dương,CN Bình Dương,2025-09-22,Hoàng Hữu Cường,4,Thông tư 133/2016/TT-BTC,Không,Đủ,Đã đóng,0999375906,lienhe.dn00123@doanhnghiep.vn
