ma_ho_so,nam_cap_tin_dung,nganh_chinh,quy_mo,nhom_bao_cao,co_kiem_toan,tt_hien_hanh,tt_nhanh,vq_htk,ky_thu_tien,hieu_suat_ts,no_tts,no_vcsh,qua_han_du_no,ln_dt,ln_tts,ln_vcsh,nhom_no_cic_cao_nhat_36_thang,so_lan_qua_han_12_thang,diem_tai_chinh,diem_phi_tai_chinh,diem_tin_dung,hang_tin_dung,xau_12_thang
LS00001,2024,Công nghiệp,Vừa,Đủ,Không,1.8452,1.3889,5.5298,94.0423,0.8693,0.458,0.845,0.0,0.0786,0.0684,0.1261,1,0,79.6,87.2,84.54,A,0
LS00002,2022,Công nghiệp,Siêu nhỏ,Đủ,Không,1.8301,1.2222,2.4731,119.1837,0.4324,0.225,0.2903,0.0254,0.0306,0.0132,0.0171,2,0,56.8,62.4,60.44,B,0
LS00003,2022,Thương mại và dịch vụ,Siêu nhỏ,Đủ,Không,1.6824,0.9101,1.8688,125.1303,0.7748,0.4952,0.9809,0.0,0.0088,0.0068,0.0135,1,0,46.8,88.7,74.04,BBB,0
LS00004,2023,Công nghiệp,Siêu nhỏ,Đủ,Không,1.3915,0.5736,2.3081,32.0738,0.8442,0.5415,1.1812,0.0,0.0264,0.0223,0.0485,2,0,57.6,66.17,63.17,BB,0
LS00005,2022,Thương mại và dịch vụ,Vừa,Đủ,Có,1.5526,1.3617,7.0861,152.3676,0.6416,0.5542,1.2433,0.0,0.1325,0.085,0.1908,1,0,73.2,73.2,73.2,BBB,0
LS00006,2023,Thương mại và dịch vụ,Siêu nhỏ,Không đủ,Không,,,,,,,,0.0,,,,1,0,28.0,78.2,65.65,BB,0
LS00007,2024,Thương mại và dịch vụ,Siêu nhỏ,Không đủ,Không,,,,,,,,0.0,,,,1,0,28.0,71.4,60.55,B,0
LS00008,2022,Thương mại và dịch vụ,Nhỏ,Đủ,Có,1.6471,1.0595,6.1416,47.3786,2.073,0.4954,0.9818,0.0,0.0463,0.096,0.1902,1,0,83.6,75.5,79.15,A,0
LS00009,2024,Thương mại và dịch vụ,Siêu nhỏ,Đủ,Không,1.7631,1.2115,3.8635,109.038,1.073,0.4587,0.8473,0.0,0.0,0.0,0.0,1,0,60.0,72.23,67.95,BB,0
LS00010,2023,Thương mại và dịch vụ,Siêu nhỏ,Đủ,Không,3.7905,1.6667,2.1704,47.5479,0.8671,0.1744,0.2113,0.0,0.0153,0.0133,0.0161,1,0,72.0,83.3,79.34,A,0
LS00011,2023,Thương mại và dịch vụ,Nhỏ,Đủ,Không,1.41,0.9989,6.6385,66.9337,1.7869,0.5672,1.3104,0.0,0.016,0.0285,0.0659,1,0,68.4,58.13,61.73,B,0
LS00012,2024,Thương mại và dịch vụ,Siêu nhỏ,Đủ,Không,2.109,1.4226,3.3071,123.1029,1.0363,0.4207,0.7262,0.0,0.0312,0.0323,0.0558,1,0,75.6,79.3,78.0,A,0
LS00013,2025,Thương mại và dịch vụ,Nhỏ,Đủ,Không,2.1356,1.7878,11.0527,86.5224,0.964,0.3767,0.6043,0.0,0.0385,0.0371,0.0595,1,0,80.4,77.6,78.58,A,0
LS00014,2021,Thương mại và dịch vụ,Siêu nhỏ,Đủ,Không,3.164,2.22,2.178,231.5825,0.5022,0.4328,0.7632,0.0,0.162,0.0813,0.1434,1,0,72.0,80.27,77.37,A,0
LS00015,2023,Xây dựng,Siêu nhỏ,Đủ,Không,1.918,1.0754,1.8737,125.4987,0.5804,0.5499,1.2217,0.0,0.0052,0.003,0.0068,1,1,65.6,69.23,67.96,BB,0
LS00016,2021,Công nghiệp,Siêu nhỏ,Không đủ,Không,,,,,,,,0.0,,,,1,0,28.0,64.93,55.7,B,0
LS00017,2023,Công nghiệp,Vừa,Đủ,Có,1.9569,1.0532,4.8028,35.2563,1.5996,0.3053,0.4395,0.0,0.0758,0.1213,0.1746,1,0,94.8,91.27,92.86,AAA,0
LS00018,2022,Thương mại và dịch vụ,Nhỏ,Đủ,Không,2.1013,1.1511,7.9084,33.4296,3.3087,0.6344,1.7353,0.0,0.01,0.0332,0.0907,1,0,73.2,86.3,81.72,A,0
LS00019,2021,Thương mại và dịch vụ,Nhỏ,Đủ,Có,1.795,1.0189,2.4188,128.2578,0.96,0.4686,0.8818,0.0,0.0171,0.0165,0.031,1,0,59.2,63.13,61.36,B,0
LS00020,2021,Thương mại và dịch vụ,Vừa,Đủ,Có,1.1399,0.3756,2.6871,26.9783,1.4904,0.681,2.1345,0.0,0.0256,0.0382,0.1198,1,0,57.2,80.6,70.07,BBB,0
LS00021,2022,Thương mại và dịch vụ,Nhỏ,Đủ,Không,1.3026,0.9221,6.1157,80.1195,1.2706,0.5098,1.0401,0.0,0.0182,0.0231,0.0472,1,0,60.0,81.6,74.04,BBB,0
LS00022,2024,Thương mại và dịch vụ,Nhỏ,Đủ,Không,1.3694,1.2745,15.5104,159.115,0.7236,0.5768,1.363,0.0,0.041,0.0297,0.0701,2,0,61.6,65.43,64.09,BB,0
LS00023,2025,Thương mại và dịch vụ,Siêu nhỏ,Không đủ,Không,,,,,,,,0.0,,,,1,0,28.0,73.07,61.8,B,0
LS00024,2025,Xây dựng,Nhỏ,Đủ,Không,1.6942,1.1165,2.6884,104.698,0.7405,0.508,1.0324,0.0,0.0313,0.0232,0.0471,1,0,86.0,79.67,81.88,A,0
LS00025,2023,Thương mại và dịch vụ,Nhỏ,Đủ,Không,1.1574,0.6304,4.5283,39.6834,1.6154,0.6569,1.9147,0.0,0.01,0.0162,0.0473,1,1,51.2,70.57,63.79,BB,0
LS00026,2025,Thương mại và dịch vụ,Vừa,Đủ,Có,1.3856,0.795,8.022,33.0414,3.1523,0.664,1.9762,0.0267,0.0169,0.0532,0.1583,2,1,70.0,66.07,67.84,BB,0
LS00027,2024,Thương mại và dịch vụ,Nhỏ,Đủ,Không,1.7982,1.1008,5.9759,46.8801,2.2308,0.5274,1.1159,0.0,0.0201,0.0448,0.0948,1,0,78.8,78.83,78.82,A,0
LS00028,2023,Thương mại và dịch vụ,Siêu nhỏ,Đủ,Không,1.9586,1.0296,3.313,65.3662,1.4463,0.4362,0.7736,0.0,0.0054,0.0079,0.0139,1,0,62.0,74.13,69.89,BBB,0
LS00029,2022,Thương mại và dịch vụ,Nhỏ,Đủ,Không,1.2841,0.7987,4.7461,63.0318,1.6163,0.6542,1.8923,0.0,-0.0481,-0.0778,-0.2251,1,2,44.4,70.0,61.04,B,0
LS00030,2022,Thương mại và dịch vụ,Siêu nhỏ,Đủ,Không,2.0229,1.2092,2.6867,126.4606,0.9521,0.3959,0.6552,0.0,0.0,0.0,0.0,1,1,56.0,66.27,62.67,BB,0
LS00031,2021,Xây dựng,Nhỏ,Đủ,Không,1.4459,0.9186,1.369,250.3576,0.4149,0.5045,1.018,0.0,0.0192,0.0079,0.016,2,1,55.6,63.3,60.6,B,0
LS00032,2025,Thương mại và dịch vụ,Nhỏ,Đủ,Không,3.0398,2.5423,6.5787,179.266,1.0848,0.3125,0.4546,0.0,0.0327,0.0355,0.0516,1,1,74.8,68.83,70.92,BBB,0
LS00033,2024,Thương mại và dịch vụ,Nhỏ,Đủ,Không,1.4236,0.7656,3.677,38.5157,1.2904,0.6262,1.6749,0.0,0.0273,0.0352,0.0942,1,1,66.0,70.47,68.9,BB,0
LS00034,2024,Thương mại và dịch vụ,Nhỏ,Đủ,Không,1.1738,0.7208,2.9079,119.8182,1.1222,0.8008,4.0197,0.0,-0.0685,-0.0768,-0.3856,1,0,29.2,73.93,58.28,B,0
LS00035,2022,Thương mại và dịch vụ,Nhỏ,Đủ,Không,1.6545,1.4927,14.7964,101.002,0.8336,0.5986,1.4916,0.0,0.0311,0.0259,0.0646,1,0,68.8,60.77,63.58,BB,0
LS00036,2021,Thương mại và dịch vụ,Nhỏ,Đủ,Không,1.2185,0.7915,7.1973,47.0843,2.4407,0.7185,2.5522,0.0,0.0119,0.0292,0.1036,1,0,61.2,77.4,71.73,BBB,0
LS00037,2021,Xây dựng,Nhỏ,Đủ,Không,1.9191,1.5783,2.3208,402.7073,0.3589,0.402,0.6723,0.0,0.0105,0.0038,0.0063,1,0,60.8,82.0,74.58,BBB,0
LS00038,2025,Xây dựng,Nhỏ,Đủ,Không,1.5159,1.2891,2.2685,542.577,0.2686,0.4493,0.8159,0.0,-0.0156,-0.0042,-0.0076,2,1,54.4,54.93,54.75,B,0
LS00039,2023,Xây dựng,Lớn,Đủ,Có,1.3755,0.9837,1.8291,248.7598,0.463,0.7253,2.6405,0.0,0.0513,0.0237,0.0864,1,0,73.6,76.6,75.25,BBB,0
LS00040,2025,Xây dựng,Siêu nhỏ,Đủ,Không,1.9908,1.4562,2.0517,269.1547,0.4427,0.6497,1.8545,0.0,0.018,0.008,0.0227,1,0,65.2,77.4,73.13,BBB,0
LS00041,2021,Thương mại và dịch vụ,Siêu nhỏ,Không đủ,Không,,,,,,,,0.0,,,,1,0,28.0,78.6,65.95,BB,0
LS00042,2023,Thương mại và dịch vụ,Lớn,Đủ,Có,2.3179,2.1438,13.2861,158.6329,0.8781,0.651,1.8655,0.0,0.0558,0.049,0.1404,1,0,79.2,87.6,83.82,A,0
LS00043,2022,Thương mại và dịch vụ,Nhỏ,Đủ,Không,1.872,1.1448,2.9403,103.6461,0.8957,0.6258,1.6722,0.0,0.0114,0.0102,0.0272,2,1,49.6,80.6,69.75,BBB,0
LS00044,2022,Thương mại và dịch vụ,Lớn,Đủ,Có,1.2135,0.7812,3.1408,122.137,1.1135,0.8795,7.3009,0.0,0.0074,0.0083,0.0687,1,1,38.8,76.07,59.3,B,0
LS00045,2025,Thương mại và dịch vụ,Nhỏ,Đủ,Có,2.5482,1.7107,5.3753,68.8357,1.112,0.1941,0.2409,0.0,0.1013,0.1127,0.1398,1,1,88.0,88.67,88.37,AA,0
LS00046,2024,Thương mại và dịch vụ,Nhỏ,Đủ,Có,1.3982,0.7874,7.1161,32.5326,2.3878,0.5557,1.2506,0.0,0.0082,0.0196,0.0442,1,0,68.4,76.8,73.02,BBB,0
LS00047,2025,Thương mại và dịch vụ,Lớn,Đủ,Có,1.1796,0.6301,2.7543,51.8725,1.0892,0.7856,3.665,0.0,0.0251,0.0273,0.1275,1,0,53.2,65.4,59.91,B,0
LS00048,2023,Thương mại và dịch vụ,Nhỏ,Đủ,Không,1.2477,1.0876,9.2109,132.6909,1.097,0.6282,1.6898,0.0,0.0304,0.0333,0.0897,1,1,64.0,70.93,68.51,BB,0
LS00049,2022,Xây dựng,Siêu nhỏ,Không đủ,Không,,,,,,,,0.0,,,,1,0,28.0,69.53,59.15,B,0
LS00050,2023,Thương mại và dịch vụ,Nhỏ,Đủ,Có,2.0,1.6036,3.6372,218.8541,0.5763,0.531,1.132,0.0,0.0788,0.0454,0.0968,1,0,70.8,74.9,73.06,BBB,0
LS00051,2023,Thương mại và dịch vụ,Siêu nhỏ,Không đủ,Không,,,,,,,,0.0,,,,1,0,28.0,76.13,64.1,BB,0
LS00052,2025,Thương mại và dịch vụ,Nhỏ,Không đủ,Không,1.0584,0.6909,5.5176,65.7953,1.5643,0.6827,2.1517,0.0,0.0242,0.0379,0.1193,1,0,59.2,62.33,61.55,B,0
LS00053,2022,Công nghiệp,Siêu nhỏ,Đủ,Không,16.6875,6.9792,1.9571,54.8168,0.6783,0.0298,0.0307,0.0,0.0,0.0,0.0,1,1,68.8,81.97,77.36,A,0
LS00054,2021,Thương mại và dịch vụ,Nhỏ,Đủ,Không,1.3006,0.7336,5.2391,41.4139,2.0639,0.7014,2.3491,0.0,-0.0686,-0.1416,-0.4743,1,1,48.8,65.17,59.44,B,0
LS00055,2024,Thương mại và dịch vụ,Siêu nhỏ,Đủ,Không,1.399,0.9147,3.1669,125.3584,0.9567,0.6454,1.8197,0.0,-0.1812,-0.1733,-0.4887,1,0,36.4,69.43,57.87,B,0
LS00056,2021,Thương mại và dịch vụ,Nhỏ,Đủ,Không,1.2836,0.7088,2.1848,77.0791,1.0189,0.667,2.0033,0.0,0.0185,0.0189,0.0566,2,0,44.4,61.87,55.75,B,0
LS00057,2024,Thương mại và dịch vụ,Siêu nhỏ,Không đủ,Không,,,,,,,,0.0,,,,1,0,28.0,74.67,63.0,BB,0
LS00058,2022,Thương mại và dịch vụ,Nhỏ,Đủ,Không,2.1344,1.0036,2.3058,63.0882,0.8061,0.472,0.8939,0.0,0.0687,0.0554,0.1049,1,0,73.6,83.3,79.9,A,0
LS00059,2021,Thương mại và dịch vụ,Nhỏ,Đủ,Không,2.1213,0.7759,2.3018,38.4517,1.203,0.549,1.2171,0.0,0.0168,0.0202,0.0447,1,0,64.8,84.6,77.67,A,0
LS00060,2023,Công nghiệp,Vừa,Đủ,Có,0.9623,0.4522,2.7868,56.609,0.9655,0.6216,1.6428,0.0,0.0158,0.0152,0.0402,2,0,46.0,65.73,56.85,B,0
LS00061,2024,Xây dựng,Nhỏ,Đủ,Không,1.8088,1.1044,1.2914,257.2743,0.3998,0.6081,1.5519,0.0,0.008,0.0032,0.0081,1,0,49.2,74.0,65.32,BB,0
LS00062,2021,Thương mại và dịch vụ,Nhỏ,Đủ,Không,1.7093,1.4432,8.7031,135.1073,0.8895,0.4327,0.7626,0.0,0.0354,0.0315,0.0556,1,0,74.8,76.2,75.71,BBB,0
LS00063,2023,Thương mại và dịch vụ,Siêu nhỏ,Đủ,Không,1.4105,0.9284,2.7723,89.3772,0.503,0.6315,1.714,0.0,0.0212,0.0107,0.029,1,0,44.0,80.9,67.99,BB,0
LS00064,2023,Thương mại và dịch vụ,Siêu nhỏ,Đủ,Không,1.2464,0.832,3.9006,109.5817,1.0844,0.821,4.5854,0.0,-0.1503,-0.163,-0.9106,1,0,36.8,68.53,57.43,B,0
LS00065,2023,"Nông, lâm nghiệp và thủy sản",Lớn,Đủ,Có,1.2042,0.573,0.448,200.6976,0.2017,0.8107,4.2821,0.0,0.0619,0.0125,0.066,2,2,44.4,66.47,56.54,B,0
LS00066,2023,Công nghiệp,Vừa,Đủ,Có,1.7739,1.0502,3.3964,57.0005,0.7803,0.6954,2.283,0.0,0.1119,0.0873,0.2866,1,1,74.0,83.47,79.21,A,0
LS00067,2024,Thương mại và dịch vụ,Nhỏ,Đủ,Không,2.1128,1.3471,4.4968,76.3043,1.491,0.3897,0.6386,0.0,0.0217,0.0323,0.0529,1,0,75.2,84.0,80.92,A,0
LS00068,2025,Thương mại và dịch vụ,Nhỏ,Đủ,Không,1.7334,1.0378,2.2402,165.7414,0.8083,0.4701,0.887,0.0,0.0128,0.0103,0.0195,1,0,53.6,71.47,65.21,BB,0
LS00069,2025,Thương mại và dịch vụ,Nhỏ,Đủ,Không,2.1363,1.8816,5.8432,280.8379,0.5285,0.6735,2.0631,0.0,0.0,0.0,0.0,1,1,48.8,70.63,62.99,BB,0
LS00070,2024,Thương mại và dịch vụ,Nhỏ,Đủ,Không,2.5421,1.2699,2.999,53.6284,1.5107,0.3493,0.5369,0.0,0.0339,0.0512,0.0788,1,0,80.0,75.2,76.88,BBB,0
LS00071,2023,Thương mại và dịch vụ,Nhỏ,Đủ,Không,2.0465,1.7466,4.7388,220.9023,0.5604,0.8339,5.0198,0.0,0.0293,0.0164,0.0989,1,0,52.4,68.2,62.67,BB,0
LS00072,2021,Xây dựng,Siêu nhỏ,Đủ,Không,1.9772,0.8949,0.8333,139.2004,0.3415,0.3427,0.5215,0.0,-0.0861,-0.0294,-0.0447,1,0,57.2,68.6,64.61,BB,0
LS00073,2021,Công nghiệp,Nhỏ,Đủ,Không,1.6069,0.9453,6.5899,29.5025,1.6483,0.5763,1.3602,0.0,0.0,0.0,0.0,1,0,69.6,78.7,75.52,BBB,0
LS00074,2022,Công nghiệp,Siêu nhỏ,Không đủ,Không,,,,,,,,0.0,,,,1,0,28.0,84.33,70.25,BB,0
LS00075,2025,Công nghiệp,Siêu nhỏ,Đủ,Không,1.3118,0.5283,2.5464,23.7013,0.8925,0.6401,1.7782,0.0,-0.0238,-0.0212,-0.059,1,0,40.8,79.73,66.11,BB,0
LS00076,2021,Công nghiệp,Vừa,Đủ,Không,1.6257,0.8158,2.1908,50.552,0.7171,0.6746,2.0731,0.0,0.0202,0.0145,0.0445,1,0,48.0,85.9,72.64,BBB,0
LS00077,2023,Thương mại và dịch vụ,Nhỏ,Đủ,Không,1.3568,1.2423,13.1923,159.5767,0.7261,0.5513,1.2288,0.0,0.0289,0.021,0.0468,1,1,60.8,80.67,73.71,BBB,0
LS00078,2025,Thương mại và dịch vụ,Siêu nhỏ,Đủ,Không,2.35,1.75,2.9921,209.736,0.5638,0.4694,0.8846,0.0,-0.0477,-0.0269,-0.0507,1,1,50.0,67.63,61.46,B,0
LS00079,2024,Thương mại và dịch vụ,Vừa,Đủ,Có,1.4504,1.3321,16.4713,125.881,1.1278,0.6006,1.5034,0.0,0.0,0.0,0.0,1,0,62.0,71.8,67.39,BB,0
LS00080,2024,Thương mại và dịch vụ,Nhỏ,Đủ,Không,1.7841,1.2524,4.4289,111.5911,0.9646,0.586,1.4154,0.0,0.0879,0.0848,0.2049,1,0,70.8,80.27,76.95,BBB,0
LS00081,2025,Xây dựng,Siêu nhỏ,Đủ,Không,1.2612,0.8638,1.1292,366.4542,0.3303,0.8013,4.0331,0.0,-0.008,-0.0026,-0.0132,1,0,30.4,71.03,56.81,B,0
LS00082,2025,Thương mại và dịch vụ,Nhỏ,Đủ,Không,1.4759,1.2481,15.1284,75.4786,1.9792,0.5141,1.058,0.0,-0.0339,-0.067,-0.138,1,0,63.2,66.9,65.6,BB,0
LS00083,2021,Thương mại và dịch vụ,Siêu nhỏ,Đủ,Không,2.085,1.305,3.0376,80.3,0.7204,0.5082,1.0333,0.0,0.0482,0.0347,0.0706,1,0,71.6,84.73,80.14,A,0
LS00084,2021,Thương mại và dịch vụ,Nhỏ,Không đủ,Có,1.2142,0.9234,5.9155,111.5287,1.3264,0.7068,2.4111,0.0,-0.0267,-0.0354,-0.1209,2,1,40.4,61.6,56.3,B,0
LS00085,2025,Xây dựng,Vừa,Đủ,Không,1.4601,0.941,1.5372,174.1603,0.4834,0.8865,7.8107,0.0,0.0549,0.0265,0.2339,1,1,63.2,72.87,69.48,BB,0
LS00086,2022,Thương mại và dịch vụ,Lớn,Đủ,Có,1.6632,0.7267,3.5406,30.4287,1.6149,0.4573,0.8425,0.0,0.0304,0.0491,0.0905,1,0,76.0,78.6,77.43,A,0
LS00087,2021,Thương mại và dịch vụ,Siêu nhỏ,Không đủ,Không,0.8075,0.7642,20.0,175.7615,0.6771,0.5521,1.2326,0.0,0.0615,0.0417,0.093,1,1,65.6,61.47,62.5,BB,0
LS00088,2022,Thương mại và dịch vụ,Siêu nhỏ,Không đủ,Không,,,,,,,,0.0,,,,1,1,28.0,76.07,64.05,BB,1
LS00089,2024,Thương mại và dịch vụ,Vừa,Đủ,Không,1.5693,1.1934,3.3464,135.4646,0.5184,0.675,2.0766,0.0,0.0337,0.0175,0.0538,1,1,54.0,75.47,67.95,BB,0
LS00090,2024,Công nghiệp,Siêu nhỏ,Đủ,Không,2.4185,1.2154,1.8913,86.2493,0.551,0.6403,1.7798,0.0,0.0,0.0,0.0,1,0,46.8,78.5,67.4,BB,0
LS00091,2024,Thương mại và dịch vụ,Vừa,Đủ,Có,1.2747,0.7626,6.0058,38.5367,2.4149,0.7666,3.2844,0.0,0.0219,0.0529,0.2267,1,0,65.6,74.13,70.29,BBB,0
LS00092,2023,Công nghiệp,Nhỏ,Đủ,Không,1.5269,0.6007,1.1865,83.9305,0.4602,0.598,1.4874,0.0,0.0361,0.0166,0.0413,1,0,40.4,80.0,66.14,BB,0
LS00093,2025,Thương mại và dịch vụ,Siêu nhỏ,Đủ,Không,1.1788,0.6022,3.6415,49.6066,1.2149,0.5788,1.3741,0.0,-0.0191,-0.0232,-0.055,1,0,43.2,61.4,55.03,B,0
LS00094,2022,Xây dựng,Nhỏ,Đủ,Không,1.6169,1.1463,1.6747,237.0681,0.4451,0.4902,0.9616,0.0,0.0374,0.0166,0.0326,1,0,70.8,68.7,69.44,BB,0
LS00095,2022,Xây dựng,Siêu nhỏ,Đủ,Không,1.6075,1.3205,2.8615,252.491,0.435,0.5021,1.0084,0.0,0.1159,0.0504,0.1013,1,0,83.2,85.83,84.91,AA,0
LS00096,2023,Thương mại và dịch vụ,Siêu nhỏ,Không đủ,Không,,,,,,,,0.0,,,,1,0,28.0,75.8,63.85,BB,0
LS00097,2021,Thương mại và dịch vụ,Vừa,Đủ,Không,0.981,0.7365,11.7995,48.171,2.0722,0.8726,6.8463,0.0,-0.0393,-0.0814,-0.6388,1,1,46.8,66.77,59.78,B,0
LS00098,2025,Thương mại và dịch vụ,Vừa,Đủ,Không,1.0912,0.5546,4.4808,36.3758,1.8769,0.6947,2.2756,0.0,0.0075,0.0141,0.0463,1,0,50.0,80.9,70.09,BBB,1
LS00099,2025,Thương mại và dịch vụ,Siêu nhỏ,Đủ,Không,2.0748,1.2551,4.0373,62.1205,1.3847,0.3745,0.5988,0.0,0.0469,0.065,0.1039,1,1,88.8,80.67,83.51,A,0
LS00100,2023,Thương mại và dịch vụ,Nhỏ,Đủ,Không,1.6002,1.0563,3.2091,80.4199,0.8822,0.4348,0.7693,0.0,0.0941,0.083,0.1469,1,0,77.2,75.6,76.16,BBB,0
LS00101,2025,Thương mại và dịch vụ,Siêu nhỏ,Đủ,Không,1.8548,1.5342,3.3248,287.3092,0.4419,0.5013,1.0053,0.0,0.0462,0.0204,0.0409,1,0,58.8,72.97,68.01,BB,0
LS00102,2023,Thương mại và dịch vụ,Lớn,Đủ,Có,1.209,0.6344,2.0374,82.8821,0.9165,0.6862,2.1866,0.0,0.0574,0.0526,0.1677,1,0,60.0,74.27,67.85,BB,0
LS00103,2025,Thương mại và dịch vụ,Nhỏ,Đủ,Có,1.3249,0.776,3.0551,92.9724,1.1389,0.6123,1.5793,0.0,-0.031,-0.0353,-0.0911,1,1,42.4,79.73,62.93,BB,0
LS00104,2025,Xây dựng,Siêu nhỏ,Đủ,Không,1.825,1.2734,1.8216,212.7281,0.4452,0.4708,0.8897,0.0,0.0283,0.0126,0.0238,1,0,76.4,78.17,77.55,A,0
LS00105,2021,Thương mại và dịch vụ,Nhỏ,Đủ,Có,2.053,1.6595,4.9456,145.747,0.6662,0.4687,0.8822,0.0,0.0327,0.0218,0.041,1,0,69.2,79.27,74.74,BBB,0
LS00106,2022,Xây dựng,Nhỏ,Đủ,Không,1.767,0.8348,1.3097,125.1341,0.6332,0.4814,0.9284,0.0,-0.0362,-0.0229,-0.0442,1,0,61.2,73.3,69.06,BB,0
LS00107,2021,Xây dựng,Nhỏ,Đủ,Có,1.259,0.9737,3.4768,180.1467,0.6607,0.6121,1.5783,0.0,0.0176,0.0116,0.0299,2,1,65.2,54.3,59.21,B,0
LS00108,2024,Thương mại và dịch vụ,Lớn,Đủ,Có,1.6873,1.3789,5.7344,168.1928,0.7135,0.8109,4.2893,0.0,0.047,0.0335,0.1774,1,1,62.0,69.93,66.36,BB,0
LS00109,2025,Công nghiệp,Siêu nhỏ,Không đủ,Không,,,,,,,,0.0,,,,1,0,28.0,64.27,55.2,B,0
LS00110,2025,Thương mại và dịch vụ,Nhỏ,Đủ,Không,3.8228,2.8014,3.6874,161.9961,0.6507,0.5639,1.2933,0.0,0.0366,0.0238,0.0546,1,0,58.8,76.37,70.22,BBB,0
LS00111,2022,Thương mại và dịch vụ,Nhỏ,Đủ,Không,1.595,0.6972,2.9809,27.4946,1.5028,0.6361,1.7477,0.0,0.0063,0.0095,0.026,1,0,49.2,75.23,66.12,BB,0
LS00112,2021,Thương mại và dịch vụ,Siêu nhỏ,Không đủ,Không,,,,,,,,0.0,,,,1,0,28.0,75.0,63.25,BB,0
LS00113,2023,Thương mại và dịch vụ,Siêu nhỏ,Đủ,Không,1.8535,1.0732,2.4575,81.9473,0.9037,0.4524,0.8261,0.0,0.0046,0.0041,0.0076,1,0,58.0,78.93,71.61,BBB,0
LS00114,2023,Công nghiệp,Siêu nhỏ,Đủ,Không,1.1542,0.6958,5.1818,55.2699,1.1025,0.6,1.5,0.0,-0.0555,-0.0612,-0.1529,1,0,46.8,75.47,65.43,BB,0
LS00115,2025,Xây dựng,Siêu nhỏ,Đủ,Không,1.5934,1.1433,2.7547,178.5632,0.5826,0.4228,0.7325,0.0,0.0208,0.0121,0.021,1,0,81.2,63.1,69.44,BB,0
LS00116,2021,Thương mại và dịch vụ,Siêu nhỏ,Đủ,Không,1.8244,1.2514,5.9904,69.8691,1.5584,0.4201,0.7246,0.0,0.0,0.0,0.0,1,0,69.6,74.9,73.04,BBB,0
LS00117,2025,Thương mại và dịch vụ,Siêu nhỏ,Đủ,Không,4.1353,3.7588,13.6719,129.8773,0.9345,0.1392,0.1618,0.0,0.0,0.0,0.0,1,0,70.8,79.6,76.52,BBB,0
LS00118,2023,Thương mại và dịch vụ,Vừa,Đủ,Không,1.9316,1.0551,3.7293,45.9278,1.6293,0.4231,0.7335,0.0,0.0564,0.0919,0.1592,1,0,83.6,70.17,74.87,BBB,0
LS00119,2025,Xây dựng,Siêu nhỏ,Đủ,Không,2.3941,1.7363,2.1126,251.1438,0.4739,0.2892,0.4069,0.0,0.0154,0.0073,0.0102,1,0,76.0,78.3,77.5,A,0
LS00120,2021,Thương mại và dịch vụ,Nhỏ,Đủ,Không,2.5407,1.2693,6.2819,28.7865,2.3221,0.2599,0.3512,0.0,0.0215,0.05,0.0675,1,0,86.4,85.2,85.62,AA,0
LS00121,2025,Xây dựng,Nhỏ,Đủ,Không,1.299,1.0175,1.7884,323.8142,0.4028,0.6854,2.1782,0.0,0.0068,0.0027,0.0087,1,0,40.4,63.57,55.46,B,0
LS00122,2024,Thương mại và dịch vụ,Siêu nhỏ,Không đủ,Không,,,,,,,,0.0,,,,1,0,28.0,79.13,66.35,BB,0
LS00123,2023,Thương mại và dịch vụ,Siêu nhỏ,Đủ,Không,1.5374,1.37,7.7632,237.876,0.595,0.4584,0.8464,0.0,0.0211,0.0126,0.0232,1,0,60.4,82.0,74.44,BBB,0
LS00124,2024,Thương mại và dịch vụ,Nhỏ,Đủ,Có,1.6007,0.9072,5.0285,40.8459,1.7396,0.5747,1.3514,0.0,0.0456,0.0793,0.1865,1,1,78.0,80.27,79.25,A,0
LS00125,2022,Thương mại và dịch vụ,Nhỏ,Đủ,Không,1.6456,0.6465,2.9559,26.0631,1.7167,0.7068,2.4109,0.0,0.0106,0.0181,0.0619,1,0,55.6,79.2,70.94,BBB,0
LS00126,2024,Thương mại và dịch vụ,Nhỏ,Đủ,Không,1.7719,1.6146,12.1536,127.4893,0.7018,0.7417,2.8718,0.0,0.0345,0.0242,0.0938,1,0,60.4,61.87,61.35,B,0
LS00127,2023,Thương mại và dịch vụ,Siêu nhỏ,Không đủ,Không,3.7011,1.9076,4.2727,34.8398,1.6294,0.1921,0.2377,0.0,0.034,0.0553,0.0685,1,0,92.8,70.37,75.97,BB,0
LS00128,2025,Thương mại và dịch vụ,Siêu nhỏ,Không đủ,Không,,,,,,,,0.0,,,,1,0,28.0,66.67,57.0,B,0
LS00129,2023,Thương mại và dịch vụ,Vừa,Đủ,Không,1.443,0.9692,4.6966,72.8768,1.3119,0.7903,3.768,0.0,0.0133,0.0174,0.0829,1,1,50.8,65.73,60.51,B,0
LS00130,2021,Thương mại và dịch vụ,Siêu nhỏ,Đủ,Không,1.5218,1.0026,5.1554,86.6641,1.6532,0.5583,1.2642,0.0,0.0,0.0,0.0,1,0,60.8,71.0,67.43,BB,0
LS00131,2022,Thương mại và dịch vụ,Vừa,Đủ,Không,1.2474,0.9581,8.5991,67.6215,1.8605,0.6611,1.9509,0.0,-0.0168,-0.0312,-0.0922,1,2,52.0,57.27,55.42,B,1
LS00132,2023,Thương mại và dịch vụ,Siêu nhỏ,Đủ,Không,1.4217,0.6804,2.4076,51.9231,1.2182,0.6226,1.6497,0.0,0.0211,0.0257,0.068,1,0,58.8,72.6,67.77,BB,0
LS00133,2024,Xây dựng,Siêu nhỏ,Đủ,Không,1.4717,1.1051,2.5441,229.2714,0.5408,0.5041,1.0164,0.0,0.0251,0.0136,0.0274,1,0,76.8,63.67,68.26,BB,0
LS00134,2023,Thương mại và dịch vụ,Nhỏ,Đủ,Không,1.5143,1.1942,3.4877,206.2041,0.5919,0.5786,1.3732,0.0,-0.0226,-0.0134,-0.0318,1,0,39.2,73.27,61.34,B,0
LS00135,2024,Thương mại và dịch vụ,Nhỏ,Đủ,Không,1.3382,1.0937,6.6511,130.979,0.8144,0.3807,0.6147,0.0,0.0,0.0,0.0,1,1,58.8,68.53,65.13,BB,0
LS00136,2023,Thương mại và dịch vụ,Nhỏ,Đủ,Không,1.8009,0.8747,1.5137,85.5904,0.7886,0.4967,0.9869,0.0,0.0349,0.0275,0.0547,1,0,62.0,68.4,66.16,BB,0
LS00137,2025,Công nghiệp,Siêu nhỏ,Đủ,Không,1.5903,1.1218,7.722,60.8033,1.4897,0.4669,0.8757,0.0,0.0,0.0,0.0,1,0,66.0,67.83,67.19,BB,0
LS00138,2025,Xây dựng,Nhỏ,Đủ,Không,1.4783,1.0984,2.8807,227.0977,0.5074,0.6984,2.3156,0.0,0.0286,0.0145,0.048,1,0,61.2,75.3,70.36,BBB,0
LS00139,2025,Thương mại và dịch vụ,Nhỏ,Đủ,Không,1.7167,1.6237,14.0114,228.0689,0.6058,0.5346,1.1489,0.0,0.0191,0.0115,0.0248,1,0,60.8,67.17,64.94,BB,0
LS00140,2022,Thương mại và dịch vụ,Siêu nhỏ,Đủ,Không,1.3711,1.2427,5.0909,349.8312,0.4126,0.4796,0.9217,0.0209,0.0338,0.0139,0.0268,2,3,54.4,56.5,55.77,B,1
LS00141,2024,Thương mại và dịch vụ,Nhỏ,Đủ,Không,2.1244,0.9842,4.0776,33.0117,1.6738,0.3619,0.5673,0.0,0.0085,0.0143,0.0224,1,0,69.6,84.6,79.35,A,0
LS00142,2022,Thương mại và dịch vụ,Siêu nhỏ,Đủ,Không,1.3172,0.8903,3.7649,112.3406,1.0364,0.5831,1.3985,0.0,-0.0237,-0.0246,-0.0589,1,0,40.4,63.3,55.28,B,0
LS00143,2025,Thương mại và dịch vụ,Siêu nhỏ,Đủ,Không,1.2161,0.9103,3.8346,101.5921,0.5671,0.575,1.3529,0.0,-0.0139,-0.0079,-0.0185,1,1,36.8,65.57,55.5,B,0
LS00144,2023,Thương mại và dịch vụ,Lớn,Đủ,Có,1.4365,1.1938,12.5392,85.2367,1.9642,0.7082,2.4268,0.0626,0.0052,0.0102,0.0351,2,0,56.0,57.7,56.94,B,0
LS00145,2022,Thương mại và dịch vụ,Siêu nhỏ,Đủ,Không,2.328,1.5872,3.3804,113.7662,1.0585,0.374,0.5974,0.0,0.01,0.0106,0.0169,1,0,66.8,80.27,75.55,BBB,0
LS00146,2023,Thương mại và dịch vụ,Siêu nhỏ,Đủ,Không,2.5632,1.4424,4.9768,44.6298,1.9433,0.3212,0.4732,0.0,0.0197,0.0382,0.0563,2,0,88.0,73.53,78.6,A,0
LS00147,2022,Thương mại và dịch vụ,Nhỏ,Đủ,Không,1.2239,1.0547,21.7215,66.6998,1.9343,0.5922,1.4519,0.0,0.0448,0.0866,0.2123,1,1,80.4,70.27,73.81,BBB,0
LS00148,2023,Công nghiệp,Siêu nhỏ,Đủ,Không,10.6364,5.697,2.5153,58.1351,0.7045,0.0469,0.0492,0.0,0.0464,0.0327,0.0343,1,0,80.0,88.9,85.78,AA,0
LS00149,2024,Thương mại và dịch vụ,Nhỏ,Đủ,Không,1.3159,0.9001,5.3412,74.8623,1.6631,0.6602,1.9425,0.0,0.0152,0.0252,0.0742,1,0,57.2,76.0,69.42,BB,0
LS00150,2021,Thương mại và dịch vụ,Nhỏ,Đủ,Không,1.9619,1.1348,4.6563,44.1324,1.6643,0.3831,0.621,0.0,0.0164,0.0272,0.0441,1,0,75.6,74.9,75.14,BBB,0
LS00151,2024,Thương mại và dịch vụ,Nhỏ,Đủ,Không,1.8844,0.8535,1.8785,67.9631,0.9219,0.4155,0.711,0.0,0.0352,0.0325,0.0556,1,0,68.0,78.27,74.67,BBB,0
LS00152,2023,Công nghiệp,Nhỏ,Đủ,Có,1.3391,0.7148,5.2098,30.8924,1.7815,0.4651,0.8694,0.0,0.0,0.0,0.0,1,0,65.2,85.9,76.59,BBB,0
LS00153,2024,"Nông, lâm nghiệp và thủy sản",Nhỏ,Đủ,Có,1.7148,0.5931,1.354,65.0533,0.5017,0.5459,1.2021,0.0,-0.0875,-0.0439,-0.0967,1,0,56.0,62.67,59.67,B,0
LS00154,2024,Thương mại và dịch vụ,Siêu nhỏ,Đủ,Không,2.9297,2.2891,5.561,137.5628,0.737,0.4358,0.7724,0.0,0.0838,0.0617,0.1094,1,0,82.0,82.2,82.13,A,0
LS00155,2025,Thương mại và dịch vụ,Nhỏ,Đủ,Không,1.3754,1.281,10.4131,233.5695,0.5808,0.4591,0.8488,0.0,-0.06,-0.0348,-0.0644,2,0,53.6,62.8,59.58,B,1
LS00156,2021,Thương mại và dịch vụ,Vừa,Đủ,Không,1.4748,1.0915,6.7708,78.745,1.67,0.5737,1.3458,0.0,0.0144,0.0241,0.0566,1,0,67.2,81.93,76.78,BBB,0
LS00157,2025,Thương mại và dịch vụ,Siêu nhỏ,Đủ,Không,2.2813,1.9138,5.3274,197.1093,0.6968,0.2722,0.3741,0.0,0.0,0.0,0.0,2,0,64.8,61.83,62.87,BB,0
LS00158,2022,Xây dựng,Siêu nhỏ,Đủ,Không,1.3354,1.1434,3.9424,348.3428,0.5296,0.6278,1.6867,0.0,-0.0268,-0.0142,-0.0381,2,0,49.6,66.3,60.46,B,0
LS00159,2025,Thương mại và dịch vụ,Siêu nhỏ,Đủ,Không,1.4049,0.8683,2.4773,120.0253,0.7981,0.5518,1.2312,0.0,0.0202,0.0162,0.036,1,0,53.2,71.77,65.27,BB,0
LS00160,2024,Công nghiệp,Nhỏ,Đủ,Không,1.367,0.7319,2.4744,60.9989,0.8387,0.5124,1.0507,0.0,0.0158,0.0133,0.0273,1,0,46.8,73.27,64.0,BB,0
LS00161,2023,Thương mại và dịch vụ,Nhỏ,Đủ,Không,1.6661,1.0568,6.5027,57.6316,2.0168,0.5714,1.3333,0.0,0.0328,0.0662,0.1546,1,0,80.0,73.57,75.82,BBB,0
LS00162,2025,Thương mại và dịch vụ,Nhỏ,Đủ,Không,1.3514,1.0469,8.1414,63.8289,1.5531,0.6108,1.5691,0.0,0.0498,0.0773,0.1985,1,0,76.4,73.37,74.43,BBB,0
LS00163,2024,Công nghiệp,Siêu nhỏ,Không đủ,Không,,,,,,,,0.0,,,,1,0,28.0,82.07,68.55,BB,0
LS00164,2025,Thương mại và dịch vụ,Nhỏ,Đủ,Có,1.2439,0.9532,4.6395,116.5829,0.8645,0.6259,1.6733,0.0,0.0465,0.0402,0.1074,1,0,61.2,80.3,71.7,BBB,0
LS00165,2022,Thương mại và dịch vụ,Siêu nhỏ,Không đủ,Không,,,,,,,,0.0,,,,1,0,28.0,69.47,59.1,B,0
LS00166,2023,Thương mại và dịch vụ,Nhỏ,Đủ,Không,2.2838,1.3249,5.0366,50.1171,1.6693,0.6139,1.5897,0.0,0.0239,0.0399,0.1032,1,0,76.0,74.47,75.0,BBB,0
LS00167,2024,Công nghiệp,Siêu nhỏ,Đủ,Không,1.0952,0.7171,3.0815,85.7613,0.56,0.4053,0.6814,0.0,0.0338,0.0189,0.0319,1,0,58.0,68.57,64.87,BB,0
LS00168,2022,Công nghiệp,Siêu nhỏ,Không đủ,Không,,,,,,,,0.0,,,,1,0,28.0,73.93,62.45,BB,0
LS00169,2022,Thương mại và dịch vụ,Nhỏ,Đủ,Không,1.2556,0.7187,6.1008,30.9872,2.4518,0.6898,2.2237,0.0,-0.067,-0.1644,-0.5299,2,3,48.8,66.2,60.11,B,0
LS00170,2024,Xây dựng,Nhỏ,Đủ,Không,1.6196,1.3252,8.764,79.8013,1.3492,0.8498,5.6597,0.0,-0.135,-0.1821,-1.2129,1,0,58.4,67.9,64.58,BB,0
LS00171,2023,Công nghiệp,Siêu nhỏ,Đủ,Không,1.7456,0.9408,3.4044,42.1875,1.0364,0.4117,0.6998,0.0,0.0,0.0,0.0,1,0,70.0,78.2,75.33,BBB,0
LS00172,2023,Thương mại và dịch vụ,Siêu nhỏ,Đủ,Không,1.2368,1.0537,3.7414,282.3047,0.4025,0.6321,1.7179,0.0,0.0368,0.0148,0.0403,1,0,46.8,67.17,60.04,B,0
LS00173,2024,Thương mại và dịch vụ,Siêu nhỏ,Không đủ,Không,,,,,,,,0.0,,,,1,0,28.0,75.47,63.6,BB,0
LS00174,2021,Thương mại và dịch vụ,Siêu nhỏ,Không đủ,Không,,,,,,,,0.0,,,,1,0,28.0,74.4,62.8,BB,0
LS00175,2025,Xây dựng,Siêu nhỏ,Không đủ,Không,,,,,,,,0.0,,,,1,0,28.0,78.27,65.7,BB,0
LS00176,2024,Thương mại và dịch vụ,Siêu nhỏ,Không đủ,Không,,,,,,,,0.0,,,,1,0,28.0,79.0,66.25,BB,0
LS00177,2021,Thương mại và dịch vụ,Lớn,Đủ,Có,1.2744,1.1685,24.349,83.723,0.9582,0.6356,1.7439,0.0,0.0767,0.0735,0.2017,1,1,78.0,70.07,73.64,BBB,0
LS00178,2023,Công nghiệp,Siêu nhỏ,Đủ,Không,1.3556,0.7465,4.3642,37.5735,1.1866,0.3973,0.6592,0.0,-0.0407,-0.0483,-0.0802,2,0,60.4,61.8,61.31,B,1
LS00179,2025,Thương mại và dịch vụ,Nhỏ,Đủ,Có,1.9643,1.1923,9.5493,32.2746,3.4887,0.4306,0.7563,0.0,0.0085,0.0298,0.0523,1,0,82.0,81.37,81.65,A,0
LS00180,2024,Thương mại và dịch vụ,Nhỏ,Đủ,Không,1.8835,1.5809,7.564,121.2964,0.8753,0.6073,1.5462,0.0,0.0449,0.0393,0.1,1,0,71.6,66.63,68.37,BB,0
LS00181,2025,Xây dựng,Nhỏ,Đủ,Không,1.401,1.0855,3.2945,188.9897,0.6824,0.7815,3.5765,0.0,0.0183,0.0125,0.0571,1,0,61.6,78.77,72.76,BBB,0
LS00182,2024,Công nghiệp,Siêu nhỏ,Đủ,Không,1.2517,0.7985,2.8827,104.0199,0.7457,0.5864,1.4177,0.0,0.0366,0.0273,0.066,1,0,52.4,78.23,69.19,BB,0
LS00183,2025,Thương mại và dịch vụ,Nhỏ,Đủ,Có,1.1946,0.7816,3.5921,102.5734,1.2719,0.775,3.4437,0.0,0.0142,0.018,0.08,1,0,44.0,66.6,56.43,B,0
LS00184,2021,Thương mại và dịch vụ,Siêu nhỏ,Không đủ,Không,,,,,,,,0.0,,,,1,0,28.0,84.0,70.0,BB,0
LS00185,2023,Thương mại và dịch vụ,Vừa,Đủ,Không,1.615,1.4815,11.3981,184.8085,0.7919,0.7482,2.9717,0.0,0.0654,0.0518,0.2058,1,0,70.8,78.6,75.87,BBB,0
LS00186,2023,Thương mại và dịch vụ,Siêu nhỏ,Đủ,Không,1.7805,0.9224,5.0491,28.2829,2.5449,0.5694,1.3225,0.0,0.0,0.0,0.0,1,0,58.4,71.0,66.59,BB,0
LS00187,2023,Thương mại và dịch vụ,Nhỏ,Đủ,Không,1.6761,0.952,2.9524,50.4136,1.0549,0.4384,0.7807,0.0,0.0293,0.0309,0.055,1,0,68.0,80.07,75.84,BBB,0
LS00188,2024,Thương mại và dịch vụ,Nhỏ,Đủ,Không,1.9347,1.7154,14.6051,120.3621,1.276,0.6069,1.5437,0.0,0.0506,0.0646,0.1644,1,0,80.4,74.8,76.76,BBB,0
LS00189,2024,Thương mại và dịch vụ,Lớn,Đủ,Có,1.675,1.2732,6.5498,92.2152,0.8981,0.5507,1.2257,0.0,0.1939,0.1741,0.3876,1,0,84.8,83.27,83.96,A,0
LS00190,2023,Xây dựng,Nhỏ,Đủ,Không,1.3128,0.8283,2.0648,166.3408,0.7466,0.6746,2.073,0.0,0.0,0.0,0.0,2,0,54.8,62.9,60.06,B,0
LS00191,2023,Xây dựng,Lớn,Đủ,Có,1.4316,0.9721,1.7166,235.7007,0.4684,0.77,3.3476,0.0,0.0172,0.0081,0.0351,1,0,55.2,67.93,62.2,BB,0
LS00192,2023,Thương mại và dịch vụ,Nhỏ,Đủ,Có,1.7149,0.8985,8.2445,18.5578,3.2052,0.6416,1.7903,0.0,0.0027,0.0086,0.0241,1,0,60.4,69.07,65.17,BB,0
LS00193,2022,Thương mại và dịch vụ,Siêu nhỏ,Không đủ,Không,,,,,,,,0.0,,,,1,0,28.0,77.13,64.85,BB,0
LS00194,2025,Thương mại và dịch vụ,Siêu nhỏ,Đủ,Không,1.8918,1.3049,6.3911,51.8873,1.7688,0.513,1.0534,0.0,0.0192,0.034,0.0697,1,0,80.4,73.7,76.04,BBB,0
LS00195,2023,Thương mại và dịch vụ,Lớn,Đủ,Có,1.0301,0.8513,8.2461,114.8806,0.9866,0.5399,1.1732,0.0,0.0623,0.0615,0.1336,2,1,70.4,58.8,64.02,BB,0
LS00196,2025,Thương mại và dịch vụ,Siêu nhỏ,Không đủ,Không,,,,,,,,0.0,,,,1,0,28.0,67.07,57.3,B,0
LS00197,2022,Xây dựng,Siêu nhỏ,Không đủ,Không,,,,,,,,0.0,,,,1,0,28.0,74.47,62.85,BB,0
LS00198,2025,Thương mại và dịch vụ,Nhỏ,Đủ,Không,1.5998,1.3897,12.4541,113.7811,0.9854,0.6945,2.273,0.0,0.077,0.0758,0.2483,1,0,71.2,73.2,72.5,BBB,0
LS00199,2022,Thương mại và dịch vụ,Siêu nhỏ,Đủ,Không,18.8,11.6,2.6705,98.0837,1.147,0.0505,0.0532,0.0,-0.0244,-0.028,-0.0295,1,0,62.0,78.3,72.6,BBB,0
LS00200,2024,Thương mại và dịch vụ,Nhỏ,Đủ,Có,1.7675,0.8704,4.2925,37.101,1.9053,0.4544,0.8328,0.0,-0.0256,-0.0488,-0.0895,1,0,63.6,63.27,63.42,BB,0
LS00201,2021,Công nghiệp,Nhỏ,Đủ,Không,0.9911,0.5921,4.7722,46.3266,1.0845,0.602,1.5128,0.0,0.0211,0.0229,0.0575,1,0,53.2,81.8,71.79,BBB,0
LS00202,2022,Thương mại và dịch vụ,Siêu nhỏ,Đủ,Không,1.4884,1.2669,3.0776,334.6901,0.3824,0.6091,1.5584,0.0,0.0877,0.0335,0.0858,1,0,58.0,77.03,70.37,BBB,0
LS00203,2021,Công nghiệp,Siêu nhỏ,Không đủ,Không,,,,,,,,0.0,,,,1,0,28.0,89.6,74.2,BB,0
LS00204,2024,Thương mại và dịch vụ,Siêu nhỏ,Không đủ,Không,,,,,,,,0.0,,,,1,0,28.0,78.47,65.85,BB,0
LS00205,2023,Thương mại và dịch vụ,Nhỏ,Đủ,Có,1.1843,0.8475,6.7849,56.9952,1.7145,0.7106,2.4556,0.0,0.011,0.0189,0.0653,1,0,56.4,67.47,62.49,BB,0
LS00206,2021,Thương mại và dịch vụ,Nhỏ,Đủ,Không,2.1783,1.1515,2.0825,64.7921,0.919,0.397,0.6585,0.0,0.0,0.0,0.0,1,0,63.2,61.1,61.84,B,0
LS00207,2025,Thương mại và dịch vụ,Siêu nhỏ,Đủ,Không,1.477,0.7449,2.0139,95.7188,0.9591,0.5939,1.4627,0.0,0.0,0.0,0.0,1,0,41.6,72.4,61.62,B,0
LS00208,2023,Thương mại và dịch vụ,Nhỏ,Đủ,Không,1.3398,1.0676,8.1172,80.2287,1.0835,0.4019,0.672,0.0,0.0576,0.0625,0.1044,1,0,78.8,70.93,73.69,BBB,0
LS00209,2024,Thương mại và dịch vụ,Siêu nhỏ,Đủ,Không,1.2431,1.2,46.0714,120.7882,1.0171,0.3978,0.6606,0.0,0.0361,0.0367,0.061,1,0,73.6,61.9,66.0,BB,0
LS00210,2024,Xây dựng,Nhỏ,Đủ,Có,1.2697,0.8999,2.1005,239.5897,0.5151,0.602,1.5128,0.0,0.0413,0.0213,0.0535,1,1,65.2,74.8,70.48,BBB,0
LS00211,2023,Thương mại và dịch vụ,Siêu nhỏ,Không đủ,Không,,,,,,,,0.0,,,,1,0,28.0,69.2,58.9,B,0
LS00212,2022,Xây dựng,Nhỏ,Đủ,Không,1.6642,1.1814,2.3657,143.2063,0.6489,0.4692,0.8839,0.0,0.0099,0.0064,0.0121,1,0,69.6,75.9,73.7,BBB,0
LS00213,2023,Thương mại và dịch vụ,Siêu nhỏ,Đủ,Không,1.6368,1.3126,2.6562,246.3412,0.3629,0.646,1.8251,0.0,0.0618,0.0224,0.0634,1,0,50.4,71.27,63.96,BB,0
LS00214,2021,Thương mại và dịch vụ,Lớn,Đủ,Có,1.3775,0.8606,5.1908,69.4015,1.7707,0.6156,1.6012,0.0,0.0323,0.0571,0.1486,1,0,77.2,78.6,77.97,A,0
LS00215,2025,Thương mại và dịch vụ,Nhỏ,Đủ,Không,1.3829,0.9372,2.651,126.6814,0.432,0.6927,2.2537,0.0,0.1419,0.0613,0.1995,1,0,58.0,79.97,72.28,BBB,0
LS00216,2022,Thương mại và dịch vụ,Siêu nhỏ,Đủ,Không,1.1519,0.8761,8.872,76.4236,1.6527,0.6357,1.7453,0.0,-0.0241,-0.0398,-0.1093,1,2,50.8,59.23,56.28,B,0
LS00217,2022,Thương mại và dịch vụ,Nhỏ,Đủ,Có,1.4352,0.655,6.1375,21.6971,2.4459,0.5387,1.1678,0.0,0.0105,0.0256,0.0555,1,0,68.0,75.9,72.34,BBB,0
LS00218,2024,Công nghiệp,Siêu nhỏ,Đủ,Không,1.5856,1.0511,3.6873,92.3805,0.8079,0.3451,0.5269,0.0,0.0342,0.0276,0.0422,1,0,71.6,82.8,78.88,A,0
LS00219,2022,"Nông, lâm nghiệp và thủy sản",Nhỏ,Đủ,Không,0.8912,0.3679,0.72,148.2812,0.2286,0.5222,1.0928,0.0,0.0664,0.0152,0.0318,1,0,56.0,78.87,70.86,BBB,0
LS00220,2023,Công nghiệp,Siêu nhỏ,Đủ,Không,4.5926,2.7863,3.9795,65.9609,1.0908,0.1291,0.1482,0.0,0.0442,0.0482,0.0553,1,0,89.6,83.73,85.79,AA,0
LS00221,2025,Thương mại và dịch vụ,Vừa,Đủ,Có,1.9386,1.5439,5.4376,118.0393,0.8045,0.6174,1.6136,0.0,0.2011,0.1618,0.4228,1,1,76.0,76.43,76.24,BBB,0
LS00222,2024,Thương mại và dịch vụ,Siêu nhỏ,Đủ,Không,1.1344,0.6683,5.5458,41.8291,1.9713,0.6646,1.9819,0.0,-0.0287,-0.0565,-0.1684,1,0,45.2,66.2,58.85,B,0
LS00223,2025,Công nghiệp,Nhỏ,Đủ,Không,2.2036,1.2159,2.843,55.5274,0.7134,0.4533,0.8292,0.0,0.0537,0.0383,0.07,1,0,72.0,71.47,71.65,BBB,0
LS00224,2024,Thương mại và dịch vụ,Nhỏ,Đủ,Không,2.1777,1.201,5.7708,26.2712,2.3582,0.397,0.6585,0.0,0.0098,0.0232,0.0384,1,0,76.8,74.6,75.37,BBB,0
LS00225,2025,Thương mại và dịch vụ,Nhỏ,Đủ,Không,1.2873,1.1152,15.0833,100.9594,1.3063,0.4544,0.8329,0.0,0.0185,0.0241,0.0442,1,0,67.6,69.97,69.14,BB,0
LS00226,2025,Thương mại và dịch vụ,Siêu nhỏ,Đủ,Không,1.8433,1.1167,2.3165,94.0722,0.9541,0.4918,0.9677,0.0,-0.0309,-0.0295,-0.0581,1,0,47.2,63.93,58.08,B,0
LS00227,2022,Xây dựng,Siêu nhỏ,Đủ,Không,1.7402,1.0766,2.2141,135.9396,0.7274,0.4432,0.7961,0.0,0.0262,0.0191,0.0342,2,0,86.0,76.7,79.96,A,0
LS00228,2021,"Nông, lâm nghiệp và thủy sản",Siêu nhỏ,Đủ,Không,1.572,0.7325,1.5343,72.4008,0.4385,0.5477,1.2109,0.0,0.0315,0.0138,0.0305,1,1,71.6,74.97,73.79,BBB,0
LS00229,2023,Thương mại và dịch vụ,Lớn,Đủ,Có,1.6221,1.423,19.3025,61.4831,1.3027,0.5849,1.4092,0.0,0.0381,0.0497,0.1196,1,0,88.0,85.1,86.4,AA,0
LS00230,2024,Thương mại và dịch vụ,Siêu nhỏ,Đủ,Không,1.4351,1.3664,14.1667,224.6997,0.4717,0.5042,1.0171,0.0,0.0,0.0,0.0,1,0,50.4,83.1,71.66,BBB,0
LS00231,2024,Công nghiệp,Siêu nhỏ,Không đủ,Không,,,,,,,,0.0,,,,1,0,28.0,81.4,68.05,BB,0
LS00232,2023,Thương mại và dịch vụ,Nhỏ,Đủ,Không,1.6967,1.0956,4.3743,65.2362,1.5565,0.5326,1.1396,0.0,0.0301,0.0469,0.1003,1,0,74.8,71.87,72.89,BBB,0
LS00233,2024,Thương mại và dịch vụ,Nhỏ,Đủ,Không,1.0613,0.968,6.5505,308.1106,0.435,0.5686,1.318,0.0,0.0563,0.0245,0.0568,1,0,53.2,76.2,68.15,BB,0
LS00234,2022,Thương mại và dịch vụ,Lớn,Đủ,Có,1.4766,0.8817,2.098,101.6916,0.838,0.7622,3.2045,0.0,0.0746,0.0625,0.2628,1,1,62.0,79.53,71.64,BBB,0
LS00235,2023,Thương mại và dịch vụ,Nhỏ,Đủ,Không,1.9639,1.7939,22.0062,96.2001,1.5125,0.8017,4.0435,0.0,-0.0245,-0.037,-0.1867,1,1,54.0,65.93,61.76,B,0
LS00236,2022,Thương mại và dịch vụ,Vừa,Đủ,Không,1.499,0.815,3.968,46.8795,1.3772,0.4804,0.9245,0.0,0.0142,0.0196,0.0378,2,0,64.0,63.7,63.8,BB,0
LS00237,2024,Thương mại và dịch vụ,Siêu nhỏ,Đủ,Không,2.565,1.22,2.1115,68.912,0.9328,0.2985,0.4255,0.0,-0.0192,-0.0179,-0.0255,1,0,60.4,59.27,59.66,B,0
LS00238,2025,Công nghiệp,Siêu nhỏ,Đủ,Không,1.4652,0.9801,5.359,69.7794,0.9592,0.5596,1.2705,0.0,0.0376,0.0361,0.0819,1,0,70.8,67.07,68.37,BB,0
LS00239,2022,Thương mại và dịch vụ,Lớn,Đủ,Có,1.3977,1.1151,11.3926,86.8108,2.0948,0.5968,1.4799,0.0,0.0362,0.0759,0.1881,1,0,88.0,85.2,86.46,AA,0
LS00240,2021,Thương mại và dịch vụ,Lớn,Đủ,Có,1.2643,1.1296,4.8818,245.6212,0.479,0.513,1.0535,0.0,0.033,0.0158,0.0325,1,0,57.6,75.97,67.7,BB,0
LS00241,2024,Thương mại và dịch vụ,Siêu nhỏ,Đủ,Không,3.821,1.5633,1.47,38.3272,0.8844,0.2473,0.3286,0.0,0.0085,0.0076,0.01,1,0,68.8,69.83,69.47,BB,0
LS00242,2021,Công nghiệp,Nhỏ,Đủ,Không,1.1289,0.5844,3.6067,51.2844,1.2197,0.7765,3.4748,0.0513,-0.0094,-0.0114,-0.0511,2,2,31.2,67.17,54.58,B,1
LS00243,2022,Công nghiệp,Siêu nhỏ,Đủ,Không,1.5824,1.3235,8.3636,120.9831,0.5321,0.4413,0.7897,0.0,-0.0174,-0.0093,-0.0166,1,0,50.8,66.4,60.94,B,0
LS00244,2023,Thương mại và dịch vụ,Siêu nhỏ,Không đủ,Không,,,,,,,,0.0,,,,2,0,28.0,77.07,64.8,BB,0
LS00245,2021,Thương mại và dịch vụ,Siêu nhỏ,Không đủ,Không,,,,,,,,0.0,,,,1,0,28.0,67.07,57.3,B,0
LS00246,2022,Thương mại và dịch vụ,Siêu nhỏ,Không đủ,Không,,,,,,,,0.0,,,,1,0,28.0,72.8,61.6,B,0
LS00247,2025,Thương mại và dịch vụ,Nhỏ,Đủ,Có,24.931,13.2672,6.0207,33.5078,2.366,0.03,0.0309,0.0,0.0353,0.0834,0.086,1,0,91.2,79.2,84.6,A,0
LS00248,2022,Công nghiệp,Nhỏ,Đủ,Không,2.2469,1.2325,3.7746,28.8871,1.1332,0.4116,0.6996,0.0,0.0356,0.0404,0.0687,1,0,77.2,80.47,79.32,A,0
LS00249,2025,Xây dựng,Siêu nhỏ,Đủ,Không,1.2398,0.695,1.6389,127.75,0.551,0.5379,1.164,0.0,0.0125,0.0069,0.0149,1,0,57.2,58.37,57.96,B,0
LS00250,2024,Thương mại và dịch vụ,Siêu nhỏ,Đủ,Không,2.27,1.4325,3.1159,79.0789,1.0618,0.403,0.675,0.0,0.0147,0.0156,0.0262,1,0,68.0,82.47,77.4,A,0
LS00251,2024,Thương mại và dịch vụ,Nhỏ,Đủ,Không,2.2221,1.6916,8.8581,70.241,1.8294,0.4403,0.7866,0.0,0.0271,0.0496,0.0887,1,0,84.0,80.4,81.66,A,0
LS00252,2021,Công nghiệp,Lớn,Đủ,Có,2.0778,1.3209,4.4368,50.1228,0.9856,0.4653,0.8702,0.0,0.1555,0.1533,0.2867,1,0,94.0,78.8,85.64,AA,0
LS00253,2025,Thương mại và dịch vụ,Siêu nhỏ,Đủ,Không,2.544,1.392,1.7326,153.6501,0.7109,0.3157,0.4613,0.0,0.0089,0.0063,0.0092,1,1,59.2,74.27,68.99,BB,0
LS00254,2024,Thương mại và dịch vụ,Lớn,Đủ,Có,1.267,1.0791,4.5696,191.9254,0.559,0.7294,2.6949,0.0,0.0591,0.033,0.122,1,0,57.6,82.2,71.13,BBB,0
LS00255,2023,Công nghiệp,Nhỏ,Đủ,Không,1.2355,1.0418,22.7048,46.9546,2.065,0.5356,1.1533,0.0,0.0446,0.0921,0.1982,1,0,80.4,73.8,76.11,BBB,0
LS00256,2021,Công nghiệp,Siêu nhỏ,Đủ,Không,2.1007,1.4645,3.1367,156.3781,0.5865,0.5508,1.226,0.0,0.0,0.0,0.0,1,0,50.8,92.6,77.97,A,0
LS00257,2025,Công nghiệp,Vừa,Đủ,Có,1.9555,0.988,3.5728,35.7031,1.1424,0.5526,1.235,0.0,0.0781,0.0892,0.1995,1,1,85.2,80.47,82.6,A,1
LS00258,2023,Công nghiệp,Lớn,Đủ,Có,1.7516,0.8825,2.5887,63.2344,0.942,0.483,0.9343,0.0,0.0465,0.0438,0.0848,1,0,75.2,87.57,82.0,A,0
LS00259,2022,Thương mại và dịch vụ,Lớn,Đủ,Có,1.2845,0.6929,4.8262,33.978,2.0584,0.6519,1.8726,0.0,0.0,0.0,0.0,1,0,61.6,73.8,68.31,BB,1
LS00260,2022,"Nông, lâm nghiệp và thủy sản",Nhỏ,Đủ,Không,1.227,0.8243,4.283,97.2626,0.7536,0.7755,3.4537,0.0,0.0,0.0,0.0,1,0,54.8,70.9,65.26,BB,0
LS00261,2025,Thương mại và dịch vụ,Vừa,Đủ,Không,1.7721,1.008,6.3453,30.1694,2.6413,0.7139,2.4952,0.0,0.0081,0.0214,0.075,2,0,63.2,72.9,69.51,BB,0
LS00262,2024,Thương mại và dịch vụ,Nhỏ,Đủ,Có,1.2501,0.6955,3.0054,63.8042,1.1147,0.6698,2.0283,0.0,0.0044,0.0049,0.0149,1,1,43.6,77.53,62.26,BB,0
LS00263,2024,Công nghiệp,Nhỏ,Đủ,Không,1.5198,1.1984,11.3177,70.8705,1.0669,0.5755,1.3557,0.0,-0.0173,-0.0184,-0.0434,2,0,56.8,79.93,71.84,BBB,0
LS00264,2024,Thương mại và dịch vụ,Siêu nhỏ,Đủ,Không,4.7313,3.2455,3.9583,96.3772,1.0678,0.1518,0.1789,0.0,0.0338,0.0361,0.0425,1,0,81.6,67.67,72.54,BBB,0
LS00265,2022,Xây dựng,Lớn,Đủ,Có,1.0892,0.7588,2.3037,205.608,0.5043,0.6162,1.6056,0.0,0.069,0.0348,0.0907,1,0,78.8,69.9,73.9,BBB,0
LS00266,2023,Thương mại và dịch vụ,Siêu nhỏ,Không đủ,Không,,,,,,,,0.0,,,,1,0,28.0,78.0,65.5,BB,0
LS00267,2025,Thương mại và dịch vụ,Nhỏ,Đủ,Không,1.764,1.0657,3.3527,54.8314,1.46,0.7339,2.7577,0.0,0.0188,0.0274,0.103,1,0,57.6,77.63,70.62,BBB,0
LS00268,2022,Xây dựng,Nhỏ,Đủ,Không,1.3994,0.809,2.5684,83.3592,0.8715,0.5768,1.363,0.0,0.0746,0.065,0.1535,1,0,86.0,74.4,78.46,A,0
LS00269,2021,Thương mại và dịch vụ,Nhỏ,Đủ,Không,1.4598,1.2586,5.8658,203.3297,0.5133,0.4966,0.9866,0.0,-0.0303,-0.0155,-0.0309,1,0,47.2,64.5,58.45,B,0
LS00270,2024,Thương mại và dịch vụ,Nhỏ,Đủ,Không,1.2127,0.8194,3.4836,81.3655,1.2385,0.7649,3.2527,0.0,0.0032,0.004,0.017,1,1,39.2,72.63,60.93,B,0
LS00271,2024,Thương mại và dịch vụ,Nhỏ,Đủ,Không,1.4758,0.7594,9.2879,19.3725,4.1153,0.577,1.364,0.0,-0.0052,-0.0214,-0.0506,2,1,58.0,54.5,55.72,B,0
LS00272,2022,Xây dựng,Siêu nhỏ,Đủ,Không,2.2299,1.4257,1.814,217.3398,0.5278,0.61,1.5644,0.0,0.0117,0.0062,0.0159,1,0,64.0,82.0,75.7,BBB,0
LS00273,2022,Xây dựng,Siêu nhỏ,Không đủ,Không,1.5832,1.0565,0.9623,426.2977,0.2756,0.4593,0.8495,0.0,0.0,0.0,0.0,1,0,46.4,64.27,59.8,B,0
LS00274,2024,Thương mại và dịch vụ,Siêu nhỏ,Đủ,Không,1.488,1.284,6.2647,186.5159,0.7027,0.6031,1.5195,0.0,0.0159,0.0112,0.0281,1,0,51.6,71.17,64.32,BB,0
LS00275,2021,Thương mại và dịch vụ,Siêu nhỏ,Đủ,Không,1.5183,1.3665,8.6552,225.474,0.5101,0.298,0.4244,0.0,-0.0153,-0.0078,-0.0111,1,0,55.2,68.6,63.91,BB,0
LS00276,2025,Thương mại và dịch vụ,Nhỏ,Đủ,Không,1.4219,0.9104,2.5551,138.1634,0.8666,0.6124,1.5797,0.0,0.0141,0.0122,0.0315,1,0,46.4,86.27,72.31,BBB,0
LS00277,2021,Thương mại và dịch vụ,Nhỏ,Đủ,Không,1.3913,0.637,2.8653,45.6628,1.5641,0.6563,1.9093,0.0,0.0618,0.0966,0.2811,2,0,64.8,65.9,65.51,BB,0
LS00278,2024,Công nghiệp,Siêu nhỏ,Không đủ,Không,,,,,,,,0.0,,,,1,1,28.0,80.07,67.05,BB,0
LS00279,2025,Thương mại và dịch vụ,Nhỏ,Đủ,Có,1.37,0.6586,2.5718,81.6668,1.0789,0.5819,1.3917,0.0,0.011,0.0119,0.0284,1,1,45.6,80.27,64.67,BB,0
LS00280,2022,Công nghiệp,Nhỏ,Đủ,Không,1.726,1.0594,4.4741,59.5432,1.0556,0.566,1.304,0.0,0.0738,0.0779,0.1796,1,0,79.2,90.2,86.35,AA,0
LS00281,2024,Thương mại và dịch vụ,Siêu nhỏ,Đủ,Không,1.8763,1.0244,3.7873,44.4302,1.6404,0.4566,0.8404,0.0,0.0,0.0,0.0,1,0,66.0,75.47,72.15,BBB,0
LS00282,2023,Thương mại và dịch vụ,Nhỏ,Đủ,Không,1.3929,0.8652,4.5712,61.5848,1.6186,0.5955,1.472,0.0,0.0316,0.0512,0.1266,1,1,66.0,63.8,64.57,BB,0
LS00283,2023,Thương mại và dịch vụ,Siêu nhỏ,Đủ,Không,1.6982,1.4695,7.2533,180.2887,0.5579,0.5746,1.3505,0.0,-0.0392,-0.0219,-0.0514,1,0,43.2,68.6,59.71,B,0
LS00284,2021,Công nghiệp,Nhỏ,Đủ,Không,2.7249,1.7604,4.032,75.7226,0.9844,0.2175,0.278,0.0,-0.0235,-0.0231,-0.0295,1,0,62.0,72.5,68.82,BB,1
LS00285,2024,Thương mại và dịch vụ,Lớn,Đủ,Có,1.4512,1.2916,3.5649,348.4455,0.3347,0.7405,2.8539,0.0,0.0545,0.0182,0.0703,1,0,54.0,70.0,62.8,BB,0
LS00286,2022,Thương mại và dịch vụ,Siêu nhỏ,Đủ,Không,1.1796,0.7263,4.9923,53.7294,1.7856,0.6975,2.3058,0.0,-0.0381,-0.068,-0.2249,2,0,43.2,67.63,59.08,B,0
LS00287,2023,Thương mại và dịch vụ,Siêu nhỏ,Không đủ,Không,,,,,,,,0.0,,,,1,0,28.0,76.6,64.45,BB,0
LS00288,2025,Thương mại và dịch vụ,Siêu nhỏ,Đủ,Không,1.5047,1.1693,7.662,97.7641,1.2219,0.7062,2.4038,0.0,0.0057,0.007,0.0238,1,0,52.0,74.5,66.62,BB,0
LS00289,2023,Thương mại và dịch vụ,Nhỏ,Đủ,Không,1.2846,0.587,4.2948,15.4584,2.0003,0.5778,1.3686,0.0,0.0363,0.0726,0.172,2,0,73.2,68.53,70.17,BBB,0
LS00290,2025,Công nghiệp,Nhỏ,Đủ,Không,1.9209,0.8583,1.0125,62.5695,0.4188,0.3212,0.4732,0.0095,-0.0261,-0.0109,-0.0161,2,1,50.8,63.7,59.18,B,0
LS00291,2021,Thương mại và dịch vụ,Nhỏ,Đủ,Không,1.2804,0.9549,2.5382,202.2178,0.5598,0.5563,1.2537,0.0,0.0938,0.0525,0.1184,2,0,60.8,73.23,68.88,BB,0
LS00292,2021,Công nghiệp,Siêu nhỏ,Không đủ,Không,,,,,,,,0.0,,,,1,0,28.0,76.87,64.65,BB,0
LS00293,2021,Thương mại và dịch vụ,Siêu nhỏ,Đủ,Không,2.2172,1.8755,2.7859,442.4143,0.3486,0.2882,0.405,0.0,-0.0244,-0.0085,-0.0119,1,0,52.0,78.9,69.48,BB,0
LS00294,2021,Công nghiệp,Nhỏ,Không đủ,Không,1.9606,0.765,2.8971,15.1393,1.0066,0.5458,1.2017,0.0,0.036,0.0363,0.0799,1,0,69.2,81.0,78.05,BB,0
LS00295,2022,Thương mại và dịch vụ,Siêu nhỏ,Không đủ,Không,1.7525,0.9051,6.176,10.6182,2.4194,0.5836,1.4014,0.0,0.0273,0.066,0.1585,1,0,76.4,66.73,69.15,BB,0
LS00296,2023,Thương mại và dịch vụ,Vừa,Đủ,Có,1.1631,0.6723,6.3577,29.6318,1.8289,0.5968,1.4802,0.0,0.0057,0.0104,0.0258,1,0,58.0,79.2,69.66,BBB,0
LS00297,2024,Thương mại và dịch vụ,Siêu nhỏ,Không đủ,Không,,,,,,,,0.0,,,,1,0,28.0,73.2,61.9,B,0
LS00298,2025,Công nghiệp,Nhỏ,Đủ,Có,1.6549,0.7566,1.5945,81.7191,0.6434,0.3886,0.6356,0.0,0.059,0.038,0.0621,1,0,62.0,75.57,69.46,BB,0
LS00299,2023,Công nghiệp,Nhỏ,Đủ,Không,1.6702,1.0357,3.4919,75.5714,0.8785,0.5146,1.0602,0.0,0.0333,0.0293,0.0603,1,0,60.4,90.2,79.77,A,0
LS00300,2023,Công nghiệp,Siêu nhỏ,Đủ,Không,1.0733,0.6838,4.0293,71.2878,0.7763,0.4296,0.7532,0.0,0.0415,0.0322,0.0565,1,1,64.4,68.5,67.06,BB,0
LS00301,2023,Thương mại và dịch vụ,Siêu nhỏ,Đủ,Không,1.282,0.9483,6.4871,79.276,1.2264,0.5155,1.0641,0.0,0.0,0.0,0.0,1,0,55.6,58.77,57.66,B,0
LS00302,2022,Thương mại và dịch vụ,Siêu nhỏ,Đủ,Không,1.0623,0.9016,15.4898,61.9289,1.1296,0.6017,1.5108,0.0,-0.018,-0.0203,-0.0511,1,0,48.8,58.17,54.89,B,0
LS00303,2025,Xây dựng,Siêu nhỏ,Đủ,Không,1.5648,1.2007,2.3707,263.5402,0.462,0.7229,2.6093,0.0,-0.0385,-0.0178,-0.0641,1,0,45.2,76.4,65.48,BB,0
LS00304,2021,Xây dựng,Nhỏ,Đủ,Không,1.2462,0.8778,3.4554,147.8416,0.9184,0.6421,1.794,0.0,0.0408,0.0375,0.1048,1,0,80.4,77.7,78.65,A,0
LS00305,2021,Thương mại và dịch vụ,Siêu nhỏ,Đủ,Không,1.4309,1.2872,7.5926,234.5437,0.4215,0.609,1.5574,0.0,-0.0532,-0.0224,-0.0574,1,0,39.6,63.2,54.94,B,0
LS00306,2024,Thương mại và dịch vụ,Siêu nhỏ,Không đủ,Không,,,,,,,,0.0,,,,2,0,28.0,64.6,55.45,B,0
LS00307,2025,Thương mại và dịch vụ,Nhỏ,Đủ,Không,1.8016,0.7789,5.2465,21.7932,2.8965,0.4812,0.9277,0.0,0.0169,0.049,0.0944,1,0,77.6,78.27,78.03,A,0
LS00308,2021,Thương mại và dịch vụ,Nhỏ,Đủ,Không,1.3384,1.0742,8.2227,73.7,1.2172,0.4568,0.8409,0.0,0.0581,0.0708,0.1303,1,0,80.4,76.8,78.06,A,0
LS00309,2025,Thương mại và dịch vụ,Nhỏ,Đủ,Có,1.1074,0.8768,6.5566,124.5319,0.8287,0.506,1.0245,0.0,0.0424,0.0352,0.0712,1,0,62.8,64.23,63.59,BB,0
LS00310,2021,Thương mại và dịch vụ,Siêu nhỏ,Không đủ,Không,,,,,,,,0.0,,,,1,0,28.0,84.6,70.45,BB,0
LS00311,2025,Thương mại và dịch vụ,Siêu nhỏ,Đủ,Không,1.969,0.9577,2.5223,28.1867,1.2514,0.4343,0.7676,0.0,0.0117,0.0147,0.0259,1,1,65.2,79.07,74.21,BBB,0
LS00312,2024,Thương mại và dịch vụ,Nhỏ,Đủ,Không,1.8853,0.8195,5.0084,20.5002,2.702,0.5504,1.224,0.0,0.0197,0.0532,0.1184,1,0,77.6,81.27,79.98,A,0
LS00313,2021,Thương mại và dịch vụ,Vừa,Đủ,Không,1.1752,0.7574,4.4517,66.7674,1.2345,0.6041,1.526,0.0,0.0496,0.0613,0.1547,1,0,69.6,73.2,71.94,BBB,0
LS00314,2024,Thương mại và dịch vụ,Nhỏ,Đủ,Không,2.1808,1.7383,6.626,94.684,0.9828,0.5115,1.0471,0.0,0.0862,0.0847,0.1733,1,0,84.0,69.27,74.42,BBB,0
LS00315,2022,Thương mại và dịch vụ,Nhỏ,Đủ,Không,2.0488,1.6747,4.9766,212.788,0.612,0.4477,0.8107,0.0,0.0887,0.0543,0.0983,1,0,76.8,80.0,78.88,A,0
LS00316,2025,Xây dựng,Nhỏ,Đủ,Không,1.7507,1.3259,3.7711,215.4021,0.887,0.5205,1.0856,0.0,0.0349,0.0309,0.0645,1,1,86.8,69.63,75.64,BBB,0
LS00317,2023,Xây dựng,Nhỏ,Đủ,Không,1.7223,1.4424,3.0983,352.4768,0.3775,0.3678,0.5819,0.0,0.0089,0.0034,0.0053,1,0,62.8,70.23,67.63,BB,0
LS00318,2024,Công nghiệp,Nhỏ,Đủ,Không,5.058,3.2518,2.8897,118.1944,0.7764,0.1211,0.1378,0.0,0.0684,0.0531,0.0604,1,0,72.0,83.87,79.71,A,0
LS00319,2021,Xây dựng,Siêu nhỏ,Đủ,Không,2.5451,2.0505,2.9309,303.094,0.453,0.2784,0.3859,0.0,0.0571,0.0259,0.0358,1,0,88.4,71.0,77.09,BBB,0
LS00320,2022,Thương mại và dịch vụ,Nhỏ,Đủ,Không,2.1152,1.1592,7.3629,24.928,3.5915,0.4491,0.8153,0.0,-0.0123,-0.0442,-0.0802,2,0,72.4,73.23,72.94,BBB,0
LS00321,2022,Thương mại và dịch vụ,Nhỏ,Đủ,Không,1.5841,1.4051,6.7238,229.2893,0.6261,0.756,3.0985,0.0,0.0479,0.03,0.123,1,0,54.8,87.0,75.73,BBB,0
LS00322,2022,Thương mại và dịch vụ,Siêu nhỏ,Không đủ,Không,,,,,,,,0.0,,,,2,0,28.0,71.53,60.65,B,0
LS00323,2025,Xây dựng,Siêu nhỏ,Đủ,Không,1.4679,0.8278,1.0,122.921,0.4261,0.7262,2.6524,0.0,0.0206,0.0088,0.0321,1,0,56.0,76.97,69.63,BBB,0
LS00324,2024,Thương mại và dịch vụ,Nhỏ,Đủ,Không,1.8815,1.3665,13.7928,45.4576,2.6152,0.4989,0.9957,0.0,0.0153,0.0399,0.0797,1,0,81.2,78.97,79.75,A,0
LS00325,2021,Công nghiệp,Siêu nhỏ,Đủ,Không,1.1797,0.4633,1.5477,52.5327,0.6192,0.4572,0.8422,0.0,-0.0243,-0.015,-0.0277,1,0,39.2,75.83,63.01,BB,1
LS00326,2022,Thương mại và dịch vụ,Nhỏ,Đủ,Không,1.4902,0.6498,3.4471,45.6666,1.5211,0.52,1.0832,0.0,0.0167,0.0254,0.053,1,0,61.6,78.3,72.46,BBB,0
LS00327,2025,Thương mại và dịch vụ,Vừa,Đủ,Có,1.5358,0.8624,3.4776,79.0068,1.2769,0.4718,0.8933,0.0,0.0101,0.0129,0.0245,2,0,56.8,66.2,61.97,B,0
LS00328,2023,Xây dựng,Nhỏ,Đủ,Không,1.102,0.6534,2.452,106.1889,0.62,0.6696,2.0262,0.0,-0.0177,-0.011,-0.0332,1,0,47.2,70.3,62.22,BB,0
LS00329,2022,Thương mại và dịch vụ,Siêu nhỏ,Đủ,Không,2.1878,1.384,3.7938,85.8991,1.3477,0.3815,0.6167,0.0,0.0133,0.0179,0.029,2,0,74.0,64.5,67.82,BB,0
LS00330,2025,Thương mại và dịch vụ,Nhỏ,Đủ,Có,1.2078,1.1281,11.8704,211.6618,0.6247,0.4917,0.9672,0.0,-0.0259,-0.0162,-0.0318,1,0,46.4,61.83,54.89,B,0
LS00331,2024,Thương mại và dịch vụ,Vừa,Đủ,Có,1.7838,1.6136,12.1424,146.7961,1.0208,0.5838,1.4025,0.0,0.0424,0.0433,0.1041,1,0,76.0,81.6,79.08,A,0
LS00332,2024,"Nông, lâm nghiệp và thủy sản",Nhỏ,Đủ,Không,1.1422,0.9286,3.2556,222.7007,0.3388,0.4269,0.7449,0.0,0.038,0.0129,0.0225,1,0,70.0,69.9,69.94,BBB,0
LS00333,2022,Công nghiệp,Siêu nhỏ,Không đủ,Không,2.1344,1.1908,3.5942,48.0529,0.8778,0.2099,0.2656,0.0,0.0636,0.0558,0.0706,1,0,90.8,73.67,77.95,BB,0
LS00334,2024,Thương mại và dịch vụ,Siêu nhỏ,Không đủ,Không,,,,,,,,0.0,,,,1,0,28.0,81.0,67.75,BB,0
LS00335,2023,Thương mại và dịch vụ,Nhỏ,Đủ,Không,1.2474,0.8384,4.7642,72.4914,1.3186,0.8277,4.8024,0.0,0.013,0.0172,0.0997,1,0,49.2,70.27,62.89,BB,0
LS00336,2023,Thương mại và dịch vụ,Siêu nhỏ,Đủ,Không,1.3516,1.2852,18.8824,218.3295,0.7654,0.6687,2.0186,0.0,0.1183,0.0905,0.2732,1,1,63.6,73.97,70.34,BBB,0
LS00337,2025,Thương mại và dịch vụ,Siêu nhỏ,Đủ,Không,1.3749,0.494,1.5904,59.3453,0.9163,0.6084,1.5539,0.0,0.0151,0.0138,0.0354,1,0,48.4,65.2,59.32,B,0
LS00338,2023,Thương mại và dịch vụ,Siêu nhỏ,Đủ,Không,1.7461,0.7152,2.8754,27.8548,1.427,0.429,0.7512,0.0,-0.0312,-0.0445,-0.0779,1,0,56.0,63.87,61.11,B,0
LS00339,2022,Xây dựng,Siêu nhỏ,Đủ,Không,2.1458,1.1731,1.0945,164.1563,0.4041,0.3356,0.5051,0.0,0.0382,0.0154,0.0232,1,0,79.6,73.0,75.31,BBB,0
LS00340,2021,Thương mại và dịch vụ,Siêu nhỏ,Đủ,Không,1.8445,1.2195,4.2293,101.4746,1.199,0.4157,0.7115,0.0,-0.0148,-0.0177,-0.0304,1,0,57.2,62.77,60.82,B,0
LS00341,2023,Xây dựng,Vừa,Đủ,Có,1.3346,0.8213,1.3247,182.3066,0.4679,0.731,2.7181,0.0,0.0532,0.0249,0.0925,1,0,60.4,67.6,64.36,BB,0
LS00342,2021,Thương mại và dịch vụ,Siêu nhỏ,Đủ,Không,2.426,2.3145,29.6986,136.9238,0.9179,0.4771,0.9124,0.0,0.0374,0.0343,0.0657,1,0,81.2,77.87,79.03,A,0
LS00343,2024,Thương mại và dịch vụ,Vừa,Đủ,Không,1.5419,0.6355,3.7815,40.4387,2.0774,0.6987,2.3192,0.0,0.0075,0.0155,0.0514,1,0,54.8,84.73,74.26,BBB,0
LS00344,2025,Thương mại và dịch vụ,Siêu nhỏ,Không đủ,Không,,,,,,,,0.0,,,,1,1,28.0,71.07,60.3,B,0
LS00345,2025,Thương mại và dịch vụ,Siêu nhỏ,Đủ,Không,2.731,1.2852,2.8252,33.7228,1.4123,0.3037,0.4362,0.0,0.0,0.0,0.0,1,0,71.2,80.03,76.94,BBB,0
LS00346,2024,Thương mại và dịch vụ,Vừa,Đủ,Không,1.6535,1.1099,3.9254,95.3604,1.1899,0.5031,1.0126,0.0,0.0149,0.0177,0.0357,1,0,66.8,69.47,68.53,BB,0
LS00347,2021,Thương mại và dịch vụ,Nhỏ,Đủ,Có,1.4097,1.0615,5.6837,81.6406,1.3224,0.527,1.114,0.0614,0.0281,0.0372,0.0786,2,1,60.0,56.9,58.3,B,0
LS00348,2023,Thương mại và dịch vụ,Nhỏ,Đủ,Có,1.4506,0.8426,3.7311,85.7071,1.1525,0.4374,0.7774,0.0,0.0171,0.0197,0.0351,1,0,62.0,81.6,72.78,BBB,0
LS00349,2024,Thương mại và dịch vụ,Siêu nhỏ,Đủ,Không,1.6774,1.1092,1.9877,138.1463,0.6069,0.5838,1.4029,0.0,0.0379,0.023,0.0553,1,0,55.2,78.77,70.52,BBB,0
LS00350,2024,Thương mại và dịch vụ,Siêu nhỏ,Đủ,Không,2.3638,1.4927,3.6301,71.0403,1.0726,0.3148,0.4594,0.0,0.0189,0.0203,0.0296,1,0,75.2,64.03,67.94,BB,0
LS00351,2025,Thương mại và dịch vụ,Vừa,Đủ,Có,1.6078,1.1056,6.791,83.3834,2.0255,0.5576,1.2605,0.0,0.0206,0.0416,0.0941,1,0,75.6,74.2,74.83,BBB,0
LS00352,2022,Thương mại và dịch vụ,Nhỏ,Đủ,Không,1.8858,0.8371,4.7263,22.2357,2.7915,0.4655,0.871,0.0,0.0052,0.0144,0.027,1,0,68.4,76.57,73.71,BBB,0
LS00353,2025,Thương mại và dịch vụ,Vừa,Đủ,Có,1.9214,1.4228,2.1261,188.0213,0.3948,0.6328,1.723,0.0,0.035,0.0138,0.0377,1,0,52.0,78.23,66.43,BB,0
LS00354,2025,Công nghiệp,Siêu nhỏ,Đủ,Không,1.3347,0.6695,2.086,64.0435,0.698,0.5295,1.1252,0.0,0.0356,0.0249,0.0528,1,0,55.2,81.8,72.49,BBB,0
LS00355,2022,Xây dựng,Siêu nhỏ,Đủ,Không,1.1029,0.666,1.2788,226.23,0.4146,0.8649,6.402,0.0,0.0256,0.0106,0.0784,1,0,50.8,78.77,68.98,BB,0
LS00356,2024,Xây dựng,Nhỏ,Đủ,Không,1.3187,0.946,2.3105,203.1621,0.6676,0.6597,1.9387,0.0,0.0161,0.0108,0.0317,1,0,58.8,76.6,70.37,BBB,0
LS00357,2025,Công nghiệp,Siêu nhỏ,Không đủ,Không,,,,,,,,0.0,,,,1,0,28.0,87.6,72.7,BB,0
LS00358,2023,Thương mại và dịch vụ,Vừa,Đủ,Có,3.4644,2.9485,11.3699,98.0849,1.0443,0.135,0.1561,0.0,0.2257,0.2357,0.2725,1,0,90.0,84.6,87.03,AA,0
LS00359,2021,Công nghiệp,Siêu nhỏ,Đủ,Không,1.6313,1.197,6.0891,86.437,1.1315,0.3971,0.6586,0.0,0.0307,0.0347,0.0576,1,1,82.4,86.47,85.04,AA,0
LS00360,2025,Thương mại và dịch vụ,Vừa,Đủ,Không,1.1523,0.9011,7.3414,99.2518,1.3924,0.7288,2.6867,0.0,0.0175,0.0243,0.0897,1,0,53.6,65.37,61.25,B,0
LS00361,2024,Thương mại và dịch vụ,Vừa,Đủ,Không,1.7581,0.868,4.2281,46.4213,1.9509,0.4621,0.859,0.0,0.0164,0.0321,0.0596,1,0,72.8,73.8,73.45,BBB,0
LS00362,2024,Công nghiệp,Siêu nhỏ,Đủ,Không,1.7175,0.7988,1.5092,94.4806,0.5952,0.3541,0.5481,0.0,0.0221,0.0131,0.0203,1,0,52.0,81.67,71.28,BBB,0
LS00363,2021,Thương mại và dịch vụ,Nhỏ,Đủ,Có,1.4063,1.3237,13.7457,209.4517,0.6281,0.5373,1.1612,0.0,0.0,0.0,0.0,1,0,56.0,87.6,73.38,BBB,0
LS00364,2022,Xây dựng,Siêu nhỏ,Không đủ,Không,2.0513,1.6993,8.1528,125.0035,1.0201,0.2934,0.4152,0.0,0.045,0.0459,0.065,1,0,100.0,68.8,76.6,BB,0
LS00365,2022,Thương mại và dịch vụ,Nhỏ,Đủ,Không,1.3834,1.0563,6.5673,82.1569,1.2227,0.5672,1.3103,0.0,0.0271,0.0332,0.0766,1,0,64.4,74.27,70.81,BBB,0
LS00366,2025,Thương mại và dịch vụ,Nhỏ,Đủ,Không,1.3756,0.9152,2.1689,167.0309,0.7227,0.7804,3.5542,0.0,0.0254,0.0184,0.0837,1,0,39.2,82.67,67.45,BB,0
LS00367,2021,Thương mại và dịch vụ,Siêu nhỏ,Đủ,Không,1.7334,1.1841,3.5925,115.0289,1.0071,0.713,2.4842,0.0,-0.0539,-0.0543,-0.1892,1,2,41.2,65.43,56.95,B,0
LS00368,2023,Thương mại và dịch vụ,Siêu nhỏ,Không đủ,Không,,,,,,,,0.0,,,,2,0,28.0,71.33,60.5,B,0
LS00369,2023,Thương mại và dịch vụ,Siêu nhỏ,Đủ,Không,2.1292,1.0896,3.6794,46.6035,1.745,0.6258,1.6721,0.0,-0.0379,-0.0661,-0.1767,2,1,54.8,64.0,60.78,B,0
LS00370,2022,Thương mại và dịch vụ,Nhỏ,Đủ,Không,1.4952,0.7796,4.7447,29.061,1.9881,0.5133,1.0545,0.0,0.0,0.0,0.0,2,0,62.8,72.53,69.13,BB,0
LS00371,2022,Thương mại và dịch vụ,Siêu nhỏ,Đủ,Không,1.3197,1.0794,2.9811,322.5371,0.3653,0.5588,1.2664,0.0,0.0173,0.0063,0.0143,1,0,44.4,61.47,55.49,B,0
LS00372,2025,Thương mại và dịch vụ,Siêu nhỏ,Không đủ,Không,,,,,,,,0.0,,,,1,1,28.0,64.93,55.7,B,0
LS00373,2023,Thương mại và dịch vụ,Lớn,Đủ,Có,1.4583,1.2198,6.6639,165.4798,0.758,0.4646,0.8676,0.0,0.0277,0.021,0.0392,1,0,64.8,71.4,68.43,BB,0
LS00374,2021,Công nghiệp,Siêu nhỏ,Đủ,Không,1.238,0.819,2.8735,132.6352,0.5339,0.4184,0.7193,0.0,0.0881,0.047,0.0808,1,0,63.2,73.8,70.09,BBB,0
LS00375,2022,Công nghiệp,Siêu nhỏ,Không đủ,Không,,,,,,,,0.0,,,,1,0,28.0,71.87,60.9,B,0
LS00376,2025,Thương mại và dịch vụ,Lớn,Đủ,Có,1.4229,0.5995,3.6214,36.8129,2.0493,0.6514,1.8684,0.0,0.0199,0.0407,0.1167,1,0,70.8,72.13,71.53,BBB,0
LS00377,2025,Thương mại và dịch vụ,Siêu nhỏ,Đủ,Không,1.9288,0.7713,2.9012,9.8549,1.2605,0.3616,0.5665,0.0,0.0106,0.0134,0.0209,1,0,66.4,79.93,75.2,BBB,0
LS00378,2021,Thương mại và dịch vụ,Nhỏ,Đủ,Không,1.2323,0.4814,2.252,58.9683,1.4194,0.8387,5.2015,0.0,0.009,0.0128,0.0794,1,0,44.8,59.8,54.55,B,0
LS00379,2023,Công nghiệp,Nhỏ,Đủ,Có,2.7453,1.2395,3.105,47.2943,0.8116,0.4594,0.8498,0.0,0.136,0.1104,0.2042,1,1,82.0,88.87,85.78,AA,0
LS00380,2025,Thương mại và dịch vụ,Siêu nhỏ,Đủ,Không,1.9747,1.4561,6.0436,103.4823,1.4733,0.4268,0.7446,0.0,0.0189,0.0278,0.0485,1,0,78.8,67.47,71.43,BBB,0
LS00381,2023,Xây dựng,Vừa,Đủ,Có,1.4553,1.1399,2.8348,272.071,0.6022,0.6042,1.5267,0.0,0.0206,0.0124,0.0314,2,0,66.0,77.53,72.34,BBB,0
LS00382,2023,Thương mại và dịch vụ,Lớn,Đủ,Có,1.1404,0.9958,3.4317,398.4477,0.398,0.8959,8.6035,0.0,0.0613,0.0244,0.2344,1,1,47.6,63.83,56.53,B,0
LS00383,2023,Xây dựng,Nhỏ,Đủ,Không,1.6292,1.2898,3.0636,294.1701,0.5019,0.6013,1.5083,0.0,0.0669,0.0336,0.0842,1,0,74.4,79.97,78.02,A,0
LS00384,2025,Thương mại và dịch vụ,Nhỏ,Đủ,Không,1.2816,1.1563,9.0462,221.9217,0.6906,0.8277,4.8032,0.0,-0.0338,-0.0233,-0.1354,1,0,35.6,69.2,57.44,B,0
LS00385,2021,Thương mại và dịch vụ,Siêu nhỏ,Đủ,Không,1.4435,0.6595,3.7845,24.155,1.6727,0.5422,1.1845,0.0,0.0092,0.0153,0.0335,1,0,58.8,73.1,68.1,BB,0
LS00386,2025,Công nghiệp,Vừa,Đủ,Có,1.3348,0.6124,3.6642,22.8647,1.2304,0.5153,1.0632,0.0,0.0172,0.0212,0.0437,2,1,62.8,67.4,65.33,BB,0
LS00387,2022,Thương mại và dịch vụ,Nhỏ,Đủ,Không,1.3522,0.6575,2.3393,79.6162,1.1573,0.6152,1.599,0.0,-0.0226,-0.0262,-0.068,1,0,40.8,66.2,57.31,B,1
LS00388,2024,Thương mại và dịch vụ,Siêu nhỏ,Không đủ,Không,2.1168,1.8016,15.1552,69.5009,0.9921,0.4049,0.6804,0.0,0.0,0.0,0.0,1,0,70.8,72.03,71.72,BB,0
LS00389,2024,Thương mại và dịch vụ,Nhỏ,Đủ,Không,0.9284,0.8291,4.6364,351.3256,0.275,0.4987,0.9947,0.0,0.025,0.0069,0.0137,1,0,46.8,77.9,67.02,BB,0
LS00390,2021,Thương mại và dịch vụ,Vừa,Đủ,Có,1.457,0.826,4.7978,53.0822,2.0525,0.6421,1.7942,0.0,0.0225,0.0462,0.1291,1,0,69.6,80.87,75.8,BBB,0
LS00391,2022,Thương mại và dịch vụ,Nhỏ,Đủ,Không,2.2624,1.7689,3.4608,173.8372,0.6665,0.3981,0.6613,0.0,-0.0149,-0.0099,-0.0165,1,0,52.0,73.7,66.1,BB,0
LS00392,2021,Công nghiệp,Lớn,Đủ,Có,1.6307,0.7939,3.3591,40.0615,1.0947,0.655,1.8989,0.0,0.0715,0.0783,0.227,1,1,82.0,70.77,75.82,BBB,0
LS00393,2021,Công nghiệp,Nhỏ,Đủ,Không,1.8857,0.8459,2.1593,68.7575,0.7862,0.4661,0.8731,0.0,0.0488,0.0383,0.0718,1,0,63.2,84.2,76.85,BBB,0
LS00394,2025,Xây dựng,Siêu nhỏ,Không đủ,Không,,,,,,,,0.0,,,,1,1,28.0,69.13,58.85,B,0
LS00395,2023,Xây dựng,Siêu nhỏ,Đủ,Không,1.5383,0.8646,0.6853,416.7265,0.3247,0.5839,1.4034,0.0,0.018,0.0058,0.014,1,0,47.6,81.77,69.81,BBB,0
LS00396,2025,Thương mại và dịch vụ,Lớn,Đủ,Có,1.4875,0.9617,6.1617,50.4783,1.4882,0.7234,2.6157,0.0,0.0405,0.0602,0.2177,1,0,76.4,73.07,74.57,BBB,0
LS00397,2022,Công nghiệp,Nhỏ,Đủ,Không,1.6558,0.8331,4.2036,27.9594,1.2803,0.4011,0.6699,0.0,0.0612,0.0783,0.1308,1,0,88.0,90.2,89.43,AA,0
LS00398,2023,Thương mại và dịch vụ,Siêu nhỏ,Đủ,Không,1.4236,1.3418,9.8889,283.125,0.4531,0.4267,0.7442,0.0,0.0839,0.038,0.0663,1,0,70.4,87.33,81.41,A,0
LS00399,2022,Xây dựng,Siêu nhỏ,Đủ,Không,1.2853,0.8785,1.8125,270.459,0.5075,0.619,1.6245,0.0,0.0426,0.0216,0.0568,1,0,68.4,60.9,63.53,BB,0
LS00400,2021,Thương mại và dịch vụ,Nhỏ,Đủ,Không,3.1972,2.7795,5.8883,173.5048,0.5903,0.175,0.2121,0.0,0.0442,0.0261,0.0316,1,0,68.8,75.23,72.98,BBB,0
LS00401,2021,Thương mại và dịch vụ,Siêu nhỏ,Không đủ,Không,,,,,,,,0.0,,,,1,0,28.0,71.67,60.75,B,0
LS00402,2025,Thương mại và dịch vụ,Vừa,Đủ,Không,1.3217,1.0316,6.9793,104.9221,1.3933,0.5879,1.4268,0.0,0.0588,0.0819,0.1989,1,0,74.4,80.97,78.67,A,0
LS00403,2022,Công nghiệp,Siêu nhỏ,Đủ,Không,1.4182,0.5694,2.4683,41.6281,0.907,0.4408,0.7882,0.0,0.014,0.0127,0.0228,1,0,53.6,85.4,74.27,BBB,0
LS00404,2023,Xây dựng,Nhỏ,Đủ,Không,1.6423,0.9433,1.4771,109.327,0.5134,0.7273,2.6664,0.0,0.0502,0.0258,0.0946,1,0,71.2,71.57,71.44,BBB,0
LS00405,2023,Thương mại và dịch vụ,Nhỏ,Đủ,Không,1.8384,1.6888,17.4043,118.8667,1.0211,0.4908,0.9637,0.0,0.1041,0.1063,0.2087,1,0,82.4,78.27,79.71,A,0
LS00406,2025,Công nghiệp,Nhỏ,Đủ,Không,1.4131,0.8461,4.0287,67.3381,0.9982,0.3927,0.6465,0.0,0.0152,0.0152,0.025,1,0,62.4,72.5,68.96,BB,0
LS00407,2023,Thương mại và dịch vụ,Siêu nhỏ,Đủ,Không,1.4691,1.232,7.2991,124.7111,0.9329,0.4351,0.7701,0.0,-0.0296,-0.0276,-0.0488,1,0,55.6,68.07,63.7,BB,0
LS00408,2021,Thương mại và dịch vụ,Nhỏ,Đủ,Không,1.5274,1.0865,5.0451,76.6418,1.3708,0.6851,2.1754,0.0,0.01,0.0136,0.0433,1,0,52.0,80.9,70.79,BBB,0
LS00409,2022,Thương mại và dịch vụ,Siêu nhỏ,Đủ,Không,1.2394,0.5226,3.1469,28.7172,1.3503,0.5627,1.287,0.0,0.0165,0.0223,0.0511,1,0,56.0,86.3,75.69,BBB,0
LS00410,2022,Thương mại và dịch vụ,Siêu nhỏ,Đủ,Không,2.0123,1.4927,4.432,142.7428,1.0544,0.411,0.6977,0.0,-0.0166,-0.0175,-0.0298,1,0,54.8,62.43,59.76,B,1
LS00411,2025,Thương mại và dịch vụ,Siêu nhỏ,Không đủ,Không,,,,,,,,0.0,,,,1,1,28.0,68.93,58.7,B,0
LS00412,2024,Thương mại và dịch vụ,Siêu nhỏ,Không đủ,Không,,,,,,,,0.0,,,,1,0,28.0,75.27,63.45,BB,0
LS00413,2025,Thương mại và dịch vụ,Vừa,Đủ,Không,1.3962,0.6145,3.6519,29.5467,1.7244,0.5995,1.4972,0.0,0.018,0.0311,0.0776,1,1,67.2,74.6,72.01,BBB,0
LS00414,2025,Thương mại và dịch vụ,Siêu nhỏ,Không đủ,Không,,,,,,,,0.0,,,,1,0,28.0,75.2,63.4,BB,0
LS00415,2023,Thương mại và dịch vụ,Vừa,Đủ,Không,1.2638,0.7587,5.2574,51.8462,2.1722,0.74,2.8462,0.0,-0.0376,-0.0816,-0.3137,1,0,48.4,58.5,54.96,B,0
LS00416,2022,Thương mại và dịch vụ,Vừa,Đủ,Không,1.1313,0.658,2.1564,107.787,0.7469,0.7919,3.8056,0.0,0.0179,0.0134,0.0644,1,0,35.2,76.8,62.24,BB,0
LS00417,2023,Thương mại và dịch vụ,Siêu nhỏ,Đủ,Không,2.3249,1.6512,3.0313,120.1435,0.7079,0.3416,0.5188,0.0,0.1581,0.1119,0.1699,1,0,84.0,84.37,84.24,A,0
LS00418,2022,Thương mại và dịch vụ,Vừa,Đủ,Không,1.2001,0.8114,10.3956,43.7455,2.6418,0.7939,3.8516,0.0,0.0,0.0,0.0,1,1,55.2,62.9,60.2,B,0
LS00419,2024,Thương mại và dịch vụ,Vừa,Đủ,Không,3.9438,3.303,11.981,91.5202,1.0577,0.639,1.77,0.0,0.0938,0.0992,0.2747,1,0,82.0,82.2,82.13,A,0
LS00420,2022,Thương mại và dịch vụ,Siêu nhỏ,Đủ,Không,1.8498,1.7202,18.8636,128.7189,0.6499,0.642,1.7931,0.0,-0.0161,-0.0104,-0.0292,2,1,50.4,59.8,56.51,B,0
LS00421,2021,Thương mại và dịch vụ,Siêu nhỏ,Đủ,Không,1.6201,0.5778,1.9747,39.5417,1.3003,0.5867,1.4195,0.0,0.0167,0.0217,0.0524,1,0,57.2,75.6,69.16,BB,0
LS00422,2022,Thương mại và dịch vụ,Siêu nhỏ,Đủ,Không,2.4239,1.1931,2.3453,59.646,1.1534,0.3537,0.5472,0.0,0.0116,0.0134,0.0207,1,0,68.8,79.93,76.04,BBB,0
LS00423,2022,Công nghiệp,Nhỏ,Đủ,Không,1.1473,0.862,11.3718,48.6044,1.4037,0.908,9.8672,0.0,-0.019,-0.0266,-0.2891,1,0,48.4,69.5,62.12,BB,0
LS00424,2024,Thương mại và dịch vụ,Siêu nhỏ,Không đủ,Không,,,,,,,,0.0,,,,2,0,28.0,64.2,55.15,B,0
LS00425,2025,Thương mại và dịch vụ,Siêu nhỏ,Đủ,Không,1.5389,0.7815,4.8191,25.7543,1.6803,0.4415,0.7906,0.0,0.0,0.0,0.0,1,0,63.2,70.87,68.18,BB,0
LS00426,2024,Thương mại và dịch vụ,Nhỏ,Đủ,Không,1.3383,0.6813,2.6917,80.9289,1.4703,0.8086,4.224,0.0,-0.0258,-0.0379,-0.1981,1,2,34.8,70.13,57.77,B,0
LS00427,2025,Thương mại và dịch vụ,Siêu nhỏ,Không đủ,Không,,,,,,,,0.0,,,,1,0,28.0,68.87,58.65,B,0
LS00428,2021,Thương mại và dịch vụ,Vừa,Đủ,Không,1.196,0.9259,16.2025,36.2782,2.088,0.3877,0.6332,0.0,-0.0126,-0.0263,-0.043,2,0,68.0,55.1,59.62,B,0
LS00429,2023,Thương mại và dịch vụ,Siêu nhỏ,Không đủ,Không,,,,,,,,0.0,,,,1,0,28.0,74.6,62.95,BB,0
LS00430,2021,Xây dựng,Nhỏ,Đủ,Không,1.4189,0.8303,2.3306,108.8437,0.8549,0.5379,1.1639,0.0,0.017,0.0145,0.0314,1,0,72.8,75.3,74.42,BBB,0
LS00431,2025,Xây dựng,Nhỏ,Đủ,Không,1.3199,0.928,2.0134,263.2333,0.5224,0.5637,1.2919,0.0,0.0685,0.0358,0.082,1,0,75.6,60.1,65.53,BB,0
LS00432,2023,Thương mại và dịch vụ,Siêu nhỏ,Đủ,Không,1.5241,0.5201,1.518,52.0767,0.9089,0.5741,1.3478,0.0,0.012,0.011,0.0257,1,0,50.4,74.63,66.15,BB,0
LS00433,2021,Thương mại và dịch vụ,Siêu nhỏ,Không đủ,Không,,,,,,,,0.0,,,,1,0,28.0,73.67,62.25,BB,0
LS00434,2023,Thương mại và dịch vụ,Siêu nhỏ,Đủ,Không,1.7898,0.9953,4.2111,44.7925,1.7238,0.439,0.7825,0.0,0.0,0.0,0.0,1,0,66.4,69.13,68.18,BB,0
LS00435,2023,Thương mại và dịch vụ,Siêu nhỏ,Đủ,Không,1.6994,1.0525,2.2155,150.869,0.8609,0.5591,1.2681,0.0,0.0078,0.0067,0.0152,1,0,48.4,70.57,62.81,BB,0
LS00436,2023,Thương mại và dịch vụ,Nhỏ,Đủ,Không,1.757,0.8719,3.3288,35.7457,1.4088,0.5535,1.2397,0.0,0.013,0.0184,0.0411,1,0,65.2,70.27,68.49,BB,0
LS00437,2022,Thương mại và dịch vụ,Nhỏ,Đủ,Không,5.5487,4.6588,3.266,345.986,0.4763,0.133,0.1534,0.0,0.0312,0.0148,0.0171,1,0,60.0,67.0,64.55,BB,0
LS00438,2021,Thương mại và dịch vụ,Nhỏ,Đủ,Không,2.6094,1.9501,2.7829,165.5297,0.5543,0.2288,0.2966,0.0,0.0789,0.0437,0.0567,1,0,69.6,60.37,63.6,BB,0
LS00439,2022,Công nghiệp,Siêu nhỏ,Đủ,Không,1.7479,1.3333,3.5567,140.3141,0.5768,0.3391,0.5132,0.0,-0.0377,-0.0217,-0.0329,1,3,54.4,56.17,55.55,B,0
LS00440,2021,Công nghiệp,Siêu nhỏ,Đủ,Không,17.44,13.04,2.5182,255.5,0.3962,0.03,0.0309,0.0,0.0212,0.0084,0.0087,1,0,58.8,72.2,67.51,BB,0
LS00441,2023,Công nghiệp,Siêu nhỏ,Đủ,Không,1.8921,1.3859,1.8525,233.299,0.351,0.4125,0.7023,0.0,0.0928,0.0326,0.0554,1,0,65.6,81.53,75.96,BBB,0
LS00442,2023,Thương mại và dịch vụ,Siêu nhỏ,Không đủ,Không,,,,,,,,0.0,,,,1,0,28.0,74.47,62.85,BB,0
LS00443,2022,Thương mại và dịch vụ,Vừa,Đủ,Có,1.3873,0.6775,3.0479,45.5868,1.4186,0.6129,1.5831,0.0,0.0272,0.0386,0.0998,1,0,60.8,62.8,61.9,B,0
LS00444,2024,Công nghiệp,Nhỏ,Đủ,Không,1.257,0.5051,3.031,40.9746,1.1483,0.5656,1.3022,0.0,-0.1029,-0.1182,-0.2721,1,0,46.8,78.03,67.1,BB,0
LS00445,2023,Thương mại và dịch vụ,Nhỏ,Đủ,Không,1.4601,1.2924,11.0223,140.7996,0.9214,0.6134,1.5865,0.0,0.0,0.0,0.0,1,0,56.0,72.2,66.53,BB,0
LS00446,2021,Thương mại và dịch vụ,Siêu nhỏ,Đủ,Không,1.785,1.5668,15.403,86.9048,1.1656,0.2705,0.3708,0.0,0.0249,0.0291,0.0399,1,0,86.4,79.33,81.81,A,0
LS00447,2021,Thương mại và dịch vụ,Vừa,Đủ,Không,1.5353,1.1429,8.3192,62.5683,1.9938,0.5744,1.3498,0.0,0.0,0.0,0.0,2,0,68.0,72.8,71.12,BBB,0
LS00448,2021,Thương mại và dịch vụ,Nhỏ,Đủ,Không,1.172,0.6853,5.2323,48.1776,2.1096,0.733,2.7454,0.0,-0.0518,-0.1092,-0.4092,2,0,41.2,71.53,60.92,B,0
LS00449,2023,Công nghiệp,Siêu nhỏ,Không đủ,Không,,,,,,,,0.0,,,,1,1,28.0,74.73,63.05,BB,0
LS00450,2023,Công nghiệp,Nhỏ,Đủ,Không,1.2971,0.6675,2.5502,76.04,0.8627,0.7375,2.81,0.0,0.0198,0.0171,0.065,1,0,40.8,80.47,66.58,BB,0
LS00451,2021,Thương mại và dịch vụ,Lớn,Đủ,Có,1.1338,1.0405,8.3195,244.1509,0.542,0.7391,2.8324,0.0,-0.0368,-0.0199,-0.0764,2,0,42.0,65.53,54.94,B,0
LS00452,2022,Thương mại và dịch vụ,Siêu nhỏ,Không đủ,Không,2.1733,1.8448,8.989,120.9822,0.9527,0.3475,0.5325,0.0,0.0506,0.0482,0.0739,1,0,88.8,66.0,71.7,BB,0
LS00453,2023,Thương mại và dịch vụ,Siêu nhỏ,Đủ,Không,1.7483,1.5033,3.6622,358.7069,0.3888,0.4715,0.8922,0.0,0.0316,0.0123,0.0233,1,0,59.6,73.33,68.53,BB,0
LS00454,2024,Thương mại và dịch vụ,Siêu nhỏ,Đủ,Không,2.0911,1.2177,2.049,117.0288,0.8484,0.3945,0.6516,0.0,0.0097,0.0083,0.0136,1,2,57.6,74.6,68.65,BB,0
LS00455,2025,Thương mại và dịch vụ,Vừa,Đủ,Không,1.4171,0.9573,7.3567,51.7536,2.172,0.6034,1.5216,0.0,0.0266,0.0578,0.1457,2,0,79.2,63.47,68.97,BB,0
LS00456,2025,Công nghiệp,Siêu nhỏ,Đủ,Không,1.5702,0.6213,2.4081,33.5565,0.9408,0.5129,1.053,0.0,0.0484,0.0455,0.0935,1,0,67.2,77.17,73.68,BBB,0
LS00457,2025,Công nghiệp,Nhỏ,Đủ,Không,1.1619,0.4714,2.4527,49.3673,1.1326,0.5845,1.4065,0.0,0.0229,0.0259,0.0624,1,0,47.2,63.0,57.47,B,0
LS00458,2021,Thương mại và dịch vụ,Nhỏ,Đủ,Không,1.6672,1.5623,11.0733,251.1241,0.52,0.4798,0.9222,0.0,0.0,0.0,0.0,1,1,59.2,77.13,70.86,BBB,0
LS00459,2022,Công nghiệp,Nhỏ,Đủ,Có,1.3492,0.6042,4.5359,39.213,1.0723,0.5308,1.1313,0.0,0.0159,0.0171,0.0364,1,0,57.2,78.43,68.88,BB,0
LS00460,2023,Xây dựng,Siêu nhỏ,Đủ,Không,1.6794,1.2413,1.5471,286.6802,0.3426,0.5347,1.149,0.0,0.0121,0.0042,0.0089,1,0,53.6,85.0,74.01,BBB,0
LS00461,2025,"Nông, lâm nghiệp và thủy sản",Siêu nhỏ,Đủ,Không,1.1695,0.6486,1.0,289.9533,0.2234,0.4284,0.7495,0.0,-0.0673,-0.015,-0.0263,1,0,38.8,66.13,56.57,B,0
LS00462,2025,Thương mại và dịch vụ,Siêu nhỏ,Không đủ,Không,,,,,,,,0.0766,,,,2,0,20.0,67.53,55.65,B,0
LS00463,2024,"Nông, lâm nghiệp và thủy sản",Nhỏ,Đủ,Không,2.2023,1.2251,1.1452,143.7077,0.3222,0.279,0.3869,0.0,0.1051,0.0339,0.047,1,0,86.0,77.7,80.6,A,0
LS00464,2021,Công nghiệp,Lớn,Đủ,Có,1.0571,0.7812,4.241,110.0064,0.7092,0.5759,1.3577,0.0,-0.0119,-0.0084,-0.0198,1,0,46.4,67.7,58.12,B,0
LS00465,2022,Công nghiệp,Lớn,Đủ,Có,1.574,1.0644,7.1783,57.697,1.4433,0.4601,0.8523,0.0,0.1763,0.2544,0.4712,2,0,96.4,82.13,88.55,AA,0
LS00466,2022,Thương mại và dịch vụ,Nhỏ,Đủ,Có,1.419,0.5349,4.8264,21.9699,2.8393,0.624,1.6595,0.0754,0.0,0.0,0.0,2,0,51.2,67.6,60.22,B,0
LS00467,2021,Công nghiệp,Siêu nhỏ,Đủ,Không,1.0964,0.6275,3.1629,56.8581,0.9915,0.6335,1.7286,0.0,0.0,0.0,0.0,1,0,46.0,74.9,64.78,BB,0
LS00468,2024,Công nghiệp,Nhỏ,Đủ,Không,1.5268,0.6767,4.1337,10.857,1.662,0.7905,3.7733,0.0,-0.0261,-0.0433,-0.2068,2,0,50.0,59.43,56.13,B,1
LS00469,2024,Thương mại và dịch vụ,Siêu nhỏ,Đủ,Không,2.9878,1.7531,5.396,47.4474,1.8202,0.2608,0.3529,0.0,0.0182,0.0332,0.0449,1,0,90.0,84.0,86.1,AA,0
LS00470,2021,Thương mại và dịch vụ,Siêu nhỏ,Không đủ,Không,,,,,,,,0.0,,,,1,0,28.0,82.2,68.65,BB,0
LS00471,2023,Xây dựng,Siêu nhỏ,Đủ,Không,2.7884,1.9921,1.8069,292.0,0.5213,0.3064,0.4417,0.0,0.0,0.0,0.0,1,0,68.8,76.4,73.74,BBB,0
LS00472,2021,Thương mại và dịch vụ,Nhỏ,Đủ,Không,1.4409,0.942,6.8122,70.4889,1.7824,0.494,0.9761,0.0,-0.078,-0.139,-0.2747,2,0,57.6,62.17,60.57,B,0
LS00473,2022,Thương mại và dịch vụ,Siêu nhỏ,Không đủ,Không,,,,,,,,0.0,,,,1,0,28.0,70.0,59.5,B,0
LS00474,2022,Thương mại và dịch vụ,Lớn,Đủ,Có,1.2995,1.1562,8.7267,176.9385,0.6622,0.7541,3.0661,0.0,0.0472,0.0313,0.1272,2,0,57.6,61.8,59.91,B,0
LS00475,2021,Thương mại và dịch vụ,Siêu nhỏ,Đủ,Không,2.9434,2.283,5.5429,134.6751,0.7109,0.158,0.1876,0.0,0.0482,0.0343,0.0407,1,0,79.6,81.6,80.9,A,0
LS00476,2023,Xây dựng,Nhỏ,Đủ,Có,1.4582,0.9649,2.7647,97.0285,0.718,0.7558,3.0951,0.0,0.0267,0.0191,0.0784,1,0,68.8,70.6,69.79,BBB,0
LS00477,2024,Thương mại và dịch vụ,Nhỏ,Đủ,Có,1.6966,1.1055,5.3511,65.5503,1.7122,0.5661,1.3049,0.0,0.0075,0.0128,0.0294,1,0,60.0,62.8,61.54,B,0
LS00478,2023,Thương mại và dịch vụ,Siêu nhỏ,Đủ,Không,2.8053,2.4008,8.6415,142.702,0.7803,0.442,0.7922,0.0,0.0704,0.0549,0.0984,2,0,84.0,82.27,82.87,A,0
LS00479,2024,Xây dựng,Nhỏ,Đủ,Có,1.5701,1.0665,3.6534,107.0515,0.9066,0.5835,1.4007,0.0,0.013,0.0118,0.0283,1,0,78.4,79.0,78.73,A,0
LS00480,2021,Thương mại và dịch vụ,Nhỏ,Đủ,Không,1.2946,0.9918,3.6374,158.8783,0.6321,0.6623,1.9611,0.0,0.0942,0.0595,0.1763,1,1,56.4,67.53,63.64,BB,0
LS00481,2024,Công nghiệp,Nhỏ,Đủ,Không,1.9943,1.0627,2.4141,89.1126,0.7651,0.5842,1.4052,0.0,0.0297,0.0227,0.0547,1,0,52.0,76.53,67.95,BB,0
LS00482,2023,Thương mại và dịch vụ,Vừa,Đủ,Có,1.7862,1.4823,11.7023,105.426,1.698,0.5694,1.3226,0.0,0.0239,0.0406,0.0944,2,1,76.8,73.27,74.86,BBB,0
LS00483,2025,Thương mại và dịch vụ,Siêu nhỏ,Đủ,Không,1.5569,1.3176,10.6639,115.8074,1.435,0.5183,1.0759,0.0,0.0149,0.0213,0.0443,1,0,70.0,66.6,67.79,BB,0
LS00484,2021,Thương mại và dịch vụ,Nhỏ,Đủ,Không,1.0956,0.7537,2.0911,231.4038,0.3783,0.6277,1.6863,0.0,0.0408,0.0154,0.0415,2,0,44.0,73.43,63.13,BB,0
LS00485,2023,Thương mại và dịch vụ,Nhỏ,Đủ,Không,2.2433,1.8686,8.8799,92.4104,0.9889,0.7625,3.2106,0.0,0.0561,0.0554,0.2335,1,0,68.8,82.7,77.84,A,0
LS00486,2024,Thương mại và dịch vụ,Siêu nhỏ,Đủ,Không,1.4695,0.6585,3.0902,24.0703,1.4275,0.5062,1.025,0.0,-0.0757,-0.108,-0.2188,1,1,48.8,62.23,57.53,B,1
LS00487,2021,"Nông, lâm nghiệp và thủy sản",Siêu nhỏ,Đủ,Không,1.3968,1.0265,5.2143,92.1446,0.6528,0.4576,0.8437,0.0364,-0.0392,-0.0256,-0.0472,2,1,55.6,54.87,55.12,B,0
LS00488,2022,Xây dựng,Siêu nhỏ,Không đủ,Không,,,,,,,,0.0,,,,1,0,28.0,71.33,60.5,B,0
LS00489,2025,Công nghiệp,Nhỏ,Đủ,Không,1.0315,0.6559,5.5419,67.6362,0.7705,0.5902,1.4399,0.0,0.0321,0.0247,0.0603,1,0,52.4,87.8,75.41,BBB,0
LS00490,2023,Thương mại và dịch vụ,Siêu nhỏ,Không đủ,Không,,,,,,,,0.0,,,,1,0,28.0,81.6,68.2,BB,0
LS00491,2024,Thương mại và dịch vụ,Siêu nhỏ,Không đủ,Không,1.7753,1.1264,3.2077,67.6523,1.0936,0.4619,0.8583,0.0,0.0141,0.0154,0.0287,1,0,64.8,67.7,66.97,BB,0
LS00492,2022,Thương mại và dịch vụ,Vừa,Đủ,Không,1.5585,1.0108,3.3575,91.3664,1.1127,0.8307,4.9062,0.0,0.0059,0.0065,0.0387,1,0,42.4,77.9,65.48,BB,0
LS00493,2022,Xây dựng,Siêu nhỏ,Đủ,Không,1.5561,1.0984,1.0491,420.3715,0.246,0.441,0.7888,0.0,-0.031,-0.0076,-0.0136,1,2,43.2,62.83,55.96,B,0
LS00494,2023,Thương mại và dịch vụ,Siêu nhỏ,Đủ,Không,2.2283,1.8039,4.6364,158.6957,0.88,0.4809,0.9263,0.0,0.0306,0.0269,0.0518,1,0,70.4,87.6,81.58,A,0
LS00495,2025,Xây dựng,Siêu nhỏ,Đủ,Không,1.5387,0.9814,2.1389,156.6558,0.673,0.5587,1.2658,0.0,0.0109,0.0073,0.0166,1,0,67.6,69.07,68.55,BB,0
LS00496,2025,Thương mại và dịch vụ,Nhỏ,Đủ,Không,1.6296,1.351,5.2201,178.234,0.5048,0.5831,1.3988,0.0,0.0261,0.0132,0.0316,1,0,52.8,75.03,67.25,BB,0
LS00497,2022,Thương mại và dịch vụ,Nhỏ,Đủ,Không,2.0139,1.2677,5.8165,60.4126,1.8991,0.3958,0.6551,0.0,0.0117,0.0222,0.0367,1,0,74.8,78.47,77.18,BBB,0
LS00498,2021,Công nghiệp,Siêu nhỏ,Đủ,Không,1.7357,1.1938,5.3496,92.1167,1.087,0.3348,0.5033,0.0,0.0366,0.0398,0.0599,1,0,82.0,91.3,88.04,AA,0
LS00499,2022,Thương mại và dịch vụ,Nhỏ,Đủ,Không,1.4101,0.8593,4.0541,48.867,1.4909,0.6225,1.6491,0.0,0.014,0.0209,0.0554,1,0,59.6,67.53,64.76,BB,0
LS00500,2023,Thương mại và dịch vụ,Nhỏ,Đủ,Không,1.8325,1.2589,10.8053,35.8588,2.6981,0.6704,2.0336,0.0,0.0105,0.0283,0.0857,1,0,72.0,71.13,71.44,BBB,0
LS00501,2022,Xây dựng,Vừa,Đủ,Không,1.3739,0.6245,2.1281,88.2745,0.9793,0.5496,1.2201,0.0,0.0185,0.0181,0.0401,1,1,75.2,75.27,75.24,BBB,0
LS00502,2021,Thương mại và dịch vụ,Lớn,Đủ,Có,2.0347,1.9061,11.4824,204.4058,0.5345,0.7308,2.7142,0.0,0.0956,0.0511,0.1897,1,0,72.8,76.27,74.71,BBB,0
LS00503,2025,Thương mại và dịch vụ,Siêu nhỏ,Không đủ,Không,,,,,,,,0.0,,,,1,0,28.0,70.47,59.85,B,0
LS00504,2022,Thương mại và dịch vụ,Siêu nhỏ,Không đủ,Không,,,,,,,,0.0,,,,1,1,28.0,66.47,56.85,B,0
LS00505,2024,Xây dựng,Nhỏ,Đủ,Không,1.3782,0.8196,1.1627,219.8,0.4026,0.5822,1.3933,0.0,0.0085,0.0034,0.0082,1,0,46.8,63.6,57.72,B,0
LS00506,2023,Thương mại và dịch vụ,Nhỏ,Đủ,Không,1.4277,0.6499,2.3902,77.7406,1.2539,0.6141,1.5914,0.0,0.0127,0.0159,0.0413,1,0,50.4,87.6,74.58,BBB,0
LS00507,2024,Công nghiệp,Siêu nhỏ,Đủ,Không,2.2196,1.2255,3.1767,53.929,1.0194,0.6214,1.6411,0.0,0.0136,0.0139,0.0367,1,0,60.4,73.9,69.18,BB,0
LS00508,2022,Xây dựng,Siêu nhỏ,Đủ,Không,1.2596,0.7957,1.1036,218.7103,0.3182,0.6124,1.5798,0.0,-0.0476,-0.0152,-0.0391,1,0,36.8,65.27,55.3,B,0
LS00509,2024,Công nghiệp,Siêu nhỏ,Đủ,Không,1.6832,1.3789,11.8571,83.9019,1.054,0.608,1.5512,0.0,-0.0366,-0.0386,-0.0984,1,0,54.4,70.2,64.67,BB,1
LS00510,2023,Thương mại và dịch vụ,Lớn,Đủ,Có,1.3705,0.9033,5.595,77.8483,1.5095,0.7837,3.6236,0.0,0.0352,0.0531,0.2457,1,0,66.8,71.4,69.33,BB,0
LS00511,2023,Thương mại và dịch vụ,Siêu nhỏ,Đủ,Không,1.2356,1.1772,31.8033,131.903,0.7764,0.3278,0.4877,0.0,0.0,0.0,0.0,2,0,59.2,70.67,66.65,BB,0
LS00512,2022,Thương mại và dịch vụ,Nhỏ,Đủ,Không,1.2941,1.126,4.3963,274.9716,0.5311,0.5195,1.0813,0.0,0.0595,0.0316,0.0658,1,0,59.6,68.4,65.32,BB,0
LS00513,2022,Thương mại và dịch vụ,Siêu nhỏ,Đủ,Không,1.5164,1.2593,4.7818,176.6305,0.6077,0.5673,1.3109,0.0,0.015,0.0091,0.021,2,0,49.6,79.63,69.12,BB,0
LS00514,2022,Xây dựng,Vừa,Đủ,Có,1.0598,0.5975,1.8974,103.8827,0.5976,0.7903,3.7679,0.0,0.0406,0.0243,0.1158,1,0,58.0,68.2,63.61,BB,0
LS00515,2022,Thương mại và dịch vụ,Siêu nhỏ,Không đủ,Không,1.2869,1.0697,11.6269,69.7381,0.9493,0.5851,1.4101,0.0,-0.0139,-0.0132,-0.0317,1,0,48.4,68.33,63.35,BB,0
LS00516,2024,Công nghiệp,Nhỏ,Đủ,Có,1.4379,0.6549,2.2965,71.303,0.9388,0.6994,2.3267,0.0,0.033,0.031,0.103,1,0,46.8,90.0,70.56,BBB,0
LS00517,2025,Thương mại và dịch vụ,Siêu nhỏ,Đủ,Không,2.2658,1.693,3.6464,152.7423,0.6273,0.4213,0.7281,0.0,-0.0228,-0.0143,-0.0247,1,0,54.0,66.9,62.39,BB,0
LS00518,2024,Thương mại và dịch vụ,Vừa,Đủ,Có,1.1775,0.5898,2.3217,73.2892,1.0505,0.6807,2.1316,0.0,0.0357,0.0375,0.1174,1,0,50.8,74.4,63.78,BB,0
LS00519,2022,Thương mại và dịch vụ,Nhỏ,Đủ,Không,1.301,0.5976,4.2906,34.685,1.9873,0.628,1.6881,0.0,0.0196,0.039,0.1048,1,1,66.8,72.27,70.35,BBB,0
LS00520,2025,Xây dựng,Nhỏ,Đủ,Không,1.4404,1.1934,5.4182,170.585,0.6985,0.5417,1.1819,0.0,0.0384,0.0268,0.0585,1,0,85.6,77.2,80.14,A,1
LS00521,2022,Xây dựng,Nhỏ,Đủ,Không,1.442,0.8135,1.6191,154.7976,0.5457,0.7063,2.4051,0.0,-0.0359,-0.0196,-0.0667,2,0,44.0,62.93,56.31,B,0
LS00522,2025,Thương mại và dịch vụ,Nhỏ,Đủ,Không,1.9349,0.9865,7.7969,14.1618,3.0677,0.7652,3.2596,0.0,-0.0258,-0.0791,-0.3371,1,0,54.8,70.8,65.2,BB,0
LS00523,2021,Xây dựng,Nhỏ,Đủ,Không,1.5417,0.9204,1.7574,156.7271,0.5396,0.4487,0.8138,0.0,0.0261,0.0141,0.0255,1,0,72.0,72.3,72.19,BBB,0
LS00524,2023,Thương mại và dịch vụ,Nhỏ,Đủ,Không,1.3865,0.7286,2.6878,44.171,1.2732,0.7095,2.4428,0.0,0.0129,0.0164,0.0566,1,0,48.4,73.8,64.91,BB,0
LS00525,2024,Xây dựng,Nhỏ,Đủ,Không,1.6893,0.9348,2.3487,64.0741,0.9395,0.5986,1.4915,0.0,0.0473,0.0444,0.1107,1,0,83.2,81.3,81.96,A,0
LS00526,2021,Thương mại và dịch vụ,Nhỏ,Đủ,Không,1.9711,1.5423,3.6772,185.5539,0.4665,0.5292,1.124,0.0,0.064,0.0298,0.0634,1,0,67.6,79.57,75.38,BBB,0
LS00527,2023,Thương mại và dịch vụ,Nhỏ,Đủ,Không,1.368,1.2324,12.8337,163.3189,1.0485,0.4645,0.8675,0.0,0.0,0.0,0.0,2,0,60.4,63.13,62.18,BB,0
LS00528,2021,Thương mại và dịch vụ,Nhỏ,Đủ,Không,1.5224,1.1625,4.4867,123.9813,0.6289,0.6128,1.583,0.0,0.0333,0.021,0.0541,1,0,56.0,80.6,71.99,BBB,0
LS00529,2022,Thương mại và dịch vụ,Siêu nhỏ,Đủ,Không,2.7151,1.5782,2.4398,127.9955,0.8807,0.2828,0.3943,0.0,0.0251,0.0221,0.0308,1,0,72.8,77.0,75.53,BBB,0
LS00530,2025,Công nghiệp,Siêu nhỏ,Đủ,Không,0.953,0.5835,5.1682,52.8986,1.3355,0.5911,1.4454,0.0,-0.023,-0.0308,-0.0752,1,0,45.2,76.73,65.7,BB,0
LS00531,2021,Công nghiệp,Nhỏ,Đủ,Không,1.5322,1.1422,13.8148,31.9659,2.3871,0.396,0.6557,0.0,0.0328,0.0783,0.1296,1,0,90.4,74.0,79.74,A,0
LS00532,2021,Thương mại và dịch vụ,Siêu nhỏ,Đủ,Không,1.39,1.0547,4.1982,156.7833,0.8393,0.5759,1.3577,0.0,0.0126,0.0106,0.025,1,0,50.0,67.6,61.44,B,0
LS00533,2024,Thương mại và dịch vụ,Nhỏ,Đủ,Không,1.4101,1.1367,14.4534,44.3908,1.7751,0.9252,12.3605,0.0,0.0,0.0,0.0,1,0,56.0,79.93,71.56,BBB,0
LS00534,2024,Thương mại và dịch vụ,Siêu nhỏ,Đủ,Không,1.6382,1.2661,4.0833,148.4401,0.6754,0.4967,0.9869,0.0,-0.0404,-0.0273,-0.0542,1,0,47.2,70.77,62.52,BB,0
LS00535,2025,Thương mại và dịch vụ,Siêu nhỏ,Đủ,Không,2.0108,0.9722,3.2169,49.4522,1.2865,0.3377,0.5098,0.0,0.0295,0.0379,0.0572,1,0,79.2,82.7,81.47,A,0
LS00536,2022,Thương mại và dịch vụ,Siêu nhỏ,Không đủ,Không,,,,,,,,0.0,,,,1,0,28.0,64.6,55.45,B,0
LS00537,2022,Công nghiệp,Lớn,Đủ,Có,1.4776,1.1982,5.1578,199.5737,0.6568,0.3978,0.6607,0.0,0.0548,0.036,0.0598,1,0,71.6,72.1,71.88,BBB,0
LS00538,2023,Công nghiệp,Nhỏ,Đủ,Không,2.1685,0.9741,3.1553,16.8684,1.1482,0.3082,0.4455,0.0,0.0547,0.0627,0.0907,1,0,84.0,85.87,85.21,AA,0
LS00539,2023,Thương mại và dịch vụ,Nhỏ,Đủ,Không,1.2695,1.1723,13.1416,144.0437,0.7654,0.7223,2.6009,0.0,0.0,0.0,0.0,1,0,46.4,78.07,66.98,BB,0
LS00540,2023,Công nghiệp,Nhỏ,Đủ,Có,1.3086,0.639,2.3996,67.2897,0.8031,0.6696,2.0266,0.0,-0.0395,-0.0317,-0.0961,1,0,34.4,75.27,56.88,B,0
LS00541,2023,Thương mại và dịch vụ,Siêu nhỏ,Đủ,Không,15.1646,11.6329,5.3584,94.6846,0.7424,0.0298,0.0308,0.0,0.0219,0.0162,0.0167,1,1,73.6,64.8,67.88,BB,0
LS00542,2024,Thương mại và dịch vụ,Vừa,Đủ,Không,1.7325,1.5246,13.929,89.8002,1.1225,0.5721,1.3369,0.0,0.0285,0.032,0.0747,1,0,75.2,74.17,74.53,BBB,1
LS00543,2025,Thương mại và dịch vụ,Nhỏ,Đủ,Không,1.1732,0.9606,6.3817,136.5549,0.8045,0.6713,2.0427,0.0,0.0,0.0,0.0,1,1,43.2,65.07,57.41,B,1
LS00544,2022,Thương mại và dịch vụ,Nhỏ,Đủ,Không,1.514,1.3876,15.6093,101.3273,1.0236,0.5578,1.2614,0.0,0.0963,0.0985,0.2228,1,0,79.2,85.2,83.1,A,0
LS00545,2021,Xây dựng,Vừa,Đủ,Có,1.2087,0.5395,0.9266,169.6974,0.5061,0.7781,3.5057,0.0,0.0146,0.0074,0.0332,1,0,39.2,77.2,60.1,B,0
LS00546,2025,Thương mại và dịch vụ,Siêu nhỏ,Đủ,Không,1.6198,1.2371,2.2963,283.7064,0.4508,0.4204,0.7253,0.0,0.1327,0.0598,0.1032,1,0,67.2,83.3,77.67,A,0
LS00547,2023,Thương mại và dịch vụ,Siêu nhỏ,Đủ,Không,1.7695,1.3353,9.6583,62.0162,1.9626,0.6608,1.9485,0.0,-0.0283,-0.0556,-0.164,1,0,54.8,58.9,57.46,B,0
LS00548,2025,Công nghiệp,Lớn,Đủ,Có,1.3897,1.198,8.0172,121.0361,0.7026,0.6806,2.1305,0.0,0.0173,0.0121,0.038,1,0,55.6,87.2,72.98,BBB,0
LS00549,2023,Thương mại và dịch vụ,Nhỏ,Không đủ,Không,1.5615,0.9985,3.813,73.6939,1.2332,0.6424,1.7966,0.0,0.0,0.0,0.0,1,1,48.4,56.63,54.58,B,0
LS00550,2021,Công nghiệp,Siêu nhỏ,Không đủ,Không,,,,,,,,0.0,,,,1,0,28.0,79.4,66.55,BB,0
LS00551,2024,Thương mại và dịch vụ,Siêu nhỏ,Không đủ,Không,,,,,,,,0.0,,,,1,0,28.0,70.73,60.05,B,0
LS00552,2022,Thương mại và dịch vụ,Siêu nhỏ,Không đủ,Không,,,,,,,,0.0,,,,1,0,28.0,65.07,55.8,B,0
LS00553,2022,Xây dựng,Vừa,Đủ,Có,1.3297,0.8271,2.8292,86.0258,0.7824,0.5555,1.2498,0.0,0.0186,0.0146,0.0328,1,2,76.8,54.17,64.35,BB,0
LS00554,2021,Thương mại và dịch vụ,Siêu nhỏ,Đủ,Không,1.6218,1.1368,9.4229,50.7919,2.7286,0.5336,1.1443,0.0,0.0205,0.0559,0.1198,1,1,82.4,51.13,62.08,BB,1
LS00555,2023,Thương mại và dịch vụ,Siêu nhỏ,Đủ,Không,2.0866,1.453,3.9648,94.7747,0.8341,0.2411,0.3176,0.0,0.0701,0.0585,0.077,1,0,84.8,76.6,79.47,A,0
LS00556,2024,Thương mại và dịch vụ,Nhỏ,Đủ,Không,1.412,0.7013,3.4512,27.6253,1.5131,0.5548,1.2462,0.0,0.0151,0.0229,0.0513,1,0,62.0,75.57,70.82,BBB,0
LS00557,2022,Thương mại và dịch vụ,Vừa,Đủ,Có,1.6902,1.5466,16.5035,133.9351,1.1895,0.4496,0.817,0.0,0.0717,0.0852,0.1549,1,0,86.8,65.4,75.03,BBB,0
LS00558,2021,Thương mại và dịch vụ,Lớn,Đủ,Có,2.4498,2.1145,4.1456,285.2924,0.3816,0.8403,5.262,0.0,0.1119,0.0427,0.2674,1,0,60.4,72.2,66.89,BB,0
LS00559,2022,Thương mại và dịch vụ,Siêu nhỏ,Không đủ,Không,,,,,,,,0.0,,,,1,0,28.0,81.6,68.2,BB,0
LS00560,2024,Thương mại và dịch vụ,Lớn,Đủ,Có,1.2372,0.8947,6.3957,63.5453,1.7432,0.7156,2.5166,0.0212,0.0125,0.0217,0.0764,2,2,60.0,55.47,57.51,B,0
LS00561,2021,Thương mại và dịch vụ,Siêu nhỏ,Đủ,Không,1.5162,0.7456,2.5153,55.194,1.3413,0.5996,1.4978,0.0,0.0099,0.0132,0.033,1,0,52.4,68.9,63.12,BB,0
LS00562,2024,Xây dựng,Siêu nhỏ,Không đủ,Không,,,,,,,,0.0,,,,1,0,28.0,84.4,70.3,BB,0
LS00563,2021,Thương mại và dịch vụ,Siêu nhỏ,Đủ,Không,1.352,1.1396,6.45,155.2746,0.8069,0.4358,0.7726,0.0,0.0393,0.0317,0.0563,2,0,69.2,64.13,65.91,BB,0
LS00564,2024,Xây dựng,Nhỏ,Đủ,Không,1.1198,0.7762,3.9494,100.756,1.1019,0.6816,2.1405,0.0,0.0096,0.0106,0.0333,1,0,62.4,71.6,68.38,BB,1
LS00565,2025,Thương mại và dịch vụ,Siêu nhỏ,Đủ,Không,2.4424,2.2482,10.0926,182.9946,0.6923,0.4146,0.7083,0.0,0.187,0.1295,0.2212,1,0,84.0,73.67,77.28,A,0
LS00566,2023,Thương mại và dịch vụ,Siêu nhỏ,Không đủ,Không,,,,,,,,0.0,,,,1,0,28.0,70.47,59.85,B,0
LS00567,2021,Thương mại và dịch vụ,Nhỏ,Đủ,Không,1.1476,0.5922,3.1619,63.497,1.2694,0.6278,1.6868,0.0,-0.1035,-0.1313,-0.3528,2,1,41.2,68.17,58.73,B,0
LS00568,2022,Thương mại và dịch vụ,Siêu nhỏ,Đủ,Không,1.4236,1.3185,11.8182,200.2328,0.5825,0.467,0.8761,0.0,0.0304,0.0177,0.0332,1,0,60.8,77.1,71.4,BBB,0
LS00569,2024,Thương mại và dịch vụ,Lớn,Đủ,Có,1.8668,1.2971,4.1318,96.4984,1.1111,0.7551,3.0834,0.0,0.0072,0.008,0.0327,1,0,53.2,74.53,64.93,BB,0
LS00570,2022,Công nghiệp,Lớn,Đủ,Có,1.0518,0.7359,8.2949,49.5132,1.4185,0.5018,1.0072,0.0,-0.0483,-0.0686,-0.1376,1,0,64.4,60.17,62.07,BB,0
LS00571,2022,Thương mại và dịch vụ,Siêu nhỏ,Không đủ,Không,,,,,,,,0.0,,,,1,2,28.0,73.2,61.9,B,0
LS00572,2025,Thương mại và dịch vụ,Siêu nhỏ,Đủ,Không,1.3476,0.7581,3.141,79.8863,1.3064,0.6503,1.8593,0.0,0.0104,0.0136,0.039,1,0,48.4,69.3,61.98,B,0
LS00573,2021,Công nghiệp,Siêu nhỏ,Không đủ,Không,1.7784,0.8997,2.2553,57.6534,0.7023,0.3025,0.4336,0.0,0.0511,0.0359,0.0515,1,0,76.8,76.67,76.7,BB,0
LS00574,2023,Thương mại và dịch vụ,Vừa,Đủ,Có,1.5544,0.7078,3.1064,46.0237,1.3867,0.4974,0.9898,0.0,-0.0261,-0.0361,-0.0719,1,0,52.4,63.53,58.52,B,0
LS00575,2022,Thương mại và dịch vụ,Siêu nhỏ,Đủ,Không,1.7345,1.5294,5.9344,252.9668,0.5627,0.4637,0.8646,0.0,0.0616,0.0347,0.0646,2,0,71.6,69.63,70.32,BBB,0
LS00576,2023,Thương mại và dịch vụ,Nhỏ,Đủ,Không,1.1256,0.8926,12.3727,75.9973,2.1622,0.663,1.9671,0.0,0.0304,0.0657,0.1949,2,0,69.6,65.73,67.09,BB,0
LS00577,2022,Thương mại và dịch vụ,Siêu nhỏ,Không đủ,Không,,,,,,,,0.0,,,,1,0,28.0,63.2,54.4,B,0
LS00578,2024,Thương mại và dịch vụ,Nhỏ,Đủ,Không,2.0559,1.5686,6.7008,95.1714,1.0332,0.6895,2.221,0.0,0.0345,0.0356,0.1148,1,0,69.6,74.6,72.85,BBB,0
LS00579,2022,Thương mại và dịch vụ,Siêu nhỏ,Đủ,Không,0.9511,0.7626,6.3887,122.2815,0.7539,0.5162,1.0669,0.0,-0.0263,-0.0198,-0.0409,1,0,43.2,70.03,60.64,B,0
LS00580,2022,Thương mại và dịch vụ,Nhỏ,Đủ,Không,0.9456,0.7579,4.7333,149.6234,0.7167,0.6849,2.1734,0.0,0.0802,0.0575,0.1823,1,0,53.2,68.2,62.95,BB,0
LS00581,2022,Công nghiệp,Siêu nhỏ,Đủ,Không,1.5801,0.7772,2.2036,40.7094,0.7699,0.3645,0.5735,0.0,0.0554,0.0426,0.0671,1,0,73.2,89.93,84.08,A,0
LS00582,2021,Thương mại và dịch vụ,Siêu nhỏ,Đủ,Không,1.2072,1.0661,4.0851,308.6293,0.396,0.5382,1.1656,0.0,0.0309,0.0122,0.0265,1,0,49.6,70.77,63.36,BB,0
LS00583,2024,Công nghiệp,Nhỏ,Đủ,Không,2.0027,0.999,5.1404,14.505,1.7693,0.5028,1.0113,0.0,0.0742,0.1313,0.2641,1,0,88.4,93.7,91.84,AA,0
LS00584,2024,Xây dựng,Siêu nhỏ,Đủ,Không,1.9221,1.0999,0.6272,324.9014,0.2482,0.4128,0.703,0.0,0.0211,0.0052,0.0089,1,0,62.0,81.17,74.46,BBB,0
LS00585,2022,Thương mại và dịch vụ,Nhỏ,Đủ,Không,1.8576,1.1968,2.0072,133.9909,0.5554,0.2981,0.4247,0.0,0.0642,0.0357,0.0508,1,0,66.8,80.27,75.55,BBB,0
LS00586,2025,Xây dựng,Nhỏ,Đủ,Không,1.6902,0.9602,1.2112,139.3485,0.5149,0.5271,1.1148,0.0,0.1116,0.0575,0.1215,1,0,77.2,79.6,78.76,A,0
LS00587,2023,Thương mại và dịch vụ,Nhỏ,Đủ,Không,1.2665,0.5877,3.9871,40.1638,1.9117,0.619,1.6246,0.0,-0.0529,-0.1011,-0.2653,1,0,50.8,82.0,71.08,BBB,0
LS00588,2022,Thương mại và dịch vụ,Nhỏ,Đủ,Có,2.2883,1.286,4.9855,49.7866,1.7445,0.3266,0.4851,0.0,0.0172,0.0299,0.0444,1,0,77.6,78.97,78.35,A,0
LS00589,2022,Công nghiệp,Vừa,Đủ,Không,1.1473,0.6031,4.4555,40.5822,1.4887,0.6592,1.9342,0.0,0.0342,0.0509,0.1494,2,0,63.2,79.97,74.1,BBB,0
LS00590,2022,Thương mại và dịch vụ,Siêu nhỏ,Đủ,Không,1.1429,1.0235,7.8361,228.8585,0.4863,0.4949,0.9799,0.0,0.0305,0.0149,0.0294,2,0,53.6,81.93,72.02,BBB,0
LS00591,2022,Xây dựng,Siêu nhỏ,Đủ,Không,1.3703,0.8309,1.1946,219.2885,0.4107,0.6039,1.5246,0.0,0.0395,0.0162,0.041,1,0,64.8,72.77,69.98,BBB,0
LS00592,2025,Thương mại và dịch vụ,Nhỏ,Đủ,Có,1.4996,1.3862,13.5935,188.7298,0.8003,0.6162,1.6055,0.0,0.0214,0.0171,0.0445,1,1,60.4,67.8,64.47,BB,0
LS00593,2023,Thương mại và dịch vụ,Vừa,Đủ,Không,1.0711,0.6195,2.5079,103.7342,0.9572,0.809,4.2343,0.0,0.0115,0.011,0.0576,1,0,33.6,84.6,66.75,BB,0
LS00594,2021,Công nghiệp,Vừa,Đủ,Không,2.0935,1.2011,1.2394,141.8476,0.4449,0.3343,0.5022,0.0,0.0422,0.0188,0.0282,1,0,60.0,76.17,70.51,BBB,0
LS00595,2023,Thương mại và dịch vụ,Siêu nhỏ,Không đủ,Không,,,,,,,,0.0,,,,2,0,28.0,69.13,58.85,B,0
LS00596,2022,Thương mại và dịch vụ,Siêu nhỏ,Đủ,Không,2.1993,1.6529,3.0189,155.2612,0.6442,0.2942,0.4169,0.0,-0.0224,-0.0144,-0.0204,1,1,58.0,67.97,64.48,BB,0
LS00597,2024,Thương mại và dịch vụ,Lớn,Đủ,Có,1.4068,0.8929,2.823,89.8118,0.946,0.9167,11.0036,0.0,0.0133,0.0125,0.1506,1,1,45.2,74.5,61.32,B,0
LS00598,2024,Xây dựng,Nhỏ,Đủ,Có,1.8919,0.9827,2.0028,69.6565,0.8135,0.4768,0.9112,0.0,0.0544,0.0443,0.0846,1,0,92.8,67.97,79.14,A,0
LS00599,2022,Thương mại và dịch vụ,Siêu nhỏ,Đủ,Không,2.0694,1.1528,5.5404,41.4806,2.0517,0.3547,0.5496,0.0,0.0,0.0,0.0,1,0,74.0,78.0,76.6,BBB,0
LS00600,2024,Công nghiệp,Siêu nhỏ,Đủ,Không,1.1663,0.9109,3.6124,158.6372,0.5329,0.5545,1.2445,0.0,-0.0239,-0.0128,-0.0286,1,0,36.4,68.8,57.46,B,0
LS00601,2024,Thương mại và dịch vụ,Vừa,Đủ,Không,1.3876,0.963,5.4484,65.8823,0.9997,0.5635,1.2912,0.0,0.0994,0.0993,0.2276,1,0,77.6,68.87,71.92,BBB,0
LS00602,2022,Công nghiệp,Siêu nhỏ,Đủ,Không,16.3333,9.0417,1.5086,155.9335,0.401,0.0305,0.0314,0.0,0.0,0.0,0.0,1,0,56.8,64.2,61.61,B,0
LS00603,2022,Thương mại và dịch vụ,Vừa,Đủ,Không,1.6166,1.1046,2.8315,165.5909,0.7946,0.5,0.9998,0.0,0.0225,0.0179,0.0358,1,0,60.4,62.1,61.5,B,0
LS00604,2024,Công nghiệp,Siêu nhỏ,Đủ,Không,1.952,0.988,1.5039,67.0475,0.5949,0.4707,0.8892,0.0,-0.0493,-0.0293,-0.0554,1,0,46.8,81.0,69.03,BB,0
LS00605,2023,Thương mại và dịch vụ,Nhỏ,Đủ,Có,1.5369,1.3209,8.739,132.1744,0.8044,0.7478,2.9653,0.0,0.0503,0.0405,0.1605,1,0,62.0,67.93,65.26,BB,0
LS00606,2024,Thương mại và dịch vụ,Siêu nhỏ,Đủ,Không,1.797,1.61,10.5366,149.6517,0.7824,0.4609,0.8548,0.0,-0.0131,-0.0102,-0.019,1,0,58.4,78.87,71.7,BBB,0
LS00607,2022,Thương mại và dịch vụ,Nhỏ,Đủ,Có,1.3602,1.0845,11.1762,68.3187,1.7102,0.4586,0.847,0.0,0.0479,0.0819,0.1513,1,0,84.4,82.2,83.19,A,0
LS00608,2022,Thương mại và dịch vụ,Nhỏ,Đủ,Có,2.5194,1.6268,3.6164,84.3296,1.3119,0.3742,0.5979,0.0,0.0125,0.0164,0.0262,2,0,70.0,70.23,70.13,BBB,0
LS00609,2021,Công nghiệp,Siêu nhỏ,Đủ,Không,1.3834,0.6825,1.3939,125.4975,0.4294,0.4662,0.8734,0.0,-0.0302,-0.013,-0.0243,1,0,34.4,75.5,61.12,B,0
LS00610,2022,Thương mại và dịch vụ,Nhỏ,Đủ,Không,2.0137,0.9526,3.9674,29.488,1.8752,0.568,1.315,0.0,0.0141,0.0264,0.0611,1,0,71.6,80.2,77.19,BBB,0
LS00611,2021,Thương mại và dịch vụ,Siêu nhỏ,Đủ,Không,1.9963,1.2454,6.4976,34.0152,2.0227,0.5468,1.2065,0.0,0.0178,0.0361,0.0796,1,0,78.8,80.0,79.58,A,0
LS00612,2022,"Nông, lâm nghiệp và thủy sản",Siêu nhỏ,Không đủ,Không,,,,,,,,0.0,,,,1,0,28.0,72.67,61.5,B,0
LS00613,2024,Thương mại và dịch vụ,Nhỏ,Đủ,Không,1.8618,1.68,8.0845,212.8506,0.4856,0.4503,0.8191,0.0,0.0685,0.0333,0.0605,1,0,74.0,90.0,84.4,A,0
LS00614,2022,Thương mại và dịch vụ,Siêu nhỏ,Đủ,Không,1.5474,1.4406,12.7857,204.9801,0.5788,0.5278,1.1177,0.0,0.0,0.0,0.0,1,0,52.0,66.63,61.51,B,0
LS00615,2021,Thương mại và dịch vụ,Nhỏ,Đủ,Không,1.6918,1.3094,8.5111,74.4739,1.459,0.4736,0.8996,0.0,0.0941,0.1372,0.2607,1,0,84.8,75.2,78.56,A,0
LS00616,2021,Thương mại và dịch vụ,Siêu nhỏ,Đủ,Không,2.3799,1.8297,10.9349,64.873,1.6994,0.2646,0.3598,0.0,0.0,0.0,0.0,1,0,78.8,80.87,80.14,A,0
LS00617,2023,Thương mại và dịch vụ,Siêu nhỏ,Đủ,Không,3.0887,1.6339,4.073,38.0959,1.7174,0.2547,0.3418,0.0,0.0228,0.0392,0.0525,1,1,88.0,62.83,71.64,BBB,0
LS00618,2022,Thương mại và dịch vụ,Nhỏ,Đủ,Không,1.6957,1.5149,12.9164,131.662,0.9066,0.5789,1.3745,0.0,0.0844,0.0765,0.1818,1,0,78.4,81.93,80.7,A,0
LS00619,2023,Thương mại và dịch vụ,Nhỏ,Đủ,Không,1.8357,1.6451,15.8937,93.3515,1.5658,0.4686,0.8817,0.0,0.0342,0.0536,0.1008,1,0,87.6,79.33,82.23,A,0
LS00620,2024,Thương mại và dịch vụ,Nhỏ,Đủ,Không,1.65,1.4742,8.9867,204.2058,0.6921,0.6133,1.5861,0.0,0.0188,0.013,0.0336,2,1,54.8,71.3,65.52,BB,0
LS00621,2022,Xây dựng,Nhỏ,Đủ,Có,1.4298,1.0277,1.6174,314.6611,0.3567,0.6851,2.1754,0.0,0.0182,0.0065,0.0206,1,0,45.2,82.0,65.44,BB,0
LS00622,2023,Thương mại và dịch vụ,Siêu nhỏ,Đủ,Không,3.556,3.3278,15.1818,209.875,0.8133,0.1815,0.2217,0.0,-0.0519,-0.0422,-0.0515,1,0,64.0,75.7,71.6,BBB,0
LS00623,2021,Thương mại và dịch vụ,Siêu nhỏ,Đủ,Không,2.1922,1.9316,6.85,173.0028,0.4903,0.6848,2.1729,0.0,-0.0577,-0.0283,-0.0897,1,0,44.0,68.27,59.77,B,0
LS00624,2023,Xây dựng,Lớn,Đủ,Có,1.399,0.8093,1.4074,224.4844,0.4816,0.6525,1.8774,0.0,0.0539,0.026,0.0748,1,0,72.4,80.2,76.69,BBB,0
LS00625,2021,Xây dựng,Siêu nhỏ,Đủ,Không,1.765,1.3757,1.4569,447.4708,0.2751,0.4419,0.7917,0.0,0.0466,0.0128,0.023,1,0,69.6,76.7,74.22,BBB,0
LS00626,2021,Thương mại và dịch vụ,Lớn,Đủ,Có,1.5252,1.4307,10.122,243.782,0.4044,0.5525,1.2346,0.0,0.0346,0.014,0.0313,1,0,66.4,79.2,73.44,BBB,0
LS00627,2023,Thương mại và dịch vụ,Nhỏ,Đủ,Không,2.1298,1.5461,7.5768,64.4743,1.9301,0.3728,0.5943,0.0,0.0027,0.0053,0.0085,2,0,76.8,70.2,72.51,BBB,0
LS00628,2021,Thương mại và dịch vụ,Siêu nhỏ,Đủ,Không,1.1488,0.9901,8.0625,110.0177,0.901,0.5495,1.2199,0.0,0.0343,0.0309,0.0686,1,0,68.0,68.17,68.11,BB,0
LS00629,2023,Thương mại và dịch vụ,Nhỏ,Đủ,Không,2.4364,2.0283,9.8385,106.0666,1.1943,0.2202,0.2824,0.0,0.0999,0.1193,0.1529,1,0,90.0,70.57,77.37,A,0
LS00630,2023,Công nghiệp,Vừa,Đủ,Có,1.1686,0.5256,2.2166,31.0305,1.0034,0.8182,4.4998,0.0,-0.0527,-0.0529,-0.2907,1,0,36.8,70.7,55.45,B,1
LS00631,2021,Thương mại và dịch vụ,Siêu nhỏ,Đủ,Không,1.182,0.9128,7.8994,91.0291,1.5614,0.6285,1.6921,0.0,-0.0478,-0.0747,-0.201,1,0,48.8,64.6,59.07,B,0
LS00632,2022,Xây dựng,Lớn,Đủ,Có,1.1726,1.0073,5.118,243.6247,0.6931,0.7083,2.428,0.0,-0.0071,-0.0049,-0.0168,1,1,59.6,65.63,62.92,BB,0
LS00633,2021,Thương mại và dịch vụ,Siêu nhỏ,Đủ,Không,1.4167,1.2639,8.0909,187.8052,0.5612,0.398,0.6612,0.0,-0.0087,-0.0049,-0.0081,1,2,51.6,57.5,55.44,B,1
LS00634,2021,Thương mại và dịch vụ,Siêu nhỏ,Đủ,Không,2.6436,1.1575,2.3996,41.7365,1.3591,0.3494,0.5371,0.0142,-0.0412,-0.056,-0.0861,2,0,58.8,59.5,59.26,B,0
LS00635,2022,Thương mại và dịch vụ,Nhỏ,Đủ,Không,2.0336,1.743,6.808,182.9901,0.6395,0.5978,1.4861,0.0,0.0275,0.0176,0.0437,1,1,61.2,75.53,70.52,BBB,0
LS00636,2022,Xây dựng,Lớn,Đủ,Có,1.4628,0.9562,1.385,273.5137,0.416,0.6714,2.0428,0.0,-0.0142,-0.0059,-0.018,1,1,50.8,69.67,61.18,B,0
LS00637,2023,Xây dựng,Siêu nhỏ,Không đủ,Không,,,,,,,,0.0,,,,1,0,28.0,83.47,69.6,BB,0
LS00638,2022,Thương mại và dịch vụ,Nhỏ,Đủ,Không,2.0489,1.4862,8.7385,40.1565,1.3928,0.3728,0.5945,0.0,0.0587,0.0817,0.1303,1,0,94.4,73.8,81.01,A,0
LS00639,2021,Thương mại và dịch vụ,Vừa,Đủ,Có,1.5745,1.4513,14.556,159.6355,0.8333,0.5874,1.4235,0.0,0.0,0.0,0.0,2,0,61.2,70.43,66.28,BB,0
LS00640,2022,Thương mại và dịch vụ,Siêu nhỏ,Đủ,Không,1.7077,1.0355,1.9261,156.6889,0.7637,0.5368,1.1591,0.0,0.005,0.0038,0.0082,1,0,46.4,77.97,66.92,BB,0
LS00641,2025,Thương mại và dịch vụ,Nhỏ,Đủ,Không,1.2447,0.6269,3.3481,49.1781,1.2804,0.6217,1.6436,0.0,0.0505,0.0646,0.1708,1,0,65.2,77.6,73.26,BBB,0
LS00642,2021,Xây dựng,Nhỏ,Đủ,Không,0.9995,0.4747,1.6226,116.1434,0.668,0.7217,2.5939,0.0,-0.0112,-0.0075,-0.0268,1,0,43.2,65.5,57.7,B,0
LS00643,2024,Thương mại và dịch vụ,Siêu nhỏ,Đủ,Không,1.2897,0.5115,3.3347,31.705,1.7315,0.5942,1.464,0.0,0.0101,0.0174,0.0429,2,0,54.8,78.33,70.1,BBB,0
LS00644,2022,Thương mại và dịch vụ,Nhỏ,Đủ,Có,1.6352,0.8257,5.7768,22.5705,2.3677,0.6724,2.0529,0.0,0.0129,0.0306,0.0934,1,0,68.0,86.1,77.96,A,0
LS00645,2021,Thương mại và dịch vụ,Lớn,Đủ,Có,1.1465,0.5716,6.2874,30.9635,3.1199,0.7676,3.3024,0.0,0.0024,0.0074,0.0317,1,0,55.6,61.1,58.62,B,0
LS00646,2021,Thương mại và dịch vụ,Siêu nhỏ,Không đủ,Không,,,,,,,,0.0,,,,1,0,28.0,73.8,62.35,BB,0
LS00647,2022,Thương mại và dịch vụ,Nhỏ,Đủ,Không,1.5438,1.3328,8.0966,143.036,1.1428,0.6339,1.7316,0.0,0.0823,0.0941,0.2571,1,0,71.2,71.47,71.37,BBB,0
LS00648,2021,Thương mại và dịch vụ,Nhỏ,Đủ,Không,2.4641,2.0594,8.5788,135.0157,1.103,0.3037,0.4362,0.0,0.1689,0.1863,0.2675,1,0,88.0,88.67,88.43,AA,0
LS00649,2023,Thương mại và dịch vụ,Siêu nhỏ,Đủ,Không,1.1863,1.0439,10.284,184.4817,0.9243,0.7016,2.3517,0.0,0.0721,0.0666,0.2232,1,1,64.4,73.33,70.21,BBB,0
LS00650,2023,Thương mại và dịch vụ,Nhỏ,Đủ,Có,27.5625,16.0867,9.1086,26.2494,3.4142,0.03,0.0309,0.0,0.0316,0.108,0.1114,1,0,93.2,70.4,80.66,A,0
LS00651,2025,Công nghiệp,Vừa,Đủ,Không,2.7669,1.3868,6.0774,12.0595,1.4131,0.5269,1.1139,0.0,0.0267,0.0377,0.0797,1,0,80.0,81.8,81.17,A,0
LS00652,2023,Thương mại và dịch vụ,Siêu nhỏ,Đủ,Không,2.1705,1.0977,1.9828,64.315,1.0507,0.5639,1.2932,0.0,-0.0397,-0.0417,-0.0955,1,0,46.8,63.27,57.5,B,0
LS00653,2023,Thương mại và dịch vụ,Siêu nhỏ,Không đủ,Không,,,,,,,,0.0,,,,2,0,28.0,69.27,58.95,B,0
LS00654,2022,Thương mại và dịch vụ,Siêu nhỏ,Đủ,Không,1.9377,1.3563,2.0319,238.4582,0.4214,0.2772,0.3834,0.0,0.0418,0.0176,0.0244,1,1,61.6,74.63,70.07,BBB,0
LS00655,2021,Công nghiệp,Nhỏ,Đủ,Không,1.0945,0.6227,1.9356,110.2796,0.5509,0.5546,1.245,0.0,0.0513,0.0282,0.0634,2,0,44.0,89.93,73.86,BBB,0
LS00656,2022,Thương mại và dịch vụ,Siêu nhỏ,Đủ,Không,2.3065,2.1256,9.3611,291.6667,0.5129,0.233,0.3038,0.0,-0.0342,-0.0176,-0.0229,1,0,60.0,74.3,69.3,BB,1
LS00657,2021,Xây dựng,Nhỏ,Đủ,Không,1.2919,0.8681,1.2303,235.893,0.4336,0.6761,2.0874,0.0,0.0493,0.0214,0.066,1,0,55.2,76.6,69.11,BB,0
LS00658,2025,Thương mại và dịch vụ,Nhỏ,Đủ,Có,1.1476,0.8256,10.2958,51.427,2.934,0.8107,4.2832,0.0,-0.0132,-0.0388,-0.2048,2,0,46.8,72.53,60.95,B,1
LS00659,2024,Thương mại và dịch vụ,Siêu nhỏ,Đủ,Không,1.9276,1.1054,3.3394,46.5039,1.4922,0.4735,0.8994,0.0,0.0159,0.0237,0.045,1,0,74.0,78.03,76.62,BBB,0
LS00660,2024,Công nghiệp,Siêu nhỏ,Đủ,Không,1.1953,0.6203,3.6604,46.3656,1.0662,0.6396,1.7745,0.0,-0.079,-0.0843,-0.2338,1,0,43.2,65.1,57.43,B,0
LS00661,2024,Thương mại và dịch vụ,Nhỏ,Đủ,Không,1.6847,1.0348,6.5692,42.0329,2.417,0.5692,1.3214,0.0,0.0104,0.0251,0.0582,1,0,70.8,80.3,76.97,BBB,0
LS00662,2024,Thương mại và dịch vụ,Nhỏ,Đủ,Có,2.1329,1.3146,6.1347,49.973,2.1256,0.6236,1.6565,0.0,0.0323,0.0686,0.1824,1,0,81.2,84.6,83.07,A,0
LS00663,2021,Thương mại và dịch vụ,Nhỏ,Đủ,Không,1.9523,1.5296,7.5175,100.3373,1.2041,0.2984,0.4254,0.0,0.0821,0.0989,0.1409,1,0,88.0,76.2,80.33,A,0
LS00664,2023,Thương mại và dịch vụ,Siêu nhỏ,Đủ,Không,2.5051,1.8537,1.8747,252.8089,0.416,0.2955,0.4194,0.0,0.1755,0.073,0.1036,1,0,76.0,69.97,72.08,BBB,0
LS00665,2025,Xây dựng,Siêu nhỏ,Đủ,Không,1.3499,0.9865,1.8556,257.0156,0.4362,0.6174,1.6134,0.0,0.0519,0.0226,0.0592,1,0,68.0,74.7,72.36,BBB,0
LS00666,2021,Công nghiệp,Siêu nhỏ,Không đủ,Không,,,,,,,,0.0,,,,2,0,28.0,75.2,63.4,BB,0
LS00667,2023,Thương mại và dịch vụ,Nhỏ,Đủ,Không,1.219,0.5279,3.5241,30.8529,1.7779,0.6951,2.2801,0.0,0.0077,0.0138,0.0451,1,0,51.2,62.1,58.28,B,0
LS00668,2023,Công nghiệp,Nhỏ,Đủ,Không,1.4583,1.2727,13.5349,110.5872,0.7153,0.558,1.2623,0.0,-0.0574,-0.041,-0.0928,1,0,50.8,73.93,65.84,BB,1
LS00669,2025,"Nông, lâm nghiệp và thủy sản",Vừa,Đủ,Có,1.5636,0.7642,1.175,125.2102,0.3347,0.4203,0.725,0.0,0.035,0.0117,0.0202,1,0,66.8,84.77,76.68,BBB,0
LS00670,2022,Công nghiệp,Siêu nhỏ,Không đủ,Không,,,,,,,,0.0,,,,1,0,28.0,70.2,59.65,B,0
LS00671,2022,Thương mại và dịch vụ,Siêu nhỏ,Không đủ,Không,,,,,,,,0.0,,,,1,0,28.0,80.4,67.3,BB,0
LS00672,2021,Thương mại và dịch vụ,Vừa,Đủ,Không,1.5276,1.1691,9.0138,69.5253,2.0442,0.5558,1.2512,0.0,0.0144,0.0295,0.0665,1,0,72.4,74.2,73.57,BBB,0
LS00673,2021,Xây dựng,Siêu nhỏ,Đủ,Không,3.5371,2.8481,1.641,494.3915,0.2808,0.2103,0.2662,0.0,-0.0159,-0.0045,-0.0056,1,0,56.0,72.0,66.4,BB,0
LS00674,2022,Công nghiệp,Lớn,Đủ,Có,1.2684,0.9007,10.2375,31.5675,1.8188,0.4799,0.9229,0.0,0.0376,0.0683,0.1313,1,1,84.0,61.13,71.42,BBB,0
LS00675,2023,Xây dựng,Siêu nhỏ,Đủ,Không,1.8311,1.103,1.4507,183.0459,0.546,0.4545,0.8333,0.0,0.0518,0.0283,0.0519,1,0,84.8,77.07,79.77,A,0
LS00676,2021,Thương mại và dịch vụ,Lớn,Đủ,Có,1.0697,0.8581,5.766,103.0419,0.8685,0.5698,1.3246,0.0,0.2051,0.1781,0.414,1,1,74.8,63.47,68.57,BB,0
LS00677,2023,Thương mại và dịch vụ,Nhỏ,Đủ,Có,2.041,1.7518,9.1297,121.5304,0.8446,0.634,1.7326,0.0,0.0154,0.013,0.0355,1,0,56.4,73.37,65.73,BB,0
LS00678,2023,Thương mại và dịch vụ,Lớn,Đủ,Có,1.024,0.8861,8.2215,160.1492,0.8388,0.8205,4.5697,0.0233,0.0422,0.0354,0.1972,2,1,50.0,65.4,58.47,B,0
LS00679,2025,Thương mại và dịch vụ,Siêu nhỏ,Không đủ,Không,,,,,,,,0.0,,,,1,0,28.0,67.93,57.95,B,0
LS00680,2021,Thương mại và dịch vụ,Siêu nhỏ,Đủ,Không,1.5766,1.1697,3.4613,208.0329,0.9293,0.5934,1.4592,0.0,0.0094,0.0087,0.0215,1,0,44.4,63.5,56.82,B,0
LS00681,2024,Xây dựng,Nhỏ,Đủ,Có,2.0108,1.0316,1.3707,161.5703,0.6923,0.582,1.3921,0.0,0.1239,0.0858,0.2051,1,1,82.4,71.7,76.52,BBB,0
LS00682,2021,Thương mại và dịch vụ,Siêu nhỏ,Đủ,Không,1.5848,0.8943,5.1103,40.412,2.1524,0.7939,3.8521,0.0,-0.0756,-0.1628,-0.7899,1,1,50.0,64.83,59.64,B,0
LS00683,2021,Thương mại và dịch vụ,Siêu nhỏ,Đủ,Không,4.6046,3.6332,4.8732,140.3196,0.865,0.1398,0.1626,0.0,0.1348,0.1166,0.1355,1,0,86.0,90.0,88.6,AA,0
LS00684,2024,Thương mại và dịch vụ,Siêu nhỏ,Đủ,Không,1.6019,0.8762,2.5184,82.7791,0.928,0.6489,1.8478,0.0,0.0,0.0,0.0,1,0,42.8,76.4,64.64,BB,0
LS00685,2025,Thương mại và dịch vụ,Siêu nhỏ,Không đủ,Không,,,,,,,,0.0,,,,1,0,28.0,65.53,56.15,B,0
LS00686,2022,Công nghiệp,Siêu nhỏ,Đủ,Không,4.0,2.56,4.5463,56.723,0.8642,0.1095,0.123,0.0,0.0507,0.0438,0.0492,1,0,89.6,86.47,87.56,AA,0
LS00687,2022,Thương mại và dịch vụ,Nhỏ,Đủ,Không,1.1022,0.9998,22.9035,82.9279,1.7656,0.7054,2.394,0.0,0.009,0.0158,0.0537,1,0,54.8,67.47,63.03,BB,1
LS00688,2024,Thương mại và dịch vụ,Siêu nhỏ,Không đủ,Không,,,,,,,,0.0,,,,1,0,28.0,67.27,57.45,B,1
LS00689,2023,Thương mại và dịch vụ,Nhỏ,Không đủ,Không,1.8644,1.6338,9.1869,134.8894,0.919,0.5256,1.1079,0.0,0.1048,0.0963,0.203,1,0,80.4,69.77,72.43,BB,0
LS00690,2025,Thương mại và dịch vụ,Siêu nhỏ,Đủ,Không,1.7866,1.4139,3.8664,155.726,0.5091,0.5305,1.1299,0.0,0.0367,0.0187,0.0398,1,1,62.8,78.03,72.7,BBB,0
LS00691,2023,Thương mại và dịch vụ,Siêu nhỏ,Đủ,Không,1.0998,1.0131,28.6518,80.9618,1.3472,0.6556,1.9037,0.0,-0.1986,-0.2675,-0.7768,1,0,46.4,61.9,56.48,B,0
LS00692,2021,Công nghiệp,Siêu nhỏ,Không đủ,Không,,,,,,,,0.0,,,,2,2,28.0,64.87,55.65,B,0
LS00693,2023,Thương mại và dịch vụ,Nhỏ,Đủ,Không,1.5442,0.7587,5.5215,23.9763,2.1748,0.5626,1.2862,0.0,0.0106,0.023,0.0526,1,0,64.0,76.3,72.0,BBB,0
LS00694,2023,Thương mại và dịch vụ,Vừa,Đủ,Không,1.2697,0.7581,2.4302,86.3898,0.8579,0.6344,1.7349,0.0,0.0186,0.016,0.0437,1,0,46.8,76.87,66.34,BB,0
LS00695,2023,Công nghiệp,Nhỏ,Đủ,Không,1.5113,0.966,5.3432,47.2353,1.1513,0.6455,1.8212,0.0,0.0533,0.0613,0.173,1,1,74.0,71.87,72.61,BBB,0
LS00696,2021,Xây dựng,Nhỏ,Đủ,Không,1.2811,0.8554,1.9092,203.6094,0.5961,0.6774,2.0996,0.0,0.0037,0.0022,0.0068,1,0,47.2,75.6,65.66,BB,0
LS00697,2024,Thương mại và dịch vụ,Vừa,Đủ,Không,1.2889,1.0276,7.746,87.2161,1.1687,0.5137,1.0563,0.0,0.0715,0.0836,0.1718,1,0,82.0,73.47,76.45,BBB,0
LS00698,2024,Công nghiệp,Vừa,Đủ,Không,1.4696,0.7441,2.7813,45.4664,0.851,0.7596,3.1599,0.0,0.0492,0.0419,0.1742,2,0,54.0,80.6,71.29,BBB,0
LS00699,2022,Thương mại và dịch vụ,Nhỏ,Đủ,Không,2.024,1.4012,4.9258,108.0812,1.5883,0.461,0.8553,0.0,0.0085,0.0135,0.0251,1,0,67.2,84.1,78.18,A,0
LS00700,2022,Xây dựng,Nhỏ,Đủ,Không,1.4912,1.0114,2.6916,191.6441,0.7039,0.6444,1.812,0.0,0.0219,0.0154,0.0434,1,1,72.8,61.8,65.65,BB,0
LS00701,2025,Thương mại và dịch vụ,Nhỏ,Đủ,Không,1.7522,1.1064,5.1162,69.4799,1.4928,0.4093,0.6928,0.0,0.0,0.0,0.0,1,0,66.0,67.5,66.97,BB,0
LS00702,2025,Xây dựng,Siêu nhỏ,Đủ,Không,1.8571,1.2905,1.9622,240.4873,0.5366,0.4393,0.7836,0.0,0.0273,0.0146,0.0261,1,0,80.0,70.77,74.0,BBB,0
LS00703,2024,Thương mại và dịch vụ,Siêu nhỏ,Đủ,Không,1.3562,0.7994,3.7726,55.0754,1.2562,0.5353,1.152,0.0,-0.0709,-0.089,-0.1916,1,0,48.8,59.27,55.6,B,0
LS00704,2024,Thương mại và dịch vụ,Siêu nhỏ,Đủ,Không,1.3853,0.9769,8.7876,62.4209,2.0362,0.6111,1.5712,0.0,-0.0311,-0.0633,-0.1628,1,0,52.4,72.77,65.64,BB,0
LS00705,2023,Thương mại và dịch vụ,Vừa,Đủ,Có,1.1209,0.7023,7.3875,46.626,2.0058,0.5827,1.3963,0.0,0.0257,0.0516,0.1237,1,0,72.8,72.87,72.84,BBB,0
LS00706,2025,Thương mại và dịch vụ,Nhỏ,Đủ,Không,1.6929,1.2211,6.2719,88.147,1.8576,0.5612,1.2789,0.0,0.0425,0.0789,0.1799,1,0,81.2,79.2,79.9,A,0
LS00707,2025,Thương mại và dịch vụ,Siêu nhỏ,Đủ,Không,1.3157,0.686,2.2021,98.9831,0.8939,0.6051,1.5324,0.0,-0.0678,-0.0606,-0.1535,1,0,36.8,68.3,57.28,B,0
LS00708,2021,Thương mại và dịch vụ,Nhỏ,Đủ,Không,1.7766,1.2734,7.2259,53.7373,1.7885,0.4556,0.837,0.0,0.0399,0.0714,0.1311,1,0,87.6,74.8,79.28,A,0
LS00709,2025,Thương mại và dịch vụ,Siêu nhỏ,Đủ,Không,1.4561,1.1078,5.6238,108.9341,0.7368,0.3974,0.6596,0.0,0.0278,0.0205,0.034,1,0,64.8,68.8,67.4,BB,0
LS00710,2021,Thương mại và dịch vụ,Nhỏ,Không đủ,Không,1.8852,1.4331,4.9139,129.6762,0.7851,0.4376,0.7782,0.0,0.0601,0.0472,0.0839,1,0,77.6,70.0,71.9,BB,0
LS00711,2022,Thương mại và dịch vụ,Siêu nhỏ,Không đủ,Không,,,,,,,,0.0,,,,1,0,28.0,77.8,65.35,BB,0
LS00712,2021,Thương mại và dịch vụ,Siêu nhỏ,Không đủ,Không,,,,,,,,0.0,,,,1,0,28.0,73.6,62.2,BB,0
LS00713,2024,Công nghiệp,Lớn,Đủ,Có,1.3392,0.4205,2.0233,33.9323,1.0148,0.5667,1.3077,0.0,0.1031,0.1046,0.2413,1,0,76.4,87.8,82.67,A,0
LS00714,2025,Thương mại và dịch vụ,Nhỏ,Đủ,Có,2.2616,1.4814,5.4291,52.1088,1.6342,0.3445,0.5256,0.0,0.0099,0.0162,0.0248,1,0,74.4,79.97,77.46,A,0
LS00715,2023,Thương mại và dịch vụ,Nhỏ,Đủ,Không,1.7142,1.2934,6.1274,95.8324,0.8462,0.7492,2.9879,0.0,0.0415,0.0351,0.14,1,0,62.0,71.8,68.37,BB,0
LS00716,2022,Thương mại và dịch vụ,Nhỏ,Đủ,Không,1.4886,1.3721,7.1056,299.8265,0.5039,0.677,2.096,0.0,0.0673,0.0339,0.105,1,0,60.4,77.87,71.75,BBB,0
LS00717,2023,Thương mại và dịch vụ,Siêu nhỏ,Đủ,Không,2.5656,1.7568,3.2821,91.25,0.991,0.3285,0.4893,0.0,0.0072,0.0072,0.0107,1,0,66.8,84.0,77.98,A,0
LS00718,2025,Thương mại và dịch vụ,Nhỏ,Đủ,Không,1.2572,0.8308,6.0266,45.7278,1.8807,0.6799,2.1239,0.0,0.0366,0.0689,0.2153,1,0,70.8,71.2,71.06,BBB,0
LS00719,2023,Thương mại và dịch vụ,Lớn,Đủ,Có,2.1648,1.9146,12.9764,99.2444,1.0236,0.6976,2.3068,0.0,0.0849,0.0869,0.2874,1,0,84.0,74.13,78.57,A,0
LS00720,2022,Thương mại và dịch vụ,Nhỏ,Đủ,Không,7.7878,6.565,11.0466,108.0178,1.5771,0.0917,0.101,0.0,0.1357,0.214,0.2357,1,0,92.0,79.2,83.68,A,0
LS00721,2022,Thương mại và dịch vụ,Siêu nhỏ,Đủ,Không,1.8629,0.9969,4.6942,45.0101,2.0301,0.4391,0.7829,0.0,0.0061,0.0123,0.022,2,0,68.0,71.33,70.17,BBB,0
LS00722,2025,Thương mại và dịch vụ,Siêu nhỏ,Đủ,Không,1.2794,0.5646,2.3436,25.4099,1.1688,0.6532,1.8838,0.0,0.013,0.0152,0.0439,1,0,48.4,71.97,63.72,BB,0
LS00723,2024,Thương mại và dịch vụ,Lớn,Đủ,Có,1.2286,1.141,13.3889,210.1842,0.5965,0.7088,2.4339,0.0,0.0281,0.0168,0.0576,2,2,55.2,57.47,56.45,B,0
LS00724,2024,Thương mại và dịch vụ,Lớn,Đủ,Có,1.5224,0.7245,2.489,73.102,1.202,0.8005,4.0119,0.0,0.02,0.024,0.1202,1,0,54.8,79.67,68.48,BB,0
LS00725,2024,Thương mại và dịch vụ,Siêu nhỏ,Đủ,Không,1.4669,1.3373,9.0233,226.6913,0.541,0.54,1.1739,0.0,-0.0185,-0.01,-0.0217,1,1,45.6,71.7,62.57,BB,0
LS00726,2023,Công nghiệp,Lớn,Đủ,Có,1.4981,0.6435,1.9621,53.6764,0.7513,0.5821,1.3932,0.0,0.0275,0.0207,0.0495,1,0,58.0,68.4,63.72,BB,0
LS00727,2021,Xây dựng,Nhỏ,Đủ,Có,1.4486,0.5933,0.8831,138.7122,0.4481,0.6613,1.9521,0.0,0.0141,0.0063,0.0186,1,0,43.2,67.03,56.31,B,0
LS00728,2023,"Nông, lâm nghiệp và thủy sản",Siêu nhỏ,Đủ,Không,1.553,0.9353,1.3285,191.5123,0.2994,0.5135,1.0555,0.0,-0.0259,-0.0078,-0.016,1,0,47.2,70.07,62.06,BB,0
LS00729,2024,Công nghiệp,Siêu nhỏ,Không đủ,Không,,,,,,,,0.0,,,,1,2,28.0,76.67,64.5,BB,0
LS00730,2022,Thương mại và dịch vụ,Siêu nhỏ,Đủ,Không,1.7786,1.5771,17.6049,89.3997,1.4175,0.3139,0.4576,0.0,0.0438,0.062,0.0904,1,0,90.8,82.7,85.54,AA,0
LS00731,2021,Công nghiệp,Vừa,Đủ,Không,2.0745,1.1072,2.2372,100.2405,0.6383,0.7601,3.1687,0.0,0.0138,0.0088,0.0368,1,0,40.8,86.6,70.57,BBB,0
LS00732,2022,Thương mại và dịch vụ,Nhỏ,Đủ,Không,1.3389,0.7655,6.9722,32.4973,2.8016,0.7416,2.8695,0.0,-0.011,-0.0309,-0.1196,1,0,48.4,81.4,69.85,BBB,0
LS00733,2025,Thương mại và dịch vụ,Siêu nhỏ,Đủ,Không,1.8264,1.2066,3.6078,91.7641,1.2827,0.5203,1.0847,0.0,0.0183,0.0235,0.049,1,0,65.6,76.7,72.82,BBB,0
LS00734,2021,Thương mại và dịch vụ,Vừa,Đủ,Không,1.3127,0.6566,1.7021,110.3917,0.6618,0.5469,1.2071,0.0,0.069,0.0457,0.1008,1,0,58.0,76.8,70.22,BBB,0
LS00735,2023,Thương mại và dịch vụ,Siêu nhỏ,Không đủ,Không,,,,,,,,0.0,,,,1,0,28.0,68.6,58.45,B,0
LS00736,2023,Công nghiệp,Vừa,Đủ,Có,1.4579,0.7758,4.0947,35.3319,1.1577,0.5192,1.08,0.0,0.0722,0.0836,0.1738,1,0,80.4,85.97,83.46,A,0
LS00737,2023,Thương mại và dịch vụ,Nhỏ,Đủ,Không,1.429,1.0953,5.5737,88.9473,0.9253,0.6495,1.8531,0.0,0.0647,0.0599,0.1709,1,2,66.0,64.93,65.31,BB,0
LS00738,2025,Thương mại và dịch vụ,Siêu nhỏ,Không đủ,Không,,,,,,,,0.0,,,,1,0,28.0,77.87,65.4,BB,0
LS00739,2022,Thương mại và dịch vụ,Siêu nhỏ,Đủ,Không,1.5993,0.8432,4.0876,40.889,1.2939,0.5519,1.2315,0.0,0.038,0.0492,0.1098,1,0,76.4,78.3,77.64,A,0
LS00740,2025,Công nghiệp,Nhỏ,Đủ,Không,1.8127,1.0293,2.6341,77.8677,0.7438,0.4935,0.9745,0.0,0.0209,0.0155,0.0306,1,0,57.2,81.8,73.19,BBB,0
LS00741,2022,Thương mại và dịch vụ,Nhỏ,Đủ,Không,2.0364,1.2672,6.9385,41.3544,2.4995,0.4597,0.8509,0.0,0.0149,0.0372,0.0689,1,0,85.2,65.37,72.31,BBB,0
LS00742,2025,Thương mại và dịch vụ,Siêu nhỏ,Đủ,Không,2.6543,1.6876,3.4245,70.412,1.2386,0.3277,0.4874,0.0,0.0083,0.0103,0.0153,1,1,70.8,72.13,71.67,BBB,0
LS00743,2021,Thương mại và dịch vụ,Nhỏ,Đủ,Có,1.7522,1.2446,10.555,38.609,2.882,0.5725,1.3393,0.0,0.0154,0.0444,0.1038,1,1,80.8,77.93,79.22,A,0
LS00744,2023,Thương mại và dịch vụ,Siêu nhỏ,Không đủ,Không,,,,,,,,0.0,,,,1,0,28.0,84.0,70.0,BB,0
LS00745,2023,Thương mại và dịch vụ,Siêu nhỏ,Đủ,Không,1.3733,0.7937,1.6542,182.5,0.6149,0.5817,1.3907,0.0,-0.0028,-0.0017,-0.0041,1,2,32.8,73.93,59.54,B,0
LS00746,2022,Thương mại và dịch vụ,Nhỏ,Đủ,Không,1.7017,1.4647,16.3798,70.3912,1.6546,0.5517,1.2305,0.0,-0.0635,-0.1051,-0.2344,1,0,64.4,73.47,70.29,BBB,0
LS00747,2021,Thương mại và dịch vụ,Siêu nhỏ,Đủ,Không,1.9942,1.5954,6.2536,138.6807,0.5894,0.6485,1.8451,0.0,0.0449,0.0264,0.0752,1,1,60.0,77.27,71.22,BBB,0
LS00748,2022,Thương mại và dịch vụ,Nhỏ,Đủ,Không,1.8197,1.5792,11.6779,92.7771,1.2323,0.4202,0.7248,0.0,0.0297,0.0366,0.0631,1,0,80.8,80.9,80.87,A,0
LS00749,2022,Thương mại và dịch vụ,Lớn,Đủ,Có,1.9976,1.8355,18.6452,135.9399,1.1375,0.6554,1.9017,0.0,0.0436,0.0496,0.144,1,0,81.2,67.67,73.76,BBB,0
LS00750,2025,Thương mại và dịch vụ,Siêu nhỏ,Không đủ,Không,,,,,,,,0.0,,,,1,0,28.0,63.2,54.4,B,0
LS00751,2023,Công nghiệp,Siêu nhỏ,Đủ,Không,1.6605,1.184,5.0659,106.0587,0.8936,0.6169,1.6106,0.0,0.0175,0.0157,0.0409,1,0,56.8,75.6,69.02,BB,0
LS00752,2021,Thương mại và dịch vụ,Vừa,Đủ,Có,1.5015,1.3732,15.5623,102.4482,1.0508,0.3941,0.6506,0.0,0.0881,0.0925,0.1528,2,0,81.6,62.53,71.11,BBB,0
LS00753,2023,Thương mại và dịch vụ,Siêu nhỏ,Không đủ,Không,,,,,,,,0.0,,,,1,0,28.0,65.67,56.25,B,0
LS00754,2025,Thương mại và dịch vụ,Nhỏ,Đủ,Không,2.2006,1.5254,2.0723,203.5416,0.446,0.2492,0.332,0.0,0.0479,0.0214,0.0284,1,0,63.2,79.2,73.6,BBB,0
LS00755,2022,Thương mại và dịch vụ,Nhỏ,Đủ,Không,1.3233,0.8505,5.6137,65.0995,1.4776,0.4869,0.949,0.0,0.0097,0.0143,0.028,1,0,59.2,76.6,70.51,BBB,0
LS00756,2025,Thương mại và dịch vụ,Nhỏ,Đủ,Không,2.2602,2.0762,16.1701,125.9656,1.0561,0.2627,0.3563,0.0,0.1383,0.146,0.198,1,0,88.0,74.67,79.33,A,0
LS00757,2021,Thương mại và dịch vụ,Siêu nhỏ,Đủ,Không,2.438,1.9343,4.1739,172.3045,0.5765,0.5169,1.07,0.0,0.1173,0.0676,0.14,1,0,74.0,79.2,77.38,A,0
LS00758,2021,Công nghiệp,Siêu nhỏ,Đủ,Không,1.5858,0.8262,1.8137,100.8328,0.6211,0.5214,1.0894,0.0,-0.0294,-0.0183,-0.0382,1,0,37.6,64.7,55.22,B,0
LS00759,2023,Thương mại và dịch vụ,Siêu nhỏ,Đủ,Không,1.3167,0.9395,3.1557,129.07,0.6414,0.6605,1.9458,0.0,0.0574,0.0368,0.1085,1,0,54.8,78.0,69.88,BBB,0
LS00760,2024,Thương mại và dịch vụ,Nhỏ,Đủ,Không,1.6065,0.8171,5.1343,32.8091,2.2222,0.485,0.9416,0.0,0.008,0.0178,0.0346,1,0,68.0,65.1,66.11,BB,0
LS00761,2021,Thương mại và dịch vụ,Siêu nhỏ,Đủ,Không,1.4086,0.8663,4.3509,49.9033,1.7083,0.6357,1.7448,0.0,-0.0055,-0.0094,-0.0259,1,0,50.4,78.9,68.92,BB,0
LS00762,2024,Xây dựng,Nhỏ,Đủ,Không,1.1643,0.852,2.4101,266.4711,0.5046,0.6908,2.2338,0.0,0.0506,0.0255,0.0826,1,0,64.4,72.67,69.77,BBB,0
LS00763,2021,Xây dựng,Siêu nhỏ,Không đủ,Không,,,,,,,,0.0,,,,2,0,28.0,74.93,63.2,BB,0
LS00764,2023,Thương mại và dịch vụ,Nhỏ,Đủ,Không,2.1189,1.373,3.0359,99.7667,0.7251,0.519,1.079,0.0,0.0343,0.0249,0.0517,1,0,63.2,82.2,75.55,BBB,0
LS00765,2023,Công nghiệp,Nhỏ,Đủ,Không,1.5448,0.9157,3.5594,41.054,0.7299,0.7832,3.612,0.0,0.059,0.0431,0.1987,1,0,62.4,77.1,71.96,BBB,0
LS00766,2021,Thương mại và dịch vụ,Siêu nhỏ,Không đủ,Không,,,,,,,,0.0,,,,1,0,28.0,71.6,60.7,B,0
LS00767,2021,Thương mại và dịch vụ,Lớn,Đủ,Có,1.4462,1.2826,6.1538,286.3664,0.4367,0.5353,1.152,0.0,-0.0352,-0.0154,-0.0331,1,1,53.2,58.8,56.28,B,0
LS00768,2022,Thương mại và dịch vụ,Nhỏ,Đủ,Không,2.2114,1.7952,6.3175,128.3392,0.6692,0.5742,1.3484,0.0,0.0323,0.0216,0.0507,1,0,61.2,81.6,74.46,BBB,0
LS00769,2022,Thương mại và dịch vụ,Nhỏ,Đủ,Không,1.2406,1.106,8.1723,196.9708,0.5383,0.6325,1.7207,0.0,0.0226,0.0122,0.0331,1,0,46.0,78.0,66.8,BB,0
LS00770,2022,Công nghiệp,Nhỏ,Đủ,Không,1.2889,0.731,3.2843,49.4712,0.8444,0.4373,0.7771,0.0,0.0489,0.0413,0.0733,1,0,64.8,79.13,74.12,BBB,0
LS00771,2022,Công nghiệp,Nhỏ,Đủ,Không,1.5012,0.8011,1.758,87.1407,0.6172,0.4355,0.7715,0.0,0.0286,0.0177,0.0313,1,0,50.0,85.6,73.14,BBB,0
LS00772,2023,Thương mại và dịch vụ,Siêu nhỏ,Không đủ,Không,,,,,,,,0.0,,,,1,0,28.0,79.53,66.65,BB,0
LS00773,2022,Thương mại và dịch vụ,Siêu nhỏ,Đủ,Không,1.9797,1.7881,5.1258,371.5301,0.3098,0.6062,1.5393,0.0,0.0565,0.0175,0.0444,1,0,60.4,76.17,70.65,BBB,0
LS00774,2022,Xây dựng,Nhỏ,Đủ,Có,1.8674,1.0059,1.0029,150.6596,0.4394,0.6384,1.7652,0.0,0.0294,0.0129,0.0357,1,0,66.4,71.0,68.93,BB,0
LS00775,2023,Thương mại và dịch vụ,Nhỏ,Đủ,Không,1.2405,0.8111,4.5931,63.117,1.4082,0.6065,1.5411,0.0,0.0609,0.0858,0.2179,1,0,72.4,73.8,73.31,BBB,0
LS00776,2023,Công nghiệp,Lớn,Đủ,Có,1.3718,0.7231,1.5568,97.8131,0.4655,0.597,1.4813,0.0,0.0209,0.0097,0.0241,1,0,48.4,84.8,68.42,BB,0
LS00777,2021,Thương mại và dịch vụ,Nhỏ,Đủ,Không,1.2002,1.0596,13.4658,99.0392,1.0828,0.5001,1.0004,0.0,0.0,0.0,0.0,1,2,59.2,60.73,60.2,B,0
LS00778,2021,Thương mại và dịch vụ,Nhỏ,Đủ,Không,1.7302,1.2976,6.0665,85.2461,1.097,0.5466,1.2054,0.0,0.0936,0.1027,0.2265,1,0,80.8,67.4,72.09,BBB,0
LS00779,2024,Thương mại và dịch vụ,Nhỏ,Đủ,Không,1.2028,0.6663,3.8361,53.9611,1.3512,0.6095,1.5609,0.0,0.0,0.0,0.0,1,0,48.0,70.5,62.62,BB,0
LS00780,2024,Thương mại và dịch vụ,Lớn,Đủ,Không,1.2406,0.9895,6.6932,96.2182,0.9494,0.5981,1.4882,0.0,0.0207,0.0196,0.0488,1,0,64.0,77.3,72.64,BBB,0
LS00781,2025,Thương mại và dịch vụ,Siêu nhỏ,Đủ,Không,1.3108,0.7463,2.8502,67.4119,1.0148,0.5832,1.3994,0.0,0.0182,0.0185,0.0444,1,0,55.2,82.37,72.86,BBB,0
LS00782,2022,Công nghiệp,Vừa,Đủ,Có,1.8356,1.2366,3.1744,138.5341,0.5666,0.6094,1.56,0.0,0.0559,0.0317,0.081,1,0,60.8,85.4,74.33,BBB,0
LS00783,2025,Thương mại và dịch vụ,Lớn,Đủ,Có,1.1843,0.7399,5.2376,48.7168,1.4172,0.6628,1.9654,0.0,0.0199,0.0283,0.0838,1,1,67.6,65.73,66.57,BB,0
LS00784,2021,Thương mại và dịch vụ,Nhỏ,Đủ,Không,1.2994,0.7022,5.5633,43.0926,2.2087,0.6041,1.5257,0.0,-0.0141,-0.0311,-0.0784,1,0,52.8,73.5,66.26,BB,0
LS00785,2022,Thương mại và dịch vụ,Nhỏ,Đủ,Có,1.9232,1.0861,2.6702,81.2801,1.1277,0.5457,1.2014,0.0,0.017,0.0191,0.0421,1,0,62.4,67.2,65.04,BB,0
LS00786,2022,"Nông, lâm nghiệp và thủy sản",Nhỏ,Đủ,Không,1.0181,0.4506,1.7449,49.7753,0.5698,0.5907,1.4434,0.0,0.0583,0.0332,0.0812,1,0,73.2,69.27,70.64,BBB,0
LS00787,2021,Thương mại và dịch vụ,Vừa,Đủ,Có,0.958,0.8804,18.8642,108.9088,1.2253,0.8549,5.894,0.0,0.0257,0.0315,0.2169,2,1,56.4,57.83,57.19,B,1
LS00788,2021,Công nghiệp,Siêu nhỏ,Đủ,Không,1.2134,0.7488,2.997,65.2166,0.8665,0.6377,1.76,0.0,-0.035,-0.0303,-0.0837,1,0,42.4,84.97,70.07,BBB,0
LS00789,2025,Thương mại và dịch vụ,Siêu nhỏ,Đủ,Không,1.0714,0.8769,11.9132,66.4528,1.8371,0.697,2.3008,0.0,-0.0944,-0.1735,-0.5727,1,0,46.8,61.63,56.44,B,0
LS00790,2023,Thương mại và dịch vụ,Siêu nhỏ,Đủ,Không,1.9363,1.1017,6.4655,25.7252,2.4246,0.4178,0.7176,0.0,0.0076,0.0185,0.0317,1,1,74.8,56.53,62.93,BB,0
LS00791,2021,Thương mại và dịch vụ,Vừa,Đủ,Không,1.4429,0.8147,2.514,99.4977,1.0179,0.5986,1.4913,0.0,0.0214,0.0218,0.0542,1,0,55.2,79.87,71.23,BBB,0
LS00792,2023,Xây dựng,Lớn,Đủ,Có,1.4638,1.0575,2.3358,216.3643,0.5131,0.799,3.975,0.0,0.0338,0.0173,0.0862,1,0,68.4,78.27,73.83,BBB,0
LS00793,2024,Thương mại và dịch vụ,Siêu nhỏ,Đủ,Không,2.3352,2.067,7.5833,182.8747,0.6727,0.6768,2.094,0.0,0.0801,0.0539,0.1667,1,0,70.0,80.03,76.52,BBB,0
LS00794,2024,Công nghiệp,Siêu nhỏ,Đủ,Không,1.6128,0.8565,1.3931,154.4991,0.4792,0.5497,1.2209,0.0,0.0569,0.0272,0.0605,1,0,51.2,73.57,65.74,BB,0
LS00795,2025,Thương mại và dịch vụ,Siêu nhỏ,Không đủ,Không,,,,,,,,0.0,,,,1,0,28.0,68.47,58.35,B,0
LS00796,2024,Thương mại và dịch vụ,Nhỏ,Đủ,Không,1.1723,0.5831,2.6813,78.5016,1.1533,0.6853,2.1779,0.0,0.014,0.0162,0.0515,1,0,44.8,81.6,68.72,BB,0
LS00797,2023,Thương mại và dịch vụ,Siêu nhỏ,Đủ,Không,1.8214,1.1362,3.3029,108.8364,1.1931,0.4859,0.9451,0.0,-0.0245,-0.0293,-0.057,1,0,51.2,63.7,59.32,B,0
LS00798,2021,Thương mại và dịch vụ,Siêu nhỏ,Không đủ,Không,,,,,,,,0.0,,,,1,0,28.0,76.6,64.45,BB,0
LS00799,2021,Thương mại và dịch vụ,Siêu nhỏ,Đủ,Không,1.5746,1.4493,23.5119,115.8752,1.3754,0.3696,0.5863,0.0,0.0453,0.0623,0.0988,1,0,87.6,87.0,87.21,AA,0
LS00800,2025,Thương mại và dịch vụ,Siêu nhỏ,Đủ,Không,1.5504,1.1182,3.2182,165.4167,0.7909,0.5041,1.0164,0.0,0.0061,0.0048,0.0097,1,0,48.4,79.07,68.33,BB,0
LS00801,2023,Thương mại và dịch vụ,Siêu nhỏ,Đủ,Không,2.1146,1.9479,7.5625,275.4091,0.5181,0.3014,0.4315,0.0,0.0485,0.0251,0.036,1,0,72.4,86.73,81.72,A,0
LS00802,2023,Thương mại và dịch vụ,Lớn,Đủ,Có,2.1211,1.162,8.1731,33.3053,3.0152,0.7354,2.7798,0.0,0.0342,0.1031,0.3897,1,0,85.2,72.8,78.38,A,0
LS00803,2025,Công nghiệp,Siêu nhỏ,Đủ,Không,1.3714,0.8905,3.6238,76.2088,0.7054,0.4248,0.7385,0.0,-0.0462,-0.0326,-0.0566,1,0,52.0,70.1,63.76,BB,0
LS00804,2025,Xây dựng,Lớn,Đủ,Có,1.6903,1.0481,1.3495,129.431,0.4798,0.9,9.0045,0.0,0.0268,0.0129,0.1286,1,0,64.4,73.6,69.46,BB,0
LS00805,2023,Công nghiệp,Siêu nhỏ,Đủ,Không,2.5759,1.4675,3.0726,80.5631,0.7311,0.4259,0.7419,0.0,-0.0443,-0.0324,-0.0564,1,0,56.0,75.97,68.98,BB,0
LS00806,2025,Thương mại và dịch vụ,Siêu nhỏ,Đủ,Không,2.1206,1.3508,4.4093,73.4178,1.6102,0.43,0.7545,0.0,-0.0466,-0.0751,-0.1317,1,0,64.4,76.0,71.94,BBB,0
LS00807,2023,Công nghiệp,Vừa,Đủ,Có,2.3978,1.667,3.8916,78.1796,0.8316,0.5377,1.1631,0.0,0.0483,0.0402,0.0869,1,1,68.8,78.67,74.23,BBB,0
LS00808,2024,"Nông, lâm nghiệp và thủy sản",Siêu nhỏ,Không đủ,Không,,,,,,,,0.0,,,,1,0,28.0,74.47,62.85,BB,0
LS00809,2024,Công nghiệp,Siêu nhỏ,Đủ,Không,1.7674,0.9028,3.002,78.5259,0.8206,0.3755,0.6013,0.0,0.0,0.0,0.0,1,0,62.0,68.87,66.46,BB,0
LS00810,2022,Thương mại và dịch vụ,Nhỏ,Đủ,Không,1.9812,1.0911,3.6624,46.0654,1.7592,0.4795,0.9213,0.0,-0.0128,-0.0225,-0.0432,2,0,58.8,59.4,59.19,B,0
LS00811,2022,Xây dựng,Siêu nhỏ,Không đủ,Không,,,,,,,,0.0,,,,1,0,28.0,70.53,59.9,B,0
LS00812,2025,Thương mại và dịch vụ,Siêu nhỏ,Đủ,Không,3.9689,2.2639,2.4192,119.1119,0.9986,0.2097,0.2653,0.0,0.0165,0.0165,0.0209,1,1,68.0,74.4,72.16,BBB,0
LS00813,2021,Thương mại và dịch vụ,Vừa,Đủ,Không,1.2826,1.1252,9.8959,137.447,0.8803,0.6679,2.0116,0.0,0.0237,0.0208,0.0628,2,2,60.8,60.47,60.58,B,0
LS00814,2022,Thương mại và dịch vụ,Nhỏ,Đủ,Có,1.0558,0.7381,4.8279,75.1772,1.1786,0.7099,2.4474,0.0,0.0201,0.0237,0.0816,1,0,52.0,68.1,60.86,B,0
LS00815,2024,Thương mại và dịch vụ,Nhỏ,Đủ,Không,1.4156,0.7648,2.1355,88.2965,0.8826,0.6377,1.7602,0.0,-0.0781,-0.0689,-0.1901,1,2,38.0,70.33,59.02,B,0
LS00816,2021,Thương mại và dịch vụ,Nhỏ,Đủ,Không,1.8009,1.5148,9.3454,89.3802,1.0451,0.7904,3.7715,0.0,0.0463,0.0484,0.2311,2,0,67.2,58.8,61.74,B,0
LS00817,2021,Thương mại và dịch vụ,Nhỏ,Đủ,Không,1.1404,1.0884,22.7954,207.1485,0.8337,0.5481,1.2127,0.0,0.0255,0.0213,0.0471,1,0,59.6,68.8,65.58,BB,0
LS00818,2022,Thương mại và dịch vụ,Siêu nhỏ,Đủ,Không,1.7803,0.9812,3.1762,82.0185,1.2598,0.5327,1.1399,0.0,0.0101,0.0127,0.0271,1,0,59.6,89.4,78.97,A,0
LS00819,2022,Thương mại và dịch vụ,Siêu nhỏ,Đủ,Không,2.6183,1.1765,2.2818,49.896,1.0098,0.2742,0.3778,0.0,0.0108,0.0109,0.015,1,0,65.6,74.2,71.19,BBB,0
LS00820,2021,Xây dựng,Siêu nhỏ,Đủ,Không,1.5323,1.1462,2.282,309.0697,0.5915,0.5839,1.4031,0.0,-0.206,-0.1218,-0.2928,1,0,55.2,58.67,57.45,B,0
LS00821,2025,Công nghiệp,Nhỏ,Đủ,Không,1.7532,1.2141,7.0469,72.6092,1.101,0.6732,2.0599,0.0,0.0394,0.0433,0.1326,1,0,66.4,80.4,75.5,BBB,0
LS00822,2021,Công nghiệp,Siêu nhỏ,Không đủ,Không,,,,,,,,0.0,,,,1,1,28.0,79.87,66.9,BB,0
LS00823,2024,Thương mại và dịch vụ,Nhỏ,Đủ,Không,6.4901,4.4857,4.7511,103.1658,1.1856,0.1159,0.131,0.0,0.0075,0.0089,0.0101,1,0,64.8,77.87,73.29,BBB,0
LS00824,2021,Thương mại và dịch vụ,Siêu nhỏ,Đủ,Không,2.1545,1.6824,4.3,146.1174,0.737,0.3602,0.563,0.0508,-0.0563,-0.0415,-0.0648,2,0,52.0,62.17,58.61,B,0
LS00825,2024,Thương mại và dịch vụ,Vừa,Đủ,Không,1.4246,1.0269,8.187,60.6149,1.7788,0.5088,1.036,0.0338,-0.0446,-0.0794,-0.1616,2,1,57.6,55.2,56.04,B,0
LS00826,2023,Công nghiệp,Nhỏ,Đủ,Có,1.3101,0.9028,9.5754,35.4201,1.5405,0.5496,1.22,0.0,0.0397,0.0612,0.1358,1,0,79.2,82.2,80.85,A,0
LS00827,2022,Công nghiệp,Siêu nhỏ,Đủ,Không,2.0216,1.0093,1.5122,78.0,0.4335,0.42,0.7242,0.0,-0.0767,-0.0333,-0.0573,1,0,48.4,62.17,57.35,B,0
LS00828,2024,Thương mại và dịch vụ,Siêu nhỏ,Đủ,Không,1.5306,1.1293,7.3553,59.3795,1.6768,0.529,1.1233,0.0,-0.0627,-0.1051,-0.2233,1,0,57.6,70.0,65.66,BB,0
LS00829,2021,Thương mại và dịch vụ,Nhỏ,Đủ,Không,1.4381,1.0159,6.2175,64.6153,1.6879,0.6557,1.9043,0.0,0.0203,0.0343,0.0996,1,0,65.6,75.57,72.08,BBB,0
LS00830,2023,Thương mại và dịch vụ,Lớn,Đủ,Có,1.2976,0.6489,1.5473,91.1073,0.7655,0.8522,5.7645,0.0,0.0472,0.0361,0.2443,1,0,50.0,75.5,64.03,BB,0
LS00831,2021,Thương mại và dịch vụ,Nhỏ,Đủ,Không,2.2506,2.0412,15.1117,112.2775,0.8393,0.52,1.0832,0.0,0.0551,0.0463,0.0964,1,0,79.2,71.87,74.43,BBB,0
LS00832,2023,Thương mại và dịch vụ,Nhỏ,Đủ,Không,1.6174,0.7847,2.0566,76.4093,0.7854,0.5032,1.013,0.0,0.0619,0.0486,0.0978,1,0,68.4,75.5,73.02,BBB,0
LS00833,2023,Công nghiệp,Siêu nhỏ,Không đủ,Không,,,,,,,,0.0,,,,1,0,28.0,69.87,59.4,B,0
LS00834,2023,Thương mại và dịch vụ,Siêu nhỏ,Đủ,Không,2.0671,1.2022,2.7212,93.3006,1.0591,0.4102,0.6955,0.0,-0.0144,-0.0152,-0.0259,2,0,51.2,66.63,61.23,B,0
LS00835,2021,Thương mại và dịch vụ,Vừa,Đủ,Có,1.1642,0.659,2.0574,126.6252,0.7731,0.8728,6.8645,0.0,0.01,0.0077,0.0606,1,0,33.6,78.93,58.53,B,0
LS00836,2023,Công nghiệp,Vừa,Đủ,Không,1.5012,0.6097,1.2489,48.0855,0.4366,0.3727,0.5942,0.0,0.0644,0.0281,0.0448,1,0,59.6,86.23,76.91,BBB,0
LS00837,2025,Thương mại và dịch vụ,Siêu nhỏ,Đủ,Không,2.7048,1.1996,0.703,109.2559,0.4211,0.3387,0.5122,0.0,-0.0268,-0.0113,-0.017,2,0,52.8,56.57,55.25,B,0
LS00838,2022,"Nông, lâm nghiệp và thủy sản",Siêu nhỏ,Đủ,Không,1.8694,1.2066,1.6645,145.7591,0.2807,0.5324,1.1387,0.0,0.011,0.0031,0.0066,1,0,57.2,55.67,56.2,B,0
LS00839,2024,Thương mại và dịch vụ,Siêu nhỏ,Đủ,Không,1.1088,0.5129,4.1655,32.3925,1.9218,0.731,2.7173,0.0,-0.0393,-0.0756,-0.281,1,0,43.2,83.1,69.14,BB,0
LS00840,2025,Công nghiệp,Siêu nhỏ,Đủ,Không,1.3475,0.7471,4.0088,30.9138,1.265,0.4422,0.7928,0.0,0.0,0.0,0.0,1,0,61.2,64.57,63.39,BB,0
LS00841,2025,Thương mại và dịch vụ,Nhỏ,Đủ,Có,1.8367,1.5542,4.4605,254.3107,0.6086,0.3819,0.6179,0.0,0.0542,0.033,0.0534,1,0,66.8,79.1,73.56,BBB,0
LS00842,2024,Thương mại và dịch vụ,Siêu nhỏ,Đủ,Không,1.8078,1.033,2.2713,126.8019,0.8738,0.5674,1.3115,0.0,0.0114,0.0099,0.023,1,0,49.6,65.3,59.8,B,0
LS00843,2024,Thương mại và dịch vụ,Vừa,Đủ,Không,1.4351,0.5119,2.5889,32.8652,1.422,0.7833,3.6146,0.0,0.0146,0.0208,0.0958,1,0,51.6,72.5,65.18,BB,0
LS00844,2024,Xây dựng,Nhỏ,Đủ,Không,1.7844,1.4286,3.3122,189.7362,0.4631,0.3421,0.5199,0.0,0.0359,0.0166,0.0253,1,0,80.4,73.6,75.98,BBB,0
LS00845,2023,Thương mại và dịch vụ,Lớn,Đủ,Có,1.4058,0.9992,5.5205,83.2605,1.5174,0.6221,1.6464,0.0,0.0401,0.0609,0.1611,1,1,74.8,70.47,72.42,BBB,0
LS00846,2023,Thương mại và dịch vụ,Siêu nhỏ,Đủ,Không,1.2803,0.9786,8.3465,57.2965,1.6584,0.6543,1.8924,0.0,-0.0199,-0.0331,-0.0956,1,0,46.8,68.8,61.1,B,0
LS00847,2024,Thương mại và dịch vụ,Siêu nhỏ,Không đủ,Không,,,,,,,,0.0,,,,1,0,28.0,82.2,68.65,BB,0
LS00848,2022,Thương mại và dịch vụ,Nhỏ,Đủ,Không,1.4409,0.7235,3.6774,21.5968,1.0883,0.5487,1.216,0.0,0.0213,0.0232,0.0513,1,0,63.6,82.2,75.69,BBB,0
LS00849,2021,Thương mại và dịch vụ,Siêu nhỏ,Đủ,Không,5.8298,3.7589,3.0171,141.7567,1.0237,0.1485,0.1744,0.0,0.0165,0.0169,0.0198,1,0,68.0,73.0,71.25,BBB,0
LS00850,2023,Thương mại và dịch vụ,Nhỏ,Đủ,Không,1.8037,0.9842,6.0721,17.3862,2.2834,0.5927,1.4552,0.0,0.0132,0.0301,0.0739,1,0,72.0,87.6,82.14,A,0
LS00851,2021,Thương mại và dịch vụ,Nhỏ,Đủ,Không,1.2825,0.8429,2.7704,119.1611,0.9386,0.6884,2.2095,0.0,-0.0409,-0.0384,-0.1232,1,0,34.4,76.93,62.05,BB,0
LS00852,2021,Thương mại và dịch vụ,Nhỏ,Đủ,Không,1.2004,0.78,6.0866,34.8129,1.9175,0.6818,2.1427,0.0,0.0073,0.014,0.0439,1,2,55.2,61.83,59.51,B,0
LS00853,2024,Thương mại và dịch vụ,Siêu nhỏ,Đủ,Không,1.6871,1.4928,9.0632,172.4382,0.7904,0.3674,0.5808,0.0,0.0399,0.0316,0.0499,1,0,76.8,87.0,83.43,A,0
LS00854,2023,Công nghiệp,Nhỏ,Đủ,Không,1.8204,0.6364,1.7965,17.0344,0.8381,0.5701,1.3263,0.0,-0.021,-0.0176,-0.041,1,0,49.2,80.9,69.8,BBB,0
LS00855,2025,Công nghiệp,Nhỏ,Đủ,Không,1.0269,0.5768,3.685,52.9319,1.0483,0.5399,1.1733,0.0,0.0342,0.0359,0.078,1,1,58.0,68.23,64.65,BB,0
LS00856,2024,Thương mại và dịch vụ,Nhỏ,Đủ,Không,1.7241,1.1922,5.2415,86.286,1.3921,0.7082,2.4266,0.0,0.0174,0.0242,0.0829,1,0,62.0,73.67,69.58,BB,0
LS00857,2025,Thương mại và dịch vụ,Siêu nhỏ,Không đủ,Không,,,,,,,,0.0,,,,1,0,28.0,71.47,60.6,B,0
LS00858,2021,Thương mại và dịch vụ,Lớn,Đủ,Có,1.5639,1.0045,4.0663,73.8252,1.2049,0.6544,1.8934,0.0,0.0142,0.0171,0.0496,1,0,63.2,66.5,65.02,BB,0
LS00859,2022,Thương mại và dịch vụ,Siêu nhỏ,Không đủ,Không,,,,,,,,0.0,,,,1,0,28.0,64.47,55.35,B,0
LS00860,2023,Thương mại và dịch vụ,Siêu nhỏ,Đủ,Không,2.037,0.7261,2.4494,40.703,1.4986,0.515,1.0618,0.0,-0.0448,-0.0672,-0.1386,1,0,52.0,80.1,70.26,BBB,0
LS00861,2024,Thương mại và dịch vụ,Lớn,Đủ,Có,1.878,0.8879,6.3648,16.9978,2.5787,0.6198,1.6305,0.0,0.0208,0.0538,0.1414,1,0,82.8,79.2,80.82,A,0
LS00862,2024,Thương mại và dịch vụ,Siêu nhỏ,Đủ,Không,2.1796,1.2976,3.6505,56.8904,1.2331,0.6051,1.5325,0.0,0.0131,0.0162,0.041,1,0,63.6,76.33,71.88,BBB,0
LS00863,2023,Thương mại và dịch vụ,Siêu nhỏ,Đủ,Không,1.9194,1.6237,5.2,191.0995,0.6325,0.3079,0.445,0.0,0.0654,0.0414,0.0598,2,0,79.2,60.73,67.2,BB,0
LS00864,2025,"Nông, lâm nghiệp và thủy sản",Nhỏ,Đủ,Có,1.1018,0.4098,0.5113,63.8462,0.1913,0.5309,1.1319,0.0,0.0148,0.0028,0.006,1,0,44.0,73.3,60.12,B,0
LS00865,2023,Thương mại và dịch vụ,Nhỏ,Đủ,Không,1.1716,0.5113,4.617,17.0415,2.2672,0.6692,2.0232,0.0,-0.0272,-0.0616,-0.1863,2,0,45.2,59.83,54.71,B,0
LS00866,2021,Thương mại và dịch vụ,Siêu nhỏ,Đủ,Không,1.2294,0.8556,4.0237,86.1723,1.0589,0.7391,2.8333,0.0,0.0,0.0,0.0,1,0,43.6,65.8,58.03,B,0
LS00867,2025,Thương mại và dịch vụ,Siêu nhỏ,Đủ,Không,2.2411,1.445,3.7305,99.4352,1.3559,0.4234,0.7344,0.0,0.0083,0.0113,0.0195,1,0,63.2,75.7,71.32,BBB,0
LS00868,2024,Thương mại và dịch vụ,Siêu nhỏ,Đủ,Không,2.4498,2.182,4.8672,361.4128,0.3599,0.4045,0.6793,0.0,0.0835,0.0301,0.0505,1,0,71.2,79.2,76.4,BBB,0
LS00869,2025,Công nghiệp,Vừa,Đủ,Không,0.7548,0.3705,2.3962,59.7368,0.6614,0.8314,4.9312,0.0,-0.0299,-0.0198,-0.1173,1,1,27.2,69.47,54.67,B,0
LS00870,2023,Thương mại và dịch vụ,Siêu nhỏ,Đủ,Không,2.2244,1.8672,4.9294,210.3201,0.5447,0.7356,2.7827,0.0,0.0567,0.0309,0.1168,1,0,62.4,63.4,63.05,BB,0
LS00871,2022,Công nghiệp,Nhỏ,Đủ,Không,1.3138,0.5432,2.2466,58.7831,0.7538,0.382,0.6181,0.0,0.0899,0.0677,0.1096,1,0,67.6,83.6,78.0,A,0
LS00872,2022,Xây dựng,Siêu nhỏ,Không đủ,Không,,,,,,,,0.0,,,,1,0,28.0,70.73,60.05,B,0
LS00873,2021,Thương mại và dịch vụ,Siêu nhỏ,Đủ,Không,1.9101,1.1449,7.0323,38.7782,2.9267,0.4942,0.9769,0.0,0.0224,0.0655,0.1295,1,0,82.0,74.7,77.26,A,0
LS00874,2023,Công nghiệp,Nhỏ,Đủ,Không,1.7,0.7979,2.0048,60.8614,0.6996,0.7073,2.4165,0.0,0.0781,0.0546,0.1866,1,0,59.6,87.2,77.54,A,0
LS00875,2021,Thương mại và dịch vụ,Vừa,Đủ,Có,1.2902,1.0718,6.138,146.704,0.6941,0.7404,2.8522,0.0,0.0148,0.0103,0.0395,1,3,44.4,65.4,55.95,B,0
LS00876,2021,Xây dựng,Nhỏ,Đủ,Không,1.8311,1.5232,3.6669,277.9748,0.4371,0.352,0.5432,0.0,0.021,0.0092,0.0142,1,0,70.0,82.6,78.19,A,0
LS00877,2024,Xây dựng,Nhỏ,Đủ,Có,1.1544,0.6946,0.6877,317.7707,0.308,0.8146,4.3941,0.0,0.03,0.0092,0.0498,1,0,40.8,70.97,57.39,B,0
LS00878,2024,"Nông, lâm nghiệp và thủy sản",Nhỏ,Đủ,Không,15.5209,8.6819,1.7928,114.4809,0.4144,0.03,0.0309,0.0,0.0158,0.0065,0.0067,1,0,76.4,78.3,77.64,A,0
LS00879,2021,Thương mại và dịch vụ,Lớn,Đủ,Có,1.8383,1.2325,2.909,123.5471,0.6356,0.6322,1.7185,0.0,0.1487,0.0945,0.2569,1,0,72.4,77.3,75.1,BBB,0
LS00880,2024,Thương mại và dịch vụ,Siêu nhỏ,Đủ,Không,1.4906,0.9114,2.5676,113.6573,0.957,0.587,1.4213,0.0,-0.0554,-0.053,-0.1283,1,0,38.4,72.67,60.67,B,0
LS00881,2025,Thương mại và dịch vụ,Siêu nhỏ,Không đủ,Không,,,,,,,,0.0,,,,1,0,28.0,71.0,60.25,B,0
LS00882,2021,Thương mại và dịch vụ,Siêu nhỏ,Đủ,Không,1.6034,1.5216,18.5789,201.3793,0.703,0.5439,1.1927,0.0,-0.0302,-0.0212,-0.0465,1,0,49.2,57.2,54.4,B,0
LS00883,2023,Xây dựng,Siêu nhỏ,Không đủ,Không,,,,,,,,0.0,,,,1,0,28.0,87.4,72.55,BB,0
LS00884,2021,Thương mại và dịch vụ,Nhỏ,Không đủ,Không,1.9298,0.9301,3.2464,34.1316,1.6618,0.4706,0.889,0.0,0.0173,0.0288,0.0543,1,0,72.0,66.73,68.05,BB,0
LS00885,2021,Thương mại và dịch vụ,Nhỏ,Đủ,Không,1.6599,1.3151,5.0396,143.4333,0.877,0.5044,1.0179,0.0,0.0244,0.0214,0.0432,1,0,64.0,76.8,72.32,BBB,0
LS00886,2024,Công nghiệp,Vừa,Đủ,Không,1.3372,0.98,12.7721,41.1762,1.7622,0.5394,1.1709,0.0,0.0281,0.0496,0.1076,1,1,78.0,79.73,79.13,A,0
LS00887,2023,Thương mại và dịch vụ,Vừa,Đủ,Không,1.6258,0.9407,5.5172,55.8701,2.0794,0.7185,2.5525,0.0,0.0322,0.0669,0.2375,2,0,74.0,74.47,74.3,BBB,0
LS00888,2024,Thương mại và dịch vụ,Nhỏ,Đủ,Có,1.2665,0.844,5.7438,62.8125,1.146,0.4196,0.723,0.0,0.118,0.1352,0.233,1,0,80.4,82.3,81.45,A,0
LS00889,2022,Công nghiệp,Siêu nhỏ,Không đủ,Không,,,,,,,,0.0,,,,1,0,28.0,84.27,70.2,BB,0
LS00890,2023,Thương mại và dịch vụ,Siêu nhỏ,Đủ,Không,2.0312,1.4814,7.1004,59.6693,1.3585,0.587,1.4211,0.0,0.0574,0.078,0.1888,1,0,78.8,76.57,77.35,A,0
LS00891,2024,Công nghiệp,Siêu nhỏ,Không đủ,Không,2.5231,1.9154,5.443,104.3783,0.6808,0.2781,0.3853,0.0,-0.0728,-0.0496,-0.0687,1,0,66.0,56.9,59.18,B,0
LS00892,2023,Thương mại và dịch vụ,Nhỏ,Đủ,Không,1.4468,1.0741,4.9045,117.6744,1.3355,0.6547,1.896,0.0,0.0174,0.0232,0.0673,1,1,54.8,78.2,70.01,BBB,0
LS00893,2021,Công nghiệp,Lớn,Đủ,Có,1.6082,1.0591,11.7793,21.038,2.9453,0.7406,2.8544,0.0,0.0525,0.1547,0.5961,1,0,83.2,68.03,74.86,BBB,0
LS00894,2021,Thương mại và dịch vụ,Nhỏ,Đủ,Không,1.5275,1.4166,11.9762,223.4419,0.5774,0.563,1.2883,0.0,0.0421,0.0243,0.0556,1,0,60.0,60.37,60.24,B,0
LS00895,2024,Thương mại và dịch vụ,Siêu nhỏ,Không đủ,Không,,,,,,,,0.0,,,,2,0,28.0,65.4,56.05,B,0
LS00896,2022,Công nghiệp,Nhỏ,Đủ,Không,1.3709,0.8016,3.0219,86.3708,0.9169,0.7233,2.6145,0.0,0.0745,0.0683,0.2468,1,0,60.0,67.47,64.85,BB,0
LS00897,2021,Thương mại và dịch vụ,Siêu nhỏ,Đủ,Không,1.6825,0.9586,5.3765,60.1414,1.8366,0.4451,0.8021,0.0,0.0082,0.015,0.027,1,0,68.0,80.9,76.39,BBB,0
LS00898,2022,Xây dựng,Siêu nhỏ,Đủ,Không,1.3718,1.1243,3.3274,269.1715,0.5878,0.618,1.6176,0.0,0.0467,0.0274,0.0718,1,1,77.6,63.5,68.44,BB,0
LS00899,2023,Thương mại và dịch vụ,Lớn,Đủ,Có,2.9928,2.327,1.7281,272.42,0.3174,0.499,0.9959,0.0,0.0661,0.021,0.0419,1,0,64.8,83.3,74.98,BBB,0
LS00900,2021,Thương mại và dịch vụ,Siêu nhỏ,Không đủ,Không,,,,,,,,0.0,,,,1,0,28.0,80.07,67.05,BB,0
LS00901,2023,Xây dựng,Siêu nhỏ,Không đủ,Không,,,,,,,,0.0,,,,1,0,28.0,69.8,59.35,B,0
LS00902,2023,Thương mại và dịch vụ,Siêu nhỏ,Đủ,Không,1.4574,0.8391,4.6276,45.4698,1.9349,0.6083,1.5528,0.0,0.0102,0.0198,0.0504,1,0,61.6,75.67,70.74,BBB,0
LS00903,2022,Thương mại và dịch vụ,Siêu nhỏ,Không đủ,Không,,,,,,,,0.0,,,,1,0,28.0,70.13,59.6,B,0
LS00904,2023,Xây dựng,Siêu nhỏ,Đủ,Không,1.769,1.2216,1.6818,307.2391,0.4102,0.3886,0.6355,0.0,0.1178,0.0483,0.0791,1,0,82.8,70.0,74.48,BBB,0
LS00905,2021,Thương mại và dịch vụ,Siêu nhỏ,Đủ,Không,2.0861,1.5464,5.5153,76.3116,1.5294,0.4555,0.8366,0.0,0.0178,0.0271,0.0499,1,0,80.8,70.33,74.0,BBB,0
LS00906,2022,"Nông, lâm nghiệp và thủy sản",Siêu nhỏ,Đủ,Không,1.3794,0.7569,2.0508,83.0398,0.3475,0.3921,0.6451,0.0,0.0951,0.0331,0.0544,1,0,84.4,77.07,79.63,A,0
LS00907,2021,Thương mại và dịch vụ,Siêu nhỏ,Đủ,Không,2.0963,1.4469,3.6084,123.3013,0.9132,0.355,0.5503,0.0,0.0048,0.0044,0.0068,1,0,65.2,75.3,71.76,BBB,0
LS00908,2021,Thương mại và dịch vụ,Siêu nhỏ,Không đủ,Không,,,,,,,,0.0,,,,1,0,28.0,78.93,66.2,BB,0
LS00909,2021,Công nghiệp,Siêu nhỏ,Đủ,Không,1.9593,1.2967,3.3988,92.2282,0.7963,0.3,0.4286,0.0,0.0567,0.0451,0.0645,1,0,83.6,66.57,72.53,BBB,0
LS00910,2025,Thương mại và dịch vụ,Siêu nhỏ,Đủ,Không,13.0845,12.4225,25.7447,144.9849,0.9627,0.0413,0.0431,0.0,0.0175,0.0169,0.0176,1,0,74.0,62.9,66.78,BB,0
LS00911,2023,Thương mại và dịch vụ,Nhỏ,Đủ,Không,2.0451,0.8618,4.808,22.2472,2.1152,0.3681,0.5826,0.0,0.0497,0.105,0.1662,1,0,89.6,78.97,82.69,A,0
LS00912,2025,Thương mại và dịch vụ,Siêu nhỏ,Không đủ,Không,,,,,,,,0.0,,,,1,0,28.0,78.8,66.1,BB,0
LS00913,2022,Công nghiệp,Nhỏ,Đủ,Không,1.4207,0.9836,2.6893,167.0118,0.5819,0.6102,1.5657,0.0,0.0389,0.0226,0.058,1,0,48.4,72.2,63.87,BB,0
LS00914,2023,Công nghiệp,Nhỏ,Đủ,Không,1.6046,1.1883,7.1023,62.4174,1.3406,0.3949,0.6527,0.0,0.0865,0.1159,0.1916,1,0,94.4,80.9,85.62,AA,0
LS00915,2021,Thương mại và dịch vụ,Vừa,Đủ,Không,1.3346,0.8451,5.0597,43.4264,1.8997,0.7118,2.4698,0.0,0.0066,0.0126,0.0436,1,1,55.2,71.87,66.03,BB,0
LS00916,2021,Thương mại và dịch vụ,Nhỏ,Đủ,Không,1.3038,0.7416,2.6503,92.863,1.005,0.6434,1.8041,0.0,0.0153,0.0153,0.043,2,0,42.8,68.13,59.27,B,0
LS00917,2022,Thương mại và dịch vụ,Nhỏ,Đủ,Không,1.9978,1.3634,8.5249,42.6564,2.4715,0.5028,1.0112,0.0,0.0109,0.0271,0.0544,1,0,78.0,79.27,78.82,A,0
LS00918,2025,Thương mại và dịch vụ,Lớn,Đủ,Có,1.1277,0.925,5.9156,122.321,0.7501,0.7069,2.4115,0.0,0.1424,0.1068,0.3645,2,1,68.4,64.07,66.02,BB,0
LS00919,2021,Thương mại và dịch vụ,Siêu nhỏ,Không đủ,Không,,,,,,,,0.0,,,,1,0,28.0,75.67,63.75,BB,0
LS00920,2023,Công nghiệp,Siêu nhỏ,Đủ,Không,1.3462,0.5846,3.1899,29.2781,1.1768,0.4091,0.6922,0.0,0.0433,0.051,0.0863,2,0,74.4,58.07,63.78,BB,0
LS00921,2025,Thương mại và dịch vụ,Siêu nhỏ,Đủ,Không,1.0151,0.6847,5.7985,53.056,1.4654,0.6809,2.134,0.0,0.0,0.0,0.0,2,2,50.0,59.63,56.26,B,0
LS00922,2021,Xây dựng,Nhỏ,Đủ,Không,1.3945,1.1861,2.556,475.3611,0.3615,0.7207,2.5807,0.0,0.0,0.0,0.0,1,0,46.0,74.2,64.33,BB,0
LS00923,2025,Thương mại và dịch vụ,Nhỏ,Đủ,Không,1.8712,1.4237,4.6293,143.2176,0.6906,0.6071,1.5452,0.0,0.0121,0.0083,0.0212,1,0,51.2,63.57,59.24,B,0
LS00924,2024,Xây dựng,Siêu nhỏ,Đủ,Không,1.9268,0.9659,1.849,102.6427,0.8904,0.4341,0.7671,0.0,0.0553,0.0492,0.087,1,0,88.8,60.1,70.15,BBB,0
LS00925,2022,Thương mại và dịch vụ,Siêu nhỏ,Đủ,Không,4.0128,2.5337,2.8765,116.2866,0.9529,0.207,0.2611,0.0,-0.0376,-0.0358,-0.0452,2,0,62.0,58.23,59.55,B,0
LS00926,2024,Xây dựng,Siêu nhỏ,Đủ,Không,1.8899,1.3929,1.3667,429.9852,0.3163,0.3965,0.6571,0.0,-0.0282,-0.0089,-0.0148,1,0,52.4,71.37,64.73,BB,0
LS00927,2022,Thương mại và dịch vụ,Nhỏ,Đủ,Không,1.3328,0.6164,3.063,33.2306,1.422,0.5647,1.2975,0.0,0.0215,0.0305,0.0701,1,0,61.2,77.17,71.58,BBB,0
LS00928,2025,Thương mại và dịch vụ,Nhỏ,Đủ,Không,2.3142,1.9939,15.1981,69.7106,1.301,0.6521,1.8746,0.0,0.0892,0.116,0.3336,1,0,80.0,80.97,80.63,A,0
LS00929,2023,Thương mại và dịch vụ,Nhỏ,Đủ,Không,1.4879,0.7453,5.3515,35.947,2.3458,0.554,1.242,0.0,0.0386,0.0906,0.2031,1,1,80.8,71.33,74.65,BBB,0
LS00930,2023,Thương mại và dịch vụ,Nhỏ,Đủ,Không,1.2742,0.6786,2.9717,52.9935,1.2229,0.6032,1.5201,0.0,0.0297,0.0363,0.0914,1,0,58.8,82.3,74.07,BBB,0
LS00931,2022,Thương mại và dịch vụ,Vừa,Đủ,Không,1.7695,1.0717,7.0433,26.8963,2.5671,0.4718,0.8931,0.0,0.007,0.0181,0.0342,1,0,75.6,75.2,75.34,BBB,0
LS00932,2022,Thương mại và dịch vụ,Nhỏ,Đủ,Không,1.3304,1.2054,5.4627,293.3829,0.4095,0.4998,0.9991,0.0,-0.0132,-0.0054,-0.0108,2,0,45.6,62.13,56.35,B,1
LS00933,2024,Công nghiệp,Nhỏ,Không đủ,Không,1.61,1.0229,2.9325,120.1093,0.7044,0.3603,0.5631,0.0,0.0379,0.0267,0.0417,1,0,62.4,54.37,56.38,B,0
LS00934,2021,Thương mại và dịch vụ,Siêu nhỏ,Đủ,Không,1.9514,0.8977,4.15,40.0302,2.1554,0.4504,0.8196,0.0,0.0099,0.0214,0.039,1,0,72.8,88.7,83.14,A,0
LS00935,2025,Thương mại và dịch vụ,Nhỏ,Đủ,Không,1.8066,1.7015,26.2308,132.9319,0.8628,0.6507,1.8625,0.0,0.0261,0.0225,0.0645,1,0,63.2,66.87,65.58,BB,0
LS00936,2024,Thương mại và dịch vụ,Nhỏ,Đủ,Không,1.3867,0.9988,7.2952,71.2012,1.8302,0.7895,3.7516,0.0,-0.0313,-0.0572,-0.2719,1,0,44.0,65.23,57.8,B,0
LS00937,2023,Thương mại và dịch vụ,Nhỏ,Đủ,Có,2.1338,1.5745,4.4312,130.224,0.9299,0.6493,1.851,0.0,0.0157,0.0146,0.0417,1,0,54.0,68.47,61.96,B,0
LS00938,2023,Công nghiệp,Siêu nhỏ,Đủ,Không,2.3951,1.2561,2.0801,100.3386,0.6299,0.2302,0.2991,0.0,0.0,0.0,0.0,1,0,62.8,80.3,74.18,BBB,1
LS00939,2021,Thương mại và dịch vụ,Nhỏ,Đủ,Không,1.4946,0.6326,4.1949,23.4761,1.6296,0.6237,1.6576,0.0,0.0075,0.0123,0.0327,1,0,55.2,81.6,72.36,BBB,0
LS00940,2021,Thương mại và dịch vụ,Nhỏ,Đủ,Không,1.7457,0.846,4.0784,32.3063,2.0396,0.6238,1.658,0.0,0.0228,0.0465,0.1235,1,0,73.2,77.6,76.06,BBB,0
LS00941,2022,Thương mại và dịch vụ,Nhỏ,Đủ,Có,1.3214,0.6887,2.882,76.0569,1.1794,0.624,1.6595,0.0,0.0,0.0,0.0,1,0,45.6,80.13,64.59,BB,0
LS00942,2022,Xây dựng,Nhỏ,Đủ,Không,2.0516,1.5258,5.8086,123.1611,1.1685,0.4965,0.986,0.0,0.041,0.0479,0.0952,1,0,98.4,82.0,87.74,AA,0
LS00943,2021,Công nghiệp,Siêu nhỏ,Đủ,Không,17.2653,8.8776,1.1582,199.433,0.3542,0.0298,0.0307,0.0,0.0,0.0,0.0,1,0,56.8,78.17,70.69,BBB,0
LS00944,2025,"Nông, lâm nghiệp và thủy sản",Siêu nhỏ,Đủ,Không,1.8005,0.7031,1.2186,63.8341,0.4378,0.2755,0.3803,0.0,0.0837,0.0366,0.0506,1,0,91.6,66.9,75.54,BBB,0
LS00945,2021,Thương mại và dịch vụ,Nhỏ,Đủ,Không,1.223,0.699,6.0159,40.6636,2.0905,0.5608,1.2767,0.0,-0.0199,-0.0415,-0.0945,1,0,54.8,69.9,64.61,BB,0
LS00946,2021,Thương mại và dịch vụ,Siêu nhỏ,Không đủ,Không,,,,,,,,0.0,,,,1,0,28.0,87.0,72.25,BB,0
LS00947,2025,Thương mại và dịch vụ,Lớn,Đủ,Có,0.9255,0.5581,6.1512,50.2383,2.1776,0.8929,8.3361,0.0,0.0195,0.0424,0.3961,2,0,60.8,59.4,60.03,B,0
LS00948,2023,Công nghiệp,Nhỏ,Không đủ,Không,1.467,0.9222,2.5797,121.8774,0.7577,0.5258,1.1087,0.0,0.1259,0.0954,0.2011,1,0,67.2,63.83,64.68,BB,0
LS00949,2022,Thương mại và dịch vụ,Siêu nhỏ,Đủ,Không,1.3688,1.1413,4.8177,191.604,0.5675,0.5941,1.4635,0.0,-0.0161,-0.0091,-0.0225,2,0,36.0,70.0,58.1,B,0
LS00950,2022,Thương mại và dịch vụ,Vừa,Đủ,Không,1.3296,0.9421,6.1918,79.196,1.5351,0.5773,1.3658,0.0,0.0396,0.0608,0.1439,1,0,73.2,76.8,75.54,BBB,0
LS00951,2025,Thương mại và dịch vụ,Nhỏ,Đủ,Không,1.4853,0.9639,5.9396,51.4274,1.699,0.4879,0.9527,0.0,0.0095,0.0162,0.0316,1,0,64.0,78.87,73.66,BBB,0
LS00952,2025,Xây dựng,Vừa,Đủ,Có,1.6145,0.743,1.4898,42.7717,0.7244,0.7773,3.4908,0.0,0.0688,0.0498,0.2237,1,1,73.2,66.93,69.75,BBB,0
LS00953,2025,Thương mại và dịch vụ,Vừa,Đủ,Không,1.3349,0.7484,3.6288,78.0018,1.4506,0.6556,1.9038,0.0,0.0248,0.0359,0.1044,1,0,60.8,77.67,71.76,BBB,0
LS00954,2024,Thương mại và dịch vụ,Siêu nhỏ,Đủ,Không,1.5345,1.2254,4.7582,200.1215,0.8779,0.5234,1.0983,0.0,0.0182,0.016,0.0336,1,1,58.4,78.47,71.44,BBB,0
LS00955,2023,Thương mại và dịch vụ,Nhỏ,Đủ,Không,1.7262,1.2115,8.7281,57.6717,2.1728,0.4884,0.9546,0.0,0.0075,0.0163,0.0318,1,0,71.2,76.6,74.71,BBB,0
LS00956,2023,Thương mại và dịch vụ,Lớn,Đủ,Có,1.5761,1.2668,9.1831,84.5775,1.1434,0.773,3.4059,0.0,0.1094,0.1251,0.5511,1,1,76.8,73.23,74.84,BBB,0
LS00957,2024,Thương mại và dịch vụ,Nhỏ,Đủ,Không,1.6263,1.5013,15.3091,134.217,0.7729,0.6261,1.6744,0.0,0.0879,0.068,0.1818,1,0,78.4,75.93,76.8,BBB,0
LS00958,2022,Thương mại và dịch vụ,Siêu nhỏ,Không đủ,Không,,,,,,,,0.0,,,,1,0,28.0,78.8,66.1,BB,0
LS00959,2021,Thương mại và dịch vụ,Nhỏ,Đủ,Không,1.5814,0.6769,1.9227,37.5232,1.022,0.5442,1.1939,0.0,0.017,0.0174,0.0382,1,1,56.4,67.67,63.72,BB,0
LS00960,2021,"Nông, lâm nghiệp và thủy sản",Nhỏ,Đủ,Có,1.9004,1.2258,1.5849,238.3243,0.4067,0.4661,0.873,0.0,0.0347,0.0141,0.0264,1,1,74.0,75.27,74.7,BBB,0
LS00961,2022,Thương mại và dịch vụ,Siêu nhỏ,Đủ,Không,1.7283,1.0679,2.5926,75.1791,0.8645,0.4748,0.9042,0.0,-0.0209,-0.0181,-0.0344,1,0,53.2,57.53,56.02,B,0
LS00962,2025,Thương mại và dịch vụ,Siêu nhỏ,Đủ,Không,1.6036,1.3264,4.7757,155.3072,0.6218,0.4766,0.9106,0.0,0.0,0.0,0.0,1,0,56.0,65.57,62.22,BB,0
LS00963,2022,Thương mại và dịch vụ,Vừa,Đủ,Không,1.5511,1.2953,9.8898,86.0973,1.1029,0.5466,1.2055,0.0,0.0512,0.0564,0.1244,1,0,78.4,73.2,75.02,BBB,0
LS00964,2023,Thương mại và dịch vụ,Siêu nhỏ,Không đủ,Không,,,,,,,,0.0,,,,1,0,28.0,68.4,58.3,B,0
LS00965,2025,Thương mại và dịch vụ,Siêu nhỏ,Không đủ,Không,,,,,,,,0.0,,,,1,0,28.0,68.87,58.65,B,0
LS00966,2023,Xây dựng,Nhỏ,Đủ,Không,1.7399,0.9209,1.3185,123.1047,0.5322,0.7534,3.0546,0.0,0.0107,0.0057,0.0231,1,0,51.2,66.9,61.4,B,0
LS00967,2021,Thương mại và dịch vụ,Lớn,Đủ,Có,1.6551,1.3876,5.7836,166.0851,0.8379,0.7472,2.9553,0.0,0.0062,0.0052,0.0205,1,0,53.2,73.8,64.53,BB,0
LS00968,2022,Công nghiệp,Lớn,Đủ,Có,1.5144,0.8354,4.1282,62.5497,0.7597,0.4564,0.8396,0.0509,0.1429,0.1086,0.1997,2,3,77.2,58.73,67.04,BB,0
LS00969,2023,Thương mại và dịch vụ,Lớn,Đủ,Có,1.2469,0.8947,2.4756,226.0179,0.6477,0.6912,2.2383,0.0,0.0614,0.0397,0.1287,1,0,53.6,83.87,70.25,BBB,0
LS00970,2022,Công nghiệp,Siêu nhỏ,Đủ,Không,2.2915,1.5235,3.7306,75.9898,0.8324,0.4808,0.9261,0.0,0.0392,0.0327,0.0629,1,0,77.6,83.97,81.74,A,0
LS00971,2021,Thương mại và dịch vụ,Siêu nhỏ,Không đủ,Không,,,,,,,,0.0,,,,1,1,28.0,70.33,59.75,B,0
LS00972,2024,Thương mại và dịch vụ,Siêu nhỏ,Đủ,Không,1.3446,1.0712,5.4863,105.8466,0.9168,0.5918,1.4496,0.0,-0.0122,-0.0111,-0.0273,1,1,46.0,64.63,58.11,B,1
LS00973,2024,Công nghiệp,Siêu nhỏ,Đủ,Không,1.3569,0.6859,3.1495,70.1525,0.7313,0.5182,1.0753,0.0,-0.0362,-0.0265,-0.0549,1,0,42.4,66.5,58.06,B,0
LS00974,2025,Thương mại và dịch vụ,Nhỏ,Đủ,Không,1.2605,0.9234,4.4002,136.6914,0.981,0.6089,1.5571,0.0,0.0138,0.0136,0.0347,1,0,46.8,62.8,57.2,B,0
LS00975,2025,Thương mại và dịch vụ,Vừa,Đủ,Có,1.6394,1.2657,4.6782,102.6646,0.6612,0.4709,0.8899,0.0,0.1634,0.108,0.2042,1,0,76.8,88.67,83.33,A,0
LS00976,2025,Thương mại và dịch vụ,Siêu nhỏ,Không đủ,Không,,,,,,,,0.0,,,,1,0,28.0,70.07,59.55,B,0
LS00977,2025,Công nghiệp,Siêu nhỏ,Không đủ,Không,,,,,,,,0.0,,,,1,0,28.0,63.27,54.45,B,0
LS00978,2024,Thương mại và dịch vụ,Siêu nhỏ,Đủ,Có,1.4774,1.1055,5.2207,108.5905,1.1486,0.8101,4.2648,0.0,-0.0554,-0.0636,-0.3349,1,0,44.0,84.8,66.44,BB,0
LS00979,2025,Thương mại và dịch vụ,Siêu nhỏ,Đủ,Không,4.9066,2.0549,1.7399,59.2292,1.0489,0.1936,0.2401,0.0,0.0142,0.0149,0.0185,1,0,70.0,66.97,68.03,BB,0
LS00980,2024,Thương mại và dịch vụ,Nhỏ,Đủ,Không,1.2204,0.7699,5.716,55.1208,1.7827,0.6529,1.881,0.0,0.0243,0.0433,0.1246,1,1,64.0,62.63,63.11,BB,0
LS00981,2022,Thương mại và dịch vụ,Siêu nhỏ,Không đủ,Không,,,,,,,,0.0,,,,1,1,28.0,79.33,66.5,BB,0
LS00982,2024,Thương mại và dịch vụ,Nhỏ,Đủ,Không,1.399,0.8907,4.0348,83.8587,1.5214,0.6524,1.8773,0.0,-0.0237,-0.036,-0.1036,1,0,42.4,76.5,64.56,BB,0
LS00983,2022,Thương mại và dịch vụ,Siêu nhỏ,Đủ,Không,1.7576,1.097,4.1254,63.2181,1.3516,0.4769,0.9116,0.0,0.0086,0.0116,0.0221,1,0,64.0,81.93,75.66,BBB,0
LS00984,2021,Thương mại và dịch vụ,Vừa,Đủ,Không,2.2699,1.9569,7.2922,124.6118,0.8076,0.448,0.8116,0.0,0.3,0.2423,0.4389,1,0,86.0,89.4,88.21,AA,0
LS00985,2022,Thương mại và dịch vụ,Siêu nhỏ,Đủ,Không,1.5215,0.9994,4.161,107.845,1.2268,0.5199,1.0827,0.0,0.0147,0.018,0.0376,2,0,62.8,52.1,55.84,B,0
LS00986,2022,Thương mại và dịch vụ,Siêu nhỏ,Không đủ,Không,,,,,,,,0.0,,,,1,0,28.0,73.27,61.95,B,0
LS00987,2023,Xây dựng,Nhỏ,Đủ,Không,1.3616,0.9883,1.9738,229.5968,0.5249,0.6791,2.1162,0.0,0.0882,0.0463,0.1443,1,0,67.6,76.7,73.52,BBB,0
LS00988,2022,Xây dựng,Nhỏ,Đủ,Không,1.2138,0.6789,1.3179,169.9812,0.4687,0.5656,1.3021,0.0,0.0072,0.0034,0.0078,1,0,49.6,59.23,55.86,B,0
LS00989,2021,"Nông, lâm nghiệp và thủy sản",Lớn,Đủ,Có,1.2362,0.699,1.1201,233.5485,0.3583,0.8276,4.8013,0.0,0.0223,0.008,0.0463,1,1,46.0,64.17,55.99,B,0
LS00990,2025,Thương mại và dịch vụ,Vừa,Đủ,Không,1.0712,0.6559,8.6521,33.9208,3.0002,0.7749,3.4432,0.0,0.0048,0.0145,0.0645,1,0,51.6,62.17,58.47,B,0
LS00991,2023,Thương mại và dịch vụ,Siêu nhỏ,Đủ,Không,2.1206,1.9339,6.4583,276.0575,0.521,0.3078,0.4446,0.0,-0.0161,-0.0084,-0.0121,1,0,58.0,56.6,57.09,B,0
LS00992,2022,Công nghiệp,Vừa,Đủ,Không,1.2145,0.5747,3.1212,51.7583,0.9579,0.5594,1.2696,0.0267,-0.0086,-0.0083,-0.0188,2,2,44.8,61.07,55.37,B,0
LS00993,2023,Thương mại và dịch vụ,Siêu nhỏ,Không đủ,Không,1.5988,0.8014,3.1189,27.0909,1.4274,0.5607,1.2765,0.0,0.0876,0.1251,0.2847,1,0,70.4,72.77,72.18,BB,0
LS00994,2024,Thương mại và dịch vụ,Nhỏ,Đủ,Không,1.3878,1.2757,29.6979,72.5329,1.7365,0.8493,5.6356,0.0,0.0149,0.0259,0.172,1,0,63.6,66.67,65.59,BB,0
LS00995,2021,Công nghiệp,Nhỏ,Đủ,Không,1.6293,0.5247,1.1464,51.7016,0.5815,0.546,1.2024,0.0,0.0968,0.0563,0.124,1,0,62.8,87.27,78.7,A,0
LS00996,2021,Thương mại và dịch vụ,Vừa,Đủ,Không,1.2985,1.0047,5.3516,153.7094,1.128,0.9815,53.0694,0.0,0.0289,0.0326,1.7643,2,2,53.6,68.27,63.13,BB,0
LS00997,2024,Công nghiệp,Siêu nhỏ,Đủ,Không,0.9853,0.6882,9.6139,36.092,1.8286,0.5346,1.1486,0.0,0.0,0.0,0.0,1,1,57.6,63.13,61.2,B,0
LS00998,2023,Thương mại và dịch vụ,Siêu nhỏ,Đủ,Không,1.5885,0.8244,2.6811,70.7847,1.3411,0.5981,1.4879,0.0,-0.035,-0.0469,-0.1167,1,1,44.0,62.23,55.85,B,1
LS00999,2023,Thương mại và dịch vụ,Siêu nhỏ,Đủ,Không,1.2348,0.4966,3.0887,37.7261,1.5992,0.6102,1.5654,0.0,-0.0293,-0.0468,-0.1201,1,0,45.2,60.27,54.99,B,0
LS01000,2025,Thương mại và dịch vụ,Nhỏ,Đủ,Không,2.1298,1.503,5.5432,65.6591,1.4465,0.3859,0.6284,0.0,0.0096,0.0139,0.0226,1,0,72.8,75.57,74.6,BBB,0
LS01001,2022,Thương mại và dịch vụ,Siêu nhỏ,Đủ,Không,1.5742,0.9903,3.6625,90.4196,1.215,0.5049,1.0199,0.0,-0.0536,-0.0651,-0.1315,2,0,48.0,59.8,55.67,B,0
LS01002,2025,Công nghiệp,Nhỏ,Đủ,Có,1.9461,0.9445,6.0165,15.6228,1.9278,0.6871,2.196,0.0,0.0275,0.053,0.1695,1,0,76.0,76.17,76.09,BBB,0
LS01003,2024,Thương mại và dịch vụ,Vừa,Đủ,Có,1.2559,0.9357,12.1977,46.5475,2.9376,0.6522,1.8756,0.0,0.0093,0.0273,0.0784,1,0,67.6,66.87,67.2,BB,0
LS01004,2023,Thương mại và dịch vụ,Siêu nhỏ,Đủ,Không,1.7163,1.4842,5.8519,159.2825,0.7184,0.4803,0.9243,0.0,-0.0533,-0.0383,-0.0736,1,0,51.2,73.03,65.39,BB,0
LS01005,2022,Thương mại và dịch vụ,Siêu nhỏ,Không đủ,Không,,,,,,,,0.0,,,,1,0,28.0,76.07,64.05,BB,0
LS01006,2022,Thương mại và dịch vụ,Siêu nhỏ,Không đủ,Không,,,,,,,,0.0,,,,1,0,28.0,66.07,56.55,B,0
LS01007,2023,Thương mại và dịch vụ,Nhỏ,Đủ,Không,3.299,2.0725,3.7824,76.2144,1.4061,0.2839,0.3965,0.0,0.0106,0.0149,0.0208,1,1,68.8,69.33,69.15,BB,0
LS01008,2025,Thương mại và dịch vụ,Nhỏ,Đủ,Không,1.1155,0.894,8.9285,93.1233,1.4672,0.6639,1.9755,0.0,0.0,0.0,0.0,1,1,49.6,63.13,58.4,B,0
LS01009,2025,Thương mại và dịch vụ,Nhỏ,Đủ,Không,1.7878,0.7048,3.5159,30.6605,1.9013,0.646,1.8251,0.0,0.0087,0.0165,0.0466,1,1,58.0,75.53,69.4,BB,0
LS01010,2021,Công nghiệp,Nhỏ,Đủ,Không,2.0498,1.009,2.9565,52.4962,0.8333,0.4654,0.8705,0.0,0.0582,0.0485,0.0908,1,0,72.0,76.47,74.9,BBB,0
LS01011,2025,Thương mại và dịch vụ,Lớn,Đủ,Có,1.3269,0.7589,3.9781,61.7061,1.3656,0.6424,1.7965,0.0,0.0461,0.0629,0.1759,1,1,73.2,83.87,79.07,A,0
LS01012,2022,Công nghiệp,Lớn,Đủ,Có,1.5775,0.8847,3.1003,59.4855,0.6662,0.706,2.4017,0.0,0.078,0.052,0.1768,1,0,72.0,71.1,71.5,BBB,0
LS01013,2024,Thương mại và dịch vụ,Siêu nhỏ,Đủ,Không,1.6909,1.3455,8.5633,81.909,1.4633,0.5353,1.152,0.0,0.0135,0.0198,0.0426,1,0,74.0,73.67,73.78,BBB,0
LS01014,2024,Thương mại và dịch vụ,Vừa,Đủ,Có,1.5819,1.3038,4.7676,163.0703,0.578,0.7449,2.9194,0.0,-0.0517,-0.0299,-0.1172,1,0,38.8,72.13,57.13,B,0
LS01015,2024,Thương mại và dịch vụ,Nhỏ,Không đủ,Không,1.3053,0.5532,3.8613,13.5043,1.9388,0.6158,1.6027,0.0,0.0136,0.0264,0.0687,1,0,63.6,69.77,68.23,BB,0
LS01016,2023,"Nông, lâm nghiệp và thủy sản",Siêu nhỏ,Không đủ,Không,,,,,,,,0.0,,,,1,0,28.0,82.0,68.5,BB,0
LS01017,2022,Thương mại và dịch vụ,Vừa,Đủ,Có,1.2978,0.7467,3.5472,77.4642,1.3338,0.6566,1.9121,0.0,0.0059,0.0078,0.0228,1,0,49.2,71.2,61.3,B,0
LS01018,2025,Công nghiệp,Nhỏ,Đủ,Không,1.5391,0.676,1.5391,71.9662,0.6452,0.4529,0.8277,0.0,0.0269,0.0174,0.0317,1,0,48.4,76.53,66.69,BB,0
LS01019,2024,Thương mại và dịch vụ,Vừa,Đủ,Có,1.8037,1.0189,8.8694,29.1563,3.6925,0.4774,0.9134,0.0,0.0389,0.1437,0.2749,1,1,91.6,70.4,79.94,A,0
LS01020,2021,Công nghiệp,Siêu nhỏ,Đủ,Không,1.1612,0.5754,1.7012,109.1641,0.5424,0.48,0.9232,0.0,0.0169,0.0092,0.0176,2,0,40.0,77.63,64.46,BB,0
LS01021,2024,Xây dựng,Siêu nhỏ,Không đủ,Không,,,,,,,,0.0,,,,1,0,28.0,81.6,68.2,BB,0
LS01022,2023,Xây dựng,Nhỏ,Đủ,Không,1.2294,0.9496,3.2933,240.0468,0.7355,0.7169,2.5328,0.0,0.0321,0.0236,0.0835,1,0,66.8,75.17,72.24,BBB,0
LS01023,2023,Thương mại và dịch vụ,Nhỏ,Đủ,Không,1.446,0.6925,3.8971,41.3189,2.0444,0.6228,1.6512,0.0,0.0286,0.0584,0.1548,1,0,71.6,84.4,79.92,A,0
LS01024,2023,Thương mại và dịch vụ,Siêu nhỏ,Không đủ,Không,,,,,,,,0.0,,,,1,0,28.0,81.4,68.05,BB,0
LS01025,2021,Thương mại và dịch vụ,Vừa,Đủ,Có,1.7069,1.5914,23.5789,112.6949,1.1573,0.773,3.4048,0.0,-0.0508,-0.0588,-0.2589,1,0,48.4,73.5,62.21,BB,0
LS01026,2025,Xây dựng,Nhỏ,Đủ,Không,1.6367,1.1374,1.2526,382.3719,0.2989,0.4667,0.8751,0.0,0.023,0.0069,0.0129,1,0,56.8,77.7,70.39,BBB,0
LS01027,2024,Công nghiệp,Lớn,Đủ,Có,1.5532,0.6041,2.5725,35.5147,1.0031,0.8239,4.6771,0.0,0.0199,0.0199,0.1131,1,0,52.0,69.5,61.62,B,0
LS01028,2021,Công nghiệp,Siêu nhỏ,Không đủ,Không,,,,,,,,0.0,,,,1,0,28.0,83.6,69.7,BB,0
LS01029,2025,Thương mại và dịch vụ,Nhỏ,Đủ,Không,1.046,0.8688,15.0046,70.8458,1.9294,0.6621,1.9597,0.0,-0.0273,-0.0527,-0.1559,1,0,48.8,69.13,62.02,BB,0
LS01030,2023,"Nông, lâm nghiệp và thủy sản",Nhỏ,Đủ,Không,1.2353,0.5892,1.7453,121.7393,0.4797,0.3803,0.6136,0.0,0.0373,0.0179,0.0289,1,0,74.8,64.9,68.36,BB,0
LS01031,2022,Thương mại và dịch vụ,Siêu nhỏ,Đủ,Không,1.4433,1.3006,10.4554,137.9994,0.61,0.4509,0.8213,0.0,0.0467,0.0285,0.0519,1,0,71.2,75.9,74.26,BBB,0
LS01032,2023,Công nghiệp,Siêu nhỏ,Đủ,Không,1.0217,0.4043,2.5176,33.0691,1.1177,0.5899,1.4383,0.0,0.0193,0.0215,0.0525,1,0,50.8,73.1,65.3,BB,0
LS01033,2024,Thương mại và dịch vụ,Siêu nhỏ,Đủ,Không,2.4009,1.9749,3.6624,227.4288,0.6448,0.5569,1.2568,0.0,0.0631,0.0407,0.0918,1,0,70.4,74.67,73.17,BBB,0
LS01034,2024,Thương mại và dịch vụ,Nhỏ,Đủ,Không,1.3682,1.2074,10.7811,125.7257,0.8193,0.5605,1.2754,0.0,0.0719,0.0589,0.1341,1,1,72.4,71.17,71.6,BBB,0
LS01035,2022,Thương mại và dịch vụ,Siêu nhỏ,Không đủ,Không,,,,,,,,0.0,,,,1,0,28.0,77.8,65.35,BB,1
LS01036,2024,Thương mại và dịch vụ,Vừa,Đủ,Có,2.1282,1.1324,2.3681,77.4594,1.0296,0.8103,4.2726,0.0,0.0148,0.0153,0.0806,1,1,50.0,72.47,62.36,BB,0
LS01037,2022,Thương mại và dịch vụ,Vừa,Đủ,Không,1.1112,0.9591,4.157,332.9744,0.3825,0.5876,1.4246,0.0328,0.0666,0.0255,0.0618,2,1,48.8,65.0,59.33,B,0
LS01038,2025,Thương mại và dịch vụ,Vừa,Đủ,Không,1.5865,1.3712,8.0849,161.5951,0.9023,0.3874,0.6324,0.0,0.127,0.1146,0.187,1,0,80.8,77.87,78.89,A,0
LS01039,2023,Thương mại và dịch vụ,Siêu nhỏ,Không đủ,Không,,,,,,,,0.0,,,,1,1,28.0,65.93,56.45,B,0
LS01040,2023,Công nghiệp,Siêu nhỏ,Đủ,Không,1.4251,0.5604,2.0168,46.2799,0.672,0.3328,0.4988,0.0,0.0,0.0,0.0,1,0,55.2,61.8,59.49,B,0
LS01041,2025,Thương mại và dịch vụ,Siêu nhỏ,Đủ,Không,1.7552,1.1381,1.5966,173.4598,0.4879,0.3943,0.6509,0.0,0.0387,0.0189,0.0312,1,0,59.6,67.7,64.86,BB,0
LS01042,2023,Thương mại và dịch vụ,Siêu nhỏ,Không đủ,Không,,,,,,,,0.0,,,,1,0,28.0,79.2,66.4,BB,0
LS01043,2023,Công nghiệp,Lớn,Đủ,Có,1.5522,1.1028,1.4374,210.7074,0.2135,0.6166,1.6085,0.0,0.089,0.019,0.0496,1,2,57.6,68.33,63.5,BB,0
LS01044,2022,Thương mại và dịch vụ,Siêu nhỏ,Không đủ,Không,,,,,,,,0.0,,,,1,0,28.0,65.8,56.35,B,0
LS01045,2025,Thương mại và dịch vụ,Nhỏ,Đủ,Có,1.5063,0.8039,3.9078,48.3494,1.8245,0.6307,1.7077,0.0,0.0222,0.0404,0.1095,1,0,65.6,82.6,74.95,BBB,0
LS01046,2021,"Nông, lâm nghiệp và thủy sản",Siêu nhỏ,Không đủ,Không,,,,,,,,0.0,,,,1,0,28.0,78.07,65.55,BB,0
LS01047,2024,"Nông, lâm nghiệp và thủy sản",Nhỏ,Đủ,Không,1.545,0.9802,0.93,223.6861,0.2119,0.6111,1.5716,0.0,0.0321,0.0068,0.0175,1,0,50.4,69.9,63.08,BB,0
LS01048,2021,Xây dựng,Lớn,Đủ,Có,1.7171,0.9906,1.0284,205.9562,0.4162,0.6969,2.2998,0.0,0.0306,0.0127,0.042,1,0,63.6,76.0,70.42,BBB,0
LS01049,2021,Công nghiệp,Siêu nhỏ,Đủ,Không,1.4768,0.9312,2.6057,127.6564,0.6206,0.6454,1.8205,0.0,-0.0277,-0.0172,-0.0485,1,1,35.6,74.27,60.73,B,0
LS01050,2021,Thương mại và dịch vụ,Vừa,Đủ,Có,1.0228,0.3415,2.8201,26.4665,1.6691,0.75,2.9999,0.0,0.0226,0.0377,0.1507,2,2,57.2,59.87,58.67,B,0
LS01051,2023,Thương mại và dịch vụ,Nhỏ,Đủ,Không,1.3489,0.8946,6.6185,69.4797,2.0428,0.6142,1.5919,0.0,0.0086,0.0175,0.0454,3,1,60.4,56.87,58.1,B,0
LS01052,2025,Thương mại và dịch vụ,Siêu nhỏ,Đủ,Không,0.9668,0.8187,8.8265,121.3306,0.7659,0.6276,1.6856,0.0,-0.0589,-0.0451,-0.1212,1,0,41.2,74.6,62.91,BB,0
LS01053,2024,Thương mại và dịch vụ,Siêu nhỏ,Đủ,Không,1.3662,0.5383,5.8828,24.0924,2.7568,0.7229,2.609,0.0,0.0,0.0,0.0,1,0,51.6,70.3,63.76,BB,0
LS01054,2023,Thương mại và dịch vụ,Nhỏ,Không đủ,Không,1.4661,1.3026,11.1436,150.192,0.8953,0.5525,1.2345,0.0,-0.0384,-0.0344,-0.0768,1,0,53.2,62.23,59.97,B,0
LS01055,2021,Thương mại và dịch vụ,Siêu nhỏ,Không đủ,Không,2.1754,1.9216,6.1029,227.7767,0.3621,0.4554,0.8363,0.0,0.0,0.0,0.0,1,1,58.8,69.27,66.65,BB,0
LS01056,2024,Thương mại và dịch vụ,Vừa,Đủ,Không,1.803,1.0644,3.015,90.41,1.1257,0.6488,1.8477,0.0,0.0159,0.0179,0.051,1,0,56.8,84.4,74.74,BBB,0
LS01057,2025,Thương mại và dịch vụ,Siêu nhỏ,Không đủ,Không,,,,,,,,0.0,,,,1,1,28.0,73.47,62.1,BB,0
LS01058,2022,Công nghiệp,Nhỏ,Đủ,Không,1.444,0.7191,2.1436,78.9189,0.8484,0.4772,0.9128,0.0,0.0789,0.067,0.1281,1,0,64.8,81.2,75.46,BBB,0
LS01059,2022,Thương mại và dịch vụ,Siêu nhỏ,Đủ,Không,1.7428,1.1022,4.5851,53.8619,1.4802,0.694,2.2684,0.0,0.0335,0.0496,0.162,1,0,73.6,79.33,77.33,A,0
LS01060,2024,Thương mại và dịch vụ,Nhỏ,Đủ,Không,1.8339,0.7826,2.8161,31.7837,1.4527,0.4848,0.941,0.0,0.0129,0.0187,0.0363,1,1,63.6,74.27,70.53,BBB,0
LS01061,2025,Thương mại và dịch vụ,Siêu nhỏ,Không đủ,Không,,,,,,,,0.0,,,,1,0,28.0,85.2,70.9,BB,0
LS01062,2023,Thương mại và dịch vụ,Siêu nhỏ,Đủ,Không,1.6043,1.3617,11.8596,77.7315,1.2725,0.5376,1.1624,0.0,0.015,0.0191,0.0414,1,0,72.0,82.33,78.72,A,0
LS01063,2024,Công nghiệp,Nhỏ,Đủ,Có,1.7326,0.6925,2.123,31.2588,0.6993,0.5121,1.0496,0.0,0.0446,0.0312,0.0639,1,0,58.8,76.4,68.48,BB,0
LS01064,2025,Thương mại và dịch vụ,Siêu nhỏ,Đủ,Không,4.1016,1.5703,1.8755,44.0549,0.8616,0.165,0.1976,0.0,0.017,0.0146,0.0175,1,0,72.0,73.37,72.89,BBB,0
LS01065,2022,Công nghiệp,Nhỏ,Đủ,Không,0.8204,0.5991,8.3959,57.876,1.5036,0.7679,3.3078,0.0,-0.0215,-0.0323,-0.1391,1,0,43.2,65.1,57.43,B,1
LS01066,2021,Thương mại và dịch vụ,Siêu nhỏ,Đủ,Không,2.3045,1.3212,2.5682,99.248,0.9872,0.352,0.5432,0.0,0.0289,0.0285,0.044,1,0,74.4,86.27,82.11,A,0
LS01067,2025,Công nghiệp,Nhỏ,Đủ,Có,1.4937,1.1457,5.0289,111.1291,0.5366,0.4223,0.731,0.0,0.0367,0.0197,0.0341,1,0,58.8,73.9,67.1,BB,0
LS01068,2022,Thương mại và dịch vụ,Siêu nhỏ,Đủ,Không,1.4785,0.6576,2.3005,40.671,0.9037,0.4564,0.8398,0.0,0.0167,0.0151,0.0277,2,0,58.4,63.13,61.48,B,0
LS01069,2025,Thương mại và dịch vụ,Vừa,Đủ,Không,1.0487,0.5922,4.3382,47.2662,1.4457,0.7672,3.295,0.0,0.0319,0.0461,0.1978,1,0,56.4,79.2,71.22,BBB,0
LS01070,2024,Thương mại và dịch vụ,Siêu nhỏ,Không đủ,Không,,,,,,,,0.0,,,,1,0,28.0,86.07,71.55,BB,0
LS01071,2023,Công nghiệp,Nhỏ,Đủ,Không,1.1946,0.9274,7.2235,97.4906,1.047,0.5337,1.1446,0.0,-0.0102,-0.0107,-0.0229,2,0,51.6,63.13,59.1,B,0
LS01072,2024,Thương mại và dịch vụ,Nhỏ,Đủ,Không,1.4751,1.2592,12.982,90.3326,1.1825,0.5128,1.0523,0.0,0.0217,0.0257,0.0528,1,0,72.0,80.07,77.24,A,0
LS01073,2023,Công nghiệp,Vừa,Đủ,Không,1.3542,0.7649,3.9218,37.015,1.1329,0.6617,1.9563,0.1393,0.0163,0.0184,0.0545,2,2,46.4,64.87,58.4,B,0
LS01074,2024,Thương mại và dịch vụ,Nhỏ,Đủ,Không,1.9164,1.6563,22.6641,55.4107,2.2272,0.6756,2.0823,0.0,0.01,0.0222,0.0684,1,0,71.6,70.47,70.86,BBB,0
LS01075,2025,Công nghiệp,Nhỏ,Đủ,Có,1.3791,0.9801,6.5211,60.4737,1.156,0.5633,1.2899,0.0,0.0163,0.0189,0.0432,1,0,62.0,82.9,73.5,BBB,0
LS01076,2023,Công nghiệp,Nhỏ,Đủ,Không,2.9188,1.614,2.2927,79.4921,0.7791,0.3383,0.5114,0.0,0.0671,0.0523,0.079,1,1,73.6,81.57,78.78,A,0
LS01077,2023,Công nghiệp,Nhỏ,Đủ,Không,1.871,1.0786,3.446,81.0415,0.9291,0.3462,0.5296,0.0,0.1039,0.0966,0.1477,1,0,82.8,73.17,76.54,BBB,0
LS01078,2024,Thương mại và dịch vụ,Siêu nhỏ,Không đủ,Không,,,,,,,,0.0,,,,1,0,28.0,69.2,58.9,B,0
LS01079,2024,Xây dựng,Siêu nhỏ,Không đủ,Không,,,,,,,,0.0,,,,1,0,28.0,74.07,62.55,BB,0
LS01080,2021,Thương mại và dịch vụ,Siêu nhỏ,Đủ,Không,1.9516,1.1219,2.3823,74.1967,0.9737,0.4453,0.8029,0.0,0.0049,0.0048,0.0086,1,0,58.0,82.07,73.64,BBB,0
LS01081,2025,Công nghiệp,Vừa,Đủ,Có,1.3859,0.7623,3.1721,55.8404,1.0204,0.5197,1.082,0.0,0.0962,0.0981,0.2043,1,0,77.6,84.07,81.16,A,0
LS01082,2023,Công nghiệp,Nhỏ,Đủ,Không,1.1854,0.6089,2.0115,85.2784,0.7352,0.5238,1.1001,0.0,0.0,0.0,0.0,1,0,41.6,82.9,68.45,BB,0
LS01083,2025,Thương mại và dịch vụ,Vừa,Đủ,Không,1.3701,1.2205,12.3629,102.5089,0.8857,0.6259,1.6729,0.1119,0.1101,0.0975,0.2607,2,1,67.2,51.57,57.04,B,0
LS01084,2025,Thương mại và dịch vụ,Siêu nhỏ,Đủ,Không,1.5389,0.8162,5.6552,32.2207,2.3888,0.5288,1.1224,0.0,0.0,0.0,0.0,1,0,61.2,72.03,68.24,BB,0
LS01085,2024,Thương mại và dịch vụ,Siêu nhỏ,Đủ,Không,1.0812,0.6267,2.4328,86.6638,1.0012,0.7762,3.4677,0.0,0.0092,0.0093,0.0413,2,0,41.2,68.13,58.71,B,0
LS01086,2023,Thương mại và dịch vụ,Siêu nhỏ,Không đủ,Không,,,,,,,,0.0,,,,1,0,28.0,77.47,65.1,BB,0
LS01087,2023,Thương mại và dịch vụ,Nhỏ,Đủ,Không,3.8055,2.4978,10.9606,36.862,2.9466,0.1883,0.2321,0.0,0.0468,0.138,0.17,1,0,98.4,74.87,83.1,A,0
LS01088,2021,Công nghiệp,Siêu nhỏ,Đủ,Không,2.8499,1.0702,2.0591,21.3344,0.8608,0.2001,0.2501,0.0,0.0,0.0,0.0,1,0,71.2,76.3,74.52,BBB,0
LS01089,2024,Thương mại và dịch vụ,Siêu nhỏ,Đủ,Không,1.2106,1.1519,17.25,240.0466,0.7308,0.6324,1.7204,0.0,0.048,0.0351,0.0954,2,0,61.2,73.87,69.43,BB,0
LS01090,2024,Thương mại và dịch vụ,Nhỏ,Đủ,Không,2.9427,1.093,4.045,29.6094,2.2725,0.2632,0.3571,0.0,0.0193,0.0438,0.0595,1,0,79.6,85.2,83.24,A,0
LS01091,2024,Thương mại và dịch vụ,Siêu nhỏ,Đủ,Không,1.7101,1.4707,7.8667,137.3698,0.8095,0.3301,0.4928,0.0,0.0369,0.0299,0.0446,1,0,76.8,78.97,78.21,A,0
LS01092,2025,Công nghiệp,Nhỏ,Đủ,Không,1.0935,0.708,2.668,126.8057,0.7112,0.5737,1.3458,0.0,-0.0836,-0.0594,-0.1394,1,0,36.8,71.3,59.22,B,0
LS01093,2025,Thương mại và dịch vụ,Siêu nhỏ,Đủ,Không,1.7119,1.463,4.343,239.5146,0.4832,0.443,0.7954,0.0428,0.0,0.0,0.0,2,2,46.0,59.17,54.56,B,0
LS01094,2024,Thương mại và dịch vụ,Nhỏ,Đủ,Không,1.652,1.1046,4.7397,87.2587,1.3574,0.511,1.0448,0.0,0.0078,0.0106,0.0217,1,0,58.0,84.6,75.29,BBB,0
LS01095,2023,Thương mại và dịch vụ,Siêu nhỏ,Không đủ,Không,,,,,,,,0.0,,,,1,0,28.0,63.4,54.55,B,0
LS01096,2023,Thương mại và dịch vụ,Nhỏ,Đủ,Không,2.3082,1.5606,2.3268,128.5613,0.5321,0.2558,0.3438,0.0,0.0639,0.034,0.0457,1,0,70.0,78.8,75.72,BBB,0
LS01097,2022,Công nghiệp,Siêu nhỏ,Không đủ,Không,,,,,,,,0.0,,,,1,0,28.0,84.2,70.15,BB,0
LS01098,2022,Thương mại và dịch vụ,Nhỏ,Đủ,Không,1.0944,0.6352,4.0584,43.4278,1.6156,0.7574,3.1226,0.0,-0.0159,-0.0257,-0.1061,1,1,39.2,69.17,58.68,B,0
LS01099,2021,Công nghiệp,Siêu nhỏ,Đủ,Không,1.1121,0.535,2.2786,66.6949,0.6802,0.4426,0.794,0.0,-0.0247,-0.0168,-0.0302,1,1,43.2,66.27,58.19,B,0
LS01100,2022,Công nghiệp,Nhỏ,Đủ,Không,1.8514,1.3132,4.5785,73.1821,0.8767,0.5489,1.217,0.0,0.0212,0.0186,0.0412,1,1,60.8,71.53,67.78,BB,0
LS01101,2023,Công nghiệp,Nhỏ,Đủ,Không,1.8377,0.9114,2.2237,66.3479,0.6632,0.4658,0.8721,0.0,0.169,0.1121,0.2098,1,0,74.4,84.67,81.07,A,0
LS01102,2021,Thương mại và dịch vụ,Vừa,Đủ,Không,1.9299,1.7482,11.8522,139.2728,0.8636,0.6798,2.1231,0.0,-0.0767,-0.0662,-0.2068,1,0,54.0,65.6,61.54,B,0
LS01103,2023,Thương mại và dịch vụ,Siêu nhỏ,Không đủ,Không,,,,,,,,0.0,,,,1,0,28.0,76.67,64.5,BB,0
LS01104,2023,Thương mại và dịch vụ,Nhỏ,Đủ,Có,1.3729,1.1943,18.628,73.0,1.4827,0.4677,0.8787,0.0,0.0399,0.0592,0.1112,1,0,82.8,75.6,78.84,A,0
LS01105,2025,Thương mại và dịch vụ,Nhỏ,Không đủ,Không,1.3452,1.1871,9.7761,170.5691,0.9524,0.4825,0.9322,0.0,0.0244,0.0232,0.0448,1,0,62.8,65.33,64.7,BB,0
LS01106,2021,Thương mại và dịch vụ,Siêu nhỏ,Đủ,Không,1.3186,0.6556,2.5863,54.8134,1.0566,0.6457,1.8223,0.0,0.0075,0.0079,0.0224,1,1,41.6,78.27,65.43,BB,0
LS01107,2022,Thương mại và dịch vụ,Siêu nhỏ,Không đủ,Không,,,,,,,,0.0,,,,1,0,28.0,80.6,67.45,BB,0
LS01108,2023,Công nghiệp,Siêu nhỏ,Đủ,Không,2.1649,1.5111,5.7727,57.0236,1.0592,0.3238,0.4789,0.0,-0.0273,-0.0289,-0.0427,1,0,74.0,78.23,76.75,BBB,0
LS01109,2024,Thương mại và dịch vụ,Nhỏ,Đủ,Không,1.3489,0.5714,3.5529,38.7206,2.0285,0.6973,2.3032,0.0,-0.0265,-0.0537,-0.1772,2,0,46.8,75.03,65.15,BB,0
LS01110,2022,Công nghiệp,Siêu nhỏ,Đủ,Không,1.5,0.8122,4.3794,27.8217,1.2435,0.4809,0.9263,0.0,0.0133,0.0165,0.0318,1,0,66.0,64.7,65.16,BB,0
LS01111,2024,Thương mại và dịch vụ,Vừa,Đủ,Không,1.0916,0.5014,6.5786,17.8497,2.8732,0.7235,2.6165,0.0,-0.0337,-0.0968,-0.35,1,1,49.2,58.23,55.07,B,0
LS01112,2024,Thương mại và dịch vụ,Nhỏ,Đủ,Không,1.4845,0.9587,3.0724,92.5929,1.0823,0.646,1.8249,0.0,0.0,0.0,0.0,1,0,46.4,77.9,66.88,BB,0
LS01113,2022,Thương mại và dịch vụ,Lớn,Đủ,Có,1.2176,0.7738,4.945,83.8432,1.5224,0.8777,7.1748,0.0,0.0178,0.0271,0.2218,1,1,56.4,53.73,54.93,B,1
LS01114,2025,Thương mại và dịch vụ,Nhỏ,Đủ,Có,1.1992,0.9716,7.8437,120.4651,1.229,0.5679,1.3145,0.0,0.0114,0.014,0.0325,1,1,51.2,59.23,55.62,B,1
LS01115,2023,Thương mại và dịch vụ,Siêu nhỏ,Đủ,Không,1.8222,0.9844,6.1434,39.1667,2.4283,0.6424,1.7965,0.0,0.0,0.0,0.0,1,0,58.4,74.3,68.74,BB,0
LS01116,2025,Thương mại và dịch vụ,Lớn,Đủ,Có,2.6099,1.6126,2.37,90.857,0.7251,0.7063,2.4043,0.0,0.0432,0.0313,0.1066,1,0,66.0,79.53,73.44,BBB,0
LS01117,2021,Xây dựng,Siêu nhỏ,Đủ,Không,1.6601,1.4326,1.9259,620.0852,0.2254,0.4558,0.8376,0.0,-0.0114,-0.0026,-0.0047,1,0,52.4,61.3,58.18,B,0
LS01118,2022,Công nghiệp,Nhỏ,Đủ,Có,2.1277,0.8624,2.8242,24.4706,1.0352,0.4372,0.7768,0.0,0.0449,0.0465,0.0826,1,0,75.2,84.87,80.52,A,0
LS01119,2023,Thương mại và dịch vụ,Siêu nhỏ,Không đủ,Không,,,,,,,,0.0,,,,1,0,28.0,67.2,57.4,B,0
LS01120,2025,Thương mại và dịch vụ,Siêu nhỏ,Đủ,Không,2.7537,2.1242,4.4816,150.7425,0.6734,0.3238,0.4789,0.0,0.0661,0.0445,0.0659,1,0,82.4,79.3,80.39,A,0
LS01121,2023,Thương mại và dịch vụ,Siêu nhỏ,Đủ,Không,1.9522,1.2789,2.8757,103.127,0.6954,0.3764,0.6035,0.0,-0.019,-0.0132,-0.0212,1,0,56.8,75.3,68.82,BB,0
LS01122,2024,Thương mại và dịch vụ,Nhỏ,Đủ,Không,1.5884,1.448,12.6753,143.9127,0.6777,0.3978,0.6605,0.0,-0.0208,-0.0141,-0.0234,1,0,58.8,69.9,66.01,BB,0
LS01123,2022,Thương mại và dịch vụ,Nhỏ,Đủ,Không,1.5797,0.9673,4.0457,77.6008,1.5596,0.6014,1.5085,0.0,-0.0315,-0.0491,-0.1233,1,0,49.6,62.8,58.18,B,0
LS01124,2021,Thương mại và dịch vụ,Siêu nhỏ,Đủ,Không,1.7316,1.112,3.9487,69.5155,1.3967,0.524,1.1008,0.0,0.0,0.0,0.0,1,0,60.0,74.2,69.23,BB,0
LS01125,2021,Thương mại và dịch vụ,Nhỏ,Đủ,Không,1.1204,0.5658,4.1934,36.9413,1.8032,0.6751,2.0779,0.0,0.0,0.0,0.0,1,0,48.0,65.6,59.44,B,0
LS01126,2022,Xây dựng,Siêu nhỏ,Không đủ,Không,,,,,,,,0.0,,,,1,0,28.0,76.0,64.0,BB,0
LS01127,2023,Thương mại và dịch vụ,Nhỏ,Đủ,Không,1.1618,1.0941,27.4558,132.5299,1.2784,0.7229,2.6084,0.0,-0.048,-0.0614,-0.2215,1,0,40.4,65.5,56.72,B,0
LS01128,2022,Thương mại và dịch vụ,Nhỏ,Đủ,Không,1.7245,1.122,2.7184,134.1554,0.8937,0.5878,1.4262,0.0,0.019,0.017,0.0412,1,0,52.8,76.2,68.01,BB,0
LS01129,2022,Thương mại và dịch vụ,Siêu nhỏ,Không đủ,Không,,,,,,,,0.0,,,,1,0,28.0,77.07,64.8,BB,0
LS01130,2025,Thương mại và dịch vụ,Siêu nhỏ,Đủ,Không,5.4409,2.7165,1.7514,90.1439,0.7801,0.1501,0.1766,0.0,0.0258,0.0201,0.0236,1,0,70.8,70.67,70.71,BBB,0
LS01131,2022,Công nghiệp,Vừa,Đủ,Có,1.3977,1.2305,22.292,51.7698,0.9287,0.6423,1.7958,0.0,0.1104,0.1025,0.2866,1,0,76.8,84.8,81.2,A,0
LS01132,2025,Thương mại và dịch vụ,Nhỏ,Đủ,Không,1.8812,1.7778,18.8005,143.6597,0.7202,0.7368,2.7997,0.0,-0.028,-0.0201,-0.0765,1,1,44.4,76.37,65.18,BB,0
LS01133,2025,Công nghiệp,Nhỏ,Đủ,Không,1.3566,0.7246,3.5775,37.7345,0.9301,0.6088,1.5564,0.0,0.0451,0.0419,0.1072,2,1,62.0,74.47,70.1,BBB,1
LS01134,2022,Thương mại và dịch vụ,Lớn,Đủ,Có,1.9637,0.8233,2.775,39.5216,1.1354,0.6719,2.0477,0.0,0.0224,0.0254,0.0775,1,0,66.4,73.57,70.34,BBB,0
LS01135,2021,Công nghiệp,Siêu nhỏ,Không đủ,Không,,,,,,,,0.0,,,,2,0,28.0,74.73,63.05,BB,0
LS01136,2021,Thương mại và dịch vụ,Nhỏ,Đủ,Không,1.3039,1.1025,4.8742,221.3358,0.6016,0.4687,0.8823,0.0,0.1056,0.0635,0.1196,2,0,70.4,75.23,73.54,BBB,0
LS01137,2024,Xây dựng,Nhỏ,Đủ,Có,1.4568,0.9705,1.9436,206.2547,0.6304,0.6304,1.7054,0.0,0.0219,0.0138,0.0374,1,2,66.0,54.13,59.47,B,0
LS01138,2025,Thương mại và dịch vụ,Lớn,Đủ,Có,1.0337,0.5822,6.0227,42.6132,2.2536,0.862,6.2459,0.0,0.0089,0.0201,0.1457,2,0,56.4,61.5,59.2,B,0
LS01139,2024,Thương mại và dịch vụ,Nhỏ,Đủ,Không,2.1239,0.975,4.0979,24.926,2.0033,0.3655,0.5761,0.0,-0.0223,-0.0447,-0.0705,2,1,66.8,65.9,66.21,BB,0
LS01140,2023,Thương mại và dịch vụ,Vừa,Đủ,Không,1.1259,0.8201,8.3247,82.1505,1.9808,0.7029,2.3663,0.0,0.0223,0.0441,0.1485,1,1,64.4,79.53,74.24,BBB,0
LS01141,2023,Thương mại và dịch vụ,Nhỏ,Đủ,Không,1.4508,0.7722,3.619,72.8026,1.6397,0.5758,1.3573,0.0,0.0083,0.0135,0.0319,1,0,52.8,77.2,68.66,BB,0
LS01142,2023,Thương mại và dịch vụ,Siêu nhỏ,Đủ,Không,1.6147,1.1498,7.4194,55.9836,1.7299,0.441,0.7889,0.0,0.0,0.0,0.0,1,0,68.4,67.3,67.68,BB,0
LS01143,2021,Công nghiệp,Siêu nhỏ,Đủ,Không,1.3352,0.6469,1.2462,115.6738,0.3777,0.5265,1.1119,0.0,0.0,0.0,0.0,1,1,35.6,75.23,61.36,B,0
LS01144,2021,Thương mại và dịch vụ,Siêu nhỏ,Đủ,Không,1.4654,0.9112,5.4744,43.2364,1.5798,0.4703,0.888,0.0,0.0085,0.0134,0.0252,1,0,68.4,74.9,72.62,BBB,0
LS01145,2024,Công nghiệp,Siêu nhỏ,Đủ,Không,1.7837,0.8857,2.8318,44.7452,1.0386,0.4421,0.7923,0.0,0.1116,0.1159,0.2077,1,0,83.2,70.57,74.99,BBB,0
LS01146,2021,Thương mại và dịch vụ,Nhỏ,Đủ,Không,1.7827,1.4216,5.4488,159.2143,0.891,0.3771,0.6054,0.0,0.0395,0.0352,0.0565,1,0,69.2,74.9,72.9,BBB,0
LS01147,2022,Xây dựng,Nhỏ,Đủ,Không,1.386,1.0877,2.2379,380.8344,0.4381,0.5929,1.4564,0.0,-0.0677,-0.0297,-0.0729,1,2,45.2,66.53,59.07,B,0
LS01148,2024,Thương mại và dịch vụ,Vừa,Đủ,Có,1.4093,1.154,11.158,89.1908,1.5456,0.5061,1.0249,0.0,0.0138,0.0213,0.0432,1,2,73.2,68.13,70.41,BBB,0
LS01149,2022,Công nghiệp,Siêu nhỏ,Đủ,Không,1.6887,1.3428,4.1182,172.8947,0.8477,0.4892,0.9578,0.0,-0.0399,-0.0338,-0.0663,2,0,54.4,55.83,55.33,B,0
LS01150,2025,Xây dựng,Nhỏ,Đủ,Không,1.2634,1.0692,4.228,245.2193,0.6809,0.8834,7.58,0.0,-0.0277,-0.0189,-0.1618,1,0,45.6,68.0,60.16,B,0
LS01151,2022,Thương mại và dịch vụ,Nhỏ,Đủ,Không,2.0133,1.7747,12.9603,113.8846,1.1091,0.5207,1.0864,0.0,-0.0111,-0.0123,-0.0257,1,0,62.0,76.0,71.1,BBB,0
LS01152,2022,Thương mại và dịch vụ,Siêu nhỏ,Không đủ,Không,,,,,,,,0.0,,,,1,0,28.0,76.6,64.45,BB,0
LS01153,2024,Thương mại và dịch vụ,Siêu nhỏ,Không đủ,Không,,,,,,,,0.0,,,,1,0,28.0,82.53,68.9,BB,0
LS01154,2021,Thương mại và dịch vụ,Nhỏ,Đủ,Có,1.8016,1.3615,6.1987,100.2358,1.1488,0.4124,0.7017,0.0,0.0305,0.0351,0.0597,1,0,71.6,73.07,72.41,BBB,0
LS01155,2023,"Nông, lâm nghiệp và thủy sản",Nhỏ,Đủ,Có,1.6805,0.8632,0.5017,161.9972,0.1749,0.5997,1.4983,0.0,0.0527,0.0092,0.023,1,0,54.8,71.0,63.71,BB,0
LS01156,2025,"Nông, lâm nghiệp và thủy sản",Siêu nhỏ,Đủ,Không,1.7107,0.4972,1.6019,33.4907,0.5834,0.398,0.6611,0.0,0.0253,0.0147,0.0245,1,0,78.0,84.53,82.25,A,0
LS01157,2024,Xây dựng,Siêu nhỏ,Không đủ,Không,,,,,,,,0.0,,,,1,0,28.0,76.87,64.65,BB,0
LS01158,2021,Thương mại và dịch vụ,Nhỏ,Đủ,Không,1.5296,1.1045,3.6431,114.404,0.6684,0.5477,1.2109,0.0,0.0,0.0,0.0,2,0,50.4,76.53,67.39,BB,0
LS01159,2024,Thương mại và dịch vụ,Nhỏ,Đủ,Có,2.4721,1.4058,6.2217,32.0159,2.2184,0.5744,1.3494,0.0,0.0309,0.0685,0.161,1,0,83.2,88.67,86.21,AA,0
LS01160,2025,Thương mại và dịch vụ,Siêu nhỏ,Đủ,Không,2.9345,1.8865,7.5958,41.3373,2.497,0.2756,0.3804,0.0,0.0,0.0,0.0,1,0,78.8,62.5,68.2,BB,1
LS01161,2022,Công nghiệp,Nhỏ,Đủ,Không,1.2898,0.8084,2.213,127.8602,0.5643,0.6526,1.8788,0.0,0.0487,0.0275,0.0792,1,0,44.8,85.87,71.49,BBB,0
LS01162,2022,Thương mại và dịch vụ,Vừa,Đủ,Không,1.5853,0.8576,5.5448,31.2944,2.1513,0.517,1.0703,0.0,0.0085,0.0182,0.0377,1,0,70.0,80.77,77.0,BBB,0
LS01163,2025,Thương mại và dịch vụ,Nhỏ,Đủ,Không,2.1642,1.7033,4.0734,146.4602,0.7193,0.6508,1.8635,0.0,0.0402,0.0289,0.0828,1,0,60.0,67.3,64.74,BB,0
LS01164,2025,Thương mại và dịch vụ,Nhỏ,Đủ,Không,1.3884,0.9683,2.5499,189.3881,0.7424,0.6567,1.9128,0.0,0.0205,0.0152,0.0444,1,0,41.6,77.9,65.2,BB,0
LS01165,2021,Công nghiệp,Nhỏ,Đủ,Không,1.2428,0.5452,2.7446,45.3994,1.0121,0.6637,1.9734,0.0,0.0393,0.0398,0.1182,1,0,58.8,90.2,79.21,A,0
LS01166,2021,Thương mại và dịch vụ,Siêu nhỏ,Không đủ,Không,1.318,0.7462,2.7219,90.5935,0.9175,0.5924,1.4534,0.0,0.0144,0.0132,0.0324,1,0,46.4,73.33,66.6,BB,0
LS01167,2024,Công nghiệp,Nhỏ,Đủ,Không,1.6036,1.092,6.1823,70.1351,0.871,0.4534,0.8295,0.0,0.0452,0.0393,0.072,1,0,74.8,87.3,82.93,A,0
LS01168,2021,Công nghiệp,Nhỏ,Đủ,Có,1.1725,0.4947,3.3855,33.5409,0.952,0.663,1.9676,0.0,0.0232,0.0221,0.0656,1,1,52.8,66.1,60.11,B,0
LS01169,2021,Xây dựng,Nhỏ,Đủ,Không,1.6193,0.901,1.4158,158.3504,0.5291,0.6266,1.6784,0.0,0.0,0.0,0.0,1,0,56.0,61.83,59.79,B,0
LS01170,2025,Thương mại và dịch vụ,Siêu nhỏ,Không đủ,Không,,,,,,,,0.0,,,,1,0,28.0,74.87,63.15,BB,0
LS01171,2024,Thương mại và dịch vụ,Siêu nhỏ,Không đủ,Không,,,,,,,,0.0,,,,1,0,28.0,82.27,68.7,BB,0
LS01172,2023,Thương mại và dịch vụ,Nhỏ,Đủ,Không,1.4602,1.3302,10.3883,183.033,0.6832,0.7292,2.6932,0.0,0.0,0.0,0.0,1,0,44.0,65.6,58.04,B,0
LS01173,2025,Công nghiệp,Nhỏ,Đủ,Không,1.011,0.5917,2.4969,54.1913,0.8024,0.63,1.7028,0.0,0.0,0.0,0.0,3,0,38.0,69.7,58.6,B,0
LS01174,2022,Công nghiệp,Siêu nhỏ,Đủ,Không,1.4308,0.7564,4.0798,43.3472,0.6374,0.4503,0.8193,0.0,0.0197,0.0125,0.0228,1,0,56.8,73.57,67.7,BB,0
LS01175,2023,Công nghiệp,Siêu nhỏ,Đủ,Không,1.3052,0.8605,3.9281,80.2686,0.6747,0.5249,1.1048,0.0,0.063,0.0425,0.0895,1,0,66.8,78.07,74.12,BBB,0
LS01176,2022,Thương mại và dịch vụ,Nhỏ,Đủ,Không,1.9634,1.5079,6.2409,101.9595,1.3237,0.4388,0.782,0.0,0.0124,0.0164,0.0291,1,0,70.0,79.2,75.98,BBB,0
LS01177,2023,Xây dựng,Siêu nhỏ,Đủ,Không,2.003,1.1945,0.8999,312.4153,0.3089,0.3788,0.6099,0.0,-0.115,-0.0355,-0.0572,1,1,52.4,65.07,60.63,B,1
LS01178,2021,Thương mại và dịch vụ,Siêu nhỏ,Không đủ,Không,,,,,,,,0.0,,,,1,0,28.0,76.6,64.45,BB,0
LS01179,2025,Thương mại và dịch vụ,Siêu nhỏ,Đủ,Có,1.6489,1.234,4.2821,141.2539,0.6371,0.574,1.3472,0.0,0.0325,0.0207,0.0486,1,0,59.2,65.2,62.5,BB,0
LS01180,2023,Thương mại và dịch vụ,Nhỏ,Đủ,Có,1.4132,0.9211,6.3842,66.2238,1.9475,0.5532,1.2379,0.067,0.0091,0.0177,0.0395,2,2,58.0,65.03,61.87,B,0
LS01181,2021,Thương mại và dịch vụ,Nhỏ,Đủ,Không,2.4238,2.0405,5.3143,164.2798,0.6524,0.6069,1.5437,0.0,0.0904,0.059,0.1501,1,0,70.4,75.37,73.63,BBB,0
LS01182,2022,Công nghiệp,Nhỏ,Đủ,Có,1.4585,1.0037,5.2836,75.945,1.144,0.5746,1.3508,0.0,0.0545,0.0624,0.1467,2,0,72.4,77.83,75.39,BBB,0
LS01183,2021,Thương mại và dịch vụ,Vừa,Đủ,Không,1.4834,0.7282,2.981,49.1392,1.3953,0.7185,2.5527,0.0,0.0208,0.029,0.1031,1,3,53.2,56.4,55.28,B,0
LS01184,2025,Thương mại và dịch vụ,Vừa,Đủ,Có,1.3278,0.871,7.5476,48.0684,2.328,0.6146,1.5945,0.0,0.0143,0.0333,0.0864,1,0,67.2,76.8,72.48,BBB,0
LS01185,2024,Thương mại và dịch vụ,Siêu nhỏ,Đủ,Không,2.2453,1.2241,4.5843,40.0947,1.9096,0.3834,0.6217,0.0,0.0308,0.0588,0.0953,1,0,91.2,60.53,71.27,BBB,0
LS01186,2023,Công nghiệp,Nhỏ,Đủ,Không,1.576,0.7021,2.0459,48.7487,0.8989,0.4322,0.7612,0.0,0.0761,0.0684,0.1205,1,0,72.4,85.37,80.83,A,0
LS01187,2024,Thương mại và dịch vụ,Siêu nhỏ,Đủ,Không,1.4549,1.406,59.8077,85.805,1.4738,0.5997,1.4981,0.0,-0.055,-0.0811,-0.2027,1,0,55.6,60.57,58.83,B,0
LS01188,2024,Thương mại và dịch vụ,Siêu nhỏ,Không đủ,Không,,,,,,,,0.0,,,,1,0,28.0,78.27,65.7,BB,0
LS01189,2025,Thương mại và dịch vụ,Siêu nhỏ,Không đủ,Không,,,,,,,,0.0,,,,2,0,28.0,66.4,56.8,B,0
LS01190,2021,Công nghiệp,Vừa,Đủ,Không,1.1184,0.5728,7.2224,21.1606,1.6325,0.3951,0.6532,0.0,0.0212,0.0346,0.0572,1,0,71.2,67.27,68.64,BB,1
LS01191,2024,Thương mại và dịch vụ,Siêu nhỏ,Đủ,Không,2.0561,1.4228,3.1256,144.7304,0.8706,0.4046,0.6796,0.0,-0.0274,-0.0238,-0.0401,2,0,52.8,65.1,60.79,B,0
LS01192,2025,Thương mại và dịch vụ,Siêu nhỏ,Đủ,Không,1.4963,0.9594,4.3062,63.2283,1.223,0.4749,0.9044,0.0,0.0133,0.0162,0.0309,1,0,64.0,82.2,75.83,BBB,0
LS01193,2022,"Nông, lâm nghiệp và thủy sản",Lớn,Đủ,Có,1.5094,0.9107,1.2635,195.8815,0.3699,0.6333,1.727,0.0,0.0137,0.0051,0.0139,1,0,58.0,85.0,72.85,BBB,0
LS01194,2025,Thương mại và dịch vụ,Siêu nhỏ,Đủ,Không,1.5,1.3094,6.8788,206.6999,0.5956,0.3599,0.5622,0.0,-0.0259,-0.0154,-0.0241,2,0,53.2,65.57,61.24,B,0
LS01195,2023,Công nghiệp,Siêu nhỏ,Đủ,Không,1.1123,0.6369,6.8392,25.2949,1.826,0.5221,1.0926,0.0,0.0504,0.0921,0.1927,1,0,73.6,67.8,69.83,BBB,0
LS01196,2023,Thương mại và dịch vụ,Vừa,Đủ,Có,1.7163,1.3839,5.4346,159.979,0.7846,0.5254,1.1069,0.0,0.0483,0.0379,0.0798,1,0,66.8,84.93,76.77,BBB,0
LS01197,2023,Thương mại và dịch vụ,Nhỏ,Đủ,Không,1.4204,1.2331,8.317,130.8491,0.6871,0.5232,1.0973,0.0,0.0355,0.0244,0.0512,1,1,64.0,75.97,71.78,BBB,0
LS01198,2021,Xây dựng,Siêu nhỏ,Đủ,Không,2.2812,0.9821,0.6357,248.3505,0.2878,0.3323,0.4978,0.0,-0.0258,-0.0074,-0.0111,1,0,52.8,56.5,55.21,B,0
LS01199,2024,Công nghiệp,Nhỏ,Đủ,Không,1.7592,0.8179,3.146,30.2755,1.069,0.3634,0.5709,0.0,0.0662,0.0708,0.1112,1,0,82.4,89.0,86.69,AA,0
LS01200,2022,Thương mại và dịch vụ,Siêu nhỏ,Đủ,Không,1.7035,1.3763,5.0516,168.952,0.8538,0.4855,0.9435,0.0,0.0061,0.0052,0.0101,1,0,54.0,59.57,57.62,B,0
LS01201,2025,Xây dựng,Siêu nhỏ,Đủ,Không,1.7224,1.1343,1.9492,147.6782,0.5631,0.7508,3.013,0.0,0.0,0.0,0.0,1,0,57.6,69.83,65.55,BB,0
LS01202,2022,Thương mại và dịch vụ,Nhỏ,Đủ,Không,1.2648,1.0528,6.8495,141.7866,0.9369,0.4851,0.942,0.0,0.1752,0.1642,0.3188,1,0,74.0,80.27,78.07,A,0
LS01203,2023,Thương mại và dịch vụ,Nhỏ,Đủ,Không,1.548,0.9956,4.3699,70.4866,1.2948,0.6407,1.7828,0.0,0.025,0.0324,0.0901,2,0,59.6,81.67,73.94,BBB,0
LS01204,2025,Thương mại và dịch vụ,Siêu nhỏ,Đủ,Không,2.4545,2.128,4.4261,298.0776,0.4247,0.2141,0.2725,0.0,0.0299,0.0127,0.0162,1,0,65.6,78.27,73.83,BBB,0
LS01205,2025,Thương mại và dịch vụ,Siêu nhỏ,Không đủ,Không,,,,,,,,0.0,,,,1,0,28.0,76.0,64.0,BB,0
LS01206,2022,Thương mại và dịch vụ,Nhỏ,Đủ,Không,1.3162,0.897,8.3227,52.9917,1.9564,0.6483,1.8437,0.0,0.0148,0.0289,0.0823,1,0,63.2,71.5,68.6,BB,0
LS01207,2025,Thương mại và dịch vụ,Siêu nhỏ,Đủ,Không,2.0633,1.884,9.9706,183.6998,0.6721,0.6814,2.1387,0.0,-0.0394,-0.0265,-0.0832,1,0,46.4,74.37,64.58,BB,0
LS01208,2023,Thương mại và dịch vụ,Siêu nhỏ,Không đủ,Không,,,,,,,,0.0,,,,1,0,28.0,81.47,68.1,BB,0
LS01209,2025,Thương mại và dịch vụ,Vừa,Đủ,Có,1.3393,0.9882,5.6038,96.1531,0.7426,0.6732,2.0602,0.0,0.0571,0.0424,0.1299,1,0,65.2,75.27,70.74,BBB,0
LS01210,2024,Thương mại và dịch vụ,Nhỏ,Đủ,Không,1.3629,1.2077,7.2472,211.2609,0.5856,0.5918,1.4496,0.0,0.0546,0.032,0.0783,1,1,59.6,68.47,65.36,BB,0
LS01211,2024,Thương mại và dịch vụ,Nhỏ,Đủ,Có,1.2737,1.1188,6.6637,187.0535,0.5771,0.5651,1.2994,0.0,0.0519,0.0299,0.0688,2,0,58.0,68.73,63.9,BB,0
LS01212,2021,Thương mại và dịch vụ,Nhỏ,Đủ,Không,2.0031,1.9193,25.0431,184.2213,0.672,0.4938,0.9754,0.0,0.1746,0.1174,0.2318,1,2,80.0,65.43,70.53,BBB,0
LS01213,2024,Xây dựng,Siêu nhỏ,Đủ,Không,1.6746,0.9487,0.9321,259.379,0.3758,0.6781,2.1061,0.0,0.0,0.0,0.0,1,0,42.0,64.43,56.58,B,0
LS01214,2023,Thương mại và dịch vụ,Siêu nhỏ,Không đủ,Không,,,,,,,,0.0,,,,2,0,28.0,71.93,60.95,B,0
LS01215,2024,Xây dựng,Siêu nhỏ,Không đủ,Không,,,,,,,,0.0,,,,2,1,28.0,67.8,57.85,B,0
LS01216,2023,Thương mại và dịch vụ,Vừa,Đủ,Có,1.4352,1.2035,4.1054,217.605,0.5233,0.6935,2.2624,0.0,0.0226,0.0118,0.0386,1,0,45.2,82.8,65.88,BB,0
LS01217,2023,Thương mại và dịch vụ,Siêu nhỏ,Không đủ,Không,,,,,,,,0.0,,,,1,0,28.0,76.67,64.5,BB,0
LS01218,2023,Thương mại và dịch vụ,Siêu nhỏ,Không đủ,Không,,,,,,,,0.0,,,,1,1,28.0,72.67,61.5,B,0
LS01219,2024,Xây dựng,Vừa,Đủ,Không,2.3085,1.1199,1.2782,81.4836,0.5347,0.3161,0.4622,0.0,0.022,0.0117,0.0172,2,1,70.0,70.37,70.24,BBB,0
LS01220,2024,Thương mại và dịch vụ,Nhỏ,Đủ,Có,1.8394,1.0595,6.6735,37.7199,2.4002,0.5161,1.0663,0.0,0.0239,0.0574,0.1187,1,0,82.8,78.1,80.22,A,0
LS01221,2023,Thương mại và dịch vụ,Siêu nhỏ,Đủ,Không,1.4715,1.0601,7.4133,57.1056,2.2999,0.6232,1.6538,0.0,-0.0169,-0.039,-0.1034,1,2,52.0,60.5,57.53,B,0
LS01222,2024,Thương mại và dịch vụ,Vừa,Đủ,Có,1.1978,1.0988,15.4452,170.6893,0.8084,0.486,0.9457,0.0,0.0282,0.0228,0.0444,1,0,63.6,70.8,67.56,BB,0
LS01223,2023,Xây dựng,Nhỏ,Đủ,Không,1.5973,1.1449,2.4967,160.2954,0.5708,0.6131,1.5846,0.0,0.0104,0.0059,0.0153,1,0,61.6,77.7,72.06,BBB,0
LS01224,2025,Thương mại và dịch vụ,Nhỏ,Đủ,Không,1.7066,1.3056,6.4101,101.0477,0.876,0.3913,0.6428,0.0,0.0554,0.0485,0.0797,1,0,76.4,78.47,77.74,A,0
LS01225,2021,Công nghiệp,Siêu nhỏ,Đủ,Không,1.4514,0.6807,2.8619,41.5823,1.0449,0.5912,1.4461,0.0,-0.0514,-0.0537,-0.1314,1,0,48.0,65.8,59.57,B,0
LS01226,2021,Thương mại và dịch vụ,Nhỏ,Đủ,Không,1.3627,0.7659,1.8928,147.8862,0.7394,0.6016,1.5097,0.0,0.0073,0.0054,0.0136,1,0,39.2,73.17,61.28,B,0
LS01227,2023,Công nghiệp,Nhỏ,Đủ,Có,0.857,0.5097,9.1998,31.0601,2.2336,0.8993,8.9333,0.0,-0.0905,-0.2021,-2.008,2,0,47.2,66.23,57.67,B,1
LS01228,2025,Thương mại và dịch vụ,Vừa,Đủ,Có,1.2987,0.7309,5.5197,42.9171,2.2359,0.7233,2.6137,0.0,0.0236,0.0528,0.1907,1,0,69.6,80.2,75.43,BBB,0
LS01229,2024,Công nghiệp,Siêu nhỏ,Đủ,Không,1.3443,0.8169,4.3782,64.9316,0.9927,0.3824,0.6193,0.0,0.0716,0.0711,0.1151,2,0,82.4,74.27,77.11,BBB,0
LS01230,2025,Thương mại và dịch vụ,Vừa,Đủ,Có,1.2544,1.1494,24.4786,72.9176,1.2516,0.8098,4.257,0.0,-0.0637,-0.0798,-0.4195,1,1,45.6,62.4,54.84,B,0
LS01231,2025,Xây dựng,Siêu nhỏ,Đủ,Không,3.7293,2.3312,2.0524,123.9023,0.7659,0.2326,0.3031,0.0,0.0184,0.0141,0.0183,1,0,88.4,76.37,80.58,A,0
LS01232,2022,Thương mại và dịch vụ,Nhỏ,Đủ,Có,1.3047,0.9897,8.1745,82.7363,1.4962,0.6553,1.9009,0.0,0.0166,0.0248,0.072,1,0,59.2,82.2,71.85,BBB,0
LS01233,2024,Thương mại và dịch vụ,Siêu nhỏ,Đủ,Không,0.8826,0.5244,4.5832,66.5706,1.4443,0.7917,3.801,0.0,-0.0581,-0.084,-0.4031,1,0,39.2,72.4,60.78,B,0
LS01234,2021,Thương mại và dịch vụ,Nhỏ,Đủ,Không,1.2446,1.0239,7.3518,103.7489,0.8376,0.6347,1.7377,0.0,-0.0683,-0.0572,-0.1567,1,0,42.0,66.5,57.92,B,1
LS01235,2023,Thương mại và dịch vụ,Lớn,Đủ,Có,1.6379,1.4298,9.0534,125.9469,0.8532,0.7216,2.5913,0.0,0.0242,0.0206,0.0741,2,1,65.6,72.2,69.23,BB,0
LS01236,2023,Xây dựng,Siêu nhỏ,Đủ,Không,1.4075,0.9446,1.3248,376.5043,0.3126,0.4528,0.8273,0.0,0.0172,0.0054,0.0098,2,0,51.6,66.63,61.37,B,1
LS01237,2022,Thương mại và dịch vụ,Nhỏ,Đủ,Có,1.1571,0.6704,7.1386,19.3394,2.6784,0.717,2.5342,0.0,0.0,0.0,0.0,1,0,52.0,68.1,60.86,B,0
LS01238,2021,Thương mại và dịch vụ,Nhỏ,Đủ,Không,1.696,1.5483,12.9127,132.1222,0.9153,0.4668,0.8756,0.0,0.0968,0.0886,0.1661,1,0,86.4,90.0,88.74,AA,0
LS01239,2021,Công nghiệp,Siêu nhỏ,Đủ,Không,1.3475,0.8301,3.6343,81.1869,0.7201,0.3795,0.6117,0.0,-0.043,-0.031,-0.0499,1,3,54.0,60.1,57.96,B,1
LS01240,2022,Thương mại và dịch vụ,Siêu nhỏ,Không đủ,Không,2.2082,1.1288,3.2157,67.5733,1.2954,0.338,0.5105,0.0,-0.0136,-0.0176,-0.0266,1,0,62.8,69.8,68.05,BB,0
LS01241,2025,Thương mại và dịch vụ,Nhỏ,Đủ,Không,1.546,1.3526,10.4661,137.9584,0.8156,0.5448,1.1966,0.0,0.0402,0.0328,0.072,1,0,71.2,82.33,78.44,A,0
LS01242,2021,Thương mại và dịch vụ,Nhỏ,Đủ,Không,0.9231,0.8301,33.468,58.4291,1.8245,0.6091,1.558,0.0492,-0.0322,-0.0588,-0.1504,2,3,46.8,60.47,55.68,B,0
LS01243,2023,Thương mại và dịch vụ,Nhỏ,Đủ,Có,1.471,0.5452,3.9097,18.1338,2.2238,0.5547,1.2459,0.0,0.0067,0.0148,0.0333,1,0,61.2,62.67,62.01,BB,0
LS01244,2025,Xây dựng,Vừa,Đủ,Không,1.3616,1.0281,3.571,146.7635,0.7995,0.6143,1.593,0.0,0.0209,0.0167,0.0434,1,0,75.6,59.57,65.18,BB,0
LS01245,2025,Công nghiệp,Vừa,Đủ,Có,1.3786,0.8457,3.3778,88.765,0.775,0.709,2.436,0.0,0.0222,0.0172,0.0592,1,1,46.4,69.57,59.14,B,0
LS01246,2021,Thương mại và dịch vụ,Nhỏ,Đủ,Không,1.9878,1.0818,3.1263,80.395,1.3884,0.4574,0.8428,0.0,0.0138,0.0191,0.0353,1,0,64.8,71.2,68.96,BB,0
LS01247,2022,Thương mại và dịch vụ,Siêu nhỏ,Không đủ,Không,,,,,,,,0.0,,,,1,0,28.0,86.4,71.8,BB,0
LS01248,2024,Thương mại và dịch vụ,Nhỏ,Đủ,Có,3.1529,2.9697,36.4085,97.5283,1.2593,0.6229,1.6522,0.0,-0.0429,-0.054,-0.1432,1,0,60.0,70.6,65.83,BB,0
LS01249,2021,Thương mại và dịch vụ,Nhỏ,Đủ,Không,1.83,1.4787,7.6812,130.4981,1.3158,0.4299,0.7542,0.0,0.0337,0.0443,0.0778,1,0,80.0,86.27,84.07,A,0
LS01250,2023,Công nghiệp,Nhỏ,Đủ,Không,1.4303,1.0973,7.9654,101.9975,1.2412,0.4431,0.7955,0.0,0.029,0.036,0.0646,1,0,70.0,87.53,81.4,A,0
LS01251,2021,Công nghiệp,Nhỏ,Đủ,Không,1.5946,0.9719,3.7689,76.8049,0.994,0.5747,1.3514,0.0,-0.0104,-0.0104,-0.0244,1,0,50.8,71.6,64.32,BB,0
LS01252,2024,Thương mại và dịch vụ,Siêu nhỏ,Đủ,Không,1.0523,0.6959,2.6416,113.2896,0.8303,0.7459,2.9357,0.0,0.0044,0.0036,0.0143,1,0,36.0,65.97,55.48,B,0
LS01253,2024,Xây dựng,Vừa,Đủ,Có,1.3465,0.9731,4.4021,91.9818,0.9076,0.4864,0.9472,0.0,0.0328,0.0298,0.058,1,0,87.2,82.6,84.67,A,0
LS01254,2023,Thương mại và dịch vụ,Nhỏ,Đủ,Không,1.4786,1.2337,7.6585,131.4005,1.3279,0.7375,2.8091,0.0,0.0132,0.0175,0.0667,1,0,54.4,74.2,67.27,BB,0
LS01255,2023,Thương mại và dịch vụ,Siêu nhỏ,Đủ,Không,2.0,1.4721,3.6572,132.1552,0.8645,0.4156,0.7112,0.0,0.0068,0.0059,0.0101,2,0,57.6,61.83,60.35,B,0
LS01256,2024,Thương mại và dịch vụ,Siêu nhỏ,Đủ,Không,2.9855,2.6304,9.6327,118.1535,0.7947,0.5845,1.407,0.0,0.0729,0.058,0.1395,1,0,78.0,82.8,81.12,A,0
LS01257,2022,Công nghiệp,Siêu nhỏ,Đủ,Không,2.2649,1.3896,2.9614,81.2841,0.7146,0.2348,0.3068,0.0,0.0171,0.0122,0.0159,2,0,68.8,81.93,77.34,A,0
LS01258,2022,Thương mại và dịch vụ,Nhỏ,Đủ,Không,1.3868,0.6418,5.2224,19.9318,2.0277,0.5776,1.3672,0.0,0.0183,0.0372,0.088,1,0,65.6,77.87,73.57,BBB,0
LS01259,2024,Thương mại và dịch vụ,Siêu nhỏ,Đủ,Không,2.3933,1.1061,2.3996,63.9245,1.1766,0.5974,1.4842,0.0,0.0115,0.0136,0.0337,1,0,58.4,82.67,74.17,BBB,0
LS01260,2022,Thương mại và dịch vụ,Siêu nhỏ,Đủ,Không,1.8153,1.6216,6.3023,243.3333,0.5134,0.5052,1.0208,0.0,0.0,0.0,0.0,1,0,53.2,64.47,60.52,B,0
LS01261,2021,Xây dựng,Siêu nhỏ,Đủ,Không,1.5851,1.319,2.1838,490.8986,0.3531,0.523,1.0966,0.0,-0.0174,-0.0061,-0.0129,1,1,47.2,69.33,61.59,B,0
LS01262,2022,Thương mại và dịch vụ,Siêu nhỏ,Đủ,Không,2.7613,2.5419,9.0588,214.3932,0.5156,0.3755,0.6012,0.0,0.085,0.0438,0.0701,1,0,82.4,87.0,85.39,AA,0
LS01263,2023,Xây dựng,Nhỏ,Đủ,Không,2.1272,1.3154,2.0554,157.6309,0.6194,0.322,0.4749,0.0,0.0145,0.009,0.0133,1,0,74.4,79.6,77.78,A,0
LS01264,2021,Thương mại và dịch vụ,Vừa,Đủ,Không,1.4949,0.8272,6.3038,24.4644,2.6599,0.5426,1.1864,0.0,0.0184,0.049,0.1072,1,0,74.4,69.9,71.47,BBB,0
LS01265,2024,Thương mại và dịch vụ,Vừa,Đủ,Có,2.1499,1.7511,7.4753,119.724,1.0139,0.5466,1.2054,0.0,0.0664,0.0673,0.1484,1,0,80.4,76.57,78.29,A,0
LS01266,2024,Thương mại và dịch vụ,Nhỏ,Đủ,Không,2.7985,2.3753,22.1215,53.5463,2.7546,0.2641,0.3589,0.0,0.025,0.069,0.0938,1,0,93.2,72.83,79.96,A,0
LS01267,2021,Công nghiệp,Siêu nhỏ,Không đủ,Không,,,,,,,,0.0,,,,1,0,28.0,76.8,64.6,BB,0
LS01268,2023,Công nghiệp,Lớn,Đủ,Có,1.1985,0.6879,1.932,98.9226,0.7003,0.7152,2.5111,0.0,0.0136,0.0095,0.0334,1,0,43.2,76.4,61.46,B,0
LS01269,2023,Thương mại và dịch vụ,Siêu nhỏ,Không đủ,Không,,,,,,,,0.0,,,,2,1,28.0,63.93,54.95,B,0
LS01270,2023,Thương mại và dịch vụ,Siêu nhỏ,Không đủ,Không,,,,,,,,0.0,,,,1,0,28.0,75.8,63.85,BB,0
LS01271,2021,"Nông, lâm nghiệp và thủy sản",Siêu nhỏ,Đủ,Không,1.2936,0.5351,0.9634,75.6121,0.2998,0.3879,0.6338,0.0,0.0,0.0,0.0,1,0,55.6,68.97,64.29,BB,0
LS01272,2025,Công nghiệp,Siêu nhỏ,Đủ,Không,1.308,0.7397,3.9771,51.5859,0.8832,0.6241,1.6602,0.0,-0.009,-0.008,-0.0212,1,0,44.4,70.7,61.5,B,0
LS01273,2024,Thương mại và dịch vụ,Siêu nhỏ,Đủ,Không,1.8146,0.7339,2.4154,53.015,1.354,0.4726,0.896,0.0,0.0123,0.0167,0.0316,1,0,63.6,63.97,63.84,BB,0
LS01274,2021,Thương mại và dịch vụ,Siêu nhỏ,Không đủ,Không,,,,,,,,0.0,,,,1,0,28.0,73.33,62.0,BB,0
LS01275,2023,Thương mại và dịch vụ,Siêu nhỏ,Không đủ,Không,,,,,,,,0.0,,,,1,0,28.0,63.87,54.9,B,0
LS01276,2023,Thương mại và dịch vụ,Siêu nhỏ,Đủ,Không,2.5142,1.2996,2.21,102.2199,0.9082,0.3065,0.4419,0.0,-0.0027,-0.0025,-0.0036,1,0,58.4,67.27,64.16,BB,0
LS01277,2023,Xây dựng,Siêu nhỏ,Đủ,Không,2.0242,1.3121,2.8681,128.8659,0.943,0.4092,0.6925,0.0,0.0184,0.0174,0.0294,1,0,90.4,71.8,78.31,A,0
LS01278,2021,Thương mại và dịch vụ,Siêu nhỏ,Đủ,Không,1.2699,0.8885,6.0212,74.0221,1.5974,0.6479,1.8402,0.0,0.0174,0.0278,0.0789,1,1,60.8,81.23,74.08,BBB,0
LS01279,2024,Công nghiệp,Lớn,Đủ,Có,1.469,1.1946,5.3572,173.9615,0.5709,0.889,8.0066,0.0,-0.0458,-0.0261,-0.2355,1,1,42.4,64.47,54.54,B,0
LS01280,2021,Công nghiệp,Nhỏ,Đủ,Không,1.4742,0.6566,4.0,23.7108,1.6892,0.7373,2.8069,0.0,0.0218,0.0368,0.1402,1,0,60.8,74.1,69.44,BB,0
LS01281,2025,Thương mại và dịch vụ,Nhỏ,Đủ,Không,1.2972,0.6579,3.7269,47.4112,1.7328,0.6671,2.0039,0.0,-0.0349,-0.0605,-0.1817,1,0,42.8,64.87,57.14,B,1
LS01282,2022,Công nghiệp,Nhỏ,Đủ,Không,1.8506,1.1006,3.5438,84.323,1.2403,0.4713,0.8915,0.0,0.0,0.0,0.0,1,0,64.8,67.1,66.29,BB,0
LS01283,2022,Thương mại và dịch vụ,Siêu nhỏ,Không đủ,Không,,,,,,,,0.0,,,,1,0,28.0,71.2,60.4,B,0
LS01284,2021,Công nghiệp,Siêu nhỏ,Đủ,Không,1.6361,0.8063,1.7382,84.1014,0.632,0.5107,1.0437,0.0,-0.0276,-0.0175,-0.0357,1,0,39.6,81.97,67.14,BB,0
LS01285,2024,Công nghiệp,Siêu nhỏ,Đủ,Không,1.6071,0.619,0.9357,52.8986,0.4423,0.4038,0.6774,0.0,-0.0145,-0.0064,-0.0108,1,2,44.4,61.13,55.28,B,0
LS01286,2021,Xây dựng,Siêu nhỏ,Không đủ,Không,,,,,,,,0.0,,,,1,0,28.0,81.8,68.35,BB,0
LS01287,2021,Công nghiệp,Siêu nhỏ,Đủ,Không,1.5427,0.4688,2.2479,27.9433,1.0419,0.3988,0.6634,0.0,-0.0264,-0.0275,-0.0457,1,0,56.4,78.2,70.57,BBB,0
LS01288,2021,Thương mại và dịch vụ,Nhỏ,Đủ,Không,2.1775,1.6057,4.7966,111.3221,0.81,0.6992,2.3248,0.0,0.0761,0.0616,0.205,1,0,70.0,77.2,74.68,BBB,0
LS01289,2022,Công nghiệp,Nhỏ,Đủ,Không,1.602,0.6666,5.2788,18.3252,1.9921,0.4992,0.9968,0.0,0.0579,0.1153,0.2303,1,1,86.0,83.47,84.35,A,0
LS01290,2025,Thương mại và dịch vụ,Nhỏ,Đủ,Không,1.9109,1.389,4.2419,132.843,0.8476,0.5184,1.0764,0.0,0.031,0.0263,0.0546,1,0,65.2,72.6,70.01,BBB,0
LS01291,2023,Xây dựng,Siêu nhỏ,Đủ,Không,1.8724,1.2959,2.1106,190.9647,0.6104,0.4439,0.7984,0.0,0.0334,0.0204,0.0367,1,0,85.6,67.87,74.07,BBB,0
LS01292,2025,Công nghiệp,Nhỏ,Đủ,Không,1.3743,0.558,3.2405,18.4199,1.5535,0.4498,0.8177,0.0,0.0163,0.0253,0.0459,1,0,64.8,84.8,77.8,A,0
LS01293,2024,Thương mại và dịch vụ,Vừa,Đủ,Không,2.1856,2.0457,26.5727,110.7318,1.05,0.5107,1.0439,0.0,0.0,0.0,0.0,1,0,68.8,83.87,78.59,A,0
LS01294,2021,Thương mại và dịch vụ,Lớn,Đủ,Có,1.2474,1.0784,3.3619,425.4687,0.2928,0.6888,2.2135,0.0,0.0571,0.0167,0.0538,1,0,52.8,62.1,57.92,B,1
LS01295,2023,Thương mại và dịch vụ,Nhỏ,Đủ,Có,0.9699,0.9002,15.402,153.3437,0.6796,0.6266,1.6783,0.0,0.0789,0.0536,0.1436,1,0,63.2,73.53,68.88,BB,0
LS01296,2021,Thương mại và dịch vụ,Siêu nhỏ,Không đủ,Không,,,,,,,,0.0,,,,2,0,28.0,79.67,66.75,BB,0
LS01297,2022,Thương mại và dịch vụ,Vừa,Đủ,Có,1.1084,0.7082,3.9981,60.5141,1.2717,0.7218,2.5944,0.0,0.0107,0.0136,0.049,1,0,44.0,76.87,62.08,BB,0
LS01298,2024,Công nghiệp,Lớn,Đủ,Có,1.2829,0.8764,3.6897,114.0774,1.0418,0.7718,3.3823,0.0,0.0836,0.0871,0.3818,1,0,69.2,87.2,79.1,A,0
LS01299,2025,Thương mại và dịch vụ,Siêu nhỏ,Không đủ,Không,,,,,,,,0.0,,,,1,0,28.0,69.4,59.05,B,0
LS01300,2025,Công nghiệp,Vừa,Đủ,Không,1.1362,0.7182,4.0835,96.4026,0.9837,0.7198,2.5686,0.0,0.0382,0.0375,0.134,1,0,51.2,73.13,65.46,BB,0
LS01301,2024,Thương mại và dịch vụ,Siêu nhỏ,Không đủ,Không,,,,,,,,0.0,,,,1,0,28.0,68.6,58.45,B,0
LS01302,2023,Thương mại và dịch vụ,Nhỏ,Đủ,Không,2.3091,1.462,1.8738,163.8313,0.6466,0.5005,1.002,0.0,0.0469,0.0303,0.0607,1,0,64.0,81.23,75.2,BBB,0
LS01303,2022,Thương mại và dịch vụ,Siêu nhỏ,Đủ,Không,1.3991,0.8228,2.7154,110.5113,0.9575,0.5499,1.2219,0.0,-0.0282,-0.027,-0.06,2,0,42.4,72.53,61.99,B,0
LS01304,2025,Công nghiệp,Nhỏ,Đủ,Không,0.781,0.5861,4.7737,130.3627,0.6983,0.6992,2.3247,0.0,-0.0311,-0.0217,-0.0723,1,0,31.2,67.1,54.54,B,0
LS01305,2021,Thương mại và dịch vụ,Nhỏ,Đủ,Không,1.7759,1.0298,3.1167,85.2176,1.1336,0.4568,0.8411,0.0,0.0319,0.0361,0.0665,1,0,69.6,75.67,73.54,BBB,0
LS01306,2021,Thương mại và dịch vụ,Siêu nhỏ,Không đủ,Không,1.9363,1.1538,5.2305,53.8181,1.5759,0.3409,0.5171,0.0,0.0516,0.0814,0.1235,1,0,93.2,69.4,75.35,BB,0
LS01307,2023,Thương mại và dịch vụ,Vừa,Đủ,Có,1.3696,0.737,2.7791,52.517,0.9528,0.7736,3.4179,0.0,0.0099,0.0094,0.0416,1,0,40.8,73.5,58.78,B,0
LS01308,2025,Thương mại và dịch vụ,Vừa,Đủ,Không,1.052,0.931,7.4817,197.2714,0.5777,0.6415,1.7898,0.0,-0.0295,-0.017,-0.0475,1,0,40.4,68.8,58.86,B,0
LS01309,2023,Thương mại và dịch vụ,Nhỏ,Đủ,Không,1.0435,0.8812,8.1382,138.1907,0.8906,0.4927,0.9712,0.0,0.0568,0.0505,0.0996,2,0,66.0,60.73,62.58,BB,1
LS01310,2024,Thương mại và dịch vụ,Siêu nhỏ,Đủ,Không,1.4533,0.9157,4.8686,39.0689,1.5447,0.5912,1.446,0.0,0.0191,0.0294,0.072,1,0,68.0,84.4,78.66,A,0
LS01311,2025,"Nông, lâm nghiệp và thủy sản",Siêu nhỏ,Đủ,Không,1.7225,0.6785,0.7618,41.2204,0.2136,0.5914,1.4476,0.0,-0.0801,-0.0171,-0.0419,1,0,41.6,63.37,55.75,B,0
LS01312,2023,Thương mại và dịch vụ,Siêu nhỏ,Đủ,Không,1.7766,1.1144,2.7613,114.403,0.9294,0.6431,1.8021,0.0,-0.0597,-0.0555,-0.1555,1,0,39.2,76.33,63.34,BB,0
LS01313,2022,"Nông, lâm nghiệp và thủy sản",Lớn,Đủ,Có,1.2737,0.7844,0.8006,285.5465,0.2343,0.6825,2.15,0.0,0.0611,0.0143,0.0451,1,2,54.0,66.27,60.75,B,0
LS01314,2025,Thương mại và dịch vụ,Vừa,Đủ,Không,1.4078,0.8659,7.8158,38.519,2.3881,0.5411,1.1793,0.0,0.0171,0.0409,0.0891,1,2,74.8,71.5,72.66,BBB,0
LS01315,2023,Thương mại và dịch vụ,Nhỏ,Đủ,Không,1.5343,0.8354,6.7758,30.7837,2.9507,0.5528,1.2359,0.0591,0.0069,0.0204,0.0455,2,1,62.0,63.5,62.98,BB,0
LS01316,2023,Công nghiệp,Siêu nhỏ,Đủ,Không,1.5929,1.3021,5.0976,208.1312,0.4973,0.2691,0.3681,0.0,0.0276,0.0137,0.0188,2,0,63.2,74.13,70.31,BBB,0
LS01317,2023,Thương mại và dịch vụ,Siêu nhỏ,Đủ,Không,1.563,1.3022,7.9167,124.3838,1.1726,0.4908,0.9638,0.0,0.0,0.0,0.0,1,0,62.0,76.97,71.73,BBB,0
LS01318,2021,Thương mại và dịch vụ,Nhỏ,Đủ,Không,1.9322,1.0975,2.2825,107.9205,0.9342,0.4465,0.8068,0.0,0.0162,0.0151,0.0273,1,0,59.2,70.8,66.74,BB,0
LS01319,2025,Công nghiệp,Nhỏ,Đủ,Có,2.1049,0.9735,1.9105,59.5452,0.606,0.5473,1.209,0.0,0.0461,0.0279,0.0617,1,0,57.6,79.8,69.81,BBB,0
LS01320,2025,Thương mại và dịch vụ,Siêu nhỏ,Đủ,Không,1.372,1.3042,11.0,384.2527,0.3514,0.5622,1.284,0.0,0.0769,0.027,0.0617,1,1,62.4,80.63,74.25,BBB,0
LS01321,2024,Xây dựng,Siêu nhỏ,Đủ,Không,1.2569,1.0489,4.1618,242.5559,0.4808,0.5023,1.0093,0.0,0.0192,0.0092,0.0185,1,0,70.8,62.0,65.08,BB,0
LS01322,2025,Công nghiệp,Lớn,Đủ,Có,1.2757,0.8192,3.4662,85.8423,0.7752,0.5455,1.2,0.0,0.0551,0.0427,0.094,1,0,68.4,75.2,72.14,BBB,0
LS01323,2025,Công nghiệp,Siêu nhỏ,Đủ,Không,1.5645,1.0268,4.0158,86.3365,0.8473,0.5104,1.0424,0.0,0.0,0.0,0.0,1,0,56.0,81.2,72.38,BBB,0
LS01324,2021,Xây dựng,Nhỏ,Đủ,Không,1.3973,1.1298,5.925,181.8071,0.95,0.5466,1.2058,0.0,0.0,0.0,0.0,1,1,68.0,72.67,71.03,BBB,0
LS01325,2022,Thương mại và dịch vụ,Nhỏ,Đủ,Có,1.7006,1.0669,4.2528,95.1233,1.2885,0.4459,0.8048,0.0,-0.0304,-0.0392,-0.0707,1,2,57.2,59.2,58.3,B,0
LS01326,2024,"Nông, lâm nghiệp và thủy sản",Vừa,Đủ,Có,1.8569,0.8562,1.6778,83.5526,0.3949,0.5474,1.2096,0.0,0.0573,0.0226,0.05,1,1,84.0,67.97,75.18,BBB,0
LS01327,2025,Thương mại và dịch vụ,Nhỏ,Đủ,Không,1.1533,0.939,7.6144,94.1509,0.9704,0.5819,1.3917,0.0,0.0357,0.0346,0.0828,1,0,62.4,83.87,76.35,BBB,0
LS01328,2023,Thương mại và dịch vụ,Lớn,Đủ,Có,1.9795,1.8469,20.621,146.0493,0.7628,0.6912,2.2387,0.0,0.1123,0.0857,0.2774,1,1,80.0,83.67,82.02,A,0
LS01329,2024,Thương mại và dịch vụ,Siêu nhỏ,Đủ,Không,1.2647,0.8691,4.2379,122.0579,1.1278,0.6836,2.1605,0.0,-0.0105,-0.0118,-0.0372,1,1,38.8,63.63,54.94,B,0
LS01330,2023,Thương mại và dịch vụ,Siêu nhỏ,Đủ,Không,1.5197,1.3105,4.5041,231.0093,0.4642,0.5078,1.0318,0.0,0.0287,0.0133,0.0271,1,0,54.4,76.0,68.44,BB,0
LS01331,2022,Thương mại và dịch vụ,Vừa,Đủ,Không,2.9514,2.6252,14.0435,125.6774,0.9885,0.5993,1.4959,0.0,0.0379,0.0375,0.0936,1,1,76.0,81.93,79.86,A,0
LS01332,2024,Công nghiệp,Nhỏ,Đủ,Không,2.0245,0.8848,4.318,21.2458,1.6698,0.6972,2.3022,0.0,-0.0372,-0.0621,-0.2051,1,0,54.8,79.2,70.66,BBB,0
LS01333,2024,Thương mại và dịch vụ,Siêu nhỏ,Không đủ,Không,,,,,,,,0.0,,,,1,0,28.0,78.93,66.2,BB,0
LS01334,2025,Thương mại và dịch vụ,Siêu nhỏ,Không đủ,Không,,,,,,,,0.0,,,,1,0,28.0,67.87,57.9,B,0
LS01335,2021,Thương mại và dịch vụ,Siêu nhỏ,Đủ,Không,1.1705,0.6239,3.7817,48.3432,1.5599,0.6759,2.0853,0.0,-0.0532,-0.0829,-0.2559,1,0,41.2,66.67,57.75,B,0
LS01336,2025,Công nghiệp,Siêu nhỏ,Không đủ,Không,,,,,,,,0.0,,,,1,0,28.0,78.87,66.15,BB,0
LS01337,2021,Thương mại và dịch vụ,Nhỏ,Đủ,Có,1.6116,1.3851,10.7552,113.2194,1.1586,0.531,1.1324,0.0,0.0787,0.0912,0.1945,1,0,82.8,69.9,75.7,BBB,0
LS01338,2022,Thương mại và dịch vụ,Vừa,Đủ,Không,1.2783,0.9521,4.11,149.9506,1.0591,0.7432,2.8937,0.0,0.0309,0.0328,0.1276,1,0,54.0,66.2,61.93,B,0
LS01339,2024,Thương mại và dịch vụ,Nhỏ,Đủ,Không,1.6827,1.3411,4.2415,162.4938,0.5869,0.5517,1.2305,0.0,0.0389,0.0229,0.051,1,0,59.6,84.0,75.46,BBB,0
LS01340,2023,Xây dựng,Siêu nhỏ,Đủ,Không,1.5657,0.7306,0.7234,176.7125,0.3805,0.6915,2.2412,0.0,0.0412,0.0157,0.0508,1,0,56.8,77.7,70.39,BBB,0
LS01341,2024,Thương mại và dịch vụ,Vừa,Đủ,Không,2.3105,1.8455,3.9105,195.3467,0.4859,0.6991,2.3236,0.0,0.0373,0.0181,0.0603,1,0,54.8,84.0,73.78,BBB,0
LS01342,2022,Công nghiệp,Nhỏ,Đủ,Không,1.0016,0.4407,2.4191,23.4144,0.7957,0.6337,1.7302,0.051,-0.0277,-0.0221,-0.0602,2,1,29.2,69.1,55.14,B,0
LS01343,2023,Công nghiệp,Nhỏ,Đủ,Không,1.0028,0.5747,2.1046,68.3584,0.622,0.5997,1.4982,0.0,-0.0855,-0.0532,-0.1329,1,0,29.2,73.1,57.74,B,0
LS01344,2023,"Nông, lâm nghiệp và thủy sản",Siêu nhỏ,Đủ,Không,1.5351,0.7544,1.8652,41.0742,0.5349,0.5923,1.453,0.0,0.023,0.0123,0.0302,1,0,68.0,74.7,72.36,BBB,0
LS01345,2024,Thương mại và dịch vụ,Nhỏ,Đủ,Không,1.6992,1.0451,9.5543,27.9382,3.5771,0.5101,1.0414,0.0,0.0142,0.0508,0.1037,1,0,81.2,82.8,82.24,A,0
LS01346,2021,Thương mại và dịch vụ,Vừa,Đủ,Không,1.8424,1.4625,6.9106,105.561,1.1661,0.8036,4.0906,0.0,0.0105,0.0122,0.062,1,0,52.8,82.2,71.91,BBB,0
LS01347,2024,Thương mại và dịch vụ,Nhỏ,Đủ,Không,1.2368,0.8334,3.308,133.5985,0.9343,0.6475,1.8373,0.0,0.0089,0.0083,0.0235,1,0,39.2,68.8,58.44,B,0
LS01348,2022,Xây dựng,Nhỏ,Đủ,Không,1.2261,0.7039,2.9892,61.1617,0.9849,0.5287,1.1218,0.0,0.014,0.0138,0.0293,1,0,70.0,72.87,71.86,BBB,0
LS01349,2025,Thương mại và dịch vụ,Siêu nhỏ,Đủ,Không,2.1744,1.5004,2.4836,138.003,0.7786,0.4205,0.7257,0.0,0.0286,0.0222,0.0384,1,0,64.8,72.77,69.98,BBB,0
LS01350,2022,Thương mại và dịch vụ,Nhỏ,Đủ,Không,1.5933,0.9956,4.1225,72.876,1.5469,0.7744,3.4331,0.0,-0.0369,-0.057,-0.2527,1,0,41.6,75.07,63.35,BB,0
LS01351,2025,Công nghiệp,Siêu nhỏ,Không đủ,Không,1.4661,1.0309,2.1259,198.6667,0.5357,0.4912,0.9654,0.0,0.0283,0.0152,0.0298,1,0,47.2,62.87,58.95,B,0
LS01352,2022,Thương mại và dịch vụ,Nhỏ,Đủ,Không,1.4441,0.6385,2.0508,67.9449,0.9542,0.849,5.6235,0.0,0.0119,0.0114,0.0753,1,0,42.4,74.67,63.37,BB,0
LS01353,2021,Thương mại và dịch vụ,Nhỏ,Đủ,Không,1.9963,1.5062,4.588,114.4249,0.8152,0.6827,2.1515,0.0,0.0405,0.033,0.1041,1,0,63.6,87.0,78.81,A,0
LS01354,2023,Thương mại và dịch vụ,Nhỏ,Đủ,Không,1.7749,1.0259,3.8267,73.3338,1.3331,0.4106,0.6967,0.0,0.0094,0.0126,0.0214,1,0,62.0,84.6,76.69,BBB,0
LS01355,2025,Công nghiệp,Nhỏ,Đủ,Không,1.8024,0.7934,2.159,69.5714,0.8735,0.454,0.8316,0.0,0.0481,0.0421,0.077,1,0,63.6,70.9,68.34,BB,0
LS01356,2024,Thương mại và dịch vụ,Lớn,Đủ,Có,1.2048,1.0299,4.2377,206.5109,0.5649,0.6487,1.8463,0.0,0.2437,0.1377,0.3919,1,0,66.0,73.8,70.29,BBB,0
LS01357,2022,Thương mại và dịch vụ,Nhỏ,Đủ,Không,1.4067,1.0335,6.1854,81.5011,0.9126,0.6204,1.6344,0.0,0.0235,0.0214,0.0565,1,0,58.8,75.67,69.76,BBB,0
LS01358,2024,Thương mại và dịch vụ,Siêu nhỏ,Đủ,Không,1.5619,1.3949,7.5035,186.0021,0.6924,0.5881,1.4277,0.0,-0.0299,-0.0207,-0.0502,1,0,45.2,59.37,54.41,B,0
LS01359,2025,Thương mại và dịch vụ,Nhỏ,Đủ,Không,2.1941,1.7605,12.0552,56.5352,1.8316,0.4791,0.9198,0.0,0.0248,0.0455,0.0874,1,0,84.0,71.9,76.13,BBB,0
LS01360,2022,Thương mại và dịch vụ,Nhỏ,Đủ,Không,1.7186,1.4941,4.8157,310.9436,0.4517,0.3361,0.5062,0.0,-0.0488,-0.0221,-0.0332,2,2,54.4,58.07,56.78,B,0
LS01361,2021,Thương mại và dịch vụ,Lớn,Đủ,Có,1.5428,1.0161,5.8401,53.4425,2.028,0.565,1.2989,0.0,0.0522,0.1058,0.2431,1,0,87.6,77.17,81.86,A,0
LS01362,2022,Công nghiệp,Lớn,Đủ,Có,1.4342,0.7517,2.3306,34.3897,0.7846,0.5106,1.0435,0.0,0.1931,0.1515,0.3097,1,1,83.6,82.73,83.12,A,0
LS01363,2022,Công nghiệp,Vừa,Đủ,Không,1.3099,0.8503,4.5675,61.3356,1.1508,0.4759,0.9082,0.0,0.0352,0.0405,0.0774,2,0,72.8,56.0,61.88,B,0
LS01364,2025,Xây dựng,Nhỏ,Đủ,Không,0.9476,0.606,1.7309,123.0346,0.4914,0.7994,3.9847,0.0,-0.0112,-0.0055,-0.0275,1,1,35.2,65.97,55.2,B,0
LS01365,2023,Xây dựng,Vừa,Đủ,Không,1.6998,1.1855,2.1221,203.8229,0.5951,0.4955,0.9824,0.0,0.0158,0.0094,0.0186,1,0,68.8,82.6,77.77,A,0
LS01366,2025,Thương mại và dịch vụ,Siêu nhỏ,Không đủ,Không,,,,,,,,0.0,,,,1,0,28.0,75.8,63.85,BB,0
LS01367,2022,Thương mại và dịch vụ,Nhỏ,Đủ,Không,1.8332,1.5868,6.959,148.1654,0.6982,0.6918,2.2452,0.0,0.0,0.0,0.0,1,0,49.2,74.17,65.43,BB,0
LS01368,2025,Thương mại và dịch vụ,Nhỏ,Đủ,Không,3.1491,1.7656,2.9254,66.2177,1.2474,0.2578,0.3474,0.0,0.0233,0.029,0.0391,1,0,74.8,75.6,75.32,BBB,0
LS01369,2021,Thương mại và dịch vụ,Siêu nhỏ,Không đủ,Không,,,,,,,,0.0,,,,1,0,28.0,72.73,61.55,B,0
LS01370,2025,Thương mại và dịch vụ,Siêu nhỏ,Đủ,Có,1.4213,0.7929,4.294,50.5941,1.7535,0.57,1.3257,0.0,-0.0158,-0.0278,-0.0646,2,0,48.8,61.2,55.62,B,0
LS01371,2021,Thương mại và dịch vụ,Nhỏ,Đủ,Không,2.2084,1.5328,4.08,85.247,0.759,0.6031,1.5197,0.0,0.0258,0.0196,0.0493,1,0,61.2,87.6,78.36,A,0
LS01372,2024,Thương mại và dịch vụ,Lớn,Đủ,Có,1.3554,0.7815,4.4685,36.1223,1.6938,0.6063,1.5402,0.0,0.01,0.0169,0.043,1,0,66.4,77.87,72.71,BBB,0
LS01373,2021,Thương mại và dịch vụ,Siêu nhỏ,Đủ,Không,1.5459,1.2565,5.0407,148.3353,0.5789,0.5528,1.2362,0.0,0.0344,0.0199,0.0445,1,0,61.2,66.2,64.45,BB,0
LS01374,2022,Thương mại và dịch vụ,Siêu nhỏ,Đủ,Không,1.1961,1.0588,27.0571,59.7498,1.4962,0.3756,0.6016,0.0,0.0,0.0,0.0,1,3,69.2,57.87,61.83,B,0
LS01375,2021,Công nghiệp,Siêu nhỏ,Đủ,Không,1.1065,0.7818,5.4695,89.9898,1.1554,0.6572,1.9172,0.0,-0.0184,-0.0213,-0.0621,1,1,42.8,60.73,54.46,B,0
LS01376,2025,Xây dựng,Vừa,Đủ,Không,1.1802,0.6416,0.7372,306.9043,0.3299,0.6832,2.1563,0.0,0.0263,0.0087,0.0274,1,0,40.8,77.2,64.46,BB,0
LS01377,2021,Xây dựng,Siêu nhỏ,Không đủ,Không,2.1852,1.6644,2.7911,292.3354,0.5195,0.3437,0.5236,0.0,-0.0107,-0.0056,-0.0085,2,0,68.0,53.6,57.2,B,0
LS01378,2025,Công nghiệp,Nhỏ,Đủ,Không,1.9615,0.8379,2.7114,21.7594,1.3149,0.3624,0.5684,0.0,0.0482,0.0634,0.0994,1,1,82.8,63.83,70.47,BBB,0
LS01379,2024,Xây dựng,Nhỏ,Đủ,Không,1.8716,1.1435,3.8912,55.6323,1.2084,0.7324,2.7369,0.0,0.0,0.0,0.0,1,0,63.2,53.77,57.07,B,0
LS01380,2022,Xây dựng,Nhỏ,Đủ,Có,1.7221,1.3803,4.6544,152.8028,0.7337,0.5907,1.4432,0.0,0.016,0.0118,0.0287,1,0,75.2,76.6,75.97,BBB,0
LS01381,2025,Xây dựng,Nhỏ,Đủ,Không,1.4459,0.7386,1.1505,196.286,0.4479,0.5166,1.0687,0.0,0.0272,0.0122,0.0252,1,0,57.2,73.77,67.97,BB,0
LS01382,2023,Thương mại và dịch vụ,Lớn,Đủ,Có,1.8929,1.3941,6.3568,89.4178,1.1866,0.5603,1.2742,0.0,0.0353,0.0418,0.0951,1,0,82.0,77.0,79.25,A,0
LS01383,2024,Thương mại và dịch vụ,Nhỏ,Không đủ,Không,1.7758,1.5751,12.7602,111.9266,1.0063,0.5863,1.4174,0.0,0.1086,0.1093,0.2642,1,0,78.4,70.37,72.38,BB,0
LS01384,2025,Thương mại và dịch vụ,Siêu nhỏ,Không đủ,Không,,,,,,,,0.0,,,,1,0,28.0,80.47,67.35,BB,0
LS01385,2024,Thương mại và dịch vụ,Nhỏ,Đủ,Có,1.7246,1.4885,9.0417,122.5976,0.9045,0.3746,0.599,0.0,0.0255,0.0231,0.0369,1,0,70.0,80.6,75.83,BBB,0
LS01386,2023,Thương mại và dịch vụ,Nhỏ,Đủ,Không,1.6352,0.9812,4.2077,64.4225,1.1905,0.4043,0.6788,0.0,0.1189,0.1415,0.2376,1,0,83.2,78.6,80.21,A,0
LS01387,2022,"Nông, lâm nghiệp và thủy sản",Siêu nhỏ,Đủ,Không,1.7205,0.8923,1.0898,143.8686,0.3874,0.5061,1.0248,0.0,0.0316,0.0123,0.0248,1,0,68.8,64.93,66.29,BB,0
LS01388,2022,Thương mại và dịch vụ,Nhỏ,Đủ,Không,1.5398,0.9646,3.2915,66.8736,1.225,0.5981,1.4882,0.0,0.016,0.0195,0.0486,1,1,57.2,64.47,61.92,B,0
LS01389,2022,Thương mại và dịch vụ,Vừa,Đủ,Không,1.5677,1.2342,9.4861,59.5614,0.6347,0.5729,1.3413,0.0,0.0694,0.044,0.1031,1,0,78.0,71.4,73.71,BBB,0
LS01390,2021,Thương mại và dịch vụ,Nhỏ,Đủ,Không,1.5904,0.9999,6.5653,42.0606,2.2385,0.4975,0.9901,0.0,0.0229,0.0514,0.1022,1,0,81.2,87.0,84.97,AA,0
LS01391,2021,Thương mại và dịch vụ,Siêu nhỏ,Đủ,Không,1.8412,1.5548,8.4316,113.616,0.9423,0.5313,1.1337,0.0,0.037,0.0348,0.0743,1,0,77.6,81.6,80.2,A,0
LS01392,2021,Thương mại và dịch vụ,Siêu nhỏ,Đủ,Không,2.2216,2.0252,6.2139,369.0248,0.4166,0.3293,0.491,0.0,0.0358,0.0149,0.0223,1,0,69.2,72.57,71.39,BBB,0
LS01393,2022,Thương mại và dịch vụ,Nhỏ,Đủ,Không,1.7014,0.9057,3.5175,64.4642,1.3907,0.4528,0.8274,0.0,0.0,0.0,0.0,1,0,64.4,80.3,74.74,BBB,0
LS01394,2021,Công nghiệp,Siêu nhỏ,Đủ,Không,1.0149,0.7818,4.9044,112.6813,0.613,0.5024,1.0098,0.0,-0.0266,-0.0163,-0.0328,1,0,40.8,71.53,60.78,B,0
LS01395,2024,Thương mại và dịch vụ,Siêu nhỏ,Đủ,Không,1.7724,1.6245,11.2692,173.3129,0.755,0.3611,0.5651,0.0,0.0653,0.0493,0.0772,2,0,84.8,67.4,73.49,BBB,0
LS01396,2022,Thương mại và dịch vụ,Lớn,Đủ,Có,1.7176,1.2832,2.4274,227.3979,0.4126,0.5085,1.0345,0.0,0.031,0.0128,0.026,1,1,56.8,77.0,67.91,BB,0
LS01397,2024,Công nghiệp,Vừa,Đủ,Có,1.353,0.5515,4.5176,23.865,2.0853,0.6704,2.0336,0.0,0.0212,0.0443,0.1344,2,1,65.2,70.0,67.84,BB,1
LS01398,2024,Thương mại và dịch vụ,Nhỏ,Đủ,Không,2.7525,2.2914,8.1512,103.1076,0.8867,0.5447,1.1963,0.0,0.0434,0.0384,0.0844,1,0,75.6,83.9,81.0,A,0
LS01399,2025,Thương mại và dịch vụ,Nhỏ,Đủ,Không,1.2903,0.9868,9.0813,50.5623,1.6848,0.535,1.1505,0.0,0.042,0.0707,0.1521,1,0,80.4,83.9,82.68,A,0
LS01400,2023,Xây dựng,Nhỏ,Đủ,Không,1.5191,1.0441,3.1559,114.2166,0.733,0.4426,0.794,0.0,0.0,0.0,0.0,1,0,73.6,70.33,71.48,BBB,0
LS01401,2025,Công nghiệp,Siêu nhỏ,Không đủ,Không,,,,,,,,0.0,,,,2,0,28.0,66.0,56.5,B,1
LS01402,2023,"Nông, lâm nghiệp và thủy sản",Nhỏ,Đủ,Không,1.3867,0.8032,1.5957,90.754,0.4093,0.6214,1.6415,0.0,0.027,0.0111,0.0292,1,0,64.0,76.97,72.43,BBB,0
LS01403,2021,Công nghiệp,Vừa,Đủ,Có,0.729,0.4319,6.3926,37.4057,1.2557,0.699,2.3223,0.0,0.0213,0.0267,0.0887,2,0,55.2,57.7,56.58,B,0
LS01404,2023,Thương mại và dịch vụ,Vừa,Đủ,Có,1.1776,0.8037,8.6398,40.6501,2.2872,0.7831,3.6115,0.0,-0.0194,-0.0444,-0.2045,2,0,48.4,62.13,55.95,B,0
LS01405,2025,Thương mại và dịch vụ,Siêu nhỏ,Đủ,Không,1.3117,0.8366,3.6691,92.8255,1.3886,0.7767,3.4787,0.0,0.0,0.0,0.0,1,0,43.2,64.03,56.74,B,0
LS01406,2021,Thương mại và dịch vụ,Nhỏ,Đủ,Không,1.6471,0.8964,3.4831,45.5571,1.6043,0.6965,2.2948,0.0,-0.037,-0.0593,-0.1954,1,1,45.6,64.27,57.73,B,0
LS01407,2023,Thương mại và dịch vụ,Vừa,Đủ,Không,1.7437,0.7266,3.2887,16.1119,1.7998,0.6319,1.7165,0.0,0.039,0.0701,0.1905,1,0,72.4,71.5,71.82,BBB,0
LS01408,2022,Xây dựng,Nhỏ,Đủ,Không,1.2127,0.5852,1.0332,72.5023,0.4103,0.7186,2.5534,0.0,0.0206,0.0084,0.03,1,0,50.0,73.6,65.34,BB,0
LS01409,2022,Thương mại và dịch vụ,Siêu nhỏ,Không đủ,Không,,,,,,,,0.0,,,,1,0,28.0,85.2,70.9,BB,0
LS01410,2021,Công nghiệp,Lớn,Đủ,Có,1.0655,0.7313,7.367,63.8392,1.1511,0.6771,2.0972,0.0399,0.0687,0.079,0.2448,2,0,70.8,68.93,69.77,BBB,0
LS01411,2023,Thương mại và dịch vụ,Siêu nhỏ,Không đủ,Không,,,,,,,,0.0,,,,1,0,28.0,68.8,58.6,B,0
LS01412,2024,Công nghiệp,Siêu nhỏ,Đủ,Không,2.0753,1.3598,1.3801,195.0862,0.3657,0.5233,1.0979,0.0,0.0828,0.0303,0.0635,1,0,59.2,85.0,75.97,BBB,0
LS01413,2021,Thương mại và dịch vụ,Siêu nhỏ,Không đủ,Không,1.7806,1.5378,5.9481,239.6429,0.4751,0.331,0.4948,0.0,0.0,0.0,0.0,1,0,59.6,66.6,64.85,BB,0
LS01414,2025,Thương mại và dịch vụ,Siêu nhỏ,Không đủ,Không,,,,,,,,0.0,,,,1,0,28.0,81.6,68.2,BB,0
LS01415,2023,Thương mại và dịch vụ,Nhỏ,Đủ,Có,1.7099,1.3806,4.9989,180.2621,0.721,0.5112,1.0456,0.0,0.0548,0.0395,0.0808,1,1,66.4,74.67,70.95,BBB,0
LS01416,2025,Xây dựng,Siêu nhỏ,Đủ,Không,2.9703,2.3919,2.1941,372.4927,0.3212,0.2223,0.2859,0.0,0.022,0.0071,0.0091,1,0,69.6,84.4,79.22,A,0
LS01417,2021,Thương mại và dịch vụ,Vừa,Đủ,Có,1.0867,0.9455,9.9289,129.5081,0.8881,0.6154,1.5999,0.0,0.1359,0.1207,0.3139,1,0,70.4,77.5,74.31,BBB,1
LS01418,2023,Công nghiệp,Vừa,Đủ,Có,1.6249,0.9586,8.9457,29.3429,2.0684,0.545,1.1979,0.0,0.0413,0.0854,0.1877,1,0,88.0,84.8,86.24,AA,0
LS01419,2023,Thương mại và dịch vụ,Siêu nhỏ,Không đủ,Không,,,,,,,,0.0,,,,1,0,28.0,63.2,54.4,B,0
LS01420,2024,Công nghiệp,Nhỏ,Đủ,Có,1.5006,1.1009,7.6825,73.0559,1.3065,0.5448,1.1968,0.0,0.1088,0.1421,0.3123,1,0,82.8,89.6,86.54,AA,0
LS01421,2022,Thương mại và dịch vụ,Siêu nhỏ,Đủ,Không,1.3028,0.816,3.3797,91.4746,1.0961,0.6131,1.5844,0.0,-0.0246,-0.027,-0.0697,1,1,38.8,64.03,55.2,B,0
LS01422,2022,Thương mại và dịch vụ,Siêu nhỏ,Không đủ,Không,,,,,,,,0.0,,,,1,1,28.0,76.53,64.4,BB,0
LS01423,2023,Công nghiệp,Lớn,Đủ,Có,1.3909,0.6823,3.4917,58.8172,0.922,0.5836,1.4016,0.0,0.0461,0.0425,0.1021,1,2,68.8,63.33,65.79,BB,0
LS01424,2024,Thương mại và dịch vụ,Siêu nhỏ,Không đủ,Không,,,,,,,,0.0,,,,2,0,28.0,75.53,63.65,BB,0
LS01425,2021,Công nghiệp,Siêu nhỏ,Không đủ,Không,,,,,,,,0.0,,,,1,0,28.0,64.73,55.55,B,0
LS01426,2021,Công nghiệp,Siêu nhỏ,Không đủ,Không,,,,,,,,0.0,,,,1,0,28.0,87.2,72.4,BB,0
LS01427,2024,Xây dựng,Siêu nhỏ,Đủ,Không,1.5986,1.1904,2.3154,232.4871,0.4322,0.6711,2.0407,0.0,0.0116,0.005,0.0153,1,0,53.2,74.9,67.31,BB,0
LS01428,2023,Thương mại và dịch vụ,Lớn,Đủ,Có,1.0592,0.6951,5.6724,65.6692,1.9359,0.8819,7.4676,0.0,0.0146,0.0283,0.2393,1,2,57.2,68.47,63.4,BB,0
LS01429,2023,Thương mại và dịch vụ,Siêu nhỏ,Đủ,Không,3.8934,3.239,9.4213,113.7814,1.1376,0.1412,0.1644,0.0,0.0292,0.0332,0.0387,1,0,86.0,86.0,86.0,AA,0
LS01430,2025,Công nghiệp,Nhỏ,Đủ,Không,1.5833,1.2268,4.4444,158.5757,0.7778,0.4302,0.755,0.0,0.0366,0.0285,0.05,1,1,65.6,72.87,70.32,BBB,0
LS01431,2024,Thương mại và dịch vụ,Siêu nhỏ,Đủ,Không,1.7378,1.3073,4.221,155.2851,1.0418,0.5352,1.1517,0.0,-0.0232,-0.0242,-0.052,1,0,50.8,69.3,62.82,BB,0
LS01432,2025,Công nghiệp,Vừa,Đủ,Có,1.655,1.0968,4.9197,80.407,0.9323,0.8959,8.6036,0.0,0.019,0.0178,0.1706,1,0,56.0,71.8,64.69,BB,0
LS01433,2022,"Nông, lâm nghiệp và thủy sản",Nhỏ,Đủ,Không,2.3724,1.182,1.3238,123.858,0.4136,0.3463,0.5297,0.0,0.0164,0.0068,0.0104,2,0,72.4,65.93,68.2,BB,0
LS01434,2021,Thương mại và dịch vụ,Nhỏ,Đủ,Không,1.6743,0.9331,4.0527,46.1887,1.8235,0.6958,2.2874,0.0,0.0,0.0,0.0,2,0,54.0,71.73,65.53,BB,0
LS01435,2021,Xây dựng,Siêu nhỏ,Không đủ,Không,,,,,,,,0.0,,,,1,0,28.0,81.4,68.05,BB,0
LS01436,2022,Thương mại và dịch vụ,Siêu nhỏ,Đủ,Không,1.8028,0.7876,3.8605,32.4153,1.7148,0.5572,1.2584,0.0,0.0272,0.0467,0.1054,1,0,76.8,71.77,73.53,BBB,0
LS01437,2025,Thương mại và dịch vụ,Siêu nhỏ,Không đủ,Không,,,,,,,,0.0,,,,1,0,28.0,73.4,62.05,BB,0
LS01438,2021,Công nghiệp,Siêu nhỏ,Không đủ,Không,,,,,,,,0.0,,,,1,0,28.0,83.0,69.25,BB,0
LS01439,2025,Thương mại và dịch vụ,Lớn,Đủ,Có,1.3033,0.9228,3.9007,103.879,1.0152,0.7176,2.541,0.0,0.0247,0.0251,0.0888,1,0,60.4,73.9,67.82,BB,0
LS01440,2022,Thương mại và dịch vụ,Siêu nhỏ,Đủ,Không,2.4821,1.1122,3.3955,38.5426,1.537,0.3134,0.4564,0.0,-0.0307,-0.0471,-0.0686,2,0,66.8,61.03,63.05,BB,0
LS01441,2022,Thương mại và dịch vụ,Nhỏ,Đủ,Không,1.9734,1.3225,2.8195,164.6133,0.8157,0.4831,0.9346,0.0,0.0591,0.0482,0.0933,1,0,69.2,76.8,74.14,BBB,0
LS01442,2023,Thương mại và dịch vụ,Nhỏ,Đủ,Không,1.5528,1.1264,5.4222,74.2497,1.445,0.5527,1.2356,0.0,0.0082,0.0118,0.0264,1,1,60.4,77.03,71.21,BBB,0
LS01443,2023,Công nghiệp,Siêu nhỏ,Đủ,Không,1.3339,0.9196,7.443,75.201,1.5296,0.8493,5.6378,0.0,-0.0402,-0.0615,-0.4082,1,0,48.0,57.9,54.43,B,0
LS01444,2022,Thương mại và dịch vụ,Nhỏ,Đủ,Không,2.1101,1.8399,13.035,96.5759,1.1124,0.4784,0.9172,0.0,0.0,0.0,0.0,1,0,68.8,75.27,73.0,BBB,0
LS01445,2023,Thương mại và dịch vụ,Nhỏ,Đủ,Không,1.2507,1.0428,3.9199,257.2905,0.5558,0.544,1.1931,0.0,0.0,0.0,0.0,1,1,46.8,82.57,70.05,BBB,0
LS01446,2024,Thương mại và dịch vụ,Nhỏ,Đủ,Không,5.113,3.5546,2.7599,114.4524,0.6551,0.1139,0.1285,0.0,0.0739,0.0484,0.0546,1,0,71.6,88.7,82.72,A,0
LS01447,2023,Thương mại và dịch vụ,Vừa,Đủ,Không,1.4106,1.2326,11.9266,85.744,0.8305,0.3963,0.6563,0.0,0.0318,0.0264,0.0438,1,0,70.8,74.87,73.44,BBB,0
LS01448,2022,Xây dựng,Nhỏ,Đủ,Không,1.6434,0.9867,1.8674,139.6178,0.6905,0.4787,0.9183,0.0,0.0436,0.0301,0.0578,1,0,83.6,65.9,72.1,BBB,0
LS01449,2023,Công nghiệp,Siêu nhỏ,Đủ,Không,1.3079,0.5265,1.1467,112.42,0.4198,0.4853,0.9429,0.0,0.05,0.021,0.0408,1,0,49.2,76.17,66.73,BB,0
LS01450,2023,Thương mại và dịch vụ,Nhỏ,Đủ,Không,1.5886,1.2379,2.6235,184.4986,0.5216,0.4057,0.6827,0.0,0.0338,0.0176,0.0297,1,0,58.4,85.7,76.15,BBB,0
LS01451,2023,Thương mại và dịch vụ,Nhỏ,Đủ,Không,1.8286,1.6448,26.4674,58.1892,1.0943,0.5149,1.0614,0.0,0.0,0.0,0.0,2,0,69.2,80.43,76.5,BBB,0
LS01452,2025,Thương mại và dịch vụ,Nhỏ,Đủ,Không,1.3283,0.6048,4.2293,33.5325,1.764,0.631,1.71,0.0,0.0271,0.0477,0.1294,1,0,64.4,70.53,68.39,BB,0
LS01453,2022,Thương mại và dịch vụ,Siêu nhỏ,Đủ,Không,1.7391,0.8758,2.5626,88.6373,1.2263,0.5234,1.0982,0.0,0.0175,0.0215,0.045,1,0,60.4,78.5,72.16,BBB,0
LS01454,2025,Thương mại và dịch vụ,Nhỏ,Đủ,Không,2.0573,1.9012,23.1709,86.1093,1.2375,0.5839,1.4031,0.0,0.0376,0.0465,0.1118,1,0,79.2,74.4,76.08,BBB,1
LS01455,2022,Công nghiệp,Lớn,Đủ,Có,0.711,0.4034,4.7513,27.6922,0.9199,0.5655,1.3016,0.0,0.0703,0.0647,0.1489,1,0,72.8,76.2,74.67,BBB,0
LS01456,2025,Thương mại và dịch vụ,Siêu nhỏ,Đủ,Không,1.6206,0.9501,7.2035,26.6829,2.7751,0.508,1.0326,0.0,0.0219,0.0609,0.1237,1,0,78.8,79.6,79.32,A,0
LS01457,2022,Công nghiệp,Nhỏ,Đủ,Không,1.0135,0.4344,3.1745,41.9394,1.0361,0.4996,0.9983,0.0,0.0584,0.0605,0.1209,1,0,68.4,84.8,79.06,A,0
LS01458,2022,Thương mại và dịch vụ,Siêu nhỏ,Không đủ,Không,,,,,,,,0.0,,,,1,0,28.0,90.0,74.5,BB,0
LS01459,2022,Thương mại và dịch vụ,Nhỏ,Đủ,Không,1.2769,0.5637,6.1065,25.5691,2.5957,0.6537,1.8878,0.0,0.0097,0.0251,0.0724,1,0,60.0,74.53,69.45,BB,0
LS01460,2022,Thương mại và dịch vụ,Siêu nhỏ,Đủ,Không,2.0468,1.7535,13.6383,99.6314,1.0713,0.5068,1.0275,0.0,0.0668,0.0716,0.1451,1,0,82.4,80.3,81.04,A,0
LS01461,2025,Công nghiệp,Nhỏ,Đủ,Không,1.5041,0.7551,1.7094,59.944,0.5195,0.5774,1.3661,0.0,0.0329,0.0171,0.0404,1,0,46.4,84.57,71.21,BBB,0
LS01462,2025,Thương mại và dịch vụ,Vừa,Đủ,Không,1.3774,0.6673,1.0158,144.9184,0.4669,0.7671,3.2939,0.0,0.0093,0.0043,0.0187,2,0,33.2,87.33,68.39,BB,0
LS01463,2022,Thương mại và dịch vụ,Nhỏ,Đủ,Không,1.2077,0.9275,5.002,120.6509,0.8567,0.7279,2.6758,0.0,0.0266,0.0228,0.0837,1,0,45.6,68.5,60.48,B,0
LS01464,2021,Thương mại và dịch vụ,Lớn,Đủ,Có,1.2299,0.5527,2.6407,34.7112,1.1624,0.682,2.1445,0.0,0.0224,0.0261,0.0819,1,0,60.0,75.47,68.51,BB,0
LS01465,2024,Thương mại và dịch vụ,Nhỏ,Đủ,Không,1.2749,0.9209,5.7519,81.3148,1.2468,0.797,3.9263,0.0,-0.0272,-0.0339,-0.1669,2,3,38.4,64.53,55.39,B,0
LS01466,2023,Thương mại và dịch vụ,Nhỏ,Đủ,Có,1.9726,1.8739,27.0051,145.056,1.1803,0.6159,1.6035,0.0,0.0197,0.0232,0.0605,1,0,69.2,67.47,68.25,BB,0
LS01467,2021,Thương mại và dịch vụ,Siêu nhỏ,Đủ,Không,1.8478,0.9502,4.9304,41.8535,1.9109,0.4151,0.7098,0.0,0.0129,0.0247,0.0422,1,1,74.4,74.17,74.25,BBB,0
LS01468,2025,Thương mại và dịch vụ,Siêu nhỏ,Đủ,Không,2.3968,1.0159,2.8697,44.4157,1.3742,0.3129,0.4554,0.0,0.012,0.0166,0.0241,1,0,74.4,70.7,71.99,BBB,0
LS01469,2021,Công nghiệp,Siêu nhỏ,Đủ,Không,1.0623,0.6885,5.1417,39.8739,1.0085,0.4534,0.8295,0.0,0.0,0.0,0.0,1,0,61.6,69.67,66.84,BB,0
LS01470,2022,Thương mại và dịch vụ,Siêu nhỏ,Đủ,Không,2.1898,1.0833,1.7238,106.8105,0.7504,0.3412,0.518,0.0,0.0147,0.0111,0.0168,1,0,61.2,85.7,77.12,BBB,0
LS01471,2022,Thương mại và dịch vụ,Siêu nhỏ,Đủ,Không,1.7565,1.3801,6.3039,112.8003,1.0929,0.3997,0.6658,0.0,0.0162,0.0177,0.0295,1,0,68.4,76.8,73.86,BBB,0
LS01472,2022,Công nghiệp,Nhỏ,Đủ,Không,2.5879,1.4496,2.7792,64.9919,0.7732,0.4193,0.7219,0.0,0.0565,0.0437,0.0752,1,0,72.0,78.8,76.42,BBB,0
LS01473,2023,"Nông, lâm nghiệp và thủy sản",Siêu nhỏ,Đủ,Không,1.1332,0.5846,1.0229,141.5836,0.2937,0.4909,0.9644,0.0,0.0261,0.0077,0.0151,1,0,52.0,67.97,62.38,BB,0
LS01474,2023,Thương mại và dịch vụ,Nhỏ,Đủ,Có,1.4772,0.9991,4.4111,67.4224,1.3684,0.5728,1.3406,0.0,0.0333,0.0455,0.1065,1,0,68.8,79.9,74.9,BBB,0
LS01475,2023,Thương mại và dịch vụ,Siêu nhỏ,Không đủ,Không,,,,,,,,0.0,,,,1,0,28.0,74.4,62.8,BB,0
LS01476,2025,"Nông, lâm nghiệp và thủy sản",Vừa,Đủ,Có,1.375,0.8056,1.0391,238.5564,0.3324,0.7545,3.073,0.0,0.0193,0.0064,0.0261,1,1,42.0,67.47,56.01,B,0
LS01477,2023,Thương mại và dịch vụ,Nhỏ,Đủ,Không,1.9353,1.5037,9.2211,68.2577,1.4061,0.6221,1.6465,0.0,0.0905,0.1272,0.3367,1,0,84.0,73.8,77.37,A,0
LS01478,2022,Thương mại và dịch vụ,Nhỏ,Đủ,Không,1.5028,0.8124,2.8932,49.3792,1.0329,0.5904,1.4416,0.0,0.081,0.0837,0.2044,1,0,68.0,88.67,81.43,A,0
LS01479,2021,Xây dựng,Nhỏ,Đủ,Không,1.263,0.7143,1.243,230.3576,0.4497,0.6803,2.1278,0.0,0.0204,0.0092,0.0287,1,0,44.0,82.0,68.7,BB,0
LS01480,2023,Công nghiệp,Siêu nhỏ,Đủ,Không,1.6386,0.7711,1.4444,51.9368,0.4029,0.3439,0.5243,0.0,0.0514,0.0207,0.0316,1,0,60.4,82.2,74.57,BBB,0
LS01481,2025,Thương mại và dịch vụ,Nhỏ,Đủ,Không,1.4694,0.9112,7.0078,39.6264,2.1615,0.527,1.1142,0.0,0.0173,0.0374,0.0791,1,0,74.8,73.97,74.26,BBB,0
LS01482,2025,Công nghiệp,Nhỏ,Đủ,Không,1.1493,0.6341,3.2638,29.1234,0.9437,0.6448,1.8155,0.0,0.0148,0.014,0.0394,3,0,49.6,63.3,58.5,B,0
LS01483,2023,Thương mại và dịch vụ,Siêu nhỏ,Đủ,Không,2.2603,2.0822,17.9231,144.9086,0.8625,0.5888,1.4321,0.0,0.0548,0.0473,0.115,1,0,78.0,79.73,79.13,A,0
LS01484,2021,"Nông, lâm nghiệp và thủy sản",Vừa,Đủ,Có,1.0499,0.6106,1.8156,120.9861,0.3987,0.6739,2.0667,0.0,-0.0668,-0.0266,-0.0816,1,1,44.8,69.57,58.42,B,0
LS01485,2021,Công nghiệp,Vừa,Đủ,Không,1.9559,0.9108,3.1695,43.1326,0.9676,0.589,1.4334,0.0,0.0267,0.0258,0.0628,1,0,64.4,87.2,79.22,A,0
LS01486,2022,Thương mại và dịch vụ,Siêu nhỏ,Đủ,Không,1.2279,1.0102,7.7821,118.9308,0.8723,0.5503,1.2239,0.0,-0.0246,-0.0215,-0.0477,2,1,48.4,64.6,58.93,B,0
LS01487,2021,Thương mại và dịch vụ,Nhỏ,Đủ,Không,1.2117,1.0643,6.258,203.6783,0.5659,0.8159,4.4321,0.0,0.0901,0.051,0.2769,1,1,54.4,67.43,62.87,BB,0
LS01488,2022,Công nghiệp,Nhỏ,Đủ,Không,1.8851,0.8702,2.83,21.1113,1.0617,0.4007,0.6685,0.0,0.2512,0.2667,0.445,1,0,86.8,77.47,80.73,A,0
LS01489,2023,Thương mại và dịch vụ,Nhỏ,Đủ,Không,1.5896,1.4613,13.6653,145.4021,0.8386,0.5586,1.2655,0.0,0.0533,0.0447,0.1012,1,0,76.0,83.9,81.14,A,0
LS01490,2023,Thương mại và dịch vụ,Nhỏ,Đủ,Không,1.9117,1.7252,19.4538,83.6451,1.18,0.27,0.3699,0.0,0.0758,0.0895,0.1226,1,1,90.4,85.07,86.93,AA,0
LS01491,2024,Thương mại và dịch vụ,Siêu nhỏ,Không đủ,Không,,,,,,,,0.0,,,,1,0,28.0,82.8,69.1,BB,0
LS01492,2024,Thương mại và dịch vụ,Nhỏ,Đủ,Không,1.3731,0.8162,5.344,58.2116,1.914,0.6917,2.2436,0.0,-0.0254,-0.0486,-0.1577,1,2,48.4,59.77,55.79,B,1
LS01493,2023,"Nông, lâm nghiệp và thủy sản",Nhỏ,Đủ,Không,1.3075,0.6391,0.6642,218.9487,0.2283,0.5159,1.0657,0.0,0.0316,0.0072,0.0149,1,0,47.6,69.87,62.07,BB,0
LS01494,2022,Thương mại và dịch vụ,Vừa,Đủ,Không,1.5822,1.2831,4.5955,127.6177,0.6492,0.5882,1.4282,0.0,0.0374,0.0243,0.059,1,1,61.6,72.47,68.66,BB,0
LS01495,2021,Thương mại và dịch vụ,Nhỏ,Đủ,Không,1.2427,1.064,12.7305,76.1113,1.4976,0.6043,1.527,0.0,0.0267,0.04,0.1012,1,1,71.6,72.53,72.21,BBB,0
LS01496,2023,Thương mại và dịch vụ,Vừa,Đủ,Có,1.3412,1.0854,5.5381,149.8896,0.79,0.7104,2.4535,0.0,0.1136,0.0897,0.3099,1,0,64.0,72.67,68.77,BB,0
LS01497,2022,Xây dựng,Siêu nhỏ,Không đủ,Không,,,,,,,,0.0,,,,1,0,28.0,69.8,59.35,B,0
LS01498,2022,Thương mại và dịch vụ,Nhỏ,Đủ,Có,1.2535,0.7244,4.1967,48.9169,1.5156,0.7536,3.0577,0.0,0.008,0.0121,0.0491,2,0,45.2,72.83,60.4,B,0
LS01499,2023,Thương mại và dịch vụ,Siêu nhỏ,Không đủ,Không,,,,,,,,0.0,,,,1,1,28.0,73.47,62.1,BB,0
LS01500,2022,Thương mại và dịch vụ,Lớn,Đủ,Có,1.2081,0.5859,3.4433,46.2136,1.5908,0.6845,2.1698,0.0,0.0276,0.0439,0.1393,1,0,70.4,79.2,75.24,BBB,0
LS01501,2024,Thương mại và dịch vụ,Nhỏ,Đủ,Không,1.8001,0.7457,3.7166,19.3611,1.9453,0.4686,0.8819,0.0,0.0076,0.0149,0.028,1,0,66.8,81.4,76.29,BBB,0
LS01502,2021,Thương mại và dịch vụ,Siêu nhỏ,Không đủ,Không,,,,,,,,0.0,,,,1,0,28.0,74.27,62.7,BB,0
LS01503,2022,Thương mại và dịch vụ,Siêu nhỏ,Đủ,Không,1.6409,0.9464,2.3057,65.1081,0.8455,0.6764,2.0904,0.0,-0.027,-0.0229,-0.0706,1,0,38.0,76.1,62.76,BB,0
LS01504,2024,Thương mại và dịch vụ,Siêu nhỏ,Đủ,Không,1.7456,1.2939,4.2621,128.5364,0.6361,0.3535,0.5468,0.0,0.3001,0.1909,0.2953,1,0,82.8,88.1,86.24,AA,0
LS01505,2025,Thương mại và dịch vụ,Nhỏ,Đủ,Không,1.2968,0.9429,4.1467,98.5738,0.8227,0.6697,2.0273,0.0,-0.0758,-0.0624,-0.1889,1,1,40.0,66.17,57.01,B,0
LS01506,2025,Thương mại và dịch vụ,Siêu nhỏ,Không đủ,Không,,,,,,,,0.0,,,,3,1,28.0,63.6,54.7,B,0
LS01507,2021,Xây dựng,Nhỏ,Đủ,Không,1.6211,1.0532,2.2676,158.8208,0.5894,0.6107,1.5686,0.0,0.0122,0.0072,0.0184,1,0,61.2,76.0,70.82,BBB,0
LS01508,2024,Công nghiệp,Vừa,Đủ,Có,1.4093,0.6348,1.2212,103.8361,0.4585,0.5807,1.3851,0.0,0.0458,0.021,0.0501,1,1,44.0,78.47,62.96,BB,0
LS01509,2023,Thương mại và dịch vụ,Siêu nhỏ,Không đủ,Không,,,,,,,,0.0,,,,1,0,28.0,67.47,57.6,B,0
LS01510,2021,Thương mại và dịch vụ,Nhỏ,Đủ,Không,1.4725,1.3093,15.3409,109.6415,1.1947,0.5527,1.2358,0.0,0.0591,0.0706,0.1578,1,1,81.2,78.27,79.29,A,0
LS01511,2025,Thương mại và dịch vụ,Vừa,Đủ,Không,1.3203,0.7328,2.5446,89.118,1.1213,0.6661,1.9946,0.0,0.0,0.0,0.0,1,1,47.2,61.57,56.54,B,0
LS01512,2022,Thương mại và dịch vụ,Vừa,Đủ,Có,1.2979,1.1638,12.1615,138.8887,0.8229,0.6993,2.3259,0.0,-0.0189,-0.0155,-0.0517,1,0,45.6,71.33,59.75,B,0
LS01513,2022,Xây dựng,Siêu nhỏ,Đủ,Không,1.0812,0.879,3.3405,229.5397,0.4475,0.5984,1.4903,0.0,-0.0213,-0.0095,-0.0238,1,0,44.8,69.2,60.66,B,0
LS01514,2025,Công nghiệp,Nhỏ,Đủ,Không,1.8549,0.6658,1.5272,34.3478,0.639,0.7227,2.6067,0.0,0.0,0.0,0.0,1,0,44.0,69.1,60.32,B,0
LS01515,2024,Thương mại và dịch vụ,Nhỏ,Đủ,Không,1.0657,0.5365,4.6984,24.0193,2.108,0.809,4.2343,0.0,-0.0237,-0.05,-0.2615,1,0,41.2,65.17,56.78,B,0
LS01516,2024,Xây dựng,Nhỏ,Đủ,Không,1.148,0.6045,1.4486,140.9645,0.5581,0.6353,1.7421,0.0,0.0,0.0,0.0,1,0,48.0,66.9,60.28,B,0
LS01517,2022,Thương mại và dịch vụ,Siêu nhỏ,Đủ,Không,2.5385,2.2727,5.9211,274.9831,0.4498,0.3009,0.4304,0.0,0.0,0.0,0.0,1,0,62.8,66.77,65.38,BB,0
LS01518,2023,Thương mại và dịch vụ,Nhỏ,Đủ,Không,1.6065,0.8588,4.9972,29.9408,1.955,0.4764,0.9099,0.0,0.0097,0.019,0.0363,1,0,68.0,73.8,71.77,BBB,0
LS01519,2021,Công nghiệp,Vừa,Đủ,Không,1.6552,1.026,1.6313,133.0332,0.5207,0.6447,1.8142,0.0,0.0318,0.0166,0.0466,1,0,43.2,78.53,66.17,BB,0
LS01520,2024,Xây dựng,Nhỏ,Đủ,Không,1.2315,0.7425,1.2475,217.5227,0.4893,0.7161,2.5222,0.0,0.0213,0.0104,0.0368,1,0,47.2,75.97,65.9,BB,0
LS01521,2023,Thương mại và dịch vụ,Siêu nhỏ,Đủ,Không,11.4167,10.3,5.8507,314.9815,0.572,0.0636,0.0679,0.0,0.0259,0.0148,0.0158,2,0,67.6,68.9,68.44,BB,0
LS01522,2021,Thương mại và dịch vụ,Nhỏ,Đủ,Không,2.0788,1.9781,7.2742,491.2355,0.3623,0.7168,2.5314,0.0,0.0496,0.018,0.0635,1,1,58.4,66.6,63.73,BB,0
LS01523,2022,Thương mại và dịch vụ,Siêu nhỏ,Đủ,Không,1.9364,1.2041,4.1066,56.9908,1.3113,0.3876,0.633,0.0,0.0,0.0,0.0,1,0,66.0,67.1,66.72,BB,0
LS01524,2021,Thương mại và dịch vụ,Siêu nhỏ,Đủ,Không,1.5287,1.4048,12.378,162.1346,0.5605,0.4153,0.7101,0.0,0.013,0.0073,0.0124,1,0,59.6,77.9,71.5,BBB,0
LS01525,2021,Xây dựng,Nhỏ,Đủ,Có,2.3002,1.3743,2.4035,104.0355,0.7307,0.683,2.1549,0.0,0.0243,0.0177,0.0559,1,0,77.6,85.0,81.67,A,0
LS01526,2023,Thương mại và dịch vụ,Lớn,Đủ,Có,1.4886,0.7316,4.5054,28.1278,1.9051,0.7062,2.4041,0.0,0.1003,0.1911,0.6507,1,0,81.6,79.53,80.46,A,0
LS01527,2024,Thương mại và dịch vụ,Siêu nhỏ,Không đủ,Không,,,,,,,,0.0,,,,1,0,28.0,75.27,63.45,BB,0
LS01528,2021,Thương mại và dịch vụ,Nhỏ,Đủ,Không,1.1759,0.7552,3.136,69.6227,1.0803,0.6971,2.3013,0.0,0.0182,0.0196,0.0648,1,1,48.0,63.17,57.86,B,0
LS01529,2022,Thương mại và dịch vụ,Lớn,Đủ,Có,1.358,0.7988,7.1865,27.5317,2.5556,0.7291,2.6918,0.0,0.0224,0.0573,0.2114,1,0,74.0,64.8,68.94,BB,0
LS01530,2021,Công nghiệp,Siêu nhỏ,Đủ,Không,1.059,0.6784,4.8125,71.6807,0.9035,0.4118,0.7002,0.0,-0.0502,-0.0454,-0.0771,1,0,54.8,63.17,60.24,B,0
LS01531,2025,Thương mại và dịch vụ,Nhỏ,Đủ,Không,1.5285,0.7638,5.1842,31.9671,2.2998,0.5255,1.1077,0.0,0.0243,0.0558,0.1176,1,1,77.6,64.27,68.93,BB,0
LS01532,2023,Công nghiệp,Siêu nhỏ,Không đủ,Không,,,,,,,,0.0,,,,1,0,28.0,78.67,66.0,BB,0
LS01533,2023,Thương mại và dịch vụ,Nhỏ,Đủ,Không,1.7481,1.4923,6.7229,172.8679,0.6673,0.2946,0.4177,0.0,0.0472,0.0315,0.0446,1,0,70.8,78.37,75.72,BBB,0
LS01534,2021,Thương mại và dịch vụ,Nhỏ,Không đủ,Không,2.1876,1.1254,3.1537,75.4976,1.3548,0.3595,0.5614,0.0,0.0129,0.0174,0.0272,1,0,64.8,60.0,61.2,B,0
LS01535,2025,Thương mại và dịch vụ,Nhỏ,Đủ,Không,2.6286,2.0879,7.6546,73.6846,1.2251,0.5971,1.4821,0.0,0.0587,0.0719,0.1785,1,0,82.0,87.17,85.36,AA,0
LS01536,2021,Thương mại và dịch vụ,Nhỏ,Đủ,Không,1.0768,0.8154,7.7928,95.3241,1.741,0.7776,3.4969,0.0,0.0228,0.0397,0.1783,2,2,60.0,62.77,61.8,B,0
LS01537,2023,Thương mại và dịch vụ,Nhỏ,Đủ,Không,1.6898,1.3425,3.3206,201.3841,0.5167,0.4448,0.8011,0.0,0.0277,0.0143,0.0258,1,0,56.8,80.63,72.29,BBB,0
LS01538,2024,Công nghiệp,Nhỏ,Đủ,Có,1.1407,0.7904,7.1139,76.5801,1.3348,0.5779,1.3689,0.0,0.0251,0.0335,0.0795,1,0,65.2,70.87,68.32,BB,0
LS01539,2024,Thương mại và dịch vụ,Siêu nhỏ,Đủ,Không,1.9765,1.6902,3.863,330.7812,0.4151,0.3974,0.6595,0.0,0.0398,0.0165,0.0274,1,0,63.2,69.37,67.21,BB,0
LS01540,2025,Công nghiệp,Nhỏ,Đủ,Không,1.3845,0.7012,2.5964,40.202,0.7264,0.5313,1.1338,0.0,-0.0183,-0.0133,-0.0284,1,1,46.0,60.73,55.58,B,0
LS01541,2025,Xây dựng,Siêu nhỏ,Không đủ,Không,,,,,,,,0.0,,,,1,0,28.0,74.33,62.75,BB,0
LS01542,2024,Công nghiệp,Nhỏ,Đủ,Không,2.6379,2.065,8.2392,77.7969,1.1143,0.1974,0.246,0.0,-0.0216,-0.0241,-0.0301,1,0,68.0,58.4,61.76,B,0
LS01543,2025,Xây dựng,Siêu nhỏ,Đủ,Không,1.5362,1.1128,1.3971,353.6594,0.3592,0.5312,1.1332,0.0,0.0334,0.012,0.0256,1,0,62.8,73.77,69.93,BBB,0
LS01544,2024,Thương mại và dịch vụ,Siêu nhỏ,Không đủ,Không,,,,,,,,0.0,,,,1,0,28.0,68.2,58.15,B,0
LS01545,2025,Thương mại và dịch vụ,Vừa,Đủ,Có,1.1956,1.0626,12.9296,120.2007,1.1756,0.8176,4.4818,0.0,0.0556,0.0653,0.3581,1,1,64.4,59.47,61.69,B,0
LS01546,2025,Thương mại và dịch vụ,Siêu nhỏ,Đủ,Không,1.625,1.4423,7.1053,240.3321,0.5547,0.4726,0.8962,0.0,0.0342,0.0189,0.0359,1,0,63.6,78.03,72.98,BBB,0
LS01547,2022,Xây dựng,Nhỏ,Đủ,Không,1.2903,0.5823,1.7041,85.8137,0.8911,0.6547,1.8964,0.0,0.035,0.0312,0.0904,1,0,69.2,76.37,73.86,BBB,0
LS01548,2022,Thương mại và dịch vụ,Nhỏ,Đủ,Không,1.4006,0.7925,1.8635,101.2417,0.8503,0.6445,1.8133,0.0,0.0085,0.0072,0.0203,1,0,40.8,72.13,61.17,B,0
LS01549,2025,Thương mại và dịch vụ,Siêu nhỏ,Đủ,Không,1.8616,1.1438,3.8397,78.2033,1.6173,0.498,0.9918,0.0,-0.0072,-0.0116,-0.0231,1,0,57.2,66.27,63.09,BB,0
LS01550,2022,Thương mại và dịch vụ,Nhỏ,Đủ,Không,1.0973,0.613,2.4964,77.3217,0.9801,0.7327,2.7404,0.0,0.0228,0.0224,0.0837,1,1,42.0,64.8,56.82,B,0
LS01551,2023,Thương mại và dịch vụ,Siêu nhỏ,Đủ,Không,1.9971,1.3706,4.625,99.3236,1.3527,0.4157,0.7116,0.1232,-0.016,-0.0217,-0.0372,2,1,50.8,57.17,54.94,B,0
LS01552,2023,Thương mại và dịch vụ,Nhỏ,Đủ,Không,1.442,1.3081,20.9862,96.2524,1.4232,0.3811,0.6156,0.0,0.1032,0.1469,0.2373,1,0,89.2,74.3,79.52,A,1
LS01553,2024,Xây dựng,Nhỏ,Đủ,Không,1.5318,0.9939,2.333,187.4681,0.6912,0.5391,1.1699,0.0,-0.0444,-0.0307,-0.0665,1,0,57.2,77.6,70.46,BBB,0
LS01554,2021,Thương mại và dịch vụ,Siêu nhỏ,Không đủ,Không,,,,,,,,0.0,,,,2,0,28.0,79.93,66.95,BB,0
LS01555,2023,Xây dựng,Nhỏ,Đủ,Không,1.8835,1.3412,1.7447,297.418,0.5057,0.4442,0.7993,0.0,0.012,0.0061,0.0109,1,3,60.8,58.5,59.31,B,1
LS01556,2022,"Nông, lâm nghiệp và thủy sản",Siêu nhỏ,Đủ,Không,2.2072,0.9566,0.7996,107.557,0.3009,0.5847,1.4077,0.0,0.0209,0.0063,0.0152,1,0,59.6,56.67,57.69,B,0
LS01557,2022,Thương mại và dịch vụ,Nhỏ,Đủ,Không,1.5796,1.4249,16.4783,93.0531,1.2304,0.3966,0.6572,0.0,0.0599,0.0737,0.1222,1,0,85.6,78.93,81.27,A,0
LS01558,2023,Xây dựng,Nhỏ,Đủ,Không,1.7499,0.8185,1.628,125.2285,0.8565,0.699,2.3225,0.0,0.0358,0.0306,0.1018,1,0,75.6,83.1,80.48,A,0
LS01559,2021,Thương mại và dịch vụ,Siêu nhỏ,Đủ,Không,1.3491,0.8872,4.307,89.6342,1.3263,0.5754,1.3552,0.0,-0.0308,-0.0408,-0.0961,1,0,44.4,62.8,56.36,B,0
LS01560,2023,Thương mại và dịch vụ,Siêu nhỏ,Không đủ,Không,,,,,,,,0.0,,,,1,0,28.0,66.67,57.0,B,0
LS01561,2025,Thương mại và dịch vụ,Nhỏ,Đủ,Không,1.3465,0.7258,2.8034,78.3249,1.1633,0.7601,3.1677,0.0,0.0181,0.021,0.0877,1,0,44.0,77.27,65.62,BB,0
LS01562,2022,Thương mại và dịch vụ,Nhỏ,Đủ,Không,1.6382,0.8206,5.8286,39.8244,2.6484,0.5057,1.0232,0.0,0.0092,0.0244,0.0495,1,0,69.6,77.2,74.54,BBB,0
LS01563,2021,Thương mại và dịch vụ,Nhỏ,Đủ,Không,2.0837,1.9255,13.3138,204.2757,0.67,0.5554,1.2493,0.0,0.0779,0.0522,0.1174,1,0,76.8,86.27,82.95,A,0
LS01564,2021,Thương mại và dịch vụ,Siêu nhỏ,Không đủ,Không,,,,,,,,0.0,,,,1,1,28.0,81.33,68.0,BB,0
LS01565,2021,Thương mại và dịch vụ,Nhỏ,Đủ,Không,1.067,0.861,1.7621,354.2209,0.2433,0.647,1.8332,0.0,0.0682,0.0166,0.047,1,0,43.2,61.5,55.1,B,0
LS01566,2024,Thương mại và dịch vụ,Vừa,Đủ,Không,1.1572,1.0068,6.4439,207.3001,0.5548,0.5251,1.1057,0.0,0.0727,0.0403,0.0849,2,0,62.0,74.13,69.89,BBB,0
LS01567,2021,Thương mại và dịch vụ,Siêu nhỏ,Đủ,Không,1.1012,0.5136,2.8025,54.9157,1.2456,0.6704,2.0343,0.0,0.0078,0.0097,0.0294,1,0,45.6,74.7,64.51,BB,0
LS01568,2022,Thương mại và dịch vụ,Nhỏ,Đủ,Không,1.4714,1.1654,5.2785,168.172,1.0256,0.6151,1.5984,0.0,0.0186,0.0191,0.0496,1,1,54.8,74.87,67.84,BB,0
LS01569,2022,Xây dựng,Nhỏ,Đủ,Không,1.1538,0.98,4.1685,257.8243,0.5506,0.6649,1.9845,0.0,0.0118,0.0065,0.0194,2,0,52.4,64.13,60.03,B,0
LS01570,2025,Công nghiệp,Lớn,Đủ,Có,1.7614,0.9029,6.4078,35.0456,2.1139,0.624,1.6595,0.0,0.0232,0.049,0.1303,1,1,81.6,83.47,82.63,A,0
LS01571,2022,Thương mại và dịch vụ,Siêu nhỏ,Đủ,Không,1.6755,1.3245,2.205,280.1163,0.3561,0.3525,0.5444,0.0,0.0,0.0,0.0,2,0,52.0,56.43,54.88,B,0
LS01572,2024,Thương mại và dịch vụ,Lớn,Đủ,Có,1.5302,0.933,4.1695,58.1849,1.5017,0.6516,1.8704,0.0,0.01,0.015,0.0431,1,0,62.0,65.8,64.09,BB,1
LS01573,2022,Xây dựng,Siêu nhỏ,Đủ,Không,1.501,0.971,1.8672,185.3185,0.5724,0.5337,1.1445,0.0,-0.0367,-0.021,-0.045,1,0,53.6,69.07,63.65,BB,0
LS01574,2025,Thương mại và dịch vụ,Siêu nhỏ,Đủ,Không,2.0,1.1705,3.2178,51.8813,1.2656,0.8074,4.1923,0.0,-0.0677,-0.0857,-0.4451,1,1,47.2,59.83,55.41,B,0
LS01575,2021,Thương mại và dịch vụ,Nhỏ,Đủ,Không,1.8122,1.6371,5.8959,309.6611,0.4296,0.7095,2.4418,0.0,-0.0785,-0.0337,-0.1161,1,2,42.4,66.73,58.22,B,0
LS01576,2021,Công nghiệp,Nhỏ,Đủ,Không,1.6082,0.7964,2.1487,42.2415,0.6202,0.6211,1.639,0.0,0.0804,0.0499,0.1316,1,0,62.0,87.2,78.38,A,0
LS01577,2024,Thương mại và dịch vụ,Siêu nhỏ,Đủ,Không,2.3272,1.2635,2.4368,60.3119,1.2142,0.4082,0.6898,0.0811,-0.0326,-0.0396,-0.0669,2,1,50.4,67.6,61.58,B,0
LS01578,2022,Thương mại và dịch vụ,Siêu nhỏ,Đủ,Không,1.4307,0.6849,3.327,48.0027,1.7158,0.5913,1.4467,0.0,0.0,0.0,0.0,1,0,51.6,74.2,66.29,BB,0
LS01579,2023,Thương mại và dịch vụ,Siêu nhỏ,Đủ,Không,1.8307,1.7381,16.7805,207.9888,0.5834,0.2888,0.406,0.0,0.0212,0.0124,0.0174,1,0,68.0,83.4,78.01,A,0
LS01580,2022,"Nông, lâm nghiệp và thủy sản",Siêu nhỏ,Đủ,Không,2.1978,1.0746,0.4585,142.5444,0.1466,0.3044,0.4377,0.0,0.0296,0.0043,0.0062,1,0,60.4,68.37,65.58,BB,0
LS01581,2024,Xây dựng,Nhỏ,Đủ,Không,1.5638,0.8606,1.602,153.8069,0.6337,0.4955,0.9824,0.0,0.0332,0.021,0.0417,1,0,77.2,79.0,78.37,A,0
LS01582,2021,Thương mại và dịch vụ,Nhỏ,Đủ,Có,1.5664,0.9164,4.2289,39.881,1.4912,0.7352,2.7759,0.0,0.0263,0.0392,0.1478,2,0,63.2,67.8,65.73,BB,0
LS01583,2025,Thương mại và dịch vụ,Nhỏ,Đủ,Có,1.7283,0.7551,2.095,42.4868,1.1048,0.4805,0.925,0.0,0.0159,0.0175,0.0338,1,0,61.6,75.0,68.97,BB,0
LS01584,2024,Thương mại và dịch vụ,Nhỏ,Không đủ,Không,1.2204,0.9706,6.8424,121.6803,1.0777,0.5769,1.3634,0.0,0.0088,0.0095,0.0224,1,0,52.8,65.3,62.18,BB,0
LS01585,2022,Xây dựng,Siêu nhỏ,Đủ,Không,1.516,1.1301,1.4294,308.2416,0.3137,0.5163,1.0675,0.0,-0.1519,-0.0477,-0.0985,1,0,45.2,80.0,67.82,BB,0
LS01586,2024,Thương mại và dịch vụ,Nhỏ,Đủ,Không,1.5778,1.3377,8.0652,114.9265,0.8972,0.5496,1.2203,0.0,0.0131,0.0117,0.0261,1,0,59.6,79.2,72.34,BBB,0
LS01587,2021,Thương mại và dịch vụ,Nhỏ,Đủ,Có,1.3747,0.778,7.8996,32.0249,2.9138,0.545,1.1979,0.0,0.0,0.0,0.0,1,0,65.2,66.8,66.08,BB,0
LS01588,2024,Công nghiệp,Siêu nhỏ,Đủ,Không,2.5621,1.5098,1.9379,129.9153,0.5079,0.2195,0.2812,0.0,0.0508,0.0258,0.0331,1,0,68.4,67.9,68.08,BB,0
LS01589,2025,Thương mại và dịch vụ,Vừa,Đủ,Có,2.1572,2.0294,14.3995,229.4112,0.499,0.5318,1.1356,0.0,0.0834,0.0416,0.0889,1,0,73.6,87.0,80.97,A,0
LS01590,2021,Công nghiệp,Siêu nhỏ,Đủ,Không,13.0833,5.7667,2.0296,45.758,0.7831,0.0457,0.0478,0.0,0.068,0.0533,0.0558,1,0,86.8,73.77,78.33,A,0
LS01591,2023,Thương mại và dịch vụ,Nhỏ,Đủ,Không,1.9192,0.9853,3.775,45.1783,1.7344,0.4361,0.7733,0.0,0.0224,0.0388,0.0688,1,0,78.8,73.2,75.16,BBB,0
LS01592,2025,Thương mại và dịch vụ,Siêu nhỏ,Đủ,Không,1.1472,1.0286,14.8103,112.0761,0.943,0.6776,2.1019,0.0,-0.0275,-0.0259,-0.0804,2,2,42.4,60.87,54.4,B,1
LS01593,2022,Công nghiệp,Siêu nhỏ,Đủ,Không,2.5503,1.6281,1.9155,124.2948,0.4978,0.2517,0.3364,0.0,-0.0292,-0.0145,-0.0194,1,0,54.0,64.5,60.82,B,0
LS01594,2021,Thương mại và dịch vụ,Siêu nhỏ,Đủ,Không,1.5147,0.6863,4.5955,25.538,2.2085,0.5641,1.2943,0.0,0.0086,0.019,0.0435,1,0,61.6,76.4,71.22,BBB,0
LS01595,2023,Xây dựng,Siêu nhỏ,Đủ,Không,1.5784,0.9085,1.0634,171.6798,0.3233,0.3911,0.6422,0.0,0.0277,0.0089,0.0147,1,0,66.4,74.2,71.47,BBB,0
LS01596,2025,"Nông, lâm nghiệp và thủy sản",Vừa,Đủ,Có,1.9971,0.9649,1.7239,72.3331,0.4685,0.5508,1.2264,0.0,0.06,0.0281,0.0626,1,0,91.2,84.8,87.68,AA,0
LS01597,2025,Thương mại và dịch vụ,Lớn,Đủ,Có,1.2811,0.6694,3.0516,34.7403,1.3251,0.6501,1.8579,0.0,0.0339,0.0449,0.1282,1,0,66.8,81.47,74.87,BBB,0
LS01598,2023,Thương mại và dịch vụ,Nhỏ,Đủ,Không,2.4571,2.1284,10.6568,128.0021,0.996,0.3691,0.5851,0.0,0.0933,0.0929,0.1472,1,0,88.0,83.3,84.94,AA,0
LS01599,2023,Thương mại và dịch vụ,Siêu nhỏ,Đủ,Không,1.9788,1.411,5.1119,82.9545,1.1047,0.4448,0.801,0.0,0.0338,0.0373,0.0672,1,0,82.0,79.6,80.44,A,0
LS01600,2023,Xây dựng,Nhỏ,Đủ,Có,1.2637,0.9127,3.1588,129.8006,0.7473,0.6101,1.5646,0.0,0.026,0.0194,0.0498,1,0,73.6,72.67,73.09,BBB,0
LS01601,2024,Thương mại và dịch vụ,Nhỏ,Đủ,Không,1.7008,1.2571,6.5425,78.061,1.1053,0.4466,0.8069,0.0,0.1089,0.1203,0.2174,2,0,86.8,67.9,74.51,BBB,0
LS01602,2021,Thương mại và dịch vụ,Siêu nhỏ,Đủ,Không,1.1934,0.6828,3.3597,69.7472,1.3105,0.694,2.2679,0.0,-0.0583,-0.0764,-0.2495,2,0,37.2,65.2,55.4,B,0
LS01603,2024,Thương mại và dịch vụ,Siêu nhỏ,Không đủ,Không,,,,,,,,0.0,,,,1,0,28.0,63.27,54.45,B,0
LS01604,2021,Thương mại và dịch vụ,Siêu nhỏ,Đủ,Không,2.4658,2.0248,2.6948,319.1862,0.3526,0.5126,1.0519,0.0,-0.0345,-0.0122,-0.025,1,0,44.0,75.03,64.17,BB,0
LS01605,2021,Xây dựng,Nhỏ,Đủ,Không,1.3723,1.1036,1.8984,436.6844,0.2897,0.4756,0.9071,0.0,0.0201,0.0058,0.0111,1,1,55.6,63.27,60.58,B,0
LS01606,2024,Thương mại và dịch vụ,Siêu nhỏ,Đủ,Không,1.7351,1.2052,4.8028,98.7803,0.7505,0.6894,2.2199,0.0,0.04,0.0301,0.0968,1,0,62.0,80.3,73.9,BBB,0
LS01607,2021,Công nghiệp,Siêu nhỏ,Không đủ,Không,,,,,,,,0.0,,,,1,0,28.0,66.27,56.7,B,0
LS01608,2024,Thương mại và dịch vụ,Nhỏ,Đủ,Không,1.6422,1.3806,6.6585,159.7825,0.8734,0.6799,2.1244,0.0,0.0137,0.012,0.0375,1,0,51.2,76.6,67.71,BB,0
LS01609,2024,Thương mại và dịch vụ,Vừa,Đủ,Có,1.1457,0.6962,3.5034,80.0808,1.4264,0.8207,4.5776,0.0,0.0103,0.0147,0.0821,1,0,43.2,72.8,59.48,B,0
LS01610,2025,Thương mại và dịch vụ,Nhỏ,Đủ,Không,1.2821,0.8012,8.2199,39.7361,2.5983,0.622,1.6453,0.0,0.0202,0.0525,0.1388,1,0,75.6,68.73,71.14,BBB,0
LS01611,2025,Thương mại và dịch vụ,Nhỏ,Đủ,Có,1.466,0.8428,3.8317,54.3526,1.3729,0.5435,1.1904,0.0,0.0197,0.0271,0.0593,1,0,63.2,69.1,66.45,BB,0
LS01612,2021,Công nghiệp,Nhỏ,Đủ,Không,1.559,0.9994,3.156,119.3586,0.7195,0.3674,0.5808,0.0,-0.0274,-0.0197,-0.0312,1,0,51.2,66.83,61.36,B,0
LS01613,2024,Thương mại và dịch vụ,Nhỏ,Đủ,Không,1.6018,1.0173,4.1806,75.368,1.1545,0.6783,2.1085,0.0,0.0419,0.0483,0.1502,1,0,66.0,65.3,65.54,BB,0
LS01614,2025,Công nghiệp,Vừa,Đủ,Không,1.4976,0.7984,4.6448,21.7178,1.4036,0.3745,0.5987,0.0,0.0779,0.1094,0.1749,1,0,88.4,87.2,87.62,AA,0
LS01615,2023,Thương mại và dịch vụ,Nhỏ,Đủ,Không,1.5283,1.0148,7.5147,50.9598,2.4242,0.8256,4.7348,0.0,0.0,0.0,0.0,1,0,54.4,74.8,67.66,BB,0
LS01616,2023,Xây dựng,Nhỏ,Đủ,Không,1.4272,0.7335,1.0036,159.4993,0.3406,0.5166,1.0688,0.0,0.0245,0.0083,0.0172,1,0,54.0,72.27,65.87,BB,0
LS01617,2023,Thương mại và dịch vụ,Siêu nhỏ,Đủ,Không,2.9797,1.8784,2.7423,104.1944,0.7377,0.491,0.9645,0.0,0.0771,0.0568,0.1117,1,0,74.0,81.0,78.55,A,0
LS01618,2024,Thương mại và dịch vụ,Nhỏ,Đủ,Không,1.5206,0.9272,6.289,59.53,2.3518,0.5487,1.2159,0.1016,-0.0169,-0.0397,-0.088,2,1,50.0,59.57,56.22,B,1
LS01619,2022,Công nghiệp,Nhỏ,Đủ,Không,1.9458,1.1652,3.0514,76.0439,0.8903,0.331,0.4949,0.0,-0.0792,-0.0705,-0.1055,1,0,60.0,56.17,57.51,B,0
LS01620,2022,Thương mại và dịch vụ,Vừa,Đủ,Không,1.3569,0.794,4.3206,54.1669,1.6956,0.7027,2.3636,0.0,0.0052,0.0089,0.0298,1,0,50.8,72.57,64.95,BB,0
LS01621,2021,Thương mại và dịch vụ,Lớn,Đủ,Có,1.3668,0.8265,4.0758,51.1987,1.4886,0.6158,1.6028,0.0,0.0149,0.0222,0.0578,2,0,62.0,74.13,68.67,BB,0
LS01622,2023,"Nông, lâm nghiệp và thủy sản",Siêu nhỏ,Đủ,Không,1.7155,0.9355,0.4436,241.7834,0.1341,0.2912,0.4108,0.0,0.0446,0.006,0.0084,1,0,63.6,74.67,70.79,BBB,0
LS01623,2024,Xây dựng,Nhỏ,Đủ,Không,1.0021,0.6145,1.7412,134.4981,0.4548,0.7891,3.7411,0.0,0.0254,0.0116,0.0548,1,0,47.6,68.07,60.9,B,0
LS01624,2023,Thương mại và dịch vụ,Vừa,Đủ,Không,1.6838,0.9861,6.872,29.5,2.4222,0.5558,1.2513,0.0,0.0156,0.0378,0.085,1,0,78.0,81.6,80.34,A,0
LS01625,2024,Thương mại và dịch vụ,Siêu nhỏ,Không đủ,Không,,,,,,,,0.0,,,,1,1,28.0,67.47,57.6,B,0
LS01626,2023,Thương mại và dịch vụ,Vừa,Đủ,Có,2.114,1.3958,2.0969,164.5103,0.5823,0.6729,2.0572,0.0,0.0877,0.0511,0.1562,1,0,64.8,72.2,68.87,BB,0
LS01627,2022,Thương mại và dịch vụ,Nhỏ,Đủ,Không,1.576,1.3293,8.1929,126.2114,0.8826,0.5733,1.3438,0.0,0.0622,0.0549,0.1286,1,2,70.0,62.43,65.08,BB,0
LS01628,2022,Thương mại và dịch vụ,Vừa,Đủ,Không,1.4855,1.3301,10.2823,181.4101,0.7923,0.523,1.0963,0.0,0.1932,0.1531,0.3209,1,0,77.2,81.6,80.06,A,0
LS01629,2022,Thương mại và dịch vụ,Siêu nhỏ,Đủ,Không,2.2072,1.8481,5.4967,164.4346,0.9055,0.42,0.7242,0.0,0.0285,0.0258,0.0446,1,0,74.4,83.3,80.18,A,0
LS01630,2025,"Nông, lâm nghiệp và thủy sản",Siêu nhỏ,Đủ,Không,2.2296,1.0947,0.9848,135.9877,0.3498,0.2496,0.3325,0.0,0.0328,0.0115,0.0153,1,0,80.4,75.07,76.93,BBB,0
LS01631,2024,Công nghiệp,Lớn,Đủ,Có,1.5144,1.0368,2.8582,125.8692,0.5332,0.52,1.0834,0.0,0.0503,0.0268,0.0559,1,0,62.0,74.87,69.08,BB,0
LS01632,2021,Xây dựng,Siêu nhỏ,Đủ,Không,1.4545,1.1936,2.7355,317.3265,0.381,0.4619,0.8584,0.0,0.0143,0.0054,0.0101,1,0,63.2,68.9,66.9,BB,0
LS01633,2021,Thương mại và dịch vụ,Siêu nhỏ,Đủ,Không,1.5898,0.6188,1.9665,44.4361,1.292,0.5976,1.485,0.0,-0.0094,-0.0121,-0.0301,1,0,44.4,66.2,58.57,B,0
LS01634,2023,Xây dựng,Siêu nhỏ,Đủ,Không,1.4218,0.7786,1.6575,120.6056,0.6128,0.5392,1.1701,0.0,0.0184,0.0113,0.0245,2,0,67.2,65.23,65.92,BB,1
LS01635,2021,Thương mại và dịch vụ,Nhỏ,Đủ,Không,1.4275,1.1957,6.5371,149.1672,0.9156,0.6709,2.0389,0.0,0.0265,0.0242,0.0736,1,0,56.0,83.27,73.72,BBB,0
LS01636,2023,Xây dựng,Siêu nhỏ,Đủ,Không,1.0517,0.8621,2.7025,373.76,0.4551,0.7743,3.4301,0.0,0.0,0.0,0.0,1,0,41.6,63.6,55.9,B,0
LS01637,2021,Thương mại và dịch vụ,Lớn,Đủ,Có,1.8917,1.0881,3.8152,50.8533,1.5387,0.7942,3.8596,0.0,0.0171,0.0264,0.1282,1,1,65.2,85.67,76.46,BBB,0
LS01638,2021,Thương mại và dịch vụ,Siêu nhỏ,Đủ,Không,1.7181,1.5426,3.1364,495.265,0.2433,0.5512,1.228,0.0,0.0707,0.0172,0.0383,1,0,57.2,70.2,65.65,BB,0
LS01639,2023,Thương mại và dịch vụ,Vừa,Đủ,Có,1.2629,1.0747,9.0952,117.5247,0.9838,0.7209,2.5825,0.0,0.0126,0.0124,0.0445,2,0,46.8,65.13,56.88,B,0
LS01640,2022,Thương mại và dịch vụ,Lớn,Đủ,Có,1.1318,0.905,7.489,124.0637,1.0827,0.6751,2.0778,0.0,0.0155,0.0168,0.0517,1,0,60.0,71.4,66.27,BB,0
LS01641,2022,Thương mại và dịch vụ,Siêu nhỏ,Không đủ,Không,,,,,,,,0.0,,,,1,0,28.0,65.0,55.75,B,0
LS01642,2025,Thương mại và dịch vụ,Nhỏ,Đủ,Không,13.0031,8.0285,3.8262,60.165,1.4239,0.068,0.073,0.0,0.0089,0.0127,0.0136,1,0,70.8,80.67,77.21,A,0
LS01643,2022,Xây dựng,Vừa,Đủ,Không,0.9094,0.606,1.7793,179.7064,0.4856,0.8125,4.3343,0.0,0.012,0.0058,0.031,1,0,37.6,82.0,66.46,BB,0
LS01644,2023,Thương mại và dịch vụ,Nhỏ,Đủ,Có,1.9737,1.2991,8.4391,39.6159,2.6849,0.4783,0.9167,0.0,0.0513,0.1377,0.2639,1,1,90.8,76.57,82.97,A,0
LS01645,2024,Thương mại và dịch vụ,Siêu nhỏ,Không đủ,Không,,,,,,,,0.0,,,,1,0,28.0,79.4,66.55,BB,0
LS01646,2022,Thương mại và dịch vụ,Nhỏ,Đủ,Không,1.5473,0.9985,9.4701,40.3464,3.1799,0.5753,1.3548,0.0,0.0172,0.0547,0.1288,1,0,75.6,76.8,76.38,BBB,0
LS01647,2025,Thương mại và dịch vụ,Nhỏ,Đủ,Không,1.0857,0.9415,5.152,241.5486,0.5695,0.5607,1.2763,0.0,-0.0374,-0.0213,-0.0484,1,0,40.4,66.97,57.67,B,0
LS01648,2025,Thương mại và dịch vụ,Siêu nhỏ,Đủ,Không,1.3161,0.8938,3.8405,82.1143,0.7775,0.7189,2.557,0.0,0.0318,0.0247,0.0879,1,0,57.6,67.6,64.1,BB,0
LS01649,2022,Thương mại và dịch vụ,Siêu nhỏ,Đủ,Không,1.0286,0.9456,21.6207,122.2183,1.1068,0.5384,1.1661,0.0,-0.0434,-0.048,-0.104,1,0,50.8,62.8,58.6,B,0
LS01650,2025,Thương mại và dịch vụ,Siêu nhỏ,Không đủ,Không,,,,,,,,0.0,,,,1,0,28.0,76.6,64.45,BB,0
LS01651,2025,Thương mại và dịch vụ,Nhỏ,Đủ,Không,1.2512,0.8393,4.4764,90.1902,1.3241,0.6301,1.7032,0.0,-0.026,-0.0345,-0.0932,1,0,42.4,66.9,58.32,B,0
LS01652,2023,Thương mại và dịch vụ,Nhỏ,Đủ,Có,1.4309,1.1292,17.0304,44.516,3.1633,0.6829,2.1537,0.0,-0.0242,-0.0765,-0.2411,1,0,55.6,66.5,61.6,B,0
LS01653,2024,Công nghiệp,Siêu nhỏ,Không đủ,Không,1.3941,0.779,1.7185,99.4856,0.5073,0.4176,0.717,0.0,0.009,0.0046,0.0079,2,0,45.2,61.77,57.62,B,0
LS01654,2025,Thương mại và dịch vụ,Nhỏ,Đủ,Có,2.0757,1.6763,3.8459,204.5558,0.5533,0.7255,2.6436,0.0,0.0431,0.0238,0.0869,1,1,52.4,64.23,58.91,B,0
LS01655,2022,Thương mại và dịch vụ,Vừa,Đủ,Không,1.2863,0.8885,4.8009,61.4978,1.6321,0.8779,7.1906,0.0,0.0,0.0,0.0,2,0,47.2,62.93,57.43,B,0
LS01656,2022,Thương mại và dịch vụ,Siêu nhỏ,Đủ,Không,1.7715,1.2296,4.4695,75.2121,1.2624,0.4352,0.7705,0.0,-0.0503,-0.0635,-0.1124,1,0,60.8,70.57,67.15,BB,0
LS01657,2023,Công nghiệp,Siêu nhỏ,Không đủ,Không,,,,,,,,0.0,,,,1,0,28.0,65.67,56.25,B,0
LS01658,2023,Thương mại và dịch vụ,Siêu nhỏ,Không đủ,Không,,,,,,,,0.0,,,,1,0,28.0,71.67,60.75,B,0
LS01659,2025,Công nghiệp,Siêu nhỏ,Không đủ,Không,2.6559,1.4086,2.2802,89.1475,0.8241,0.2354,0.3079,0.0,0.0323,0.0266,0.0348,2,0,74.8,68.0,69.7,BB,0
LS01660,2024,Thương mại và dịch vụ,Nhỏ,Đủ,Không,1.632,0.6802,1.5203,80.3611,0.7741,0.4835,0.9361,0.0,-0.0306,-0.0237,-0.0458,1,0,46.0,65.8,58.87,B,0
LS01661,2024,Thương mại và dịch vụ,Siêu nhỏ,Đủ,Không,2.2589,1.3553,3.6742,52.3843,1.2353,0.5,1.0,0.0,0.0152,0.0188,0.0376,1,0,71.2,81.6,77.96,A,0
LS01662,2023,Công nghiệp,Siêu nhỏ,Đủ,Không,1.8184,1.0146,5.0805,32.609,1.5183,0.3139,0.4575,0.0,0.0224,0.0341,0.0497,1,0,87.2,88.3,87.92,AA,0
LS01663,2021,Thương mại và dịch vụ,Siêu nhỏ,Đủ,Không,1.379,1.0982,8.1382,80.9878,1.2107,0.5934,1.4593,0.0,-0.0562,-0.0681,-0.1674,1,0,52.0,64.3,60.0,B,0
LS01664,2023,Thương mại và dịch vụ,Siêu nhỏ,Không đủ,Không,,,,,,,,0.0,,,,1,1,28.0,70.47,59.85,B,0
LS01665,2023,Thương mại và dịch vụ,Siêu nhỏ,Đủ,Không,3.1429,2.7554,7.575,200.2231,0.6819,0.1848,0.2267,0.0,-0.0236,-0.0161,-0.0198,1,0,60.0,88.5,78.52,A,0
LS01666,2022,Thương mại và dịch vụ,Nhỏ,Đủ,Không,1.4614,1.3347,19.8415,93.0894,0.9894,0.5492,1.2183,0.0,-0.012,-0.0119,-0.0264,1,1,57.2,62.9,60.9,B,0
LS01667,2023,Xây dựng,Siêu nhỏ,Đủ,Không,1.0096,0.7822,2.8774,207.9447,0.541,0.7464,2.9436,0.0,0.0349,0.0189,0.0744,1,0,65.6,73.97,71.04,BBB,0
LS01668,2023,Thương mại và dịch vụ,Nhỏ,Đủ,Không,2.1245,1.3558,2.4561,133.1524,0.9073,0.4195,0.7227,0.0,0.0187,0.017,0.0293,1,0,62.4,73.9,69.88,BBB,0
LS01669,2025,Thương mại và dịch vụ,Nhỏ,Đủ,Không,1.688,1.504,13.008,111.7647,1.1406,0.752,3.0318,0.0,-0.1015,-0.1158,-0.4669,1,0,48.4,59.1,55.36,B,0
LS01670,2021,Thương mại và dịch vụ,Siêu nhỏ,Đủ,Không,2.1879,1.9939,8.25,225.3825,0.5773,0.2603,0.3518,0.0,0.1257,0.0726,0.0981,2,0,84.0,69.63,74.66,BBB,0
LS01671,2023,Công nghiệp,Siêu nhỏ,Đủ,Không,1.5,0.7796,1.9603,37.6624,0.5828,0.3638,0.5718,0.0,0.0344,0.02,0.0315,1,0,63.2,73.2,69.7,BBB,0
LS01672,2025,Thương mại và dịch vụ,Lớn,Đủ,Có,1.5609,0.7141,3.161,37.233,1.5752,0.8509,5.709,0.0,0.0545,0.0859,0.5764,1,1,66.0,72.6,69.63,BBB,0
LS01673,2022,Thương mại và dịch vụ,Siêu nhỏ,Không đủ,Không,,,,,,,,0.0,,,,1,0,28.0,75.33,63.5,BB,0
LS01674,2025,Thương mại và dịch vụ,Vừa,Đủ,Không,1.4915,0.832,4.7981,32.3549,1.765,0.4954,0.9816,0.0,0.0186,0.0328,0.065,1,0,71.2,77.3,75.16,BBB,0
LS01675,2024,Xây dựng,Nhỏ,Đủ,Không,1.4421,1.1533,2.6338,272.7392,0.4452,0.7366,2.7958,0.0,0.0389,0.0173,0.0658,1,0,60.4,82.0,74.44,BBB,0
LS01676,2024,Thương mại và dịch vụ,Siêu nhỏ,Đủ,Không,1.3056,1.0986,8.6711,126.868,0.8022,0.5268,1.1134,0.0,0.0613,0.0492,0.104,1,0,74.0,67.43,69.73,BBB,0
LS01677,2021,Công nghiệp,Siêu nhỏ,Không đủ,Không,,,,,,,,0.0,,,,1,0,28.0,89.0,73.75,BB,0
LS01678,2022,Thương mại và dịch vụ,Vừa,Đủ,Không,1.9383,1.8504,31.2653,110.32,0.8597,0.8209,4.5833,0.0,0.0,0.0,0.0,1,0,52.8,74.4,66.84,BB,0
LS01679,2025,Thương mại và dịch vụ,Siêu nhỏ,Đủ,Không,2.0628,1.2295,4.7712,63.9153,1.5421,0.351,0.5407,0.0,-0.012,-0.0184,-0.0284,1,1,66.8,72.33,70.4,BBB,0
LS01680,2022,Thương mại và dịch vụ,Siêu nhỏ,Đủ,Không,1.5296,1.2846,3.9839,270.3281,0.4113,0.7442,2.9095,0.0,0.0719,0.0296,0.1156,1,0,57.6,82.2,73.59,BBB,0
LS01681,2022,Công nghiệp,Siêu nhỏ,Không đủ,Không,1.4018,0.6561,3.6965,23.5296,0.8771,0.5893,1.4346,0.0,-0.1023,-0.0897,-0.2184,1,0,44.8,60.87,56.85,B,0
LS01682,2023,Công nghiệp,Siêu nhỏ,Đủ,Không,1.1674,0.6695,4.4034,56.1958,0.7585,0.5726,1.3395,0.0,0.0,0.0,0.0,2,0,48.0,70.53,62.65,BB,0
LS01683,2022,Thương mại và dịch vụ,Siêu nhỏ,Đủ,Không,1.7638,1.6432,11.4583,225.3825,0.5746,0.4427,0.7944,0.0,0.0219,0.0126,0.0225,1,0,64.0,79.33,73.97,BBB,0
LS01684,2024,Thương mại và dịch vụ,Vừa,Đủ,Không,2.1331,1.8558,7.2561,132.4848,0.7104,0.5587,1.2662,0.0,0.0213,0.0151,0.0343,2,0,64.0,75.23,71.3,BBB,0
LS01685,2024,Thương mại và dịch vụ,Siêu nhỏ,Đủ,Không,1.5112,1.3067,7.55,147.8755,0.7925,0.4236,0.7351,0.0,-0.0346,-0.0274,-0.0476,1,0,53.2,67.57,62.54,BB,0
LS01686,2025,Thương mại và dịch vụ,Siêu nhỏ,Không đủ,Không,,,,,,,,0.0,,,,1,0,28.0,76.4,64.3,BB,0
LS01687,2025,Thương mại và dịch vụ,Lớn,Đủ,Có,2.143,1.3658,2.4172,122.09,0.5835,0.6902,2.2282,0.0,0.1825,0.1065,0.3438,1,0,70.0,79.2,75.06,BBB,0
LS01688,2023,Công nghiệp,Nhỏ,Đủ,Không,1.5286,1.1793,6.8696,90.5706,0.5962,0.3022,0.4331,0.0,0.0204,0.0121,0.0174,1,0,63.6,70.0,67.76,BB,0
LS01689,2025,Thương mại và dịch vụ,Lớn,Đủ,Không,1.5303,1.1667,5.9125,95.9484,1.4201,0.585,1.4099,0.0,0.0069,0.0097,0.0235,1,0,69.6,80.9,76.95,BBB,0
LS01690,2025,Thương mại và dịch vụ,Siêu nhỏ,Không đủ,Không,,,,,,,,0.0,,,,1,0,28.0,64.67,55.5,B,0
LS01691,2025,Thương mại và dịch vụ,Siêu nhỏ,Không đủ,Không,,,,,,,,0.0,,,,1,1,28.0,71.07,60.3,B,0
LS01692,2021,Xây dựng,Siêu nhỏ,Không đủ,Không,,,,,,,,0.0,,,,1,1,28.0,77.67,65.25,BB,0
LS01693,2023,Thương mại và dịch vụ,Siêu nhỏ,Đủ,Không,0.9713,0.9247,35.1538,105.8914,0.9596,0.4681,0.8801,0.0,-0.0357,-0.0342,-0.0643,1,0,52.8,58.9,56.76,B,0
LS01694,2023,Xây dựng,Nhỏ,Đủ,Không,2.29,0.9364,1.0576,65.0858,0.5149,0.325,0.4815,0.0,0.0168,0.0086,0.0128,1,0,68.8,75.03,72.85,BBB,0
LS01695,2021,Thương mại và dịch vụ,Siêu nhỏ,Không đủ,Không,,,,,,,,0.0,,,,1,0,28.0,73.93,62.45,BB,0
LS01696,2025,Thương mại và dịch vụ,Siêu nhỏ,Đủ,Không,2.0956,1.5168,3.4062,172.3731,0.8832,0.4035,0.6766,0.0,0.013,0.0115,0.0192,1,0,60.8,74.27,69.55,BB,0
LS01697,2022,Thương mại và dịch vụ,Siêu nhỏ,Không đủ,Không,,,,,,,,0.0,,,,1,0,28.0,81.6,68.2,BB,0
LS01698,2025,Thương mại và dịch vụ,Siêu nhỏ,Không đủ,Không,,,,,,,,0.0,,,,1,0,28.0,78.93,66.2,BB,0
LS01699,2025,Thương mại và dịch vụ,Siêu nhỏ,Đủ,Không,1.4421,1.3519,12.619,255.0852,0.4763,0.4682,0.8804,0.0,-0.0114,-0.0054,-0.0102,2,0,49.6,74.53,65.81,BB,0
LS01700,2021,Thương mại và dịch vụ,Lớn,Đủ,Có,1.3292,1.075,7.5067,116.4206,0.9688,0.7513,3.0214,0.0,0.0474,0.0459,0.1846,1,0,66.4,71.8,69.37,BB,0
LS01701,2025,Công nghiệp,Siêu nhỏ,Không đủ,Không,,,,,,,,0.0,,,,1,0,28.0,78.07,65.55,BB,0
LS01702,2024,Thương mại và dịch vụ,Vừa,Đủ,Có,1.4373,0.7671,3.0446,42.5577,1.4126,0.85,5.6667,0.0,0.0079,0.0112,0.0747,1,1,48.4,68.9,59.68,B,0
LS01703,2021,Thương mại và dịch vụ,Lớn,Đủ,Có,1.4506,0.6876,5.3577,14.338,2.3746,0.8137,4.3668,0.0,-0.0507,-0.1204,-0.6462,1,1,50.4,74.53,63.67,BB,0
LS01704,2025,Thương mại và dịch vụ,Nhỏ,Đủ,Không,1.5965,1.2558,6.2111,144.6173,1.2617,0.6178,1.6163,0.0,0.0095,0.0119,0.0313,1,0,54.0,70.8,64.92,BB,0
LS01705,2021,Thương mại và dịch vụ,Nhỏ,Đủ,Không,1.7681,1.4507,5.6718,161.983,0.7513,0.6745,2.0722,0.0,0.0331,0.0248,0.0763,1,0,56.8,91.1,79.1,A,0
LS01706,2025,Thương mại và dịch vụ,Siêu nhỏ,Không đủ,Không,,,,,,,,0.0,,,,1,0,28.0,73.07,61.8,B,0
LS01707,2024,Công nghiệp,Vừa,Đủ,Không,1.1613,0.7699,5.0968,54.53,1.158,0.6235,1.6562,0.0,0.0621,0.0719,0.1909,2,2,71.2,72.17,71.83,BBB,0
LS01708,2024,Công nghiệp,Nhỏ,Đủ,Có,2.3742,0.8448,2.9512,11.7397,1.3316,0.2341,0.3057,0.0,0.0344,0.0459,0.0599,1,0,78.0,73.4,75.47,BBB,0
LS01709,2023,Thương mại và dịch vụ,Nhỏ,Đủ,Có,2.3412,1.6627,4.4008,94.4823,0.728,0.5898,1.4379,0.0,0.0291,0.0212,0.0516,1,0,61.2,76.8,69.78,BBB,0
LS01710,2022,Thương mại và dịch vụ,Nhỏ,Đủ,Không,1.3016,0.796,3.5647,92.9693,1.4742,0.968,30.2152,0.0,-0.0758,-0.1117,-3.4873,1,1,38.4,67.27,57.16,B,1
LS01711,2021,Xây dựng,Siêu nhỏ,Đủ,Không,1.7114,1.2395,1.5687,351.3089,0.3626,0.623,1.6523,0.0,0.0,0.0,0.0,1,0,49.6,59.7,56.16,B,0
LS01712,2025,Thương mại và dịch vụ,Siêu nhỏ,Không đủ,Không,,,,,,,,0.0,,,,1,0,28.0,66.47,56.85,B,0
LS01713,2023,Thương mại và dịch vụ,Siêu nhỏ,Không đủ,Không,,,,,,,,0.0,,,,1,1,28.0,72.13,61.1,B,0
LS01714,2024,Thương mại và dịch vụ,Nhỏ,Đủ,Không,1.2258,0.6482,6.8327,19.3251,2.7423,0.6305,1.7066,0.0,0.0,0.0,0.0,1,0,57.6,91.07,79.35,A,0
LS01715,2021,Thương mại và dịch vụ,Siêu nhỏ,Đủ,Không,1.335,1.1425,7.8831,137.5803,0.6469,0.4569,0.8414,0.0,-0.0166,-0.0108,-0.0198,1,0,52.0,81.3,71.04,BBB,1
LS01716,2022,Thương mại và dịch vụ,Siêu nhỏ,Đủ,Không,1.8304,1.1161,3.0477,85.6832,1.1181,0.4328,0.763,0.0,-0.0064,-0.0072,-0.0127,1,0,57.2,75.9,69.35,BB,0
LS01717,2021,Công nghiệp,Nhỏ,Đủ,Không,1.4033,0.8128,1.7552,148.7446,0.4517,0.7846,3.6433,0.0,-0.0212,-0.0096,-0.0445,1,1,29.6,71.17,56.62,B,0
LS01718,2024,Thương mại và dịch vụ,Vừa,Đủ,Có,1.5643,1.0997,7.9075,59.0897,2.1216,0.7718,3.3827,0.0,-0.0762,-0.1617,-0.7087,1,1,51.2,76.03,64.86,BB,0
LS01719,2021,Thương mại và dịch vụ,Siêu nhỏ,Không đủ,Không,,,,,,,,0.0,,,,1,0,28.0,72.87,61.65,B,0
LS01720,2021,Thương mại và dịch vụ,Nhỏ,Đủ,Có,1.6001,1.0267,2.4772,139.933,0.7862,0.5314,1.1339,0.0,0.0524,0.0412,0.088,1,1,64.8,70.07,67.7,BB,0
LS01721,2024,Thương mại và dịch vụ,Nhỏ,Đủ,Không,1.5621,0.8641,8.4543,25.3533,3.2347,0.6767,2.0931,0.0,-0.0204,-0.0659,-0.2038,1,0,54.0,71.97,65.68,BB,0
LS01722,2021,Thương mại và dịch vụ,Siêu nhỏ,Đủ,Không,1.9712,1.223,3.1346,82.572,1.0343,0.4143,0.7074,0.0,0.036,0.0373,0.0636,1,0,76.0,83.9,81.14,A,0
LS01723,2025,Công nghiệp,Nhỏ,Đủ,Không,1.5974,1.0012,7.7705,44.508,1.8238,0.7392,2.8346,0.0,-0.0203,-0.0371,-0.1423,1,0,54.8,76.6,68.97,BB,0
LS01724,2025,Thương mại và dịch vụ,Nhỏ,Đủ,Không,1.4969,1.1836,7.6871,94.2802,1.0914,0.7572,3.118,0.0,0.0155,0.0169,0.0697,1,1,56.4,75.27,68.66,BB,0
LS01725,2023,Thương mại và dịch vụ,Siêu nhỏ,Đủ,Không,1.7719,1.1222,2.7022,115.3829,0.7527,0.4021,0.6726,0.0,0.0953,0.0717,0.12,1,2,73.2,72.57,72.79,BBB,0
LS01726,2022,Công nghiệp,Siêu nhỏ,Đủ,Không,1.6701,0.8889,2.5822,54.6439,0.713,0.2984,0.4254,0.0,-0.0233,-0.0166,-0.0236,1,3,59.2,60.7,60.18,B,1
LS01727,2024,Xây dựng,Nhỏ,Đủ,Không,1.5545,0.7253,0.7089,97.3773,0.3552,0.5467,1.2062,0.0,-0.0463,-0.0165,-0.0363,2,1,48.0,68.2,61.13,B,0
LS01728,2024,Công nghiệp,Nhỏ,Đủ,Không,1.1126,0.6908,5.6013,52.692,1.4815,0.5651,1.2992,0.0,-0.0148,-0.0219,-0.0503,1,1,52.8,70.07,64.02,BB,0
LS01729,2021,Thương mại và dịch vụ,Siêu nhỏ,Đủ,Không,1.8843,1.6198,7.125,155.2797,0.5423,0.5276,1.1167,0.0,0.0339,0.0184,0.0389,1,0,66.4,78.6,74.33,BBB,0
LS01730,2022,Thương mại và dịch vụ,Nhỏ,Đủ,Không,1.8767,1.5786,4.9533,204.5261,0.7131,0.766,3.2738,0.0,-0.0436,-0.0311,-0.133,2,1,38.4,64.2,55.17,B,0
LS01731,2022,Thương mại và dịch vụ,Siêu nhỏ,Đủ,Không,3.6268,2.0276,6.2908,21.9072,2.2626,0.2035,0.2555,0.0,0.0445,0.1006,0.1264,1,0,96.4,84.37,88.58,AA,0
LS01732,2025,Công nghiệp,Nhỏ,Đủ,Không,1.6263,0.9151,3.922,77.7155,1.051,0.3235,0.4781,0.0,0.0171,0.0179,0.0265,1,0,65.6,75.87,72.27,BBB,0
LS01733,2024,Công nghiệp,Nhỏ,Đủ,Không,1.5322,0.7366,4.3664,24.8637,1.6158,0.5177,1.0733,0.0,0.0244,0.0394,0.0816,1,1,70.8,88.27,82.15,A,0
LS01734,2025,Thương mại và dịch vụ,Nhỏ,Đủ,Không,1.192,0.8205,4.0383,73.0912,1.1237,0.6364,1.7505,0.0,0.0156,0.0175,0.0481,1,3,48.4,67.3,60.68,B,1
LS01735,2023,"Nông, lâm nghiệp và thủy sản",Lớn,Đủ,Có,0.9315,0.4699,2.2229,96.42,0.4681,0.8265,4.7643,0.0,0.0439,0.0205,0.1184,1,0,64.4,72.63,68.93,BB,0
LS01736,2021,Thương mại và dịch vụ,Siêu nhỏ,Đủ,Không,1.4907,1.1398,1.6755,259.7597,0.3566,0.4406,0.7877,0.0,0.016,0.0057,0.0102,1,0,46.4,82.0,69.54,BB,0
LS01737,2021,Thương mại và dịch vụ,Siêu nhỏ,Đủ,Không,1.45,0.508,2.3697,19.6019,1.3867,0.6035,1.522,0.0,-0.0685,-0.095,-0.2396,2,1,42.8,64.6,56.97,B,0
LS01738,2022,Thương mại và dịch vụ,Siêu nhỏ,Không đủ,Không,,,,,,,,0.0,,,,2,0,28.0,65.33,56.0,B,0
LS01739,2023,Thương mại và dịch vụ,Siêu nhỏ,Không đủ,Không,2.67,1.8233,4.815,95.4358,1.5516,0.3559,0.5525,0.0,0.0069,0.0107,0.0166,1,0,72.8,64.7,66.72,BB,0
LS01740,2024,Công nghiệp,Vừa,Đủ,Có,1.0735,0.6677,3.3146,59.9713,1.0079,0.8252,4.721,0.0,0.0382,0.0385,0.2203,1,1,52.8,80.87,68.24,BB,0
LS01741,2021,Thương mại và dịch vụ,Vừa,Đủ,Không,1.5409,1.3303,6.9675,132.9318,0.8247,0.4136,0.7054,0.0,0.0576,0.0475,0.081,1,0,74.8,74.4,74.54,BBB,0
LS01742,2023,Thương mại và dịch vụ,Vừa,Đủ,Không,1.4113,0.9145,6.2157,35.6013,1.9392,0.567,1.3095,0.0,0.0321,0.0622,0.1437,1,0,80.8,76.2,77.81,A,0
LS01743,2023,Xây dựng,Nhỏ,Đủ,Không,1.4549,1.2098,5.035,203.5862,0.7758,0.5584,1.2643,0.0,0.0508,0.0394,0.0892,1,0,88.8,79.6,82.82,A,0
LS01744,2025,Xây dựng,Siêu nhỏ,Đủ,Không,2.6476,1.5059,1.5111,129.8525,0.569,0.311,0.4513,0.0,0.0258,0.0147,0.0213,1,0,86.0,82.4,83.66,A,0
LS01745,2023,"Nông, lâm nghiệp và thủy sản",Siêu nhỏ,Đủ,Không,1.884,0.78,0.9783,135.9804,0.382,0.3121,0.4537,0.0,0.0,0.0,0.0,1,0,64.0,82.0,75.7,BBB,0
LS01746,2022,Thương mại và dịch vụ,Siêu nhỏ,Đủ,Không,1.4071,1.2333,11.9247,128.6315,0.7756,0.2914,0.4112,0.0735,-0.0255,-0.0198,-0.0279,2,1,51.6,63.27,59.18,B,0
LS01747,2022,"Nông, lâm nghiệp và thủy sản",Lớn,Đủ,Có,1.2343,1.041,3.9253,245.6846,0.3822,0.7893,3.7456,0.0,0.0472,0.018,0.0856,1,0,64.4,68.87,66.86,BB,0
LS01748,2023,Thương mại và dịch vụ,Siêu nhỏ,Không đủ,Không,,,,,,,,0.0,,,,1,0,28.0,68.8,58.6,B,0
LS01749,2025,Thương mại và dịch vụ,Nhỏ,Đủ,Không,1.4339,0.8489,3.6708,57.0547,1.2888,0.5848,1.4088,0.0,0.0257,0.0331,0.0797,1,0,62.4,63.87,63.35,BB,0
LS01750,2025,Thương mại và dịch vụ,Vừa,Đủ,Có,1.6369,1.4414,16.3062,89.5131,1.1692,0.6588,1.9309,0.0,0.049,0.0572,0.1678,1,0,77.6,76.8,77.16,BBB,0
LS01751,2025,Thương mại và dịch vụ,Nhỏ,Đủ,Không,1.0524,0.7169,15.7522,29.9261,3.3585,0.6692,2.023,0.0,0.0225,0.0757,0.2287,1,0,72.0,86.3,81.3,A,0
LS01752,2022,Công nghiệp,Nhỏ,Đủ,Không,1.601,0.9988,5.785,45.9548,1.0846,0.5622,1.2843,0.0,0.0,0.0,0.0,2,0,65.6,76.63,72.77,BBB,0
LS01753,2024,Thương mại và dịch vụ,Nhỏ,Đủ,Không,1.9086,1.1278,3.3409,59.0029,1.3223,0.4529,0.8277,0.0,0.0105,0.0139,0.0255,1,0,63.6,74.2,70.49,BBB,0
LS01754,2021,Thương mại và dịch vụ,Siêu nhỏ,Đủ,Không,1.6234,0.9113,3.2036,70.4122,1.4039,0.5347,1.1493,0.0,0.028,0.0394,0.0846,1,0,69.2,84.97,79.45,A,0
LS01755,2023,Thương mại và dịch vụ,Nhỏ,Đủ,Không,2.1898,1.0879,4.6699,29.6368,2.2026,0.384,0.6235,0.0334,-0.0102,-0.0225,-0.0366,2,1,60.8,51.27,54.6,B,0
LS01756,2022,Công nghiệp,Siêu nhỏ,Đủ,Không,2.0161,1.5281,2.4803,173.1457,0.3755,0.2351,0.3074,0.0,0.0513,0.0192,0.0252,1,0,65.2,89.6,81.06,A,0
LS01757,2021,Thương mại và dịch vụ,Nhỏ,Đủ,Không,1.8803,1.1867,3.6708,75.8162,0.8614,0.5309,1.1315,0.0,0.0593,0.0511,0.1089,1,0,73.6,84.0,80.36,A,0
LS01758,2024,Thương mại và dịch vụ,Lớn,Đủ,Có,1.1839,0.6121,2.3855,45.0359,1.2647,0.8503,5.6804,0.0,0.0132,0.0166,0.1112,1,0,46.4,72.8,60.92,B,0
LS01759,2024,Thương mại và dịch vụ,Nhỏ,Đủ,Không,1.9688,1.5367,5.1062,140.5133,0.7396,0.4863,0.9467,0.0,0.045,0.0333,0.0648,2,0,70.0,84.93,79.71,A,0
LS01760,2025,Thương mại và dịch vụ,Siêu nhỏ,Không đủ,Không,,,,,,,,0.0,,,,1,0,28.0,70.53,59.9,B,0
LS01761,2023,Thương mại và dịch vụ,Nhỏ,Đủ,Không,1.1921,0.7381,9.8356,23.8992,3.0135,0.8174,4.4758,0.0,-0.0153,-0.0461,-0.2526,1,0,47.2,60.73,56.0,B,0
LS01762,2021,Thương mại và dịch vụ,Siêu nhỏ,Đủ,Không,1.2437,0.4879,2.9201,25.8915,1.6021,0.6577,1.9213,0.0,-0.0552,-0.0884,-0.2583,1,0,41.2,73.7,62.32,BB,0
LS01763,2024,Thương mại và dịch vụ,Siêu nhỏ,Đủ,Không,1.6931,1.2919,3.3918,172.7341,0.7879,0.4401,0.7859,0.0,0.0485,0.0382,0.0682,1,0,68.4,71.77,70.59,BBB,0
LS01764,2021,Thương mại và dịch vụ,Lớn,Đủ,Có,1.2701,1.0865,6.0071,231.7772,0.4833,0.7974,3.9362,0.0,0.0392,0.019,0.0936,1,0,52.4,81.0,68.13,BB,0
LS01765,2024,Thương mại và dịch vụ,Siêu nhỏ,Đủ,Không,3.175,2.3875,8.2222,65.359,1.705,0.236,0.3089,0.0,0.0182,0.031,0.0405,1,0,90.0,67.57,75.42,BBB,0
LS01766,2023,Xây dựng,Nhỏ,Đủ,Không,1.3705,1.1443,5.5066,193.5257,0.7975,0.7223,2.6008,0.0,0.0174,0.0139,0.05,1,1,69.6,65.73,67.09,BB,0
LS01767,2025,Công nghiệp,Nhỏ,Đủ,Không,1.5123,0.7812,3.9573,35.4985,0.996,0.5509,1.2269,0.0,0.0359,0.0357,0.0796,1,0,66.4,87.2,79.92,A,0
LS01768,2021,Công nghiệp,Siêu nhỏ,Đủ,Không,0.9374,0.6891,2.757,202.3259,0.4443,0.7983,3.9571,0.0,0.0139,0.0062,0.0307,1,0,35.2,65.4,54.83,B,0
LS01769,2024,Công nghiệp,Lớn,Đủ,Có,1.1238,0.7074,2.6231,127.9666,0.6877,0.8073,4.1894,0.0,0.046,0.0317,0.1643,1,0,44.8,71.67,59.58,B,0
LS01770,2023,Thương mại và dịch vụ,Siêu nhỏ,Không đủ,Không,2.6014,1.5793,3.3158,84.7715,1.0956,0.3,0.4285,0.0,0.0151,0.0165,0.0236,1,0,73.6,70.7,71.42,BB,0
LS01771,2024,Thương mại và dịch vụ,Siêu nhỏ,Đủ,Không,1.4381,1.2268,5.4508,220.8471,0.6167,0.4135,0.705,0.0,-0.049,-0.0302,-0.0515,1,0,49.6,77.67,67.84,BB,0
LS01772,2021,Thương mại và dịch vụ,Siêu nhỏ,Không đủ,Không,,,,,,,,0.0,,,,1,0,28.0,87.0,72.25,BB,0
LS01773,2023,Thương mại và dịch vụ,Siêu nhỏ,Đủ,Không,1.2698,1.2002,10.9298,349.2067,0.5714,0.6587,1.9296,0.0,0.0168,0.0096,0.0282,1,0,42.4,67.97,59.02,B,0
LS01774,2021,Công nghiệp,Siêu nhỏ,Không đủ,Không,1.8947,1.0473,2.955,71.454,0.7692,0.2602,0.3518,0.0,-0.1358,-0.1045,-0.1412,1,2,60.8,54.13,55.8,B,0
LS01775,2024,Xây dựng,Siêu nhỏ,Đủ,Không,1.8637,1.3464,2.2902,251.4738,0.5508,0.4313,0.7583,0.0,-0.009,-0.005,-0.0088,2,0,62.4,51.33,55.21,B,0
LS01776,2025,Công nghiệp,Nhỏ,Đủ,Không,1.2843,0.6658,4.547,31.8758,1.4916,0.8256,4.7345,0.0,0.0,0.0,0.0,1,0,53.2,71.8,65.29,BB,0
LS01777,2024,Công nghiệp,Vừa,Đủ,Không,1.2877,0.7192,2.4566,85.9763,0.7186,0.5842,1.4052,0.0,0.0228,0.0164,0.0393,1,0,44.8,76.2,65.21,BB,0
LS01778,2023,Thương mại và dịch vụ,Siêu nhỏ,Đủ,Không,5.9592,3.199,2.841,34.7415,1.2933,0.1489,0.175,0.0,0.0165,0.0213,0.025,1,0,79.2,76.37,77.36,A,0
LS01779,2023,Xây dựng,Siêu nhỏ,Không đủ,Không,,,,,,,,0.0,,,,1,0,28.0,66.2,56.65,B,0
LS01780,2023,Thương mại và dịch vụ,Nhỏ,Đủ,Không,1.8551,0.9134,1.7714,92.9492,0.9805,0.5056,1.0227,0.0,0.0445,0.0436,0.0882,1,0,65.2,72.93,70.23,BBB,0
LS01781,2021,Thương mại và dịch vụ,Siêu nhỏ,Không đủ,Không,,,,,,,,0.0,,,,1,0,28.0,78.0,65.5,BB,0
LS01782,2023,Thương mại và dịch vụ,Siêu nhỏ,Không đủ,Không,1.3739,1.042,5.481,97.1161,0.896,0.5008,1.0032,0.0,0.0589,0.0528,0.1058,1,0,74.0,69.37,70.52,BB,0
LS01783,2021,Thương mại và dịch vụ,Nhỏ,Đủ,Không,1.4551,1.0008,5.2366,75.0628,1.3219,0.7166,2.5291,0.0,-0.0313,-0.0413,-0.1458,1,0,43.6,71.8,61.93,B,1
LS01784,2025,Thương mại và dịch vụ,Nhỏ,Đủ,Không,1.698,1.0235,2.8191,83.9799,1.1413,0.5586,1.2656,0.0,0.0215,0.0246,0.0557,1,0,62.4,72.07,68.68,BB,0
LS01785,2022,Công nghiệp,Siêu nhỏ,Không đủ,Không,,,,,,,,0.0,,,,1,0,28.0,65.4,56.05,B,0
LS01786,2022,Thương mại và dịch vụ,Lớn,Đủ,Có,1.9145,1.0788,3.7699,49.4571,1.7017,0.5506,1.2254,0.0,0.0308,0.0525,0.1168,1,0,82.4,74.27,77.93,A,0
LS01787,2023,Thương mại và dịch vụ,Nhỏ,Đủ,Có,1.9845,1.7261,11.4601,104.9748,0.9845,0.6451,1.818,0.0,0.0507,0.0499,0.1406,1,0,72.8,81.93,77.82,A,0
LS01788,2021,Thương mại và dịch vụ,Siêu nhỏ,Đủ,Không,1.1473,0.6305,5.085,36.532,1.8734,0.6365,1.7511,0.0,-0.0097,-0.0181,-0.0498,2,0,47.2,66.63,59.83,B,0
LS01789,2021,Công nghiệp,Vừa,Đủ,Không,1.8855,1.0561,3.349,54.841,0.9946,0.3988,0.6633,0.0,0.0513,0.051,0.0849,1,0,76.8,73.0,74.33,BBB,0
LS01790,2021,Thương mại và dịch vụ,Vừa,Đủ,Không,1.3729,0.9639,4.115,105.0736,1.136,0.7439,2.9043,0.0,0.0561,0.0637,0.2489,1,1,64.0,65.77,65.15,BB,0
LS01791,2024,Xây dựng,Nhỏ,Đủ,Không,1.5276,0.7861,1.4978,53.4475,0.7783,0.6103,1.5662,0.0,-0.0481,-0.0374,-0.096,1,0,55.6,70.8,65.48,BB,0
LS01792,2024,Thương mại và dịch vụ,Nhỏ,Đủ,Có,1.5628,1.0095,8.058,29.0195,2.8096,0.5418,1.1822,0.0,0.0,0.0,0.0,1,0,68.4,70.1,69.34,BB,0
LS01793,2025,Thương mại và dịch vụ,Siêu nhỏ,Đủ,Không,1.615,0.8967,2.5965,102.2838,0.8886,0.6016,1.5098,0.0,0.0375,0.0333,0.0837,1,0,59.2,75.6,69.86,BBB,0
LS01794,2025,Thương mại và dịch vụ,Nhỏ,Đủ,Không,1.3004,0.6887,2.6056,84.6792,0.9561,0.4664,0.874,0.0,0.0628,0.06,0.1124,1,0,69.2,71.87,70.93,BBB,0
LS01795,2025,Công nghiệp,Vừa,Đủ,Có,1.5308,1.0841,6.7155,62.7761,1.4909,0.5078,1.0315,0.0,-0.0313,-0.0466,-0.0947,1,1,66.4,75.87,71.61,BBB,0
LS01796,2022,Công nghiệp,Nhỏ,Đủ,Có,1.3028,0.7194,2.9405,61.0558,0.8253,0.5028,1.0114,0.0,0.0562,0.0464,0.0933,1,0,58.4,81.2,70.94,BBB,0
LS01797,2022,Xây dựng,Nhỏ,Đủ,Không,1.2424,0.6844,0.8555,278.5243,0.3819,0.6915,2.2417,0.0,0.0148,0.0056,0.0183,2,0,33.6,73.03,59.23,B,0
LS01798,2023,Thương mại và dịch vụ,Siêu nhỏ,Đủ,Không,22.8182,14.7778,3.0528,149.1899,0.7872,0.0301,0.0311,0.0,0.0043,0.0033,0.0035,2,0,62.8,68.0,66.18,BB,0
LS01799,2024,Thương mại và dịch vụ,Siêu nhỏ,Đủ,Không,2.9034,1.8835,4.7326,71.6268,1.5307,0.2739,0.3773,0.0,0.0132,0.0202,0.0279,2,1,81.2,63.17,69.48,BB,0
LS01800,2021,Thương mại và dịch vụ,Nhỏ,Đủ,Không,1.3895,0.8401,3.6397,62.1366,1.2188,0.5364,1.1569,0.0,0.0035,0.0043,0.0093,1,0,55.2,79.6,71.06,BBB,0
LS01801,2022,Thương mại và dịch vụ,Siêu nhỏ,Đủ,Không,1.5672,1.2388,5.9697,109.5,0.6034,0.2246,0.2896,0.0,-0.0389,-0.0235,-0.0303,1,2,59.2,79.93,72.68,BBB,0
LS01802,2025,Thương mại và dịch vụ,Siêu nhỏ,Đủ,Không,0.939,0.4432,5.6723,20.1942,2.4499,0.8378,5.1644,0.0,-0.0444,-0.1089,-0.6711,1,0,45.2,68.6,60.41,B,0
LS01803,2025,Thương mại và dịch vụ,Siêu nhỏ,Không đủ,Không,,,,,,,,0.0,,,,1,0,28.0,72.2,61.15,B,0
LS01804,2023,Thương mại và dịch vụ,Nhỏ,Đủ,Có,1.5693,1.4069,12.5826,152.5948,1.0003,0.3826,0.6196,0.0,0.0815,0.0815,0.132,1,0,79.6,78.6,79.05,A,0
LS01805,2022,Thương mại và dịch vụ,Vừa,Đủ,Không,1.2946,0.4837,2.5552,19.249,1.2872,0.6579,1.9228,0.0,0.0092,0.0119,0.0347,1,0,49.6,68.53,61.91,B,0
LS01806,2021,Công nghiệp,Nhỏ,Đủ,Không,1.6515,1.1798,4.1788,124.2957,0.6873,0.7277,2.6727,0.0,-0.0148,-0.0102,-0.0374,1,0,40.4,66.5,57.36,B,0
LS01807,2025,Xây dựng,Nhỏ,Đủ,Không,0.8888,0.3933,1.0433,164.3556,0.5049,0.8672,6.53,0.0,-0.0326,-0.0165,-0.124,1,0,31.2,69.1,55.84,B,0
LS01808,2025,Thương mại và dịch vụ,Siêu nhỏ,Đủ,Không,1.8066,0.8754,2.0915,52.6126,0.9328,0.4272,0.7457,0.0,0.021,0.0196,0.0342,1,0,66.4,72.9,70.62,BBB,0
LS01809,2022,Thương mại và dịch vụ,Siêu nhỏ,Đủ,Không,2.3361,2.1341,4.426,442.7417,0.3994,0.5062,1.025,0.0,0.0325,0.013,0.0263,1,1,60.8,68.63,65.89,BB,0
LS01810,2022,Xây dựng,Siêu nhỏ,Không đủ,Không,,,,,,,,0.0,,,,1,0,28.0,73.4,62.05,BB,0
LS01811,2023,Thương mại và dịch vụ,Nhỏ,Đủ,Không,1.6012,0.7094,4.5752,24.2501,1.835,0.5736,1.345,0.0,0.0064,0.0117,0.0274,2,0,56.8,66.53,63.13,BB,0
LS01812,2021,Thương mại và dịch vụ,Siêu nhỏ,Đủ,Không,1.4142,0.8164,4.3931,45.826,1.8184,0.6108,1.5695,0.0,0.0073,0.0134,0.0343,1,0,56.8,80.97,72.51,BBB,0
LS01813,2025,Thương mại và dịch vụ,Siêu nhỏ,Không đủ,Không,,,,,,,,0.0,,,,1,0,28.0,82.33,68.75,BB,0
LS01814,2023,Thương mại và dịch vụ,Nhỏ,Đủ,Không,1.4794,1.3368,13.2147,151.5714,0.9272,0.7763,3.4699,0.0,-0.0704,-0.0653,-0.2917,1,0,41.2,62.0,54.72,B,0
LS01815,2022,Thương mại và dịch vụ,Siêu nhỏ,Không đủ,Không,,,,,,,,0.0,,,,1,0,28.0,68.2,58.15,B,0
LS01816,2021,"Nông, lâm nghiệp và thủy sản",Siêu nhỏ,Đủ,Không,0.9385,0.6845,2.0421,267.5566,0.2805,0.4746,0.9034,0.0,-0.0271,-0.0076,-0.0145,2,0,44.8,62.73,56.46,B,1
LS01817,2023,Công nghiệp,Siêu nhỏ,Đủ,Không,1.4958,0.7427,1.5895,98.6752,0.488,0.5592,1.2688,0.0,0.041,0.02,0.0454,2,0,46.8,69.8,61.75,B,0
LS01818,2025,Xây dựng,Siêu nhỏ,Đủ,Không,1.37,1.0371,2.4545,246.213,0.5365,0.577,1.364,0.0671,0.0296,0.0159,0.0375,2,2,63.2,63.13,63.16,BB,0
LS01819,2025,Thương mại và dịch vụ,Siêu nhỏ,Đủ,Không,2.0479,1.1417,2.6483,59.6873,1.0762,0.3893,0.6375,0.0,0.0075,0.0081,0.0133,1,0,60.0,75.73,70.23,BBB,0
LS01820,2023,Thương mại và dịch vụ,Vừa,Đủ,Có,1.7879,1.0986,4.8012,68.0933,1.8231,0.495,0.9802,0.0,0.0268,0.0488,0.0966,1,1,77.2,69.1,72.74,BBB,0
LS01821,2023,Thương mại và dịch vụ,Nhỏ,Đủ,Không,1.1933,0.6881,3.461,56.4119,1.2607,0.6914,2.2409,0.0,0.0051,0.0065,0.021,1,0,42.0,76.53,64.45,BB,0
LS01822,2024,Thương mại và dịch vụ,Siêu nhỏ,Đủ,Không,1.3932,0.7476,4.4612,46.0635,1.7605,0.6313,1.7126,0.0,-0.0159,-0.028,-0.0761,1,1,48.8,62.97,58.01,B,1
LS01823,2024,Thương mại và dịch vụ,Vừa,Đủ,Không,2.0565,1.9631,26.6639,158.5193,0.8957,0.6358,1.7461,0.0,0.1022,0.0916,0.2515,1,0,78.0,72.63,74.51,BBB,0
LS01824,2023,Công nghiệp,Siêu nhỏ,Đủ,Có,1.364,0.8851,3.056,102.9487,0.5666,0.316,0.4619,0.0,-0.0556,-0.0315,-0.046,1,0,52.0,83.3,69.22,BB,0
LS01825,2024,Thương mại và dịch vụ,Nhỏ,Đủ,Có,1.9669,0.9581,3.872,38.1545,1.7871,0.4134,0.7049,0.0,0.0091,0.0162,0.0276,1,1,71.2,72.2,71.75,BBB,0
LS01826,2022,Thương mại và dịch vụ,Siêu nhỏ,Không đủ,Không,,,,,,,,0.0,,,,1,0,28.0,63.8,54.85,B,0
LS01827,2025,Xây dựng,Nhỏ,Đủ,Có,1.379,0.9167,2.0495,142.0433,0.579,0.5095,1.0388,0.0,0.0234,0.0135,0.0276,1,0,68.4,77.43,73.37,BBB,0
LS01828,2022,Thương mại và dịch vụ,Lớn,Đủ,Có,1.6407,0.8501,4.1506,40.7577,1.6304,0.6387,1.7678,0.0,0.0363,0.0592,0.1638,1,0,76.8,79.53,78.3,A,0
LS01829,2021,Thương mại và dịch vụ,Siêu nhỏ,Không đủ,Không,,,,,,,,0.0,,,,1,0,28.0,65.8,56.35,B,0
LS01830,2023,"Nông, lâm nghiệp và thủy sản",Nhỏ,Đủ,Có,1.7012,0.7222,1.4302,93.3777,0.3845,0.2349,0.307,0.0,0.048,0.0184,0.0241,1,0,80.8,81.3,81.08,A,0
LS01831,2025,Thương mại và dịch vụ,Siêu nhỏ,Không đủ,Không,,,,,,,,0.0,,,,1,0,28.0,69.6,59.2,B,0
LS01832,2022,Công nghiệp,Nhỏ,Không đủ,Không,2.2713,1.5592,5.2167,87.9708,0.7766,0.6147,1.5956,0.0,0.0203,0.0158,0.0409,1,0,54.8,69.47,65.8,BB,0
LS01833,2024,Thương mại và dịch vụ,Siêu nhỏ,Đủ,Không,1.8462,1.3511,4.5603,104.9284,1.1311,0.4604,0.8534,0.0,0.0177,0.02,0.037,1,0,71.6,82.7,78.82,A,0
LS01834,2025,Thương mại và dịch vụ,Nhỏ,Đủ,Không,1.1855,1.1114,18.4739,172.951,0.9831,0.6469,1.8322,0.0,-0.0305,-0.03,-0.085,1,0,40.4,67.47,57.99,B,1
LS01835,2025,Công nghiệp,Nhỏ,Đủ,Không,1.5487,0.8187,4.1242,64.5254,1.2087,0.3582,0.558,0.0,-0.0638,-0.0771,-0.1201,1,0,61.6,82.0,74.86,BBB,0
LS01836,2022,Thương mại và dịch vụ,Siêu nhỏ,Đủ,Không,3.0127,1.8794,6.4706,52.4355,2.5653,0.3023,0.4333,0.0,0.009,0.023,0.033,1,0,83.6,67.5,73.13,BBB,0
LS01837,2024,Thương mại và dịch vụ,Nhỏ,Đủ,Không,1.7616,1.2446,2.1393,220.4365,0.4281,0.5111,1.0455,0.0,0.0781,0.0334,0.0684,1,0,62.4,84.6,76.83,BBB,0
LS01838,2021,Thương mại và dịch vụ,Siêu nhỏ,Đủ,Không,2.6767,1.787,2.3239,150.06,0.7413,0.3226,0.4761,0.0783,-0.0196,-0.0146,-0.0215,2,1,48.0,59.57,55.52,B,0
LS01839,2022,Thương mại và dịch vụ,Nhỏ,Đủ,Không,1.0208,0.9376,11.9286,198.135,0.5272,0.5096,1.0391,0.0,-0.0205,-0.0108,-0.022,2,1,46.4,59.8,55.11,B,0
LS01840,2022,Thương mại và dịch vụ,Vừa,Đủ,Không,1.5889,1.4596,23.802,101.3251,1.2324,0.492,0.9686,0.0,0.1358,0.1674,0.3295,1,0,88.4,79.2,82.42,A,0
LS01841,2022,Xây dựng,Siêu nhỏ,Đủ,Không,1.7229,0.9814,1.4207,221.7493,0.6078,0.5464,1.2045,0.0,0.0,0.0,0.0,1,1,60.0,76.27,70.57,BBB,0
LS01842,2022,Thương mại và dịch vụ,Siêu nhỏ,Không đủ,Không,,,,,,,,0.0,,,,1,0,28.0,78.93,66.2,BB,0
LS01843,2025,Thương mại và dịch vụ,Siêu nhỏ,Đủ,Không,1.5091,0.9654,3.0936,98.1331,0.9393,0.5268,1.1134,0.0,-0.0302,-0.0283,-0.0599,1,1,46.0,66.93,59.61,B,0
LS01844,2022,Công nghiệp,Nhỏ,Đủ,Không,2.1049,1.1994,3.9385,63.1528,1.1194,0.4858,0.9449,0.0,0.0,0.0,0.0,1,1,66.8,75.47,72.43,BBB,0
LS01845,2022,Thương mại và dịch vụ,Siêu nhỏ,Đủ,Không,2.199,1.4315,5.7138,48.6604,1.954,0.387,0.6313,0.0,0.0,0.0,0.0,1,1,75.2,77.6,76.76,BBB,0
LS01846,2022,"Nông, lâm nghiệp và thủy sản",Siêu nhỏ,Không đủ,Không,1.9726,0.7808,0.4411,195.0143,0.162,0.2704,0.3706,0.0,0.0629,0.0102,0.014,1,0,68.4,75.2,73.5,BB,0
LS01847,2021,Thương mại và dịch vụ,Siêu nhỏ,Không đủ,Không,,,,,,,,0.0,,,,1,0,28.0,73.0,61.75,B,0
LS01848,2021,Thương mại và dịch vụ,Nhỏ,Không đủ,Không,1.4184,0.8737,6.2021,55.9688,2.0029,0.6294,1.6981,0.0237,0.0062,0.0125,0.0336,2,1,54.8,55.07,55.0,B,1
LS01849,2025,Thương mại và dịch vụ,Siêu nhỏ,Không đủ,Không,,,,,,,,0.0,,,,1,0,28.0,71.47,60.6,B,0
LS01850,2021,Thương mại và dịch vụ,Siêu nhỏ,Đủ,Không,1.5321,0.9743,3.7345,98.2286,1.1491,0.4923,0.9698,0.0698,0.0142,0.0163,0.0321,2,2,49.6,62.17,57.77,B,0
LS01851,2023,Thương mại và dịch vụ,Siêu nhỏ,Đủ,Không,1.703,0.8167,1.3583,104.1361,0.6705,0.6763,2.0892,0.0,0.0098,0.0065,0.0202,1,0,37.2,74.53,61.47,B,0
LS01852,2023,Thương mại và dịch vụ,Siêu nhỏ,Đủ,Không,1.6856,0.8373,2.8922,57.9526,0.9696,0.3693,0.5857,0.0,0.0292,0.0284,0.045,1,0,72.0,75.6,74.34,BBB,0
LS01853,2024,Thương mại và dịch vụ,Nhỏ,Đủ,Không,1.177,1.1163,33.7122,102.5901,1.2591,0.5613,1.2795,0.0,0.0632,0.0795,0.1813,1,0,74.4,71.6,72.58,BBB,0
LS01854,2022,Thương mại và dịch vụ,Nhỏ,Đủ,Không,1.8663,1.4984,3.4707,144.1078,0.6108,0.4011,0.6698,0.0,0.2648,0.1617,0.27,1,0,76.4,76.57,76.51,BBB,0
LS01855,2024,Thương mại và dịch vụ,Siêu nhỏ,Không đủ,Không,1.8208,0.9086,3.9623,49.3876,1.9337,0.4724,0.8955,0.0,-0.0776,-0.1501,-0.2844,1,0,61.6,60.3,60.62,B,0
LS01856,2021,Thương mại và dịch vụ,Siêu nhỏ,Không đủ,Không,,,,,,,,0.0,,,,1,0,28.0,80.27,67.2,BB,0
LS01857,2022,Thương mại và dịch vụ,Vừa,Đủ,Có,1.4277,1.066,8.9634,65.5493,2.0041,0.5279,1.1184,0.0,0.0068,0.0135,0.0287,2,0,66.4,66.1,66.24,BB,0
LS01858,2021,Thương mại và dịch vụ,Nhỏ,Đủ,Không,1.1166,0.9947,10.0,164.2198,0.7424,0.5772,1.3653,0.0,0.0077,0.0057,0.0135,1,0,47.2,70.77,62.52,BB,0
LS01859,2022,Thương mại và dịch vụ,Siêu nhỏ,Không đủ,Không,,,,,,,,0.0,,,,1,1,28.0,73.93,62.45,BB,0
LS01860,2024,Thương mại và dịch vụ,Siêu nhỏ,Không đủ,Không,,,,,,,,0.0,,,,1,0,28.0,76.13,64.1,BB,0
LS01861,2025,Thương mại và dịch vụ,Nhỏ,Đủ,Không,5.6094,4.4527,10.522,77.1092,1.7231,0.1012,0.1125,0.0,0.0761,0.1312,0.146,1,0,94.0,83.3,87.04,AA,0
LS01862,2024,Thương mại và dịch vụ,Nhỏ,Đủ,Không,2.2045,1.3799,3.4494,75.4463,1.0918,0.3569,0.5549,0.0,0.0346,0.0377,0.0587,1,0,72.8,82.67,79.21,A,0
LS01863,2022,Thương mại và dịch vụ,Nhỏ,Đủ,Không,1.627,1.2994,7.5312,99.425,1.2322,0.4561,0.8386,0.0,-0.0071,-0.0087,-0.016,1,1,62.8,68.47,66.48,BB,0
LS01864,2021,Thương mại và dịch vụ,Siêu nhỏ,Đủ,Không,2.1959,1.5216,4.6491,87.5417,1.3947,0.4899,0.9603,0.0,0.0254,0.0354,0.0694,1,0,76.0,87.0,83.15,A,0
LS01865,2022,Xây dựng,Siêu nhỏ,Không đủ,Không,,,,,,,,0.0,,,,1,0,28.0,66.13,56.6,B,1
LS01866,2021,Công nghiệp,Nhỏ,Đủ,Có,1.213,0.8247,4.5138,115.5653,1.2824,0.6274,1.6839,0.0,0.0402,0.0516,0.1384,1,0,63.6,92.0,79.22,A,0
LS01867,2025,Thương mại và dịch vụ,Siêu nhỏ,Đủ,Không,3.1278,2.3809,6.5033,84.4139,1.6018,0.2905,0.4093,0.0,-0.0776,-0.1243,-0.1752,2,0,72.0,56.37,61.84,B,0
LS01868,2025,Thương mại và dịch vụ,Siêu nhỏ,Đủ,Không,1.583,1.2466,4.3867,167.1882,0.6785,0.3431,0.5222,0.0,-0.0068,-0.0046,-0.007,1,0,55.2,59.27,57.84,B,0
LS01869,2024,Xây dựng,Siêu nhỏ,Đủ,Không,1.4889,0.98,2.1475,213.7082,0.5451,0.5285,1.1211,0.0,-0.0217,-0.0118,-0.0251,1,0,55.6,66.8,62.88,BB,0
LS01870,2024,Thương mại và dịch vụ,Vừa,Đủ,Có,1.2679,0.8274,4.9855,58.954,1.7748,0.848,5.5769,0.0,0.011,0.0196,0.1288,1,1,53.6,86.27,71.57,BBB,0
LS01871,2024,Công nghiệp,Siêu nhỏ,Đủ,Không,2.6425,1.2756,1.25,104.9484,0.4179,0.2108,0.267,0.0,0.0064,0.0027,0.0034,1,0,58.8,79.2,72.06,BBB,0
LS01872,2021,Thương mại và dịch vụ,Siêu nhỏ,Không đủ,Không,,,,,,,,0.0,,,,1,0,28.0,79.6,66.7,BB,0
LS01873,2022,Công nghiệp,Nhỏ,Đủ,Có,1.1222,0.6186,1.4612,171.5916,0.4581,0.5833,1.3999,0.0,0.0292,0.0134,0.0321,1,0,33.6,79.4,58.79,B,0
LS01874,2022,Xây dựng,Nhỏ,Đủ,Có,1.7359,0.8373,1.8192,82.5195,0.7331,0.3793,0.611,0.0,0.0096,0.0071,0.0114,1,0,69.6,73.4,71.69,BBB,0
LS01875,2022,Công nghiệp,Nhỏ,Đủ,Có,1.3621,0.7659,9.4686,15.3637,1.6666,0.505,1.0203,0.0,0.0499,0.0832,0.168,1,0,84.0,80.2,81.91,A,0
LS01876,2022,Thương mại và dịch vụ,Lớn,Đủ,Có,1.6117,0.862,2.0944,68.2284,0.7982,0.4474,0.8098,0.0,0.0087,0.0069,0.0126,1,3,60.0,67.4,64.07,BB,0
LS01877,2023,Thương mại và dịch vụ,Siêu nhỏ,Đủ,Không,2.3632,1.9786,3.4,289.4514,0.3931,0.5637,1.2921,0.0,0.0,0.0,0.0,1,1,46.8,71.17,62.64,BB,0
LS01878,2023,Thương mại và dịch vụ,Nhỏ,Đủ,Có,3.456,2.5908,5.3999,93.6401,1.0284,0.4709,0.8899,0.0,0.0233,0.024,0.0453,1,0,71.2,83.73,78.09,A,0
LS01879,2025,Xây dựng,Siêu nhỏ,Không đủ,Không,,,,,,,,0.0,,,,1,0,28.0,69.87,59.4,B,0
LS01880,2024,Thương mại và dịch vụ,Vừa,Đủ,Có,1.6787,0.7814,2.7217,46.5795,1.2887,0.657,1.9153,0.0,0.018,0.0232,0.0678,1,1,57.2,77.87,68.57,BB,0
LS01881,2025,Công nghiệp,Siêu nhỏ,Đủ,Không,1.0038,0.6369,2.3264,124.6509,0.5895,0.5851,1.4102,0.0,0.0,0.0,0.0,2,1,32.0,67.77,55.25,B,0
LS01882,2021,Thương mại và dịch vụ,Lớn,Đủ,Có,1.5526,1.1642,1.7988,325.5854,0.3846,0.5653,1.3007,0.0,0.1,0.0384,0.0884,1,0,66.4,74.8,71.02,BBB,1
LS01883,2022,Thương mại và dịch vụ,Siêu nhỏ,Không đủ,Không,,,,,,,,0.0,,,,1,0,28.0,74.6,62.95,BB,0
LS01884,2021,Thương mại và dịch vụ,Nhỏ,Đủ,Không,1.6288,1.3555,5.7765,121.6667,0.7141,0.5232,1.0974,0.0,0.0297,0.0212,0.0445,1,0,62.0,84.0,76.3,BBB,0
LS01885,2025,Xây dựng,Siêu nhỏ,Không đủ,Không,,,,,,,,0.0,,,,1,0,28.0,63.4,54.55,B,0
LS01886,2023,Xây dựng,Nhỏ,Đủ,Có,0.8315,0.4893,1.5672,220.1877,0.4715,0.7828,3.6046,0.0,-0.0801,-0.0378,-0.1739,1,0,29.2,79.4,56.81,B,0
LS01887,2024,Thương mại và dịch vụ,Nhỏ,Đủ,Không,1.4868,1.3928,8.8205,267.0254,0.4291,0.6363,1.7497,0.0,0.0624,0.0268,0.0736,1,0,58.8,74.8,69.2,BB,0
LS01888,2023,Thương mại và dịch vụ,Nhỏ,Đủ,Không,1.5152,1.2428,6.3613,135.2141,0.8246,0.7238,2.6201,0.0,0.0452,0.0372,0.1348,1,0,56.8,80.3,72.08,BBB,0
LS01889,2024,Công nghiệp,Nhỏ,Đủ,Không,1.6088,1.0505,5.6374,56.4224,1.3926,0.8265,4.7641,0.0,0.0269,0.0375,0.2161,1,0,68.8,72.5,71.2,BBB,0
LS01890,2023,Thương mại và dịch vụ,Lớn,Đủ,Có,1.0768,0.99,12.7047,143.7982,0.6228,0.7914,3.794,0.0,0.0377,0.0235,0.1125,1,1,54.8,57.77,56.43,B,0
LS01891,2023,Công nghiệp,Siêu nhỏ,Không đủ,Không,,,,,,,,0.0,,,,1,1,28.0,70.53,59.9,B,0
LS01892,2023,Công nghiệp,Nhỏ,Đủ,Không,1.2413,0.6256,4.7053,19.5465,1.0697,0.4618,0.8579,0.0,0.1274,0.1363,0.2532,1,1,80.8,80.8,80.8,A,0
LS01893,2021,Thương mại và dịch vụ,Nhỏ,Không đủ,Không,1.562,1.1345,7.5983,53.6277,1.8329,0.5349,1.1502,0.0,0.0132,0.0242,0.052,1,0,70.8,70.33,70.45,BB,0
LS01894,2025,Thương mại và dịch vụ,Nhỏ,Đủ,Không,1.2716,0.7821,3.9418,61.1447,1.3695,0.6366,1.7515,0.0,0.0294,0.0403,0.1108,1,0,60.0,67.77,65.05,BB,0
LS01895,2024,Thương mại và dịch vụ,Lớn,Đủ,Có,1.9601,1.2103,4.3219,48.3154,1.3715,0.6427,1.7991,0.0,0.0295,0.0405,0.1132,1,0,78.4,83.3,81.1,A,0
LS01896,2022,Công nghiệp,Siêu nhỏ,Đủ,Không,2.5401,1.219,1.5359,92.9091,0.5288,0.2196,0.2813,0.0,0.0273,0.0144,0.0185,1,1,60.4,69.87,66.55,BB,0
LS01897,2022,"Nông, lâm nghiệp và thủy sản",Vừa,Đủ,Không,1.6893,0.8933,0.9734,101.3981,0.2723,0.5557,1.2506,0.0,0.0476,0.013,0.0292,1,0,71.2,79.0,76.27,BBB,0
LS01898,2023,Công nghiệp,Siêu nhỏ,Đủ,Không,1.8161,0.9531,2.5557,92.8026,0.7851,0.3737,0.5966,0.0,-0.018,-0.0141,-0.0225,1,0,51.2,59.6,56.66,B,0
LS01899,2021,Thương mại và dịch vụ,Siêu nhỏ,Đủ,Không,1.35,0.7365,3.4671,36.8021,1.5418,0.6357,1.7452,0.0,-0.0831,-0.1282,-0.3519,2,1,46.8,62.9,57.26,B,0
LS01900,2024,"Nông, lâm nghiệp và thủy sản",Siêu nhỏ,Đủ,Không,1.4024,0.7988,1.3993,150.0212,0.3324,0.3535,0.5468,0.0,-0.0275,-0.0092,-0.0142,1,0,56.0,63.6,60.94,B,0
LS01901,2021,Thương mại và dịch vụ,Siêu nhỏ,Đủ,Không,1.5252,0.9951,2.635,102.7547,0.5984,0.6873,2.1983,0.0,-0.0535,-0.032,-0.1025,1,0,32.0,68.57,55.77,B,0
LS01902,2021,Thương mại và dịch vụ,Siêu nhỏ,Không đủ,Không,1.4536,0.676,2.5985,44.9798,1.2416,0.5677,1.3133,0.0,-0.0525,-0.0652,-0.1509,1,0,42.8,70.73,63.75,BB,0
LS01903,2023,"Nông, lâm nghiệp và thủy sản",Nhỏ,Đủ,Không,1.1372,0.7206,1.5873,199.2461,0.3074,0.5994,1.496,0.0,0.0316,0.0097,0.0242,1,1,54.4,72.43,66.12,BB,0
LS01904,2024,Công nghiệp,Siêu nhỏ,Đủ,Không,1.2581,0.8892,5.4561,102.205,1.0152,0.5429,1.1879,0.0,0.0164,0.0166,0.0364,1,0,58.0,82.9,74.18,BBB,0
LS01905,2025,Công nghiệp,Siêu nhỏ,Đủ,Không,3.1953,2.1775,1.5581,219.462,0.3868,0.2069,0.2608,0.0,0.0981,0.0379,0.0478,1,0,71.2,80.37,77.16,BBB,0
LS01906,2025,Thương mại và dịch vụ,Vừa,Đủ,Có,1.1969,1.0882,15.7589,123.5765,1.1239,0.7558,3.0944,0.0,0.0624,0.0701,0.287,2,0,64.4,59.87,61.91,B,0
LS01907,2022,Thương mại và dịch vụ,Siêu nhỏ,Không đủ,Không,,,,,,,,0.0,,,,1,0,28.0,64.27,55.2,B,0
LS01908,2024,Thương mại và dịch vụ,Siêu nhỏ,Không đủ,Không,,,,,,,,0.0,,,,1,2,28.0,65.27,55.95,B,0
LS01909,2024,Xây dựng,Siêu nhỏ,Đủ,Không,1.3339,0.9571,2.4818,164.9212,0.5803,0.6941,2.2691,0.0,-0.0193,-0.0112,-0.0365,1,0,48.0,58.9,55.08,B,0
LS01910,2023,Thương mại và dịch vụ,Vừa,Đủ,Có,1.3517,1.0606,11.7927,58.4553,2.3943,0.6038,1.5239,0.0,-0.0128,-0.0306,-0.0773,1,1,63.6,64.6,64.15,BB,0
LS01911,2022,Thương mại và dịch vụ,Nhỏ,Đủ,Không,1.5723,0.7352,3.8839,23.8455,1.9363,0.5587,1.2662,0.0,-0.013,-0.0252,-0.0572,1,1,56.4,68.07,63.98,BB,0
LS01912,2024,Xây dựng,Nhỏ,Đủ,Có,1.2762,0.8754,2.2656,164.3617,0.6727,0.657,1.9153,0.0,0.0101,0.0068,0.0198,1,0,54.4,56.57,55.59,B,0
LS01913,2021,Thương mại và dịch vụ,Lớn,Đủ,Có,1.0607,0.7172,5.4248,56.5333,1.6042,0.7712,3.3708,0.0,0.0175,0.028,0.1225,1,0,57.6,64.2,61.23,B,0
LS01914,2022,Xây dựng,Nhỏ,Đủ,Có,1.3326,0.9709,1.9191,279.142,0.4771,0.6125,1.5806,0.0,0.025,0.0119,0.0308,1,0,56.4,73.37,65.73,BB,0
LS01915,2024,Thương mại và dịch vụ,Siêu nhỏ,Đủ,Không,1.4555,1.2539,7.2078,172.8382,0.6628,0.4854,0.9432,0.0,0.0338,0.0224,0.0436,1,0,63.6,79.57,73.98,BBB,0
LS01916,2023,Thương mại và dịch vụ,Nhỏ,Đủ,Không,2.0976,1.6942,4.3562,191.1447,0.7442,0.5755,1.3555,0.0,0.0811,0.0604,0.1422,1,0,70.0,86.07,80.44,A,0
LS01917,2021,Công nghiệp,Nhỏ,Đủ,Có,1.7089,0.8931,4.4174,33.2,1.5575,0.4429,0.795,0.0,0.0506,0.0788,0.1415,1,0,86.0,70.7,77.59,A,0
LS01918,2021,Xây dựng,Siêu nhỏ,Không đủ,Không,1.9122,1.5541,2.805,362.882,0.4227,0.363,0.57,0.0,0.0,0.0,0.0,1,0,70.8,74.47,73.55,BB,0
LS01919,2023,Thương mại và dịch vụ,Nhỏ,Đủ,Không,3.1447,1.8406,4.9077,45.5994,2.0495,0.2792,0.3874,0.0,0.0058,0.012,0.0166,1,0,74.8,73.0,73.63,BBB,0
LS01920,2023,Công nghiệp,Siêu nhỏ,Đủ,Không,2.5237,1.2709,2.9946,70.3385,0.9877,0.2279,0.2951,0.0,0.0,0.0,0.0,2,0,70.8,70.5,70.6,BBB,0
LS01921,2023,Thương mại và dịch vụ,Siêu nhỏ,Đủ,Không,1.8295,1.0839,4.8966,64.886,1.8224,0.5489,1.2167,0.0,0.0263,0.0479,0.1062,1,0,78.0,69.6,72.54,BBB,0
LS01922,2025,Thương mại và dịch vụ,Nhỏ,Đủ,Không,1.3387,0.8679,5.6796,51.3586,1.9737,0.8435,5.3897,0.0,-0.1178,-0.2325,-1.4859,1,1,44.4,66.17,58.55,B,0
LS01923,2022,Thương mại và dịch vụ,Nhỏ,Đủ,Không,1.3044,0.6085,1.7025,91.3413,0.8599,0.6652,1.9865,0.0,0.0048,0.0041,0.0122,1,0,39.6,73.5,61.64,B,0
LS01924,2021,Công nghiệp,Nhỏ,Đủ,Không,0.8099,0.3978,4.1752,36.7079,1.238,0.6133,1.5858,0.0,0.0,0.0,0.0,1,1,52.0,77.47,68.55,BB,0
LS01925,2023,Công nghiệp,Siêu nhỏ,Đủ,Không,1.1201,0.6397,3.4674,39.004,0.8302,0.5969,1.481,0.0,-0.0092,-0.0077,-0.019,2,0,43.2,70.5,60.94,B,0
LS01926,2022,Thương mại và dịch vụ,Nhỏ,Đủ,Không,2.2179,1.867,10.1241,95.2791,0.8387,0.7345,2.7661,0.0,-0.0171,-0.0144,-0.0542,1,0,50.0,73.97,65.58,BB,0
LS01927,2024,Xây dựng,Lớn,Đủ,Có,1.2697,0.5903,1.4061,131.3093,0.6394,0.5863,1.4172,0.0,0.0626,0.0401,0.0968,1,1,80.8,74.87,77.54,A,0
LS01928,2022,Thương mại và dịch vụ,Vừa,Đủ,Có,1.4559,1.3726,26.0798,135.8827,0.8642,0.4604,0.8532,0.0,-0.0362,-0.0313,-0.058,2,0,59.2,60.53,59.93,B,0
LS01929,2022,Thương mại và dịch vụ,Siêu nhỏ,Đủ,Không,1.8069,1.2698,3.9852,134.1488,1.0778,0.4593,0.8494,0.0,0.0214,0.0231,0.0427,1,0,69.2,84.0,78.82,A,0
LS01930,2024,Thương mại và dịch vụ,Siêu nhỏ,Đủ,Không,1.5631,1.0165,7.7023,38.1771,2.5042,0.5117,1.0479,0.0,0.0205,0.0514,0.1054,1,0,80.4,87.0,84.69,A,0
LS01931,2021,Công nghiệp,Vừa,Đủ,Không,1.1922,0.6431,4.8449,21.1919,1.1111,0.5257,1.1084,0.0,0.0519,0.0577,0.1217,1,0,74.4,83.0,79.99,A,0
LS01932,2024,Thương mại và dịch vụ,Siêu nhỏ,Đủ,Không,1.6787,0.7404,4.2164,34.814,1.8709,0.4366,0.7749,0.0,0.0,0.0,0.0,1,0,63.2,60.5,61.45,B,0
LS01933,2024,Xây dựng,Nhỏ,Đủ,Không,1.7503,1.1918,1.0992,392.5764,0.2945,0.4105,0.6964,0.0,0.0586,0.0173,0.0293,1,0,71.2,79.33,76.49,BBB,0
LS01934,2023,Thương mại và dịch vụ,Siêu nhỏ,Đủ,Không,1.4324,1.3221,11.5333,162.9726,0.6166,0.4236,0.7349,0.0,0.0249,0.0154,0.0267,2,0,64.8,73.53,70.48,BBB,0
LS01935,2023,Công nghiệp,Nhỏ,Đủ,Không,1.18,0.5425,5.4191,19.9043,1.7628,0.4722,0.8946,0.0,0.0411,0.0725,0.1373,1,0,78.4,74.1,75.6,BBB,0
LS01936,2025,Thương mại và dịch vụ,Nhỏ,Đủ,Có,1.4949,1.2416,11.5896,87.3871,1.4503,0.6803,2.1278,0.0,0.0174,0.0253,0.079,1,0,66.0,78.23,72.73,BBB,0
LS01937,2023,Thương mại và dịch vụ,Siêu nhỏ,Không đủ,Không,,,,,,,,0.0,,,,1,1,28.0,68.93,58.7,B,0
LS01938,2025,Thương mại và dịch vụ,Siêu nhỏ,Không đủ,Không,,,,,,,,0.0,,,,1,0,28.0,71.47,60.6,B,0
LS01939,2021,Xây dựng,Nhỏ,Đủ,Không,1.0118,0.563,2.0388,79.4069,0.7775,0.7564,3.1056,0.0,0.0242,0.0188,0.0773,1,0,62.4,72.97,69.27,BB,0
LS01940,2025,Thương mại và dịch vụ,Nhỏ,Đủ,Không,1.3798,0.8341,6.3264,31.9278,2.1431,0.7351,2.7745,0.0,0.0,0.0,0.0,1,0,51.2,79.0,69.27,BB,0
LS01941,2025,Thương mại và dịch vụ,Nhỏ,Đủ,Không,1.0425,0.6842,7.4127,47.9759,1.8565,0.6125,1.5806,0.0,0.0381,0.0708,0.1827,1,0,73.6,73.57,73.58,BBB,0
LS01942,2024,Thương mại và dịch vụ,Siêu nhỏ,Đủ,Không,1.4569,0.6724,2.0934,66.1382,1.0046,0.5301,1.1283,0.0,0.0181,0.0182,0.0387,1,0,57.2,80.67,72.45,BBB,0
LS01943,2024,Xây dựng,Siêu nhỏ,Đủ,Không,1.3235,1.0695,2.8421,310.8793,0.456,0.5881,1.4275,0.0,0.0,0.0,0.0,1,0,54.8,63.0,60.13,B,1
LS01944,2021,"Nông, lâm nghiệp và thủy sản",Nhỏ,Đủ,Không,1.2295,0.5209,0.823,165.4958,0.2631,0.3903,0.6401,0.0,0.0521,0.0137,0.0225,1,1,60.8,61.23,61.08,B,0
LS01945,2023,Thương mại và dịch vụ,Siêu nhỏ,Không đủ,Không,1.4713,1.1108,3.5689,160.3519,0.6083,0.3863,0.6295,0.0,0.0,0.0,0.0,1,0,54.8,68.77,65.28,BB,0
LS01946,2021,Thương mại và dịch vụ,Nhỏ,Đủ,Không,1.5876,0.8443,5.7974,43.9851,2.3516,0.5652,1.3,0.0,0.0184,0.0433,0.0996,1,0,72.0,75.47,74.25,BBB,0
LS01947,2022,Thương mại và dịch vụ,Nhỏ,Đủ,Không,1.3221,1.1195,8.9032,110.1167,0.9371,0.7079,2.4232,0.0,0.0986,0.0923,0.3161,1,0,66.0,62.2,63.53,BB,0
LS01948,2025,Thương mại và dịch vụ,Nhỏ,Đủ,Không,1.8193,1.5182,5.5472,180.551,0.7727,0.497,0.9882,0.0,0.0231,0.0178,0.0354,1,0,62.0,81.03,74.37,BBB,0
LS01949,2021,Thương mại và dịch vụ,Nhỏ,Đủ,Không,1.3739,1.2489,15.4604,116.1364,1.0053,0.5295,1.1254,0.0,0.066,0.0664,0.141,1,1,77.6,69.63,72.42,BBB,0
LS01950,2023,Công nghiệp,Siêu nhỏ,Đủ,Không,1.388,0.6356,2.3762,59.8392,0.839,0.4945,0.9781,0.0,0.0306,0.0257,0.0507,1,1,55.6,66.93,62.97,BB,0
LS01951,2024,Thương mại và dịch vụ,Siêu nhỏ,Đủ,Không,1.3273,0.8489,4.3943,66.282,1.23,0.5327,1.1399,0.0,-0.0502,-0.0617,-0.1321,1,0,50.4,69.5,62.82,BB,0
LS01952,2023,Xây dựng,Siêu nhỏ,Đủ,Không,1.2914,1.0166,2.0202,376.6489,0.4015,0.5994,1.4964,0.0,0.0106,0.0043,0.0107,1,0,46.8,71.33,62.75,BB,0
LS01953,2025,Thương mại và dịch vụ,Nhỏ,Đủ,Không,1.604,1.0456,4.0957,93.1376,1.3884,0.5282,1.1194,0.0,-0.0156,-0.0216,-0.0458,1,0,53.2,56.87,55.58,B,0
LS01954,2022,Công nghiệp,Nhỏ,Đủ,Có,1.4774,0.828,3.004,51.3494,0.9672,0.5493,1.2187,0.0,0.0428,0.0414,0.0918,1,0,64.0,90.2,78.41,A,0
LS01955,2021,Thương mại và dịch vụ,Siêu nhỏ,Đủ,Không,1.8446,1.0853,5.4785,51.3996,2.3671,0.6475,1.8366,0.0,0.0,0.0,0.0,1,0,58.0,83.8,74.77,BBB,0
LS01956,2023,Xây dựng,Vừa,Đủ,Có,1.0229,0.586,1.411,152.3949,0.5717,0.7962,3.9057,0.0,0.0134,0.0077,0.0376,1,0,41.6,77.53,61.36,B,0
LS01957,2024,Thương mại và dịch vụ,Siêu nhỏ,Đủ,Không,1.8469,0.9872,2.8095,76.3786,1.2704,0.4693,0.8845,0.0,0.0107,0.0136,0.0256,1,0,63.6,71.07,68.45,BB,0
LS01958,2025,Công nghiệp,Siêu nhỏ,Đủ,Không,2.0713,1.2253,1.9527,143.3845,0.4721,0.3274,0.4868,0.0,0.0333,0.0157,0.0233,1,0,62.0,81.37,74.59,BBB,0
LS01959,2021,Thương mại và dịch vụ,Nhỏ,Đủ,Có,1.4647,0.5839,3.458,29.5437,1.9735,0.5679,1.3142,0.0,0.012,0.0238,0.055,1,0,60.0,76.6,69.13,BB,0
LS01960,2025,Xây dựng,Nhỏ,Đủ,Không,1.1403,0.7983,1.8756,305.9213,0.4973,0.8608,6.183,0.0,0.0224,0.0111,0.08,1,1,44.8,71.7,62.28,BB,0
LS01961,2021,Thương mại và dịch vụ,Siêu nhỏ,Đủ,Không,1.3988,0.9768,4.7273,111.2353,1.2595,0.5737,1.3457,0.0,0.0089,0.0113,0.0264,1,2,50.8,73.23,65.38,BB,0
LS01962,2025,Thương mại và dịch vụ,Siêu nhỏ,Không đủ,Không,,,,,,,,0.0,,,,1,0,28.0,73.07,61.8,B,0
LS01963,2025,Thương mại và dịch vụ,Nhỏ,Đủ,Không,1.4678,0.9045,4.8447,73.4758,1.5597,0.534,1.1461,0.0,0.0,0.0,0.0,1,0,58.8,62.2,61.01,B,0
LS01964,2025,Xây dựng,Nhỏ,Đủ,Không,1.1355,0.5625,0.49,198.8343,0.2082,0.7538,3.0614,0.0,0.06,0.0125,0.0508,1,0,46.4,79.0,67.59,BB,0
LS01965,2021,Xây dựng,Nhỏ,Đủ,Không,1.4559,0.9537,2.7176,141.5972,0.7591,0.5161,1.0665,0.0,0.0527,0.04,0.0827,1,0,85.6,73.6,77.8,A,0
LS01966,2022,Xây dựng,Siêu nhỏ,Không đủ,Không,,,,,,,,0.0,,,,1,1,28.0,73.0,61.75,B,0
LS01967,2023,Xây dựng,Nhỏ,Đủ,Không,1.3765,1.2448,9.578,252.9307,0.9349,0.6511,1.8658,0.0,0.0139,0.013,0.0373,1,1,68.0,51.53,57.3,B,0
LS01968,2024,Thương mại và dịch vụ,Vừa,Đủ,Có,1.8243,1.6957,18.6807,120.1699,1.0735,0.4063,0.6845,0.0,0.1314,0.1411,0.2377,1,1,88.4,70.13,78.35,A,0
LS01969,2023,Thương mại và dịch vụ,Nhỏ,Đủ,Có,1.3053,0.755,3.6919,60.4672,1.3809,0.6856,2.1805,0.0,0.0128,0.0177,0.0563,1,0,52.0,72.87,63.48,BB,0
LS01970,2021,Thương mại và dịch vụ,Nhỏ,Đủ,Không,2.3134,2.0192,7.2646,167.3413,0.6466,0.5687,1.3187,0.0,0.0584,0.0378,0.0875,1,0,67.6,85.2,79.04,A,0
LS01971,2022,Công nghiệp,Nhỏ,Đủ,Không,1.246,0.7115,9.6687,25.5241,1.741,0.4206,0.726,0.0,-0.0232,-0.0404,-0.0697,1,1,62.4,53.0,56.29,B,1
LS01972,2024,Công nghiệp,Siêu nhỏ,Đủ,Không,1.7684,0.961,1.3164,160.2124,0.3666,0.4173,0.716,0.0,0.0177,0.0065,0.0111,1,0,49.6,78.6,68.45,BB,0
LS01973,2022,Thương mại và dịch vụ,Nhỏ,Đủ,Không,5.736,5.0357,6.8087,204.6111,0.5832,0.0931,0.1027,0.0,0.032,0.0186,0.0206,1,0,67.6,84.6,78.65,A,0
LS01974,2024,Thương mại và dịch vụ,Siêu nhỏ,Không đủ,Không,2.1543,1.125,2.969,66.0287,1.3544,0.3954,0.6539,0.0,0.014,0.0189,0.0313,1,0,70.0,74.43,73.32,BB,0
LS01975,2025,Thương mại và dịch vụ,Siêu nhỏ,Đủ,Không,1.9818,1.8727,12.8333,209.4463,0.4054,0.5224,1.094,0.0,0.0403,0.0163,0.0342,1,0,63.2,80.67,74.55,BBB,0
LS01976,2024,Thương mại và dịch vụ,Nhỏ,Đủ,Không,1.8732,1.5375,8.5554,101.8835,0.7822,0.5555,1.2499,0.0,0.045,0.0352,0.0792,1,0,72.4,79.8,77.21,A,0
LS01977,2025,Thương mại và dịch vụ,Nhỏ,Đủ,Không,1.5504,0.8579,3.5553,65.157,1.4817,0.544,1.1931,0.0,0.01,0.0148,0.0324,1,0,58.8,74.27,68.85,BB,0
LS01978,2024,Công nghiệp,Siêu nhỏ,Đủ,Không,1.727,1.1264,3.2344,95.6582,0.4592,0.4298,0.7539,0.0,0.0435,0.02,0.035,1,0,60.0,84.0,75.6,BBB,0
LS01979,2022,Xây dựng,Nhỏ,Đủ,Không,1.364,0.8381,2.7937,98.1782,0.8649,0.517,1.0704,0.0,0.0162,0.014,0.0289,1,0,74.8,73.37,73.87,BBB,0
LS01980,2025,Công nghiệp,Lớn,Đủ,Có,1.3227,0.5553,2.4887,35.398,1.0036,0.4557,0.8372,0.0,0.0594,0.0596,0.1095,1,0,74.4,64.53,68.97,BB,0
LS01981,2025,Công nghiệp,Nhỏ,Đủ,Không,1.8106,0.746,2.3086,50.1333,0.7086,0.5973,1.4832,0.0,0.0363,0.0258,0.064,1,0,54.4,82.9,72.93,BBB,0
LS01982,2024,Thương mại và dịch vụ,Nhỏ,Đủ,Không,2.118,1.5891,6.708,83.9113,1.0617,0.5385,1.1669,0.0,0.1108,0.1176,0.2549,1,0,86.0,78.6,81.19,A,0
LS01983,2025,Thương mại và dịch vụ,Siêu nhỏ,Không đủ,Không,,,,,,,,0.0,,,,1,0,28.0,67.27,57.45,B,0
LS01984,2023,Thương mại và dịch vụ,Nhỏ,Đủ,Không,1.6252,0.5635,3.3611,16.8385,2.0131,0.5023,1.0092,0.0,0.0256,0.0516,0.1037,1,0,73.6,83.27,79.88,A,0
LS01985,2022,"Nông, lâm nghiệp và thủy sản",Vừa,Đủ,Không,1.6184,0.791,0.5622,188.4058,0.188,0.5718,1.3352,0.0,0.0279,0.0053,0.0123,1,0,49.6,77.47,67.71,BB,0
LS01986,2023,Công nghiệp,Nhỏ,Đủ,Không,1.2768,0.6675,2.0811,80.5287,0.6693,0.4749,0.9045,0.0,0.0227,0.0152,0.0289,1,0,45.2,76.4,65.48,BB,0
LS01987,2022,Thương mại và dịch vụ,Siêu nhỏ,Đủ,Không,3.1818,2.5195,3.7941,149.9232,0.6361,0.188,0.2316,0.0,-0.0326,-0.0208,-0.0256,2,0,58.0,74.33,68.62,BB,0
LS01988,2023,Thương mại và dịch vụ,Siêu nhỏ,Không đủ,Không,,,,,,,,0.0,,,,1,0,28.0,64.87,55.65,B,1
LS01989,2023,Công nghiệp,Lớn,Đủ,Không,0.9835,0.4033,2.1425,47.0162,0.6786,0.7246,2.6314,0.0,0.0285,0.0193,0.0702,1,1,45.2,71.8,62.49,BB,0
LS01990,2023,Thương mại và dịch vụ,Siêu nhỏ,Đủ,Không,2.0893,1.0292,2.2144,67.6761,1.0772,0.4101,0.6953,0.0,0.0185,0.02,0.0339,1,1,67.6,77.27,73.88,BBB,0
LS01991,2022,Xây dựng,Siêu nhỏ,Đủ,Không,2.2529,1.2288,1.503,186.1811,0.6429,0.5974,1.4839,0.0,0.0045,0.0029,0.0072,1,0,61.2,77.2,71.6,BBB,0
LS01992,2024,"Nông, lâm nghiệp và thủy sản",Nhỏ,Đủ,Không,1.1071,0.4408,0.9204,80.0035,0.2929,0.5275,1.1163,0.0,0.077,0.0226,0.0477,1,0,67.2,82.0,76.82,BBB,0
LS01993,2023,Thương mại và dịch vụ,Nhỏ,Đủ,Không,1.6771,0.8641,4.8803,45.3469,1.5478,0.3671,0.5801,0.0,-0.0129,-0.02,-0.0316,2,1,61.6,57.2,58.74,B,1
LS01994,2025,Thương mại và dịch vụ,Nhỏ,Đủ,Không,1.4644,1.2287,5.3862,168.8497,0.7181,0.5277,1.1175,0.0,0.0464,0.0333,0.0706,1,1,63.2,70.47,67.92,BB,0
LS01995,2023,Thương mại và dịch vụ,Nhỏ,Đủ,Không,1.0017,0.7948,8.3374,97.4494,1.3248,0.6956,2.2846,0.0,0.0478,0.0633,0.208,2,1,65.2,59.4,61.43,B,0
LS01996,2022,Thương mại và dịch vụ,Lớn,Đủ,Có,1.964,1.801,10.874,181.563,0.701,0.85,5.6667,0.0,-0.0553,-0.0388,-0.2586,1,0,44.0,73.57,60.26,B,0
LS01997,2021,Thương mại và dịch vụ,Nhỏ,Đủ,Có,1.2931,0.5106,3.5087,32.6758,2.1195,0.7074,2.4178,0.0,0.0,0.0,0.0,2,0,51.6,69.63,61.52,B,0
LS01998,2025,Thương mại và dịch vụ,Siêu nhỏ,Đủ,Không,1.6392,1.2242,3.4596,168.3853,0.6811,0.732,2.731,0.0,0.0461,0.0314,0.1172,1,0,58.0,77.6,70.74,BBB,0
LS01999,2023,Xây dựng,Vừa,Đủ,Không,3.005,2.4618,1.8461,560.8753,0.2943,0.2719,0.3734,0.0,0.0181,0.0053,0.0073,1,0,60.4,77.8,71.71,BBB,0
LS02000,2023,Thương mại và dịch vụ,Nhỏ,Đủ,Không,1.3924,0.5335,1.6375,47.4323,1.0426,0.666,1.9941,0.0,0.0,0.0,0.0,1,0,41.6,73.8,62.53,BB,0
LS02001,2025,Thương mại và dịch vụ,Nhỏ,Đủ,Có,2.6143,2.1686,7.5129,120.3702,0.8906,0.2995,0.4275,0.0,0.0466,0.0415,0.0592,1,2,78.0,71.9,74.65,BBB,0
LS02002,2024,Thương mại và dịch vụ,Siêu nhỏ,Đủ,Không,1.3849,0.988,2.8225,129.7107,0.5708,0.6584,1.927,0.0,0.0401,0.0229,0.0671,1,0,48.0,77.9,67.44,BB,0
LS02003,2025,Công nghiệp,Nhỏ,Đủ,Không,1.9239,1.3594,3.916,105.0634,0.6956,0.2717,0.3731,0.0,0.0518,0.036,0.0495,1,0,72.4,72.4,72.4,BBB,0
LS02004,2023,Xây dựng,Nhỏ,Đủ,Có,1.3759,0.7005,1.6452,116.6871,0.6682,0.6896,2.2217,0.0,0.0171,0.0114,0.0367,1,0,57.6,68.0,63.32,BB,0
LS02005,2021,Thương mại và dịch vụ,Siêu nhỏ,Không đủ,Không,,,,,,,,0.0,,,,1,0,28.0,71.67,60.75,B,0
LS02006,2023,Công nghiệp,Nhỏ,Đủ,Có,1.9471,0.9574,5.183,39.0086,1.3175,0.5668,1.3085,0.0,0.074,0.0975,0.225,1,0,84.8,88.87,87.04,AA,0
LS02007,2023,Thương mại và dịch vụ,Lớn,Đủ,Có,1.686,1.4189,27.3931,37.7844,3.8914,0.4774,0.9134,0.0,0.0485,0.1889,0.3615,1,0,96.8,79.2,87.12,AA,0
LS02008,2021,Thương mại và dịch vụ,Siêu nhỏ,Đủ,Không,1.6916,0.8645,2.9786,79.5929,1.1678,0.5063,1.0254,0.0,0.0249,0.029,0.0588,1,0,67.6,84.93,78.87,A,0
LS02009,2025,Công nghiệp,Nhỏ,Đủ,Có,1.5429,0.8948,4.3859,57.4336,1.257,0.4414,0.7901,0.0,0.0501,0.063,0.1128,1,0,78.8,84.7,82.05,A,0
LS02010,2022,Công nghiệp,Siêu nhỏ,Không đủ,Không,1.2581,1.1315,13.8824,106.1047,0.6708,0.5608,1.2771,0.0,-0.0163,-0.0109,-0.0249,1,0,47.6,65.2,60.8,B,0
LS02011,2024,Thương mại và dịch vụ,Siêu nhỏ,Đủ,Không,1.7319,1.256,4.1962,123.8304,1.0111,0.5118,1.0482,0.0,0.0109,0.0111,0.0227,1,0,57.6,69.97,65.64,BB,0
LS02012,2025,Thương mại và dịch vụ,Nhỏ,Đủ,Không,1.3442,0.7746,7.0369,31.2193,2.427,0.5578,1.2613,0.0,0.01,0.0242,0.0547,1,0,68.4,74.5,72.37,BBB,0
LS02013,2021,Công nghiệp,Siêu nhỏ,Không đủ,Không,,,,,,,,0.0,,,,1,0,28.0,86.6,71.95,BB,0
LS02014,2022,Công nghiệp,Siêu nhỏ,Đủ,Không,1.7136,0.6854,1.7352,66.1813,0.7546,0.3532,0.5462,0.0,-0.0154,-0.0116,-0.0179,1,1,51.6,65.07,60.35,B,0
LS02015,2024,Thương mại và dịch vụ,Nhỏ,Đủ,Có,1.9204,0.9061,2.9836,59.886,1.4754,0.4509,0.8212,0.0,0.0266,0.0393,0.0715,1,0,75.2,66.63,70.49,BBB,0
LS02016,2022,Thương mại và dịch vụ,Siêu nhỏ,Không đủ,Không,,,,,,,,0.0,,,,1,0,28.0,74.6,62.95,BB,0
LS02017,2025,Thương mại và dịch vụ,Siêu nhỏ,Không đủ,Không,,,,,,,,0.0,,,,1,0,28.0,74.87,63.15,BB,0
LS02018,2025,Công nghiệp,Lớn,Đủ,Có,1.388,0.749,2.6913,51.1455,0.8061,0.6583,1.9262,0.0,0.0373,0.0301,0.088,1,0,63.2,79.5,72.17,BBB,0
LS02019,2021,Công nghiệp,Siêu nhỏ,Đủ,Không,1.4415,0.7569,1.1362,202.1214,0.3891,0.5286,1.1212,0.0,0.0,0.0,0.0,1,0,36.8,77.0,62.93,BB,0
LS02020,2025,Thương mại và dịch vụ,Nhỏ,Đủ,Có,1.954,0.9567,3.0068,53.3253,1.3734,0.7925,3.8183,0.0,0.0095,0.013,0.0628,1,0,50.8,66.33,59.34,B,0
LS02021,2021,Thương mại và dịch vụ,Siêu nhỏ,Đủ,Không,3.6963,2.5739,5.7904,78.3205,1.6609,0.2365,0.3097,0.0,0.0068,0.0113,0.0148,1,0,76.8,72.23,73.83,BBB,0
LS02022,2022,Thương mại và dịch vụ,Siêu nhỏ,Đủ,Không,1.2642,0.5832,3.8276,22.2686,1.8616,0.6671,2.0039,0.0,0.0,0.0,0.0,1,0,48.0,75.9,66.13,BB,0
LS02023,2022,Thương mại và dịch vụ,Nhỏ,Đủ,Có,1.2643,1.1743,34.3417,79.292,1.7993,0.7053,2.3929,0.0,-0.0492,-0.0886,-0.3006,1,1,51.6,62.17,57.41,B,0
LS02024,2023,Thương mại và dịch vụ,Nhỏ,Đủ,Không,1.6968,1.1268,9.3895,31.4814,3.0752,0.5861,1.4163,0.0,-0.0133,-0.041,-0.099,1,2,61.2,70.23,67.07,BB,0
LS02025,2021,Công nghiệp,Nhỏ,Đủ,Không,1.7963,0.9626,4.4097,40.3844,1.1753,0.443,0.7953,0.0,0.0681,0.08,0.1436,1,0,83.6,89.6,87.5,AA,0
LS02026,2021,Thương mại và dịch vụ,Siêu nhỏ,Đủ,Không,2.0224,1.641,5.5882,153.4561,0.7309,0.4462,0.8056,0.0,-0.0166,-0.0122,-0.0219,1,0,56.4,76.2,69.27,BB,0
LS02027,2022,Thương mại và dịch vụ,Siêu nhỏ,Không đủ,Không,1.9521,1.088,3.8754,51.7487,1.556,0.417,0.7152,0.0,0.0087,0.0135,0.0232,1,0,71.2,69.6,70.0,BB,0
LS02028,2025,Thương mại và dịch vụ,Nhỏ,Đủ,Có,2.3022,1.2798,1.7464,82.3922,0.718,0.5601,1.2732,0.0,0.0078,0.0056,0.0128,2,0,53.2,81.23,68.62,BB,0
LS02029,2022,Thương mại và dịch vụ,Siêu nhỏ,Không đủ,Không,1.3186,0.6956,8.1364,11.7367,2.5495,0.4586,0.8471,0.0,-0.042,-0.1071,-0.1979,1,0,60.8,64.27,63.4,BB,0
LS02030,2024,"Nông, lâm nghiệp và thủy sản",Siêu nhỏ,Không đủ,Không,,,,,,,,0.0,,,,1,1,28.0,65.13,55.85,B,0
LS02031,2022,Xây dựng,Siêu nhỏ,Đủ,Không,1.6675,1.0812,0.9104,479.7143,0.282,0.616,1.6042,0.0,0.0095,0.0027,0.007,1,1,41.6,72.27,61.53,B,0
LS02032,2022,Thương mại và dịch vụ,Siêu nhỏ,Đủ,Không,1.6335,1.2541,3.432,147.5299,0.3971,0.3135,0.4567,0.0,0.0,0.0,0.0,1,1,56.0,54.13,54.79,B,1
LS02033,2023,Thương mại và dịch vụ,Nhỏ,Đủ,Không,1.9459,1.5527,2.3327,266.9968,0.2709,0.5733,1.3433,0.0,0.0662,0.0179,0.042,1,0,58.4,84.0,75.04,BBB,0
LS02034,2022,Thương mại và dịch vụ,Siêu nhỏ,Không đủ,Không,,,,,,,,0.0,,,,1,0,28.0,67.2,57.4,B,0
LS02035,2022,Công nghiệp,Nhỏ,Đủ,Không,2.168,1.0927,2.6694,61.492,0.9817,0.302,0.4326,0.0,0.1254,0.1231,0.1764,1,0,86.0,73.13,77.64,A,0
LS02036,2021,Thương mại và dịch vụ,Vừa,Đủ,Không,1.6234,1.3976,4.6126,279.7382,0.4742,0.7074,2.4179,0.0,0.0463,0.022,0.0751,1,0,53.2,73.1,66.14,BB,0
LS02037,2023,Thương mại và dịch vụ,Siêu nhỏ,Không đủ,Không,,,,,,,,0.0,,,,1,0,28.0,82.0,68.5,BB,0
LS02038,2023,Thương mại và dịch vụ,Vừa,Đủ,Có,1.3134,0.8423,3.705,83.5138,1.1109,0.8015,4.0373,0.0,0.0257,0.0285,0.1438,1,1,52.4,62.93,58.19,B,1
LS02039,2024,Công nghiệp,Siêu nhỏ,Đủ,Không,1.4895,1.1712,5.2453,96.3126,0.8494,0.5034,1.0139,0.0,-0.0135,-0.0115,-0.0231,1,0,51.2,56.17,54.43,B,0
LS02040,2022,"Nông, lâm nghiệp và thủy sản",Siêu nhỏ,Đủ,Không,1.9008,1.4127,2.252,286.9497,0.3483,0.276,0.3812,0.0,-0.0346,-0.012,-0.0166,1,0,64.4,62.27,63.01,BB,0
LS02041,2025,Thương mại và dịch vụ,Nhỏ,Đủ,Không,3.651,2.5832,3.7837,128.4678,1.0097,0.2246,0.2896,0.0,-0.0239,-0.0241,-0.0311,2,1,58.0,63.6,61.64,B,0
LS02042,2023,Công nghiệp,Lớn,Đủ,Có,1.6978,0.9901,7.132,26.2575,2.0549,0.6336,1.729,0.0,0.0555,0.1139,0.311,1,0,91.2,87.2,89.0,AA,0
LS02043,2024,Xây dựng,Nhỏ,Đủ,Không,1.3492,0.7284,1.7009,151.9234,0.6078,0.7043,2.3824,0.0,0.0117,0.0071,0.0241,1,0,50.4,69.3,62.68,BB,0
LS02044,2024,Thương mại và dịch vụ,Nhỏ,Đủ,Không,1.6336,1.3363,3.9493,193.6523,0.6013,0.3684,0.5833,0.0,0.0476,0.0286,0.0453,1,0,65.2,87.0,79.37,A,0
LS02045,2021,Thương mại và dịch vụ,Siêu nhỏ,Không đủ,Không,,,,,,,,0.0,,,,1,0,28.0,81.6,68.2,BB,0
LS02046,2024,Xây dựng,Nhỏ,Đủ,Không,1.6853,1.1943,3.1282,151.0983,0.7874,0.4442,0.7993,0.0,0.0246,0.0194,0.0348,1,1,86.4,66.93,73.75,BBB,0
LS02047,2023,Thương mại và dịch vụ,Nhỏ,Đủ,Không,1.915,0.827,2.6889,43.4009,1.5348,0.4479,0.8113,0.0,0.0628,0.0964,0.1747,1,0,85.2,79.87,81.73,A,0
LS02048,2023,Thương mại và dịch vụ,Nhỏ,Đủ,Có,1.6042,0.8312,5.5445,33.843,2.0144,0.6726,2.0544,0.0,0.0246,0.0495,0.1513,2,1,72.8,62.63,67.21,BB,0
LS02049,2021,Thương mại và dịch vụ,Siêu nhỏ,Đủ,Không,1.6339,0.9153,2.3184,83.0144,0.9142,0.4868,0.9486,0.0,-0.0271,-0.0248,-0.0482,1,0,46.0,62.43,56.68,B,0
LS02050,2021,Xây dựng,Siêu nhỏ,Đủ,Không,1.1596,0.81,1.8,187.2817,0.4631,0.6653,1.9879,0.0,-0.0873,-0.0404,-0.1208,1,0,38.8,72.0,60.38,B,0
LS02051,2024,Thương mại và dịch vụ,Siêu nhỏ,Đủ,Không,1.3668,0.8668,1.9404,166.9935,0.535,0.5025,1.01,0.0,0.0093,0.005,0.01,1,0,41.2,71.6,60.96,B,0
LS02052,2023,Thương mại và dịch vụ,Nhỏ,Đủ,Không,1.0107,0.5858,7.4922,23.2483,2.8408,0.8498,5.6586,0.0,0.0047,0.0133,0.0883,1,0,53.2,64.5,60.54,B,0
LS02053,2021,"Nông, lâm nghiệp và thủy sản",Nhỏ,Đủ,Có,1.2241,0.4543,1.6991,57.4613,0.5198,0.6502,1.8592,0.0,0.0587,0.0305,0.0872,2,0,72.8,68.93,70.67,BBB,0
LS02054,2023,Thương mại và dịch vụ,Siêu nhỏ,Đủ,Không,1.2378,1.0368,5.0438,188.4655,0.6801,0.5163,1.0672,0.0,-0.0266,-0.0181,-0.0374,1,0,42.4,74.6,63.33,BB,0
LS02055,2021,Thương mại và dịch vụ,Nhỏ,Đủ,Không,1.9525,1.1312,3.5995,81.854,1.5143,0.4562,0.8389,0.0,0.0228,0.0346,0.0636,1,0,76.8,67.9,71.02,BBB,0
LS02056,2024,Công nghiệp,Siêu nhỏ,Đủ,Không,2.3973,1.7991,5.7094,92.2684,0.7165,0.1771,0.2153,0.0,0.0234,0.0168,0.0204,2,0,74.0,69.5,71.08,BBB,0
LS02057,2023,Thương mại và dịch vụ,Nhỏ,Đủ,Không,1.8262,1.4432,8.407,101.2159,1.7635,0.5144,1.0594,0.0,0.0116,0.0204,0.0421,1,0,68.4,82.2,77.37,A,0
LS02058,2023,Thương mại và dịch vụ,Siêu nhỏ,Đủ,Không,1.4,0.8543,5.0919,41.7267,1.641,0.5501,1.2229,0.0,0.0105,0.0172,0.0382,2,0,64.0,76.0,71.8,BBB,0
LS02059,2022,Thương mại và dịch vụ,Nhỏ,Đủ,Không,1.9542,1.3505,6.9704,46.3332,1.856,0.7395,2.8394,0.0,0.0176,0.0326,0.1253,1,0,68.8,79.2,75.56,BBB,0
LS02060,2022,Xây dựng,Nhỏ,Đủ,Không,1.8584,0.9476,0.8615,161.2648,0.3515,0.6746,2.0729,0.0,0.0247,0.0087,0.0267,1,0,54.0,70.6,64.79,BB,0
LS02061,2023,Xây dựng,Siêu nhỏ,Đủ,Không,1.9394,0.9798,0.6842,312.6792,0.3052,0.4125,0.7021,0.0,0.0,0.0,0.0,1,0,55.6,71.73,66.09,BB,0
LS02062,2022,Thương mại và dịch vụ,Vừa,Đủ,Có,1.2548,0.7226,5.7157,43.2668,2.2453,0.7268,2.6602,0.0,0.0123,0.0276,0.101,1,0,58.4,70.8,65.22,BB,0
LS02063,2025,Công nghiệp,Siêu nhỏ,Đủ,Không,1.4823,0.8375,1.6098,155.7643,0.5493,0.6058,1.537,0.0,0.0,0.0,0.0,2,0,36.4,66.9,56.22,B,0
LS02064,2022,Thương mại và dịch vụ,Nhỏ,Đủ,Không,1.4222,0.981,5.3302,75.3983,1.5945,0.6263,1.6757,0.0,0.0264,0.0421,0.1128,2,0,69.2,75.23,73.12,BBB,0
LS02065,2022,Công nghiệp,Nhỏ,Đủ,Không,1.8046,1.2959,4.7462,86.0288,0.8468,0.5066,1.0268,0.0,0.0442,0.0374,0.0759,1,0,66.8,84.1,78.04,A,0
LS02066,2023,Thương mại và dịch vụ,Lớn,Đủ,Có,1.079,0.6806,3.0066,116.9323,0.8774,0.693,2.257,0.0,0.0089,0.0078,0.0255,1,1,40.0,72.47,57.86,B,0
LS02067,2023,Công nghiệp,Lớn,Đủ,Có,1.2265,0.4801,2.3013,29.069,0.9518,0.7067,2.4099,0.0,0.0317,0.0302,0.103,1,0,58.4,81.8,71.27,BBB,0
LS02068,2023,Thương mại và dịch vụ,Siêu nhỏ,Đủ,Không,1.3102,0.8752,3.1076,93.9583,0.928,0.6112,1.5722,0.0,-0.0828,-0.0768,-0.1975,1,0,40.4,65.1,56.46,B,0
LS02069,2022,Thương mại và dịch vụ,Nhỏ,Đủ,Không,1.5,1.3636,19.6979,104.2418,1.397,0.4184,0.7194,0.0,-0.0226,-0.0316,-0.0543,1,1,63.2,56.8,59.04,B,0
LS02070,2022,Thương mại và dịch vụ,Siêu nhỏ,Đủ,Không,1.4556,0.6619,1.3809,113.8172,0.7493,0.6249,1.6659,0.0,0.0215,0.0161,0.043,1,0,47.6,82.2,70.09,BBB,0
LS02071,2021,Thương mại và dịch vụ,Siêu nhỏ,Đủ,Không,2.5184,1.2203,3.4601,31.3678,1.513,0.298,0.4246,0.0,0.013,0.0196,0.028,1,0,79.6,75.6,77.0,BBB,0
LS02072,2022,Xây dựng,Nhỏ,Đủ,Không,1.6792,1.2921,3.9634,167.4203,0.787,0.4576,0.8436,0.0,0.0319,0.0251,0.0463,1,0,93.2,79.0,83.97,A,0
LS02073,2021,Thương mại và dịch vụ,Siêu nhỏ,Đủ,Không,1.7051,0.8792,1.9116,56.9621,0.7407,0.4332,0.7644,0.0,0.0197,0.0146,0.0257,1,0,59.2,79.37,72.31,BBB,0
LS02074,2024,Thương mại và dịch vụ,Nhỏ,Đủ,Có,2.0339,1.8094,9.2421,178.4444,0.7069,0.5652,1.2997,0.0,0.0464,0.0328,0.0755,1,0,66.0,73.77,70.27,BBB,0
LS02075,2023,Thương mại và dịch vụ,Nhỏ,Đủ,Không,1.4114,1.1134,6.9289,111.0336,1.0652,0.4412,0.7895,0.0,0.0876,0.0933,0.1669,1,0,81.6,79.33,80.13,A,0
LS02076,2022,Công nghiệp,Vừa,Đủ,Không,1.798,1.3931,5.0428,136.2939,0.8218,0.5206,1.0861,0.0,0.0211,0.0174,0.0362,1,0,60.8,72.4,68.34,BB,0
LS02077,2025,Thương mại và dịch vụ,Nhỏ,Đủ,Không,1.499,0.8677,5.4295,40.8876,1.9638,0.691,2.2362,0.0,0.0101,0.0198,0.064,2,0,61.6,87.33,78.33,A,0
LS02078,2021,Thương mại và dịch vụ,Nhỏ,Đủ,Không,1.1835,1.0134,8.8346,145.4528,0.984,0.7791,3.5265,0.0,0.0173,0.017,0.0772,1,2,47.6,59.43,55.29,B,1
LS02079,2025,Thương mại và dịch vụ,Nhỏ,Đủ,Không,1.5087,1.0837,3.1507,133.4783,0.9325,0.6071,1.5449,0.0,-0.0188,-0.0175,-0.0445,1,0,41.6,70.27,60.23,B,0
LS02080,2021,Xây dựng,Siêu nhỏ,Đủ,Không,1.2284,0.5599,1.0458,186.9512,0.4355,0.7527,3.0429,0.0,0.0,0.0,0.0,1,0,38.0,66.6,56.59,B,0
LS02081,2023,Thương mại và dịch vụ,Siêu nhỏ,Không đủ,Không,,,,,,,,0.0,,,,1,0,28.0,67.07,57.3,B,0
LS02082,2022,Thương mại và dịch vụ,Nhỏ,Đủ,Không,1.8262,1.2182,6.1796,43.9975,1.6597,0.5364,1.1569,0.0,0.0224,0.0372,0.0802,1,0,77.2,84.0,81.62,A,0
LS02083,2022,Thương mại và dịch vụ,Siêu nhỏ,Đủ,Không,2.7214,2.1221,5.2611,164.9143,0.9729,0.2729,0.3754,0.0,0.0054,0.0052,0.0072,2,0,68.8,60.47,63.38,BB,0
LS02084,2023,Thương mại và dịch vụ,Nhỏ,Đủ,Có,2.7506,2.1021,5.8118,90.2132,0.9571,0.5726,1.3399,0.0,0.0371,0.0355,0.083,1,0,70.0,81.6,76.38,BBB,0
LS02085,2021,Công nghiệp,Siêu nhỏ,Đủ,Không,1.4604,0.9393,4.1327,78.8342,0.5183,0.2119,0.2689,0.0,0.0443,0.0229,0.0291,1,0,70.0,82.3,78.0,A,0
LS02086,2024,Thương mại và dịch vụ,Siêu nhỏ,Đủ,Không,8.2468,3.7922,2.4257,44.0517,1.0054,0.0834,0.091,0.0,-0.0129,-0.013,-0.0142,1,0,64.0,55.27,58.32,B,0
LS02087,2022,Xây dựng,Vừa,Đủ,Không,1.6877,1.3454,2.9481,226.6967,0.4874,0.8326,4.9754,0.0,0.0806,0.0393,0.2348,1,0,70.0,85.5,80.08,A,0
LS02088,2022,Thương mại và dịch vụ,Siêu nhỏ,Đủ,Không,2.4269,1.538,3.7368,90.4399,1.3153,0.3631,0.57,0.0,0.0145,0.0191,0.03,1,0,73.6,67.2,69.44,BB,0
LS02089,2024,Công nghiệp,Vừa,Đủ,Có,0.9058,0.3972,3.3575,33.0993,1.4327,0.716,2.5212,0.0,-0.0323,-0.0462,-0.1628,2,0,47.2,63.23,56.02,B,0
LS02090,2025,Thương mại và dịch vụ,Siêu nhỏ,Đủ,Không,1.4453,1.1374,3.7655,162.9019,0.5292,0.3275,0.4871,0.0,0.0819,0.0434,0.0645,1,0,70.4,70.97,70.77,BBB,0
LS02091,2022,Thương mại và dịch vụ,Siêu nhỏ,Đủ,Không,2.0876,0.8978,5.0169,13.4436,2.9004,0.4402,0.7862,0.0,0.0136,0.0394,0.0703,1,0,79.2,81.37,80.61,A,0
LS02092,2021,Thương mại và dịch vụ,Siêu nhỏ,Đủ,Không,1.5434,0.7361,6.5103,10.7353,3.3429,0.5803,1.3829,0.0,0.0158,0.0528,0.1257,1,0,71.6,81.93,78.32,A,0
LS02093,2025,Thương mại và dịch vụ,Vừa,Đủ,Không,1.4109,0.8743,5.834,58.6909,1.7509,0.5981,1.4883,0.0,-0.0482,-0.0844,-0.21,1,0,56.0,74.2,67.83,BB,0
LS02094,2025,Thương mại và dịch vụ,Nhỏ,Đủ,Không,1.2745,1.047,8.9746,109.5724,1.1483,0.6071,1.5452,0.0,0.0136,0.0156,0.0398,1,0,56.0,75.17,68.46,BB,0
LS02095,2021,Thương mại và dịch vụ,Nhỏ,Đủ,Có,2.3201,2.0322,9.356,140.2782,0.9188,0.5935,1.4603,0.0,0.0783,0.0719,0.177,2,0,78.0,64.9,70.8,BBB,0
LS02096,2022,Xây dựng,Nhỏ,Đủ,Không,1.5709,1.2428,5.5677,162.9533,0.9979,0.5326,1.1396,0.0282,-0.0251,-0.025,-0.0536,2,3,64.4,54.43,57.92,B,0
LS02097,2021,Thương mại và dịch vụ,Nhỏ,Đủ,Không,2.1859,0.8936,2.6145,58.5202,1.4942,0.4117,0.6999,0.0,0.0252,0.0376,0.0639,1,1,73.6,81.47,78.71,A,0
LS02098,2023,Thương mại và dịch vụ,Nhỏ,Đủ,Không,1.9722,1.6941,14.4037,76.5869,1.2359,0.5129,1.053,0.0,0.0515,0.0636,0.1306,1,2,84.8,86.0,85.58,AA,0
LS02099,2024,Xây dựng,Nhỏ,Đủ,Có,1.2045,0.6354,1.0575,153.4092,0.3916,0.6359,1.7467,0.0,-0.0527,-0.0206,-0.0567,1,0,38.8,74.33,58.34,B,0
LS02100,2021,Xây dựng,Vừa,Đủ,Có,1.4269,0.8017,1.9033,134.9764,0.7715,0.7253,2.6408,0.0,0.0473,0.0365,0.1329,1,0,70.0,79.0,74.95,BBB,0
LS02101,2022,Thương mại và dịch vụ,Lớn,Đủ,Có,1.292,0.6384,4.5577,28.8087,2.4485,0.6996,2.3294,0.0,0.0095,0.0232,0.0773,1,0,60.8,74.2,68.17,BB,0
LS02102,2024,Xây dựng,Nhỏ,Đủ,Có,3.0452,2.0571,1.8556,280.5964,0.6376,0.312,0.4534,0.0,0.0,0.0,0.0,1,0,64.8,70.0,67.66,BB,0
LS02103,2025,Xây dựng,Vừa,Đủ,Không,1.4579,1.1559,4.222,252.3094,0.8032,0.575,1.3532,0.0,0.0321,0.0258,0.0607,1,0,80.4,77.37,78.43,A,0
LS02104,2025,Thương mại và dịch vụ,Nhỏ,Đủ,Không,1.2651,0.4996,2.3177,52.4292,1.4229,0.7118,2.4692,0.0,0.0148,0.021,0.073,1,0,52.0,66.9,61.68,B,0
LS02105,2023,Thương mại và dịch vụ,Nhỏ,Đủ,Không,1.5746,0.8877,4.6925,46.061,1.8319,0.7603,3.1718,0.0,0.0032,0.0059,0.0247,1,0,46.8,79.2,67.86,BB,0
LS02106,2021,Thương mại và dịch vụ,Vừa,Đủ,Có,1.3627,1.2306,9.1405,218.2361,0.6815,0.4974,0.9896,0.0,0.0549,0.0374,0.0744,1,0,67.6,84.6,76.95,BBB,0
LS02107,2024,Thương mại và dịch vụ,Siêu nhỏ,Đủ,Không,2.9958,1.2083,2.3403,30.4737,1.0757,0.2422,0.3196,0.0,0.031,0.0333,0.0439,1,0,76.8,84.0,81.48,A,0
LS02108,2021,Thương mại và dịch vụ,Nhỏ,Đủ,Không,1.4309,1.2743,4.4369,288.6424,0.4246,0.5719,1.3359,0.0,0.056,0.0238,0.0555,1,0,54.0,79.6,70.64,BBB,0
LS02109,2022,Thương mại và dịch vụ,Siêu nhỏ,Không đủ,Không,,,,,,,,0.0,,,,1,0,28.0,71.53,60.65,B,0
LS02110,2025,Thương mại và dịch vụ,Nhỏ,Đủ,Không,3.3603,2.2912,3.8154,94.7613,1.1638,0.2631,0.3571,0.0,0.0259,0.0301,0.0409,2,0,74.8,66.33,69.3,BB,0
LS02111,2023,Công nghiệp,Siêu nhỏ,Không đủ,Không,,,,,,,,0.0,,,,1,0,28.0,66.27,56.7,B,0
LS02112,2023,Thương mại và dịch vụ,Siêu nhỏ,Đủ,Không,1.0696,0.8878,4.7031,147.9846,0.5958,0.5373,1.1613,0.0,0.0473,0.0282,0.0609,2,0,58.0,67.83,64.39,BB,0
LS02113,2022,Thương mại và dịch vụ,Nhỏ,Đủ,Có,1.3255,0.8664,5.2176,55.4818,1.6366,0.6279,1.6878,0.0,0.0241,0.0394,0.106,1,0,68.0,69.73,68.95,BB,0
LS02114,2023,Thương mại và dịch vụ,Siêu nhỏ,Không đủ,Không,1.8341,0.9007,4.4163,41.6713,1.8982,0.4313,0.7585,0.0,-0.0402,-0.0762,-0.1341,1,0,61.6,58.63,59.38,B,0
LS02115,2021,Thương mại và dịch vụ,Vừa,Đủ,Không,1.577,0.8929,2.9704,63.6214,1.2811,0.6633,1.97,0.0,0.0217,0.0278,0.0826,1,0,62.0,80.87,74.26,BBB,0
LS02116,2024,Thương mại và dịch vụ,Siêu nhỏ,Đủ,Không,1.2072,0.627,3.0891,57.7698,1.1663,0.6587,1.9298,0.0,-0.0378,-0.0441,-0.1291,1,0,37.2,75.9,62.35,BB,0
LS02117,2023,Thương mại và dịch vụ,Siêu nhỏ,Đủ,Không,1.5068,1.1993,6.2582,112.619,0.7665,0.7115,2.4662,0.0,-0.0352,-0.027,-0.0936,2,0,41.6,72.97,61.99,B,0
LS02118,2022,Công nghiệp,Lớn,Đủ,Có,1.6325,0.554,2.2988,24.7141,0.8847,0.6984,2.3156,0.0,0.0408,0.0361,0.1196,1,0,64.8,77.5,71.78,BBB,0
LS02119,2025,Công nghiệp,Vừa,Đủ,Không,5.1935,3.4151,3.1542,113.5779,0.931,0.1386,0.1609,0.0,0.0935,0.087,0.1011,1,0,80.8,90.2,86.91,AA,0
LS02120,2022,Thương mại và dịch vụ,Nhỏ,Đủ,Không,1.5035,1.4041,29.4177,98.3403,1.234,0.6682,2.014,0.0,0.0314,0.0387,0.1168,1,0,68.8,69.5,69.26,BB,0
LS02121,2021,Thương mại và dịch vụ,Nhỏ,Đủ,Không,1.5789,1.3142,6.4918,146.5757,0.7843,0.5371,1.1601,0.0,0.0367,0.0288,0.0622,1,1,69.2,78.47,75.22,BBB,0
LS02122,2021,Thương mại và dịch vụ,Siêu nhỏ,Không đủ,Không,,,,,,,,0.0,,,,1,0,28.0,76.27,64.2,BB,0
LS02123,2025,Thương mại và dịch vụ,Siêu nhỏ,Đủ,Không,1.5585,0.8004,1.4793,177.4216,0.6398,0.5905,1.4422,0.0,0.0189,0.0121,0.0296,1,0,45.6,75.93,65.32,BB,0
LS02124,2021,Công nghiệp,Siêu nhỏ,Đủ,Không,1.2916,0.6986,2.2244,98.7484,0.6288,0.4062,0.6841,0.0,0.0607,0.0382,0.0643,1,0,63.6,77.57,72.68,BBB,0
LS02125,2021,Thương mại và dịch vụ,Siêu nhỏ,Đủ,Không,12.6667,7.6111,2.8077,94.7001,1.1436,0.0716,0.0771,0.0,0.007,0.008,0.0086,2,1,68.8,64.8,66.2,BB,0
LS02126,2022,Thương mại và dịch vụ,Nhỏ,Đủ,Không,2.1075,1.8978,7.5981,236.2567,0.4929,0.4106,0.6965,0.0,0.1237,0.061,0.1035,1,0,80.4,72.8,75.46,BBB,0
LS02127,2025,Xây dựng,Siêu nhỏ,Đủ,Không,1.158,0.6274,1.0489,194.7575,0.3617,0.5722,1.3375,0.0,0.0672,0.0243,0.0568,1,0,63.2,71.37,68.51,BB,0
LS02128,2024,Thương mại và dịch vụ,Nhỏ,Đủ,Không,17.1221,13.3039,8.4143,74.6998,1.2181,0.03,0.0309,0.0,0.076,0.0925,0.0954,2,0,88.4,81.33,83.81,A,0
LS02129,2024,Thương mại và dịch vụ,Siêu nhỏ,Đủ,Không,1.3173,0.901,2.7622,111.9886,0.7822,0.5837,1.4021,0.0,0.0133,0.0104,0.0249,1,0,44.4,80.9,68.12,BB,0
LS02130,2021,Thương mại và dịch vụ,Nhỏ,Đủ,Không,2.0324,1.718,3.6338,231.1495,0.5425,0.5211,1.088,0.0,0.0689,0.0374,0.0781,1,0,67.6,76.3,73.26,BBB,0
LS02131,2024,Thương mại và dịch vụ,Siêu nhỏ,Đủ,Không,1.5429,0.9169,3.295,85.5946,1.2061,0.547,1.2074,0.0,0.0159,0.0192,0.0424,1,1,62.8,78.87,73.24,BBB,0
LS02132,2021,Công nghiệp,Nhỏ,Đủ,Không,1.4221,0.685,4.9757,40.0762,1.2116,0.5769,1.3634,0.0,-0.0232,-0.0282,-0.0666,1,0,54.0,65.17,61.26,B,0
LS02133,2025,Thương mại và dịch vụ,Nhỏ,Đủ,Không,2.9186,1.7806,5.4832,42.2243,2.0646,0.3018,0.4323,0.0,0.0,0.0,0.0,1,0,76.8,78.5,77.9,A,0
LS02134,2022,Thương mại và dịch vụ,Siêu nhỏ,Đủ,Không,2.5,2.25,7.5122,220.2743,0.5712,0.6168,1.6097,0.0,0.0324,0.0185,0.0483,1,0,62.0,78.4,72.66,BBB,0
LS02135,2022,Thương mại và dịch vụ,Nhỏ,Đủ,Không,1.358,0.6766,3.0792,52.9015,1.56,0.6674,2.0071,0.0,0.0177,0.0277,0.0833,2,0,53.6,68.53,63.31,BB,0
LS02136,2025,Thương mại và dịch vụ,Nhỏ,Đủ,Không,28.1307,22.7026,13.9492,52.5517,2.5049,0.03,0.0309,0.0,0.0714,0.1789,0.1845,1,0,98.0,84.6,89.29,AA,0
LS02137,2023,Thương mại và dịch vụ,Siêu nhỏ,Đủ,Không,2.4252,2.2264,8.505,288.6336,0.5984,0.5304,1.1295,0.0,0.0478,0.0286,0.0609,1,0,71.2,82.6,78.61,A,0
LS02138,2025,Thương mại và dịch vụ,Nhỏ,Đủ,Không,2.6334,1.8821,4.4439,90.2985,0.9486,0.6497,1.8545,0.0,0.0316,0.03,0.0856,1,0,62.4,61.6,61.88,B,0
LS02139,2022,Thương mại và dịch vụ,Siêu nhỏ,Đủ,Không,1.8878,1.7096,12.7222,118.0408,0.9557,0.3703,0.5879,0.0,-0.0132,-0.0127,-0.0201,1,0,66.4,72.53,70.39,BBB,0
LS02140,2024,Thương mại và dịch vụ,Siêu nhỏ,Đủ,Không,1.8864,1.6667,6.5167,196.8393,0.5639,0.3696,0.5863,0.0,0.25,0.141,0.2236,1,0,80.4,80.63,80.55,A,0
LS02141,2021,"Nông, lâm nghiệp và thủy sản",Nhỏ,Đủ,Không,1.0251,0.5333,1.9886,54.1657,0.4713,0.5414,1.1806,0.0,0.0255,0.012,0.0262,1,0,66.0,72.9,70.48,BBB,0
LS02142,2025,Thương mại và dịch vụ,Siêu nhỏ,Đủ,Không,1.952,1.3525,3.9,106.7963,1.2602,0.4866,0.9477,0.0,-0.0444,-0.056,-0.1091,1,0,54.8,73.0,66.63,BB,0
LS02143,2024,Thương mại và dịch vụ,Nhỏ,Đủ,Không,1.4652,0.5888,3.2118,24.8028,1.8551,0.6061,1.5388,0.0,0.028,0.052,0.1321,1,0,68.0,67.97,67.98,BB,0
LS02144,2021,Công nghiệp,Nhỏ,Đủ,Không,1.2282,0.7067,3.3152,56.1225,0.7334,0.6267,1.6791,0.0,0.0323,0.0237,0.0635,1,0,50.0,68.4,61.96,B,0
LS02145,2024,Thương mại và dịch vụ,Nhỏ,Đủ,Không,1.6424,1.4613,12.6579,105.5684,0.8905,0.5835,1.4008,0.0,0.044,0.0392,0.094,1,0,73.6,66.13,68.75,BB,0
LS02146,2024,Công nghiệp,Nhỏ,Đủ,Không,0.8394,0.4131,4.1744,42.9624,1.1756,0.555,1.2474,0.0,-0.0147,-0.0172,-0.0388,2,0,49.2,63.7,58.62,B,0
LS02147,2024,Thương mại và dịch vụ,Nhỏ,Đủ,Không,1.5564,0.7938,7.398,28.866,2.8915,0.7438,2.9035,0.0,-0.0332,-0.0959,-0.3744,1,0,50.0,76.37,67.14,BB,0
LS02148,2025,Công nghiệp,Nhỏ,Đủ,Không,1.582,0.7906,2.1689,77.1976,0.8208,0.6277,1.6858,0.0,0.0513,0.0421,0.1132,1,0,56.8,82.2,73.31,BBB,0
LS02149,2024,Thương mại và dịch vụ,Nhỏ,Đủ,Không,1.191,0.9146,3.422,191.3293,0.5133,0.5103,1.0421,0.0,0.0235,0.0121,0.0247,1,0,44.8,74.9,64.36,BB,0
LS02150,2023,Thương mại và dịch vụ,Nhỏ,Đủ,Không,2.0053,1.6742,11.5343,74.8,1.2793,0.4884,0.9545,0.0,0.0471,0.0602,0.1177,1,0,84.8,79.8,81.55,A,0
LS02151,2025,Thương mại và dịch vụ,Siêu nhỏ,Đủ,Không,1.315,1.2518,17.963,218.0519,0.6864,0.6057,1.5359,0.0,0.0367,0.0252,0.0638,1,0,61.2,66.57,64.69,BB,0
LS02152,2024,Thương mại và dịch vụ,Siêu nhỏ,Đủ,Không,1.4291,1.0639,5.0984,124.4879,1.107,0.569,1.3201,0.0,0.0135,0.015,0.0347,1,0,55.6,67.2,63.14,BB,0
LS02153,2024,Xây dựng,Siêu nhỏ,Không đủ,Không,,,,,,,,0.0,,,,1,0,28.0,63.47,54.6,B,0
LS02154,2021,Thương mại và dịch vụ,Vừa,Đủ,Có,1.6653,1.5005,9.7188,187.7459,0.7402,0.6702,2.0319,0.0,0.0925,0.0685,0.2077,1,0,76.4,71.8,73.87,BBB,0
LS02155,2024,Thương mại và dịch vụ,Nhỏ,Đủ,Không,1.5506,0.707,2.7576,56.8933,1.0092,0.6889,2.2139,0.0,0.0,0.0,0.0,2,0,43.2,61.8,55.29,B,0
LS02156,2024,Thương mại và dịch vụ,Nhỏ,Đủ,Không,1.5847,0.8003,2.2053,28.5887,0.8623,0.7652,3.2584,0.0,0.0065,0.0056,0.0239,1,0,42.8,76.27,64.55,BB,0
LS02157,2022,Xây dựng,Nhỏ,Đủ,Không,1.728,1.3094,2.1566,303.6174,0.4636,0.4935,0.9742,0.0,0.0288,0.0133,0.0263,1,0,70.8,84.4,79.64,A,0
LS02158,2021,Thương mại và dịch vụ,Siêu nhỏ,Không đủ,Không,,,,,,,,0.0,,,,1,0,28.0,68.8,58.6,B,0
LS02159,2025,Công nghiệp,Siêu nhỏ,Đủ,Không,1.6995,1.1402,4.4716,66.6522,1.0367,0.4784,0.9171,0.0,0.0093,0.0096,0.0184,1,0,67.6,64.17,65.37,BB,0
LS02160,2023,Thương mại và dịch vụ,Nhỏ,Đủ,Không,1.5431,0.6559,2.7124,60.2804,1.3972,0.8173,4.4748,0.0,-0.0492,-0.0688,-0.3767,2,0,38.4,67.6,57.38,B,0
LS02161,2022,Thương mại và dịch vụ,Lớn,Đủ,Có,1.0345,0.7715,8.5469,55.0387,1.8778,0.85,5.6667,0.0,0.0244,0.0458,0.3056,1,0,66.0,70.5,68.48,BB,0
LS02162,2021,Xây dựng,Nhỏ,Đủ,Không,1.5123,1.0528,2.175,187.8452,0.6843,0.6099,1.5633,0.0,0.0293,0.02,0.0514,1,0,74.0,83.67,80.28,A,0
LS02163,2025,Thương mại và dịch vụ,Siêu nhỏ,Không đủ,Không,,,,,,,,0.0,,,,1,0,28.0,64.87,55.65,B,0
LS02164,2022,Thương mại và dịch vụ,Nhỏ,Không đủ,Không,1.5409,1.4164,18.6194,117.8857,0.9283,0.8066,4.1705,0.0,0.0274,0.0255,0.1317,1,0,59.2,53.07,54.6,B,0
LS02165,2025,Thương mại và dịch vụ,Nhỏ,Đủ,Không,1.6359,0.9361,3.3285,67.9741,1.4557,0.5807,1.3849,0.0,0.0246,0.0358,0.0855,1,0,65.6,68.37,67.4,BB,0
LS02166,2025,Thương mại và dịch vụ,Siêu nhỏ,Đủ,Không,2.2632,1.2812,3.9866,63.2023,1.4944,0.5192,1.0799,0.0,0.0246,0.0367,0.0764,1,0,78.0,75.27,76.22,BBB,0
LS02167,2025,Công nghiệp,Siêu nhỏ,Đủ,Không,1.1277,0.4973,1.3405,99.455,0.4128,0.4139,0.7063,0.0,0.0272,0.0112,0.0192,1,0,43.6,62.1,55.62,B,0
LS02168,2022,Xây dựng,Siêu nhỏ,Đủ,Không,2.9018,1.8221,1.2273,264.4154,0.3772,0.2567,0.3453,0.0,-0.0125,-0.0047,-0.0064,1,0,60.0,66.37,64.14,BB,0
LS02169,2021,Xây dựng,Nhỏ,Đủ,Có,1.6669,1.3696,4.417,227.1434,0.6756,0.5666,1.3075,0.0,0.0598,0.0404,0.0932,1,1,86.4,73.33,79.21,A,0
LS02170,2021,Thương mại và dịch vụ,Nhỏ,Đủ,Không,4.1475,1.9584,2.7733,55.4347,1.2804,0.1915,0.2369,0.0,0.0146,0.0186,0.0231,1,0,70.0,76.87,74.46,BBB,0
LS02171,2024,Xây dựng,Siêu nhỏ,Đủ,Không,1.9793,1.6476,0.9943,748.5201,0.1776,0.3995,0.6654,0.0,0.0465,0.0083,0.0138,1,0,68.0,79.6,75.54,BBB,0
LS02172,2021,Thương mại và dịch vụ,Nhỏ,Đủ,Không,1.527,1.2934,5.2819,190.2258,0.5344,0.3413,0.5181,0.0,0.0225,0.012,0.0182,1,0,59.2,61.4,60.63,B,0
LS02173,2021,Thương mại và dịch vụ,Siêu nhỏ,Đủ,Không,1.0674,0.9862,6.9085,255.1288,0.4462,0.5696,1.3233,0.075,0.0522,0.0233,0.0541,2,1,46.0,65.9,58.93,B,0
LS02174,2022,Thương mại và dịch vụ,Siêu nhỏ,Đủ,Không,1.6413,1.3884,10.7512,107.4195,1.0965,0.6216,1.6427,0.0,-0.0566,-0.0621,-0.164,1,0,51.2,63.43,59.15,B,0
LS02175,2023,Xây dựng,Siêu nhỏ,Đủ,Không,1.2432,0.657,1.0197,210.7623,0.4231,0.616,1.6045,0.0,0.0,0.0,0.0,1,0,42.0,78.27,65.57,BB,0
LS02176,2022,"Nông, lâm nghiệp và thủy sản",Nhỏ,Đủ,Có,1.5958,1.0035,1.7908,118.5876,0.4422,0.444,0.7987,0.0,0.0793,0.0351,0.0631,1,0,84.8,75.3,79.57,A,0
LS02177,2022,Thương mại và dịch vụ,Nhỏ,Đủ,Không,1.3437,1.0071,13.5247,46.8719,2.3646,0.7844,3.6382,0.0,-0.0649,-0.1535,-0.7122,2,0,50.0,68.17,61.81,B,0
LS02178,2023,Thương mại và dịch vụ,Siêu nhỏ,Đủ,Không,1.7387,0.8188,1.5076,96.5222,0.6484,0.4135,0.7052,0.0085,0.0,0.0,0.0,2,0,48.8,62.2,57.51,B,0
LS02179,2021,Thương mại và dịch vụ,Lớn,Đủ,Có,2.0122,1.1997,1.8049,178.911,0.6296,0.3707,0.589,0.0,0.0181,0.0114,0.0181,1,0,56.8,76.9,67.86,BB,0
LS02180,2023,Thương mại và dịch vụ,Siêu nhỏ,Đủ,Không,1.7619,1.5149,2.8434,385.4112,0.2998,0.4024,0.6733,0.0,0.0197,0.0059,0.0099,1,1,54.8,76.07,68.62,BB,0
LS02181,2025,Thương mại và dịch vụ,Nhỏ,Đủ,Không,1.1254,0.8475,5.4472,101.133,1.3341,0.7491,2.9857,0.0,0.0099,0.0132,0.0528,1,2,41.2,62.13,54.81,B,0
LS02182,2024,Thương mại và dịch vụ,Vừa,Đủ,Không,2.304,1.8797,9.1111,90.7247,0.8612,0.1656,0.1985,0.0,0.0971,0.0836,0.1002,1,0,84.8,70.87,75.74,BBB,0
LS02183,2021,Xây dựng,Siêu nhỏ,Đủ,Không,1.448,1.2801,8.0845,200.3217,0.757,0.4937,0.9751,0.0,0.028,0.0212,0.0419,1,0,87.6,75.0,79.41,A,0
LS02184,2024,Thương mại và dịch vụ,Nhỏ,Đủ,Có,1.6961,1.5256,15.1941,117.8745,1.3514,0.5905,1.4419,0.0,0.0289,0.039,0.0952,1,2,74.0,58.2,65.31,BB,0
LS02185,2022,Xây dựng,Nhỏ,Đủ,Không,1.4508,0.9073,1.361,165.2188,0.4614,0.5533,1.2386,0.0,0.0122,0.0056,0.0126,1,0,54.4,70.6,64.93,BB,0
LS02186,2021,Thương mại và dịch vụ,Siêu nhỏ,Đủ,Không,1.272,0.7401,3.237,91.8543,1.2583,0.7239,2.6217,0.0,0.0283,0.0356,0.1288,2,0,54.4,75.97,68.42,BB,0
LS02187,2021,Thương mại và dịch vụ,Siêu nhỏ,Đủ,Không,1.3091,0.8013,8.6783,41.1667,2.5644,0.5749,1.3526,0.0,-0.0991,-0.2541,-0.5978,1,1,52.8,62.57,59.15,B,1
LS02188,2022,Xây dựng,Siêu nhỏ,Đủ,Không,1.3179,0.8333,1.582,119.2472,0.5457,0.6047,1.5294,0.0,-0.0852,-0.0465,-0.1176,1,0,48.4,76.4,66.6,BB,0
LS02189,2024,Công nghiệp,Nhỏ,Đủ,Không,1.7482,1.0669,3.4954,65.6036,1.0594,0.6679,2.0111,0.069,0.0,0.0,0.0,2,0,45.6,66.0,58.86,B,0
LS02190,2025,Thương mại và dịch vụ,Siêu nhỏ,Đủ,Không,1.413,0.9333,7.8339,43.3692,2.1491,0.527,1.1141,0.0,-0.0502,-0.108,-0.2283,1,0,58.4,68.73,65.12,BB,0
LS02191,2023,Thương mại và dịch vụ,Siêu nhỏ,Không đủ,Không,,,,,,,,0.0,,,,2,3,28.0,63.8,54.85,B,1
LS02192,2024,Công nghiệp,Nhỏ,Đủ,Không,1.7153,0.7565,2.4817,33.9189,0.9633,0.3412,0.5179,0.0,0.0782,0.0753,0.1143,2,0,80.0,81.53,81.0,A,0
LS02193,2023,Thương mại và dịch vụ,Siêu nhỏ,Đủ,Không,1.2022,0.9372,4.8557,144.9522,0.8122,0.5933,1.4586,0.0,-0.0494,-0.0402,-0.0987,1,0,38.8,62.97,54.51,B,0
LS02194,2025,Thương mại và dịch vụ,Siêu nhỏ,Đủ,Không,1.1865,0.6097,2.8249,48.5505,1.2166,0.6697,2.0276,0.0,0.0,0.0,0.0,2,0,44.0,74.13,63.59,BB,0
LS02195,2021,Xây dựng,Nhỏ,Đủ,Không,1.7186,1.0,1.5894,176.9089,0.4757,0.3838,0.6228,0.0,0.0,0.0,0.0,1,0,63.2,74.6,70.61,BBB,0
LS02196,2021,Công nghiệp,Vừa,Đủ,Không,1.141,0.3793,2.3083,27.122,0.9748,0.5006,1.0023,0.0,0.0141,0.0137,0.0275,1,0,53.6,87.2,75.44,BBB,0
LS02197,2022,Xây dựng,Siêu nhỏ,Đủ,Không,2.3614,1.8757,1.5059,512.7993,0.2885,0.3555,0.5516,0.0,-0.0194,-0.0056,-0.0087,1,0,56.0,59.3,58.14,B,0
LS02198,2022,Xây dựng,Nhỏ,Đủ,Không,2.0863,1.7239,2.5839,420.6278,0.4153,0.5833,1.3996,0.0,0.078,0.0324,0.0777,1,0,80.0,79.0,79.35,A,0
LS02199,2022,Công nghiệp,Siêu nhỏ,Đủ,Không,2.1073,1.2989,2.872,81.6245,0.6791,0.4728,0.8967,0.0,0.038,0.0258,0.0489,2,0,70.4,78.4,75.6,BBB,0
LS02200,2024,Công nghiệp,Nhỏ,Đủ,Không,1.7592,0.7506,4.2192,16.744,1.2548,0.5599,1.2724,0.0,0.0825,0.1036,0.2353,1,0,83.6,84.2,83.99,A,0
LS02201,2022,Thương mại và dịch vụ,Siêu nhỏ,Không đủ,Không,,,,,,,,0.0,,,,1,0,28.0,76.0,64.0,BB,0
LS02202,2024,Thương mại và dịch vụ,Nhỏ,Đủ,Không,1.9888,1.4701,7.7894,73.9503,1.9051,0.4172,0.7159,0.0,0.0162,0.0308,0.0529,1,0,81.2,67.17,72.08,BBB,0
LS02203,2022,Công nghiệp,Nhỏ,Đủ,Có,2.8906,1.2978,1.6195,94.5556,0.628,0.2028,0.2544,0.0,0.0976,0.0613,0.0769,1,0,71.2,82.97,77.67,A,0
LS02204,2021,Thương mại và dịch vụ,Siêu nhỏ,Đủ,Không,1.4212,1.3255,21.9882,139.1074,0.9593,0.3256,0.4829,0.0,0.0963,0.0924,0.137,1,0,83.6,72.5,76.38,BBB,1
LS02205,2024,Công nghiệp,Siêu nhỏ,Đủ,Không,3.3785,2.2049,2.5207,134.729,0.5461,0.1608,0.1916,0.0,0.0337,0.0184,0.022,1,0,65.6,72.03,69.78,BBB,0
LS02206,2023,Thương mại và dịch vụ,Siêu nhỏ,Không đủ,Không,,,,,,,,0.0,,,,1,0,28.0,86.27,71.7,BB,0
LS02207,2023,Thương mại và dịch vụ,Nhỏ,Đủ,Không,1.7519,1.2488,10.3691,49.3865,2.7535,0.7358,2.7855,0.0,0.0123,0.0338,0.1278,1,0,69.2,73.2,71.8,BBB,0
LS02208,2025,Thương mại và dịch vụ,Nhỏ,Đủ,Không,1.7944,1.5925,10.506,150.9256,0.8503,0.5612,1.2791,0.0,0.0506,0.043,0.0981,1,0,73.6,71.53,72.26,BBB,0
LS02209,2022,Thương mại và dịch vụ,Nhỏ,Đủ,Không,1.1125,0.5414,3.6869,53.3224,1.5863,0.7054,2.3942,0.0,0.0488,0.0774,0.2629,1,0,63.6,69.57,67.48,BB,0
LS02210,2022,Xây dựng,Lớn,Đủ,Có,1.196,0.7836,1.2003,250.4289,0.4169,0.7759,3.4625,0.0,-0.0095,-0.004,-0.0177,1,1,43.6,64.87,55.3,B,0
LS02211,2021,Thương mại và dịch vụ,Nhỏ,Đủ,Không,1.7239,0.609,2.0878,51.5935,1.2473,0.6476,1.8373,0.0,0.0162,0.0202,0.0573,1,0,51.6,71.2,64.34,BB,0
LS02212,2024,Xây dựng,Nhỏ,Đủ,Không,1.5028,0.8701,1.5436,167.1417,0.574,0.5181,1.0752,0.0,0.0387,0.0222,0.0462,1,1,74.4,69.87,71.45,BBB,1
LS02213,2022,Xây dựng,Nhỏ,Đủ,Không,2.9485,2.0676,2.0267,244.1464,0.6263,0.3186,0.4675,0.0,-0.1582,-0.0991,-0.1454,2,0,64.0,60.93,62.01,BB,0
LS02214,2023,Thương mại và dịch vụ,Nhỏ,Đủ,Không,2.2444,1.1067,3.4729,35.6794,1.6501,0.6754,2.0811,0.0,0.0106,0.0175,0.0539,1,0,58.8,76.97,70.61,BBB,0
LS02215,2022,Thương mại và dịch vụ,Siêu nhỏ,Đủ,Không,1.1409,0.8084,3.5957,102.7551,1.0127,0.7568,3.1122,0.0,0.0159,0.0161,0.0661,1,1,46.0,74.87,64.76,BB,0
LS02216,2023,Công nghiệp,Nhỏ,Đủ,Không,1.3048,0.9261,8.7119,48.8637,1.0455,0.7067,2.4089,0.0,-0.0086,-0.009,-0.0307,1,0,49.6,61.5,57.34,B,1
LS02217,2022,Thương mại và dịch vụ,Siêu nhỏ,Đủ,Không,1.5161,0.6899,1.9181,93.0348,0.9227,0.542,1.1835,0.0,-0.0538,-0.0496,-0.1084,2,0,42.4,64.2,56.57,B,0
LS02218,2023,Thương mại và dịch vụ,Siêu nhỏ,Đủ,Không,2.0941,1.5492,4.8407,96.8852,1.2667,0.4721,0.8943,0.0,0.0141,0.0178,0.0338,1,0,70.0,87.6,81.44,A,0
LS02219,2021,Thương mại và dịch vụ,Vừa,Đủ,Có,1.0808,0.7516,7.4912,49.9496,2.2393,0.8837,7.6009,0.0,0.0122,0.0273,0.2345,1,0,57.6,68.17,63.41,BB,0
LS02220,2021,Thương mại và dịch vụ,Siêu nhỏ,Không đủ,Không,,,,,,,,0.0,,,,2,0,28.0,68.13,58.1,B,0
LS02221,2022,Thương mại và dịch vụ,Nhỏ,Đủ,Không,1.6594,0.7779,2.1983,41.4401,1.1376,0.5337,1.1444,0.0,-0.0296,-0.0336,-0.0721,1,1,53.6,58.37,56.7,B,0
LS02222,2024,Thương mại và dịch vụ,Nhỏ,Đủ,Không,1.3964,1.2192,6.8547,180.4763,0.5865,0.7827,3.6026,0.0,0.0293,0.0172,0.079,2,0,48.4,73.33,64.61,BB,0
LS02223,2022,Thương mại và dịch vụ,Nhỏ,Đủ,Không,1.2608,0.7781,5.0068,66.6496,1.612,0.6132,1.5851,0.0,-0.0332,-0.0535,-0.1384,1,0,50.4,68.6,62.23,BB,0
LS02224,2021,Thương mại và dịch vụ,Nhỏ,Không đủ,Không,1.703,1.0227,6.507,33.0096,2.6898,0.5578,1.2615,0.0,0.0131,0.0351,0.0795,1,0,78.0,73.0,74.25,BB,0
LS02225,2024,Công nghiệp,Nhỏ,Đủ,Không,1.1464,0.6482,4.4812,37.6569,1.1748,0.6789,2.1139,0.0,0.0648,0.0761,0.237,1,0,65.2,72.07,69.66,BBB,0
LS02226,2021,Thương mại và dịch vụ,Siêu nhỏ,Đủ,Không,1.4286,0.9971,9.1788,56.7623,2.4363,0.559,1.2676,0.0,-0.0166,-0.0404,-0.0915,1,0,56.4,62.93,60.65,B,1
LS02227,2022,Xây dựng,Vừa,Đủ,Có,2.131,1.1314,1.8424,89.9175,0.8309,0.395,0.6529,0.0,0.0489,0.0406,0.0672,1,0,90.8,76.6,82.99,A,0
LS02228,2022,Công nghiệp,Vừa,Đủ,Có,1.5012,0.5795,2.3545,47.721,0.8653,0.6136,1.5879,0.0,0.0482,0.0417,0.1079,1,0,58.8,81.67,71.38,BBB,0
LS02229,2021,Xây dựng,Siêu nhỏ,Đủ,Không,1.3313,0.8739,1.7907,256.4865,0.5164,0.5402,1.175,0.0,0.0143,0.0074,0.0161,1,0,58.0,53.77,55.25,B,0
LS02230,2023,Thương mại và dịch vụ,Nhỏ,Đủ,Không,1.2101,0.6206,9.2138,20.9485,3.8359,0.7093,2.44,0.0,-0.0238,-0.0912,-0.3138,1,0,50.8,66.2,60.81,B,0
LS02231,2021,Công nghiệp,Nhỏ,Đủ,Không,1.6396,0.9209,7.2845,32.5016,1.926,0.7513,3.0206,0.0,-0.0217,-0.0418,-0.1681,1,2,56.8,66.33,63.0,BB,0
LS02232,2022,Công nghiệp,Nhỏ,Đủ,Không,1.392,0.6918,2.5407,42.5284,0.9497,0.4449,0.8013,0.0,0.0392,0.0373,0.0671,1,0,64.8,80.47,74.98,BBB,0
LS02233,2022,Xây dựng,Siêu nhỏ,Không đủ,Không,,,,,,,,0.0,,,,1,0,28.0,79.13,66.35,BB,0
LS02234,2025,Thương mại và dịch vụ,Nhỏ,Đủ,Không,1.2222,0.4729,3.0972,18.5298,1.9376,0.7778,3.5,0.0,0.0078,0.0152,0.0682,2,0,48.8,64.03,58.7,B,0
LS02235,2022,Công nghiệp,Vừa,Đủ,Có,1.0762,0.6377,5.2719,41.8262,1.3234,0.4854,0.9432,0.0,-0.0101,-0.0134,-0.026,1,1,60.8,68.03,64.78,BB,0
LS02236,2021,Xây dựng,Siêu nhỏ,Đủ,Không,1.3253,0.8249,3.5359,95.9283,0.7292,0.7593,3.1554,0.0,-0.0264,-0.0192,-0.0799,2,0,50.4,59.33,56.21,B,0
LS02237,2021,Thương mại và dịch vụ,Nhỏ,Đủ,Không,1.2346,0.6451,4.2006,40.8036,1.7111,0.6368,1.7532,0.0,0.009,0.0154,0.0425,1,0,51.2,76.2,67.45,BB,0
LS02238,2021,Công nghiệp,Nhỏ,Đủ,Không,1.3924,0.6467,1.4232,65.2877,0.5564,0.6013,1.5084,0.0,0.1177,0.0655,0.1642,2,1,58.4,69.8,65.81,BB,0
LS02239,2022,Công nghiệp,Siêu nhỏ,Đủ,Không,1.7813,0.8267,0.9497,127.3886,0.3855,0.3578,0.5572,0.0,0.0,0.0,0.0,1,0,48.0,74.1,64.96,BB,0
LS02240,2025,Công nghiệp,Siêu nhỏ,Không đủ,Không,,,,,,,,0.0,,,,1,0,28.0,69.27,58.95,B,0
LS02241,2021,Xây dựng,Siêu nhỏ,Đủ,Không,1.6367,0.8199,0.9843,93.1643,0.3527,0.3835,0.622,0.0,0.0175,0.0062,0.01,2,1,63.6,63.3,63.4,BB,0
LS02242,2023,Thương mại và dịch vụ,Siêu nhỏ,Không đủ,Không,,,,,,,,0.0,,,,1,1,28.0,77.33,65.0,BB,0
LS02243,2025,Thương mại và dịch vụ,Siêu nhỏ,Không đủ,Không,,,,,,,,0.0,,,,1,0,28.0,87.4,72.55,BB,0
LS02244,2024,Thương mại và dịch vụ,Nhỏ,Đủ,Không,1.9034,1.0888,2.163,101.2452,0.8406,0.4456,0.8039,0.0,0.0091,0.0076,0.0138,1,0,57.6,79.2,71.64,BBB,0
LS02245,2024,Công nghiệp,Siêu nhỏ,Đủ,Không,1.3372,0.8256,1.7727,112.3842,0.49,0.7076,2.4201,0.0,0.0599,0.0294,0.1005,1,0,49.2,85.4,72.73,BBB,0
LS02246,2022,Thương mại và dịch vụ,Lớn,Đủ,Có,1.5323,0.8856,3.0855,67.1122,1.2733,0.5852,1.411,0.0,0.014,0.0179,0.043,1,1,65.2,75.47,70.85,BBB,0
LS02247,2024,Thương mại và dịch vụ,Lớn,Đủ,Có,1.0501,0.6726,4.7814,58.9386,1.6182,0.9165,10.9725,0.0,0.0061,0.0098,0.1177,1,2,47.2,65.53,57.28,B,0
LS02248,2025,Thương mại và dịch vụ,Siêu nhỏ,Đủ,Không,1.3866,1.1469,4.9677,169.8931,0.6801,0.4609,0.8548,0.0,0.0378,0.0257,0.0477,1,0,64.0,71.9,69.13,BB,0
LS02249,2022,Thương mại và dịch vụ,Nhỏ,Đủ,Không,1.2716,0.8009,3.9929,63.8517,1.1111,0.7078,2.4219,0.0,-0.0168,-0.0187,-0.064,1,0,42.4,76.5,64.56,BB,0
LS02250,2022,Thương mại và dịch vụ,Siêu nhỏ,Không đủ,Không,,,,,,,,0.0,,,,1,0,28.0,79.8,66.85,BB,0
LS02251,2022,Xây dựng,Siêu nhỏ,Đủ,Không,1.5879,1.3846,4.5541,285.3636,0.4477,0.6221,1.6462,0.0,0.013,0.0058,0.0154,1,0,58.8,75.37,69.57,BB,0
LS02252,2025,Thương mại và dịch vụ,Nhỏ,Đủ,Không,1.4421,1.2808,24.2814,78.6701,1.1042,0.7833,3.6154,0.0,-0.0069,-0.0076,-0.0352,1,0,47.2,62.97,57.45,B,0
LS02253,2022,Công nghiệp,Siêu nhỏ,Không đủ,Không,,,,,,,,0.0,,,,1,0,28.0,81.33,68.0,BB,0
LS02254,2024,Thương mại và dịch vụ,Siêu nhỏ,Đủ,Không,1.4076,1.0201,8.1101,52.7653,1.772,0.4959,0.9837,0.0,0.0109,0.0194,0.0385,1,0,71.2,83.07,78.91,A,0
LS02255,2021,Thương mại và dịch vụ,Vừa,Đủ,Có,1.0907,0.6074,3.0217,75.6692,1.0944,0.6976,2.3073,0.0,0.0214,0.0234,0.0774,1,0,48.0,71.4,60.87,B,0
LS02256,2023,Thương mại và dịch vụ,Siêu nhỏ,Đủ,Không,21.1724,18.4138,12.4,91.1779,1.3014,0.0298,0.0308,0.0,0.0783,0.1019,0.105,1,0,94.0,79.77,84.75,A,0
LS02257,2025,Thương mại và dịch vụ,Nhỏ,Đủ,Không,2.0599,1.8002,7.7571,175.5376,0.6471,0.407,0.6863,0.0,0.0586,0.0379,0.0639,1,1,75.6,75.23,75.36,BBB,0
LS02258,2025,Thương mại và dịch vụ,Siêu nhỏ,Đủ,Không,1.7888,1.539,5.7167,241.4837,0.6336,0.3428,0.5217,0.0,-0.0614,-0.0389,-0.0592,1,1,56.8,62.97,60.81,B,0
LS02259,2021,Xây dựng,Nhỏ,Đủ,Không,1.2092,0.9204,2.9893,210.2988,0.6066,0.6818,2.1426,0.0,0.0242,0.0147,0.0462,1,1,62.0,64.23,63.45,BB,0
LS02260,2022,"Nông, lâm nghiệp và thủy sản",Siêu nhỏ,Đủ,Không,1.952,1.1439,1.4791,162.751,0.3727,0.4971,0.9884,0.0,-0.0274,-0.0102,-0.0203,1,0,54.8,74.4,67.54,BB,0
LS02261,2025,Thương mại và dịch vụ,Siêu nhỏ,Đủ,Không,1.5251,1.2262,2.3634,356.7121,0.4369,0.7024,2.36,0.0,-0.0509,-0.0222,-0.0747,1,0,31.2,66.9,54.4,B,0
LS02262,2022,Thương mại và dịch vụ,Nhỏ,Đủ,Không,1.0819,0.9416,13.62,96.5705,1.0818,0.5595,1.2701,0.0,0.0451,0.0488,0.1107,1,0,73.6,65.4,68.27,BB,0
LS02263,2023,Thương mại và dịch vụ,Vừa,Đủ,Không,1.9707,0.9056,3.6043,40.3135,1.6716,0.42,0.724,0.0,0.0592,0.099,0.1707,1,0,87.2,85.67,86.2,AA,0
LS02264,2024,Thương mại và dịch vụ,Siêu nhỏ,Đủ,Không,1.8067,0.8789,1.2111,150.38,0.6775,0.5257,1.1086,0.0,0.004,0.0027,0.0057,1,0,46.4,72.63,63.45,BB,0
LS02265,2024,Công nghiệp,Nhỏ,Đủ,Không,1.7576,0.5202,0.8927,61.3795,0.543,0.4855,0.9436,0.0,0.0336,0.0183,0.0355,1,0,50.4,82.6,71.33,BBB,0
LS02266,2021,Thương mại và dịch vụ,Siêu nhỏ,Đủ,Không,3.515,2.8533,4.181,206.4244,0.6517,0.1829,0.2239,0.0,0.1109,0.0723,0.0885,1,0,82.0,77.3,78.94,A,0
LS02267,2025,Thương mại và dịch vụ,Siêu nhỏ,Đủ,Không,1.411,0.8708,4.0196,77.122,1.3103,0.5632,1.2896,0.0,0.0118,0.0155,0.0355,1,1,56.0,54.33,54.92,B,1
LS02268,2024,Thương mại và dịch vụ,Siêu nhỏ,Không đủ,Không,,,,,,,,0.0,,,,1,0,28.0,85.8,71.35,BB,0
LS02269,2025,Công nghiệp,Nhỏ,Đủ,Không,1.0173,0.6033,5.6921,29.431,1.1452,0.5345,1.148,0.0,0.0,0.0,0.0,1,0,58.0,62.17,60.71,B,0
LS02270,2025,Thương mại và dịch vụ,Nhỏ,Đủ,Có,1.4755,1.2155,4.0325,191.4484,0.4768,0.6177,1.6154,0.0,0.04,0.0191,0.0499,2,0,54.0,74.3,65.17,BB,0
LS02271,2025,Thương mại và dịch vụ,Nhỏ,Đủ,Không,2.6972,2.3483,13.6258,80.8056,1.2521,0.3832,0.6213,0.0,0.0607,0.076,0.1233,1,0,90.4,77.37,81.93,A,0
LS02272,2021,Công nghiệp,Siêu nhỏ,Không đủ,Không,,,,,,,,0.0,,,,1,0,28.0,76.4,64.3,BB,0
LS02273,2021,Thương mại và dịch vụ,Siêu nhỏ,Đủ,Không,1.5676,1.3108,3.0658,287.7199,0.3312,0.6214,1.641,0.0,-0.0195,-0.0065,-0.0171,1,0,37.2,74.2,61.25,B,0
LS02274,2024,Thương mại và dịch vụ,Siêu nhỏ,Không đủ,Không,,,,,,,,0.0,,,,2,1,28.0,74.4,62.8,BB,0
LS02275,2022,Công nghiệp,Siêu nhỏ,Đủ,Không,1.1809,0.7638,3.7583,77.1635,1.0554,0.5811,1.387,0.0,-0.0114,-0.012,-0.0287,1,0,42.8,68.17,59.29,B,0
LS02276,2021,Thương mại và dịch vụ,Lớn,Đủ,Có,1.1614,0.7048,5.8927,52.6579,1.8612,0.85,5.6666,0.0,0.0098,0.0183,0.1222,2,0,54.0,61.23,57.98,B,0
LS02277,2022,Thương mại và dịch vụ,Lớn,Đủ,Có,1.2725,0.8384,4.312,79.5223,1.2344,0.6542,1.8922,0.0,-0.063,-0.0778,-0.225,1,1,48.4,67.47,58.89,B,0
LS02278,2022,Công nghiệp,Lớn,Đủ,Có,1.7248,1.0241,2.7233,122.8429,0.7835,0.6513,1.8678,0.0,0.0222,0.0174,0.0498,1,0,58.8,84.2,72.77,BBB,0
LS02279,2022,Công nghiệp,Nhỏ,Đủ,Không,1.8956,1.4803,9.8372,72.8473,1.0123,0.3452,0.5272,0.0,0.1405,0.1422,0.2172,1,0,92.0,81.87,85.41,AA,0
LS02280,2023,Xây dựng,Nhỏ,Đủ,Không,1.5654,1.1077,3.229,110.868,0.8024,0.5907,1.4435,0.0,0.0319,0.0256,0.0625,1,0,83.6,76.0,78.66,A,0
LS02281,2025,Xây dựng,Siêu nhỏ,Không đủ,Không,,,,,,,,0.0,,,,1,0,28.0,84.4,70.3,BB,0
LS02282,2021,Thương mại và dịch vụ,Nhỏ,Đủ,Không,1.1716,0.5213,3.9128,30.1589,1.8685,0.6535,1.8861,0.0,0.0127,0.0236,0.0682,1,0,56.4,71.2,66.02,BB,1
LS02283,2021,Thương mại và dịch vụ,Siêu nhỏ,Không đủ,Không,,,,,,,,0.0,,,,1,0,28.0,75.27,63.45,BB,0
LS02284,2021,Thương mại và dịch vụ,Nhỏ,Đủ,Không,1.8383,1.5774,8.4383,131.6356,0.9233,0.5953,1.4709,0.0,0.0872,0.0805,0.1988,1,1,76.4,52.83,61.08,B,0
LS02285,2021,Công nghiệp,Siêu nhỏ,Không đủ,Không,,,,,,,,0.0,,,,1,0,28.0,79.53,66.65,BB,0
LS02286,2025,Thương mại và dịch vụ,Vừa,Đủ,Có,2.2261,1.7142,5.3112,126.2237,0.6101,0.6869,2.1943,0.0,0.0491,0.03,0.0957,1,0,62.0,70.2,66.51,BB,0
LS02287,2023,Công nghiệp,Lớn,Đủ,Có,1.292,0.6038,2.0361,66.5731,0.6154,0.3995,0.6653,0.0275,0.041,0.0252,0.042,2,1,50.4,61.73,56.63,B,1
LS02288,2023,Thương mại và dịch vụ,Nhỏ,Đủ,Không,1.5115,0.8121,5.5765,26.8692,2.3176,0.5658,1.3028,0.0,0.0156,0.0362,0.0833,1,0,68.8,64.57,66.05,BB,0
LS02289,2024,Xây dựng,Lớn,Đủ,Có,1.4094,0.9753,0.8027,540.0982,0.2697,0.5753,1.3545,0.0,0.092,0.0248,0.0584,1,1,68.0,63.27,65.4,BB,0
LS02290,2021,Thương mại và dịch vụ,Siêu nhỏ,Đủ,Không,1.7405,1.5289,5.8962,245.5832,0.7567,0.5802,1.3821,0.0,-0.0114,-0.0086,-0.0205,1,0,44.8,79.6,67.42,BB,0
LS02291,2023,Thương mại và dịch vụ,Siêu nhỏ,Đủ,Không,1.9868,1.6316,3.0494,276.2769,0.4909,0.4063,0.6845,0.0,0.0246,0.0121,0.0204,1,0,58.0,83.63,74.66,BBB,0
LS02292,2023,Thương mại và dịch vụ,Nhỏ,Đủ,Không,2.3281,1.423,4.6841,54.143,1.627,0.6273,1.6829,0.0,0.0103,0.0168,0.045,2,0,64.4,78.83,73.78,BBB,0
LS02293,2024,Công nghiệp,Nhỏ,Đủ,Không,1.4837,1.2484,23.5,40.5815,0.9166,0.5404,1.1757,0.0,-0.0913,-0.0837,-0.1821,1,0,58.8,68.57,65.15,BB,0
LS02294,2025,Thương mại và dịch vụ,Nhỏ,Đủ,Không,1.1364,0.858,7.7889,59.542,0.95,0.6521,1.8746,0.0,-0.0155,-0.0147,-0.0422,1,2,42.8,67.53,58.88,B,0
LS02295,2023,Thương mại và dịch vụ,Nhỏ,Đủ,Không,1.5026,1.0961,4.2896,128.1853,1.0184,0.5329,1.1408,0.0,0.0284,0.0289,0.0619,1,0,62.0,83.3,75.84,BBB,0
LS02296,2023,Thương mại và dịch vụ,Siêu nhỏ,Không đủ,Không,,,,,,,,0.0,,,,1,0,28.0,66.2,56.65,B,0
LS02297,2021,Công nghiệp,Nhỏ,Đủ,Không,1.3649,0.7925,4.3567,57.7609,1.0904,0.5218,1.0911,0.0,0.0501,0.0547,0.1143,1,0,72.8,81.6,78.52,A,0
LS02298,2025,Thương mại và dịch vụ,Siêu nhỏ,Đủ,Không,2.0191,1.2901,1.3351,272.9377,0.3761,0.5513,1.2289,0.0,0.0356,0.0134,0.0299,1,0,53.6,70.83,64.8,BB,0
LS02299,2024,Xây dựng,Vừa,Đủ,Không,1.9835,1.0864,0.9572,241.2523,0.4137,0.4115,0.6993,0.0,0.0491,0.0203,0.0345,1,0,70.0,82.0,77.8,A,0
LS02300,2025,Thương mại và dịch vụ,Siêu nhỏ,Đủ,Không,1.4063,1.3232,14.1746,235.1442,0.6164,0.4084,0.6903,0.0,0.0306,0.0189,0.0319,1,0,64.4,66.37,65.68,BB,0
LS02301,2024,Thương mại và dịch vụ,Siêu nhỏ,Đủ,Không,1.4168,0.7361,2.8442,57.2632,1.1175,0.5266,1.1125,0.0,0.0157,0.0175,0.037,1,1,58.0,62.13,60.69,B,0
LS02302,2023,Thương mại và dịch vụ,Nhỏ,Đủ,Không,1.9376,1.4663,8.5558,73.4934,2.0351,0.4526,0.8267,0.0,-0.0151,-0.0307,-0.056,1,0,70.0,70.5,70.32,BBB,0
LS02303,2021,Xây dựng,Vừa,Đủ,Có,1.4855,1.218,3.7955,261.1533,0.5766,0.5127,1.052,0.0,-0.0247,-0.0142,-0.0292,1,0,62.4,53.97,57.76,B,0
LS02304,2024,Công nghiệp,Siêu nhỏ,Không đủ,Không,,,,,,,,0.0,,,,1,0,28.0,79.6,66.7,BB,0
LS02305,2024,Thương mại và dịch vụ,Siêu nhỏ,Đủ,Không,1.8102,1.6852,11.284,230.1691,0.4717,0.4689,0.8829,0.0,-0.0169,-0.008,-0.015,1,0,54.4,76.6,68.83,BB,0
LS02306,2022,Thương mại và dịch vụ,Siêu nhỏ,Đủ,Không,1.8359,1.1445,6.4011,38.4059,2.0354,0.5169,1.07,0.0,0.0071,0.0145,0.03,2,0,69.2,72.57,71.39,BBB,0
LS02307,2025,Công nghiệp,Siêu nhỏ,Đủ,Không,1.6463,1.2648,6.2233,99.5238,0.9492,0.3344,0.5023,0.0,0.0,0.0,0.0,1,0,67.2,71.67,70.1,BBB,0
LS02308,2022,Thương mại và dịch vụ,Nhỏ,Đủ,Không,1.9597,0.6849,3.9985,24.5521,2.4543,0.5142,1.0584,0.0,0.0271,0.0666,0.1371,1,0,78.8,86.0,83.48,A,0
LS02309,2023,Xây dựng,Nhỏ,Đủ,Không,1.2769,0.9875,2.4138,280.7868,0.4657,0.5851,1.4103,0.0,0.0313,0.0146,0.0352,1,0,64.0,65.6,65.04,BB,0
LS02310,2025,Thương mại và dịch vụ,Nhỏ,Đủ,Không,1.5358,1.141,7.3949,64.8227,1.0704,0.4017,0.6713,0.0,0.0466,0.0499,0.0834,1,1,80.8,61.97,68.56,BB,0
LS02311,2022,Xây dựng,Vừa,Đủ,Có,1.5818,1.2703,3.6088,263.6459,0.5736,0.4658,0.8719,0.0,0.0129,0.0074,0.0138,1,0,68.8,65.87,67.19,BB,0
LS02312,2024,Xây dựng,Siêu nhỏ,Không đủ,Không,2.1343,1.1864,1.0338,218.1993,0.4073,0.3716,0.5912,0.0,0.0293,0.0119,0.019,1,0,76.4,66.43,68.93,BB,0
LS02313,2024,Thương mại và dịch vụ,Vừa,Đủ,Có,2.1158,1.8802,8.1064,192.5158,0.4986,0.503,1.012,0.0,0.0716,0.0357,0.0718,1,0,74.0,90.0,82.8,A,0
LS02314,2021,Thương mại và dịch vụ,Nhỏ,Đủ,Không,1.4239,0.8896,2.9457,97.7196,1.098,0.767,3.2927,0.0,0.0178,0.0195,0.0839,1,1,47.2,67.07,60.11,B,0
LS02315,2022,Xây dựng,Siêu nhỏ,Đủ,Không,1.3987,0.8457,1.8508,118.7726,0.6208,0.5889,1.4325,0.0,0.0219,0.0136,0.033,1,0,72.0,81.4,78.11,A,0
LS02316,2024,Xây dựng,Siêu nhỏ,Không đủ,Không,,,,,,,,0.0,,,,1,0,28.0,73.53,62.15,BB,0
LS02317,2025,Thương mại và dịch vụ,Vừa,Đủ,Có,0.9333,0.5097,4.3819,49.9847,1.7613,0.9093,10.0202,0.0,-0.042,-0.074,-0.8156,1,0,37.2,73.3,57.06,B,0
LS02318,2022,Công nghiệp,Vừa,Đủ,Có,2.1737,1.623,7.0941,70.7346,1.3788,0.5784,1.3722,0.0,0.0232,0.032,0.076,1,0,70.0,77.0,73.85,BBB,0
LS02319,2025,Công nghiệp,Siêu nhỏ,Đủ,Không,1.3304,0.9726,3.4667,142.1879,0.6797,0.5177,1.0736,0.0,0.0798,0.0543,0.1125,1,0,67.6,82.53,77.31,A,0
LS02320,2023,Thương mại và dịch vụ,Vừa,Đủ,Không,1.5202,0.8421,5.6551,24.1011,2.2826,0.5319,1.1364,0.0,0.0241,0.055,0.1174,1,2,77.6,78.2,77.99,A,0
LS02321,2025,Thương mại và dịch vụ,Siêu nhỏ,Đủ,Không,1.4964,0.984,4.4722,78.4803,1.4043,0.5844,1.4064,0.0,0.0124,0.0174,0.0419,1,0,57.6,75.43,69.19,BB,0
LS02322,2025,Công nghiệp,Siêu nhỏ,Đủ,Không,1.5567,0.7057,1.7037,80.0604,0.5634,0.5274,1.116,0.0,-0.0184,-0.0104,-0.022,1,0,38.0,64.57,55.27,B,0
LS02323,2022,Công nghiệp,Nhỏ,Đủ,Không,1.7856,1.0326,8.0359,22.067,1.3289,0.4961,0.9844,0.0,0.0478,0.0635,0.126,2,0,86.4,78.43,81.22,A,0
LS02324,2021,Thương mại và dịch vụ,Nhỏ,Đủ,Không,1.6721,0.8571,3.6046,52.8732,1.4605,0.4858,0.9448,0.0,0.0197,0.0288,0.056,1,1,66.8,80.87,75.94,BBB,0
LS02325,2024,Thương mại và dịch vụ,Vừa,Đủ,Không,1.6257,1.4764,14.1788,141.9346,0.8151,0.6421,1.7943,0.0,0.0218,0.0177,0.0496,1,0,64.0,68.4,66.86,BB,0
LS02326,2021,Thương mại và dịch vụ,Vừa,Đủ,Có,1.1134,1.0056,13.5124,121.725,0.9803,0.7407,2.8571,0.0,0.0407,0.0399,0.1537,1,0,60.0,65.2,62.86,BB,1
LS02327,2025,Thương mại và dịch vụ,Siêu nhỏ,Đủ,Không,2.2308,1.1025,3.6626,42.4337,1.9115,0.4258,0.7416,0.0,0.0,0.0,0.0,1,0,67.6,79.33,75.23,BBB,0
LS02328,2021,Công nghiệp,Siêu nhỏ,Đủ,Không,1.9803,0.9382,3.5445,21.304,1.1249,0.2706,0.371,0.0,0.0553,0.0622,0.0853,1,0,91.6,83.5,86.34,AA,0
LS02329,2022,Thương mại và dịch vụ,Nhỏ,Đủ,Không,1.4482,0.5884,2.3812,37.3861,1.1358,0.6442,1.8103,0.0,0.016,0.0181,0.0509,1,0,52.0,74.13,66.39,BB,0
LS02330,2023,Xây dựng,Siêu nhỏ,Không đủ,Không,,,,,,,,0.0,,,,1,0,28.0,73.8,62.35,BB,0
LS02331,2025,Thương mại và dịch vụ,Siêu nhỏ,Không đủ,Không,,,,,,,,0.0,,,,1,0,28.0,70.0,59.5,B,0
LS02332,2024,Xây dựng,Nhỏ,Đủ,Không,1.1082,0.762,2.0603,172.8032,0.5256,0.71,2.4488,0.0,0.0,0.0,0.0,1,0,45.6,65.7,58.67,B,0
LS02333,2025,Thương mại và dịch vụ,Nhỏ,Đủ,Có,1.2449,1.0752,5.47,196.8893,0.5623,0.4431,0.7958,0.0,0.07,0.0393,0.0706,1,0,67.2,69.67,68.56,BB,0
LS02334,2025,Thương mại và dịch vụ,Vừa,Đủ,Không,1.8049,1.1565,6.2439,58.3795,1.9392,0.4271,0.7455,0.0,0.0074,0.0143,0.0249,1,1,71.6,74.3,73.35,BBB,0
LS02335,2023,Thương mại và dịch vụ,Nhỏ,Đủ,Có,2.5627,1.6171,2.7404,86.3886,0.9253,0.3032,0.4351,0.0,-0.0124,-0.0115,-0.0165,2,0,58.0,63.13,60.82,B,0
LS02336,2021,Thương mại và dịch vụ,Lớn,Đủ,Có,0.9524,0.6775,8.7537,43.7202,2.1764,1.2137,-5.68,0.0,-0.1529,-0.3328,1.5575,1,1,45.2,64.2,55.65,B,0
LS02337,2023,Thương mại và dịch vụ,Siêu nhỏ,Không đủ,Không,,,,,,,,0.0,,,,1,0,28.0,65.2,55.9,B,1
LS02338,2023,Thương mại và dịch vụ,Lớn,Đủ,Có,1.7344,1.5146,4.9204,283.8028,0.419,0.735,2.7737,0.0,0.1179,0.0494,0.1863,2,0,67.2,59.5,62.97,BB,0
LS02339,2025,Thương mại và dịch vụ,Siêu nhỏ,Không đủ,Không,1.6793,1.0537,2.1883,129.0373,0.6296,0.3992,0.6643,0.0,-0.0124,-0.0078,-0.013,1,0,45.6,61.4,57.45,B,0
LS02340,2022,Công nghiệp,Nhỏ,Đủ,Không,1.8763,1.1755,4.5827,42.9214,1.2126,0.4341,0.7671,0.0,0.0414,0.0503,0.0888,1,0,82.0,79.4,80.31,A,0
LS02341,2022,Thương mại và dịch vụ,Vừa,Đủ,Có,1.1576,0.6389,5.0963,21.7241,2.3915,0.7778,3.4996,0.0,0.0079,0.0188,0.0847,1,1,52.8,65.9,60.0,B,0
LS02342,2023,Thương mại và dịch vụ,Nhỏ,Đủ,Không,2.1368,1.7328,6.4839,105.8991,0.7688,0.5945,1.4659,0.0,0.0531,0.0409,0.1007,1,0,73.2,68.5,70.14,BBB,0
LS02343,2023,Xây dựng,Siêu nhỏ,Đủ,Không,1.4706,1.0963,1.3929,327.0136,0.3007,0.5088,1.036,0.0,-0.0452,-0.0136,-0.0277,1,0,47.2,82.4,70.08,BBB,0
LS02344,2025,Thương mại và dịch vụ,Siêu nhỏ,Đủ,Không,1.5776,1.4898,20.3023,174.8023,0.843,0.363,0.5698,0.0,0.0193,0.0163,0.0256,1,0,72.4,82.13,78.73,A,0
LS02345,2025,Thương mại và dịch vụ,Nhỏ,Đủ,Không,1.6145,1.1356,4.7702,108.4594,1.315,0.7185,2.5527,0.0,0.0078,0.0102,0.0363,1,0,47.6,80.3,68.86,BB,0
LS02346,2022,Thương mại và dịch vụ,Siêu nhỏ,Đủ,Không,1.5709,1.1436,2.0124,274.3349,0.4283,0.4839,0.9375,0.0,0.0,0.0,0.0,1,0,44.4,72.9,62.92,BB,0
LS02347,2025,Thương mại và dịch vụ,Siêu nhỏ,Đủ,Không,1.5159,0.8254,2.6328,60.7353,1.0411,0.526,1.1097,0.0,0.0,0.0,0.0,1,0,50.8,61.27,57.6,B,0
LS02348,2024,Thương mại và dịch vụ,Nhỏ,Đủ,Không,2.1722,1.4715,2.0323,174.683,0.5237,0.6711,2.0405,0.0,0.0349,0.0183,0.0556,1,0,52.8,73.3,66.12,BB,0
LS02349,2023,"Nông, lâm nghiệp và thủy sản",Siêu nhỏ,Đủ,Không,1.2715,0.9503,2.4845,228.2959,0.3463,0.3917,0.6439,0.0,-0.0112,-0.0039,-0.0064,1,0,57.6,53.57,54.98,B,0
LS02350,2023,Thương mại và dịch vụ,Lớn,Đủ,Có,1.9481,1.5448,2.7453,290.1119,0.3814,0.6345,1.7363,0.0,0.0749,0.0286,0.0782,1,0,64.0,79.27,72.4,BBB,0
LS02351,2025,Thương mại và dịch vụ,Nhỏ,Đủ,Có,1.3591,0.634,4.1113,27.5857,2.0113,0.6105,1.5673,0.0,0.0156,0.0313,0.0804,1,0,63.6,74.27,69.47,BB,0
LS02352,2022,Thương mại và dịch vụ,Siêu nhỏ,Đủ,Không,1.6851,0.7327,4.4699,34.9845,2.0507,0.5082,1.0331,0.0,0.0225,0.0462,0.0939,2,0,75.2,79.9,78.26,A,0
LS02353,2025,Thương mại và dịch vụ,Nhỏ,Đủ,Có,1.574,1.4231,18.3548,94.4701,0.9674,0.5581,1.2627,0.0,0.0366,0.0354,0.0801,1,1,73.2,78.87,76.32,BBB,0
LS02354,2022,Thương mại và dịch vụ,Nhỏ,Đủ,Không,1.0394,0.8978,7.9651,144.3863,0.7002,0.7609,3.1827,0.0,-0.0446,-0.0312,-0.1306,1,0,32.8,67.27,55.2,B,0
LS02355,2021,Thương mại và dịch vụ,Lớn,Đủ,Có,1.3098,0.897,3.6383,116.8346,0.9727,0.5709,1.3305,0.0,0.0521,0.0507,0.1181,1,0,69.2,83.6,77.12,BBB,0
LS02356,2021,Thương mại và dịch vụ,Siêu nhỏ,Đủ,Không,17.5517,14.1897,3.441,243.3333,0.4431,0.0302,0.0311,0.0,-0.0352,-0.0156,-0.0161,2,0,54.0,64.23,60.65,B,1
LS02357,2024,Thương mại và dịch vụ,Siêu nhỏ,Đủ,Không,1.5485,1.3544,7.7326,172.761,0.6929,0.6937,2.2651,0.0,0.0,0.0,0.0,1,0,46.0,74.93,64.81,BB,0
LS02358,2023,Công nghiệp,Nhỏ,Đủ,Không,2.6625,0.7052,2.4989,21.1239,1.1128,0.3983,0.6619,0.0,0.0887,0.0987,0.164,1,0,85.2,87.8,86.89,AA,0
LS02359,2021,Thương mại và dịch vụ,Nhỏ,Đủ,Không,1.905,1.719,10.2429,155.3441,0.8198,0.6877,2.2024,0.0,-0.031,-0.0254,-0.0813,1,0,50.0,66.47,60.7,B,0
LS02360,2023,Thương mại và dịch vụ,Siêu nhỏ,Đủ,Không,1.8874,1.6518,8.2667,137.1493,0.8154,0.616,1.6043,0.0,-0.015,-0.0123,-0.0319,1,2,52.4,60.5,57.67,B,0
LS02361,2025,Thương mại và dịch vụ,Siêu nhỏ,Không đủ,Không,,,,,,,,0.0,,,,1,0,28.0,81.4,68.05,BB,0
LS02362,2021,Công nghiệp,Nhỏ,Đủ,Không,1.2198,0.9644,7.8954,120.4658,0.8574,0.4316,0.7593,0.0,0.0067,0.0058,0.0102,2,0,58.4,59.03,58.81,B,0
LS02363,2023,Xây dựng,Nhỏ,Đủ,Không,1.2198,0.7311,1.8652,148.3118,0.7226,0.708,2.4252,0.0,0.0,0.0,0.0,1,0,47.6,63.27,57.78,B,0
LS02364,2025,Xây dựng,Siêu nhỏ,Đủ,Không,1.6221,1.1083,1.7494,260.9662,0.4767,0.4991,0.9966,0.0,0.0314,0.015,0.0299,1,0,78.0,84.57,82.27,A,0
LS02365,2021,Thương mại và dịch vụ,Nhỏ,Đủ,Không,1.4775,0.8968,7.5494,35.3789,2.4022,0.5748,1.3519,0.0,0.0131,0.0315,0.0741,1,0,70.8,82.2,78.21,A,0
LS02366,2023,Công nghiệp,Vừa,Đủ,Không,2.4942,1.8772,7.1303,101.6271,0.9344,0.6197,1.6297,0.0,0.0924,0.0864,0.2271,1,1,80.0,75.43,77.03,BBB,0
LS02367,2024,Thương mại và dịch vụ,Nhỏ,Đủ,Không,1.7542,1.1084,4.6767,52.4568,1.7807,0.5207,1.0865,0.0,-0.014,-0.025,-0.0521,1,0,57.2,59.43,58.65,B,0
LS02368,2025,Thương mại và dịch vụ,Siêu nhỏ,Đủ,Không,1.2265,0.6507,3.2999,76.5437,1.3618,0.7369,2.8007,0.0,0.0,0.0,0.0,1,0,42.0,74.6,63.19,BB,0
LS02369,2021,Thương mại và dịch vụ,Siêu nhỏ,Đủ,Không,1.5231,1.0985,2.8551,162.9831,0.5929,0.693,2.2572,0.0,0.0,0.0,0.0,1,0,38.4,72.2,60.37,B,0
LS02370,2025,Thương mại và dịch vụ,Nhỏ,Đủ,Không,1.7044,1.0663,4.7545,67.0119,1.7205,0.6009,1.5056,0.0,0.0103,0.0176,0.0442,1,0,61.2,74.47,69.82,BBB,0
LS02371,2022,Thương mại và dịch vụ,Siêu nhỏ,Đủ,Không,1.6031,0.9779,5.6349,36.2249,1.9462,0.6528,1.8803,0.0,0.0155,0.0302,0.0869,1,0,67.6,81.5,76.63,BBB,0
LS02372,2024,Thương mại và dịch vụ,Nhỏ,Đủ,Không,1.5524,1.2432,11.7245,67.2163,1.2286,0.4225,0.7317,0.0,0.1391,0.1709,0.2959,1,0,89.2,80.2,83.35,A,0
LS02373,2021,Xây dựng,Nhỏ,Đủ,Có,1.0965,0.7092,2.6446,136.3628,0.8947,0.8517,5.7453,0.0,0.0155,0.0139,0.0935,1,1,59.2,69.87,65.07,BB,0
LS02374,2024,"Nông, lâm nghiệp và thủy sản",Nhỏ,Đủ,Có,1.5909,0.7581,1.0,45.2377,0.2988,0.4176,0.7169,0.0,0.1774,0.053,0.091,1,0,79.2,81.4,80.41,A,0
LS02375,2024,Thương mại và dịch vụ,Siêu nhỏ,Đủ,Không,1.2179,1.1163,19.0658,113.916,1.0608,0.4651,0.8694,0.0,0.0,0.0,0.0,1,0,59.2,78.8,71.94,BBB,0
LS02376,2024,Công nghiệp,Nhỏ,Đủ,Không,1.7427,0.9474,3.08,71.1702,0.8996,0.3247,0.4808,0.0,0.0277,0.0249,0.0369,1,0,64.8,81.2,75.46,BBB,0
LS02377,2023,Thương mại và dịch vụ,Siêu nhỏ,Không đủ,Không,,,,,,,,0.0,,,,1,0,28.0,82.0,68.5,BB,0
LS02378,2023,Thương mại và dịch vụ,Nhỏ,Đủ,Không,1.4912,1.0764,10.8441,32.9777,2.4384,0.4975,0.99,0.0,0.054,0.1316,0.2619,1,0,88.0,81.97,84.08,A,0
LS02379,2022,Thương mại và dịch vụ,Siêu nhỏ,Không đủ,Không,,,,,,,,0.0,,,,1,0,28.0,78.6,65.95,BB,0
LS02380,2022,Thương mại và dịch vụ,Siêu nhỏ,Đủ,Không,1.49,1.0049,7.8581,49.7852,2.3941,0.5517,1.2308,0.0,-0.0284,-0.0679,-0.1514,1,0,58.4,59.93,59.4,B,0
LS02381,2025,Công nghiệp,Nhỏ,Đủ,Không,1.4808,0.8805,2.4686,79.9051,0.5,0.509,1.0365,0.0,0.0,0.0,0.0,1,0,44.4,76.4,65.2,BB,0
LS02382,2022,Thương mại và dịch vụ,Siêu nhỏ,Không đủ,Không,,,,,,,,0.0,,,,1,0,28.0,81.6,68.2,BB,0
LS02383,2022,Thương mại và dịch vụ,Nhỏ,Đủ,Không,2.4069,1.358,2.8363,98.1143,1.1547,0.505,1.0201,0.0,0.0229,0.0264,0.0533,1,0,67.2,84.6,78.51,A,0
LS02384,2024,Thương mại và dịch vụ,Siêu nhỏ,Đủ,Không,2.0883,1.3105,5.9414,66.4746,1.7627,0.4532,0.8287,0.0,0.0153,0.027,0.0493,1,0,79.2,84.7,82.78,A,0
LS02385,2025,Xây dựng,Siêu nhỏ,Đủ,Không,1.049,0.8336,3.5325,223.0556,0.4914,0.5577,1.261,0.0,-0.0492,-0.0242,-0.0547,1,0,50.8,62.17,58.19,B,0
LS02386,2021,Thương mại và dịch vụ,Lớn,Đủ,Có,1.9816,1.8704,19.7008,150.9535,0.9566,0.4285,0.7497,0.0,0.1605,0.1535,0.2686,1,0,88.0,78.87,82.98,A,0
LS02387,2024,Thương mại và dịch vụ,Siêu nhỏ,Đủ,Không,1.7594,1.4679,5.422,159.9602,0.4097,0.5832,1.3995,0.0,0.0,0.0,0.0,1,0,49.6,76.6,67.15,BB,0
LS02388,2022,Thương mại và dịch vụ,Vừa,Đủ,Không,1.4788,1.3039,8.7464,151.6112,1.0565,0.7963,3.909,0.0,0.0562,0.0594,0.2915,2,0,60.0,56.43,57.68,B,0
LS02389,2023,Công nghiệp,Nhỏ,Đủ,Có,1.6366,0.6636,4.7834,14.0616,1.5163,0.3903,0.6401,0.0,0.0653,0.099,0.1624,1,0,90.0,75.2,81.86,A,0
LS02390,2023,Thương mại và dịch vụ,Nhỏ,Đủ,Không,2.0475,1.0793,2.2435,95.5469,1.0486,0.4314,0.7586,0.0,0.0151,0.0158,0.0278,2,0,61.2,71.27,67.74,BB,0
LS02391,2022,Thương mại và dịch vụ,Siêu nhỏ,Không đủ,Không,,,,,,,,0.0,,,,1,0,28.0,66.0,56.5,B,0
LS02392,2024,Thương mại và dịch vụ,Vừa,Đủ,Có,1.3742,0.7298,2.948,70.1865,1.4252,0.6585,1.9281,0.0,0.0063,0.009,0.0262,1,0,49.2,79.6,65.92,BB,0
LS02393,2024,Thương mại và dịch vụ,Nhỏ,Đủ,Không,1.4755,1.2321,7.2612,96.4287,1.0937,0.6423,1.7957,0.0,0.0,0.0,0.0,1,1,54.0,71.53,65.4,BB,0
LS02394,2025,Xây dựng,Siêu nhỏ,Đủ,Không,1.0531,0.8214,2.7932,254.7568,0.5237,0.6801,2.1259,0.0,0.0373,0.0195,0.0611,1,0,65.2,74.13,71.01,BBB,0
LS02395,2021,Thương mại và dịch vụ,Siêu nhỏ,Đủ,Không,2.869,1.7784,2.6256,92.0565,1.0019,0.2897,0.4078,0.0,0.0,0.0,0.0,1,0,64.8,65.53,65.28,BB,0
LS02396,2025,Thương mại và dịch vụ,Nhỏ,Đủ,Không,2.219,1.6295,15.316,34.1461,3.2444,0.3155,0.4608,0.0,0.0225,0.073,0.1066,1,0,95.2,71.17,79.58,A,0
LS02397,2023,Thương mại và dịch vụ,Nhỏ,Đủ,Không,1.4179,1.2478,7.4514,202.0584,0.6477,0.4395,0.784,0.0,0.0921,0.0597,0.1064,1,0,74.0,79.67,77.68,A,0
LS02398,2025,Xây dựng,Siêu nhỏ,Đủ,Không,1.5243,1.3529,4.3881,348.6078,0.4014,0.47,0.8866,0.0,-0.0868,-0.0349,-0.0658,1,0,58.8,60.6,59.97,B,0
LS02399,2022,Thương mại và dịch vụ,Siêu nhỏ,Đủ,Không,1.4243,0.7229,2.8608,68.1419,1.4537,0.6156,1.6013,0.0,-0.0266,-0.0387,-0.1007,1,0,42.8,75.87,64.29,BB,0
LS02400,2025,Thương mại và dịch vụ,Nhỏ,Đủ,Không,2.1651,1.2046,2.7824,49.6993,1.0244,0.3411,0.5177,0.0,0.0282,0.0289,0.0439,1,0,71.2,79.53,76.62,BBB,0
LS02401,2025,Thương mại và dịch vụ,Nhỏ,Đủ,Không,1.214,0.7616,4.0214,60.9018,1.228,0.66,1.9414,0.0,0.0,0.0,0.0,1,0,47.2,77.9,67.16,BB,0
LS02402,2025,Thương mại và dịch vụ,Nhỏ,Đủ,Không,1.1238,0.6769,3.9962,68.8914,1.3211,0.6648,1.9832,0.0,0.0181,0.0239,0.0712,1,0,48.4,67.87,61.05,B,0
LS02403,2023,Thương mại và dịch vụ,Siêu nhỏ,Không đủ,Không,,,,,,,,0.0,,,,1,0,28.0,71.67,60.75,B,0
LS02404,2023,Xây dựng,Siêu nhỏ,Đủ,Không,2.4162,1.8503,3.3568,146.4023,0.7245,0.323,0.4771,0.0,0.1225,0.0887,0.1311,1,0,100.0,63.0,75.95,BBB,0
LS02405,2024,Thương mại và dịch vụ,Siêu nhỏ,Không đủ,Không,,,,,,,,0.0,,,,1,0,28.0,79.4,66.55,BB,0
LS02406,2024,Thương mại và dịch vụ,Nhỏ,Đủ,Có,1.5133,1.2244,4.2082,232.0408,0.6484,0.5986,1.4911,0.0,-0.059,-0.0383,-0.0953,1,0,41.2,65.43,54.53,B,0
LS02407,2025,Thương mại và dịch vụ,Siêu nhỏ,Đủ,Không,1.4888,1.02,2.4096,148.6811,0.5416,0.5461,1.2032,0.0,0.0334,0.0181,0.0398,1,0,54.0,69.03,63.77,BB,0
LS02408,2021,Thương mại và dịch vụ,Siêu nhỏ,Không đủ,Không,1.5538,1.1886,4.3722,162.1815,0.7687,0.3894,0.6376,0.0,0.1063,0.0817,0.1338,1,0,75.6,71.67,72.65,BB,0
LS02409,2024,Thương mại và dịch vụ,Siêu nhỏ,Đủ,Không,2.3206,2.1873,9.1667,329.2449,0.4467,0.5041,1.0165,0.0,0.0551,0.0246,0.0496,1,0,69.6,86.8,80.78,A,0
LS02410,2022,Thương mại và dịch vụ,Nhỏ,Đủ,Không,1.6212,0.8749,2.4996,57.8931,1.0436,0.5085,1.0347,0.0,0.0059,0.0061,0.0124,1,0,54.4,73.07,66.53,BB,0
LS02411,2021,Thương mại và dịch vụ,Siêu nhỏ,Đủ,Không,1.7152,1.1353,4.1774,93.7693,1.5079,0.5539,1.2417,0.0,0.0,0.0,0.0,1,0,58.4,67.5,64.32,BB,0
LS02412,2024,Xây dựng,Siêu nhỏ,Không đủ,Không,,,,,,,,0.0,,,,1,0,28.0,73.27,61.95,B,0
LS02413,2024,Xây dựng,Nhỏ,Đủ,Không,0.9625,0.6343,1.6993,199.7382,0.4559,0.711,2.4596,0.0,0.0109,0.0049,0.0171,1,0,40.0,71.2,60.28,B,0
LS02414,2025,Thương mại và dịch vụ,Nhỏ,Đủ,Không,2.0204,0.9675,5.351,23.204,2.5777,0.5664,1.3061,0.0,0.0376,0.0968,0.2233,1,0,83.2,78.27,79.99,A,0
LS02415,2024,Thương mại và dịch vụ,Vừa,Đủ,Không,1.2165,0.6469,2.3993,57.4149,0.8193,0.517,1.0706,0.0,0.0595,0.0488,0.101,1,0,64.4,77.9,73.18,BBB,0
LS02416,2023,Thương mại và dịch vụ,Nhỏ,Đủ,Không,2.2114,2.0239,19.4088,102.8947,0.9467,0.522,1.092,0.0,0.0,0.0,0.0,1,1,64.8,69.87,68.09,BB,0
LS02417,2025,Thương mại và dịch vụ,Nhỏ,Đủ,Không,2.1411,0.942,2.1985,52.0531,1.2332,0.5085,1.0345,0.0,0.012,0.0149,0.0302,1,0,61.2,77.13,71.56,BBB,0
LS02418,2023,Công nghiệp,Siêu nhỏ,Không đủ,Không,,,,,,,,0.0,,,,1,0,28.0,73.87,62.4,BB,0
LS02419,2021,Công nghiệp,Siêu nhỏ,Đủ,Không,1.438,0.6694,2.2634,46.5196,0.8347,0.3961,0.6558,0.0,-0.0333,-0.0278,-0.0461,1,0,52.4,75.5,67.42,BB,0
LS02420,2025,Thương mại và dịch vụ,Nhỏ,Đủ,Không,1.3542,1.0124,5.1043,105.6757,1.2226,0.6146,1.595,0.0,0.0038,0.0046,0.0119,1,0,50.8,74.9,66.46,BB,0
LS02421,2021,Thương mại và dịch vụ,Siêu nhỏ,Đủ,Không,1.4771,0.8183,2.5516,41.4005,1.0181,0.5318,1.1359,0.0,0.01,0.0102,0.0218,1,0,49.6,84.93,72.57,BBB,0
LS02422,2021,Xây dựng,Lớn,Đủ,Có,1.051,0.8282,3.2357,229.3798,0.5813,0.7879,3.7142,0.0,0.0232,0.0135,0.0636,1,1,63.6,64.8,64.26,BB,0
LS02423,2022,Thương mại và dịch vụ,Nhỏ,Đủ,Không,2.5031,1.7294,3.9931,93.3756,1.1123,0.3427,0.5214,0.0,0.0,0.0,0.0,1,2,66.8,62.53,64.03,BB,0
LS02424,2024,Thương mại và dịch vụ,Nhỏ,Đủ,Không,1.3888,1.2288,11.7525,109.9073,1.0518,0.5055,1.0224,0.0,-0.0374,-0.0393,-0.0796,1,0,53.6,74.2,66.99,BB,0
LS02425,2024,Thương mại và dịch vụ,Nhỏ,Đủ,Không,2.5045,2.104,4.5016,188.1127,0.7023,0.4759,0.9079,0.0,0.0228,0.016,0.0306,1,0,59.6,76.8,70.78,BBB,0
LS02426,2023,Công nghiệp,Vừa,Đủ,Không,0.9569,0.3786,1.7058,57.4316,0.6548,0.6648,1.9829,0.0,-0.0169,-0.011,-0.0329,2,1,31.2,69.47,56.07,B,1
LS02427,2022,Xây dựng,Siêu nhỏ,Không đủ,Không,,,,,,,,0.0,,,,1,0,28.0,78.07,65.55,BB,0
LS02428,2022,Thương mại và dịch vụ,Nhỏ,Đủ,Không,1.4365,1.1786,2.8594,333.5783,0.4886,0.5564,1.2543,0.0,0.0439,0.0215,0.0484,1,1,56.0,83.87,74.11,BBB,0
LS02429,2022,Thương mại và dịch vụ,Nhỏ,Đủ,Không,1.2911,1.2045,28.8144,97.3053,1.1,0.4735,0.8993,0.0,0.0257,0.0282,0.0536,1,0,70.4,77.2,74.82,BBB,1
LS02430,2024,Thương mại và dịch vụ,Siêu nhỏ,Đủ,Không,1.9844,1.6771,7.3559,146.0,0.685,0.2248,0.29,0.0,-0.0137,-0.0094,-0.0121,1,1,60.4,58.97,59.47,B,0
LS02431,2022,Thương mại và dịch vụ,Siêu nhỏ,Đủ,Không,2.2928,2.0065,9.947,144.6886,0.7357,0.5493,1.219,0.0,0.018,0.0132,0.0293,1,0,65.6,78.97,74.29,BBB,0
LS02432,2022,Thương mại và dịch vụ,Nhỏ,Đủ,Không,1.3492,0.8589,4.4419,58.7933,1.1568,0.5506,1.2253,0.0,0.0524,0.0606,0.135,1,0,71.2,80.7,77.37,A,0
LS02433,2023,Công nghiệp,Siêu nhỏ,Không đủ,Không,,,,,,,,0.0,,,,1,0,28.0,72.87,61.65,B,0
LS02434,2021,Thương mại và dịch vụ,Vừa,Đủ,Không,1.6506,1.2258,2.7049,182.764,0.5235,0.4582,0.8458,0.0,0.0929,0.0487,0.0898,1,0,68.0,74.6,72.29,BBB,0
LS02435,2025,Thương mại và dịch vụ,Nhỏ,Đủ,Không,3.1226,2.0896,7.4234,45.7719,2.2719,0.2687,0.3675,0.0,0.0126,0.0286,0.0391,1,0,83.2,75.5,78.19,A,0
LS02436,2024,Thương mại và dịch vụ,Nhỏ,Đủ,Không,2.0464,1.3977,5.249,62.9221,1.5459,0.4327,0.7628,0.0,0.0728,0.1125,0.1983,1,0,90.4,67.87,75.75,BBB,0
LS02437,2025,Thương mại và dịch vụ,Nhỏ,Đủ,Không,1.6336,1.4095,7.1346,155.5708,0.5956,0.7194,2.564,0.0,0.0364,0.0217,0.0772,1,0,55.2,72.67,66.55,BB,0
LS02438,2021,Xây dựng,Vừa,Đủ,Có,1.4948,0.8205,0.8383,130.7277,0.3473,0.5374,1.1615,0.0,0.0152,0.0053,0.0114,1,0,58.0,78.6,69.33,BB,0
LS02439,2025,Thương mại và dịch vụ,Nhỏ,Đủ,Không,1.3399,0.7468,2.1211,82.652,0.8118,0.6225,1.6487,0.0,0.0095,0.0077,0.0204,1,0,43.6,79.2,66.74,BB,0
LS02440,2021,Thương mại và dịch vụ,Nhỏ,Đủ,Không,1.5898,1.1926,4.4529,146.9329,0.8565,0.5475,1.2101,0.0,0.0527,0.0452,0.0998,1,0,68.4,78.6,75.03,BBB,0
LS02441,2024,Công nghiệp,Siêu nhỏ,Không đủ,Không,,,,,,,,0.0,,,,1,0,28.0,77.8,65.35,BB,0
LS02442,2021,Thương mại và dịch vụ,Siêu nhỏ,Đủ,Không,2.1633,2.0,10.0833,242.3783,0.4863,0.4053,0.6816,0.0,0.0,0.0,0.0,2,0,60.8,75.83,70.57,BBB,0
LS02443,2022,Công nghiệp,Nhỏ,Đủ,Không,1.3527,0.966,5.1603,81.6141,1.1616,0.4715,0.8921,0.0,0.1176,0.1367,0.2586,1,0,81.2,83.83,82.91,A,0
LS02444,2023,Thương mại và dịch vụ,Nhỏ,Đủ,Có,2.1877,1.3783,5.1518,53.8055,1.7703,0.3951,0.6533,0.0,0.0109,0.0194,0.032,1,0,72.8,82.2,77.97,A,0
LS02445,2021,Thương mại và dịch vụ,Siêu nhỏ,Không đủ,Không,,,,,,,,0.0,,,,1,0,28.0,65.8,56.35,B,0
LS02446,2025,Thương mại và dịch vụ,Vừa,Đủ,Có,1.473,1.4107,26.8045,162.026,0.8865,0.5654,1.3011,0.0,0.0641,0.0568,0.1307,1,0,74.0,76.53,75.39,BBB,0
LS02447,2024,Thương mại và dịch vụ,Nhỏ,Đủ,Không,1.4139,0.6524,2.5552,48.999,1.1435,0.5289,1.1226,0.0,0.009,0.0103,0.0219,2,0,53.2,66.13,61.61,B,0
LS02448,2024,Công nghiệp,Siêu nhỏ,Đủ,Không,1.1565,0.8608,4.6926,150.262,0.7187,0.4675,0.8778,0.0,-0.0157,-0.0113,-0.0212,1,0,46.4,67.5,60.11,B,0
LS02449,2024,Thương mại và dịch vụ,Nhỏ,Không đủ,Không,1.3093,0.6409,2.5604,35.0921,0.972,0.508,1.0324,0.0,0.0101,0.0098,0.0199,1,0,51.6,66.37,62.67,BB,0
LS02450,2023,Thương mại và dịch vụ,Nhỏ,Đủ,Không,1.7194,1.4811,10.6181,111.6431,1.1976,0.5585,1.2648,0.0,0.0353,0.0422,0.0957,1,0,79.6,70.6,73.75,BBB,0
LS02451,2025,Công nghiệp,Nhỏ,Đủ,Không,1.4827,0.9051,4.4657,74.7055,0.7726,0.2782,0.3854,0.0,-0.0551,-0.0426,-0.059,1,0,57.2,78.27,70.89,BBB,0
LS02452,2021,Công nghiệp,Siêu nhỏ,Đủ,Không,1.8711,0.8831,2.4402,48.3383,0.7107,0.4167,0.7143,0.0,0.0321,0.0228,0.0391,1,0,68.0,87.8,80.87,A,0
LS02453,2022,Thương mại và dịch vụ,Nhỏ,Đủ,Không,1.5779,1.3951,14.191,113.0563,1.3032,0.4399,0.7854,0.0,0.0952,0.1241,0.2216,1,1,85.2,84.37,84.66,A,0
LS02454,2022,Thương mại và dịch vụ,Vừa,Đủ,Không,1.9938,1.6027,6.4472,89.3764,1.2354,0.3306,0.4939,0.0,0.3,0.3706,0.5536,1,1,90.0,62.73,72.28,BBB,0
LS02455,2023,Thương mại và dịch vụ,Nhỏ,Đủ,Không,1.5426,1.2622,3.877,182.7852,0.4389,0.4279,0.7481,0.0,0.0473,0.0208,0.0363,1,1,60.4,80.87,73.7,BBB,0
LS02456,2021,Thương mại và dịch vụ,Siêu nhỏ,Không đủ,Không,2.5785,1.0954,5.0818,19.8966,2.8972,0.3424,0.5207,0.0,-0.0113,-0.0327,-0.0497,1,0,68.8,62.07,63.75,BB,0
LS02457,2021,Thương mại và dịch vụ,Siêu nhỏ,Không đủ,Không,,,,,,,,0.0,,,,1,0,28.0,72.13,61.1,B,0
LS02458,2022,Thương mại và dịch vụ,Nhỏ,Đủ,Không,1.4983,1.0013,8.5584,44.5451,2.3905,0.7336,2.7538,0.0,0.0159,0.0381,0.143,1,0,67.2,79.2,75.0,BBB,0
LS02459,2023,Thương mại và dịch vụ,Nhỏ,Đủ,Không,1.6997,1.4729,9.067,139.204,0.951,0.5558,1.2514,0.0,0.0332,0.0316,0.071,1,0,72.4,79.57,77.06,BBB,0
LS02460,2021,Công nghiệp,Vừa,Đủ,Có,1.7679,1.0301,3.0841,75.1969,0.7284,0.5534,1.2392,0.0,0.0664,0.0484,0.1083,1,0,68.4,78.43,73.92,BBB,0
LS02461,2022,Thương mại và dịch vụ,Nhỏ,Đủ,Không,1.3491,0.9467,12.5675,29.4553,2.6254,0.8392,5.2182,0.0,-0.0517,-0.1358,-0.8442,1,0,52.0,75.3,67.14,BB,0
LS02462,2021,Thương mại và dịch vụ,Siêu nhỏ,Không đủ,Không,,,,,,,,0.0,,,,1,0,28.0,82.6,68.95,BB,0
LS02463,2022,Thương mại và dịch vụ,Siêu nhỏ,Đủ,Không,1.3164,0.7582,6.3201,36.8857,2.546,0.6306,1.7071,0.0,-0.0288,-0.0734,-0.1988,1,0,50.8,67.3,61.52,B,0
LS02464,2021,Xây dựng,Siêu nhỏ,Đủ,Không,1.3032,0.7311,0.7015,374.396,0.2785,0.5935,1.46,0.0,0.0257,0.0072,0.0176,1,0,40.0,79.37,65.59,BB,0
LS02465,2021,Thương mại và dịch vụ,Nhỏ,Đủ,Không,1.2136,0.8658,7.4059,57.8756,1.5553,0.4601,0.8522,0.0,-0.0106,-0.0166,-0.0307,1,0,60.4,56.77,58.04,B,0
LS02466,2023,Xây dựng,Nhỏ,Đủ,Không,1.2115,0.5252,1.3664,99.3774,0.6287,0.6048,1.5306,0.0,0.0257,0.0162,0.041,1,1,61.2,52.53,55.57,B,0
LS02467,2021,Thương mại và dịch vụ,Siêu nhỏ,Không đủ,Không,,,,,,,,0.0,,,,1,0,28.0,82.0,68.5,BB,0
LS02468,2022,Thương mại và dịch vụ,Nhỏ,Đủ,Không,1.508,0.8693,4.7217,61.7709,1.799,0.5159,1.0655,0.0,0.0,0.0,0.0,1,0,58.8,75.3,69.53,BB,0
LS02469,2023,Thương mại và dịch vụ,Nhỏ,Đủ,Không,1.2921,0.6377,2.874,50.8889,1.3656,0.6929,2.2558,0.0,-0.0275,-0.0376,-0.1225,1,1,38.8,65.53,56.18,B,0
LS02470,2021,Thương mại và dịch vụ,Nhỏ,Đủ,Có,1.7001,1.2414,10.5207,47.6931,2.6296,0.4761,0.9087,0.0,0.0688,0.181,0.3455,1,0,90.8,73.27,81.16,A,0
LS02471,2021,Thương mại và dịch vụ,Nhỏ,Đủ,Có,1.4671,0.4889,4.9382,16.039,2.7963,0.6721,2.0502,0.0,0.0196,0.0547,0.1669,2,0,68.0,70.13,69.17,BB,0
LS02472,2021,Xây dựng,Siêu nhỏ,Đủ,Không,1.5145,1.0,0.9668,335.4624,0.2857,0.6012,1.5072,0.0,0.0,0.0,0.0,1,0,40.4,76.7,64.0,BB,0
LS02473,2024,Xây dựng,Siêu nhỏ,Không đủ,Không,,,,,,,,0.0,,,,1,0,28.0,72.27,61.2,B,0
LS02474,2021,Thương mại và dịch vụ,Siêu nhỏ,Đủ,Không,1.2624,0.8397,3.2797,142.4691,0.9044,0.5931,1.4575,0.0,-0.0461,-0.0417,-0.1025,1,1,36.8,64.87,55.04,B,1
LS02475,2021,Thương mại và dịch vụ,Siêu nhỏ,Không đủ,Không,,,,,,,,0.0,,,,1,0,28.0,68.47,58.35,B,0
LS02476,2023,Xây dựng,Siêu nhỏ,Không đủ,Không,,,,,,,,0.0,,,,2,0,28.0,75.2,63.4,BB,0
LS02477,2023,Thương mại và dịch vụ,Nhỏ,Đủ,Không,1.9662,1.0786,1.2633,177.0668,0.4877,0.7604,3.1738,0.0,-0.0158,-0.0077,-0.0322,1,0,32.8,75.27,60.4,B,0
LS02478,2024,Thương mại và dịch vụ,Siêu nhỏ,Đủ,Không,1.9039,0.9233,1.6933,84.6403,0.7354,0.5978,1.4862,0.0,0.0204,0.015,0.0373,1,0,54.4,81.97,72.32,BBB,0
LS02479,2022,Thương mại và dịch vụ,Nhỏ,Đủ,Không,2.8621,1.6964,2.2844,88.6475,0.9427,0.3156,0.4611,0.0,0.0135,0.0127,0.0186,1,0,64.4,77.2,72.72,BBB,0
LS02480,2021,Thương mại và dịch vụ,Nhỏ,Đủ,Không,0.8922,0.8686,59.4883,125.7333,0.9875,0.5686,1.3181,0.0,0.0265,0.0262,0.0607,2,2,59.2,62.13,61.11,B,0
LS02481,2024,Thương mại và dịch vụ,Siêu nhỏ,Không đủ,Không,,,,,,,,0.0,,,,1,0,28.0,82.67,69.0,BB,0
LS02482,2022,Thương mại và dịch vụ,Nhỏ,Đủ,Không,2.111,1.6969,5.5908,129.8419,0.9504,0.3148,0.4594,0.0,0.1032,0.098,0.1431,1,0,84.0,90.0,87.9,AA,0
LS02483,2025,Thương mại và dịch vụ,Siêu nhỏ,Không đủ,Không,,,,,,,,0.0,,,,1,0,28.0,76.07,64.05,BB,0
LS02484,2024,Xây dựng,Siêu nhỏ,Không đủ,Không,,,,,,,,0.0,,,,1,1,28.0,63.93,54.95,B,0
LS02485,2023,Xây dựng,Siêu nhỏ,Đủ,Không,1.5986,1.2857,1.6304,447.4859,0.236,0.456,0.8382,0.0,0.0169,0.004,0.0074,1,1,53.6,76.37,68.4,BB,0
LS02486,2024,Công nghiệp,Lớn,Đủ,Có,1.3023,0.7611,2.3989,73.0195,0.6138,0.7663,3.2793,0.0,0.0433,0.0266,0.1137,1,1,52.4,70.07,62.12,BB,1
LS02487,2024,Thương mại và dịch vụ,Vừa,Đủ,Không,1.0725,0.8699,3.3252,191.4643,0.4671,0.7505,3.0084,0.0,0.0562,0.0263,0.1052,2,1,41.2,67.17,58.08,B,0
LS02488,2023,Công nghiệp,Nhỏ,Đủ,Không,1.0646,0.6952,3.5289,90.4501,0.6872,0.6191,1.6253,0.0,0.0829,0.057,0.1496,1,0,57.2,75.83,69.31,BB,0
LS02489,2021,Thương mại và dịch vụ,Lớn,Đủ,Có,1.1732,0.8444,8.6815,58.0437,2.1215,0.7061,2.403,0.0,-0.009,-0.0191,-0.0648,2,0,56.4,63.63,60.38,B,0
LS02490,2024,Thương mại và dịch vụ,Nhỏ,Đủ,Không,1.5863,1.4137,13.0437,104.7136,0.9478,0.5365,1.1575,0.0,0.0,0.0,0.0,1,0,60.0,70.6,66.89,BB,0
LS02491,2022,Công nghiệp,Nhỏ,Đủ,Không,1.1803,0.4158,3.3342,16.2153,1.0384,0.5894,1.4356,0.0,0.0477,0.0495,0.1205,1,0,64.4,85.9,78.38,A,0
LS02492,2022,Thương mại và dịch vụ,Nhỏ,Đủ,Có,1.4463,0.4922,2.6198,36.1031,1.4465,0.5617,1.2816,0.0,0.0155,0.0224,0.0511,1,0,58.0,84.0,72.3,BBB,0
LS02493,2022,Thương mại và dịch vụ,Siêu nhỏ,Đủ,Không,1.7182,1.3215,6.5282,105.3134,1.602,0.5088,1.0358,0.0,-0.0249,-0.0399,-0.0811,3,0,57.2,58.5,58.04,B,0
LS02494,2024,Thương mại và dịch vụ,Nhỏ,Đủ,Không,1.8217,0.9339,4.9852,24.9712,2.4098,0.5227,1.0952,0.0,0.0023,0.0055,0.0114,1,0,68.0,72.2,70.73,BBB,0
LS02495,2021,Xây dựng,Nhỏ,Đủ,Không,1.3402,0.9506,3.5153,132.1439,0.7413,0.5642,1.2945,0.0,0.0,0.0,0.0,1,1,68.4,69.93,69.4,BB,0
LS02496,2023,Thương mại và dịch vụ,Siêu nhỏ,Không đủ,Không,1.6341,0.6825,1.1985,72.6215,0.6726,0.5493,1.2186,0.0,0.0,0.0,0.0,1,1,47.2,67.23,62.22,BB,0
LS02497,2023,Thương mại và dịch vụ,Siêu nhỏ,Đủ,Có,2.0843,1.1366,4.5859,40.0499,1.5695,0.3366,0.5074,0.0,0.0262,0.0411,0.0619,1,0,86.4,74.9,80.08,A,0
LS02498,2022,Xây dựng,Siêu nhỏ,Không đủ,Không,,,,,,,,0.0,,,,2,0,28.0,73.73,62.3,BB,0
LS02499,2024,Thương mại và dịch vụ,Vừa,Đủ,Có,1.9973,0.9985,3.7833,33.3587,1.9502,0.4617,0.8578,0.0,0.022,0.0429,0.0796,1,0,82.8,70.87,76.24,BBB,0
LS02500,2022,Xây dựng,Siêu nhỏ,Không đủ,Không,,,,,,,,0.0,,,,1,0,28.0,74.4,62.8,BB,0
LS02501,2022,Thương mại và dịch vụ,Siêu nhỏ,Đủ,Không,2.3738,1.257,2.795,42.567,1.1711,0.3359,0.5059,0.0,0.0,0.0,0.0,2,0,69.2,63.6,65.56,BB,0
LS02502,2022,Thương mại và dịch vụ,Siêu nhỏ,Không đủ,Không,,,,,,,,0.0,,,,1,0,28.0,65.2,55.9,B,0
LS02503,2021,Thương mại và dịch vụ,Nhỏ,Đủ,Không,1.7442,1.6116,14.4185,151.5033,0.8525,0.5942,1.4644,0.0,0.0597,0.0509,0.1253,1,0,73.2,87.0,82.17,A,0
LS02504,2021,Công nghiệp,Vừa,Đủ,Có,1.9277,1.2043,7.1125,43.8598,1.636,0.4075,0.6879,0.0,0.058,0.095,0.1603,1,0,94.8,84.8,89.3,AA,0
LS02505,2025,Thương mại và dịch vụ,Vừa,Đủ,Có,1.0077,0.5218,3.4452,58.0902,1.5188,0.8159,4.4329,0.0,0.0115,0.0175,0.095,1,0,44.8,62.37,54.46,B,0
LS02506,2025,Công nghiệp,Siêu nhỏ,Đủ,Không,1.9612,1.0233,2.5496,62.4145,0.8904,0.5091,1.0372,0.0,0.0,0.0,0.0,1,0,55.6,81.27,72.28,BBB,0
LS02507,2025,Công nghiệp,Siêu nhỏ,Đủ,Không,1.3503,0.6257,1.462,76.9077,0.5889,0.5446,1.1959,0.0,0.0604,0.0355,0.0781,1,0,54.0,66.97,62.43,BB,0
LS02508,2023,Thương mại và dịch vụ,Lớn,Đủ,Có,1.1668,0.732,5.7604,60.4385,2.0205,0.7427,2.8863,0.0,0.0,0.0,0.0,1,1,57.2,69.47,63.95,BB,0
LS02509,2021,Thương mại và dịch vụ,Nhỏ,Đủ,Không,1.2002,0.6915,4.1716,56.234,1.5756,0.7207,2.5803,0.0,0.0128,0.0201,0.0721,1,0,48.4,78.6,68.03,BB,0
LS02510,2025,Thương mại và dịch vụ,Nhỏ,Đủ,Có,1.9173,1.4298,8.3017,55.1487,2.2238,0.4763,0.9094,0.0,0.0,0.0,0.0,1,2,71.2,60.4,65.26,BB,0
LS02511,2024,Thương mại và dịch vụ,Siêu nhỏ,Đủ,Không,1.3554,0.9005,4.8542,69.4014,1.3786,0.5967,1.4796,0.0,-0.0406,-0.056,-0.1389,1,0,46.4,72.7,63.5,BB,0
LS02512,2024,Thương mại và dịch vụ,Siêu nhỏ,Đủ,Không,1.4224,0.8408,2.7045,65.4475,1.2096,0.6679,2.0116,0.0,-0.0149,-0.018,-0.0543,1,0,38.4,64.9,55.62,B,0
LS02513,2022,Công nghiệp,Siêu nhỏ,Đủ,Không,1.3499,0.7819,4.3726,29.1792,1.5532,0.6264,1.6766,0.0,0.0,0.0,0.0,1,0,53.2,68.2,62.95,BB,0
LS02514,2022,Công nghiệp,Siêu nhỏ,Đủ,Không,1.694,1.2672,8.5657,77.2407,0.9332,0.5102,1.0415,0.0,0.0446,0.0416,0.085,1,1,75.6,79.27,77.98,A,0
LS02515,2021,Thương mại và dịch vụ,Nhỏ,Đủ,Không,1.4595,0.9101,6.2625,61.9464,2.1247,0.713,2.4848,0.0,0.0488,0.1036,0.3611,1,0,72.4,79.53,77.04,BBB,0
LS02516,2024,Công nghiệp,Siêu nhỏ,Đủ,Không,2.3423,1.1532,4.5152,27.4379,0.9119,0.3755,0.6012,0.0,0.0428,0.039,0.0624,1,0,86.0,73.5,77.88,A,0
LS02517,2023,Thương mại và dịch vụ,Siêu nhỏ,Đủ,Không,2.8468,1.9323,6.7143,60.4506,1.857,0.2659,0.3622,0.0,0.0114,0.0212,0.0288,1,0,83.2,79.53,80.82,A,0
LS02518,2025,Thương mại và dịch vụ,Vừa,Đủ,Có,1.9046,1.6766,15.4692,81.8451,1.0661,0.5839,1.4035,0.0,0.0524,0.0559,0.1344,2,0,83.2,69.53,75.68,BBB,0
LS02519,2021,Thương mại và dịch vụ,Siêu nhỏ,Không đủ,Không,,,,,,,,0.0,,,,2,0,28.0,73.53,62.15,BB,0
LS02520,2023,Thương mại và dịch vụ,Nhỏ,Đủ,Không,1.3842,0.9237,7.3663,51.9844,1.7778,0.5637,1.2923,0.0,0.0171,0.0304,0.0698,1,0,65.2,82.2,76.25,BBB,0
LS02521,2025,Thương mại và dịch vụ,Siêu nhỏ,Đủ,Không,1.9865,0.7107,1.7188,46.2119,1.0096,0.404,0.6778,0.0,0.0061,0.0062,0.0103,1,0,56.8,78.27,70.75,BBB,0
LS02522,2023,Thương mại và dịch vụ,Siêu nhỏ,Không đủ,Không,,,,,,,,0.0,,,,1,0,28.0,75.67,63.75,BB,0
LS02523,2022,Công nghiệp,Siêu nhỏ,Không đủ,Không,,,,,,,,0.0,,,,1,0,28.0,70.8,60.1,B,0
LS02524,2023,Thương mại và dịch vụ,Nhỏ,Đủ,Có,1.7654,1.3722,3.6214,168.2889,0.5328,0.6146,1.5949,0.0,0.0,0.0,0.0,1,1,47.6,79.3,65.04,BB,0
LS02525,2022,Thương mại và dịch vụ,Nhỏ,Đủ,Không,2.0842,0.8539,2.885,17.4143,1.5074,0.6306,1.7068,0.0,0.0102,0.0154,0.0416,1,0,57.6,85.2,75.54,BBB,0
LS02526,2023,Xây dựng,Siêu nhỏ,Đủ,Không,1.8831,1.0,0.8529,155.7333,0.3827,0.7143,2.5,0.0,0.07,0.0268,0.0938,1,1,65.2,67.67,66.8,BB,0
LS02527,2024,Thương mại và dịch vụ,Nhỏ,Đủ,Không,1.5344,1.2697,4.9006,166.1184,0.6829,0.3907,0.6411,0.0,0.0466,0.0318,0.0522,1,0,65.6,78.3,73.86,BBB,0
LS02528,2021,"Nông, lâm nghiệp và thủy sản",Nhỏ,Đủ,Có,1.7282,1.1112,1.3917,242.1205,0.4008,0.524,1.1009,0.0,0.0199,0.008,0.0168,1,1,60.4,63.97,62.36,BB,0
LS02529,2021,Thương mại và dịch vụ,Siêu nhỏ,Đủ,Không,1.3174,0.8157,3.475,78.7371,1.2689,0.6176,1.6151,0.0,-0.0203,-0.0258,-0.0674,1,0,42.8,69.9,60.41,B,0
LS02530,2024,Thương mại và dịch vụ,Siêu nhỏ,Không đủ,Không,,,,,,,,0.0,,,,1,0,28.0,68.6,58.45,B,0
LS02531,2022,Xây dựng,Siêu nhỏ,Đủ,Không,1.8602,1.3507,1.5628,409.0682,0.3622,0.4011,0.6698,0.0,0.0315,0.0114,0.019,1,0,72.4,71.0,71.49,BBB,0
LS02532,2023,Thương mại và dịch vụ,Nhỏ,Không đủ,Không,1.9172,1.4716,4.0914,174.6125,0.7411,0.5074,1.0299,0.0,0.0474,0.0352,0.0714,1,0,66.0,71.77,70.32,BB,0
LS02533,2025,Thương mại và dịch vụ,Vừa,Đủ,Có,1.7573,1.0984,6.2342,53.4173,2.0394,0.4496,0.8167,0.0,0.0041,0.0084,0.0152,1,1,70.0,77.27,74.0,BBB,0
LS02534,2021,Thương mại và dịch vụ,Nhỏ,Đủ,Không,1.5101,0.887,3.017,80.4404,1.1981,0.6805,2.1302,0.0,0.017,0.0203,0.0636,1,0,51.2,84.07,72.56,BBB,0
LS02535,2025,Thương mại và dịch vụ,Vừa,Đủ,Có,1.9261,1.2069,3.1868,94.2912,1.0387,0.7701,3.3504,0.0,0.0247,0.0257,0.1118,1,0,54.8,74.17,65.45,BB,0
LS02536,2021,Xây dựng,Nhỏ,Đủ,Không,1.1852,0.7966,1.4047,247.0091,0.3291,0.7156,2.5163,0.0,0.0634,0.0209,0.0734,1,0,56.8,72.37,66.92,BB,0
LS02537,2023,Thương mại và dịch vụ,Nhỏ,Đủ,Không,1.4144,1.0831,6.147,107.9046,1.1555,0.7025,2.3609,0.0,-0.0415,-0.048,-0.1613,1,0,43.6,67.4,59.07,B,0
LS02538,2025,Thương mại và dịch vụ,Nhỏ,Đủ,Không,1.9372,1.7075,8.2486,160.7263,0.8483,0.7751,3.4472,0.0,-0.0262,-0.0222,-0.0988,1,0,44.0,71.6,61.94,B,0
LS02539,2024,Thương mại và dịch vụ,Siêu nhỏ,Đủ,Không,2.4522,1.7349,7.2609,81.8812,1.9614,0.5269,1.1137,0.0,0.0098,0.0193,0.0408,1,0,75.2,78.07,77.06,BBB,0
LS02540,2024,"Nông, lâm nghiệp và thủy sản",Nhỏ,Đủ,Có,1.5606,0.6888,0.8101,148.7223,0.2684,0.5616,1.2811,0.0,0.0385,0.0103,0.0236,1,0,58.0,78.03,69.02,BB,0
LS02541,2024,Thương mại và dịch vụ,Siêu nhỏ,Không đủ,Không,,,,,,,,0.0,,,,1,0,28.0,72.47,61.35,B,0
LS02542,2023,Xây dựng,Lớn,Đủ,Có,1.0509,0.8474,2.987,223.6338,0.522,0.705,2.3895,0.0,0.0432,0.0226,0.0765,1,0,70.0,74.57,72.51,BBB,0
LS02543,2025,Công nghiệp,Siêu nhỏ,Đủ,Không,2.2914,1.6486,4.2,80.9464,0.5483,0.1559,0.1847,0.0819,0.0154,0.0085,0.01,2,1,60.8,55.17,57.14,B,0
LS02544,2025,Thương mại và dịch vụ,Nhỏ,Đủ,Không,1.4653,0.7651,7.4795,23.7369,2.7299,0.4768,0.9114,0.0,0.0516,0.1408,0.2692,1,0,84.4,66.9,73.03,BBB,0
LS02545,2023,Thương mại và dịch vụ,Nhỏ,Đủ,Không,2.0479,1.2119,4.0633,59.7023,1.6112,0.5222,1.0931,0.0,0.0056,0.0091,0.019,1,0,65.2,83.87,77.33,A,0
LS02546,2022,Thương mại và dịch vụ,Siêu nhỏ,Không đủ,Không,,,,,,,,0.0,,,,1,1,28.0,67.07,57.3,B,0
LS02547,2022,Thương mại và dịch vụ,Vừa,Đủ,Có,1.8538,1.4123,3.4966,138.618,0.4182,0.5006,1.0022,0.0,0.0504,0.0211,0.0422,1,0,65.2,73.07,69.53,BB,0
LS02548,2025,Thương mại và dịch vụ,Siêu nhỏ,Đủ,Không,1.9691,1.6826,6.0882,191.0617,0.6226,0.4289,0.751,0.0,0.0123,0.0077,0.0135,2,0,60.8,71.3,67.62,BB,0
LS02549,2025,Thương mại và dịch vụ,Siêu nhỏ,Đủ,Không,1.2912,0.7613,4.1433,70.2704,1.4459,0.6122,1.5783,0.0,-0.0219,-0.0317,-0.0818,1,0,44.8,74.37,64.02,BB,0
LS02550,2021,Thương mại và dịch vụ,Siêu nhỏ,Không đủ,Không,,,,,,,,0.0,,,,1,0,28.0,67.8,57.85,B,0
LS02551,2024,Công nghiệp,Siêu nhỏ,Đủ,Không,1.5314,0.7145,1.2176,78.0194,0.5884,0.4899,0.9603,0.0,0.0,0.0,0.0,1,0,46.8,79.9,68.32,BB,0
LS02552,2024,Thương mại và dịch vụ,Nhỏ,Đủ,Không,2.8714,2.7002,21.7937,114.0145,1.2462,0.4987,0.9949,0.0,-0.0152,-0.0189,-0.0378,1,0,62.0,73.0,69.15,BB,0
LS02553,2024,Thương mại và dịch vụ,Siêu nhỏ,Đủ,Không,1.8881,1.2587,3.0556,128.8872,0.9348,0.3967,0.6575,0.0,0.0059,0.0055,0.0092,1,0,59.6,79.2,72.34,BBB,0
LS02554,2025,Công nghiệp,Siêu nhỏ,Đủ,Không,2.1821,1.5707,2.9601,196.674,0.6573,0.4252,0.7396,0.0,0.1659,0.109,0.1897,1,0,76.0,85.27,82.02,A,0
LS02555,2023,Công nghiệp,Vừa,Đủ,Có,2.1056,1.1873,7.4736,35.7477,1.5483,0.3464,0.5299,0.0,0.1066,0.165,0.2525,1,0,100.0,79.87,88.93,AA,0
LS02556,2025,Thương mại và dịch vụ,Nhỏ,Đủ,Không,1.9775,1.7278,11.5493,108.5927,1.1849,0.507,1.0285,0.0,0.0551,0.0652,0.1324,1,0,82.8,77.73,79.51,A,0
LS02557,2022,Thương mại và dịch vụ,Lớn,Đủ,Có,1.847,1.7127,7.1967,326.1479,0.4419,0.6566,1.9122,0.0,0.0781,0.0345,0.1005,1,0,71.6,77.3,74.74,BBB,0
LS02558,2025,Thương mại và dịch vụ,Siêu nhỏ,Đủ,Không,1.8081,1.5246,5.323,186.5695,0.6323,0.6529,1.8812,0.0,0.0472,0.0298,0.0859,2,0,63.6,76.67,72.09,BBB,0
LS02559,2021,Thương mại và dịch vụ,Nhỏ,Đủ,Có,2.5294,1.5318,3.489,74.129,1.2441,0.3176,0.4654,0.0,0.0187,0.0233,0.0342,1,0,68.0,80.3,74.76,BBB,0
LS02560,2024,Thương mại và dịch vụ,Nhỏ,Đủ,Không,1.344,0.9183,5.0033,80.4938,1.471,0.6748,2.075,0.0,0.0562,0.0827,0.2542,1,0,66.8,66.13,66.37,BB,0
LS02561,2023,Công nghiệp,Siêu nhỏ,Đủ,Không,1.4617,0.628,2.2123,59.4674,0.7956,0.3864,0.6297,0.0,0.0679,0.054,0.088,1,0,76.4,82.67,80.47,A,0
LS02562,2023,Thương mại và dịch vụ,Lớn,Đủ,Có,1.9741,1.7957,12.6083,184.2236,0.9149,0.6824,2.1486,0.0,0.0234,0.0214,0.0675,1,0,69.2,79.8,75.03,BBB,0
LS02563,2025,"Nông, lâm nghiệp và thủy sản",Vừa,Đủ,Có,1.2669,0.6293,1.2369,156.0618,0.3887,0.4318,0.76,0.0,0.0208,0.0081,0.0142,1,0,59.2,68.6,64.37,BB,0
LS02564,2023,Xây dựng,Lớn,Đủ,Có,1.0788,0.6279,1.0818,203.244,0.4285,0.7585,3.1404,0.0,0.02,0.0086,0.0354,1,0,45.2,76.6,62.47,BB,0
LS02565,2022,Công nghiệp,Siêu nhỏ,Không đủ,Không,,,,,,,,0.0,,,,1,0,28.0,84.2,70.15,BB,0
LS02566,2023,Xây dựng,Siêu nhỏ,Không đủ,Không,,,,,,,,0.0,,,,1,0,28.0,75.07,63.3,BB,0
LS02567,2022,Thương mại và dịch vụ,Siêu nhỏ,Đủ,Không,2.48,1.4578,9.3043,27.0026,3.1741,0.3036,0.436,0.0,0.0502,0.1592,0.2287,1,0,96.8,74.0,81.98,A,0
LS02568,2025,Thương mại và dịch vụ,Nhỏ,Đủ,Có,1.4618,0.7383,3.5838,47.5948,1.6042,0.5367,1.1585,0.0,0.0228,0.0366,0.079,1,0,66.8,82.67,75.53,BBB,0
LS02569,2021,Thương mại và dịch vụ,Nhỏ,Đủ,Không,4.6087,3.3929,10.4482,51.3841,2.5696,0.1911,0.2363,0.0,0.0173,0.0446,0.0551,1,0,86.8,67.5,74.26,BBB,0
LS02570,2024,Công nghiệp,Nhỏ,Đủ,Không,1.4652,0.9364,2.7576,132.0417,0.7822,0.5436,1.191,0.0,0.0616,0.0481,0.1055,1,1,62.4,71.27,68.16,BB,0
LS02571,2022,"Nông, lâm nghiệp và thủy sản",Vừa,Đủ,Có,1.5172,0.9788,2.0887,145.2852,0.5852,0.5628,1.2874,0.0,0.0335,0.0196,0.0448,1,0,73.6,62.2,67.33,BB,0
LS02572,2025,Xây dựng,Lớn,Đủ,Có,1.2837,0.9549,1.721,278.0105,0.449,0.6941,2.2689,0.0,0.0215,0.0096,0.0315,1,0,57.6,74.8,67.06,BB,0
LS02573,2024,Thương mại và dịch vụ,Siêu nhỏ,Không đủ,Không,1.4917,0.7209,3.2998,47.8217,1.4628,0.5058,1.0233,0.0,0.0173,0.0252,0.0511,1,0,63.6,69.77,68.23,BB,0
LS02574,2021,Công nghiệp,Nhỏ,Đủ,Có,0.9854,0.5461,7.9954,22.6576,1.9864,0.9228,11.9562,0.0,-0.0796,-0.1581,-2.0478,1,0,47.2,72.5,61.12,B,0
LS02575,2024,Xây dựng,Nhỏ,Đủ,Không,1.1667,0.6086,0.8903,189.7374,0.3701,0.6585,1.928,0.0,0.0204,0.0075,0.0221,1,0,42.4,75.87,64.15,BB,0
LS02576,2025,Thương mại và dịch vụ,Siêu nhỏ,Đủ,Không,1.9158,1.2385,6.7851,65.859,1.8204,0.3419,0.5196,0.0,-0.0107,-0.0195,-0.0296,1,0,68.8,57.8,61.65,B,1
LS02577,2023,Xây dựng,Nhỏ,Đủ,Không,1.0121,0.6525,2.0015,132.975,0.6169,0.7317,2.7269,0.0,-0.039,-0.024,-0.0896,1,0,39.2,71.37,60.11,B,0
LS02578,2021,Thương mại và dịch vụ,Nhỏ,Đủ,Không,1.3967,0.8081,3.7766,35.4632,1.3612,0.719,2.5592,0.0,0.0069,0.0093,0.0332,2,0,47.2,60.83,56.06,B,0
LS02579,2023,Thương mại và dịch vụ,Siêu nhỏ,Đủ,Không,1.6361,1.4704,5.5833,313.427,0.5026,0.3978,0.6606,0.0,-0.0078,-0.0039,-0.0065,1,0,49.2,64.6,59.21,B,0
LS02580,2021,Xây dựng,Vừa,Đủ,Có,1.5604,1.1992,3.2343,215.5383,0.5654,0.6921,2.2481,0.0,0.031,0.0175,0.0569,1,0,70.4,82.0,76.78,BBB,0
LS02581,2022,Thương mại và dịch vụ,Nhỏ,Đủ,Không,2.5801,1.5031,4.2007,49.0388,1.7493,0.6755,2.0814,0.0,-0.0469,-0.0821,-0.253,1,0,54.0,77.7,69.4,BB,0
LS02582,2025,Thương mại và dịch vụ,Nhỏ,Đủ,Không,1.5617,0.8217,5.0705,37.3281,2.0164,0.4845,0.9397,0.0,0.0107,0.0215,0.0417,2,0,68.0,71.67,70.38,BBB,0
LS02583,2024,Thương mại và dịch vụ,Nhỏ,Đủ,Không,1.5968,1.0176,6.5361,48.9981,2.0442,0.5841,1.4047,0.0,0.0238,0.0487,0.1172,1,0,75.2,80.9,78.9,A,0
LS02584,2022,"Nông, lâm nghiệp và thủy sản",Siêu nhỏ,Đủ,Không,1.5178,0.5393,0.9901,63.061,0.3986,0.451,0.8214,0.0,0.0563,0.0225,0.0409,1,0,76.4,61.67,66.82,BB,0
LS02585,2023,Thương mại và dịch vụ,Nhỏ,Đủ,Không,1.7158,1.6645,34.7173,154.2914,0.7278,0.3177,0.4655,0.0,-0.0164,-0.0119,-0.0175,2,0,58.4,56.23,56.99,B,0
LS02586,2025,Công nghiệp,Siêu nhỏ,Đủ,Không,1.24,0.6509,4.3889,39.9823,1.1365,0.6586,1.9294,0.0,-0.0883,-0.1004,-0.2941,1,0,46.8,61.13,56.12,B,0
LS02587,2024,Thương mại và dịch vụ,Nhỏ,Đủ,Có,1.2981,0.9253,6.4481,67.4684,1.7018,0.6219,1.645,0.0,0.0569,0.0969,0.2563,1,0,74.8,80.0,77.66,A,0
LS02588,2022,"Nông, lâm nghiệp và thủy sản",Siêu nhỏ,Đủ,Không,1.3686,0.9378,0.9531,342.8788,0.1622,0.4034,0.6763,0.0,0.0242,0.0039,0.0066,1,0,50.0,70.4,63.26,BB,0
LS02589,2024,Xây dựng,Nhỏ,Đủ,Không,1.4122,0.8984,1.7855,165.9023,0.5465,0.5327,1.1399,0.0,0.0372,0.0203,0.0435,1,0,72.8,82.6,79.17,A,0
LS02590,2023,Công nghiệp,Vừa,Đủ,Có,1.5387,0.6628,3.2011,28.7651,1.1618,0.8496,5.6511,0.0,0.0323,0.0375,0.2495,2,0,62.0,68.73,65.7,BB,0
LS02591,2024,Thương mại và dịch vụ,Siêu nhỏ,Không đủ,Không,,,,,,,,0.0,,,,1,0,28.0,79.33,66.5,BB,0
LS02592,2023,Thương mại và dịch vụ,Siêu nhỏ,Đủ,Không,1.6452,1.2391,6.0187,127.5109,1.3405,0.5141,1.0582,0.0,-0.0298,-0.04,-0.0823,3,2,55.2,56.9,56.31,B,1
LS02593,2021,Xây dựng,Nhỏ,Đủ,Không,2.1471,1.3907,1.8342,165.8606,0.5833,0.5407,1.1771,0.0,0.0156,0.0091,0.0198,1,0,69.6,84.4,79.22,A,0
LS02594,2024,Thương mại và dịch vụ,Siêu nhỏ,Đủ,Không,1.4745,0.9176,3.6161,54.4959,1.2732,0.5862,1.4165,0.0,-0.0187,-0.0238,-0.0576,2,0,46.4,58.93,54.55,B,0
LS02595,2024,"Nông, lâm nghiệp và thủy sản",Lớn,Đủ,Có,1.571,1.263,4.5117,142.9279,0.4464,0.792,3.8077,0.0,0.036,0.0161,0.0773,1,0,72.0,82.0,77.5,A,0
LS02596,2024,Thương mại và dịch vụ,Siêu nhỏ,Không đủ,Không,,,,,,,,0.0,,,,1,0,28.0,77.07,64.8,BB,0
LS02597,2021,Công nghiệp,Siêu nhỏ,Đủ,Không,2.2388,1.2766,4.8607,53.3654,1.1071,0.2098,0.2655,0.0,0.0218,0.0242,0.0306,1,0,83.6,89.97,87.74,AA,0
LS02598,2021,Thương mại và dịch vụ,Nhỏ,Không đủ,Không,1.3326,0.5864,4.7915,22.5651,2.1766,0.5512,1.2282,0.0,0.0,0.0,0.0,1,0,59.6,62.53,61.8,B,0
LS02599,2025,Thương mại và dịch vụ,Siêu nhỏ,Đủ,Không,5.0417,2.494,1.9077,72.6317,0.8516,0.1604,0.191,0.0,-0.0746,-0.0635,-0.0756,1,0,62.0,57.23,58.9,B,1
LS02600,2024,Thương mại và dịch vụ,Siêu nhỏ,Không đủ,Không,,,,,,,,0.0,,,,1,0,28.0,77.2,64.9,BB,0
LS02601,2021,Thương mại và dịch vụ,Lớn,Đủ,Có,1.5225,1.0865,5.1418,107.3376,1.2879,0.5055,1.0222,0.0,0.0123,0.0159,0.0322,1,1,67.6,83.27,76.22,BBB,0
LS02602,2024,Thương mại và dịch vụ,Nhỏ,Đủ,Không,2.0428,1.417,4.3233,94.2959,1.0098,0.275,0.3794,0.0,0.0296,0.0299,0.0413,1,0,71.2,72.6,72.11,BBB,0
LS02603,2023,Thương mại và dịch vụ,Nhỏ,Đủ,Không,1.5857,1.3017,8.2524,117.0655,1.443,0.577,1.3639,0.0,0.0218,0.0315,0.0743,1,1,67.6,69.37,68.75,BB,0
LS02604,2023,Thương mại và dịch vụ,Siêu nhỏ,Đủ,Không,1.3012,1.0351,4.5055,156.0507,0.6374,0.5947,1.4672,0.0,-0.0417,-0.0266,-0.0655,2,0,40.0,62.57,54.67,B,0
LS02605,2022,Thương mại và dịch vụ,Siêu nhỏ,Đủ,Không,1.7213,1.0164,3.6799,52.379,1.2732,0.4599,0.8514,0.0,0.0226,0.0288,0.0534,1,0,76.8,83.37,81.07,A,0
LS02606,2022,Công nghiệp,Vừa,Đủ,Có,1.353,1.104,5.0687,153.373,0.6616,0.7047,2.3863,0.0,-0.0308,-0.0204,-0.0691,1,1,42.8,64.67,54.83,B,0
LS02607,2022,Thương mại và dịch vụ,Siêu nhỏ,Đủ,Không,1.5151,1.4355,18.6437,200.75,0.6904,0.6659,1.9928,0.0,-0.0395,-0.0273,-0.0816,1,1,41.2,68.57,58.99,B,0
LS02608,2022,Thương mại và dịch vụ,Vừa,Đủ,Có,1.9009,1.7143,12.6382,137.8228,0.947,0.672,2.0488,0.0,0.0198,0.0188,0.0572,1,0,65.6,84.0,75.72,BBB,0
LS02609,2021,Thương mại và dịch vụ,Vừa,Đủ,Có,1.0989,1.0334,17.2338,160.0629,0.9207,0.704,2.3786,0.0,0.0267,0.0246,0.083,1,0,53.2,56.1,54.8,B,0
LS02610,2021,Xây dựng,Siêu nhỏ,Không đủ,Không,,,,,,,,0.0,,,,1,0,28.0,64.6,55.45,B,0
LS02611,2025,Xây dựng,Vừa,Đủ,Không,1.1336,0.9048,2.9564,215.3327,0.5913,0.7776,3.4972,0.0,0.0136,0.0081,0.0362,1,0,48.4,69.27,61.96,B,0
LS02612,2025,Công nghiệp,Vừa,Đủ,Không,0.8575,0.4273,1.9326,98.1564,0.6616,0.7265,2.6563,0.0,0.0721,0.0477,0.1744,1,0,40.8,72.97,61.71,B,0
LS02613,2023,Thương mại và dịch vụ,Siêu nhỏ,Không đủ,Không,,,,,,,,0.0,,,,2,0,28.0,78.2,65.65,BB,0
LS02614,2022,Xây dựng,Nhỏ,Đủ,Không,1.3637,0.8235,0.9515,205.5042,0.3709,0.6702,2.0325,0.0,0.0158,0.0058,0.0177,1,1,42.4,78.87,66.1,BB,0
LS02615,2021,Công nghiệp,Nhỏ,Đủ,Có,1.2531,0.7142,3.7165,57.5018,1.1432,0.6968,2.298,0.0,-0.0257,-0.0294,-0.097,1,1,40.4,77.87,61.01,B,0
LS02616,2022,Xây dựng,Nhỏ,Đủ,Không,1.5063,1.0421,2.3779,170.2508,0.5398,0.6671,2.0039,0.0,0.0174,0.0094,0.0283,1,2,62.0,66.53,64.95,BB,0
LS02617,2022,Thương mại và dịch vụ,Siêu nhỏ,Không đủ,Không,1.9879,1.71,6.4323,176.0124,0.6707,0.3639,0.572,0.0,0.0412,0.0276,0.0435,1,1,78.0,60.47,64.85,BB,0
LS02618,2023,Thương mại và dịch vụ,Vừa,Đủ,Có,1.0324,0.9761,29.1278,116.4478,1.0144,0.4746,0.9032,0.0,0.0378,0.0383,0.0729,1,0,68.8,62.4,65.28,BB,0
LS02619,2023,Thương mại và dịch vụ,Siêu nhỏ,Không đủ,Không,,,,,,,,0.0,,,,1,0,28.0,79.4,66.55,BB,0
LS02620,2021,Xây dựng,Lớn,Đủ,Có,1.8352,0.9195,1.0667,178.4147,0.3929,0.7189,2.5574,0.0,0.0242,0.0095,0.0338,1,0,64.0,74.2,69.61,BBB,0
LS02621,2022,Thương mại và dịch vụ,Siêu nhỏ,Đủ,Không,7.0751,4.8263,6.3048,66.9785,1.433,0.0912,0.1004,0.0,-0.029,-0.0415,-0.0457,2,0,70.0,59.2,62.98,BB,0
LS02622,2023,Thương mại và dịch vụ,Vừa,Đủ,Có,1.3118,0.6526,4.1211,25.9491,2.1445,0.6689,2.0198,0.0,-0.0071,-0.0151,-0.0457,1,0,50.8,63.2,57.62,B,0
LS02623,2024,Thương mại và dịch vụ,Siêu nhỏ,Không đủ,Không,,,,,,,,0.0,,,,1,0,28.0,69.67,59.25,B,0
LS02624,2025,Thương mại và dịch vụ,Nhỏ,Đủ,Không,1.0923,0.8401,2.7001,205.2664,0.5174,0.6923,2.2494,0.0,0.0,0.0,0.0,1,1,33.6,75.27,60.68,B,0
LS02625,2022,Thương mại và dịch vụ,Nhỏ,Đủ,Không,1.4806,1.2567,9.5198,91.5929,1.4133,0.5041,1.0165,0.0,-0.0336,-0.0475,-0.0958,1,0,59.2,73.5,68.5,BB,0
LS02626,2021,Công nghiệp,Siêu nhỏ,Không đủ,Không,1.2061,0.5324,3.0059,30.58,1.1018,0.4479,0.8114,0.0,0.1079,0.1189,0.2154,1,0,75.2,71.6,72.5,BB,0
LS02627,2024,Thương mại và dịch vụ,Siêu nhỏ,Đủ,Không,1.3585,0.8831,3.403,91.8543,0.8121,0.408,0.6893,0.0,-0.0057,-0.0047,-0.0079,1,0,48.4,75.67,66.12,BB,0
LS02628,2024,Thương mại và dịch vụ,Nhỏ,Đủ,Không,1.8401,1.5674,8.075,121.0772,0.8274,0.4702,0.8875,0.0,0.0541,0.0448,0.0845,1,1,76.0,70.9,72.68,BBB,0
LS02629,2021,Thương mại và dịch vụ,Nhỏ,Không đủ,Không,1.8236,0.9764,2.6741,49.7342,1.1066,0.4457,0.804,0.0,0.0165,0.0182,0.0329,1,0,65.2,53.07,56.1,B,0
LS02630,2021,Thương mại và dịch vụ,Nhỏ,Đủ,Không,1.6904,0.8274,5.2989,38.9387,1.9254,0.3788,0.6098,0.0,0.0113,0.0217,0.0349,1,0,72.0,84.37,80.04,A,0
LS02631,2024,Xây dựng,Lớn,Đủ,Có,1.2714,0.6107,2.0856,52.34,0.7343,0.662,1.9582,0.0,-0.0245,-0.018,-0.0533,2,0,58.4,70.0,64.78,BB,0
LS02632,2025,Thương mại và dịch vụ,Lớn,Đủ,Có,1.5317,0.8506,1.8797,136.9752,0.7139,0.6298,1.7014,0.0,0.0067,0.0048,0.0129,1,0,50.4,81.67,67.6,BB,0
LS02633,2025,Xây dựng,Nhỏ,Đủ,Không,1.3885,0.8325,2.988,100.3274,0.9525,0.6158,1.6031,0.0,0.0175,0.0167,0.0434,1,0,72.4,68.8,70.06,BBB,0
LS02634,2022,Thương mại và dịch vụ,Siêu nhỏ,Đủ,Không,1.8058,1.5248,4.1471,193.9373,0.4369,0.6881,2.2061,0.0,0.0191,0.0083,0.0267,1,0,46.4,67.77,60.29,B,1
LS02635,2024,Thương mại và dịch vụ,Lớn,Đủ,Có,0.8266,0.5818,5.8702,64.4312,1.2627,0.8443,5.4212,0.0,0.0148,0.0187,0.1198,2,0,48.4,62.13,55.95,B,0
LS02636,2021,Thương mại và dịch vụ,Siêu nhỏ,Đủ,Không,1.8491,1.124,1.974,85.025,0.5729,0.4633,0.8632,0.0,0.0083,0.0048,0.0089,1,0,54.0,80.03,70.92,BBB,0
LS02637,2024,Công nghiệp,Siêu nhỏ,Không đủ,Không,,,,,,,,0.0,,,,1,2,28.0,72.93,61.7,B,0
LS02638,2021,"Nông, lâm nghiệp và thủy sản",Siêu nhỏ,Không đủ,Không,,,,,,,,0.0,,,,1,0,28.0,81.8,68.35,BB,0
LS02639,2024,Thương mại và dịch vụ,Siêu nhỏ,Đủ,Không,15.9101,14.1461,7.9299,153.6033,0.5574,0.0299,0.0308,0.0,-0.0379,-0.0211,-0.0218,1,0,62.0,56.87,58.66,B,0
LS02640,2022,Thương mại và dịch vụ,Siêu nhỏ,Đủ,Không,1.7024,0.7994,4.1681,27.5074,2.0358,0.4703,0.8879,0.0,-0.0444,-0.0903,-0.1705,1,0,58.4,74.3,68.74,BB,0
LS02641,2021,Thương mại và dịch vụ,Nhỏ,Đủ,Không,0.99,0.5875,8.8363,33.7014,2.7816,0.8586,6.0722,0.0,0.0069,0.0191,0.135,1,0,56.4,60.17,58.85,B,0
LS02642,2025,Thương mại và dịch vụ,Lớn,Đủ,Có,1.6174,1.3282,9.9455,90.0375,1.358,0.8705,6.7191,0.0,-0.0643,-0.0873,-0.6741,2,0,52.4,72.13,63.25,BB,1
LS02643,2022,Thương mại và dịch vụ,Siêu nhỏ,Đủ,Không,2.2774,2.0036,8.8,155.1749,0.663,0.4072,0.687,0.0,0.0186,0.0123,0.0208,1,0,69.6,72.57,71.53,BBB,0
LS02644,2021,Thương mại và dịch vụ,Siêu nhỏ,Đủ,Không,1.8634,1.293,4.3243,86.2949,1.2042,0.5513,1.2287,0.0,0.0084,0.0101,0.0224,1,0,61.6,82.1,74.92,BBB,0
LS02645,2024,Xây dựng,Lớn,Đủ,Có,0.9523,0.7621,3.215,261.5474,0.5699,0.8051,4.1299,0.0,0.0149,0.0085,0.0435,2,3,51.2,59.2,55.6,B,0
LS02646,2025,Thương mại và dịch vụ,Nhỏ,Đủ,Không,1.6717,1.536,15.1478,161.1777,0.827,0.5768,1.363,0.0,-0.0818,-0.0676,-0.1598,1,0,52.4,56.1,54.81,B,0
LS02647,2021,Công nghiệp,Nhỏ,Đủ,Không,1.3507,0.8129,3.1652,56.46,0.7689,0.5686,1.3182,0.0,0.0767,0.059,0.1368,1,0,66.4,85.9,79.08,A,0
LS02648,2024,Xây dựng,Nhỏ,Đủ,Không,1.7936,1.383,4.6333,162.9087,0.9265,0.6978,2.3088,0.0,0.0379,0.0351,0.1163,1,0,84.4,84.53,84.49,A,0
LS02649,2021,Xây dựng,Nhỏ,Đủ,Không,1.4407,1.0001,1.7913,279.5089,0.5034,0.571,1.331,0.0,0.0279,0.014,0.0327,1,0,61.6,80.4,73.82,BBB,0
LS02650,2021,Xây dựng,Vừa,Đủ,Có,1.1984,0.9568,3.9785,208.4558,0.6144,0.5851,1.4103,0.0,0.0242,0.0149,0.0358,1,0,72.4,68.8,70.42,BBB,1
LS02651,2023,Xây dựng,Nhỏ,Đủ,Có,1.4195,0.7876,0.9143,209.6356,0.3297,0.694,2.2681,0.0,0.033,0.0109,0.0356,1,0,50.4,84.77,69.3,BB,0
LS02652,2021,Công nghiệp,Vừa,Đủ,Có,1.5118,0.9147,10.0545,27.7175,2.0932,0.2937,0.4159,0.0,0.035,0.0733,0.1037,1,1,85.6,82.47,83.88,A,0
LS02653,2024,Thương mại và dịch vụ,Siêu nhỏ,Không đủ,Không,,,,,,,,0.0,,,,1,1,28.0,65.0,55.75,B,0
LS02654,2021,Thương mại và dịch vụ,Siêu nhỏ,Đủ,Không,2.0882,1.5966,3.5812,182.8349,0.5522,0.4397,0.7848,0.0,0.0514,0.0284,0.0506,1,0,71.2,86.4,81.08,A,0
LS02655,2023,Thương mại và dịch vụ,Vừa,Đủ,Có,1.3417,0.8311,4.9692,41.7654,1.7566,0.6084,1.554,0.0,0.0123,0.0216,0.0553,1,0,62.4,85.2,74.94,BBB,0
LS02656,2023,Thương mại và dịch vụ,Nhỏ,Đủ,Có,1.3087,1.2462,29.8594,129.1054,1.2103,0.5632,1.2892,0.0,0.0,0.0,0.0,1,0,56.4,78.87,68.76,BB,0
LS02657,2021,Thương mại và dịch vụ,Nhỏ,Không đủ,Không,1.7445,1.4033,6.9678,83.3102,0.9396,0.5957,1.4735,0.0,0.0598,0.0562,0.139,1,0,75.2,71.07,72.1,BB,0
LS02658,2021,Thương mại và dịch vụ,Siêu nhỏ,Đủ,Không,1.348,0.8684,6.3032,50.3796,1.6545,0.5106,1.0431,0.0336,0.0113,0.0186,0.0381,2,1,63.2,72.6,69.31,BB,1
LS02659,2022,Thương mại và dịch vụ,Nhỏ,Đủ,Không,1.0671,0.975,11.3062,150.431,0.6235,0.5019,1.0077,0.0,0.0,0.0,0.0,1,0,51.2,63.57,59.24,B,0
LS02660,2023,Thương mại và dịch vụ,Nhỏ,Đủ,Không,1.6956,1.2441,4.3721,110.1554,1.0604,0.5832,1.3991,0.0,0.0358,0.038,0.0911,1,0,66.4,79.53,74.94,BBB,0
LS02661,2022,Thương mại và dịch vụ,Siêu nhỏ,Không đủ,Không,,,,,,,,0.0,,,,1,0,28.0,67.27,57.45,B,0
LS02662,2024,Thương mại và dịch vụ,Siêu nhỏ,Đủ,Không,1.9132,1.4381,3.3947,197.976,0.8342,0.4768,0.9114,0.0,0.0,0.0,0.0,1,1,55.6,65.3,61.9,B,0
LS02663,2021,Công nghiệp,Nhỏ,Đủ,Không,1.2315,0.7799,8.0809,31.8466,1.5669,0.3627,0.5691,0.0,0.0081,0.0127,0.0199,1,1,72.8,73.07,72.97,BBB,0
LS02664,2021,Thương mại và dịch vụ,Siêu nhỏ,Đủ,Không,1.4819,1.0129,4.1229,83.4495,0.8677,0.4776,0.9143,0.0,0.0305,0.0265,0.0507,1,0,68.4,72.37,70.98,BBB,0
LS02665,2025,Xây dựng,Nhỏ,Đủ,Không,1.2672,0.731,1.7111,146.1217,0.6513,0.6264,1.6764,0.0,0.0263,0.0172,0.0459,1,0,64.4,70.6,68.43,BB,0
LS02666,2025,"Nông, lâm nghiệp và thủy sản",Vừa,Đủ,Có,1.0945,0.8114,5.8074,111.2419,0.5467,0.6818,2.1431,0.0,0.0115,0.0063,0.0198,1,0,56.8,63.2,60.32,B,0
LS02667,2024,Thương mại và dịch vụ,Nhỏ,Đủ,Không,1.1938,0.479,3.0357,20.6053,1.4596,0.6003,1.5017,0.0,0.0305,0.0445,0.1113,1,0,62.8,75.4,70.99,BBB,0
LS02668,2025,Xây dựng,Lớn,Đủ,Có,1.1578,0.7961,2.023,226.5123,0.4987,0.7966,3.9169,0.0,0.0139,0.0069,0.034,1,1,50.4,69.87,61.11,B,0
LS02669,2025,Thương mại và dịch vụ,Siêu nhỏ,Đủ,Không,2.298,1.9918,5.2133,239.1884,0.4975,0.2443,0.3232,0.0,0.0441,0.0219,0.029,1,0,72.4,81.77,78.49,A,0
LS02670,2023,Thương mại và dịch vụ,Lớn,Đủ,Có,1.2368,0.825,6.7884,49.4266,1.8798,0.8787,7.2439,0.0,-0.0351,-0.066,-0.5442,1,1,46.4,61.6,54.76,B,1
LS02671,2022,Thương mại và dịch vụ,Nhỏ,Không đủ,Không,1.253,0.7762,1.8804,122.0072,0.6964,0.7001,2.3342,0.0362,0.0084,0.0059,0.0196,2,2,31.2,64.27,56.0,B,0
LS02672,2023,Thương mại và dịch vụ,Siêu nhỏ,Đủ,Không,2.0938,0.8822,3.4843,37.9007,1.8567,0.4199,0.724,0.0,0.019,0.0352,0.0607,1,0,78.8,69.67,72.86,BBB,0
LS02673,2022,Thương mại và dịch vụ,Nhỏ,Đủ,Không,1.6743,1.3571,5.2119,134.2519,0.8173,0.5088,1.036,0.0,0.0245,0.0201,0.0408,1,0,64.0,77.07,72.49,BBB,0
LS02674,2022,Thương mại và dịch vụ,Siêu nhỏ,Đủ,Không,1.5825,0.8685,5.6199,35.4552,1.9533,0.439,0.7827,0.0,0.008,0.0156,0.0278,1,0,70.0,66.87,67.96,BB,0
LS02675,2023,Thương mại và dịch vụ,Siêu nhỏ,Đủ,Không,1.7109,1.3186,3.203,229.4957,0.641,0.4663,0.8737,0.0,0.0,0.0,0.0,1,0,52.0,74.27,66.47,BB,0
LS02676,2024,Công nghiệp,Lớn,Đủ,Có,1.7482,0.8544,2.1064,42.5285,0.9012,0.6499,1.8566,0.0,0.1756,0.1583,0.4521,1,0,84.4,80.47,82.24,A,0
LS02677,2021,Thương mại và dịch vụ,Siêu nhỏ,Không đủ,Không,,,,,,,,0.0,,,,1,0,28.0,82.27,68.7,BB,0
LS02678,2021,Thương mại và dịch vụ,Siêu nhỏ,Đủ,Không,1.403,1.0517,8.9157,60.0023,1.9537,0.5254,1.1068,0.0,0.0276,0.0538,0.1134,1,0,78.8,88.07,84.82,AA,0
LS02679,2023,Thương mại và dịch vụ,Siêu nhỏ,Không đủ,Không,,,,,,,,0.0,,,,1,0,28.0,79.93,66.95,BB,0
LS02680,2024,Thương mại và dịch vụ,Siêu nhỏ,Không đủ,Không,,,,,,,,0.0,,,,2,0,28.0,68.53,58.4,B,0
LS02681,2021,Công nghiệp,Nhỏ,Đủ,Không,1.5897,1.0388,6.9957,52.7586,1.4335,0.6593,1.9352,0.0,0.0541,0.0776,0.2278,1,0,79.2,82.2,81.15,A,0
LS02682,2022,Thương mại và dịch vụ,Nhỏ,Đủ,Không,1.527,1.1494,4.6815,135.121,0.8195,0.5597,1.2712,0.0,0.0589,0.0482,0.1095,1,0,70.0,80.1,76.56,BBB,0
LS02683,2023,Thương mại và dịch vụ,Siêu nhỏ,Không đủ,Không,,,,,,,,0.0,,,,1,0,28.0,80.8,67.6,BB,0
LS02684,2023,Thương mại và dịch vụ,Nhỏ,Đủ,Không,2.5802,1.7639,3.3734,122.0428,0.8399,0.5562,1.2534,0.0,-0.0156,-0.0131,-0.0295,1,0,52.0,79.6,69.94,BBB,0
LS02685,2024,Thương mại và dịch vụ,Nhỏ,Đủ,Không,1.5171,1.2972,6.1535,183.4309,0.6246,0.6579,1.9234,0.0,0.0161,0.0101,0.0294,1,0,45.6,67.87,60.07,B,0
LS02686,2021,Thương mại và dịch vụ,Siêu nhỏ,Đủ,Không,1.823,1.0543,2.7199,91.1234,1.1283,0.4898,0.9601,0.0,0.0114,0.0128,0.0252,1,0,58.8,71.5,67.06,BB,0
LS02687,2021,Công nghiệp,Siêu nhỏ,Không đủ,Không,,,,,,,,0.0,,,,1,0,28.0,77.93,65.45,BB,0
LS02688,2024,Thương mại và dịch vụ,Siêu nhỏ,Đủ,Không,1.8114,1.5658,6.942,166.6559,0.6624,0.393,0.6474,0.0,0.0498,0.033,0.0544,1,0,75.6,84.37,81.3,A,0
LS02689,2024,"Nông, lâm nghiệp và thủy sản",Nhỏ,Đủ,Không,1.1975,0.6921,1.8525,134.2874,0.5171,0.5173,1.0719,0.0,0.0086,0.0045,0.0092,1,0,57.2,65.6,62.66,BB,0
LS02690,2025,Thương mại và dịch vụ,Siêu nhỏ,Đủ,Không,2.7048,1.952,4.1863,107.4459,1.0987,0.3222,0.4754,0.0,0.0054,0.0059,0.0088,1,1,68.8,75.03,72.85,BBB,0
LS02691,2024,Thương mại và dịch vụ,Nhỏ,Đủ,Không,2.1034,1.934,24.7433,89.1185,1.5071,0.2893,0.4071,0.0,0.1071,0.1615,0.2272,1,0,94.0,70.47,78.7,A,0
LS02692,2021,Thương mại và dịch vụ,Nhỏ,Đủ,Có,1.4473,0.8433,4.693,48.7143,1.9191,0.5861,1.416,0.0,0.0158,0.0304,0.0735,1,0,64.8,65.87,65.39,BB,1
LS02693,2024,Thương mại và dịch vụ,Siêu nhỏ,Đủ,Không,1.2371,1.1142,3.2807,554.7421,0.2628,0.5673,1.3108,0.0,0.0,0.0,0.0,1,1,37.2,69.5,58.2,B,0
LS02694,2025,Thương mại và dịch vụ,Siêu nhỏ,Không đủ,Không,,,,,,,,0.0,,,,1,0,28.0,84.4,70.3,BB,0
LS02695,2022,Công nghiệp,Siêu nhỏ,Không đủ,Không,,,,,,,,0.0,,,,1,0,28.0,72.67,61.5,B,0
LS02696,2023,Thương mại và dịch vụ,Nhỏ,Đủ,Có,2.7478,2.2009,7.5021,96.5671,0.9835,0.5508,1.2262,0.0,0.0889,0.0874,0.1946,1,1,84.0,76.07,79.64,A,0
LS02697,2022,Thương mại và dịch vụ,Vừa,Đủ,Có,1.2248,1.0603,10.0138,126.4356,0.8325,0.575,1.3528,0.0,0.0895,0.0745,0.1754,1,0,76.0,67.07,71.09,BBB,0
LS02698,2024,Thương mại và dịch vụ,Nhỏ,Đủ,Không,1.3978,1.2714,17.3644,111.6362,1.317,0.6562,1.9084,0.0,-0.0165,-0.0217,-0.0632,1,2,47.6,73.93,64.72,BB,0
LS02699,2021,Thương mại và dịch vụ,Siêu nhỏ,Đủ,Không,2.814,1.6877,3.9294,67.3568,1.344,0.2708,0.3714,0.0,0.0,0.0,0.0,1,0,72.8,78.23,76.33,BBB,0
LS02700,2022,Thương mại và dịch vụ,Nhỏ,Đủ,Không,1.4128,1.2416,16.8037,67.882,1.0144,0.3836,0.6222,0.0,0.0415,0.0421,0.0683,1,0,80.8,71.4,74.69,BBB,0
LS02701,2022,Công nghiệp,Lớn,Đủ,Có,1.4241,0.7123,4.527,27.9179,0.9987,0.3523,0.544,0.0,0.0157,0.0157,0.0243,1,0,68.8,84.8,77.6,A,0
LS02702,2021,Thương mại và dịch vụ,Siêu nhỏ,Đủ,Không,1.7703,1.2561,4.2055,97.0952,1.0524,0.4607,0.8542,0.0,0.0214,0.0225,0.0417,1,2,71.2,61.8,65.09,BB,0
LS02703,2021,Xây dựng,Nhỏ,Đủ,Không,1.1732,0.6766,1.6692,120.1258,0.6092,0.6751,2.0781,0.0,0.0142,0.0087,0.0267,1,0,50.8,79.6,69.52,BB,0
LS02704,2022,"Nông, lâm nghiệp và thủy sản",Vừa,Đủ,Có,0.8816,0.5314,3.2163,72.944,0.67,0.5605,1.2755,0.0,-0.0413,-0.0277,-0.0629,1,0,59.2,65.0,62.39,BB,0
LS02705,2024,Thương mại và dịch vụ,Vừa,Đủ,Có,1.1534,0.503,4.2876,15.4054,2.062,0.6632,1.9689,0.0,0.0098,0.0202,0.0601,1,0,57.2,75.27,67.14,BB,0
LS02706,2024,Công nghiệp,Siêu nhỏ,Đủ,Không,1.6629,0.8697,2.5921,45.7033,0.8455,0.3227,0.4764,0.0,-0.0532,-0.045,-0.0664,1,1,63.2,60.53,61.47,B,0
LS02707,2025,Thương mại và dịch vụ,Siêu nhỏ,Không đủ,Không,,,,,,,,0.0,,,,1,0,28.0,70.6,59.95,B,0
LS02708,2024,Công nghiệp,Siêu nhỏ,Đủ,Không,1.4028,0.8339,1.6894,127.638,0.5216,0.4528,0.8275,0.0,0.0429,0.0224,0.0409,2,0,50.4,77.6,68.08,BB,0
LS02709,2023,Thương mại và dịch vụ,Siêu nhỏ,Đủ,Không,2.0572,0.9876,3.0419,22.6943,1.6321,0.4249,0.739,0.0,0.0104,0.0169,0.0294,1,0,67.6,77.2,73.84,BBB,0
LS02710,2024,Thương mại và dịch vụ,Lớn,Đủ,Có,0.6499,0.5891,9.1641,165.182,0.546,0.7939,3.853,0.0,0.0362,0.0198,0.0959,1,4,49.6,61.8,56.31,B,0
LS02711,2024,Công nghiệp,Siêu nhỏ,Đủ,Không,1.6286,0.665,1.3955,90.189,0.5691,0.4078,0.6885,0.0,-0.0218,-0.0124,-0.0209,1,0,42.4,77.7,65.34,BB,0
LS02712,2022,Công nghiệp,Siêu nhỏ,Đủ,Không,1.0836,0.5251,3.2275,15.5197,1.0275,0.5097,1.0396,0.0,0.0,0.0,0.0,2,0,54.0,67.8,62.97,BB,0
LS02713,2023,Xây dựng,Nhỏ,Đủ,Không,1.159,0.9411,4.1326,186.3811,0.6323,0.6191,1.6255,0.0,-0.0359,-0.0227,-0.0595,1,0,54.0,61.57,58.92,B,0
LS02714,2024,Thương mại và dịch vụ,Nhỏ,Đủ,Không,1.4686,1.1959,12.9572,59.6588,1.8281,0.6591,1.9334,0.0,0.0,0.0,0.0,1,0,60.0,74.53,69.45,BB,0
LS02715,2022,"Nông, lâm nghiệp và thủy sản",Nhỏ,Đủ,Có,1.8517,0.8669,2.1497,94.4151,0.5101,0.5876,1.4249,0.0,-0.0177,-0.009,-0.0219,2,0,60.4,54.53,57.17,B,0
LS02716,2025,Công nghiệp,Vừa,Đủ,Có,1.3258,0.7933,2.389,124.5382,0.6569,0.6668,2.001,0.0,-0.0123,-0.0081,-0.0242,2,0,33.6,77.13,57.54,B,0
LS02717,2021,Công nghiệp,Nhỏ,Đủ,Không,1.3082,0.8488,2.5819,106.2894,0.6272,0.451,0.8213,0.0,0.0395,0.0248,0.0451,1,0,51.6,75.17,66.92,BB,0
LS02718,2024,Thương mại và dịch vụ,Lớn,Đủ,Có,1.4157,1.2286,4.9907,289.5648,0.5112,0.7932,3.8367,0.0,0.0403,0.0206,0.0997,1,0,53.6,75.6,65.7,BB,0
LS02719,2022,Thương mại và dịch vụ,Siêu nhỏ,Đủ,Không,1.0848,0.6769,5.3835,57.6536,1.8041,0.7088,2.4342,0.0,-0.019,-0.0342,-0.1174,1,0,43.2,62.6,55.81,B,0
LS02720,2023,Thương mại và dịch vụ,Nhỏ,Đủ,Không,1.4539,0.9705,4.5278,81.5427,1.0773,0.6556,1.9036,0.0,0.0269,0.0289,0.084,1,0,58.0,70.27,65.97,BB,0
LS02721,2025,Xây dựng,Siêu nhỏ,Đủ,Không,1.7867,1.3795,2.0884,343.8406,0.3616,0.5597,1.2714,0.0,0.0203,0.0073,0.0167,1,0,63.6,67.0,65.81,BB,0
LS02722,2024,Thương mại và dịch vụ,Nhỏ,Không đủ,Không,2.5028,2.0432,13.3669,64.1245,1.0716,0.5183,1.0758,0.0,0.0738,0.0791,0.1641,1,0,90.0,65.77,71.82,BB,0
LS02723,2022,Thương mại và dịch vụ,Siêu nhỏ,Không đủ,Không,,,,,,,,0.0,,,,1,0,28.0,78.87,66.15,BB,0
LS02724,2024,Thương mại và dịch vụ,Nhỏ,Đủ,Không,1.7639,1.4143,10.5284,68.5461,1.6077,0.4615,0.8569,0.0,0.03,0.0482,0.0896,2,0,84.4,76.07,78.98,A,0
LS02725,2023,Thương mại và dịch vụ,Nhỏ,Đủ,Không,1.4532,0.8289,4.2859,41.4211,1.8844,0.5939,1.4625,0.0,0.0222,0.0418,0.103,1,0,71.6,79.8,76.93,BBB,0
LS02726,2022,Xây dựng,Nhỏ,Đủ,Có,1.747,1.2403,3.0004,197.2214,0.6215,0.7554,3.089,0.0,0.0251,0.0156,0.0638,1,0,68.0,71.27,69.8,BBB,0
LS02727,2021,Công nghiệp,Siêu nhỏ,Đủ,Không,1.8496,0.9256,2.2701,68.9744,0.8225,0.4701,0.8873,0.0,0.0256,0.021,0.0397,1,1,60.8,85.27,76.7,BBB,0
LS02728,2022,"Nông, lâm nghiệp và thủy sản",Siêu nhỏ,Đủ,Không,1.5181,0.8434,1.7232,97.7679,0.3146,0.5225,1.0941,0.0,0.0179,0.0056,0.0118,1,1,61.6,52.23,55.51,B,0
LS02729,2025,Thương mại và dịch vụ,Siêu nhỏ,Đủ,Không,1.3916,0.6669,1.2829,70.1847,0.5673,0.6721,2.0498,0.0,0.0103,0.0059,0.0179,1,1,35.6,70.6,58.35,B,1
LS02730,2022,Công nghiệp,Siêu nhỏ,Không đủ,Không,,,,,,,,0.0,,,,1,0,28.0,76.4,64.3,BB,0
LS02731,2024,Thương mại và dịch vụ,Nhỏ,Đủ,Không,1.542,1.1965,3.3985,155.9317,0.633,0.4611,0.8557,0.0,0.0424,0.0268,0.0498,1,0,61.6,83.9,76.1,BBB,0
LS02732,2023,Thương mại và dịch vụ,Vừa,Đủ,Không,2.1517,1.866,8.5053,135.3946,0.8702,0.6021,1.5133,0.0,0.0588,0.0512,0.1286,1,1,77.2,84.43,81.9,A,0
LS02733,2023,Công nghiệp,Siêu nhỏ,Đủ,Có,1.4009,0.8603,2.6174,114.7339,0.8186,0.4808,0.926,0.0,-0.0094,-0.0077,-0.0148,1,0,48.0,68.57,59.31,B,0
LS02734,2025,Công nghiệp,Nhỏ,Đủ,Không,2.0114,1.3746,8.5883,42.3191,1.7315,0.4812,0.9275,0.0,0.0638,0.1104,0.2128,1,0,92.4,92.0,92.14,AA,0
LS02735,2023,Thương mại và dịch vụ,Lớn,Đủ,Có,2.0313,0.9827,4.7559,44.7734,2.4266,0.6959,2.2887,0.0,0.0142,0.0344,0.1132,1,0,73.6,70.8,72.06,BBB,0
LS02736,2023,Thương mại và dịch vụ,Siêu nhỏ,Đủ,Không,1.4111,0.7528,2.3186,80.2915,1.0725,0.6003,1.5016,0.0,0.0618,0.0663,0.1658,1,0,62.8,88.43,79.46,A,0
LS02737,2024,Thương mại và dịch vụ,Nhỏ,Đủ,Không,1.8964,1.5108,8.8129,82.4612,1.3722,0.5795,1.3781,0.0,0.0844,0.1159,0.2755,1,0,82.0,78.2,79.53,A,0
LS02738,2021,Thương mại và dịch vụ,Nhỏ,Đủ,Không,1.4977,0.6544,1.5965,64.9252,0.8465,0.5374,1.1617,0.0,0.0361,0.0306,0.0661,1,0,62.4,82.2,75.27,BBB,0
LS02739,2024,Công nghiệp,Siêu nhỏ,Đủ,Không,1.8578,0.9028,1.9355,39.4595,0.7852,0.3922,0.6453,0.0,0.0281,0.0221,0.0363,1,0,68.4,82.4,77.5,A,0
LS02740,2022,Công nghiệp,Nhỏ,Đủ,Có,1.6088,0.7669,2.0646,69.3671,0.7242,0.4613,0.8563,0.0,0.0828,0.06,0.1113,1,0,68.0,79.4,74.27,BBB,0
LS02741,2023,Thương mại và dịch vụ,Siêu nhỏ,Đủ,Không,1.3742,1.1126,2.9747,256.1801,0.5322,0.4992,0.9967,0.0,0.028,0.0149,0.0297,1,0,49.2,76.97,67.25,BB,0
LS02742,2024,Công nghiệp,Nhỏ,Đủ,Không,1.0627,0.6293,4.2366,64.9931,0.9546,0.4848,0.941,0.0,0.0589,0.0562,0.1091,1,0,68.4,75.8,73.21,BBB,0
LS02743,2025,"Nông, lâm nghiệp và thủy sản",Siêu nhỏ,Đủ,Không,2.4298,1.4766,0.6339,535.3333,0.1602,0.2282,0.2956,0.0,-0.0485,-0.0078,-0.0101,1,0,52.0,56.63,55.01,B,0
LS02744,2025,Xây dựng,Siêu nhỏ,Đủ,Không,1.4466,1.3302,5.102,471.2313,0.3573,0.5613,1.2796,0.0,-0.0448,-0.016,-0.0365,1,0,50.8,62.67,58.51,B,1
LS02745,2024,Thương mại và dịch vụ,Siêu nhỏ,Đủ,Không,2.3825,1.765,3.5044,146.6822,0.7731,0.2645,0.3595,0.0,0.0449,0.0347,0.0472,1,0,75.6,76.0,75.86,BBB,0
LS02746,2024,Thương mại và dịch vụ,Siêu nhỏ,Không đủ,Không,,,,,,,,0.0,,,,1,0,28.0,73.0,61.75,B,0
LS02747,2021,Xây dựng,Siêu nhỏ,Đủ,Không,1.0451,0.804,2.6108,268.6304,0.4798,0.6667,2.0,0.0,-0.0545,-0.0261,-0.0784,1,0,42.8,73.1,62.5,BB,0
LS02748,2025,Công nghiệp,Nhỏ,Đủ,Không,1.4987,1.0397,4.1901,100.9591,0.6976,0.4958,0.9833,0.0,-0.0202,-0.0141,-0.028,1,0,51.2,71.77,64.57,BB,0
LS02749,2023,Thương mại và dịch vụ,Nhỏ,Đủ,Có,1.5175,1.1854,3.5062,157.4694,0.5128,0.6005,1.5031,0.0,0.0597,0.0306,0.0766,1,0,58.8,65.57,62.52,BB,0
LS02750,2024,Thương mại và dịch vụ,Nhỏ,Đủ,Không,1.2762,0.9305,12.853,36.5363,1.9456,0.5986,1.4912,0.0,0.0,0.0,0.0,1,0,64.8,71.1,68.9,BB,0
LS02751,2025,Thương mại và dịch vụ,Nhỏ,Đủ,Không,1.5162,1.2161,8.9312,69.5652,1.2377,0.5983,1.4891,0.0,0.0633,0.0783,0.195,1,1,77.2,65.63,69.68,BBB,0
LS02752,2025,Thương mại và dịch vụ,Siêu nhỏ,Đủ,Không,1.1638,0.9795,4.5926,199.717,0.5248,0.5205,1.0855,0.0,0.0216,0.0113,0.0236,2,0,46.4,64.97,58.47,B,0
LS02753,2022,Thương mại và dịch vụ,Siêu nhỏ,Không đủ,Không,,,,,,,,0.0,,,,1,0,28.0,64.93,55.7,B,0
LS02754,2024,Thương mại và dịch vụ,Siêu nhỏ,Đủ,Không,1.3574,0.9856,6.2087,88.6966,1.1829,0.4826,0.9327,0.0,-0.0309,-0.0366,-0.0707,1,0,52.4,74.6,66.83,BB,0
LS02755,2024,Thương mại và dịch vụ,Nhỏ,Đủ,Không,1.3724,0.9892,3.8026,142.6521,1.0195,0.6436,1.8061,0.0,0.0323,0.033,0.0925,1,0,54.0,58.5,56.92,B,0
LS02756,2025,Thương mại và dịch vụ,Nhỏ,Đủ,Không,2.0238,1.6625,6.4763,115.6824,0.7034,0.4975,0.9901,0.0,0.044,0.0309,0.0615,1,0,72.0,76.37,74.84,BBB,0
LS02757,2022,Thương mại và dịch vụ,Siêu nhỏ,Không đủ,Không,1.7246,1.0479,2.6947,96.6176,1.1492,0.5507,1.2257,0.0,-0.028,-0.0322,-0.0716,1,1,49.2,56.2,54.45,B,0
LS02758,2023,Thương mại và dịch vụ,Nhỏ,Đủ,Không,2.115,1.1328,2.8811,86.5327,1.1977,0.3665,0.5785,0.0,0.0138,0.0165,0.0261,2,0,66.4,63.53,64.54,BB,0
LS02759,2022,Công nghiệp,Siêu nhỏ,Không đủ,Không,,,,,,,,0.0,,,,1,0,28.0,84.0,70.0,BB,0
LS02760,2023,Thương mại và dịch vụ,Nhỏ,Đủ,Có,2.0378,1.5061,2.0679,246.0251,0.416,0.685,2.1743,0.0,0.1449,0.0603,0.1913,1,0,64.0,85.0,75.55,BBB,0
LS02761,2023,Xây dựng,Siêu nhỏ,Đủ,Không,1.4963,1.1847,1.2874,597.2727,0.275,0.6521,1.8743,0.0,0.0114,0.0031,0.009,1,0,40.0,74.4,62.36,BB,0
LS02762,2021,Thương mại và dịch vụ,Lớn,Đủ,Có,1.5258,0.7879,2.6321,67.9505,1.0805,0.6164,1.607,0.0,0.0175,0.019,0.0494,1,0,59.6,84.6,73.35,BBB,0
LS02763,2025,Thương mại và dịch vụ,Vừa,Đủ,Không,1.3378,0.6904,5.1661,32.4583,2.069,0.7951,3.8796,0.0,0.0147,0.0304,0.1484,1,1,59.2,58.23,58.57,B,0
LS02764,2025,Xây dựng,Siêu nhỏ,Đủ,Không,1.8207,1.4772,1.8674,472.3529,0.3639,0.4905,0.9626,0.0,-0.0972,-0.0354,-0.0694,1,0,52.4,64.8,60.46,B,0
LS02765,2025,"Nông, lâm nghiệp và thủy sản",Siêu nhỏ,Đủ,Không,1.351,0.9447,1.1479,354.3096,0.2201,0.5138,1.0568,0.0,0.0335,0.0074,0.0152,1,0,54.0,66.97,62.43,BB,0
LS02766,2025,Thương mại và dịch vụ,Nhỏ,Đủ,Có,1.8906,1.4362,4.841,114.4091,0.9181,0.6966,2.2963,0.0,0.0258,0.0237,0.078,1,0,60.8,66.47,63.92,BB,0
LS02767,2025,Thương mại và dịch vụ,Vừa,Đủ,Không,2.2752,1.262,5.7828,39.1825,2.3249,0.6999,2.3318,0.0,0.0225,0.0522,0.174,2,2,77.6,67.97,71.34,BBB,0
LS02768,2021,Xây dựng,Siêu nhỏ,Đủ,Không,1.4617,1.2234,4.2411,255.983,0.5067,0.499,0.9962,0.0,0.0,0.0,0.0,1,0,66.0,73.37,70.79,BBB,1
LS02769,2025,Thương mại và dịch vụ,Nhỏ,Đủ,Không,2.0623,1.6018,12.6899,51.7054,2.747,0.7381,2.8179,0.0,-0.0264,-0.0726,-0.2772,1,0,58.0,58.87,58.56,B,0
LS02770,2022,Thương mại và dịch vụ,Lớn,Đủ,Có,1.1926,0.8104,7.1764,58.026,2.1698,0.7967,3.9195,0.0,0.025,0.0543,0.267,1,0,69.6,71.4,70.59,BBB,1
LS02771,2024,Xây dựng,Siêu nhỏ,Đủ,Không,1.8455,1.3525,1.8394,282.5141,0.5226,0.497,0.9883,0.0,-0.0377,-0.0197,-0.0391,1,0,58.4,70.77,66.44,BB,0
LS02772,2025,Thương mại và dịch vụ,Siêu nhỏ,Đủ,Không,1.0746,1.0154,22.5926,146.2804,0.9113,0.5321,1.1372,0.0,-0.0256,-0.0233,-0.0499,1,0,48.4,60.3,56.14,B,0
LS02773,2024,Thương mại và dịch vụ,Siêu nhỏ,Đủ,Không,1.3566,1.1678,5.8889,206.5504,0.4801,0.6725,2.053,0.0,0.0465,0.0223,0.0682,1,0,51.6,59.47,56.71,B,0
LS02774,2021,Thương mại và dịch vụ,Siêu nhỏ,Đủ,Không,2.0301,1.7782,4.0746,376.8088,0.2998,0.5952,1.4706,0.0,-0.0118,-0.0035,-0.0087,1,1,42.4,67.47,58.69,B,0
LS02775,2021,Thương mại và dịch vụ,Siêu nhỏ,Đủ,Không,2.1783,1.1304,2.3492,79.8615,1.144,0.4088,0.6914,0.0,-0.0443,-0.0507,-0.0857,2,1,56.8,56.2,56.41,B,0
LS02776,2024,Thương mại và dịch vụ,Nhỏ,Đủ,Không,2.2199,2.0106,5.6145,270.6823,0.4518,0.6837,2.162,0.0,0.0313,0.0142,0.0448,1,0,53.6,85.43,74.29,BBB,0
LS02777,2024,Thương mại và dịch vụ,Siêu nhỏ,Không đủ,Không,,,,,,,,0.0,,,,1,0,28.0,74.2,62.65,BB,0
LS02778,2022,Thương mại và dịch vụ,Nhỏ,Đủ,Không,1.1068,0.9948,10.1617,147.683,0.631,0.4766,0.9105,0.0,-0.0144,-0.0091,-0.0174,1,0,46.4,76.0,65.64,BB,0
LS02779,2024,Công nghiệp,Siêu nhỏ,Đủ,Không,1.0134,0.6237,5.6755,45.8465,1.2628,0.5805,1.3836,0.0,-0.0413,-0.0521,-0.1242,1,0,47.2,61.5,56.5,B,1
LS02780,2025,Thương mại và dịch vụ,Siêu nhỏ,Đủ,Không,1.4438,0.6644,3.1538,38.0226,1.428,0.4859,0.945,0.0,0.044,0.0629,0.1223,1,0,71.2,79.7,76.73,BBB,0
LS02781,2025,Xây dựng,Nhỏ,Đủ,Không,1.5174,0.8177,1.6837,104.4524,0.4821,0.3707,0.5891,0.0,0.024,0.0116,0.0184,1,0,67.2,73.73,71.45,BBB,0
LS02782,2022,Thương mại và dịch vụ,Vừa,Đủ,Không,1.3759,0.756,4.4366,37.2612,1.6838,0.5855,1.4128,0.0,0.016,0.0269,0.0648,1,1,65.6,74.87,71.62,BBB,0
LS02783,2021,Công nghiệp,Siêu nhỏ,Đủ,Không,2.3244,1.3259,6.1902,43.5433,1.5371,0.2162,0.2759,0.0,0.1102,0.1693,0.2161,1,0,100.0,77.9,85.64,AA,0
LS02784,2024,Thương mại và dịch vụ,Siêu nhỏ,Đủ,Không,1.5771,1.4503,14.4189,172.6824,0.7772,0.4954,0.9818,0.0,0.0862,0.067,0.1328,1,0,75.2,74.63,74.83,BBB,0
LS02785,2021,Thương mại và dịch vụ,Nhỏ,Đủ,Không,1.5481,0.6687,3.0225,30.4691,1.6359,0.568,1.3149,0.0,0.0408,0.0668,0.1546,1,0,70.8,77.27,75.0,BBB,0
LS02786,2021,Xây dựng,Siêu nhỏ,Đủ,Không,1.4653,0.9075,1.1451,238.3058,0.3922,0.5608,1.2768,0.0,0.0,0.0,0.0,2,0,50.8,61.6,57.82,B,0
LS02787,2024,"Nông, lâm nghiệp và thủy sản",Lớn,Đủ,Có,1.8902,0.964,1.4743,87.6701,0.3341,0.5924,1.4536,0.0,0.063,0.021,0.0516,1,0,83.2,77.7,80.18,A,0
LS02788,2022,Công nghiệp,Siêu nhỏ,Không đủ,Không,,,,,,,,0.0,,,,1,1,28.0,70.27,59.7,B,0
LS02789,2022,Công nghiệp,Vừa,Đủ,Không,1.8508,1.4062,4.3476,108.3989,0.6917,0.7072,2.4157,0.0,0.0663,0.0459,0.1567,1,0,63.6,76.17,71.77,BBB,0
LS02790,2025,Thương mại và dịch vụ,Siêu nhỏ,Đủ,Không,1.4781,1.377,11.4865,269.6944,0.6932,0.6252,1.6678,0.0,-0.0426,-0.0295,-0.0788,1,1,43.6,68.73,59.94,B,0
LS02791,2024,Thương mại và dịch vụ,Lớn,Đủ,Có,1.12,1.0632,21.474,171.8652,0.7721,0.6463,1.8275,0.0,0.0211,0.0163,0.0461,1,0,56.4,60.17,58.47,B,1
LS02792,2022,Công nghiệp,Siêu nhỏ,Không đủ,Không,,,,,,,,0.0,,,,1,0,28.0,86.6,71.95,BB,0
LS02793,2021,Thương mại và dịch vụ,Siêu nhỏ,Đủ,Không,2.1609,1.7721,5.6828,141.9084,0.577,0.3342,0.5019,0.0,0.0516,0.0298,0.0447,1,0,79.2,86.3,83.82,A,0
LS02794,2021,Thương mại và dịch vụ,Nhỏ,Đủ,Không,1.2706,0.7338,5.1217,40.5016,1.8051,0.6114,1.5734,0.0,-0.0288,-0.052,-0.1337,1,0,50.8,79.0,69.13,BB,0
LS02795,2022,Thương mại và dịch vụ,Nhỏ,Đủ,Có,2.206,1.8896,6.8488,141.6695,0.7887,0.5406,1.1767,0.0,0.0466,0.0368,0.08,1,0,74.0,78.6,76.53,BBB,0
LS02796,2024,Thương mại và dịch vụ,Nhỏ,Đủ,Không,1.6884,1.0451,5.0358,45.3737,1.7096,0.4855,0.9436,0.0,0.0083,0.0142,0.0276,1,0,64.0,77.3,72.64,BBB,0
LS02797,2021,Thương mại và dịch vụ,Nhỏ,Đủ,Không,1.7819,1.4835,6.4382,130.0769,0.7345,0.2926,0.4136,0.0,0.1229,0.0902,0.1276,1,0,80.8,81.2,81.06,A,0
LS02798,2025,Công nghiệp,Siêu nhỏ,Không đủ,Không,,,,,,,,0.0,,,,2,1,28.0,65.07,55.8,B,0
LS02799,2022,Thương mại và dịch vụ,Siêu nhỏ,Không đủ,Không,,,,,,,,0.0,,,,1,1,28.0,72.33,61.25,B,0
LS02800,2023,Thương mại và dịch vụ,Nhỏ,Đủ,Không,1.4753,1.3188,14.1903,127.6213,1.0916,0.5797,1.3791,0.0,0.0281,0.0306,0.0729,1,0,67.6,71.53,70.16,BBB,0
LS02801,2024,Thương mại và dịch vụ,Nhỏ,Đủ,Không,1.7107,1.1818,5.729,56.2166,1.4717,0.437,0.7762,0.0,0.0176,0.0259,0.0461,1,0,76.0,78.83,77.84,A,0
LS02802,2025,Thương mại và dịch vụ,Nhỏ,Đủ,Có,1.4024,1.292,15.4685,132.6204,0.8625,0.4452,0.8024,0.0,-0.029,-0.025,-0.0451,1,0,59.2,63.9,61.78,B,0
LS02803,2025,Công nghiệp,Siêu nhỏ,Đủ,Không,1.0608,0.6069,2.3254,79.9203,0.5074,0.5377,1.163,0.0,0.1074,0.0545,0.1179,1,0,57.2,79.2,71.5,BBB,0
LS02804,2025,Thương mại và dịch vụ,Vừa,Đủ,Không,1.6891,1.574,22.8408,104.6969,1.0517,0.3075,0.444,0.0,-0.0416,-0.0438,-0.0632,1,2,62.4,50.8,54.86,B,0
LS02805,2022,Xây dựng,Siêu nhỏ,Không đủ,Không,,,,,,,,0.0,,,,2,0,28.0,72.73,61.55,B,0
LS02806,2022,Thương mại và dịch vụ,Siêu nhỏ,Đủ,Không,1.5315,0.7607,2.9575,55.4929,1.2996,0.5061,1.0245,0.0,-0.0137,-0.0178,-0.0361,1,2,50.4,69.63,62.9,BB,0
LS02807,2025,Thương mại và dịch vụ,Nhỏ,Đủ,Không,1.884,1.2956,7.7457,50.1256,1.8918,0.3857,0.6278,0.0,0.009,0.017,0.0278,2,1,75.2,71.8,72.99,BBB,0
LS02808,2023,Thương mại và dịch vụ,Siêu nhỏ,Đủ,Không,2.3806,1.7987,5.5898,95.6294,1.251,0.3422,0.5202,0.0,-0.0126,-0.0157,-0.0239,1,0,68.0,70.93,69.91,BBB,0
LS02809,2022,Thương mại và dịch vụ,Siêu nhỏ,Đủ,Không,1.4955,0.7062,2.0658,70.0535,0.9274,0.5149,1.0614,0.0,0.0239,0.0222,0.0457,1,0,57.2,72.27,66.99,BB,0
LS02810,2024,Thương mại và dịch vụ,Siêu nhỏ,Đủ,Không,19.3621,14.8621,7.1724,84.451,1.453,0.0413,0.0431,0.0,0.0255,0.037,0.0386,1,0,86.0,86.0,86.0,AA,0
LS02811,2021,Thương mại và dịch vụ,Lớn,Đủ,Có,2.0378,1.0538,4.0511,35.6071,1.6563,0.5849,1.4092,0.0,0.0126,0.0209,0.0504,1,0,71.2,71.97,71.62,BBB,0
LS02812,2023,Công nghiệp,Lớn,Đủ,Có,1.0286,0.8491,5.6492,151.6077,0.6096,0.6023,1.5145,0.0,0.0519,0.0317,0.0796,1,0,59.2,71.4,65.91,BB,0
LS02813,2025,Thương mại và dịch vụ,Nhỏ,Đủ,Không,1.938,1.6987,8.7531,159.9028,0.6973,0.4615,0.8569,0.0,0.0344,0.024,0.0446,1,0,70.8,80.63,77.19,BBB,0
LS02814,2023,Thương mại và dịch vụ,Siêu nhỏ,Đủ,Không,2.2693,1.9039,10.2709,113.5903,1.6415,0.4025,0.6735,0.0,0.0346,0.0568,0.0951,1,0,90.4,87.4,88.45,AA,0
LS02815,2024,Công nghiệp,Nhỏ,Đủ,Không,1.377,0.7251,2.829,84.4983,1.1399,0.6347,1.7378,0.0,0.0293,0.0334,0.0915,1,0,54.8,78.2,70.01,BBB,0
LS02816,2025,Xây dựng,Siêu nhỏ,Đủ,Không,1.2576,0.9662,3.758,162.295,0.5824,0.6521,1.8747,0.0,0.0186,0.0108,0.0311,1,0,66.4,69.5,68.42,BB,0
LS02817,2024,Thương mại và dịch vụ,Siêu nhỏ,Đủ,Không,2.492,1.6038,3.1942,102.5406,0.9753,0.3096,0.4484,0.0,-0.0122,-0.0119,-0.0172,2,0,62.0,62.0,62.0,BB,0
LS02818,2022,Thương mại và dịch vụ,Lớn,Đủ,Có,3.5438,2.896,4.605,142.8644,0.566,0.7052,2.3927,0.0,0.2154,0.1219,0.4137,1,1,74.0,75.47,74.81,BBB,0
LS02819,2024,Thương mại và dịch vụ,Siêu nhỏ,Không đủ,Không,1.5575,0.85,2.8681,72.0461,1.3236,0.6099,1.5636,0.0,0.0182,0.0241,0.0618,1,1,62.0,57.83,58.88,B,0
LS02820,2023,Công nghiệp,Nhỏ,Đủ,Không,1.3975,0.9021,3.5838,57.4469,0.9719,0.6427,1.7987,0.0,-0.0115,-0.0112,-0.0313,1,0,47.2,64.47,58.42,B,0
LS02821,2021,Thương mại và dịch vụ,Nhỏ,Đủ,Không,1.9795,1.7113,4.7465,211.1976,0.5076,0.7044,2.3834,0.0,-0.0652,-0.0331,-0.112,1,0,42.0,72.9,62.08,BB,0
LS02822,2023,Thương mại và dịch vụ,Siêu nhỏ,Đủ,Không,1.6236,0.9297,1.4219,201.9787,0.6493,0.5608,1.2767,0.0,0.0115,0.0075,0.017,1,0,40.4,75.2,63.02,BB,0
LS02823,2023,"Nông, lâm nghiệp và thủy sản",Nhỏ,Đủ,Không,1.4,1.025,3.9494,119.6062,0.6648,0.4543,0.8326,0.0,0.0264,0.0175,0.0321,1,0,80.8,79.0,79.63,A,0
LS02824,2023,Công nghiệp,Siêu nhỏ,Không đủ,Không,,,,,,,,0.0,,,,1,0,28.0,69.6,59.2,B,0
LS02825,2023,Công nghiệp,Lớn,Đủ,Có,1.8114,1.1172,4.0762,74.7009,0.748,0.7576,3.1255,0.0,0.0645,0.0483,0.1991,1,0,71.6,79.47,75.93,BBB,0
LS02826,2021,Thương mại và dịch vụ,Nhỏ,Đủ,Không,1.2582,0.6001,3.5677,45.9408,1.6728,0.7258,2.6471,0.0,0.0117,0.0195,0.0711,2,0,48.4,72.2,63.87,BB,0
LS02827,2025,Thương mại và dịch vụ,Siêu nhỏ,Không đủ,Không,,,,,,,,0.0,,,,1,0,28.0,76.73,64.55,BB,0
LS02828,2022,Công nghiệp,Vừa,Đủ,Không,2.0597,1.0826,2.1817,64.0123,0.6516,0.5375,1.1622,0.0,0.0572,0.0372,0.0805,1,1,64.8,85.87,78.49,A,0
LS02829,2025,Công nghiệp,Siêu nhỏ,Đủ,Không,1.1265,0.7602,1.5729,217.1994,0.3843,0.5403,1.1753,0.0,0.0236,0.0091,0.0198,1,0,35.2,67.23,56.02,B,1
LS02830,2023,Xây dựng,Siêu nhỏ,Đủ,Không,1.3836,1.1288,5.5914,184.3311,0.7094,0.433,0.7636,0.0,0.0134,0.0095,0.0167,1,0,73.2,50.27,58.29,B,0
LS02831,2024,Thương mại và dịch vụ,Siêu nhỏ,Đủ,Không,1.4548,0.8477,3.8422,70.1797,1.3959,0.5543,1.2439,0.0,-0.0183,-0.0255,-0.0572,1,0,50.4,61.63,57.7,B,0
LS02832,2024,Xây dựng,Siêu nhỏ,Đủ,Không,1.8899,1.673,3.9565,367.3101,0.412,0.4146,0.7082,0.0,0.0127,0.0052,0.0089,1,0,68.8,53.63,58.94,B,0
LS02833,2022,Thương mại và dịch vụ,Siêu nhỏ,Đủ,Không,1.2955,0.7435,3.7052,92.5474,1.1942,0.5642,1.2946,0.0,0.0,0.0,0.0,1,0,45.6,76.6,65.75,BB,0
LS02834,2023,Thương mại và dịch vụ,Siêu nhỏ,Không đủ,Không,,,,,,,,0.0,,,,1,0,28.0,74.67,63.0,BB,0
LS02835,2024,Công nghiệp,Nhỏ,Đủ,Có,2.0348,1.3123,8.398,37.057,1.8318,0.2462,0.3266,0.0,0.0511,0.0936,0.1241,1,0,94.8,77.6,85.34,AA,0
LS02836,2021,Thương mại và dịch vụ,Siêu nhỏ,Không đủ,Không,,,,,,,,0.0,,,,1,0,28.0,74.67,63.0,BB,0
LS02837,2022,Công nghiệp,Nhỏ,Đủ,Không,1.6892,1.1001,4.3349,75.4595,0.9836,0.5492,1.2183,0.0,0.0199,0.0196,0.0435,1,0,59.2,80.47,73.02,BBB,0
LS02838,2021,Công nghiệp,Siêu nhỏ,Không đủ,Không,,,,,,,,0.0,,,,1,0,28.0,71.87,60.9,B,0
LS02839,2022,Thương mại và dịch vụ,Nhỏ,Đủ,Không,1.4462,0.7426,3.5266,50.9078,1.5254,0.5337,1.1444,0.0,0.0121,0.0184,0.0395,1,0,62.0,76.8,71.62,BBB,0
LS02840,2023,Xây dựng,Nhỏ,Đủ,Có,2.1108,1.4618,1.4532,309.959,0.3934,0.3686,0.5839,0.0,0.0342,0.0134,0.0213,1,0,68.4,84.4,77.2,A,0
LS02841,2025,Thương mại và dịch vụ,Nhỏ,Đủ,Không,1.3795,0.5008,3.7561,25.8416,2.0477,0.5687,1.3186,0.0,0.0095,0.0194,0.045,1,0,58.8,62.4,61.14,B,1
LS02842,2025,Thương mại và dịch vụ,Siêu nhỏ,Đủ,Không,3.6809,2.417,2.2862,183.6805,0.825,0.2508,0.3348,0.0,0.0129,0.0107,0.0142,2,0,64.4,53.5,57.32,B,0
LS02843,2021,Thương mại và dịch vụ,Siêu nhỏ,Đủ,Không,1.4834,0.9774,3.4537,106.3566,1.2381,0.6403,1.7799,0.0,0.0146,0.0181,0.0504,2,0,53.2,71.83,65.31,BB,0
LS02844,2025,Công nghiệp,Vừa,Đủ,Có,1.8959,1.398,5.711,100.3859,0.8482,0.7612,3.1868,0.0,0.0642,0.0544,0.2279,1,0,63.2,82.4,73.76,BBB,0
LS02845,2024,Thương mại và dịch vụ,Nhỏ,Đủ,Không,2.2722,1.5485,5.4628,58.4122,1.6249,0.6165,1.6075,0.0,0.0093,0.0152,0.0396,1,0,66.4,72.6,70.43,BBB,0
LS02846,2022,Thương mại và dịch vụ,Vừa,Đủ,Có,1.4965,1.1038,3.6067,133.1362,0.7043,0.6227,1.6501,0.0,0.0358,0.0252,0.0668,1,1,54.4,68.17,61.97,B,0
LS02847,2025,Thương mại và dịch vụ,Nhỏ,Đủ,Không,1.9676,1.8287,11.9592,186.2575,0.734,0.5741,1.3481,0.0,-0.0147,-0.0108,-0.0254,2,1,52.0,56.3,54.8,B,0
LS02848,2022,Xây dựng,Nhỏ,Đủ,Không,1.0694,0.6899,1.9229,118.3949,0.5813,0.709,2.4365,0.0,-0.0138,-0.008,-0.0276,1,1,43.2,68.27,59.49,B,0
LS02849,2021,Công nghiệp,Vừa,Đủ,Có,1.3946,0.3434,1.9955,13.0574,0.8898,0.7004,2.3378,0.0,0.0703,0.0626,0.2088,1,1,63.2,82.13,73.61,BBB,0
LS02850,2025,Thương mại và dịch vụ,Lớn,Đủ,Có,1.1917,0.4589,2.6122,26.1192,1.5782,0.9072,9.7716,0.0,0.0042,0.0067,0.0722,1,1,45.2,69.27,58.44,B,0
LS02851,2023,Công nghiệp,Vừa,Đủ,Không,1.6351,0.9972,4.9733,46.5273,1.0153,0.4422,0.7927,0.0,0.034,0.0345,0.0619,1,1,74.4,71.83,72.73,BBB,0
LS02852,2025,Xây dựng,Vừa,Đủ,Có,1.0572,0.6956,3.2221,150.9076,0.697,0.85,5.6669,0.0,0.0165,0.0115,0.0768,1,0,52.4,56.5,54.66,B,1
LS02853,2025,Thương mại và dịch vụ,Nhỏ,Đủ,Không,1.3788,0.6292,1.8287,48.987,1.0869,0.689,2.2157,0.0,0.0107,0.0116,0.0373,1,0,43.6,71.97,62.04,BB,0
LS02854,2025,Thương mại và dịch vụ,Siêu nhỏ,Đủ,Không,1.2576,1.2235,40.0,149.7824,0.7702,0.5922,1.4521,0.0,-0.057,-0.0439,-0.1076,1,0,44.0,63.63,56.76,B,0
LS02855,2021,Thương mại và dịch vụ,Lớn,Đủ,Có,1.2491,0.7611,3.6117,75.02,1.2774,0.7356,2.7816,0.0,0.0229,0.0293,0.1107,1,0,57.2,62.73,60.24,B,0
LS02856,2023,Công nghiệp,Siêu nhỏ,Đủ,Không,1.1181,0.4973,2.8628,39.5,0.8649,0.4976,0.9906,0.0,0.0164,0.0142,0.0283,1,0,51.6,68.2,62.39,BB,0
LS02857,2023,Thương mại và dịch vụ,Siêu nhỏ,Đủ,Không,1.1006,0.4891,2.0461,41.0278,1.0178,0.711,2.4606,0.0,0.0085,0.0087,0.03,1,0,41.6,65.93,57.42,B,0
LS02858,2024,Thương mại và dịch vụ,Nhỏ,Đủ,Không,1.5389,1.1795,10.5476,70.0092,1.9999,0.6344,1.7352,0.0,0.009,0.018,0.0492,1,1,63.2,72.33,69.14,BB,0
LS02859,2021,Thương mại và dịch vụ,Siêu nhỏ,Đủ,Không,1.2723,0.9866,6.6719,106.1261,0.9459,0.6105,1.5673,0.0,0.0,0.0,0.0,1,0,47.6,75.3,65.6,BB,0
LS02860,2025,Thương mại và dịch vụ,Siêu nhỏ,Không đủ,Không,,,,,,,,0.0,,,,1,0,28.0,76.13,64.1,BB,0
LS02861,2024,Thương mại và dịch vụ,Nhỏ,Đủ,Không,1.4188,1.024,7.172,86.784,1.532,0.6079,1.5503,0.0,-0.027,-0.0413,-0.1054,1,0,53.6,67.5,62.64,BB,0
LS02862,2023,Thương mại và dịch vụ,Vừa,Đủ,Không,1.9919,1.345,5.9309,86.6302,1.5946,0.4651,0.8696,0.0,0.0115,0.0183,0.0342,1,0,70.8,81.47,77.73,A,0
LS02863,2023,Thương mại và dịch vụ,Siêu nhỏ,Đủ,Không,1.5543,1.2173,5.3223,129.5671,0.893,0.4626,0.8609,0.0,0.0115,0.0103,0.0192,1,0,60.0,72.73,68.28,BB,0
LS02864,2022,Xây dựng,Siêu nhỏ,Đủ,Không,1.2377,0.7949,1.5503,166.6151,0.448,0.5832,1.3992,0.0,0.029,0.013,0.0312,1,0,64.4,80.1,74.6,BBB,0
LS02865,2024,Công nghiệp,Nhỏ,Đủ,Có,1.3358,0.8612,2.9212,125.0777,0.6618,0.3857,0.6279,0.0,0.1152,0.0762,0.1241,1,0,68.4,85.3,77.7,A,0
LS02866,2025,Công nghiệp,Nhỏ,Đủ,Không,1.464,0.7687,3.0768,33.689,0.9979,0.3957,0.6549,0.0,0.0417,0.0417,0.0689,1,0,72.4,79.4,76.95,BBB,0
LS02867,2025,Thương mại và dịch vụ,Nhỏ,Đủ,Có,1.8102,1.3202,3.3412,96.8421,0.5994,0.6921,2.2482,0.0,0.0388,0.0232,0.0755,1,0,55.2,87.6,73.02,BBB,0
LS02868,2023,Thương mại và dịch vụ,Nhỏ,Đủ,Không,0.9206,0.8441,6.1814,339.6884,0.4428,0.6894,2.2192,0.0,0.0382,0.0169,0.0544,1,1,45.6,67.13,59.6,B,0
LS02869,2025,Thương mại và dịch vụ,Siêu nhỏ,Đủ,Không,1.1759,0.7605,3.0095,137.41,1.0077,0.7249,2.6356,0.0,0.015,0.0151,0.0548,1,0,44.0,78.27,66.27,BB,0
LS02870,2023,Xây dựng,Siêu nhỏ,Đủ,Không,1.7686,1.1709,1.3641,233.0574,0.4239,0.4496,0.817,0.0,0.0259,0.011,0.0199,1,0,69.2,76.6,74.01,BBB,0
LS02871,2021,Xây dựng,Nhỏ,Đủ,Không,1.5403,1.1231,3.5573,120.2759,0.8381,0.4912,0.9653,0.0,0.0233,0.0195,0.0383,1,0,88.8,82.6,84.77,A,0
LS02872,2024,Công nghiệp,Siêu nhỏ,Đủ,Không,1.5847,0.8051,5.7565,31.4406,1.2223,0.6301,1.7034,0.0,0.03,0.0367,0.0992,1,0,69.6,76.33,73.98,BBB,0
LS02873,2022,"Nông, lâm nghiệp và thủy sản",Siêu nhỏ,Đủ,Không,1.8582,1.1915,0.7926,425.8333,0.1747,0.4317,0.7597,0.0,-0.023,-0.004,-0.0071,1,0,44.4,79.2,67.02,BB,0
LS02874,2021,Xây dựng,Siêu nhỏ,Không đủ,Không,,,,,,,,0.0,,,,1,0,28.0,77.8,65.35,BB,0
LS02875,2021,Xây dựng,Nhỏ,Đủ,Không,1.3696,1.1385,2.0342,514.0305,0.3455,0.6308,1.7084,0.0,-0.0081,-0.0028,-0.0076,1,0,43.2,61.87,55.33,B,0
LS02876,2022,Thương mại và dịch vụ,Siêu nhỏ,Đủ,Không,1.4898,1.3092,11.3066,110.4826,1.0933,0.4214,0.7283,0.0,-0.0391,-0.0427,-0.0738,1,0,57.6,81.07,72.85,BBB,0
LS02877,2021,Công nghiệp,Nhỏ,Đủ,Không,1.9605,0.4721,1.3607,26.098,0.772,0.386,0.6287,0.0,0.0319,0.0246,0.0401,1,0,63.6,79.6,74.0,BBB,0
LS02878,2025,"Nông, lâm nghiệp và thủy sản",Nhỏ,Đủ,Không,1.7282,0.941,1.6042,77.4536,0.4677,0.6564,1.9103,0.0,-0.0299,-0.014,-0.0407,1,1,54.8,70.67,65.11,BB,0
LS02879,2021,Thương mại và dịch vụ,Siêu nhỏ,Đủ,Không,1.142,1.0087,5.5217,268.2109,0.4549,0.6657,1.9913,0.0,-0.131,-0.0596,-0.1783,1,0,30.8,76.0,60.18,B,0
LS02880,2023,Thương mại và dịch vụ,Siêu nhỏ,Đủ,Không,4.0074,2.875,6.4286,83.3002,1.4646,0.1886,0.2325,0.0,0.0,0.0,0.0,1,0,76.8,73.3,74.53,BBB,0
LS02881,2023,Xây dựng,Nhỏ,Đủ,Không,2.2522,1.8073,2.535,348.5556,0.42,0.3178,0.4659,0.0,0.032,0.0134,0.0197,1,0,74.4,79.0,77.39,A,0
LS02882,2022,Xây dựng,Nhỏ,Đủ,Không,1.6778,1.2922,1.8094,369.8095,0.4395,0.5245,1.103,0.0,0.0324,0.0142,0.03,1,0,66.4,82.0,76.54,BBB,0
LS02883,2025,Xây dựng,Siêu nhỏ,Không đủ,Không,,,,,,,,0.0,,,,1,0,28.0,71.6,60.7,B,0
LS02884,2024,Thương mại và dịch vụ,Siêu nhỏ,Đủ,Không,1.96,1.56,6.0179,141.5347,1.0094,0.3859,0.6284,0.0,0.0,0.0,0.0,1,0,67.2,75.0,72.27,BBB,0
LS02885,2025,Thương mại và dịch vụ,Vừa,Đủ,Không,1.9613,1.6223,2.5889,318.0054,0.3513,0.6889,2.2143,0.0,0.0468,0.0164,0.0528,1,0,51.2,69.87,63.33,BB,0
LS02886,2025,Thương mại và dịch vụ,Nhỏ,Đủ,Không,1.5058,0.7382,2.8916,64.8351,1.478,0.5932,1.4583,0.0,0.0081,0.0119,0.0294,1,0,51.2,82.2,71.35,BBB,0
LS02887,2023,Xây dựng,Siêu nhỏ,Đủ,Không,1.4879,0.6943,1.4031,62.9115,0.5576,0.5437,1.1917,0.0,0.0373,0.0208,0.0455,1,0,74.8,80.0,78.18,A,0
LS02888,2024,Thương mại và dịch vụ,Siêu nhỏ,Không đủ,Không,,,,,,,,0.0,,,,1,0,28.0,67.0,57.25,B,0
LS02889,2022,Công nghiệp,Siêu nhỏ,Đủ,Không,1.6901,0.8593,2.381,54.8181,0.7393,0.4221,0.7303,0.0,0.0308,0.0228,0.0394,1,0,64.4,68.8,67.26,BB,0
LS02890,2022,Công nghiệp,Nhỏ,Không đủ,Không,1.2682,0.716,4.3916,56.6027,1.267,0.5468,1.2066,0.0,0.0446,0.0565,0.1248,1,0,70.0,73.2,72.4,BB,0
LS02891,2022,Thương mại và dịch vụ,Vừa,Đủ,Không,1.5114,1.2768,8.9179,101.5631,1.1899,0.6714,2.0428,0.0,0.0393,0.0468,0.1425,2,0,70.4,65.53,67.24,BB,1
LS02892,2025,Thương mại và dịch vụ,Nhỏ,Đủ,Không,1.9767,1.719,8.1801,164.7349,0.72,0.3926,0.6464,0.0,0.0291,0.021,0.0345,1,0,67.6,72.27,70.63,BBB,0
LS02893,2022,Thương mại và dịch vụ,Vừa,Đủ,Có,1.0637,0.917,8.4811,140.6022,1.0258,0.7336,2.7534,0.0,0.0197,0.0202,0.0759,1,0,50.0,63.5,57.42,B,1
LS02894,2023,Thương mại và dịch vụ,Lớn,Đủ,Có,2.223,1.7014,3.4945,223.2217,0.5434,0.6447,1.8142,0.0,0.0356,0.0193,0.0544,1,0,59.6,84.6,73.35,BBB,0
LS02895,2025,Thương mại và dịch vụ,Nhỏ,Đủ,Không,1.6829,1.4835,10.4356,117.2674,0.8032,0.741,2.8603,0.0,0.0154,0.0124,0.0478,1,0,54.4,68.0,63.24,BB,0
LS02896,2025,Thương mại và dịch vụ,Siêu nhỏ,Đủ,Không,1.3456,0.9493,1.6483,290.7799,0.4177,0.5049,1.02,0.0,-0.0153,-0.0064,-0.0129,1,0,34.4,77.7,62.54,BB,0
LS02897,2022,Thương mại và dịch vụ,Nhỏ,Đủ,Không,1.3055,1.0315,7.6149,110.2458,0.97,0.8579,6.0349,0.0,-0.0201,-0.0195,-0.1373,1,0,38.0,63.8,54.77,B,0
LS02898,2023,Thương mại và dịch vụ,Siêu nhỏ,Đủ,Không,1.4907,0.806,2.6879,85.0476,1.1901,0.7014,2.3489,0.0,0.0067,0.008,0.0268,1,0,43.2,80.9,67.71,BB,0
LS02899,2024,Thương mại và dịch vụ,Vừa,Đủ,Không,1.4007,0.7466,3.6543,58.1202,1.925,0.7209,2.5832,0.0,0.0389,0.0749,0.2685,2,0,70.4,70.53,70.49,BBB,0
LS02900,2023,Thương mại và dịch vụ,Nhỏ,Đủ,Không,2.1072,1.7978,23.4937,51.7995,1.4546,0.6736,2.0637,0.0,-0.0119,-0.0173,-0.0529,1,1,60.0,60.17,60.11,B,0
LS02901,2024,Công nghiệp,Nhỏ,Đủ,Không,0.9428,0.8068,4.7026,276.5917,0.4875,0.6438,1.8074,0.0,0.0382,0.0186,0.0523,2,0,46.0,82.13,69.49,BB,0
LS02902,2023,Thương mại và dịch vụ,Siêu nhỏ,Đủ,Không,1.4719,1.25,4.7126,205.3992,0.5686,0.6162,1.6056,0.0,0.0399,0.0227,0.0592,1,0,55.2,86.07,75.26,BBB,0
LS02903,2024,Công nghiệp,Siêu nhỏ,Đủ,Không,1.5837,0.8678,2.1446,79.8157,0.6399,0.3569,0.555,0.0,0.0,0.0,0.0,1,0,54.4,79.27,70.56,BBB,0
LS02904,2023,Công nghiệp,Siêu nhỏ,Đủ,Không,1.8178,0.834,2.0658,38.2867,0.6124,0.6563,1.9097,0.0,0.0385,0.0236,0.0685,1,0,59.2,85.2,76.1,BBB,0
LS02905,2022,Thương mại và dịch vụ,Nhỏ,Đủ,Không,1.2771,0.6622,3.6412,45.4511,1.7886,0.7199,2.5708,0.0,0.0219,0.0391,0.1398,1,0,60.0,74.8,69.62,BBB,1
LS02906,2021,Thương mại và dịch vụ,Siêu nhỏ,Đủ,Không,1.8144,1.1587,2.6712,108.7551,0.6562,0.5964,1.4779,0.0,0.0245,0.0161,0.0398,1,0,54.0,85.07,74.19,BBB,0
LS02907,2022,Xây dựng,Nhỏ,Đủ,Không,1.4322,0.865,1.2793,250.7837,0.385,0.5251,1.1058,0.0,0.0312,0.012,0.0253,1,1,56.4,82.33,73.26,BBB,0
LS02908,2025,Thương mại và dịch vụ,Nhỏ,Đủ,Có,1.7594,0.8023,2.2631,71.8102,1.3415,0.5399,1.1736,0.0,0.0104,0.0139,0.0302,1,0,54.4,78.27,67.53,BB,0
LS02909,2022,Thương mại và dịch vụ,Vừa,Đủ,Không,1.0442,0.6271,4.0015,65.3908,1.3063,0.7522,3.036,0.0,0.0188,0.0245,0.099,1,0,48.4,70.2,62.57,BB,0
LS02910,2023,Thương mại và dịch vụ,Siêu nhỏ,Không đủ,Không,1.8474,0.8312,3.0543,43.9255,1.5374,0.4523,0.8257,0.0,0.0153,0.0235,0.0429,1,0,72.4,69.63,70.32,BB,0
LS02911,2022,Công nghiệp,Nhỏ,Đủ,Có,1.3747,0.9465,10.0388,37.0754,1.1935,0.5406,1.1765,0.0,0.0,0.0,0.0,1,0,64.0,64.9,64.5,BB,0
LS02912,2024,Công nghiệp,Siêu nhỏ,Không đủ,Không,,,,,,,,0.0,,,,1,0,28.0,89.93,74.45,BB,0
LS02913,2023,Thương mại và dịch vụ,Siêu nhỏ,Không đủ,Không,,,,,,,,0.0,,,,1,0,28.0,71.0,60.25,B,0
LS02914,2023,Thương mại và dịch vụ,Vừa,Đủ,Có,1.4455,1.3701,21.7394,159.7568,0.7457,0.7851,3.6524,0.0,0.0303,0.0226,0.1051,1,0,54.0,76.6,66.43,BB,1
LS02915,2023,Thương mại và dịch vụ,Siêu nhỏ,Đủ,Không,1.5084,1.029,2.2124,174.5652,0.596,0.6481,1.8418,0.0,0.0682,0.0406,0.1155,1,0,54.0,80.97,71.53,BBB,0
LS02916,2024,"Nông, lâm nghiệp và thủy sản",Nhỏ,Đủ,Không,1.6177,0.78,1.6177,96.3838,0.4368,0.6436,1.806,0.0,0.0407,0.0178,0.0499,1,0,74.0,82.5,79.53,A,0
LS02917,2022,Thương mại và dịch vụ,Siêu nhỏ,Đủ,Không,1.7559,1.1353,3.5118,101.1661,1.3041,0.5685,1.3173,0.0,0.0,0.0,0.0,1,0,52.0,82.2,71.63,BBB,0
LS02918,2021,Công nghiệp,Nhỏ,Đủ,Không,1.3147,0.8141,1.7922,158.1516,0.5137,0.5934,1.4592,0.0,0.0209,0.0107,0.0264,1,0,36.8,79.8,64.75,BB,0
LS02919,2022,Thương mại và dịch vụ,Nhỏ,Đủ,Không,1.6293,0.9031,3.8567,78.0576,1.3413,0.5844,1.4061,0.0,0.0114,0.0153,0.0369,1,1,52.4,71.87,65.05,BB,0
LS02920,2025,Thương mại và dịch vụ,Nhỏ,Đủ,Không,2.0713,1.4652,4.146,86.7745,0.7689,0.3475,0.5326,0.0,0.0384,0.0295,0.0452,1,0,74.4,66.47,69.24,BB,0
LS02921,2023,Công nghiệp,Lớn,Đủ,Có,1.128,0.8806,9.6535,68.5991,1.1023,0.6849,2.1737,0.0,0.0329,0.0362,0.115,1,0,68.4,67.1,67.68,BB,1
LS02922,2021,Công nghiệp,Nhỏ,Đủ,Có,1.31,0.7487,2.4933,61.9389,0.7513,0.6343,1.7346,0.0,0.0702,0.0528,0.1443,1,0,55.6,90.2,74.63,BBB,0
LS02923,2021,Thương mại và dịch vụ,Nhỏ,Đủ,Không,2.4794,0.7735,3.4629,17.1671,2.4115,0.3646,0.5737,0.0,0.0682,0.1643,0.2586,1,0,87.2,81.6,83.56,A,0
LS02924,2021,Xây dựng,Siêu nhỏ,Đủ,Không,1.5662,1.3477,2.9697,420.2523,0.3545,0.5447,1.1964,0.0,-0.0183,-0.0065,-0.0143,1,1,50.8,60.9,57.37,B,0
LS02925,2023,Thương mại và dịch vụ,Nhỏ,Đủ,Không,1.5658,1.0352,4.3865,94.3465,1.2042,0.4791,0.9198,0.0,0.0082,0.0099,0.0189,1,0,56.4,79.2,71.22,BBB,1
LS02926,2025,Xây dựng,Siêu nhỏ,Đủ,Không,1.3085,0.778,1.5379,130.4545,0.6916,0.7063,2.4047,0.0,-0.0386,-0.0267,-0.0909,2,0,44.8,67.77,59.73,B,0
LS02927,2025,Công nghiệp,Siêu nhỏ,Đủ,Không,1.2104,0.6886,2.7738,67.963,0.7607,0.5978,1.4866,0.0,-0.0284,-0.0216,-0.0537,1,0,38.4,70.6,59.33,B,0
LS02928,2023,Thương mại và dịch vụ,Vừa,Đủ,Có,1.9445,1.8339,11.3924,249.5665,0.6092,0.5938,1.4616,0.0,0.2021,0.1231,0.3031,1,0,80.0,70.2,74.61,BBB,0
LS02929,2025,Thương mại và dịch vụ,Nhỏ,Đủ,Không,1.7123,1.4647,10.8564,95.77,1.2132,0.7256,2.6443,0.0,0.0334,0.0406,0.1479,2,0,71.2,73.3,72.56,BBB,1
LS02930,2022,Thương mại và dịch vụ,Siêu nhỏ,Không đủ,Không,,,,,,,,0.0,,,,1,0,28.0,81.07,67.8,BB,0
LS02931,2021,Thương mại và dịch vụ,Siêu nhỏ,Không đủ,Không,,,,,,,,0.0,,,,1,0,28.0,74.2,62.65,BB,0
LS02932,2023,Thương mại và dịch vụ,Nhỏ,Đủ,Có,1.2067,0.6973,3.3225,52.1224,1.1173,0.6332,1.7261,0.0,0.0345,0.0385,0.105,1,0,56.4,79.57,69.14,BB,0
LS02933,2024,Xây dựng,Nhỏ,Đủ,Không,1.3642,0.8876,2.3306,129.2314,0.7179,0.5945,1.4664,0.0,0.0294,0.0211,0.052,1,0,72.8,75.03,74.25,BBB,0
LS02934,2025,Thương mại và dịch vụ,Nhỏ,Đủ,Có,2.3801,1.1607,5.1762,40.6001,2.2779,0.5571,1.258,0.0,0.0225,0.0513,0.1158,1,0,84.0,85.2,84.66,A,0
LS02935,2025,Xây dựng,Siêu nhỏ,Đủ,Không,2.0705,0.906,2.049,66.4453,1.0125,0.3711,0.5901,0.0,0.0308,0.0311,0.0495,1,0,91.6,78.07,82.8,A,0
LS02936,2022,Công nghiệp,Siêu nhỏ,Không đủ,Không,,,,,,,,0.0,,,,1,1,28.0,65.33,56.0,B,0
LS02937,2023,Thương mại và dịch vụ,Nhỏ,Đủ,Không,2.1014,1.7377,18.072,56.3859,2.6448,0.368,0.5822,0.0,0.0374,0.099,0.1567,1,0,96.4,76.2,83.27,A,0
LS02938,2023,Công nghiệp,Nhỏ,Đủ,Có,1.6697,0.6269,3.6897,20.4955,1.1695,0.4459,0.8047,0.0,0.0567,0.0664,0.1197,1,0,77.2,79.27,78.34,A,0
LS02939,2023,Xây dựng,Siêu nhỏ,Đủ,Không,1.5554,0.7837,1.2197,140.6529,0.5242,0.5509,1.2268,0.0,0.0541,0.0284,0.0632,1,0,74.4,76.7,75.9,BBB,0
LS02940,2025,Thương mại và dịch vụ,Lớn,Đủ,Có,1.73,1.5462,7.9548,184.492,0.7813,0.6288,1.6943,0.0,0.1115,0.0871,0.2347,1,0,78.4,85.2,82.14,A,0
LS02941,2022,Công nghiệp,Siêu nhỏ,Không đủ,Không,,,,,,,,0.0,,,,1,0,28.0,79.67,66.75,BB,0
LS02942,2024,Thương mại và dịch vụ,Siêu nhỏ,Không đủ,Không,,,,,,,,0.0,,,,2,0,28.0,67.13,57.35,B,0
LS02943,2021,Thương mại và dịch vụ,Siêu nhỏ,Đủ,Không,2.3126,1.3922,2.7532,68.4066,1.025,0.3571,0.5556,0.0,0.025,0.0257,0.0399,1,0,74.8,83.3,80.32,A,0
LS02944,2022,Thương mại và dịch vụ,Lớn,Đủ,Không,2.0556,1.9056,12.2777,190.3867,0.6126,0.5851,1.4103,0.0,0.0637,0.0391,0.0941,1,1,76.0,70.07,72.14,BBB,0
LS02945,2022,Thương mại và dịch vụ,Siêu nhỏ,Không đủ,Không,,,,,,,,0.0,,,,1,0,28.0,77.0,64.75,BB,0
LS02946,2021,Thương mại và dịch vụ,Siêu nhỏ,Không đủ,Không,,,,,,,,0.0,,,,2,0,28.0,74.73,63.05,BB,0
LS02947,2022,Thương mại và dịch vụ,Nhỏ,Đủ,Không,1.8632,1.3319,6.3057,66.4689,1.6269,0.6486,1.8456,0.0,0.0104,0.0169,0.0481,1,0,60.8,70.6,67.17,BB,0
LS02948,2021,Thương mại và dịch vụ,Nhỏ,Đủ,Có,1.3714,1.2849,19.1795,146.1736,0.9562,0.6804,2.1291,0.0,0.02,0.0191,0.0598,1,0,55.2,85.2,71.7,BBB,0
LS02949,2025,Thương mại và dịch vụ,Siêu nhỏ,Đủ,Không,1.7962,0.8716,2.4243,39.3443,1.1851,0.4532,0.8289,0.0,0.0,0.0,0.0,1,0,60.4,75.0,69.89,BBB,0
LS02950,2024,Thương mại và dịch vụ,Siêu nhỏ,Không đủ,Không,,,,,,,,0.0,,,,1,0,28.0,64.4,55.3,B,0
LS02951,2023,Thương mại và dịch vụ,Siêu nhỏ,Đủ,Không,1.5525,1.1133,2.5472,189.233,0.3806,0.5285,1.1207,0.0,0.1883,0.0717,0.152,1,0,63.6,75.3,71.2,BBB,0
LS02952,2023,Thương mại và dịch vụ,Nhỏ,Đủ,Không,1.5267,1.1044,4.8224,129.1686,1.1891,0.5389,1.1689,0.0,0.0,0.0,0.0,2,0,56.4,62.9,60.62,B,0
LS02953,2024,"Nông, lâm nghiệp và thủy sản",Nhỏ,Đủ,Không,1.3629,0.8319,2.2693,118.8844,0.4296,0.5109,1.0445,0.0,0.0272,0.0117,0.0239,1,0,68.4,58.63,62.05,BB,0
LS02954,2022,"Nông, lâm nghiệp và thủy sản",Siêu nhỏ,Không đủ,Không,,,,,,,,0.0,,,,1,1,28.0,68.33,58.25,B,0
LS02955,2023,Thương mại và dịch vụ,Siêu nhỏ,Đủ,Không,8.2293,3.9873,2.042,89.7179,0.8159,0.086,0.0941,0.0,-0.0175,-0.0142,-0.0156,1,1,60.0,66.3,64.1,BB,0
LS02956,2024,Thương mại và dịch vụ,Siêu nhỏ,Đủ,Không,2.9067,2.14,2.8174,161.9779,0.6468,0.2286,0.2963,0.0,0.1486,0.0961,0.1246,1,0,82.0,89.4,86.81,AA,0
LS02957,2022,Công nghiệp,Nhỏ,Đủ,Không,1.1744,0.5915,4.4384,37.31,1.1277,0.6623,1.9611,0.0,-0.0639,-0.072,-0.2133,1,0,46.8,59.8,55.25,B,0
LS02958,2022,Thương mại và dịch vụ,Nhỏ,Đủ,Không,1.4041,0.7314,3.3628,39.9291,1.5183,0.5955,1.4724,0.0,0.0152,0.0231,0.057,1,0,58.0,76.57,70.07,BBB,0
LS02959,2023,Xây dựng,Vừa,Đủ,Có,1.4625,0.9724,2.0174,217.6283,0.5837,0.5147,1.0607,0.0,0.0302,0.0177,0.0364,1,0,69.6,72.7,71.31,BBB,0
LS02960,2023,Công nghiệp,Lớn,Đủ,Có,1.4068,0.838,4.1309,65.258,1.1024,0.561,1.2779,0.0,0.0199,0.0219,0.0499,1,0,65.6,84.8,76.16,BBB,0
LS02961,2024,Thương mại và dịch vụ,Nhỏ,Đủ,Không,1.7066,1.0195,4.1174,61.2421,1.6157,0.4875,0.9511,0.0,0.0173,0.0279,0.0544,1,0,68.4,74.9,72.62,BBB,0
LS02962,2022,Thương mại và dịch vụ,Vừa,Đủ,Có,1.3732,1.0805,8.7824,85.9706,1.2692,0.3814,0.6166,0.0,0.09,0.1142,0.1846,2,0,83.6,77.63,80.32,A,0
LS02963,2024,Xây dựng,Vừa,Đủ,Có,1.4294,0.9832,2.1923,235.1937,0.6085,0.5355,1.1531,0.0,0.0063,0.0038,0.0082,1,0,63.6,61.6,62.5,BB,0
LS02964,2021,Thương mại và dịch vụ,Nhỏ,Đủ,Có,1.6689,1.3893,4.8275,179.8776,0.6972,0.3384,0.5115,0.0,0.3002,0.2093,0.3163,1,1,76.8,73.53,75.0,BBB,0
LS02965,2023,Thương mại và dịch vụ,Nhỏ,Đủ,Không,2.2143,2.0681,24.4205,112.9703,1.1157,0.5385,1.1671,0.0,0.1569,0.175,0.3793,1,0,86.0,79.2,81.58,A,0
LS02966,2025,Công nghiệp,Nhỏ,Đủ,Không,0.9733,0.7607,5.6105,125.8124,0.9144,0.7074,2.4172,0.0,0.0096,0.0088,0.03,1,0,43.2,63.4,56.33,B,0
LS02967,2021,Thương mại và dịch vụ,Vừa,Đủ,Không,1.797,1.5962,7.5178,209.6347,0.6057,0.4443,0.7995,0.0,0.0212,0.0128,0.0231,1,0,64.4,80.6,74.93,BBB,0
LS02968,2024,Công nghiệp,Nhỏ,Đủ,Không,1.4333,0.7436,3.2129,51.8738,1.1152,0.4031,0.6752,0.0,0.0266,0.0296,0.0497,1,0,65.6,73.4,70.67,BBB,0
LS02969,2024,Công nghiệp,Siêu nhỏ,Đủ,Không,2.0259,0.9275,0.8821,80.9476,0.3718,0.6057,1.5361,0.0,0.0927,0.0345,0.0875,1,0,57.6,92.6,80.35,A,0
LS02970,2021,Thương mại và dịch vụ,Vừa,Đủ,Không,1.4745,1.0001,9.434,44.03,2.871,0.5662,1.3054,0.0,0.0173,0.0497,0.1146,2,0,79.6,81.2,80.64,A,0
LS02971,2024,Thương mại và dịch vụ,Siêu nhỏ,Đủ,Không,3.3462,2.1667,3.962,77.1508,1.2129,0.2339,0.3053,0.0,0.0148,0.018,0.0235,1,0,77.6,82.37,80.7,A,0
LS02972,2023,Thương mại và dịch vụ,Nhỏ,Đủ,Không,1.2988,0.9946,10.6444,52.9515,2.5224,0.8262,4.7553,0.0,-0.0375,-0.0947,-0.5449,1,0,50.0,60.8,57.02,B,1
LS02973,2021,Thương mại và dịch vụ,Siêu nhỏ,Không đủ,Không,,,,,,,,0.0,,,,1,0,28.0,67.47,57.6,B,0
LS02974,2021,Thương mại và dịch vụ,Siêu nhỏ,Đủ,Không,1.7799,1.5629,8.0145,156.9553,0.8299,0.5641,1.294,0.0,0.0245,0.0204,0.0467,1,0,66.8,78.93,74.69,BBB,0
LS02975,2024,Xây dựng,Siêu nhỏ,Đủ,Không,1.9407,1.1715,1.4344,182.8459,0.5323,0.4196,0.7231,0.0,-0.0044,-0.0024,-0.0041,1,0,66.4,57.57,60.66,B,0
LS02976,2023,Thương mại và dịch vụ,Nhỏ,Đủ,Không,1.4579,1.1391,11.8577,64.6716,1.9649,0.772,3.3857,0.0,-0.0451,-0.0887,-0.3889,1,0,53.2,66.9,62.1,BB,0
LS02977,2022,Công nghiệp,Nhỏ,Đủ,Không,2.2796,1.4572,4.6089,72.702,1.0957,0.255,0.3422,0.0,0.0813,0.0891,0.1195,1,0,88.4,79.13,82.38,A,0
LS02978,2024,"Nông, lâm nghiệp và thủy sản",Nhỏ,Đủ,Không,1.2707,0.9652,1.8925,253.4994,0.314,0.5876,1.425,0.0,0.0157,0.0049,0.012,1,1,48.4,67.93,61.1,B,0
LS02979,2024,"Nông, lâm nghiệp và thủy sản",Nhỏ,Đủ,Không,1.9255,0.9931,1.9053,68.4912,0.4432,0.5962,1.4764,0.0,0.0,0.0,0.0,1,0,63.2,64.67,64.15,BB,0
LS02980,2025,Công nghiệp,Nhỏ,Đủ,Không,0.9282,0.5855,7.6007,40.935,1.5082,0.6045,1.5286,0.0,0.0,0.0,0.0,1,0,54.0,78.53,69.95,BBB,0
LS02981,2021,Thương mại và dịch vụ,Siêu nhỏ,Không đủ,Không,,,,,,,,0.0,,,,1,0,28.0,64.2,55.15,B,0
LS02982,2025,Xây dựng,Vừa,Đủ,Không,1.2977,0.7035,0.9181,194.2251,0.3858,0.8191,4.5277,0.0,0.0467,0.018,0.0995,2,0,48.0,70.33,62.52,BB,0
LS02983,2025,Thương mại và dịch vụ,Nhỏ,Đủ,Có,1.2235,0.7095,2.9708,77.4408,1.017,0.5848,1.4084,0.0,0.0266,0.0271,0.0652,1,1,53.2,76.2,65.85,BB,0
LS02984,2024,Thương mại và dịch vụ,Lớn,Đủ,Có,1.5285,0.8176,3.0993,91.9779,1.2935,0.5388,1.1682,0.0,0.0112,0.0145,0.0315,1,0,60.4,65.4,63.15,BB,0
LS02985,2025,Thương mại và dịch vụ,Siêu nhỏ,Không đủ,Không,2.139,1.7265,2.6413,300.4573,0.4243,0.4373,0.777,0.0,0.0488,0.0207,0.0368,1,0,64.0,65.33,65.0,BB,0
LS02986,2021,Thương mại và dịch vụ,Siêu nhỏ,Đủ,Không,1.5,1.3439,9.463,142.8261,0.8101,0.7346,2.7678,0.0,-0.0761,-0.0616,-0.2322,2,0,45.2,60.53,55.17,B,0
LS02987,2021,"Nông, lâm nghiệp và thủy sản",Siêu nhỏ,Đủ,Không,1.4507,0.8992,1.6976,164.5974,0.4736,0.4678,0.8788,0.0,0.0256,0.0121,0.0228,1,0,71.6,83.1,79.08,A,0
LS02988,2023,Thương mại và dịch vụ,Siêu nhỏ,Không đủ,Không,,,,,,,,0.0,,,,1,0,28.0,74.67,63.0,BB,0
LS02989,2021,Thương mại và dịch vụ,Vừa,Đủ,Có,2.0734,1.6334,12.4112,62.1436,1.6923,0.75,2.9998,0.0,0.0361,0.0612,0.2446,1,0,80.8,71.8,75.85,BBB,0
LS02990,2024,Thương mại và dịch vụ,Siêu nhỏ,Đủ,Không,3.122,1.9729,5.2524,56.5416,1.9027,0.6129,1.5835,0.0,0.0063,0.0121,0.0312,1,0,68.0,72.27,70.77,BBB,0
LS02991,2022,Thương mại và dịch vụ,Vừa,Đủ,Không,1.376,0.993,8.3117,56.8266,2.1511,0.7085,2.4308,0.0,0.0361,0.0777,0.2666,1,0,76.0,68.73,71.28,BBB,0
LS02992,2023,Thương mại và dịch vụ,Siêu nhỏ,Đủ,Không,2.2928,1.964,2.9178,388.6331,0.4206,0.3359,0.5057,0.0,-0.0576,-0.0242,-0.0364,1,0,54.0,60.17,58.01,B,0
LS02993,2021,Xây dựng,Lớn,Đủ,Có,0.9168,0.4431,0.8554,162.7156,0.401,0.8021,4.0535,0.0,0.0399,0.016,0.0809,1,0,51.2,70.47,61.8,B,1
LS02994,2021,Xây dựng,Nhỏ,Đủ,Không,1.1989,1.0056,7.7194,141.4401,1.0568,0.586,1.4154,0.0,0.0482,0.0509,0.123,1,0,87.6,70.7,76.62,BBB,0
LS02995,2025,Xây dựng,Siêu nhỏ,Đủ,Không,1.6917,1.251,1.6368,365.8469,0.3553,0.4171,0.7157,0.0,0.0348,0.0124,0.0212,1,0,72.4,77.7,75.84,BBB,0
LS02996,2021,Thương mại và dịch vụ,Nhỏ,Đủ,Không,2.0394,0.9098,2.0326,59.7342,0.9839,0.3904,0.6405,0.0,-0.0622,-0.0612,-0.1004,1,0,55.2,65.6,61.96,B,0
LS02997,2024,Thương mại và dịch vụ,Nhỏ,Đủ,Không,1.5188,1.3777,11.9059,179.23,0.8255,0.6247,1.6647,0.0,-0.0399,-0.033,-0.0878,1,1,49.2,59.47,55.87,B,0
LS02998,2022,Thương mại và dịch vụ,Siêu nhỏ,Đủ,Không,2.0226,1.7547,5.6479,180.0385,0.4819,0.6444,1.812,0.0,0.1368,0.0659,0.1854,1,0,66.4,74.97,71.97,BBB,0
LS02999,2022,Công nghiệp,Siêu nhỏ,Không đủ,Không,,,,,,,,0.0,,,,1,0,28.0,78.6,65.95,BB,0
LS03000,2022,Thương mại và dịch vụ,Nhỏ,Đủ,Không,0.9796,0.8762,10.5751,135.5608,0.9279,0.6533,1.8842,0.0,-0.0213,-0.0197,-0.0569,1,1,40.8,63.07,55.27,B,0
