ma_kh,thang,tien_vao,tien_ra,so_du_cuoi_thang
DN00001,2026-01,1567.9,1389.8,3149.8
DN00001,2026-02,1495.9,1510.9,3134.8
DN00001,2026-03,1328.2,1390.5,3072.5
DN00001,2026-04,1784.8,1867.3,2989.9
DN00001,2026-05,1754.9,1687.2,3057.6
DN00001,2026-06,1533.0,1475.6,3115.0
DN00001,2026-07,1405.7,1249.2,3271.5
DN00001,2026-08,1821.6,1891.3,3201.8
DN00001,2026-09,1525.5,1578.5,3148.8
DN00001,2026-10,1616.1,1715.3,3049.6
DN00001,2026-11,1919.9,2165.3,2804.2
DN00001,2026-12,2465.9,2428.1,2842.0
DN00002,2026-01,2197.8,2026.5,343.9
DN00002,2026-02,1779.1,2061.8,61.2
DN00002,2026-03,2074.5,2131.6,4.2
DN00002,2026-04,2019.0,1787.8,235.4
DN00002,2026-05,2380.8,2219.5,396.7
DN00002,2026-06,2056.2,2034.1,418.7
DN00002,2026-07,2084.2,2236.8,266.1
DN00002,2026-08,2189.5,2403.5,52.1
DN00002,2026-09,2072.5,1940.3,184.3
DN00002,2026-10,2298.2,2344.5,138.1
DN00002,2026-11,2747.2,2595.7,289.6
DN00002,2026-12,3562.5,3645.3,206.8
DN00003,2026-01,15.5,15.7,7.4
DN00003,2026-02,18.2,18.8,6.8
DN00003,2026-03,17.6,16.7,7.7
DN00003,2026-04,16.0,14.7,8.9
DN00003,2026-05,15.6,16.0,8.6
DN00003,2026-06,17.4,18.3,7.6
DN00003,2026-07,19.3,17.6,9.3
DN00003,2026-08,16.5,17.0,8.8
DN00003,2026-09,17.6,17.8,8.7
DN00003,2026-10,17.3,17.8,8.2
DN00003,2026-11,16.0,15.3,8.8
DN00003,2026-12,16.8,18.2,7.4
DN00004,2026-01,1427.7,1411.5,594.3
DN00004,2026-02,1570.5,1544.4,620.3
DN00004,2026-03,1349.6,1149.8,820.1
DN00004,2026-04,1336.2,1354.7,801.6
DN00004,2026-05,1276.2,1243.2,834.6
DN00004,2026-06,1380.8,1296.7,918.8
DN00004,2026-07,1393.3,1332.9,979.2
DN00004,2026-08,1422.8,1483.4,918.6
DN00004,2026-09,1464.4,1391.5,991.5
DN00004,2026-10,1627.4,1574.8,1044.1
DN00004,2026-11,1762.6,1822.4,984.3
DN00004,2026-12,1688.5,1586.0,1086.9
DN00005,2026-01,3202.9,2852.1,2964.3
DN00005,2026-02,3265.1,3535.9,2693.5
DN00005,2026-03,3235.2,3336.9,2591.8
DN00005,2026-04,3153.3,3237.8,2507.3
DN00005,2026-05,4191.1,3598.4,3099.9
DN00005,2026-06,4080.8,4279.9,2900.9
DN00005,2026-07,3398.5,3289.9,3009.5
DN00005,2026-08,3303.4,3524.7,2788.1
DN00005,2026-09,3205.2,3522.1,2471.2
DN00005,2026-10,3949.8,3703.7,2717.2
DN00005,2026-11,4273.6,4038.6,2952.3
DN00005,2026-12,3977.6,4081.2,2848.7
DN00006,2026-01,75.9,76.9,253.7
DN00006,2026-02,69.7,63.8,259.6
DN00006,2026-03,86.5,80.1,266.0
DN00006,2026-04,113.3,120.6,258.8
DN00006,2026-05,113.2,114.7,257.3
DN00006,2026-06,106.7,106.4,257.6
DN00006,2026-07,79.6,85.1,252.2
DN00006,2026-08,89.0,87.0,254.2
DN00006,2026-09,97.8,91.3,260.7
DN00006,2026-10,114.5,116.8,258.4
DN00006,2026-11,101.2,102.0,257.6
DN00006,2026-12,88.1,90.9,254.8
DN00007,2026-01,586.7,592.4,56.1
DN00007,2026-02,411.8,373.3,94.6
DN00007,2026-03,584.4,550.6,128.5
DN00007,2026-04,447.9,424.6,151.8
DN00007,2026-05,605.3,615.9,141.2
DN00007,2026-06,618.7,583.4,176.4
DN00007,2026-07,569.2,547.5,198.1
DN00007,2026-08,708.0,677.5,228.6
DN00007,2026-09,586.3,559.2,255.7
DN00007,2026-10,836.5,867.4,224.8
DN00007,2026-11,715.7,677.8,262.8
DN00007,2026-12,899.9,840.8,321.8
DN00008,2026-01,21.1,19.0,6.4
DN00008,2026-02,23.4,22.5,7.3
DN00008,2026-03,16.9,15.8,8.3
DN00008,2026-04,22.3,22.0,8.7
DN00008,2026-05,19.8,20.2,8.3
DN00008,2026-06,18.1,17.1,9.2
DN00008,2026-07,19.2,18.2,10.2
DN00008,2026-08,24.8,25.7,9.3
DN00008,2026-09,23.5,25.8,7.0
DN00008,2026-10,18.2,18.3,6.9
DN00008,2026-11,21.7,20.3,8.3
DN00008,2026-12,18.2,20.0,6.6
DN00009,2026-01,18.4,17.3,33.9
DN00009,2026-02,15.6,15.5,34.0
DN00009,2026-03,20.2,19.8,34.4
DN00009,2026-04,14.5,14.5,34.4
DN00009,2026-05,15.5,17.4,32.4
DN00009,2026-06,16.0,14.2,34.1
DN00009,2026-07,17.8,18.1,33.9
DN00009,2026-08,16.9,16.6,34.2
DN00009,2026-09,19.6,20.7,33.2
DN00009,2026-10,15.1,15.9,32.4
DN00009,2026-11,18.8,18.6,32.5
DN00009,2026-12,17.6,18.5,31.6
DN00010,2026-01,61.2,67.2,22.4
DN00010,2026-02,59.1,64.5,17.0
DN00010,2026-03,60.3,62.8,14.5
DN00010,2026-04,50.3,50.5,14.3
DN00010,2026-05,65.5,62.9,16.8
DN00010,2026-06,64.5,59.5,21.9
DN00010,2026-07,47.2,47.6,21.4
DN00010,2026-08,52.9,49.9,24.5
DN00010,2026-09,43.3,42.3,25.5
DN00010,2026-10,65.3,61.6,29.2
DN00010,2026-11,59.9,58.6,30.6
DN00010,2026-12,67.0,68.7,28.9
DN00011,2026-01,127.6,132.5,44.1
DN00011,2026-02,98.2,97.7,44.5
DN00011,2026-03,99.3,97.9,45.9
DN00011,2026-04,102.4,100.6,47.7
DN00011,2026-05,118.5,114.6,51.6
DN00011,2026-06,103.5,111.7,43.3
DN00011,2026-07,119.8,114.7,48.5
DN00011,2026-08,118.6,120.3,46.7
DN00011,2026-09,116.7,113.7,49.8
DN00011,2026-10,107.8,108.9,48.7
DN00011,2026-11,114.0,114.2,48.5
DN00011,2026-12,177.7,181.4,44.8
DN00012,2026-01,1215.5,1169.4,476.0
DN00012,2026-02,951.7,856.0,571.6
DN00012,2026-03,1221.7,1059.5,733.8
DN00012,2026-04,1107.0,1042.8,798.0
DN00012,2026-05,1182.5,1188.3,792.2
DN00012,2026-06,1565.6,1595.6,762.2
DN00012,2026-07,1110.7,1075.8,797.1
DN00012,2026-08,1246.5,1212.2,831.3
DN00012,2026-09,1259.4,1264.5,826.3
DN00012,2026-10,1277.5,1233.4,870.4
DN00012,2026-11,1252.5,1147.1,975.8
DN00012,2026-12,1408.7,1294.2,1090.3
DN00013,2026-01,135.2,117.1,205.0
DN00013,2026-02,92.5,93.3,204.2
DN00013,2026-03,134.0,132.1,206.1
DN00013,2026-04,129.2,119.3,216.0
DN00013,2026-05,151.2,148.7,218.6
DN00013,2026-06,121.2,116.3,223.4
DN00013,2026-07,134.4,139.8,218.0
DN00013,2026-08,163.4,152.5,228.9
DN00013,2026-09,146.3,151.6,223.5
DN00013,2026-10,144.0,138.0,229.6
DN00013,2026-11,132.1,146.9,214.8
DN00013,2026-12,207.8,223.6,199.0
DN00014,2026-01,2366.5,2217.7,628.1
DN00014,2026-02,1804.3,1764.5,667.9
DN00014,2026-03,1860.8,1814.7,713.9
DN00014,2026-04,1969.1,1961.2,721.8
DN00014,2026-05,2130.2,2220.4,631.7
DN00014,2026-06,2561.2,2439.8,753.1
DN00014,2026-07,2282.0,2087.7,947.4
DN00014,2026-08,1899.7,1716.1,1131.0
DN00014,2026-09,2463.3,2398.0,1196.3
DN00014,2026-10,2362.3,2253.4,1305.2
DN00014,2026-11,2512.1,2333.2,1484.1
DN00014,2026-12,2896.6,2719.8,1660.9
DN00015,2026-01,926.9,887.6,670.4
DN00015,2026-02,1140.6,1162.7,648.3
DN00015,2026-03,882.4,911.0,619.7
DN00015,2026-04,835.4,786.9,668.2
DN00015,2026-05,873.6,921.9,620.0
DN00015,2026-06,924.7,930.3,614.3
DN00015,2026-07,949.3,862.2,701.4
DN00015,2026-08,818.2,852.6,667.0
DN00015,2026-09,830.7,900.9,596.8
DN00015,2026-10,944.6,988.4,553.0
DN00015,2026-11,900.6,841.7,611.9
DN00015,2026-12,926.7,957.8,580.8
DN00016,2026-01,562.0,498.2,1129.5
DN00016,2026-02,536.0,495.4,1170.1
DN00016,2026-03,880.6,865.2,1185.6
DN00016,2026-04,920.5,863.2,1242.9
DN00016,2026-05,1031.6,1073.4,1201.0
DN00016,2026-06,843.0,836.7,1207.3
DN00016,2026-07,773.0,752.0,1228.3
DN00016,2026-08,883.0,828.3,1283.0
DN00016,2026-09,970.5,1069.7,1183.8
DN00016,2026-10,1092.6,1014.4,1262.0
DN00016,2026-11,990.2,1009.8,1242.5
DN00016,2026-12,1215.2,1144.2,1313.5
DN00017,2026-01,43.3,45.4,19.8
DN00017,2026-02,31.4,29.0,22.3
DN00017,2026-03,50.4,49.8,22.9
DN00017,2026-04,56.4,53.0,26.4
DN00017,2026-05,56.3,56.8,25.9
DN00017,2026-06,52.3,51.5,26.7
DN00017,2026-07,51.7,50.9,27.5
DN00017,2026-08,55.5,56.7,26.3
DN00017,2026-09,49.3,45.6,29.9
DN00017,2026-10,54.4,46.8,37.5
DN00017,2026-11,56.5,55.1,38.9
DN00017,2026-12,50.9,46.1,43.7
DN00018,2026-01,24.7,21.5,60.8
DN00018,2026-02,19.3,17.9,62.2
DN00018,2026-03,29.1,31.9,59.4
DN00018,2026-04,38.0,39.9,57.4
DN00018,2026-05,45.0,45.0,57.4
DN00018,2026-06,40.1,39.8,57.7
DN00018,2026-07,29.0,31.4,55.3
DN00018,2026-08,29.1,28.8,55.6
DN00018,2026-09,28.7,28.5,55.9
DN00018,2026-10,28.9,30.3,54.4
DN00018,2026-11,42.0,41.6,54.8
DN00018,2026-12,34.2,33.8,55.2
DN00019,2026-01,5.4,5.3,11.1
DN00019,2026-02,5.2,5.4,10.9
DN00019,2026-03,4.8,4.8,10.9
DN00019,2026-04,6.3,6.5,10.7
DN00019,2026-05,5.9,6.3,10.3
DN00019,2026-06,5.3,5.5,10.1
DN00019,2026-07,4.9,4.9,10.1
DN00019,2026-08,7.3,7.4,10.0
DN00019,2026-09,6.4,6.7,9.7
DN00019,2026-10,6.5,6.1,10.1
DN00019,2026-11,6.0,6.1,10.0
DN00019,2026-12,5.3,5.7,9.6
DN00020,2026-01,7.4,7.9,4.9
DN00020,2026-02,9.3,8.6,5.6
DN00020,2026-03,7.9,7.7,5.7
DN00020,2026-04,8.3,7.8,6.1
DN00020,2026-05,7.9,7.9,6.1
DN00020,2026-06,7.1,7.1,6.1
DN00020,2026-07,8.0,8.0,6.0
DN00020,2026-08,7.9,7.3,6.7
DN00020,2026-09,8.6,9.3,6.0
DN00020,2026-10,8.2,8.0,6.2
DN00020,2026-11,7.3,8.3,5.2
DN00020,2026-12,8.3,8.3,5.2
DN00021,2026-01,29.4,26.8,78.4
DN00021,2026-02,20.9,20.2,79.1
DN00021,2026-03,32.6,33.0,78.7
DN00021,2026-04,25.5,25.7,78.6
DN00021,2026-05,32.2,32.3,78.6
DN00021,2026-06,33.9,31.0,81.4
DN00021,2026-07,33.7,33.5,81.6
DN00021,2026-08,22.1,23.4,80.3
DN00021,2026-09,28.3,28.8,79.8
DN00021,2026-10,27.1,30.9,75.9
DN00021,2026-11,35.1,33.2,77.8
DN00021,2026-12,39.6,38.9,78.5
DN00022,2026-01,77.7,74.4,31.1
DN00022,2026-02,57.7,60.3,28.4
DN00022,2026-03,44.3,44.6,28.2
DN00022,2026-04,68.6,58.4,38.4
DN00022,2026-05,55.8,57.0,37.2
DN00022,2026-06,54.4,52.9,38.7
DN00022,2026-07,67.5,63.2,43.0
DN00022,2026-08,69.4,66.7,45.7
DN00022,2026-09,84.2,83.0,46.9
DN00022,2026-10,73.1,76.2,43.8
DN00022,2026-11,87.6,84.8,46.5
DN00022,2026-12,84.4,86.1,44.9
DN00023,2026-01,988.7,896.9,266.5
DN00023,2026-02,964.4,950.7,280.2
DN00023,2026-03,1129.4,1028.9,380.7
DN00023,2026-04,972.8,873.0,480.4
DN00023,2026-05,1014.2,960.1,534.6
DN00023,2026-06,1224.7,1132.4,626.9
DN00023,2026-07,1002.9,970.4,659.4
DN00023,2026-08,901.3,977.7,582.9
DN00023,2026-09,1064.4,883.3,764.0
DN00023,2026-10,1019.6,960.7,822.9
DN00023,2026-11,1001.4,1051.4,772.9
DN00023,2026-12,984.0,951.9,804.9
DN00024,2026-01,1523.7,1537.8,1374.7
DN00024,2026-02,1604.0,1641.9,1336.8
DN00024,2026-03,1446.0,1432.3,1350.5
DN00024,2026-04,1482.2,1645.4,1187.4
DN00024,2026-05,1482.0,1456.7,1212.6
DN00024,2026-06,1407.3,1307.9,1312.0
DN00024,2026-07,1420.4,1490.3,1242.2
DN00024,2026-08,1331.5,1328.9,1244.8
DN00024,2026-09,1355.2,1346.2,1253.7
DN00024,2026-10,1702.1,1696.2,1259.6
DN00024,2026-11,1378.9,1407.4,1231.1
DN00024,2026-12,1598.7,1574.6,1255.2
DN00025,2026-01,5.4,4.8,19.6
DN00025,2026-02,4.3,4.5,19.4
DN00025,2026-03,7.3,7.2,19.4
DN00025,2026-04,8.0,8.7,18.7
DN00025,2026-05,7.9,8.5,18.1
DN00025,2026-06,6.5,7.0,17.6
DN00025,2026-07,7.9,8.1,17.5
DN00025,2026-08,6.9,7.4,17.0
DN00025,2026-09,6.8,6.8,17.1
DN00025,2026-10,7.3,8.1,16.2
DN00025,2026-11,7.6,7.6,16.3
DN00025,2026-12,9.6,10.3,15.5
DN00026,2026-01,75.5,69.4,42.3
DN00026,2026-02,65.0,73.9,33.4
DN00026,2026-03,74.9,69.5,38.9
DN00026,2026-04,109.0,110.5,37.4
DN00026,2026-05,84.2,83.2,38.3
DN00026,2026-06,68.2,71.4,35.1
DN00026,2026-07,78.6,85.8,27.8
DN00026,2026-08,85.0,88.0,24.8
DN00026,2026-09,79.0,85.2,18.6
DN00026,2026-10,76.4,79.0,16.0
DN00026,2026-11,89.7,86.6,19.1
DN00026,2026-12,91.3,89.9,20.5
DN00027,2026-01,1321.3,1347.6,348.4
DN00027,2026-02,952.2,1010.0,290.6
DN00027,2026-03,985.8,949.0,327.5
DN00027,2026-04,1402.7,1271.7,458.5
DN00027,2026-05,789.7,729.1,519.1
DN00027,2026-06,977.4,925.1,571.4
DN00027,2026-07,1005.9,997.4,580.0
DN00027,2026-08,1025.1,959.6,645.5
DN00027,2026-09,1139.8,1183.6,601.7
DN00027,2026-10,1107.5,1157.2,551.9
DN00027,2026-11,1140.0,987.8,704.1
DN00027,2026-12,1071.0,1085.3,689.8
DN00028,2026-01,20.9,23.0,10.7
DN00028,2026-02,13.7,14.6,9.8
DN00028,2026-03,21.5,19.9,11.4
DN00028,2026-04,25.5,28.5,8.4
DN00028,2026-05,33.4,34.9,6.8
DN00028,2026-06,26.3,26.3,6.9
DN00028,2026-07,19.5,18.5,7.9
DN00028,2026-08,21.0,21.6,7.3
DN00028,2026-09,19.9,20.3,7.0
DN00028,2026-10,20.5,22.3,5.2
DN00028,2026-11,25.4,26.2,4.4
DN00028,2026-12,28.2,29.6,3.0
DN00029,2026-01,131.9,114.7,56.3
DN00029,2026-02,122.2,114.8,63.8
DN00029,2026-03,115.5,122.3,57.0
DN00029,2026-04,117.2,117.6,56.6
DN00029,2026-05,119.4,125.6,50.4
DN00029,2026-06,104.7,120.8,34.3
DN00029,2026-07,116.9,116.2,35.0
DN00029,2026-08,121.8,133.5,23.3
DN00029,2026-09,166.7,165.5,24.5
DN00029,2026-10,128.0,135.1,17.5
DN00029,2026-11,136.0,137.4,16.1
DN00029,2026-12,188.4,202.7,1.9
DN00030,2026-01,58.3,53.3,43.8
DN00030,2026-02,42.8,40.3,46.3
DN00030,2026-03,37.2,34.1,49.4
DN00030,2026-04,58.0,57.4,50.0
DN00030,2026-05,63.6,62.5,51.1
DN00030,2026-06,47.9,42.0,56.9
DN00030,2026-07,57.4,65.9,48.5
DN00030,2026-08,52.9,50.0,51.3
DN00030,2026-09,60.1,54.6,56.8
DN00030,2026-10,59.7,57.3,59.2
DN00030,2026-11,56.3,54.5,61.0
DN00030,2026-12,60.4,57.8,63.6
DN00031,2026-01,694.0,614.1,658.8
DN00031,2026-02,837.6,750.5,745.9
DN00031,2026-03,611.1,562.9,794.0
DN00031,2026-04,811.0,838.1,766.9
DN00031,2026-05,811.4,749.3,829.0
DN00031,2026-06,747.6,695.6,881.0
DN00031,2026-07,578.4,553.2,906.2
DN00031,2026-08,838.8,899.0,846.0
DN00031,2026-09,783.5,722.3,907.2
DN00031,2026-10,814.5,772.3,949.4
DN00031,2026-11,890.9,938.3,902.0
DN00031,2026-12,1037.6,1019.8,919.7
DN00032,2026-01,31.6,31.3,28.2
DN00032,2026-02,25.3,25.9,27.5
DN00032,2026-03,27.2,28.3,26.4
DN00032,2026-04,26.2,25.8,26.8
DN00032,2026-05,33.1,35.4,24.4
DN00032,2026-06,24.4,27.8,21.0
DN00032,2026-07,27.0,28.8,19.2
DN00032,2026-08,24.0,22.5,20.7
DN00032,2026-09,25.8,23.5,22.9
DN00032,2026-10,30.0,30.4,22.6
DN00032,2026-11,25.1,25.7,21.9
DN00032,2026-12,28.3,31.4,18.8
DN00033,2026-01,1510.3,1544.6,613.1
DN00033,2026-02,1061.5,934.0,740.7
DN00033,2026-03,1232.8,1272.2,701.3
DN00033,2026-04,1368.7,1386.7,683.3
DN00033,2026-05,1081.6,1038.6,726.3
DN00033,2026-06,1117.1,1023.7,819.7
DN00033,2026-07,1310.0,1412.6,717.0
DN00033,2026-08,1616.6,1485.4,848.1
DN00033,2026-09,1694.6,1686.4,856.4
DN00033,2026-10,1744.6,1702.4,898.7
DN00033,2026-11,1427.4,1381.6,944.4
DN00033,2026-12,1523.1,1560.2,907.3
DN00034,2026-01,38.6,38.5,6.4
DN00034,2026-02,45.0,47.9,3.5
DN00034,2026-03,42.2,41.0,4.7
DN00034,2026-04,35.5,37.8,2.5
DN00034,2026-05,45.8,41.8,6.4
DN00034,2026-06,38.1,43.4,1.0
DN00034,2026-07,36.1,36.3,0.9
DN00034,2026-08,46.9,42.7,5.1
DN00034,2026-09,33.7,37.2,1.7
DN00034,2026-10,46.9,47.0,1.5
DN00034,2026-11,39.2,38.2,2.5
DN00034,2026-12,39.2,36.8,4.9
DN00035,2026-01,377.0,368.0,169.4
DN00035,2026-02,276.9,284.3,162.0
DN00035,2026-03,272.0,275.5,158.5
DN00035,2026-04,292.8,299.3,152.0
DN00035,2026-05,315.4,309.9,157.5
DN00035,2026-06,331.5,344.2,144.8
DN00035,2026-07,262.5,266.5,140.8
DN00035,2026-08,346.1,334.1,152.9
DN00035,2026-09,251.8,241.0,163.7
DN00035,2026-10,321.5,288.8,196.5
DN00035,2026-11,340.2,341.1,195.7
DN00035,2026-12,422.2,449.1,168.7
DN00036,2026-01,20964.2,20384.0,10636.8
DN00036,2026-02,17119.3,17244.8,10511.2
DN00036,2026-03,14894.4,15197.4,10208.2
DN00036,2026-04,18892.6,18902.7,10198.0
DN00036,2026-05,21319.8,20806.9,10710.9
DN00036,2026-06,16956.8,15827.9,11839.9
DN00036,2026-07,17109.7,19443.5,9506.1
DN00036,2026-08,21548.0,22048.9,9005.2
DN00036,2026-09,20846.9,21831.8,8020.3
DN00036,2026-10,21224.2,19586.4,9658.1
DN00036,2026-11,18938.4,18762.9,9833.5
DN00036,2026-12,28977.2,30801.0,8009.7
DN00037,2026-01,27.1,26.9,31.0
DN00037,2026-02,20.2,20.6,30.6
DN00037,2026-03,28.4,30.2,28.8
DN00037,2026-04,24.0,25.3,27.4
DN00037,2026-05,26.2,27.3,26.3
DN00037,2026-06,25.2,28.3,23.2
DN00037,2026-07,24.6,23.5,24.3
DN00037,2026-08,32.4,30.8,25.8
DN00037,2026-09,25.2,25.2,25.8
DN00037,2026-10,27.1,29.6,23.2
DN00037,2026-11,28.0,28.5,22.7
DN00037,2026-12,35.4,31.9,26.2
DN00038,2026-01,918.0,982.3,1380.8
DN00038,2026-02,927.8,916.7,1391.8
DN00038,2026-03,1107.4,1221.0,1278.2
DN00038,2026-04,1159.1,1151.8,1285.5
DN00038,2026-05,1079.0,1025.4,1339.2
DN00038,2026-06,952.4,985.7,1305.9
DN00038,2026-07,1021.1,1046.6,1280.4
DN00038,2026-08,1051.1,1083.9,1247.6
DN00038,2026-09,938.8,994.6,1191.8
DN00038,2026-10,978.3,1032.1,1138.0
DN00038,2026-11,936.4,952.6,1121.8
DN00038,2026-12,1084.8,1076.0,1130.7
DN00039,2026-01,24.0,24.9,22.7
DN00039,2026-02,15.7,16.6,21.8
DN00039,2026-03,18.7,17.3,23.2
DN00039,2026-04,18.2,19.6,21.8
DN00039,2026-05,23.6,22.7,22.7
DN00039,2026-06,24.6,23.4,24.0
DN00039,2026-07,20.6,20.0,24.6
DN00039,2026-08,23.5,27.4,20.7
DN00039,2026-09,19.2,18.3,21.6
DN00039,2026-10,19.5,18.7,22.3
DN00039,2026-11,31.8,30.8,23.3
DN00039,2026-12,29.1,29.7,22.7
DN00040,2026-01,301.7,284.1,222.3
DN00040,2026-02,344.0,311.5,254.7
DN00040,2026-03,242.9,231.9,265.8
DN00040,2026-04,280.9,270.5,276.2
DN00040,2026-05,311.6,329.9,258.0
DN00040,2026-06,316.4,267.2,307.2
DN00040,2026-07,318.0,307.3,317.9
DN00040,2026-08,310.4,306.9,321.4
DN00040,2026-09,277.9,253.1,346.2
DN00040,2026-10,333.0,320.8,358.3
DN00040,2026-11,333.2,309.9,381.6
DN00040,2026-12,269.6,252.9,398.4
DN00041,2026-01,361.4,401.4,180.1
DN00041,2026-02,308.8,309.6,179.3
DN00041,2026-03,321.6,322.8,178.2
DN00041,2026-04,351.6,298.1,231.7
DN00041,2026-05,385.9,376.1,241.5
DN00041,2026-06,431.4,398.9,274.0
DN00041,2026-07,330.7,347.4,257.3
DN00041,2026-08,364.4,369.5,252.1
DN00041,2026-09,423.3,417.0,258.4
DN00041,2026-10,336.0,342.3,252.0
DN00041,2026-11,384.6,380.4,256.3
DN00041,2026-12,451.6,437.1,270.8
DN00042,2026-01,4.1,3.8,18.7
DN00042,2026-02,4.1,4.2,18.6
DN00042,2026-03,5.7,5.2,19.1
DN00042,2026-04,6.7,6.3,19.5
DN00042,2026-05,7.4,7.6,19.3
DN00042,2026-06,6.9,6.9,19.4
DN00042,2026-07,5.1,5.2,19.2
DN00042,2026-08,5.4,6.0,18.6
DN00042,2026-09,6.9,6.2,19.2
DN00042,2026-10,6.4,6.1,19.6
DN00042,2026-11,7.4,7.1,19.8
DN00042,2026-12,7.6,7.8,19.6
DN00043,2026-01,10.6,10.0,9.2
DN00043,2026-02,11.2,10.3,10.1
DN00043,2026-03,11.2,11.0,10.3
DN00043,2026-04,10.2,10.6,9.9
DN00043,2026-05,11.7,11.7,9.9
DN00043,2026-06,11.1,10.8,10.2
DN00043,2026-07,12.1,12.8,9.4
DN00043,2026-08,10.3,9.6,10.1
DN00043,2026-09,10.0,9.3,10.8
DN00043,2026-10,11.9,11.5,11.2
DN00043,2026-11,12.8,12.2,11.9
DN00043,2026-12,9.5,8.5,12.9
DN00044,2026-01,534.7,516.2,404.1
DN00044,2026-02,441.6,456.0,389.8
DN00044,2026-03,398.1,463.6,324.3
DN00044,2026-04,542.8,564.9,302.1
DN00044,2026-05,492.1,510.4,283.8
DN00044,2026-06,514.5,496.5,301.8
DN00044,2026-07,453.6,448.8,306.6
DN00044,2026-08,526.3,539.2,293.8
DN00044,2026-09,552.9,558.4,288.2
DN00044,2026-10,665.7,711.3,242.7
DN00044,2026-11,573.6,614.4,201.9
DN00044,2026-12,806.9,712.1,296.7
DN00045,2026-01,2.0,2.1,9.4
DN00045,2026-02,2.1,2.1,9.4
DN00045,2026-03,3.5,3.1,9.7
DN00045,2026-04,4.0,4.3,9.5
DN00045,2026-05,4.2,4.8,9.0
DN00045,2026-06,3.9,4.1,8.8
DN00045,2026-07,4.3,4.0,9.1
DN00045,2026-08,3.4,3.5,8.9
DN00045,2026-09,3.8,3.7,9.0
DN00045,2026-10,3.2,3.2,9.1
DN00045,2026-11,4.3,4.7,8.6
DN00045,2026-12,5.6,5.5,8.7
DN00046,2026-01,83.2,87.5,96.2
DN00046,2026-02,55.4,54.2,97.4
DN00046,2026-03,64.3,63.7,98.1
DN00046,2026-04,80.7,81.0,97.7
DN00046,2026-05,71.6,71.0,98.3
DN00046,2026-06,63.2,60.6,100.9
DN00046,2026-07,77.8,76.5,102.1
DN00046,2026-08,90.3,86.7,105.8
DN00046,2026-09,76.7,68.2,114.2
DN00046,2026-10,73.9,77.2,110.9
DN00046,2026-11,86.8,82.1,115.7
DN00046,2026-12,128.6,129.5,114.8
DN00047,2026-01,3240.1,3139.0,3247.2
DN00047,2026-02,2198.6,2122.6,3323.2
DN00047,2026-03,2642.8,2627.1,3338.9
DN00047,2026-04,3001.2,2913.9,3426.2
DN00047,2026-05,3615.9,3643.2,3398.9
DN00047,2026-06,2133.8,2109.2,3423.5
DN00047,2026-07,3069.7,3263.7,3229.5
DN00047,2026-08,2755.6,2738.9,3246.3
DN00047,2026-09,2941.4,2702.2,3485.5
DN00047,2026-10,2756.5,2897.3,3344.7
DN00047,2026-11,3839.1,3506.4,3677.4
DN00047,2026-12,3765.0,3642.1,3800.3
DN00048,2026-01,35.3,35.5,34.6
DN00048,2026-02,27.0,26.2,35.4
DN00048,2026-03,30.0,28.4,36.9
DN00048,2026-04,38.7,41.1,34.5
DN00048,2026-05,38.4,33.9,39.0
DN00048,2026-06,33.2,32.1,40.1
DN00048,2026-07,34.5,37.9,36.7
DN00048,2026-08,30.2,29.0,38.0
DN00048,2026-09,35.7,36.4,37.3
DN00048,2026-10,37.4,40.7,34.0
DN00048,2026-11,42.0,38.9,37.2
DN00048,2026-12,43.0,43.9,36.2
DN00049,2026-01,10.5,10.9,52.9
DN00049,2026-02,6.9,7.2,52.6
DN00049,2026-03,11.1,10.5,53.3
DN00049,2026-04,11.4,12.0,52.7
DN00049,2026-05,15.3,15.7,52.2
DN00049,2026-06,16.0,16.0,52.2
DN00049,2026-07,12.4,11.2,53.3
DN00049,2026-08,10.4,9.8,54.0
DN00049,2026-09,10.2,10.5,53.6
DN00049,2026-10,15.3,14.8,54.1
DN00049,2026-11,15.2,15.9,53.5
DN00049,2026-12,11.7,12.7,52.6
DN00050,2026-01,153.0,149.8,19.2
DN00050,2026-02,135.5,127.1,27.6
DN00050,2026-03,128.1,137.1,18.7
DN00050,2026-04,132.3,125.6,25.4
DN00050,2026-05,173.4,183.1,15.6
DN00050,2026-06,116.9,117.8,14.8
DN00050,2026-07,141.5,142.5,13.7
DN00050,2026-08,173.0,159.4,27.4
DN00050,2026-09,112.4,100.5,39.3
DN00050,2026-10,172.4,163.5,48.1
DN00050,2026-11,160.3,167.7,40.6
DN00050,2026-12,180.4,156.6,64.4
DN00051,2026-01,888.3,871.2,662.0
DN00051,2026-02,554.3,546.3,670.0
DN00051,2026-03,910.1,894.5,685.6
DN00051,2026-04,787.6,793.0,680.2
DN00051,2026-05,1058.9,1016.6,722.4
DN00051,2026-06,800.2,809.5,713.1
DN00051,2026-07,708.8,673.4,748.4
DN00051,2026-08,972.2,968.7,752.0
DN00051,2026-09,1011.9,875.5,888.4
DN00051,2026-10,749.4,709.9,927.8
DN00051,2026-11,876.5,895.1,909.2
DN00051,2026-12,1143.7,1001.3,1051.6
DN00052,2026-01,197.5,191.9,432.5
DN00052,2026-02,199.8,223.9,408.4
DN00052,2026-03,181.2,179.2,410.4
DN00052,2026-04,171.0,171.7,409.7
DN00052,2026-05,188.5,192.6,405.7
DN00052,2026-06,185.8,191.1,400.4
DN00052,2026-07,185.5,193.5,392.3
DN00052,2026-08,151.3,133.3,410.3
DN00052,2026-09,195.5,211.1,394.8
DN00052,2026-10,146.4,131.7,409.4
DN00052,2026-11,215.9,228.2,397.2
DN00052,2026-12,172.6,194.1,375.7
DN00053,2026-01,648.6,600.9,137.0
DN00053,2026-02,444.2,405.8,175.4
DN00053,2026-03,641.4,593.6,223.3
DN00053,2026-04,597.1,547.9,272.5
DN00053,2026-05,836.2,848.6,260.1
DN00053,2026-06,704.6,718.3,246.3
DN00053,2026-07,608.6,582.0,273.0
DN00053,2026-08,681.9,590.9,363.9
DN00053,2026-09,622.4,657.7,328.7
DN00053,2026-10,657.1,631.4,354.5
DN00053,2026-11,709.4,693.5,370.3
DN00053,2026-12,856.6,804.1,422.9
DN00054,2026-01,33.5,36.7,22.3
DN00054,2026-02,42.1,42.1,22.3
DN00054,2026-03,41.6,43.0,20.9
DN00054,2026-04,42.8,38.5,25.2
DN00054,2026-05,36.6,37.6,24.2
DN00054,2026-06,41.2,42.3,23.1
DN00054,2026-07,34.9,38.1,19.9
DN00054,2026-08,46.5,46.9,19.6
DN00054,2026-09,45.2,44.4,20.4
DN00054,2026-10,35.0,37.1,18.4
DN00054,2026-11,42.9,45.5,15.8
DN00054,2026-12,40.9,43.4,13.3
DN00055,2026-01,153.8,137.9,144.0
DN00055,2026-02,118.1,119.0,143.2
DN00055,2026-03,215.0,189.7,168.4
DN00055,2026-04,195.1,190.0,173.5
DN00055,2026-05,235.2,256.7,152.0
DN00055,2026-06,224.4,214.5,161.8
DN00055,2026-07,205.1,180.4,186.5
DN00055,2026-08,221.2,248.0,159.8
DN00055,2026-09,203.5,198.8,164.5
DN00055,2026-10,200.6,201.7,163.4
DN00055,2026-11,249.0,238.2,174.2
DN00055,2026-12,336.3,324.9,185.6
DN00056,2026-01,133.5,128.9,21.5
DN00056,2026-02,75.4,81.5,15.4
DN00056,2026-03,108.9,99.8,24.5
DN00056,2026-04,126.1,119.4,31.1
DN00056,2026-05,115.1,114.7,31.5
DN00056,2026-06,141.1,138.9,33.7
DN00056,2026-07,112.9,110.9,35.8
DN00056,2026-08,133.3,131.2,37.8
DN00056,2026-09,101.5,97.7,41.6
DN00056,2026-10,127.4,117.9,51.1
DN00056,2026-11,97.9,94.8,54.2
DN00056,2026-12,156.2,157.7,52.7
DN00057,2026-01,54.8,53.8,98.4
DN00057,2026-02,66.1,62.2,102.3
DN00057,2026-03,59.9,59.3,102.9
DN00057,2026-04,53.8,53.4,103.3
DN00057,2026-05,62.8,65.8,100.3
DN00057,2026-06,52.6,50.8,102.0
DN00057,2026-07,47.3,42.5,106.8
DN00057,2026-08,75.5,69.4,113.0
DN00057,2026-09,83.2,82.6,113.5
DN00057,2026-10,45.9,44.6,114.9
DN00057,2026-11,61.1,58.6,117.3
DN00057,2026-12,61.9,66.3,112.9
DN00058,2026-01,123.5,126.8,640.8
DN00058,2026-02,120.2,124.1,636.9
DN00058,2026-03,143.9,152.0,628.9
DN00058,2026-04,211.1,231.5,608.5
DN00058,2026-05,203.3,213.4,598.4
DN00058,2026-06,188.7,189.2,597.9
DN00058,2026-07,222.0,201.4,618.5
DN00058,2026-08,202.4,216.8,604.1
DN00058,2026-09,212.4,232.0,584.5
DN00058,2026-10,213.9,223.3,575.2
DN00058,2026-11,198.4,202.0,571.6
DN00058,2026-12,260.4,235.4,596.6
DN00059,2026-01,71.7,71.1,28.1
DN00059,2026-02,85.1,79.0,34.3
DN00059,2026-03,81.8,84.9,31.2
DN00059,2026-04,83.8,83.2,31.9
DN00059,2026-05,61.6,59.9,33.5
DN00059,2026-06,69.2,69.5,33.2
DN00059,2026-07,70.0,67.2,36.0
DN00059,2026-08,78.3,83.0,31.3
DN00059,2026-09,67.3,69.0,29.6
DN00059,2026-10,71.5,73.0,28.1
DN00059,2026-11,70.3,67.5,31.0
DN00059,2026-12,64.5,65.7,29.8
DN00060,2026-01,76.4,77.3,31.4
DN00060,2026-02,95.8,94.3,32.9
DN00060,2026-03,91.9,88.0,36.9
DN00060,2026-04,80.2,76.9,40.2
DN00060,2026-05,98.5,90.7,48.1
DN00060,2026-06,79.6,76.2,51.5
DN00060,2026-07,76.1,76.3,51.3
DN00060,2026-08,74.5,81.0,44.8
DN00060,2026-09,82.0,80.5,46.4
DN00060,2026-10,73.5,69.6,50.3
DN00060,2026-11,101.1,92.9,58.4
DN00060,2026-12,92.1,90.1,60.4
DN00061,2026-01,40.2,36.5,18.2
DN00061,2026-02,33.3,35.7,15.8
DN00061,2026-03,57.3,56.2,16.9
DN00061,2026-04,74.0,74.3,16.5
DN00061,2026-05,50.6,48.0,19.1
DN00061,2026-06,76.6,73.8,21.9
DN00061,2026-07,59.0,60.2,20.6
DN00061,2026-08,41.8,37.9,24.5
DN00061,2026-09,49.1,46.3,27.3
DN00061,2026-10,74.4,88.0,13.7
DN00061,2026-11,66.2,66.2,13.7
DN00061,2026-12,78.7,75.5,16.9
DN00062,2026-01,1957.4,2070.7,139.5
DN00062,2026-02,1967.6,1910.9,196.3
DN00062,2026-03,1492.6,1427.7,261.2
DN00062,2026-04,2042.2,1839.9,463.4
DN00062,2026-05,1969.7,1872.3,560.8
DN00062,2026-06,2119.7,2097.9,582.6
DN00062,2026-07,2141.1,2144.0,579.7
DN00062,2026-08,1632.7,1614.4,598.0
DN00062,2026-09,1822.5,1951.4,469.1
DN00062,2026-10,2158.4,2250.6,377.0
DN00062,2026-11,2228.6,2361.7,243.8
DN00062,2026-12,2080.9,2060.8,263.9
DN00063,2026-01,40.0,38.6,286.1
DN00063,2026-02,49.4,50.3,285.2
DN00063,2026-03,43.3,43.7,284.7
DN00063,2026-04,51.9,49.6,287.0
DN00063,2026-05,46.1,45.5,287.5
DN00063,2026-06,40.0,38.9,288.7
DN00063,2026-07,42.3,43.0,288.1
DN00063,2026-08,34.4,31.8,290.7
DN00063,2026-09,43.1,42.6,291.2
DN00063,2026-10,44.9,46.6,289.6
DN00063,2026-11,38.8,38.8,289.6
DN00063,2026-12,45.8,47.2,288.2
DN00064,2026-01,318.5,313.1,206.8
DN00064,2026-02,298.8,349.4,156.2
DN00064,2026-03,365.1,334.1,187.2
DN00064,2026-04,305.0,262.2,230.0
DN00064,2026-05,394.7,394.1,230.5
DN00064,2026-06,405.4,400.0,236.0
DN00064,2026-07,355.0,331.9,259.1
DN00064,2026-08,307.8,314.7,252.2
DN00064,2026-09,261.9,229.5,284.5
DN00064,2026-10,361.9,339.1,307.4
DN00064,2026-11,377.5,364.7,320.2
DN00064,2026-12,433.8,448.4,305.6
DN00065,2026-01,1843.9,1577.7,897.0
DN00065,2026-02,1879.7,1801.1,975.6
DN00065,2026-03,1962.6,1984.9,953.3
DN00065,2026-04,1841.3,1770.2,1024.3
DN00065,2026-05,2078.3,1979.7,1122.9
DN00065,2026-06,1856.2,1636.9,1342.3
DN00065,2026-07,1738.8,1732.6,1348.5
DN00065,2026-08,1855.7,1624.3,1579.9
DN00065,2026-09,1693.8,1467.2,1806.5
DN00065,2026-10,2080.1,1852.3,2034.3
DN00065,2026-11,1936.0,1743.6,2226.7
DN00065,2026-12,1677.8,1415.9,2488.6
DN00066,2026-01,93156.9,91151.0,50743.4
DN00066,2026-02,100952.9,93897.7,57798.5
DN00066,2026-03,104743.9,114990.5,47551.9
DN00066,2026-04,100595.8,96780.3,51367.4
DN00066,2026-05,95180.1,81262.1,65285.4
DN00066,2026-06,115229.3,112692.7,67822.1
DN00066,2026-07,101064.0,93230.0,75656.2
DN00066,2026-08,114111.0,107136.0,82631.2
DN00066,2026-09,94682.3,92914.6,84398.9
DN00066,2026-10,107655.2,104080.3,87973.7
DN00066,2026-11,104891.9,106325.4,86540.3
DN00066,2026-12,141651.4,135729.9,92461.8
DN00067,2026-01,20.0,18.8,73.9
DN00067,2026-02,19.8,19.7,74.1
DN00067,2026-03,33.0,35.2,71.9
DN00067,2026-04,37.8,37.1,72.6
DN00067,2026-05,37.5,40.1,70.0
DN00067,2026-06,35.2,36.0,69.1
DN00067,2026-07,33.3,35.4,67.0
DN00067,2026-08,31.4,29.8,68.6
DN00067,2026-09,31.3,32.7,67.1
DN00067,2026-10,31.6,33.1,65.6
DN00067,2026-11,41.5,38.0,69.1
DN00067,2026-12,49.9,48.1,70.8
DN00068,2026-01,186.0,170.5,1096.4
DN00068,2026-02,155.0,146.8,1104.6
DN00068,2026-03,163.4,158.8,1109.2
DN00068,2026-04,168.1,162.3,1115.0
DN00068,2026-05,201.9,207.4,1109.5
DN00068,2026-06,220.2,205.6,1124.1
DN00068,2026-07,201.2,199.0,1126.2
DN00068,2026-08,219.0,233.7,1111.4
DN00068,2026-09,211.1,213.5,1109.0
DN00068,2026-10,177.6,163.1,1123.5
DN00068,2026-11,216.0,238.6,1100.9
DN00068,2026-12,282.4,258.1,1125.2
DN00069,2026-01,4.2,4.7,4.6
DN00069,2026-02,2.8,2.8,4.5
DN00069,2026-03,3.0,3.0,4.6
DN00069,2026-04,3.4,3.4,4.6
DN00069,2026-05,4.1,4.5,4.1
DN00069,2026-06,3.1,2.9,4.4
DN00069,2026-07,2.9,2.7,4.5
DN00069,2026-08,3.2,3.3,4.4
DN00069,2026-09,4.0,3.8,4.6
DN00069,2026-10,3.4,3.5,4.6
DN00069,2026-11,3.5,3.4,4.7
DN00069,2026-12,4.8,5.0,4.5
DN00070,2026-01,205.1,218.2,46.5
DN00070,2026-02,196.7,199.0,44.2
DN00070,2026-03,182.8,180.6,46.5
DN00070,2026-04,196.2,186.0,56.7
DN00070,2026-05,171.0,178.9,48.8
DN00070,2026-06,186.8,182.0,53.6
DN00070,2026-07,188.4,183.5,58.4
DN00070,2026-08,200.0,176.4,82.1
DN00070,2026-09,185.3,184.0,83.4
DN00070,2026-10,159.7,153.1,90.1
DN00070,2026-11,253.7,239.3,104.5
DN00070,2026-12,194.2,191.7,107.0
DN00071,2026-01,212.3,183.2,120.5
DN00071,2026-02,193.0,172.5,141.1
DN00071,2026-03,204.2,195.4,149.9
DN00071,2026-04,294.5,264.7,179.7
DN00071,2026-05,215.9,220.1,175.4
DN00071,2026-06,245.8,231.1,190.1
DN00071,2026-07,257.1,282.4,164.8
DN00071,2026-08,251.6,252.9,163.6
DN00071,2026-09,184.0,188.5,159.1
DN00071,2026-10,218.2,193.7,183.5
DN00071,2026-11,238.2,239.9,181.9
DN00071,2026-12,215.3,233.4,163.7
DN00072,2026-01,368.1,348.1,213.4
DN00072,2026-02,385.8,355.9,243.4
DN00072,2026-03,383.5,386.3,240.6
DN00072,2026-04,334.9,313.7,261.8
DN00072,2026-05,432.2,414.3,279.6
DN00072,2026-06,350.1,328.6,301.2
DN00072,2026-07,340.4,322.2,319.3
DN00072,2026-08,403.5,400.3,322.6
DN00072,2026-09,352.1,334.7,340.0
DN00072,2026-10,316.7,316.0,340.8
DN00072,2026-11,412.5,414.5,338.8
DN00072,2026-12,334.0,310.5,362.3
DN00073,2026-01,27.9,26.6,43.8
DN00073,2026-02,21.5,22.8,42.6
DN00073,2026-03,35.0,32.1,45.4
DN00073,2026-04,34.2,35.8,43.8
DN00073,2026-05,32.7,34.2,42.3
DN00073,2026-06,32.8,33.0,42.0
DN00073,2026-07,37.2,32.6,46.7
DN00073,2026-08,32.1,31.5,47.3
DN00073,2026-09,34.2,32.7,48.9
DN00073,2026-10,37.2,36.3,49.8
DN00073,2026-11,28.9,28.0,50.6
DN00073,2026-12,53.8,53.8,50.6
DN00074,2026-01,108.9,107.1,210.1
DN00074,2026-02,80.1,81.0,209.3
DN00074,2026-03,103.6,107.5,205.4
DN00074,2026-04,167.6,164.2,208.8
DN00074,2026-05,176.8,165.4,220.2
DN00074,2026-06,128.9,120.4,228.7
DN00074,2026-07,144.5,144.1,229.2
DN00074,2026-08,120.0,133.7,215.4
DN00074,2026-09,146.4,149.5,212.4
DN00074,2026-10,152.5,142.8,222.1
DN00074,2026-11,141.0,151.6,211.5
DN00074,2026-12,177.0,167.4,221.2
DN00075,2026-01,13.5,12.5,45.4
DN00075,2026-02,10.1,10.9,44.6
DN00075,2026-03,13.3,13.6,44.4
DN00075,2026-04,13.4,13.3,44.4
DN00075,2026-05,12.6,12.7,44.3
DN00075,2026-06,13.4,12.0,45.6
DN00075,2026-07,11.1,11.0,45.7
DN00075,2026-08,13.6,13.2,46.1
DN00075,2026-09,17.8,17.5,46.4
DN00075,2026-10,15.8,16.0,46.2
DN00075,2026-11,16.0,17.0,45.3
DN00075,2026-12,18.1,18.2,45.2
DN00076,2026-01,135.9,136.6,20.3
DN00076,2026-02,110.0,100.8,29.5
DN00076,2026-03,116.8,121.4,24.9
DN00076,2026-04,122.7,119.0,28.6
DN00076,2026-05,145.9,144.8,29.7
DN00076,2026-06,136.7,145.6,20.8
DN00076,2026-07,105.3,109.5,16.6
DN00076,2026-08,94.9,96.3,15.1
DN00076,2026-09,121.3,118.4,18.1
DN00076,2026-10,106.5,97.8,26.7
DN00076,2026-11,151.7,159.8,18.5
DN00076,2026-12,134.8,122.2,31.2
DN00077,2026-01,23.2,25.3,26.1
DN00077,2026-02,15.3,16.6,24.8
DN00077,2026-03,22.2,22.3,24.7
DN00077,2026-04,21.6,21.0,25.2
DN00077,2026-05,22.6,22.6,25.2
DN00077,2026-06,20.4,19.8,25.8
DN00077,2026-07,19.3,19.6,25.5
DN00077,2026-08,22.0,22.5,24.9
DN00077,2026-09,20.7,21.6,24.0
DN00077,2026-10,26.2,23.7,26.5
DN00077,2026-11,22.6,21.5,27.5
DN00077,2026-12,25.1,26.5,26.1
DN00078,2026-01,202.5,198.6,458.8
DN00078,2026-02,225.0,224.5,459.2
DN00078,2026-03,222.7,216.2,465.8
DN00078,2026-04,222.4,225.1,463.1
DN00078,2026-05,313.9,316.5,460.5
DN00078,2026-06,326.4,307.2,479.7
DN00078,2026-07,281.4,274.7,486.4
DN00078,2026-08,345.9,332.5,499.8
DN00078,2026-09,298.9,295.4,503.4
DN00078,2026-10,313.6,311.7,505.3
DN00078,2026-11,405.1,410.1,500.2
DN00078,2026-12,424.9,401.3,523.8
DN00079,2026-01,373.9,364.6,256.9
DN00079,2026-02,415.2,376.4,295.7
DN00079,2026-03,479.8,488.7,286.8
DN00079,2026-04,451.1,408.8,329.1
DN00079,2026-05,516.9,516.2,329.7
DN00079,2026-06,558.2,549.6,338.4
DN00079,2026-07,502.0,506.9,333.4
DN00079,2026-08,520.7,517.0,337.1
DN00079,2026-09,525.2,505.2,357.0
DN00079,2026-10,547.8,535.0,369.8
DN00079,2026-11,533.6,523.6,379.8
DN00079,2026-12,691.2,661.0,410.1
DN00080,2026-01,113.3,119.9,2120.5
DN00080,2026-02,105.4,99.8,2126.2
DN00080,2026-03,111.7,120.7,2117.2
DN00080,2026-04,99.8,103.6,2113.4
DN00080,2026-05,123.6,115.8,2121.2
DN00080,2026-06,108.8,111.2,2118.7
DN00080,2026-07,116.1,112.5,2122.3
DN00080,2026-08,94.9,100.5,2116.8
DN00080,2026-09,108.3,102.7,2122.4
DN00080,2026-10,122.4,134.6,2110.2
DN00080,2026-11,138.5,131.5,2117.1
DN00080,2026-12,104.1,115.5,2105.7
DN00081,2026-01,9.5,9.4,51.2
DN00081,2026-02,11.0,10.2,51.9
DN00081,2026-03,11.8,11.9,51.9
DN00081,2026-04,11.2,9.9,53.2
DN00081,2026-05,17.7,18.7,52.2
DN00081,2026-06,14.6,14.2,52.6
DN00081,2026-07,14.8,14.8,52.6
DN00081,2026-08,13.3,14.1,51.8
DN00081,2026-09,17.9,17.5,52.2
DN00081,2026-10,13.1,13.2,52.2
DN00081,2026-11,17.3,17.1,52.3
DN00081,2026-12,21.8,19.8,54.2
DN00082,2026-01,931.2,1001.1,520.8
DN00082,2026-02,730.1,746.9,504.0
DN00082,2026-03,648.0,607.2,544.8
DN00082,2026-04,790.3,830.3,504.7
DN00082,2026-05,932.5,814.9,622.4
DN00082,2026-06,780.1,794.4,608.0
DN00082,2026-07,745.1,727.6,625.6
DN00082,2026-08,897.6,869.3,653.9
DN00082,2026-09,872.7,950.3,576.3
DN00082,2026-10,793.9,760.1,610.0
DN00082,2026-11,997.9,1009.9,598.0
DN00082,2026-12,1060.3,1071.7,586.7
DN00083,2026-01,1849.7,1779.9,5622.1
DN00083,2026-02,2016.3,1635.4,6003.0
DN00083,2026-03,2353.6,2040.2,6316.5
DN00083,2026-04,2314.5,2295.3,6335.7
DN00083,2026-05,1873.1,1787.3,6421.4
DN00083,2026-06,1687.5,1599.3,6509.6
DN00083,2026-07,1917.7,1954.5,6472.8
DN00083,2026-08,2119.5,2012.7,6579.6
DN00083,2026-09,1893.1,1703.8,6768.9
DN00083,2026-10,1954.1,1823.4,6899.7
DN00083,2026-11,2135.2,2020.3,7014.6
DN00083,2026-12,1787.4,1687.4,7114.6
DN00084,2026-01,3542.7,3606.9,4825.3
DN00084,2026-02,2891.2,2974.8,4741.7
DN00084,2026-03,5012.6,5222.7,4531.7
DN00084,2026-04,5212.9,4999.3,4745.3
DN00084,2026-05,5682.0,5911.2,4516.1
DN00084,2026-06,5143.6,5277.2,4382.5
DN00084,2026-07,5549.8,5090.9,4841.4
DN00084,2026-08,6035.9,6635.1,4242.2
DN00084,2026-09,4877.4,4702.1,4417.5
DN00084,2026-10,4434.2,4495.8,4355.9
DN00084,2026-11,7004.4,7370.3,3990.0
DN00084,2026-12,8584.6,8407.0,4167.5
DN00085,2026-01,401.4,384.2,269.7
DN00085,2026-02,373.7,393.5,249.9
DN00085,2026-03,373.3,377.8,245.4
DN00085,2026-04,421.7,418.2,248.9
DN00085,2026-05,407.6,388.0,268.4
DN00085,2026-06,461.2,442.7,287.0
DN00085,2026-07,382.2,374.5,294.7
DN00085,2026-08,482.1,474.3,302.5
DN00085,2026-09,419.6,405.7,316.4
DN00085,2026-10,423.8,392.0,348.2
DN00085,2026-11,330.7,304.3,374.6
DN00085,2026-12,342.2,348.9,367.9
DN00086,2026-01,368.0,340.3,494.7
DN00086,2026-02,298.1,307.5,485.2
DN00086,2026-03,406.7,422.0,469.9
DN00086,2026-04,436.3,474.1,432.1
DN00086,2026-05,320.8,346.1,406.8
DN00086,2026-06,308.9,311.8,404.0
DN00086,2026-07,384.2,395.0,393.2
DN00086,2026-08,328.1,339.4,381.9
DN00086,2026-09,368.2,345.2,404.9
DN00086,2026-10,300.5,339.2,366.2
DN00086,2026-11,405.0,414.5,356.7
DN00086,2026-12,405.8,415.5,347.0
DN00087,2026-01,1149.4,1238.6,409.8
DN00087,2026-02,1410.0,1384.6,435.2
DN00087,2026-03,1226.4,1187.1,474.6
DN00087,2026-04,950.1,982.5,442.2
DN00087,2026-05,1164.6,1166.4,440.4
DN00087,2026-06,1474.8,1475.5,439.6
DN00087,2026-07,1110.9,1099.6,450.9
DN00087,2026-08,1375.0,1275.3,550.6
DN00087,2026-09,987.3,954.4,583.4
DN00087,2026-10,1350.4,1337.9,595.9
DN00087,2026-11,1435.7,1240.6,791.0
DN00087,2026-12,1584.1,1470.0,905.1
DN00088,2026-01,1050.5,1023.3,489.1
DN00088,2026-02,1169.4,1256.0,402.5
DN00088,2026-03,1188.7,1158.6,432.6
DN00088,2026-04,1155.0,932.5,655.2
DN00088,2026-05,1036.0,1040.4,650.8
DN00088,2026-06,1155.1,1186.8,619.1
DN00088,2026-07,1254.2,1284.5,588.8
DN00088,2026-08,913.4,870.7,631.5
DN00088,2026-09,1190.8,1286.9,535.4
DN00088,2026-10,1439.6,1395.6,579.5
DN00088,2026-11,875.1,816.1,638.5
DN00088,2026-12,984.7,946.4,676.7
DN00089,2026-01,8.4,8.7,9.5
DN00089,2026-02,8.8,8.7,9.6
DN00089,2026-03,7.5,7.5,9.6
DN00089,2026-04,9.0,9.2,9.5
DN00089,2026-05,8.2,8.0,9.7
DN00089,2026-06,7.0,7.0,9.7
DN00089,2026-07,8.9,9.5,9.1
DN00089,2026-08,8.1,7.3,9.9
DN00089,2026-09,8.5,8.8,9.6
DN00089,2026-10,7.6,8.1,9.2
DN00089,2026-11,7.7,7.5,9.4
DN00089,2026-12,8.2,8.4,9.2
DN00090,2026-01,64.7,70.1,67.2
DN00090,2026-02,57.8,67.2,57.8
DN00090,2026-03,71.9,66.5,63.2
DN00090,2026-04,62.6,58.6,67.2
DN00090,2026-05,61.5,64.9,63.9
DN00090,2026-06,67.7,58.9,72.6
DN00090,2026-07,72.4,68.2,76.9
DN00090,2026-08,65.5,69.9,72.4
DN00090,2026-09,64.3,67.6,69.1
DN00090,2026-10,65.0,62.4,71.6
DN00090,2026-11,60.4,57.5,74.6
DN00090,2026-12,79.1,80.6,73.1
DN00091,2026-01,102.6,95.0,275.2
DN00091,2026-02,71.6,75.8,271.0
DN00091,2026-03,118.9,122.0,267.9
DN00091,2026-04,141.8,143.0,266.7
DN00091,2026-05,123.0,114.0,275.6
DN00091,2026-06,116.6,105.7,286.5
DN00091,2026-07,156.5,151.8,291.1
DN00091,2026-08,111.9,113.1,289.9
DN00091,2026-09,151.0,160.7,280.3
DN00091,2026-10,121.2,129.1,272.4
DN00091,2026-11,134.6,118.6,288.3
DN00091,2026-12,199.0,213.4,273.9
DN00092,2026-01,66.7,70.5,52.9
DN00092,2026-02,67.6,62.5,58.0
DN00092,2026-03,63.2,62.8,58.4
DN00092,2026-04,84.5,81.8,61.1
DN00092,2026-05,61.8,61.3,61.6
DN00092,2026-06,64.3,62.8,63.0
DN00092,2026-07,68.6,73.7,57.9
DN00092,2026-08,66.1,69.4,54.6
DN00092,2026-09,64.9,68.5,51.0
DN00092,2026-10,80.3,76.3,55.1
DN00092,2026-11,75.4,77.0,53.4
DN00092,2026-12,65.8,67.8,51.3
DN00093,2026-01,25.8,23.6,37.9
DN00093,2026-02,23.4,22.0,39.3
DN00093,2026-03,31.6,32.1,38.8
DN00093,2026-04,49.0,49.6,38.2
DN00093,2026-05,47.4,44.8,40.7
DN00093,2026-06,35.2,33.0,42.9
DN00093,2026-07,37.7,35.5,45.1
DN00093,2026-08,38.8,34.4,49.6
DN00093,2026-09,37.7,36.6,50.6
DN00093,2026-10,40.3,40.4,50.5
DN00093,2026-11,51.0,50.1,51.4
DN00093,2026-12,59.8,57.1,54.1
DN00094,2026-01,3697.1,3754.6,1014.9
DN00094,2026-02,3123.4,3227.0,911.3
DN00094,2026-03,5164.5,4675.1,1400.7
DN00094,2026-04,3707.5,3765.2,1343.0
DN00094,2026-05,5261.9,5040.0,1564.9
DN00094,2026-06,4700.2,4771.0,1494.1
DN00094,2026-07,4097.6,3392.0,2199.8
DN00094,2026-08,4290.0,4078.3,2411.5
DN00094,2026-09,4284.9,3690.1,3006.3
DN00094,2026-10,4933.5,5110.2,2829.5
DN00094,2026-11,4572.9,4207.1,3195.3
DN00094,2026-12,5085.2,4669.9,3610.6
DN00095,2026-01,235.1,205.2,1078.7
DN00095,2026-02,178.9,175.8,1081.9
DN00095,2026-03,225.4,220.2,1087.0
DN00095,2026-04,248.9,245.9,1090.0
DN00095,2026-05,261.9,256.7,1095.2
DN00095,2026-06,235.8,235.7,1095.4
DN00095,2026-07,227.8,259.8,1063.4
DN00095,2026-08,282.1,259.8,1085.7
DN00095,2026-09,269.7,269.6,1085.8
DN00095,2026-10,236.6,223.0,1099.4
DN00095,2026-11,259.2,258.2,1100.4
DN00095,2026-12,337.3,339.1,1098.7
DN00096,2026-01,2.4,2.6,31.5
DN00096,2026-02,2.2,2.0,31.7
DN00096,2026-03,2.0,2.0,31.6
DN00096,2026-04,2.5,2.7,31.4
DN00096,2026-05,2.1,2.3,31.2
DN00096,2026-06,2.3,2.5,30.9
DN00096,2026-07,2.6,2.7,30.8
DN00096,2026-08,2.2,2.1,30.9
DN00096,2026-09,2.8,3.0,30.7
DN00096,2026-10,2.6,2.8,30.6
DN00096,2026-11,2.6,2.6,30.6
DN00096,2026-12,2.0,1.9,30.7
DN00097,2026-01,1958.9,2098.1,1775.1
DN00097,2026-02,1632.9,1291.2,2116.8
DN00097,2026-03,1648.4,1619.8,2145.5
DN00097,2026-04,1765.2,1578.7,2331.9
DN00097,2026-05,1942.8,2183.7,2091.0
DN00097,2026-06,1835.1,1760.3,2165.8
DN00097,2026-07,2378.4,2331.6,2212.5
DN00097,2026-08,1853.1,1934.6,2131.0
DN00097,2026-09,2009.3,1980.0,2160.3
DN00097,2026-10,2001.5,2030.4,2131.4
DN00097,2026-11,2145.7,2030.4,2246.8
DN00097,2026-12,1983.9,1974.9,2255.8
DN00098,2026-01,3664.9,3458.8,2080.5
DN00098,2026-02,2390.0,2487.1,1983.4
DN00098,2026-03,3395.8,3287.2,2092.1
DN00098,2026-04,2732.7,2652.8,2172.0
DN00098,2026-05,3328.6,3360.3,2140.3
DN00098,2026-06,2933.3,2628.6,2445.0
DN00098,2026-07,3492.1,3542.1,2395.0
DN00098,2026-08,3234.3,3090.9,2538.4
DN00098,2026-09,3325.5,3395.6,2468.3
DN00098,2026-10,4274.9,3906.8,2836.4
DN00098,2026-11,3597.7,3899.7,2534.3
DN00098,2026-12,5073.3,5065.2,2542.4
DN00099,2026-01,310.2,328.2,277.4
DN00099,2026-02,200.1,216.0,261.5
DN00099,2026-03,397.3,405.8,253.0
DN00099,2026-04,347.9,326.2,274.7
DN00099,2026-05,261.4,256.2,279.9
DN00099,2026-06,291.3,317.7,253.4
DN00099,2026-07,240.9,229.5,264.8
DN00099,2026-08,301.9,305.3,261.3
DN00099,2026-09,275.6,266.1,270.8
DN00099,2026-10,323.1,329.6,264.4
DN00099,2026-11,353.3,341.3,276.5
DN00099,2026-12,397.6,392.0,282.1
DN00100,2026-01,10.0,9.6,4.8
DN00100,2026-02,9.7,9.7,4.7
DN00100,2026-03,9.7,10.1,4.4
DN00100,2026-04,8.6,9.0,4.0
DN00100,2026-05,9.9,10.0,3.9
DN00100,2026-06,8.0,7.5,4.4
DN00100,2026-07,8.3,7.6,5.1
DN00100,2026-08,9.1,9.7,4.5
DN00100,2026-09,10.2,10.2,4.6
DN00100,2026-10,11.1,11.4,4.3
DN00100,2026-11,12.5,13.0,3.8
DN00100,2026-12,11.4,11.8,3.4
DN00101,2026-01,32.8,32.5,103.0
DN00101,2026-02,26.6,30.4,99.3
DN00101,2026-03,31.1,31.9,98.4
DN00101,2026-04,31.5,31.2,98.7
DN00101,2026-05,42.4,45.0,96.1
DN00101,2026-06,37.4,42.2,91.2
DN00101,2026-07,39.9,40.2,90.9
DN00101,2026-08,40.5,41.2,90.3
DN00101,2026-09,37.2,36.1,91.4
DN00101,2026-10,40.2,39.2,92.4
DN00101,2026-11,43.3,48.9,86.9
DN00101,2026-12,50.2,54.3,82.7
DN00102,2026-01,421.6,379.6,102.0
DN00102,2026-02,460.4,409.0,153.4
DN00102,2026-03,580.6,533.1,200.9
DN00102,2026-04,494.7,447.1,248.4
DN00102,2026-05,522.8,535.7,235.6
DN00102,2026-06,433.1,419.3,249.4
DN00102,2026-07,418.4,399.3,268.5
DN00102,2026-08,446.1,441.5,273.1
DN00102,2026-09,447.5,346.5,374.1
DN00102,2026-10,461.9,397.9,438.0
DN00102,2026-11,554.1,535.7,456.4
DN00102,2026-12,507.7,490.3,473.8
DN00103,2026-01,2755.0,2601.0,1964.2
DN00103,2026-02,2127.7,2099.2,1992.7
DN00103,2026-03,2478.6,2325.1,2146.2
DN00103,2026-04,2318.3,2578.9,1885.6
DN00103,2026-05,2719.0,2473.4,2131.2
DN00103,2026-06,2530.0,2300.0,2361.2
DN00103,2026-07,2342.6,2107.4,2596.4
DN00103,2026-08,3888.3,3657.6,2827.2
DN00103,2026-09,2962.3,2697.7,3091.8
DN00103,2026-10,4370.2,4202.6,3259.3
DN00103,2026-11,2931.1,2900.8,3289.6
DN00103,2026-12,4493.0,3986.1,3796.5
DN00104,2026-01,1468.5,1512.0,399.7
DN00104,2026-02,931.4,1040.2,290.9
DN00104,2026-03,1315.0,1265.8,340.1
DN00104,2026-04,1605.1,1670.6,274.7
DN00104,2026-05,1256.3,1281.7,249.3
DN00104,2026-06,1222.4,1240.2,231.5
DN00104,2026-07,1271.8,1173.1,330.2
DN00104,2026-08,1387.2,1261.8,455.6
DN00104,2026-09,1327.1,1335.1,447.6
DN00104,2026-10,1328.7,1284.4,491.9
DN00104,2026-11,1554.1,1531.4,514.6
DN00104,2026-12,1634.7,1829.3,320.0
DN00105,2026-01,107.9,103.4,118.4
DN00105,2026-02,66.2,70.9,113.7
DN00105,2026-03,77.6,81.3,110.0
DN00105,2026-04,77.2,80.4,106.8
DN00105,2026-05,115.6,107.3,115.1
DN00105,2026-06,105.9,94.1,126.9
DN00105,2026-07,114.1,127.4,113.6
DN00105,2026-08,100.0,100.6,113.0
DN00105,2026-09,100.6,107.0,106.6
DN00105,2026-10,112.5,111.8,107.3
DN00105,2026-11,113.8,121.8,99.3
DN00105,2026-12,116.3,120.6,94.9
DN00106,2026-01,17.7,16.9,41.6
DN00106,2026-02,14.4,15.1,40.9
DN00106,2026-03,22.1,20.3,42.7
DN00106,2026-04,24.2,23.7,43.1
DN00106,2026-05,27.4,28.3,42.2
DN00106,2026-06,32.0,29.2,44.9
DN00106,2026-07,23.9,23.8,45.1
DN00106,2026-08,27.8,25.9,47.0
DN00106,2026-09,22.8,23.6,46.2
DN00106,2026-10,29.4,30.6,45.0
DN00106,2026-11,22.8,22.6,45.2
DN00106,2026-12,29.3,28.5,46.0
DN00107,2026-01,55.7,60.2,134.7
DN00107,2026-02,58.0,55.3,137.4
DN00107,2026-03,79.9,85.6,131.6
DN00107,2026-04,98.3,104.2,125.7
DN00107,2026-05,90.8,92.9,123.6
DN00107,2026-06,97.5,91.4,129.6
DN00107,2026-07,65.2,63.1,131.7
DN00107,2026-08,79.7,84.6,126.8
DN00107,2026-09,73.6,65.3,135.2
DN00107,2026-10,88.2,88.8,134.7
DN00107,2026-11,88.8,82.4,141.1
DN00107,2026-12,82.4,73.8,149.6
DN00108,2026-01,527.7,498.3,353.8
DN00108,2026-02,751.1,759.1,345.9
DN00108,2026-03,519.8,471.7,394.0
DN00108,2026-04,735.1,647.5,481.5
DN00108,2026-05,727.6,637.6,571.6
DN00108,2026-06,647.2,630.3,588.5
DN00108,2026-07,545.6,535.7,598.3
DN00108,2026-08,738.9,733.7,603.5
DN00108,2026-09,811.9,883.6,531.8
DN00108,2026-10,540.1,502.2,569.7
DN00108,2026-11,850.7,952.6,467.8
DN00108,2026-12,791.9,801.0,458.6
DN00109,2026-01,602.1,613.2,293.4
DN00109,2026-02,976.2,1059.9,209.7
DN00109,2026-03,631.9,613.8,227.9
DN00109,2026-04,758.9,744.4,242.4
DN00109,2026-05,614.0,583.2,273.2
DN00109,2026-06,686.0,640.5,318.8
DN00109,2026-07,610.4,603.9,325.3
DN00109,2026-08,596.2,519.9,401.6
DN00109,2026-09,637.5,560.1,478.9
DN00109,2026-10,879.5,868.6,489.9
DN00109,2026-11,567.8,604.0,453.7
DN00109,2026-12,894.0,866.5,481.2
DN00110,2026-01,18711.5,20040.3,17504.6
DN00110,2026-02,14496.1,14216.9,17783.9
DN00110,2026-03,18930.5,18828.7,17885.7
DN00110,2026-04,18297.7,19676.7,16506.7
DN00110,2026-05,16737.0,16630.9,16612.8
DN00110,2026-06,16268.9,16679.6,16202.1
DN00110,2026-07,19306.3,20801.8,14706.6
DN00110,2026-08,16883.3,16664.6,14925.3
DN00110,2026-09,18987.9,19151.8,14761.3
DN00110,2026-10,18889.1,19931.7,13718.8
DN00110,2026-11,16024.9,14771.7,14971.9
DN00110,2026-12,16109.9,17884.5,13197.3
DN00111,2026-01,401.8,401.3,1261.9
DN00111,2026-02,369.5,387.8,1243.7
DN00111,2026-03,349.3,363.1,1229.9
DN00111,2026-04,479.6,470.2,1239.3
DN00111,2026-05,388.1,379.6,1247.7
DN00111,2026-06,361.8,389.7,1219.8
DN00111,2026-07,375.6,346.5,1248.9
DN00111,2026-08,461.5,472.9,1237.5
DN00111,2026-09,376.9,425.9,1188.5
DN00111,2026-10,470.9,447.1,1212.4
DN00111,2026-11,333.8,353.7,1192.5
DN00111,2026-12,584.6,579.7,1197.4
DN00112,2026-01,8.1,7.8,11.7
DN00112,2026-02,7.9,7.5,12.0
DN00112,2026-03,6.9,7.3,11.6
DN00112,2026-04,7.4,7.3,11.7
DN00112,2026-05,5.9,5.6,12.0
DN00112,2026-06,5.2,5.6,11.5
DN00112,2026-07,6.8,8.2,10.1
DN00112,2026-08,6.1,6.7,9.4
DN00112,2026-09,7.3,7.4,9.3
DN00112,2026-10,6.9,7.4,8.7
DN00112,2026-11,5.9,6.5,8.1
DN00112,2026-12,5.8,5.8,8.2
DN00113,2026-01,111.5,112.3,104.9
DN00113,2026-02,108.3,106.4,106.7
DN00113,2026-03,134.6,125.0,116.3
DN00113,2026-04,136.1,130.0,122.4
DN00113,2026-05,170.9,168.7,124.5
DN00113,2026-06,143.3,131.4,136.5
DN00113,2026-07,137.1,139.2,134.4
DN00113,2026-08,188.5,177.1,145.7
DN00113,2026-09,176.7,182.4,140.1
DN00113,2026-10,158.9,149.5,149.5
DN00113,2026-11,178.2,167.8,159.8
DN00113,2026-12,227.9,247.7,140.0
DN00114,2026-01,22.3,22.1,6.0
DN00114,2026-02,22.5,20.6,7.9
DN00114,2026-03,18.5,16.7,9.7
DN00114,2026-04,18.2,17.4,10.5
DN00114,2026-05,16.5,15.8,11.3
DN00114,2026-06,22.7,22.9,11.1
DN00114,2026-07,18.1,17.5,11.7
DN00114,2026-08,18.5,18.4,11.9
DN00114,2026-09,18.7,17.9,12.7
DN00114,2026-10,18.7,17.3,14.2
DN00114,2026-11,18.2,17.0,15.4
DN00114,2026-12,16.5,16.2,15.7
DN00115,2026-01,3332.2,3218.8,1041.2
DN00115,2026-02,2728.3,2599.3,1170.3
DN00115,2026-03,3590.4,3623.9,1136.8
DN00115,2026-04,2976.4,2855.2,1258.0
DN00115,2026-05,3036.6,2963.1,1331.5
DN00115,2026-06,3057.3,2743.0,1645.7
DN00115,2026-07,3117.2,3042.1,1720.8
DN00115,2026-08,3829.8,3749.1,1801.5
DN00115,2026-09,4192.3,3986.3,2007.6
DN00115,2026-10,3550.3,3832.2,1725.7
DN00115,2026-11,3106.9,3053.8,1778.7
DN00115,2026-12,4653.1,4417.3,2014.5
DN00116,2026-01,120.0,118.3,107.3
DN00116,2026-02,102.7,108.4,101.6
DN00116,2026-03,127.3,130.7,98.2
DN00116,2026-04,97.0,99.4,95.7
DN00116,2026-05,118.3,119.0,95.0
DN00116,2026-06,132.5,114.2,113.3
DN00116,2026-07,110.4,107.7,116.0
DN00116,2026-08,91.4,95.6,111.8
DN00116,2026-09,118.0,128.2,101.5
DN00116,2026-10,96.0,90.4,107.0
DN00116,2026-11,110.3,100.1,117.2
DN00116,2026-12,115.9,100.8,132.3
DN00117,2026-01,116.8,113.7,64.8
DN00117,2026-02,113.6,117.8,60.6
DN00117,2026-03,117.4,111.0,67.0
DN00117,2026-04,124.2,130.5,60.8
DN00117,2026-05,117.0,140.5,37.2
DN00117,2026-06,97.1,88.4,46.0
DN00117,2026-07,105.5,101.9,49.5
DN00117,2026-08,127.8,115.2,62.1
DN00117,2026-09,154.9,155.6,61.4
DN00117,2026-10,122.1,106.4,77.1
DN00117,2026-11,135.1,138.2,74.0
DN00117,2026-12,131.5,133.3,72.2
DN00118,2026-01,469.9,453.4,359.4
DN00118,2026-02,420.0,463.6,315.7
DN00118,2026-03,425.7,429.5,311.8
DN00118,2026-04,449.4,460.2,301.0
DN00118,2026-05,358.5,380.6,278.9
DN00118,2026-06,453.2,497.4,234.6
DN00118,2026-07,366.1,394.8,205.9
DN00118,2026-08,359.2,347.4,217.7
DN00118,2026-09,446.4,472.7,191.3
DN00118,2026-10,378.8,375.9,194.2
DN00118,2026-11,474.0,495.5,172.7
DN00118,2026-12,497.4,528.6,141.5
DN00119,2026-01,79.0,70.5,26.5
DN00119,2026-02,83.8,91.1,19.1
DN00119,2026-03,82.1,84.0,17.3
DN00119,2026-04,85.2,76.8,25.6
DN00119,2026-05,78.0,76.4,27.2
DN00119,2026-06,69.8,68.9,28.1
DN00119,2026-07,98.0,94.7,31.4
DN00119,2026-08,88.7,87.3,32.7
DN00119,2026-09,86.0,89.1,29.6
DN00119,2026-10,86.9,91.2,25.4
DN00119,2026-11,64.8,62.8,27.5
DN00119,2026-12,66.6,64.3,29.8
DN00120,2026-01,178.6,177.5,225.0
DN00120,2026-02,165.3,148.0,242.3
DN00120,2026-03,195.8,188.5,249.6
DN00120,2026-04,241.5,236.2,254.8
DN00120,2026-05,195.3,180.6,269.6
DN00120,2026-06,203.7,220.7,252.6
DN00120,2026-07,200.5,197.6,255.5
DN00120,2026-08,238.3,225.7,268.1
DN00120,2026-09,179.0,179.3,267.8
DN00120,2026-10,188.4,194.9,261.2
DN00120,2026-11,212.9,207.4,266.8
DN00120,2026-12,416.8,437.6,246.0
DN00121,2026-01,220.4,219.6,15.2
DN00121,2026-02,172.6,163.9,23.9
DN00121,2026-03,188.7,175.2,37.3
DN00121,2026-04,181.5,171.2,47.6
DN00121,2026-05,152.8,142.7,57.8
DN00121,2026-06,135.9,142.5,51.2
DN00121,2026-07,197.3,205.3,43.2
DN00121,2026-08,197.2,179.8,60.6
DN00121,2026-09,202.0,205.0,57.6
DN00121,2026-10,192.4,181.7,68.3
DN00121,2026-11,219.3,209.5,78.1
DN00121,2026-12,211.9,192.8,97.1
DN00122,2026-01,68.7,75.2,52.9
DN00122,2026-02,79.8,79.6,53.0
DN00122,2026-03,77.2,78.9,51.4
DN00122,2026-04,78.6,74.9,55.1
DN00122,2026-05,53.9,51.7,57.3
DN00122,2026-06,61.9,63.8,55.4
DN00122,2026-07,74.0,69.4,60.0
DN00122,2026-08,69.1,72.3,56.8
DN00122,2026-09,91.6,90.9,57.5
DN00122,2026-10,72.8,69.4,60.9
DN00122,2026-11,77.4,73.0,65.4
DN00122,2026-12,66.8,68.3,63.9
DN00123,2026-01,148.7,141.2,397.1
DN00123,2026-02,99.1,96.4,399.8
DN00123,2026-03,131.1,139.5,391.5
DN00123,2026-04,123.9,123.1,392.3
DN00123,2026-05,112.2,121.0,383.5
DN00123,2026-06,93.7,96.8,380.4
DN00123,2026-07,123.2,124.5,379.1
DN00123,2026-08,131.4,123.3,387.2
DN00123,2026-09,125.9,134.4,378.7
DN00123,2026-10,115.6,119.6,374.6
DN00123,2026-11,117.7,117.8,374.6
DN00123,2026-12,109.9,109.4,375.1
DN00124,2026-01,8.2,7.9,16.8
DN00124,2026-02,7.2,7.5,16.5
DN00124,2026-03,11.1,10.5,17.1
DN00124,2026-04,14.7,13.0,18.9
DN00124,2026-05,16.1,14.8,20.1
DN00124,2026-06,19.4,22.0,17.5
DN00124,2026-07,14.6,14.2,17.9
DN00124,2026-08,12.1,12.6,17.4
DN00124,2026-09,12.8,12.6,17.6
DN00124,2026-10,12.7,13.5,16.8
DN00124,2026-11,15.6,14.0,18.4
DN00124,2026-12,24.8,22.5,20.7
DN00125,2026-01,66.6,64.7,35.4
DN00125,2026-02,49.9,52.1,33.2
DN00125,2026-03,51.7,57.4,27.4
DN00125,2026-04,52.4,54.3,25.6
DN00125,2026-05,55.5,51.1,30.0
DN00125,2026-06,73.8,73.4,30.4
DN00125,2026-07,67.6,70.4,27.6
DN00125,2026-08,73.3,71.5,29.4
DN00125,2026-09,61.2,58.2,32.5
DN00125,2026-10,54.6,51.4,35.7
DN00125,2026-11,86.7,86.5,35.9
DN00125,2026-12,87.9,89.2,34.6
DN00126,2026-01,3377.5,3710.8,25104.2
DN00126,2026-02,3146.0,3248.2,25001.9
DN00126,2026-03,3372.5,3567.1,24807.3
DN00126,2026-04,2731.3,2688.4,24850.2
DN00126,2026-05,3755.5,3987.7,24618.1
DN00126,2026-06,2930.7,3189.9,24358.9
DN00126,2026-07,3242.8,3504.0,24097.8
DN00126,2026-08,3118.0,3177.9,24037.9
DN00126,2026-09,3784.3,4011.9,23810.3
DN00126,2026-10,2905.8,2979.3,23736.7
DN00126,2026-11,3904.4,3821.8,23819.3
DN00126,2026-12,3836.1,3928.4,23727.0
DN00127,2026-01,71.7,72.2,228.5
DN00127,2026-02,55.4,54.7,229.1
DN00127,2026-03,58.0,60.9,226.2
DN00127,2026-04,65.6,67.6,224.2
DN00127,2026-05,91.9,93.1,223.0
DN00127,2026-06,79.0,81.1,220.9
DN00127,2026-07,76.9,76.0,221.7
DN00127,2026-08,80.1,70.9,231.0
DN00127,2026-09,83.4,86.7,227.7
DN00127,2026-10,93.0,96.3,224.3
DN00127,2026-11,83.8,88.0,220.2
DN00127,2026-12,109.6,114.5,215.4
DN00128,2026-01,11.7,11.5,25.3
DN00128,2026-02,11.5,11.5,25.3
DN00128,2026-03,23.6,23.0,25.9
DN00128,2026-04,24.7,26.2,24.4
DN00128,2026-05,25.8,26.9,23.3
DN00128,2026-06,31.1,33.1,21.3
DN00128,2026-07,25.7,25.9,21.1
DN00128,2026-08,24.6,25.7,20.0
DN00128,2026-09,21.8,23.9,17.9
DN00128,2026-10,27.1,27.7,17.4
DN00128,2026-11,23.7,27.1,14.0
DN00128,2026-12,43.0,42.1,14.8
DN00129,2026-01,1409.7,1464.1,849.3
DN00129,2026-02,1046.0,1047.6,847.7
DN00129,2026-03,1473.6,1528.4,792.8
DN00129,2026-04,1410.3,1348.2,855.0
DN00129,2026-05,1586.3,1601.2,840.1
DN00129,2026-06,1087.0,1011.5,915.6
DN00129,2026-07,1311.2,1375.7,851.1
DN00129,2026-08,1370.9,1567.7,654.3
DN00129,2026-09,1136.5,1027.5,763.3
DN00129,2026-10,1368.0,1254.1,877.1
DN00129,2026-11,1653.7,1442.4,1088.5
DN00129,2026-12,1643.3,1680.9,1050.9
DN00130,2026-01,90.4,86.1,26.1
DN00130,2026-02,94.6,101.5,19.2
DN00130,2026-03,104.6,94.2,29.5
DN00130,2026-04,119.1,111.0,37.6
DN00130,2026-05,95.0,91.2,41.5
DN00130,2026-06,107.6,107.9,41.2
DN00130,2026-07,89.1,84.7,45.6
DN00130,2026-08,91.1,87.8,48.8
DN00130,2026-09,99.8,87.6,61.0
DN00130,2026-10,99.9,109.9,51.0
DN00130,2026-11,102.9,100.4,53.5
DN00130,2026-12,92.0,99.4,46.1
DN00131,2026-01,34.4,34.1,123.9
DN00131,2026-02,26.6,27.5,122.9
DN00131,2026-03,25.0,26.8,121.1
DN00131,2026-04,24.2,27.7,117.5
DN00131,2026-05,26.9,24.5,119.9
DN00131,2026-06,25.3,23.5,121.7
DN00131,2026-07,24.7,25.7,120.8
DN00131,2026-08,25.7,25.0,121.6
DN00131,2026-09,24.3,24.3,121.6
DN00131,2026-10,30.9,32.0,120.5
DN00131,2026-11,27.0,27.3,120.1
DN00131,2026-12,23.9,23.6,120.4
DN00132,2026-01,103.6,101.4,827.7
DN00132,2026-02,78.2,71.8,834.2
DN00132,2026-03,113.5,128.9,818.8
DN00132,2026-04,151.6,138.0,832.3
DN00132,2026-05,143.5,148.4,827.4
DN00132,2026-06,156.6,165.9,818.1
DN00132,2026-07,150.8,155.1,813.9
DN00132,2026-08,124.2,122.5,815.6
DN00132,2026-09,115.7,119.0,812.2
DN00132,2026-10,141.4,136.5,817.0
DN00132,2026-11,177.9,186.2,808.8
DN00132,2026-12,214.0,211.6,811.2
DN00133,2026-01,51.9,50.8,109.7
DN00133,2026-02,54.0,53.3,110.4
DN00133,2026-03,43.8,43.1,111.0
DN00133,2026-04,60.8,61.7,110.2
DN00133,2026-05,55.3,52.1,113.4
DN00133,2026-06,46.5,46.9,112.9
DN00133,2026-07,69.1,71.8,110.2
DN00133,2026-08,62.4,62.7,109.9
DN00133,2026-09,60.6,65.5,104.9
DN00133,2026-10,63.4,61.0,107.4
DN00133,2026-11,74.2,73.4,108.2
DN00133,2026-12,90.4,87.0,111.6
DN00134,2026-01,160.0,163.7,21.1
DN00134,2026-02,101.5,100.9,21.7
DN00134,2026-03,141.6,136.7,26.6
DN00134,2026-04,148.7,135.0,40.4
DN00134,2026-05,144.0,139.9,44.5
DN00134,2026-06,141.9,113.2,73.2
DN00134,2026-07,130.3,121.1,82.4
DN00134,2026-08,136.6,136.8,82.1
DN00134,2026-09,154.1,150.3,85.9
DN00134,2026-10,153.8,156.7,83.1
DN00134,2026-11,160.5,153.3,90.3
DN00134,2026-12,161.0,151.0,100.3
DN00135,2026-01,111.5,126.2,263.5
DN00135,2026-02,110.2,114.6,259.2
DN00135,2026-03,113.5,112.3,260.4
DN00135,2026-04,96.4,102.2,254.6
DN00135,2026-05,116.4,111.8,259.1
DN00135,2026-06,98.4,97.6,259.9
DN00135,2026-07,103.8,99.1,264.7
DN00135,2026-08,105.2,104.3,265.6
DN00135,2026-09,109.1,114.3,260.4
DN00135,2026-10,92.3,93.9,258.8
DN00135,2026-11,102.1,112.8,248.1
DN00135,2026-12,109.7,112.4,245.4
DN00136,2026-01,21.1,21.6,66.0
DN00136,2026-02,14.2,13.3,66.9
DN00136,2026-03,23.8,22.2,68.5
DN00136,2026-04,26.2,25.4,69.4
DN00136,2026-05,28.1,30.2,67.3
DN00136,2026-06,20.2,19.8,67.7
DN00136,2026-07,22.5,25.5,64.7
DN00136,2026-08,23.8,23.4,65.0
DN00136,2026-09,20.7,20.4,65.3
DN00136,2026-10,29.5,27.9,66.8
DN00136,2026-11,22.4,20.9,68.2
DN00136,2026-12,24.2,22.7,69.7
DN00137,2026-01,136.6,133.9,47.2
DN00137,2026-02,114.0,100.5,60.7
DN00137,2026-03,132.0,135.6,57.0
DN00137,2026-04,112.6,100.3,69.3
DN00137,2026-05,134.8,133.5,70.6
DN00137,2026-06,124.1,130.7,64.1
DN00137,2026-07,116.4,119.3,61.1
DN00137,2026-08,144.9,149.6,56.4
DN00137,2026-09,152.1,148.0,60.5
DN00137,2026-10,140.6,134.0,67.1
DN00137,2026-11,148.1,151.7,63.6
DN00137,2026-12,191.6,192.7,62.5
DN00138,2026-01,200.4,169.4,104.0
DN00138,2026-02,167.7,140.5,131.2
DN00138,2026-03,230.2,207.4,154.1
DN00138,2026-04,262.6,271.4,145.3
DN00138,2026-05,290.0,265.5,169.8
DN00138,2026-06,307.7,308.3,169.3
DN00138,2026-07,285.9,287.5,167.7
DN00138,2026-08,263.8,249.7,181.8
DN00138,2026-09,234.5,220.3,196.0
DN00138,2026-10,265.0,274.0,187.0
DN00138,2026-11,289.0,250.5,225.5
DN00138,2026-12,280.4,274.5,231.5
DN00139,2026-01,23.7,23.5,10.7
DN00139,2026-02,23.3,24.7,9.3
DN00139,2026-03,15.9,18.2,7.0
DN00139,2026-04,22.5,21.8,7.8
DN00139,2026-05,17.0,14.6,10.2
DN00139,2026-06,18.0,17.9,10.3
DN00139,2026-07,19.8,19.7,10.5
DN00139,2026-08,17.8,17.2,11.1
DN00139,2026-09,16.6,17.2,10.5
DN00139,2026-10,17.9,19.2,9.2
DN00139,2026-11,22.3,21.7,9.8
DN00139,2026-12,15.1,15.4,9.5
DN00140,2026-01,100.3,106.8,44.1
DN00140,2026-02,106.9,113.2,37.8
DN00140,2026-03,106.9,111.0,33.7
DN00140,2026-04,99.3,99.2,33.8
DN00140,2026-05,115.2,123.8,25.1
DN00140,2026-06,97.4,97.0,25.6
DN00140,2026-07,92.4,86.7,31.2
DN00140,2026-08,94.9,95.3,30.8
DN00140,2026-09,111.7,120.5,22.0
DN00140,2026-10,89.4,85.0,26.4
DN00140,2026-11,93.5,93.1,26.8
DN00140,2026-12,82.1,76.7,32.1
DN00141,2026-01,40963.5,37223.4,32991.0
DN00141,2026-02,44344.7,45713.8,31621.9
DN00141,2026-03,42743.2,39282.1,35083.0
DN00141,2026-04,46792.6,41219.8,40655.8
DN00141,2026-05,52984.7,48109.1,45531.5
DN00141,2026-06,57273.2,55692.9,47111.8
DN00141,2026-07,40215.6,35552.0,51775.4
DN00141,2026-08,41857.9,34123.4,59509.9
DN00141,2026-09,46875.6,44888.9,61496.6
DN00141,2026-10,44369.5,41376.2,64489.9
DN00141,2026-11,49055.5,48464.8,65080.6
DN00141,2026-12,47909.3,48721.1,64268.8
DN00142,2026-01,429.5,451.3,1189.7
DN00142,2026-02,290.5,294.6,1185.6
DN00142,2026-03,403.5,401.9,1187.2
DN00142,2026-04,473.0,494.9,1165.3
DN00142,2026-05,521.7,466.0,1221.0
DN00142,2026-06,384.7,378.7,1227.0
DN00142,2026-07,369.5,332.9,1263.6
DN00142,2026-08,318.9,349.3,1233.1
DN00142,2026-09,431.9,418.6,1246.4
DN00142,2026-10,469.6,444.7,1271.3
DN00142,2026-11,479.0,538.1,1212.2
DN00142,2026-12,632.2,584.8,1259.6
DN00143,2026-01,120.7,113.3,29.1
DN00143,2026-02,115.8,118.1,26.9
DN00143,2026-03,118.3,114.0,31.1
DN00143,2026-04,146.1,150.6,26.7
DN00143,2026-05,117.8,119.0,25.5
DN00143,2026-06,124.9,138.5,11.9
DN00143,2026-07,123.5,116.3,19.1
DN00143,2026-08,105.8,112.8,12.1
DN00143,2026-09,99.7,102.1,9.6
DN00143,2026-10,116.9,115.3,11.3
DN00143,2026-11,117.8,121.2,7.8
DN00143,2026-12,119.2,104.0,23.0
DN00144,2026-01,27.6,31.3,5.7
DN00144,2026-02,17.0,16.4,6.2
DN00144,2026-03,20.6,22.0,4.7
DN00144,2026-04,25.7,27.8,2.6
DN00144,2026-05,29.1,31.5,0.2
DN00144,2026-06,29.0,26.7,2.6
DN00144,2026-07,17.4,18.6,1.4
DN00144,2026-08,21.4,20.4,2.3
DN00144,2026-09,26.3,25.2,3.4
DN00144,2026-10,24.6,23.7,4.3
DN00144,2026-11,27.6,31.8,0.1
DN00144,2026-12,32.4,28.3,4.2
DN00145,2026-01,27.6,26.3,67.1
DN00145,2026-02,23.6,22.5,68.1
DN00145,2026-03,41.6,39.5,70.2
DN00145,2026-04,44.1,45.6,68.7
DN00145,2026-05,56.6,48.3,77.1
DN00145,2026-06,43.8,46.0,74.9
DN00145,2026-07,43.6,47.6,70.9
DN00145,2026-08,43.3,44.3,70.0
DN00145,2026-09,36.4,36.1,70.3
DN00145,2026-10,32.7,31.1,71.9
DN00145,2026-11,54.8,55.8,70.9
DN00145,2026-12,49.4,48.0,72.3
DN00146,2026-01,104.9,104.8,15.5
DN00146,2026-02,90.7,94.2,12.0
DN00146,2026-03,92.0,94.7,9.2
DN00146,2026-04,92.9,87.0,15.1
DN00146,2026-05,103.1,97.5,20.7
DN00146,2026-06,104.9,100.9,24.8
DN00146,2026-07,86.2,82.5,28.5
DN00146,2026-08,89.2,88.0,29.7
DN00146,2026-09,79.8,82.4,27.1
DN00146,2026-10,76.6,72.2,31.5
DN00146,2026-11,108.4,92.9,47.0
DN00146,2026-12,79.2,80.5,45.7
DN00147,2026-01,14.3,13.8,32.0
DN00147,2026-02,9.4,9.3,32.1
DN00147,2026-03,18.2,16.1,34.2
DN00147,2026-04,18.5,19.4,33.4
DN00147,2026-05,19.6,19.2,33.8
DN00147,2026-06,23.9,19.9,37.8
DN00147,2026-07,23.9,24.8,36.9
DN00147,2026-08,17.2,15.2,38.9
DN00147,2026-09,20.9,19.6,40.2
DN00147,2026-10,19.4,17.9,41.7
DN00147,2026-11,27.7,26.1,43.2
DN00147,2026-12,29.5,22.5,50.3
DN00148,2026-01,221.9,211.5,788.7
DN00148,2026-02,254.9,259.4,784.2
DN00148,2026-03,416.6,421.2,779.6
DN00148,2026-04,391.6,380.8,790.3
DN00148,2026-05,417.4,366.9,840.8
DN00148,2026-06,453.6,442.2,852.2
DN00148,2026-07,353.2,370.8,834.5
DN00148,2026-08,350.2,347.8,836.9
DN00148,2026-09,408.1,379.5,865.5
DN00148,2026-10,418.3,361.4,922.5
DN00148,2026-11,406.6,343.2,985.9
DN00148,2026-12,531.8,501.9,1015.8
DN00149,2026-01,111.8,107.9,108.8
DN00149,2026-02,145.8,134.3,120.2
DN00149,2026-03,118.6,118.1,120.7
DN00149,2026-04,105.4,103.0,123.1
DN00149,2026-05,118.2,106.7,134.6
DN00149,2026-06,121.1,103.8,151.8
DN00149,2026-07,122.8,118.4,156.2
DN00149,2026-08,122.7,123.0,155.9
DN00149,2026-09,115.3,105.0,166.1
DN00149,2026-10,128.5,135.7,158.9
DN00149,2026-11,127.2,122.1,164.0
DN00149,2026-12,120.7,116.8,167.9
DN00150,2026-01,227.7,255.1,198.0
DN00150,2026-02,255.6,297.6,156.0
DN00150,2026-03,203.6,179.2,180.4
DN00150,2026-04,308.4,297.1,191.7
DN00150,2026-05,305.5,286.6,210.6
DN00150,2026-06,277.0,290.5,197.2
DN00150,2026-07,270.8,285.8,182.1
DN00150,2026-08,259.3,243.8,197.6
DN00150,2026-09,283.0,266.2,214.4
DN00150,2026-10,305.2,305.3,214.4
DN00150,2026-11,298.5,261.5,251.4
DN00150,2026-12,368.2,388.5,231.0
DN00151,2026-01,65.9,68.1,8.2
DN00151,2026-02,55.4,49.1,14.5
DN00151,2026-03,54.6,61.3,7.8
DN00151,2026-04,58.7,57.7,8.8
DN00151,2026-05,62.0,53.9,17.0
DN00151,2026-06,56.5,55.5,18.0
DN00151,2026-07,57.9,58.2,17.6
DN00151,2026-08,64.6,67.6,14.6
DN00151,2026-09,53.3,54.1,13.9
DN00151,2026-10,48.0,49.1,12.8
DN00151,2026-11,53.1,55.5,10.4
DN00151,2026-12,55.3,56.2,9.5
DN00152,2026-01,2544.1,2344.1,5351.2
DN00152,2026-02,2671.8,2358.1,5665.0
DN00152,2026-03,3243.3,2811.0,6097.2
DN00152,2026-04,4041.3,4037.7,6100.8
DN00152,2026-05,4036.5,4587.4,5549.9
DN00152,2026-06,5586.6,5477.8,5658.7
DN00152,2026-07,3684.2,3831.4,5511.5
DN00152,2026-08,4568.7,4300.9,5779.3
DN00152,2026-09,3607.5,3572.5,5814.3
DN00152,2026-10,4961.8,5028.7,5747.4
DN00152,2026-11,4372.2,4609.0,5510.6
DN00152,2026-12,5145.1,4922.6,5733.0
DN00153,2026-01,249.4,246.7,193.6
DN00153,2026-02,248.1,249.5,192.2
DN00153,2026-03,293.2,275.8,209.6
DN00153,2026-04,276.0,296.2,189.4
DN00153,2026-05,305.9,294.3,201.0
DN00153,2026-06,262.4,265.8,197.7
DN00153,2026-07,191.4,198.4,190.7
DN00153,2026-08,237.5,239.3,188.9
DN00153,2026-09,223.4,227.1,185.2
DN00153,2026-10,254.3,253.7,185.9
DN00153,2026-11,254.0,274.5,165.4
DN00153,2026-12,281.8,278.7,168.4
DN00154,2026-01,47.9,45.7,41.3
DN00154,2026-02,37.4,34.5,44.1
DN00154,2026-03,46.4,45.8,44.7
DN00154,2026-04,47.8,49.1,43.5
DN00154,2026-05,68.6,70.5,41.6
DN00154,2026-06,45.4,44.2,42.9
DN00154,2026-07,64.2,70.2,36.9
DN00154,2026-08,55.4,54.9,37.3
DN00154,2026-09,61.5,54.3,44.5
DN00154,2026-10,46.1,46.7,43.9
DN00154,2026-11,68.0,72.5,39.5
DN00154,2026-12,76.7,72.5,43.7
DN00155,2026-01,50.1,50.8,40.6
DN00155,2026-02,52.3,49.8,43.1
DN00155,2026-03,51.8,49.2,45.8
DN00155,2026-04,54.3,50.2,49.9
DN00155,2026-05,71.8,64.9,56.7
DN00155,2026-06,42.3,41.6,57.4
DN00155,2026-07,54.5,50.4,61.4
DN00155,2026-08,54.7,53.2,63.0
DN00155,2026-09,54.1,54.6,62.5
DN00155,2026-10,58.9,53.7,67.7
DN00155,2026-11,76.3,80.2,63.7
DN00155,2026-12,72.9,72.1,64.5
DN00156,2026-01,48.7,46.6,57.8
DN00156,2026-02,33.7,31.3,60.2
DN00156,2026-03,40.9,39.9,61.2
DN00156,2026-04,52.9,47.4,66.7
DN00156,2026-05,57.3,58.7,65.3
DN00156,2026-06,46.2,44.4,67.1
DN00156,2026-07,48.6,46.5,69.2
DN00156,2026-08,42.4,42.5,69.1
DN00156,2026-09,50.5,46.3,73.4
DN00156,2026-10,56.2,52.2,77.4
DN00156,2026-11,56.6,50.3,83.7
DN00156,2026-12,54.6,53.8,84.4
DN00157,2026-01,19.3,21.1,626.1
DN00157,2026-02,21.6,22.5,625.2
DN00157,2026-03,25.6,25.0,625.8
DN00157,2026-04,34.2,34.1,625.8
DN00157,2026-05,27.7,26.3,627.2
DN00157,2026-06,37.9,41.7,623.4
DN00157,2026-07,32.2,30.8,624.7
DN00157,2026-08,36.4,38.0,623.2
DN00157,2026-09,30.3,31.1,622.4
DN00157,2026-10,39.6,38.5,623.5
DN00157,2026-11,40.9,39.5,625.0
DN00157,2026-12,48.0,52.0,621.0
DN00158,2026-01,38.6,34.3,244.0
DN00158,2026-02,36.1,37.0,243.1
DN00158,2026-03,53.4,55.1,241.4
DN00158,2026-04,53.1,52.1,242.4
DN00158,2026-05,59.5,59.7,242.2
DN00158,2026-06,51.7,52.0,241.8
DN00158,2026-07,59.4,58.1,243.1
DN00158,2026-08,61.6,58.0,246.8
DN00158,2026-09,55.3,56.3,245.8
DN00158,2026-10,59.3,58.3,246.9
DN00158,2026-11,69.9,68.2,248.5
DN00158,2026-12,96.2,92.2,252.5
DN00159,2026-01,479.4,484.1,86.8
DN00159,2026-02,465.4,472.1,80.1
DN00159,2026-03,439.4,428.6,90.9
DN00159,2026-04,406.5,396.1,101.4
DN00159,2026-05,512.7,500.8,113.3
DN00159,2026-06,451.8,416.7,148.5
DN00159,2026-07,569.3,603.6,114.1
DN00159,2026-08,570.2,608.9,75.4
DN00159,2026-09,514.5,506.6,83.2
DN00159,2026-10,569.4,537.9,114.7
DN00159,2026-11,625.9,569.0,171.6
DN00159,2026-12,606.1,591.1,186.6
DN00160,2026-01,2595.7,2490.4,9710.6
DN00160,2026-02,2349.0,2625.0,9434.6
DN00160,2026-03,2402.9,2285.7,9551.7
DN00160,2026-04,2864.3,3081.7,9334.3
DN00160,2026-05,2720.4,2776.2,9278.5
DN00160,2026-06,3094.0,3463.3,8909.2
DN00160,2026-07,2497.1,2590.4,8816.0
DN00160,2026-08,3225.9,3068.1,8973.7
DN00160,2026-09,3161.8,3459.2,8676.3
DN00160,2026-10,3268.8,3409.1,8536.0
DN00160,2026-11,2583.3,2561.7,8557.5
DN00160,2026-12,3163.4,3412.9,8308.0
DN00161,2026-01,626.7,610.6,236.7
DN00161,2026-02,667.5,630.9,273.3
DN00161,2026-03,660.6,612.4,321.6
DN00161,2026-04,730.2,642.9,408.9
DN00161,2026-05,684.9,624.7,469.0
DN00161,2026-06,720.0,708.6,480.5
DN00161,2026-07,761.2,641.1,600.6
DN00161,2026-08,617.7,627.9,590.4
DN00161,2026-09,659.0,671.3,578.1
DN00161,2026-10,649.3,697.4,530.0
DN00161,2026-11,632.5,710.7,451.8
DN00161,2026-12,644.4,609.5,486.6
DN00162,2026-01,884.8,823.5,1451.3
DN00162,2026-02,638.6,640.9,1449.1
DN00162,2026-03,797.5,834.9,1411.6
DN00162,2026-04,897.9,923.8,1385.6
DN00162,2026-05,1277.3,1349.0,1313.9
DN00162,2026-06,1008.4,963.6,1358.7
DN00162,2026-07,906.3,975.3,1289.7
DN00162,2026-08,954.2,976.9,1267.0
DN00162,2026-09,873.4,949.6,1190.8
DN00162,2026-10,1017.6,979.9,1228.6
DN00162,2026-11,1113.6,1114.3,1227.9
DN00162,2026-12,789.8,776.5,1241.1
DN00163,2026-01,30.0,27.2,42.3
DN00163,2026-02,32.9,31.4,43.8
DN00163,2026-03,31.6,29.4,46.0
DN00163,2026-04,33.9,30.8,49.1
DN00163,2026-05,33.1,32.9,49.3
DN00163,2026-06,29.5,26.6,52.3
DN00163,2026-07,25.9,26.7,51.4
DN00163,2026-08,30.7,27.7,54.4
DN00163,2026-09,36.0,31.4,59.0
DN00163,2026-10,35.0,32.8,61.2
DN00163,2026-11,32.3,32.5,61.0
DN00163,2026-12,36.7,33.8,63.9
DN00164,2026-01,794.3,725.0,1405.5
DN00164,2026-02,673.7,679.0,1400.2
DN00164,2026-03,910.8,839.9,1471.1
DN00164,2026-04,865.7,753.1,1583.8
DN00164,2026-05,886.7,900.1,1570.4
DN00164,2026-06,871.7,746.6,1695.5
DN00164,2026-07,720.8,724.2,1692.0
DN00164,2026-08,799.5,769.7,1721.8
DN00164,2026-09,778.9,729.3,1771.4
DN00164,2026-10,1044.6,987.9,1828.0
DN00164,2026-11,1033.5,868.7,1992.8
DN00164,2026-12,974.8,911.6,2056.0
DN00165,2026-01,98.8,95.4,27.1
DN00165,2026-02,78.3,77.6,27.7
DN00165,2026-03,91.2,79.4,39.5
DN00165,2026-04,84.8,89.6,34.7
DN00165,2026-05,110.9,110.0,35.7
DN00165,2026-06,97.4,102.1,30.9
DN00165,2026-07,98.0,88.0,40.9
DN00165,2026-08,105.2,95.3,50.9
DN00165,2026-09,111.5,108.2,54.1
DN00165,2026-10,110.4,114.8,49.7
DN00165,2026-11,101.2,91.4,59.4
DN00165,2026-12,118.9,119.6,58.7
DN00166,2026-01,48.0,52.6,59.4
DN00166,2026-02,49.4,46.5,62.3
DN00166,2026-03,62.2,59.7,64.8
DN00166,2026-04,63.5,62.0,66.3
DN00166,2026-05,82.3,85.0,63.5
DN00166,2026-06,80.8,80.0,64.3
DN00166,2026-07,70.6,66.3,68.6
DN00166,2026-08,60.5,56.6,72.5
DN00166,2026-09,75.3,64.6,83.2
DN00166,2026-10,67.1,55.7,94.5
DN00166,2026-11,82.6,79.7,97.4
DN00166,2026-12,108.8,102.9,103.3
DN00167,2026-01,166.6,155.7,115.9
DN00167,2026-02,137.8,141.4,112.3
DN00167,2026-03,122.3,119.4,115.1
DN00167,2026-04,121.5,111.6,125.1
DN00167,2026-05,159.8,155.6,129.3
DN00167,2026-06,108.2,105.1,132.4
DN00167,2026-07,152.7,139.9,145.2
DN00167,2026-08,115.4,109.0,151.6
DN00167,2026-09,156.7,157.2,151.1
DN00167,2026-10,131.6,132.5,150.1
DN00167,2026-11,186.0,194.2,141.9
DN00167,2026-12,150.8,157.1,135.6
DN00168,2026-01,4.5,4.5,14.1
DN00168,2026-02,4.5,5.0,13.7
DN00168,2026-03,4.3,4.8,13.1
DN00168,2026-04,4.1,3.8,13.4
DN00168,2026-05,4.8,5.5,12.7
DN00168,2026-06,4.5,4.8,12.4
DN00168,2026-07,5.6,5.9,12.0
DN00168,2026-08,4.2,4.3,11.9
DN00168,2026-09,4.0,4.1,11.8
DN00168,2026-10,5.6,6.0,11.4
DN00168,2026-11,4.0,4.1,11.4
DN00168,2026-12,5.4,5.5,11.2
DN00169,2026-01,715.2,679.0,1126.5
DN00169,2026-02,924.7,872.0,1179.1
DN00169,2026-03,917.3,893.3,1203.1
DN00169,2026-04,751.9,782.8,1172.2
DN00169,2026-05,847.5,894.7,1125.0
DN00169,2026-06,1007.7,892.0,1240.8
DN00169,2026-07,852.4,866.2,1226.9
DN00169,2026-08,856.4,766.6,1316.8
DN00169,2026-09,839.4,850.0,1306.1
DN00169,2026-10,944.9,888.6,1362.4
DN00169,2026-11,724.0,770.9,1315.5
DN00169,2026-12,958.4,989.6,1284.3
DN00170,2026-01,150.3,136.8,793.1
DN00170,2026-02,126.7,116.3,803.5
DN00170,2026-03,142.6,132.8,813.2
DN00170,2026-04,117.2,123.5,806.9
DN00170,2026-05,125.0,114.9,817.0
DN00170,2026-06,181.9,194.7,804.3
DN00170,2026-07,135.2,120.4,819.1
DN00170,2026-08,133.6,118.8,833.9
DN00170,2026-09,116.9,111.1,839.7
DN00170,2026-10,161.0,164.5,836.2
DN00170,2026-11,157.2,154.5,838.8
DN00170,2026-12,140.0,150.0,828.8
DN00171,2026-01,11968.7,12434.4,28179.9
DN00171,2026-02,16507.9,17172.4,27515.3
DN00171,2026-03,11885.8,11367.8,28033.3
DN00171,2026-04,11849.6,11269.3,28613.6
DN00171,2026-05,16026.3,15104.7,29535.1
DN00171,2026-06,11959.2,11034.7,30459.6
DN00171,2026-07,14210.7,13679.3,30991.0
DN00171,2026-08,11168.9,10787.1,31372.9
DN00171,2026-09,12071.7,11906.2,31538.4
DN00171,2026-10,12073.7,10548.9,33063.2
DN00171,2026-11,13477.0,12519.8,34020.3
DN00171,2026-12,12490.9,13320.9,33190.3
DN00172,2026-01,32.5,34.7,72.0
DN00172,2026-02,43.0,45.5,69.5
DN00172,2026-03,41.7,43.4,67.8
DN00172,2026-04,30.2,29.0,69.0
DN00172,2026-05,29.5,29.5,69.1
DN00172,2026-06,32.4,33.1,68.4
DN00172,2026-07,40.1,41.1,67.3
DN00172,2026-08,49.5,54.0,62.7
DN00172,2026-09,41.5,44.2,60.0
DN00172,2026-10,43.8,46.7,57.0
DN00172,2026-11,41.3,44.6,53.6
DN00172,2026-12,31.4,30.5,54.5
DN00173,2026-01,902.5,876.4,872.2
DN00173,2026-02,788.1,729.7,930.6
DN00173,2026-03,1007.2,911.8,1025.9
DN00173,2026-04,996.2,1096.2,925.9
DN00173,2026-05,888.2,868.8,945.3
DN00173,2026-06,896.2,856.0,985.5
DN00173,2026-07,797.4,792.6,990.2
DN00173,2026-08,892.9,882.0,1001.1
DN00173,2026-09,1065.3,1013.9,1052.5
DN00173,2026-10,822.1,765.0,1109.6
DN00173,2026-11,1151.2,1100.7,1160.2
DN00173,2026-12,740.6,772.0,1128.7
DN00174,2026-01,154.5,161.1,121.5
DN00174,2026-02,108.9,114.7,115.8
DN00174,2026-03,139.3,124.8,130.3
DN00174,2026-04,134.0,145.6,118.7
DN00174,2026-05,164.9,169.4,114.2
DN00174,2026-06,106.2,111.8,108.6
DN00174,2026-07,128.9,121.7,115.8
DN00174,2026-08,134.7,132.0,118.6
DN00174,2026-09,155.4,161.4,112.6
DN00174,2026-10,147.5,154.9,105.2
DN00174,2026-11,166.4,152.5,119.2
DN00174,2026-12,151.3,157.2,113.3
DN00175,2026-01,63.8,67.7,30.1
DN00175,2026-02,65.5,66.3,29.3
DN00175,2026-03,58.8,56.3,31.8
DN00175,2026-04,55.3,52.9,34.2
DN00175,2026-05,70.4,64.1,40.5
DN00175,2026-06,60.6,59.5,41.6
DN00175,2026-07,55.3,57.0,39.9
DN00175,2026-08,67.8,62.6,45.1
DN00175,2026-09,70.0,72.2,42.9
DN00175,2026-10,55.5,53.2,45.2
DN00175,2026-11,64.7,66.4,43.4
DN00175,2026-12,82.0,86.2,39.3
DN00176,2026-01,327.8,293.6,150.2
DN00176,2026-02,223.0,245.0,128.3
DN00176,2026-03,203.8,167.5,164.5
DN00176,2026-04,293.2,274.1,183.6
DN00176,2026-05,259.7,248.1,195.3
DN00176,2026-06,268.2,233.4,230.0
DN00176,2026-07,242.5,220.8,251.7
DN00176,2026-08,309.1,305.3,255.5
DN00176,2026-09,245.2,217.8,282.8
DN00176,2026-10,298.0,285.4,295.4
DN00176,2026-11,243.3,227.6,311.2
DN00176,2026-12,352.5,357.8,305.9
DN00177,2026-01,11.0,11.7,5.3
DN00177,2026-02,9.8,9.5,5.6
DN00177,2026-03,13.0,12.9,5.7
DN00177,2026-04,11.9,11.3,6.3
DN00177,2026-05,8.5,8.2,6.6
DN00177,2026-06,9.4,8.8,7.2
DN00177,2026-07,10.1,9.9,7.4
DN00177,2026-08,10.2,10.6,6.9
DN00177,2026-09,9.4,9.2,7.1
DN00177,2026-10,10.4,10.3,7.3
DN00177,2026-11,11.4,10.8,7.9
DN00177,2026-12,10.4,11.1,7.3
DN00178,2026-01,49.9,50.1,21.1
DN00178,2026-02,35.6,33.9,22.8
DN00178,2026-03,56.9,60.0,19.7
DN00178,2026-04,47.4,50.7,16.4
DN00178,2026-05,43.5,44.0,15.9
DN00178,2026-06,43.1,43.7,15.3
DN00178,2026-07,62.4,66.0,11.8
DN00178,2026-08,58.5,57.6,12.7
DN00178,2026-09,56.1,51.2,17.6
DN00178,2026-10,57.2,58.5,16.4
DN00178,2026-11,47.8,48.1,16.1
DN00178,2026-12,63.6,64.8,14.8
DN00179,2026-01,141.1,141.3,35.2
DN00179,2026-02,92.1,77.9,49.4
DN00179,2026-03,90.8,97.9,42.3
DN00179,2026-04,93.8,91.6,44.6
DN00179,2026-05,108.6,110.8,42.3
DN00179,2026-06,81.8,68.6,55.5
DN00179,2026-07,132.4,140.1,47.8
DN00179,2026-08,121.7,125.4,44.1
DN00179,2026-09,126.9,116.8,54.2
DN00179,2026-10,110.3,115.4,49.2
DN00179,2026-11,93.4,100.6,41.9
DN00179,2026-12,105.0,103.1,43.8
DN00180,2026-01,744.1,673.8,711.0
DN00180,2026-02,540.8,562.1,689.7
DN00180,2026-03,710.8,686.0,714.5
DN00180,2026-04,732.3,619.7,827.1
DN00180,2026-05,619.8,699.0,747.9
DN00180,2026-06,586.1,566.2,767.7
DN00180,2026-07,615.1,632.8,750.1
DN00180,2026-08,681.1,657.3,773.9
DN00180,2026-09,546.3,569.1,751.1
DN00180,2026-10,699.9,640.1,810.9
DN00180,2026-11,876.5,768.5,918.9
DN00180,2026-12,958.2,953.3,923.7
DN00181,2026-01,33.9,31.6,14.8
DN00181,2026-02,24.7,24.4,15.1
DN00181,2026-03,27.5,28.5,14.1
DN00181,2026-04,37.7,37.8,13.9
DN00181,2026-05,43.1,43.2,13.8
DN00181,2026-06,29.2,30.1,12.9
DN00181,2026-07,36.4,35.2,14.2
DN00181,2026-08,40.7,34.7,20.1
DN00181,2026-09,35.6,30.9,24.8
DN00181,2026-10,38.3,34.7,28.4
DN00181,2026-11,43.2,35.1,36.4
DN00181,2026-12,42.5,40.5,38.4
DN00182,2026-01,80.0,77.1,66.1
DN00182,2026-02,80.8,83.6,63.4
DN00182,2026-03,84.4,83.7,64.1
DN00182,2026-04,105.5,111.6,58.0
DN00182,2026-05,116.1,109.5,64.6
DN00182,2026-06,102.5,101.0,66.1
DN00182,2026-07,110.0,104.8,71.3
DN00182,2026-08,87.8,82.7,76.4
DN00182,2026-09,130.6,126.3,80.7
DN00182,2026-10,113.1,125.4,68.3
DN00182,2026-11,154.7,157.4,65.7
DN00182,2026-12,134.7,127.4,73.0
DN00183,2026-01,1076.3,1155.8,1989.3
DN00183,2026-02,1068.6,1062.3,1995.6
DN00183,2026-03,996.1,942.4,2049.3
DN00183,2026-04,1015.6,975.7,2089.2
DN00183,2026-05,1258.0,1329.9,2017.2
DN00183,2026-06,937.6,956.3,1998.6
DN00183,2026-07,1102.5,1111.0,1990.1
DN00183,2026-08,1203.5,1253.9,1939.7
DN00183,2026-09,1117.5,1274.3,1782.9
DN00183,2026-10,1208.3,1081.2,1910.0
DN00183,2026-11,1248.3,1276.1,1882.2
DN00183,2026-12,1800.6,1838.8,1844.0
DN00184,2026-01,120.9,122.1,70.8
DN00184,2026-02,62.4,61.7,71.6
DN00184,2026-03,97.9,85.7,83.8
DN00184,2026-04,98.8,99.5,83.1
DN00184,2026-05,112.9,112.0,84.0
DN00184,2026-06,89.5,84.6,89.0
DN00184,2026-07,88.2,87.1,90.1
DN00184,2026-08,96.9,90.9,96.1
DN00184,2026-09,112.4,112.4,96.2
DN00184,2026-10,112.1,111.0,97.2
DN00184,2026-11,95.1,104.0,88.3
DN00184,2026-12,154.7,151.8,91.2
DN00185,2026-01,227.6,208.1,1095.4
DN00185,2026-02,168.2,175.8,1087.8
DN00185,2026-03,229.2,197.0,1120.0
DN00185,2026-04,309.9,296.1,1133.8
DN00185,2026-05,353.1,394.3,1092.5
DN00185,2026-06,286.0,272.4,1106.0
DN00185,2026-07,272.8,279.0,1099.9
DN00185,2026-08,278.7,270.6,1108.0
DN00185,2026-09,283.4,273.8,1117.6
DN00185,2026-10,326.3,314.3,1129.5
DN00185,2026-11,295.4,259.6,1165.2
DN00185,2026-12,381.2,361.0,1185.4
DN00186,2026-01,1006.1,1002.0,833.5
DN00186,2026-02,853.2,895.0,791.7
DN00186,2026-03,914.4,859.1,846.9
DN00186,2026-04,1008.6,986.1,869.4
DN00186,2026-05,1012.2,948.3,933.4
DN00186,2026-06,962.8,949.3,946.9
DN00186,2026-07,750.6,724.4,973.2
DN00186,2026-08,855.9,924.9,904.2
DN00186,2026-09,916.1,995.2,825.2
DN00186,2026-10,895.0,931.4,788.7
DN00186,2026-11,1166.7,1105.7,849.7
DN00186,2026-12,995.6,974.2,871.1
DN00187,2026-01,13.6,13.0,55.4
DN00187,2026-02,11.1,11.9,54.6
DN00187,2026-03,12.8,12.7,54.7
DN00187,2026-04,14.9,13.8,55.9
DN00187,2026-05,15.3,14.4,56.7
DN00187,2026-06,16.6,17.5,55.8
DN00187,2026-07,16.7,15.7,56.8
DN00187,2026-08,14.9,15.3,56.4
DN00187,2026-09,16.0,17.2,55.2
DN00187,2026-10,15.8,14.4,56.6
DN00187,2026-11,15.3,16.4,55.5
DN00187,2026-12,16.8,16.5,55.8
DN00188,2026-01,157.2,152.7,20.8
DN00188,2026-02,131.4,125.5,26.7
DN00188,2026-03,151.4,151.2,26.8
DN00188,2026-04,126.6,114.3,39.0
DN00188,2026-05,133.4,126.4,46.1
DN00188,2026-06,125.7,134.3,37.4
DN00188,2026-07,136.3,123.6,50.1
DN00188,2026-08,128.5,118.8,59.8
DN00188,2026-09,104.1,97.7,66.2
DN00188,2026-10,131.5,123.1,74.5
DN00188,2026-11,111.9,108.6,77.8
DN00188,2026-12,129.8,107.3,100.3
DN00189,2026-01,230.9,212.2,232.0
DN00189,2026-02,185.1,162.1,254.9
DN00189,2026-03,191.0,176.6,269.3
DN00189,2026-04,252.4,250.6,271.1
DN00189,2026-05,264.2,257.3,278.0
DN00189,2026-06,191.1,173.5,295.5
DN00189,2026-07,219.6,210.5,304.6
DN00189,2026-08,214.3,214.4,304.5
DN00189,2026-09,316.0,310.3,310.3
DN00189,2026-10,266.4,261.1,315.6
DN00189,2026-11,255.1,226.4,344.2
DN00189,2026-12,239.4,253.4,330.1
DN00190,2026-01,59.8,58.6,46.5
DN00190,2026-02,83.9,80.9,49.5
DN00190,2026-03,69.9,67.0,52.4
DN00190,2026-04,83.3,75.5,60.2
DN00190,2026-05,64.5,70.4,54.3
DN00190,2026-06,68.3,69.8,52.8
DN00190,2026-07,57.9,56.3,54.4
DN00190,2026-08,64.3,63.8,54.9
DN00190,2026-09,79.8,78.2,56.5
DN00190,2026-10,74.5,70.2,60.8
DN00190,2026-11,72.7,78.3,55.2
DN00190,2026-12,68.5,66.3,57.4
DN00191,2026-01,2065.7,1853.6,986.8
DN00191,2026-02,2653.7,2634.5,1006.0
DN00191,2026-03,2818.6,2564.2,1260.4
DN00191,2026-04,2018.0,2019.6,1258.7
DN00191,2026-05,2543.9,2668.2,1134.5
DN00191,2026-06,2602.6,2396.3,1340.8
DN00191,2026-07,1976.8,2059.5,1258.1
DN00191,2026-08,2501.3,2190.4,1569.0
DN00191,2026-09,2427.1,2250.9,1745.2
DN00191,2026-10,2536.2,2542.3,1739.1
DN00191,2026-11,2065.5,1941.5,1863.1
DN00191,2026-12,2726.3,2743.6,1845.7
DN00192,2026-01,99843.2,95588.3,60829.0
DN00192,2026-02,71623.4,76283.9,56168.5
DN00192,2026-03,109847.4,108886.1,57129.8
DN00192,2026-04,85129.8,76232.5,66027.1
DN00192,2026-05,89092.1,92307.1,62812.2
DN00192,2026-06,68490.3,67183.0,64119.5
DN00192,2026-07,95654.9,92785.5,66988.9
DN00192,2026-08,88134.1,80840.1,74282.9
DN00192,2026-09,77577.7,84983.9,66876.7
DN00192,2026-10,103391.1,106491.5,63776.3
DN00192,2026-11,104005.8,102486.6,65295.6
DN00192,2026-12,77753.0,75782.7,67265.9
DN00193,2026-01,25528.6,24706.1,13471.6
DN00193,2026-02,17757.7,16762.7,14466.6
DN00193,2026-03,17987.3,18455.8,13998.1
DN00193,2026-04,24012.1,26830.6,11179.6
DN00193,2026-05,22778.5,23281.7,10676.4
DN00193,2026-06,20062.5,18701.9,12037.1
DN00193,2026-07,28697.5,30084.2,10650.4
DN00193,2026-08,29314.3,28477.1,11487.7
DN00193,2026-09,27024.5,28071.2,10441.1
DN00193,2026-10,19395.7,19069.2,10767.5
DN00193,2026-11,26255.7,29692.7,7330.5
DN00193,2026-12,29612.9,26762.6,10180.8
DN00194,2026-01,362.9,365.8,481.8
DN00194,2026-02,347.7,330.7,498.8
DN00194,2026-03,277.0,278.1,497.7
DN00194,2026-04,313.7,301.9,509.5
DN00194,2026-05,320.2,286.8,543.0
DN00194,2026-06,296.6,281.2,558.3
DN00194,2026-07,277.4,266.5,569.2
DN00194,2026-08,253.9,254.3,568.8
DN00194,2026-09,316.1,309.2,575.7
DN00194,2026-10,281.8,249.9,607.6
DN00194,2026-11,342.7,312.9,637.4
DN00194,2026-12,302.5,284.6,655.4
DN00195,2026-01,560.6,587.4,232.3
DN00195,2026-02,361.5,361.0,232.8
DN00195,2026-03,463.1,449.9,246.0
DN00195,2026-04,467.2,488.7,224.5
DN00195,2026-05,514.0,484.4,254.1
DN00195,2026-06,653.1,602.0,305.2
DN00195,2026-07,644.6,652.4,297.4
DN00195,2026-08,609.5,619.3,287.6
DN00195,2026-09,578.0,626.2,239.4
DN00195,2026-10,537.5,546.4,230.5
DN00195,2026-11,760.5,723.1,268.0
DN00195,2026-12,628.4,601.0,295.4
DN00196,2026-01,25.8,28.7,44.7
DN00196,2026-02,22.2,20.7,46.1
DN00196,2026-03,29.3,29.1,46.3
DN00196,2026-04,34.9,34.5,46.8
DN00196,2026-05,36.0,35.3,47.4
DN00196,2026-06,32.0,29.4,50.0
DN00196,2026-07,30.9,27.8,53.1
DN00196,2026-08,35.4,34.2,54.2
DN00196,2026-09,29.4,32.0,51.7
DN00196,2026-10,40.3,39.7,52.2
DN00196,2026-11,34.4,38.4,48.3
DN00196,2026-12,36.9,36.1,49.1
DN00197,2026-01,1085.7,1046.4,1360.8
DN00197,2026-02,1529.2,1432.6,1457.4
DN00197,2026-03,1215.4,1133.5,1539.2
DN00197,2026-04,1181.5,1075.4,1645.3
DN00197,2026-05,949.2,1057.2,1537.4
DN00197,2026-06,1313.8,1367.0,1484.1
DN00197,2026-07,1360.8,1387.8,1457.1
DN00197,2026-08,1158.6,1072.1,1543.6
DN00197,2026-09,1076.0,1008.9,1610.6
DN00197,2026-10,1280.3,1291.0,1599.9
DN00197,2026-11,1406.2,1283.2,1722.9
DN00197,2026-12,1176.5,1096.5,1802.9
DN00198,2026-01,127.5,134.6,32.8
DN00198,2026-02,121.1,125.3,28.6
DN00198,2026-03,181.8,179.1,31.3
DN00198,2026-04,165.7,169.9,27.1
DN00198,2026-05,173.0,176.0,24.1
DN00198,2026-06,203.9,184.6,43.5
DN00198,2026-07,146.1,131.6,57.9
DN00198,2026-08,158.0,151.7,64.2
DN00198,2026-09,134.4,134.8,63.8
DN00198,2026-10,164.9,167.6,61.2
DN00198,2026-11,151.5,133.6,79.1
DN00198,2026-12,144.5,130.3,93.3
DN00199,2026-01,703.4,684.3,588.1
DN00199,2026-02,822.5,881.6,528.9
DN00199,2026-03,653.3,592.5,589.7
DN00199,2026-04,863.8,811.0,642.5
DN00199,2026-05,670.4,605.8,707.1
DN00199,2026-06,780.2,905.0,582.3
DN00199,2026-07,611.8,632.5,561.6
DN00199,2026-08,666.3,707.7,520.2
DN00199,2026-09,622.1,657.9,484.4
DN00199,2026-10,890.1,960.8,413.7
DN00199,2026-11,693.9,692.1,415.4
DN00199,2026-12,664.4,657.5,422.3
DN00200,2026-01,51.9,50.8,51.6
DN00200,2026-02,38.5,39.8,50.3
DN00200,2026-03,49.7,53.3,46.7
DN00200,2026-04,77.9,70.7,53.9
DN00200,2026-05,65.9,69.1,50.6
DN00200,2026-06,72.9,80.3,43.3
DN00200,2026-07,62.1,62.0,43.4
DN00200,2026-08,62.0,57.0,48.3
DN00200,2026-09,65.7,65.2,48.8
DN00200,2026-10,66.4,69.6,45.7
DN00200,2026-11,86.2,84.6,47.3
DN00200,2026-12,51.5,55.0,43.9
DN00201,2026-01,601.9,638.9,581.0
DN00201,2026-02,593.7,667.0,507.7
DN00201,2026-03,557.9,643.9,421.7
DN00201,2026-04,601.2,656.1,366.8
DN00201,2026-05,573.8,596.0,344.6
DN00201,2026-06,560.9,598.1,307.4
DN00201,2026-07,619.8,599.5,327.7
DN00201,2026-08,555.8,531.4,352.1
DN00201,2026-09,714.5,743.8,322.7
DN00201,2026-10,734.2,678.7,378.3
DN00201,2026-11,768.1,772.9,373.5
DN00201,2026-12,887.4,928.4,332.5
DN00202,2026-01,101.1,92.2,166.9
DN00202,2026-02,99.8,97.3,169.4
DN00202,2026-03,123.7,119.9,173.2
DN00202,2026-04,145.8,157.0,161.9
DN00202,2026-05,121.4,117.5,165.9
DN00202,2026-06,126.9,130.1,162.7
DN00202,2026-07,122.0,117.6,167.1
DN00202,2026-08,116.2,105.4,177.9
DN00202,2026-09,145.6,155.6,167.9
DN00202,2026-10,113.1,110.5,170.5
DN00202,2026-11,99.2,100.3,169.4
DN00202,2026-12,132.4,126.9,174.9
DN00203,2026-01,47.2,41.0,18.8
DN00203,2026-02,32.7,36.4,15.1
DN00203,2026-03,43.9,44.8,14.1
DN00203,2026-04,39.5,37.3,16.3
DN00203,2026-05,38.8,33.1,21.9
DN00203,2026-06,42.9,41.4,23.5
DN00203,2026-07,35.0,35.6,22.9
DN00203,2026-08,49.4,55.4,16.9
DN00203,2026-09,47.8,45.9,18.9
DN00203,2026-10,40.0,34.7,24.2
DN00203,2026-11,46.8,42.2,28.8
DN00203,2026-12,38.7,37.5,30.0
DN00204,2026-01,17.4,17.5,31.5
DN00204,2026-02,13.9,15.0,30.4
DN00204,2026-03,15.9,16.5,29.9
DN00204,2026-04,18.0,20.0,27.9
DN00204,2026-05,19.2,18.8,28.3
DN00204,2026-06,18.8,18.9,28.2
DN00204,2026-07,22.2,23.6,26.9
DN00204,2026-08,16.0,14.8,28.1
DN00204,2026-09,19.1,19.6,27.7
DN00204,2026-10,18.2,17.2,28.7
DN00204,2026-11,16.2,15.7,29.2
DN00204,2026-12,25.9,29.2,26.0
DN00205,2026-01,52.3,47.9,56.1
DN00205,2026-02,44.6,44.1,56.5
DN00205,2026-03,65.0,65.5,56.1
DN00205,2026-04,80.5,73.2,63.3
DN00205,2026-05,66.5,66.4,63.4
DN00205,2026-06,79.0,76.2,66.2
DN00205,2026-07,84.5,83.0,67.7
DN00205,2026-08,73.3,69.3,71.6
DN00205,2026-09,70.8,63.4,79.0
DN00205,2026-10,89.8,87.9,80.9
DN00205,2026-11,87.1,97.6,70.4
DN00205,2026-12,106.8,96.1,81.1
DN00206,2026-01,185.7,183.0,49.6
DN00206,2026-02,133.2,135.2,47.6
DN00206,2026-03,182.8,170.1,60.2
DN00206,2026-04,147.3,148.1,59.4
DN00206,2026-05,191.1,189.9,60.7
DN00206,2026-06,188.7,185.4,64.0
DN00206,2026-07,156.3,165.6,54.8
DN00206,2026-08,191.6,184.7,61.6
DN00206,2026-09,187.2,170.6,78.2
DN00206,2026-10,196.6,198.9,75.9
DN00206,2026-11,167.4,152.9,90.4
DN00206,2026-12,270.2,275.1,85.5
DN00207,2026-01,1969.6,1953.8,1877.2
DN00207,2026-02,2040.9,2122.4,1795.7
DN00207,2026-03,2286.2,2225.5,1856.5
DN00207,2026-04,1776.1,1698.0,1934.5
DN00207,2026-05,2000.6,2040.5,1894.7
DN00207,2026-06,2182.4,2247.8,1829.3
DN00207,2026-07,1974.6,2005.4,1798.5
DN00207,2026-08,2216.5,2139.6,1875.4
DN00207,2026-09,1801.8,1552.5,2124.7
DN00207,2026-10,2064.6,2198.0,1991.3
DN00207,2026-11,2666.5,2653.7,2004.1
DN00207,2026-12,1820.4,1718.5,2106.0
DN00208,2026-01,10.4,11.3,38.4
DN00208,2026-02,9.8,10.6,37.6
DN00208,2026-03,9.8,9.4,38.0
DN00208,2026-04,9.6,9.4,38.2
DN00208,2026-05,9.2,9.7,37.7
DN00208,2026-06,12.1,11.3,38.5
DN00208,2026-07,8.0,8.1,38.4
DN00208,2026-08,10.3,11.1,37.6
DN00208,2026-09,10.4,9.9,38.2
DN00208,2026-10,11.8,11.5,38.4
DN00208,2026-11,7.4,7.8,38.0
DN00208,2026-12,11.0,11.9,37.1
DN00209,2026-01,238.0,201.6,179.1
DN00209,2026-02,251.6,254.0,176.8
DN00209,2026-03,289.6,259.2,207.2
DN00209,2026-04,268.2,275.9,199.5
DN00209,2026-05,302.7,317.6,184.7
DN00209,2026-06,275.7,268.8,191.7
DN00209,2026-07,260.5,257.4,194.8
DN00209,2026-08,241.0,214.0,221.8
DN00209,2026-09,277.7,269.8,229.7
DN00209,2026-10,306.9,309.9,226.7
DN00209,2026-11,312.2,289.4,249.4
DN00209,2026-12,337.5,327.4,259.6
DN00210,2026-01,236.1,226.7,61.4
DN00210,2026-02,192.7,185.6,68.6
DN00210,2026-03,244.3,233.6,79.4
DN00210,2026-04,201.1,175.8,104.6
DN00210,2026-05,275.4,283.2,96.8
DN00210,2026-06,209.6,202.8,103.6
DN00210,2026-07,188.9,189.7,102.8
DN00210,2026-08,277.3,286.4,93.6
DN00210,2026-09,300.0,288.8,104.9
DN00210,2026-10,233.4,216.1,122.2
DN00210,2026-11,304.1,283.8,142.5
DN00210,2026-12,345.9,357.4,131.0
DN00211,2026-01,275.8,289.9,501.2
DN00211,2026-02,260.0,256.3,504.9
DN00211,2026-03,296.7,317.6,484.0
DN00211,2026-04,258.2,249.0,493.3
DN00211,2026-05,214.8,228.6,479.4
DN00211,2026-06,218.0,220.7,476.7
DN00211,2026-07,219.4,231.9,464.2
DN00211,2026-08,229.6,228.6,465.2
DN00211,2026-09,179.3,189.2,455.3
DN00211,2026-10,208.2,222.1,441.5
DN00211,2026-11,255.8,285.2,412.1
DN00211,2026-12,245.7,241.9,415.9
DN00212,2026-01,34110.8,30878.9,13720.1
DN00212,2026-02,32745.6,30887.3,15578.5
DN00212,2026-03,30407.1,30017.7,15967.9
DN00212,2026-04,30289.6,26693.5,19564.0
DN00212,2026-05,37848.1,38722.4,18689.7
DN00212,2026-06,31781.3,35020.3,15450.7
DN00212,2026-07,30749.2,30273.9,15926.0
DN00212,2026-08,36346.3,36493.7,15778.6
DN00212,2026-09,33719.5,31880.4,17617.7
DN00212,2026-10,34348.9,32425.4,19541.2
DN00212,2026-11,37532.9,35809.0,21265.1
DN00212,2026-12,31602.0,33718.5,19148.7
DN00213,2026-01,21.5,21.6,24.6
DN00213,2026-02,25.2,24.9,25.0
DN00213,2026-03,19.2,19.1,25.1
DN00213,2026-04,23.9,22.1,26.9
DN00213,2026-05,23.5,24.1,26.3
DN00213,2026-06,23.7,22.7,27.2
DN00213,2026-07,22.9,20.9,29.3
DN00213,2026-08,22.4,22.1,29.5
DN00213,2026-09,19.8,19.7,29.6
DN00213,2026-10,20.8,20.6,29.9
DN00213,2026-11,25.5,24.2,31.2
DN00213,2026-12,26.0,24.7,32.4
DN00214,2026-01,164.8,153.6,64.0
DN00214,2026-02,152.6,150.6,66.0
DN00214,2026-03,138.6,132.3,72.2
DN00214,2026-04,155.2,138.8,88.6
DN00214,2026-05,189.1,189.3,88.5
DN00214,2026-06,214.6,214.0,89.1
DN00214,2026-07,174.4,177.5,86.0
DN00214,2026-08,174.3,174.8,85.5
DN00214,2026-09,170.9,157.9,98.5
DN00214,2026-10,173.2,175.3,96.4
DN00214,2026-11,234.0,201.3,129.1
DN00214,2026-12,251.5,239.0,141.6
DN00215,2026-01,10.2,10.0,34.7
DN00215,2026-02,10.5,11.3,33.9
DN00215,2026-03,12.8,13.3,33.4
DN00215,2026-04,16.6,16.8,33.2
DN00215,2026-05,14.4,13.7,33.9
DN00215,2026-06,19.4,19.8,33.4
DN00215,2026-07,17.4,15.9,35.0
DN00215,2026-08,13.8,14.8,34.0
DN00215,2026-09,16.4,16.6,33.7
DN00215,2026-10,16.6,16.8,33.5
DN00215,2026-11,22.3,19.6,36.3
DN00215,2026-12,19.0,19.4,35.8
DN00216,2026-01,67.1,69.1,69.1
DN00216,2026-02,66.9,67.7,68.3
DN00216,2026-03,48.9,45.2,72.0
DN00216,2026-04,49.6,46.5,75.1
DN00216,2026-05,64.8,59.1,80.8
DN00216,2026-06,62.5,61.4,82.0
DN00216,2026-07,57.6,58.0,81.6
DN00216,2026-08,69.7,70.6,80.7
DN00216,2026-09,66.3,68.2,78.8
DN00216,2026-10,56.9,57.6,78.1
DN00216,2026-11,63.1,68.5,72.7
DN00216,2026-12,60.9,60.7,73.0
DN00217,2026-01,303.0,279.1,605.3
DN00217,2026-02,286.4,302.7,589.0
DN00217,2026-03,442.6,440.1,591.5
DN00217,2026-04,403.3,391.8,602.9
DN00217,2026-05,437.5,449.6,590.9
DN00217,2026-06,476.6,453.5,614.0
DN00217,2026-07,388.3,397.8,604.5
DN00217,2026-08,391.4,370.9,625.0
DN00217,2026-09,412.1,381.0,656.2
DN00217,2026-10,465.9,478.1,643.9
DN00217,2026-11,464.0,406.8,701.1
DN00217,2026-12,471.6,496.8,675.9
DN00218,2026-01,22.1,22.5,61.3
DN00218,2026-02,20.4,18.7,63.0
DN00218,2026-03,19.4,19.2,63.2
DN00218,2026-04,22.6,20.4,65.4
DN00218,2026-05,19.5,21.8,63.1
DN00218,2026-06,20.8,20.3,63.6
DN00218,2026-07,22.6,24.2,62.0
DN00218,2026-08,21.6,20.9,62.7
DN00218,2026-09,20.5,21.7,61.5
DN00218,2026-10,20.4,19.6,62.3
DN00218,2026-11,21.9,22.7,61.5
DN00218,2026-12,18.3,19.2,60.5
DN00219,2026-01,123.6,114.2,142.5
DN00219,2026-02,103.0,105.7,139.9
DN00219,2026-03,139.9,144.7,135.1
DN00219,2026-04,107.2,99.6,142.7
DN00219,2026-05,110.5,109.8,143.4
DN00219,2026-06,120.5,119.3,144.6
DN00219,2026-07,111.0,91.4,164.1
DN00219,2026-08,124.4,133.5,155.0
DN00219,2026-09,165.4,157.6,162.8
DN00219,2026-10,135.8,135.0,163.6
DN00219,2026-11,117.8,112.2,169.2
DN00219,2026-12,140.1,131.3,178.1
DN00220,2026-01,22.1,18.7,40.5
DN00220,2026-02,24.0,22.0,42.5
DN00220,2026-03,18.6,18.1,43.1
DN00220,2026-04,17.9,15.2,45.8
DN00220,2026-05,18.8,17.9,46.7
DN00220,2026-06,22.6,20.1,49.2
DN00220,2026-07,19.5,19.0,49.6
DN00220,2026-08,18.8,17.6,50.8
DN00220,2026-09,21.3,21.7,50.3
DN00220,2026-10,23.8,22.6,51.5
DN00220,2026-11,22.0,19.8,53.7
DN00220,2026-12,24.7,25.1,53.3
DN00221,2026-01,2600.5,2330.8,1360.4
DN00221,2026-02,2485.0,2661.1,1184.3
DN00221,2026-03,3182.7,2927.1,1439.9
DN00221,2026-04,3088.2,3061.7,1466.4
DN00221,2026-05,3010.5,2928.3,1548.6
DN00221,2026-06,3239.5,3207.7,1580.5
DN00221,2026-07,2663.7,2441.3,1802.9
DN00221,2026-08,3014.5,3164.2,1653.3
DN00221,2026-09,3347.1,3333.4,1666.9
DN00221,2026-10,2526.4,2266.5,1926.7
DN00221,2026-11,3343.4,3317.9,1952.3
DN00221,2026-12,2498.3,2487.1,1963.5
DN00222,2026-01,20.0,19.8,51.7
DN00222,2026-02,32.0,31.6,52.2
DN00222,2026-03,27.7,26.2,53.7
DN00222,2026-04,28.7,28.3,54.1
DN00222,2026-05,24.6,26.6,52.0
DN00222,2026-06,22.6,24.0,50.6
DN00222,2026-07,29.0,27.1,52.6
DN00222,2026-08,23.5,23.7,52.3
DN00222,2026-09,21.4,23.2,50.6
DN00222,2026-10,23.5,25.7,48.4
DN00222,2026-11,26.1,27.2,47.2
DN00222,2026-12,23.2,23.2,47.3
DN00223,2026-01,213.7,210.2,78.7
DN00223,2026-02,203.0,201.5,80.3
DN00223,2026-03,162.4,148.6,94.1
DN00223,2026-04,219.4,234.6,78.9
DN00223,2026-05,150.7,138.7,90.9
DN00223,2026-06,187.2,174.0,104.1
DN00223,2026-07,176.4,189.2,91.2
DN00223,2026-08,185.4,191.5,85.2
DN00223,2026-09,217.2,213.7,88.7
DN00223,2026-10,200.3,214.4,74.6
DN00223,2026-11,219.2,203.7,90.1
DN00223,2026-12,205.8,211.5,84.4
DN00224,2026-01,567.1,622.3,621.3
DN00224,2026-02,466.1,415.1,672.2
DN00224,2026-03,530.0,454.4,747.8
DN00224,2026-04,649.0,623.8,773.0
DN00224,2026-05,508.3,458.1,823.3
DN00224,2026-06,523.7,469.3,877.7
DN00224,2026-07,639.7,591.7,925.6
DN00224,2026-08,624.1,660.5,889.2
DN00224,2026-09,577.0,553.2,913.0
DN00224,2026-10,550.5,545.6,917.8
DN00224,2026-11,582.2,557.2,942.7
DN00224,2026-12,605.5,648.1,900.1
DN00225,2026-01,127.2,131.4,76.1
DN00225,2026-02,82.1,81.4,76.7
DN00225,2026-03,92.8,91.1,78.4
DN00225,2026-04,100.4,106.9,71.9
DN00225,2026-05,91.1,84.9,78.1
DN00225,2026-06,125.1,134.1,69.1
DN00225,2026-07,92.2,98.0,63.3
DN00225,2026-08,98.9,100.1,62.1
DN00225,2026-09,123.8,117.7,68.2
DN00225,2026-10,97.0,97.9,67.2
DN00225,2026-11,132.3,129.3,70.2
DN00225,2026-12,136.5,156.3,50.5
DN00226,2026-01,83.8,74.0,28.5
DN00226,2026-02,50.9,48.4,31.0
DN00226,2026-03,70.8,71.5,30.3
DN00226,2026-04,88.2,96.2,22.3
DN00226,2026-05,91.6,84.2,29.8
DN00226,2026-06,78.9,75.2,33.5
DN00226,2026-07,97.3,88.4,42.4
DN00226,2026-08,100.0,100.9,41.5
DN00226,2026-09,94.0,104.4,31.1
DN00226,2026-10,89.9,83.0,38.0
DN00226,2026-11,85.5,85.9,37.5
DN00226,2026-12,130.7,124.9,43.3
DN00227,2026-01,231.1,232.8,132.8
DN00227,2026-02,176.8,179.6,130.0
DN00227,2026-03,207.2,179.0,158.3
DN00227,2026-04,226.3,227.3,157.2
DN00227,2026-05,251.2,273.9,134.5
DN00227,2026-06,189.9,190.1,134.3
DN00227,2026-07,213.4,228.6,119.1
DN00227,2026-08,256.8,258.1,117.8
DN00227,2026-09,232.8,208.9,141.7
DN00227,2026-10,262.1,246.1,157.7
DN00227,2026-11,250.9,275.0,133.5
DN00227,2026-12,294.1,331.0,96.6
DN00228,2026-01,20.5,20.9,33.5
DN00228,2026-02,20.3,18.9,34.9
DN00228,2026-03,21.3,20.1,36.1
DN00228,2026-04,27.7,25.8,38.0
DN00228,2026-05,21.9,21.1,38.8
DN00228,2026-06,22.5,22.8,38.5
DN00228,2026-07,23.5,21.4,40.6
DN00228,2026-08,23.2,18.7,45.0
DN00228,2026-09,35.5,32.8,47.7
DN00228,2026-10,23.7,24.0,47.5
DN00228,2026-11,30.1,28.0,49.6
DN00228,2026-12,29.7,30.3,49.0
DN00229,2026-01,18122.7,16974.8,8130.5
DN00229,2026-02,20088.4,20142.0,8076.9
DN00229,2026-03,23450.8,23137.1,8390.5
DN00229,2026-04,21917.0,22306.3,8001.2
DN00229,2026-05,18049.1,16082.4,9967.9
DN00229,2026-06,19883.1,16912.0,12939.0
DN00229,2026-07,21109.7,20998.1,13050.6
DN00229,2026-08,21152.0,21674.4,12528.2
DN00229,2026-09,15715.7,14577.5,13666.3
DN00229,2026-10,21947.9,22939.4,12674.8
DN00229,2026-11,22653.2,21639.3,13688.7
DN00229,2026-12,17112.3,16000.8,14800.2
DN00230,2026-01,261.8,239.5,552.8
DN00230,2026-02,258.7,228.6,583.0
DN00230,2026-03,392.6,424.6,551.0
DN00230,2026-04,431.7,401.0,581.7
DN00230,2026-05,411.4,419.0,574.1
DN00230,2026-06,500.7,491.0,583.8
DN00230,2026-07,432.8,437.5,579.1
DN00230,2026-08,385.2,363.5,600.8
DN00230,2026-09,465.8,481.9,584.7
DN00230,2026-10,399.8,399.6,584.9
DN00230,2026-11,499.9,462.9,621.9
DN00230,2026-12,492.0,472.6,641.3
DN00231,2026-01,29.3,29.9,49.2
DN00231,2026-02,25.8,27.5,47.5
DN00231,2026-03,21.9,22.1,47.4
DN00231,2026-04,27.8,24.8,50.3
DN00231,2026-05,26.7,28.3,48.8
DN00231,2026-06,21.8,22.0,48.6
DN00231,2026-07,23.6,21.2,51.0
DN00231,2026-08,26.3,27.4,49.9
DN00231,2026-09,26.4,26.2,50.1
DN00231,2026-10,20.2,23.3,47.0
DN00231,2026-11,22.6,19.5,50.1
DN00231,2026-12,26.9,26.0,51.0
DN00232,2026-01,35556.7,36561.7,7544.2
DN00232,2026-02,29785.6,27551.4,9778.5
DN00232,2026-03,23006.4,19228.9,13556.0
DN00232,2026-04,32159.7,31527.9,14187.9
DN00232,2026-05,32520.9,34293.4,12415.3
DN00232,2026-06,26935.9,23607.4,15743.8
DN00232,2026-07,36124.1,32972.5,18895.4
DN00232,2026-08,28358.2,25023.9,22229.7
DN00232,2026-09,26125.8,25488.9,22866.6
DN00232,2026-10,23630.6,23507.7,22989.5
DN00232,2026-11,22717.2,20703.6,25003.1
DN00232,2026-12,29670.8,24303.6,30370.3
DN00233,2026-01,36.6,38.8,49.5
DN00233,2026-02,34.2,33.8,49.9
DN00233,2026-03,31.6,34.9,46.6
DN00233,2026-04,42.5,47.0,42.1
DN00233,2026-05,29.1,27.9,43.3
DN00233,2026-06,37.1,33.0,47.4
DN00233,2026-07,31.7,33.6,45.5
DN00233,2026-08,33.4,34.8,44.2
DN00233,2026-09,39.8,44.6,39.4
DN00233,2026-10,39.9,40.8,38.5
DN00233,2026-11,38.2,39.7,37.0
DN00233,2026-12,43.4,42.6,37.9
DN00234,2026-01,20.3,21.1,9.2
DN00234,2026-02,16.1,14.7,10.6
DN00234,2026-03,16.6,14.9,12.3
DN00234,2026-04,17.2,18.1,11.5
DN00234,2026-05,17.2,15.0,13.6
DN00234,2026-06,19.6,18.9,14.2
DN00234,2026-07,16.3,15.5,15.1
DN00234,2026-08,19.2,19.9,14.4
DN00234,2026-09,15.7,16.0,14.1
DN00234,2026-10,19.0,19.3,13.8
DN00234,2026-11,17.7,17.3,14.3
DN00234,2026-12,12.1,12.2,14.2
DN00235,2026-01,78.3,75.2,24.0
DN00235,2026-02,74.5,71.8,26.7
DN00235,2026-03,56.5,61.6,21.7
DN00235,2026-04,51.4,53.1,19.9
DN00235,2026-05,60.6,61.5,19.1
DN00235,2026-06,59.0,59.7,18.4
DN00235,2026-07,73.2,70.1,21.5
DN00235,2026-08,63.6,59.4,25.6
DN00235,2026-09,72.3,73.9,24.1
DN00235,2026-10,79.3,70.1,33.3
DN00235,2026-11,91.6,87.3,37.6
DN00235,2026-12,100.7,99.7,38.5
DN00236,2026-01,328.1,333.3,230.2
DN00236,2026-02,359.3,377.7,211.8
DN00236,2026-03,372.8,344.2,240.4
DN00236,2026-04,299.8,316.4,223.8
DN00236,2026-05,368.5,353.0,239.3
DN00236,2026-06,323.9,356.4,206.8
DN00236,2026-07,391.4,365.7,232.5
DN00236,2026-08,356.0,395.1,193.4
DN00236,2026-09,287.2,273.0,207.6
DN00236,2026-10,385.6,364.7,228.6
DN00236,2026-11,331.3,365.7,194.2
DN00236,2026-12,362.0,365.9,190.3
DN00237,2026-01,82.2,76.8,128.7
DN00237,2026-02,57.7,58.8,127.6
DN00237,2026-03,78.3,82.3,123.6
DN00237,2026-04,99.7,94.8,128.6
DN00237,2026-05,115.1,125.1,118.6
DN00237,2026-06,105.4,107.4,116.6
DN00237,2026-07,120.2,117.0,119.7
DN00237,2026-08,123.2,113.0,130.0
DN00237,2026-09,134.8,140.8,124.0
DN00237,2026-10,142.3,113.5,152.7
DN00237,2026-11,123.9,116.2,160.4
DN00237,2026-12,162.8,152.9,170.2
DN00238,2026-01,9570.8,10323.0,2364.9
DN00238,2026-02,6532.3,6510.0,2387.2
DN00238,2026-03,7178.3,7129.0,2436.5
DN00238,2026-04,6605.5,6549.1,2492.9
DN00238,2026-05,8078.2,8060.9,2510.2
DN00238,2026-06,7261.9,7255.6,2516.4
DN00238,2026-07,7332.4,6773.1,3075.7
DN00238,2026-08,6653.3,6351.9,3377.1
DN00238,2026-09,6126.8,5560.4,3943.5
DN00238,2026-10,7517.4,7152.2,4308.8
DN00238,2026-11,8022.5,8014.9,4316.4
DN00238,2026-12,10958.2,11057.7,4217.0
DN00239,2026-01,36.1,36.8,9.1
DN00239,2026-02,34.6,32.8,10.9
DN00239,2026-03,32.3,25.2,18.0
DN00239,2026-04,35.8,30.7,23.1
DN00239,2026-05,33.9,36.2,20.8
DN00239,2026-06,32.3,31.2,21.9
DN00239,2026-07,47.4,50.3,19.0
DN00239,2026-08,36.5,33.1,22.4
DN00239,2026-09,48.8,47.2,24.0
DN00239,2026-10,33.3,35.8,21.5
DN00239,2026-11,31.0,31.3,21.1
DN00239,2026-12,40.5,41.0,20.6
DN00240,2026-01,60.5,63.5,59.1
DN00240,2026-02,62.3,55.2,66.1
DN00240,2026-03,67.7,67.3,66.6
DN00240,2026-04,56.5,55.8,67.3
DN00240,2026-05,52.9,55.2,65.0
DN00240,2026-06,76.1,73.1,68.1
DN00240,2026-07,71.9,70.8,69.2
DN00240,2026-08,74.4,71.5,72.0
DN00240,2026-09,48.5,54.7,65.9
DN00240,2026-10,60.5,60.1,66.3
DN00240,2026-11,66.2,66.7,65.8
DN00240,2026-12,60.3,59.2,66.9
DN00241,2026-01,624.9,647.6,356.1
DN00241,2026-02,490.0,504.0,342.1
DN00241,2026-03,463.4,455.9,349.6
DN00241,2026-04,811.0,739.3,421.3
DN00241,2026-05,766.5,729.5,458.3
DN00241,2026-06,585.9,562.0,482.1
DN00241,2026-07,634.3,589.6,526.8
DN00241,2026-08,642.3,599.8,569.2
DN00241,2026-09,575.7,577.6,567.4
DN00241,2026-10,726.9,671.1,623.2
DN00241,2026-11,732.2,746.0,609.4
DN00241,2026-12,786.7,800.9,595.3
DN00242,2026-01,9.8,9.6,18.6
DN00242,2026-02,9.6,9.4,18.8
DN00242,2026-03,11.1,12.4,17.5
DN00242,2026-04,12.2,11.5,18.3
DN00242,2026-05,14.2,13.8,18.7
DN00242,2026-06,11.6,11.0,19.3
DN00242,2026-07,12.3,11.7,19.8
DN00242,2026-08,12.9,13.8,18.9
DN00242,2026-09,10.3,10.4,18.9
DN00242,2026-10,15.5,15.6,18.7
DN00242,2026-11,13.3,13.6,18.4
DN00242,2026-12,18.3,19.5,17.2
DN00243,2026-01,20.6,20.7,41.7
DN00243,2026-02,22.6,24.2,40.1
DN00243,2026-03,21.6,20.1,41.5
DN00243,2026-04,24.3,25.7,40.1
DN00243,2026-05,22.8,21.9,40.9
DN00243,2026-06,24.9,23.0,42.9
DN00243,2026-07,20.4,21.4,41.8
DN00243,2026-08,29.5,27.7,43.7
DN00243,2026-09,21.6,19.9,45.4
DN00243,2026-10,21.8,22.7,44.5
DN00243,2026-11,28.1,25.8,46.8
DN00243,2026-12,25.1,24.9,47.0
DN00244,2026-01,53.7,52.7,17.5
DN00244,2026-02,51.2,50.1,18.6
DN00244,2026-03,44.5,38.9,24.2
DN00244,2026-04,50.0,38.2,35.9
DN00244,2026-05,55.6,55.6,35.9
DN00244,2026-06,47.7,52.1,31.6
DN00244,2026-07,52.9,47.4,37.1
DN00244,2026-08,57.8,52.6,42.3
DN00244,2026-09,43.7,44.5,41.5
DN00244,2026-10,53.7,53.3,41.9
DN00244,2026-11,57.4,60.3,38.9
DN00244,2026-12,54.8,54.9,38.9
DN00245,2026-01,1209.9,1236.8,1293.2
DN00245,2026-02,860.0,950.4,1202.8
DN00245,2026-03,843.5,887.5,1158.8
DN00245,2026-04,903.6,731.8,1330.6
DN00245,2026-05,935.2,913.5,1352.4
DN00245,2026-06,1023.2,1010.9,1364.7
DN00245,2026-07,1003.8,853.8,1514.8
DN00245,2026-08,941.2,819.0,1637.0
DN00245,2026-09,839.2,746.0,1730.1
DN00245,2026-10,949.0,906.7,1772.3
DN00245,2026-11,834.7,732.2,1874.9
DN00245,2026-12,1183.9,1069.3,1989.5
DN00246,2026-01,4049.2,3637.4,3427.2
DN00246,2026-02,3279.8,3237.6,3469.4
DN00246,2026-03,3398.1,3271.4,3596.1
DN00246,2026-04,4493.6,4522.6,3567.1
DN00246,2026-05,3379.6,3086.0,3860.6
DN00246,2026-06,3962.6,3866.8,3956.5
DN00246,2026-07,4682.9,4634.5,4004.8
DN00246,2026-08,3991.2,4255.0,3741.0
DN00246,2026-09,4079.3,3828.6,3991.7
DN00246,2026-10,5706.3,5825.3,3872.8
DN00246,2026-11,3882.0,3885.7,3869.0
DN00246,2026-12,6685.3,6211.7,4342.5
DN00247,2026-01,257.3,246.2,1065.2
DN00247,2026-02,257.3,256.3,1066.2
DN00247,2026-03,192.3,183.9,1074.6
DN00247,2026-04,238.9,239.1,1074.4
DN00247,2026-05,208.5,216.8,1066.1
DN00247,2026-06,238.6,230.3,1074.4
DN00247,2026-07,268.8,263.8,1079.3
DN00247,2026-08,242.0,260.0,1061.3
DN00247,2026-09,237.4,211.5,1087.2
DN00247,2026-10,206.5,200.1,1093.7
DN00247,2026-11,180.6,186.9,1087.4
DN00247,2026-12,255.5,236.9,1106.0
DN00248,2026-01,10.3,10.6,135.7
DN00248,2026-02,7.1,7.5,135.3
DN00248,2026-03,8.5,8.7,135.1
DN00248,2026-04,8.8,9.9,134.1
DN00248,2026-05,9.9,10.2,133.9
DN00248,2026-06,9.7,9.9,133.6
DN00248,2026-07,9.4,9.3,133.7
DN00248,2026-08,8.5,9.1,133.1
DN00248,2026-09,11.4,11.5,133.0
DN00248,2026-10,13.1,13.3,132.8
DN00248,2026-11,12.9,13.5,132.2
DN00248,2026-12,14.3,13.6,132.9
DN00249,2026-01,245.3,216.9,135.8
DN00249,2026-02,274.3,309.9,100.1
DN00249,2026-03,268.6,268.1,100.5
DN00249,2026-04,235.1,235.7,99.9
DN00249,2026-05,295.6,267.7,127.8
DN00249,2026-06,252.0,234.1,145.8
DN00249,2026-07,312.0,311.8,145.9
DN00249,2026-08,329.3,306.7,168.6
DN00249,2026-09,253.0,257.9,163.7
DN00249,2026-10,239.9,224.0,179.7
DN00249,2026-11,259.2,248.8,190.1
DN00249,2026-12,258.1,240.3,208.0
DN00250,2026-01,120.3,116.8,221.9
DN00250,2026-02,82.5,83.6,220.9
DN00250,2026-03,94.5,99.9,215.5
DN00250,2026-04,134.6,130.8,219.2
DN00250,2026-05,103.0,94.1,228.1
DN00250,2026-06,113.2,101.7,239.5
DN00250,2026-07,147.8,147.5,239.8
DN00250,2026-08,113.1,107.2,245.8
DN00250,2026-09,107.8,95.9,257.7
DN00250,2026-10,116.1,118.1,255.7
DN00250,2026-11,122.1,115.8,262.0
DN00250,2026-12,117.3,109.3,270.1
DN00251,2026-01,1763.8,1719.8,1481.0
DN00251,2026-02,1434.0,1298.1,1616.9
DN00251,2026-03,1362.5,1355.8,1623.6
DN00251,2026-04,1345.5,1461.4,1507.8
DN00251,2026-05,1402.6,1296.0,1614.4
DN00251,2026-06,1700.8,1657.2,1658.0
DN00251,2026-07,1588.8,1482.6,1764.2
DN00251,2026-08,1239.1,1348.2,1655.1
DN00251,2026-09,1759.9,1820.2,1594.8
DN00251,2026-10,1392.5,1413.7,1573.6
DN00251,2026-11,1633.4,1498.2,1708.8
DN00251,2026-12,1496.7,1351.5,1854.0
DN00252,2026-01,46.2,44.3,29.1
DN00252,2026-02,30.5,27.7,31.9
DN00252,2026-03,40.8,42.0,30.7
DN00252,2026-04,40.1,37.4,33.4
DN00252,2026-05,42.5,37.9,38.0
DN00252,2026-06,50.9,52.4,36.5
DN00252,2026-07,34.2,32.4,38.3
DN00252,2026-08,43.6,40.6,41.3
DN00252,2026-09,38.6,39.4,40.5
DN00252,2026-10,45.7,48.0,38.2
DN00252,2026-11,46.5,43.8,41.0
DN00252,2026-12,60.5,54.6,46.9
DN00253,2026-01,10.1,9.8,31.4
DN00253,2026-02,10.5,11.4,30.5
DN00253,2026-03,8.6,8.6,30.6
DN00253,2026-04,10.2,10.5,30.2
DN00253,2026-05,10.1,9.9,30.4
DN00253,2026-06,9.4,10.3,29.5
DN00253,2026-07,10.5,10.6,29.5
DN00253,2026-08,9.0,8.9,29.6
DN00253,2026-09,9.4,9.0,29.9
DN00253,2026-10,10.3,10.5,29.8
DN00253,2026-11,10.6,10.6,29.8
DN00253,2026-12,8.7,8.6,29.9
DN00254,2026-01,2897.7,3014.4,5524.1
DN00254,2026-02,2220.9,2247.5,5497.4
DN00254,2026-03,2642.0,2496.2,5643.2
DN00254,2026-04,2645.8,2748.0,5541.0
DN00254,2026-05,2637.5,2726.0,5452.5
DN00254,2026-06,2430.4,2650.3,5232.6
DN00254,2026-07,2489.1,2618.2,5103.5
DN00254,2026-08,1933.9,1820.7,5216.6
DN00254,2026-09,2727.8,2987.4,4957.0
DN00254,2026-10,2785.2,2894.8,4847.4
DN00254,2026-11,3277.2,3107.2,5017.4
DN00254,2026-12,3264.9,3363.4,4918.9
DN00255,2026-01,27.7,28.7,10.8
DN00255,2026-02,27.3,26.2,11.9
DN00255,2026-03,29.0,26.0,14.9
DN00255,2026-04,33.1,34.8,13.1
DN00255,2026-05,32.0,30.0,15.1
DN00255,2026-06,28.9,26.8,17.2
DN00255,2026-07,23.1,21.6,18.6
DN00255,2026-08,30.4,30.6,18.4
DN00255,2026-09,29.9,31.4,16.9
DN00255,2026-10,33.4,29.5,20.8
DN00255,2026-11,35.5,35.2,21.2
DN00255,2026-12,35.0,34.7,21.4
DN00256,2026-01,53.5,57.5,17.2
DN00256,2026-02,50.1,42.0,25.3
DN00256,2026-03,63.4,57.6,31.1
DN00256,2026-04,64.6,73.9,21.7
DN00256,2026-05,47.6,43.1,26.3
DN00256,2026-06,54.2,59.9,20.6
DN00256,2026-07,69.4,68.9,21.1
DN00256,2026-08,58.6,59.5,20.3
DN00256,2026-09,61.5,56.8,25.0
DN00256,2026-10,42.1,42.1,25.1
DN00256,2026-11,66.0,60.0,31.1
DN00256,2026-12,49.6,47.6,33.1
DN00257,2026-01,843.0,836.4,705.1
DN00257,2026-02,1069.6,1121.8,652.9
DN00257,2026-03,989.0,1019.6,622.3
DN00257,2026-04,1211.1,1361.1,472.3
DN00257,2026-05,1035.4,1107.0,400.7
DN00257,2026-06,943.9,1086.6,258.0
DN00257,2026-07,975.2,906.9,326.3
DN00257,2026-08,1067.2,1015.2,378.3
DN00257,2026-09,1418.4,1357.3,439.4
DN00257,2026-10,1122.1,1198.3,363.2
DN00257,2026-11,1161.5,1078.3,446.4
DN00257,2026-12,998.0,1012.1,432.2
DN00258,2026-01,314.3,294.4,3455.8
DN00258,2026-02,267.1,277.9,3445.0
DN00258,2026-03,388.0,355.7,3477.3
DN00258,2026-04,535.7,492.0,3521.0
DN00258,2026-05,429.9,424.4,3526.4
DN00258,2026-06,542.8,490.5,3578.7
DN00258,2026-07,493.6,496.7,3575.6
DN00258,2026-08,426.9,405.1,3597.4
DN00258,2026-09,518.5,487.0,3628.8
DN00258,2026-10,597.6,608.6,3617.7
DN00258,2026-11,584.3,591.8,3610.2
DN00258,2026-12,773.1,740.9,3642.4
DN00259,2026-01,32.4,34.2,33.3
DN00259,2026-02,30.0,27.0,36.3
DN00259,2026-03,31.6,29.6,38.4
DN00259,2026-04,31.8,32.4,37.8
DN00259,2026-05,33.3,34.6,36.6
DN00259,2026-06,27.5,26.1,38.0
DN00259,2026-07,38.2,38.6,37.5
DN00259,2026-08,32.7,34.1,36.2
DN00259,2026-09,30.6,29.5,37.3
DN00259,2026-10,37.5,37.9,36.9
DN00259,2026-11,37.3,38.5,35.7
DN00259,2026-12,32.2,31.6,36.2
DN00260,2026-01,473.4,467.4,3472.5
DN00260,2026-02,429.2,412.3,3489.4
DN00260,2026-03,623.7,624.6,3488.4
DN00260,2026-04,664.5,637.1,3515.9
DN00260,2026-05,819.1,734.3,3600.7
DN00260,2026-06,747.4,762.6,3585.6
DN00260,2026-07,726.6,689.7,3622.5
DN00260,2026-08,655.9,649.9,3628.4
DN00260,2026-09,786.4,749.8,3665.0
DN00260,2026-10,650.6,554.0,3761.6
DN00260,2026-11,870.1,847.2,3784.5
DN00260,2026-12,889.3,914.8,3759.1
DN00261,2026-01,837.9,892.2,221.5
DN00261,2026-02,617.8,613.7,225.7
DN00261,2026-03,596.7,593.6,228.8
DN00261,2026-04,598.0,580.6,246.1
DN00261,2026-05,675.1,676.2,245.0
DN00261,2026-06,541.1,577.4,208.7
DN00261,2026-07,671.1,597.2,282.7
DN00261,2026-08,641.0,643.5,280.2
DN00261,2026-09,827.2,828.1,279.4
DN00261,2026-10,743.7,811.1,212.0
DN00261,2026-11,751.7,672.4,291.4
DN00261,2026-12,1028.8,975.4,344.8
DN00262,2026-01,732.2,772.8,546.4
DN00262,2026-02,683.2,666.8,562.8
DN00262,2026-03,896.4,916.0,543.2
DN00262,2026-04,753.0,817.9,478.4
DN00262,2026-05,786.2,661.0,603.6
DN00262,2026-06,785.3,713.2,675.7
DN00262,2026-07,689.9,727.4,638.1
DN00262,2026-08,786.1,730.1,694.2
DN00262,2026-09,902.3,977.5,618.9
DN00262,2026-10,732.1,654.9,696.1
DN00262,2026-11,658.8,626.6,728.3
DN00262,2026-12,670.6,694.8,704.1
DN00263,2026-01,3.6,3.4,14.7
DN00263,2026-02,4.3,5.1,13.9
DN00263,2026-03,5.3,5.4,13.7
DN00263,2026-04,6.4,6.4,13.7
DN00263,2026-05,5.6,6.0,13.3
DN00263,2026-06,6.2,6.2,13.4
DN00263,2026-07,5.1,4.6,13.9
DN00263,2026-08,5.8,5.8,13.9
DN00263,2026-09,6.1,5.4,14.5
DN00263,2026-10,6.7,6.5,14.7
DN00263,2026-11,7.9,7.9,14.7
DN00263,2026-12,9.8,11.0,13.5
DN00264,2026-01,200.2,180.0,632.4
DN00264,2026-02,188.7,195.4,625.7
DN00264,2026-03,271.8,306.5,591.1
DN00264,2026-04,328.7,352.3,567.5
DN00264,2026-05,344.2,351.1,560.6
DN00264,2026-06,437.2,427.7,570.1
DN00264,2026-07,353.4,381.4,542.1
DN00264,2026-08,352.2,343.8,550.5
DN00264,2026-09,332.1,343.6,539.0
DN00264,2026-10,274.0,281.0,531.9
DN00264,2026-11,396.4,415.7,512.7
DN00264,2026-12,489.9,541.8,460.8
DN00265,2026-01,169.5,150.8,570.7
DN00265,2026-02,129.0,125.7,574.0
DN00265,2026-03,283.7,296.7,561.0
DN00265,2026-04,284.5,294.6,550.9
DN00265,2026-05,281.3,271.9,560.3
DN00265,2026-06,270.8,245.8,585.2
DN00265,2026-07,233.1,237.9,580.4
DN00265,2026-08,234.1,200.3,614.2
DN00265,2026-09,193.4,205.5,602.1
DN00265,2026-10,257.8,272.1,587.8
DN00265,2026-11,292.0,284.5,595.2
DN00265,2026-12,366.5,358.7,603.0
DN00266,2026-01,266.5,246.5,639.2
DN00266,2026-02,307.9,315.5,631.6
DN00266,2026-03,319.5,307.2,643.8
DN00266,2026-04,261.9,271.4,634.4
DN00266,2026-05,297.9,297.8,634.5
DN00266,2026-06,273.7,294.0,614.2
DN00266,2026-07,317.6,341.6,590.2
DN00266,2026-08,259.5,243.9,605.7
DN00266,2026-09,326.8,343.0,589.6
DN00266,2026-10,281.8,312.7,558.7
DN00266,2026-11,291.9,273.1,577.5
DN00266,2026-12,269.6,246.2,601.0
DN00267,2026-01,46.6,46.9,22.9
DN00267,2026-02,56.5,54.9,24.5
DN00267,2026-03,48.5,47.7,25.3
DN00267,2026-04,58.9,62.7,21.4
DN00267,2026-05,46.5,51.6,16.3
DN00267,2026-06,54.6,52.7,18.2
DN00267,2026-07,51.7,57.8,12.1
DN00267,2026-08,57.9,58.5,11.5
DN00267,2026-09,54.6,57.0,9.1
DN00267,2026-10,45.0,47.8,6.3
DN00267,2026-11,51.1,49.2,8.3
DN00267,2026-12,45.2,51.2,2.4
DN00268,2026-01,220273.5,203835.7,72752.6
DN00268,2026-02,161618.2,147247.3,87123.5
DN00268,2026-03,225971.9,215006.2,98089.3
DN00268,2026-04,178961.7,168781.9,108269.1
DN00268,2026-05,173849.5,164564.8,117553.9
DN00268,2026-06,225428.9,233185.3,109797.4
DN00268,2026-07,176086.5,162442.4,123441.5
DN00268,2026-08,257946.6,213317.8,168070.2
DN00268,2026-09,212904.7,193119.6,187855.3
DN00268,2026-10,236843.5,204261.5,220437.3
DN00268,2026-11,228098.6,214383.3,234152.6
DN00268,2026-12,278784.9,268298.4,244639.2
DN00269,2026-01,719.7,685.6,669.3
DN00269,2026-02,696.0,686.6,678.7
DN00269,2026-03,673.0,693.8,658.0
DN00269,2026-04,779.5,811.0,626.5
DN00269,2026-05,801.8,818.5,609.8
DN00269,2026-06,646.1,635.5,620.4
DN00269,2026-07,719.3,671.9,667.8
DN00269,2026-08,940.0,851.6,756.2
DN00269,2026-09,814.8,804.7,766.3
DN00269,2026-10,1240.9,1230.6,776.7
DN00269,2026-11,952.4,1036.4,692.6
DN00269,2026-12,1058.4,1072.9,678.2
DN00270,2026-01,493.6,531.5,748.1
DN00270,2026-02,550.1,515.2,782.9
DN00270,2026-03,446.1,444.5,784.5
DN00270,2026-04,537.3,527.6,794.3
DN00270,2026-05,522.8,498.2,818.8
DN00270,2026-06,531.0,505.2,844.7
DN00270,2026-07,505.8,494.5,856.0
DN00270,2026-08,397.5,432.0,821.6
DN00270,2026-09,563.1,534.8,849.9
DN00270,2026-10,441.6,450.9,840.6
DN00270,2026-11,446.0,430.6,855.9
DN00270,2026-12,554.9,586.4,824.5
DN00271,2026-01,20.9,20.3,27.5
DN00271,2026-02,22.2,22.4,27.4
DN00271,2026-03,21.4,20.3,28.4
DN00271,2026-04,16.0,16.1,28.2
DN00271,2026-05,26.2,26.2,28.2
DN00271,2026-06,17.7,16.2,29.7
DN00271,2026-07,21.3,21.0,30.0
DN00271,2026-08,21.9,23.0,29.0
DN00271,2026-09,20.1,22.2,27.0
DN00271,2026-10,19.4,19.0,27.3
DN00271,2026-11,17.6,17.1,27.8
DN00271,2026-12,19.6,20.9,26.5
DN00272,2026-01,6.0,6.3,111.5
DN00272,2026-02,4.6,4.2,111.9
DN00272,2026-03,10.8,10.6,112.1
DN00272,2026-04,8.6,9.4,111.2
DN00272,2026-05,11.8,12.4,110.6
DN00272,2026-06,8.9,9.8,109.7
DN00272,2026-07,10.0,10.1,109.6
DN00272,2026-08,8.2,8.7,109.1
DN00272,2026-09,8.5,8.9,108.7
DN00272,2026-10,9.2,9.5,108.4
DN00272,2026-11,10.4,10.7,108.1
DN00272,2026-12,12.6,12.0,108.6
DN00273,2026-01,1336.6,1237.4,1012.7
DN00273,2026-02,969.8,935.4,1047.1
DN00273,2026-03,1073.1,1034.9,1085.4
DN00273,2026-04,1227.2,1091.6,1220.9
DN00273,2026-05,1084.3,1031.3,1274.0
DN00273,2026-06,1075.5,1031.8,1317.7
DN00273,2026-07,1309.6,1162.5,1464.8
DN00273,2026-08,1119.4,1035.2,1549.0
DN00273,2026-09,1197.2,1388.3,1357.8
DN00273,2026-10,1321.1,1312.0,1366.9
DN00273,2026-11,1535.4,1596.9,1305.4
DN00273,2026-12,1860.5,1790.2,1375.8
DN00274,2026-01,106.7,108.2,19.6
DN00274,2026-02,103.9,108.4,15.1
DN00274,2026-03,109.0,105.9,18.1
DN00274,2026-04,93.0,95.7,15.5
DN00274,2026-05,71.8,66.7,20.6
DN00274,2026-06,99.1,90.4,29.3
DN00274,2026-07,83.7,77.1,35.9
DN00274,2026-08,79.3,78.5,36.7
DN00274,2026-09,86.3,84.3,38.7
DN00274,2026-10,97.5,100.4,35.7
DN00274,2026-11,95.8,92.1,39.4
DN00274,2026-12,95.4,94.7,40.1
DN00275,2026-01,372.2,383.4,224.6
DN00275,2026-02,387.5,381.3,230.8
DN00275,2026-03,362.9,357.6,236.1
DN00275,2026-04,383.7,360.8,259.0
DN00275,2026-05,462.4,423.6,297.8
DN00275,2026-06,398.9,391.7,305.0
DN00275,2026-07,403.8,454.2,254.5
DN00275,2026-08,452.9,430.9,276.5
DN00275,2026-09,515.7,507.3,284.9
DN00275,2026-10,498.7,488.9,294.7
DN00275,2026-11,487.6,520.8,261.5
DN00275,2026-12,581.1,579.6,263.0
DN00276,2026-01,74.9,72.9,14.1
DN00276,2026-02,65.9,69.2,10.8
DN00276,2026-03,81.5,81.5,10.8
DN00276,2026-04,67.0,68.2,9.6
DN00276,2026-05,76.6,73.7,12.5
DN00276,2026-06,81.5,70.1,23.9
DN00276,2026-07,72.6,72.8,23.7
DN00276,2026-08,82.8,86.9,19.6
DN00276,2026-09,84.5,87.5,16.5
DN00276,2026-10,95.1,95.0,16.6
DN00276,2026-11,78.0,80.0,14.6
DN00276,2026-12,96.3,86.0,24.9
DN00277,2026-01,1452.5,1533.9,14751.7
DN00277,2026-02,800.9,790.5,14762.1
DN00277,2026-03,1585.9,1511.8,14836.3
DN00277,2026-04,1684.1,1712.1,14808.3
DN00277,2026-05,2088.9,2036.9,14860.3
DN00277,2026-06,2201.4,2202.8,14858.9
DN00277,2026-07,2003.5,2115.7,14746.7
DN00277,2026-08,2393.3,2499.5,14640.5
DN00277,2026-09,1761.0,1645.9,14755.6
DN00277,2026-10,2125.2,1835.1,15045.6
DN00277,2026-11,2135.0,2051.5,15129.1
DN00277,2026-12,3049.7,3019.3,15159.5
DN00278,2026-01,682.0,643.9,1305.9
DN00278,2026-02,680.7,680.0,1306.6
DN00278,2026-03,771.2,739.9,1338.0
DN00278,2026-04,1169.4,1062.4,1445.0
DN00278,2026-05,1056.9,952.0,1549.9
DN00278,2026-06,762.9,775.6,1537.2
DN00278,2026-07,894.4,896.1,1535.6
DN00278,2026-08,1044.0,947.1,1632.6
DN00278,2026-09,1186.0,1104.6,1714.0
DN00278,2026-10,989.8,954.1,1749.7
DN00278,2026-11,1087.4,1125.7,1711.4
DN00278,2026-12,1076.7,1085.8,1702.4
DN00279,2026-01,47.7,45.2,73.8
DN00279,2026-02,40.1,38.6,75.2
DN00279,2026-03,60.5,60.7,75.0
DN00279,2026-04,51.8,50.6,76.2
DN00279,2026-05,40.7,40.2,76.7
DN00279,2026-06,52.9,50.1,79.4
DN00279,2026-07,50.9,46.9,83.4
DN00279,2026-08,60.4,61.8,82.0
DN00279,2026-09,51.1,53.4,79.7
DN00279,2026-10,49.4,55.9,73.1
DN00279,2026-11,53.5,46.7,79.9
DN00279,2026-12,64.2,63.0,81.2
DN00280,2026-01,19.2,18.4,178.9
DN00280,2026-02,13.7,12.9,179.6
DN00280,2026-03,19.3,18.1,180.8
DN00280,2026-04,15.6,17.6,178.8
DN00280,2026-05,22.0,24.3,176.4
DN00280,2026-06,22.0,24.7,173.7
DN00280,2026-07,24.7,25.5,172.8
DN00280,2026-08,20.9,20.6,173.1
DN00280,2026-09,22.7,22.4,173.3
DN00280,2026-10,19.5,18.7,174.1
DN00280,2026-11,23.5,22.5,175.2
DN00280,2026-12,35.0,33.8,176.3
DN00281,2026-01,109.7,121.1,89.2
DN00281,2026-02,145.5,153.2,81.4
DN00281,2026-03,175.1,178.6,77.9
DN00281,2026-04,152.6,139.5,91.0
DN00281,2026-05,105.1,110.1,86.0
DN00281,2026-06,157.5,160.1,83.5
DN00281,2026-07,101.2,101.2,83.5
DN00281,2026-08,140.6,147.7,76.5
DN00281,2026-09,131.1,125.8,81.8
DN00281,2026-10,137.8,127.8,91.7
DN00281,2026-11,113.2,107.5,97.4
DN00281,2026-12,113.2,110.3,100.4
DN00282,2026-01,118.9,118.6,28.3
DN00282,2026-02,86.9,88.3,26.9
DN00282,2026-03,88.3,87.1,28.1
DN00282,2026-04,99.3,101.2,26.2
DN00282,2026-05,126.5,119.6,33.1
DN00282,2026-06,103.6,107.2,29.5
DN00282,2026-07,111.3,105.2,35.6
DN00282,2026-08,94.6,85.8,44.4
DN00282,2026-09,111.4,100.4,55.4
DN00282,2026-10,104.5,94.5,65.3
DN00282,2026-11,114.2,102.3,77.3
DN00282,2026-12,133.0,137.4,72.9
DN00283,2026-01,36.1,37.0,7.5
DN00283,2026-02,33.3,33.9,6.9
DN00283,2026-03,33.9,35.5,5.3
DN00283,2026-04,37.8,36.2,7.0
DN00283,2026-05,29.7,29.6,7.0
DN00283,2026-06,40.4,37.8,9.6
DN00283,2026-07,32.7,31.2,11.1
DN00283,2026-08,32.0,29.5,13.6
DN00283,2026-09,36.1,31.9,17.8
DN00283,2026-10,29.7,27.2,20.2
DN00283,2026-11,42.5,43.1,19.7
DN00283,2026-12,41.7,39.6,21.7
DN00284,2026-01,7316.1,6416.2,1058.7
DN00284,2026-02,5264.9,4617.3,1706.3
DN00284,2026-03,6755.7,5924.7,2537.3
DN00284,2026-04,7056.5,6188.5,3405.3
DN00284,2026-05,7402.2,6491.7,4315.8
DN00284,2026-06,6923.8,6072.2,5167.4
DN00284,2026-07,8679.3,7611.7,6235.0
DN00284,2026-08,6432.6,5641.4,7026.2
DN00284,2026-09,7291.7,6394.8,7923.1
DN00284,2026-10,7623.1,6685.5,8860.7
DN00284,2026-11,8199.9,7191.3,9869.3
DN00284,2026-12,8366.5,7337.4,10898.4
DN00285,2026-01,17.9,18.6,44.9
DN00285,2026-02,12.0,13.1,43.8
DN00285,2026-03,19.3,19.1,44.0
DN00285,2026-04,18.8,18.7,44.1
DN00285,2026-05,16.8,16.8,44.0
DN00285,2026-06,21.1,23.1,42.1
DN00285,2026-07,17.9,18.1,41.9
DN00285,2026-08,16.4,15.4,42.8
DN00285,2026-09,24.6,24.6,42.9
DN00285,2026-10,16.4,16.6,42.7
DN00285,2026-11,21.0,19.9,43.8
DN00285,2026-12,22.2,23.2,42.8
DN00286,2026-01,192.5,186.0,72.0
DN00286,2026-02,125.8,133.9,63.9
DN00286,2026-03,174.5,187.1,51.4
DN00286,2026-04,175.1,161.5,65.0
DN00286,2026-05,205.6,189.0,81.6
DN00286,2026-06,156.5,155.7,82.4
DN00286,2026-07,160.5,153.9,89.1
DN00286,2026-08,212.6,192.6,109.1
DN00286,2026-09,176.9,179.6,106.3
DN00286,2026-10,255.3,242.3,119.4
DN00286,2026-11,251.7,235.5,135.6
DN00286,2026-12,248.2,246.5,137.2
DN00287,2026-01,1031.5,1046.0,634.6
DN00287,2026-02,967.2,847.6,754.3
DN00287,2026-03,889.4,861.3,782.4
DN00287,2026-04,1147.0,1062.6,866.7
DN00287,2026-05,850.2,861.0,855.9
DN00287,2026-06,1117.2,1078.9,894.2
DN00287,2026-07,1087.1,1092.3,889.0
DN00287,2026-08,1119.3,1072.2,936.0
DN00287,2026-09,1185.6,1160.3,961.4
DN00287,2026-10,1469.7,1533.6,897.5
DN00287,2026-11,1340.4,1240.6,997.3
DN00287,2026-12,1261.4,1234.1,1024.6
DN00288,2026-01,27.8,26.0,82.4
DN00288,2026-02,24.3,26.0,80.7
DN00288,2026-03,20.4,20.5,80.6
DN00288,2026-04,20.6,21.3,79.9
DN00288,2026-05,18.6,17.2,81.3
DN00288,2026-06,26.0,25.3,81.9
DN00288,2026-07,29.2,26.9,84.2
DN00288,2026-08,25.3,25.7,83.8
DN00288,2026-09,21.6,21.8,83.7
DN00288,2026-10,26.1,26.5,83.3
DN00288,2026-11,25.7,27.8,81.3
DN00288,2026-12,21.4,21.8,80.8
DN00289,2026-01,2842.0,2780.0,2046.4
DN00289,2026-02,2055.5,1736.7,2365.1
DN00289,2026-03,2810.9,2836.5,2339.6
DN00289,2026-04,2861.9,3041.8,2159.7
DN00289,2026-05,3330.8,3138.8,2351.7
DN00289,2026-06,2635.0,2458.1,2528.6
DN00289,2026-07,2149.5,2176.9,2501.3
DN00289,2026-08,2384.1,2030.3,2855.1
DN00289,2026-09,2826.3,2911.2,2770.2
DN00289,2026-10,3267.2,3314.9,2722.5
DN00289,2026-11,2999.7,2763.6,2958.6
DN00289,2026-12,3957.5,3885.2,3030.9
DN00290,2026-01,1560.3,1539.7,1215.0
DN00290,2026-02,1384.4,1190.3,1409.2
DN00290,2026-03,1531.6,1594.3,1346.4
DN00290,2026-04,1553.5,1553.3,1346.7
DN00290,2026-05,1550.9,1391.9,1505.6
DN00290,2026-06,1743.5,1618.2,1630.9
DN00290,2026-07,1456.6,1405.0,1682.6
DN00290,2026-08,1565.3,1533.2,1714.7
DN00290,2026-09,1710.2,1701.2,1723.7
DN00290,2026-10,1417.4,1415.4,1725.8
DN00290,2026-11,2090.2,1945.2,1870.8
DN00290,2026-12,1938.2,1814.2,1994.7
DN00291,2026-01,730.4,715.3,465.5
DN00291,2026-02,653.6,671.7,447.4
DN00291,2026-03,564.6,619.6,392.4
DN00291,2026-04,675.0,685.0,382.4
DN00291,2026-05,856.3,825.0,413.8
DN00291,2026-06,577.7,553.2,438.3
DN00291,2026-07,733.9,736.6,435.6
DN00291,2026-08,776.1,818.2,393.5
DN00291,2026-09,668.2,674.8,386.9
DN00291,2026-10,694.8,647.3,434.5
DN00291,2026-11,708.1,742.5,400.1
DN00291,2026-12,761.4,763.2,398.3
DN00292,2026-01,2.8,3.0,5.6
DN00292,2026-02,2.5,2.3,5.8
DN00292,2026-03,4.2,3.9,6.0
DN00292,2026-04,4.8,4.9,5.9
DN00292,2026-05,4.0,4.2,5.7
DN00292,2026-06,4.3,4.4,5.6
DN00292,2026-07,4.3,4.2,5.7
DN00292,2026-08,3.9,3.8,5.9
DN00292,2026-09,3.7,3.7,5.9
DN00292,2026-10,4.1,3.9,6.1
DN00292,2026-11,5.2,5.4,5.9
DN00292,2026-12,5.4,5.4,5.9
DN00293,2026-01,79.0,76.3,50.6
DN00293,2026-02,60.8,60.3,51.1
DN00293,2026-03,85.9,84.1,52.8
DN00293,2026-04,97.4,90.3,59.9
DN00293,2026-05,99.6,93.2,66.3
DN00293,2026-06,77.1,71.3,72.1
DN00293,2026-07,89.4,83.5,78.0
DN00293,2026-08,81.7,79.3,80.5
DN00293,2026-09,72.7,72.8,80.4
DN00293,2026-10,89.9,91.1,79.3
DN00293,2026-11,77.5,79.5,77.3
DN00293,2026-12,123.3,125.7,74.8
DN00294,2026-01,2095.0,2152.7,2115.8
DN00294,2026-02,1831.6,1819.4,2127.9
DN00294,2026-03,1657.4,1732.0,2053.4
DN00294,2026-04,1746.0,1728.8,2070.5
DN00294,2026-05,2240.0,2342.8,1967.8
DN00294,2026-06,1962.7,2095.5,1835.0
DN00294,2026-07,1885.8,1811.4,1909.4
DN00294,2026-08,2402.8,2504.0,1808.1
DN00294,2026-09,2797.5,3051.2,1554.5
DN00294,2026-10,2175.0,2323.9,1405.6
DN00294,2026-11,2309.6,2243.0,1472.1
DN00294,2026-12,2877.0,3096.4,1252.8
DN00295,2026-01,33.3,32.0,46.5
DN00295,2026-02,36.5,39.9,43.1
DN00295,2026-03,56.5,56.7,43.0
DN00295,2026-04,48.1,51.4,39.6
DN00295,2026-05,48.6,48.0,40.2
DN00295,2026-06,56.2,55.9,40.5
DN00295,2026-07,61.7,55.9,46.2
DN00295,2026-08,57.4,59.2,44.5
DN00295,2026-09,64.7,62.6,46.6
DN00295,2026-10,70.4,72.1,44.9
DN00295,2026-11,67.8,64.9,47.8
DN00295,2026-12,85.2,97.3,35.8
DN00296,2026-01,20.2,21.8,4.0
DN00296,2026-02,23.1,22.4,4.7
DN00296,2026-03,26.7,27.7,3.7
DN00296,2026-04,21.0,21.5,3.2
DN00296,2026-05,25.0,24.3,3.8
DN00296,2026-06,22.6,22.6,3.8
DN00296,2026-07,20.9,21.2,3.5
DN00296,2026-08,21.7,22.1,3.1
DN00296,2026-09,19.8,19.9,3.1
DN00296,2026-10,18.8,17.4,4.5
DN00296,2026-11,25.8,27.4,2.9
DN00296,2026-12,20.2,20.7,2.4
DN00297,2026-01,59.5,60.8,68.3
DN00297,2026-02,49.8,47.4,70.7
DN00297,2026-03,70.7,64.3,77.1
DN00297,2026-04,83.0,85.8,74.2
DN00297,2026-05,75.8,71.6,78.4
DN00297,2026-06,111.1,99.0,90.5
DN00297,2026-07,93.9,90.9,93.4
DN00297,2026-08,78.3,74.5,97.2
DN00297,2026-09,102.3,106.7,92.9
DN00297,2026-10,95.3,85.7,102.6
DN00297,2026-11,96.2,111.2,87.5
DN00297,2026-12,114.8,123.4,78.9
DN00298,2026-01,86.6,76.7,30.7
DN00298,2026-02,99.2,99.5,30.5
DN00298,2026-03,117.9,120.9,27.5
DN00298,2026-04,87.3,73.6,41.3
DN00298,2026-05,100.6,103.8,38.0
DN00298,2026-06,98.3,88.2,48.1
DN00298,2026-07,90.2,90.1,48.2
DN00298,2026-08,94.3,89.2,53.3
DN00298,2026-09,93.3,107.4,39.2
DN00298,2026-10,82.1,76.2,45.1
DN00298,2026-11,76.9,67.1,54.8
DN00298,2026-12,84.7,81.2,58.3
DN00299,2026-01,1491.8,1439.5,19452.0
DN00299,2026-02,1486.8,1623.3,19315.5
DN00299,2026-03,1754.3,1730.2,19339.6
DN00299,2026-04,1994.0,2015.7,19317.9
DN00299,2026-05,1939.8,2187.8,19069.8
DN00299,2026-06,2000.4,2163.2,18907.0
DN00299,2026-07,1739.9,1999.3,18647.6
DN00299,2026-08,1691.4,1673.7,18665.3
DN00299,2026-09,1780.2,1782.3,18663.2
DN00299,2026-10,1767.5,1753.4,18677.3
DN00299,2026-11,2294.4,2363.9,18607.9
DN00299,2026-12,2199.1,2147.6,18659.4
DN00300,2026-01,875.0,842.9,1132.8
DN00300,2026-02,908.4,932.3,1108.9
DN00300,2026-03,1037.7,1042.0,1104.6
DN00300,2026-04,928.2,864.7,1168.1
DN00300,2026-05,966.5,889.0,1245.7
DN00300,2026-06,1039.6,1008.0,1277.2
DN00300,2026-07,987.0,943.2,1321.1
DN00300,2026-08,967.0,929.0,1359.0
DN00300,2026-09,1108.0,1121.6,1345.4
DN00300,2026-10,902.0,863.8,1383.6
DN00300,2026-11,1115.0,1195.5,1303.1
DN00300,2026-12,1372.3,1297.9,1377.5
DN00301,2026-01,201.1,212.5,101.4
DN00301,2026-02,202.5,209.8,94.0
DN00301,2026-03,156.6,164.9,85.8
DN00301,2026-04,169.0,182.3,72.4
DN00301,2026-05,199.5,212.3,59.7
DN00301,2026-06,212.9,234.3,38.3
DN00301,2026-07,151.9,153.4,36.8
DN00301,2026-08,179.9,169.5,47.2
DN00301,2026-09,218.9,204.9,61.3
DN00301,2026-10,256.0,279.0,38.2
DN00301,2026-11,188.1,183.5,42.8
DN00301,2026-12,223.9,200.0,66.7
DN00302,2026-01,117.0,109.3,64.6
DN00302,2026-02,90.3,91.7,63.2
DN00302,2026-03,103.8,95.3,71.7
DN00302,2026-04,90.9,93.0,69.6
DN00302,2026-05,107.2,83.6,93.2
DN00302,2026-06,119.1,118.2,94.1
DN00302,2026-07,91.4,80.5,104.9
DN00302,2026-08,125.3,111.4,118.8
DN00302,2026-09,114.5,103.8,129.6
DN00302,2026-10,125.4,131.0,124.0
DN00302,2026-11,136.5,124.4,136.2
DN00302,2026-12,141.0,149.4,127.7
DN00303,2026-01,871.0,832.5,585.5
DN00303,2026-02,845.4,781.9,648.9
DN00303,2026-03,895.1,751.8,792.3
DN00303,2026-04,899.4,903.6,788.0
DN00303,2026-05,996.4,909.3,875.1
DN00303,2026-06,883.4,893.5,865.0
DN00303,2026-07,1011.9,1006.1,870.8
DN00303,2026-08,1292.5,1309.0,854.2
DN00303,2026-09,863.7,945.0,772.9
DN00303,2026-10,1170.7,1173.9,769.7
DN00303,2026-11,1062.6,1039.1,793.2
DN00303,2026-12,815.9,805.1,804.0
DN00304,2026-01,1523.8,1455.5,2951.9
DN00304,2026-02,1803.5,1585.3,3170.0
DN00304,2026-03,1616.4,1609.6,3176.9
DN00304,2026-04,1894.4,1795.1,3276.3
DN00304,2026-05,1641.3,1765.6,3151.9
DN00304,2026-06,1910.9,1871.6,3191.3
DN00304,2026-07,1356.8,1499.0,3049.2
DN00304,2026-08,1238.7,1260.5,3027.4
DN00304,2026-09,1585.2,1571.8,3040.8
DN00304,2026-10,1731.1,1668.1,3103.8
DN00304,2026-11,1663.7,1831.8,2935.8
DN00304,2026-12,1370.0,1192.1,3113.7
DN00305,2026-01,9837.4,9844.2,3278.3
DN00305,2026-02,9039.4,9487.0,2830.7
DN00305,2026-03,7427.3,7862.6,2395.4
DN00305,2026-04,7298.3,7363.8,2329.9
DN00305,2026-05,11182.2,9957.2,3554.9
DN00305,2026-06,8427.2,8714.0,3268.1
DN00305,2026-07,9825.9,9933.1,3161.0
DN00305,2026-08,11417.4,12601.9,1976.4
DN00305,2026-09,10903.3,11345.8,1534.0
DN00305,2026-10,9302.6,9280.6,1555.9
DN00305,2026-11,11822.5,10470.4,2908.0
DN00305,2026-12,14478.5,14211.2,3175.3
DN00306,2026-01,142.1,138.6,345.4
DN00306,2026-02,103.3,97.8,350.9
DN00306,2026-03,167.0,161.5,356.3
DN00306,2026-04,180.7,178.7,358.3
DN00306,2026-05,175.4,145.1,388.6
DN00306,2026-06,170.8,172.5,386.9
DN00306,2026-07,203.9,209.7,381.1
DN00306,2026-08,194.8,187.4,388.5
DN00306,2026-09,174.5,160.4,402.6
DN00306,2026-10,196.8,189.9,409.5
DN00306,2026-11,170.2,181.1,398.7
DN00306,2026-12,206.9,215.8,389.7
DN00307,2026-01,764.7,733.6,143.6
DN00307,2026-02,340.7,296.3,188.0
DN00307,2026-03,467.9,444.7,211.2
DN00307,2026-04,497.4,480.6,228.0
DN00307,2026-05,394.5,423.0,199.4
DN00307,2026-06,511.2,492.8,217.8
DN00307,2026-07,455.7,417.5,255.9
DN00307,2026-08,492.4,482.9,265.4
DN00307,2026-09,607.1,556.1,316.5
DN00307,2026-10,445.0,449.7,311.7
DN00307,2026-11,576.9,579.0,309.7
DN00307,2026-12,635.1,601.7,343.1
DN00308,2026-01,89.5,81.6,33.5
DN00308,2026-02,57.5,60.1,31.0
DN00308,2026-03,59.5,62.9,27.6
DN00308,2026-04,68.9,68.5,28.0
DN00308,2026-05,94.4,89.7,32.7
DN00308,2026-06,76.6,70.0,39.2
DN00308,2026-07,68.5,66.5,41.3
DN00308,2026-08,76.7,77.3,40.7
DN00308,2026-09,77.8,85.1,33.4
DN00308,2026-10,79.2,76.9,35.7
DN00308,2026-11,97.3,92.2,40.9
DN00308,2026-12,108.3,111.0,38.1
DN00309,2026-01,2868.4,2794.3,1704.2
DN00309,2026-02,3217.6,2954.8,1967.0
DN00309,2026-03,2820.0,2906.9,1880.0
DN00309,2026-04,2877.7,3139.0,1618.6
DN00309,2026-05,2888.1,2751.1,1755.6
DN00309,2026-06,3089.7,3056.6,1788.7
DN00309,2026-07,3112.3,3518.8,1382.2
DN00309,2026-08,3023.8,3510.1,895.9
DN00309,2026-09,3226.4,3155.0,967.3
DN00309,2026-10,3606.0,3483.7,1089.6
DN00309,2026-11,2788.2,2567.0,1310.8
DN00309,2026-12,3485.5,3577.9,1218.4
DN00310,2026-01,97.2,97.1,126.9
DN00310,2026-02,98.4,101.7,123.6
DN00310,2026-03,93.2,81.0,135.7
DN00310,2026-04,86.0,94.8,127.0
DN00310,2026-05,83.8,87.3,123.4
DN00310,2026-06,115.5,105.7,133.2
DN00310,2026-07,99.2,79.7,152.7
DN00310,2026-08,87.5,83.4,156.7
DN00310,2026-09,110.9,99.8,167.8
DN00310,2026-10,84.6,80.4,172.0
DN00310,2026-11,107.1,98.5,180.6
DN00310,2026-12,128.3,135.3,173.7
DN00311,2026-01,335.7,334.6,169.0
DN00311,2026-02,326.5,299.6,195.9
DN00311,2026-03,331.0,323.0,203.9
DN00311,2026-04,505.0,535.2,173.7
DN00311,2026-05,477.6,468.6,182.8
DN00311,2026-06,473.0,464.2,191.6
DN00311,2026-07,361.1,343.7,209.0
DN00311,2026-08,408.0,394.1,222.9
DN00311,2026-09,382.3,329.3,275.9
DN00311,2026-10,549.5,515.3,310.0
DN00311,2026-11,355.6,318.1,347.5
DN00311,2026-12,548.2,495.6,400.1
DN00312,2026-01,103.8,107.6,30.5
DN00312,2026-02,62.2,61.1,31.5
DN00312,2026-03,107.3,98.1,40.8
DN00312,2026-04,111.9,109.1,43.5
DN00312,2026-05,110.5,108.2,45.8
DN00312,2026-06,79.1,73.2,51.6
DN00312,2026-07,84.4,80.9,55.1
DN00312,2026-08,111.5,118.9,47.8
DN00312,2026-09,109.6,110.9,46.5
DN00312,2026-10,107.9,104.1,50.2
DN00312,2026-11,124.8,114.4,60.7
DN00312,2026-12,112.1,111.5,61.3
DN00313,2026-01,19.7,19.3,18.6
DN00313,2026-02,12.7,13.0,18.3
DN00313,2026-03,16.8,17.3,17.7
DN00313,2026-04,15.5,14.0,19.2
DN00313,2026-05,16.8,17.0,19.0
DN00313,2026-06,17.2,17.3,19.0
DN00313,2026-07,19.3,18.9,19.4
DN00313,2026-08,19.3,18.8,19.9
DN00313,2026-09,12.8,12.3,20.4
DN00313,2026-10,16.8,17.3,20.0
DN00313,2026-11,19.7,20.5,19.2
DN00313,2026-12,19.2,20.2,18.3
DN00314,2026-01,920.7,988.6,680.3
DN00314,2026-02,916.5,791.2,805.6
DN00314,2026-03,817.1,810.4,812.3
DN00314,2026-04,949.5,922.7,839.1
DN00314,2026-05,788.9,838.0,790.0
DN00314,2026-06,930.3,907.2,813.1
DN00314,2026-07,1035.9,1082.6,766.4
DN00314,2026-08,826.1,793.9,798.6
DN00314,2026-09,785.4,678.1,905.9
DN00314,2026-10,905.0,862.2,948.7
DN00314,2026-11,774.7,722.3,1001.1
DN00314,2026-12,853.9,816.6,1038.5
DN00315,2026-01,251.6,253.3,232.3
DN00315,2026-02,215.4,241.9,205.8
DN00315,2026-03,287.4,311.9,181.3
DN00315,2026-04,216.0,205.9,191.5
DN00315,2026-05,232.2,222.9,200.9
DN00315,2026-06,206.8,202.8,204.9
DN00315,2026-07,238.1,253.3,189.7
DN00315,2026-08,190.6,188.5,191.8
DN00315,2026-09,239.7,239.4,192.1
DN00315,2026-10,215.6,219.0,188.7
DN00315,2026-11,236.6,223.1,202.2
DN00315,2026-12,246.4,261.0,187.7
DN00316,2026-01,76.6,83.1,2.0
DN00316,2026-02,52.5,49.2,5.3
DN00316,2026-03,66.8,58.9,13.2
DN00316,2026-04,59.5,59.2,13.4
DN00316,2026-05,61.4,55.2,19.6
DN00316,2026-06,65.4,62.5,22.5
DN00316,2026-07,82.7,76.8,28.4
DN00316,2026-08,75.8,69.6,34.6
DN00316,2026-09,53.9,54.3,34.2
DN00316,2026-10,63.1,56.4,40.9
DN00316,2026-11,67.5,64.7,43.7
DN00316,2026-12,74.1,73.6,44.2
DN00317,2026-01,361.8,345.7,685.0
DN00317,2026-02,385.3,359.1,711.2
DN00317,2026-03,558.8,553.6,716.4
DN00317,2026-04,608.7,655.0,670.1
DN00317,2026-05,564.3,534.1,700.4
DN00317,2026-06,774.7,721.4,753.6
DN00317,2026-07,709.8,706.5,756.9
DN00317,2026-08,717.5,684.8,789.7
DN00317,2026-09,694.1,689.9,793.9
DN00317,2026-10,845.6,884.1,755.4
DN00317,2026-11,628.8,626.1,758.2
DN00317,2026-12,802.9,887.2,673.9
DN00318,2026-01,7.5,7.6,188.8
DN00318,2026-02,5.8,6.1,188.6
DN00318,2026-03,8.8,9.3,188.1
DN00318,2026-04,9.5,9.8,187.8
DN00318,2026-05,10.4,10.0,188.2
DN00318,2026-06,10.0,9.5,188.8
DN00318,2026-07,10.7,12.1,187.4
DN00318,2026-08,9.8,10.2,186.9
DN00318,2026-09,10.7,12.5,185.1
DN00318,2026-10,9.7,9.7,185.1
DN00318,2026-11,11.7,12.3,184.5
DN00318,2026-12,13.3,14.2,183.7
DN00319,2026-01,11.6,10.9,12.2
DN00319,2026-02,15.7,14.5,13.4
DN00319,2026-03,17.3,17.7,13.0
DN00319,2026-04,20.9,21.9,11.9
DN00319,2026-05,25.1,25.3,11.7
DN00319,2026-06,22.5,22.3,12.0
DN00319,2026-07,22.9,27.1,7.9
DN00319,2026-08,17.7,17.6,8.1
DN00319,2026-09,20.6,20.4,8.2
DN00319,2026-10,28.3,28.3,8.2
DN00319,2026-11,25.3,27.0,6.5
DN00319,2026-12,36.7,40.5,2.7
DN00320,2026-01,18.0,20.0,92.8
DN00320,2026-02,14.5,14.2,93.1
DN00320,2026-03,20.8,20.0,93.9
DN00320,2026-04,16.0,16.2,93.6
DN00320,2026-05,22.9,23.3,93.2
DN00320,2026-06,18.9,18.6,93.5
DN00320,2026-07,20.9,22.7,91.6
DN00320,2026-08,20.0,20.4,91.2
DN00320,2026-09,17.0,19.7,88.5
DN00320,2026-10,22.6,23.7,87.4
DN00320,2026-11,20.5,21.0,86.8
DN00320,2026-12,28.0,28.8,85.9
DN00321,2026-01,76.4,76.4,247.6
DN00321,2026-02,70.6,72.0,246.2
DN00321,2026-03,84.3,90.5,239.9
DN00321,2026-04,74.5,84.1,230.3
DN00321,2026-05,90.0,97.1,223.3
DN00321,2026-06,102.1,107.5,217.9
DN00321,2026-07,81.5,84.4,215.0
DN00321,2026-08,100.9,91.2,224.6
DN00321,2026-09,112.8,107.4,230.0
DN00321,2026-10,116.3,121.4,224.9
DN00321,2026-11,95.9,87.6,233.2
DN00321,2026-12,134.7,133.8,234.1
DN00322,2026-01,24584.8,26062.3,37661.7
DN00322,2026-02,18743.3,20644.5,35760.4
DN00322,2026-03,25689.1,24350.3,37099.2
DN00322,2026-04,24723.3,24645.7,37176.8
DN00322,2026-05,23348.3,22794.1,37731.0
DN00322,2026-06,21524.9,22569.8,36686.2
DN00322,2026-07,22655.1,22888.8,36452.5
DN00322,2026-08,26183.0,24710.4,37925.2
DN00322,2026-09,27392.1,25841.1,39476.1
DN00322,2026-10,24640.6,24008.1,40108.6
DN00322,2026-11,22789.9,23053.3,39845.3
DN00322,2026-12,24578.3,25618.5,38805.1
DN00323,2026-01,65.8,66.8,28.7
DN00323,2026-02,65.6,60.5,33.8
DN00323,2026-03,51.0,52.2,32.6
DN00323,2026-04,51.7,52.2,32.2
DN00323,2026-05,57.4,64.3,25.2
DN00323,2026-06,59.1,60.4,23.9
DN00323,2026-07,55.5,59.4,20.0
DN00323,2026-08,67.0,65.2,21.7
DN00323,2026-09,51.4,53.4,19.7
DN00323,2026-10,48.9,47.1,21.5
DN00323,2026-11,59.4,57.0,24.0
DN00323,2026-12,44.5,43.1,25.4
DN00324,2026-01,1058.5,1081.2,7340.9
DN00324,2026-02,1023.5,1110.0,7254.4
DN00324,2026-03,1008.8,923.7,7339.5
DN00324,2026-04,1232.3,1112.3,7459.5
DN00324,2026-05,1143.1,1111.2,7491.4
DN00324,2026-06,957.3,954.4,7494.3
DN00324,2026-07,1064.1,1062.8,7495.6
DN00324,2026-08,1249.6,1351.7,7393.5
DN00324,2026-09,1155.0,1289.3,7259.1
DN00324,2026-10,1087.0,1054.4,7291.7
DN00324,2026-11,929.0,939.5,7281.2
DN00324,2026-12,1152.3,1243.9,7189.7
DN00325,2026-01,15970.8,14845.3,24609.5
DN00325,2026-02,14917.0,16466.4,23060.1
DN00325,2026-03,15318.9,14502.9,23876.0
DN00325,2026-04,12551.2,12579.3,23847.9
DN00325,2026-05,16930.9,16545.6,24233.3
DN00325,2026-06,18072.7,17636.9,24669.1
DN00325,2026-07,16284.0,16051.9,24901.3
DN00325,2026-08,15878.8,15595.4,25184.7
DN00325,2026-09,18197.7,19282.7,24099.7
DN00325,2026-10,15825.8,15836.0,24089.5
DN00325,2026-11,21988.3,23813.5,22264.2
DN00325,2026-12,22204.4,23257.4,21211.2
DN00326,2026-01,18.4,15.4,8.5
DN00326,2026-02,15.8,16.4,8.0
DN00326,2026-03,17.9,15.7,10.1
DN00326,2026-04,16.2,16.4,9.9
DN00326,2026-05,16.3,15.8,10.4
DN00326,2026-06,15.2,14.8,10.8
DN00326,2026-07,19.3,18.8,11.3
DN00326,2026-08,16.9,16.9,11.3
DN00326,2026-09,17.2,16.6,11.9
DN00326,2026-10,16.6,16.0,12.5
DN00326,2026-11,19.7,20.4,11.8
DN00326,2026-12,21.1,19.9,13.0
DN00327,2026-01,394.4,437.2,1370.9
DN00327,2026-02,389.5,362.7,1397.8
DN00327,2026-03,407.3,419.6,1385.5
DN00327,2026-04,457.7,453.7,1389.5
DN00327,2026-05,393.0,417.0,1365.5
DN00327,2026-06,351.4,334.7,1382.2
DN00327,2026-07,500.7,519.2,1363.7
DN00327,2026-08,454.0,453.6,1364.1
DN00327,2026-09,523.6,486.5,1401.2
DN00327,2026-10,451.0,423.4,1428.8
DN00327,2026-11,383.2,383.6,1428.5
DN00327,2026-12,483.4,494.1,1417.7
DN00328,2026-01,30.9,33.7,14.9
DN00328,2026-02,30.8,33.9,11.8
DN00328,2026-03,30.1,27.8,14.1
DN00328,2026-04,24.7,23.0,15.9
DN00328,2026-05,29.8,31.5,14.1
DN00328,2026-06,35.9,36.6,13.4
DN00328,2026-07,24.8,25.9,12.2
DN00328,2026-08,29.2,25.8,15.5
DN00328,2026-09,37.2,36.8,15.9
DN00328,2026-10,31.8,26.8,20.9
DN00328,2026-11,26.5,28.0,19.4
DN00328,2026-12,29.1,27.6,21.0
DN00329,2026-01,236.8,237.2,80.2
DN00329,2026-02,176.6,177.5,79.4
DN00329,2026-03,215.6,228.5,66.4
DN00329,2026-04,230.8,231.2,66.0
DN00329,2026-05,202.0,190.7,77.4
DN00329,2026-06,199.0,218.4,58.0
DN00329,2026-07,207.4,220.3,45.1
DN00329,2026-08,319.6,323.2,41.5
DN00329,2026-09,198.3,190.6,49.3
DN00329,2026-10,202.5,216.6,35.2
DN00329,2026-11,255.4,256.0,34.6
DN00329,2026-12,262.5,289.1,8.0
DN00330,2026-01,159.1,152.8,50.9
DN00330,2026-02,131.7,139.9,42.7
DN00330,2026-03,135.8,126.6,51.9
DN00330,2026-04,183.2,181.9,53.1
DN00330,2026-05,195.0,193.4,54.7
DN00330,2026-06,161.5,151.1,65.1
DN00330,2026-07,132.6,141.8,56.0
DN00330,2026-08,199.9,208.2,47.6
DN00330,2026-09,148.2,144.1,51.7
DN00330,2026-10,160.0,170.8,40.8
DN00330,2026-11,194.3,167.2,67.9
DN00330,2026-12,211.1,208.1,70.8
DN00331,2026-01,25.3,22.6,29.8
DN00331,2026-02,41.8,39.1,32.5
DN00331,2026-03,32.8,34.3,31.0
DN00331,2026-04,29.0,26.3,33.6
DN00331,2026-05,38.3,34.8,37.2
DN00331,2026-06,35.8,33.8,39.2
DN00331,2026-07,41.3,41.5,39.0
DN00331,2026-08,31.4,31.5,38.8
DN00331,2026-09,28.7,24.9,42.7
DN00331,2026-10,37.5,37.0,43.2
DN00331,2026-11,31.9,32.9,42.2
DN00331,2026-12,37.7,34.5,45.3
DN00332,2026-01,27.9,26.8,6.9
DN00332,2026-02,31.5,28.8,9.7
DN00332,2026-03,37.9,38.5,9.1
DN00332,2026-04,31.0,29.5,10.5
DN00332,2026-05,50.2,51.0,9.7
DN00332,2026-06,41.9,43.2,8.5
DN00332,2026-07,36.6,38.2,6.9
DN00332,2026-08,31.9,32.8,5.9
DN00332,2026-09,43.4,43.8,5.5
DN00332,2026-10,35.8,34.7,6.5
DN00332,2026-11,51.6,57.6,0.6
DN00332,2026-12,42.7,39.1,4.1
DN00333,2026-01,103.5,105.1,226.7
DN00333,2026-02,74.0,72.9,227.8
DN00333,2026-03,103.8,98.2,233.4
DN00333,2026-04,116.1,119.0,230.6
DN00333,2026-05,119.6,118.6,231.5
DN00333,2026-06,124.8,120.8,235.6
DN00333,2026-07,125.5,128.8,232.2
DN00333,2026-08,93.4,78.9,246.7
DN00333,2026-09,99.0,104.3,241.4
DN00333,2026-10,111.5,121.2,231.7
DN00333,2026-11,132.6,122.9,241.3
DN00333,2026-12,133.2,140.2,234.4
DN00334,2026-01,236.4,250.2,30.8
DN00334,2026-02,224.8,224.8,30.7
DN00334,2026-03,212.9,210.6,33.1
DN00334,2026-04,209.0,232.2,9.9
DN00334,2026-05,215.6,184.5,41.1
DN00334,2026-06,224.6,204.4,61.4
DN00334,2026-07,246.9,262.5,45.7
DN00334,2026-08,250.4,244.8,51.3
DN00334,2026-09,238.6,230.5,59.4
DN00334,2026-10,264.9,254.6,69.7
DN00334,2026-11,233.3,257.5,45.5
DN00334,2026-12,237.4,257.4,25.6
DN00335,2026-01,64.9,63.0,95.6
DN00335,2026-02,45.1,44.1,96.6
DN00335,2026-03,60.9,63.0,94.5
DN00335,2026-04,49.8,49.9,94.3
DN00335,2026-05,47.5,43.7,98.1
DN00335,2026-06,58.7,64.6,92.1
DN00335,2026-07,52.7,48.6,96.2
DN00335,2026-08,45.6,46.1,95.7
DN00335,2026-09,73.4,69.9,99.2
DN00335,2026-10,57.9,59.9,97.2
DN00335,2026-11,47.7,43.5,101.4
DN00335,2026-12,54.0,50.0,105.4
DN00336,2026-01,59.0,55.2,61.1
DN00336,2026-02,38.2,33.7,65.7
DN00336,2026-03,51.1,49.9,66.9
DN00336,2026-04,37.8,36.3,68.4
DN00336,2026-05,42.0,39.2,71.2
DN00336,2026-06,44.1,44.4,70.9
DN00336,2026-07,46.3,40.0,77.1
DN00336,2026-08,40.6,43.0,74.8
DN00336,2026-09,48.7,46.2,77.3
DN00336,2026-10,51.5,52.7,76.0
DN00336,2026-11,45.2,47.0,74.2
DN00336,2026-12,58.2,56.3,76.1
DN00337,2026-01,11342.1,12034.4,60254.2
DN00337,2026-02,10251.9,9979.8,60526.4
DN00337,2026-03,10964.8,10694.8,60796.4
DN00337,2026-04,11305.0,11390.3,60711.2
DN00337,2026-05,11152.3,11392.8,60470.7
DN00337,2026-06,14493.1,15863.9,59099.9
DN00337,2026-07,11413.5,10962.2,59551.1
DN00337,2026-08,12039.5,12453.7,59137.0
DN00337,2026-09,11894.3,10945.0,60086.4
DN00337,2026-10,12973.9,12830.7,60229.6
DN00337,2026-11,12400.7,12341.6,60288.6
DN00337,2026-12,13324.4,12993.9,60619.1
DN00338,2026-01,216.1,230.2,31.3
DN00338,2026-02,164.7,166.8,29.2
DN00338,2026-03,175.8,176.2,28.8
DN00338,2026-04,164.4,167.7,25.5
DN00338,2026-05,172.2,188.1,9.6
DN00338,2026-06,176.1,176.9,8.8
DN00338,2026-07,195.0,201.5,2.3
DN00338,2026-08,144.4,146.4,0.3
DN00338,2026-09,164.8,159.6,5.5
DN00338,2026-10,164.7,165.0,5.2
DN00338,2026-11,162.0,157.6,9.5
DN00338,2026-12,193.9,175.1,28.3
DN00339,2026-01,54.1,54.8,10.6
DN00339,2026-02,65.7,63.9,12.3
DN00339,2026-03,63.8,66.2,10.0
DN00339,2026-04,56.1,53.2,12.9
DN00339,2026-05,66.5,61.8,17.7
DN00339,2026-06,53.2,53.4,17.4
DN00339,2026-07,55.7,61.4,11.8
DN00339,2026-08,62.2,66.5,7.5
DN00339,2026-09,47.3,49.2,5.7
DN00339,2026-10,51.5,47.0,10.2
DN00339,2026-11,56.5,54.9,11.8
DN00339,2026-12,52.2,56.8,7.2
DN00340,2026-01,42.3,43.0,6.1
DN00340,2026-02,48.1,45.4,8.7
DN00340,2026-03,44.0,39.1,13.6
DN00340,2026-04,42.2,44.3,11.6
DN00340,2026-05,44.0,43.9,11.7
DN00340,2026-06,40.7,37.9,14.5
DN00340,2026-07,46.4,47.5,13.4
DN00340,2026-08,36.4,32.1,17.7
DN00340,2026-09,43.4,43.5,17.6
DN00340,2026-10,43.6,42.4,18.8
DN00340,2026-11,47.3,44.6,21.5
DN00340,2026-12,45.1,41.3,25.3
DN00341,2026-01,1581.8,1422.4,2777.8
DN00341,2026-02,1470.1,1395.6,2852.3
DN00341,2026-03,1633.4,1532.5,2953.2
DN00341,2026-04,1579.3,1475.5,3057.0
DN00341,2026-05,1937.3,1983.6,3010.8
DN00341,2026-06,1666.4,1574.3,3102.9
DN00341,2026-07,1426.1,1438.0,3091.0
DN00341,2026-08,1716.7,1953.3,2854.4
DN00341,2026-09,1832.5,1843.1,2843.8
DN00341,2026-10,2123.6,2184.6,2782.8
DN00341,2026-11,1781.0,1879.6,2684.2
DN00341,2026-12,2137.7,1980.7,2841.2
DN00342,2026-01,86.8,85.3,36.6
DN00342,2026-02,98.1,94.1,40.6
DN00342,2026-03,71.6,67.7,44.5
DN00342,2026-04,100.0,103.0,41.5
DN00342,2026-05,94.7,92.4,43.8
DN00342,2026-06,94.5,88.6,49.7
DN00342,2026-07,100.7,106.8,43.6
DN00342,2026-08,91.7,94.8,40.5
DN00342,2026-09,85.0,75.4,50.1
DN00342,2026-10,84.2,75.1,59.1
DN00342,2026-11,90.9,83.1,66.9
DN00342,2026-12,73.1,66.2,73.9
DN00343,2026-01,4.8,5.4,53.2
DN00343,2026-02,5.7,5.8,53.1
DN00343,2026-03,4.0,4.5,52.6
DN00343,2026-04,4.9,4.7,52.8
DN00343,2026-05,4.5,4.3,53.0
DN00343,2026-06,4.8,4.2,53.6
DN00343,2026-07,4.1,4.1,53.5
DN00343,2026-08,3.2,3.2,53.5
DN00343,2026-09,4.3,4.3,53.5
DN00343,2026-10,4.7,4.8,53.4
DN00343,2026-11,5.1,5.9,52.6
DN00343,2026-12,4.2,4.9,51.9
DN00344,2026-01,16.9,16.0,56.0
DN00344,2026-02,15.3,14.9,56.4
DN00344,2026-03,14.7,16.4,54.8
DN00344,2026-04,20.8,22.3,53.2
DN00344,2026-05,17.8,16.2,54.9
DN00344,2026-06,17.1,14.3,57.7
DN00344,2026-07,19.7,19.6,57.9
DN00344,2026-08,16.9,18.0,56.8
DN00344,2026-09,17.4,16.2,58.0
DN00344,2026-10,19.1,19.2,57.8
DN00344,2026-11,15.9,17.3,56.4
DN00344,2026-12,18.1,18.4,56.2
DN00345,2026-01,225.0,219.5,87.8
DN00345,2026-02,187.3,195.0,80.1
DN00345,2026-03,216.5,200.9,95.6
DN00345,2026-04,223.7,231.7,87.7
DN00345,2026-05,279.0,274.0,92.6
DN00345,2026-06,260.3,257.3,95.6
DN00345,2026-07,226.2,197.9,123.9
DN00345,2026-08,258.3,235.1,147.1
DN00345,2026-09,239.2,240.0,146.3
DN00345,2026-10,242.6,238.9,150.1
DN00345,2026-11,313.6,304.9,158.7
DN00345,2026-12,471.2,404.8,225.0
DN00346,2026-01,192.0,202.6,108.1
DN00346,2026-02,196.0,176.1,128.1
DN00346,2026-03,200.9,222.5,106.5
DN00346,2026-04,219.9,234.4,92.0
DN00346,2026-05,214.2,207.0,99.3
DN00346,2026-06,203.7,209.9,93.0
DN00346,2026-07,260.4,232.3,121.1
DN00346,2026-08,181.1,185.6,116.6
DN00346,2026-09,207.5,193.4,130.7
DN00346,2026-10,198.4,165.9,163.1
DN00346,2026-11,214.8,226.1,151.9
DN00346,2026-12,235.3,229.2,157.9
DN00347,2026-01,52.4,42.6,80.3
DN00347,2026-02,36.6,35.1,81.8
DN00347,2026-03,44.6,44.0,82.3
DN00347,2026-04,42.4,41.9,82.8
DN00347,2026-05,52.9,50.6,85.0
DN00347,2026-06,57.9,59.3,83.6
DN00347,2026-07,40.4,40.9,83.1
DN00347,2026-08,35.2,30.8,87.5
DN00347,2026-09,40.4,39.3,88.7
DN00347,2026-10,52.0,49.4,91.2
DN00347,2026-11,41.8,40.1,92.9
DN00347,2026-12,45.5,45.8,92.6
DN00348,2026-01,769.9,780.4,288.3
DN00348,2026-02,669.5,644.3,313.4
DN00348,2026-03,814.9,796.9,331.4
DN00348,2026-04,644.8,622.7,353.6
DN00348,2026-05,687.3,673.9,367.0
DN00348,2026-06,573.1,566.1,374.0
DN00348,2026-07,756.3,702.0,428.3
DN00348,2026-08,795.1,699.9,523.5
DN00348,2026-09,791.7,816.1,499.1
DN00348,2026-10,721.3,703.0,517.4
DN00348,2026-11,745.5,736.3,526.5
DN00348,2026-12,612.2,593.0,545.8
DN00349,2026-01,562.0,584.3,3336.6
DN00349,2026-02,504.5,515.8,3325.3
DN00349,2026-03,577.6,563.2,3339.7
DN00349,2026-04,702.6,687.3,3355.0
DN00349,2026-05,525.3,508.0,3372.3
DN00349,2026-06,479.3,476.7,3374.9
DN00349,2026-07,684.8,691.4,3368.2
DN00349,2026-08,525.7,512.6,3381.4
DN00349,2026-09,497.9,541.1,3338.2
DN00349,2026-10,539.3,559.2,3318.3
DN00349,2026-11,707.7,669.3,3356.7
DN00349,2026-12,788.6,858.4,3286.9
DN00350,2026-01,470.9,502.2,1417.3
DN00350,2026-02,473.9,498.2,1393.0
DN00350,2026-03,372.9,359.0,1406.9
DN00350,2026-04,404.8,398.6,1413.1
DN00350,2026-05,415.4,413.9,1414.5
DN00350,2026-06,374.9,369.3,1420.1
DN00350,2026-07,386.4,389.6,1416.9
DN00350,2026-08,493.9,531.8,1379.0
DN00350,2026-09,490.8,528.5,1341.3
DN00350,2026-10,418.6,437.1,1322.8
DN00350,2026-11,492.9,545.4,1270.2
DN00350,2026-12,533.2,551.2,1252.1
DN00351,2026-01,15.2,14.4,8.9
DN00351,2026-02,13.4,12.7,9.6
DN00351,2026-03,20.3,21.0,8.8
DN00351,2026-04,19.2,21.4,6.7
DN00351,2026-05,15.7,14.0,8.4
DN00351,2026-06,15.8,15.7,8.5
DN00351,2026-07,15.2,16.5,7.2
DN00351,2026-08,20.6,20.4,7.3
DN00351,2026-09,20.2,18.0,9.5
DN00351,2026-10,15.4,15.5,9.5
DN00351,2026-11,20.9,20.9,9.5
DN00351,2026-12,18.5,19.2,8.8
DN00352,2026-01,40.6,40.3,33.6
DN00352,2026-02,30.5,32.3,31.8
DN00352,2026-03,34.4,37.8,28.4
DN00352,2026-04,28.6,30.4,26.6
DN00352,2026-05,36.2,34.6,28.2
DN00352,2026-06,35.4,37.4,26.3
DN00352,2026-07,24.3,23.8,26.8
DN00352,2026-08,34.1,33.2,27.7
DN00352,2026-09,42.7,38.5,31.9
DN00352,2026-10,38.6,35.8,34.7
DN00352,2026-11,42.5,40.4,36.9
DN00352,2026-12,49.0,49.3,36.6
DN00353,2026-01,36.5,35.5,64.4
DN00353,2026-02,37.6,34.8,67.2
DN00353,2026-03,34.7,31.8,70.1
DN00353,2026-04,33.7,36.1,67.8
DN00353,2026-05,35.6,35.0,68.4
DN00353,2026-06,38.1,39.6,66.9
DN00353,2026-07,29.4,28.7,67.7
DN00353,2026-08,34.6,37.1,65.2
DN00353,2026-09,29.2,28.2,66.2
DN00353,2026-10,34.5,32.4,68.4
DN00353,2026-11,32.9,34.6,66.6
DN00353,2026-12,39.1,40.6,65.1
DN00354,2026-01,550.3,517.2,264.9
DN00354,2026-02,458.7,419.2,304.4
DN00354,2026-03,503.6,519.9,288.1
DN00354,2026-04,376.0,340.0,324.1
DN00354,2026-05,454.5,396.4,382.2
DN00354,2026-06,432.0,382.7,431.5
DN00354,2026-07,389.2,365.4,455.4
DN00354,2026-08,485.6,518.0,422.9
DN00354,2026-09,417.6,368.8,471.7
DN00354,2026-10,532.5,597.4,406.8
DN00354,2026-11,460.9,401.9,465.7
DN00354,2026-12,558.2,519.9,504.0
DN00355,2026-01,788.8,771.9,192.5
DN00355,2026-02,661.7,661.9,192.4
DN00355,2026-03,732.9,698.9,226.4
DN00355,2026-04,812.8,710.7,328.4
DN00355,2026-05,834.4,949.4,213.4
DN00355,2026-06,827.4,873.4,167.4
DN00355,2026-07,726.6,702.6,191.3
DN00355,2026-08,767.4,788.3,170.4
DN00355,2026-09,673.0,659.5,183.9
DN00355,2026-10,777.8,760.7,200.9
DN00355,2026-11,752.0,783.0,169.9
DN00355,2026-12,837.8,872.9,134.9
DN00356,2026-01,1178.7,1010.8,321.9
DN00356,2026-02,818.8,764.1,376.6
DN00356,2026-03,1074.1,1089.6,361.1
DN00356,2026-04,1222.3,1179.8,403.6
DN00356,2026-05,1208.2,1273.0,338.7
DN00356,2026-06,1156.2,1059.9,435.1
DN00356,2026-07,1200.2,1143.9,491.4
DN00356,2026-08,1180.5,1090.0,581.9
DN00356,2026-09,1062.0,1080.2,563.6
DN00356,2026-10,1261.4,1090.6,734.5
DN00356,2026-11,1409.3,1321.5,822.2
DN00356,2026-12,1741.6,1745.9,817.9
DN00357,2026-01,51.5,55.8,21.5
DN00357,2026-02,48.3,44.8,25.0
DN00357,2026-03,45.8,48.8,22.0
DN00357,2026-04,43.6,39.3,26.2
DN00357,2026-05,56.7,55.9,27.0
DN00357,2026-06,47.6,43.0,31.6
DN00357,2026-07,48.4,44.4,35.6
DN00357,2026-08,40.1,38.6,37.1
DN00357,2026-09,45.3,44.2,38.2
DN00357,2026-10,46.2,44.1,40.3
DN00357,2026-11,55.9,52.5,43.7
DN00357,2026-12,50.3,47.4,46.6
DN00358,2026-01,3434.5,3343.8,1371.7
DN00358,2026-02,2194.8,2188.5,1378.0
DN00358,2026-03,2636.9,2822.4,1192.5
DN00358,2026-04,2737.7,2909.8,1020.4
DN00358,2026-05,2184.0,2143.4,1061.0
DN00358,2026-06,2634.2,2585.2,1110.0
DN00358,2026-07,2891.4,2831.3,1170.0
DN00358,2026-08,2754.6,2611.2,1313.5
DN00358,2026-09,2377.7,2145.5,1545.7
DN00358,2026-10,3140.5,3094.4,1591.8
DN00358,2026-11,2539.3,2606.5,1524.7
DN00358,2026-12,4183.7,3604.0,2104.3
DN00359,2026-01,146.0,141.5,23.2
DN00359,2026-02,123.4,123.3,23.3
DN00359,2026-03,120.5,119.7,24.1
DN00359,2026-04,211.3,212.4,23.0
DN00359,2026-05,151.1,143.7,30.4
DN00359,2026-06,201.3,198.8,32.9
DN00359,2026-07,146.5,152.7,26.7
DN00359,2026-08,178.8,179.0,26.5
DN00359,2026-09,140.3,138.2,28.5
DN00359,2026-10,208.8,204.1,33.3
DN00359,2026-11,165.0,166.0,32.3
DN00359,2026-12,201.5,207.3,26.5
DN00360,2026-01,12.0,12.2,5.7
DN00360,2026-02,10.2,9.9,6.1
DN00360,2026-03,17.1,15.4,7.7
DN00360,2026-04,17.4,17.8,7.3
DN00360,2026-05,16.9,17.3,6.9
DN00360,2026-06,17.2,17.8,6.3
DN00360,2026-07,19.0,18.9,6.4
DN00360,2026-08,15.5,17.8,4.1
DN00360,2026-09,17.1,18.8,2.4
DN00360,2026-10,17.8,17.6,2.6
DN00360,2026-11,20.5,21.8,1.2
DN00360,2026-12,25.9,26.9,0.1
DN00361,2026-01,96.7,94.8,345.3
DN00361,2026-02,63.1,67.8,340.7
DN00361,2026-03,96.2,94.5,342.4
DN00361,2026-04,93.9,100.4,335.9
DN00361,2026-05,97.3,93.2,340.1
DN00361,2026-06,86.5,93.7,332.8
DN00361,2026-07,90.5,88.3,335.0
DN00361,2026-08,89.9,89.1,335.8
DN00361,2026-09,75.4,76.2,334.9
DN00361,2026-10,108.4,108.7,334.6
DN00361,2026-11,119.6,114.4,339.8
DN00361,2026-12,144.9,148.2,336.6
DN00362,2026-01,97.2,95.6,483.6
DN00362,2026-02,102.0,94.3,491.3
DN00362,2026-03,92.0,91.3,492.0
DN00362,2026-04,104.9,99.4,497.5
DN00362,2026-05,112.1,103.6,506.0
DN00362,2026-06,97.5,105.3,498.3
DN00362,2026-07,110.6,117.2,491.6
DN00362,2026-08,101.9,100.7,492.8
DN00362,2026-09,95.8,97.9,490.7
DN00362,2026-10,109.9,124.5,476.1
DN00362,2026-11,78.7,67.9,486.9
DN00362,2026-12,112.5,121.8,477.6
DN00363,2026-01,4066.2,4316.0,160.9
DN00363,2026-02,3097.5,3026.6,231.7
DN00363,2026-03,3230.0,3099.7,362.0
DN00363,2026-04,3727.4,3653.8,435.5
DN00363,2026-05,3389.4,3209.2,615.7
DN00363,2026-06,3597.3,3663.7,549.3
DN00363,2026-07,3702.2,3305.9,945.6
DN00363,2026-08,3642.4,3776.0,811.9
DN00363,2026-09,3899.4,3761.2,950.1
DN00363,2026-10,5243.4,4824.0,1369.5
DN00363,2026-11,3912.6,3474.6,1807.6
DN00363,2026-12,5817.8,4911.9,2713.6
DN00364,2026-01,2174.4,2159.4,526.7
DN00364,2026-02,1976.7,1865.0,638.4
DN00364,2026-03,1946.1,1611.8,972.6
DN00364,2026-04,1803.2,1647.9,1127.8
DN00364,2026-05,2206.0,2094.1,1239.7
DN00364,2026-06,1818.5,1670.0,1388.1
DN00364,2026-07,1994.0,1863.7,1518.5
DN00364,2026-08,1907.6,1838.2,1587.9
DN00364,2026-09,2096.9,2176.3,1508.4
DN00364,2026-10,1762.1,1784.7,1485.9
DN00364,2026-11,2688.1,2616.2,1557.8
DN00364,2026-12,1953.9,1916.2,1595.5
DN00365,2026-01,54.0,58.0,122.7
DN00365,2026-02,39.3,38.6,123.3
DN00365,2026-03,70.8,76.5,117.6
DN00365,2026-04,68.1,58.9,126.7
DN00365,2026-05,84.7,90.9,120.5
DN00365,2026-06,82.3,75.5,127.3
DN00365,2026-07,82.2,88.3,121.3
DN00365,2026-08,69.6,66.6,124.2
DN00365,2026-09,77.3,81.7,119.8
DN00365,2026-10,84.2,89.3,114.7
DN00365,2026-11,68.9,74.2,109.4
DN00365,2026-12,104.5,104.7,109.2
DN00366,2026-01,134.1,130.5,124.3
DN00366,2026-02,104.9,104.5,124.7
DN00366,2026-03,141.1,147.6,118.2
DN00366,2026-04,139.2,150.4,107.0
DN00366,2026-05,146.2,149.8,103.4
DN00366,2026-06,149.2,158.9,93.7
DN00366,2026-07,151.4,153.7,91.5
DN00366,2026-08,167.5,162.4,96.6
DN00366,2026-09,138.1,119.8,114.9
DN00366,2026-10,191.2,184.6,121.4
DN00366,2026-11,175.7,165.8,131.3
DN00366,2026-12,181.5,166.1,146.7
DN00367,2026-01,450.7,498.5,121.2
DN00367,2026-02,447.1,449.3,118.9
DN00367,2026-03,442.2,444.4,116.7
DN00367,2026-04,478.8,523.2,72.4
DN00367,2026-05,433.0,403.0,102.4
DN00367,2026-06,528.9,486.1,145.2
DN00367,2026-07,478.6,501.9,121.9
DN00367,2026-08,590.1,612.8,99.3
DN00367,2026-09,560.9,563.7,96.5
DN00367,2026-10,493.8,502.7,87.6
DN00367,2026-11,602.4,615.8,74.2
DN00367,2026-12,598.5,531.4,141.3
DN00368,2026-01,84.0,90.0,16.5
DN00368,2026-02,56.0,52.4,20.1
DN00368,2026-03,56.2,56.8,19.4
DN00368,2026-04,61.8,69.4,11.9
DN00368,2026-05,65.5,65.3,12.0
DN00368,2026-06,57.0,56.5,12.5
DN00368,2026-07,56.4,57.8,11.2
DN00368,2026-08,70.7,72.7,9.2
DN00368,2026-09,62.4,66.3,5.3
DN00368,2026-10,66.1,64.6,6.9
DN00368,2026-11,55.8,59.9,2.7
DN00368,2026-12,49.0,48.9,2.7
DN00369,2026-01,135.8,123.3,198.2
DN00369,2026-02,151.2,154.9,194.5
DN00369,2026-03,178.3,167.9,204.9
DN00369,2026-04,171.4,152.7,223.6
DN00369,2026-05,159.7,159.0,224.4
DN00369,2026-06,179.2,170.1,233.5
DN00369,2026-07,130.2,128.7,235.1
DN00369,2026-08,136.8,136.1,235.7
DN00369,2026-09,123.9,121.6,238.1
DN00369,2026-10,183.7,168.2,253.6
DN00369,2026-11,153.3,167.8,239.1
DN00369,2026-12,159.5,159.7,238.9
DN00370,2026-01,6.1,5.8,10.8
DN00370,2026-02,5.3,5.1,11.1
DN00370,2026-03,6.8,7.3,10.5
DN00370,2026-04,6.5,6.5,10.5
DN00370,2026-05,7.2,7.6,10.0
DN00370,2026-06,8.7,7.9,10.8
DN00370,2026-07,6.5,5.8,11.5
DN00370,2026-08,6.6,7.0,11.1
DN00370,2026-09,6.3,5.7,11.8
DN00370,2026-10,7.5,7.1,12.2
DN00370,2026-11,8.5,9.3,11.4
DN00370,2026-12,8.7,7.6,12.5
DN00371,2026-01,74.1,81.9,33.9
DN00371,2026-02,63.4,61.5,35.8
DN00371,2026-03,72.0,75.3,32.5
DN00371,2026-04,96.8,97.8,31.5
DN00371,2026-05,80.6,80.8,31.3
DN00371,2026-06,86.8,89.8,28.2
DN00371,2026-07,63.6,64.8,27.0
DN00371,2026-08,70.8,68.8,29.0
DN00371,2026-09,73.7,77.6,25.2
DN00371,2026-10,97.3,99.4,23.2
DN00371,2026-11,83.6,79.9,26.9
DN00371,2026-12,82.7,80.8,28.8
DN00372,2026-01,7550.0,7086.9,14748.6
DN00372,2026-02,9607.5,9078.8,15277.3
DN00372,2026-03,8102.1,7679.1,15700.4
DN00372,2026-04,9455.9,9440.1,15716.1
DN00372,2026-05,8499.3,8557.9,15657.5
DN00372,2026-06,7865.6,6262.9,17260.3
DN00372,2026-07,8485.9,8039.6,17706.6
DN00372,2026-08,7255.2,6788.5,18173.3
DN00372,2026-09,8031.2,6842.7,19361.7
DN00372,2026-10,8099.7,7826.3,19635.1
DN00372,2026-11,11462.7,11689.9,19407.9
DN00372,2026-12,8540.6,7945.3,20003.3
DN00373,2026-01,11.6,12.5,6.8
DN00373,2026-02,7.0,7.1,6.8
DN00373,2026-03,12.8,13.1,6.4
DN00373,2026-04,14.0,13.0,7.4
DN00373,2026-05,20.5,18.4,9.6
DN00373,2026-06,19.1,19.0,9.7
DN00373,2026-07,15.1,15.2,9.5
DN00373,2026-08,13.6,13.1,10.0
DN00373,2026-09,12.8,13.2,9.6
DN00373,2026-10,13.8,13.6,9.9
DN00373,2026-11,18.6,19.9,8.6
DN00373,2026-12,17.9,16.3,10.2
DN00374,2026-01,326.3,320.7,325.9
DN00374,2026-02,284.3,290.2,320.0
DN00374,2026-03,257.9,268.1,309.8
DN00374,2026-04,279.0,268.0,320.7
DN00374,2026-05,268.8,263.3,326.3
DN00374,2026-06,333.3,330.3,329.2
DN00374,2026-07,228.3,257.6,299.9
DN00374,2026-08,293.6,285.4,308.1
DN00374,2026-09,219.1,235.9,291.3
DN00374,2026-10,298.9,328.0,262.2
DN00374,2026-11,355.7,343.2,274.7
DN00374,2026-12,508.5,522.8,260.4
DN00375,2026-01,79.4,82.3,32.1
DN00375,2026-02,76.8,72.0,36.9
DN00375,2026-03,91.0,88.0,39.9
DN00375,2026-04,100.3,105.5,34.7
DN00375,2026-05,71.9,67.4,39.2
DN00375,2026-06,84.2,88.4,35.0
DN00375,2026-07,74.5,69.5,40.1
DN00375,2026-08,78.5,80.9,37.6
DN00375,2026-09,75.0,73.1,39.6
DN00375,2026-10,60.7,61.8,38.4
DN00375,2026-11,83.9,85.2,37.2
DN00375,2026-12,78.8,73.8,42.2
DN00376,2026-01,101.7,97.2,37.0
DN00376,2026-02,67.5,64.6,39.9
DN00376,2026-03,96.0,94.4,41.5
DN00376,2026-04,95.7,93.7,43.6
DN00376,2026-05,116.4,117.7,42.2
DN00376,2026-06,74.1,74.0,42.4
DN00376,2026-07,82.4,86.2,38.6
DN00376,2026-08,101.2,104.5,35.3
DN00376,2026-09,87.9,86.8,36.4
DN00376,2026-10,104.3,96.6,44.1
DN00376,2026-11,108.7,101.6,51.2
DN00376,2026-12,136.9,127.6,60.5
DN00377,2026-01,381.1,372.3,417.2
DN00377,2026-02,386.6,394.2,409.7
DN00377,2026-03,624.0,661.3,372.3
DN00377,2026-04,651.2,606.5,417.0
DN00377,2026-05,608.6,609.4,416.2
DN00377,2026-06,659.4,640.7,434.9
DN00377,2026-07,697.1,652.1,479.9
DN00377,2026-08,623.8,573.6,530.2
DN00377,2026-09,647.6,697.9,479.9
DN00377,2026-10,588.6,563.5,505.0
DN00377,2026-11,766.7,727.6,544.1
DN00377,2026-12,846.4,775.4,615.2
DN00378,2026-01,48.8,49.5,37.9
DN00378,2026-02,39.5,38.1,39.2
DN00378,2026-03,46.9,48.2,38.0
DN00378,2026-04,47.1,44.9,40.2
DN00378,2026-05,46.7,46.2,40.7
DN00378,2026-06,44.6,41.1,44.2
DN00378,2026-07,42.5,42.8,43.9
DN00378,2026-08,47.1,45.3,45.7
DN00378,2026-09,39.6,38.8,46.6
DN00378,2026-10,57.1,56.0,47.6
DN00378,2026-11,48.8,50.0,46.5
DN00378,2026-12,67.4,55.8,58.0
DN00379,2026-01,3.9,4.2,97.4
DN00379,2026-02,2.8,3.0,97.2
DN00379,2026-03,4.0,3.7,97.5
DN00379,2026-04,5.2,5.2,97.5
DN00379,2026-05,6.1,5.0,98.5
DN00379,2026-06,6.3,6.3,98.5
DN00379,2026-07,5.0,5.0,98.5
DN00379,2026-08,5.2,5.5,98.3
DN00379,2026-09,6.2,6.4,98.1
DN00379,2026-10,6.5,6.4,98.3
DN00379,2026-11,5.5,5.6,98.2
DN00379,2026-12,7.9,7.5,98.6
DN00380,2026-01,785.7,793.3,935.7
DN00380,2026-02,965.0,1105.2,795.6
DN00380,2026-03,785.2,806.8,773.9
DN00380,2026-04,896.0,769.1,900.9
DN00380,2026-05,964.2,1052.0,813.1
DN00380,2026-06,970.2,1036.3,747.0
DN00380,2026-07,664.3,665.8,745.5
DN00380,2026-08,972.7,962.3,756.0
DN00380,2026-09,803.0,791.8,767.1
DN00380,2026-10,714.6,684.8,796.9
DN00380,2026-11,952.2,1077.6,671.5
DN00380,2026-12,868.8,909.2,631.1
DN00381,2026-01,1963.7,1971.2,2133.5
DN00381,2026-02,1677.4,1635.5,2175.4
DN00381,2026-03,1702.2,1633.0,2244.7
DN00381,2026-04,1771.5,1589.8,2426.4
DN00381,2026-05,1833.2,1851.5,2408.0
DN00381,2026-06,1893.8,1969.5,2332.3
DN00381,2026-07,2024.2,1974.4,2382.2
DN00381,2026-08,1781.1,1765.2,2398.1
DN00381,2026-09,1744.7,1765.7,2377.1
DN00381,2026-10,1917.4,1827.2,2467.4
DN00381,2026-11,1929.4,1981.3,2415.4
DN00381,2026-12,2357.9,2149.5,2623.8
DN00382,2026-01,1730.4,1716.9,860.3
DN00382,2026-02,1192.7,1226.2,826.9
DN00382,2026-03,1651.7,1489.6,988.9
DN00382,2026-04,2115.6,2149.5,955.1
DN00382,2026-05,1660.4,1658.8,956.7
DN00382,2026-06,1918.9,1868.7,1006.9
DN00382,2026-07,2174.0,2237.9,943.1
DN00382,2026-08,1949.1,1960.1,932.1
DN00382,2026-09,1574.9,1604.7,902.4
DN00382,2026-10,2323.2,2436.2,789.4
DN00382,2026-11,1813.5,1817.8,785.1
DN00382,2026-12,2597.3,2352.5,1029.9
DN00383,2026-01,350.0,323.5,212.6
DN00383,2026-02,296.0,288.1,220.5
DN00383,2026-03,346.6,340.8,226.3
DN00383,2026-04,385.7,389.7,222.3
DN00383,2026-05,403.8,392.6,233.5
DN00383,2026-06,318.6,275.3,276.9
DN00383,2026-07,344.4,335.6,285.7
DN00383,2026-08,383.8,389.4,280.1
DN00383,2026-09,336.5,288.5,328.0
DN00383,2026-10,361.7,342.5,347.2
DN00383,2026-11,418.2,385.7,379.7
DN00383,2026-12,354.2,331.3,402.6
DN00384,2026-01,86.5,88.4,7.0
DN00384,2026-02,65.5,57.3,15.1
DN00384,2026-03,61.3,56.5,19.9
DN00384,2026-04,66.1,63.8,22.1
DN00384,2026-05,58.8,62.1,18.9
DN00384,2026-06,63.0,56.8,25.0
DN00384,2026-07,81.0,85.3,20.6
DN00384,2026-08,71.7,71.0,21.3
DN00384,2026-09,66.1,66.8,20.5
DN00384,2026-10,74.8,78.1,17.2
DN00384,2026-11,51.5,50.1,18.6
DN00384,2026-12,70.3,70.6,18.3
DN00385,2026-01,298.9,292.3,65.6
DN00385,2026-02,310.4,314.0,62.0
DN00385,2026-03,332.3,311.5,82.9
DN00385,2026-04,262.1,211.6,133.3
DN00385,2026-05,345.5,370.4,108.5
DN00385,2026-06,265.9,252.5,122.0
DN00385,2026-07,338.0,330.2,129.8
DN00385,2026-08,285.5,257.6,157.8
DN00385,2026-09,286.6,311.1,133.3
DN00385,2026-10,325.3,320.0,138.6
DN00385,2026-11,307.8,277.0,169.3
DN00385,2026-12,261.1,244.0,186.3
DN00386,2026-01,4730.3,3891.7,2302.2
DN00386,2026-02,3296.7,3064.4,2534.4
DN00386,2026-03,4151.5,4316.2,2369.7
DN00386,2026-04,3694.3,3915.7,2148.2
DN00386,2026-05,4067.9,4658.6,1557.6
DN00386,2026-06,3954.9,3841.8,1670.7
DN00386,2026-07,3112.8,3176.3,1607.2
DN00386,2026-08,4546.6,4752.6,1401.2
DN00386,2026-09,4609.4,5079.6,930.9
DN00386,2026-10,3461.6,3651.4,741.1
DN00386,2026-11,4121.5,4324.7,537.9
DN00386,2026-12,6273.1,6031.3,779.7
DN00387,2026-01,14.0,13.4,12.5
DN00387,2026-02,16.6,17.8,11.2
DN00387,2026-03,14.3,14.1,11.4
DN00387,2026-04,16.1,16.5,11.0
DN00387,2026-05,12.9,14.0,9.8
DN00387,2026-06,13.9,13.8,9.9
DN00387,2026-07,17.7,18.6,9.0
DN00387,2026-08,15.1,14.8,9.3
DN00387,2026-09,16.1,15.5,9.9
DN00387,2026-10,15.9,15.1,10.6
DN00387,2026-11,15.5,15.7,10.4
DN00387,2026-12,16.3,17.7,9.1
DN00388,2026-01,154.7,149.1,46.1
DN00388,2026-02,77.0,75.3,47.8
DN00388,2026-03,97.3,97.1,48.0
DN00388,2026-04,94.6,95.4,47.2
DN00388,2026-05,99.1,101.0,45.2
DN00388,2026-06,114.3,105.0,54.6
DN00388,2026-07,101.7,107.0,49.2
DN00388,2026-08,129.8,128.3,50.7
DN00388,2026-09,112.8,100.5,62.9
DN00388,2026-10,118.5,113.4,68.0
DN00388,2026-11,108.8,106.1,70.8
DN00388,2026-12,123.6,121.5,72.8
DN00389,2026-01,117.6,102.3,50.9
DN00389,2026-02,141.2,134.7,57.4
DN00389,2026-03,169.8,171.1,56.1
DN00389,2026-04,135.5,130.3,61.3
DN00389,2026-05,168.1,152.7,76.7
DN00389,2026-06,154.8,135.3,96.2
DN00389,2026-07,146.3,146.0,96.5
DN00389,2026-08,160.1,160.5,96.0
DN00389,2026-09,148.3,150.4,94.0
DN00389,2026-10,129.0,112.2,110.8
DN00389,2026-11,173.1,163.1,120.8
DN00389,2026-12,153.9,148.4,126.3
DN00390,2026-01,60.9,60.6,115.2
DN00390,2026-02,51.6,48.8,117.9
DN00390,2026-03,87.1,76.7,128.4
DN00390,2026-04,73.5,75.1,126.8
DN00390,2026-05,90.8,81.4,136.2
DN00390,2026-06,107.0,100.5,142.7
DN00390,2026-07,88.6,86.8,144.4
DN00390,2026-08,86.8,89.6,141.7
DN00390,2026-09,87.2,86.2,142.7
DN00390,2026-10,90.3,92.0,141.1
DN00390,2026-11,102.7,110.0,133.8
DN00390,2026-12,124.1,123.4,134.4
DN00391,2026-01,60.6,56.3,104.6
DN00391,2026-02,52.3,56.1,100.9
DN00391,2026-03,48.7,49.3,100.4
DN00391,2026-04,67.9,67.3,101.0
DN00391,2026-05,59.5,61.6,98.9
DN00391,2026-06,51.1,53.6,96.4
DN00391,2026-07,61.3,67.0,90.8
DN00391,2026-08,55.9,50.5,96.2
DN00391,2026-09,53.3,53.7,95.7
DN00391,2026-10,59.3,53.9,101.1
DN00391,2026-11,56.7,54.8,102.9
DN00391,2026-12,50.8,50.2,103.5
DN00392,2026-01,38.9,37.9,34.4
DN00392,2026-02,30.6,31.4,33.6
DN00392,2026-03,31.4,29.9,35.2
DN00392,2026-04,33.9,33.5,35.5
DN00392,2026-05,34.3,33.1,36.6
DN00392,2026-06,39.3,36.7,39.2
DN00392,2026-07,36.4,34.9,40.7
DN00392,2026-08,41.7,40.0,42.4
DN00392,2026-09,36.7,32.6,46.6
DN00392,2026-10,34.2,32.4,48.4
DN00392,2026-11,31.2,30.9,48.7
DN00392,2026-12,38.5,36.6,50.7
DN00393,2026-01,499.4,464.2,70.4
DN00393,2026-02,464.2,497.3,37.3
DN00393,2026-03,396.7,384.3,49.7
DN00393,2026-04,586.7,609.2,27.2
DN00393,2026-05,496.7,454.4,69.5
DN00393,2026-06,485.7,453.6,101.6
DN00393,2026-07,467.4,447.9,121.1
DN00393,2026-08,526.2,511.8,135.5
DN00393,2026-09,475.2,477.4,133.3
DN00393,2026-10,496.0,490.5,138.8
DN00393,2026-11,532.0,520.6,150.3
DN00393,2026-12,678.7,646.3,182.7
DN00394,2026-01,22.5,22.5,4.6
DN00394,2026-02,19.6,20.0,4.2
DN00394,2026-03,22.1,21.2,5.1
DN00394,2026-04,23.8,24.9,4.0
DN00394,2026-05,26.7,25.1,5.5
DN00394,2026-06,27.2,26.7,5.9
DN00394,2026-07,23.0,24.7,4.2
DN00394,2026-08,26.6,24.8,6.0
DN00394,2026-09,26.4,24.1,8.4
DN00394,2026-10,21.2,20.4,9.1
DN00394,2026-11,26.3,23.4,12.1
DN00394,2026-12,22.2,17.6,16.7
DN00395,2026-01,5.9,5.3,25.0
DN00395,2026-02,4.6,4.2,25.4
DN00395,2026-03,5.3,5.2,25.5
DN00395,2026-04,4.8,5.3,25.0
DN00395,2026-05,5.4,5.2,25.2
DN00395,2026-06,5.9,6.0,25.1
DN00395,2026-07,4.9,5.3,24.7
DN00395,2026-08,4.7,4.6,24.9
DN00395,2026-09,5.5,5.5,24.9
DN00395,2026-10,5.1,5.2,24.7
DN00395,2026-11,4.2,4.3,24.7
DN00395,2026-12,4.6,4.6,24.7
DN00396,2026-01,7.1,6.9,15.0
DN00396,2026-02,9.2,10.2,14.0
DN00396,2026-03,8.7,8.3,14.4
DN00396,2026-04,8.3,8.2,14.6
DN00396,2026-05,6.9,6.2,15.3
DN00396,2026-06,8.7,8.4,15.6
DN00396,2026-07,9.1,8.6,16.0
DN00396,2026-08,9.2,8.3,16.9
DN00396,2026-09,7.7,8.0,16.6
DN00396,2026-10,7.0,7.1,16.5
DN00396,2026-11,9.2,9.7,16.0
DN00396,2026-12,10.9,11.0,15.9
DN00397,2026-01,135.9,130.6,45.9
DN00397,2026-02,118.6,126.4,38.2
DN00397,2026-03,137.4,124.5,51.2
DN00397,2026-04,125.5,118.6,58.1
DN00397,2026-05,118.1,118.2,58.1
DN00397,2026-06,122.7,123.8,57.0
DN00397,2026-07,107.3,103.5,60.8
DN00397,2026-08,135.0,134.9,61.0
DN00397,2026-09,122.9,114.2,69.7
DN00397,2026-10,129.3,123.2,75.8
DN00397,2026-11,119.1,95.6,99.3
DN00397,2026-12,107.6,109.0,97.8
DN00398,2026-01,24.5,23.8,7.1
DN00398,2026-02,28.3,29.2,6.2
DN00398,2026-03,32.5,33.8,4.8
DN00398,2026-04,23.1,24.6,3.3
DN00398,2026-05,28.3,28.7,2.9
DN00398,2026-06,28.0,29.9,1.0
DN00398,2026-07,23.1,23.2,0.9
DN00398,2026-08,27.5,28.1,0.4
DN00398,2026-09,33.8,31.7,2.5
DN00398,2026-10,29.2,30.4,1.3
DN00398,2026-11,34.7,34.3,1.7
DN00398,2026-12,22.6,22.0,2.3
DN00399,2026-01,361.1,365.2,184.6
DN00399,2026-02,326.7,348.6,162.7
DN00399,2026-03,413.0,402.4,173.3
DN00399,2026-04,407.4,359.5,221.2
DN00399,2026-05,437.3,444.3,214.2
DN00399,2026-06,429.0,434.2,209.0
DN00399,2026-07,417.4,376.6,249.8
DN00399,2026-08,479.8,502.4,227.2
DN00399,2026-09,420.3,385.1,262.4
DN00399,2026-10,418.9,447.3,234.1
DN00399,2026-11,365.9,361.5,238.4
DN00399,2026-12,397.2,402.1,233.4
DN00400,2026-01,39.6,40.9,133.3
DN00400,2026-02,34.5,40.8,127.0
DN00400,2026-03,51.4,53.5,124.9
DN00400,2026-04,57.4,56.3,126.0
DN00400,2026-05,62.5,59.6,128.9
DN00400,2026-06,54.1,43.8,139.2
DN00400,2026-07,65.4,63.9,140.7
DN00400,2026-08,67.4,70.9,137.2
DN00400,2026-09,50.7,48.2,139.7
DN00400,2026-10,64.4,65.1,139.0
DN00400,2026-11,72.6,77.2,134.3
DN00400,2026-12,83.2,83.0,134.5
DN00401,2026-01,974.8,852.7,799.6
DN00401,2026-02,866.9,892.1,774.4
DN00401,2026-03,745.9,763.8,756.5
DN00401,2026-04,761.9,767.4,751.1
DN00401,2026-05,1097.1,1009.3,838.9
DN00401,2026-06,810.5,848.8,800.6
DN00401,2026-07,976.5,844.3,932.8
DN00401,2026-08,913.2,916.6,929.3
DN00401,2026-09,1039.9,1072.9,896.4
DN00401,2026-10,899.5,903.4,892.5
DN00401,2026-11,1002.2,966.7,928.0
DN00401,2026-12,1216.9,1076.6,1068.3
DN00402,2026-01,141.5,124.6,33.2
DN00402,2026-02,112.4,105.0,40.5
DN00402,2026-03,163.0,154.6,49.0
DN00402,2026-04,164.9,151.6,62.3
DN00402,2026-05,158.1,143.9,76.5
DN00402,2026-06,163.4,158.3,81.6
DN00402,2026-07,157.6,144.1,95.1
DN00402,2026-08,168.8,178.4,85.4
DN00402,2026-09,198.2,188.2,95.4
DN00402,2026-10,142.2,141.9,95.8
DN00402,2026-11,178.0,178.0,95.7
DN00402,2026-12,214.3,186.0,124.0
DN00403,2026-01,23.8,24.2,32.3
DN00403,2026-02,20.7,22.7,30.3
DN00403,2026-03,17.2,18.8,28.8
DN00403,2026-04,22.8,22.3,29.3
DN00403,2026-05,24.0,23.1,30.1
DN00403,2026-06,23.3,22.1,31.2
DN00403,2026-07,21.1,21.3,31.0
DN00403,2026-08,25.2,25.3,30.9
DN00403,2026-09,25.8,27.1,29.7
DN00403,2026-10,26.6,27.8,28.5
DN00403,2026-11,30.5,30.8,28.2
DN00403,2026-12,28.1,28.8,27.4
DN00404,2026-01,628.2,593.7,100.8
DN00404,2026-02,758.1,766.2,92.6
DN00404,2026-03,819.8,810.8,101.7
DN00404,2026-04,703.1,596.7,208.0
DN00404,2026-05,649.6,605.5,252.2
DN00404,2026-06,705.8,744.7,213.3
DN00404,2026-07,727.3,701.1,239.6
DN00404,2026-08,583.2,569.9,252.8
DN00404,2026-09,516.5,504.0,265.4
DN00404,2026-10,820.2,740.3,345.3
DN00404,2026-11,660.7,623.8,382.2
DN00404,2026-12,810.9,843.0,350.0
DN00405,2026-01,1.9,1.9,43.9
DN00405,2026-02,1.4,1.4,43.9
DN00405,2026-03,2.1,2.1,43.9
DN00405,2026-04,2.5,2.6,43.8
DN00405,2026-05,2.5,2.5,43.8
DN00405,2026-06,3.1,3.1,43.8
DN00405,2026-07,2.1,2.2,43.8
DN00405,2026-08,2.2,2.6,43.4
DN00405,2026-09,2.4,2.4,43.3
DN00405,2026-10,2.2,2.1,43.4
DN00405,2026-11,3.2,3.3,43.2
DN00405,2026-12,2.2,2.1,43.4
DN00406,2026-01,739.0,764.9,2082.0
DN00406,2026-02,777.6,750.6,2109.0
DN00406,2026-03,718.9,593.0,2235.0
DN00406,2026-04,651.3,623.7,2262.5
DN00406,2026-05,612.0,527.5,2346.9
DN00406,2026-06,656.3,670.5,2332.7
DN00406,2026-07,675.4,658.3,2349.8
DN00406,2026-08,884.7,872.8,2361.6
DN00406,2026-09,789.4,769.6,2381.4
DN00406,2026-10,871.6,832.7,2420.3
DN00406,2026-11,693.7,600.5,2513.5
DN00406,2026-12,691.8,652.3,2553.0
DN00407,2026-01,50.2,51.1,14.3
DN00407,2026-02,38.5,37.7,15.2
DN00407,2026-03,40.7,41.0,15.0
DN00407,2026-04,49.6,51.7,12.9
DN00407,2026-05,44.6,46.6,10.9
DN00407,2026-06,39.2,33.3,16.9
DN00407,2026-07,43.8,43.2,17.5
DN00407,2026-08,42.8,45.6,14.8
DN00407,2026-09,40.5,45.8,9.4
DN00407,2026-10,46.4,45.9,9.9
DN00407,2026-11,41.9,46.7,5.2
DN00407,2026-12,47.2,47.5,4.8
DN00408,2026-01,71.5,74.3,522.5
DN00408,2026-02,66.9,70.6,518.8
DN00408,2026-03,81.3,78.8,521.3
DN00408,2026-04,111.2,117.2,515.2
DN00408,2026-05,112.8,109.4,518.6
DN00408,2026-06,127.0,139.1,506.5
DN00408,2026-07,110.8,109.9,507.4
DN00408,2026-08,125.3,128.1,504.6
DN00408,2026-09,106.6,106.6,504.6
DN00408,2026-10,130.5,140.6,494.5
DN00408,2026-11,159.5,165.8,488.3
DN00408,2026-12,197.6,191.8,494.1
DN00409,2026-01,1510.4,1594.8,3744.8
DN00409,2026-02,1292.0,1351.9,3684.9
DN00409,2026-03,1788.6,1584.8,3888.6
DN00409,2026-04,1984.6,2103.7,3769.5
DN00409,2026-05,2042.7,2151.2,3661.0
DN00409,2026-06,2273.5,2250.5,3684.0
DN00409,2026-07,2072.0,1837.2,3918.8
DN00409,2026-08,1802.7,1810.8,3910.6
DN00409,2026-09,2007.7,1990.9,3927.5
DN00409,2026-10,2657.9,2887.0,3698.3
DN00409,2026-11,1959.9,2004.7,3653.5
DN00409,2026-12,2741.6,2843.3,3551.8
DN00410,2026-01,27.1,27.5,6.7
DN00410,2026-02,28.2,24.5,10.4
DN00410,2026-03,31.8,32.5,9.6
DN00410,2026-04,28.2,30.1,7.7
DN00410,2026-05,26.0,23.9,9.8
DN00410,2026-06,31.2,29.4,11.7
DN00410,2026-07,29.7,31.9,9.5
DN00410,2026-08,31.0,31.4,9.1
DN00410,2026-09,31.5,27.5,13.2
DN00410,2026-10,25.5,22.1,16.6
DN00410,2026-11,27.9,23.8,20.8
DN00410,2026-12,30.6,28.7,22.7
DN00411,2026-01,152.0,148.1,242.9
DN00411,2026-02,153.3,151.7,244.6
DN00411,2026-03,140.3,142.2,242.7
DN00411,2026-04,176.0,171.0,247.7
DN00411,2026-05,142.0,134.5,255.2
DN00411,2026-06,151.0,170.1,236.1
DN00411,2026-07,164.7,161.4,239.4
DN00411,2026-08,152.6,141.0,250.9
DN00411,2026-09,217.5,235.5,232.9
DN00411,2026-10,134.1,139.4,227.5
DN00411,2026-11,144.0,134.1,237.5
DN00411,2026-12,150.9,138.7,249.6
DN00412,2026-01,87.5,75.4,33.8
DN00412,2026-02,92.9,81.1,45.6
DN00412,2026-03,102.8,105.2,43.3
DN00412,2026-04,93.5,92.7,44.1
DN00412,2026-05,104.6,105.9,42.7
DN00412,2026-06,76.1,76.0,42.7
DN00412,2026-07,83.5,86.6,39.7
DN00412,2026-08,80.3,81.1,38.9
DN00412,2026-09,92.8,91.3,40.4
DN00412,2026-10,102.0,102.8,39.6
DN00412,2026-11,82.1,79.2,42.6
DN00412,2026-12,94.4,82.0,55.0
DN00413,2026-01,9659.3,8822.0,3455.0
DN00413,2026-02,7998.2,8479.6,2973.6
DN00413,2026-03,9307.3,8921.9,3359.0
DN00413,2026-04,7256.2,7349.9,3265.2
DN00413,2026-05,8224.7,7517.1,3972.8
DN00413,2026-06,9263.6,9206.7,4029.7
DN00413,2026-07,7937.9,7317.4,4650.2
DN00413,2026-08,8610.5,7673.8,5587.0
DN00413,2026-09,10096.9,9162.5,6521.4
DN00413,2026-10,9248.7,8550.4,7219.7
DN00413,2026-11,11753.6,11838.4,7134.8
DN00413,2026-12,9335.7,9253.1,7217.4
DN00414,2026-01,658.7,695.2,516.8
DN00414,2026-02,674.8,713.9,477.7
DN00414,2026-03,532.5,456.4,553.8
DN00414,2026-04,522.7,527.6,548.8
DN00414,2026-05,569.8,531.6,586.9
DN00414,2026-06,614.9,591.1,610.8
DN00414,2026-07,509.3,480.2,639.9
DN00414,2026-08,482.4,471.1,651.2
DN00414,2026-09,486.7,520.1,617.8
DN00414,2026-10,625.1,575.5,667.4
DN00414,2026-11,616.0,560.0,723.4
DN00414,2026-12,568.7,638.8,653.3
DN00415,2026-01,46.1,44.5,175.3
DN00415,2026-02,58.5,61.8,172.0
DN00415,2026-03,63.4,63.1,172.3
DN00415,2026-04,70.0,73.5,168.8
DN00415,2026-05,82.5,83.4,167.9
DN00415,2026-06,73.8,78.4,163.3
DN00415,2026-07,60.4,59.7,164.0
DN00415,2026-08,61.2,60.6,164.7
DN00415,2026-09,89.5,86.0,168.2
DN00415,2026-10,64.7,63.2,169.8
DN00415,2026-11,70.6,73.6,166.8
DN00415,2026-12,73.2,72.2,167.8
DN00416,2026-01,64.6,57.2,23.2
DN00416,2026-02,47.0,47.4,22.8
DN00416,2026-03,69.4,69.4,22.8
DN00416,2026-04,59.1,55.1,26.8
DN00416,2026-05,72.3,70.9,28.2
DN00416,2026-06,76.5,76.3,28.3
DN00416,2026-07,80.2,78.7,29.8
DN00416,2026-08,57.5,57.6,29.6
DN00416,2026-09,88.9,88.2,30.3
DN00416,2026-10,70.4,77.0,23.7
DN00416,2026-11,81.3,74.1,30.9
DN00416,2026-12,71.7,69.7,32.8
DN00417,2026-01,1652.7,1642.1,430.7
DN00417,2026-02,1033.3,988.0,476.0
DN00417,2026-03,952.0,912.2,515.8
DN00417,2026-04,1083.9,1100.8,498.9
DN00417,2026-05,895.2,852.5,541.6
DN00417,2026-06,953.2,1011.3,483.5
DN00417,2026-07,1197.7,1129.9,551.4
DN00417,2026-08,1143.1,1110.4,584.1
DN00417,2026-09,1114.3,1101.4,597.0
DN00417,2026-10,1280.7,1301.2,576.5
DN00417,2026-11,1425.6,1434.0,568.1
DN00417,2026-12,1479.3,1542.4,505.0
DN00418,2026-01,118.3,129.3,312.2
DN00418,2026-02,98.4,98.7,311.8
DN00418,2026-03,143.5,132.9,322.4
DN00418,2026-04,188.1,211.0,299.6
DN00418,2026-05,211.5,208.8,302.3
DN00418,2026-06,199.8,204.7,297.4
DN00418,2026-07,182.4,171.5,308.3
DN00418,2026-08,212.5,217.7,303.1
DN00418,2026-09,178.0,194.2,286.8
DN00418,2026-10,184.3,196.0,275.1
DN00418,2026-11,208.0,218.9,264.3
DN00418,2026-12,278.9,259.6,283.6
DN00419,2026-01,955.9,885.5,506.8
DN00419,2026-02,677.3,655.6,528.6
DN00419,2026-03,769.9,696.0,602.5
DN00419,2026-04,601.4,569.5,634.4
DN00419,2026-05,831.1,731.7,733.8
DN00419,2026-06,932.8,892.8,773.8
DN00419,2026-07,812.3,844.2,742.0
DN00419,2026-08,734.9,691.5,785.4
DN00419,2026-09,883.3,853.5,815.2
DN00419,2026-10,953.8,876.1,892.9
DN00419,2026-11,937.1,900.3,929.7
DN00419,2026-12,1399.2,1427.1,901.9
DN00420,2026-01,37.7,34.3,43.7
DN00420,2026-02,36.6,36.7,43.7
DN00420,2026-03,37.6,35.4,46.0
DN00420,2026-04,31.1,30.9,46.1
DN00420,2026-05,34.8,33.4,47.6
DN00420,2026-06,40.5,42.2,45.9
DN00420,2026-07,30.9,28.7,48.0
DN00420,2026-08,27.9,28.7,47.2
DN00420,2026-09,33.8,34.0,47.0
DN00420,2026-10,36.8,31.3,52.5
DN00420,2026-11,31.9,32.4,52.0
DN00420,2026-12,31.7,30.3,53.4
DN00421,2026-01,24399.6,26369.6,43359.0
DN00421,2026-02,19681.7,19614.2,43426.5
DN00421,2026-03,22040.3,20256.8,45210.0
DN00421,2026-04,25583.9,26023.1,44770.8
DN00421,2026-05,29755.7,28230.2,46296.3
DN00421,2026-06,31058.4,35189.4,42165.3
DN00421,2026-07,26819.5,24026.6,44958.2
DN00421,2026-08,22284.2,21736.8,45505.6
DN00421,2026-09,23601.9,21518.0,47589.4
DN00421,2026-10,31596.4,32651.3,46534.6
DN00421,2026-11,32265.8,33603.4,45197.0
DN00421,2026-12,30228.9,29190.2,46235.7
DN00422,2026-01,469.1,469.9,161.3
DN00422,2026-02,353.6,333.2,181.7
DN00422,2026-03,310.7,294.6,197.9
DN00422,2026-04,349.9,337.7,210.0
DN00422,2026-05,358.9,345.8,223.1
DN00422,2026-06,400.1,385.9,237.3
DN00422,2026-07,355.9,366.9,226.3
DN00422,2026-08,375.6,369.4,232.5
DN00422,2026-09,373.9,376.4,230.1
DN00422,2026-10,380.9,361.9,249.0
DN00422,2026-11,439.4,423.8,264.6
DN00422,2026-12,517.6,517.9,264.2
DN00423,2026-01,69.7,68.4,9.8
DN00423,2026-02,59.6,51.5,17.8
DN00423,2026-03,60.6,55.3,23.2
DN00423,2026-04,55.2,60.7,17.7
DN00423,2026-05,59.8,56.1,21.4
DN00423,2026-06,57.2,60.8,17.8
DN00423,2026-07,57.3,54.9,20.2
DN00423,2026-08,68.8,64.1,24.9
DN00423,2026-09,69.0,71.2,22.7
DN00423,2026-10,60.0,64.7,18.0
DN00423,2026-11,54.1,52.4,19.7
DN00423,2026-12,75.0,76.6,18.2
DN00424,2026-01,1230.2,1272.5,881.8
DN00424,2026-02,860.1,856.7,885.3
DN00424,2026-03,918.3,984.8,818.7
DN00424,2026-04,807.1,855.6,770.1
DN00424,2026-05,982.7,1033.3,719.6
DN00424,2026-06,842.1,845.4,716.3
DN00424,2026-07,1009.7,932.6,793.4
DN00424,2026-08,863.4,873.7,783.2
DN00424,2026-09,1298.6,1317.3,764.5
DN00424,2026-10,1110.2,1090.6,784.1
DN00424,2026-11,1236.8,1233.7,787.1
DN00424,2026-12,1455.6,1424.2,818.5
DN00425,2026-01,60.2,54.7,28.3
DN00425,2026-02,54.9,51.7,31.5
DN00425,2026-03,59.1,62.2,28.4
DN00425,2026-04,60.8,64.6,24.6
DN00425,2026-05,77.8,71.2,31.2
DN00425,2026-06,68.0,70.2,29.1
DN00425,2026-07,62.8,56.8,35.1
DN00425,2026-08,63.6,65.3,33.4
DN00425,2026-09,64.9,64.6,33.7
DN00425,2026-10,80.7,79.8,34.7
DN00425,2026-11,71.5,73.1,33.1
DN00425,2026-12,83.8,86.3,30.6
DN00426,2026-01,2636.4,2718.5,3780.3
DN00426,2026-02,1943.3,1870.6,3853.1
DN00426,2026-03,1951.7,1914.6,3890.1
DN00426,2026-04,1711.4,1718.6,3882.9
DN00426,2026-05,2187.3,2129.7,3940.4
DN00426,2026-06,1810.2,1719.2,4031.4
DN00426,2026-07,1683.3,1575.6,4139.1
DN00426,2026-08,1959.3,1785.4,4313.0
DN00426,2026-09,1683.2,1660.7,4335.6
DN00426,2026-10,1879.7,1923.5,4291.7
DN00426,2026-11,2436.9,2581.6,4147.0
DN00426,2026-12,1969.3,2081.3,4034.9
DN00427,2026-01,20.2,19.8,31.1
DN00427,2026-02,20.3,18.4,33.0
DN00427,2026-03,21.1,20.3,33.8
DN00427,2026-04,21.5,21.1,34.2
DN00427,2026-05,20.7,20.7,34.2
DN00427,2026-06,19.6,19.9,33.9
DN00427,2026-07,23.8,23.7,34.0
DN00427,2026-08,20.3,20.9,33.3
DN00427,2026-09,22.4,22.5,33.3
DN00427,2026-10,22.2,20.3,35.3
DN00427,2026-11,15.6,16.3,34.5
DN00427,2026-12,20.1,22.8,31.8
DN00428,2026-01,17.8,17.6,44.6
DN00428,2026-02,16.2,15.2,45.6
DN00428,2026-03,14.2,13.8,46.0
DN00428,2026-04,18.8,19.6,45.2
DN00428,2026-05,12.1,12.5,44.9
DN00428,2026-06,14.7,14.3,45.4
DN00428,2026-07,16.2,16.6,44.9
DN00428,2026-08,16.9,17.4,44.5
DN00428,2026-09,14.3,14.1,44.6
DN00428,2026-10,19.3,17.9,46.0
DN00428,2026-11,13.5,12.7,46.8
DN00428,2026-12,14.4,14.6,46.5
DN00429,2026-01,1139.4,1138.8,212.5
DN00429,2026-02,962.2,916.9,257.8
DN00429,2026-03,1094.0,1014.5,337.4
DN00429,2026-04,1050.7,1063.0,325.0
DN00429,2026-05,787.9,660.9,452.1
DN00429,2026-06,904.6,732.8,623.8
DN00429,2026-07,1107.4,1152.0,579.3
DN00429,2026-08,837.4,826.2,590.5
DN00429,2026-09,1058.5,1225.7,423.3
DN00429,2026-10,942.6,867.0,498.9
DN00429,2026-11,1031.6,956.7,573.8
DN00429,2026-12,1542.1,1465.5,650.4
DN00430,2026-01,3814.3,4016.2,2073.2
DN00430,2026-02,3366.5,3095.6,2344.1
DN00430,2026-03,3264.1,2779.6,2828.6
DN00430,2026-04,4381.3,4464.0,2745.9
DN00430,2026-05,3439.3,3230.5,2954.7
DN00430,2026-06,3879.1,3705.6,3128.2
DN00430,2026-07,2850.3,2834.7,3143.9
DN00430,2026-08,3386.6,3113.5,3417.0
DN00430,2026-09,4500.7,4651.9,3265.8
DN00430,2026-10,4080.3,4418.7,2927.4
DN00430,2026-11,3261.0,2986.5,3201.9
DN00430,2026-12,4131.9,3764.0,3569.9
DN00431,2026-01,2.7,2.8,3.9
DN00431,2026-02,3.6,3.6,3.9
DN00431,2026-03,3.4,3.8,3.6
DN00431,2026-04,4.1,4.0,3.6
DN00431,2026-05,3.7,3.6,3.7
DN00431,2026-06,3.4,3.4,3.8
DN00431,2026-07,3.5,3.7,3.6
DN00431,2026-08,3.6,3.7,3.4
DN00431,2026-09,2.9,2.8,3.6
DN00431,2026-10,3.4,3.3,3.7
DN00431,2026-11,2.9,3.0,3.6
DN00431,2026-12,2.9,3.3,3.3
DN00432,2026-01,13.4,14.7,1.9
DN00432,2026-02,12.4,12.4,1.9
DN00432,2026-03,12.7,11.7,2.8
DN00432,2026-04,12.0,12.8,2.0
DN00432,2026-05,14.6,12.7,3.8
DN00432,2026-06,15.0,14.7,4.1
DN00432,2026-07,15.6,15.0,4.7
DN00432,2026-08,13.8,13.9,4.6
DN00432,2026-09,12.6,13.2,4.0
DN00432,2026-10,9.9,10.6,3.2
DN00432,2026-11,15.4,15.3,3.3
DN00432,2026-12,14.8,17.5,0.7
DN00433,2026-01,62.6,63.0,94.0
DN00433,2026-02,73.6,86.4,81.2
DN00433,2026-03,73.5,82.9,71.8
DN00433,2026-04,65.8,61.9,75.7
DN00433,2026-05,63.9,64.7,74.8
DN00433,2026-06,81.3,90.3,65.8
DN00433,2026-07,76.6,90.6,51.7
DN00433,2026-08,82.4,86.3,47.8
DN00433,2026-09,83.7,73.6,58.0
DN00433,2026-10,83.4,80.4,61.0
DN00433,2026-11,72.0,68.8,64.2
DN00433,2026-12,75.5,79.8,59.9
DN00434,2026-01,103.5,112.1,304.5
DN00434,2026-02,95.7,99.9,300.3
DN00434,2026-03,101.8,101.2,300.9
DN00434,2026-04,97.0,100.5,297.4
DN00434,2026-05,89.1,86.1,300.4
DN00434,2026-06,95.2,105.2,290.5
DN00434,2026-07,85.1,95.5,280.1
DN00434,2026-08,104.9,102.2,282.8
DN00434,2026-09,117.2,121.0,279.0
DN00434,2026-10,107.2,102.8,283.4
DN00434,2026-11,92.4,92.9,283.0
DN00434,2026-12,81.6,78.8,285.8
DN00435,2026-01,167.4,172.9,273.1
DN00435,2026-02,119.2,115.9,276.4
DN00435,2026-03,125.5,127.8,274.1
DN00435,2026-04,138.6,134.7,278.0
DN00435,2026-05,151.3,160.0,269.3
DN00435,2026-06,136.5,135.7,270.0
DN00435,2026-07,136.9,125.3,281.6
DN00435,2026-08,211.8,196.7,296.6
DN00435,2026-09,171.8,158.1,310.4
DN00435,2026-10,142.6,144.8,308.2
DN00435,2026-11,154.0,153.8,308.4
DN00435,2026-12,135.8,130.2,313.9
DN00436,2026-01,6855.5,6143.4,55333.7
DN00436,2026-02,5451.6,5454.0,55331.3
DN00436,2026-03,7440.6,8239.3,54532.5
DN00436,2026-04,7329.2,7256.9,54604.9
DN00436,2026-05,6842.9,7681.2,53766.7
DN00436,2026-06,7833.5,7948.1,53652.0
DN00436,2026-07,8935.2,9245.9,53341.3
DN00436,2026-08,10219.8,10250.0,53311.1
DN00436,2026-09,7962.2,7730.0,53543.4
DN00436,2026-10,10477.9,11408.3,52613.0
DN00436,2026-11,9368.4,10331.9,51649.5
DN00436,2026-12,15250.0,14678.4,52221.2
DN00437,2026-01,28.3,25.4,15.9
DN00437,2026-02,33.3,31.9,17.3
DN00437,2026-03,40.1,32.4,25.0
DN00437,2026-04,37.1,40.3,21.8
DN00437,2026-05,45.4,44.8,22.5
DN00437,2026-06,57.2,52.8,26.9
DN00437,2026-07,41.7,44.2,24.5
DN00437,2026-08,41.1,42.9,22.7
DN00437,2026-09,50.9,49.7,23.9
DN00437,2026-10,52.7,48.4,28.2
DN00437,2026-11,51.6,50.1,29.7
DN00437,2026-12,64.6,68.8,25.5
DN00438,2026-01,109.6,104.6,17.0
DN00438,2026-02,84.5,82.9,18.6
DN00438,2026-03,110.7,113.5,15.7
DN00438,2026-04,89.1,82.0,22.8
DN00438,2026-05,91.9,88.2,26.6
DN00438,2026-06,89.8,88.4,27.9
DN00438,2026-07,94.0,84.1,37.9
DN00438,2026-08,123.7,122.0,39.5
DN00438,2026-09,90.0,86.4,43.1
DN00438,2026-10,115.5,119.8,38.8
DN00438,2026-11,100.6,103.6,35.9
DN00438,2026-12,125.6,113.0,48.5
DN00439,2026-01,374.2,377.9,484.3
DN00439,2026-02,255.5,267.1,472.7
DN00439,2026-03,396.2,408.9,460.0
DN00439,2026-04,319.2,338.3,440.9
DN00439,2026-05,333.5,311.1,463.3
DN00439,2026-06,396.8,430.7,429.4
DN00439,2026-07,361.6,421.5,369.6
DN00439,2026-08,325.0,316.3,378.2
DN00439,2026-09,246.8,231.2,393.9
DN00439,2026-10,408.5,423.3,379.1
DN00439,2026-11,400.8,353.1,426.9
DN00439,2026-12,389.9,404.7,412.0
DN00440,2026-01,102197.8,93185.2,39528.8
DN00440,2026-02,80737.6,83072.4,37194.0
DN00440,2026-03,91933.1,82388.0,46739.1
DN00440,2026-04,112732.5,103724.8,55746.8
DN00440,2026-05,95464.5,93762.4,57449.0
DN00440,2026-06,83562.0,83171.2,57839.8
DN00440,2026-07,98558.6,90659.2,65739.1
DN00440,2026-08,85209.4,90777.4,60171.2
DN00440,2026-09,87863.2,90781.1,57253.3
DN00440,2026-10,91445.9,87821.7,60877.5
DN00440,2026-11,106367.4,104321.2,62923.6
DN00440,2026-12,126144.4,130217.6,58850.4
DN00441,2026-01,7.7,7.9,17.2
DN00441,2026-02,7.4,7.1,17.5
DN00441,2026-03,10.1,9.7,17.9
DN00441,2026-04,10.7,10.5,18.0
DN00441,2026-05,11.0,11.3,17.8
DN00441,2026-06,13.2,12.6,18.4
DN00441,2026-07,12.9,11.8,19.5
DN00441,2026-08,11.2,12.4,18.3
DN00441,2026-09,10.5,11.0,17.8
DN00441,2026-10,13.1,13.8,17.0
DN00441,2026-11,13.7,14.8,15.9
DN00441,2026-12,15.7,16.6,15.0
DN00442,2026-01,495.3,485.9,2607.0
DN00442,2026-02,565.3,565.2,2607.1
DN00442,2026-03,600.0,572.7,2634.4
DN00442,2026-04,573.2,619.5,2588.1
DN00442,2026-05,702.4,694.0,2596.5
DN00442,2026-06,676.2,667.8,2604.9
DN00442,2026-07,471.8,498.1,2578.6
DN00442,2026-08,648.3,688.9,2538.1
DN00442,2026-09,527.3,547.4,2518.0
DN00442,2026-10,647.1,667.8,2497.3
DN00442,2026-11,692.1,680.7,2508.7
DN00442,2026-12,732.4,804.3,2436.9
DN00443,2026-01,36.8,39.2,2.1
DN00443,2026-02,47.6,43.2,6.5
DN00443,2026-03,36.8,34.9,8.4
DN00443,2026-04,35.5,36.7,7.2
DN00443,2026-05,37.9,33.9,11.2
DN00443,2026-06,45.1,38.9,17.3
DN00443,2026-07,38.3,40.2,15.4
DN00443,2026-08,44.6,48.3,11.7
DN00443,2026-09,41.4,36.9,16.2
DN00443,2026-10,50.9,53.9,13.3
DN00443,2026-11,35.8,33.7,15.4
DN00443,2026-12,35.6,30.9,20.1
DN00444,2026-01,17.3,16.3,39.6
DN00444,2026-02,15.4,14.9,40.2
DN00444,2026-03,16.2,14.3,42.1
DN00444,2026-04,17.1,14.8,44.3
DN00444,2026-05,18.1,17.6,44.8
DN00444,2026-06,13.8,13.5,45.1
DN00444,2026-07,16.2,16.2,45.2
DN00444,2026-08,16.4,15.6,46.1
DN00444,2026-09,13.5,13.7,45.8
DN00444,2026-10,13.7,13.4,46.1
DN00444,2026-11,16.3,16.9,45.5
DN00444,2026-12,16.3,14.6,47.2
DN00445,2026-01,270.0,257.4,111.9
DN00445,2026-02,162.8,164.4,110.2
DN00445,2026-03,247.2,249.8,107.6
DN00445,2026-04,272.2,276.9,102.9
DN00445,2026-05,293.8,289.6,107.1
DN00445,2026-06,287.9,275.1,119.9
DN00445,2026-07,295.7,280.0,135.6
DN00445,2026-08,279.9,292.4,123.1
DN00445,2026-09,305.3,273.1,155.3
DN00445,2026-10,252.6,259.0,148.9
DN00445,2026-11,372.1,363.8,157.2
DN00445,2026-12,376.8,358.1,175.9
DN00446,2026-01,122.4,116.2,101.1
DN00446,2026-02,99.6,94.7,105.9
DN00446,2026-03,108.7,105.5,109.1
DN00446,2026-04,134.5,159.0,84.7
DN00446,2026-05,105.9,106.5,84.0
DN00446,2026-06,102.2,102.2,84.1
DN00446,2026-07,102.1,93.2,93.0
DN00446,2026-08,124.3,126.9,90.3
DN00446,2026-09,146.6,133.4,103.5
DN00446,2026-10,124.1,129.8,97.8
DN00446,2026-11,142.9,146.4,94.3
DN00446,2026-12,152.0,139.0,107.3
DN00447,2026-01,426.3,455.1,829.4
DN00447,2026-02,331.5,335.2,825.7
DN00447,2026-03,428.0,412.5,841.2
DN00447,2026-04,593.3,500.1,934.4
DN00447,2026-05,562.8,596.8,900.4
DN00447,2026-06,518.9,498.0,921.3
DN00447,2026-07,576.5,522.6,975.2
DN00447,2026-08,599.1,683.2,891.0
DN00447,2026-09,545.6,490.4,946.2
DN00447,2026-10,682.5,678.0,950.6
DN00447,2026-11,585.8,593.3,943.1
DN00447,2026-12,763.4,832.4,874.2
DN00448,2026-01,16.4,17.0,10.6
DN00448,2026-02,18.2,18.1,10.7
DN00448,2026-03,16.4,17.5,9.6
DN00448,2026-04,18.1,17.8,9.9
DN00448,2026-05,19.5,20.3,9.1
DN00448,2026-06,16.2,18.2,7.1
DN00448,2026-07,16.4,17.5,6.0
DN00448,2026-08,18.8,18.4,6.4
DN00448,2026-09,21.1,19.5,8.1
DN00448,2026-10,18.6,18.6,8.1
DN00448,2026-11,18.3,17.5,8.9
DN00448,2026-12,17.3,16.8,9.4
DN00449,2026-01,197.0,215.6,398.3
DN00449,2026-02,143.9,140.7,401.6
DN00449,2026-03,241.0,240.9,401.7
DN00449,2026-04,270.0,270.1,401.5
DN00449,2026-05,322.1,297.6,426.1
DN00449,2026-06,242.0,245.2,422.9
DN00449,2026-07,285.2,288.0,420.1
DN00449,2026-08,247.2,245.7,421.6
DN00449,2026-09,262.8,282.3,402.0
DN00449,2026-10,274.0,277.3,398.7
DN00449,2026-11,277.9,286.6,390.0
DN00449,2026-12,448.3,466.7,371.6
DN00450,2026-01,2308.9,2070.9,1463.6
DN00450,2026-02,2475.6,2420.7,1518.6
DN00450,2026-03,2835.5,3113.2,1240.8
DN00450,2026-04,2896.1,3156.7,980.2
DN00450,2026-05,2778.1,2476.5,1281.7
DN00450,2026-06,2905.9,2806.5,1381.1
DN00450,2026-07,2349.6,2302.6,1428.2
DN00450,2026-08,2605.2,2910.0,1123.4
DN00450,2026-09,3054.7,2825.7,1352.4
DN00450,2026-10,2581.9,2534.0,1400.4
DN00450,2026-11,3216.2,3051.4,1565.2
DN00450,2026-12,3623.7,3464.3,1724.6
DN00451,2026-01,86.6,82.0,53.6
DN00451,2026-02,96.4,95.0,54.9
DN00451,2026-03,82.5,85.3,52.2
DN00451,2026-04,109.4,95.9,65.7
DN00451,2026-05,97.0,91.5,71.1
DN00451,2026-06,97.1,99.3,68.9
DN00451,2026-07,77.4,78.4,67.9
DN00451,2026-08,106.2,102.7,71.3
DN00451,2026-09,94.9,83.9,82.3
DN00451,2026-10,103.3,103.2,82.4
DN00451,2026-11,97.7,101.0,79.2
DN00451,2026-12,115.5,108.0,86.7
DN00452,2026-01,11.0,11.5,18.2
DN00452,2026-02,8.6,8.8,18.0
DN00452,2026-03,11.8,11.4,18.3
DN00452,2026-04,11.8,11.5,18.6
DN00452,2026-05,11.2,12.4,17.3
DN00452,2026-06,9.9,10.1,17.1
DN00452,2026-07,10.0,10.0,17.2
DN00452,2026-08,11.9,13.3,15.8
DN00452,2026-09,9.0,9.1,15.7
DN00452,2026-10,11.2,11.3,15.6
DN00452,2026-11,11.5,12.0,15.1
DN00452,2026-12,10.9,11.7,14.3
DN00453,2026-01,70.8,62.7,54.6
DN00453,2026-02,81.2,83.8,52.0
DN00453,2026-03,76.2,79.4,48.8
DN00453,2026-04,101.1,96.6,53.2
DN00453,2026-05,88.8,77.1,64.9
DN00453,2026-06,88.3,85.8,67.5
DN00453,2026-07,90.4,87.9,69.9
DN00453,2026-08,86.1,77.4,78.6
DN00453,2026-09,103.8,102.2,80.2
DN00453,2026-10,87.3,78.7,88.8
DN00453,2026-11,92.1,80.7,100.1
DN00453,2026-12,89.8,94.3,95.6
DN00454,2026-01,8.7,9.1,58.6
DN00454,2026-02,8.0,6.5,60.1
DN00454,2026-03,7.6,7.0,60.6
DN00454,2026-04,13.9,14.9,59.6
DN00454,2026-05,14.9,15.1,59.4
DN00454,2026-06,10.9,10.8,59.5
DN00454,2026-07,10.7,11.1,59.0
DN00454,2026-08,9.0,9.3,58.8
DN00454,2026-09,12.7,12.5,59.0
DN00454,2026-10,13.0,14.5,57.5
DN00454,2026-11,16.0,15.3,58.2
DN00454,2026-12,13.7,13.8,58.1
DN00455,2026-01,645.0,587.4,298.7
DN00455,2026-02,577.0,612.6,263.1
DN00455,2026-03,636.2,641.9,257.5
DN00455,2026-04,636.8,600.3,294.0
DN00455,2026-05,659.4,607.6,345.8
DN00455,2026-06,749.1,782.4,312.4
DN00455,2026-07,542.1,557.1,297.5
DN00455,2026-08,746.3,776.4,267.3
DN00455,2026-09,730.5,737.6,260.3
DN00455,2026-10,712.1,769.0,203.3
DN00455,2026-11,681.1,772.1,112.3
DN00455,2026-12,851.9,901.1,63.1
DN00456,2026-01,777.7,830.4,765.1
DN00456,2026-02,692.7,707.5,750.3
DN00456,2026-03,526.3,504.8,771.9
DN00456,2026-04,608.8,561.0,819.6
DN00456,2026-05,656.7,655.5,820.8
DN00456,2026-06,574.3,577.0,818.1
DN00456,2026-07,699.6,683.6,834.1
DN00456,2026-08,678.5,713.1,799.5
DN00456,2026-09,817.6,735.4,881.8
DN00456,2026-10,767.7,859.4,790.0
DN00456,2026-11,821.5,913.5,698.1
DN00456,2026-12,956.6,983.8,670.9
DN00457,2026-01,499.0,466.6,133.3
DN00457,2026-02,322.0,317.6,137.6
DN00457,2026-03,463.9,433.0,168.5
DN00457,2026-04,505.4,460.2,213.8
DN00457,2026-05,396.9,343.5,267.2
DN00457,2026-06,427.1,430.7,263.6
DN00457,2026-07,518.0,513.6,267.9
DN00457,2026-08,548.3,500.8,315.4
DN00457,2026-09,430.7,465.8,280.3
DN00457,2026-10,520.6,551.3,249.5
DN00457,2026-11,596.8,595.7,250.7
DN00457,2026-12,778.1,844.4,184.4
DN00458,2026-01,7.0,7.3,19.1
DN00458,2026-02,5.7,6.0,18.9
DN00458,2026-03,7.2,6.9,19.1
DN00458,2026-04,5.9,6.4,18.7
DN00458,2026-05,6.7,6.2,19.2
DN00458,2026-06,6.8,6.7,19.3
DN00458,2026-07,5.8,6.2,18.9
DN00458,2026-08,7.0,6.8,19.2
DN00458,2026-09,6.1,6.0,19.4
DN00458,2026-10,7.0,7.4,18.9
DN00458,2026-11,5.4,5.3,19.0
DN00458,2026-12,5.7,6.1,18.7
DN00459,2026-01,2041.9,1944.6,2550.8
DN00459,2026-02,1825.5,1811.6,2564.7
DN00459,2026-03,2278.0,2497.8,2345.0
DN00459,2026-04,2658.6,2646.1,2357.5
DN00459,2026-05,2234.0,2206.3,2385.2
DN00459,2026-06,2786.1,2751.3,2420.1
DN00459,2026-07,2353.0,2198.3,2574.8
DN00459,2026-08,2247.2,2279.0,2543.0
DN00459,2026-09,2359.9,2462.4,2440.4
DN00459,2026-10,2905.7,3102.3,2243.8
DN00459,2026-11,2534.2,2678.6,2099.4
DN00459,2026-12,3340.8,3219.7,2220.5
DN00460,2026-01,8.5,8.2,41.6
DN00460,2026-02,6.6,7.1,41.1
DN00460,2026-03,7.0,6.8,41.3
DN00460,2026-04,6.7,7.1,40.9
DN00460,2026-05,9.0,8.5,41.4
DN00460,2026-06,6.8,6.4,41.8
DN00460,2026-07,7.5,8.0,41.3
DN00460,2026-08,6.6,6.5,41.5
DN00460,2026-09,7.0,6.7,41.8
DN00460,2026-10,8.7,9.1,41.5
DN00460,2026-11,9.7,10.1,41.2
DN00460,2026-12,12.1,11.8,41.4
DN00461,2026-01,3.9,4.0,15.8
DN00461,2026-02,4.9,4.9,15.8
DN00461,2026-03,5.9,5.8,15.9
DN00461,2026-04,4.1,3.7,16.2
DN00461,2026-05,5.4,5.2,16.4
DN00461,2026-06,3.8,3.7,16.5
DN00461,2026-07,3.7,3.5,16.7
DN00461,2026-08,4.7,4.8,16.6
DN00461,2026-09,5.3,5.9,15.9
DN00461,2026-10,4.5,4.8,15.6
DN00461,2026-11,5.1,5.3,15.4
DN00461,2026-12,3.7,4.3,14.9
DN00462,2026-01,536.8,553.9,525.1
DN00462,2026-02,589.8,582.9,532.0
DN00462,2026-03,578.2,579.1,531.2
DN00462,2026-04,664.0,613.2,582.0
DN00462,2026-05,455.4,469.4,568.0
DN00462,2026-06,535.4,553.6,549.8
DN00462,2026-07,684.7,711.7,522.8
DN00462,2026-08,735.1,735.0,522.8
DN00462,2026-09,599.0,602.3,519.5
DN00462,2026-10,751.8,842.1,429.2
DN00462,2026-11,619.4,674.5,374.1
DN00462,2026-12,601.5,611.5,364.1
DN00463,2026-01,40.8,40.7,121.3
DN00463,2026-02,40.9,43.3,118.9
DN00463,2026-03,49.9,49.6,119.2
DN00463,2026-04,36.0,35.6,119.6
DN00463,2026-05,48.9,46.7,121.7
DN00463,2026-06,33.6,35.2,120.1
DN00463,2026-07,48.3,45.9,122.5
DN00463,2026-08,42.6,43.8,121.3
DN00463,2026-09,37.4,34.8,123.9
DN00463,2026-10,49.5,48.1,125.3
DN00463,2026-11,49.4,53.1,121.7
DN00463,2026-12,64.3,65.6,120.3
DN00464,2026-01,1297.5,1295.4,2282.2
DN00464,2026-02,1204.5,1150.9,2335.9
DN00464,2026-03,1325.4,1288.2,2373.1
DN00464,2026-04,1244.3,1262.7,2354.8
DN00464,2026-05,1495.4,1466.2,2384.0
DN00464,2026-06,1264.9,1234.6,2414.3
DN00464,2026-07,1349.0,1334.0,2429.2
DN00464,2026-08,1283.0,1320.6,2391.7
DN00464,2026-09,1516.4,1493.6,2414.6
DN00464,2026-10,1459.4,1657.7,2216.3
DN00464,2026-11,1824.1,1780.3,2260.1
DN00464,2026-12,1885.3,1903.2,2242.2
DN00465,2026-01,14.2,13.7,212.5
DN00465,2026-02,17.4,18.4,211.6
DN00465,2026-03,20.3,19.8,212.1
DN00465,2026-04,21.1,19.9,213.3
DN00465,2026-05,24.3,25.7,211.8
DN00465,2026-06,22.4,24.4,209.8
DN00465,2026-07,26.8,25.2,211.4
DN00465,2026-08,26.0,26.7,210.7
DN00465,2026-09,17.4,17.2,211.0
DN00465,2026-10,29.0,31.2,208.8
DN00465,2026-11,26.5,26.4,208.8
DN00465,2026-12,25.8,30.8,203.8
DN00466,2026-01,255.2,269.4,299.1
DN00466,2026-02,257.9,261.5,295.6
DN00466,2026-03,336.9,363.1,269.4
DN00466,2026-04,315.9,306.9,278.5
DN00466,2026-05,371.1,377.8,271.8
DN00466,2026-06,367.5,353.7,285.6
DN00466,2026-07,261.2,248.7,298.1
DN00466,2026-08,277.0,250.6,324.6
DN00466,2026-09,325.3,344.9,305.0
DN00466,2026-10,353.6,362.0,296.7
DN00466,2026-11,430.5,435.7,291.4
DN00466,2026-12,360.8,336.2,316.0
DN00467,2026-01,93.5,94.2,181.3
DN00467,2026-02,73.6,79.1,175.7
DN00467,2026-03,60.0,64.0,171.7
DN00467,2026-04,81.7,80.6,172.8
DN00467,2026-05,78.9,84.9,166.8
DN00467,2026-06,69.2,70.5,165.5
DN00467,2026-07,72.3,79.3,158.5
DN00467,2026-08,71.4,72.2,157.8
DN00467,2026-09,74.2,75.8,156.2
DN00467,2026-10,82.3,94.8,143.7
DN00467,2026-11,81.6,78.7,146.5
DN00467,2026-12,104.5,105.4,145.7
DN00468,2026-01,787.1,733.4,1102.0
DN00468,2026-02,736.1,700.9,1137.3
DN00468,2026-03,814.1,840.2,1111.2
DN00468,2026-04,1066.0,1082.5,1094.6
DN00468,2026-05,940.6,930.5,1104.7
DN00468,2026-06,1170.7,1197.9,1077.5
DN00468,2026-07,855.2,809.6,1123.2
DN00468,2026-08,935.3,886.4,1172.1
DN00468,2026-09,850.8,865.3,1157.6
DN00468,2026-10,800.0,752.0,1205.5
DN00468,2026-11,1106.5,1139.6,1172.4
DN00468,2026-12,1259.9,1111.2,1321.1
DN00469,2026-01,3462.0,3501.9,1223.6
DN00469,2026-02,1871.6,1652.9,1442.4
DN00469,2026-03,2854.0,2851.3,1445.1
DN00469,2026-04,2314.6,2245.7,1514.0
DN00469,2026-05,2332.3,2387.9,1458.4
DN00469,2026-06,2827.5,2936.3,1349.6
DN00469,2026-07,2363.3,1960.0,1752.8
DN00469,2026-08,2776.5,2599.5,1929.7
DN00469,2026-09,2936.2,3283.8,1582.2
DN00469,2026-10,3110.1,3125.0,1567.3
DN00469,2026-11,2626.8,2316.6,1877.4
DN00469,2026-12,3462.1,3447.8,1891.8
DN00470,2026-01,15.8,16.6,42.5
DN00470,2026-02,13.6,14.1,42.0
DN00470,2026-03,15.7,16.9,40.9
DN00470,2026-04,20.5,21.3,40.1
DN00470,2026-05,22.4,24.4,38.1
DN00470,2026-06,21.9,23.0,37.0
DN00470,2026-07,19.4,20.6,35.8
DN00470,2026-08,16.9,15.4,37.3
DN00470,2026-09,14.8,15.9,36.1
DN00470,2026-10,20.2,22.1,34.2
DN00470,2026-11,16.7,18.1,32.8
DN00470,2026-12,20.7,22.6,30.9
DN00471,2026-01,443.3,490.4,1927.4
DN00471,2026-02,284.7,273.8,1938.2
DN00471,2026-03,330.0,335.2,1932.9
DN00471,2026-04,403.5,400.8,1935.6
DN00471,2026-05,498.5,536.1,1898.0
DN00471,2026-06,516.6,523.8,1890.8
DN00471,2026-07,438.2,442.7,1886.3
DN00471,2026-08,429.1,480.3,1835.2
DN00471,2026-09,447.0,443.4,1838.8
DN00471,2026-10,377.6,378.3,1838.1
DN00471,2026-11,478.8,467.1,1849.9
DN00471,2026-12,642.3,629.0,1863.2
DN00472,2026-01,60.3,60.9,44.9
DN00472,2026-02,60.9,67.4,38.3
DN00472,2026-03,77.5,85.4,30.4
DN00472,2026-04,62.9,58.0,35.3
DN00472,2026-05,68.9,69.8,34.3
DN00472,2026-06,70.7,71.6,33.4
DN00472,2026-07,67.4,63.0,37.9
DN00472,2026-08,68.7,67.5,39.1
DN00472,2026-09,76.9,82.1,33.9
DN00472,2026-10,52.8,53.1,33.6
DN00472,2026-11,79.6,77.5,35.7
DN00472,2026-12,58.2,56.3,37.6
DN00473,2026-01,57.6,58.9,8.5
DN00473,2026-02,71.1,73.8,5.8
DN00473,2026-03,71.3,67.8,9.3
DN00473,2026-04,70.4,71.7,7.9
DN00473,2026-05,74.5,71.0,11.4
DN00473,2026-06,76.3,69.3,18.4
DN00473,2026-07,71.1,75.0,14.5
DN00473,2026-08,69.4,82.0,2.0
DN00473,2026-09,72.3,71.0,3.3
DN00473,2026-10,70.6,65.5,8.5
DN00473,2026-11,68.5,70.2,6.8
DN00473,2026-12,64.7,61.4,10.2
DN00474,2026-01,1316.6,1370.2,585.7
DN00474,2026-02,1188.5,1166.4,607.8
DN00474,2026-03,919.3,933.1,594.0
DN00474,2026-04,1076.6,1062.2,608.4
DN00474,2026-05,1208.3,1239.8,576.9
DN00474,2026-06,1067.5,949.9,694.5
DN00474,2026-07,1135.9,1173.8,656.5
DN00474,2026-08,1174.8,1179.1,652.2
DN00474,2026-09,1365.7,1452.7,565.2
DN00474,2026-10,1300.4,1281.7,584.0
DN00474,2026-11,1455.0,1448.7,590.2
DN00474,2026-12,1834.3,1909.2,515.3
DN00475,2026-01,25.3,24.9,77.7
DN00475,2026-02,17.6,16.8,78.6
DN00475,2026-03,35.4,32.8,81.2
DN00475,2026-04,31.3,29.9,82.6
DN00475,2026-05,37.0,38.1,81.5
DN00475,2026-06,34.1,31.5,84.2
DN00475,2026-07,27.1,25.5,85.8
DN00475,2026-08,29.5,29.9,85.4
DN00475,2026-09,28.3,27.6,86.1
DN00475,2026-10,38.7,34.6,90.2
DN00475,2026-11,35.8,35.8,90.2
DN00475,2026-12,34.1,35.7,88.6
DN00476,2026-01,3.0,3.0,6.9
DN00476,2026-02,2.7,2.5,7.1
DN00476,2026-03,2.7,2.9,6.9
DN00476,2026-04,3.3,2.9,7.3
DN00476,2026-05,3.0,3.6,6.7
DN00476,2026-06,3.1,2.9,6.9
DN00476,2026-07,2.7,2.8,6.8
DN00476,2026-08,2.6,2.4,6.9
DN00476,2026-09,2.6,2.5,7.1
DN00476,2026-10,2.6,2.5,7.2
DN00476,2026-11,3.1,3.3,7.0
DN00476,2026-12,2.6,2.4,7.2
DN00477,2026-01,116.8,137.8,13.2
DN00477,2026-02,124.8,135.6,2.4
DN00477,2026-03,110.1,110.3,2.2
DN00477,2026-04,116.8,112.0,6.9
DN00477,2026-05,152.8,143.2,16.5
DN00477,2026-06,104.3,98.7,22.1
DN00477,2026-07,125.2,116.4,30.9
DN00477,2026-08,135.7,141.5,25.1
DN00477,2026-09,123.4,124.3,24.1
DN00477,2026-10,100.0,97.6,26.5
DN00477,2026-11,104.3,97.6,33.3
DN00477,2026-12,117.7,115.4,35.6
DN00478,2026-01,30.1,30.9,19.8
DN00478,2026-02,26.9,28.5,18.2
DN00478,2026-03,23.4,22.6,19.0
DN00478,2026-04,29.0,28.3,19.8
DN00478,2026-05,25.6,27.0,18.3
DN00478,2026-06,24.0,24.9,17.4
DN00478,2026-07,17.8,17.8,17.3
DN00478,2026-08,28.3,28.2,17.5
DN00478,2026-09,33.3,32.3,18.4
DN00478,2026-10,26.8,28.0,17.3
DN00478,2026-11,32.2,31.4,18.1
DN00478,2026-12,39.8,36.7,21.2
DN00479,2026-01,7.1,7.2,24.8
DN00479,2026-02,6.0,6.0,24.8
DN00479,2026-03,6.0,6.2,24.6
DN00479,2026-04,6.5,6.4,24.7
DN00479,2026-05,6.3,6.7,24.3
DN00479,2026-06,7.8,7.5,24.5
DN00479,2026-07,7.5,7.3,24.7
DN00479,2026-08,7.4,7.3,24.8
DN00479,2026-09,6.6,6.8,24.6
DN00479,2026-10,6.4,6.6,24.4
DN00479,2026-11,8.0,7.4,25.0
DN00479,2026-12,5.9,6.2,24.7
DN00480,2026-01,79.5,78.6,213.2
DN00480,2026-02,65.6,65.9,213.0
DN00480,2026-03,74.9,81.1,206.8
DN00480,2026-04,75.7,75.3,207.1
DN00480,2026-05,140.1,148.7,198.5
DN00480,2026-06,94.2,96.7,196.0
DN00480,2026-07,75.9,81.0,190.9
DN00480,2026-08,87.7,81.7,196.9
DN00480,2026-09,91.5,91.9,196.5
DN00480,2026-10,86.3,77.7,205.1
DN00480,2026-11,115.3,121.7,198.8
DN00480,2026-12,119.2,118.4,199.6
DN00481,2026-01,53.5,50.3,44.5
DN00481,2026-02,47.1,45.6,46.0
DN00481,2026-03,55.2,50.0,51.2
DN00481,2026-04,63.3,61.5,53.1
DN00481,2026-05,72.5,65.7,59.9
DN00481,2026-06,57.6,53.4,64.1
DN00481,2026-07,66.4,71.9,58.7
DN00481,2026-08,70.4,74.0,55.1
DN00481,2026-09,76.9,73.5,58.4
DN00481,2026-10,65.8,68.6,55.6
DN00481,2026-11,77.1,77.8,54.9
DN00481,2026-12,83.0,81.4,56.6
DN00482,2026-01,350.3,332.8,141.9
DN00482,2026-02,290.2,322.3,109.7
DN00482,2026-03,372.3,330.7,151.3
DN00482,2026-04,389.6,391.6,149.3
DN00482,2026-05,417.7,370.1,197.0
DN00482,2026-06,386.6,347.8,235.8
DN00482,2026-07,443.1,450.5,228.3
DN00482,2026-08,305.7,295.5,238.6
DN00482,2026-09,403.9,384.9,257.5
DN00482,2026-10,455.2,462.3,250.5
DN00482,2026-11,402.5,421.3,231.7
DN00482,2026-12,461.6,440.5,252.8
DN00483,2026-01,6082.8,5980.7,1171.4
DN00483,2026-02,4561.2,4101.2,1631.4
DN00483,2026-03,5720.0,5921.7,1429.7
DN00483,2026-04,5918.7,5961.1,1387.2
DN00483,2026-05,7321.2,7026.4,1682.0
DN00483,2026-06,6072.7,6237.2,1517.6
DN00483,2026-07,5560.1,5184.8,1892.9
DN00483,2026-08,6453.8,6242.8,2103.9
DN00483,2026-09,5501.4,5340.7,2264.7
DN00483,2026-10,4873.6,4769.6,2368.8
DN00483,2026-11,8874.3,8755.9,2487.1
DN00483,2026-12,7787.9,7769.9,2505.0
DN00484,2026-01,36.0,33.6,21.9
DN00484,2026-02,34.3,32.9,23.4
DN00484,2026-03,57.6,56.0,25.0
DN00484,2026-04,64.0,64.0,25.0
DN00484,2026-05,55.7,53.5,27.3
DN00484,2026-06,60.8,55.2,32.9
DN00484,2026-07,56.7,54.3,35.3
DN00484,2026-08,60.1,58.3,37.1
DN00484,2026-09,64.5,63.1,38.5
DN00484,2026-10,70.8,65.7,43.6
DN00484,2026-11,75.4,68.3,50.7
DN00484,2026-12,74.1,61.5,63.4
DN00485,2026-01,12.5,12.2,9.7
DN00485,2026-02,9.1,9.3,9.5
DN00485,2026-03,13.0,13.0,9.5
DN00485,2026-04,19.4,20.4,8.5
DN00485,2026-05,14.8,13.3,10.0
DN00485,2026-06,20.1,20.6,9.5
DN00485,2026-07,15.2,15.4,9.4
DN00485,2026-08,16.7,16.9,9.2
DN00485,2026-09,18.3,18.7,8.7
DN00485,2026-10,17.1,17.8,8.1
DN00485,2026-11,18.6,20.6,6.1
DN00485,2026-12,21.8,19.6,8.3
DN00486,2026-01,60.8,63.6,41.5
DN00486,2026-02,51.3,49.9,42.9
DN00486,2026-03,58.2,60.5,40.6
DN00486,2026-04,74.6,72.7,42.6
DN00486,2026-05,51.9,51.8,42.6
DN00486,2026-06,60.9,67.0,36.6
DN00486,2026-07,44.5,46.7,34.4
DN00486,2026-08,65.4,72.7,27.1
DN00486,2026-09,61.8,62.6,26.3
DN00486,2026-10,57.1,61.6,21.8
DN00486,2026-11,67.2,67.3,21.6
DN00486,2026-12,100.2,104.3,17.5
DN00487,2026-01,1787.8,1621.9,819.5
DN00487,2026-02,1811.4,1727.2,903.7
DN00487,2026-03,2070.3,2232.9,741.1
DN00487,2026-04,2124.1,1998.2,867.0
DN00487,2026-05,1567.8,1575.4,859.4
DN00487,2026-06,2240.9,2407.4,692.9
DN00487,2026-07,2073.6,1885.4,881.0
DN00487,2026-08,2302.0,2083.3,1099.8
DN00487,2026-09,2212.8,2016.5,1296.2
DN00487,2026-10,1951.4,2133.1,1114.5
DN00487,2026-11,1527.4,1469.9,1172.0
DN00487,2026-12,1963.5,1696.5,1438.9
DN00488,2026-01,103.5,96.5,153.5
DN00488,2026-02,80.4,68.7,165.2
DN00488,2026-03,88.6,85.3,168.5
DN00488,2026-04,79.9,79.8,168.6
DN00488,2026-05,114.8,111.3,172.0
DN00488,2026-06,81.2,85.4,167.8
DN00488,2026-07,97.2,92.5,172.5
DN00488,2026-08,103.3,99.8,176.0
DN00488,2026-09,115.7,113.2,178.4
DN00488,2026-10,100.5,97.8,181.0
DN00488,2026-11,99.6,105.1,175.5
DN00488,2026-12,142.6,142.3,175.7
DN00489,2026-01,16.3,15.3,42.6
DN00489,2026-02,17.2,16.7,43.2
DN00489,2026-03,17.4,17.6,42.9
DN00489,2026-04,17.9,16.5,44.3
DN00489,2026-05,15.7,16.1,43.9
DN00489,2026-06,16.4,16.1,44.3
DN00489,2026-07,18.3,18.3,44.3
DN00489,2026-08,15.7,16.2,43.8
DN00489,2026-09,18.5,18.8,43.5
DN00489,2026-10,17.5,17.1,43.8
DN00489,2026-11,19.9,18.8,45.0
DN00489,2026-12,18.6,17.8,45.7
DN00490,2026-01,375.4,360.5,1988.4
DN00490,2026-02,377.3,369.8,1995.9
DN00490,2026-03,452.2,421.8,2026.2
DN00490,2026-04,405.1,386.7,2044.6
DN00490,2026-05,367.4,347.6,2064.4
DN00490,2026-06,349.7,347.9,2066.1
DN00490,2026-07,460.5,524.3,2002.3
DN00490,2026-08,381.4,356.7,2027.0
DN00490,2026-09,339.7,369.2,1997.5
DN00490,2026-10,421.8,436.9,1982.3
DN00490,2026-11,373.4,369.7,1985.9
DN00490,2026-12,423.0,405.6,2003.3
DN00491,2026-01,224.0,197.5,109.6
DN00491,2026-02,184.3,176.2,117.7
DN00491,2026-03,154.6,144.3,128.1
DN00491,2026-04,234.9,224.9,138.1
DN00491,2026-05,196.8,191.7,143.3
DN00491,2026-06,190.2,183.5,149.9
DN00491,2026-07,238.2,212.3,175.8
DN00491,2026-08,297.4,302.4,170.9
DN00491,2026-09,209.1,218.7,161.3
DN00491,2026-10,235.9,221.0,176.3
DN00491,2026-11,199.8,182.7,193.4
DN00491,2026-12,289.1,282.4,200.1
DN00492,2026-01,31.0,29.4,10.8
DN00492,2026-02,30.0,29.4,11.4
DN00492,2026-03,38.1,39.1,10.4
DN00492,2026-04,37.5,41.7,6.2
DN00492,2026-05,30.4,29.7,6.9
DN00492,2026-06,29.3,29.1,7.1
DN00492,2026-07,35.1,36.6,5.6
DN00492,2026-08,36.5,39.8,2.4
DN00492,2026-09,30.6,30.4,2.6
DN00492,2026-10,33.3,34.4,1.5
DN00492,2026-11,30.7,31.0,1.3
DN00492,2026-12,29.1,28.6,1.9
DN00493,2026-01,5845.7,5860.3,2106.0
DN00493,2026-02,4104.0,4003.0,2207.0
DN00493,2026-03,5893.2,5986.2,2114.0
DN00493,2026-04,6268.9,5992.2,2390.7
DN00493,2026-05,6818.5,7417.5,1791.7
DN00493,2026-06,8330.1,7875.6,2246.3
DN00493,2026-07,5336.6,4838.7,2744.1
DN00493,2026-08,6283.3,6297.1,2730.3
DN00493,2026-09,6538.9,6853.8,2415.4
DN00493,2026-10,7424.7,7416.2,2423.9
DN00493,2026-11,6999.0,6904.3,2518.6
DN00493,2026-12,8399.8,9125.0,1793.4
DN00494,2026-01,41.9,37.6,65.5
DN00494,2026-02,36.6,38.2,63.9
DN00494,2026-03,36.1,35.5,64.5
DN00494,2026-04,44.0,43.6,64.9
DN00494,2026-05,42.3,38.0,69.2
DN00494,2026-06,42.3,47.1,64.4
DN00494,2026-07,41.1,39.0,66.4
DN00494,2026-08,36.3,34.9,67.8
DN00494,2026-09,38.9,40.2,66.5
DN00494,2026-10,40.1,40.4,66.3
DN00494,2026-11,59.3,57.1,68.4
DN00494,2026-12,62.0,62.8,67.6
DN00495,2026-01,2269.4,2375.4,276.8
DN00495,2026-02,1765.9,1732.2,310.5
DN00495,2026-03,1947.9,1996.7,261.6
DN00495,2026-04,1771.1,1731.3,301.4
DN00495,2026-05,2649.9,2726.1,225.2
DN00495,2026-06,2435.1,2407.3,253.0
DN00495,2026-07,1672.1,1654.5,270.6
DN00495,2026-08,2401.6,2340.3,331.9
DN00495,2026-09,1878.0,2029.8,180.1
DN00495,2026-10,2890.2,2752.1,318.2
DN00495,2026-11,2472.1,2331.6,458.6
DN00495,2026-12,3346.2,3255.5,549.3
DN00496,2026-01,134.8,126.2,60.1
DN00496,2026-02,111.9,100.4,71.7
DN00496,2026-03,133.9,116.2,89.4
DN00496,2026-04,126.5,110.0,105.8
DN00496,2026-05,133.6,135.1,104.3
DN00496,2026-06,112.8,109.0,108.1
DN00496,2026-07,122.3,119.0,111.4
DN00496,2026-08,127.5,129.8,109.1
DN00496,2026-09,118.2,105.6,121.8
DN00496,2026-10,143.4,140.5,124.7
DN00496,2026-11,161.1,164.0,121.8
DN00496,2026-12,174.9,156.5,140.1
DN00497,2026-01,17.8,15.0,20.5
DN00497,2026-02,12.6,11.7,21.4
DN00497,2026-03,12.3,10.9,22.7
DN00497,2026-04,17.6,19.7,20.7
DN00497,2026-05,17.7,17.5,20.8
DN00497,2026-06,14.6,15.1,20.3
DN00497,2026-07,13.9,13.6,20.6
DN00497,2026-08,17.5,17.5,20.6
DN00497,2026-09,18.8,16.8,22.6
DN00497,2026-10,16.8,18.4,21.0
DN00497,2026-11,19.1,18.4,21.7
DN00497,2026-12,22.0,20.5,23.2
DN00498,2026-01,40.0,39.9,36.7
DN00498,2026-02,53.1,52.2,37.6
DN00498,2026-03,36.3,35.6,38.3
DN00498,2026-04,42.1,38.7,41.7
DN00498,2026-05,42.7,41.9,42.5
DN00498,2026-06,34.4,35.1,41.9
DN00498,2026-07,42.3,45.7,38.5
DN00498,2026-08,46.5,44.6,40.4
DN00498,2026-09,53.0,47.6,45.8
DN00498,2026-10,50.8,56.4,40.2
DN00498,2026-11,46.6,46.8,40.0
DN00498,2026-12,56.8,58.3,38.5
DN00499,2026-01,46.6,45.0,72.8
DN00499,2026-02,36.1,36.1,72.7
DN00499,2026-03,35.9,32.9,75.7
DN00499,2026-04,38.5,37.2,76.9
DN00499,2026-05,38.0,36.7,78.3
DN00499,2026-06,39.2,40.8,76.7
DN00499,2026-07,35.5,37.1,75.1
DN00499,2026-08,39.0,38.2,76.0
DN00499,2026-09,37.2,35.9,77.2
DN00499,2026-10,49.2,47.1,79.4
DN00499,2026-11,36.7,33.9,82.1
DN00499,2026-12,48.0,47.5,82.6
DN00500,2026-01,5902.2,5713.0,1372.8
DN00500,2026-02,6743.2,6182.6,1933.4
DN00500,2026-03,6778.4,6116.4,2595.4
DN00500,2026-04,5399.4,5088.8,2906.0
DN00500,2026-05,6356.6,6207.2,3055.4
DN00500,2026-06,5871.5,6389.2,2537.7
DN00500,2026-07,6407.4,6620.5,2324.6
DN00500,2026-08,6748.7,6211.8,2861.5
DN00500,2026-09,5592.8,6145.7,2308.6
DN00500,2026-10,6642.6,7195.8,1755.4
DN00500,2026-11,5445.4,5489.4,1711.5
DN00500,2026-12,6625.5,6160.8,2176.2
