ma_giao_dich,ngay_gio,ma_kh,kenh,loai_giao_dich,so_tien,phi,trang_thai,chi_nhanh,so_du_sau_giao_dich
GD202604005814,2026-04-01 06:12:27,KH000061,Internet Banking,Thanh toán hóa đơn,1918000,0,Thành công,CN Cần Thơ,30775728
GD202604012441,2026-04-01 06:21:46,KH000130,Mobile Banking,Thanh toán thẻ,2388000,0,Thành công,CN Hải Phòng,46295845
GD202604003043,2026-04-01 06:34:49,KH000028,Quầy giao dịch,Rút tiền mặt,2416000,1100,Thành công,CN Thanh Xuân,36088035
GD202604002123,2026-04-01 07:29:34,KH000020,Internet Banking,Nộp tiền mặt,3060000,0,Thành công,CN Hoàn Kiếm,18165077
GD202604007627,2026-04-01 07:52:58,KH000079,ATM,Thanh toán hóa đơn,951000,5500,Thành công,CN Bình Dương,2722602
GD202604013163,2026-04-01 08:36:48,KH000136,Internet Banking,Thanh toán thẻ,4067000,0,Thành công,CN Cần Thơ,46880294
GD202604015755,2026-04-01 08:41:27,KH000171,POS,Thanh toán hóa đơn,1362000,1100,Thành công,CN TP Hồ Chí Minh,3235951
GD202604003302,2026-04-01 09:01:53,KH000031,ATM,Chuyển khoản đến,312000,5500,Thành công,CN Cần Thơ,1876103
GD202604001842,2026-04-01 09:28:51,KH000019,Mobile Banking,Nộp tiền mặt,1937000,0,Thành công,CN Thanh Xuân,52824367
GD202604001701,2026-04-01 09:28:54,KH000018,ATM,Chuyển khoản đi,1398000,3300,Thành công,CN Hoàn Kiếm,43582280
GD202604011757,2026-04-01 10:00:45,KH000125,QR Code,Nộp tiền mặt,170000,0,Thành công,CN Hoàn Kiếm,446836
GD202604008677,2026-04-01 10:34:57,KH000088,Internet Banking,Thanh toán thẻ,1793000,0,Thành công,CN Đà Nẵng,8934843
GD202604018610,2026-04-01 11:00:00,KH000197,QR Code,Nộp tiền mặt,1706000,0,Thành công,CN Quận 1,76285424
GD202604003605,2026-04-01 11:13:40,KH000034,Internet Banking,Nộp tiền mặt,686000,0,Thành công,CN Cầu Giấy,68990750
GD202604014416,2026-04-01 11:20:12,KH000153,QR Code,Thanh toán thẻ,53000,0,Thành công,CN Đà Nẵng,2589941
GD202604006860,2026-04-01 11:22:50,KH000072,ATM,Chuyển khoản đi,895000,3300,Thành công,CN Quận 1,30169199
GD202604002642,2026-04-01 11:58:59,KH000025,ATM,Nộp tiền mặt,198000,1100,Thành công,CN Đà Nẵng,528031
GD202604010810,2026-04-01 12:08:55,KH000114,Mobile Banking,Thanh toán thẻ,2238000,0,Thành công,CN Bình Dương,49040057
GD202604011758,2026-04-01 12:15:26,KH000125,POS,Thanh toán thẻ,119000,1100,Thành công,CN Hoàn Kiếm,326736
GD202604006779,2026-04-01 12:23:35,KH000071,POS,Thanh toán thẻ,5930000,1100,Thành công,CN Cầu Giấy,35481838
GD202604006136,2026-04-01 12:51:04,KH000063,Mobile Banking,Thanh toán thẻ,916000,0,Thành công,CN Cầu Giấy,41593777
GD202604010027,2026-04-01 12:59:30,KH000104,Internet Banking,Nộp tiền mặt,1653000,0,Thành công,CN Hoàn Kiếm,26527213
GD202604016937,2026-04-01 13:06:24,KH000182,QR Code,Nộp tiền mặt,853000,0,Thành công,CN Quận 1,3760389
GD202604013376,2026-04-01 13:10:55,KH000138,QR Code,Thanh toán hóa đơn,7426000,0,Thành công,CN Quận 1,27817970
GD202604011182,2026-04-01 14:44:21,KH000118,Internet Banking,Thanh toán hóa đơn,652000,0,Thành công,CN Cần Thơ,19176215
GD202604009058,2026-04-01 14:50:03,KH000094,QR Code,Thanh toán hóa đơn,1666000,0,Thành công,CN Quận 1,76814585
GD202604018404,2026-04-01 15:16:24,KH000195,QR Code,Thanh toán hóa đơn,9746000,0,Thành công,CN Đà Nẵng,28650317
GD202604017696,2026-04-01 15:35:47,KH000187,Internet Banking,Chuyển khoản đến,2584000,0,Thành công,CN Cần Thơ,17456832
GD202604007625,2026-04-01 16:31:03,KH000079,Internet Banking,Thanh toán thẻ,1127000,0,Thành công,CN Đà Nẵng,3749102
GD202604009328,2026-04-01 16:35:42,KH000096,Mobile Banking,Chuyển khoản đến,2235000,0,Thành công,CN Cần Thơ,11489396
GD202604008232,2026-04-01 16:55:02,KH000084,POS,Thanh toán thẻ,320000,1100,Thành công,CN Bình Dương,18433080
GD202604015756,2026-04-01 17:33:47,KH000171,POS,Thanh toán thẻ,1038000,1100,Thành công,CN Quận 1,2196851
GD202604009503,2026-04-01 17:37:22,KH000097,QR Code,Nạp tiền điện thoại,1801000,0,Thành công,CN Cầu Giấy,16912449
GD202604004383,2026-04-01 18:46:04,KH000045,Internet Banking,Rút tiền mặt,651000,0,Thành công,CN Hải Phòng,36907472
GD202604001461,2026-04-01 19:06:44,KH000016,Internet Banking,Nộp tiền mặt,51000,0,Thành công,CN Cầu Giấy,142407
GD202604001462,2026-04-01 19:07:55,KH000016,QR Code,Thanh toán thẻ,171000,0,Thành công,CN Cầu Giấy,227907
GD202604011759,2026-04-01 19:31:33,KH000125,Quầy giao dịch,Nộp tiền mặt,166000,3300,Thành công,CN Cần Thơ,492736
GD202604009904,2026-04-01 19:46:30,KH000102,ATM,Nạp tiền điện thoại,26848000,1100,Thất bại,CN Cầu Giấy,176115805
GD202604004852,2026-04-01 19:56:02,KH000052,Internet Banking,Thanh toán thẻ,138000,0,Thành công,CN Quận 1,109706
GD202604008838,2026-04-01 19:56:57,KH000092,QR Code,Chuyển khoản đến,593000,0,Thành công,CN Đà Nẵng,10830745
GD202604007626,2026-04-01 20:04:14,KH000079,QR Code,Thanh toán hóa đơn,70000,0,Thành công,CN Bình Dương,3679102
GD202604007966,2026-04-01 20:24:11,KH000082,Mobile Banking,Thanh toán thẻ,1896000,0,Thành công,CN Hoàn Kiếm,42644514
GD202604001111,2026-04-01 20:25:45,KH000014,QR Code,Thanh toán thẻ,7041000,0,Thành công,CN Hoàn Kiếm,23781285
GD202604000788,2026-04-01 21:05:31,KH000011,POS,Thanh toán thẻ,2289000,5500,Thành công,CN Cần Thơ,79641924
GD202604002858,2026-04-01 21:41:41,KH000026,POS,Thanh toán thẻ,1259000,0,Thành công,CN TP Hồ Chí Minh,2621122
GD202604010696,2026-04-01 21:53:31,KH000113,ATM,Chuyển khoản đi,1174000,3300,Thành công,CN Quận 1,45923896
GD202604016118,2026-04-01 22:07:50,KH000174,QR Code,Chuyển khoản đi,2337000,0,Thành công,CN Hoàn Kiếm,56741844
GD202604005277,2026-04-01 22:12:42,KH000056,Quầy giao dịch,Chuyển khoản đến,282000,5500,Thành công,CN Đà Nẵng,85517397
GD202604004384,2026-04-02 06:05:40,KH000045,Mobile Banking,Nộp tiền mặt,1943000,0,Thành công,CN Quận 1,38850472
GD202604013377,2026-04-02 06:17:23,KH000138,QR Code,Chuyển khoản đi,9533000,0,Thành công,CN Cầu Giấy,18284970
GD202604014119,2026-04-02 07:16:33,KH000149,Mobile Banking,Nạp tiền điện thoại,6170000,0,Thành công,CN Cần Thơ,22937613
GD202604010568,2026-04-02 07:19:00,KH000111,POS,Chuyển khoản đi,110542000,5500,Thành công,CN Cầu Giấy,343141452
GD202604014418,2026-04-02 07:25:04,KH000153,QR Code,Chuyển khoản đi,396000,0,Thành công,CN Cần Thơ,2558941
GD202604007295,2026-04-02 07:43:12,KH000077,QR Code,Thanh toán thẻ,138000,0,Thành công,CN Cầu Giấy,1493940
GD202604003535,2026-04-02 07:57:55,KH000033,Mobile Banking,Nộp tiền mặt,458000,0,Thành công,CN Bình Dương,34495026
GD202604008233,2026-04-02 08:03:48,KH000084,Internet Banking,Chuyển khoản đến,551000,0,Thành công,CN Bình Dương,18984080
GD202604009329,2026-04-02 08:12:25,KH000096,POS,Thanh toán thẻ,2971000,0,Thành công,CN Hoàn Kiếm,8518396
GD202604001702,2026-04-02 08:27:53,KH000018,ATM,Chuyển khoản đến,455000,0,Thành công,CN Hải Phòng,44037280
GD202604001463,2026-04-02 08:32:00,KH000016,Internet Banking,Thanh toán thẻ,63000,0,Thành công,CN Cần Thơ,164907
GD202604008107,2026-04-02 08:46:16,KH000083,QR Code,Chuyển khoản đi,78000,0,Thành công,CN Quận 1,29887856
GD202604000606,2026-04-02 09:11:00,KH000010,POS,Thanh toán thẻ,508000,0,Thành công,CN Cầu Giấy,1586942
GD202604010466,2026-04-02 10:34:24,KH000110,QR Code,Chuyển khoản đến,574000,0,Thành công,CN Quận 1,43976632
GD202604010811,2026-04-02 11:08:21,KH000114,QR Code,Thanh toán thẻ,1461000,0,Thành công,CN TP Hồ Chí Minh,47579057
GD202604002124,2026-04-02 11:19:51,KH000020,Mobile Banking,Thanh toán thẻ,1771000,0,Thành công,CN Hải Phòng,16394077
GD202604009718,2026-04-02 11:23:22,KH000099,QR Code,Thanh toán hóa đơn,1028000,0,Thành công,CN Đà Nẵng,34172438
GD202604010028,2026-04-02 11:34:57,KH000104,POS,Thanh toán thẻ,1481000,0,Thành công,CN Cần Thơ,25046213
GD202604015107,2026-04-02 11:35:04,KH000162,QR Code,Nộp tiền mặt,97000,0,Thành công,CN Cần Thơ,277303
GD202604013712,2026-04-02 12:57:01,KH000143,Internet Banking,Thanh toán thẻ,706000,0,Thành công,CN Đà Nẵng,34647029
GD202604012874,2026-04-02 13:18:06,KH000132,Internet Banking,Thanh toán hóa đơn,985000,0,Thành công,CN Hoàn Kiếm,10684930
GD202604014417,2026-04-02 13:26:35,KH000153,Internet Banking,Chuyển khoản đến,365000,0,Thành công,CN Đà Nẵng,2954941
GD202604005278,2026-04-02 15:13:53,KH000056,Quầy giao dịch,Rút tiền mặt,4214000,1100,Thành công,CN Thanh Xuân,81302297
GD202604004853,2026-04-02 15:47:35,KH000052,POS,Thanh toán thẻ,196000,3300,Thành công,CN Thanh Xuân,204406
GD202604007967,2026-04-02 17:20:57,KH000082,QR Code,Thanh toán hóa đơn,4300000,0,Thành công,CN Quận 1,38344514
GD202604016452,2026-04-02 17:26:55,KH000177,Quầy giao dịch,Chuyển khoản đến,2315000,5500,Thành công,CN Đà Nẵng,55485005
GD202604012442,2026-04-02 17:35:20,KH000130,QR Code,Rút tiền mặt,4735000,0,Thành công,CN Đà Nẵng,41560845
GD202604004666,2026-04-02 17:47:29,KH000050,Quầy giao dịch,Nạp tiền điện thoại,292000,3300,Thành công,CN Quận 1,6137015
GD202604018702,2026-04-02 18:07:19,KH000198,ATM,Thanh toán hóa đơn,1097000,0,Thành công,CN Bình Dương,40968588
GD202604003044,2026-04-02 18:38:23,KH000028,QR Code,Nạp tiền điện thoại,1975000,0,Thành công,CN Hoàn Kiếm,34113035
GD202604005499,2026-04-02 19:18:47,KH000058,ATM,Chuyển khoản đi,16784000,5500,Thành công,CN Bình Dương,67531471
GD202604003766,2026-04-02 19:49:54,KH000035,Quầy giao dịch,Nạp tiền điện thoại,1520000,0,Thành công,CN TP Hồ Chí Minh,23722555
GD202604017697,2026-04-02 20:19:16,KH000187,Mobile Banking,Thanh toán thẻ,424000,0,Thành công,CN Cầu Giấy,17032832
GD202604000153,2026-04-02 21:24:38,KH000005,Mobile Banking,Chuyển khoản đến,15226000,0,Thành công,CN TP Hồ Chí Minh,128775930
GD202604000377,2026-04-02 21:41:07,KH000008,QR Code,Rút tiền mặt,3708000,0,Thành công,CN TP Hồ Chí Minh,15213698
GD202604016054,2026-04-02 22:10:57,KH000173,ATM,Rút tiền mặt,414000,3300,Thành công,CN TP Hồ Chí Minh,7655468
GD202604016244,2026-04-02 22:22:00,KH000176,Internet Banking,Thanh toán hóa đơn,126000,0,Thành công,CN Thanh Xuân,24892606
GD202604013713,2026-04-03 06:58:35,KH000143,POS,Chuyển khoản đi,976000,1100,Thành công,CN Cầu Giấy,33669929
GD202604002125,2026-04-03 07:06:13,KH000020,POS,Thanh toán thẻ,1788000,5500,Thành công,CN Bình Dương,14600577
GD202604014148,2026-04-03 07:11:23,KH000150,Mobile Banking,Nộp tiền mặt,5475000,0,Thành công,CN Đà Nẵng,45946584
GD202604011059,2026-04-03 07:17:11,KH000117,QR Code,Nộp tiền mặt,299000,0,Thành công,CN Cầu Giấy,41487320
GD202604004318,2026-04-03 08:00:06,KH000044,Mobile Banking,Nạp tiền điện thoại,83000,0,Thành công,CN Cần Thơ,23838362
GD202604013967,2026-04-03 08:23:02,KH000147,POS,Nộp tiền mặt,2816000,3300,Thành công,CN Hải Phòng,111490046
GD202604017241,2026-04-03 08:40:07,KH000183,POS,Thanh toán thẻ,765000,1100,Thành công,CN Bình Dương,8310476
GD202604006861,2026-04-03 09:21:51,KH000072,ATM,Nạp tiền điện thoại,741000,3300,Thành công,CN Bình Dương,29424899
GD202604001112,2026-04-03 09:24:04,KH000014,Mobile Banking,Thanh toán thẻ,815000,0,Thành công,CN Thanh Xuân,22966285
GD202604005279,2026-04-03 09:24:42,KH000056,Quầy giao dịch,Rút tiền mặt,2750000,1100,Thành công,CN Cần Thơ,78551197
GD202604006978,2026-04-03 09:41:20,KH000074,Mobile Banking,Chuyển khoản đi,467000,0,Thành công,CN Hoàn Kiếm,29984273
GD202604010812,2026-04-03 10:27:56,KH000114,ATM,Nộp tiền mặt,247000,1100,Thành công,CN Hải Phòng,47826057
GD202604002644,2026-04-03 10:32:38,KH000025,QR Code,Chuyển khoản đi,119000,0,Thành công,CN Cần Thơ,296031
GD202604005818,2026-04-03 10:53:44,KH000061,QR Code,Chuyển khoản đi,699000,0,Thành công,CN TP Hồ Chí Minh,30981728
GD202604007297,2026-04-03 11:01:16,KH000077,QR Code,Nộp tiền mặt,297000,0,Thành công,CN Đà Nẵng,1470940
GD202604005816,2026-04-03 11:02:09,KH000061,POS,Thanh toán thẻ,1619000,3300,Thất bại,CN Thanh Xuân,30468728
GD202604000019,2026-04-03 11:34:53,KH000001,Internet Banking,Rút tiền mặt,15408000,0,Thành công,CN Cầu Giấy,67704475
GD202604016245,2026-04-03 11:39:48,KH000176,Mobile Banking,Thanh toán thẻ,464000,0,Thành công,CN Thanh Xuân,24428606
GD202604002643,2026-04-03 11:51:29,KH000025,Mobile Banking,Rút tiền mặt,113000,0,Thành công,CN Hải Phòng,415031
GD202604005819,2026-04-03 12:03:53,KH000061,Internet Banking,Chuyển khoản đến,1625000,0,Thành công,CN Hoàn Kiếm,32606728
GD202604010283,2026-04-03 12:05:44,KH000107,ATM,Nạp tiền điện thoại,197000,0,Thành công,CN Hải Phòng,33339100
GD202604009330,2026-04-03 12:14:59,KH000096,QR Code,Thanh toán thẻ,1940000,0,Thành công,CN TP Hồ Chí Minh,6578396
GD202604011760,2026-04-03 12:15:11,KH000125,ATM,Chuyển khoản đi,88000,0,Thành công,CN Cầu Giấy,404736
GD202604017243,2026-04-03 12:24:54,KH000183,Quầy giao dịch,Rút tiền mặt,1217000,1100,Thành công,CN Quận 1,5090876
GD202604011682,2026-04-03 12:31:28,KH000124,ATM,Rút tiền mặt,5556000,0,Thất bại,CN Đà Nẵng,25504438
GD202604011335,2026-04-03 14:16:43,KH000119,Mobile Banking,Chuyển khoản đến,55000,0,Thành công,CN Cần Thơ,21549310
GD202604011334,2026-04-03 15:53:05,KH000119,QR Code,Thanh toán thẻ,51000,0,Thành công,CN Thanh Xuân,21494310
GD202604012612,2026-04-03 16:33:29,KH000131,Internet Banking,Rút tiền mặt,805000,0,Thành công,CN Hoàn Kiếm,3845680
GD202604018085,2026-04-03 16:33:37,KH000191,Mobile Banking,Chuyển khoản đến,524000,0,Thành công,CN Đà Nẵng,5084159
GD202604006547,2026-04-03 16:48:16,KH000066,QR Code,Chuyển khoản đến,4146000,0,Thành công,CN Thanh Xuân,132494540
GD202604012048,2026-04-03 17:25:06,KH000127,Internet Banking,Thanh toán thẻ,470000,0,Thành công,CN Cầu Giấy,1708432
GD202604001464,2026-04-03 17:52:22,KH000016,POS,Thanh toán thẻ,184000,3300,Thành công,CN Quận 1,253607
GD202604009719,2026-04-03 18:08:09,KH000099,Internet Banking,Nộp tiền mặt,1163000,0,Thành công,CN Bình Dương,35335438
GD202604006977,2026-04-03 18:28:16,KH000074,Mobile Banking,Nộp tiền mặt,193000,0,Thành công,CN Hoàn Kiếm,30451273
GD202604006718,2026-04-03 18:36:05,KH000069,POS,Thanh toán hóa đơn,3129000,1100,Thành công,CN Cầu Giấy,63265430
GD202604003045,2026-04-03 18:53:54,KH000028,Quầy giao dịch,Nộp tiền mặt,2505000,5500,Thành công,CN Đà Nẵng,36618035
GD202604006354,2026-04-03 18:59:22,KH000065,Mobile Banking,Thanh toán thẻ,10428000,0,Thành công,CN Quận 1,20976349
GD202604001843,2026-04-03 19:00:00,KH000019,POS,Thanh toán thẻ,2640000,5500,Thành công,CN Bình Dương,50178867
GD202604007863,2026-04-03 19:15:39,KH000080,QR Code,Rút tiền mặt,388000,0,Thành công,CN Bình Dương,78016627
GD202604007296,2026-04-03 19:20:23,KH000077,QR Code,Thanh toán thẻ,320000,0,Thành công,CN Cần Thơ,1173940
GD202604005817,2026-04-03 19:38:09,KH000061,QR Code,Chuyển khoản đến,1212000,0,Thành công,CN Quận 1,31680728
GD202604000315,2026-04-03 20:36:14,KH000007,Mobile Banking,Thanh toán thẻ,11734000,0,Thành công,CN Bình Dương,56812247
GD202604014986,2026-04-03 20:40:20,KH000160,POS,Chuyển khoản đi,822000,0,Thành công,CN Quận 1,52921397
GD202604017242,2026-04-03 20:44:26,KH000183,Quầy giao dịch,Thanh toán hóa đơn,1996000,5500,Thành công,CN Đà Nẵng,6308976
GD202604000050,2026-04-03 20:45:42,KH000002,QR Code,Nộp tiền mặt,3239000,0,Thành công,CN Thanh Xuân,66747053
GD202604017698,2026-04-03 20:51:36,KH000187,POS,Thanh toán thẻ,3912000,5500,Thành công,CN Hải Phòng,13115332
GD202604006137,2026-04-03 21:54:18,KH000063,QR Code,Thanh toán thẻ,157000,0,Thành công,CN Bình Dương,41436777
GD202604010029,2026-04-03 21:55:06,KH000104,QR Code,Thanh toán thẻ,830000,0,Thành công,CN Bình Dương,24216213
GD202604014120,2026-04-03 22:45:40,KH000149,Quầy giao dịch,Chuyển khoản đi,5175000,0,Thành công,CN Quận 1,17762613
GD202604005815,2026-04-03 22:47:16,KH000061,QR Code,Thanh toán thẻ,307000,0,Thành công,CN TP Hồ Chí Minh,30468728
GD202604002901,2026-04-04 06:01:52,KH000027,QR Code,Thanh toán thẻ,29832000,0,Thành công,CN TP Hồ Chí Minh,91634941
GD202604014207,2026-04-04 06:05:04,KH000151,Internet Banking,Thanh toán thẻ,957000,0,Thất bại,CN Quận 1,6128816
GD202604016938,2026-04-04 06:46:44,KH000182,Mobile Banking,Chuyển khoản đến,947000,0,Thành công,CN Quận 1,4707389
GD202604014871,2026-04-04 07:37:46,KH000158,POS,Thanh toán thẻ,6015000,5500,Thành công,CN Quận 1,97327637
GD202604018283,2026-04-04 08:33:17,KH000193,Quầy giao dịch,Chuyển khoản đến,42763000,0,Thành công,CN Quận 1,275349527
GD202604014420,2026-04-04 08:34:29,KH000153,ATM,Nộp tiền mặt,447000,0,Thành công,CN Cần Thơ,2926941
GD202604011761,2026-04-04 08:38:23,KH000125,Internet Banking,Thanh toán thẻ,74000,0,Thành công,CN TP Hồ Chí Minh,330736
GD202604009332,2026-04-04 08:57:26,KH000096,QR Code,Nộp tiền mặt,1442000,0,Thành công,CN Thanh Xuân,7487396
GD202604003606,2026-04-04 09:45:55,KH000034,POS,Thanh toán thẻ,1515000,0,Thành công,CN Bình Dương,67475750
GD202604018565,2026-04-04 09:57:54,KH000196,POS,Chuyển khoản đi,337000,5500,Thành công,CN Bình Dương,35530966
GD202604018405,2026-04-04 10:13:49,KH000195,Internet Banking,Nộp tiền mặt,4347000,0,Thành công,CN Bình Dương,32997317
GD202604016626,2026-04-04 10:33:55,KH000180,QR Code,Nộp tiền mặt,2782000,0,Thành công,CN Cần Thơ,40066328
GD202604004855,2026-04-04 10:40:15,KH000052,QR Code,Chuyển khoản đến,103000,0,Thành công,CN Cần Thơ,226306
GD202604012049,2026-04-04 10:45:11,KH000127,Mobile Banking,Thanh toán hóa đơn,77000,0,Thành công,CN TP Hồ Chí Minh,1631432
GD202604005581,2026-04-04 10:52:40,KH000059,QR Code,Chuyển khoản đến,8511000,0,Thành công,CN Cầu Giấy,57464487
GD202604012613,2026-04-04 11:07:42,KH000131,QR Code,Chuyển khoản đến,458000,0,Thành công,CN Cần Thơ,4303680
GD202604003046,2026-04-04 12:18:03,KH000028,POS,Thanh toán thẻ,1488000,3300,Thành công,CN Hoàn Kiếm,35126735
GD202604014032,2026-04-04 12:19:29,KH000148,Mobile Banking,Nộp tiền mặt,528000,0,Thành công,CN Cầu Giấy,36087803
GD202604007628,2026-04-04 12:33:23,KH000079,Internet Banking,Thanh toán thẻ,534000,0,Thành công,CN Thanh Xuân,2188602
GD202604009331,2026-04-04 13:03:51,KH000096,QR Code,Nạp tiền điện thoại,533000,0,Thành công,CN Thanh Xuân,6045396
GD202604013589,2026-04-04 13:18:10,KH000142,Internet Banking,Thanh toán thẻ,13107000,0,Thành công,CN Cần Thơ,46469442
GD202604015897,2026-04-04 13:28:50,KH000172,POS,Chuyển khoản đến,1282000,0,Thành công,CN Đà Nẵng,6774082
GD202604004854,2026-04-04 13:41:51,KH000052,POS,Thanh toán thẻ,80000,1100,Thành công,CN Thanh Xuân,123306
GD202604015757,2026-04-04 14:07:40,KH000171,QR Code,Chuyển khoản đi,475000,0,Thành công,CN Quận 1,1721851
GD202604001113,2026-04-04 15:12:40,KH000014,Mobile Banking,Nộp tiền mặt,4500000,0,Thành công,CN Hải Phòng,27466285
GD202604006780,2026-04-04 16:21:45,KH000071,Mobile Banking,Thanh toán thẻ,1224000,0,Thất bại,CN Hải Phòng,35481838
GD202604017244,2026-04-04 17:20:29,KH000183,Mobile Banking,Chuyển khoản đi,518000,0,Thành công,CN TP Hồ Chí Minh,4572876
GD202604018087,2026-04-04 17:23:14,KH000191,Mobile Banking,Chuyển khoản đi,846000,0,Thành công,CN TP Hồ Chí Minh,3200059
GD202604009823,2026-04-04 17:23:32,KH000100,QR Code,Rút tiền mặt,8217000,0,Thành công,CN Quận 1,28012346
GD202604018086,2026-04-04 17:34:08,KH000191,POS,Thanh toán thẻ,1037000,1100,Thành công,CN Đà Nẵng,4046059
GD202604014419,2026-04-04 17:35:27,KH000153,QR Code,Rút tiền mặt,79000,0,Thành công,CN Quận 1,2479941
GD202604002428,2026-04-04 17:52:52,KH000023,POS,Thanh toán thẻ,4352000,5500,Thành công,CN Cầu Giấy,17516975
GD202604009059,2026-04-04 18:36:51,KH000094,Mobile Banking,Thanh toán hóa đơn,2131000,0,Thành công,CN Thanh Xuân,74683585
GD202604007864,2026-04-04 18:42:06,KH000080,Internet Banking,Thanh toán hóa đơn,1361000,0,Thành công,CN Hải Phòng,76655627
GD202604011336,2026-04-04 19:03:44,KH000119,Mobile Banking,Nạp tiền điện thoại,120000,0,Thành công,CN Đà Nẵng,21429310
GD202604017699,2026-04-04 19:41:45,KH000187,QR Code,Thanh toán hóa đơn,364000,0,Thành công,CN Bình Dương,12751332
GD202604008234,2026-04-04 19:51:48,KH000084,POS,Rút tiền mặt,2215000,5500,Thành công,CN Bình Dương,16763580
GD202604008431,2026-04-04 19:56:42,KH000085,ATM,Chuyển khoản đi,422000,1100,Thành công,CN Hải Phòng,41046489
GD202604012052,2026-04-05 06:07:08,KH000127,QR Code,Chuyển khoản đến,4396000,0,Thành công,CN Cần Thơ,20065577
GD202604004856,2026-04-05 06:30:49,KH000052,QR Code,Rút tiền mặt,170000,0,Thành công,CN Hải Phòng,56306
GD202604004743,2026-04-05 06:35:58,KH000051,Quầy giao dịch,Rút tiền mặt,5752000,3300,Thành công,CN Bình Dương,17495156
GD202604000789,2026-04-05 07:07:10,KH000011,Quầy giao dịch,Nhận lương,11874681,0,Thành công,CN Thanh Xuân,91516605
GD202604010569,2026-04-05 07:38:55,KH000111,Quầy giao dịch,Nhận lương,43202614,0,Thành công,CN Cầu Giấy,386344066
GD202604014208,2026-04-05 07:41:24,KH000151,Mobile Banking,Chuyển khoản đến,121000,0,Thành công,CN Thanh Xuân,6249816
GD202604004033,2026-04-05 07:47:22,KH000040,Internet Banking,Chuyển khoản đến,7082000,0,Thành công,CN Hoàn Kiếm,47761120
GD202604008558,2026-04-05 08:02:54,KH000087,QR Code,Thanh toán thẻ,128000,0,Thành công,CN Cần Thơ,222626
GD202604012050,2026-04-05 08:05:02,KH000127,Quầy giao dịch,Nhận lương,15249145,0,Thành công,CN Quận 1,16880577
GD202604011973,2026-04-05 08:13:10,KH000126,Mobile Banking,Thanh toán thẻ,1018000,0,Thành công,CN Quận 1,2659199
GD202604008108,2026-04-05 08:16:37,KH000083,Quầy giao dịch,Nhận lương,9020738,0,Thành công,CN Cầu Giấy,38908594
GD202604012875,2026-04-05 08:19:45,KH000132,Mobile Banking,Thanh toán hóa đơn,1326000,0,Thành công,CN Cầu Giấy,9358930
GD202604012443,2026-04-05 08:59:41,KH000130,Quầy giao dịch,Nhận lương,11196977,0,Thành công,CN Hải Phòng,52757822
GD202604002308,2026-04-05 09:13:42,KH000021,Internet Banking,Thanh toán thẻ,1121000,0,Thành công,CN Quận 1,41389810
GD202604011337,2026-04-05 09:25:51,KH000119,Quầy giao dịch,Nhận lương,7869669,0,Thành công,CN Bình Dương,29298979
GD202604000316,2026-04-05 09:29:11,KH000007,POS,Thanh toán thẻ,19418000,3300,Thành công,CN Cầu Giấy,37390947
GD202604006356,2026-04-05 09:54:25,KH000065,POS,Thanh toán thẻ,8245000,0,Thành công,CN TP Hồ Chí Minh,81791299
GD202604013590,2026-04-05 10:50:39,KH000142,Quầy giao dịch,Chuyển khoản đến,7330000,3300,Thành công,CN Thanh Xuân,53799442
GD202604003607,2026-04-05 10:55:38,KH000034,POS,Thanh toán thẻ,1072000,0,Thành công,CN Đà Nẵng,66403750
GD202604006862,2026-04-05 11:17:10,KH000072,Quầy giao dịch,Nhận lương,11006661,0,Thành công,CN Đà Nẵng,40431560
GD202604010467,2026-04-05 11:27:21,KH000110,QR Code,Thanh toán thẻ,2238000,0,Thành công,CN Cần Thơ,41738632
GD202604012051,2026-04-05 11:42:40,KH000127,Mobile Banking,Thanh toán hóa đơn,1211000,0,Thành công,CN Thanh Xuân,15669577
GD202604016940,2026-04-05 11:54:08,KH000182,POS,Thanh toán thẻ,10692000,5500,Thành công,CN Cần Thơ,20174492
GD202604000378,2026-04-05 11:56:17,KH000008,Internet Banking,Nộp tiền mặt,4152000,0,Thành công,CN Hải Phòng,19365698
GD202604005280,2026-04-05 12:03:28,KH000056,Internet Banking,Nộp tiền mặt,3898000,0,Thành công,CN Cần Thơ,82449197
GD202604009267,2026-04-05 12:08:38,KH000095,Quầy giao dịch,Nhận lương,14382055,0,Thành công,CN Hải Phòng,35199380
GD202604001465,2026-04-05 12:16:13,KH000016,QR Code,Thanh toán thẻ,165000,0,Thành công,CN Đà Nẵng,88607
GD202604007890,2026-04-05 12:39:58,KH000081,Quầy giao dịch,Nhận lương,50199439,0,Thành công,CN Cần Thơ,208089135
GD202604006979,2026-04-05 12:40:22,KH000074,Mobile Banking,Nạp tiền điện thoại,991000,0,Thành công,CN Bình Dương,28993273
GD202604001844,2026-04-05 13:00:50,KH000019,Internet Banking,Nộp tiền mặt,438000,0,Thành công,CN Cần Thơ,50616867
GD202604009504,2026-04-05 13:13:20,KH000097,POS,Thanh toán thẻ,1170000,0,Thành công,CN Quận 1,15742449
GD202604002307,2026-04-05 13:22:57,KH000021,Quầy giao dịch,Nhận lương,8198567,0,Thành công,CN Cần Thơ,42510810
GD202604014987,2026-04-05 13:28:48,KH000160,Quầy giao dịch,Nhận lương,11884336,0,Thành công,CN Hoàn Kiếm,64805733
GD202604017885,2026-04-05 13:42:27,KH000189,Mobile Banking,Chuyển khoản đến,85474000,0,Thành công,CN Đà Nẵng,451662583
GD202604001115,2026-04-05 13:47:35,KH000014,Internet Banking,Thanh toán thẻ,30796000,0,Thành công,CN Hải Phòng,63018827
GD202604001114,2026-04-05 13:48:49,KH000014,Quầy giao dịch,Nhận lương,66348543,0,Thành công,CN Đà Nẵng,93814827
GD202604007298,2026-04-05 14:08:48,KH000077,POS,Thanh toán thẻ,342000,0,Thành công,CN Hải Phòng,1128940
GD202604006899,2026-04-05 14:22:36,KH000073,Quầy giao dịch,Nhận lương,48364267,0,Thành công,CN TP Hồ Chí Minh,99689151
GD202604016150,2026-04-05 14:26:43,KH000175,Quầy giao dịch,Nhận lương,9581615,0,Thành công,CN Bình Dương,106647608
GD202604006355,2026-04-05 14:27:52,KH000065,Quầy giao dịch,Nhận lương,69059950,0,Thành công,CN Thanh Xuân,90036299
GD202604018088,2026-04-05 14:28:27,KH000191,POS,Thanh toán thẻ,273000,3300,Thành công,CN Thanh Xuân,2923759
GD202604009060,2026-04-05 14:28:34,KH000094,Internet Banking,Thanh toán thẻ,1448000,0,Thành công,CN Đà Nẵng,73235585
GD202604000607,2026-04-05 15:19:30,KH000010,Quầy giao dịch,Nộp tiền mặt,555000,0,Thành công,CN Thanh Xuân,2141942
GD202604016939,2026-04-05 15:19:52,KH000182,Quầy giao dịch,Nhận lương,26164603,0,Thành công,CN Hoàn Kiếm,30871992
GD202604017245,2026-04-05 15:42:11,KH000183,QR Code,Nạp tiền điện thoại,1195000,0,Thành công,CN Quận 1,3377876
GD202604014872,2026-04-05 16:23:16,KH000158,Quầy giao dịch,Nhận lương,13776298,0,Thành công,CN Bình Dương,111103935
GD202604008236,2026-04-05 16:25:55,KH000084,Mobile Banking,Thanh toán thẻ,1037000,0,Thành công,CN Thanh Xuân,24497967
GD202604008237,2026-04-05 16:40:44,KH000084,Internet Banking,Nộp tiền mặt,1172000,0,Thành công,CN Bình Dương,25669967
GD202604005820,2026-04-05 16:47:12,KH000061,Quầy giao dịch,Nhận lương,8094055,0,Thành công,CN TP Hồ Chí Minh,40700783
GD202604001116,2026-04-05 16:47:47,KH000014,POS,Thanh toán thẻ,9645000,0,Thành công,CN Hoàn Kiếm,53373827
GD202604015758,2026-04-05 16:51:09,KH000171,Quầy giao dịch,Chuyển khoản đi,60000,1100,Thành công,CN Hoàn Kiếm,1660751
GD202604004139,2026-04-05 16:53:08,KH000041,Quầy giao dịch,Nhận lương,50568728,0,Thành công,CN Bình Dương,147890851
GD202604008238,2026-04-05 17:27:05,KH000084,Mobile Banking,Chuyển khoản đi,1099000,0,Thành công,CN Cầu Giấy,24570967
GD202604013275,2026-04-05 18:00:07,KH000137,Mobile Banking,Nộp tiền mặt,429000,0,Thành công,CN Cần Thơ,17751777
GD202604016246,2026-04-05 18:04:35,KH000176,QR Code,Nạp tiền điện thoại,983000,0,Thành công,CN Hải Phòng,23445606
GD202604003047,2026-04-05 18:18:57,KH000028,POS,Chuyển khoản đến,516000,3300,Thành công,CN TP Hồ Chí Minh,35642735
GD202604008235,2026-04-05 18:50:56,KH000084,Quầy giao dịch,Nhận lương,8771387,0,Thành công,CN Cầu Giấy,25534967
GD202604003869,2026-04-05 19:04:04,KH000038,Quầy giao dịch,Chuyển khoản đến,2075000,5500,Thành công,CN Thanh Xuân,73935656
GD202604009061,2026-04-05 19:04:48,KH000094,Internet Banking,Chuyển khoản đến,2513000,0,Thành công,CN Bình Dương,75748585
GD202604016627,2026-04-05 19:26:07,KH000180,Internet Banking,Thanh toán thẻ,741000,0,Thành công,CN Thanh Xuân,39325328
GD202604000071,2026-04-05 20:14:54,KH000003,Quầy giao dịch,Nhận lương,43836668,0,Thành công,CN Quận 1,280348993
GD202604000020,2026-04-05 20:22:14,KH000001,Quầy giao dịch,Nhận lương,27305360,0,Thành công,CN TP Hồ Chí Minh,95009835
GD202604009720,2026-04-05 20:41:35,KH000099,Mobile Banking,Nạp tiền điện thoại,1681000,0,Thành công,CN Quận 1,33654438
GD202604000051,2026-04-05 20:46:30,KH000002,QR Code,Nạp tiền điện thoại,1936000,0,Thành công,CN TP Hồ Chí Minh,64811053
GD202604003410,2026-04-05 21:09:00,KH000032,Quầy giao dịch,Chuyển khoản đến,163000,3300,Thành công,CN Cầu Giấy,47481350
GD202604008839,2026-04-05 21:15:47,KH000092,Mobile Banking,Thanh toán thẻ,890000,0,Thành công,CN Cầu Giấy,9940745
GD202604011338,2026-04-05 21:20:24,KH000119,Internet Banking,Chuyển khoản đến,126000,0,Thành công,CN Hải Phòng,29424979
GD202604018256,2026-04-05 21:46:17,KH000192,Quầy giao dịch,Nhận lương,21000861,0,Thành công,CN Đà Nẵng,135278614
GD202604018703,2026-04-05 21:49:41,KH000198,POS,Thanh toán hóa đơn,777000,0,Thành công,CN Quận 1,40191588
GD202604003868,2026-04-05 21:56:50,KH000038,QR Code,Thanh toán thẻ,1260000,0,Thành công,CN TP Hồ Chí Minh,71860656
GD202604002126,2026-04-05 22:10:09,KH000020,Mobile Banking,Nộp tiền mặt,2200000,0,Thành công,CN Cầu Giấy,16800577
GD202604003409,2026-04-05 22:25:47,KH000032,Quầy giao dịch,Nhận lương,11746820,0,Thành công,CN Cần Thơ,47318350
GD202604000790,2026-04-05 22:33:09,KH000011,Internet Banking,Nạp tiền điện thoại,3912000,0,Thành công,CN Đà Nẵng,87604605
GD202604010030,2026-04-05 22:47:35,KH000104,QR Code,Chuyển khoản đến,2121000,0,Thành công,CN Hoàn Kiếm,26337213
GD202604001117,2026-04-06 06:00:48,KH000014,QR Code,Chuyển khoản đến,15813000,0,Thành công,CN Cần Thơ,69186827
GD202604001703,2026-04-06 06:03:56,KH000018,Quầy giao dịch,Nhận lương,8617127,0,Thành công,CN Bình Dương,52654408
GD202604011762,2026-04-06 06:06:32,KH000125,POS,Thanh toán thẻ,118000,0,Thành công,CN TP Hồ Chí Minh,212736
GD202604007300,2026-04-06 06:21:53,KH000077,Mobile Banking,Nộp tiền mặt,467000,0,Thành công,CN Hải Phòng,1866940
GD202604011763,2026-04-06 06:48:12,KH000125,QR Code,Nộp tiền mặt,149000,0,Thành công,CN Quận 1,361736
GD202604000154,2026-04-06 08:01:29,KH000005,Mobile Banking,Nạp tiền điện thoại,14395000,0,Thành công,CN Thanh Xuân,114380930
GD202604007629,2026-04-06 08:33:48,KH000079,Quầy giao dịch,Nhận lương,31674647,0,Thành công,CN Thanh Xuân,33863250
GD202604000890,2026-04-06 09:03:19,KH000012,Quầy giao dịch,Nhận lương,11077589,0,Thành công,CN Hải Phòng,67824566
GD202604018566,2026-04-06 09:05:35,KH000196,Quầy giao dịch,Nhận lương,9003789,0,Thành công,CN Cần Thơ,44534755
GD202604013276,2026-04-06 09:08:19,KH000137,Quầy giao dịch,Nhận lương,16759619,0,Thành công,CN Thanh Xuân,34511396
GD202604004186,2026-04-06 09:20:40,KH000042,Mobile Banking,Chuyển khoản đi,242000,0,Thành công,CN Quận 1,45673623
GD202604007215,2026-04-06 09:37:49,KH000076,POS,Thanh toán thẻ,85000,3300,Thành công,CN Cần Thơ,5758341
GD202604016247,2026-04-06 09:54:32,KH000176,Mobile Banking,Thanh toán thẻ,1050000,0,Thành công,CN Cầu Giấy,22395606
GD202604016119,2026-04-06 10:15:49,KH000174,Quầy giao dịch,Nhận lương,9039211,0,Thành công,CN Cần Thơ,65781055
GD202604015404,2026-04-06 10:20:02,KH000165,Quầy giao dịch,Nhận lương,9111082,0,Thành công,CN Quận 1,84278667
GD202604008432,2026-04-06 10:53:25,KH000085,Quầy giao dịch,Thanh toán hóa đơn,8845000,0,Thành công,CN Quận 1,32201489
GD202604008840,2026-04-06 11:26:52,KH000092,Mobile Banking,Thanh toán thẻ,1727000,0,Thành công,CN Quận 1,8213745
GD202604006548,2026-04-06 11:28:18,KH000066,Quầy giao dịch,Nộp tiền mặt,859000,3300,Thành công,CN Đà Nẵng,133353540
GD202604009848,2026-04-06 11:28:50,KH000101,Quầy giao dịch,Nhận lương,16649365,0,Thành công,CN Đà Nẵng,114477553
GD202604018090,2026-04-06 11:36:19,KH000191,Mobile Banking,Thanh toán thẻ,6116000,0,Thành công,CN Quận 1,11442749
GD202604000113,2026-04-06 12:11:51,KH000004,Quầy giao dịch,Nhận lương,20263532,0,Thành công,CN Cầu Giấy,143376381
GD202604011183,2026-04-06 12:12:46,KH000118,Mobile Banking,Nạp tiền điện thoại,1840000,0,Thành công,CN Hải Phòng,17336215
GD202604016771,2026-04-06 12:31:07,KH000181,Internet Banking,Thanh toán thẻ,67000,0,Thành công,CN TP Hồ Chí Minh,347820
GD202604010031,2026-04-06 12:55:34,KH000104,POS,Thanh toán thẻ,3060000,5500,Thành công,CN Quận 1,23271713
GD202604013591,2026-04-06 13:26:10,KH000142,Quầy giao dịch,Nhận lương,50021470,0,Thành công,CN Thanh Xuân,103820912
GD202604001846,2026-04-06 13:36:19,KH000019,ATM,Nạp tiền điện thoại,2082000,1100,Thành công,CN Cầu Giấy,51364767
GD202604012876,2026-04-06 14:05:46,KH000132,Internet Banking,Thanh toán thẻ,1916000,0,Thành công,CN Hải Phòng,7442930
GD202604004282,2026-04-06 14:06:40,KH000043,Quầy giao dịch,Nhận lương,9051203,0,Thành công,CN Cầu Giấy,42629279
GD202604018091,2026-04-06 14:21:02,KH000191,Quầy giao dịch,Rút tiền mặt,1483000,0,Thành công,CN Cầu Giấy,9959749
GD202604014149,2026-04-06 14:28:12,KH000150,Quầy giao dịch,Nhận lương,15968093,0,Thành công,CN Thanh Xuân,61914678
GD202604007301,2026-04-06 14:30:36,KH000077,QR Code,Thanh toán thẻ,487000,0,Thành công,CN Hải Phòng,1379940
GD202604006138,2026-04-06 14:42:10,KH000063,Quầy giao dịch,Nhận lương,10317394,0,Thành công,CN Cần Thơ,51754171
GD202604016772,2026-04-06 14:57:39,KH000181,Internet Banking,Thanh toán thẻ,149000,0,Thành công,CN Hải Phòng,198820
GD202604013378,2026-04-06 15:01:01,KH000138,Quầy giao dịch,Nhận lương,8027481,0,Thành công,CN Cầu Giấy,26312451
GD202604004185,2026-04-06 15:10:29,KH000042,Quầy giao dịch,Nhận lương,11287228,0,Thành công,CN Cầu Giấy,45915623
GD202604009505,2026-04-06 15:47:50,KH000097,QR Code,Chuyển khoản đến,1648000,0,Thành công,CN Cần Thơ,17390449
GD202604007299,2026-04-06 16:08:07,KH000077,Mobile Banking,Nộp tiền mặt,271000,0,Thành công,CN Đà Nẵng,1399940
GD202604010813,2026-04-06 16:20:45,KH000114,Quầy giao dịch,Nhận lương,11813148,0,Thành công,CN Hoàn Kiếm,59639205
GD202604003870,2026-04-06 16:30:09,KH000038,QR Code,Thanh toán thẻ,4319000,0,Thành công,CN Bình Dương,69616656
GD202604012390,2026-04-06 16:35:45,KH000129,Internet Banking,Rút tiền mặt,83000,0,Thành công,CN Hoàn Kiếm,58148
GD202604009506,2026-04-06 16:36:48,KH000097,Internet Banking,Thanh toán thẻ,2462000,0,Thành công,CN Thanh Xuân,14928449
GD202604014423,2026-04-06 16:59:15,KH000153,POS,Thanh toán thẻ,604000,1100,Thành công,CN Cầu Giấy,3092841
GD202604002429,2026-04-06 17:38:05,KH000023,QR Code,Nộp tiền mặt,3218000,0,Thành công,CN Cần Thơ,20734975
GD202604015108,2026-04-06 18:11:30,KH000162,QR Code,Rút tiền mặt,74000,0,Thành công,CN Hải Phòng,203303
GD202604011683,2026-04-06 18:23:42,KH000124,POS,Thanh toán thẻ,4826000,5500,Thành công,CN Hoàn Kiếm,20672938
GD202604014422,2026-04-06 18:24:19,KH000153,QR Code,Thanh toán thẻ,116000,0,Thành công,CN Bình Dương,3697941
GD202604001466,2026-04-06 18:27:29,KH000016,Internet Banking,Thanh toán thẻ,136000,0,Thành công,CN Cầu Giấy,156607
GD202604017886,2026-04-06 18:34:30,KH000189,Mobile Banking,Chuyển khoản đến,136446000,0,Thành công,CN Thanh Xuân,588108583
GD202604018089,2026-04-06 18:34:48,KH000191,Quầy giao dịch,Nhận lương,14634990,0,Thành công,CN Quận 1,17558749
GD202604003608,2026-04-06 18:34:49,KH000034,QR Code,Chuyển khoản đến,1284000,0,Thành công,CN Quận 1,67687750
GD202604010920,2026-04-06 18:59:49,KH000115,Mobile Banking,Nạp tiền điện thoại,4804000,0,Thành công,CN Quận 1,27571645
GD202604005281,2026-04-06 19:18:11,KH000056,Quầy giao dịch,Nhận lương,11709505,0,Thành công,CN Hải Phòng,94158702
GD202604010919,2026-04-06 19:28:12,KH000115,Quầy giao dịch,Nhận lương,11903446,0,Thành công,CN Cầu Giấy,32375645
GD202604003048,2026-04-06 19:39:50,KH000028,QR Code,Chuyển khoản đến,916000,0,Thành công,CN Hoàn Kiếm,36558735
GD202604012053,2026-04-06 20:23:23,KH000127,QR Code,Thanh toán thẻ,2907000,0,Thành công,CN Thanh Xuân,17158577
GD202604018743,2026-04-06 20:38:59,KH000199,Quầy giao dịch,Nhận lương,47683455,0,Thành công,CN Hoàn Kiếm,316753685
GD202604009333,2026-04-06 21:17:34,KH000096,QR Code,Thanh toán hóa đơn,2232000,0,Thành công,CN Hải Phòng,5255396
GD202604014421,2026-04-06 21:54:36,KH000153,Internet Banking,Nộp tiền mặt,887000,0,Thành công,CN Hải Phòng,3813941
GD202604001845,2026-04-06 22:16:55,KH000019,QR Code,Nộp tiền mặt,2831000,0,Thành công,CN Cầu Giấy,53447867
GD202604016770,2026-04-06 22:20:48,KH000181,POS,Thanh toán thẻ,152000,0,Thành công,CN Bình Dương,414820
GD202604016628,2026-04-06 22:25:34,KH000180,QR Code,Nạp tiền điện thoại,1300000,0,Thành công,CN Hải Phòng,38025328
GD202604002527,2026-04-06 22:28:07,KH000024,Quầy giao dịch,Nhận lương,10930039,0,Thành công,CN TP Hồ Chí Minh,65584637
GD202604003610,2026-04-07 06:09:05,KH000034,Internet Banking,Nạp tiền điện thoại,2175000,0,Thành công,CN Cầu Giấy,63392650
GD202604013968,2026-04-07 06:40:42,KH000147,Quầy giao dịch,Nhận lương,10753371,0,Thành công,CN Hoàn Kiếm,122243417
GD202604010033,2026-04-07 06:52:23,KH000104,QR Code,Thanh toán thẻ,2531000,0,Thành công,CN Bình Dương,30925019
GD202604000608,2026-04-07 06:56:23,KH000010,Quầy giao dịch,Thanh toán hóa đơn,439000,3300,Thành công,CN TP Hồ Chí Minh,1699642
GD202604010698,2026-04-07 07:22:01,KH000113,QR Code,Thanh toán thẻ,2231000,0,Thành công,CN Bình Dương,36777396
GD202604005582,2026-04-07 07:33:31,KH000059,Quầy giao dịch,Nhận lương,80882980,0,Thành công,CN TP Hồ Chí Minh,138347467
GD202604008109,2026-04-07 07:43:02,KH000083,Mobile Banking,Nạp tiền điện thoại,96000,0,Thành công,CN Bình Dương,38812594
GD202604017246,2026-04-07 08:01:04,KH000183,QR Code,Nộp tiền mặt,967000,0,Thành công,CN Quận 1,4344876
GD202604001118,2026-04-07 08:01:17,KH000014,Internet Banking,Nộp tiền mặt,3431000,0,Thành công,CN Hải Phòng,72617827
GD202604003304,2026-04-07 08:19:09,KH000031,QR Code,Chuyển khoản đến,267000,0,Thành công,CN Quận 1,1758103
GD202604018406,2026-04-07 08:24:55,KH000195,POS,Thanh toán thẻ,5249000,3300,Thành công,CN Cần Thơ,27745017
GD202604001468,2026-04-07 08:58:22,KH000016,Quầy giao dịch,Chuyển khoản đến,125000,5500,Thành công,CN Cầu Giấy,217607
GD202604009824,2026-04-07 09:03:49,KH000100,Quầy giao dịch,Nhận lương,21520684,0,Thành công,CN Hoàn Kiếm,49533030
GD202604011634,2026-04-07 09:37:24,KH000123,Quầy giao dịch,Nhận lương,75038360,0,Thành công,CN Quận 1,503695416
GD202604010336,2026-04-07 09:42:02,KH000108,QR Code,Thanh toán thẻ,318000,0,Thành công,CN TP Hồ Chí Minh,37411730
GD202604014121,2026-04-07 09:49:20,KH000149,Quầy giao dịch,Nhận lương,9258588,0,Thành công,CN Quận 1,27021201
GD202604018567,2026-04-07 09:53:21,KH000196,ATM,Chuyển khoản đi,181000,0,Thành công,CN Đà Nẵng,44353755
GD202604012877,2026-04-07 09:53:39,KH000132,Quầy giao dịch,Nhận lương,21555036,0,Thành công,CN Bình Dương,28997966
GD202604013592,2026-04-07 10:23:25,KH000142,Quầy giao dịch,Chuyển khoản đến,32896000,5500,Thành công,CN TP Hồ Chí Minh,136716912
GD202604008239,2026-04-07 10:51:03,KH000084,Internet Banking,Thanh toán thẻ,2937000,0,Thành công,CN Bình Dương,21633967
GD202604010814,2026-04-07 10:59:33,KH000114,POS,Thanh toán thẻ,360000,0,Thành công,CN Cầu Giấy,59279205
GD202604006626,2026-04-07 11:01:20,KH000067,Quầy giao dịch,Chuyển khoản đến,3740000,5500,Thành công,CN Đà Nẵng,42528399
GD202604004524,2026-04-07 11:11:41,KH000046,Quầy giao dịch,Nhận lương,42954225,0,Thành công,CN Bình Dương,116448653
GD202604006900,2026-04-07 11:42:54,KH000073,QR Code,Thanh toán thẻ,27372000,0,Thành công,CN TP Hồ Chí Minh,72317151
GD202604003303,2026-04-07 12:19:17,KH000031,Internet Banking,Thanh toán thẻ,385000,0,Thành công,CN Hoàn Kiếm,1491103
GD202604009062,2026-04-07 12:29:26,KH000094,POS,Thanh toán thẻ,1358000,5500,Thành công,CN TP Hồ Chí Minh,74385085
GD202604003816,2026-04-07 12:37:09,KH000037,Quầy giao dịch,Chuyển khoản đi,16377000,5500,Thành công,CN Hải Phòng,105857158
GD202604011060,2026-04-07 12:47:59,KH000117,Quầy giao dịch,Nhận lương,11520983,0,Thành công,CN Bình Dương,53008303
GD202604000072,2026-04-07 13:09:32,KH000003,Mobile Banking,Thanh toán thẻ,5391000,0,Thành công,CN Quận 1,274957993
GD202604004544,2026-04-07 13:18:55,KH000047,Quầy giao dịch,Nhận lương,10590504,0,Thành công,CN Hoàn Kiếm,92093947
GD202604007865,2026-04-07 13:35:02,KH000080,Quầy giao dịch,Nhận lương,11171099,0,Thành công,CN Thanh Xuân,87826726
GD202604007968,2026-04-07 13:41:39,KH000082,Mobile Banking,Thanh toán thẻ,360000,0,Thành công,CN Đà Nẵng,37984514
GD202604014209,2026-04-07 13:42:00,KH000151,ATM,Nạp tiền điện thoại,723000,1100,Thành công,CN Cần Thơ,5525716
GD202604009721,2026-04-07 13:52:31,KH000099,Quầy giao dịch,Nhận lương,10677331,0,Thành công,CN Cầu Giấy,44331769
GD202604008702,2026-04-07 14:18:46,KH000089,Quầy giao dịch,Nhận lương,19726593,0,Thành công,CN TP Hồ Chí Minh,67126390
GD202604017531,2026-04-07 14:32:08,KH000185,Quầy giao dịch,Nhận lương,22840173,0,Thành công,CN Cần Thơ,73943420
GD202604003611,2026-04-07 14:52:03,KH000034,POS,Thanh toán thẻ,458000,3300,Thành công,CN Quận 1,62931350
GD202604010197,2026-04-07 15:22:25,KH000105,Quầy giao dịch,Nhận lương,57986667,0,Thành công,CN Quận 1,267956616
GD202604008779,2026-04-07 15:44:43,KH000091,Quầy giao dịch,Chuyển khoản đến,9631000,1100,Thành công,CN Cần Thơ,77843747
GD202604018092,2026-04-07 16:11:33,KH000191,Mobile Banking,Nộp tiền mặt,3248000,0,Thành công,CN Cầu Giấy,13207749
GD202604017987,2026-04-07 16:23:28,KH000190,ATM,Chuyển khoản đi,5767000,0,Thành công,CN Hoàn Kiếm,639308864
GD202604002128,2026-04-07 16:26:21,KH000020,Mobile Banking,Nạp tiền điện thoại,19688000,0,Thành công,CN TP Hồ Chí Minh,57076006
GD202604016629,2026-04-07 16:33:29,KH000180,Internet Banking,Thanh toán thẻ,2657000,0,Thành công,CN Hải Phòng,35368328
GD202604003609,2026-04-07 16:36:46,KH000034,POS,Thanh toán thẻ,2119000,1100,Thành công,CN Bình Dương,65567650
GD202604010034,2026-04-07 16:59:00,KH000104,Mobile Banking,Chuyển khoản đi,1952000,0,Thành công,CN Cần Thơ,28973019
GD202604002127,2026-04-07 16:59:15,KH000020,Quầy giao dịch,Nhận lương,59963428,0,Thành công,CN Hải Phòng,76764006
GD202604001467,2026-04-07 17:02:43,KH000016,Mobile Banking,Thanh toán thẻ,64000,0,Thành công,CN Quận 1,92607
GD202604009063,2026-04-07 17:07:15,KH000094,Internet Banking,Nạp tiền điện thoại,1438000,0,Thành công,CN Cần Thơ,72947085
GD202604002129,2026-04-07 17:29:25,KH000020,QR Code,Rút tiền mặt,9245000,0,Thành công,CN Hoàn Kiếm,47831006
GD202604010284,2026-04-07 17:47:22,KH000107,Quầy giao dịch,Nhận lương,9814082,0,Thành công,CN Đà Nẵng,43153182
GD202604003266,2026-04-07 17:56:00,KH000030,Internet Banking,Thanh toán hóa đơn,3166000,0,Thành công,CN TP Hồ Chí Minh,121105485
GD202604002430,2026-04-07 18:21:24,KH000023,Mobile Banking,Thanh toán hóa đơn,494000,0,Thành công,CN TP Hồ Chí Minh,20240975
GD202604013164,2026-04-07 18:28:40,KH000136,Quầy giao dịch,Nhận lương,39482227,0,Thành công,CN Cần Thơ,86362521
GD202604004283,2026-04-07 18:42:46,KH000043,POS,Thanh toán hóa đơn,246000,1100,Thành công,CN Cầu Giấy,42382179
GD202604003265,2026-04-07 19:10:36,KH000030,Quầy giao dịch,Nhận lương,11853386,0,Thành công,CN Đà Nẵng,124271485
GD202604006719,2026-04-07 20:27:04,KH000069,POS,Thanh toán thẻ,1773000,5500,Thành công,CN Hoàn Kiếm,61486930
GD202604018407,2026-04-07 20:46:43,KH000195,POS,Thanh toán thẻ,7391000,0,Thành công,CN Bình Dương,20354017
GD202604007302,2026-04-07 21:16:40,KH000077,QR Code,Chuyển khoản đến,126000,0,Thành công,CN Cầu Giấy,1505940
GD202604011339,2026-04-07 21:50:11,KH000119,POS,Thanh toán thẻ,147000,3300,Thành công,CN Hải Phòng,29274679
GD202604011764,2026-04-07 22:00:56,KH000125,QR Code,Thanh toán thẻ,119000,0,Thành công,CN TP Hồ Chí Minh,242736
GD202604001119,2026-04-07 22:15:28,KH000014,Internet Banking,Chuyển khoản đến,16385000,0,Thành công,CN Đà Nẵng,89002827
GD202604016453,2026-04-07 22:40:34,KH000177,Quầy giao dịch,Chuyển khoản đến,12936000,5500,Thành công,CN TP Hồ Chí Minh,68421005
GD202604010697,2026-04-07 22:44:37,KH000113,POS,Thanh toán thẻ,6910000,5500,Thành công,CN Hoàn Kiếm,39008396
GD202604010032,2026-04-07 22:49:08,KH000104,Quầy giao dịch,Nhận lương,10184306,0,Thành công,CN Thanh Xuân,33456019
GD202604005283,2026-04-08 06:04:00,KH000056,Mobile Banking,Chuyển khoản đến,2695000,0,Thành công,CN Hải Phòng,92797702
GD202604002859,2026-04-08 06:18:34,KH000026,QR Code,Chuyển khoản đi,653000,0,Thành công,CN Bình Dương,1968122
GD202604009334,2026-04-08 06:41:02,KH000096,QR Code,Thanh toán thẻ,384000,0,Thành công,CN Bình Dương,4871396
GD202604016941,2026-04-08 07:04:39,KH000182,Internet Banking,Thanh toán hóa đơn,5973000,0,Thành công,CN TP Hồ Chí Minh,14201492
GD202604003050,2026-04-08 07:53:03,KH000028,Mobile Banking,Chuyển khoản đi,1940000,0,Thành công,CN Hải Phòng,46053950
GD202604003411,2026-04-08 08:15:50,KH000032,Mobile Banking,Thanh toán thẻ,76000,0,Thành công,CN Đà Nẵng,47405350
GD202604010699,2026-04-08 08:27:53,KH000113,Quầy giao dịch,Nhận lương,8061790,0,Thành công,CN Quận 1,44839186
GD202604012878,2026-04-08 08:34:06,KH000132,QR Code,Thanh toán thẻ,1285000,0,Thành công,CN Hoàn Kiếm,27712966
GD202604011185,2026-04-08 08:43:29,KH000118,POS,Thanh toán thẻ,576000,0,Thành công,CN Thanh Xuân,31315274
GD202604013715,2026-04-08 09:03:24,KH000143,POS,Chuyển khoản đến,888000,5500,Thành công,CN Đà Nẵng,43446606
GD202604011186,2026-04-08 09:18:40,KH000118,POS,Thanh toán thẻ,9628000,3300,Thành công,CN Cầu Giấy,21683974
GD202604011184,2026-04-08 09:52:56,KH000118,Quầy giao dịch,Nhận lương,14555059,0,Thành công,CN Hải Phòng,31891274
GD202604001847,2026-04-08 10:03:08,KH000019,Mobile Banking,Thanh toán thẻ,3408000,0,Thành công,CN Đà Nẵng,47956767
GD202604006980,2026-04-08 10:05:47,KH000074,Quầy giao dịch,Nhận lương,8744559,0,Thành công,CN Bình Dương,37737832
GD202604006981,2026-04-08 10:24:00,KH000074,Internet Banking,Chuyển khoản đi,896000,0,Thành công,CN Hoàn Kiếm,36841832
GD202604013940,2026-04-08 10:26:47,KH000146,POS,Rút tiền mặt,79344000,0,Thành công,CN Cầu Giấy,240187547
GD202604018611,2026-04-08 10:34:26,KH000197,POS,Chuyển khoản đến,15748000,0,Thành công,CN TP Hồ Chí Minh,92033424
GD202604003871,2026-04-08 10:36:43,KH000038,QR Code,Nạp tiền điện thoại,2440000,0,Thành công,CN Hải Phòng,67176656
GD202604003049,2026-04-08 10:45:25,KH000028,Quầy giao dịch,Nhận lương,11435216,0,Thành công,CN Quận 1,47993950
GD202604014210,2026-04-08 10:50:22,KH000151,Internet Banking,Thanh toán thẻ,171000,0,Thành công,CN Cần Thơ,5354716
GD202604013277,2026-04-08 11:09:24,KH000137,QR Code,Nạp tiền điện thoại,6988000,0,Thành công,CN Cần Thơ,27523396
GD202604009064,2026-04-08 11:37:37,KH000094,Quầy giao dịch,Nhận lương,8352912,0,Thành công,CN Đà Nẵng,81299996
GD202604000610,2026-04-08 11:41:23,KH000010,QR Code,Thanh toán hóa đơn,2787000,0,Thành công,CN Quận 1,12529159
GD202604002645,2026-04-08 12:10:26,KH000025,Mobile Banking,Chuyển khoản đi,70000,0,Thành công,CN Cần Thơ,226031
GD202604016454,2026-04-08 12:46:53,KH000177,Mobile Banking,Chuyển khoản đi,22571000,0,Thành công,CN Quận 1,45850005
GD202604000053,2026-04-08 13:01:48,KH000002,Mobile Banking,Nạp tiền điện thoại,2471000,0,Thành công,CN Quận 1,72094229
GD202604007969,2026-04-08 13:07:05,KH000082,Quầy giao dịch,Nhận lương,10510883,0,Thành công,CN Thanh Xuân,48495396
GD202604007970,2026-04-08 14:15:10,KH000082,POS,Thanh toán thẻ,4341000,3300,Thành công,CN Đà Nẵng,44151096
GD202604007304,2026-04-08 14:16:03,KH000077,POS,Nạp tiền điện thoại,558000,1100,Thành công,CN TP Hồ Chí Minh,9882726
GD202604007303,2026-04-08 14:21:01,KH000077,Quầy giao dịch,Nhận lương,8935886,0,Thành công,CN Cầu Giấy,10441826
GD202604009905,2026-04-08 14:29:09,KH000102,Quầy giao dịch,Nhận lương,10681921,0,Thành công,CN Quận 1,186797726
GD202604011340,2026-04-08 14:42:30,KH000119,Internet Banking,Thanh toán thẻ,75000,0,Thành công,CN Hải Phòng,29199679
GD202604014424,2026-04-08 14:54:05,KH000153,QR Code,Chuyển khoản đến,741000,0,Thành công,CN Đà Nẵng,3833841
GD202604018744,2026-04-08 15:18:28,KH000199,Quầy giao dịch,Rút tiền mặt,40210000,3300,Thành công,CN Thanh Xuân,276540385
GD202604013714,2026-04-08 15:31:05,KH000143,Quầy giao dịch,Nhận lương,8888677,0,Thành công,CN TP Hồ Chí Minh,42558606
GD202604016630,2026-04-08 15:33:26,KH000180,Quầy giao dịch,Nhận lương,11833829,0,Thành công,CN Hoàn Kiếm,47202157
GD202604008240,2026-04-08 15:36:26,KH000084,QR Code,Chuyển khoản đến,2724000,0,Thành công,CN Hoàn Kiếm,24357967
GD202604012054,2026-04-08 16:11:17,KH000127,Mobile Banking,Thanh toán thẻ,4689000,0,Thành công,CN Đà Nẵng,12469577
GD202604008780,2026-04-08 16:35:58,KH000091,Quầy giao dịch,Nhận lương,41739481,0,Thành công,CN Hoàn Kiếm,119583228
GD202604003536,2026-04-08 16:37:37,KH000033,Quầy giao dịch,Nhận lương,10474398,0,Thành công,CN Hải Phòng,44969424
GD202604000609,2026-04-08 16:48:49,KH000010,Quầy giao dịch,Nhận lương,13616517,0,Thành công,CN Quận 1,15316159
GD202604013379,2026-04-08 17:04:48,KH000138,ATM,Chuyển khoản đi,4795000,5500,Thành công,CN Bình Dương,21511951
GD202604006781,2026-04-08 17:07:47,KH000071,ATM,Nộp tiền mặt,6411000,5500,Thành công,CN Cầu Giấy,41892838
GD202604007305,2026-04-08 17:12:35,KH000077,POS,Thanh toán thẻ,2716000,0,Thành công,CN Quận 1,7166726
GD202604000052,2026-04-08 17:23:52,KH000002,Quầy giao dịch,Nhận lương,9754176,0,Thành công,CN Cần Thơ,74565229
GD202604002528,2026-04-08 17:24:03,KH000024,ATM,Chuyển khoản đến,1044000,5500,Thành công,CN Cần Thơ,66628637
GD202604007630,2026-04-08 17:29:18,KH000079,Internet Banking,Thanh toán thẻ,9444000,0,Thành công,CN Hoàn Kiếm,24419250
GD202604003051,2026-04-08 17:33:11,KH000028,Internet Banking,Rút tiền mặt,797000,0,Thành công,CN Hải Phòng,45256950
GD202604008559,2026-04-08 17:56:22,KH000087,POS,Chuyển khoản đến,133000,1100,Thành công,CN Hải Phòng,355626
GD202604005282,2026-04-08 18:04:04,KH000056,QR Code,Thanh toán thẻ,4056000,0,Thành công,CN Cần Thơ,90102702
GD202604011341,2026-04-08 18:07:18,KH000119,POS,Thanh toán thẻ,72000,5500,Thành công,CN Bình Dương,29122179
GD202604008703,2026-04-08 18:09:31,KH000089,POS,Rút tiền mặt,82000,0,Thành công,CN TP Hồ Chí Minh,67044390
GD202604004140,2026-04-08 18:14:03,KH000041,QR Code,Thanh toán thẻ,10511000,0,Thành công,CN Cầu Giấy,137379851
GD202604007891,2026-04-08 18:22:07,KH000081,Quầy giao dịch,Thanh toán hóa đơn,36219000,5500,Thành công,CN Thanh Xuân,171864635
GD202604005821,2026-04-08 19:39:34,KH000061,POS,Thanh toán thẻ,1607000,5500,Thành công,CN Đà Nẵng,39088283
GD202604006139,2026-04-08 19:43:43,KH000063,Mobile Banking,Thanh toán thẻ,847000,0,Thành công,CN Đà Nẵng,50907171
GD202604006549,2026-04-08 19:57:06,KH000066,Quầy giao dịch,Nhận lương,10683076,0,Thành công,CN Bình Dương,144036617
GD202604016569,2026-04-08 21:11:56,KH000179,Quầy giao dịch,Nhận lương,30304972,0,Thành công,CN Cần Thơ,152791267
GD202604016120,2026-04-08 21:34:36,KH000174,ATM,Chuyển khoản đến,194000,3300,Thành công,CN Hoàn Kiếm,65975055
GD202604009065,2026-04-08 21:35:28,KH000094,Internet Banking,Thanh toán hóa đơn,2215000,0,Thành công,CN Thanh Xuân,79084996
GD202604006357,2026-04-08 21:37:57,KH000065,QR Code,Thanh toán thẻ,11857000,0,Thành công,CN TP Hồ Chí Minh,69934299
GD202604009906,2026-04-08 21:43:16,KH000102,Mobile Banking,Nộp tiền mặt,29003000,0,Thành công,CN Cầu Giấy,215800726
GD202604010468,2026-04-08 21:56:07,KH000110,Quầy giao dịch,Nhận lương,10554493,0,Thành công,CN TP Hồ Chí Minh,52293125
GD202604018093,2026-04-08 22:05:08,KH000191,Internet Banking,Chuyển khoản đến,1346000,0,Thành công,CN Cần Thơ,14553749
GD202604015462,2026-04-08 22:56:46,KH000166,Quầy giao dịch,Thanh toán hóa đơn,40804000,0,Thành công,CN Bình Dương,207370608
GD202604003537,2026-04-09 06:05:30,KH000033,QR Code,Chuyển khoản đi,2345000,0,Thành công,CN Bình Dương,42624424
GD202604009335,2026-04-09 06:05:31,KH000096,POS,Thanh toán thẻ,735000,5500,Thành công,CN Cần Thơ,4130896
GD202604003612,2026-04-09 06:06:50,KH000034,Mobile Banking,Chuyển khoản đi,1739000,0,Thành công,CN Bình Dương,61192350
GD202604016773,2026-04-09 06:11:29,KH000181,Internet Banking,Chuyển khoản đến,150000,0,Thành công,CN Bình Dương,348820
GD202604015405,2026-04-09 06:24:50,KH000165,Internet Banking,Thanh toán thẻ,11073000,0,Thành công,CN Cần Thơ,73205667
GD202604016942,2026-04-09 06:37:02,KH000182,ATM,Chuyển khoản đến,1497000,5500,Thành công,CN Cần Thơ,15698492
GD202604012444,2026-04-09 06:38:56,KH000130,Internet Banking,Thanh toán thẻ,4963000,0,Thành công,CN Thanh Xuân,47794822
GD202604012274,2026-04-09 06:47:10,KH000128,Quầy giao dịch,Nhận lương,9420930,0,Thành công,CN Bình Dương,35016471
GD202604013841,2026-04-09 06:48:00,KH000145,Quầy giao dịch,Nhận lương,11475125,0,Thành công,CN TP Hồ Chí Minh,46560612
GD202604016455,2026-04-09 06:58:27,KH000177,Quầy giao dịch,Nhận lương,36829091,0,Thành công,CN TP Hồ Chí Minh,82679096
GD202604007971,2026-04-09 07:05:19,KH000082,QR Code,Chuyển khoản đến,2273000,0,Thành công,CN Hoàn Kiếm,46424096
GD202604015406,2026-04-09 07:08:27,KH000165,POS,Thanh toán hóa đơn,1035000,1100,Thành công,CN Quận 1,72169567
GD202604004668,2026-04-09 07:17:06,KH000050,POS,Thanh toán thẻ,394000,3300,Thành công,CN Bình Dương,15837129
GD202604000155,2026-04-09 07:22:13,KH000005,Mobile Banking,Thanh toán thẻ,21963000,0,Thành công,CN Thanh Xuân,92417930
GD202604016248,2026-04-09 08:27:32,KH000176,Quầy giao dịch,Nhận lương,11667927,0,Thành công,CN Cần Thơ,34063533
GD202604001848,2026-04-09 08:58:34,KH000019,Quầy giao dịch,Nhận lương,9605408,0,Thành công,CN Cầu Giấy,57562176
GD202604018612,2026-04-09 09:09:53,KH000197,Quầy giao dịch,Nhận lương,62449746,0,Thành công,CN Cầu Giấy,154483170
GD202604018408,2026-04-09 09:25:53,KH000195,Internet Banking,Rút tiền mặt,2475000,0,Thành công,CN Cầu Giấy,17879017
GD202604005822,2026-04-09 10:04:42,KH000061,POS,Thanh toán thẻ,88000,5500,Thành công,CN Cầu Giấy,38994783
GD202604010285,2026-04-09 10:33:37,KH000107,POS,Thanh toán thẻ,132000,5500,Thành công,CN Cần Thơ,43015682
GD202604009907,2026-04-09 10:40:57,KH000102,POS,Thanh toán thẻ,22383000,1100,Thành công,CN Hải Phòng,193416626
GD202604017988,2026-04-09 11:25:12,KH000190,Quầy giao dịch,Nhận lương,57137735,0,Thành công,CN Hải Phòng,696446599
GD202604001704,2026-04-09 11:49:33,KH000018,Internet Banking,Chuyển khoản đến,1179000,0,Thành công,CN Bình Dương,53833408
GD202604016249,2026-04-09 12:00:44,KH000176,POS,Thanh toán thẻ,921000,3300,Thành công,CN Hải Phòng,33139233
GD202604014425,2026-04-09 12:23:16,KH000153,Quầy giao dịch,Chuyển khoản đến,1032000,5500,Thành công,CN Hải Phòng,4865841
GD202604014122,2026-04-09 12:36:26,KH000149,Internet Banking,Chuyển khoản đi,1039000,0,Thất bại,CN Hải Phòng,27021201
GD202604015898,2026-04-09 12:36:39,KH000172,Mobile Banking,Rút tiền mặt,2328000,0,Thành công,CN Hoàn Kiếm,4446082
GD202604002131,2026-04-09 12:42:03,KH000020,Internet Banking,Nạp tiền điện thoại,4489000,0,Thành công,CN Đà Nẵng,44580006
GD202604008841,2026-04-09 13:14:39,KH000092,Quầy giao dịch,Nhận lương,11030805,0,Thành công,CN Thanh Xuân,19244550
GD202604002902,2026-04-09 13:19:29,KH000027,QR Code,Nạp tiền điện thoại,3233000,0,Thành công,CN Hải Phòng,88401941
GD202604017887,2026-04-09 13:34:34,KH000189,QR Code,Thanh toán thẻ,96016000,0,Thành công,CN Hải Phòng,492092583
GD202604001469,2026-04-09 14:23:54,KH000016,QR Code,Thanh toán thẻ,191000,0,Thành công,CN Bình Dương,313107
GD202604006720,2026-04-09 14:34:55,KH000069,Quầy giao dịch,Nhận lương,8084949,0,Thành công,CN Cần Thơ,69571878
GD202604007521,2026-04-09 14:47:02,KH000078,Quầy giao dịch,Nhận lương,21975728,0,Thành công,CN Bình Dương,130714886
GD202604003052,2026-04-09 15:05:59,KH000028,Quầy giao dịch,Chuyển khoản đi,657000,5500,Thành công,CN Đà Nẵng,44594450
GD202604010815,2026-04-09 15:40:06,KH000114,Mobile Banking,Chuyển khoản đi,1134000,0,Thành công,CN Cầu Giấy,58145205
GD202604005403,2026-04-09 15:44:04,KH000057,Quầy giao dịch,Nhận lương,34838798,0,Thành công,CN Hải Phòng,67795588
GD202604009066,2026-04-09 16:09:29,KH000094,POS,Thanh toán thẻ,222000,1100,Thành công,CN Thanh Xuân,78861896
GD202604004667,2026-04-09 16:26:03,KH000050,Quầy giao dịch,Nhận lương,10097414,0,Thành công,CN Cầu Giấy,16234429
GD202604004188,2026-04-09 17:05:03,KH000042,QR Code,Thanh toán thẻ,1069000,0,Thành công,CN Đà Nẵng,43200623
GD202604004034,2026-04-09 17:07:17,KH000040,Quầy giao dịch,Nhận lương,10386778,0,Thành công,CN Cầu Giấy,58147898
GD202604004187,2026-04-09 17:28:36,KH000042,Internet Banking,Chuyển khoản đi,1404000,0,Thành công,CN Thanh Xuân,44269623
GD202604016151,2026-04-09 17:31:41,KH000175,POS,Chuyển khoản đến,20368000,3300,Thành công,CN Đà Nẵng,127015608
GD202604005501,2026-04-09 18:00:31,KH000058,ATM,Rút tiền mặt,14436000,5500,Thành công,CN Quận 1,97352521
GD202604012614,2026-04-09 18:43:01,KH000131,QR Code,Thanh toán thẻ,180000,0,Thành công,CN Hoàn Kiếm,4123680
GD202604002130,2026-04-09 19:07:11,KH000020,Internet Banking,Chuyển khoản đến,1238000,0,Thành công,CN Hải Phòng,49069006
GD202604008842,2026-04-09 19:09:27,KH000092,Mobile Banking,Chuyển khoản đến,1038000,0,Thành công,CN TP Hồ Chí Minh,20282550
GD202604014211,2026-04-09 19:16:46,KH000151,Mobile Banking,Thanh toán thẻ,759000,0,Thành công,CN Thanh Xuân,4595716
GD202604002646,2026-04-09 19:35:03,KH000025,POS,Thanh toán thẻ,160000,3300,Thành công,CN Cầu Giấy,62731
GD202604007522,2026-04-09 19:59:50,KH000078,POS,Thanh toán thẻ,16177000,0,Thành công,CN Cầu Giấy,114537886
GD202604000379,2026-04-09 20:07:15,KH000008,Quầy giao dịch,Nhận lương,41392578,0,Thành công,CN Hải Phòng,60758275
GD202604003872,2026-04-09 20:21:53,KH000038,Quầy giao dịch,Nhận lương,11573224,0,Thành công,CN TP Hồ Chí Minh,78749879
GD202604016774,2026-04-09 21:03:29,KH000181,Internet Banking,Chuyển khoản đến,145000,0,Thành công,CN TP Hồ Chí Minh,493820
GD202604012879,2026-04-09 21:05:08,KH000132,POS,Thanh toán thẻ,6762000,5500,Thành công,CN Hải Phòng,20945466
GD202604013055,2026-04-09 21:09:38,KH000133,POS,Chuyển khoản đi,12057000,0,Thành công,CN Thanh Xuân,24876021
GD202604002647,2026-04-09 21:22:01,KH000025,QR Code,Chuyển khoản đi,63000,0,Thành công,CN Bình Dương,94231
GD202604016456,2026-04-09 21:23:19,KH000177,POS,Chuyển khoản đi,18162000,5500,Thành công,CN Cầu Giấy,64511596
GD202604018745,2026-04-09 21:34:17,KH000199,ATM,Rút tiền mặt,19960000,5500,Thành công,CN TP Hồ Chí Minh,256574885
GD202604005500,2026-04-09 21:56:15,KH000058,Quầy giao dịch,Nhận lương,44262550,0,Thành công,CN Cần Thơ,111794021
GD202604006982,2026-04-09 22:10:17,KH000074,Internet Banking,Thanh toán hóa đơn,331000,0,Thành công,CN Cần Thơ,36510832
GD202604010570,2026-04-10 06:17:37,KH000111,POS,Thanh toán thẻ,31131000,3300,Thành công,CN Quận 1,355209766
GD202604016943,2026-04-10 06:28:18,KH000182,POS,Thanh toán thẻ,3457000,5500,Thành công,CN TP Hồ Chí Minh,12235992
GD202604008241,2026-04-10 06:33:15,KH000084,Internet Banking,Nộp tiền mặt,1719000,0,Thành công,CN Cần Thơ,26076967
GD202604013593,2026-04-10 06:36:48,KH000142,Internet Banking,Rút tiền mặt,18935000,0,Thất bại,CN Bình Dương,136716912
GD202604014212,2026-04-10 07:58:08,KH000151,ATM,Thanh toán hóa đơn,582000,0,Thành công,CN TP Hồ Chí Minh,4013716
GD202604017888,2026-04-10 08:23:06,KH000189,Quầy giao dịch,Nhận lương,106470881,0,Thành công,CN Hoàn Kiếm,598563464
GD202604006142,2026-04-10 08:24:49,KH000063,QR Code,Nộp tiền mặt,213000,0,Thành công,CN Cầu Giấy,51183171
GD202604009336,2026-04-10 08:33:56,KH000096,Quầy giao dịch,Nhận lương,30177376,0,Thành công,CN Cầu Giấy,34308271
GD202604010921,2026-04-10 08:36:54,KH000115,ATM,Chuyển khoản đi,5690000,1100,Thành công,CN Cần Thơ,21880545
GD202604000073,2026-04-10 08:38:13,KH000003,POS,Rút tiền mặt,24185000,1100,Thành công,CN TP Hồ Chí Minh,250771893
GD202604007306,2026-04-10 08:38:23,KH000077,ATM,Rút tiền mặt,349000,1100,Thành công,CN Đà Nẵng,6816626
GD202604017989,2026-04-10 08:39:22,KH000190,Internet Banking,Thanh toán thẻ,62516000,0,Thành công,CN Cầu Giấy,633930599
GD202604005824,2026-04-10 09:07:30,KH000061,Internet Banking,Thanh toán thẻ,1621000,0,Thành công,CN Hải Phòng,36791783
GD202604015899,2026-04-10 09:08:24,KH000172,Quầy giao dịch,Nhận lương,9952319,0,Thành công,CN Cần Thơ,14398401
GD202604002132,2026-04-10 09:22:53,KH000020,Mobile Banking,Thanh toán thẻ,8993000,0,Thành công,CN Cầu Giấy,35587006
GD202604011765,2026-04-10 09:24:30,KH000125,Internet Banking,Thanh toán thẻ,69000,0,Thành công,CN Cầu Giấy,173736
GD202604013056,2026-04-10 09:36:04,KH000133,POS,Chuyển khoản đi,7779000,5500,Thành công,CN Bình Dương,17091521
GD202604003054,2026-04-10 09:48:28,KH000028,QR Code,Thanh toán thẻ,2082000,0,Thành công,CN Hải Phòng,41435450
GD202604003267,2026-04-10 09:48:28,KH000030,Mobile Banking,Chuyển khoản đến,378000,0,Thành công,CN Cần Thơ,121483485
GD202604007307,2026-04-10 10:11:23,KH000077,Internet Banking,Chuyển khoản đến,1819000,0,Thành công,CN Hải Phòng,8635626
GD202604018094,2026-04-10 10:15:41,KH000191,Mobile Banking,Nộp tiền mặt,2333000,0,Thành công,CN Hải Phòng,16886749
GD202604002431,2026-04-10 10:37:03,KH000023,Quầy giao dịch,Nhận lương,20462389,0,Thành công,CN TP Hồ Chí Minh,40703364
GD202604011342,2026-04-10 10:50:48,KH000119,Mobile Banking,Rút tiền mặt,185000,0,Thành công,CN Đà Nẵng,28937179
GD202604004857,2026-04-10 11:23:45,KH000052,Internet Banking,Thanh toán hóa đơn,187000,0,Thành công,CN Quận 1,149806
GD202604009507,2026-04-10 11:27:58,KH000097,Internet Banking,Nộp tiền mặt,1189000,0,Thành công,CN Hải Phòng,16117449
GD202604018284,2026-04-10 11:41:23,KH000193,Quầy giao dịch,Nhận lương,27843698,0,Thành công,CN Thanh Xuân,303193226
GD202604002905,2026-04-10 11:52:06,KH000027,Internet Banking,Chuyển khoản đến,36313000,0,Thất bại,CN Hoàn Kiếm,110352306
GD202604002904,2026-04-10 11:55:14,KH000027,Internet Banking,Chuyển khoản đến,5748000,0,Thành công,CN Cầu Giấy,110352306
GD202604003412,2026-04-10 12:13:56,KH000032,POS,Thanh toán thẻ,58000,3300,Thất bại,CN Hoàn Kiếm,47405350
GD202604005823,2026-04-10 12:34:01,KH000061,Mobile Banking,Thanh toán hóa đơn,582000,0,Thành công,CN Hải Phòng,38412783
GD202604015463,2026-04-10 13:00:43,KH000166,Quầy giao dịch,Nhận lương,39134725,0,Thành công,CN Hoàn Kiếm,246505333
GD202604007631,2026-04-10 13:03:44,KH000079,Internet Banking,Nộp tiền mặt,5020000,0,Thành công,CN Cầu Giấy,29439250
GD202604009068,2026-04-10 13:08:26,KH000094,Mobile Banking,Thanh toán hóa đơn,371000,0,Thành công,CN Quận 1,76941396
GD202604006983,2026-04-10 13:42:29,KH000074,POS,Thanh toán thẻ,1448000,3300,Thành công,CN Quận 1,35059532
GD202604018095,2026-04-10 13:47:06,KH000191,POS,Thanh toán thẻ,1262000,5500,Thành công,CN Cần Thơ,15619249
GD202604012615,2026-04-10 14:38:31,KH000131,Mobile Banking,Thanh toán thẻ,355000,0,Thành công,CN Cầu Giấy,3768680
GD202604018409,2026-04-10 14:48:41,KH000195,Internet Banking,Thanh toán thẻ,467000,0,Thành công,CN Quận 1,17412017
GD202604017247,2026-04-10 15:31:01,KH000183,Quầy giao dịch,Nhận lương,83474414,0,Thành công,CN Đà Nẵng,87819289
GD202604017700,2026-04-10 15:32:26,KH000187,Quầy giao dịch,Nhận lương,14858030,0,Thành công,CN Đà Nẵng,27609362
GD202604009069,2026-04-10 15:50:38,KH000094,Internet Banking,Thanh toán thẻ,112000,0,Thành công,CN Cần Thơ,76829396
GD202604013941,2026-04-10 16:00:52,KH000146,ATM,Chuyển khoản đến,52054000,1100,Thành công,CN TP Hồ Chí Minh,292241547
GD202604000791,2026-04-10 16:07:50,KH000011,ATM,Nạp tiền điện thoại,865000,3300,Thất bại,CN Bình Dương,87604605
GD202604003613,2026-04-10 16:11:59,KH000034,Quầy giao dịch,Nhận lương,7922915,0,Thành công,CN Bình Dương,69115265
GD202604006721,2026-04-10 16:12:51,KH000069,POS,Nạp tiền điện thoại,1841000,1100,Thành công,CN Cần Thơ,67729778
GD202604003053,2026-04-10 16:28:17,KH000028,QR Code,Thanh toán hóa đơn,1077000,0,Thành công,CN TP Hồ Chí Minh,43517450
GD202604002903,2026-04-10 16:46:06,KH000027,Quầy giao dịch,Nhận lương,16202365,0,Thành công,CN Đà Nẵng,104604306
GD202604014988,2026-04-10 16:46:49,KH000160,Mobile Banking,Thanh toán thẻ,1590000,0,Thành công,CN Bình Dương,63215733
GD202604001470,2026-04-10 17:05:54,KH000016,Internet Banking,Thanh toán thẻ,130000,0,Thành công,CN Thanh Xuân,183107
GD202604010469,2026-04-10 17:41:49,KH000110,Mobile Banking,Thanh toán thẻ,124000,0,Thành công,CN Hoàn Kiếm,52169125
GD202604007308,2026-04-10 17:55:20,KH000077,ATM,Chuyển khoản đi,2906000,3300,Thành công,CN Cầu Giấy,5726326
GD202604010337,2026-04-10 17:56:01,KH000108,Quầy giao dịch,Nhận lương,11485361,0,Thành công,CN Đà Nẵng,48897091
GD202604008678,2026-04-10 18:01:13,KH000088,Quầy giao dịch,Nhận lương,8225810,0,Thành công,CN Hoàn Kiếm,17160653
GD202604004385,2026-04-10 18:04:50,KH000045,Quầy giao dịch,Nhận lương,10850493,0,Thành công,CN Hải Phòng,49700965
GD202604006358,2026-04-10 18:12:36,KH000065,Internet Banking,Chuyển khoản đến,24260000,0,Thất bại,CN Cần Thơ,69934299
GD202604009825,2026-04-10 19:08:02,KH000100,Quầy giao dịch,Nộp tiền mặt,14418000,1100,Thành công,CN Thanh Xuân,63951030
GD202604011061,2026-04-10 19:14:39,KH000117,POS,Thanh toán thẻ,533000,0,Thành công,CN Hải Phòng,52475303
GD202604000156,2026-04-10 19:33:48,KH000005,Internet Banking,Thanh toán thẻ,8448000,0,Thành công,CN Cầu Giấy,83969930
GD202604001120,2026-04-10 20:03:21,KH000014,QR Code,Nạp tiền điện thoại,1453000,0,Thành công,CN Bình Dương,87549827
GD202604017889,2026-04-10 20:10:53,KH000189,POS,Thanh toán thẻ,86869000,5500,Thành công,CN Bình Dương,511688964
GD202604014033,2026-04-10 20:21:40,KH000148,Quầy giao dịch,Nhận lương,9177816,0,Thành công,CN Hải Phòng,45265620
GD202604006140,2026-04-10 20:31:55,KH000063,POS,Thanh toán thẻ,88000,0,Thành công,CN Hải Phòng,50819171
GD202604009067,2026-04-10 20:36:41,KH000094,POS,Thanh toán thẻ,1544000,5500,Thành công,CN Thanh Xuân,77312396
GD202604006141,2026-04-10 21:38:14,KH000063,ATM,Nộp tiền mặt,151000,3300,Thành công,CN Cần Thơ,50970171
GD202604001471,2026-04-11 06:04:47,KH000016,Mobile Banking,Nộp tiền mặt,83000,0,Thất bại,CN TP Hồ Chí Minh,183107
GD202604003614,2026-04-11 07:15:54,KH000034,POS,Thanh toán thẻ,557000,1100,Thất bại,CN Quận 1,69115265
GD202604000891,2026-04-11 07:23:48,KH000012,POS,Thanh toán thẻ,454000,1100,Thành công,CN Cầu Giấy,67369466
GD202604014426,2026-04-11 08:01:33,KH000153,Internet Banking,Chuyển khoản đi,888000,0,Thành công,CN Hoàn Kiếm,3977841
GD202604013166,2026-04-11 08:35:51,KH000136,Internet Banking,Nộp tiền mặt,11522000,0,Thành công,CN Quận 1,85331521
GD202604016944,2026-04-11 08:37:18,KH000182,QR Code,Thanh toán thẻ,1063000,0,Thành công,CN Thanh Xuân,11172992
GD202604010922,2026-04-11 08:41:31,KH000115,Internet Banking,Thanh toán thẻ,1448000,0,Thành công,CN TP Hồ Chí Minh,20432545
GD202604004858,2026-04-11 09:12:13,KH000052,Internet Banking,Rút tiền mặt,120000,0,Thành công,CN TP Hồ Chí Minh,209806
GD202604014427,2026-04-11 09:17:06,KH000153,Mobile Banking,Thanh toán thẻ,723000,0,Thành công,CN Hoàn Kiếm,3254841
GD202604003873,2026-04-11 10:17:13,KH000038,Mobile Banking,Chuyển khoản đi,1272000,0,Thành công,CN TP Hồ Chí Minh,77477879
GD202604000612,2026-04-11 11:21:39,KH000010,POS,Thanh toán thẻ,2315000,3300,Thành công,CN Đà Nẵng,13510859
GD202604017890,2026-04-11 12:02:10,KH000189,Mobile Banking,Thanh toán hóa đơn,8143000,0,Thành công,CN Hoàn Kiếm,503545964
GD202604013594,2026-04-11 12:10:46,KH000142,QR Code,Thanh toán thẻ,26338000,0,Thành công,CN Cần Thơ,110378912
GD202604006143,2026-04-11 12:31:32,KH000063,QR Code,Chuyển khoản đến,588000,0,Thành công,CN Quận 1,51771171
GD202604012056,2026-04-11 12:33:30,KH000127,Internet Banking,Thanh toán thẻ,1319000,0,Thành công,CN Cần Thơ,8425577
GD202604012617,2026-04-11 12:52:33,KH000131,Internet Banking,Thanh toán thẻ,229000,0,Thành công,CN Hoàn Kiếm,3392680
GD202604013380,2026-04-11 13:03:35,KH000138,Internet Banking,Chuyển khoản đến,2076000,0,Thành công,CN Hải Phòng,23587951
GD202604007216,2026-04-11 13:10:52,KH000076,POS,Thanh toán thẻ,765000,1100,Thất bại,CN Bình Dương,5758341
GD202604006359,2026-04-11 13:21:33,KH000065,Mobile Banking,Nạp tiền điện thoại,15093000,0,Thành công,CN Quận 1,54841299
GD202604012616,2026-04-11 14:23:51,KH000131,QR Code,Rút tiền mặt,147000,0,Thành công,CN Cầu Giấy,3621680
GD202604002860,2026-04-11 14:25:43,KH000026,Mobile Banking,Thanh toán hóa đơn,287000,0,Thành công,CN Cầu Giấy,1681122
GD202604000157,2026-04-11 14:58:03,KH000005,QR Code,Chuyển khoản đi,13158000,0,Thành công,CN Thanh Xuân,70811930
GD202604000613,2026-04-11 15:07:43,KH000010,Mobile Banking,Chuyển khoản đi,3865000,0,Thành công,CN TP Hồ Chí Minh,9645859
GD202604003268,2026-04-11 15:24:41,KH000030,QR Code,Nộp tiền mặt,1502000,0,Thành công,CN Cần Thơ,122985485
GD202604012057,2026-04-11 16:14:35,KH000127,POS,Thanh toán thẻ,2805000,0,Thành công,CN TP Hồ Chí Minh,5620577
GD202604011343,2026-04-11 16:48:47,KH000119,Mobile Banking,Chuyển khoản đi,173000,0,Thành công,CN Hoàn Kiếm,28764179
GD202604002529,2026-04-11 16:55:43,KH000024,POS,Rút tiền mặt,345000,3300,Thành công,CN Hoàn Kiếm,66280337
GD202604004859,2026-04-11 17:22:42,KH000052,Mobile Banking,Thanh toán thẻ,189000,0,Thành công,CN Hải Phòng,304306
GD202604001121,2026-04-11 17:51:44,KH000014,Mobile Banking,Thanh toán thẻ,27063000,0,Thành công,CN Quận 1,60486827
GD202604000380,2026-04-11 18:06:14,KH000008,Mobile Banking,Nộp tiền mặt,5161000,0,Thành công,CN Bình Dương,65919275
GD202604011767,2026-04-11 18:16:21,KH000125,QR Code,Thanh toán hóa đơn,171000,0,Thành công,CN Đà Nẵng,99736
GD202604012055,2026-04-11 18:28:38,KH000127,QR Code,Chuyển khoản đi,2725000,0,Thành công,CN Thanh Xuân,9744577
GD202604001851,2026-04-11 18:29:23,KH000019,Internet Banking,Thanh toán thẻ,2757000,0,Thành công,CN Hoàn Kiếm,59598176
GD202604008242,2026-04-11 18:36:06,KH000084,Mobile Banking,Thanh toán thẻ,2444000,0,Thành công,CN Cần Thơ,23632967
GD202604011768,2026-04-11 18:39:19,KH000125,Internet Banking,Thanh toán thẻ,191000,0,Thành công,CN Đà Nẵng,195236
GD202604007632,2026-04-11 19:00:13,KH000079,QR Code,Chuyển khoản đi,8646000,0,Thành công,CN TP Hồ Chí Minh,20793250
GD202604015407,2026-04-11 19:32:54,KH000165,POS,Thanh toán hóa đơn,20442000,1100,Thành công,CN Hải Phòng,51726467
GD202604011187,2026-04-11 20:00:50,KH000118,Quầy giao dịch,Nộp tiền mặt,4426000,3300,Thành công,CN TP Hồ Chí Minh,26109974
GD202604011766,2026-04-11 20:17:14,KH000125,QR Code,Thanh toán hóa đơn,194000,0,Thành công,CN Cần Thơ,270736
GD202604018410,2026-04-11 20:23:32,KH000195,Mobile Banking,Nộp tiền mặt,1736000,0,Thành công,CN Thanh Xuân,19148017
GD202604013165,2026-04-11 20:41:46,KH000136,Mobile Banking,Rút tiền mặt,12553000,0,Thành công,CN Cầu Giấy,73809521
GD202604012391,2026-04-11 20:55:49,KH000129,Internet Banking,Chuyển khoản đi,113000,0,Thành công,CN Hải Phòng,114648
GD202604008110,2026-04-11 21:05:22,KH000083,POS,Thanh toán thẻ,417000,0,Thành công,CN Hải Phòng,38395594
GD202604006360,2026-04-11 21:05:51,KH000065,QR Code,Thanh toán hóa đơn,5724000,0,Thành công,CN Hải Phòng,49117299
GD202604000792,2026-04-11 21:08:34,KH000011,Mobile Banking,Nộp tiền mặt,2062000,0,Thành công,CN Cầu Giấy,89666605
GD202604018096,2026-04-11 21:47:20,KH000191,Mobile Banking,Rút tiền mặt,3452000,0,Thành công,CN TP Hồ Chí Minh,12167249
GD202604011062,2026-04-11 21:59:08,KH000117,Mobile Banking,Nạp tiền điện thoại,252000,0,Thành công,CN Thanh Xuân,52223303
GD202604000611,2026-04-11 22:14:11,KH000010,Internet Banking,Chuyển khoản đến,3300000,0,Thành công,CN Cầu Giấy,15829159
GD202604005404,2026-04-11 22:17:54,KH000057,QR Code,Thanh toán hóa đơn,21153000,0,Thành công,CN Hải Phòng,46642588
GD202604005583,2026-04-11 22:26:15,KH000059,Internet Banking,Thanh toán thẻ,44221000,0,Thành công,CN Đà Nẵng,94126467
GD202604001849,2026-04-11 22:36:13,KH000019,Mobile Banking,Nộp tiền mặt,1739000,0,Thành công,CN Quận 1,59301176
GD202604001850,2026-04-11 22:43:54,KH000019,POS,Nộp tiền mặt,3054000,3300,Thành công,CN TP Hồ Chí Minh,62355176
GD202604002648,2026-04-12 06:27:10,KH000025,Internet Banking,Thanh toán hóa đơn,166000,0,Thành công,CN Bình Dương,177231
GD202604015110,2026-04-12 07:02:53,KH000162,ATM,Nạp tiền điện thoại,79000,1100,Thành công,CN TP Hồ Chí Minh,91203
GD202604008781,2026-04-12 07:40:51,KH000091,POS,Thanh toán thẻ,14321000,1100,Thành công,CN Hoàn Kiếm,105261128
GD202604015109,2026-04-12 08:25:57,KH000162,POS,Thanh toán thẻ,145000,5500,Thành công,CN Thanh Xuân,52803
GD202604016631,2026-04-12 09:40:32,KH000180,Quầy giao dịch,Nộp tiền mặt,2182000,5500,Thành công,CN TP Hồ Chí Minh,49384157
GD202604004744,2026-04-12 09:46:33,KH000051,Mobile Banking,Thanh toán thẻ,1387000,0,Thành công,CN Hải Phòng,16108156
GD202604012880,2026-04-12 10:15:14,KH000132,QR Code,Chuyển khoản đi,3930000,0,Thành công,CN TP Hồ Chí Minh,17015466
GD202604004035,2026-04-12 10:54:43,KH000040,POS,Nạp tiền điện thoại,556000,3300,Thành công,CN Đà Nẵng,57588598
GD202604015464,2026-04-12 12:00:11,KH000166,Quầy giao dịch,Chuyển khoản đến,11659000,0,Thành công,CN Hoàn Kiếm,258164333
GD202604013278,2026-04-12 12:07:04,KH000137,POS,Thanh toán thẻ,5198000,3300,Thành công,CN Đà Nẵng,22322096
GD202604018568,2026-04-12 12:21:09,KH000196,QR Code,Thanh toán thẻ,512000,0,Thành công,CN TP Hồ Chí Minh,43841755
GD202604010700,2026-04-12 12:41:05,KH000113,ATM,Nộp tiền mặt,4358000,1100,Thành công,CN Cầu Giấy,49197186
GD202604009508,2026-04-12 13:03:56,KH000097,POS,Thanh toán thẻ,158000,1100,Thành công,CN Thanh Xuân,15958349
GD202604010036,2026-04-12 13:18:10,KH000104,QR Code,Chuyển khoản đi,3192000,0,Thành công,CN Đà Nẵng,25950019
GD202604001705,2026-04-12 13:55:52,KH000018,QR Code,Thanh toán thẻ,69000,0,Thành công,CN Hải Phòng,53764408
GD202604002432,2026-04-12 14:14:38,KH000023,POS,Thanh toán thẻ,1386000,0,Thành công,CN Quận 1,39317364
GD202604018098,2026-04-12 14:26:47,KH000191,QR Code,Nạp tiền điện thoại,1332000,0,Thành công,CN Cầu Giấy,14784249
GD202604016251,2026-04-12 14:31:31,KH000176,Internet Banking,Rút tiền mặt,460000,0,Thành công,CN Đà Nẵng,31553233
GD202604004525,2026-04-12 14:55:45,KH000046,ATM,Rút tiền mặt,12226000,1100,Thành công,CN Bình Dương,104221553
GD202604003615,2026-04-12 15:22:04,KH000034,Mobile Banking,Nạp tiền điện thoại,1354000,0,Thành công,CN TP Hồ Chí Minh,67761265
GD202604003413,2026-04-12 15:27:43,KH000032,POS,Thanh toán thẻ,51000,5500,Thành công,CN TP Hồ Chí Minh,47348850
GD202604006782,2026-04-12 16:00:28,KH000071,Internet Banking,Chuyển khoản đến,3175000,0,Thất bại,CN Cầu Giấy,41892838
GD202604012275,2026-04-12 16:00:39,KH000128,Quầy giao dịch,Chuyển khoản đến,559000,3300,Thành công,CN Cần Thơ,35575471
GD202604018097,2026-04-12 16:02:10,KH000191,Internet Banking,Nộp tiền mặt,3949000,0,Thành công,CN Quận 1,16116249
GD202604000317,2026-04-12 16:09:09,KH000007,POS,Thanh toán thẻ,4037000,1100,Thành công,CN Cần Thơ,33352847
GD202604009070,2026-04-12 16:10:21,KH000094,QR Code,Chuyển khoản đi,596000,0,Thành công,CN Cầu Giấy,76233396
GD202604004860,2026-04-12 16:13:26,KH000052,Mobile Banking,Chuyển khoản đến,115000,0,Thành công,CN Hoàn Kiếm,419306
GD202604010035,2026-04-12 16:15:34,KH000104,Internet Banking,Chuyển khoản đến,169000,0,Thành công,CN Quận 1,29142019
GD202604016457,2026-04-12 16:21:35,KH000177,Mobile Banking,Thanh toán hóa đơn,9424000,0,Thành công,CN Đà Nẵng,55087596
GD202604007633,2026-04-12 16:40:53,KH000079,POS,Thanh toán thẻ,2526000,5500,Thành công,CN Bình Dương,18261750
GD202604016250,2026-04-12 16:41:49,KH000176,POS,Thanh toán thẻ,1126000,0,Thành công,CN Cần Thơ,32013233
GD202604016121,2026-04-12 16:58:15,KH000174,Quầy giao dịch,Nộp tiền mặt,1359000,1100,Thành công,CN Thanh Xuân,67334055
GD202604006984,2026-04-12 17:25:32,KH000074,Internet Banking,Chuyển khoản đến,1231000,0,Thành công,CN Bình Dương,36290532
GD202604009337,2026-04-12 17:54:28,KH000096,POS,Thanh toán thẻ,1230000,5500,Thành công,CN Cầu Giấy,33072771
GD202604010816,2026-04-12 18:11:03,KH000114,Internet Banking,Chuyển khoản đến,748000,0,Thành công,CN Cần Thơ,58893205
GD202604007634,2026-04-12 18:38:13,KH000079,POS,Thanh toán thẻ,3711000,5500,Thành công,CN Đà Nẵng,14545250
GD202604009826,2026-04-12 19:05:47,KH000100,QR Code,Rút tiền mặt,19782000,0,Thành công,CN Thanh Xuân,44169030
GD202604004545,2026-04-12 19:23:12,KH000047,Mobile Banking,Thanh toán thẻ,2972000,0,Thành công,CN Quận 1,89121947
GD202604008243,2026-04-12 19:24:49,KH000084,Mobile Banking,Thanh toán thẻ,2409000,0,Thành công,CN Quận 1,21223967
GD202604013595,2026-04-12 20:07:45,KH000142,QR Code,Chuyển khoản đến,29523000,0,Thành công,CN Đà Nẵng,139901912
GD202604006627,2026-04-12 20:11:52,KH000067,ATM,Nạp tiền điện thoại,1121000,0,Thành công,CN Đà Nẵng,41407399
GD202604011344,2026-04-12 20:42:30,KH000119,Internet Banking,Nạp tiền điện thoại,120000,0,Thành công,CN TP Hồ Chí Minh,28644179
GD202604001472,2026-04-12 20:43:26,KH000016,ATM,Chuyển khoản đến,194000,0,Thành công,CN Đà Nẵng,377107
GD202604011063,2026-04-12 20:44:48,KH000117,POS,Thanh toán hóa đơn,466000,0,Thành công,CN Cần Thơ,51757303
GD202604012618,2026-04-12 21:39:30,KH000131,Internet Banking,Thanh toán thẻ,1034000,0,Thành công,CN Hải Phòng,2358680
GD202604003767,2026-04-12 21:42:21,KH000035,Quầy giao dịch,Chuyển khoản đi,4905000,1100,Thành công,CN TP Hồ Chí Minh,18816455
GD202604000614,2026-04-12 21:59:14,KH000010,QR Code,Nộp tiền mặt,2662000,0,Thành công,CN Bình Dương,12307859
GD202604010037,2026-04-13 06:01:01,KH000104,Mobile Banking,Thanh toán thẻ,2990000,0,Thành công,CN Đà Nẵng,22960019
GD202604017249,2026-04-13 06:18:07,KH000183,POS,Thanh toán thẻ,12281000,1100,Thành công,CN Quận 1,48629189
GD202604000381,2026-04-13 07:13:16,KH000008,POS,Thanh toán thẻ,17380000,1100,Thành công,CN Bình Dương,48538175
GD202604001473,2026-04-13 07:14:34,KH000016,Internet Banking,Chuyển khoản đến,140000,0,Thành công,CN Cần Thơ,517107
GD202604014428,2026-04-13 08:19:12,KH000153,QR Code,Nộp tiền mặt,513000,0,Thành công,CN Đà Nẵng,3767841
GD202604012881,2026-04-13 08:34:16,KH000132,Internet Banking,Chuyển khoản đến,3129000,0,Thành công,CN Quận 1,20144466
GD202604003616,2026-04-13 08:46:20,KH000034,QR Code,Chuyển khoản đi,2215000,0,Thành công,CN Cần Thơ,65546265
GD202604009509,2026-04-13 08:48:24,KH000097,Internet Banking,Thanh toán thẻ,201000,0,Thành công,CN Bình Dương,15757349
GD202604015111,2026-04-13 08:59:18,KH000162,Internet Banking,Chuyển khoản đến,108000,0,Thành công,CN Hoàn Kiếm,199203
GD202604006985,2026-04-13 09:04:20,KH000074,Internet Banking,Chuyển khoản đến,1363000,0,Thất bại,CN Quận 1,36290532
GD202604008560,2026-04-13 09:57:05,KH000087,POS,Thanh toán thẻ,68000,1100,Thành công,CN TP Hồ Chí Minh,286526
GD202604005825,2026-04-13 10:01:16,KH000061,Internet Banking,Thanh toán thẻ,1701000,0,Thành công,CN Hoàn Kiếm,35090783
GD202604009338,2026-04-13 10:55:22,KH000096,POS,Thanh toán thẻ,2319000,1100,Thành công,CN Hoàn Kiếm,30752671
GD202604008782,2026-04-13 11:02:17,KH000091,POS,Nộp tiền mặt,29544000,3300,Thành công,CN Cầu Giấy,134805128
GD202604006550,2026-04-13 11:21:05,KH000066,POS,Chuyển khoản đi,4007000,0,Thành công,CN Thanh Xuân,140029617
GD202604012620,2026-04-13 12:02:06,KH000131,QR Code,Rút tiền mặt,499000,0,Thành công,CN Cầu Giấy,1281680
GD202604010339,2026-04-13 12:37:58,KH000108,QR Code,Thanh toán thẻ,176000,0,Thành công,CN TP Hồ Chí Minh,48908091
GD202604004861,2026-04-13 13:06:19,KH000052,POS,Thanh toán thẻ,72000,0,Thành công,CN Cần Thơ,347306
GD202604010338,2026-04-13 13:54:46,KH000108,Mobile Banking,Chuyển khoản đến,187000,0,Thành công,CN Thanh Xuân,49084091
GD202604009510,2026-04-13 14:01:07,KH000097,QR Code,Chuyển khoản đi,1283000,0,Thành công,CN Hoàn Kiếm,14474349
GD202604012446,2026-04-13 14:02:49,KH000130,Internet Banking,Nộp tiền mặt,2971000,0,Thành công,CN Hải Phòng,54351822
GD202604011684,2026-04-13 14:17:44,KH000124,QR Code,Chuyển khoản đến,2392000,0,Thành công,CN Cần Thơ,23064938
GD202604015900,2026-04-13 14:33:28,KH000172,Internet Banking,Thanh toán thẻ,2924000,0,Thành công,CN Cầu Giấy,11474401
GD202604012445,2026-04-13 14:35:55,KH000130,ATM,Chuyển khoản đến,3586000,5500,Thành công,CN TP Hồ Chí Minh,51380822
GD202604004141,2026-04-13 14:39:42,KH000041,Mobile Banking,Nộp tiền mặt,35157000,0,Thành công,CN TP Hồ Chí Minh,172536851
GD202604004036,2026-04-13 14:42:38,KH000040,POS,Thanh toán thẻ,8708000,3300,Thành công,CN Cầu Giấy,48877298
GD202604001474,2026-04-13 15:12:19,KH000016,QR Code,Chuyển khoản đến,123000,0,Thành công,CN Cầu Giấy,640107
GD202604015901,2026-04-13 15:18:53,KH000172,QR Code,Thanh toán hóa đơn,486000,0,Thành công,CN Đà Nẵng,10988401
GD202604002649,2026-04-13 15:25:30,KH000025,Internet Banking,Chuyển khoản đến,129000,0,Thành công,CN TP Hồ Chí Minh,306231
GD202604007309,2026-04-13 15:48:30,KH000077,Internet Banking,Nộp tiền mặt,1730000,0,Thành công,CN Cầu Giấy,7456326
GD202604015408,2026-04-13 16:00:58,KH000165,QR Code,Rút tiền mặt,2542000,0,Thất bại,CN Cầu Giấy,51726467
GD202604015759,2026-04-13 17:12:38,KH000171,POS,Thanh toán thẻ,343000,0,Thành công,CN Cần Thơ,1317751
GD202604012619,2026-04-13 17:25:54,KH000131,Internet Banking,Thanh toán hóa đơn,578000,0,Thành công,CN TP Hồ Chí Minh,1780680
GD202604006863,2026-04-13 17:37:33,KH000072,ATM,Nộp tiền mặt,590000,0,Thành công,CN Cầu Giấy,41021560
GD202604011064,2026-04-13 18:00:09,KH000117,QR Code,Chuyển khoản đến,509000,0,Thành công,CN Đà Nẵng,52266303
GD202604013842,2026-04-13 19:13:23,KH000145,Mobile Banking,Chuyển khoản đi,405000,0,Thành công,CN Thanh Xuân,46155612
GD202604012058,2026-04-13 19:32:40,KH000127,Internet Banking,Chuyển khoản đi,1793000,0,Thành công,CN Hải Phòng,3827577
GD202604006361,2026-04-13 19:58:45,KH000065,Internet Banking,Thanh toán thẻ,11229000,0,Thành công,CN Cầu Giấy,37888299
GD202604010470,2026-04-13 20:25:23,KH000110,Mobile Banking,Chuyển khoản đi,2941000,0,Thành công,CN Cầu Giấy,49228125
GD202604009722,2026-04-13 20:49:42,KH000099,Internet Banking,Nạp tiền điện thoại,2098000,0,Thành công,CN Quận 1,42233769
GD202604017248,2026-04-13 22:29:00,KH000183,Mobile Banking,Thanh toán thẻ,26908000,0,Thành công,CN Hải Phòng,60911289
GD202604002530,2026-04-13 22:44:40,KH000024,ATM,Rút tiền mặt,1128000,1100,Thành công,CN Quận 1,65151237
GD202604002133,2026-04-14 06:38:38,KH000020,POS,Thanh toán thẻ,11969000,3300,Thành công,CN Cần Thơ,23614706
GD202604006144,2026-04-14 06:41:54,KH000063,Internet Banking,Thanh toán thẻ,533000,0,Thành công,CN Cần Thơ,51238171
GD202604005826,2026-04-14 06:46:56,KH000061,POS,Nộp tiền mặt,2337000,3300,Thành công,CN Đà Nẵng,37427783
GD202604006145,2026-04-14 07:16:09,KH000063,POS,Thanh toán thẻ,827000,0,Thành công,CN Hải Phòng,50411171
GD202604013716,2026-04-14 07:19:20,KH000143,Internet Banking,Rút tiền mặt,1267000,0,Thành công,CN Cầu Giấy,42179606
GD202604008561,2026-04-14 07:35:01,KH000087,QR Code,Thanh toán hóa đơn,99000,0,Thành công,CN TP Hồ Chí Minh,187526
GD202604000615,2026-04-14 07:38:25,KH000010,QR Code,Rút tiền mặt,3012000,0,Thành công,CN Cần Thơ,9295859
GD202604013843,2026-04-14 07:53:54,KH000145,QR Code,Thanh toán thẻ,352000,0,Thành công,CN Quận 1,45803612
GD202604004862,2026-04-14 08:01:21,KH000052,Internet Banking,Nộp tiền mặt,158000,0,Thành công,CN Cần Thơ,505306
GD202604016152,2026-04-14 08:26:15,KH000175,POS,Thanh toán hóa đơn,28993000,0,Thành công,CN Đà Nẵng,98022608
GD202604014429,2026-04-14 08:32:04,KH000153,Mobile Banking,Rút tiền mặt,1128000,0,Thành công,CN Thanh Xuân,2639841
GD202604000793,2026-04-14 09:17:14,KH000011,POS,Thanh toán thẻ,473000,0,Thành công,CN Quận 1,89193605
GD202604001852,2026-04-14 09:21:35,KH000019,QR Code,Thanh toán thẻ,2321000,0,Thành công,CN TP Hồ Chí Minh,57277176
GD202604006987,2026-04-14 09:51:38,KH000074,Mobile Banking,Thanh toán thẻ,664000,0,Thành công,CN Quận 1,35818532
GD202604016122,2026-04-14 09:52:31,KH000174,POS,Thanh toán thẻ,1415000,5500,Thành công,CN Thanh Xuân,65913555
GD202604017701,2026-04-14 10:33:13,KH000187,POS,Thanh toán thẻ,5595000,0,Thành công,CN Cần Thơ,22014362
GD202604006551,2026-04-14 10:42:20,KH000066,POS,Chuyển khoản đến,367000,1100,Thành công,CN Hoàn Kiếm,140396617
GD202604003414,2026-04-14 10:49:42,KH000032,QR Code,Chuyển khoản đến,154000,0,Thành công,CN Bình Dương,47502850
GD202604015112,2026-04-14 11:53:14,KH000162,Mobile Banking,Thanh toán thẻ,150000,0,Thành công,CN Hoàn Kiếm,274203
GD202604009511,2026-04-14 11:56:44,KH000097,QR Code,Thanh toán thẻ,1286000,0,Thành công,CN Bình Dương,13188349
GD202604012059,2026-04-14 12:37:19,KH000127,Internet Banking,Chuyển khoản đến,400000,0,Thành công,CN Cần Thơ,4227577
GD202604000382,2026-04-14 13:43:16,KH000008,Internet Banking,Nạp tiền điện thoại,7229000,0,Thành công,CN Đà Nẵng,41309175
GD202604005284,2026-04-14 13:57:42,KH000056,QR Code,Thanh toán thẻ,3516000,0,Thành công,CN Thanh Xuân,89281702
GD202604004526,2026-04-14 14:47:24,KH000046,ATM,Thanh toán hóa đơn,27054000,3300,Thành công,CN Hoàn Kiếm,77164253
GD202604016252,2026-04-14 14:59:29,KH000176,QR Code,Chuyển khoản đến,297000,0,Thành công,CN Hoàn Kiếm,31850233
GD202604015903,2026-04-14 15:39:27,KH000172,Internet Banking,Thanh toán thẻ,574000,0,Thành công,CN Cầu Giấy,10641401
GD202604002433,2026-04-14 16:09:36,KH000023,Mobile Banking,Nạp tiền điện thoại,12233000,0,Thành công,CN Hoàn Kiếm,27084364
GD202604008245,2026-04-14 16:16:36,KH000084,Mobile Banking,Chuyển khoản đi,1144000,0,Thành công,CN Bình Dương,17904967
GD202604015902,2026-04-14 16:17:53,KH000172,Internet Banking,Nộp tiền mặt,227000,0,Thành công,CN Thanh Xuân,11215401
GD202604012882,2026-04-14 16:42:22,KH000132,QR Code,Chuyển khoản đến,1247000,0,Thành công,CN Hoàn Kiếm,21391466
GD202604017532,2026-04-14 17:29:58,KH000185,QR Code,Thanh toán thẻ,4879000,0,Thành công,CN Cầu Giấy,69064420
GD202604015113,2026-04-14 17:38:36,KH000162,Mobile Banking,Thanh toán thẻ,114000,0,Thành công,CN Cầu Giấy,160203
GD202604007635,2026-04-14 18:03:10,KH000079,Internet Banking,Thanh toán thẻ,2013000,0,Thành công,CN TP Hồ Chí Minh,12532250
GD202604009723,2026-04-14 18:47:47,KH000099,Mobile Banking,Chuyển khoản đi,1729000,0,Thành công,CN Hải Phòng,40504769
GD202604006986,2026-04-14 19:52:19,KH000074,Mobile Banking,Nộp tiền mặt,192000,0,Thành công,CN Bình Dương,36482532
GD202604009908,2026-04-14 20:13:44,KH000102,QR Code,Nạp tiền điện thoại,28016000,0,Thành công,CN Đà Nẵng,165400626
GD202604016945,2026-04-14 20:29:22,KH000182,Mobile Banking,Chuyển khoản đi,3856000,0,Thành công,CN Cầu Giấy,7316992
GD202604000616,2026-04-14 20:29:47,KH000010,POS,Thanh toán thẻ,506000,1100,Thành công,CN Đà Nẵng,8788759
GD202604012621,2026-04-14 20:42:38,KH000131,QR Code,Chuyển khoản đến,217000,0,Thành công,CN Cầu Giấy,1498680
GD202604008244,2026-04-14 20:59:27,KH000084,Mobile Banking,Nạp tiền điện thoại,2175000,0,Thành công,CN Bình Dương,19048967
GD202604003617,2026-04-14 22:07:12,KH000034,Internet Banking,Chuyển khoản đến,974000,0,Thành công,CN Hải Phòng,66520265
GD202604014034,2026-04-14 22:09:17,KH000148,Mobile Banking,Chuyển khoản đến,512000,0,Thành công,CN Cầu Giấy,45777620
GD202604011345,2026-04-14 22:12:44,KH000119,POS,Thanh toán thẻ,110000,0,Thành công,CN Hoàn Kiếm,28534179
GD202604005584,2026-04-14 22:21:56,KH000059,QR Code,Chuyển khoản đến,19468000,0,Thành công,CN Bình Dương,113594467
GD202604017891,2026-04-14 22:29:18,KH000189,Mobile Banking,Nạp tiền điện thoại,155985000,0,Thành công,CN TP Hồ Chí Minh,347560964
GD202604009268,2026-04-14 22:59:05,KH000095,Mobile Banking,Chuyển khoản đi,2013000,0,Thành công,CN Hoàn Kiếm,33186380
GD202604008843,2026-04-15 06:00:16,KH000092,Mobile Banking,Thanh toán thẻ,3720000,0,Thành công,CN Bình Dương,16562550
GD202604007523,2026-04-15 06:03:16,KH000078,QR Code,Chuyển khoản đi,39144000,0,Thành công,CN Cầu Giấy,75393886
GD202604008246,2026-04-15 06:14:02,KH000084,QR Code,Thanh toán thẻ,446000,0,Thành công,CN Cầu Giấy,17458967
GD202604017250,2026-04-15 06:19:56,KH000183,ATM,Rút tiền mặt,8014000,0,Thành công,CN Thanh Xuân,40615189
GD202604009071,2026-04-15 06:29:24,KH000094,QR Code,Chuyển khoản đến,1835000,0,Thành công,CN Hoàn Kiếm,78068396
GD202604017892,2026-04-15 06:55:58,KH000189,POS,Thanh toán thẻ,48770000,3300,Thành công,CN Hải Phòng,298787664
GD202604004864,2026-04-15 08:14:37,KH000052,Mobile Banking,Nộp tiền mặt,80000,0,Thành công,CN Cần Thơ,502306
GD202604015114,2026-04-15 08:20:42,KH000162,Internet Banking,Thanh toán thẻ,183000,0,Thành công,CN Hải Phòng,251703
GD202604007217,2026-04-15 09:05:08,KH000076,QR Code,Thanh toán thẻ,192000,0,Thành công,CN Hải Phòng,5566341
GD202604001706,2026-04-15 09:55:09,KH000018,QR Code,Thanh toán thẻ,1123000,0,Thành công,CN Hải Phòng,52641408
GD202604013167,2026-04-15 09:56:45,KH000136,Internet Banking,Thanh toán thẻ,397000,0,Thành công,CN Đà Nẵng,84934521
GD202604004386,2026-04-15 10:02:25,KH000045,Mobile Banking,Thanh toán thẻ,1236000,0,Thành công,CN Hải Phòng,48464965
GD202604017990,2026-04-15 10:46:37,KH000190,POS,Rút tiền mặt,90522000,5500,Thành công,CN Hải Phòng,543403099
GD202604010817,2026-04-15 11:03:46,KH000114,Internet Banking,Chuyển khoản đi,2291000,0,Thành công,CN Cầu Giấy,56602205
GD202604007636,2026-04-15 12:57:43,KH000079,QR Code,Thanh toán thẻ,4061000,0,Thành công,CN Hải Phòng,8471250
GD202604012622,2026-04-15 13:05:36,KH000131,Internet Banking,Nộp tiền mặt,440000,0,Thành công,CN Thanh Xuân,1938680
GD202604004745,2026-04-15 13:09:24,KH000051,POS,Nộp tiền mặt,968000,0,Thành công,CN Bình Dương,17076156
GD202604004669,2026-04-15 13:31:24,KH000050,POS,Thanh toán hóa đơn,1392000,0,Thành công,CN Hải Phòng,14445129
GD202604017702,2026-04-15 13:40:43,KH000187,POS,Thanh toán thẻ,4379000,1100,Thành công,CN Quận 1,17634262
GD202604002650,2026-04-15 15:02:59,KH000025,Internet Banking,Thanh toán thẻ,82000,0,Thành công,CN Cầu Giấy,224231
GD202604015517,2026-04-15 15:06:41,KH000167,POS,Thanh toán thẻ,1689000,3300,Thành công,CN Bình Dương,32304608
GD202604001122,2026-04-15 15:23:31,KH000014,Mobile Banking,Nạp tiền điện thoại,8666000,0,Thành công,CN Quận 1,51820827
GD202604017703,2026-04-15 16:03:18,KH000187,Internet Banking,Chuyển khoản đến,1402000,0,Thành công,CN Đà Nẵng,19036262
GD202604014150,2026-04-15 16:15:13,KH000150,Internet Banking,Chuyển khoản đến,2103000,0,Thành công,CN Đà Nẵng,64017678
GD202604013279,2026-04-15 16:27:46,KH000137,Mobile Banking,Chuyển khoản đi,5017000,0,Thành công,CN TP Hồ Chí Minh,17305096
GD202604001853,2026-04-15 17:11:14,KH000019,POS,Thanh toán thẻ,3495000,1100,Thành công,CN Đà Nẵng,53781076
GD202604005827,2026-04-15 17:19:40,KH000061,Internet Banking,Thanh toán thẻ,830000,0,Thành công,CN Hải Phòng,36597783
GD202604006628,2026-04-15 17:21:44,KH000067,POS,Thanh toán thẻ,10061000,1100,Thành công,CN Cần Thơ,31345299
GD202604012447,2026-04-15 18:18:07,KH000130,QR Code,Thanh toán thẻ,5315000,0,Thành công,CN Thanh Xuân,49036822
GD202604008562,2026-04-15 19:16:28,KH000087,QR Code,Thanh toán thẻ,134000,0,Thành công,CN Quận 1,53526
GD202604004746,2026-04-15 19:58:32,KH000051,Mobile Banking,Thanh toán thẻ,4226000,0,Thành công,CN TP Hồ Chí Minh,12850156
GD202604005285,2026-04-15 21:47:54,KH000056,ATM,Rút tiền mặt,1247000,3300,Thành công,CN Bình Dương,88031402
GD202604004863,2026-04-15 22:56:22,KH000052,QR Code,Thanh toán thẻ,83000,0,Thành công,CN Bình Dương,422306
GD202604009513,2026-04-16 06:03:24,KH000097,POS,Thanh toán thẻ,1640000,5500,Thành công,CN Cần Thơ,13932849
GD202604012062,2026-04-16 06:32:19,KH000127,POS,Nộp tiền mặt,853000,3300,Thành công,CN Đà Nẵng,4210577
GD202604016775,2026-04-16 07:00:39,KH000181,QR Code,Nộp tiền mặt,102000,0,Thành công,CN Hoàn Kiếm,595820
GD202604015115,2026-04-16 07:10:18,KH000162,Mobile Banking,Thanh toán thẻ,185000,0,Thành công,CN Hoàn Kiếm,66703
GD202604012061,2026-04-16 07:19:18,KH000127,Internet Banking,Rút tiền mặt,1075000,0,Thành công,CN Đà Nẵng,3357577
GD202604008563,2026-04-16 07:29:58,KH000087,Quầy giao dịch,Nộp tiền mặt,194000,5500,Thành công,CN Hoàn Kiếm,247526
GD202604007310,2026-04-16 07:46:53,KH000077,POS,Thanh toán thẻ,71000,5500,Thành công,CN Cần Thơ,7379826
GD202604007866,2026-04-16 08:38:24,KH000080,QR Code,Nạp tiền điện thoại,3751000,0,Thành công,CN Hoàn Kiếm,84075726
GD202604012060,2026-04-16 08:40:37,KH000127,QR Code,Chuyển khoản đến,205000,0,Thành công,CN Quận 1,4432577
GD202604005585,2026-04-16 08:49:31,KH000059,QR Code,Nộp tiền mặt,33708000,0,Thành công,CN Thanh Xuân,147302467
GD202604011770,2026-04-16 09:16:46,KH000125,QR Code,Rút tiền mặt,104000,0,Thành công,CN Cần Thơ,182236
GD202604006146,2026-04-16 09:22:48,KH000063,QR Code,Rút tiền mặt,1220000,0,Thành công,CN TP Hồ Chí Minh,49191171
GD202604005587,2026-04-16 10:25:14,KH000059,POS,Thanh toán thẻ,21080000,3300,Thành công,CN Hoàn Kiếm,100445167
GD202604010923,2026-04-16 11:19:15,KH000115,Mobile Banking,Nạp tiền điện thoại,2774000,0,Thành công,CN Hải Phòng,17658545
GD202604004387,2026-04-16 11:33:17,KH000045,QR Code,Chuyển khoản đi,1063000,0,Thành công,CN Đà Nẵng,47401965
GD202604015518,2026-04-16 11:53:01,KH000167,QR Code,Thanh toán hóa đơn,1185000,0,Thành công,CN Quận 1,31119608
GD202604011771,2026-04-16 12:06:08,KH000125,ATM,Nạp tiền điện thoại,99000,0,Thành công,CN Đà Nẵng,83236
GD202604016253,2026-04-16 12:36:47,KH000176,Internet Banking,Chuyển khoản đến,720000,0,Thành công,CN TP Hồ Chí Minh,32570233
GD202604004037,2026-04-16 13:55:48,KH000040,ATM,Chuyển khoản đến,3012000,0,Thành công,CN Hải Phòng,51889298
GD202604014035,2026-04-16 13:56:51,KH000148,Mobile Banking,Thanh toán hóa đơn,591000,0,Thành công,CN Quận 1,45186620
GD202604003415,2026-04-16 14:11:14,KH000032,POS,Thanh toán thẻ,169000,1100,Thành công,CN Hải Phòng,47332750
GD202604015760,2026-04-16 14:12:05,KH000171,POS,Chuyển khoản đến,223000,3300,Thành công,CN Hải Phòng,1540751
GD202604011974,2026-04-16 14:35:23,KH000126,QR Code,Thanh toán thẻ,693000,0,Thành công,CN TP Hồ Chí Minh,1966199
GD202604003055,2026-04-16 15:32:25,KH000028,Internet Banking,Nạp tiền điện thoại,2381000,0,Thành công,CN Hoàn Kiếm,39054450
GD202604009512,2026-04-16 15:41:38,KH000097,Mobile Banking,Nộp tiền mặt,2390000,0,Thành công,CN Thanh Xuân,15578349
GD202604006901,2026-04-16 16:32:00,KH000073,Mobile Banking,Nạp tiền điện thoại,2032000,0,Thành công,CN Cần Thơ,70285151
GD202604011188,2026-04-16 16:48:49,KH000118,Mobile Banking,Nạp tiền điện thoại,5011000,0,Thành công,CN Hoàn Kiếm,21098974
GD202604014123,2026-04-16 17:01:33,KH000149,Internet Banking,Thanh toán thẻ,6563000,0,Thành công,CN Hải Phòng,20458201
GD202604006988,2026-04-16 17:04:36,KH000074,Internet Banking,Rút tiền mặt,396000,0,Thành công,CN Bình Dương,35422532
GD202604007637,2026-04-16 17:08:23,KH000079,POS,Thanh toán thẻ,2422000,0,Thành công,CN Cầu Giấy,6049250
GD202604007972,2026-04-16 17:17:16,KH000082,QR Code,Nộp tiền mặt,2091000,0,Thành công,CN TP Hồ Chí Minh,48515096
GD202604016946,2026-04-16 17:22:02,KH000182,Mobile Banking,Chuyển khoản đi,2403000,0,Thành công,CN Hải Phòng,4913992
GD202604008564,2026-04-16 17:46:42,KH000087,QR Code,Thanh toán thẻ,166000,0,Thành công,CN Quận 1,81526
GD202604008247,2026-04-16 17:51:55,KH000084,Mobile Banking,Nộp tiền mặt,196000,0,Thành công,CN Cầu Giấy,17654967
GD202604005586,2026-04-16 17:56:58,KH000059,Internet Banking,Thanh toán thẻ,25774000,0,Thành công,CN Đà Nẵng,121528467
GD202604018613,2026-04-16 18:16:01,KH000197,POS,Thanh toán thẻ,9025000,0,Thành công,CN Hải Phòng,145458170
GD202604000617,2026-04-16 18:21:14,KH000010,Internet Banking,Thanh toán thẻ,2095000,0,Thành công,CN Cần Thơ,6693759
GD202604002651,2026-04-16 18:49:55,KH000025,POS,Thanh toán thẻ,169000,1100,Thành công,CN Hoàn Kiếm,54131
GD202604003874,2026-04-16 19:03:11,KH000038,Mobile Banking,Chuyển khoản đến,4113000,0,Thành công,CN Hoàn Kiếm,81590879
GD202604004866,2026-04-16 19:34:43,KH000052,Mobile Banking,Thanh toán thẻ,167000,0,Thành công,CN Hoàn Kiếm,276806
GD202604001854,2026-04-16 20:17:57,KH000019,Mobile Banking,Nạp tiền điện thoại,1837000,0,Thành công,CN Bình Dương,51944076
GD202604011769,2026-04-16 21:01:26,KH000125,Internet Banking,Rút tiền mặt,65000,0,Thành công,CN TP Hồ Chí Minh,130236
GD202604017533,2026-04-16 21:34:24,KH000185,Quầy giao dịch,Thanh toán hóa đơn,5069000,1100,Thành công,CN TP Hồ Chí Minh,63994320
GD202604004865,2026-04-16 21:39:31,KH000052,POS,Chuyển khoản đi,53000,5500,Thành công,CN Bình Dương,443806
GD202604018569,2026-04-16 22:07:47,KH000196,POS,Rút tiền mặt,170000,0,Thành công,CN Cầu Giấy,43671755
GD202604010701,2026-04-16 22:10:19,KH000113,Internet Banking,Thanh toán hóa đơn,453000,0,Thành công,CN TP Hồ Chí Minh,48744186
GD202604001707,2026-04-16 22:15:16,KH000018,Mobile Banking,Chuyển khoản đi,293000,0,Thành công,CN Thanh Xuân,52348408
GD202604001708,2026-04-16 22:56:17,KH000018,Internet Banking,Rút tiền mặt,1254000,0,Thành công,CN TP Hồ Chí Minh,51094408
GD202604012449,2026-04-17 06:26:22,KH000130,POS,Thanh toán thẻ,4187000,0,Thành công,CN Hải Phòng,44669822
GD202604004869,2026-04-17 06:47:23,KH000052,QR Code,Thanh toán thẻ,184000,0,Thành công,CN Hoàn Kiếm,235806
GD202604014873,2026-04-17 07:13:37,KH000158,QR Code,Chuyển khoản đi,11698000,0,Thành công,CN Cầu Giấy,99405935
GD202604005502,2026-04-17 07:43:55,KH000058,ATM,Chuyển khoản đi,15415000,0,Thành công,CN Hoàn Kiếm,81937521
GD202604003306,2026-04-17 08:04:52,KH000031,POS,Thanh toán thẻ,225000,5500,Thành công,CN Hoàn Kiếm,1179603
GD202604008111,2026-04-17 08:38:02,KH000083,Quầy giao dịch,Nộp tiền mặt,261000,5500,Thành công,CN Cần Thơ,38656594
GD202604004867,2026-04-17 09:53:39,KH000052,QR Code,Chuyển khoản đi,192000,0,Thành công,CN Hoàn Kiếm,84806
GD202604012624,2026-04-17 09:57:20,KH000131,POS,Nộp tiền mặt,519000,0,Thành công,CN Thanh Xuân,2245680
GD202604016947,2026-04-17 10:02:51,KH000182,Mobile Banking,Chuyển khoản đi,1614000,0,Thành công,CN Cần Thơ,3299992
GD202604001123,2026-04-17 10:44:26,KH000014,QR Code,Nạp tiền điện thoại,16954000,0,Thành công,CN Cầu Giấy,34866827
GD202604012883,2026-04-17 11:59:55,KH000132,QR Code,Thanh toán hóa đơn,4546000,0,Thành công,CN Quận 1,16845466
GD202604011065,2026-04-17 12:16:23,KH000117,POS,Thanh toán thẻ,56000,1100,Thành công,CN Thanh Xuân,52209203
GD202604005589,2026-04-17 12:25:46,KH000059,Mobile Banking,Chuyển khoản đến,19117000,0,Thành công,CN Hải Phòng,89848167
GD202604009339,2026-04-17 13:02:31,KH000096,Mobile Banking,Thanh toán thẻ,7617000,0,Thành công,CN TP Hồ Chí Minh,23135671
GD202604006148,2026-04-17 13:32:20,KH000063,POS,Nộp tiền mặt,881000,0,Thành công,CN Cầu Giấy,50525171
GD202604002652,2026-04-17 13:36:38,KH000025,Mobile Banking,Thanh toán hóa đơn,150000,0,Thành công,CN Hoàn Kiếm,129131
GD202604012623,2026-04-17 14:08:48,KH000131,QR Code,Chuyển khoản đi,212000,0,Thành công,CN Đà Nẵng,1726680
GD202604007311,2026-04-17 14:27:25,KH000077,Internet Banking,Nộp tiền mặt,1024000,0,Thành công,CN Hải Phòng,8403826
GD202604012884,2026-04-17 14:30:04,KH000132,POS,Thanh toán thẻ,774000,0,Thành công,CN Cầu Giấy,16071466
GD202604011347,2026-04-17 14:48:07,KH000119,Mobile Banking,Chuyển khoản đến,102000,0,Thành công,CN Cầu Giấy,28750179
GD202604007638,2026-04-17 14:51:11,KH000079,Internet Banking,Chuyển khoản đi,393000,0,Thành công,CN Cầu Giấy,5656250
GD202604012448,2026-04-17 15:13:11,KH000130,QR Code,Rút tiền mặt,180000,0,Thành công,CN Bình Dương,48856822
GD202604018099,2026-04-17 15:41:05,KH000191,Internet Banking,Thanh toán thẻ,3406000,0,Thành công,CN Cần Thơ,11378249
GD202604002906,2026-04-17 15:48:56,KH000027,POS,Thanh toán thẻ,31586000,5500,Thành công,CN Thanh Xuân,78760806
GD202604009514,2026-04-17 16:08:28,KH000097,POS,Thanh toán thẻ,635000,0,Thành công,CN Thanh Xuân,13297849
GD202604013844,2026-04-17 16:43:27,KH000145,Internet Banking,Rút tiền mặt,375000,0,Thành công,CN Cần Thơ,45428612
GD202604005588,2026-04-17 17:18:23,KH000059,Mobile Banking,Thanh toán thẻ,29714000,0,Thành công,CN Hoàn Kiếm,70731167
GD202604004142,2026-04-17 17:46:50,KH000041,Mobile Banking,Rút tiền mặt,20994000,0,Thành công,CN Bình Dương,151542851
GD202604004388,2026-04-17 18:07:04,KH000045,Internet Banking,Chuyển khoản đến,1102000,0,Thành công,CN Thanh Xuân,48503965
GD202604012063,2026-04-17 18:44:18,KH000127,POS,Nộp tiền mặt,767000,5500,Thành công,CN Bình Dương,4977577
GD202604005405,2026-04-17 18:52:15,KH000057,ATM,Chuyển khoản đi,423000,5500,Thành công,CN Hoàn Kiếm,46214088
GD202604009340,2026-04-17 18:54:15,KH000096,POS,Thanh toán thẻ,7256000,3300,Thành công,CN TP Hồ Chí Minh,15876371
GD202604017251,2026-04-17 19:06:11,KH000183,Internet Banking,Thanh toán thẻ,5905000,0,Thành công,CN Cần Thơ,34710189
GD202604012392,2026-04-17 19:11:33,KH000129,QR Code,Thanh toán hóa đơn,52000,0,Thành công,CN Đà Nẵng,62648
GD202604018285,2026-04-17 19:12:10,KH000193,ATM,Thanh toán hóa đơn,46773000,3300,Thành công,CN Hải Phòng,256416926
GD202604012885,2026-04-17 19:17:49,KH000132,POS,Thanh toán thẻ,3714000,0,Thất bại,CN Cần Thơ,16071466
GD202604001475,2026-04-17 20:28:14,KH000016,Mobile Banking,Nộp tiền mặt,178000,0,Thành công,CN Cầu Giấy,818107
GD202604006989,2026-04-17 20:28:58,KH000074,Internet Banking,Nạp tiền điện thoại,1544000,0,Thành công,CN Hải Phòng,33878532
GD202604013168,2026-04-17 20:36:54,KH000136,Internet Banking,Nộp tiền mặt,17166000,0,Thành công,CN Cầu Giấy,102100521
GD202604003305,2026-04-17 20:53:38,KH000031,Internet Banking,Thanh toán hóa đơn,348000,0,Thành công,CN Cần Thơ,1410103
GD202604012886,2026-04-17 21:10:30,KH000132,POS,Thanh toán thẻ,2502000,5500,Thành công,CN Cầu Giấy,13563966
GD202604018614,2026-04-17 21:50:50,KH000197,Internet Banking,Thanh toán thẻ,19290000,0,Thành công,CN Quận 1,126168170
GD202604004868,2026-04-17 22:11:53,KH000052,Mobile Banking,Nạp tiền điện thoại,118000,0,Thành công,CN Cầu Giấy,143806
GD202604000892,2026-04-17 22:18:52,KH000012,POS,Chuyển khoản đi,2198000,1100,Thành công,CN Thanh Xuân,65170366
GD202604006147,2026-04-17 22:22:22,KH000063,Mobile Banking,Chuyển khoản đến,453000,0,Thành công,CN Đà Nẵng,49644171
GD202604009724,2026-04-17 22:26:09,KH000099,Mobile Banking,Chuyển khoản đến,411000,0,Thành công,CN Cầu Giấy,40915769
GD202604011346,2026-04-17 22:40:44,KH000119,QR Code,Chuyển khoản đến,114000,0,Thành công,CN TP Hồ Chí Minh,28648179
GD202604015116,2026-04-17 22:42:11,KH000162,ATM,Thanh toán hóa đơn,193000,0,Thành công,CN Cầu Giấy,163203
GD202604005828,2026-04-17 22:58:48,KH000061,POS,Thanh toán thẻ,293000,1100,Thành công,CN Cần Thơ,36303683
GD202604016776,2026-04-18 07:10:32,KH000181,QR Code,Thanh toán hóa đơn,92000,0,Thành công,CN Hải Phòng,503820
GD202604000618,2026-04-18 07:29:41,KH000010,POS,Thanh toán thẻ,942000,0,Thành công,CN Hải Phòng,5751759
GD202604005406,2026-04-18 08:27:11,KH000057,POS,Thanh toán hóa đơn,3531000,5500,Thành công,CN Cần Thơ,42677588
GD202604017704,2026-04-18 08:32:02,KH000187,POS,Thanh toán thẻ,6245000,3300,Thành công,CN Đà Nẵng,12787962
GD202604016632,2026-04-18 08:59:02,KH000180,POS,Thanh toán thẻ,59000,3300,Thành công,CN Quận 1,49321857
GD202604004870,2026-04-18 09:25:57,KH000052,Internet Banking,Thanh toán thẻ,198000,0,Thành công,CN Đà Nẵng,334806
GD202604004038,2026-04-18 09:54:56,KH000040,QR Code,Thanh toán hóa đơn,7036000,0,Thành công,CN Bình Dương,44853298
GD202604012276,2026-04-18 09:57:44,KH000128,QR Code,Nộp tiền mặt,154000,0,Thành công,CN Đà Nẵng,35729471
GD202604011772,2026-04-18 10:09:49,KH000125,Mobile Banking,Nạp tiền điện thoại,125000,0,Thành công,CN Hải Phòng,145736
GD202604008728,2026-04-18 10:14:34,KH000090,POS,Chuyển khoản đi,6643000,1100,Thành công,CN Hải Phòng,336712696
GD202604010471,2026-04-18 10:43:09,KH000110,POS,Thanh toán thẻ,595000,1100,Thành công,CN Bình Dương,48632025
GD202604006552,2026-04-18 10:50:32,KH000066,POS,Chuyển khoản đi,1786000,3300,Thành công,CN Hoàn Kiếm,138607317
GD202604007639,2026-04-18 12:13:34,KH000079,Mobile Banking,Thanh toán thẻ,1588000,0,Thành công,CN Thanh Xuân,4068250
GD202604018411,2026-04-18 12:19:31,KH000195,QR Code,Thanh toán hóa đơn,2258000,0,Thành công,CN TP Hồ Chí Minh,16890017
GD202604012625,2026-04-18 12:30:09,KH000131,Mobile Banking,Chuyển khoản đến,151000,0,Thành công,CN Quận 1,2396680
GD202604013969,2026-04-18 12:41:08,KH000147,Mobile Banking,Thanh toán thẻ,1304000,0,Thành công,CN TP Hồ Chí Minh,120939417
GD202604001476,2026-04-18 12:47:32,KH000016,Mobile Banking,Thanh toán thẻ,209000,0,Thành công,CN Hải Phòng,609107
GD202604005829,2026-04-18 12:54:49,KH000061,Mobile Banking,Chuyển khoản đến,792000,0,Thành công,CN Cầu Giấy,37095683
GD202604004389,2026-04-18 13:03:34,KH000045,QR Code,Thanh toán thẻ,1830000,0,Thành công,CN Thanh Xuân,46673965
GD202604006629,2026-04-18 14:04:47,KH000067,ATM,Chuyển khoản đi,4180000,5500,Thành công,CN Thanh Xuân,27159799
GD202604009072,2026-04-18 14:38:40,KH000094,POS,Thanh toán thẻ,328000,3300,Thành công,CN TP Hồ Chí Minh,77737096
GD202604003768,2026-04-18 14:40:21,KH000035,POS,Thanh toán thẻ,2892000,1100,Thành công,CN Bình Dương,15923355
GD202604002907,2026-04-18 15:18:41,KH000027,Mobile Banking,Thanh toán thẻ,15852000,0,Thành công,CN Quận 1,62908806
GD202604017534,2026-04-18 15:46:21,KH000185,QR Code,Thanh toán thẻ,683000,0,Thành công,CN Cần Thơ,63311320
GD202604012626,2026-04-18 16:03:40,KH000131,ATM,Chuyển khoản đến,76000,3300,Thành công,CN Hải Phòng,2472680
GD202604010038,2026-04-18 16:36:43,KH000104,QR Code,Thanh toán thẻ,2749000,0,Thành công,CN Bình Dương,20211019
GD202604016254,2026-04-18 17:08:09,KH000176,Internet Banking,Nộp tiền mặt,145000,0,Thành công,CN Đà Nẵng,32715233
GD202604016570,2026-04-18 17:55:52,KH000179,POS,Thanh toán thẻ,7806000,1100,Thành công,CN Cần Thơ,144984167
GD202604010039,2026-04-18 17:59:40,KH000104,Quầy giao dịch,Chuyển khoản đến,675000,1100,Thành công,CN Hải Phòng,20886019
GD202604004546,2026-04-18 18:06:58,KH000047,ATM,Nạp tiền điện thoại,3059000,3300,Thành công,CN Đà Nẵng,86059647
GD202604017535,2026-04-18 18:59:58,KH000185,POS,Thanh toán thẻ,15746000,3300,Thành công,CN Bình Dương,47562020
GD202604000383,2026-04-18 19:42:36,KH000008,POS,Thanh toán thẻ,10889000,3300,Thành công,CN Thanh Xuân,30416875
GD202604015904,2026-04-18 20:09:24,KH000172,QR Code,Thanh toán hóa đơn,1590000,0,Thành công,CN Hoàn Kiếm,9051401
GD202604004284,2026-04-18 21:45:40,KH000043,ATM,Chuyển khoản đi,343000,5500,Thành công,CN Đà Nẵng,42033679
GD202604015465,2026-04-18 22:02:30,KH000166,Quầy giao dịch,Chuyển khoản đi,37982000,1100,Thành công,CN Hoàn Kiếm,220181233
GD202604009725,2026-04-18 22:18:05,KH000099,Mobile Banking,Thanh toán hóa đơn,2684000,0,Thành công,CN Đà Nẵng,38231769
GD202604009073,2026-04-18 22:19:58,KH000094,POS,Thanh toán thẻ,2400000,5500,Thành công,CN Cần Thơ,75331596
GD202604005407,2026-04-19 06:21:48,KH000057,POS,Nộp tiền mặt,10568000,1100,Thành công,CN Hải Phòng,53245588
GD202604012064,2026-04-19 06:51:36,KH000127,Internet Banking,Chuyển khoản đến,1241000,0,Thành công,CN Cầu Giấy,6218577
GD202604009849,2026-04-19 07:44:28,KH000101,POS,Nạp tiền điện thoại,8056000,0,Thành công,CN Quận 1,106421553
GD202604000384,2026-04-19 08:34:30,KH000008,QR Code,Rút tiền mặt,5874000,0,Thành công,CN Đà Nẵng,24542875
GD202604001125,2026-04-19 09:13:01,KH000014,QR Code,Chuyển khoản đi,7623000,0,Thành công,CN TP Hồ Chí Minh,17517827
GD202604011348,2026-04-19 09:17:17,KH000119,QR Code,Nộp tiền mặt,86000,0,Thành công,CN Cầu Giấy,28836179
GD202604003056,2026-04-19 09:43:58,KH000028,Internet Banking,Nạp tiền điện thoại,2529000,0,Thành công,CN Hải Phòng,36525450
GD202604011685,2026-04-19 10:18:36,KH000124,QR Code,Chuyển khoản đi,6910000,0,Thành công,CN Quận 1,16154938
GD202604007867,2026-04-19 10:21:03,KH000080,POS,Thanh toán thẻ,3075000,5500,Thành công,CN Bình Dương,80995226
GD202604018412,2026-04-19 10:33:21,KH000195,Mobile Banking,Chuyển khoản đến,3215000,0,Thành công,CN Đà Nẵng,20105017
GD202604006554,2026-04-19 10:56:44,KH000066,Internet Banking,Chuyển khoản đi,1413000,0,Thành công,CN Thanh Xuân,141781317
GD202604015905,2026-04-19 11:03:33,KH000172,Internet Banking,Nạp tiền điện thoại,1800000,0,Thành công,CN Cầu Giấy,7251401
GD202604010818,2026-04-19 11:16:18,KH000114,QR Code,Nạp tiền điện thoại,2402000,0,Thành công,CN Cần Thơ,54200205
GD202604014430,2026-04-19 11:27:44,KH000153,Internet Banking,Chuyển khoản đến,577000,0,Thành công,CN Đà Nẵng,3216841
GD202604008729,2026-04-19 11:45:08,KH000090,QR Code,Thanh toán thẻ,70966000,0,Thành công,CN Hải Phòng,265746696
GD202604006553,2026-04-19 13:32:30,KH000066,Internet Banking,Nộp tiền mặt,4587000,0,Thành công,CN Cần Thơ,143194317
GD202604002908,2026-04-19 14:37:30,KH000027,Internet Banking,Thanh toán hóa đơn,12264000,0,Thành công,CN Thanh Xuân,50644806
GD202604010472,2026-04-19 14:44:45,KH000110,POS,Thanh toán thẻ,2017000,5500,Thành công,CN Cần Thơ,46609525
GD202604016153,2026-04-19 14:54:44,KH000175,Quầy giao dịch,Chuyển khoản đến,25387000,5500,Thành công,CN Bình Dương,123409608
GD202604015117,2026-04-19 15:31:09,KH000162,POS,Thanh toán thẻ,90000,3300,Thành công,CN Thanh Xuân,69903
GD202604001477,2026-04-19 15:44:33,KH000016,Mobile Banking,Nộp tiền mặt,141000,0,Thành công,CN Bình Dương,750107
GD202604016123,2026-04-19 15:56:13,KH000174,Mobile Banking,Nạp tiền điện thoại,2958000,0,Thành công,CN Thanh Xuân,62955555
GD202604004189,2026-04-19 15:56:58,KH000042,Mobile Banking,Thanh toán thẻ,3545000,0,Thành công,CN Cầu Giấy,39655623
GD202604010571,2026-04-19 16:39:22,KH000111,QR Code,Thanh toán hóa đơn,52680000,0,Thành công,CN Cầu Giấy,302529766
GD202604001124,2026-04-19 17:02:19,KH000014,QR Code,Chuyển khoản đi,9726000,0,Thành công,CN TP Hồ Chí Minh,25140827
GD202604012065,2026-04-19 17:30:44,KH000127,QR Code,Thanh toán thẻ,1557000,0,Thành công,CN Thanh Xuân,4661577
GD202604000619,2026-04-19 17:35:48,KH000010,Mobile Banking,Nộp tiền mặt,1221000,0,Thành công,CN Hải Phòng,6972759
GD202604007973,2026-04-19 18:23:57,KH000082,QR Code,Thanh toán thẻ,3042000,0,Thành công,CN Hải Phòng,45473096
GD202604017252,2026-04-19 18:28:35,KH000183,Mobile Banking,Thanh toán thẻ,4837000,0,Thành công,CN Cầu Giấy,29873189
GD202604016777,2026-04-19 19:03:42,KH000181,POS,Nộp tiền mặt,151000,0,Thành công,CN Thanh Xuân,654820
GD202604004390,2026-04-19 19:20:27,KH000045,Internet Banking,Thanh toán thẻ,1942000,0,Thành công,CN Cầu Giấy,44731965
GD202604008248,2026-04-19 19:27:01,KH000084,Internet Banking,Thanh toán thẻ,1549000,0,Thành công,CN Bình Dương,16105967
GD202604010819,2026-04-19 19:50:23,KH000114,Mobile Banking,Thanh toán thẻ,2446000,0,Thành công,CN Cần Thơ,51754205
GD202604012627,2026-04-19 20:42:01,KH000131,Mobile Banking,Thanh toán hóa đơn,818000,0,Thành công,CN Đà Nẵng,1654680
GD202604009341,2026-04-19 21:51:25,KH000096,POS,Thanh toán thẻ,2739000,5500,Thành công,CN Bình Dương,13131871
GD202604011773,2026-04-19 22:04:10,KH000125,POS,Thanh toán thẻ,185000,3300,Thành công,CN Hải Phòng,234936
GD202604002653,2026-04-19 22:16:31,KH000025,QR Code,Rút tiền mặt,91000,0,Thành công,CN Cần Thơ,174631
GD202604011635,2026-04-19 22:22:10,KH000123,POS,Chuyển khoản đi,15635000,3300,Thành công,CN Hoàn Kiếm,488057116
GD202604011774,2026-04-19 22:42:45,KH000125,POS,Chuyển khoản đến,84000,5500,Thành công,CN Quận 1,318936
GD202604014874,2026-04-19 22:52:09,KH000158,POS,Thanh toán thẻ,16340000,1100,Thành công,CN Hải Phòng,83064835
GD202604004871,2026-04-19 22:54:01,KH000052,POS,Thanh toán thẻ,118000,5500,Thành công,CN Hoàn Kiếm,211306
GD202604010286,2026-04-20 06:07:50,KH000107,Mobile Banking,Thanh toán thẻ,383000,0,Thành công,CN Cầu Giấy,42632682
GD202604010572,2026-04-20 06:08:49,KH000111,Mobile Banking,Thanh toán hóa đơn,43468000,0,Thành công,CN Thanh Xuân,259061766
GD202604017253,2026-04-20 06:52:08,KH000183,QR Code,Thanh toán thẻ,7029000,0,Thành công,CN Hải Phòng,22844189
GD202604013596,2026-04-20 07:11:27,KH000142,QR Code,Thanh toán thẻ,11537000,0,Thành công,CN TP Hồ Chí Minh,128364912
GD202604015519,2026-04-20 07:13:38,KH000167,QR Code,Thanh toán thẻ,115000,0,Thành công,CN TP Hồ Chí Minh,31004608
GD202604015118,2026-04-20 07:23:54,KH000162,Mobile Banking,Thanh toán thẻ,94000,0,Thành công,CN Cầu Giấy,116903
GD202604006362,2026-04-20 07:38:15,KH000065,Internet Banking,Nạp tiền điện thoại,9013000,0,Thành công,CN Cần Thơ,28875299
GD202604003057,2026-04-20 07:46:01,KH000028,Mobile Banking,Chuyển khoản đến,1781000,0,Thành công,CN TP Hồ Chí Minh,38306450
GD202604012628,2026-04-20 07:56:35,KH000131,Mobile Banking,Thanh toán thẻ,378000,0,Thành công,CN Cầu Giấy,1276680
GD202604014431,2026-04-20 08:02:22,KH000153,Internet Banking,Chuyển khoản đến,684000,0,Thành công,CN Thanh Xuân,3900841
GD202604016633,2026-04-20 08:13:44,KH000180,Mobile Banking,Rút tiền mặt,1799000,0,Thành công,CN Hải Phòng,47522857
GD202604003058,2026-04-20 08:59:16,KH000028,Quầy giao dịch,Thanh toán hóa đơn,639000,3300,Thành công,CN Cần Thơ,37664150
GD202604010198,2026-04-20 09:28:11,KH000105,ATM,Rút tiền mặt,37451000,0,Thành công,CN Cầu Giấy,230505616
GD202604006149,2026-04-20 10:14:55,KH000063,QR Code,Nạp tiền điện thoại,1121000,0,Thành công,CN Cầu Giấy,49404171
GD202604009269,2026-04-20 10:55:18,KH000095,QR Code,Thanh toán hóa đơn,9914000,0,Thành công,CN Bình Dương,23272380
GD202604018100,2026-04-20 11:28:23,KH000191,POS,Thanh toán thẻ,2584000,5500,Thành công,CN Đà Nẵng,8788749
GD202604016948,2026-04-20 11:32:43,KH000182,Internet Banking,Chuyển khoản đi,113000,0,Thành công,CN Hải Phòng,3186992
GD202604007640,2026-04-20 12:03:14,KH000079,QR Code,Chuyển khoản đến,952000,0,Thành công,CN Cần Thơ,5020250
GD202604012887,2026-04-20 12:38:08,KH000132,Mobile Banking,Nộp tiền mặt,2726000,0,Thành công,CN Hoàn Kiếm,16289966
GD202604012277,2026-04-20 12:51:07,KH000128,Internet Banking,Nạp tiền điện thoại,198000,0,Thành công,CN Quận 1,35531471
GD202604001855,2026-04-20 13:00:14,KH000019,Internet Banking,Thanh toán thẻ,2041000,0,Thành công,CN Đà Nẵng,49903076
GD202604003539,2026-04-20 13:26:43,KH000033,Internet Banking,Chuyển khoản đến,2086000,0,Thành công,CN Hải Phòng,45997424
GD202604007312,2026-04-20 13:48:46,KH000077,Mobile Banking,Thanh toán thẻ,625000,0,Thành công,CN Cầu Giấy,7778826
GD202604018413,2026-04-20 14:42:42,KH000195,QR Code,Thanh toán thẻ,525000,0,Thành công,CN Hải Phòng,19580017
GD202604004039,2026-04-20 14:54:36,KH000040,ATM,Nộp tiền mặt,7870000,1100,Thành công,CN TP Hồ Chí Minh,52723298
GD202604003540,2026-04-20 14:57:12,KH000033,Mobile Banking,Nộp tiền mặt,1037000,0,Thành công,CN Cần Thơ,47034424
GD202604013845,2026-04-20 15:01:33,KH000145,Quầy giao dịch,Rút tiền mặt,165000,3300,Thành công,CN Quận 1,45260312
GD202604013169,2026-04-20 15:26:08,KH000136,POS,Thanh toán thẻ,5478000,1100,Thất bại,CN Cần Thơ,102100521
GD202604003059,2026-04-20 15:29:00,KH000028,Mobile Banking,Thanh toán thẻ,2276000,0,Thành công,CN Hải Phòng,35388150
GD202604017254,2026-04-20 15:37:23,KH000183,POS,Thanh toán thẻ,2833000,0,Thành công,CN Hải Phòng,20011189
GD202604006902,2026-04-20 16:05:09,KH000073,Internet Banking,Nạp tiền điện thoại,10629000,0,Thất bại,CN Hoàn Kiếm,70285151
GD202604003538,2026-04-20 17:09:07,KH000033,QR Code,Nộp tiền mặt,1287000,0,Thành công,CN Bình Dương,43911424
GD202604018414,2026-04-20 18:41:05,KH000195,Mobile Banking,Thanh toán thẻ,4592000,0,Thành công,CN Quận 1,14988017
GD202604000114,2026-04-20 18:48:39,KH000004,QR Code,Chuyển khoản đi,18825000,0,Thành công,CN Hoàn Kiếm,124551381
GD202604003875,2026-04-20 19:12:23,KH000038,Internet Banking,Thanh toán hóa đơn,2316000,0,Thành công,CN Cầu Giấy,79274879
GD202604003416,2026-04-20 19:13:40,KH000032,Mobile Banking,Thanh toán thẻ,167000,0,Thành công,CN Hải Phòng,47165750
GD202604001856,2026-04-20 19:43:36,KH000019,Mobile Banking,Chuyển khoản đến,542000,0,Thành công,CN Cần Thơ,50445076
GD202604014432,2026-04-20 20:36:04,KH000153,POS,Thanh toán thẻ,1015000,1100,Thành công,CN Bình Dương,2884741
GD202604011775,2026-04-20 20:45:05,KH000125,QR Code,Nộp tiền mặt,101000,0,Thất bại,CN Bình Dương,318936
GD202604010924,2026-04-20 20:53:21,KH000115,Internet Banking,Thanh toán thẻ,3144000,0,Thành công,CN Bình Dương,14514545
GD202604000385,2026-04-20 20:57:59,KH000008,QR Code,Thanh toán thẻ,4670000,0,Thất bại,CN TP Hồ Chí Minh,24542875
GD202604009850,2026-04-20 21:23:40,KH000101,ATM,Chuyển khoản đi,4133000,1100,Thành công,CN Đà Nẵng,102287453
GD202604010702,2026-04-21 06:17:09,KH000113,Mobile Banking,Thanh toán thẻ,1119000,0,Thành công,CN Đà Nẵng,47625186
GD202604002531,2026-04-21 07:08:06,KH000024,Quầy giao dịch,Chuyển khoản đi,920000,3300,Thành công,CN Thanh Xuân,64227937
GD202604012066,2026-04-21 07:31:17,KH000127,QR Code,Chuyển khoản đến,296000,0,Thành công,CN Quận 1,4957577
GD202604000158,2026-04-21 07:44:28,KH000005,Mobile Banking,Thanh toán thẻ,16126000,0,Thành công,CN Cầu Giấy,54685930
GD202604011975,2026-04-21 08:07:01,KH000126,Quầy giao dịch,Nạp tiền điện thoại,218000,1100,Thành công,CN Hoàn Kiếm,1747099
GD202604014036,2026-04-21 08:45:33,KH000148,Internet Banking,Chuyển khoản đến,141000,0,Thành công,CN Bình Dương,45327620
GD202604009075,2026-04-21 09:42:20,KH000094,QR Code,Rút tiền mặt,1875000,0,Thành công,CN Thanh Xuân,71924596
GD202604000794,2026-04-21 09:51:23,KH000011,POS,Thanh toán thẻ,1521000,3300,Thành công,CN Thanh Xuân,87669305
GD202604000795,2026-04-21 10:26:41,KH000011,Internet Banking,Thanh toán hóa đơn,4141000,0,Thành công,CN Hoàn Kiếm,83528305
GD202604009074,2026-04-21 11:11:58,KH000094,Internet Banking,Thanh toán hóa đơn,1532000,0,Thành công,CN TP Hồ Chí Minh,73799596
GD202604012629,2026-04-21 11:19:38,KH000131,Mobile Banking,Chuyển khoản đi,84000,0,Thành công,CN Đà Nẵng,1192680
GD202604008112,2026-04-21 11:59:57,KH000083,POS,Thanh toán thẻ,134000,0,Thành công,CN Thanh Xuân,38522594
GD202604007313,2026-04-21 12:01:57,KH000077,Mobile Banking,Thanh toán thẻ,291000,0,Thành công,CN Cầu Giấy,7487826
GD202604002135,2026-04-21 13:14:13,KH000020,POS,Chuyển khoản đi,1485000,0,Thành công,CN TP Hồ Chí Minh,19439406
GD202604008249,2026-04-21 13:16:20,KH000084,QR Code,Thanh toán thẻ,1003000,0,Thành công,CN Quận 1,15102967
GD202604012393,2026-04-21 13:26:24,KH000129,Mobile Banking,Thanh toán hóa đơn,148000,0,Thành công,CN TP Hồ Chí Minh,136648
GD202604000386,2026-04-21 13:26:50,KH000008,Internet Banking,Chuyển khoản đến,3972000,0,Thành công,CN Đà Nẵng,28514875
GD202604003541,2026-04-21 14:21:07,KH000033,Internet Banking,Thanh toán thẻ,1804000,0,Thành công,CN Cần Thơ,45230424
GD202604013846,2026-04-21 14:27:27,KH000145,QR Code,Chuyển khoản đến,362000,0,Thành công,CN Bình Dương,45622312
GD202604009726,2026-04-21 15:02:05,KH000099,POS,Thanh toán thẻ,495000,5500,Thành công,CN Thanh Xuân,37731269
GD202604007892,2026-04-21 15:11:19,KH000081,ATM,Thanh toán hóa đơn,16133000,3300,Thành công,CN Bình Dương,155728335
GD202604012067,2026-04-21 15:22:10,KH000127,Internet Banking,Thanh toán thẻ,1616000,0,Thành công,CN Cần Thơ,3341577
GD202604012450,2026-04-21 15:35:29,KH000130,Internet Banking,Nạp tiền điện thoại,4535000,0,Thành công,CN Bình Dương,40134822
GD202604016634,2026-04-21 16:16:53,KH000180,ATM,Thanh toán hóa đơn,1491000,5500,Thành công,CN Thanh Xuân,46026357
GD202604002134,2026-04-21 16:22:10,KH000020,POS,Thanh toán thẻ,2687000,3300,Thành công,CN Quận 1,20924406
GD202604013280,2026-04-21 16:50:54,KH000137,QR Code,Chuyển khoản đến,1906000,0,Thành công,CN Quận 1,19211096
GD202604008844,2026-04-21 16:59:15,KH000092,POS,Thanh toán thẻ,232000,5500,Thành công,CN Quận 1,16325050
GD202604005409,2026-04-21 17:23:32,KH000057,POS,Thanh toán thẻ,23558000,0,Thành công,CN Thanh Xuân,46940588
GD202604010925,2026-04-21 17:54:16,KH000115,Internet Banking,Nộp tiền mặt,4401000,0,Thành công,CN Đà Nẵng,18915545
GD202604008679,2026-04-21 18:58:31,KH000088,Quầy giao dịch,Thanh toán hóa đơn,5843000,3300,Thành công,CN Cầu Giấy,11314353
GD202604016949,2026-04-21 19:18:35,KH000182,Internet Banking,Chuyển khoản đến,769000,0,Thành công,CN Quận 1,3955992
GD202604003417,2026-04-21 19:21:33,KH000032,Internet Banking,Chuyển khoản đi,127000,0,Thành công,CN TP Hồ Chí Minh,47038750
GD202604016950,2026-04-21 19:26:11,KH000182,QR Code,Thanh toán thẻ,654000,0,Thành công,CN Cầu Giấy,3301992
GD202604005286,2026-04-21 19:30:29,KH000056,POS,Nạp tiền điện thoại,2182000,1100,Thành công,CN Bình Dương,85848302
GD202604016635,2026-04-21 19:38:28,KH000180,QR Code,Nạp tiền điện thoại,922000,0,Thành công,CN Cần Thơ,45104357
GD202604010820,2026-04-21 20:10:06,KH000114,Internet Banking,Thanh toán hóa đơn,738000,0,Thành công,CN Thanh Xuân,51016205
GD202604012394,2026-04-21 20:39:59,KH000129,QR Code,Chuyển khoản đi,63000,0,Thành công,CN Cần Thơ,73648
GD202604005590,2026-04-21 21:27:17,KH000059,ATM,Nạp tiền điện thoại,24847000,5500,Thành công,CN Hải Phòng,64995667
GD202604017255,2026-04-21 22:02:29,KH000183,QR Code,Nạp tiền điện thoại,4422000,0,Thành công,CN Hải Phòng,15589189
GD202604005408,2026-04-21 22:31:32,KH000057,Quầy giao dịch,Nộp tiền mặt,17253000,5500,Thành công,CN Bình Dương,70498588
GD202604002309,2026-04-21 22:40:39,KH000021,POS,Thanh toán thẻ,1013000,3300,Thành công,CN TP Hồ Chí Minh,40373510
GD202604010040,2026-04-21 22:54:49,KH000104,Mobile Banking,Nộp tiền mặt,735000,0,Thành công,CN Hoàn Kiếm,21621019
GD202604000160,2026-04-22 06:14:34,KH000005,Mobile Banking,Nạp tiền điện thoại,8485000,0,Thành công,CN Cầu Giấy,33870630
GD202604004873,2026-04-22 06:16:46,KH000052,Quầy giao dịch,Thanh toán hóa đơn,178000,1100,Thành công,CN Bình Dương,111606
GD202604014875,2026-04-22 06:23:55,KH000158,POS,Thanh toán thẻ,15405000,5500,Thành công,CN Hoàn Kiếm,67654335
GD202604011687,2026-04-22 07:10:22,KH000124,ATM,Chuyển khoản đến,3241000,5500,Thành công,CN TP Hồ Chí Minh,14690638
GD202604003876,2026-04-22 07:16:30,KH000038,QR Code,Thanh toán thẻ,563000,0,Thành công,CN Cầu Giấy,78711879
GD202604018615,2026-04-22 07:22:36,KH000197,POS,Thanh toán thẻ,33366000,3300,Thành công,CN Cầu Giấy,92798870
GD202604005830,2026-04-22 08:02:29,KH000061,Mobile Banking,Thanh toán thẻ,2255000,0,Thành công,CN Cầu Giấy,34840683
GD202604006903,2026-04-22 08:25:55,KH000073,POS,Thanh toán thẻ,1663000,1100,Thành công,CN Cần Thơ,68621051
GD202604010041,2026-04-22 09:05:02,KH000104,Internet Banking,Nộp tiền mặt,2827000,0,Thành công,CN Bình Dương,24448019
GD202604009076,2026-04-22 09:06:27,KH000094,ATM,Rút tiền mặt,578000,5500,Thành công,CN Đà Nẵng,71341096
GD202604007314,2026-04-22 09:10:38,KH000077,Mobile Banking,Thanh toán thẻ,2368000,0,Thành công,CN Quận 1,5119826
GD202604017256,2026-04-22 09:25:34,KH000183,QR Code,Thanh toán thẻ,3064000,0,Thành công,CN TP Hồ Chí Minh,12525189
GD202604016255,2026-04-22 09:34:48,KH000176,Mobile Banking,Rút tiền mặt,207000,0,Thành công,CN Hải Phòng,32508233
GD202604000318,2026-04-22 09:34:59,KH000007,QR Code,Thanh toán thẻ,10459000,0,Thành công,CN Cầu Giấy,22893847
GD202604012068,2026-04-22 09:44:06,KH000127,Mobile Banking,Nạp tiền điện thoại,348000,0,Thành công,CN Cầu Giấy,2993577
GD202604004872,2026-04-22 09:52:30,KH000052,POS,Thanh toán thẻ,161000,1100,Thành công,CN Cầu Giấy,290706
GD202604014434,2026-04-22 10:23:26,KH000153,POS,Thanh toán thẻ,492000,5500,Thất bại,CN Hải Phòng,2027241
GD202604008565,2026-04-22 10:49:01,KH000087,Internet Banking,Thanh toán thẻ,191000,0,Thành công,CN Bình Dương,177026
GD202604006864,2026-04-22 12:29:08,KH000072,ATM,Chuyển khoản đi,57000,0,Thành công,CN Cầu Giấy,40964560
GD202604012279,2026-04-22 12:30:19,KH000128,POS,Thanh toán thẻ,365000,3300,Thành công,CN Đà Nẵng,34704171
GD202604014989,2026-04-22 12:46:18,KH000160,Quầy giao dịch,Nộp tiền mặt,1175000,0,Thành công,CN Quận 1,64390733
GD202604011776,2026-04-22 12:48:35,KH000125,Internet Banking,Chuyển khoản đến,62000,0,Thành công,CN Bình Dương,380936
GD202604002310,2026-04-22 12:50:52,KH000021,POS,Thanh toán thẻ,321000,0,Thành công,CN Hải Phòng,40052510
GD202604004874,2026-04-22 12:51:14,KH000052,POS,Thanh toán thẻ,109000,3300,Thành công,CN Hải Phòng,162806
GD202604018570,2026-04-22 14:30:13,KH000196,Mobile Banking,Chuyển khoản đi,367000,0,Thành công,CN Thanh Xuân,43304755
GD202604001478,2026-04-22 14:33:14,KH000016,Mobile Banking,Nộp tiền mặt,134000,0,Thành công,CN TP Hồ Chí Minh,884107
GD202604003418,2026-04-22 15:05:22,KH000032,Mobile Banking,Thanh toán thẻ,197000,0,Thành công,CN Cần Thơ,46841750
GD202604001126,2026-04-22 15:05:57,KH000014,Mobile Banking,Chuyển khoản đến,61000,0,Thành công,CN Cần Thơ,17578827
GD202604012278,2026-04-22 15:13:39,KH000128,QR Code,Nạp tiền điện thoại,459000,0,Thành công,CN TP Hồ Chí Minh,35072471
GD202604006555,2026-04-22 16:16:47,KH000066,ATM,Chuyển khoản đến,2965000,1100,Thành công,CN Đà Nẵng,144746317
GD202604009827,2026-04-22 16:32:46,KH000100,QR Code,Nạp tiền điện thoại,908000,0,Thành công,CN Đà Nẵng,43261030
GD202604001857,2026-04-22 17:14:04,KH000019,Internet Banking,Nộp tiền mặt,3145000,0,Thành công,CN Hoàn Kiếm,53590076
GD202604000159,2026-04-22 17:24:44,KH000005,POS,Thanh toán thẻ,12327000,3300,Thành công,CN Hoàn Kiếm,42355630
GD202604013847,2026-04-22 18:00:20,KH000145,QR Code,Chuyển khoản đến,244000,0,Thành công,CN Cần Thơ,45866312
GD202604013488,2026-04-22 18:08:13,KH000140,ATM,Rút tiền mặt,2423000,1100,Thành công,CN Hải Phòng,28201136
GD202604012888,2026-04-22 18:41:02,KH000132,QR Code,Thanh toán thẻ,5384000,0,Thành công,CN Cầu Giấy,10905966
GD202604013848,2026-04-22 18:49:34,KH000145,Quầy giao dịch,Chuyển khoản đến,249000,5500,Thành công,CN Đà Nẵng,46115312
GD202604003817,2026-04-22 19:22:33,KH000037,ATM,Chuyển khoản đi,19948000,1100,Thành công,CN Hoàn Kiếm,85908058
GD202604006363,2026-04-22 20:12:14,KH000065,Mobile Banking,Nộp tiền mặt,306000,0,Thành công,CN Thanh Xuân,29181299
GD202604004670,2026-04-22 20:41:09,KH000050,Mobile Banking,Chuyển khoản đi,3722000,0,Thành công,CN Quận 1,10723129
GD202604016256,2026-04-22 21:06:15,KH000176,QR Code,Nộp tiền mặt,840000,0,Thành công,CN Thanh Xuân,33348233
GD202604014433,2026-04-22 21:35:44,KH000153,POS,Thanh toán thẻ,852000,5500,Thành công,CN TP Hồ Chí Minh,2027241
GD202604006990,2026-04-22 21:37:03,KH000074,Internet Banking,Thanh toán thẻ,1671000,0,Thành công,CN TP Hồ Chí Minh,32207532
GD202604000161,2026-04-22 21:59:24,KH000005,Quầy giao dịch,Nạp tiền điện thoại,1925000,5500,Thành công,CN Quận 1,31940130
GD202604002654,2026-04-22 22:12:08,KH000025,QR Code,Thanh toán thẻ,194000,0,Thành công,CN Thanh Xuân,271631
GD202604016952,2026-04-22 22:24:30,KH000182,Mobile Banking,Nộp tiền mặt,1062000,0,Thành công,CN Quận 1,4957992
GD202604011686,2026-04-22 22:34:48,KH000124,POS,Thanh toán thẻ,4702000,3300,Thành công,CN Thanh Xuân,11449638
GD202604016951,2026-04-22 22:46:08,KH000182,Internet Banking,Nộp tiền mặt,594000,0,Thành công,CN Thanh Xuân,3895992
GD202604017991,2026-04-22 22:48:55,KH000190,ATM,Nộp tiền mặt,176627000,3300,Thành công,CN TP Hồ Chí Minh,720030099
GD202604012395,2026-04-23 06:28:50,KH000129,Mobile Banking,Chuyển khoản đi,177000,0,Thành công,CN Thanh Xuân,162148
GD202604003877,2026-04-23 06:59:35,KH000038,QR Code,Thanh toán thẻ,5010000,0,Thành công,CN Cầu Giấy,73701879
GD202604011777,2026-04-23 07:25:08,KH000125,Internet Banking,Rút tiền mặt,95000,0,Thành công,CN Hải Phòng,285936
GD202604012451,2026-04-23 07:26:12,KH000130,Mobile Banking,Thanh toán thẻ,2591000,0,Thành công,CN Hải Phòng,37543822
GD202604018415,2026-04-23 07:46:50,KH000195,QR Code,Thanh toán hóa đơn,4060000,0,Thành công,CN Bình Dương,10928017
GD202604012889,2026-04-23 07:51:51,KH000132,Mobile Banking,Nạp tiền điện thoại,1456000,0,Thành công,CN Hải Phòng,9449966
GD202604008680,2026-04-23 07:53:02,KH000088,ATM,Chuyển khoản đến,236000,5500,Thành công,CN Thanh Xuân,11550353
GD202604006366,2026-04-23 08:14:57,KH000065,POS,Thanh toán thẻ,5610000,1100,Thành công,CN Hải Phòng,12701699
GD202604001858,2026-04-23 08:46:28,KH000019,Mobile Banking,Chuyển khoản đến,100000,0,Thành công,CN Hoàn Kiếm,53690076
GD202604009515,2026-04-23 09:07:39,KH000097,QR Code,Nộp tiền mặt,863000,0,Thành công,CN Cần Thơ,14160849
GD202604017258,2026-04-23 09:21:15,KH000183,Internet Banking,Chuyển khoản đến,2422000,0,Thành công,CN Cầu Giấy,12625689
GD202604015906,2026-04-23 09:36:38,KH000172,Internet Banking,Chuyển khoản đi,1575000,0,Thành công,CN Bình Dương,5676401
GD202604018746,2026-04-23 09:37:08,KH000199,QR Code,Thanh toán thẻ,47324000,0,Thành công,CN Hải Phòng,209250885
GD202604001127,2026-04-23 10:08:50,KH000014,QR Code,Thanh toán hóa đơn,4565000,0,Thành công,CN Hải Phòng,13013827
GD202604005832,2026-04-23 11:42:00,KH000061,Mobile Banking,Thanh toán hóa đơn,1123000,0,Thành công,CN Quận 1,31660683
GD202604006365,2026-04-23 11:53:26,KH000065,POS,Thanh toán thẻ,8313000,5500,Thành công,CN TP Hồ Chí Minh,18312799
GD202604016257,2026-04-23 12:00:00,KH000176,POS,Thanh toán hóa đơn,1179000,3300,Thành công,CN Cần Thơ,32165933
GD202604000893,2026-04-23 12:02:17,KH000012,POS,Thanh toán thẻ,2070000,5500,Thành công,CN TP Hồ Chí Minh,63094866
GD202604004190,2026-04-23 12:03:03,KH000042,Mobile Banking,Chuyển khoản đi,2195000,0,Thành công,CN Đà Nẵng,37460623
GD202604014037,2026-04-23 13:13:01,KH000148,ATM,Nạp tiền điện thoại,219000,1100,Thành công,CN Hải Phòng,45107520
GD202604007641,2026-04-23 13:21:36,KH000079,Internet Banking,Thanh toán thẻ,1081000,0,Thành công,CN Đà Nẵng,3939250
GD202604005287,2026-04-23 13:27:59,KH000056,Quầy giao dịch,Nạp tiền điện thoại,4281000,5500,Thành công,CN Đà Nẵng,81561802
GD202604016637,2026-04-23 13:40:08,KH000180,POS,Thanh toán thẻ,1037000,3300,Thành công,CN Hoàn Kiếm,41395057
GD202604006364,2026-04-23 13:45:42,KH000065,Internet Banking,Nạp tiền điện thoại,2550000,0,Thành công,CN Thanh Xuân,26631299
GD202604015119,2026-04-23 13:50:22,KH000162,POS,Thanh toán thẻ,152000,5500,Thành công,CN Cầu Giấy,187403
GD202604011778,2026-04-23 13:55:16,KH000125,POS,Nộp tiền mặt,82000,1100,Thành công,CN Hoàn Kiếm,367936
GD202604002434,2026-04-23 14:05:24,KH000023,Internet Banking,Thanh toán thẻ,751000,0,Thành công,CN Quận 1,26333364
GD202604018101,2026-04-23 14:15:55,KH000191,QR Code,Thanh toán thẻ,2908000,0,Thành công,CN Cần Thơ,5880749
GD202604013970,2026-04-23 14:17:31,KH000147,ATM,Chuyển khoản đến,873000,0,Thành công,CN Hải Phòng,121812417
GD202604014151,2026-04-23 14:19:58,KH000150,Internet Banking,Thanh toán thẻ,14265000,0,Thành công,CN Đà Nẵng,49752678
GD202604005591,2026-04-23 14:23:58,KH000059,QR Code,Thanh toán thẻ,12020000,0,Thành công,CN Đà Nẵng,52975667
GD202604016953,2026-04-23 14:34:16,KH000182,Mobile Banking,Thanh toán thẻ,100000,0,Thành công,CN Cần Thơ,4857992
GD202604004391,2026-04-23 16:21:50,KH000045,Internet Banking,Nộp tiền mặt,1262000,0,Thành công,CN Bình Dương,45993965
GD202604011349,2026-04-23 16:46:19,KH000119,Mobile Banking,Thanh toán thẻ,67000,0,Thành công,CN Bình Dương,28769179
GD202604009077,2026-04-23 16:48:52,KH000094,Mobile Banking,Chuyển khoản đến,217000,0,Thành công,CN Hoàn Kiếm,71558096
GD202604001859,2026-04-23 18:29:19,KH000019,POS,Thanh toán thẻ,1803000,3300,Thành công,CN Bình Dương,51883776
GD202604013597,2026-04-23 18:53:33,KH000142,Mobile Banking,Chuyển khoản đến,6618000,0,Thành công,CN Hải Phòng,134982912
GD202604016055,2026-04-23 18:57:00,KH000173,POS,Thanh toán thẻ,382000,1100,Thành công,CN Bình Dương,7272368
GD202604001128,2026-04-23 19:50:11,KH000014,POS,Thanh toán thẻ,4405000,3300,Thành công,CN Hải Phòng,8605527
GD202604003307,2026-04-23 20:09:34,KH000031,Internet Banking,Thanh toán thẻ,176000,0,Thành công,CN Hải Phòng,1003603
GD202604005831,2026-04-23 20:21:21,KH000061,POS,Thanh toán thẻ,2057000,0,Thành công,CN Bình Dương,32783683
GD202604016636,2026-04-23 20:21:43,KH000180,Mobile Banking,Nạp tiền điện thoại,2669000,0,Thành công,CN Đà Nẵng,42435357
GD202604018257,2026-04-23 20:25:16,KH000192,Internet Banking,Thanh toán thẻ,25177000,0,Thành công,CN Đà Nẵng,110101614
GD202604017257,2026-04-23 20:27:30,KH000183,POS,Thanh toán thẻ,2316000,5500,Thành công,CN Bình Dương,10203689
GD202604008250,2026-04-23 20:43:38,KH000084,Internet Banking,Nạp tiền điện thoại,1476000,0,Thành công,CN Quận 1,13626967
GD202604006150,2026-04-23 21:33:54,KH000063,POS,Thanh toán thẻ,190000,0,Thành công,CN Thanh Xuân,49214171
GD202604004319,2026-04-23 22:08:55,KH000044,POS,Thanh toán thẻ,4677000,0,Thành công,CN Bình Dương,19161362
GD202604002909,2026-04-23 22:12:56,KH000027,Mobile Banking,Rút tiền mặt,10980000,0,Thành công,CN Đà Nẵng,39664806
GD202604010703,2026-04-23 22:14:38,KH000113,ATM,Nạp tiền điện thoại,4472000,0,Thành công,CN Thanh Xuân,43153186
GD202604013281,2026-04-24 06:08:45,KH000137,Internet Banking,Thanh toán thẻ,1911000,0,Thành công,CN Cần Thơ,17300096
GD202604002137,2026-04-24 06:26:59,KH000020,POS,Thanh toán thẻ,4671000,5500,Thành công,CN TP Hồ Chí Minh,10949906
GD202604006152,2026-04-24 06:45:08,KH000063,Internet Banking,Chuyển khoản đến,462000,0,Thành công,CN Thanh Xuân,48922171
GD202604002136,2026-04-24 07:00:11,KH000020,QR Code,Thanh toán thẻ,3813000,0,Thành công,CN Bình Dương,15626406
GD202604016258,2026-04-24 07:07:52,KH000176,POS,Thanh toán thẻ,115000,5500,Thành công,CN Thanh Xuân,32045433
GD202604003542,2026-04-24 07:11:58,KH000033,Internet Banking,Thanh toán thẻ,1247000,0,Thành công,CN Hải Phòng,43983424
GD202604000621,2026-04-24 07:28:20,KH000010,Mobile Banking,Thanh toán thẻ,185000,0,Thành công,CN Cần Thơ,5650759
GD202604007893,2026-04-24 07:47:00,KH000081,POS,Rút tiền mặt,14164000,3300,Thành công,CN Bình Dương,141561035
GD202604000622,2026-04-24 07:47:32,KH000010,QR Code,Thanh toán thẻ,1000000,0,Thành công,CN TP Hồ Chí Minh,4650759
GD202604010042,2026-04-24 08:22:45,KH000104,Internet Banking,Thanh toán hóa đơn,2794000,0,Thành công,CN Cần Thơ,21654019
GD202604011350,2026-04-24 08:36:03,KH000119,Internet Banking,Chuyển khoản đến,193000,0,Thành công,CN Thanh Xuân,28962179
GD202604007868,2026-04-24 10:16:09,KH000080,POS,Thanh toán thẻ,2011000,5500,Thành công,CN Bình Dương,78978726
GD202604004392,2026-04-24 10:18:43,KH000045,QR Code,Thanh toán hóa đơn,1505000,0,Thành công,CN Hải Phòng,44488965
GD202604001479,2026-04-24 10:32:29,KH000016,Internet Banking,Thanh toán thẻ,137000,0,Thành công,CN Quận 1,747107
GD202604001861,2026-04-24 10:40:38,KH000019,POS,Chuyển khoản đi,2327000,5500,Thành công,CN Bình Dương,47970276
GD202604016124,2026-04-24 11:37:24,KH000174,Internet Banking,Thanh toán thẻ,1421000,0,Thành công,CN Thanh Xuân,61534555
GD202604000620,2026-04-24 11:54:32,KH000010,QR Code,Thanh toán thẻ,1137000,0,Thành công,CN Hải Phòng,5835759
GD202604010473,2026-04-24 12:23:21,KH000110,POS,Thanh toán thẻ,828000,5500,Thành công,CN TP Hồ Chí Minh,45776025
GD202604017260,2026-04-24 12:37:05,KH000183,POS,Thanh toán thẻ,3145000,1100,Thành công,CN Hải Phòng,6167589
GD202604005833,2026-04-24 13:04:11,KH000061,Internet Banking,Nộp tiền mặt,2166000,0,Thành công,CN Hoàn Kiếm,33826683
GD202604007975,2026-04-24 13:08:39,KH000082,Internet Banking,Thanh toán thẻ,3257000,0,Thành công,CN Hải Phòng,39946096
GD202604007974,2026-04-24 13:15:26,KH000082,Internet Banking,Nạp tiền điện thoại,2270000,0,Thành công,CN Quận 1,43203096
GD202604006367,2026-04-24 13:51:23,KH000065,QR Code,Chuyển khoản đi,2734000,0,Thành công,CN TP Hồ Chí Minh,9967699
GD202604007642,2026-04-24 14:00:22,KH000079,POS,Thanh toán thẻ,906000,1100,Thành công,CN Cần Thơ,3032150
GD202604017259,2026-04-24 14:16:35,KH000183,POS,Thanh toán thẻ,3312000,0,Thành công,CN Hoàn Kiếm,9313689
GD202604014124,2026-04-24 14:17:18,KH000149,ATM,Chuyển khoản đến,6590000,3300,Thành công,CN Hoàn Kiếm,27048201
GD202604015466,2026-04-24 15:37:35,KH000166,Internet Banking,Thanh toán thẻ,30601000,0,Thành công,CN Quận 1,189580233
GD202604017705,2026-04-24 15:41:07,KH000187,Quầy giao dịch,Nộp tiền mặt,1638000,3300,Thành công,CN TP Hồ Chí Minh,14425962
GD202604001860,2026-04-24 16:42:07,KH000019,QR Code,Nạp tiền điện thoại,1581000,0,Thành công,CN Hải Phòng,50302776
GD202604006151,2026-04-24 16:54:08,KH000063,QR Code,Thanh toán thẻ,754000,0,Thành công,CN Hoàn Kiếm,48460171
GD202604002655,2026-04-24 17:30:48,KH000025,Mobile Banking,Thanh toán thẻ,100000,0,Thành công,CN Hải Phòng,171631
GD202604016778,2026-04-24 17:56:27,KH000181,Internet Banking,Thanh toán thẻ,162000,0,Thành công,CN Hải Phòng,492820
GD202604015907,2026-04-24 18:09:33,KH000172,Quầy giao dịch,Nộp tiền mặt,103000,1100,Thành công,CN Cầu Giấy,5779401
GD202604011779,2026-04-24 18:42:13,KH000125,QR Code,Thanh toán thẻ,157000,0,Thành công,CN Hải Phòng,210936
GD202604006865,2026-04-24 19:09:24,KH000072,Mobile Banking,Thanh toán hóa đơn,803000,0,Thành công,CN TP Hồ Chí Minh,40161560
GD202604005834,2026-04-24 20:06:52,KH000061,POS,Nạp tiền điện thoại,567000,1100,Thành công,CN Cần Thơ,33258583
GD202604008681,2026-04-24 20:07:57,KH000088,POS,Thanh toán thẻ,2562000,0,Thành công,CN TP Hồ Chí Minh,8988353
GD202604002861,2026-04-24 20:08:38,KH000026,POS,Nạp tiền điện thoại,512000,5500,Thành công,CN Thanh Xuân,1163622
GD202604002862,2026-04-24 21:40:22,KH000026,Internet Banking,Thanh toán hóa đơn,230000,0,Thành công,CN Bình Dương,933622
GD202604001709,2026-04-24 22:08:34,KH000018,QR Code,Chuyển khoản đi,1071000,0,Thành công,CN TP Hồ Chí Minh,50023408
GD202604001129,2026-04-24 22:44:33,KH000014,QR Code,Nộp tiền mặt,1962000,0,Thành công,CN Quận 1,10567527
GD202604006991,2026-04-25 06:14:03,KH000074,Mobile Banking,Thanh toán thẻ,1702000,0,Thành công,CN Quận 1,30505532
GD202604010704,2026-04-25 06:19:21,KH000113,QR Code,Thanh toán thẻ,4140000,0,Thành công,CN Hoàn Kiếm,39013186
GD202604011351,2026-04-25 06:52:14,KH000119,Internet Banking,Nộp tiền mặt,140000,0,Thành công,CN Bình Dương,29102179
GD202604012069,2026-04-25 07:11:32,KH000127,QR Code,Thanh toán thẻ,353000,0,Thành công,CN TP Hồ Chí Minh,2640577
GD202604010573,2026-04-25 08:02:25,KH000111,Internet Banking,Thanh toán thẻ,78742000,0,Thành công,CN Quận 1,180319766
GD202604008682,2026-04-25 08:33:56,KH000088,POS,Thanh toán thẻ,1448000,5500,Thành công,CN Quận 1,7534853
GD202604012890,2026-04-25 08:44:28,KH000132,Mobile Banking,Chuyển khoản đến,1279000,0,Thành công,CN Thanh Xuân,10728966
GD202604008845,2026-04-25 09:15:21,KH000092,Internet Banking,Chuyển khoản đi,957000,0,Thành công,CN Thanh Xuân,15368050
GD202604018103,2026-04-25 09:31:12,KH000191,Internet Banking,Thanh toán thẻ,1546000,0,Thất bại,CN Cầu Giấy,4517249
GD202604012630,2026-04-25 09:51:56,KH000131,POS,Thanh toán thẻ,320000,0,Thành công,CN Thanh Xuân,872680
GD202604007643,2026-04-25 09:53:46,KH000079,POS,Thanh toán thẻ,489000,3300,Thành công,CN Đà Nẵng,2539850
GD202604004143,2026-04-25 10:01:31,KH000041,POS,Rút tiền mặt,19162000,5500,Thành công,CN Bình Dương,132375351
GD202604017706,2026-04-25 10:49:53,KH000187,Internet Banking,Thanh toán thẻ,1195000,0,Thành công,CN Đà Nẵng,13230962
GD202604004191,2026-04-25 12:43:39,KH000042,POS,Rút tiền mặt,3620000,5500,Thất bại,CN Thanh Xuân,37460623
GD202604018704,2026-04-25 13:23:55,KH000198,POS,Chuyển khoản đi,1907000,0,Thành công,CN Thanh Xuân,38284588
GD202604015121,2026-04-25 13:29:49,KH000162,Internet Banking,Chuyển khoản đến,154000,0,Thành công,CN Thanh Xuân,414903
GD202604018616,2026-04-25 14:01:51,KH000197,QR Code,Nộp tiền mặt,8227000,0,Thành công,CN Thanh Xuân,101025870
GD202604006368,2026-04-25 14:19:22,KH000065,POS,Thanh toán thẻ,385000,0,Thành công,CN Cần Thơ,9582699
GD202604008846,2026-04-25 14:19:58,KH000092,QR Code,Thanh toán thẻ,4474000,0,Thành công,CN Cầu Giấy,10894050
GD202604016259,2026-04-25 15:07:45,KH000176,POS,Thanh toán thẻ,694000,0,Thành công,CN Cầu Giấy,31351433
GD202604014435,2026-04-25 15:46:22,KH000153,Mobile Banking,Thanh toán thẻ,219000,0,Thành công,CN Hoàn Kiếm,1808241
GD202604013170,2026-04-25 15:57:02,KH000136,Internet Banking,Nạp tiền điện thoại,6894000,0,Thành công,CN Bình Dương,95206521
GD202604017707,2026-04-25 16:07:29,KH000187,Mobile Banking,Thanh toán thẻ,1159000,0,Thành công,CN Đà Nẵng,12071962
GD202604014436,2026-04-25 16:32:49,KH000153,Internet Banking,Thanh toán thẻ,112000,0,Thành công,CN Đà Nẵng,1696241
GD202604013849,2026-04-25 17:30:23,KH000145,POS,Thanh toán thẻ,299000,3300,Thành công,CN Đà Nẵng,45813012
GD202604006369,2026-04-25 18:12:33,KH000065,Internet Banking,Chuyển khoản đi,177000,0,Thành công,CN Hoàn Kiếm,9405699
GD202604000115,2026-04-25 18:45:15,KH000004,Mobile Banking,Nộp tiền mặt,10828000,0,Thành công,CN Hoàn Kiếm,135379381
GD202604015120,2026-04-25 19:26:37,KH000162,Mobile Banking,Nạp tiền điện thoại,147000,0,Thành công,CN Hải Phòng,260903
GD202604011189,2026-04-25 19:29:48,KH000118,POS,Chuyển khoản đến,6554000,3300,Thành công,CN Đà Nẵng,27652974
GD202604002138,2026-04-25 19:56:09,KH000020,QR Code,Chuyển khoản đi,2521000,0,Thành công,CN Hoàn Kiếm,8428906
GD202604001862,2026-04-25 20:18:44,KH000019,QR Code,Thanh toán thẻ,688000,0,Thành công,CN TP Hồ Chí Minh,47282276
GD202604007644,2026-04-25 20:19:44,KH000079,POS,Rút tiền mặt,169000,1100,Thành công,CN Thanh Xuân,2369750
GD202604011780,2026-04-25 20:37:38,KH000125,QR Code,Nạp tiền điện thoại,152000,0,Thành công,CN Quận 1,58936
GD202604012891,2026-04-25 21:10:41,KH000132,Internet Banking,Nộp tiền mặt,1564000,0,Thành công,CN TP Hồ Chí Minh,12292966
GD202604016125,2026-04-25 21:28:32,KH000174,Internet Banking,Nạp tiền điện thoại,2170000,0,Thành công,CN Đà Nẵng,59364555
GD202604018102,2026-04-25 21:28:46,KH000191,POS,Thanh toán thẻ,1358000,5500,Thành công,CN Hải Phòng,4517249
GD202604004671,2026-04-25 22:50:36,KH000050,POS,Chuyển khoản đến,2211000,5500,Thành công,CN Hoàn Kiếm,12934129
GD202604015761,2026-04-25 22:52:56,KH000171,Quầy giao dịch,Chuyển khoản đi,256000,1100,Thành công,CN TP Hồ Chí Minh,1283651
GD202604000387,2026-04-26 06:52:27,KH000008,POS,Thanh toán thẻ,4582000,1100,Thành công,CN Cầu Giấy,23931775
GD202604012280,2026-04-26 07:09:52,KH000128,Internet Banking,Rút tiền mặt,383000,0,Thành công,CN Cần Thơ,34321171
GD202604004673,2026-04-26 07:28:16,KH000050,POS,Thanh toán thẻ,2773000,1100,Thành công,CN Hoàn Kiếm,7296029
GD202604010043,2026-04-26 07:32:33,KH000104,QR Code,Thanh toán thẻ,370000,0,Thành công,CN Cầu Giấy,21284019
GD202604011781,2026-04-26 07:39:52,KH000125,Internet Banking,Nộp tiền mặt,64000,0,Thành công,CN Hoàn Kiếm,122936
GD202604012631,2026-04-26 07:46:06,KH000131,ATM,Nộp tiền mặt,152000,3300,Thành công,CN TP Hồ Chí Minh,1024680
GD202604018571,2026-04-26 07:50:59,KH000196,ATM,Chuyển khoản đến,259000,1100,Thành công,CN Hải Phòng,43563755
GD202604007645,2026-04-26 07:54:00,KH000079,Quầy giao dịch,Chuyển khoản đến,225000,1100,Thành công,CN TP Hồ Chí Minh,2594750
GD202604001130,2026-04-26 07:55:02,KH000014,Internet Banking,Nộp tiền mặt,1662000,0,Thành công,CN Thanh Xuân,12229527
GD202604004192,2026-04-26 07:56:55,KH000042,QR Code,Thanh toán thẻ,1931000,0,Thành công,CN Cầu Giấy,35529623
GD202604004040,2026-04-26 08:12:44,KH000040,POS,Thanh toán thẻ,1553000,5500,Thành công,CN Hải Phòng,51164798
GD202604008251,2026-04-26 08:44:47,KH000084,QR Code,Rút tiền mặt,2653000,0,Thành công,CN Hải Phòng,10973967
GD202604009516,2026-04-26 09:22:24,KH000097,Internet Banking,Chuyển khoản đến,954000,0,Thành công,CN Cần Thơ,15114849
GD202604004672,2026-04-26 09:25:16,KH000050,QR Code,Thanh toán hóa đơn,2864000,0,Thành công,CN Thanh Xuân,10070129
GD202604016954,2026-04-26 09:29:30,KH000182,POS,Thanh toán thẻ,1184000,1100,Thành công,CN Hải Phòng,3672892
GD202604002657,2026-04-26 09:38:40,KH000025,Internet Banking,Nộp tiền mặt,151000,0,Thành công,CN Thanh Xuân,251631
GD202604008253,2026-04-26 09:53:12,KH000084,Mobile Banking,Thanh toán thẻ,292000,0,Thành công,CN Thanh Xuân,8870467
GD202604005835,2026-04-26 11:25:36,KH000061,ATM,Rút tiền mặt,791000,3300,Thành công,CN Hải Phòng,32464283
GD202604002863,2026-04-26 12:38:18,KH000026,Mobile Banking,Nộp tiền mặt,50000,0,Thành công,CN Cần Thơ,983622
GD202604011688,2026-04-26 12:59:55,KH000124,Internet Banking,Nộp tiền mặt,656000,0,Thành công,CN TP Hồ Chí Minh,15346638
GD202604001863,2026-04-26 13:29:28,KH000019,POS,Thanh toán thẻ,1779000,3300,Thành công,CN Quận 1,45499976
GD202604011190,2026-04-26 14:12:25,KH000118,ATM,Rút tiền mặt,6642000,5500,Thành công,CN Hải Phòng,21005474
GD202604017261,2026-04-26 14:53:52,KH000183,Quầy giao dịch,Nộp tiền mặt,334000,0,Thành công,CN Cần Thơ,6501589
GD202604016638,2026-04-26 15:03:40,KH000180,QR Code,Rút tiền mặt,595000,0,Thành công,CN Bình Dương,40800057
GD202604016955,2026-04-26 15:18:53,KH000182,QR Code,Thanh toán hóa đơn,371000,0,Thành công,CN Cần Thơ,3301892
GD202604010044,2026-04-26 15:39:30,KH000104,Mobile Banking,Chuyển khoản đến,2228000,0,Thành công,CN Cầu Giấy,23512019
GD202604013598,2026-04-26 17:35:48,KH000142,Mobile Banking,Chuyển khoản đến,37128000,0,Thành công,CN Cầu Giấy,172110912
GD202604016260,2026-04-26 17:43:38,KH000176,Internet Banking,Thanh toán hóa đơn,820000,0,Thành công,CN Quận 1,30531433
GD202604010574,2026-04-26 18:05:11,KH000111,Internet Banking,Rút tiền mặt,27446000,0,Thành công,CN Cần Thơ,152873766
GD202604009078,2026-04-26 19:52:56,KH000094,Internet Banking,Thanh toán hóa đơn,1701000,0,Thành công,CN Đà Nẵng,69857096
GD202604018416,2026-04-26 20:04:03,KH000195,Internet Banking,Nạp tiền điện thoại,2340000,0,Thành công,CN Quận 1,8588017
GD202604008783,2026-04-26 20:21:49,KH000091,POS,Thanh toán hóa đơn,4862000,3300,Thành công,CN Hoàn Kiếm,129939828
GD202604000319,2026-04-26 20:22:05,KH000007,Quầy giao dịch,Nạp tiền điện thoại,7004000,5500,Thành công,CN Đà Nẵng,15884347
GD202604014876,2026-04-26 20:34:21,KH000158,Internet Banking,Nạp tiền điện thoại,1568000,0,Thành công,CN Cần Thơ,66086335
GD202604017262,2026-04-26 20:46:55,KH000183,Mobile Banking,Nộp tiền mặt,1234000,0,Thành công,CN Quận 1,7735589
GD202604009342,2026-04-26 21:22:59,KH000096,POS,Thanh toán hóa đơn,1176000,3300,Thành công,CN TP Hồ Chí Minh,11952571
GD202604004144,2026-04-26 21:41:07,KH000041,POS,Thanh toán thẻ,8184000,5500,Thành công,CN Thanh Xuân,124185851
GD202604002656,2026-04-26 21:59:30,KH000025,QR Code,Thanh toán thẻ,71000,0,Thành công,CN Quận 1,100631
GD202604006153,2026-04-26 22:03:22,KH000063,Mobile Banking,Thanh toán thẻ,684000,0,Thất bại,CN Thanh Xuân,48922171
GD202604017536,2026-04-26 22:11:00,KH000185,POS,Rút tiền mặt,7349000,0,Thành công,CN Hoàn Kiếm,40213020
GD202604008252,2026-04-26 22:17:14,KH000084,POS,Thanh toán thẻ,1806000,5500,Thành công,CN Bình Dương,9162467
GD202604010340,2026-04-26 22:44:13,KH000108,Quầy giao dịch,Chuyển khoản đi,123000,1100,Thất bại,CN Cần Thơ,48908091
GD202604010341,2026-04-26 22:46:25,KH000108,POS,Thanh toán hóa đơn,228000,0,Thành công,CN Quận 1,48680091
GD202604000021,2026-04-26 22:52:36,KH000001,ATM,Chuyển khoản đi,27521000,0,Thành công,CN Đà Nẵng,67488835
GD202604006783,2026-04-26 22:56:45,KH000071,QR Code,Chuyển khoản đi,6626000,0,Thành công,CN Hải Phòng,35266838
GD202604005837,2026-04-27 06:16:02,KH000061,Internet Banking,Thanh toán thẻ,764000,0,Thành công,CN Cầu Giấy,32143283
GD202604016056,2026-04-27 06:19:59,KH000173,QR Code,Chuyển khoản đi,529000,0,Thành công,CN Hải Phòng,6743368
GD202604005410,2026-04-27 06:25:09,KH000057,POS,Thanh toán thẻ,13300000,3300,Thành công,CN Hoàn Kiếm,33637288
GD202604007646,2026-04-27 06:36:51,KH000079,QR Code,Thanh toán thẻ,106000,0,Thành công,CN Cầu Giấy,2488750
GD202604016957,2026-04-27 07:00:42,KH000182,Mobile Banking,Thanh toán hóa đơn,303000,0,Thành công,CN Thanh Xuân,2657792
GD202604005592,2026-04-27 07:11:01,KH000059,Internet Banking,Thanh toán thẻ,16381000,0,Thành công,CN Đà Nẵng,36594667
GD202604004527,2026-04-27 07:18:31,KH000046,Internet Banking,Thanh toán thẻ,4465000,0,Thành công,CN Bình Dương,72699253
GD202604000388,2026-04-27 07:34:20,KH000008,POS,Thanh toán thẻ,8209000,0,Thành công,CN Cần Thơ,15722775
GD202604008566,2026-04-27 07:41:19,KH000087,POS,Thanh toán hóa đơn,116000,1100,Thất bại,CN Đà Nẵng,177026
GD202604002658,2026-04-27 07:50:36,KH000025,Internet Banking,Chuyển khoản đến,83000,0,Thành công,CN Hoàn Kiếm,334631
GD202604000623,2026-04-27 08:19:04,KH000010,POS,Thanh toán thẻ,76000,5500,Thành công,CN Đà Nẵng,4569259
GD202604015910,2026-04-27 08:30:26,KH000172,Internet Banking,Thanh toán thẻ,1281000,0,Thành công,CN Cầu Giấy,2796301
GD202604007976,2026-04-27 08:31:17,KH000082,QR Code,Nạp tiền điện thoại,705000,0,Thành công,CN Đà Nẵng,39241096
GD202604001132,2026-04-27 08:36:28,KH000014,Mobile Banking,Nộp tiền mặt,1896000,0,Thành công,CN Bình Dương,10894527
GD202604006370,2026-04-27 08:42:56,KH000065,Internet Banking,Chuyển khoản đi,618000,0,Thành công,CN Bình Dương,8787699
GD202604013282,2026-04-27 08:52:23,KH000137,POS,Thanh toán thẻ,5845000,3300,Thất bại,CN Cần Thơ,17300096
GD202604016458,2026-04-27 09:42:37,KH000177,Internet Banking,Thanh toán hóa đơn,8114000,0,Thành công,CN Hoàn Kiếm,46973596
GD202604004877,2026-04-27 10:26:09,KH000052,ATM,Thanh toán hóa đơn,190000,0,Thành công,CN Bình Dương,276206
GD202604008683,2026-04-27 10:31:03,KH000088,POS,Thanh toán thẻ,1631000,3300,Thành công,CN Hải Phòng,5900553
GD202604005836,2026-04-27 10:33:12,KH000061,Internet Banking,Nộp tiền mặt,443000,0,Thành công,CN Quận 1,32907283
GD202604008848,2026-04-27 10:41:27,KH000092,Internet Banking,Thanh toán thẻ,1202000,0,Thành công,CN Quận 1,7553050
GD202604003308,2026-04-27 10:58:03,KH000031,Quầy giao dịch,Nạp tiền điện thoại,253000,0,Thành công,CN Thanh Xuân,750603
GD202604015909,2026-04-27 11:49:25,KH000172,QR Code,Rút tiền mặt,834000,0,Thành công,CN TP Hồ Chí Minh,4077301
GD202604010342,2026-04-27 12:02:45,KH000108,QR Code,Thanh toán thẻ,94000,0,Thành công,CN Bình Dương,48586091
GD202604017263,2026-04-27 12:31:41,KH000183,POS,Thanh toán thẻ,2358000,1100,Thành công,CN TP Hồ Chí Minh,5376489
GD202604004875,2026-04-27 12:34:52,KH000052,Quầy giao dịch,Chuyển khoản đi,53000,1100,Thành công,CN TP Hồ Chí Minh,108706
GD202604000389,2026-04-27 13:16:38,KH000008,Internet Banking,Chuyển khoản đi,609000,0,Thành công,CN Cầu Giấy,15113775
GD202604004193,2026-04-27 13:20:19,KH000042,POS,Thanh toán thẻ,2696000,5500,Thành công,CN Bình Dương,32828123
GD202604012892,2026-04-27 13:41:24,KH000132,QR Code,Thanh toán thẻ,501000,0,Thành công,CN Cầu Giấy,11791966
GD202604001133,2026-04-27 13:44:49,KH000014,POS,Chuyển khoản đến,3317000,1100,Thành công,CN Bình Dương,14211527
GD202604004394,2026-04-27 13:50:12,KH000045,Internet Banking,Thanh toán thẻ,386000,0,Thành công,CN Quận 1,43221665
GD202604004876,2026-04-27 14:24:55,KH000052,QR Code,Thanh toán thẻ,145000,0,Thành công,CN Đà Nẵng,181206
GD202604003419,2026-04-27 14:30:23,KH000032,Internet Banking,Thanh toán hóa đơn,193000,0,Thành công,CN Cầu Giấy,46648750
GD202604010474,2026-04-27 14:53:41,KH000110,Internet Banking,Nạp tiền điện thoại,1817000,0,Thành công,CN Bình Dương,43959025
GD202604003619,2026-04-27 15:27:02,KH000034,POS,Thanh toán thẻ,2007000,3300,Thành công,CN TP Hồ Chí Minh,63262965
GD202604018417,2026-04-27 15:46:39,KH000195,Internet Banking,Rút tiền mặt,2396000,0,Thành công,CN TP Hồ Chí Minh,6192017
GD202604007315,2026-04-27 16:18:33,KH000077,POS,Thanh toán thẻ,1575000,1100,Thành công,CN TP Hồ Chí Minh,3543726
GD202604014152,2026-04-27 16:26:36,KH000150,POS,Thanh toán thẻ,16086000,5500,Thành công,CN Hoàn Kiếm,33661178
GD202604012070,2026-04-27 16:33:04,KH000127,POS,Thanh toán thẻ,121000,0,Thành công,CN Đà Nẵng,2519577
GD202604018104,2026-04-27 16:38:21,KH000191,QR Code,Nộp tiền mặt,1271000,0,Thành công,CN Cầu Giấy,5788249
GD202604015762,2026-04-27 16:42:02,KH000171,Mobile Banking,Chuyển khoản đi,144000,0,Thành công,CN Thanh Xuân,1139651
GD202604014038,2026-04-27 17:24:29,KH000148,QR Code,Thanh toán hóa đơn,233000,0,Thành công,CN TP Hồ Chí Minh,44874520
GD202604000624,2026-04-27 17:29:25,KH000010,Mobile Banking,Nộp tiền mặt,291000,0,Thành công,CN Cần Thơ,4860259
GD202604009270,2026-04-27 17:39:48,KH000095,Internet Banking,Thanh toán hóa đơn,613000,0,Thành công,CN TP Hồ Chí Minh,22659380
GD202604003618,2026-04-27 17:43:27,KH000034,QR Code,Thanh toán thẻ,1247000,0,Thành công,CN Hải Phòng,65273265
GD202604001131,2026-04-27 17:51:42,KH000014,Mobile Banking,Thanh toán thẻ,3231000,0,Thành công,CN Đà Nẵng,8998527
GD202604008849,2026-04-27 18:20:20,KH000092,QR Code,Nạp tiền điện thoại,2513000,0,Thành công,CN Cần Thơ,5040050
GD202604012281,2026-04-27 18:23:25,KH000128,Internet Banking,Chuyển khoản đến,105000,0,Thành công,CN Thanh Xuân,34426171
GD202604013599,2026-04-27 18:36:52,KH000142,Mobile Banking,Chuyển khoản đi,11798000,0,Thành công,CN Hải Phòng,160312912
GD202604000796,2026-04-27 18:48:35,KH000011,Mobile Banking,Thanh toán thẻ,4052000,0,Thành công,CN Thanh Xuân,79476305
GD202604009517,2026-04-27 18:50:47,KH000097,POS,Thanh toán thẻ,92000,3300,Thành công,CN TP Hồ Chí Minh,15019549
GD202604016262,2026-04-27 18:51:24,KH000176,Mobile Banking,Thanh toán thẻ,655000,0,Thành công,CN Thanh Xuân,29674433
GD202604009079,2026-04-27 18:59:15,KH000094,Mobile Banking,Rút tiền mặt,1281000,0,Thành công,CN Bình Dương,68576096
GD202604000022,2026-04-27 19:18:25,KH000001,POS,Rút tiền mặt,3066000,5500,Thành công,CN Quận 1,64417335
GD202604010343,2026-04-27 19:30:45,KH000108,Mobile Banking,Nạp tiền điện thoại,134000,0,Thành công,CN Thanh Xuân,48452091
GD202604000390,2026-04-27 19:31:43,KH000008,Mobile Banking,Chuyển khoản đến,2463000,0,Thành công,CN Đà Nẵng,17576775
GD202604007977,2026-04-27 19:51:01,KH000082,POS,Thanh toán thẻ,2420000,5500,Thành công,CN Cầu Giấy,36815596
GD202604000894,2026-04-27 20:06:25,KH000012,QR Code,Chuyển khoản đến,1907000,0,Thành công,CN TP Hồ Chí Minh,65001866
GD202604005288,2026-04-27 20:13:03,KH000056,Internet Banking,Chuyển khoản đi,2073000,0,Thành công,CN Cần Thơ,79488802
GD202604007524,2026-04-27 20:25:47,KH000078,ATM,Nộp tiền mặt,881000,1100,Thành công,CN Hoàn Kiếm,76274886
GD202604004393,2026-04-27 20:37:11,KH000045,POS,Thanh toán thẻ,878000,3300,Thành công,CN Đà Nẵng,43607665
GD202604010575,2026-04-27 20:40:43,KH000111,Internet Banking,Rút tiền mặt,8169000,0,Thành công,CN TP Hồ Chí Minh,144704766
GD202604016261,2026-04-27 21:19:41,KH000176,QR Code,Rút tiền mặt,202000,0,Thành công,CN Hoàn Kiếm,30329433
GD202604015908,2026-04-27 21:37:20,KH000172,POS,Thanh toán thẻ,867000,1100,Thành công,CN Thanh Xuân,4911301
GD202604012282,2026-04-27 22:01:35,KH000128,QR Code,Rút tiền mặt,508000,0,Thành công,CN TP Hồ Chí Minh,33918171
GD202604002139,2026-04-27 22:15:23,KH000020,POS,Thanh toán thẻ,1830000,3300,Thành công,CN Bình Dương,6595606
GD202604016956,2026-04-27 22:21:55,KH000182,POS,Thanh toán thẻ,340000,1100,Thành công,CN TP Hồ Chí Minh,2960792
GD202604008847,2026-04-27 22:34:37,KH000092,QR Code,Nạp tiền điện thoại,2139000,0,Thành công,CN TP Hồ Chí Minh,8755050
GD202604009343,2026-04-27 22:49:25,KH000096,Mobile Banking,Chuyển khoản đến,1871000,0,Thành công,CN Bình Dương,13823571
GD202604018617,2026-04-28 06:10:45,KH000197,Quầy giao dịch,Thanh toán hóa đơn,14700000,0,Thất bại,CN Bình Dương,101025870
GD202604012632,2026-04-28 06:13:25,KH000131,POS,Thanh toán thẻ,175000,5500,Thành công,CN TP Hồ Chí Minh,844180
GD202604005411,2026-04-28 06:36:27,KH000057,Quầy giao dịch,Nộp tiền mặt,3566000,1100,Thành công,CN Cầu Giấy,37203288
GD202604002140,2026-04-28 06:40:06,KH000020,Internet Banking,Rút tiền mặt,2064000,0,Thành công,CN Cầu Giấy,4531606
GD202604017264,2026-04-28 07:00:58,KH000183,Internet Banking,Thanh toán thẻ,306000,0,Thành công,CN TP Hồ Chí Minh,5070489
GD202604006993,2026-04-28 07:23:30,KH000074,POS,Thanh toán thẻ,594000,1100,Thành công,CN Cầu Giấy,28118432
GD202604015763,2026-04-28 07:34:21,KH000171,Internet Banking,Thanh toán thẻ,131000,0,Thành công,CN TP Hồ Chí Minh,1008651
GD202604004878,2026-04-28 07:51:26,KH000052,QR Code,Thanh toán thẻ,155000,0,Thành công,CN Quận 1,121206
GD202604012396,2026-04-28 09:10:35,KH000129,POS,Thanh toán thẻ,120000,0,Thành công,CN Hải Phòng,222148
GD202604005593,2026-04-28 09:19:25,KH000059,Mobile Banking,Thanh toán hóa đơn,9975000,0,Thành công,CN Đà Nẵng,26619667
GD202604007647,2026-04-28 10:11:34,KH000079,Internet Banking,Rút tiền mặt,142000,0,Thành công,CN Hoàn Kiếm,2346750
GD202604017893,2026-04-28 10:18:27,KH000189,POS,Chuyển khoản đến,5632000,3300,Thành công,CN Hoàn Kiếm,304419664
GD202604002311,2026-04-28 10:45:22,KH000021,POS,Thanh toán thẻ,238000,1100,Thành công,CN Hải Phòng,39813410
GD202604009344,2026-04-28 10:45:45,KH000096,Quầy giao dịch,Nộp tiền mặt,4659000,3300,Thành công,CN Hải Phòng,18482571
GD202604000895,2026-04-28 11:20:39,KH000012,ATM,Nạp tiền điện thoại,155000,1100,Thành công,CN Hải Phòng,64845766
GD202604002435,2026-04-28 11:49:20,KH000023,POS,Thanh toán thẻ,9202000,0,Thành công,CN Quận 1,17131364
GD202604008730,2026-04-28 13:11:37,KH000090,POS,Nộp tiền mặt,60096000,1100,Thành công,CN Đà Nẵng,325842696
GD202604010475,2026-04-28 13:27:21,KH000110,POS,Nạp tiền điện thoại,1142000,5500,Thành công,CN Bình Dương,42811525
GD202604018618,2026-04-28 13:38:40,KH000197,ATM,Chuyển khoản đến,10554000,3300,Thất bại,CN Bình Dương,101025870
GD202604015122,2026-04-28 14:03:23,KH000162,Mobile Banking,Nộp tiền mặt,102000,0,Thành công,CN Hải Phòng,516903
GD202604006992,2026-04-28 14:07:28,KH000074,Internet Banking,Thanh toán thẻ,1792000,0,Thành công,CN Đà Nẵng,28713532
GD202604002911,2026-04-28 14:22:22,KH000027,POS,Rút tiền mặt,7229000,0,Thành công,CN TP Hồ Chí Minh,22993806
GD202604014877,2026-04-28 14:50:32,KH000158,QR Code,Thanh toán thẻ,8487000,0,Thành công,CN Hải Phòng,57599335
GD202604011066,2026-04-28 16:07:00,KH000117,ATM,Nộp tiền mặt,552000,0,Thành công,CN Cần Thơ,52761203
GD202604007218,2026-04-28 16:25:48,KH000076,QR Code,Thanh toán thẻ,877000,0,Thành công,CN Cần Thơ,4689341
GD202604016571,2026-04-28 17:08:07,KH000179,ATM,Chuyển khoản đến,21916000,0,Thành công,CN Cần Thơ,166900167
GD202604008254,2026-04-28 17:25:10,KH000084,QR Code,Thanh toán thẻ,2790000,0,Thất bại,CN Hoàn Kiếm,8870467
GD202604014437,2026-04-28 17:49:24,KH000153,Internet Banking,Chuyển khoản đi,50000,0,Thành công,CN Bình Dương,1646241
GD202604010045,2026-04-28 17:58:19,KH000104,POS,Thanh toán thẻ,1900000,5500,Thành công,CN Thanh Xuân,21606519
GD202604009727,2026-04-28 18:09:21,KH000099,Mobile Banking,Rút tiền mặt,2259000,0,Thành công,CN TP Hồ Chí Minh,35472269
GD202604002660,2026-04-28 18:19:42,KH000025,POS,Thanh toán thẻ,142000,5500,Thành công,CN Cầu Giấy,72131
GD202604008851,2026-04-28 18:22:16,KH000092,POS,Thanh toán thẻ,1928000,3300,Thành công,CN Hoàn Kiếm,3581750
GD202604009851,2026-04-28 18:50:46,KH000101,ATM,Rút tiền mặt,11337000,3300,Thành công,CN Thanh Xuân,90947153
GD202604000797,2026-04-28 19:22:08,KH000011,Mobile Banking,Rút tiền mặt,1399000,0,Thành công,CN Hoàn Kiếm,78077305
GD202604002659,2026-04-28 19:40:01,KH000025,Internet Banking,Rút tiền mặt,115000,0,Thành công,CN Cầu Giấy,219631
GD202604001134,2026-04-28 19:45:24,KH000014,Internet Banking,Chuyển khoản đi,4405000,0,Thành công,CN TP Hồ Chí Minh,9806527
GD202604012452,2026-04-28 19:47:24,KH000130,Internet Banking,Thanh toán thẻ,1232000,0,Thành công,CN Thanh Xuân,36311822
GD202604001135,2026-04-28 19:51:43,KH000014,Mobile Banking,Chuyển khoản đi,198000,0,Thành công,CN Hoàn Kiếm,9608527
GD202604016958,2026-04-28 19:52:01,KH000182,Mobile Banking,Thanh toán thẻ,784000,0,Thành công,CN TP Hồ Chí Minh,1873792
GD202604001480,2026-04-28 19:52:53,KH000016,POS,Thanh toán thẻ,129000,3300,Thành công,CN Hải Phòng,614807
GD202604008850,2026-04-28 20:18:54,KH000092,POS,Nộp tiền mặt,473000,3300,Thành công,CN Hải Phòng,5513050
GD202604011352,2026-04-28 20:37:02,KH000119,Internet Banking,Thanh toán thẻ,52000,0,Thành công,CN Cần Thơ,29050179
GD202604013971,2026-04-28 21:47:00,KH000147,Quầy giao dịch,Chuyển khoản đi,1398000,3300,Thành công,CN Bình Dương,120411117
GD202604009271,2026-04-28 21:48:31,KH000095,POS,Thanh toán thẻ,7192000,5500,Thành công,CN Cầu Giấy,15461880
GD202604015911,2026-04-28 21:51:35,KH000172,Mobile Banking,Chuyển khoản đến,886000,0,Thành công,CN Quận 1,3682301
GD202604002910,2026-04-28 22:31:06,KH000027,QR Code,Thanh toán thẻ,9442000,0,Thành công,CN Cầu Giấy,30222806
