ma_giao_dich,ngay_gio,ma_kh,kenh,loai_giao_dich,so_tien,phi,trang_thai,chi_nhanh,so_du_sau_giao_dich
GD202609003119,2026-09-01 06:11:08,KH000028,POS,Thanh toán thẻ,269000,3300,Thành công,CN Đà Nẵng,45653591
GD202609001563,2026-09-01 06:24:51,KH000016,QR Code,Thanh toán thẻ,104000,0,Thành công,CN Hoàn Kiếm,104007
GD202609012496,2026-09-01 07:00:39,KH000130,Mobile Banking,Chuyển khoản đến,4713000,0,Thành công,CN Đà Nẵng,33238159
GD202609003342,2026-09-01 08:21:32,KH000031,Quầy giao dịch,Chuyển khoản đi,172000,5500,Thành công,CN Quận 1,370003
GD202609007412,2026-09-01 09:18:56,KH000077,QR Code,Thanh toán thẻ,106000,0,Thành công,CN Bình Dương,407214
GD202609014521,2026-09-01 09:33:13,KH000153,Internet Banking,Chuyển khoản đến,78000,0,Thành công,CN Hoàn Kiếm,715641
GD202609011432,2026-09-01 09:39:33,KH000119,POS,Thanh toán thẻ,170000,3300,Thành công,CN TP Hồ Chí Minh,57543620
GD202609007738,2026-09-01 09:48:26,KH000079,Mobile Banking,Thanh toán thẻ,3611000,0,Thành công,CN TP Hồ Chí Minh,13014364
GD202609001229,2026-09-01 10:37:56,KH000014,QR Code,Nạp tiền điện thoại,622000,0,Thành công,CN Đà Nẵng,28534341
GD202609002212,2026-09-01 11:10:23,KH000020,POS,Chuyển khoản đến,13918000,3300,Thành công,CN Hải Phòng,122514671
GD202609015195,2026-09-01 11:20:59,KH000162,Mobile Banking,Nạp tiền điện thoại,122000,0,Thành công,CN Cầu Giấy,91803
GD202609000694,2026-09-01 11:41:26,KH000010,POS,Nạp tiền điện thoại,93000,1100,Thành công,CN TP Hồ Chí Minh,6262164
GD202609002550,2026-09-01 12:10:45,KH000024,ATM,Chuyển khoản đến,1186000,3300,Thành công,CN Hoàn Kiếm,103812558
GD202609011431,2026-09-01 12:19:55,KH000119,QR Code,Chuyển khoản đến,194000,0,Thành công,CN Bình Dương,57716920
GD202609004076,2026-09-01 12:37:07,KH000040,POS,Nộp tiền mặt,3069000,3300,Thành công,CN Đà Nẵng,34669528
GD202609000202,2026-09-01 13:35:16,KH000005,Quầy giao dịch,Nạp tiền điện thoại,132000,1100,Thành công,CN Hoàn Kiếm,160430
GD202609002954,2026-09-01 13:39:50,KH000027,Internet Banking,Thanh toán hóa đơn,2730000,0,Thành công,CN Bình Dương,10250212
GD202609002745,2026-09-01 13:45:05,KH000025,Quầy giao dịch,Chuyển khoản đến,135000,1100,Thành công,CN Đà Nẵng,488331
GD202609003918,2026-09-01 13:50:13,KH000038,POS,Nộp tiền mặt,3894000,3300,Thành công,CN Hải Phòng,92106091
GD202609000449,2026-09-01 14:01:31,KH000008,Internet Banking,Chuyển khoản đến,5915000,0,Thành công,CN Cầu Giấy,34994888
GD202609016689,2026-09-01 14:28:29,KH000180,Mobile Banking,Nạp tiền điện thoại,2732000,0,Thành công,CN Hải Phòng,69900104
GD202609001562,2026-09-01 14:32:23,KH000016,Mobile Banking,Thanh toán thẻ,79000,0,Thành công,CN Hải Phòng,208007
GD202609001972,2026-09-01 14:45:24,KH000019,QR Code,Thanh toán hóa đơn,847000,0,Thành công,CN Hoàn Kiếm,5115305
GD202609012727,2026-09-01 16:06:53,KH000131,Internet Banking,Thanh toán thẻ,151000,0,Thành công,CN Thanh Xuân,111880
GD202609016171,2026-09-01 16:59:38,KH000175,POS,Thanh toán thẻ,7421000,0,Thành công,CN Quận 1,23739739
GD202609003780,2026-09-01 17:09:29,KH000035,Mobile Banking,Chuyển khoản đến,109000,0,Thành công,CN Cần Thơ,2935455
GD202609000693,2026-09-01 17:17:38,KH000010,Mobile Banking,Nộp tiền mặt,841000,0,Thành công,CN Hải Phòng,6356264
GD202609000692,2026-09-01 17:30:06,KH000010,Internet Banking,Chuyển khoản đi,141000,0,Thành công,CN Hải Phòng,5515264
GD202609015973,2026-09-01 17:42:38,KH000172,Quầy giao dịch,Chuyển khoản đến,168000,1100,Thành công,CN Hoàn Kiếm,4203733
GD202609004234,2026-09-01 17:44:22,KH000042,POS,Thanh toán thẻ,1680000,5500,Thành công,CN Hải Phòng,38616714
GD202609002475,2026-09-01 17:45:16,KH000023,QR Code,Thanh toán thẻ,4744000,0,Thành công,CN Cần Thơ,19931911
GD202609017934,2026-09-01 17:45:42,KH000189,Mobile Banking,Thanh toán thẻ,26746000,0,Thành công,CN Hoàn Kiếm,101970194
GD202609004561,2026-09-01 18:32:20,KH000047,POS,Chuyển khoản đến,4079000,1100,Thành công,CN TP Hồ Chí Minh,127744750
GD202609003118,2026-09-01 19:03:26,KH000028,Internet Banking,Nộp tiền mặt,481000,0,Thành công,CN Hải Phòng,45925891
GD202609005329,2026-09-01 20:08:21,KH000056,ATM,Thanh toán hóa đơn,2206000,0,Thành công,CN Thanh Xuân,90584816
GD202609010113,2026-09-01 20:22:39,KH000104,Mobile Banking,Chuyển khoản đi,201000,0,Thành công,CN Hải Phòng,8181902
GD202609005945,2026-09-01 20:56:14,KH000061,ATM,Rút tiền mặt,2331000,3300,Thành công,CN Bình Dương,10725860
GD202609011233,2026-09-01 21:00:01,KH000118,ATM,Rút tiền mặt,1936000,1100,Thành công,CN Hoàn Kiếm,5199669
GD202609006585,2026-09-01 21:26:52,KH000066,Mobile Banking,Nộp tiền mặt,1240000,0,Thành công,CN Đà Nẵng,152082591
GD202609001228,2026-09-01 21:29:57,KH000014,Mobile Banking,Thanh toán thẻ,2929000,0,Thành công,CN Cần Thơ,29156341
GD202609004451,2026-09-01 21:30:20,KH000045,QR Code,Nạp tiền điện thoại,2038000,0,Thành công,CN Thanh Xuân,48489876
GD202609008031,2026-09-01 21:44:27,KH000082,POS,Thanh toán thẻ,4115000,1100,Thành công,CN Đà Nẵng,20476922
GD202609012497,2026-09-02 06:07:12,KH000130,QR Code,Nộp tiền mặt,1228000,0,Thành công,CN Hải Phòng,34466159
GD202609014905,2026-09-02 06:17:53,KH000158,QR Code,Chuyển khoản đi,438000,0,Thành công,CN Cầu Giấy,62615944
GD202609010114,2026-09-02 06:22:41,KH000104,Mobile Banking,Thanh toán thẻ,2592000,0,Thành công,CN Quận 1,5589902
GD202609012973,2026-09-02 06:23:46,KH000132,QR Code,Nộp tiền mặt,471000,0,Thành công,CN Hoàn Kiếm,3730478
GD202609017053,2026-09-02 06:31:16,KH000182,QR Code,Thanh toán thẻ,1077000,0,Thành công,CN Hải Phòng,3392427
GD202609003690,2026-09-02 06:40:55,KH000034,QR Code,Thanh toán thẻ,2192000,0,Thành công,CN Thanh Xuân,58699955
GD202609007074,2026-09-02 07:01:31,KH000074,Mobile Banking,Chuyển khoản đến,1487000,0,Thành công,CN Quận 1,28049254
GD202609002213,2026-09-02 07:19:37,KH000020,QR Code,Thanh toán thẻ,31565000,0,Thành công,CN Bình Dương,90949671
GD202609013399,2026-09-02 08:09:44,KH000138,ATM,Rút tiền mặt,2576000,0,Thành công,CN Bình Dương,7209856
GD202609006808,2026-09-02 08:11:50,KH000071,POS,Thanh toán thẻ,1030000,5500,Thành công,CN Cần Thơ,2315038
GD202609015808,2026-09-02 08:18:33,KH000171,QR Code,Nạp tiền điện thoại,118000,0,Thành công,CN Hải Phòng,190251
GD202609002747,2026-09-02 08:26:57,KH000025,QR Code,Thanh toán hóa đơn,62000,0,Thành công,CN Cần Thơ,605331
GD202609016822,2026-09-02 08:29:44,KH000181,Internet Banking,Nộp tiền mặt,87000,0,Thành công,CN Bình Dương,358320
GD202609000519,2026-09-02 08:48:41,KH000009,QR Code,Nộp tiền mặt,4970000,0,Thành công,CN Thanh Xuân,41642242
GD202609015429,2026-09-02 08:54:48,KH000165,POS,Thanh toán hóa đơn,2150000,3300,Thành công,CN Cần Thơ,8853747
GD202609010741,2026-09-02 09:22:57,KH000113,Internet Banking,Nộp tiền mặt,3033000,0,Thành công,CN Thanh Xuân,15988989
GD202609013991,2026-09-02 09:38:45,KH000147,Quầy giao dịch,Chuyển khoản đi,4652000,0,Thành công,CN Bình Dương,127707071
GD202609004077,2026-09-02 09:47:23,KH000040,Quầy giao dịch,Nạp tiền điện thoại,231000,0,Thành công,CN TP Hồ Chí Minh,34438528
GD202609002361,2026-09-02 10:42:02,KH000022,ATM,Chuyển khoản đi,1241000,0,Thành công,CN Bình Dương,46524792
GD202609014240,2026-09-02 10:46:29,KH000151,Internet Banking,Nộp tiền mặt,126000,0,Thành công,CN Hải Phòng,596516
GD202609006450,2026-09-02 10:51:52,KH000065,QR Code,Chuyển khoản đến,2852000,0,Thành công,CN Hoàn Kiếm,21101480
GD202609015483,2026-09-02 11:05:13,KH000166,POS,Thanh toán thẻ,185000,0,Thành công,CN Hải Phòng,197584994
GD202609010740,2026-09-02 11:09:46,KH000113,POS,Thanh toán thẻ,905000,1100,Thành công,CN Đà Nẵng,12955989
GD202609016347,2026-09-02 11:29:06,KH000176,QR Code,Chuyển khoản đi,738000,0,Thành công,CN Cầu Giấy,57348271
GD202609008907,2026-09-02 11:49:54,KH000092,Mobile Banking,Nạp tiền điện thoại,3089000,0,Thành công,CN Bình Dương,9221057
GD202609010858,2026-09-02 12:38:03,KH000114,POS,Thanh toán thẻ,640000,3300,Thành công,CN Thanh Xuân,76566850
GD202609010115,2026-09-02 12:45:27,KH000104,Mobile Banking,Nộp tiền mặt,611000,0,Thành công,CN Thanh Xuân,6200902
GD202609013645,2026-09-02 12:49:29,KH000142,Mobile Banking,Rút tiền mặt,15434000,0,Thành công,CN TP Hồ Chí Minh,34802805
GD202609014522,2026-09-02 12:57:24,KH000153,POS,Chuyển khoản đến,178000,1100,Thành công,CN Cầu Giấy,893641
GD202609017052,2026-09-02 13:09:54,KH000182,QR Code,Thanh toán thẻ,769000,0,Thành công,CN Cần Thơ,4469427
GD202609012728,2026-09-02 13:33:29,KH000131,POS,Thanh toán thẻ,70000,0,Thành công,CN Đà Nẵng,146880
GD202609004235,2026-09-02 13:35:02,KH000042,Internet Banking,Thanh toán thẻ,952000,0,Thành công,CN Quận 1,37664714
GD202609000922,2026-09-02 13:56:17,KH000012,Mobile Banking,Thanh toán thẻ,1569000,0,Thành công,CN Quận 1,98233477
GD202609011872,2026-09-02 14:03:38,KH000125,QR Code,Rút tiền mặt,105000,0,Thành công,CN Thanh Xuân,86536
GD202609003120,2026-09-02 14:19:22,KH000028,QR Code,Thanh toán thẻ,2351000,0,Thành công,CN Quận 1,43302591
GD202609006216,2026-09-02 14:27:42,KH000063,Mobile Banking,Chuyển khoản đến,922000,0,Thành công,CN Bình Dương,74565543
GD202609005648,2026-09-02 15:30:57,KH000059,ATM,Nộp tiền mặt,12208000,0,Thành công,CN Hoàn Kiếm,66353362
GD202609000451,2026-09-02 15:31:41,KH000008,QR Code,Thanh toán thẻ,12117000,0,Thất bại,CN TP Hồ Chí Minh,36662888
GD202609012729,2026-09-02 15:37:25,KH000131,Mobile Banking,Chuyển khoản đi,104000,0,Thành công,CN Bình Dương,198880
GD202609013948,2026-09-02 15:52:07,KH000146,QR Code,Chuyển khoản đến,5312000,0,Thành công,CN Quận 1,103291047
GD202609000520,2026-09-02 17:09:15,KH000009,ATM,Chuyển khoản đến,1297000,0,Thành công,CN Hoàn Kiếm,42939242
GD202609002746,2026-09-02 17:38:08,KH000025,QR Code,Chuyển khoản đến,179000,0,Thành công,CN Cầu Giấy,667331
GD202609010376,2026-09-02 17:56:34,KH000108,POS,Thanh toán thẻ,359000,5500,Thành công,CN Quận 1,91567383
GD202609000203,2026-09-02 18:21:51,KH000005,Internet Banking,Thanh toán thẻ,57000,0,Thành công,CN Quận 1,103430
GD202609001973,2026-09-02 19:20:30,KH000019,Internet Banking,Nộp tiền mặt,129000,0,Thành công,CN Hoàn Kiếm,5244305
GD202609018481,2026-09-02 19:37:47,KH000195,Internet Banking,Thanh toán thẻ,192000,0,Thành công,CN Cần Thơ,118917
GD202609009404,2026-09-02 19:51:31,KH000096,QR Code,Rút tiền mặt,6216000,0,Thành công,CN Quận 1,13059167
GD202609000450,2026-09-02 19:54:14,KH000008,Mobile Banking,Chuyển khoản đến,1668000,0,Thành công,CN Thanh Xuân,36662888
GD202609009765,2026-09-02 20:01:54,KH000099,QR Code,Thanh toán thẻ,2461000,0,Thành công,CN Cần Thơ,40323877
GD202609007739,2026-09-02 20:37:57,KH000079,Mobile Banking,Thanh toán thẻ,2625000,0,Thành công,CN Cần Thơ,10389364
GD202609000835,2026-09-02 20:47:28,KH000011,QR Code,Nạp tiền điện thoại,2458000,0,Thành công,CN Hải Phòng,98057684
GD202609015196,2026-09-02 21:32:58,KH000162,Mobile Banking,Thanh toán thẻ,86000,0,Thành công,CN Hải Phòng,134803
GD202609005946,2026-09-02 22:12:25,KH000061,QR Code,Rút tiền mặt,1165000,0,Thành công,CN Hoàn Kiếm,9560860
GD202609013892,2026-09-02 22:34:43,KH000145,ATM,Rút tiền mặt,302000,1100,Thành công,CN Cần Thơ,91158591
GD202609018298,2026-09-02 22:41:59,KH000193,ATM,Nộp tiền mặt,44995000,0,Thành công,CN Cầu Giấy,364476141
GD202609010301,2026-09-02 22:43:33,KH000107,Quầy giao dịch,Nộp tiền mặt,162000,1100,Thành công,CN Bình Dương,80941094
GD202609011433,2026-09-03 06:46:08,KH000119,Mobile Banking,Thanh toán thẻ,104000,0,Thành công,CN TP Hồ Chí Minh,57439620
GD202609002551,2026-09-03 06:57:05,KH000024,Quầy giao dịch,Thanh toán hóa đơn,123000,1100,Thành công,CN Hoàn Kiếm,103688458
GD202609010742,2026-09-03 07:05:14,KH000113,Mobile Banking,Thanh toán thẻ,3752000,0,Thành công,CN Cầu Giấy,12236989
GD202609006451,2026-09-03 07:21:06,KH000065,QR Code,Nạp tiền điện thoại,409000,0,Thành công,CN Hoàn Kiếm,20692480
GD202609017563,2026-09-03 08:02:15,KH000185,POS,Thanh toán thẻ,3739000,1100,Thành công,CN Hải Phòng,34113670
GD202609003919,2026-09-03 08:04:56,KH000038,Mobile Banking,Thanh toán thẻ,1704000,0,Thành công,CN Cầu Giấy,90402091
GD202609000521,2026-09-03 09:11:55,KH000009,QR Code,Nạp tiền điện thoại,1315000,0,Thành công,CN Đà Nẵng,41624242
GD202609008338,2026-09-03 09:35:28,KH000084,Internet Banking,Nạp tiền điện thoại,211000,0,Thành công,CN Bình Dương,14843986
GD202609001564,2026-09-03 11:47:14,KH000016,QR Code,Thanh toán thẻ,172000,0,Thành công,CN Hải Phòng,190007
GD202609002476,2026-09-03 12:11:39,KH000023,ATM,Rút tiền mặt,5432000,3300,Thành công,CN Bình Dương,14496611
GD202609002215,2026-09-03 12:16:25,KH000020,POS,Thanh toán thẻ,21278000,3300,Thành công,CN Cầu Giấy,49635371
GD202609001975,2026-09-03 12:20:48,KH000019,ATM,Thanh toán hóa đơn,657000,1100,Thành công,CN Cần Thơ,5769205
GD202609002214,2026-09-03 13:34:13,KH000020,POS,Thanh toán thẻ,20033000,0,Thành công,CN Cần Thơ,70916671
GD202609017366,2026-09-03 13:37:56,KH000183,POS,Chuyển khoản đến,2655000,3300,Thành công,CN Cần Thơ,12602663
GD202609003691,2026-09-03 14:00:38,KH000034,Mobile Banking,Thanh toán hóa đơn,658000,0,Thành công,CN Bình Dương,58041955
GD202609013206,2026-09-03 14:12:11,KH000136,Internet Banking,Rút tiền mặt,4099000,0,Thành công,CN Quận 1,68155296
GD202609014068,2026-09-03 14:22:04,KH000148,Internet Banking,Thanh toán hóa đơn,204000,0,Thành công,CN Cần Thơ,75967312
GD202609007741,2026-09-03 14:48:45,KH000079,POS,Thanh toán thẻ,1459000,5500,Thành công,CN Thanh Xuân,12501864
GD202609013992,2026-09-03 15:14:21,KH000147,POS,Thanh toán hóa đơn,564000,1100,Thành công,CN Hoàn Kiếm,127141971
GD202609015809,2026-09-03 15:26:33,KH000171,Internet Banking,Nạp tiền điện thoại,85000,0,Thành công,CN TP Hồ Chí Minh,105251
GD202609015974,2026-09-03 15:33:00,KH000172,Internet Banking,Thanh toán thẻ,1128000,0,Thành công,CN Bình Dương,3075733
GD202609007413,2026-09-03 15:33:13,KH000077,POS,Thanh toán thẻ,161000,5500,Thành công,CN Đà Nẵng,240714
GD202609001974,2026-09-03 15:41:04,KH000019,QR Code,Chuyển khoản đến,1183000,0,Thành công,CN Hải Phòng,6427305
GD202609011644,2026-09-03 15:56:02,KH000123,Quầy giao dịch,Chuyển khoản đến,17288000,0,Thành công,CN Cầu Giấy,842856789
GD202609011111,2026-09-03 16:01:23,KH000117,Mobile Banking,Nạp tiền điện thoại,488000,0,Thành công,CN Cần Thơ,89344701
GD202609009160,2026-09-03 17:11:13,KH000094,QR Code,Thanh toán thẻ,649000,0,Thành công,CN Bình Dương,62311065
GD202609007911,2026-09-03 17:17:00,KH000081,ATM,Chuyển khoản đến,56519000,1100,Thành công,CN Hoàn Kiếm,230690697
GD202609018483,2026-09-03 17:29:24,KH000195,Internet Banking,Nộp tiền mặt,160000,0,Thành công,CN Quận 1,366917
GD202609008340,2026-09-03 17:49:17,KH000084,Internet Banking,Nạp tiền điện thoại,968000,0,Thành công,CN Hoàn Kiếm,15808986
GD202609009406,2026-09-03 18:08:42,KH000096,Internet Banking,Thanh toán thẻ,1590000,0,Thành công,CN Thanh Xuân,13898167
GD202609008908,2026-09-03 18:17:05,KH000092,QR Code,Nạp tiền điện thoại,1824000,0,Thành công,CN Bình Dương,7397057
GD202609009405,2026-09-03 18:50:40,KH000096,Mobile Banking,Chuyển khoản đến,2429000,0,Thành công,CN Bình Dương,15488167
GD202609017365,2026-09-03 19:00:04,KH000183,POS,Thanh toán thẻ,3929000,3300,Thành công,CN Cầu Giấy,9947663
GD202609009577,2026-09-03 19:42:25,KH000097,Mobile Banking,Thanh toán thẻ,73000,0,Thành công,CN TP Hồ Chí Minh,134049
GD202609013326,2026-09-03 19:44:01,KH000137,Mobile Banking,Thanh toán thẻ,5254000,0,Thành công,CN Hoàn Kiếm,10719495
GD202609001230,2026-09-03 20:13:04,KH000014,POS,Thanh toán thẻ,1166000,5500,Thành công,CN Hoàn Kiếm,27362841
GD202609017562,2026-09-03 20:33:26,KH000185,POS,Thanh toán thẻ,7218000,3300,Thành công,CN Bình Dương,37853770
GD202609004765,2026-09-03 21:07:35,KH000051,ATM,Chuyển khoản đi,346000,5500,Thành công,CN Cần Thơ,957456
GD202609009159,2026-09-03 21:13:12,KH000094,Quầy giao dịch,Rút tiền mặt,63000,1100,Thành công,CN Cầu Giấy,62960065
GD202609017054,2026-09-03 21:16:18,KH000182,Internet Banking,Nộp tiền mặt,51000,0,Thành công,CN Cần Thơ,3443427
GD202609010377,2026-09-03 21:20:30,KH000108,POS,Thanh toán hóa đơn,145000,1100,Thành công,CN Quận 1,91421283
GD202609007740,2026-09-03 21:28:43,KH000079,QR Code,Chuyển khoản đến,3577000,0,Thành công,CN Hải Phòng,13966364
GD202609018482,2026-09-03 22:26:02,KH000195,Internet Banking,Thanh toán thẻ,176000,0,Thành công,CN Cần Thơ,206917
GD202609017367,2026-09-03 22:26:19,KH000183,ATM,Nộp tiền mặt,2504000,0,Thành công,CN Cần Thơ,15106663
GD202609005947,2026-09-03 22:29:10,KH000061,QR Code,Thanh toán thẻ,961000,0,Thành công,CN Thanh Xuân,8599860
GD202609008604,2026-09-03 22:32:10,KH000087,POS,Thanh toán thẻ,115000,1100,Thành công,CN Cần Thơ,250326
GD202609008339,2026-09-03 22:48:31,KH000084,Mobile Banking,Chuyển khoản đến,1933000,0,Thành công,CN Thanh Xuân,16776986
GD202609004297,2026-09-04 06:50:56,KH000043,POS,Thanh toán thẻ,69000,0,Thành công,CN Hải Phòng,77421103
GD202609001976,2026-09-04 07:46:05,KH000019,POS,Thanh toán thẻ,2009000,0,Thành công,CN Quận 1,3760205
GD202609002216,2026-09-04 07:52:41,KH000020,Mobile Banking,Thanh toán thẻ,616000,0,Thành công,CN Bình Dương,49019371
GD202609014933,2026-09-04 08:03:00,KH000159,Internet Banking,Thanh toán hóa đơn,6603000,0,Thành công,CN Thanh Xuân,72286025
GD202609004989,2026-09-04 09:05:17,KH000052,Internet Banking,Rút tiền mặt,118000,0,Thành công,CN Cần Thơ,117106
GD202609018655,2026-09-04 09:51:47,KH000197,POS,Thanh toán thẻ,21478000,1100,Thành công,CN TP Hồ Chí Minh,41288965
GD202609007742,2026-09-04 09:57:43,KH000079,POS,Thanh toán thẻ,947000,0,Thành công,CN Hải Phòng,11554864
GD202609015197,2026-09-04 10:16:10,KH000162,QR Code,Thanh toán thẻ,168000,0,Thành công,CN Cầu Giấy,218803
GD202609012730,2026-09-04 10:29:06,KH000131,POS,Thanh toán thẻ,51000,5500,Thành công,CN Quận 1,142380
GD202609014906,2026-09-04 12:00:16,KH000158,Quầy giao dịch,Chuyển khoản đi,8813000,0,Thành công,CN Thanh Xuân,53802944
GD202609000695,2026-09-04 12:04:01,KH000010,QR Code,Rút tiền mặt,928000,0,Thành công,CN Hải Phòng,5334164
GD202609010302,2026-09-04 12:58:38,KH000107,POS,Nộp tiền mặt,311000,1100,Thành công,CN TP Hồ Chí Minh,81252094
GD202609006454,2026-09-04 13:08:09,KH000065,QR Code,Thanh toán thẻ,6123000,0,Thành công,CN Hải Phòng,12088380
GD202609003829,2026-09-04 13:14:17,KH000037,Quầy giao dịch,Nộp tiền mặt,2424000,3300,Thành công,CN Quận 1,26415758
GD202609015007,2026-09-04 14:17:07,KH000160,Quầy giao dịch,Nạp tiền điện thoại,1579000,5500,Thành công,CN Cầu Giấy,84606576
GD202609012498,2026-09-04 14:27:11,KH000130,Quầy giao dịch,Rút tiền mặt,5296000,5500,Thành công,CN TP Hồ Chí Minh,29164659
GD202609009161,2026-09-04 14:38:32,KH000094,POS,Thanh toán thẻ,527000,3300,Thành công,CN Quận 1,61780765
GD202609007075,2026-09-04 14:39:30,KH000074,Internet Banking,Rút tiền mặt,280000,0,Thành công,CN Thanh Xuân,27769254
GD202609016348,2026-09-04 14:45:42,KH000176,Internet Banking,Chuyển khoản đến,105000,0,Thành công,CN Thanh Xuân,57453271
GD202609004452,2026-09-04 15:35:20,KH000045,POS,Thanh toán thẻ,1435000,3300,Thành công,CN Hoàn Kiếm,47051576
GD202609006809,2026-09-04 15:35:36,KH000071,QR Code,Chuyển khoản đến,184000,0,Thành công,CN Hoàn Kiếm,2499038
GD202609017368,2026-09-04 16:03:30,KH000183,POS,Thanh toán thẻ,56000,1100,Thành công,CN Cần Thơ,15049563
GD202609012165,2026-09-04 16:05:51,KH000127,Internet Banking,Chuyển khoản đến,271000,0,Thành công,CN Hoàn Kiếm,3108544
GD202609004453,2026-09-04 16:20:52,KH000045,Internet Banking,Chuyển khoản đến,1501000,0,Thành công,CN Hải Phòng,48552576
GD202609008341,2026-09-04 16:42:09,KH000084,POS,Thanh toán thẻ,2491000,5500,Thành công,CN Cần Thơ,13312486
GD202609006452,2026-09-04 16:46:36,KH000065,POS,Thanh toán thẻ,6747000,1100,Thành công,CN Bình Dương,13944380
GD202609015975,2026-09-04 16:46:51,KH000172,Internet Banking,Thanh toán thẻ,779000,0,Thất bại,CN Hải Phòng,3075733
GD202609007743,2026-09-04 16:51:46,KH000079,POS,Thanh toán thẻ,2065000,5500,Thành công,CN Hoàn Kiếm,9484364
GD202609000204,2026-09-04 17:46:07,KH000005,QR Code,Thanh toán hóa đơn,117000,0,Thành công,CN Hải Phòng,161930
GD202609007744,2026-09-04 18:00:23,KH000079,Mobile Banking,Nộp tiền mặt,2726000,0,Thành công,CN Hoàn Kiếm,12210364
GD202609011234,2026-09-04 18:17:32,KH000118,ATM,Rút tiền mặt,123000,0,Thành công,CN Cần Thơ,5076669
GD202609013893,2026-09-04 18:56:45,KH000145,Quầy giao dịch,Chuyển khoản đi,150000,3300,Thành công,CN Hoàn Kiếm,91005291
GD202609011434,2026-09-04 19:08:14,KH000119,POS,Thanh toán thẻ,54000,1100,Thành công,CN TP Hồ Chí Minh,57384520
GD202609001231,2026-09-04 19:46:15,KH000014,Internet Banking,Thanh toán thẻ,6850000,0,Thành công,CN TP Hồ Chí Minh,20512841
GD202609006453,2026-09-04 19:46:43,KH000065,Internet Banking,Chuyển khoản đến,4267000,0,Thành công,CN Cần Thơ,18211380
GD202609006059,2026-09-04 21:12:56,KH000062,Internet Banking,Nạp tiền điện thoại,1348000,0,Thành công,CN Đà Nẵng,20963924
GD202609003920,2026-09-04 21:17:36,KH000038,POS,Thanh toán thẻ,1508000,0,Thành công,CN Cần Thơ,88894091
GD202609004990,2026-09-04 21:52:06,KH000052,POS,Thanh toán thẻ,180000,3300,Thành công,CN Cầu Giấy,203806
GD202609000696,2026-09-04 22:17:10,KH000010,POS,Thanh toán thẻ,1678000,5500,Thành công,CN TP Hồ Chí Minh,3650664
GD202609001740,2026-09-04 22:26:21,KH000018,QR Code,Chuyển khoản đi,1273000,0,Thành công,CN TP Hồ Chí Minh,68836567
GD202609009163,2026-09-05 06:12:02,KH000094,POS,Thanh toán thẻ,656000,5500,Thành công,CN Quận 1,69281731
GD202609017055,2026-09-05 06:37:31,KH000182,QR Code,Rút tiền mặt,887000,0,Thành công,CN Cầu Giấy,2556427
GD202609009407,2026-09-05 06:43:30,KH000096,Mobile Banking,Nộp tiền mặt,2439000,0,Thành công,CN Cần Thơ,16337167
GD202609001566,2026-09-05 06:58:52,KH000016,Mobile Banking,Chuyển khoản đi,166000,0,Thành công,CN Quận 1,191007
GD202609009578,2026-09-05 07:07:34,KH000097,Mobile Banking,Chuyển khoản đến,56000,0,Thành công,CN Cần Thơ,190049
GD202609012731,2026-09-05 07:23:34,KH000131,POS,Thanh toán thẻ,60000,1100,Thành công,CN Đà Nẵng,81280
GD202609009766,2026-09-05 07:46:26,KH000099,POS,Thanh toán thẻ,2086000,0,Thành công,CN Cần Thơ,38237877
GD202609015198,2026-09-05 08:25:29,KH000162,Mobile Banking,Chuyển khoản đến,153000,0,Thành công,CN Quận 1,371803
GD202609013646,2026-09-05 08:34:52,KH000142,Mobile Banking,Thanh toán thẻ,10165000,0,Thành công,CN Hải Phòng,24637805
GD202609016690,2026-09-05 08:44:18,KH000180,Quầy giao dịch,Chuyển khoản đến,166000,0,Thành công,CN Hải Phòng,70066104
GD202609008712,2026-09-05 09:00:28,KH000089,Quầy giao dịch,Nộp tiền mặt,14287000,1100,Thành công,CN Cầu Giấy,196939064
GD202609010511,2026-09-05 09:07:52,KH000110,QR Code,Thanh toán thẻ,2183000,0,Thành công,CN Bình Dương,54415998
GD202609000697,2026-09-05 09:21:18,KH000010,Quầy giao dịch,Nhận lương,13170655,0,Thành công,CN Hải Phòng,16821319
GD202609018763,2026-09-05 09:35:05,KH000199,Quầy giao dịch,Nhận lương,46724996,0,Thành công,CN Cần Thơ,380289119
GD202609002217,2026-09-05 09:40:17,KH000020,QR Code,Nộp tiền mặt,5114000,0,Thành công,CN Bình Dương,54133371
GD202609001232,2026-09-05 10:01:01,KH000014,Quầy giao dịch,Nhận lương,63988952,0,Thành công,CN Cầu Giấy,84501793
GD202609010378,2026-09-05 10:01:13,KH000108,Quầy giao dịch,Nhận lương,11507617,0,Thành công,CN TP Hồ Chí Minh,102928900
GD202609007745,2026-09-05 10:08:12,KH000079,Mobile Banking,Chuyển khoản đến,877000,0,Thành công,CN Cầu Giấy,13087364
GD202609012499,2026-09-05 10:16:26,KH000130,Mobile Banking,Chuyển khoản đến,3254000,0,Thành công,CN Bình Dương,32418659
GD202609015976,2026-09-05 10:24:41,KH000172,Quầy giao dịch,Nhận lương,10160932,0,Thành công,CN Thanh Xuân,13236665
GD202609016823,2026-09-05 10:38:34,KH000181,POS,Thanh toán thẻ,55000,5500,Thành công,CN Hải Phòng,297820
GD202609004562,2026-09-05 10:54:02,KH000047,Quầy giao dịch,Nhận lương,10841893,0,Thành công,CN Bình Dương,138586643
GD202609008742,2026-09-05 11:27:01,KH000090,Quầy giao dịch,Rút tiền mặt,22210000,5500,Thành công,CN Cần Thơ,63197196
GD202609001233,2026-09-05 11:30:06,KH000014,Mobile Banking,Chuyển khoản đi,3187000,0,Thành công,CN Hải Phòng,81314793
GD202609010510,2026-09-05 12:07:20,KH000110,Quầy giao dịch,Nhận lương,10240394,0,Thành công,CN Đà Nẵng,56598998
GD202609013400,2026-09-05 12:20:54,KH000138,Quầy giao dịch,Nhận lương,8025528,0,Thành công,CN Cần Thơ,15235385
GD202609011113,2026-09-05 12:51:09,KH000117,Internet Banking,Chuyển khoản đi,373000,0,Thành công,CN Hải Phòng,100957867
GD202609018717,2026-09-05 12:58:09,KH000198,Quầy giao dịch,Rút tiền mặt,3996000,3300,Thành công,CN Bình Dương,10331988
GD202609012166,2026-09-05 13:23:50,KH000127,Internet Banking,Thanh toán thẻ,310000,0,Thành công,CN Cầu Giấy,2798544
GD202609003343,2026-09-05 13:34:44,KH000031,QR Code,Chuyển khoản đi,88000,0,Thành công,CN TP Hồ Chí Minh,282003
GD202609000923,2026-09-05 13:35:12,KH000012,Quầy giao dịch,Nhận lương,11114900,0,Thành công,CN TP Hồ Chí Minh,109348377
GD202609006060,2026-09-05 13:47:30,KH000062,Internet Banking,Rút tiền mặt,3239000,0,Thành công,CN Quận 1,17724924
GD202609011112,2026-09-05 16:11:41,KH000117,Quầy giao dịch,Nhận lương,11986166,0,Thành công,CN Thanh Xuân,101330867
GD202609001565,2026-09-05 16:19:30,KH000016,Internet Banking,Thanh toán hóa đơn,82000,0,Thành công,CN Cần Thơ,108007
GD202609001741,2026-09-05 16:24:09,KH000018,Quầy giao dịch,Nhận lương,8304984,0,Thành công,CN Cần Thơ,77141551
GD202609002748,2026-09-05 16:29:31,KH000025,QR Code,Thanh toán thẻ,192000,0,Thành công,CN Hoàn Kiếm,413331
GD202609002955,2026-09-05 16:40:40,KH000027,QR Code,Thanh toán thẻ,2754000,0,Thành công,CN Đà Nẵng,7496212
GD202609016349,2026-09-05 17:04:26,KH000176,QR Code,Rút tiền mặt,950000,0,Thành công,CN Cầu Giấy,56503271
GD202609015008,2026-09-05 18:11:53,KH000160,QR Code,Thanh toán thẻ,2210000,0,Thành công,CN Quận 1,82396576
GD202609003463,2026-09-05 18:58:53,KH000032,QR Code,Chuyển khoản đi,82000,0,Thành công,CN Thanh Xuân,90609527
GD202609000452,2026-09-05 18:59:53,KH000008,POS,Thanh toán thẻ,12222000,5500,Thành công,CN Quận 1,24435388
GD202609013065,2026-09-05 19:51:15,KH000133,POS,Chuyển khoản đến,1130000,1100,Thành công,CN Hoàn Kiếm,4847121
GD202609004078,2026-09-05 20:03:56,KH000040,Mobile Banking,Rút tiền mặt,5456000,0,Thành công,CN Thanh Xuân,28982528
GD202609011435,2026-09-05 20:20:10,KH000119,Quầy giao dịch,Nhận lương,8127355,0,Thành công,CN Quận 1,65511875
GD202609013894,2026-09-05 21:00:38,KH000145,Quầy giao dịch,Nhận lương,11718022,0,Thành công,CN Cầu Giấy,102723313
GD202609010116,2026-09-05 21:05:30,KH000104,QR Code,Thanh toán thẻ,379000,0,Thành công,CN Cầu Giấy,5821902
GD202609009162,2026-09-05 21:12:43,KH000094,Quầy giao dịch,Nhận lương,8162466,0,Thành công,CN Bình Dương,69943231
GD202609010859,2026-09-05 21:47:58,KH000114,POS,Thanh toán thẻ,1915000,3300,Thành công,CN Hoàn Kiếm,74648550
GD202609010743,2026-09-05 21:58:43,KH000113,Quầy giao dịch,Nhận lương,8038840,0,Thành công,CN Hoàn Kiếm,20275829
GD202609014241,2026-09-05 22:50:30,KH000151,ATM,Nạp tiền điện thoại,122000,0,Thành công,CN Bình Dương,474516
GD202609011235,2026-09-06 06:17:34,KH000118,POS,Thanh toán thẻ,627000,5500,Thành công,CN Cần Thơ,4444169
GD202609003121,2026-09-06 07:10:18,KH000028,Quầy giao dịch,Chuyển khoản đến,326000,1100,Thành công,CN Hải Phòng,43628591
GD202609009579,2026-09-06 07:11:00,KH000097,POS,Thanh toán thẻ,162000,0,Thành công,CN TP Hồ Chí Minh,271049
GD202609008142,2026-09-06 07:30:13,KH000083,ATM,Nộp tiền mặt,138000,0,Thành công,CN Cần Thơ,72948863
GD202609017369,2026-09-06 07:44:01,KH000183,Quầy giao dịch,Nhận lương,82496130,0,Thành công,CN Thanh Xuân,97545693
GD202609003464,2026-09-06 08:11:29,KH000032,Quầy giao dịch,Chuyển khoản đi,89000,5500,Thành công,CN Thanh Xuân,90515027
GD202609009580,2026-09-06 08:18:03,KH000097,Internet Banking,Rút tiền mặt,52000,0,Thành công,CN Đà Nẵng,219049
GD202609017370,2026-09-06 08:24:56,KH000183,QR Code,Thanh toán thẻ,9680000,0,Thành công,CN TP Hồ Chí Minh,87865693
GD202609016351,2026-09-06 08:33:34,KH000176,Internet Banking,Thanh toán thẻ,508000,0,Thành công,CN Đà Nẵng,56504271
GD202609007542,2026-09-06 08:48:27,KH000078,POS,Thanh toán hóa đơn,23637000,5500,Thành công,CN TP Hồ Chí Minh,68535136
GD202609013895,2026-09-06 09:18:19,KH000145,QR Code,Thanh toán hóa đơn,398000,0,Thành công,CN TP Hồ Chí Minh,102325313
GD202609008143,2026-09-06 09:18:28,KH000083,Mobile Banking,Thanh toán thẻ,350000,0,Thành công,CN TP Hồ Chí Minh,72598863
GD202609016691,2026-09-06 10:30:33,KH000180,Internet Banking,Chuyển khoản đến,118000,0,Thành công,CN Bình Dương,70184104
GD202609010744,2026-09-06 10:49:55,KH000113,Mobile Banking,Thanh toán thẻ,4767000,0,Thành công,CN Quận 1,15508829
GD202609011436,2026-09-06 11:18:48,KH000119,Internet Banking,Nộp tiền mặt,122000,0,Thành công,CN Bình Dương,65633875
GD202609005450,2026-09-06 11:31:24,KH000057,Quầy giao dịch,Nhận lương,35250527,0,Thành công,CN Bình Dương,80303787
GD202609012167,2026-09-06 11:44:45,KH000127,QR Code,Thanh toán thẻ,176000,0,Thành công,CN Quận 1,2622544
GD202609006217,2026-09-06 11:45:13,KH000063,Mobile Banking,Nộp tiền mặt,366000,0,Thành công,CN Bình Dương,74931543
GD202609009767,2026-09-06 11:49:38,KH000099,QR Code,Nộp tiền mặt,616000,0,Thành công,CN TP Hồ Chí Minh,38853877
GD202609006218,2026-09-06 12:02:09,KH000063,Mobile Banking,Chuyển khoản đến,251000,0,Thành công,CN Đà Nẵng,75182543
GD202609006219,2026-09-06 12:15:39,KH000063,Mobile Banking,Rút tiền mặt,1044000,0,Thành công,CN Cần Thơ,74138543
GD202609017056,2026-09-06 13:19:44,KH000182,Mobile Banking,Thanh toán thẻ,656000,0,Thành công,CN Bình Dương,1900427
GD202609016350,2026-09-06 13:23:00,KH000176,QR Code,Nộp tiền mặt,509000,0,Thành công,CN Bình Dương,57012271
GD202609010512,2026-09-06 13:41:08,KH000110,Mobile Banking,Thanh toán thẻ,986000,0,Thành công,CN TP Hồ Chí Minh,53429998
GD202609015810,2026-09-06 14:02:15,KH000171,Internet Banking,Nộp tiền mặt,107000,0,Thành công,CN Cần Thơ,212251
GD202609005330,2026-09-06 14:02:27,KH000056,Quầy giao dịch,Nhận lương,11389017,0,Thành công,CN Bình Dương,101973833
GD202609013207,2026-09-06 14:05:50,KH000136,Quầy giao dịch,Nhận lương,38120060,0,Thành công,CN Quận 1,106275356
GD202609005331,2026-09-06 14:06:46,KH000056,POS,Thanh toán thẻ,1880000,3300,Thành công,CN Thanh Xuân,100090533
GD202609007415,2026-09-06 14:08:32,KH000077,Internet Banking,Nộp tiền mặt,2054000,0,Thành công,CN Hoàn Kiếm,10849181
GD202609002218,2026-09-06 14:50:15,KH000020,QR Code,Nộp tiền mặt,5397000,0,Thành công,CN Cần Thơ,59530371
GD202609005650,2026-09-06 14:57:33,KH000059,Mobile Banking,Nộp tiền mặt,12170000,0,Thành công,CN Hoàn Kiếm,93016362
GD202609014907,2026-09-06 15:07:52,KH000158,Quầy giao dịch,Nhận lương,13774136,0,Thành công,CN Cầu Giấy,67577079
GD202609012974,2026-09-06 15:39:56,KH000132,Mobile Banking,Chuyển khoản đến,88000,0,Thành công,CN Hoàn Kiếm,3818478
GD202609015484,2026-09-06 15:44:46,KH000166,Quầy giao dịch,Nhận lương,38530060,0,Thành công,CN Hoàn Kiếm,236115054
GD202609015977,2026-09-06 16:22:39,KH000172,QR Code,Thanh toán thẻ,4427000,0,Thành công,CN Quận 1,8809665
GD202609004298,2026-09-06 16:31:16,KH000043,Quầy giao dịch,Nhận lương,9438613,0,Thành công,CN Cầu Giấy,86859716
GD202609015009,2026-09-06 16:32:07,KH000160,POS,Chuyển khoản đến,2402000,0,Thành công,CN Thanh Xuân,84798576
GD202609013896,2026-09-06 17:06:45,KH000145,Quầy giao dịch,Rút tiền mặt,366000,5500,Thành công,CN Hải Phòng,101953813
GD202609007543,2026-09-06 17:09:57,KH000078,Quầy giao dịch,Chuyển khoản đi,17606000,3300,Thành công,CN Bình Dương,50925836
GD202609016824,2026-09-06 17:11:54,KH000181,Quầy giao dịch,Chuyển khoản đến,70000,0,Thành công,CN Hoàn Kiếm,367820
GD202609010953,2026-09-06 17:21:50,KH000115,POS,Thanh toán hóa đơn,329000,5500,Thành công,CN Quận 1,22199534
GD202609009408,2026-09-06 18:32:02,KH000096,Quầy giao dịch,Nhận lương,30384677,0,Thành công,CN Cần Thơ,46721844
GD202609001742,2026-09-06 18:36:59,KH000018,ATM,Chuyển khoản đến,1307000,5500,Thành công,CN TP Hồ Chí Minh,78448551
GD202609010379,2026-09-06 19:20:48,KH000108,QR Code,Chuyển khoản đến,75000,0,Thành công,CN Đà Nẵng,103003900
GD202609008343,2026-09-06 19:31:55,KH000084,QR Code,Nộp tiền mặt,1610000,0,Thành công,CN Thanh Xuân,12873386
GD202609016495,2026-09-06 19:42:04,KH000177,Internet Banking,Thanh toán hóa đơn,12586000,0,Thành công,CN Cầu Giấy,65485272
GD202609016494,2026-09-06 20:11:58,KH000177,Quầy giao dịch,Nhận lương,36103336,0,Thành công,CN Cầu Giấy,78071272
GD202609005649,2026-09-06 20:16:45,KH000059,ATM,Nộp tiền mặt,14493000,1100,Thành công,CN Bình Dương,80846362
GD202609007414,2026-09-06 20:34:34,KH000077,Quầy giao dịch,Nhận lương,8554468,0,Thành công,CN Thanh Xuân,8795181
GD202609003465,2026-09-06 20:47:45,KH000032,QR Code,Nạp tiền điện thoại,100000,0,Thành công,CN Cần Thơ,90415027
GD202609008342,2026-09-06 20:55:46,KH000084,POS,Thanh toán thẻ,2048000,1100,Thành công,CN Thanh Xuân,11263386
GD202609004991,2026-09-06 20:56:49,KH000052,ATM,Thanh toán hóa đơn,112000,1100,Thành công,CN TP Hồ Chí Minh,90706
GD202609005948,2026-09-06 21:19:03,KH000061,QR Code,Thanh toán thẻ,1276000,0,Thành công,CN Bình Dương,7323860
GD202609007416,2026-09-06 21:20:39,KH000077,Internet Banking,Chuyển khoản đến,1007000,0,Thành công,CN Thanh Xuân,11856181
GD202609018171,2026-09-06 22:09:43,KH000191,POS,Thanh toán thẻ,1321000,0,Thất bại,CN Cần Thơ,4941058
GD202609018172,2026-09-06 22:54:08,KH000191,Mobile Banking,Thanh toán hóa đơn,461000,0,Thành công,CN Quận 1,4480058
GD202609006644,2026-09-07 06:08:28,KH000067,POS,Thanh toán thẻ,483000,5500,Thất bại,CN Hải Phòng,3953499
GD202609007417,2026-09-07 06:26:53,KH000077,QR Code,Nạp tiền điện thoại,1150000,0,Thành công,CN Hải Phòng,10706181
GD202609009581,2026-09-07 06:38:46,KH000097,QR Code,Rút tiền mặt,54000,0,Thành công,CN Đà Nẵng,165049
GD202609012319,2026-09-07 07:14:53,KH000128,Quầy giao dịch,Nhận lương,9557628,0,Thành công,CN Hoàn Kiếm,72530405
GD202609006220,2026-09-07 07:26:21,KH000063,QR Code,Thanh toán thẻ,461000,0,Thành công,CN Đà Nẵng,73677543
GD202609010954,2026-09-07 07:35:56,KH000115,Quầy giao dịch,Nhận lương,11763736,0,Thành công,CN Đà Nẵng,33963269
GD202609017768,2026-09-07 07:41:46,KH000187,ATM,Nạp tiền điện thoại,3391000,1100,Thành công,CN Cầu Giấy,15471976
GD202609003781,2026-09-07 08:32:56,KH000035,Quầy giao dịch,Nạp tiền điện thoại,180000,5500,Thành công,CN Quận 1,2749955
GD202609010117,2026-09-07 08:33:36,KH000104,POS,Thanh toán hóa đơn,463000,0,Thành công,CN Thanh Xuân,5358902
GD202609015199,2026-09-07 08:40:38,KH000162,Mobile Banking,Nộp tiền mặt,175000,0,Thành công,CN Hoàn Kiếm,546803
GD202609018173,2026-09-07 08:48:24,KH000191,Internet Banking,Thanh toán thẻ,1524000,0,Thất bại,CN TP Hồ Chí Minh,4480058
GD202609010860,2026-09-07 09:58:03,KH000114,Quầy giao dịch,Nhận lương,11469023,0,Thành công,CN Đà Nẵng,86117573
GD202609017059,2026-09-07 10:16:51,KH000182,POS,Thanh toán thẻ,4042000,5500,Thành công,CN Đà Nẵng,33034483
GD202609017058,2026-09-07 10:24:46,KH000182,Mobile Banking,Nộp tiền mặt,8685000,0,Thành công,CN TP Hồ Chí Minh,37081983
GD202609013993,2026-09-07 10:41:17,KH000147,POS,Chuyển khoản đi,3757000,0,Thành công,CN Cầu Giấy,123384971
GD202609017057,2026-09-07 11:14:49,KH000182,Quầy giao dịch,Nhận lương,26496556,0,Thành công,CN Thanh Xuân,28396983
GD202609016352,2026-09-07 11:30:50,KH000176,QR Code,Nạp tiền điện thoại,669000,0,Thành công,CN Hoàn Kiếm,55835271
GD202609010608,2026-09-07 11:42:23,KH000111,Quầy giao dịch,Nhận lương,45174590,0,Thành công,CN Hoàn Kiếm,66549348
GD202609012500,2026-09-07 11:51:57,KH000130,QR Code,Nạp tiền điện thoại,5008000,0,Thành công,CN Thanh Xuân,27410659
GD202609013328,2026-09-07 12:08:24,KH000137,QR Code,Thanh toán thẻ,568000,0,Thành công,CN Hải Phòng,13304495
GD202609003830,2026-09-07 12:09:57,KH000037,Mobile Banking,Nạp tiền điện thoại,193000,0,Thành công,CN Cầu Giấy,26222758
GD202609011438,2026-09-07 12:12:56,KH000119,QR Code,Nộp tiền mặt,166000,0,Thành công,CN Bình Dương,65741875
GD202609015430,2026-09-07 12:29:46,KH000165,Quầy giao dịch,Nhận lương,8683599,0,Thành công,CN Đà Nẵng,17537346
GD202609001567,2026-09-07 13:06:47,KH000016,Mobile Banking,Thanh toán hóa đơn,162000,0,Thành công,CN Cầu Giấy,272007
GD202609016496,2026-09-07 13:31:44,KH000177,Internet Banking,Nộp tiền mặt,9138000,0,Thành công,CN Đà Nẵng,74623272
GD202609007077,2026-09-07 13:36:54,KH000074,Mobile Banking,Thanh toán thẻ,749000,0,Thành công,CN Cần Thơ,25915254
GD202609017769,2026-09-07 13:38:21,KH000187,Mobile Banking,Thanh toán thẻ,1504000,0,Thành công,CN Thanh Xuân,13967976
GD202609018656,2026-09-07 13:54:15,KH000197,Quầy giao dịch,Nhận lương,61738050,0,Thành công,CN TP Hồ Chí Minh,103027015
GD202609011437,2026-09-07 14:44:56,KH000119,Internet Banking,Thanh toán thẻ,58000,0,Thành công,CN Hoàn Kiếm,65575875
GD202609004456,2026-09-07 15:26:07,KH000045,Internet Banking,Thanh toán hóa đơn,1705000,0,Thất bại,CN TP Hồ Chí Minh,46244576
GD202609004454,2026-09-07 15:31:23,KH000045,Internet Banking,Thanh toán hóa đơn,326000,0,Thành công,CN Thanh Xuân,48226576
GD202609010609,2026-09-07 15:53:09,KH000111,Mobile Banking,Nạp tiền điện thoại,1228000,0,Thành công,CN Hoàn Kiếm,65321348
GD202609009164,2026-09-07 16:40:14,KH000094,Internet Banking,Thanh toán hóa đơn,1781000,0,Thành công,CN TP Hồ Chí Minh,67500731
GD202609007076,2026-09-07 16:57:37,KH000074,Mobile Banking,Thanh toán thẻ,1105000,0,Thành công,CN Cần Thơ,26664254
GD202609016692,2026-09-07 17:05:52,KH000180,POS,Thanh toán thẻ,2350000,3300,Thành công,CN Đà Nẵng,67830804
GD202609004079,2026-09-07 17:20:21,KH000040,POS,Thanh toán thẻ,4282000,3300,Thành công,CN Cần Thơ,24697228
GD202609008344,2026-09-07 17:50:45,KH000084,POS,Thanh toán thẻ,1279000,0,Thành công,CN Đà Nẵng,11594386
GD202609004455,2026-09-07 17:53:16,KH000045,QR Code,Nạp tiền điện thoại,1982000,0,Thành công,CN Cần Thơ,46244576
GD202609005651,2026-09-07 18:22:35,KH000059,Mobile Banking,Nộp tiền mặt,26079000,0,Thành công,CN Cầu Giấy,119095362
GD202609008743,2026-09-07 18:35:26,KH000090,POS,Thanh toán thẻ,17542000,5500,Thành công,CN Cầu Giấy,45649696
GD202609012321,2026-09-07 18:37:54,KH000128,QR Code,Nộp tiền mặt,403000,0,Thành công,CN Quận 1,72427305
GD202609012320,2026-09-07 18:41:53,KH000128,Quầy giao dịch,Thanh toán hóa đơn,505000,1100,Thành công,CN Bình Dương,72024305
GD202609007912,2026-09-07 19:05:39,KH000081,Quầy giao dịch,Nhận lương,50879732,0,Thành công,CN Cần Thơ,281570429
GD202609007746,2026-09-07 19:08:22,KH000079,POS,Thanh toán thẻ,2619000,3300,Thành công,CN Hoàn Kiếm,10465064
GD202609009409,2026-09-07 19:17:03,KH000096,Mobile Banking,Nộp tiền mặt,14331000,0,Thành công,CN Hoàn Kiếm,61052844
GD202609000205,2026-09-07 19:20:29,KH000005,Mobile Banking,Nạp tiền điện thoại,173000,0,Thành công,CN Thanh Xuân,248430
GD202609004703,2026-09-07 19:42:55,KH000050,Internet Banking,Nộp tiền mặt,697000,0,Thành công,CN Quận 1,19004566
GD202609017371,2026-09-07 19:46:22,KH000183,QR Code,Thanh toán thẻ,27037000,0,Thành công,CN Đà Nẵng,60828693
GD202609008713,2026-09-07 20:11:31,KH000089,Quầy giao dịch,Nhận lương,19953288,0,Thành công,CN Hải Phòng,216892352
GD202609017060,2026-09-07 20:13:09,KH000182,Mobile Banking,Chuyển khoản đến,5381000,0,Thành công,CN Cần Thơ,38415483
GD202609000836,2026-09-07 20:19:34,KH000011,QR Code,Nộp tiền mặt,2733000,0,Thành công,CN TP Hồ Chí Minh,100790684
GD202609009165,2026-09-07 21:35:54,KH000094,POS,Thanh toán thẻ,2161000,1100,Thành công,CN Cầu Giấy,65338631
GD202609003122,2026-09-07 21:39:21,KH000028,Mobile Banking,Nộp tiền mặt,763000,0,Thành công,CN Cần Thơ,44391591
GD202609012976,2026-09-07 21:39:46,KH000132,POS,Thanh toán thẻ,3886000,5500,Thành công,CN Hải Phòng,21498992
GD202609018657,2026-09-07 21:43:19,KH000197,Mobile Banking,Rút tiền mặt,9970000,0,Thành công,CN Đà Nẵng,93057015
GD202609012975,2026-09-07 21:51:20,KH000132,Quầy giao dịch,Nhận lương,21572014,0,Thành công,CN Cần Thơ,25390492
GD202609011873,2026-09-07 21:52:49,KH000125,Internet Banking,Thanh toán thẻ,194000,0,Thành công,CN Quận 1,183536
GD202609012732,2026-09-07 22:11:41,KH000131,QR Code,Chuyển khoản đến,96000,0,Thành công,CN Quận 1,177280
GD202609013327,2026-09-07 22:16:21,KH000137,Mobile Banking,Nộp tiền mặt,3153000,0,Thành công,CN Bình Dương,13872495
GD202609002219,2026-09-07 22:35:19,KH000020,Quầy giao dịch,Nhận lương,59946443,0,Thành công,CN Hoàn Kiếm,119476813
GD202609005652,2026-09-07 22:38:34,KH000059,Internet Banking,Thanh toán thẻ,6144000,0,Thành công,CN Đà Nẵng,112951362
GD202609003692,2026-09-08 06:12:45,KH000034,POS,Thanh toán thẻ,2709000,0,Thành công,CN Hải Phòng,55332955
GD202609013208,2026-09-08 06:13:03,KH000136,QR Code,Chuyển khoản đến,4741000,0,Thành công,CN Đà Nẵng,111016356
GD202609004992,2026-09-08 06:38:53,KH000052,QR Code,Nộp tiền mặt,107000,0,Thành công,CN Đà Nẵng,197706
GD202609017372,2026-09-08 07:43:48,KH000183,Quầy giao dịch,Nộp tiền mặt,12883000,3300,Thành công,CN Quận 1,73711693
GD202609013647,2026-09-08 08:06:14,KH000142,Internet Banking,Chuyển khoản đến,3904000,0,Thành công,CN Hoàn Kiếm,28541805
GD202609004704,2026-09-08 08:15:03,KH000050,POS,Chuyển khoản đi,5631000,1100,Thành công,CN Cầu Giấy,13372466
GD202609001234,2026-09-08 08:17:46,KH000014,Mobile Banking,Chuyển khoản đến,4588000,0,Thành công,CN Đà Nẵng,85902793
GD202609000837,2026-09-08 08:49:58,KH000011,Quầy giao dịch,Nhận lương,11797079,0,Thành công,CN Quận 1,112587763
GD202609008911,2026-09-08 08:53:52,KH000092,Internet Banking,Nạp tiền điện thoại,929000,0,Thành công,CN Bình Dương,8197757
GD202609013329,2026-09-08 09:12:02,KH000137,POS,Thanh toán thẻ,449000,3300,Thành công,CN Cần Thơ,12852195
GD202609012977,2026-09-08 09:13:38,KH000132,Mobile Banking,Chuyển khoản đến,6105000,0,Thành công,CN Quận 1,27603992
GD202609006456,2026-09-08 09:46:52,KH000065,Internet Banking,Thanh toán thẻ,2770000,0,Thành công,CN Hoàn Kiếm,78407643
GD202609006222,2026-09-08 10:10:34,KH000063,POS,Thanh toán thẻ,573000,5500,Thành công,CN Thanh Xuân,83404373
GD202609010610,2026-09-08 10:32:12,KH000111,QR Code,Rút tiền mặt,9195000,0,Thành công,CN Bình Dương,56126348
GD202609010208,2026-09-08 10:42:38,KH000105,Quầy giao dịch,Nhận lương,58081949,0,Thành công,CN TP Hồ Chí Minh,512226821
GD202609016353,2026-09-08 10:48:28,KH000176,Quầy giao dịch,Nhận lương,12009718,0,Thành công,CN Đà Nẵng,67844989
GD202609011114,2026-09-08 10:49:46,KH000117,Internet Banking,Chuyển khoản đi,182000,0,Thành công,CN Hoàn Kiếm,100775867
GD202609009768,2026-09-08 11:31:16,KH000099,Quầy giao dịch,Nhận lương,10670098,0,Thành công,CN Hải Phòng,49523975
GD202609008345,2026-09-08 11:36:21,KH000084,Internet Banking,Thanh toán thẻ,2793000,0,Thành công,CN Hoàn Kiếm,8801386
GD202609004299,2026-09-08 11:37:35,KH000043,POS,Chuyển khoản đi,277000,1100,Thành công,CN Hải Phòng,86581616
GD202609014934,2026-09-08 11:53:56,KH000159,Quầy giao dịch,Nhận lương,17551806,0,Thành công,CN Đà Nẵng,89837830
GD202609001978,2026-09-08 12:23:00,KH000019,QR Code,Nộp tiền mặt,359000,0,Thành công,CN Cầu Giấy,13663779
GD202609015978,2026-09-08 12:49:31,KH000172,POS,Thanh toán thẻ,2856000,5500,Thành công,CN Hoàn Kiếm,5948165
GD202609007419,2026-09-08 12:52:07,KH000077,QR Code,Thanh toán thẻ,1089000,0,Thành công,CN Đà Nẵng,6911681
GD202609010118,2026-09-08 13:19:52,KH000104,Quầy giao dịch,Nhận lương,10148668,0,Thành công,CN Cầu Giấy,15507570
GD202609002749,2026-09-08 13:38:47,KH000025,POS,Thanh toán thẻ,150000,3300,Thành công,CN Thanh Xuân,260031
GD202609008910,2026-09-08 13:45:18,KH000092,Mobile Banking,Chuyển khoản đến,2046000,0,Thành công,CN Hải Phòng,9126757
GD202609000454,2026-09-08 14:00:33,KH000008,Internet Banking,Thanh toán thẻ,16455000,0,Thành công,CN Cầu Giấy,47885555
GD202609008909,2026-09-08 14:12:45,KH000092,ATM,Thanh toán hóa đơn,313000,3300,Thành công,CN TP Hồ Chí Minh,7080757
GD202609011645,2026-09-08 14:15:25,KH000123,Quầy giao dịch,Nhận lương,73494370,0,Thành công,CN Bình Dương,916351159
GD202609003123,2026-09-08 15:23:42,KH000028,Internet Banking,Chuyển khoản đến,491000,0,Thành công,CN Thanh Xuân,44882591
GD202609015811,2026-09-08 15:30:44,KH000171,QR Code,Thanh toán thẻ,175000,0,Thành công,CN Bình Dương,299751
GD202609004236,2026-09-08 15:52:21,KH000042,POS,Thanh toán thẻ,2425000,3300,Thành công,CN Thanh Xuân,35236414
GD202609001979,2026-09-08 16:01:19,KH000019,Internet Banking,Thanh toán hóa đơn,2670000,0,Thành công,CN Hải Phòng,10993779
GD202609005518,2026-09-08 16:05:03,KH000058,Quầy giao dịch,Nhận lương,44539946,0,Thành công,CN Hoàn Kiếm,250880778
GD202609012322,2026-09-08 16:44:04,KH000128,Internet Banking,Chuyển khoản đến,510000,0,Thành công,CN Cầu Giấy,72937305
GD202609013897,2026-09-08 17:09:41,KH000145,POS,Thanh toán thẻ,322000,0,Thành công,CN Thanh Xuân,101631813
GD202609006587,2026-09-08 17:15:12,KH000066,Internet Banking,Thanh toán thẻ,2351000,0,Thành công,CN Bình Dương,160618929
GD202609010119,2026-09-08 17:34:37,KH000104,QR Code,Nộp tiền mặt,3376000,0,Thành công,CN Cần Thơ,18883570
GD202609006586,2026-09-08 17:37:52,KH000066,Quầy giao dịch,Nhận lương,10887339,0,Thành công,CN TP Hồ Chí Minh,162969929
GD202609016584,2026-09-08 17:45:35,KH000179,Quầy giao dịch,Nhận lương,29220614,0,Thành công,CN Quận 1,200425715
GD202609013994,2026-09-08 17:57:03,KH000147,Quầy giao dịch,Nhận lương,10767645,0,Thành công,CN Hải Phòng,134152617
GD202609014242,2026-09-08 18:14:45,KH000151,POS,Thanh toán thẻ,184000,5500,Thành công,CN Hoàn Kiếm,285016
GD202609005653,2026-09-08 18:14:58,KH000059,POS,Thanh toán thẻ,27709000,5500,Thành công,CN Hải Phòng,85236862
GD202609009583,2026-09-08 18:20:58,KH000097,POS,Thanh toán thẻ,158000,5500,Thành công,CN Thanh Xuân,152549
GD202609006457,2026-09-08 18:26:38,KH000065,Mobile Banking,Nộp tiền mặt,19165000,0,Thành công,CN TP Hồ Chí Minh,97572643
GD202609017564,2026-09-08 18:34:20,KH000185,ATM,Chuyển khoản đến,8319000,1100,Thành công,CN Cần Thơ,42432670
GD202609012168,2026-09-08 18:41:16,KH000127,Quầy giao dịch,Nhận lương,15345376,0,Thành công,CN Cần Thơ,17967920
GD202609009166,2026-09-08 18:58:51,KH000094,Mobile Banking,Nộp tiền mặt,177000,0,Thành công,CN Đà Nẵng,65515631
GD202609018174,2026-09-08 19:16:52,KH000191,Quầy giao dịch,Nhận lương,14697382,0,Thành công,CN Thanh Xuân,19177441
GD202609006455,2026-09-08 19:23:05,KH000065,Quầy giao dịch,Nhận lương,69089264,0,Thành công,CN Quận 1,81177643
GD202609017061,2026-09-08 19:28:19,KH000182,POS,Thanh toán thẻ,5069000,1100,Thành công,CN Đà Nẵng,33345383
GD202609011874,2026-09-08 19:32:49,KH000125,Internet Banking,Chuyển khoản đi,169000,0,Thành công,CN Hoàn Kiếm,268036
GD202609014523,2026-09-08 19:50:06,KH000153,QR Code,Rút tiền mặt,227000,0,Thành công,CN Cần Thơ,666641
GD202609006221,2026-09-08 20:05:31,KH000063,Quầy giao dịch,Nhận lương,10305329,0,Thành công,CN Hoàn Kiếm,83982873
GD202609018484,2026-09-08 20:11:03,KH000195,POS,Thanh toán thẻ,112000,0,Thành công,CN Bình Dương,254917
GD202609008346,2026-09-08 20:40:25,KH000084,Mobile Banking,Thanh toán thẻ,1516000,0,Thất bại,CN Hoàn Kiếm,8801386
GD202609005451,2026-09-08 20:44:12,KH000057,ATM,Rút tiền mặt,8875000,5500,Thành công,CN TP Hồ Chí Minh,71423287
GD202609007418,2026-09-08 20:51:23,KH000077,Quầy giao dịch,Thanh toán hóa đơn,2700000,5500,Thành công,CN Thanh Xuân,8000681
GD202609009582,2026-09-08 20:56:18,KH000097,Internet Banking,Thanh toán hóa đơn,86000,0,Thành công,CN Hoàn Kiếm,79049
GD202609005949,2026-09-08 21:00:38,KH000061,POS,Thanh toán thẻ,2262000,5500,Thành công,CN Cần Thơ,5056360
GD202609017935,2026-09-08 21:12:05,KH000189,Quầy giao dịch,Nhận lương,105279008,0,Thành công,CN Đà Nẵng,207249202
GD202609001977,2026-09-08 21:16:44,KH000019,Quầy giao dịch,Nhận lương,9544573,0,Thành công,CN Hoàn Kiếm,13304779
GD202609016497,2026-09-08 21:40:54,KH000177,QR Code,Chuyển khoản đi,25110000,0,Thành công,CN Cầu Giấy,49513272
GD202609000453,2026-09-08 21:50:31,KH000008,Quầy giao dịch,Nhận lương,39905168,0,Thành công,CN Quận 1,64340555
GD202609014935,2026-09-08 22:26:03,KH000159,Mobile Banking,Thanh toán hóa đơn,5316000,0,Thành công,CN Hoàn Kiếm,84521830
GD202609016693,2026-09-08 22:43:53,KH000180,Mobile Banking,Thanh toán thẻ,2611000,0,Thành công,CN Hải Phòng,65219804
GD202609004457,2026-09-08 22:51:02,KH000045,Quầy giao dịch,Nhận lương,10757206,0,Thành công,CN Hoàn Kiếm,57001782
GD202609004993,2026-09-08 22:53:48,KH000052,Internet Banking,Thanh toán thẻ,153000,0,Thành công,CN Hải Phòng,274206
GD202609001568,2026-09-08 22:54:47,KH000016,Internet Banking,Thanh toán thẻ,199000,0,Thành công,CN Quận 1,73007
GD202609017936,2026-09-09 06:32:53,KH000189,Mobile Banking,Thanh toán thẻ,70534000,0,Thành công,CN Thanh Xuân,136715202
GD202609000523,2026-09-09 06:52:59,KH000009,QR Code,Thanh toán thẻ,2245000,0,Thất bại,CN Đà Nẵng,51954058
GD202609000522,2026-09-09 06:53:12,KH000009,Quầy giao dịch,Nhận lương,10329815,0,Thành công,CN Quận 1,51954058
GD202609001743,2026-09-09 07:09:08,KH000018,POS,Thanh toán thẻ,1506000,0,Thành công,CN Cầu Giấy,76942551
GD202609004994,2026-09-09 07:22:11,KH000052,Mobile Banking,Rút tiền mặt,62000,0,Thành công,CN Quận 1,212206
GD202609013330,2026-09-09 07:24:02,KH000137,Quầy giao dịch,Nhận lương,16677166,0,Thành công,CN Quận 1,29529361
GD202609011236,2026-09-09 07:55:56,KH000118,Quầy giao dịch,Nhận lương,14313294,0,Thành công,CN Cầu Giấy,18757463
GD202609011440,2026-09-09 08:02:06,KH000119,Mobile Banking,Thanh toán thẻ,143000,0,Thành công,CN Bình Dương,65540575
GD202609015485,2026-09-09 08:05:02,KH000166,POS,Thanh toán hóa đơn,9623000,1100,Thành công,CN TP Hồ Chí Minh,226490954
GD202609006588,2026-09-09 08:15:20,KH000066,Internet Banking,Nộp tiền mặt,903000,0,Thành công,CN Quận 1,161521929
GD202609017771,2026-09-09 08:25:50,KH000187,Mobile Banking,Nộp tiền mặt,4818000,0,Thành công,CN Thanh Xuân,20407976
GD202609007078,2026-09-09 08:30:11,KH000074,Internet Banking,Thanh toán thẻ,1196000,0,Thành công,CN Quận 1,24719254
GD202609002750,2026-09-09 08:55:30,KH000025,QR Code,Rút tiền mặt,162000,0,Thành công,CN Cần Thơ,98031
GD202609013331,2026-09-09 09:17:39,KH000137,Mobile Banking,Nộp tiền mặt,4935000,0,Thành công,CN Cần Thơ,34464361
GD202609002336,2026-09-09 09:26:20,KH000021,Quầy giao dịch,Nhận lương,8108577,0,Thành công,CN Quận 1,75889442
GD202609017375,2026-09-09 09:49:52,KH000183,QR Code,Thanh toán thẻ,14770000,0,Thành công,CN TP Hồ Chí Minh,39218193
GD202609002362,2026-09-09 09:55:30,KH000022,Internet Banking,Chuyển khoản đến,3381000,0,Thành công,CN Hoàn Kiếm,49905792
GD202609008912,2026-09-09 09:56:18,KH000092,Quầy giao dịch,Nhận lương,11537274,0,Thành công,CN Hải Phòng,19735032
GD202609012502,2026-09-09 10:06:31,KH000130,Internet Banking,Nộp tiền mặt,1471000,0,Thành công,CN Bình Dương,40313188
GD202609005654,2026-09-09 11:11:44,KH000059,Quầy giao dịch,Nhận lương,81781699,0,Thành công,CN Cầu Giấy,167018561
GD202609014069,2026-09-09 11:12:39,KH000148,Quầy giao dịch,Nhận lương,9008248,0,Thành công,CN Thanh Xuân,84975560
GD202609017770,2026-09-09 11:19:00,KH000187,Mobile Banking,Chuyển khoản đến,1622000,0,Thành công,CN Thanh Xuân,15589976
GD202609013648,2026-09-09 11:21:33,KH000142,Quầy giao dịch,Nhận lương,51302770,0,Thành công,CN Hoàn Kiếm,79844575
GD202609000924,2026-09-09 12:26:37,KH000012,POS,Thanh toán thẻ,1391000,0,Thành công,CN Đà Nẵng,107957377
GD202609009867,2026-09-09 12:34:32,KH000101,Quầy giao dịch,Nhận lương,16649618,0,Thành công,CN Hải Phòng,108944039
GD202609007420,2026-09-09 12:39:29,KH000077,Mobile Banking,Chuyển khoản đi,1051000,0,Thành công,CN Hải Phòng,5860681
GD202609017373,2026-09-09 12:45:48,KH000183,Internet Banking,Thanh toán thẻ,15441000,0,Thành công,CN Bình Dương,58270693
GD202609005951,2026-09-09 12:46:04,KH000061,QR Code,Nạp tiền điện thoại,2223000,0,Thành công,CN Cần Thơ,11197132
GD202609005452,2026-09-09 13:08:26,KH000057,ATM,Chuyển khoản đến,12120000,3300,Thất bại,CN Bình Dương,71423287
GD202609012733,2026-09-09 13:21:09,KH000131,Internet Banking,Nộp tiền mặt,59000,0,Thành công,CN Cần Thơ,236280
GD202609004458,2026-09-09 13:58:31,KH000045,Mobile Banking,Chuyển khoản đến,103000,0,Thất bại,CN Cần Thơ,57001782
GD202609000086,2026-09-09 14:02:57,KH000003,Quầy giao dịch,Nhận lương,44471428,0,Thành công,CN TP Hồ Chí Minh,401613266
GD202609012734,2026-09-09 14:27:34,KH000131,Internet Banking,Thanh toán thẻ,142000,0,Thành công,CN Thanh Xuân,94280
GD202609018486,2026-09-09 14:35:01,KH000195,Internet Banking,Thanh toán hóa đơn,104000,0,Thành công,CN TP Hồ Chí Minh,209917
GD202609018266,2026-09-09 15:02:20,KH000192,Quầy giao dịch,Nhận lương,20843704,0,Thành công,CN Cần Thơ,191982623
GD202609003921,2026-09-09 15:17:41,KH000038,Quầy giao dịch,Nhận lương,11601570,0,Thành công,CN TP Hồ Chí Minh,100495660
GD202609016825,2026-09-09 15:17:54,KH000181,QR Code,Thanh toán thẻ,193000,0,Thành công,CN Thanh Xuân,174820
GD202609014936,2026-09-09 15:21:01,KH000159,Internet Banking,Chuyển khoản đến,6280000,0,Thành công,CN Cần Thơ,90801830
GD202609008348,2026-09-09 15:43:59,KH000084,Internet Banking,Thanh toán thẻ,637000,0,Thành công,CN Cần Thơ,17048061
GD202609018658,2026-09-09 16:01:35,KH000197,POS,Thanh toán thẻ,1635000,0,Thành công,CN Đà Nẵng,91422015
GD202609012978,2026-09-09 16:01:42,KH000132,QR Code,Chuyển khoản đến,1742000,0,Thành công,CN Quận 1,29345992
GD202609008347,2026-09-09 16:05:04,KH000084,Quầy giao dịch,Nhận lương,8883675,0,Thành công,CN Thanh Xuân,17685061
GD202609011439,2026-09-09 16:07:32,KH000119,POS,Thanh toán thẻ,55000,3300,Thành công,CN Đà Nẵng,65683575
GD202609000455,2026-09-09 16:18:21,KH000008,QR Code,Nạp tiền điện thoại,6417000,0,Thành công,CN Bình Dương,41468555
GD202609009769,2026-09-09 16:42:50,KH000099,QR Code,Thanh toán thẻ,720000,0,Thành công,CN Đà Nẵng,48803975
GD202609002957,2026-09-09 16:51:40,KH000027,QR Code,Thanh toán thẻ,3248000,0,Thành công,CN Bình Dương,20360813
GD202609002751,2026-09-09 17:16:25,KH000025,Internet Banking,Nạp tiền điện thoại,111000,0,Thành công,CN Bình Dương,153531
GD202609005950,2026-09-09 17:20:22,KH000061,Quầy giao dịch,Nhận lương,8363772,0,Thành công,CN Thanh Xuân,13420132
GD202609004766,2026-09-09 17:38:32,KH000051,POS,Nạp tiền điện thoại,218000,0,Thành công,CN Cầu Giấy,739456
GD202609004459,2026-09-09 17:48:34,KH000045,POS,Thanh toán thẻ,1878000,1100,Thành công,CN Hải Phòng,55122682
GD202609000698,2026-09-09 18:51:56,KH000010,Internet Banking,Nộp tiền mặt,329000,0,Thành công,CN Quận 1,17150319
GD202609012501,2026-09-09 19:17:53,KH000130,Quầy giao dịch,Nhận lương,11431529,0,Thành công,CN Thanh Xuân,38842188
GD202609003466,2026-09-09 19:32:17,KH000032,Quầy giao dịch,Nhận lương,11364577,0,Thành công,CN Hoàn Kiếm,101779605
GD202609002956,2026-09-09 19:47:12,KH000027,Quầy giao dịch,Nhận lương,16112601,0,Thành công,CN Quận 1,23608813
GD202609017374,2026-09-09 20:07:50,KH000183,POS,Thanh toán thẻ,4277000,5500,Thành công,CN TP Hồ Chí Minh,53988193
GD202609018175,2026-09-09 20:22:58,KH000191,Internet Banking,Thanh toán thẻ,5348000,0,Thất bại,CN Hoàn Kiếm,19177441
GD202609002478,2026-09-09 20:56:07,KH000023,QR Code,Thanh toán thẻ,1428000,0,Thành công,CN Quận 1,33693887
GD202609007747,2026-09-09 21:09:51,KH000079,Quầy giao dịch,Nhận lương,31435768,0,Thành công,CN Cầu Giấy,41900832
GD202609002477,2026-09-09 21:25:01,KH000023,Quầy giao dịch,Nhận lương,20625276,0,Thành công,CN Đà Nẵng,35121887
GD202609018485,2026-09-09 21:43:42,KH000195,Internet Banking,Chuyển khoản đến,59000,0,Thành công,CN Quận 1,313917
GD202609006645,2026-09-09 21:44:53,KH000067,Quầy giao dịch,Nạp tiền điện thoại,726000,3300,Thành công,CN Hải Phòng,3224199
GD202609011875,2026-09-09 22:10:09,KH000125,Internet Banking,Chuyển khoản đi,167000,0,Thành công,CN Hải Phòng,101036
GD202609014171,2026-09-09 22:11:57,KH000150,Quầy giao dịch,Nhận lương,16320487,0,Thành công,CN Quận 1,58109036
GD202609012979,2026-09-09 22:51:23,KH000132,QR Code,Thanh toán thẻ,6494000,0,Thành công,CN Quận 1,22851992
GD202609004705,2026-09-09 22:54:49,KH000050,Mobile Banking,Rút tiền mặt,1837000,0,Thành công,CN TP Hồ Chí Minh,11535466
GD202609017062,2026-09-10 06:22:37,KH000182,Internet Banking,Rút tiền mặt,11639000,0,Thành công,CN Hải Phòng,21706383
GD202609018009,2026-09-10 06:51:21,KH000190,Quầy giao dịch,Nhận lương,57573794,0,Thành công,CN Cần Thơ,250713651
GD202609004237,2026-09-10 06:55:29,KH000042,Quầy giao dịch,Nhận lương,11388518,0,Thành công,CN Quận 1,46624932
GD202609002479,2026-09-10 06:56:16,KH000023,Internet Banking,Chuyển khoản đến,5279000,0,Thành công,CN TP Hồ Chí Minh,38972887
GD202609008605,2026-09-10 07:10:24,KH000087,Internet Banking,Chuyển khoản đến,143000,0,Thành công,CN Quận 1,393326
GD202609012323,2026-09-10 07:19:14,KH000128,Mobile Banking,Chuyển khoản đến,212000,0,Thành công,CN Đà Nẵng,73149305
GD202609013332,2026-09-10 07:36:08,KH000137,POS,Thanh toán thẻ,4885000,0,Thành công,CN Quận 1,29579361
GD202609017939,2026-09-10 07:37:05,KH000189,Mobile Banking,Thanh toán thẻ,20013000,0,Thành công,CN Quận 1,106548102
GD202609014524,2026-09-10 07:58:40,KH000153,QR Code,Thanh toán thẻ,193000,0,Thành công,CN TP Hồ Chí Minh,473641
GD202609010380,2026-09-10 08:19:20,KH000108,Internet Banking,Nạp tiền điện thoại,228000,0,Thành công,CN Hải Phòng,102775900
GD202609002337,2026-09-10 08:52:29,KH000021,Internet Banking,Nạp tiền điện thoại,840000,0,Thành công,CN Quận 1,75049442
GD202609002958,2026-09-10 09:05:43,KH000027,Mobile Banking,Thanh toán thẻ,5141000,0,Thành công,CN Hoàn Kiếm,15219813
GD202609009584,2026-09-10 09:12:14,KH000097,Mobile Banking,Thanh toán hóa đơn,110000,0,Thành công,CN Quận 1,207549
GD202609007080,2026-09-10 09:23:03,KH000074,POS,Chuyển khoản đi,1230000,1100,Thành công,CN Quận 1,32143157
GD202609016694,2026-09-10 09:54:23,KH000180,Quầy giao dịch,Nhận lương,11907499,0,Thành công,CN Hải Phòng,77127303
GD202609004995,2026-09-10 10:15:56,KH000052,Mobile Banking,Thanh toán thẻ,168000,0,Thành công,CN Hải Phòng,296206
GD202609007544,2026-09-10 11:46:49,KH000078,Quầy giao dịch,Nhận lương,21484662,0,Thành công,CN Bình Dương,72410497
GD202609003922,2026-09-10 12:16:54,KH000038,Internet Banking,Chuyển khoản đi,2930000,0,Thành công,CN Hải Phòng,97565660
GD202609008032,2026-09-10 12:57:29,KH000082,Quầy giao dịch,Nhận lương,10246167,0,Thành công,CN Hoàn Kiếm,30723089
GD202609004707,2026-09-10 12:57:44,KH000050,POS,Thanh toán thẻ,4124000,1100,Thành công,CN Bình Dương,17683000
GD202609011441,2026-09-10 13:05:40,KH000119,Internet Banking,Chuyển khoản đến,104000,0,Thành công,CN Cầu Giấy,65644575
GD202609018010,2026-09-10 13:44:57,KH000190,Quầy giao dịch,Chuyển khoản đi,30414000,5500,Thành công,CN Thanh Xuân,220294151
GD202609008606,2026-09-10 13:48:32,KH000087,Internet Banking,Nộp tiền mặt,69000,0,Thành công,CN Quận 1,462326
GD202609012169,2026-09-10 13:54:31,KH000127,Internet Banking,Nộp tiền mặt,3346000,0,Thành công,CN Hải Phòng,21313920
GD202609004080,2026-09-10 14:03:56,KH000040,Quầy giao dịch,Nhận lương,10480751,0,Thành công,CN Cần Thơ,35177980
GD202609007421,2026-09-10 14:07:11,KH000077,POS,Thanh toán thẻ,1056000,0,Thành công,CN Hải Phòng,4804681
GD202609004997,2026-09-10 15:04:00,KH000052,Internet Banking,Nộp tiền mặt,119000,0,Thành công,CN Cần Thơ,290706
GD202609007748,2026-09-10 15:32:06,KH000079,Mobile Banking,Thanh toán hóa đơn,4212000,0,Thành công,CN Hải Phòng,37688832
GD202609009410,2026-09-10 15:32:10,KH000096,POS,Thanh toán thẻ,8272000,5500,Thành công,CN Cần Thơ,52775344
GD202609002363,2026-09-10 15:54:31,KH000022,Quầy giao dịch,Nhận lương,11215875,0,Thành công,CN TP Hồ Chí Minh,61121667
GD202609017938,2026-09-10 15:54:59,KH000189,Internet Banking,Thanh toán thẻ,4838000,0,Thành công,CN Cần Thơ,126561102
GD202609017772,2026-09-10 16:09:07,KH000187,Quầy giao dịch,Nhận lương,15187136,0,Thành công,CN Hải Phòng,35595112
GD202609017378,2026-09-10 16:29:31,KH000183,Mobile Banking,Thanh toán thẻ,2769000,0,Thành công,CN TP Hồ Chí Minh,40080193
GD202609001744,2026-09-10 16:39:09,KH000018,Mobile Banking,Thanh toán thẻ,256000,0,Thành công,CN Quận 1,76686551
GD202609015979,2026-09-10 16:44:10,KH000172,POS,Thanh toán thẻ,643000,5500,Thành công,CN Hải Phòng,5299665
GD202609008349,2026-09-10 17:05:44,KH000084,Mobile Banking,Rút tiền mặt,2611000,0,Thành công,CN Hải Phòng,14437061
GD202609008144,2026-09-10 17:09:14,KH000083,Quầy giao dịch,Nhận lương,8879512,0,Thành công,CN Hoàn Kiếm,81478375
GD202609007079,2026-09-10 17:31:48,KH000074,Quầy giao dịch,Nhận lương,8655003,0,Thành công,CN Cần Thơ,33374257
GD202609014070,2026-09-10 17:35:05,KH000148,QR Code,Thanh toán thẻ,446000,0,Thành công,CN Hải Phòng,84529560
GD202609013401,2026-09-10 17:43:18,KH000138,Quầy giao dịch,Nạp tiền điện thoại,3821000,1100,Thất bại,CN Hoàn Kiếm,15235385
GD202609015010,2026-09-10 17:46:25,KH000160,Quầy giao dịch,Nhận lương,11299287,0,Thành công,CN Đà Nẵng,96097863
GD202609004238,2026-09-10 17:47:26,KH000042,ATM,Chuyển khoản đi,2056000,3300,Thành công,CN Hải Phòng,44565632
GD202609017377,2026-09-10 18:12:37,KH000183,Mobile Banking,Nộp tiền mặt,8739000,0,Thành công,CN Cần Thơ,42849193
GD202609004081,2026-09-10 18:15:02,KH000040,QR Code,Chuyển khoản đến,149000,0,Thành công,CN Đà Nẵng,35326980
GD202609003124,2026-09-10 18:21:23,KH000028,Quầy giao dịch,Nhận lương,11397249,0,Thành công,CN Bình Dương,56279840
GD202609017774,2026-09-10 18:29:44,KH000187,Internet Banking,Thanh toán thẻ,6464000,0,Thành công,CN Thanh Xuân,39273112
GD202609004996,2026-09-10 19:17:27,KH000052,POS,Thanh toán hóa đơn,119000,5500,Thành công,CN Quận 1,171706
GD202609010120,2026-09-10 19:43:21,KH000104,POS,Thanh toán thẻ,3627000,0,Thành công,CN Hải Phòng,15256570
GD202609003693,2026-09-10 19:43:43,KH000034,Quầy giao dịch,Nhận lương,8203566,0,Thành công,CN Cần Thơ,63536521
GD202609015812,2026-09-10 19:44:38,KH000171,QR Code,Thanh toán thẻ,83000,0,Thành công,CN Hải Phòng,216751
GD202609010303,2026-09-10 20:35:55,KH000107,Quầy giao dịch,Nhận lương,9511013,0,Thành công,CN Bình Dương,90763107
GD202609013649,2026-09-10 20:58:28,KH000142,POS,Thanh toán thẻ,15675000,0,Thành công,CN Quận 1,64169575
GD202609001235,2026-09-10 21:00:40,KH000014,QR Code,Nạp tiền điện thoại,20034000,0,Thành công,CN Bình Dương,65868793
GD202609017937,2026-09-10 21:03:33,KH000189,Quầy giao dịch,Thanh toán hóa đơn,5315000,1100,Thành công,CN Thanh Xuân,131399102
GD202609002552,2026-09-10 21:12:26,KH000024,Quầy giao dịch,Nhận lương,11395749,0,Thành công,CN Thanh Xuân,115084207
GD202609017565,2026-09-10 21:13:23,KH000185,Quầy giao dịch,Nhận lương,22536002,0,Thành công,CN Thanh Xuân,64968673
GD202609011876,2026-09-10 21:45:12,KH000125,Internet Banking,Chuyển khoản đến,145000,0,Thành công,CN Đà Nẵng,246036
GD202609007081,2026-09-10 22:01:15,KH000074,Mobile Banking,Nộp tiền mặt,1374000,0,Thành công,CN Hải Phòng,33517157
GD202609017376,2026-09-10 22:01:40,KH000183,Mobile Banking,Chuyển khoản đi,5108000,0,Thành công,CN Thanh Xuân,34110193
GD202609018299,2026-09-10 22:04:40,KH000193,Quầy giao dịch,Nhận lương,29090262,0,Thành công,CN Đà Nẵng,393566403
GD202609001569,2026-09-10 22:10:53,KH000016,Quầy giao dịch,Chuyển khoản đi,187000,5500,Thành công,CN Đà Nẵng,161007
GD202609017773,2026-09-10 22:19:29,KH000187,QR Code,Chuyển khoản đến,10142000,0,Thành công,CN Đà Nẵng,45737112
GD202609016172,2026-09-10 22:30:07,KH000175,Quầy giao dịch,Nhận lương,9429362,0,Thành công,CN Hải Phòng,33169101
GD202609018487,2026-09-10 22:33:10,KH000195,QR Code,Thanh toán thẻ,96000,0,Thành công,CN Hoàn Kiếm,113917
GD202609016354,2026-09-10 22:37:15,KH000176,QR Code,Chuyển khoản đi,1154000,0,Thành công,CN Hải Phòng,66690989
GD202609004706,2026-09-10 22:38:26,KH000050,Quầy giao dịch,Nhận lương,10272634,0,Thành công,CN Hoàn Kiếm,21808100
GD202609011237,2026-09-10 22:45:41,KH000118,POS,Thanh toán hóa đơn,5604000,3300,Thành công,CN Quận 1,13150163
GD202609004998,2026-09-11 06:04:58,KH000052,Mobile Banking,Chuyển khoản đến,153000,0,Thành công,CN Thanh Xuân,443706
GD202609017940,2026-09-11 06:08:56,KH000189,Mobile Banking,Chuyển khoản đi,20993000,0,Thành công,CN Hải Phòng,85555102
GD202609012735,2026-09-11 06:11:33,KH000131,Internet Banking,Chuyển khoản đi,193000,0,Thành công,CN Bình Dương,190780
GD202609011877,2026-09-11 06:15:43,KH000125,Quầy giao dịch,Chuyển khoản đến,71000,5500,Thành công,CN Hải Phòng,317036
GD202609016585,2026-09-11 06:45:12,KH000179,POS,Nộp tiền mặt,10250000,3300,Thành công,CN Hải Phòng,210675715
GD202609011238,2026-09-11 06:47:39,KH000118,QR Code,Nạp tiền điện thoại,2220000,0,Thành công,CN Cần Thơ,10930163
GD202609013650,2026-09-11 07:34:09,KH000142,ATM,Rút tiền mặt,1360000,1100,Thành công,CN Hoàn Kiếm,62808475
GD202609009585,2026-09-11 07:45:24,KH000097,QR Code,Rút tiền mặt,163000,0,Thành công,CN Đà Nẵng,289049
GD202609011115,2026-09-11 08:03:39,KH000117,Mobile Banking,Thanh toán thẻ,81000,0,Thành công,CN Bình Dương,100694867
GD202609015200,2026-09-11 08:07:24,KH000162,POS,Thanh toán thẻ,189000,5500,Thành công,CN Đà Nẵng,352303
GD202609002753,2026-09-11 08:10:16,KH000025,Mobile Banking,Nộp tiền mặt,118000,0,Thành công,CN Hải Phòng,455531
GD202609004708,2026-09-11 08:25:46,KH000050,POS,Thanh toán thẻ,2513000,5500,Thành công,CN TP Hồ Chí Minh,15164500
GD202609010123,2026-09-11 08:28:48,KH000104,Internet Banking,Thanh toán thẻ,2045000,0,Thành công,CN Thanh Xuân,6709570
GD202609012324,2026-09-11 09:42:47,KH000128,POS,Thanh toán thẻ,419000,5500,Thành công,CN Bình Dương,72724805
GD202609001980,2026-09-11 11:06:46,KH000019,Internet Banking,Thanh toán thẻ,2377000,0,Thành công,CN Bình Dương,8616779
GD202609008145,2026-09-11 11:49:05,KH000083,QR Code,Nạp tiền điện thoại,94000,0,Thành công,CN Cần Thơ,81384375
GD202609010124,2026-09-11 12:12:37,KH000104,QR Code,Chuyển khoản đến,1732000,0,Thành công,CN Hoàn Kiếm,8441570
GD202609012503,2026-09-11 12:40:14,KH000130,Mobile Banking,Thanh toán hóa đơn,1702000,0,Thành công,CN TP Hồ Chí Minh,38611188
GD202609002752,2026-09-11 12:40:44,KH000025,QR Code,Nộp tiền mặt,184000,0,Thành công,CN Cầu Giấy,337531
GD202609006458,2026-09-11 12:45:20,KH000065,Internet Banking,Thanh toán thẻ,27183000,0,Thành công,CN Đà Nẵng,70389643
GD202609017379,2026-09-11 13:19:36,KH000183,Mobile Banking,Thanh toán thẻ,2347000,0,Thành công,CN Cầu Giấy,37733193
GD202609005453,2026-09-11 13:29:07,KH000057,Internet Banking,Thanh toán thẻ,7035000,0,Thành công,CN Cần Thơ,64388287
GD202609001236,2026-09-11 13:41:06,KH000014,Internet Banking,Thanh toán thẻ,4261000,0,Thất bại,CN Cầu Giấy,65868793
GD202609007422,2026-09-11 14:15:07,KH000077,POS,Thanh toán thẻ,421000,3300,Thành công,CN Quận 1,4380381
GD202609001570,2026-09-11 14:15:20,KH000016,POS,Thanh toán thẻ,99000,5500,Thành công,CN Cần Thơ,56507
GD202609015980,2026-09-11 14:16:11,KH000172,POS,Thanh toán thẻ,263000,3300,Thành công,CN Đà Nẵng,5033365
GD202609000456,2026-09-11 14:26:33,KH000008,QR Code,Rút tiền mặt,9660000,0,Thành công,CN Hải Phòng,31808555
GD202609010122,2026-09-11 14:34:43,KH000104,QR Code,Thanh toán thẻ,2361000,0,Thành công,CN Hoàn Kiếm,8754570
GD202609002221,2026-09-11 15:15:46,KH000020,Mobile Banking,Thanh toán thẻ,4028000,0,Thành công,CN TP Hồ Chí Minh,73644813
GD202609000699,2026-09-11 15:24:44,KH000010,POS,Thanh toán thẻ,1754000,5500,Thành công,CN Hoàn Kiếm,15390819
GD202609009167,2026-09-11 15:56:38,KH000094,Internet Banking,Thanh toán thẻ,783000,0,Thành công,CN Bình Dương,64732631
GD202609015486,2026-09-11 16:28:19,KH000166,POS,Chuyển khoản đến,28162000,1100,Thành công,CN Thanh Xuân,254652954
GD202609015981,2026-09-11 18:49:14,KH000172,POS,Thanh toán thẻ,843000,1100,Thành công,CN Đà Nẵng,4189265
GD202609002220,2026-09-11 18:52:53,KH000020,Mobile Banking,Nạp tiền điện thoại,41804000,0,Thành công,CN TP Hồ Chí Minh,77672813
GD202609017380,2026-09-11 19:02:48,KH000183,POS,Thanh toán thẻ,5880000,0,Thành công,CN TP Hồ Chí Minh,31853193
GD202609018718,2026-09-11 19:26:03,KH000198,ATM,Chuyển khoản đi,2976000,0,Thành công,CN Đà Nẵng,7355988
GD202609012980,2026-09-11 19:45:45,KH000132,Mobile Banking,Thanh toán hóa đơn,3647000,0,Thành công,CN Cần Thơ,19204992
GD202609002364,2026-09-11 20:21:43,KH000022,Mobile Banking,Chuyển khoản đến,4594000,0,Thành công,CN Bình Dương,65715667
GD202609010121,2026-09-11 20:28:12,KH000104,QR Code,Thanh toán thẻ,4141000,0,Thành công,CN TP Hồ Chí Minh,11115570
GD202609010955,2026-09-11 20:52:02,KH000115,Quầy giao dịch,Rút tiền mặt,4255000,0,Thành công,CN Quận 1,29708269
GD202609011442,2026-09-11 21:47:06,KH000119,Internet Banking,Thanh toán thẻ,140000,0,Thành công,CN Hoàn Kiếm,65504575
GD202609017063,2026-09-11 21:59:44,KH000182,QR Code,Nộp tiền mặt,2582000,0,Thành công,CN TP Hồ Chí Minh,24288383
GD202609008350,2026-09-11 22:02:25,KH000084,Internet Banking,Thanh toán thẻ,1387000,0,Thành công,CN Bình Dương,13050061
GD202609014937,2026-09-11 22:11:02,KH000159,Internet Banking,Thanh toán thẻ,4097000,0,Thành công,CN Cần Thơ,86704830
GD202609005519,2026-09-11 22:53:56,KH000058,POS,Thanh toán thẻ,8355000,3300,Thành công,CN Hoàn Kiếm,242522478
GD202609000457,2026-09-12 06:40:31,KH000008,POS,Thanh toán thẻ,1085000,3300,Thành công,CN Quận 1,30720255
GD202609009168,2026-09-12 07:00:41,KH000094,QR Code,Nộp tiền mặt,437000,0,Thành công,CN Quận 1,65169631
GD202609004082,2026-09-12 07:20:13,KH000040,Mobile Banking,Nạp tiền điện thoại,1588000,0,Thành công,CN TP Hồ Chí Minh,33738980
GD202609010125,2026-09-12 07:26:04,KH000104,QR Code,Chuyển khoản đi,437000,0,Thành công,CN Thanh Xuân,8004570
GD202609012170,2026-09-12 08:18:47,KH000127,QR Code,Nộp tiền mặt,5351000,0,Thành công,CN Bình Dương,26664920
GD202609000700,2026-09-12 08:44:21,KH000010,POS,Thanh toán thẻ,4998000,0,Thất bại,CN Bình Dương,15390819
GD202609009868,2026-09-12 09:07:58,KH000101,Quầy giao dịch,Chuyển khoản đi,9221000,1100,Thành công,CN Hải Phòng,99721939
GD202609000458,2026-09-12 09:16:42,KH000008,Internet Banking,Chuyển khoản đi,6447000,0,Thành công,CN Quận 1,24273255
GD202609008352,2026-09-12 11:06:56,KH000084,Mobile Banking,Thanh toán thẻ,1099000,0,Thành công,CN Cầu Giấy,9424061
GD202609010611,2026-09-12 11:42:02,KH000111,Quầy giao dịch,Rút tiền mặt,15922000,1100,Thành công,CN TP Hồ Chí Minh,40203248
GD202609008033,2026-09-12 12:27:02,KH000082,QR Code,Nộp tiền mặt,3517000,0,Thành công,CN Cần Thơ,34240089
GD202609016826,2026-09-12 12:56:43,KH000181,ATM,Rút tiền mặt,148000,3300,Thành công,CN Cầu Giấy,245520
GD202609007423,2026-09-12 13:12:26,KH000077,POS,Rút tiền mặt,681000,3300,Thành công,CN Đà Nẵng,3696081
GD202609004767,2026-09-12 13:26:56,KH000051,Quầy giao dịch,Nạp tiền điện thoại,208000,3300,Thành công,CN Hải Phòng,528156
GD202609012737,2026-09-12 13:33:14,KH000131,Internet Banking,Thanh toán thẻ,79000,0,Thành công,CN Quận 1,146280
GD202609015982,2026-09-12 14:13:44,KH000172,POS,Thanh toán thẻ,604000,3300,Thành công,CN Cần Thơ,3581965
GD202609008146,2026-09-12 14:20:44,KH000083,ATM,Chuyển khoản đến,467000,5500,Thành công,CN Bình Dương,81851375
GD202609008351,2026-09-12 14:57:52,KH000084,QR Code,Nạp tiền điện thoại,2527000,0,Thành công,CN Quận 1,10523061
GD202609013898,2026-09-12 14:59:59,KH000145,POS,Thanh toán thẻ,349000,5500,Thành công,CN Quận 1,101277313
GD202609009770,2026-09-12 15:16:15,KH000099,QR Code,Thanh toán thẻ,1243000,0,Thành công,CN Hoàn Kiếm,47560975
GD202609003694,2026-09-12 15:20:39,KH000034,Mobile Banking,Thanh toán thẻ,1803000,0,Thành công,CN Bình Dương,61733521
GD202609006589,2026-09-12 15:26:40,KH000066,Internet Banking,Chuyển khoản đến,1156000,0,Thành công,CN Bình Dương,162677929
GD202609002959,2026-09-12 15:41:33,KH000027,Internet Banking,Rút tiền mặt,713000,0,Thành công,CN Cần Thơ,14506813
GD202609016355,2026-09-12 15:54:54,KH000176,QR Code,Thanh toán hóa đơn,491000,0,Thành công,CN Quận 1,66199989
GD202609000087,2026-09-12 16:02:30,KH000003,ATM,Chuyển khoản đến,10424000,3300,Thành công,CN Cần Thơ,412037266
GD202609012736,2026-09-12 16:12:35,KH000131,QR Code,Chuyển khoản đi,84000,0,Thành công,CN Thanh Xuân,106780
GD202609002754,2026-09-12 16:13:06,KH000025,Internet Banking,Chuyển khoản đến,66000,0,Thành công,CN Hoàn Kiếm,521531
GD202609005655,2026-09-12 17:16:48,KH000059,Internet Banking,Chuyển khoản đi,8938000,0,Thành công,CN Đà Nẵng,158080561
GD202609012171,2026-09-12 17:57:46,KH000127,Internet Banking,Thanh toán hóa đơn,8112000,0,Thành công,CN Cầu Giấy,18552920
GD202609013333,2026-09-12 18:21:58,KH000137,POS,Thanh toán thẻ,9798000,5500,Thành công,CN TP Hồ Chí Minh,19775861
GD202609017381,2026-09-12 18:34:10,KH000183,QR Code,Thanh toán thẻ,10263000,0,Thành công,CN TP Hồ Chí Minh,21590193
GD202609000206,2026-09-12 18:40:44,KH000005,Internet Banking,Nộp tiền mặt,120000,0,Thành công,CN Hải Phòng,368430
GD202609009411,2026-09-12 18:53:37,KH000096,Internet Banking,Thanh toán hóa đơn,5790000,0,Thành công,CN Đà Nẵng,46985344
GD202609001571,2026-09-12 20:15:10,KH000016,Internet Banking,Nộp tiền mặt,172000,0,Thành công,CN Hoàn Kiếm,228507
GD202609018176,2026-09-12 20:46:59,KH000191,Internet Banking,Nạp tiền điện thoại,5137000,0,Thành công,CN Hải Phòng,14040441
GD202609001981,2026-09-12 21:09:38,KH000019,QR Code,Chuyển khoản đến,1960000,0,Thành công,CN TP Hồ Chí Minh,10576779
GD202609011878,2026-09-12 21:48:17,KH000125,Mobile Banking,Thanh toán thẻ,182000,0,Thành công,CN TP Hồ Chí Minh,135036
GD202609018488,2026-09-12 22:05:18,KH000195,POS,Thanh toán thẻ,189000,3300,Thành công,CN Bình Dương,205117
GD202609012325,2026-09-12 22:17:06,KH000128,Mobile Banking,Chuyển khoản đi,153000,0,Thành công,CN Cầu Giấy,72571805
GD202609016356,2026-09-13 06:18:31,KH000176,Mobile Banking,Nạp tiền điện thoại,397000,0,Thành công,CN Cần Thơ,65802989
GD202609010956,2026-09-13 06:59:29,KH000115,QR Code,Chuyển khoản đến,765000,0,Thành công,CN Hoàn Kiếm,30473269
GD202609015201,2026-09-13 07:20:40,KH000162,POS,Thanh toán thẻ,199000,1100,Thành công,CN Hải Phòng,152203
GD202609015202,2026-09-13 07:49:43,KH000162,Mobile Banking,Rút tiền mặt,168000,0,Thành công,CN Cầu Giấy,236203
GD202609005953,2026-09-13 08:03:22,KH000061,Mobile Banking,Chuyển khoản đi,804000,0,Thành công,CN Bình Dương,8318032
GD202609008353,2026-09-13 08:05:51,KH000084,Internet Banking,Nộp tiền mặt,2072000,0,Thành công,CN Bình Dương,11496061
GD202609009586,2026-09-13 08:19:06,KH000097,Internet Banking,Thanh toán hóa đơn,171000,0,Thành công,CN Hoàn Kiếm,118049
GD202609005952,2026-09-13 08:57:01,KH000061,POS,Thanh toán thẻ,2074000,1100,Thành công,CN Quận 1,9122032
GD202609007424,2026-09-13 08:58:12,KH000077,QR Code,Thanh toán thẻ,1221000,0,Thành công,CN Bình Dương,2475081
GD202609010381,2026-09-13 09:25:24,KH000108,QR Code,Chuyển khoản đến,271000,0,Thành công,CN Đà Nẵng,103046900
GD202609018177,2026-09-13 09:58:51,KH000191,QR Code,Nộp tiền mặt,1536000,0,Thành công,CN Đà Nẵng,15576441
GD202609002222,2026-09-13 10:36:03,KH000020,QR Code,Chuyển khoản đi,13466000,0,Thành công,CN Hoàn Kiếm,60178813
GD202609014525,2026-09-13 10:38:18,KH000153,QR Code,Chuyển khoản đến,130000,0,Thành công,CN Hải Phòng,603641
GD202609001745,2026-09-13 11:05:53,KH000018,POS,Thanh toán hóa đơn,1080000,3300,Thành công,CN Bình Dương,75603251
GD202609011879,2026-09-13 11:15:33,KH000125,Internet Banking,Thanh toán thẻ,123000,0,Thành công,CN Đà Nẵng,196536
GD202609005656,2026-09-13 11:49:08,KH000059,Internet Banking,Thanh toán thẻ,37511000,0,Thành công,CN Cần Thơ,120569561
GD202609000838,2026-09-13 13:06:17,KH000011,Internet Banking,Chuyển khoản đến,3361000,0,Thành công,CN Thanh Xuân,115948763
GD202609008034,2026-09-13 13:11:16,KH000082,Internet Banking,Thanh toán thẻ,3477000,0,Thành công,CN Đà Nẵng,30763089
GD202609011116,2026-09-13 13:21:14,KH000117,POS,Chuyển khoản đến,403000,1100,Thành công,CN Hoàn Kiếm,101097867
GD202609002756,2026-09-13 14:14:25,KH000025,QR Code,Nộp tiền mặt,100000,0,Thành công,CN TP Hồ Chí Minh,475531
GD202609008441,2026-09-13 14:19:52,KH000085,Quầy giao dịch,Thanh toán hóa đơn,2187000,1100,Thành công,CN Bình Dương,4264389
GD202609017065,2026-09-13 14:46:35,KH000182,QR Code,Thanh toán thẻ,4311000,0,Thành công,CN Cần Thơ,20665383
GD202609018011,2026-09-13 14:51:09,KH000190,Mobile Banking,Nộp tiền mặt,20577000,0,Thành công,CN Hoàn Kiếm,240871151
GD202609005657,2026-09-13 15:03:55,KH000059,QR Code,Nộp tiền mặt,9354000,0,Thành công,CN Quận 1,129923561
GD202609011239,2026-09-13 15:39:23,KH000118,Quầy giao dịch,Nộp tiền mặt,1627000,0,Thành công,CN TP Hồ Chí Minh,12557163
GD202609017064,2026-09-13 15:43:39,KH000182,QR Code,Chuyển khoản đến,688000,0,Thành công,CN Quận 1,24976383
GD202609008035,2026-09-13 16:09:47,KH000082,Mobile Banking,Chuyển khoản đi,2603000,0,Thành công,CN Hoàn Kiếm,28160089
GD202609009587,2026-09-13 16:18:52,KH000097,Internet Banking,Chuyển khoản đến,181000,0,Thành công,CN Hoàn Kiếm,299049
GD202609012738,2026-09-13 17:14:28,KH000131,Internet Banking,Rút tiền mặt,149000,0,Thành công,CN TP Hồ Chí Minh,220780
GD202609007749,2026-09-13 17:28:42,KH000079,Mobile Banking,Chuyển khoản đến,10974000,0,Thành công,CN Bình Dương,48662832
GD202609010126,2026-09-13 18:20:30,KH000104,Internet Banking,Thanh toán thẻ,54000,0,Thành công,CN Thanh Xuân,7950570
GD202609017941,2026-09-13 18:40:13,KH000189,Mobile Banking,Nộp tiền mặt,23129000,0,Thành công,CN Hải Phòng,108684102
GD202609002755,2026-09-13 20:19:59,KH000025,POS,Thanh toán thẻ,146000,0,Thành công,CN Bình Dương,375531
GD202609010513,2026-09-13 20:31:40,KH000110,Mobile Banking,Thanh toán thẻ,3137000,0,Thành công,CN Thanh Xuân,50292998
GD202609002223,2026-09-13 20:52:21,KH000020,QR Code,Nộp tiền mặt,19996000,0,Thành công,CN Thanh Xuân,80174813
GD202609013495,2026-09-13 21:02:33,KH000140,Quầy giao dịch,Thanh toán hóa đơn,1488000,0,Thành công,CN Đà Nẵng,23570836
GD202609008607,2026-09-13 21:24:54,KH000087,QR Code,Nạp tiền điện thoại,61000,0,Thành công,CN TP Hồ Chí Minh,401326
GD202609005332,2026-09-13 21:48:58,KH000056,ATM,Nạp tiền điện thoại,3903000,0,Thành công,CN Cần Thơ,96187533
GD202609006590,2026-09-13 21:52:33,KH000066,QR Code,Chuyển khoản đi,4899000,0,Thành công,CN TP Hồ Chí Minh,157778929
GD202609007750,2026-09-13 22:35:57,KH000079,POS,Thanh toán thẻ,6435000,0,Thành công,CN Bình Dương,42227832
GD202609010127,2026-09-13 22:54:16,KH000104,Internet Banking,Thanh toán thẻ,2562000,0,Thành công,CN Thanh Xuân,5388570
GD202609018764,2026-09-14 06:06:20,KH000199,POS,Thanh toán thẻ,45865000,1100,Thành công,CN Đà Nẵng,334423019
GD202609009588,2026-09-14 06:15:46,KH000097,Internet Banking,Thanh toán thẻ,59000,0,Thành công,CN Cầu Giấy,240049
GD202609010861,2026-09-14 06:57:37,KH000114,Mobile Banking,Thanh toán thẻ,1075000,0,Thành công,CN Bình Dương,85042573
GD202609004999,2026-09-14 07:11:18,KH000052,POS,Thanh toán thẻ,174000,1100,Thành công,CN Bình Dương,268606
GD202609004300,2026-09-14 07:16:26,KH000043,ATM,Chuyển khoản đến,338000,3300,Thành công,CN Quận 1,86919616
GD202609002757,2026-09-14 07:35:10,KH000025,Mobile Banking,Chuyển khoản đi,101000,0,Thành công,CN TP Hồ Chí Minh,374531
GD202609004563,2026-09-14 08:00:33,KH000047,Quầy giao dịch,Nộp tiền mặt,2371000,0,Thành công,CN Cầu Giấy,140957643
GD202609006591,2026-09-14 08:24:53,KH000066,POS,Thanh toán thẻ,2652000,1100,Thành công,CN Thanh Xuân,155125829
GD202609004460,2026-09-14 08:30:43,KH000045,QR Code,Thanh toán thẻ,1145000,0,Thành công,CN Bình Dương,53977682
GD202609011880,2026-09-14 09:55:07,KH000125,Internet Banking,Thanh toán thẻ,120000,0,Thành công,CN Đà Nẵng,76536
GD202609006223,2026-09-14 10:00:53,KH000063,Quầy giao dịch,Chuyển khoản đến,1103000,3300,Thành công,CN Hoàn Kiếm,84507373
GD202609015203,2026-09-14 10:07:30,KH000162,Internet Banking,Thanh toán thẻ,143000,0,Thành công,CN TP Hồ Chí Minh,93203
GD202609002758,2026-09-14 10:10:15,KH000025,QR Code,Chuyển khoản đến,195000,0,Thành công,CN Hải Phòng,569531
GD202609007425,2026-09-14 10:44:15,KH000077,Internet Banking,Chuyển khoản đến,862000,0,Thành công,CN TP Hồ Chí Minh,3337081
GD202609000840,2026-09-14 10:47:27,KH000011,Mobile Banking,Nộp tiền mặt,716000,0,Thành công,CN Cần Thơ,119506763
GD202609005001,2026-09-14 11:24:30,KH000052,POS,Thanh toán thẻ,173000,3300,Thành công,CN Thanh Xuân,214806
GD202609008744,2026-09-14 11:34:00,KH000090,Quầy giao dịch,Thanh toán hóa đơn,15885000,3300,Thành công,CN TP Hồ Chí Minh,29761396
GD202609008036,2026-09-14 12:48:32,KH000082,Internet Banking,Thanh toán hóa đơn,2094000,0,Thành công,CN Hải Phòng,26066089
GD202609002960,2026-09-14 12:58:42,KH000027,ATM,Thanh toán hóa đơn,3497000,3300,Thành công,CN Cầu Giấy,11006513
GD202609012982,2026-09-14 13:21:55,KH000132,POS,Nạp tiền điện thoại,5235000,0,Thành công,CN Bình Dương,12746992
GD202609012739,2026-09-14 14:08:02,KH000131,POS,Thanh toán thẻ,81000,5500,Thành công,CN Thanh Xuân,134280
GD202609003467,2026-09-14 14:36:21,KH000032,Quầy giao dịch,Chuyển khoản đi,51000,3300,Thành công,CN Bình Dương,101725305
GD202609014243,2026-09-14 14:38:02,KH000151,POS,Thanh toán thẻ,120000,0,Thành công,CN Đà Nẵng,165016
GD202609005954,2026-09-14 14:38:45,KH000061,Internet Banking,Chuyển khoản đi,98000,0,Thành công,CN Cầu Giấy,8220032
GD202609006061,2026-09-14 15:13:51,KH000062,QR Code,Chuyển khoản đến,1944000,0,Thành công,CN Thanh Xuân,19668924
GD202609015487,2026-09-14 15:15:42,KH000166,QR Code,Chuyển khoản đến,2619000,0,Thành công,CN Thanh Xuân,257271954
GD202609012983,2026-09-14 15:20:44,KH000132,Internet Banking,Nộp tiền mặt,598000,0,Thành công,CN Cầu Giấy,13344992
GD202609015813,2026-09-14 15:54:15,KH000171,Mobile Banking,Nộp tiền mặt,147000,0,Thành công,CN TP Hồ Chí Minh,363751
GD202609011443,2026-09-14 16:09:10,KH000119,Internet Banking,Rút tiền mặt,173000,0,Thành công,CN Quận 1,65331575
GD202609007082,2026-09-14 16:33:08,KH000074,ATM,Chuyển khoản đến,1186000,0,Thành công,CN TP Hồ Chí Minh,34703157
GD202609005659,2026-09-14 17:05:03,KH000059,Mobile Banking,Thanh toán thẻ,5201000,0,Thành công,CN Bình Dương,94398561
GD202609008914,2026-09-14 17:25:54,KH000092,POS,Thanh toán thẻ,2725000,3300,Thành công,CN Thanh Xuân,11140732
GD202609010128,2026-09-14 17:30:40,KH000104,POS,Thanh toán thẻ,470000,0,Thành công,CN Thanh Xuân,4918570
GD202609008913,2026-09-14 17:41:27,KH000092,Mobile Banking,Rút tiền mặt,5866000,0,Thành công,CN Bình Dương,13869032
GD202609003344,2026-09-14 18:16:41,KH000031,QR Code,Chuyển khoản đến,169000,0,Thành công,CN Hoàn Kiếm,451003
GD202609005000,2026-09-14 18:17:00,KH000052,QR Code,Chuyển khoản đi,137000,0,Thành công,CN Đà Nẵng,131606
GD202609001746,2026-09-14 18:29:53,KH000018,POS,Thanh toán hóa đơn,331000,3300,Thành công,CN Cần Thơ,75268951
GD202609006062,2026-09-14 18:33:08,KH000062,POS,Chuyển khoản đi,226000,1100,Thành công,CN Hoàn Kiếm,19441824
GD202609012326,2026-09-14 19:09:45,KH000128,Internet Banking,Nộp tiền mặt,475000,0,Thành công,CN Đà Nẵng,73046805
GD202609018659,2026-09-14 19:37:58,KH000197,Mobile Banking,Nạp tiền điện thoại,11262000,0,Thành công,CN TP Hồ Chí Minh,80160015
GD202609016357,2026-09-14 19:38:44,KH000176,QR Code,Nộp tiền mặt,62000,0,Thành công,CN Thanh Xuân,65864989
GD202609008147,2026-09-14 20:19:35,KH000083,Internet Banking,Chuyển khoản đi,204000,0,Thành công,CN Bình Dương,81647375
GD202609013209,2026-09-14 20:20:06,KH000136,Mobile Banking,Nạp tiền điện thoại,28673000,0,Thành công,CN TP Hồ Chí Minh,82343356
GD202609005658,2026-09-14 20:51:08,KH000059,Internet Banking,Thanh toán thẻ,30324000,0,Thành công,CN Thanh Xuân,99599561
GD202609017382,2026-09-14 20:51:24,KH000183,QR Code,Chuyển khoản đến,5121000,0,Thành công,CN Cần Thơ,26711193
GD202609000839,2026-09-14 21:21:36,KH000011,QR Code,Nộp tiền mặt,2842000,0,Thành công,CN Hoàn Kiếm,118790763
GD202609001572,2026-09-14 21:26:44,KH000016,POS,Thanh toán hóa đơn,136000,1100,Thành công,CN Cần Thơ,91407
GD202609018660,2026-09-14 21:40:01,KH000197,QR Code,Nộp tiền mặt,12316000,0,Thành công,CN Cầu Giấy,92476015
GD202609014938,2026-09-14 21:44:31,KH000159,Internet Banking,Nộp tiền mặt,11581000,0,Thành công,CN Đà Nẵng,98285830
GD202609002224,2026-09-14 21:47:06,KH000020,Internet Banking,Thanh toán thẻ,5183000,0,Thành công,CN TP Hồ Chí Minh,74991813
GD202609006459,2026-09-14 21:58:15,KH000065,Mobile Banking,Chuyển khoản đi,10193000,0,Thành công,CN Bình Dương,60196643
GD202609012981,2026-09-14 22:29:10,KH000132,Mobile Banking,Rút tiền mặt,1223000,0,Thành công,CN Đà Nẵng,17981992
GD202609008354,2026-09-14 22:29:46,KH000084,Mobile Banking,Thanh toán thẻ,2209000,0,Thành công,CN TP Hồ Chí Minh,9287061
GD202609018178,2026-09-14 22:33:20,KH000191,QR Code,Chuyển khoản đến,233000,0,Thành công,CN Cầu Giấy,15809441
GD202609010209,2026-09-14 22:37:36,KH000105,ATM,Chuyển khoản đến,14678000,1100,Thành công,CN Hải Phòng,526904821
GD202609018489,2026-09-14 22:45:40,KH000195,QR Code,Thanh toán thẻ,97000,0,Thành công,CN Hoàn Kiếm,108117
GD202609015983,2026-09-15 06:28:37,KH000172,Mobile Banking,Thanh toán thẻ,647000,0,Thành công,CN Thanh Xuân,2934965
GD202609006224,2026-09-15 06:52:17,KH000063,QR Code,Chuyển khoản đi,197000,0,Thành công,CN Cần Thơ,84310373
GD202609002961,2026-09-15 06:57:09,KH000027,Mobile Banking,Thanh toán thẻ,3114000,0,Thành công,CN Hoàn Kiếm,7892513
GD202609002226,2026-09-15 07:12:11,KH000020,QR Code,Rút tiền mặt,2652000,0,Thành công,CN Quận 1,80039813
GD202609001747,2026-09-15 07:59:17,KH000018,Internet Banking,Thanh toán thẻ,589000,0,Thành công,CN Quận 1,74679951
GD202609010612,2026-09-15 08:10:35,KH000111,ATM,Chuyển khoản đến,4245000,3300,Thành công,CN Bình Dương,44448248
GD202609015984,2026-09-15 09:20:48,KH000172,QR Code,Thanh toán thẻ,251000,0,Thành công,CN Bình Dương,2683965
GD202609008608,2026-09-15 09:40:56,KH000087,Mobile Banking,Nạp tiền điện thoại,54000,0,Thành công,CN Bình Dương,347326
GD202609005955,2026-09-15 09:43:52,KH000061,POS,Thanh toán thẻ,1905000,5500,Thành công,CN Hoàn Kiếm,6309532
GD202609007545,2026-09-15 11:31:37,KH000078,POS,Rút tiền mặt,24420000,5500,Thành công,CN Bình Dương,47984997
GD202609003469,2026-09-15 12:41:37,KH000032,POS,Nộp tiền mặt,136000,1100,Thành công,CN Thanh Xuân,102049305
GD202609000207,2026-09-15 12:43:36,KH000005,Mobile Banking,Thanh toán thẻ,182000,0,Thành công,CN Quận 1,186430
GD202609014939,2026-09-15 12:56:09,KH000159,Mobile Banking,Thanh toán hóa đơn,13150000,0,Thành công,CN Thanh Xuân,85135830
GD202609014526,2026-09-15 13:16:27,KH000153,Mobile Banking,Thanh toán thẻ,73000,0,Thành công,CN Hải Phòng,530641
GD202609018180,2026-09-15 14:00:40,KH000191,Mobile Banking,Chuyển khoản đến,4028000,0,Thành công,CN Quận 1,18508441
GD202609004461,2026-09-15 16:21:02,KH000045,QR Code,Chuyển khoản đến,1690000,0,Thành công,CN Hải Phòng,55667682
GD202609002225,2026-09-15 16:28:08,KH000020,Internet Banking,Nộp tiền mặt,7700000,0,Thành công,CN Cần Thơ,82691813
GD202609012741,2026-09-15 16:30:55,KH000131,Mobile Banking,Chuyển khoản đến,193000,0,Thành công,CN Đà Nẵng,246280
GD202609000841,2026-09-15 17:06:50,KH000011,QR Code,Chuyển khoản đến,457000,0,Thành công,CN Đà Nẵng,119963763
GD202609012740,2026-09-15 17:08:25,KH000131,Internet Banking,Nạp tiền điện thoại,81000,0,Thành công,CN Bình Dương,53280
GD202609012172,2026-09-15 17:17:35,KH000127,POS,Thanh toán thẻ,4354000,3300,Thành công,CN TP Hồ Chí Minh,14195620
GD202609016359,2026-09-15 17:43:28,KH000176,QR Code,Rút tiền mặt,280000,0,Thành công,CN Quận 1,64439989
GD202609000524,2026-09-15 17:57:05,KH000009,Mobile Banking,Chuyển khoản đi,4793000,0,Thành công,CN Quận 1,47161058
GD202609003125,2026-09-15 18:00:01,KH000028,POS,Thanh toán thẻ,429000,3300,Thành công,CN Cần Thơ,55847540
GD202609011881,2026-09-15 18:22:35,KH000125,POS,Thanh toán thẻ,68000,1100,Thành công,CN Cầu Giấy,109436
GD202609017383,2026-09-15 18:51:30,KH000183,Internet Banking,Nộp tiền mặt,8210000,0,Thất bại,CN Hoàn Kiếm,26711193
GD202609003468,2026-09-15 19:33:21,KH000032,Internet Banking,Nộp tiền mặt,188000,0,Thành công,CN Cần Thơ,101913305
GD202609014940,2026-09-15 20:00:27,KH000159,QR Code,Chuyển khoản đi,10333000,0,Thành công,CN Cầu Giấy,74802830
GD202609007083,2026-09-15 20:33:08,KH000074,Internet Banking,Thanh toán hóa đơn,454000,0,Thành công,CN Cầu Giấy,34249157
GD202609000925,2026-09-15 20:33:45,KH000012,QR Code,Nộp tiền mặt,313000,0,Thành công,CN TP Hồ Chí Minh,108270377
GD202609016358,2026-09-15 21:04:06,KH000176,Internet Banking,Thanh toán thẻ,1145000,0,Thành công,CN Quận 1,64719989
GD202609001573,2026-09-15 22:22:36,KH000016,Mobile Banking,Chuyển khoản đến,96000,0,Thành công,CN Đà Nẵng,187407
GD202609018179,2026-09-15 22:58:50,KH000191,Internet Banking,Thanh toán hóa đơn,1329000,0,Thành công,CN Bình Dương,14480441
GD202609001983,2026-09-16 06:26:36,KH000019,Internet Banking,Chuyển khoản đến,368000,0,Thành công,CN Cần Thơ,10250779
GD202609015204,2026-09-16 06:53:06,KH000162,Internet Banking,Thanh toán thẻ,135000,0,Thành công,CN Cầu Giấy,160703
GD202609017384,2026-09-16 06:56:03,KH000183,ATM,Chuyển khoản đến,8973000,3300,Thành công,CN Bình Dương,35684193
GD202609008355,2026-09-16 07:10:14,KH000084,QR Code,Thanh toán hóa đơn,2174000,0,Thành công,CN Hoàn Kiếm,7113061
GD202609001237,2026-09-16 07:40:26,KH000014,Mobile Banking,Thanh toán thẻ,22507000,0,Thành công,CN Quận 1,43361793
GD202609017386,2026-09-16 07:43:23,KH000183,QR Code,Thanh toán thẻ,5282000,0,Thành công,CN Cầu Giấy,20984193
GD202609006225,2026-09-16 08:23:02,KH000063,QR Code,Rút tiền mặt,244000,0,Thành công,CN Bình Dương,84066373
GD202609005956,2026-09-16 09:12:08,KH000061,Mobile Banking,Nạp tiền điện thoại,72000,0,Thành công,CN Hoàn Kiếm,6237532
GD202609002227,2026-09-16 09:17:27,KH000020,Mobile Banking,Nộp tiền mặt,23354000,0,Thành công,CN Cầu Giấy,103393813
GD202609017385,2026-09-16 09:20:06,KH000183,POS,Thanh toán thẻ,9418000,0,Thành công,CN Hoàn Kiếm,26266193
GD202609017942,2026-09-16 10:08:26,KH000189,POS,Thanh toán thẻ,12333000,5500,Thành công,CN Quận 1,96345602
GD202609002760,2026-09-16 10:37:16,KH000025,Internet Banking,Nộp tiền mặt,120000,0,Thành công,CN TP Hồ Chí Minh,552531
GD202609006063,2026-09-16 10:41:04,KH000062,Quầy giao dịch,Chuyển khoản đến,904000,3300,Thành công,CN TP Hồ Chí Minh,20345824
GD202609012742,2026-09-16 11:29:13,KH000131,QR Code,Thanh toán thẻ,76000,0,Thành công,CN TP Hồ Chí Minh,170280
GD202609014527,2026-09-16 12:08:35,KH000153,QR Code,Nạp tiền điện thoại,168000,0,Thành công,CN Thanh Xuân,362641
GD202609002366,2026-09-16 13:00:25,KH000022,Mobile Banking,Nạp tiền điện thoại,2917000,0,Thành công,CN Hải Phòng,57984667
GD202609016173,2026-09-16 13:10:27,KH000175,Internet Banking,Thanh toán thẻ,1787000,0,Thành công,CN Cần Thơ,31382101
GD202609005002,2026-09-16 13:56:06,KH000052,QR Code,Nộp tiền mặt,135000,0,Thành công,CN Hoàn Kiếm,349806
GD202609009169,2026-09-16 14:01:56,KH000094,POS,Thanh toán thẻ,1433000,0,Thành công,CN Bình Dương,63736631
GD202609008357,2026-09-16 14:23:17,KH000084,POS,Thanh toán thẻ,110000,5500,Thành công,CN TP Hồ Chí Minh,6437261
GD202609012173,2026-09-16 15:10:20,KH000127,Mobile Banking,Nộp tiền mặt,1532000,0,Thành công,CN Cầu Giấy,15727620
GD202609007084,2026-09-16 15:24:02,KH000074,QR Code,Thanh toán thẻ,943000,0,Thành công,CN TP Hồ Chí Minh,33306157
GD202609010514,2026-09-16 15:36:10,KH000110,QR Code,Nộp tiền mặt,1613000,0,Thành công,CN Bình Dương,51905998
GD202609014529,2026-09-16 15:44:12,KH000153,POS,Thanh toán thẻ,179000,1100,Thành công,CN Hoàn Kiếm,354541
GD202609014528,2026-09-16 15:47:00,KH000153,Internet Banking,Chuyển khoản đến,172000,0,Thành công,CN Hoàn Kiếm,534641
GD202609016071,2026-09-16 16:11:22,KH000173,ATM,Thanh toán hóa đơn,340000,3300,Thành công,CN Cần Thơ,3436468
GD202609013402,2026-09-16 16:48:08,KH000138,Quầy giao dịch,Thanh toán hóa đơn,198000,3300,Thành công,CN Thanh Xuân,15034085
GD202609003696,2026-09-16 16:48:39,KH000034,Internet Banking,Nộp tiền mặt,1366000,0,Thành công,CN Cần Thơ,61752521
GD202609010745,2026-09-16 17:23:18,KH000113,POS,Thanh toán thẻ,411000,5500,Thành công,CN Bình Dương,15092329
GD202609007426,2026-09-16 17:49:15,KH000077,POS,Thanh toán thẻ,299000,3300,Thành công,CN Bình Dương,3034781
GD202609016827,2026-09-16 19:04:08,KH000181,Internet Banking,Chuyển khoản đi,112000,0,Thành công,CN Hải Phòng,133520
GD202609001238,2026-09-16 19:09:27,KH000014,POS,Thanh toán thẻ,12344000,1100,Thành công,CN Bình Dương,31016693
GD202609001982,2026-09-16 19:38:54,KH000019,Internet Banking,Nạp tiền điện thoại,694000,0,Thành công,CN Đà Nẵng,9882779
GD202609008356,2026-09-16 19:48:13,KH000084,POS,Thanh toán thẻ,557000,3300,Thành công,CN TP Hồ Chí Minh,6552761
GD202609003695,2026-09-16 20:11:07,KH000034,POS,Thanh toán thẻ,1347000,0,Thành công,CN Cầu Giấy,60386521
GD202609002962,2026-09-16 20:26:58,KH000027,POS,Thanh toán thẻ,324000,3300,Thành công,CN Cần Thơ,7565213
GD202609002759,2026-09-16 20:27:03,KH000025,QR Code,Rút tiền mặt,137000,0,Thành công,CN Hải Phòng,432531
GD202609001984,2026-09-16 20:45:54,KH000019,QR Code,Chuyển khoản đến,251000,0,Thành công,CN Cầu Giấy,10501779
GD202609004083,2026-09-16 21:01:15,KH000040,POS,Thanh toán thẻ,7540000,1100,Thành công,CN Cần Thơ,26197880
GD202609002365,2026-09-16 21:10:11,KH000022,POS,Thanh toán thẻ,4814000,0,Thành công,CN Đà Nẵng,60901667
GD202609010862,2026-09-16 21:16:08,KH000114,Mobile Banking,Thanh toán thẻ,233000,0,Thành công,CN Cần Thơ,84809573
GD202609014530,2026-09-16 22:21:47,KH000153,QR Code,Rút tiền mặt,78000,0,Thành công,CN Cầu Giấy,276541
GD202609012174,2026-09-17 07:10:20,KH000127,QR Code,Thanh toán thẻ,1949000,0,Thành công,CN Thanh Xuân,13778620
GD202609008915,2026-09-17 07:49:11,KH000092,QR Code,Thanh toán thẻ,1917000,0,Thành công,CN TP Hồ Chí Minh,9223732
GD202609017775,2026-09-17 08:07:24,KH000187,Mobile Banking,Thanh toán hóa đơn,2122000,0,Thành công,CN Cầu Giấy,37151112
GD202609003126,2026-09-17 08:26:55,KH000028,ATM,Nạp tiền điện thoại,1664000,3300,Thành công,CN TP Hồ Chí Minh,54180240
GD202609000701,2026-09-17 08:58:11,KH000010,QR Code,Chuyển khoản đi,4753000,0,Thành công,CN TP Hồ Chí Minh,10637819
GD202609002553,2026-09-17 09:27:27,KH000024,Quầy giao dịch,Nạp tiền điện thoại,961000,0,Thành công,CN Hoàn Kiếm,114123207
GD202609003923,2026-09-17 09:32:36,KH000038,Mobile Banking,Rút tiền mặt,2062000,0,Thành công,CN Thanh Xuân,95503660
GD202609018490,2026-09-17 10:11:11,KH000195,POS,Nộp tiền mặt,135000,3300,Thành công,CN Thanh Xuân,243117
GD202609007751,2026-09-17 11:21:04,KH000079,Mobile Banking,Rút tiền mặt,5755000,0,Thành công,CN Cầu Giấy,36472832
GD202609017066,2026-09-17 12:29:55,KH000182,Mobile Banking,Nộp tiền mặt,5737000,0,Thành công,CN TP Hồ Chí Minh,26402383
GD202609002480,2026-09-17 12:34:22,KH000023,ATM,Nạp tiền điện thoại,3173000,1100,Thành công,CN Thanh Xuân,35798787
GD202609002761,2026-09-17 13:01:16,KH000025,QR Code,Thanh toán thẻ,166000,0,Thành công,CN Thanh Xuân,386531
GD202609017566,2026-09-17 13:27:00,KH000185,Mobile Banking,Thanh toán thẻ,11289000,0,Thành công,CN Hoàn Kiếm,53679673
GD202609014172,2026-09-17 13:38:31,KH000150,ATM,Chuyển khoản đi,16957000,1100,Thành công,CN TP Hồ Chí Minh,41150936
GD202609006810,2026-09-17 14:17:49,KH000071,POS,Thanh toán thẻ,201000,5500,Thành công,CN Đà Nẵng,2292538
GD202609007427,2026-09-17 16:17:10,KH000077,QR Code,Nộp tiền mặt,551000,0,Thất bại,CN Bình Dương,3034781
GD202609014244,2026-09-17 16:29:50,KH000151,POS,Thanh toán thẻ,132000,5500,Thành công,CN Cầu Giấy,225516
GD202609017067,2026-09-17 16:42:06,KH000182,POS,Nộp tiền mặt,8584000,1100,Thành công,CN TP Hồ Chí Minh,34986383
GD202609000526,2026-09-17 16:45:34,KH000009,Internet Banking,Thanh toán thẻ,2082000,0,Thành công,CN Thanh Xuân,41798058
GD202609011240,2026-09-17 17:08:52,KH000118,Internet Banking,Nộp tiền mặt,1677000,0,Thành công,CN Cần Thơ,14234163
GD202609007428,2026-09-17 17:20:08,KH000077,Internet Banking,Chuyển khoản đến,586000,0,Thành công,CN Hải Phòng,3620781
GD202609001240,2026-09-17 18:11:36,KH000014,POS,Thanh toán thẻ,4779000,1100,Thành công,CN Thanh Xuân,19371593
GD202609018662,2026-09-17 18:48:33,KH000197,QR Code,Thanh toán thẻ,28949000,0,Thành công,CN Bình Dương,79298015
GD202609013995,2026-09-17 18:53:55,KH000147,ATM,Rút tiền mặt,2609000,0,Thành công,CN TP Hồ Chí Minh,131543617
GD202609011444,2026-09-17 19:06:08,KH000119,POS,Thanh toán thẻ,90000,3300,Thành công,CN TP Hồ Chí Minh,65238275
GD202609003697,2026-09-17 19:49:54,KH000034,QR Code,Thanh toán thẻ,2464000,0,Thành công,CN TP Hồ Chí Minh,59288521
GD202609001239,2026-09-17 19:52:44,KH000014,QR Code,Chuyển khoản đi,6865000,0,Thành công,CN Quận 1,24151693
GD202609007429,2026-09-17 20:03:39,KH000077,QR Code,Nộp tiền mặt,483000,0,Thành công,CN Bình Dương,4103781
GD202609002481,2026-09-17 20:46:23,KH000023,POS,Rút tiền mặt,473000,0,Thành công,CN Thanh Xuân,35325787
GD202609000525,2026-09-17 22:46:18,KH000009,Internet Banking,Thanh toán hóa đơn,3281000,0,Thành công,CN Hoàn Kiếm,43880058
GD202609018661,2026-09-17 22:48:35,KH000197,Mobile Banking,Nộp tiền mặt,15771000,0,Thành công,CN Hải Phòng,108247015
GD202609001241,2026-09-17 22:50:14,KH000014,Mobile Banking,Thanh toán thẻ,556000,0,Thành công,CN Quận 1,18815593
GD202609013335,2026-09-18 06:12:52,KH000137,Internet Banking,Thanh toán thẻ,3019000,0,Thành công,CN Hoàn Kiếm,10731561
GD202609011882,2026-09-18 06:27:16,KH000125,QR Code,Chuyển khoản đến,161000,0,Thành công,CN Bình Dương,270436
GD202609007086,2026-09-18 06:43:17,KH000074,Mobile Banking,Thanh toán thẻ,992000,0,Thành công,CN Thanh Xuân,32826157
GD202609002482,2026-09-18 06:48:47,KH000023,Internet Banking,Chuyển khoản đến,272000,0,Thành công,CN Hoàn Kiếm,35597787
GD202609004240,2026-09-18 07:54:42,KH000042,Internet Banking,Chuyển khoản đến,3480000,0,Thành công,CN Hải Phòng,45341632
GD202609017776,2026-09-18 08:04:07,KH000187,POS,Thanh toán thẻ,95000,1100,Thành công,CN Bình Dương,37055012
GD202609015431,2026-09-18 08:04:53,KH000165,ATM,Rút tiền mặt,2408000,0,Thành công,CN Thanh Xuân,15129346
GD202609012504,2026-09-18 08:33:00,KH000130,Mobile Banking,Chuyển khoản đến,3053000,0,Thành công,CN TP Hồ Chí Minh,41664188
GD202609006064,2026-09-18 09:11:05,KH000062,QR Code,Nộp tiền mặt,2648000,0,Thành công,CN Quận 1,22993824
GD202609008442,2026-09-18 09:13:03,KH000085,ATM,Chuyển khoản đến,501000,5500,Thành công,CN Thanh Xuân,4765389
GD202609018491,2026-09-18 09:14:37,KH000195,Mobile Banking,Thanh toán thẻ,179000,0,Thành công,CN Cầu Giấy,64117
GD202609013334,2026-09-18 09:33:32,KH000137,POS,Thanh toán thẻ,6022000,3300,Thành công,CN Hải Phòng,13750561
GD202609000459,2026-09-18 09:39:14,KH000008,Mobile Banking,Chuyển khoản đến,316000,0,Thành công,CN Hải Phòng,24589255
GD202609000703,2026-09-18 10:00:52,KH000010,Internet Banking,Chuyển khoản đến,1870000,0,Thành công,CN Bình Dương,12042819
GD202609008148,2026-09-18 10:27:01,KH000083,QR Code,Thanh toán thẻ,439000,0,Thành công,CN TP Hồ Chí Minh,81208375
GD202609018267,2026-09-18 10:38:50,KH000192,ATM,Thanh toán hóa đơn,6711000,0,Thành công,CN Hoàn Kiếm,185271623
GD202609009171,2026-09-18 10:44:12,KH000094,Internet Banking,Chuyển khoản đi,786000,0,Thành công,CN Cần Thơ,62216631
GD202609005333,2026-09-18 11:05:07,KH000056,QR Code,Chuyển khoản đi,1592000,0,Thành công,CN Thanh Xuân,94595533
GD202609000702,2026-09-18 11:07:27,KH000010,QR Code,Thanh toán thẻ,465000,0,Thành công,CN Cần Thơ,10172819
GD202609012984,2026-09-18 11:07:48,KH000132,QR Code,Chuyển khoản đến,1335000,0,Thành công,CN Cần Thơ,14679992
GD202609009170,2026-09-18 11:23:26,KH000094,Internet Banking,Thanh toán thẻ,734000,0,Thành công,CN TP Hồ Chí Minh,63002631
GD202609005660,2026-09-18 12:09:04,KH000059,Internet Banking,Thanh toán hóa đơn,25960000,0,Thất bại,CN Đà Nẵng,94398561
GD202609017068,2026-09-18 12:13:32,KH000182,Mobile Banking,Thanh toán thẻ,3658000,0,Thành công,CN Hoàn Kiếm,31328383
GD202609011241,2026-09-18 12:14:21,KH000118,QR Code,Thanh toán thẻ,4036000,0,Thành công,CN Bình Dương,10198163
GD202609013652,2026-09-18 12:52:24,KH000142,Mobile Banking,Chuyển khoản đến,12015000,0,Thành công,CN Bình Dương,53760375
GD202609007913,2026-09-18 12:55:52,KH000081,Quầy giao dịch,Nộp tiền mặt,34241000,5500,Thành công,CN Hải Phòng,315811429
GD202609005003,2026-09-18 12:56:37,KH000052,QR Code,Nạp tiền điện thoại,187000,0,Thành công,CN TP Hồ Chí Minh,162806
GD202609002762,2026-09-18 13:42:54,KH000025,Internet Banking,Rút tiền mặt,165000,0,Thành công,CN Thanh Xuân,221531
GD202609013651,2026-09-18 14:03:47,KH000142,POS,Thanh toán thẻ,21062000,1100,Thành công,CN Hải Phòng,41745375
GD202609009771,2026-09-18 14:07:14,KH000099,Internet Banking,Thanh toán thẻ,1004000,0,Thành công,CN Cần Thơ,46556975
GD202609010746,2026-09-18 14:08:03,KH000113,Internet Banking,Chuyển khoản đến,1951000,0,Thành công,CN Hải Phòng,17043329
GD202609007085,2026-09-18 14:18:28,KH000074,QR Code,Nộp tiền mặt,512000,0,Thành công,CN Quận 1,33818157
GD202609013900,2026-09-18 14:44:35,KH000145,POS,Thanh toán thẻ,305000,3300,Thành công,CN Đà Nẵng,100893713
GD202609000842,2026-09-18 15:10:53,KH000011,POS,Thanh toán thẻ,3304000,3300,Thành công,CN Cầu Giấy,116656463
GD202609018765,2026-09-18 15:34:04,KH000199,POS,Thanh toán hóa đơn,664000,3300,Thành công,CN Đà Nẵng,333755719
GD202609013899,2026-09-18 15:55:28,KH000145,Quầy giao dịch,Chuyển khoản đi,72000,3300,Thành công,CN Quận 1,101202013
GD202609004329,2026-09-18 16:08:52,KH000044,Quầy giao dịch,Rút tiền mặt,2014000,1100,Thành công,CN TP Hồ Chí Minh,4617062
GD202609000460,2026-09-18 16:22:00,KH000008,POS,Thanh toán thẻ,2131000,1100,Thành công,CN Hoàn Kiếm,22457155
GD202609004239,2026-09-18 16:23:22,KH000042,Mobile Banking,Nạp tiền điện thoại,2704000,0,Thành công,CN Đà Nẵng,41861632
GD202609010863,2026-09-18 17:07:08,KH000114,POS,Thanh toán thẻ,2044000,5500,Thành công,CN Cần Thơ,82760073
GD202609017567,2026-09-18 17:34:32,KH000185,ATM,Chuyển khoản đến,6380000,3300,Thành công,CN Cần Thơ,60059673
GD202609014071,2026-09-18 18:57:25,KH000148,Mobile Banking,Chuyển khoản đến,509000,0,Thành công,CN Hải Phòng,85038560
GD202609018492,2026-09-18 19:10:55,KH000195,Mobile Banking,Thanh toán hóa đơn,155000,0,Thành công,CN TP Hồ Chí Minh,141617
GD202609011445,2026-09-18 19:43:23,KH000119,Internet Banking,Nộp tiền mặt,92000,0,Thành công,CN Cần Thơ,65330275
GD202609004768,2026-09-18 20:24:59,KH000051,ATM,Nạp tiền điện thoại,169000,5500,Thành công,CN Bình Dương,353656
GD202609009869,2026-09-18 20:40:55,KH000101,Mobile Banking,Rút tiền mặt,431000,0,Thành công,CN Quận 1,99290939
GD202609007087,2026-09-18 20:51:36,KH000074,POS,Thanh toán thẻ,1559000,0,Thành công,CN Cần Thơ,31267157
GD202609016360,2026-09-18 21:02:38,KH000176,Mobile Banking,Nạp tiền điện thoại,349000,0,Thành công,CN Bình Dương,64090989
GD202609012175,2026-09-18 21:20:15,KH000127,POS,Thanh toán thẻ,1141000,5500,Thành công,CN Đà Nẵng,12632120
GD202609006460,2026-09-18 21:23:56,KH000065,QR Code,Chuyển khoản đến,12020000,0,Thành công,CN Cầu Giấy,72216643
GD202609017387,2026-09-18 22:03:14,KH000183,POS,Thanh toán thẻ,227000,5500,Thành công,CN Quận 1,20751693
GD202609007430,2026-09-18 22:19:57,KH000077,POS,Thanh toán thẻ,618000,0,Thành công,CN Hoàn Kiếm,3485781
GD202609010957,2026-09-18 22:51:42,KH000115,QR Code,Thanh toán thẻ,6606000,0,Thành công,CN Hoàn Kiếm,23867269
GD202609007752,2026-09-19 06:01:35,KH000079,POS,Thanh toán thẻ,11396000,3300,Thất bại,CN Hoàn Kiếm,36472832
GD202609012176,2026-09-19 06:05:37,KH000127,Mobile Banking,Thanh toán hóa đơn,2258000,0,Thành công,CN Cầu Giấy,10374120
GD202609005005,2026-09-19 06:45:40,KH000052,QR Code,Rút tiền mặt,81000,0,Thành công,CN Bình Dương,142306
GD202609003699,2026-09-19 07:18:32,KH000034,Internet Banking,Thanh toán thẻ,1602000,0,Thành công,CN Thanh Xuân,55435421
GD202609008609,2026-09-19 07:27:49,KH000087,Internet Banking,Thanh toán thẻ,104000,0,Thành công,CN Cần Thơ,243326
GD202609005004,2026-09-19 07:40:38,KH000052,Internet Banking,Chuyển khoản đi,61000,0,Thành công,CN Cầu Giấy,101806
GD202609007088,2026-09-19 07:43:03,KH000074,Mobile Banking,Nạp tiền điện thoại,201000,0,Thành công,CN Đà Nẵng,31066157
GD202609012505,2026-09-19 08:18:51,KH000130,QR Code,Nạp tiền điện thoại,1207000,0,Thành công,CN Thanh Xuân,40457188
GD202609010515,2026-09-19 08:27:57,KH000110,Mobile Banking,Thanh toán thẻ,1274000,0,Thành công,CN Hoàn Kiếm,50631998
GD202609011884,2026-09-19 09:42:48,KH000125,POS,Thanh toán thẻ,111000,3300,Thành công,CN TP Hồ Chí Minh,213636
GD202609017069,2026-09-19 10:53:03,KH000182,POS,Thanh toán thẻ,9463000,5500,Thành công,CN Thanh Xuân,21859883
GD202609015985,2026-09-19 11:03:51,KH000172,POS,Thanh toán thẻ,71000,3300,Thành công,CN Quận 1,2609665
GD202609005334,2026-09-19 11:07:56,KH000056,Internet Banking,Thanh toán thẻ,2599000,0,Thành công,CN Quận 1,91996533
GD202609016072,2026-09-19 11:29:55,KH000173,ATM,Thanh toán hóa đơn,230000,0,Thành công,CN Cần Thơ,3206468
GD202609008037,2026-09-19 12:37:33,KH000082,Internet Banking,Thanh toán thẻ,3714000,0,Thành công,CN Hải Phòng,22352089
GD202609010747,2026-09-19 13:27:55,KH000113,QR Code,Nạp tiền điện thoại,5402000,0,Thành công,CN Cầu Giấy,11641329
GD202609013210,2026-09-19 13:29:19,KH000136,QR Code,Thanh toán thẻ,16865000,0,Thành công,CN Cần Thơ,65478356
GD202609018181,2026-09-19 13:32:12,KH000191,Mobile Banking,Thanh toán thẻ,5742000,0,Thành công,CN Hoàn Kiếm,12766441
GD202609000462,2026-09-19 13:55:31,KH000008,Mobile Banking,Rút tiền mặt,1802000,0,Thành công,CN Đà Nẵng,15820155
GD202609000843,2026-09-19 14:16:03,KH000011,Internet Banking,Chuyển khoản đến,3644000,0,Thành công,CN Quận 1,120300463
GD202609001575,2026-09-19 14:31:16,KH000016,Internet Banking,Thanh toán thẻ,138000,0,Thành công,CN Cần Thơ,162407
GD202609003345,2026-09-19 15:01:46,KH000031,QR Code,Nộp tiền mặt,146000,0,Thành công,CN Quận 1,597003
GD202609010382,2026-09-19 15:03:46,KH000108,Internet Banking,Thanh toán hóa đơn,196000,0,Thành công,CN Thanh Xuân,102850900
GD202609014908,2026-09-19 16:28:44,KH000158,Internet Banking,Thanh toán thẻ,17222000,0,Thành công,CN Cầu Giấy,50355079
GD202609011883,2026-09-19 16:37:47,KH000125,Internet Banking,Thanh toán hóa đơn,109000,0,Thành công,CN Hoàn Kiếm,161436
GD202609002763,2026-09-19 16:39:21,KH000025,QR Code,Nộp tiền mặt,76000,0,Thành công,CN Hoàn Kiếm,297531
GD202609000461,2026-09-19 17:13:57,KH000008,Mobile Banking,Chuyển khoản đi,4835000,0,Thành công,CN Cầu Giấy,17622155
GD202609003831,2026-09-19 17:15:36,KH000037,ATM,Nộp tiền mặt,1650000,3300,Thành công,CN Thanh Xuân,27872758
GD202609011446,2026-09-19 17:31:46,KH000119,POS,Thanh toán thẻ,71000,5500,Thành công,CN TP Hồ Chí Minh,65253775
GD202609017070,2026-09-19 18:05:09,KH000182,QR Code,Chuyển khoản đến,1733000,0,Thành công,CN Cầu Giấy,23592883
GD202609003698,2026-09-19 18:22:26,KH000034,POS,Thanh toán thẻ,2250000,1100,Thành công,CN Bình Dương,57037421
GD202609016695,2026-09-19 18:29:23,KH000180,Internet Banking,Nạp tiền điện thoại,2538000,0,Thành công,CN Cầu Giấy,74589303
GD202609001985,2026-09-19 18:47:15,KH000019,POS,Thanh toán thẻ,3667000,0,Thành công,CN Thanh Xuân,6834779
GD202609002367,2026-09-19 18:55:31,KH000022,Internet Banking,Nạp tiền điện thoại,1740000,0,Thành công,CN TP Hồ Chí Minh,56244667
GD202609012506,2026-09-19 20:05:48,KH000130,Mobile Banking,Rút tiền mặt,227000,0,Thành công,CN Bình Dương,40230188
GD202609001574,2026-09-19 20:20:05,KH000016,Internet Banking,Chuyển khoản đến,113000,0,Thành công,CN Cầu Giấy,300407
GD202609005957,2026-09-19 20:35:38,KH000061,QR Code,Thanh toán thẻ,819000,0,Thành công,CN Quận 1,5418532
GD202609002963,2026-09-19 20:36:13,KH000027,Internet Banking,Nạp tiền điện thoại,1606000,0,Thất bại,CN Hải Phòng,7565213
GD202609009412,2026-09-19 21:20:12,KH000096,Mobile Banking,Nộp tiền mặt,4851000,0,Thành công,CN TP Hồ Chí Minh,51836344
GD202609003346,2026-09-19 21:21:04,KH000031,ATM,Chuyển khoản đến,157000,1100,Thành công,CN Bình Dương,754003
GD202609010129,2026-09-19 21:26:21,KH000104,Quầy giao dịch,Nộp tiền mặt,998000,1100,Thành công,CN Cầu Giấy,5916570
GD202609006226,2026-09-19 21:50:17,KH000063,POS,Thanh toán thẻ,341000,0,Thành công,CN Bình Dương,83725373
GD202609009173,2026-09-20 06:05:21,KH000094,QR Code,Thanh toán thẻ,1037000,0,Thành công,CN Đà Nẵng,59033631
GD202609018493,2026-09-20 06:06:40,KH000195,QR Code,Thanh toán thẻ,123000,0,Thành công,CN Quận 1,203117
GD202609011118,2026-09-20 06:07:30,KH000117,ATM,Nộp tiền mặt,737000,0,Thành công,CN Hải Phòng,102392867
GD202609000706,2026-09-20 06:55:08,KH000010,POS,Thanh toán thẻ,1995000,5500,Thành công,CN Đà Nẵng,7698819
GD202609000705,2026-09-20 07:17:26,KH000010,ATM,Chuyển khoản đi,733000,5500,Thành công,CN Hoàn Kiếm,9699319
GD202609006646,2026-09-20 07:29:53,KH000067,POS,Thanh toán thẻ,565000,3300,Thành công,CN TP Hồ Chí Minh,2655899
GD202609005006,2026-09-20 07:42:46,KH000052,QR Code,Thanh toán thẻ,120000,0,Thành công,CN Quận 1,202306
GD202609015814,2026-09-20 08:48:47,KH000171,POS,Thanh toán thẻ,164000,1100,Thành công,CN Hải Phòng,198651
GD202609007090,2026-09-20 09:03:08,KH000074,Internet Banking,Chuyển khoản đến,933000,0,Thành công,CN Thanh Xuân,30416157
GD202609012985,2026-09-20 09:33:21,KH000132,Internet Banking,Nộp tiền mặt,527000,0,Thành công,CN Đà Nẵng,15206992
GD202609011117,2026-09-20 09:42:28,KH000117,Internet Banking,Chuyển khoản đến,558000,0,Thành công,CN Hải Phòng,101655867
GD202609016828,2026-09-20 10:02:51,KH000181,QR Code,Thanh toán hóa đơn,133000,0,Thành công,CN Đà Nẵng,200020
GD202609001243,2026-09-20 10:18:16,KH000014,QR Code,Thanh toán thẻ,2701000,0,Thành công,CN Cầu Giấy,15576593
GD202609014909,2026-09-20 10:46:10,KH000158,ATM,Nộp tiền mặt,14349000,0,Thành công,CN Đà Nẵng,64704079
GD202609014072,2026-09-20 10:49:22,KH000148,Internet Banking,Chuyển khoản đi,273000,0,Thành công,CN Quận 1,84765560
GD202609007753,2026-09-20 11:55:46,KH000079,Mobile Banking,Chuyển khoản đến,12436000,0,Thành công,CN Cần Thơ,48908832
GD202609009172,2026-09-20 12:45:18,KH000094,POS,Thanh toán thẻ,2146000,0,Thành công,CN Hoàn Kiếm,60070631
GD202609007089,2026-09-20 13:42:53,KH000074,QR Code,Thanh toán thẻ,1583000,0,Thành công,CN Thanh Xuân,29483157
GD202609001242,2026-09-20 13:50:35,KH000014,Mobile Banking,Rút tiền mặt,538000,0,Thành công,CN Quận 1,18277593
GD202609001576,2026-09-20 14:14:18,KH000016,POS,Thanh toán thẻ,78000,3300,Thành công,CN Đà Nẵng,81107
GD202609014531,2026-09-20 14:37:49,KH000153,QR Code,Nộp tiền mặt,102000,0,Thành công,CN Thanh Xuân,378541
GD202609001986,2026-09-20 14:46:10,KH000019,Internet Banking,Thanh toán thẻ,822000,0,Thành công,CN Cầu Giấy,6012779
GD202609017071,2026-09-20 15:11:59,KH000182,POS,Thanh toán thẻ,4037000,1100,Thành công,CN Hoàn Kiếm,19554783
GD202609008038,2026-09-20 15:14:31,KH000082,QR Code,Thanh toán thẻ,4132000,0,Thành công,CN Cầu Giấy,18220089
GD202609011447,2026-09-20 15:33:45,KH000119,POS,Thanh toán thẻ,53000,3300,Thành công,CN Hải Phòng,65197475
GD202609012743,2026-09-20 16:13:35,KH000131,Mobile Banking,Nộp tiền mặt,193000,0,Thành công,CN TP Hồ Chí Minh,363280
GD202609001988,2026-09-20 16:31:06,KH000019,Internet Banking,Thanh toán hóa đơn,824000,0,Thành công,CN Quận 1,4109779
GD202609008358,2026-09-20 17:19:25,KH000084,Mobile Banking,Thanh toán thẻ,429000,0,Thành công,CN Cần Thơ,6008261
GD202609011886,2026-09-20 17:37:20,KH000125,ATM,Nộp tiền mặt,193000,1100,Thành công,CN Hoàn Kiếm,505136
GD202609001987,2026-09-20 17:59:33,KH000019,Mobile Banking,Thanh toán thẻ,1079000,0,Thành công,CN Quận 1,4933779
GD202609002368,2026-09-20 18:24:46,KH000022,Quầy giao dịch,Nạp tiền điện thoại,3378000,0,Thành công,CN Hoàn Kiếm,52866667
GD202609014910,2026-09-20 18:48:12,KH000158,POS,Thanh toán thẻ,15248000,5500,Thành công,CN Thanh Xuân,49450579
GD202609006461,2026-09-20 19:01:52,KH000065,Internet Banking,Nộp tiền mặt,1243000,0,Thành công,CN Quận 1,73459643
GD202609007431,2026-09-20 19:03:17,KH000077,QR Code,Nộp tiền mặt,530000,0,Thành công,CN Hoàn Kiếm,4015781
GD202609005958,2026-09-20 20:00:05,KH000061,POS,Thanh toán thẻ,806000,1100,Thành công,CN Cần Thơ,4611432
GD202609013653,2026-09-20 20:04:56,KH000142,Quầy giao dịch,Chuyển khoản đến,3532000,3300,Thành công,CN Hoàn Kiếm,57292375
GD202609005007,2026-09-20 20:13:09,KH000052,Mobile Banking,Chuyển khoản đi,109000,0,Thành công,CN Hoàn Kiếm,93306
GD202609008916,2026-09-20 20:18:01,KH000092,POS,Thanh toán thẻ,144000,3300,Thành công,CN Cần Thơ,9076432
GD202609000704,2026-09-20 20:44:08,KH000010,POS,Thanh toán thẻ,1605000,0,Thành công,CN Quận 1,10437819
GD202609010864,2026-09-20 21:13:45,KH000114,Quầy giao dịch,Chuyển khoản đi,814000,0,Thành công,CN Hoàn Kiếm,81946073
GD202609014941,2026-09-20 21:15:42,KH000159,POS,Thanh toán thẻ,5908000,5500,Thành công,CN Hoàn Kiếm,68889330
GD202609005454,2026-09-20 22:19:29,KH000057,ATM,Chuyển khoản đến,8121000,1100,Thành công,CN Hải Phòng,72509287
GD202609011885,2026-09-20 22:46:33,KH000125,QR Code,Nạp tiền điện thoại,197000,0,Thành công,CN Cần Thơ,312136
GD202609008359,2026-09-21 06:18:13,KH000084,Mobile Banking,Chuyển khoản đến,971000,0,Thành công,CN TP Hồ Chí Minh,6979261
GD202609013211,2026-09-21 06:25:52,KH000136,POS,Thanh toán thẻ,19059000,0,Thành công,CN Cần Thơ,46419356
GD202609002339,2026-09-21 07:14:33,KH000021,QR Code,Rút tiền mặt,102000,0,Thành công,CN Đà Nẵng,74269442
GD202609013902,2026-09-21 07:53:44,KH000145,ATM,Chuyển khoản đi,53000,5500,Thành công,CN Cần Thơ,100495213
GD202609001989,2026-09-21 08:20:19,KH000019,POS,Rút tiền mặt,703000,0,Thành công,CN Thanh Xuân,3406779
GD202609008360,2026-09-21 08:36:13,KH000084,Mobile Banking,Rút tiền mặt,707000,0,Thành công,CN TP Hồ Chí Minh,6272261
GD202609015986,2026-09-21 08:38:33,KH000172,POS,Thanh toán thẻ,321000,5500,Thành công,CN Bình Dương,2283165
GD202609002483,2026-09-21 09:01:01,KH000023,Internet Banking,Thanh toán thẻ,12146000,0,Thất bại,CN Cầu Giấy,35597787
GD202609002764,2026-09-21 09:16:06,KH000025,POS,Thanh toán thẻ,65000,5500,Thành công,CN Đà Nẵng,227031
GD202609002338,2026-09-21 09:46:56,KH000021,POS,Thanh toán thẻ,678000,0,Thành công,CN Hải Phòng,74371442
GD202609012986,2026-09-21 10:14:04,KH000132,Mobile Banking,Thanh toán thẻ,2463000,0,Thành công,CN Hải Phòng,12743992
GD202609001990,2026-09-21 10:25:27,KH000019,Internet Banking,Thanh toán thẻ,251000,0,Thành công,CN Hải Phòng,3155779
GD202609017072,2026-09-21 10:54:30,KH000182,Mobile Banking,Nộp tiền mặt,3596000,0,Thành công,CN TP Hồ Chí Minh,23150783
GD202609000707,2026-09-21 11:01:38,KH000010,Internet Banking,Nạp tiền điện thoại,740000,0,Thành công,CN Hải Phòng,6958819
GD202609017388,2026-09-21 11:27:26,KH000183,QR Code,Chuyển khoản đến,6118000,0,Thành công,CN Cầu Giấy,26869693
GD202609002766,2026-09-21 11:45:49,KH000025,Mobile Banking,Nộp tiền mặt,75000,0,Thành công,CN Cần Thơ,396531
GD202609015206,2026-09-21 12:07:23,KH000162,Quầy giao dịch,Nạp tiền điện thoại,169000,0,Thành công,CN Bình Dương,51103
GD202609005455,2026-09-21 12:08:37,KH000057,POS,Thanh toán hóa đơn,6397000,1100,Thất bại,CN Bình Dương,72509287
GD202609002765,2026-09-21 12:59:41,KH000025,QR Code,Nạp tiền điện thoại,189000,0,Thành công,CN TP Hồ Chí Minh,321531
GD202609005335,2026-09-21 13:19:31,KH000056,Quầy giao dịch,Chuyển khoản đến,1428000,0,Thành công,CN TP Hồ Chí Minh,93424533
GD202609010748,2026-09-21 13:41:11,KH000113,ATM,Chuyển khoản đến,2507000,1100,Thành công,CN Bình Dương,14148329
GD202609005008,2026-09-21 13:43:46,KH000052,POS,Thanh toán thẻ,171000,0,Thành công,CN TP Hồ Chí Minh,178806
GD202609008610,2026-09-21 13:50:08,KH000087,Mobile Banking,Rút tiền mặt,84000,0,Thành công,CN TP Hồ Chí Minh,159326
GD202609002964,2026-09-21 14:36:38,KH000027,ATM,Nộp tiền mặt,228000,3300,Thành công,CN Thanh Xuân,7793213
GD202609007432,2026-09-21 14:42:28,KH000077,Mobile Banking,Thanh toán thẻ,64000,0,Thành công,CN Cầu Giấy,3951781
GD202609006462,2026-09-21 15:13:10,KH000065,Internet Banking,Chuyển khoản đến,10550000,0,Thành công,CN Hoàn Kiếm,84009643
GD202609011449,2026-09-21 15:20:27,KH000119,QR Code,Nộp tiền mặt,109000,0,Thành công,CN Hoàn Kiếm,65194375
GD202609002228,2026-09-21 15:45:32,KH000020,Internet Banking,Nộp tiền mặt,32849000,0,Thành công,CN Thanh Xuân,136242813
GD202609012177,2026-09-21 15:59:40,KH000127,QR Code,Nộp tiền mặt,1724000,0,Thành công,CN Cần Thơ,12098120
GD202609012744,2026-09-21 16:17:40,KH000131,QR Code,Chuyển khoản đến,151000,0,Thành công,CN Bình Dương,514280
GD202609018494,2026-09-21 16:17:59,KH000195,Internet Banking,Nộp tiền mặt,188000,0,Thành công,CN TP Hồ Chí Minh,391117
GD202609003348,2026-09-21 16:21:42,KH000031,Mobile Banking,Chuyển khoản đến,95000,0,Thành công,CN Thanh Xuân,666003
GD202609018182,2026-09-21 16:36:13,KH000191,Mobile Banking,Chuyển khoản đến,3041000,0,Thành công,CN Hoàn Kiếm,15807441
GD202609005336,2026-09-21 16:55:09,KH000056,ATM,Rút tiền mặt,4003000,1100,Thất bại,CN TP Hồ Chí Minh,93424533
GD202609013901,2026-09-21 18:52:19,KH000145,QR Code,Nạp tiền điện thoại,340000,0,Thành công,CN Quận 1,100553713
GD202609011887,2026-09-21 19:10:22,KH000125,Mobile Banking,Thanh toán hóa đơn,63000,0,Thành công,CN Cầu Giấy,442136
GD202609008039,2026-09-21 19:26:58,KH000082,Internet Banking,Chuyển khoản đến,1244000,0,Thành công,CN TP Hồ Chí Minh,19464089
GD202609008361,2026-09-21 20:01:24,KH000084,Internet Banking,Thanh toán thẻ,1179000,0,Thành công,CN Cầu Giấy,5093261
GD202609011448,2026-09-21 20:13:20,KH000119,POS,Thanh toán thẻ,111000,1100,Thành công,CN Hoàn Kiếm,65085375
GD202609016361,2026-09-21 20:13:28,KH000176,POS,Thanh toán thẻ,678000,5500,Thành công,CN Bình Dương,63407489
GD202609001991,2026-09-21 20:20:57,KH000019,ATM,Thanh toán hóa đơn,569000,5500,Thành công,CN Hải Phòng,2581279
GD202609008362,2026-09-21 20:25:03,KH000084,Internet Banking,Thanh toán thẻ,850000,0,Thành công,CN Bình Dương,4243261
GD202609014532,2026-09-21 20:34:03,KH000153,QR Code,Thanh toán thẻ,57000,0,Thành công,CN Hải Phòng,321541
GD202609015205,2026-09-21 21:56:39,KH000162,POS,Thanh toán thẻ,121000,1100,Thành công,CN Cần Thơ,220103
GD202609016829,2026-09-21 21:58:04,KH000181,Mobile Banking,Thanh toán thẻ,95000,0,Thành công,CN Cần Thơ,105020
GD202609018766,2026-09-21 22:07:15,KH000199,ATM,Chuyển khoản đi,26103000,0,Thành công,CN Hải Phòng,307652719
GD202609003127,2026-09-21 22:12:49,KH000028,POS,Thanh toán thẻ,173000,5500,Thành công,CN Thanh Xuân,54001740
GD202609010516,2026-09-21 22:27:33,KH000110,POS,Thanh toán thẻ,352000,0,Thành công,CN Cầu Giấy,50279998
GD202609003347,2026-09-21 22:28:35,KH000031,Mobile Banking,Rút tiền mặt,183000,0,Thành công,CN Hoàn Kiếm,571003
GD202609003700,2026-09-21 22:44:05,KH000034,Mobile Banking,Thanh toán thẻ,683000,0,Thành công,CN Hải Phòng,54752421
GD202609009870,2026-09-21 22:49:09,KH000101,Internet Banking,Thanh toán thẻ,10437000,0,Thành công,CN TP Hồ Chí Minh,88853939
GD202609016498,2026-09-21 22:49:34,KH000177,Internet Banking,Thanh toán thẻ,1085000,0,Thành công,CN Hoàn Kiếm,48428272
GD202609018012,2026-09-22 06:33:14,KH000190,POS,Thanh toán thẻ,49720000,5500,Thành công,CN Hải Phòng,191145651
GD202609007091,2026-09-22 07:05:29,KH000074,QR Code,Thanh toán thẻ,1785000,0,Thành công,CN Quận 1,28631157
GD202609008917,2026-09-22 07:11:45,KH000092,Internet Banking,Rút tiền mặt,2642000,0,Thành công,CN Cần Thơ,6434432
GD202609017389,2026-09-22 07:19:45,KH000183,POS,Chuyển khoản đi,1467000,3300,Thành công,CN Thanh Xuân,25399393
GD202609004241,2026-09-22 07:57:09,KH000042,QR Code,Nạp tiền điện thoại,2793000,0,Thành công,CN Cầu Giấy,42548632
GD202609010959,2026-09-22 08:02:12,KH000115,Internet Banking,Rút tiền mặt,1978000,0,Thành công,CN Thanh Xuân,18562269
GD202609009414,2026-09-22 08:13:14,KH000096,QR Code,Thanh toán thẻ,13268000,0,Thành công,CN Hoàn Kiếm,24807344
GD202609017568,2026-09-22 08:41:50,KH000185,Internet Banking,Thanh toán thẻ,13417000,0,Thành công,CN Thanh Xuân,46642673
GD202609015815,2026-09-22 08:56:05,KH000171,Internet Banking,Thanh toán thẻ,134000,0,Thành công,CN Quận 1,64651
GD202609004462,2026-09-22 09:29:47,KH000045,Mobile Banking,Chuyển khoản đến,522000,0,Thành công,CN Hải Phòng,56189682
GD202609018184,2026-09-22 09:42:21,KH000191,QR Code,Thanh toán thẻ,1785000,0,Thành công,CN Cầu Giấy,17134441
GD202609002369,2026-09-22 09:49:48,KH000022,Internet Banking,Nạp tiền điện thoại,4133000,0,Thành công,CN Cần Thơ,48733667
GD202609009413,2026-09-22 11:15:30,KH000096,Internet Banking,Thanh toán thẻ,13761000,0,Thành công,CN Đà Nẵng,38075344
GD202609003924,2026-09-22 11:49:03,KH000038,POS,Chuyển khoản đến,1604000,3300,Thành công,CN Cầu Giấy,97107660
GD202609010958,2026-09-22 11:51:07,KH000115,Mobile Banking,Thanh toán thẻ,3327000,0,Thành công,CN Bình Dương,20540269
GD202609015987,2026-09-22 12:31:48,KH000172,POS,Thanh toán thẻ,720000,5500,Thành công,CN Cầu Giấy,1557665
GD202609005456,2026-09-22 12:49:02,KH000057,Quầy giao dịch,Chuyển khoản đi,5276000,0,Thành công,CN Thanh Xuân,67233287
GD202609018663,2026-09-22 12:54:36,KH000197,Quầy giao dịch,Nạp tiền điện thoại,21564000,3300,Thành công,CN Quận 1,57730715
GD202609016696,2026-09-22 13:14:05,KH000180,Internet Banking,Chuyển khoản đi,1443000,0,Thành công,CN TP Hồ Chí Minh,73146303
GD202609012988,2026-09-22 13:27:36,KH000132,QR Code,Nộp tiền mặt,3578000,0,Thành công,CN Cần Thơ,20548992
GD202609010383,2026-09-22 14:11:08,KH000108,Mobile Banking,Thanh toán thẻ,83000,0,Thành công,CN Cần Thơ,102767900
GD202609008040,2026-09-22 14:31:12,KH000082,POS,Thanh toán thẻ,2443000,5500,Thành công,CN Hải Phòng,17015589
GD202609003128,2026-09-22 14:47:52,KH000028,ATM,Chuyển khoản đến,1947000,3300,Thành công,CN Bình Dương,55948740
GD202609016697,2026-09-22 14:50:41,KH000180,Mobile Banking,Thanh toán thẻ,1028000,0,Thành công,CN Hoàn Kiếm,72118303
GD202609008612,2026-09-22 15:05:52,KH000087,POS,Thanh toán thẻ,159000,0,Thành công,CN Cầu Giấy,97326
GD202609002229,2026-09-22 15:16:15,KH000020,ATM,Rút tiền mặt,29446000,3300,Thành công,CN TP Hồ Chí Minh,106793513
GD202609017777,2026-09-22 16:38:49,KH000187,Mobile Banking,Thanh toán thẻ,4852000,0,Thành công,CN Quận 1,32203012
GD202609007754,2026-09-22 17:25:28,KH000079,POS,Thanh toán thẻ,6032000,0,Thành công,CN TP Hồ Chí Minh,42876832
GD202609005959,2026-09-22 17:57:50,KH000061,Mobile Banking,Thanh toán thẻ,677000,0,Thành công,CN Thanh Xuân,3934432
GD202609008611,2026-09-22 18:36:50,KH000087,Mobile Banking,Nạp tiền điện thoại,194000,0,Thành công,CN Hoàn Kiếm,256326
GD202609012745,2026-09-22 18:36:54,KH000131,Internet Banking,Thanh toán hóa đơn,133000,0,Thành công,CN Thanh Xuân,381280
GD202609018183,2026-09-22 18:46:46,KH000191,QR Code,Chuyển khoản đến,3112000,0,Thành công,CN Hoàn Kiếm,18919441
GD202609005337,2026-09-22 18:47:41,KH000056,Mobile Banking,Chuyển khoản đến,2157000,0,Thành công,CN Hải Phòng,95581533
GD202609012178,2026-09-22 18:56:45,KH000127,POS,Chuyển khoản đi,1321000,0,Thành công,CN Quận 1,10777120
GD202609012987,2026-09-22 20:41:16,KH000132,Internet Banking,Nộp tiền mặt,4227000,0,Thành công,CN Quận 1,16970992
GD202609014533,2026-09-22 21:15:05,KH000153,POS,Thanh toán thẻ,88000,3300,Thành công,CN Cần Thơ,230241
GD202609014534,2026-09-22 21:15:49,KH000153,Mobile Banking,Thanh toán thẻ,71000,0,Thành công,CN Quận 1,159241
GD202609013336,2026-09-22 21:47:36,KH000137,Mobile Banking,Chuyển khoản đi,3058000,0,Thành công,CN Hải Phòng,7673561
GD202609005009,2026-09-22 22:33:19,KH000052,ATM,Chuyển khoản đến,192000,0,Thành công,CN Bình Dương,370806
GD202609001244,2026-09-22 22:37:34,KH000014,Internet Banking,Thanh toán thẻ,1454000,0,Thành công,CN Hải Phòng,14122593
GD202609010130,2026-09-22 22:54:00,KH000104,Internet Banking,Thanh toán thẻ,669000,0,Thành công,CN Hải Phòng,5247570
GD202609008918,2026-09-23 08:08:17,KH000092,Internet Banking,Chuyển khoản đi,605000,0,Thành công,CN Cầu Giấy,5829432
GD202609006464,2026-09-23 09:51:14,KH000065,Internet Banking,Nộp tiền mặt,21282000,0,Thành công,CN Cần Thơ,121777643
GD202609005520,2026-09-23 09:53:22,KH000058,Internet Banking,Chuyển khoản đi,7919000,0,Thành công,CN Cầu Giấy,234603478
GD202609014535,2026-09-23 10:17:45,KH000153,POS,Thanh toán thẻ,92000,0,Thành công,CN Cầu Giấy,67241
GD202609006463,2026-09-23 10:55:31,KH000065,QR Code,Chuyển khoản đến,16486000,0,Thành công,CN Bình Dương,100495643
GD202609001992,2026-09-23 11:24:32,KH000019,QR Code,Chuyển khoản đi,163000,0,Thành công,CN Cần Thơ,2418279
GD202609003703,2026-09-23 11:58:46,KH000034,Quầy giao dịch,Nộp tiền mặt,1244000,0,Thành công,CN Hải Phòng,51022121
GD202609016499,2026-09-23 13:09:06,KH000177,POS,Nộp tiền mặt,16139000,5500,Thành công,CN Hải Phòng,64567272
GD202609015816,2026-09-23 13:21:00,KH000171,POS,Thanh toán thẻ,176000,0,Thành công,CN Hải Phòng,152651
GD202609006465,2026-09-23 13:29:06,KH000065,Mobile Banking,Nộp tiền mặt,23800000,0,Thành công,CN Quận 1,145577643
GD202609008149,2026-09-23 13:56:07,KH000083,ATM,Nạp tiền điện thoại,308000,0,Thành công,CN Đà Nẵng,80900375
GD202609003925,2026-09-23 14:13:51,KH000038,Internet Banking,Chuyển khoản đến,2029000,0,Thành công,CN Cầu Giấy,99136660
GD202609017073,2026-09-23 14:38:37,KH000182,Internet Banking,Rút tiền mặt,7505000,0,Thành công,CN Quận 1,15645783
GD202609010613,2026-09-23 15:26:32,KH000111,QR Code,Thanh toán thẻ,11614000,0,Thành công,CN Đà Nẵng,32834248
GD202609008745,2026-09-23 16:19:24,KH000090,Mobile Banking,Thanh toán thẻ,7502000,0,Thành công,CN Hoàn Kiếm,22259396
GD202609009174,2026-09-23 16:48:43,KH000094,Mobile Banking,Thanh toán hóa đơn,639000,0,Thành công,CN Đà Nẵng,58394631
GD202609013654,2026-09-23 17:35:24,KH000142,QR Code,Thanh toán thẻ,2067000,0,Thành công,CN Bình Dương,55225375
GD202609018719,2026-09-23 18:36:58,KH000198,Quầy giao dịch,Nạp tiền điện thoại,173000,5500,Thành công,CN Hải Phòng,7177488
GD202609003704,2026-09-23 19:25:30,KH000034,Internet Banking,Nộp tiền mặt,878000,0,Thành công,CN Bình Dương,51900121
GD202609005010,2026-09-23 21:27:19,KH000052,Mobile Banking,Nộp tiền mặt,128000,0,Thành công,CN Cần Thơ,498806
GD202609001245,2026-09-23 21:28:34,KH000014,QR Code,Chuyển khoản đến,1379000,0,Thất bại,CN Cầu Giấy,14122593
GD202609007755,2026-09-23 21:38:21,KH000079,Internet Banking,Rút tiền mặt,1597000,0,Thành công,CN Quận 1,41279832
GD202609003470,2026-09-23 21:41:04,KH000032,Mobile Banking,Chuyển khoản đến,82000,0,Thành công,CN Thanh Xuân,102131305
GD202609003701,2026-09-23 22:06:49,KH000034,POS,Thanh toán thẻ,2446000,3300,Thành công,CN Hoàn Kiếm,52303121
GD202609009175,2026-09-23 22:12:45,KH000094,Quầy giao dịch,Nạp tiền điện thoại,1987000,0,Thành công,CN Hải Phòng,56407631
GD202609000208,2026-09-23 22:21:44,KH000005,QR Code,Thanh toán thẻ,118000,0,Thành công,CN Bình Dương,68430
GD202609003702,2026-09-23 22:35:25,KH000034,Mobile Banking,Chuyển khoản đi,2525000,0,Thành công,CN Quận 1,49778121
GD202609009589,2026-09-23 22:47:08,KH000097,Mobile Banking,Nộp tiền mặt,190000,0,Thành công,CN Thanh Xuân,430049
GD202609000927,2026-09-24 08:07:48,KH000012,Mobile Banking,Thanh toán thẻ,1178000,0,Thành công,CN Đà Nẵng,105558077
GD202609000926,2026-09-24 08:56:56,KH000012,POS,Thanh toán thẻ,1531000,3300,Thành công,CN Hải Phòng,106736077
GD202609000527,2026-09-24 09:06:00,KH000009,Mobile Banking,Chuyển khoản đi,3733000,0,Thành công,CN Cần Thơ,38065058
GD202609001246,2026-09-24 09:57:05,KH000014,Mobile Banking,Thanh toán hóa đơn,67000,0,Thành công,CN Cầu Giấy,14055593
GD202609004330,2026-09-24 10:05:28,KH000044,Mobile Banking,Thanh toán hóa đơn,456000,0,Thành công,CN TP Hồ Chí Minh,4161062
GD202609005011,2026-09-24 10:11:26,KH000052,QR Code,Chuyển khoản đến,81000,0,Thành công,CN TP Hồ Chí Minh,579806
GD202609009772,2026-09-24 10:11:59,KH000099,Mobile Banking,Thanh toán thẻ,831000,0,Thành công,CN Thanh Xuân,45725975
GD202609002340,2026-09-24 10:21:16,KH000021,Internet Banking,Chuyển khoản đi,401000,0,Thành công,CN Đà Nẵng,73868442
GD202609008363,2026-09-24 10:31:26,KH000084,Internet Banking,Chuyển khoản đi,283000,0,Thành công,CN Cầu Giấy,3960261
GD202609004084,2026-09-24 10:34:22,KH000040,ATM,Chuyển khoản đến,3754000,1100,Thành công,CN Cần Thơ,29951880
GD202609004464,2026-09-24 10:51:38,KH000045,Mobile Banking,Nạp tiền điện thoại,2069000,0,Thành công,CN Hoàn Kiếm,53947682
GD202609007757,2026-09-24 10:53:58,KH000079,POS,Thanh toán thẻ,2935000,3300,Thành công,CN Cầu Giấy,28249532
GD202609012989,2026-09-24 10:54:21,KH000132,Mobile Banking,Nạp tiền điện thoại,4833000,0,Thành công,CN Đà Nẵng,15715992
GD202609003705,2026-09-24 11:43:46,KH000034,Internet Banking,Thanh toán thẻ,1962000,0,Thành công,CN Hoàn Kiếm,49938121
GD202609013903,2026-09-24 11:45:21,KH000145,Mobile Banking,Chuyển khoản đi,160000,0,Thành công,CN Đà Nẵng,100335213
GD202609012746,2026-09-24 12:03:49,KH000131,Internet Banking,Nộp tiền mặt,131000,0,Thành công,CN Thanh Xuân,512280
GD202609011888,2026-09-24 12:18:19,KH000125,Mobile Banking,Rút tiền mặt,81000,0,Thành công,CN Cần Thơ,361136
GD202609009415,2026-09-24 12:25:23,KH000096,Internet Banking,Thanh toán thẻ,8612000,0,Thất bại,CN Cần Thơ,24807344
GD202609005521,2026-09-24 12:43:32,KH000058,POS,Nạp tiền điện thoại,242000,5500,Thành công,CN Hoàn Kiếm,234355978
GD202609016586,2026-09-24 12:58:10,KH000179,Quầy giao dịch,Rút tiền mặt,16183000,3300,Thành công,CN Bình Dương,194489415
GD202609015988,2026-09-24 13:12:17,KH000172,Mobile Banking,Chuyển khoản đi,376000,0,Thành công,CN Thanh Xuân,1181665
GD202609013655,2026-09-24 13:30:38,KH000142,QR Code,Nộp tiền mặt,7811000,0,Thành công,CN Cần Thơ,63036375
GD202609011450,2026-09-24 13:57:44,KH000119,POS,Thanh toán thẻ,140000,1100,Thành công,CN Bình Dương,65053275
GD202609016362,2026-09-24 14:04:12,KH000176,Internet Banking,Chuyển khoản đi,1145000,0,Thành công,CN Cầu Giấy,62262489
GD202609010517,2026-09-24 14:18:35,KH000110,QR Code,Chuyển khoản đến,2919000,0,Thành công,CN Đà Nẵng,53198998
GD202609016174,2026-09-24 14:19:01,KH000175,Quầy giao dịch,Chuyển khoản đến,2931000,3300,Thành công,CN Hoàn Kiếm,34313101
GD202609012747,2026-09-24 14:54:31,KH000131,Mobile Banking,Thanh toán thẻ,82000,0,Thành công,CN Thanh Xuân,430280
GD202609007756,2026-09-24 14:57:50,KH000079,Internet Banking,Thanh toán hóa đơn,10092000,0,Thành công,CN Thanh Xuân,31187832
GD202609004463,2026-09-24 15:06:00,KH000045,POS,Thanh toán thẻ,173000,0,Thành công,CN Đà Nẵng,56016682
GD202609008041,2026-09-24 15:47:41,KH000082,Quầy giao dịch,Nộp tiền mặt,4617000,0,Thành công,CN Thanh Xuân,21632589
GD202609005338,2026-09-24 16:28:34,KH000056,POS,Nộp tiền mặt,3332000,0,Thành công,CN Hoàn Kiếm,98913533
GD202609009590,2026-09-24 16:40:42,KH000097,POS,Thanh toán thẻ,187000,3300,Thành công,CN Bình Dương,239749
GD202609014173,2026-09-24 17:38:21,KH000150,Quầy giao dịch,Nạp tiền điện thoại,903000,5500,Thành công,CN Cầu Giấy,40242436
GD202609005960,2026-09-24 18:43:17,KH000061,Mobile Banking,Chuyển khoản đi,52000,0,Thành công,CN Cần Thơ,3882432
GD202609005661,2026-09-24 19:56:13,KH000059,Internet Banking,Thanh toán thẻ,16569000,0,Thành công,CN Thanh Xuân,77829561
GD202609014942,2026-09-24 20:23:23,KH000159,QR Code,Nộp tiền mặt,6926000,0,Thành công,CN Cần Thơ,75815330
GD202609005012,2026-09-24 20:29:24,KH000052,Mobile Banking,Thanh toán hóa đơn,116000,0,Thành công,CN Bình Dương,463806
GD202609015207,2026-09-24 20:31:38,KH000162,QR Code,Nạp tiền điện thoại,100000,0,Thành công,CN Thanh Xuân,101103
GD202609012327,2026-09-24 20:42:29,KH000128,QR Code,Nộp tiền mặt,337000,0,Thành công,CN Hoàn Kiếm,73383805
GD202609006065,2026-09-24 21:33:53,KH000062,QR Code,Thanh toán hóa đơn,1964000,0,Thành công,CN Hải Phòng,21029824
GD202609014536,2026-09-24 22:34:54,KH000153,POS,Thanh toán thẻ,193000,0,Thành công,CN Đà Nẵng,163741
GD202609006467,2026-09-25 07:37:01,KH000065,QR Code,Chuyển khoản đến,33091000,0,Thành công,CN Quận 1,227171643
GD202609003706,2026-09-25 07:53:19,KH000034,POS,Thanh toán thẻ,582000,1100,Thành công,CN Cần Thơ,49355021
GD202609016698,2026-09-25 08:45:19,KH000180,ATM,Rút tiền mặt,1176000,0,Thành công,CN Thanh Xuân,70942303
GD202609005013,2026-09-25 09:40:17,KH000052,QR Code,Thanh toán thẻ,51000,0,Thành công,CN Cầu Giấy,412806
GD202609013996,2026-09-25 10:12:55,KH000147,Mobile Banking,Thanh toán thẻ,1018000,0,Thành công,CN Cần Thơ,130525617
GD202609011890,2026-09-25 11:15:17,KH000125,QR Code,Thanh toán thẻ,171000,0,Thành công,CN Hải Phòng,285336
GD202609008613,2026-09-25 11:19:30,KH000087,Mobile Banking,Chuyển khoản đến,84000,0,Thành công,CN Hải Phòng,181326
GD202609014074,2026-09-25 11:31:16,KH000148,POS,Rút tiền mặt,130000,1100,Thành công,CN Đà Nẵng,84027460
GD202609016830,2026-09-25 11:37:08,KH000181,QR Code,Thanh toán hóa đơn,184000,0,Thành công,CN Quận 1,197020
GD202609007758,2026-09-25 12:20:43,KH000079,POS,Thanh toán thẻ,6432000,1100,Thành công,CN Quận 1,21816432
GD202609005662,2026-09-25 12:24:53,KH000059,QR Code,Thanh toán hóa đơn,10293000,0,Thất bại,CN TP Hồ Chí Minh,77829561
GD202609007092,2026-09-25 12:33:52,KH000074,POS,Thanh toán thẻ,1815000,3300,Thành công,CN Hoàn Kiếm,26812857
GD202609005961,2026-09-25 12:36:46,KH000061,Mobile Banking,Nạp tiền điện thoại,858000,0,Thành công,CN Cầu Giấy,3024432
GD202609001993,2026-09-25 12:46:36,KH000019,QR Code,Chuyển khoản đến,368000,0,Thành công,CN Bình Dương,2786279
GD202609005457,2026-09-25 13:19:53,KH000057,Quầy giao dịch,Chuyển khoản đến,10004000,1100,Thành công,CN Cần Thơ,77237287
GD202609001577,2026-09-25 13:35:17,KH000016,POS,Thanh toán thẻ,162000,0,Thành công,CN Thanh Xuân,162107
GD202609014537,2026-09-25 13:46:56,KH000153,QR Code,Thanh toán thẻ,70000,0,Thành công,CN Đà Nẵng,93741
GD202609013212,2026-09-25 14:25:16,KH000136,Internet Banking,Nộp tiền mặt,153000,0,Thành công,CN Thanh Xuân,46572356
GD202609005014,2026-09-25 15:06:31,KH000052,Mobile Banking,Thanh toán thẻ,68000,0,Thành công,CN Thanh Xuân,344806
GD202609008043,2026-09-25 15:48:20,KH000082,Mobile Banking,Thanh toán hóa đơn,73000,0,Thành công,CN Đà Nẵng,18442089
GD202609017943,2026-09-25 15:52:29,KH000189,ATM,Thanh toán hóa đơn,26574000,5500,Thành công,CN Cần Thơ,69766102
GD202609007914,2026-09-25 16:16:19,KH000081,POS,Chuyển khoản đến,63371000,1100,Thành công,CN Cần Thơ,379182429
GD202609001247,2026-09-25 16:58:13,KH000014,POS,Thanh toán thẻ,4046000,3300,Thành công,CN Hoàn Kiếm,10006293
GD202609008919,2026-09-25 17:20:38,KH000092,POS,Thanh toán thẻ,1369000,5500,Thành công,CN Quận 1,4454932
GD202609015989,2026-09-25 17:33:47,KH000172,Mobile Banking,Thanh toán thẻ,299000,0,Thành công,CN Bình Dương,882665
GD202609000088,2026-09-25 17:41:14,KH000003,POS,Thanh toán thẻ,4960000,3300,Thành công,CN Hoàn Kiếm,407073966
GD202609011889,2026-09-25 17:58:07,KH000125,ATM,Thanh toán hóa đơn,158000,3300,Thành công,CN Cầu Giấy,199836
GD202609018300,2026-09-25 18:14:35,KH000193,POS,Nạp tiền điện thoại,57036000,1100,Thành công,CN Đà Nẵng,336529303
GD202609012748,2026-09-25 18:19:35,KH000131,POS,Thanh toán thẻ,148000,3300,Thành công,CN Hoàn Kiếm,278980
GD202609006466,2026-09-25 19:07:15,KH000065,Mobile Banking,Chuyển khoản đến,48503000,0,Thành công,CN Đà Nẵng,194080643
GD202609008042,2026-09-25 19:25:51,KH000082,POS,Thanh toán thẻ,3112000,5500,Thành công,CN Bình Dương,18515089
GD202609014174,2026-09-25 19:27:10,KH000150,QR Code,Thanh toán thẻ,10292000,0,Thành công,CN Thanh Xuân,29950436
GD202609006811,2026-09-25 19:54:35,KH000071,QR Code,Thanh toán thẻ,163000,0,Thành công,CN Bình Dương,2129538
GD202609014073,2026-09-25 20:02:13,KH000148,Mobile Banking,Chuyển khoản đi,607000,0,Thành công,CN Thanh Xuân,84158560
GD202609005015,2026-09-25 20:15:57,KH000052,POS,Thanh toán thẻ,184000,3300,Thành công,CN Hải Phòng,157506
GD202609009176,2026-09-25 20:21:12,KH000094,Mobile Banking,Nộp tiền mặt,327000,0,Thành công,CN Bình Dương,56734631
GD202609000708,2026-09-25 20:59:10,KH000010,POS,Thanh toán thẻ,906000,0,Thành công,CN Hải Phòng,6052819
GD202609012749,2026-09-25 21:00:36,KH000131,Internet Banking,Nộp tiền mặt,68000,0,Thành công,CN Bình Dương,346980
GD202609010865,2026-09-25 21:30:15,KH000114,Mobile Banking,Nộp tiền mặt,1662000,0,Thành công,CN Cầu Giấy,83608073
GD202609010131,2026-09-25 21:51:55,KH000104,POS,Thanh toán thẻ,1708000,5500,Thành công,CN Hải Phòng,3534070
GD202609009591,2026-09-25 21:59:10,KH000097,Internet Banking,Thanh toán thẻ,59000,0,Thành công,CN Bình Dương,180749
GD202609001578,2026-09-25 22:03:00,KH000016,Mobile Banking,Chuyển khoản đi,159000,0,Thành công,CN Cần Thơ,241607
GD202609018495,2026-09-25 22:09:25,KH000195,POS,Thanh toán thẻ,158000,3300,Thành công,CN Hoàn Kiếm,229817
GD202609002231,2026-09-26 06:02:22,KH000020,Internet Banking,Chuyển khoản đến,11839000,0,Thành công,CN Hoàn Kiếm,127911513
GD202609007761,2026-09-26 06:05:33,KH000079,Internet Banking,Thanh toán thẻ,4769000,0,Thành công,CN TP Hồ Chí Minh,11336432
GD202609018185,2026-09-26 06:12:11,KH000191,Mobile Banking,Thanh toán hóa đơn,4283000,0,Thành công,CN Hoàn Kiếm,12851441
GD202609000709,2026-09-26 06:23:10,KH000010,Quầy giao dịch,Thanh toán hóa đơn,611000,1100,Thành công,CN Hoàn Kiếm,5440719
GD202609015432,2026-09-26 06:33:43,KH000165,ATM,Nạp tiền điện thoại,2571000,1100,Thành công,CN Hoàn Kiếm,12557246
GD202609007434,2026-09-26 06:53:04,KH000077,POS,Thanh toán thẻ,67000,0,Thành công,CN Thanh Xuân,3553781
GD202609000209,2026-09-26 07:29:10,KH000005,Mobile Banking,Chuyển khoản đến,128000,0,Thành công,CN TP Hồ Chí Minh,196430
GD202609008920,2026-09-26 07:41:08,KH000092,POS,Thanh toán thẻ,683000,1100,Thành công,CN Đà Nẵng,3770832
GD202609005459,2026-09-26 07:52:45,KH000057,Mobile Banking,Nạp tiền điện thoại,21128000,0,Thành công,CN TP Hồ Chí Minh,53714287
GD202609012991,2026-09-26 08:22:15,KH000132,QR Code,Thanh toán thẻ,4251000,0,Thành công,CN Quận 1,10404692
GD202609018186,2026-09-26 08:39:27,KH000191,Internet Banking,Rút tiền mặt,3694000,0,Thành công,CN Hải Phòng,9157441
GD202609005339,2026-09-26 09:11:12,KH000056,POS,Nộp tiền mặt,1880000,1100,Thành công,CN Hoàn Kiếm,100793533
GD202609007435,2026-09-26 09:31:50,KH000077,Mobile Banking,Thanh toán thẻ,86000,0,Thành công,CN Bình Dương,3467781
GD202609012180,2026-09-26 10:41:45,KH000127,Internet Banking,Thanh toán thẻ,1812000,0,Thành công,CN Bình Dương,5380120
GD202609011891,2026-09-26 10:57:39,KH000125,Internet Banking,Nạp tiền điện thoại,179000,0,Thành công,CN TP Hồ Chí Minh,106336
GD202609011242,2026-09-26 11:24:33,KH000118,QR Code,Nộp tiền mặt,1616000,0,Thành công,CN Đà Nẵng,11814163
GD202609001995,2026-09-26 11:39:24,KH000019,QR Code,Chuyển khoản đi,116000,0,Thành công,CN Hoàn Kiếm,1858279
GD202609009416,2026-09-26 11:55:39,KH000096,QR Code,Thanh toán thẻ,6924000,0,Thành công,CN TP Hồ Chí Minh,17883344
GD202609002768,2026-09-26 12:58:30,KH000025,Internet Banking,Rút tiền mặt,186000,0,Thành công,CN Đà Nẵng,282531
GD202609001249,2026-09-26 13:34:02,KH000014,Mobile Banking,Nộp tiền mặt,1342000,0,Thành công,CN TP Hồ Chí Minh,9110293
GD202609005016,2026-09-26 13:48:09,KH000052,Internet Banking,Thanh toán thẻ,125000,0,Thành công,CN Đà Nẵng,220006
GD202609010518,2026-09-26 14:04:58,KH000110,Mobile Banking,Nộp tiền mặt,2757000,0,Thành công,CN Quận 1,55955998
GD202609004709,2026-09-26 14:15:12,KH000050,Mobile Banking,Chuyển khoản đến,3675000,0,Thành công,CN Thanh Xuân,18839500
GD202609010384,2026-09-26 14:23:24,KH000108,Mobile Banking,Rút tiền mặt,217000,0,Thành công,CN Cầu Giấy,102550900
GD202609003130,2026-09-26 14:37:19,KH000028,Mobile Banking,Nạp tiền điện thoại,2069000,0,Thành công,CN Hải Phòng,52078740
GD202609003129,2026-09-26 14:42:07,KH000028,Mobile Banking,Thanh toán hóa đơn,1801000,0,Thành công,CN Cầu Giấy,54147740
GD202609006227,2026-09-26 14:47:23,KH000063,QR Code,Thanh toán thẻ,287000,0,Thành công,CN Cần Thơ,83438373
GD202609005963,2026-09-26 15:05:55,KH000061,QR Code,Thanh toán thẻ,1245000,0,Thành công,CN Thanh Xuân,2338432
GD202609016363,2026-09-26 15:07:59,KH000176,Internet Banking,Chuyển khoản đi,1164000,0,Thành công,CN Bình Dương,61098489
GD202609002341,2026-09-26 15:20:28,KH000021,Mobile Banking,Chuyển khoản đi,327000,0,Thành công,CN Cần Thơ,73541442
GD202609002767,2026-09-26 15:26:14,KH000025,QR Code,Chuyển khoản đến,72000,0,Thành công,CN Đà Nẵng,468531
GD202609016500,2026-09-26 15:39:27,KH000177,Internet Banking,Thanh toán thẻ,14859000,0,Thành công,CN Đà Nẵng,49708272
GD202609014245,2026-09-26 15:41:57,KH000151,ATM,Nộp tiền mặt,78000,5500,Thành công,CN Hoàn Kiếm,303516
GD202609017778,2026-09-26 15:42:34,KH000187,QR Code,Thanh toán thẻ,5417000,0,Thành công,CN Quận 1,26786012
GD202609015208,2026-09-26 15:46:08,KH000162,Internet Banking,Thanh toán thẻ,150000,0,Thành công,CN Hoàn Kiếm,176103
GD202609001579,2026-09-26 16:03:05,KH000016,Mobile Banking,Rút tiền mặt,93000,0,Thành công,CN Hải Phòng,148607
GD202609012179,2026-09-26 16:08:21,KH000127,Internet Banking,Chuyển khoản đi,3585000,0,Thành công,CN Đà Nẵng,7192120
GD202609002484,2026-09-26 16:43:52,KH000023,Mobile Banking,Thanh toán thẻ,4356000,0,Thành công,CN Hoàn Kiếm,31241787
GD202609005458,2026-09-26 16:50:14,KH000057,Mobile Banking,Thanh toán thẻ,2395000,0,Thành công,CN Đà Nẵng,74842287
GD202609014538,2026-09-26 17:35:11,KH000153,Internet Banking,Chuyển khoản đến,164000,0,Thành công,CN TP Hồ Chí Minh,257741
GD202609005962,2026-09-26 17:38:48,KH000061,QR Code,Chuyển khoản đến,559000,0,Thành công,CN Hải Phòng,3583432
GD202609007760,2026-09-26 17:58:19,KH000079,Internet Banking,Chuyển khoản đến,1504000,0,Thành công,CN Thanh Xuân,16105432
GD202609001248,2026-09-26 18:14:37,KH000014,Mobile Banking,Nạp tiền điện thoại,2238000,0,Thành công,CN Hải Phòng,7768293
GD202609007433,2026-09-26 18:44:26,KH000077,QR Code,Thanh toán thẻ,331000,0,Thành công,CN Cần Thơ,3620781
GD202609002230,2026-09-26 18:45:20,KH000020,Mobile Banking,Nộp tiền mặt,9279000,0,Thành công,CN Cần Thơ,116072513
GD202609002965,2026-09-26 18:51:40,KH000027,QR Code,Chuyển khoản đến,2186000,0,Thành công,CN Bình Dương,9979213
GD202609009178,2026-09-26 19:06:29,KH000094,Internet Banking,Thanh toán thẻ,1735000,0,Thành công,CN Thanh Xuân,55209631
GD202609011892,2026-09-26 19:21:23,KH000125,Internet Banking,Thanh toán hóa đơn,192000,0,Thành công,CN Cầu Giấy,202336
GD202609007759,2026-09-26 19:26:51,KH000079,POS,Thanh toán thẻ,7215000,0,Thành công,CN TP Hồ Chí Minh,14601432
GD202609012507,2026-09-26 19:34:00,KH000130,POS,Thanh toán thẻ,3528000,1100,Thành công,CN Đà Nẵng,36701088
GD202609009177,2026-09-26 19:36:42,KH000094,Internet Banking,Nộp tiền mặt,210000,0,Thành công,CN Hải Phòng,56944631
GD202609001996,2026-09-26 19:56:09,KH000019,ATM,Chuyển khoản đến,287000,0,Thành công,CN Hải Phòng,2145279
GD202609005663,2026-09-26 20:48:09,KH000059,Internet Banking,Rút tiền mặt,20260000,0,Thành công,CN Quận 1,57569561
GD202609017390,2026-09-26 21:15:48,KH000183,POS,Thanh toán thẻ,4285000,1100,Thành công,CN Cần Thơ,21113293
GD202609007093,2026-09-26 21:37:30,KH000074,Quầy giao dịch,Chuyển khoản đi,1383000,0,Thành công,CN Thanh Xuân,25429857
GD202609001994,2026-09-26 21:38:56,KH000019,Mobile Banking,Rút tiền mặt,812000,0,Thành công,CN Quận 1,1974279
GD202609012990,2026-09-26 21:42:34,KH000132,POS,Thanh toán thẻ,1057000,3300,Thành công,CN Cần Thơ,14655692
GD202609014539,2026-09-26 21:43:38,KH000153,POS,Thanh toán thẻ,85000,0,Thành công,CN Cầu Giấy,172741
GD202609005964,2026-09-26 21:46:42,KH000061,POS,Thanh toán thẻ,642000,0,Thành công,CN Quận 1,1696432
GD202609003707,2026-09-26 22:04:49,KH000034,Internet Banking,Thanh toán thẻ,1106000,0,Thất bại,CN Quận 1,49355021
GD202609003471,2026-09-27 06:54:14,KH000032,QR Code,Thanh toán thẻ,184000,0,Thành công,CN Thanh Xuân,101947305
GD202609005664,2026-09-27 06:58:21,KH000059,POS,Thanh toán thẻ,10541000,3300,Thành công,CN TP Hồ Chí Minh,47025261
GD202609005965,2026-09-27 07:00:12,KH000061,Mobile Banking,Nộp tiền mặt,52000,0,Thành công,CN Đà Nẵng,1748432
GD202609005966,2026-09-27 07:02:29,KH000061,Internet Banking,Thanh toán thẻ,93000,0,Thành công,CN Quận 1,1655432
GD202609005967,2026-09-27 07:10:32,KH000061,QR Code,Thanh toán thẻ,260000,0,Thành công,CN Thanh Xuân,1395432
GD202609008364,2026-09-27 07:21:34,KH000084,QR Code,Chuyển khoản đến,287000,0,Thành công,CN Cần Thơ,4247261
GD202609008921,2026-09-27 07:33:29,KH000092,POS,Thanh toán thẻ,597000,5500,Thành công,CN Quận 1,3168332
GD202609000464,2026-09-27 07:41:17,KH000008,Internet Banking,Chuyển khoản đi,5067000,0,Thành công,CN Bình Dương,9854155
GD202609010210,2026-09-27 08:25:41,KH000105,Quầy giao dịch,Thanh toán hóa đơn,41070000,5500,Thành công,CN Cầu Giấy,485829321
GD202609005017,2026-09-27 08:35:44,KH000052,Internet Banking,Thanh toán hóa đơn,69000,0,Thành công,CN TP Hồ Chí Minh,151006
GD202609006468,2026-09-27 08:58:33,KH000065,Internet Banking,Chuyển khoản đi,65403000,0,Thành công,CN Hải Phòng,161768643
GD202609012181,2026-09-27 10:14:26,KH000127,ATM,Thanh toán hóa đơn,1553000,1100,Thành công,CN Cầu Giấy,3826020
GD202609000844,2026-09-27 10:20:40,KH000011,Internet Banking,Thanh toán hóa đơn,3273000,0,Thành công,CN Hải Phòng,117027463
GD202609003472,2026-09-27 10:36:14,KH000032,POS,Thanh toán thẻ,180000,3300,Thành công,CN Đà Nẵng,101764005
GD202609009592,2026-09-27 12:17:57,KH000097,ATM,Nộp tiền mặt,107000,3300,Thành công,CN Đà Nẵng,287749
GD202609003926,2026-09-27 12:30:59,KH000038,Internet Banking,Thanh toán thẻ,1282000,0,Thành công,CN TP Hồ Chí Minh,97854660
GD202609013066,2026-09-27 12:53:24,KH000133,Internet Banking,Thanh toán thẻ,1481000,0,Thành công,CN TP Hồ Chí Minh,3366121
GD202609010960,2026-09-27 13:17:26,KH000115,QR Code,Rút tiền mặt,6119000,0,Thành công,CN Cần Thơ,12443269
GD202609017779,2026-09-27 14:13:41,KH000187,Mobile Banking,Rút tiền mặt,8593000,0,Thành công,CN Quận 1,18193012
GD202609017392,2026-09-27 14:13:42,KH000183,Internet Banking,Rút tiền mặt,6021000,0,Thành công,CN Cầu Giấy,16542293
GD202609016501,2026-09-27 14:33:26,KH000177,ATM,Chuyển khoản đến,15291000,3300,Thành công,CN Quận 1,64999272
GD202609016073,2026-09-27 14:39:37,KH000173,Quầy giao dịch,Chuyển khoản đến,149000,5500,Thành công,CN Thanh Xuân,3355468
GD202609005019,2026-09-27 14:49:05,KH000052,Mobile Banking,Nộp tiền mặt,126000,0,Thành công,CN Cầu Giấy,355506
GD202609005018,2026-09-27 15:58:43,KH000052,QR Code,Chuyển khoản đi,157000,0,Thành công,CN Đà Nẵng,229506
GD202609012508,2026-09-27 16:53:19,KH000130,QR Code,Rút tiền mặt,1786000,0,Thành công,CN Quận 1,34915088
GD202609002769,2026-09-27 17:07:04,KH000025,Internet Banking,Nạp tiền điện thoại,95000,0,Thành công,CN Cầu Giấy,187531
GD202609000463,2026-09-27 17:17:15,KH000008,Internet Banking,Thanh toán thẻ,899000,0,Thành công,CN Cầu Giấy,14921155
GD202609015433,2026-09-27 17:19:44,KH000165,Quầy giao dịch,Rút tiền mặt,919000,3300,Thành công,CN Cầu Giấy,11634946
GD202609016175,2026-09-27 17:40:44,KH000175,ATM,Rút tiền mặt,5676000,5500,Thành công,CN Thanh Xuân,28631601
GD202609000928,2026-09-27 17:50:46,KH000012,POS,Thanh toán thẻ,2532000,0,Thành công,CN Hải Phòng,103026077
GD202609017944,2026-09-27 18:33:01,KH000189,POS,Thanh toán thẻ,15640000,0,Thành công,CN Đà Nẵng,54126102
GD202609010614,2026-09-27 19:34:55,KH000111,QR Code,Chuyển khoản đi,9128000,0,Thành công,CN Quận 1,23706248
GD202609006812,2026-09-27 20:19:35,KH000071,Mobile Banking,Chuyển khoản đi,711000,0,Thành công,CN Hải Phòng,1418538
GD202609015210,2026-09-27 20:26:45,KH000162,Internet Banking,Thanh toán thẻ,56000,0,Thành công,CN Hoàn Kiếm,193003
GD202609008614,2026-09-27 21:16:01,KH000087,POS,Rút tiền mặt,133000,1100,Thành công,CN Hoàn Kiếm,246726
GD202609017391,2026-09-27 21:18:18,KH000183,ATM,Chuyển khoản đến,1450000,0,Thành công,CN Cầu Giấy,22563293
GD202609010132,2026-09-27 21:29:29,KH000104,Mobile Banking,Thanh toán thẻ,638000,0,Thành công,CN Quận 1,2896070
GD202609015209,2026-09-27 21:35:12,KH000162,POS,Thanh toán thẻ,148000,1100,Thành công,CN Cần Thơ,249003
GD202609014540,2026-09-27 22:05:22,KH000153,Mobile Banking,Thanh toán thẻ,197000,0,Thành công,CN Đà Nẵng,271241
GD202609001580,2026-09-27 22:13:40,KH000016,POS,Nộp tiền mặt,125000,5500,Thành công,CN Đà Nẵng,273607
GD202609007094,2026-09-27 22:59:32,KH000074,POS,Thanh toán thẻ,150000,0,Thành công,CN Đà Nẵng,25279857
GD202609011451,2026-09-28 06:19:47,KH000119,POS,Thanh toán thẻ,172000,3300,Thành công,CN TP Hồ Chí Minh,64877975
GD202609016831,2026-09-28 06:27:45,KH000181,POS,Thanh toán thẻ,141000,5500,Thành công,CN Đà Nẵng,50520
GD202609007437,2026-09-28 06:39:34,KH000077,POS,Thanh toán thẻ,963000,1100,Thành công,CN Quận 1,2253681
GD202609015011,2026-09-28 06:52:27,KH000160,ATM,Chuyển khoản đến,4371000,5500,Thành công,CN Hoàn Kiếm,100468863
GD202609007436,2026-09-28 07:53:02,KH000077,Internet Banking,Chuyển khoản đi,250000,0,Thành công,CN Cần Thơ,3217781
GD202609002370,2026-09-28 08:33:10,KH000022,Internet Banking,Rút tiền mặt,518000,0,Thành công,CN Hoàn Kiếm,48215667
GD202609003927,2026-09-28 09:07:34,KH000038,POS,Nộp tiền mặt,2183000,3300,Thành công,CN Bình Dương,100037660
GD202609005340,2026-09-28 10:29:24,KH000056,Mobile Banking,Thanh toán hóa đơn,3905000,0,Thành công,CN Cần Thơ,96888533
GD202609013213,2026-09-28 10:33:23,KH000136,Internet Banking,Rút tiền mặt,10916000,0,Thành công,CN Cần Thơ,35656356
GD202609000465,2026-09-28 11:12:25,KH000008,QR Code,Chuyển khoản đi,1417000,0,Thành công,CN Cần Thơ,8437155
GD202609000089,2026-09-28 11:23:42,KH000003,ATM,Rút tiền mặt,35669000,1100,Thành công,CN Cần Thơ,371403866
GD202609008044,2026-09-28 12:25:58,KH000082,POS,Thanh toán thẻ,3814000,1100,Thành công,CN Bình Dương,14626989
GD202609014911,2026-09-28 12:31:25,KH000158,Internet Banking,Rút tiền mặt,15123000,0,Thành công,CN Thanh Xuân,34327579
GD202609018187,2026-09-28 13:23:27,KH000191,Internet Banking,Thanh toán thẻ,2587000,0,Thành công,CN Quận 1,6570441
GD202609007762,2026-09-28 14:28:48,KH000079,QR Code,Chuyển khoản đến,1709000,0,Thành công,CN Cầu Giấy,13045432
GD202609010519,2026-09-28 14:43:34,KH000110,Internet Banking,Rút tiền mặt,1577000,0,Thành công,CN Hải Phòng,54378998
GD202609017393,2026-09-28 15:29:38,KH000183,Internet Banking,Thanh toán thẻ,1081000,0,Thành công,CN Thanh Xuân,15461293
GD202609007546,2026-09-28 16:08:54,KH000078,Quầy giao dịch,Thanh toán hóa đơn,3754000,3300,Thành công,CN Hoàn Kiếm,44227697
GD202609008922,2026-09-28 17:54:58,KH000092,QR Code,Chuyển khoản đi,869000,0,Thành công,CN Hải Phòng,2299332
GD202609014943,2026-09-28 18:11:07,KH000159,QR Code,Rút tiền mặt,5999000,0,Thành công,CN Hoàn Kiếm,69816330
GD202609017780,2026-09-28 18:32:50,KH000187,Mobile Banking,Chuyển khoản đi,270000,0,Thành công,CN Hoàn Kiếm,17923012
GD202609010749,2026-09-28 20:09:13,KH000113,Internet Banking,Nạp tiền điện thoại,1566000,0,Thành công,CN Đà Nẵng,12582329
GD202609011452,2026-09-28 20:23:36,KH000119,POS,Thanh toán thẻ,166000,0,Thành công,CN Cầu Giấy,64711975
GD202609006228,2026-09-28 20:24:50,KH000063,POS,Thanh toán thẻ,1118000,3300,Thành công,CN Cầu Giấy,82317073
GD202609012992,2026-09-28 21:00:00,KH000132,POS,Thanh toán thẻ,2561000,1100,Thành công,CN Cầu Giấy,7842592
GD202609012182,2026-09-28 21:53:21,KH000127,Quầy giao dịch,Thanh toán hóa đơn,964000,5500,Thành công,CN Cầu Giấy,2856520
GD202609016074,2026-09-28 21:53:47,KH000173,Internet Banking,Thanh toán thẻ,553000,0,Thành công,CN Thanh Xuân,2802468
GD202609016364,2026-09-28 22:30:37,KH000176,Mobile Banking,Chuyển khoản đến,67000,0,Thành công,CN Cần Thơ,61165489
GD202609013656,2026-09-28 22:46:00,KH000142,QR Code,Thanh toán thẻ,2861000,0,Thành công,CN Quận 1,60175375
