ma_giao_dich,ngay_gio,ma_kh,kenh,loai_giao_dich,so_tien,phi,trang_thai,chi_nhanh,so_du_sau_giao_dich
GD202601018358,2026-01-01 06:22:06,KH000195,POS,Thanh toán thẻ,61404000,5500,Thành công,CN Thanh Xuân,1024473917
GD202601000328,2026-01-01 06:37:43,KH000008,POS,Thanh toán thẻ,92028000,0,Thành công,CN Bình Dương,407412663
GD202601001771,2026-01-01 06:50:29,KH000019,Quầy giao dịch,Nộp tiền mặt,398000,1100,Thành công,CN Cần Thơ,41767176
GD202601017156,2026-01-01 07:22:18,KH000183,Mobile Banking,Chuyển khoản đến,34063000,0,Thành công,CN Cần Thơ,331971655
GD202601010548,2026-01-01 07:59:43,KH000111,Quầy giao dịch,Thanh toán hóa đơn,41919000,5500,Thành công,CN TP Hồ Chí Minh,316831938
GD202601006913,2026-01-01 08:09:26,KH000074,Mobile Banking,Chuyển khoản đi,545000,0,Thành công,CN Cầu Giấy,23720205
GD202601014188,2026-01-01 08:29:09,KH000151,QR Code,Thanh toán thẻ,798000,0,Thành công,CN Quận 1,14894616
GD202601013553,2026-01-01 08:41:43,KH000142,Quầy giao dịch,Rút tiền mặt,11872000,5500,Thành công,CN Hoàn Kiếm,24362475
GD202601012243,2026-01-01 08:46:48,KH000128,Mobile Banking,Thanh toán hóa đơn,355000,0,Thành công,CN Đà Nẵng,2685069
GD202601013953,2026-01-01 08:54:24,KH000147,Quầy giao dịch,Chuyển khoản đến,1307000,0,Thành công,CN Cầu Giấy,89728739
GD202601001680,2026-01-01 08:54:59,KH000018,QR Code,Thanh toán thẻ,1480000,0,Thành công,CN Hoàn Kiếm,21104421
GD202601011274,2026-01-01 09:15:38,KH000119,QR Code,Thanh toán thẻ,151000,0,Thành công,CN TP Hồ Chí Minh,1158351
GD202601004273,2026-01-01 09:20:53,KH000043,ATM,Rút tiền mặt,58000,5500,Thành công,CN Hải Phòng,5937087
GD202601013137,2026-01-01 10:38:59,KH000136,QR Code,Thanh toán thẻ,13482000,0,Thành công,CN Đà Nẵng,337277699
GD202601011273,2026-01-01 10:55:26,KH000119,Mobile Banking,Thanh toán thẻ,138000,0,Thành công,CN Quận 1,1309351
GD202601008529,2026-01-01 11:29:14,KH000087,Internet Banking,Chuyển khoản đi,8894000,0,Thành công,CN Quận 1,17020126
GD202601008991,2026-01-01 11:34:49,KH000094,Internet Banking,Chuyển khoản đến,1716000,0,Thành công,CN Hải Phòng,58720016
GD202601013242,2026-01-01 11:34:49,KH000137,POS,Thanh toán thẻ,8853000,5500,Thành công,CN TP Hồ Chí Minh,25231362
GD202601010313,2026-01-01 12:02:57,KH000108,Internet Banking,Thanh toán thẻ,172000,0,Thành công,CN Hải Phòng,3521224
GD202601006761,2026-01-01 12:11:03,KH000071,Mobile Banking,Thanh toán thẻ,18962000,0,Thành công,CN Hoàn Kiếm,123333538
GD202601018536,2026-01-01 12:42:02,KH000196,POS,Thanh toán thẻ,313000,1100,Thành công,CN Cần Thơ,12523205
GD202601001409,2026-01-01 12:52:30,KH000016,QR Code,Nạp tiền điện thoại,15808000,0,Thành công,CN Cần Thơ,47834307
GD202601001770,2026-01-01 12:55:05,KH000019,Internet Banking,Thanh toán thẻ,3108000,0,Thành công,CN Thanh Xuân,41369176
GD202601000123,2026-01-01 12:58:44,KH000005,ATM,Nộp tiền mặt,62956000,0,Thành công,CN Cầu Giấy,409904830
GD202601002567,2026-01-01 13:15:29,KH000025,Mobile Banking,Nộp tiền mặt,944000,0,Thành công,CN TP Hồ Chí Minh,18551631
GD202601012406,2026-01-01 13:21:31,KH000130,Mobile Banking,Thanh toán thẻ,1568000,0,Thành công,CN Hải Phòng,41658404
GD202601015851,2026-01-01 13:40:41,KH000172,Quầy giao dịch,Chuyển khoản đến,4099000,5500,Thành công,CN Cần Thơ,23272514
GD202601011652,2026-01-01 13:49:54,KH000124,Mobile Banking,Rút tiền mặt,36106000,0,Thành công,CN Cần Thơ,110077938
GD202601009281,2026-01-01 14:53:25,KH000096,POS,Thanh toán thẻ,43584000,1100,Thành công,CN Cần Thơ,375384053
GD202601003839,2026-01-01 14:53:30,KH000038,POS,Nạp tiền điện thoại,1699000,1100,Thành công,CN Cần Thơ,69667110
GD202601004111,2026-01-01 15:16:02,KH000041,Mobile Banking,Thanh toán hóa đơn,18206000,0,Thành công,CN Cầu Giấy,167204558
GD202601015502,2026-01-01 15:27:52,KH000167,Quầy giao dịch,Chuyển khoản đi,3217000,3300,Thành công,CN TP Hồ Chí Minh,38153608
GD202601008088,2026-01-01 15:57:15,KH000083,POS,Thanh toán thẻ,391000,3300,Thành công,CN Đà Nẵng,6301988
GD202601002513,2026-01-01 16:07:06,KH000024,POS,Thanh toán thẻ,397000,5500,Thành công,CN Cầu Giấy,22263048
GD202601007225,2026-01-01 17:01:59,KH000077,Internet Banking,Chuyển khoản đến,5718000,0,Thành công,CN TP Hồ Chí Minh,43443716
GD202601012543,2026-01-01 17:14:42,KH000131,POS,Thanh toán thẻ,569000,3300,Thành công,CN Cầu Giấy,94074580
GD202601017157,2026-01-01 17:19:32,KH000183,Internet Banking,Thanh toán hóa đơn,49266000,0,Thành công,CN Hải Phòng,282705655
GD202601002401,2026-01-01 17:19:44,KH000023,Quầy giao dịch,Rút tiền mặt,7620000,0,Thành công,CN Hải Phòng,37355235
GD202601003555,2026-01-01 17:20:02,KH000034,QR Code,Chuyển khoản đi,1043000,0,Thành công,CN TP Hồ Chí Minh,55840278
GD202601004733,2026-01-01 17:33:41,KH000051,Quầy giao dịch,Nộp tiền mặt,525000,1100,Thành công,CN Hoàn Kiếm,88828156
GD202601004339,2026-01-01 17:37:46,KH000045,POS,Thanh toán thẻ,1055000,5500,Thành công,CN Thanh Xuân,20631601
GD202601009883,2026-01-01 17:47:21,KH000102,Mobile Banking,Nộp tiền mặt,27724000,0,Thành công,CN Đà Nẵng,120236531
GD202601014972,2026-01-01 18:01:31,KH000160,ATM,Chuyển khoản đi,309000,1100,Thành công,CN Bình Dương,32963521
GD202601008793,2026-01-01 18:19:48,KH000092,Mobile Banking,Chuyển khoản đến,2952000,0,Thành công,CN TP Hồ Chí Minh,38552492
GD202601012818,2026-01-01 19:47:04,KH000132,Mobile Banking,Chuyển khoản đến,529000,0,Thành công,CN Bình Dương,37953700
GD202601016189,2026-01-01 20:10:49,KH000176,Mobile Banking,Thanh toán thẻ,181000,0,Thành công,CN Đà Nẵng,7663621
GD202601004781,2026-01-01 20:55:58,KH000052,POS,Thanh toán thẻ,3537000,3300,Thành công,CN Cần Thơ,18818606
GD202601017646,2026-01-01 22:02:46,KH000187,QR Code,Chuyển khoản đến,6190000,0,Thành công,CN Cầu Giấy,35619460
GD202601001408,2026-01-01 22:18:47,KH000016,QR Code,Thanh toán thẻ,4749000,0,Thành công,CN Đà Nẵng,63642307
GD202601014850,2026-01-01 22:27:40,KH000158,QR Code,Chuyển khoản đi,10627000,0,Thành công,CN Hải Phòng,65067049
GD202601000290,2026-01-01 22:41:46,KH000007,Mobile Banking,Thanh toán thẻ,183602000,0,Thành công,CN Cần Thơ,358914547
GD202601011981,2026-01-02 06:09:12,KH000127,QR Code,Chuyển khoản đến,8559000,0,Thành công,CN Thanh Xuân,42295599
GD202601015726,2026-01-02 06:45:56,KH000171,Internet Banking,Chuyển khoản đến,19534000,0,Thành công,CN TP Hồ Chí Minh,103650751
GD202601013691,2026-01-02 07:09:40,KH000143,POS,Nộp tiền mặt,831000,0,Thành công,CN Bình Dương,13204638
GD202601008755,2026-01-02 07:16:54,KH000091,QR Code,Thanh toán hóa đơn,14886000,0,Thành công,CN Cần Thơ,34433506
GD202601000001,2026-01-02 07:17:01,KH000001,QR Code,Thanh toán thẻ,47961000,0,Thành công,CN Cần Thơ,144002501
GD202601005487,2026-01-02 07:38:25,KH000058,ATM,Nạp tiền điện thoại,4162000,1100,Thành công,CN Bình Dương,42687056
GD202601002288,2026-01-02 08:10:03,KH000021,QR Code,Thanh toán thẻ,1113000,0,Thất bại,CN Hoàn Kiếm,11803178
GD202601015725,2026-01-02 08:22:46,KH000171,Mobile Banking,Thanh toán thẻ,19196000,0,Thành công,CN TP Hồ Chí Minh,84116751
GD202601008992,2026-01-02 08:32:29,KH000094,QR Code,Chuyển khoản đến,1029000,0,Thành công,CN TP Hồ Chí Minh,59749016
GD202601006876,2026-01-02 08:49:23,KH000073,Mobile Banking,Thanh toán thẻ,14523000,0,Thành công,CN Bình Dương,47671711
GD202601007928,2026-01-02 09:11:21,KH000082,Mobile Banking,Thanh toán thẻ,3637000,0,Thành công,CN Đà Nẵng,46542734
GD202601017158,2026-01-02 09:20:08,KH000183,Mobile Banking,Chuyển khoản đi,3059000,0,Thành công,CN Hải Phòng,279646655
GD202601006091,2026-01-02 09:47:57,KH000063,QR Code,Thanh toán thẻ,1119000,0,Thành công,CN Hoàn Kiếm,18597475
GD202601008530,2026-01-02 10:13:29,KH000087,POS,Thanh toán thẻ,3281000,3300,Thành công,CN Cần Thơ,13735826
GD202601002872,2026-01-02 10:16:47,KH000027,Internet Banking,Thanh toán thẻ,2738000,0,Thành công,CN Thanh Xuân,174542612
GD202601007227,2026-01-02 10:48:18,KH000077,Mobile Banking,Thanh toán thẻ,365000,0,Thành công,CN Cầu Giấy,37679616
GD202601011027,2026-01-02 11:03:22,KH000117,POS,Chuyển khoản đến,519000,3300,Thành công,CN Quận 1,10212146
GD202601015390,2026-01-02 11:31:47,KH000165,POS,Thanh toán hóa đơn,17683000,5500,Thành công,CN Hải Phòng,89300081
GD202601015055,2026-01-02 11:33:02,KH000162,POS,Thanh toán thẻ,28354000,0,Thành công,CN Hoàn Kiếm,85974003
GD202601018028,2026-01-02 12:01:11,KH000191,Mobile Banking,Thanh toán thẻ,4010000,0,Thành công,CN Quận 1,150478967
GD202601010895,2026-01-02 12:41:13,KH000115,ATM,Chuyển khoản đi,7219000,1100,Thành công,CN Hải Phòng,26363175
GD202601012819,2026-01-02 12:42:11,KH000132,Internet Banking,Chuyển khoản đến,4790000,0,Thành công,CN Hải Phòng,42743700
GD202601007228,2026-01-02 13:10:24,KH000077,Mobile Banking,Chuyển khoản đi,3285000,0,Thành công,CN Đà Nẵng,34394616
GD202601012544,2026-01-02 13:52:47,KH000131,Internet Banking,Thanh toán thẻ,3217000,0,Thành công,CN Quận 1,90857580
GD202601014341,2026-01-02 13:53:07,KH000153,POS,Thanh toán thẻ,14526000,1100,Thành công,CN Quận 1,36131741
GD202601013692,2026-01-02 14:01:21,KH000143,Mobile Banking,Thanh toán thẻ,337000,0,Thành công,CN Thanh Xuân,12867638
GD202601010669,2026-01-02 14:08:30,KH000113,QR Code,Thanh toán hóa đơn,1578000,0,Thành công,CN Thanh Xuân,15047280
GD202601000329,2026-01-02 14:20:24,KH000008,Internet Banking,Chuyển khoản đi,133454000,0,Thành công,CN Hoàn Kiếm,273958663
GD202601004782,2026-01-02 14:49:42,KH000052,Mobile Banking,Thanh toán hóa đơn,2204000,0,Thành công,CN Hoàn Kiếm,16614606
GD202601001037,2026-01-02 15:43:03,KH000014,POS,Thanh toán thẻ,9800000,0,Thành công,CN Hoàn Kiếm,141417328
GD202601012407,2026-01-02 15:50:55,KH000130,QR Code,Chuyển khoản đến,2552000,0,Thành công,CN Đà Nẵng,44210404
GD202601001038,2026-01-02 16:30:30,KH000014,Mobile Banking,Thanh toán hóa đơn,40171000,0,Thành công,CN TP Hồ Chí Minh,101246328
GD202601016865,2026-01-02 17:20:11,KH000182,POS,Nạp tiền điện thoại,6939000,1100,Thành công,CN Cầu Giấy,49030685
GD202601016428,2026-01-02 17:56:32,KH000177,POS,Thanh toán thẻ,9608000,3300,Thành công,CN Hải Phòng,302328064
GD202601013138,2026-01-02 18:16:27,KH000136,QR Code,Chuyển khoản đi,43789000,0,Thành công,CN Hải Phòng,293488699
GD202601011698,2026-01-02 18:38:36,KH000125,Mobile Banking,Chuyển khoản đến,1151000,0,Thành công,CN Cầu Giấy,14171136
GD202601003250,2026-01-02 18:45:49,KH000030,QR Code,Rút tiền mặt,2374000,0,Thành công,CN Đà Nẵng,72343303
GD202601001039,2026-01-02 19:05:01,KH000014,Internet Banking,Chuyển khoản đến,23736000,0,Thành công,CN Thanh Xuân,124982328
GD202601013810,2026-01-02 19:11:55,KH000145,POS,Thanh toán thẻ,235000,1100,Thành công,CN TP Hồ Chí Minh,4767337
GD202601008794,2026-01-02 19:43:58,KH000092,ATM,Chuyển khoản đến,5679000,1100,Thành công,CN Cần Thơ,44231492
GD202601007226,2026-01-02 19:59:42,KH000077,POS,Thanh toán thẻ,5398000,1100,Thành công,CN Đà Nẵng,38044616
GD202601008425,2026-01-02 20:08:24,KH000085,Internet Banking,Rút tiền mặt,42233000,0,Thành công,CN Hoàn Kiếm,96619289
GD202601018030,2026-01-02 21:42:41,KH000191,Mobile Banking,Nạp tiền điện thoại,22874000,0,Thành công,CN Hải Phòng,110360967
GD202601018029,2026-01-02 22:23:52,KH000191,POS,Thanh toán thẻ,17244000,0,Thành công,CN Cần Thơ,133234967
GD202601000032,2026-01-02 22:28:05,KH000002,POS,Chuyển khoản đi,1655000,0,Thất bại,CN Hải Phòng,39687469
GD202601014340,2026-01-02 22:29:56,KH000153,POS,Thanh toán thẻ,22169000,0,Thành công,CN Bình Dương,50658841
GD202601011982,2026-01-03 06:02:46,KH000127,Internet Banking,Rút tiền mặt,6187000,0,Thành công,CN Hoàn Kiếm,36108599
GD202601002069,2026-01-03 06:22:02,KH000020,POS,Thanh toán thẻ,1929000,5500,Thành công,CN Bình Dương,31584418
GD202601002070,2026-01-03 06:58:32,KH000020,POS,Thanh toán thẻ,2394000,3300,Thành công,CN Hải Phòng,29187118
GD202601009802,2026-01-03 07:08:05,KH000100,Internet Banking,Chuyển khoản đi,4193000,0,Thành công,CN Bình Dương,112379431
GD202601012360,2026-01-03 07:31:03,KH000129,POS,Thanh toán thẻ,1711000,0,Thành công,CN Bình Dương,18898648
GD202601010314,2026-01-03 07:34:14,KH000108,Mobile Banking,Nộp tiền mặt,139000,0,Thành công,CN Cầu Giấy,3660224
GD202601014094,2026-01-03 07:41:31,KH000149,Internet Banking,Thanh toán thẻ,6786000,0,Thành công,CN Cầu Giấy,19503727
GD202601016085,2026-01-03 08:27:47,KH000174,Quầy giao dịch,Rút tiền mặt,2474000,1100,Thành công,CN Quận 1,29654755
GD202601014342,2026-01-03 09:29:10,KH000153,QR Code,Rút tiền mặt,1160000,0,Thành công,CN Bình Dương,34971741
GD202601009978,2026-01-03 09:33:45,KH000104,POS,Thanh toán thẻ,1604000,5500,Thành công,CN Hoàn Kiếm,37555325
GD202601010670,2026-01-03 09:38:15,KH000113,Internet Banking,Chuyển khoản đi,311000,0,Thành công,CN Bình Dương,14736280
GD202601005534,2026-01-03 09:38:58,KH000059,Mobile Banking,Chuyển khoản đi,30714000,0,Thành công,CN Bình Dương,119643288
GD202601011653,2026-01-03 09:41:51,KH000124,ATM,Chuyển khoản đến,35648000,1100,Thành công,CN Quận 1,145725938
GD202601012409,2026-01-03 10:01:16,KH000130,POS,Thanh toán thẻ,1580000,5500,Thành công,CN Quận 1,41889904
GD202601010274,2026-01-03 10:27:42,KH000107,Mobile Banking,Thanh toán thẻ,131000,0,Thành công,CN Đà Nẵng,5903364
GD202601015448,2026-01-03 10:40:49,KH000166,ATM,Rút tiền mặt,26339000,3300,Thành công,CN Hoàn Kiếm,102819043
GD202601009691,2026-01-03 10:40:51,KH000099,QR Code,Thanh toán thẻ,307000,0,Thành công,CN Hoàn Kiếm,29605324
GD202601017973,2026-01-03 10:45:54,KH000190,POS,Thanh toán hóa đơn,159453000,3300,Thành công,CN Quận 1,652832541
GD202601012408,2026-01-03 11:07:52,KH000130,Internet Banking,Thanh toán thẻ,735000,0,Thành công,CN Đà Nẵng,43475404
GD202601006914,2026-01-03 11:14:42,KH000074,Mobile Banking,Nộp tiền mặt,596000,0,Thành công,CN Cầu Giấy,24316205
GD202601018583,2026-01-03 11:22:12,KH000197,QR Code,Nạp tiền điện thoại,122940000,0,Thành công,CN Bình Dương,321862471
GD202601010671,2026-01-03 11:45:44,KH000113,Internet Banking,Thanh toán thẻ,1302000,0,Thành công,CN TP Hồ Chí Minh,13434280
GD202601017647,2026-01-03 11:48:31,KH000187,QR Code,Thanh toán hóa đơn,10217000,0,Thành công,CN Hải Phòng,25402460
GD202601000763,2026-01-03 12:00:21,KH000011,QR Code,Thanh toán hóa đơn,3508000,0,Thành công,CN TP Hồ Chí Minh,50777511
GD202601002289,2026-01-03 12:10:50,KH000021,Mobile Banking,Thanh toán thẻ,817000,0,Thành công,CN Cần Thơ,10986178
GD202601007929,2026-01-03 12:34:33,KH000082,POS,Thanh toán thẻ,2798000,0,Thành công,CN Hoàn Kiếm,43744734
GD202601003502,2026-01-03 12:45:42,KH000033,Mobile Banking,Chuyển khoản đi,1103000,0,Thành công,CN Hải Phòng,24759440
GD202601015852,2026-01-03 14:38:21,KH000172,Internet Banking,Chuyển khoản đến,4912000,0,Thành công,CN Đà Nẵng,28184514
GD202601015503,2026-01-03 14:46:04,KH000167,Mobile Banking,Nộp tiền mặt,710000,0,Thành công,CN Hoàn Kiếm,38863608
GD202601017648,2026-01-03 15:20:03,KH000187,Internet Banking,Chuyển khoản đi,3892000,0,Thành công,CN Đà Nẵng,21510460
GD202601001772,2026-01-03 15:38:04,KH000019,POS,Thanh toán thẻ,318000,3300,Thành công,CN Bình Dương,41445876
GD202601016429,2026-01-03 16:02:08,KH000177,ATM,Chuyển khoản đến,16315000,3300,Thành công,CN Hải Phòng,318643064
GD202601004157,2026-01-03 16:37:43,KH000042,ATM,Rút tiền mặt,2457000,1100,Thành công,CN Thanh Xuân,28072154
GD202601016430,2026-01-03 17:04:33,KH000177,ATM,Thanh toán hóa đơn,54116000,5500,Thành công,CN Cần Thơ,264521564
GD202601000552,2026-01-03 17:31:38,KH000010,QR Code,Thanh toán thẻ,9842000,0,Thành công,CN Cầu Giấy,20946177
GD202601016866,2026-01-03 18:07:37,KH000182,QR Code,Thanh toán hóa đơn,14201000,0,Thành công,CN Thanh Xuân,34829685
GD202601004783,2026-01-03 18:13:48,KH000052,Quầy giao dịch,Rút tiền mặt,1974000,0,Thành công,CN Hoàn Kiếm,14640606
GD202601003556,2026-01-03 18:16:48,KH000034,QR Code,Thanh toán thẻ,243000,0,Thành công,CN TP Hồ Chí Minh,55597278
GD202601005245,2026-01-03 19:07:20,KH000056,Internet Banking,Thanh toán thẻ,2011000,0,Thành công,CN TP Hồ Chí Minh,56737156
GD202601002068,2026-01-03 19:31:46,KH000020,QR Code,Thanh toán thẻ,8115000,0,Thành công,CN Thanh Xuân,33518918
GD202601004156,2026-01-03 19:36:25,KH000042,ATM,Thanh toán hóa đơn,2247000,0,Thành công,CN Hoàn Kiếm,30530254
GD202601006524,2026-01-03 19:37:04,KH000066,POS,Thanh toán thẻ,5211000,0,Thành công,CN Đà Nẵng,100641387
GD202601006833,2026-01-03 19:58:57,KH000072,POS,Nộp tiền mặt,603000,3300,Thành công,CN Hoàn Kiếm,9303309
GD202601008646,2026-01-03 20:13:02,KH000088,Quầy giao dịch,Chuyển khoản đến,555000,3300,Thành công,CN Thanh Xuân,7909892
GD202601012820,2026-01-03 20:16:00,KH000132,Internet Banking,Chuyển khoản đến,3704000,0,Thành công,CN Thanh Xuân,46447700
GD202601002832,2026-01-03 21:08:36,KH000026,QR Code,Chuyển khoản đi,26625000,0,Thất bại,CN Hải Phòng,80408722
GD202601012545,2026-01-03 21:27:14,KH000131,QR Code,Thanh toán hóa đơn,1681000,0,Thành công,CN Hải Phòng,89176580
GD202601003251,2026-01-03 22:04:57,KH000030,Quầy giao dịch,Nộp tiền mặt,1384000,1100,Thành công,CN Quận 1,73727303
GD202601009282,2026-01-03 22:05:46,KH000096,Mobile Banking,Thanh toán thẻ,53051000,0,Thành công,CN Quận 1,322333053
GD202601011699,2026-01-03 22:27:50,KH000125,Mobile Banking,Nạp tiền điện thoại,1228000,0,Thành công,CN Hoàn Kiếm,12943136
GD202601007560,2026-01-03 22:37:23,KH000079,QR Code,Rút tiền mặt,14181000,0,Thành công,CN TP Hồ Chí Minh,119004713
GD202601006092,2026-01-03 22:44:44,KH000063,QR Code,Chuyển khoản đến,1230000,0,Thành công,CN Bình Dương,19827475
GD202601016868,2026-01-04 06:53:23,KH000182,POS,Thanh toán thẻ,4461000,3300,Thành công,CN Cần Thơ,27462385
GD202601004784,2026-01-04 07:04:30,KH000052,Mobile Banking,Thanh toán hóa đơn,2807000,0,Thành công,CN Đà Nẵng,11833606
GD202601003000,2026-01-04 08:09:54,KH000028,QR Code,Rút tiền mặt,899000,0,Thành công,CN TP Hồ Chí Minh,24758436
GD202601016867,2026-01-04 08:26:39,KH000182,Internet Banking,Thanh toán hóa đơn,2903000,0,Thành công,CN Cầu Giấy,31926685
GD202601017159,2026-01-04 08:49:13,KH000183,Internet Banking,Thanh toán hóa đơn,696000,0,Thành công,CN Hoàn Kiếm,278950655
GD202601012821,2026-01-04 09:50:40,KH000132,QR Code,Thanh toán thẻ,14556000,0,Thành công,CN Thanh Xuân,31891700
GD202601000002,2026-01-04 09:53:05,KH000001,Quầy giao dịch,Chuyển khoản đi,34730000,0,Thành công,CN Cầu Giấy,109272501
GD202601003840,2026-01-04 10:10:25,KH000038,POS,Thanh toán thẻ,4148000,3300,Thành công,CN Bình Dương,65515810
GD202601001773,2026-01-04 10:17:27,KH000019,Internet Banking,Chuyển khoản đến,820000,0,Thành công,CN Hoàn Kiếm,42265876
GD202601000292,2026-01-04 10:46:03,KH000007,QR Code,Nộp tiền mặt,61222000,0,Thành công,CN Bình Dương,306790547
GD202601015853,2026-01-04 10:49:24,KH000172,Quầy giao dịch,Chuyển khoản đến,2108000,3300,Thành công,CN Cần Thơ,30292514
GD202601009979,2026-01-04 10:58:51,KH000104,Internet Banking,Nộp tiền mặt,4153000,0,Thành công,CN Cần Thơ,41708325
GD202601008756,2026-01-04 11:04:51,KH000091,POS,Chuyển khoản đến,127000,0,Thành công,CN Bình Dương,34560506
GD202601005535,2026-01-04 11:13:19,KH000059,POS,Thanh toán thẻ,742000,5500,Thành công,CN TP Hồ Chí Minh,118895788
GD202601000291,2026-01-04 11:14:14,KH000007,Internet Banking,Thanh toán thẻ,113346000,0,Thành công,CN Quận 1,245568547
GD202601006915,2026-01-04 11:22:00,KH000074,QR Code,Thanh toán thẻ,1341000,0,Thành công,CN Hải Phòng,22975205
GD202601004785,2026-01-04 12:36:02,KH000052,Mobile Banking,Chuyển khoản đến,118000,0,Thành công,CN Hải Phòng,11951606
GD202601004158,2026-01-04 13:41:19,KH000042,POS,Thanh toán thẻ,166000,3300,Thành công,CN Thanh Xuân,27902854
GD202601015855,2026-01-04 13:45:13,KH000172,Internet Banking,Chuyển khoản đến,8788000,0,Thành công,CN Hoàn Kiếm,39080514
GD202601004112,2026-01-04 14:16:30,KH000041,Mobile Banking,Thanh toán hóa đơn,36147000,0,Thành công,CN Hoàn Kiếm,131057558
GD202601006613,2026-01-04 14:31:50,KH000067,POS,Chuyển khoản đi,51778000,0,Thành công,CN Thanh Xuân,245362299
GD202601015854,2026-01-04 15:03:55,KH000172,POS,Thanh toán thẻ,2438000,5500,Thất bại,CN Hải Phòng,30292514
GD202601002290,2026-01-04 16:32:32,KH000021,POS,Thanh toán thẻ,796000,5500,Thành công,CN Hải Phòng,10184678
GD202601007229,2026-01-04 16:56:16,KH000077,QR Code,Thanh toán thẻ,4485000,0,Thành công,CN Cần Thơ,29909616
GD202601008531,2026-01-04 17:17:09,KH000087,POS,Thanh toán thẻ,1875000,3300,Thành công,CN Thanh Xuân,11857526
GD202601016596,2026-01-04 17:26:53,KH000180,QR Code,Thanh toán thẻ,1283000,0,Thành công,CN Bình Dương,16604107
GD202601016190,2026-01-04 17:42:50,KH000176,POS,Thanh toán thẻ,632000,3300,Thành công,CN Bình Dương,7028321
GD202601015391,2026-01-04 18:10:57,KH000165,Quầy giao dịch,Nạp tiền điện thoại,8557000,0,Thành công,CN Cầu Giấy,80743081
GD202601000003,2026-01-04 18:35:28,KH000001,ATM,Chuyển khoản đến,18868000,5500,Thành công,CN Đà Nẵng,128140501
GD202601002402,2026-01-04 19:05:27,KH000023,Mobile Banking,Nộp tiền mặt,5996000,0,Thành công,CN Cần Thơ,43351235
GD202601005376,2026-01-04 19:05:31,KH000057,QR Code,Nạp tiền điện thoại,27679000,0,Thành công,CN TP Hồ Chí Minh,63811307
GD202601011700,2026-01-04 19:16:19,KH000125,POS,Thanh toán thẻ,2451000,5500,Thành công,CN Quận 1,10486636
GD202601010896,2026-01-04 20:10:42,KH000115,Mobile Banking,Rút tiền mặt,2796000,0,Thành công,CN Cầu Giấy,23567175
GD202601003276,2026-01-04 20:27:21,KH000031,POS,Thanh toán thẻ,916000,0,Thành công,CN TP Hồ Chí Minh,10709903
GD202601012546,2026-01-04 20:56:30,KH000131,POS,Thanh toán thẻ,3411000,0,Thành công,CN Hải Phòng,85765580
GD202601015727,2026-01-04 21:11:00,KH000171,QR Code,Chuyển khoản đến,26113000,0,Thành công,CN Thanh Xuân,129763751
GD202601013554,2026-01-04 21:45:53,KH000142,Internet Banking,Thanh toán thẻ,1071000,0,Thành công,CN Thanh Xuân,23291475
GD202601010315,2026-01-04 21:50:05,KH000108,Mobile Banking,Thanh toán thẻ,304000,0,Thành công,CN Hải Phòng,3356224
GD202601008169,2026-01-04 21:54:32,KH000084,POS,Thanh toán thẻ,1203000,1100,Thành công,CN Thanh Xuân,23443430
GD202601004786,2026-01-04 21:55:21,KH000052,POS,Thanh toán thẻ,1389000,0,Thành công,CN Cầu Giấy,10562606
GD202601011983,2026-01-04 22:00:08,KH000127,Internet Banking,Thanh toán thẻ,2011000,0,Thành công,CN Quận 1,34097599
GD202601011275,2026-01-04 22:24:17,KH000119,QR Code,Chuyển khoản đến,178000,0,Thành công,CN TP Hồ Chí Minh,1336351
GD202601002071,2026-01-04 22:27:43,KH000020,POS,Thanh toán thẻ,1332000,0,Thành công,CN Thanh Xuân,27855118
GD202601002873,2026-01-04 22:39:59,KH000027,Mobile Banking,Thanh toán hóa đơn,21484000,0,Thành công,CN Cầu Giấy,153058612
GD202601002568,2026-01-04 22:51:23,KH000025,Internet Banking,Chuyển khoản đi,6240000,0,Thành công,CN Đà Nẵng,12311631
GD202601015730,2026-01-05 06:06:01,KH000171,QR Code,Nộp tiền mặt,3997000,0,Thành công,CN Cần Thơ,123777751
GD202601016192,2026-01-05 06:44:36,KH000176,Mobile Banking,Thanh toán thẻ,1100000,0,Thất bại,CN Cầu Giấy,19271428
GD202601017160,2026-01-05 07:07:32,KH000183,POS,Thanh toán thẻ,62712000,1100,Thành công,CN Hải Phòng,216237555
GD202601000033,2026-01-05 07:47:51,KH000002,Quầy giao dịch,Nhận lương,9619357,0,Thành công,CN TP Hồ Chí Minh,49306826
GD202601003277,2026-01-05 08:17:48,KH000031,QR Code,Thanh toán thẻ,738000,0,Thành công,CN Cần Thơ,9971903
GD202601001410,2026-01-05 08:24:44,KH000016,Internet Banking,Nạp tiền điện thoại,14281000,0,Thành công,CN Thanh Xuân,33553307
GD202601018031,2026-01-05 08:48:19,KH000191,Mobile Banking,Rút tiền mặt,38426000,0,Thành công,CN TP Hồ Chí Minh,71934967
GD202601006835,2026-01-05 08:52:43,KH000072,Internet Banking,Thanh toán hóa đơn,612000,0,Thành công,CN Thanh Xuân,19736108
GD202601015504,2026-01-05 08:58:38,KH000167,Mobile Banking,Nạp tiền điện thoại,293000,0,Thành công,CN Cần Thơ,38570608
GD202601009244,2026-01-05 09:28:38,KH000095,POS,Rút tiền mặt,30995000,0,Thành công,CN Thanh Xuân,75370882
GD202601017855,2026-01-05 09:33:58,KH000189,ATM,Thanh toán hóa đơn,391434000,1100,Thành công,CN Cần Thơ,1029530826
GD202601006916,2026-01-05 09:37:48,KH000074,QR Code,Thanh toán thẻ,1535000,0,Thành công,CN Cầu Giấy,21440205
GD202601012824,2026-01-05 09:40:41,KH000132,Internet Banking,Chuyển khoản đến,9860000,0,Thất bại,CN Quận 1,37723700
GD202601000871,2026-01-05 09:42:39,KH000012,Internet Banking,Thanh toán hóa đơn,739000,0,Thành công,CN Cần Thơ,35637246
GD202601014343,2026-01-05 09:45:23,KH000153,QR Code,Chuyển khoản đi,2869000,0,Thành công,CN Quận 1,32102741
GD202601008647,2026-01-05 10:23:08,KH000088,QR Code,Nộp tiền mặt,1080000,0,Thành công,CN Quận 1,8989892
GD202601000034,2026-01-05 10:38:36,KH000002,QR Code,Thanh toán thẻ,1814000,0,Thành công,CN Hoàn Kiếm,47492826
GD202601017649,2026-01-05 10:44:24,KH000187,QR Code,Rút tiền mặt,3808000,0,Thành công,CN Đà Nẵng,17702460
GD202601004113,2026-01-05 12:15:50,KH000041,Mobile Banking,Chuyển khoản đi,1476000,0,Thành công,CN Cầu Giấy,129581558
GD202601015392,2026-01-05 12:28:55,KH000165,Quầy giao dịch,Thanh toán hóa đơn,1106000,3300,Thành công,CN Cần Thơ,79633781
GD202601000554,2026-01-05 12:37:11,KH000010,QR Code,Chuyển khoản đi,4681000,0,Thành công,CN TP Hồ Chí Minh,10292677
GD202601016431,2026-01-05 12:58:48,KH000177,ATM,Nạp tiền điện thoại,10766000,3300,Thành công,CN Quận 1,253752264
GD202601004007,2026-01-05 13:12:02,KH000040,QR Code,Rút tiền mặt,5990000,0,Thành công,CN Bình Dương,22610823
GD202601018537,2026-01-05 13:23:44,KH000196,Quầy giao dịch,Nhận lương,9058337,0,Thành công,CN TP Hồ Chí Minh,21581542
GD202601003503,2026-01-05 13:31:42,KH000033,ATM,Chuyển khoản đi,229000,5500,Thành công,CN Hải Phòng,24524940
GD202601011654,2026-01-05 13:40:16,KH000124,Internet Banking,Thanh toán hóa đơn,15426000,0,Thành công,CN Thanh Xuân,130299938
GD202601000553,2026-01-05 13:41:07,KH000010,POS,Thanh toán thẻ,5967000,5500,Thành công,CN Quận 1,14973677
GD202601006834,2026-01-05 13:45:23,KH000072,Quầy giao dịch,Nhận lương,11044799,0,Thành công,CN Đà Nẵng,20348108
GD202601012410,2026-01-05 13:49:35,KH000130,Quầy giao dịch,Nhận lương,11073616,0,Thành công,CN Thanh Xuân,52963521
GD202601001681,2026-01-05 14:15:00,KH000018,Internet Banking,Nộp tiền mặt,93000,0,Thành công,CN Thanh Xuân,21197421
GD202601009884,2026-01-05 14:24:19,KH000102,QR Code,Nộp tiền mặt,24934000,0,Thành công,CN Hoàn Kiếm,145170531
GD202601002569,2026-01-05 14:35:41,KH000025,Mobile Banking,Nạp tiền điện thoại,3752000,0,Thành công,CN Đà Nẵng,8559631
GD202601012822,2026-01-05 14:50:22,KH000132,QR Code,Chuyển khoản đi,3030000,0,Thành công,CN Thanh Xuân,28861700
GD202601015449,2026-01-05 15:09:40,KH000166,Quầy giao dịch,Nhận lương,38140458,0,Thành công,CN Bình Dương,140959500
GD202601008993,2026-01-05 15:21:56,KH000094,Mobile Banking,Chuyển khoản đến,654000,0,Thành công,CN TP Hồ Chí Minh,60403016
GD202601011985,2026-01-05 15:27:02,KH000127,QR Code,Thanh toán thẻ,10916000,0,Thành công,CN Quận 1,25313599
GD202601004507,2026-01-05 16:03:34,KH000046,Quầy giao dịch,Nhận lương,43271903,0,Thành công,CN Hoàn Kiếm,173370154
GD202601003001,2026-01-05 16:13:19,KH000028,POS,Thanh toán thẻ,1605000,5500,Thành công,CN TP Hồ Chí Minh,23147936
GD202601015729,2026-01-05 16:18:57,KH000171,POS,Thanh toán thẻ,1311000,0,Thành công,CN Thanh Xuân,119780751
GD202601015056,2026-01-05 16:45:48,KH000162,QR Code,Thanh toán hóa đơn,20088000,0,Thành công,CN Quận 1,65886003
GD202601015856,2026-01-05 16:57:26,KH000172,POS,Thanh toán thẻ,2824000,3300,Thành công,CN Quận 1,36253214
GD202601015728,2026-01-05 16:59:26,KH000171,POS,Thanh toán thẻ,8672000,0,Thành công,CN Cần Thơ,121091751
GD202601016086,2026-01-05 16:59:42,KH000174,POS,Thanh toán thẻ,966000,5500,Thành công,CN Hải Phòng,28683255
GD202601008170,2026-01-05 16:59:56,KH000084,Internet Banking,Thanh toán hóa đơn,73000,0,Thành công,CN TP Hồ Chí Minh,23370430
GD202601010275,2026-01-05 17:12:52,KH000107,Quầy giao dịch,Nhận lương,9491106,0,Thành công,CN TP Hồ Chí Minh,15394470
GD202601004159,2026-01-05 17:14:30,KH000042,Quầy giao dịch,Nhận lương,10806648,0,Thành công,CN Hoàn Kiếm,38709502
GD202601010549,2026-01-05 17:19:42,KH000111,Quầy giao dịch,Nhận lương,44385742,0,Thành công,CN Cần Thơ,361217679
GD202601016191,2026-01-05 17:43:31,KH000176,Quầy giao dịch,Nhận lương,12243107,0,Thành công,CN Hải Phòng,19271428
GD202601011276,2026-01-05 17:50:59,KH000119,Mobile Banking,Chuyển khoản đi,60000,0,Thành công,CN Cầu Giấy,1276351
GD202601003252,2026-01-05 18:11:20,KH000030,Quầy giao dịch,Nhận lương,11624341,0,Thành công,CN Cần Thơ,85351644
GD202601018584,2026-01-05 18:54:26,KH000197,Mobile Banking,Chuyển khoản đến,58907000,0,Thành công,CN Hoàn Kiếm,380769471
GD202601009245,2026-01-05 19:09:49,KH000095,POS,Thanh toán thẻ,7446000,5500,Thành công,CN Quận 1,67919382
GD202601011984,2026-01-05 19:18:05,KH000127,Internet Banking,Chuyển khoản đến,2132000,0,Thành công,CN Cần Thơ,36229599
GD202601006702,2026-01-05 19:28:20,KH000069,QR Code,Thanh toán thẻ,2650000,0,Thành công,CN Hoàn Kiếm,40206258
GD202601017161,2026-01-05 19:36:11,KH000183,QR Code,Rút tiền mặt,19823000,0,Thành công,CN Hải Phòng,196414555
GD202601000293,2026-01-05 20:01:27,KH000007,QR Code,Thanh toán thẻ,6570000,0,Thành công,CN Bình Dương,300220547
GD202601006093,2026-01-05 20:07:43,KH000063,Internet Banking,Nạp tiền điện thoại,103000,0,Thành công,CN Cầu Giấy,19724475
GD202601012823,2026-01-05 20:15:05,KH000132,ATM,Chuyển khoản đến,8862000,1100,Thành công,CN Hải Phòng,37723700
GD202601000330,2026-01-05 21:12:37,KH000008,QR Code,Chuyển khoản đến,58435000,0,Thành công,CN Đà Nẵng,332393663
GD202601011958,2026-01-05 21:13:07,KH000126,Quầy giao dịch,Thanh toán hóa đơn,13528000,1100,Thành công,CN Quận 1,31719899
GD202601014189,2026-01-05 21:15:30,KH000151,QR Code,Chuyển khoản đi,1155000,0,Thành công,CN Cần Thơ,13739616
GD202601011701,2026-01-05 21:46:06,KH000125,Internet Banking,Nạp tiền điện thoại,3631000,0,Thành công,CN Hải Phòng,6855636
GD202601006762,2026-01-05 21:51:15,KH000071,Internet Banking,Nạp tiền điện thoại,13871000,0,Thành công,CN Đà Nẵng,109462538
GD202601009885,2026-01-06 06:08:39,KH000102,Mobile Banking,Nộp tiền mặt,28640000,0,Thành công,CN Cầu Giấy,173810531
GD202601013555,2026-01-06 06:17:40,KH000142,Quầy giao dịch,Nộp tiền mặt,4450000,0,Thành công,CN TP Hồ Chí Minh,27741475
GD202601008426,2026-01-06 06:42:01,KH000085,Quầy giao dịch,Thanh toán hóa đơn,6547000,5500,Thành công,CN Cần Thơ,90066789
GD202601016737,2026-01-06 06:59:59,KH000181,Internet Banking,Thanh toán thẻ,2355000,0,Thành công,CN Đà Nẵng,20702920
GD202601009692,2026-01-06 07:15:30,KH000099,Quầy giao dịch,Nhận lương,10958645,0,Thành công,CN Thanh Xuân,40563968
GD202601018693,2026-01-06 07:38:26,KH000198,Internet Banking,Thanh toán thẻ,1974000,0,Thành công,CN Đà Nẵng,22868688
GD202601005488,2026-01-06 07:51:49,KH000058,Quầy giao dịch,Nhận lương,44304027,0,Thành công,CN Cần Thơ,86991083
GD202601014013,2026-01-06 08:31:50,KH000148,Quầy giao dịch,Nhận lương,9165839,0,Thành công,CN Cầu Giấy,19139404
GD202601009466,2026-01-06 09:29:53,KH000097,POS,Thanh toán thẻ,1242000,1100,Thành công,CN Cần Thơ,42078749
GD202601000099,2026-01-06 09:32:24,KH000004,Internet Banking,Nộp tiền mặt,1299000,0,Thành công,CN Thanh Xuân,83574285
GD202601006303,2026-01-06 09:35:27,KH000065,Quầy giao dịch,Nhận lương,70667876,0,Thành công,CN Cần Thơ,916982422
GD202601017162,2026-01-06 09:41:02,KH000183,Internet Banking,Thanh toán thẻ,59792000,0,Thành công,CN Hoàn Kiếm,136622555
GD202601011656,2026-01-06 10:23:01,KH000124,POS,Nộp tiền mặt,34493000,0,Thành công,CN Đà Nẵng,144028938
GD202601008172,2026-01-06 10:34:55,KH000084,POS,Thanh toán thẻ,749000,3300,Thành công,CN Hải Phòng,31270268
GD202601009803,2026-01-06 10:39:32,KH000100,Internet Banking,Thanh toán hóa đơn,131000,0,Thành công,CN Thanh Xuân,112248431
GD202601001040,2026-01-06 10:54:59,KH000014,Internet Banking,Nạp tiền điện thoại,33965000,0,Thành công,CN TP Hồ Chí Minh,91017328
GD202601001774,2026-01-06 11:08:53,KH000019,Mobile Banking,Chuyển khoản đến,412000,0,Thành công,CN Hoàn Kiếm,42677876
GD202601013243,2026-01-06 11:14:40,KH000137,Mobile Banking,Nạp tiền điện thoại,4316000,0,Thành công,CN Đà Nẵng,20915362
GD202601002570,2026-01-06 11:35:27,KH000025,Internet Banking,Chuyển khoản đến,1790000,0,Thành công,CN Quận 1,10349631
GD202601004644,2026-01-06 11:48:19,KH000050,Internet Banking,Thanh toán hóa đơn,2311000,0,Thành công,CN Cầu Giấy,26142488
GD202601008532,2026-01-06 12:32:11,KH000087,ATM,Chuyển khoản đi,3225000,1100,Thành công,CN Cần Thơ,8631426
GD202601012244,2026-01-06 12:57:08,KH000128,Quầy giao dịch,Nhận lương,9202438,0,Thành công,CN Cần Thơ,11887507
GD202601010779,2026-01-06 13:33:07,KH000114,Internet Banking,Chuyển khoản đến,197000,0,Thành công,CN Hải Phòng,38954589
GD202601006917,2026-01-06 13:38:36,KH000074,Internet Banking,Chuyển khoản đến,245000,0,Thành công,CN Quận 1,21685205
GD202601011986,2026-01-06 13:55:20,KH000127,Mobile Banking,Thanh toán thẻ,2591000,0,Thành công,CN Quận 1,22722599
GD202601011655,2026-01-06 13:58:33,KH000124,QR Code,Chuyển khoản đi,20764000,0,Thành công,CN Hải Phòng,109535938
GD202601007197,2026-01-06 14:00:07,KH000076,POS,Nạp tiền điện thoại,470000,5500,Thành công,CN Bình Dương,28632541
GD202601007930,2026-01-06 15:08:56,KH000082,Quầy giao dịch,Nhận lương,10432995,0,Thành công,CN Cần Thơ,54177729
GD202601001041,2026-01-06 15:27:15,KH000014,Mobile Banking,Thanh toán thẻ,5368000,0,Thành công,CN Bình Dương,85649328
GD202601011702,2026-01-06 15:27:55,KH000125,POS,Thanh toán thẻ,142000,0,Thành công,CN Quận 1,6713636
GD202601013556,2026-01-06 15:51:45,KH000142,QR Code,Rút tiền mặt,8491000,0,Thành công,CN Cầu Giấy,19250475
GD202601004643,2026-01-06 15:53:16,KH000050,Quầy giao dịch,Nhận lương,10380097,0,Thành công,CN Hoàn Kiếm,28453488
GD202601005731,2026-01-06 16:00:09,KH000061,Internet Banking,Thanh toán thẻ,1391000,0,Thành công,CN Cầu Giấy,28052560
GD202601018729,2026-01-06 16:05:01,KH000199,Quầy giao dịch,Nạp tiền điện thoại,37140000,0,Thành công,CN Hoàn Kiếm,218600129
GD202601013954,2026-01-06 16:05:57,KH000147,POS,Chuyển khoản đến,1681000,0,Thành công,CN Bình Dương,91409739
GD202601014014,2026-01-06 16:19:15,KH000148,Mobile Banking,Thanh toán thẻ,618000,0,Thành công,CN Cầu Giấy,18521404
GD202601009283,2026-01-06 16:19:40,KH000096,Quầy giao dịch,Nhận lương,30968247,0,Thành công,CN Cần Thơ,353301300
GD202601000124,2026-01-06 17:19:41,KH000005,Mobile Banking,Thanh toán thẻ,52089000,0,Thành công,CN Đà Nẵng,357815830
GD202601015857,2026-01-06 17:25:32,KH000172,Quầy giao dịch,Nhận lương,9845599,0,Thành công,CN Bình Dương,46098813
GD202601008089,2026-01-06 17:25:49,KH000083,QR Code,Thanh toán thẻ,348000,0,Thành công,CN Bình Dương,5953988
GD202601018250,2026-01-06 17:31:49,KH000192,Quầy giao dịch,Nhận lương,21043813,0,Thành công,CN Thanh Xuân,78667406
GD202601016088,2026-01-06 17:39:33,KH000174,POS,Chuyển khoản đến,878000,1100,Thành công,CN Đà Nẵng,38586040
GD202601004341,2026-01-06 17:59:36,KH000045,QR Code,Nộp tiền mặt,672000,0,Thành công,CN Bình Dương,32047103
GD202601008795,2026-01-06 18:02:06,KH000092,Quầy giao dịch,Nhận lương,11397496,0,Thành công,CN Hoàn Kiếm,55628989
GD202601008171,2026-01-06 18:02:09,KH000084,Quầy giao dịch,Nhận lương,8652138,0,Thành công,CN Quận 1,32022568
GD202601016087,2026-01-06 18:11:47,KH000174,Quầy giao dịch,Nhận lương,9024786,0,Thành công,CN TP Hồ Chí Minh,37708040
GD202601000764,2026-01-06 18:55:11,KH000011,Quầy giao dịch,Nhận lương,11872822,0,Thành công,CN Hoàn Kiếm,62650333
GD202601003841,2026-01-06 18:55:52,KH000038,Quầy giao dịch,Nhận lương,11207468,0,Thành công,CN Hoàn Kiếm,76723278
GD202601009284,2026-01-06 19:27:11,KH000096,QR Code,Chuyển khoản đi,56387000,0,Thành công,CN Thanh Xuân,296914300
GD202601015731,2026-01-06 19:42:18,KH000171,Mobile Banking,Chuyển khoản đi,13569000,0,Thành công,CN Bình Dương,110208751
GD202601004340,2026-01-06 20:16:13,KH000045,Quầy giao dịch,Nhận lương,10743502,0,Thành công,CN Thanh Xuân,31375103
GD202601017650,2026-01-06 20:43:16,KH000187,POS,Thanh toán thẻ,939000,0,Thành công,CN Hoàn Kiếm,16763460
GD202601006877,2026-01-06 20:46:31,KH000073,Mobile Banking,Rút tiền mặt,7222000,0,Thành công,CN Cầu Giấy,40449711
GD202601018359,2026-01-06 21:29:12,KH000195,QR Code,Nạp tiền điện thoại,9068000,0,Thành công,CN Cần Thơ,1015405917
GD202601002571,2026-01-06 22:02:45,KH000025,QR Code,Nộp tiền mặt,1209000,0,Thành công,CN Quận 1,11558631
GD202601006094,2026-01-06 22:09:56,KH000063,Quầy giao dịch,Nhận lương,10076829,0,Thành công,CN TP Hồ Chí Minh,29801304
GD202601016597,2026-01-07 06:28:04,KH000180,Quầy giao dịch,Nhận lương,11333286,0,Thành công,CN Hải Phòng,27937393
GD202601018361,2026-01-07 06:33:53,KH000195,QR Code,Thanh toán thẻ,89660000,0,Thành công,CN Bình Dương,1079205917
GD202601000555,2026-01-07 06:58:14,KH000010,QR Code,Thanh toán thẻ,3319000,0,Thành công,CN Cầu Giấy,6973677
GD202601011150,2026-01-07 07:14:09,KH000118,QR Code,Thanh toán thẻ,18398000,0,Thành công,CN Bình Dương,117269862
GD202601009983,2026-01-07 07:14:35,KH000104,QR Code,Thanh toán thẻ,3756000,0,Thành công,CN Quận 1,49082666
GD202601000100,2026-01-07 07:59:25,KH000004,Quầy giao dịch,Nhận lương,19737797,0,Thành công,CN TP Hồ Chí Minh,103312081
GD202601000765,2026-01-07 08:03:13,KH000011,POS,Thanh toán thẻ,3665000,3300,Thành công,CN Hải Phòng,58982033
GD202601008994,2026-01-07 08:07:25,KH000094,Quầy giao dịch,Nhận lương,8434091,0,Thành công,CN Hoàn Kiếm,68837107
GD202601006918,2026-01-07 08:08:20,KH000074,Mobile Banking,Thanh toán thẻ,851000,0,Thành công,CN Hoàn Kiếm,20834205
GD202601008995,2026-01-07 09:03:50,KH000094,Internet Banking,Chuyển khoản đi,2111000,0,Thành công,CN Hoàn Kiếm,66726107
GD202601017652,2026-01-07 09:04:28,KH000187,QR Code,Chuyển khoản đến,2904000,0,Thành công,CN Hải Phòng,15854360
GD202601000062,2026-01-07 09:28:38,KH000003,Quầy giao dịch,Nhận lương,44221059,0,Thành công,CN Cầu Giấy,210790619
GD202601004114,2026-01-07 09:46:41,KH000041,Quầy giao dịch,Nhận lương,53244517,0,Thành công,CN Cầu Giấy,182826074
GD202601017651,2026-01-07 10:07:18,KH000187,POS,Thanh toán thẻ,3812000,1100,Thành công,CN TP Hồ Chí Minh,12950360
GD202601017163,2026-01-07 10:14:29,KH000183,Internet Banking,Thanh toán thẻ,14528000,0,Thành công,CN Quận 1,122094555
GD202601012548,2026-01-07 10:18:51,KH000131,QR Code,Chuyển khoản đi,5157000,0,Thành công,CN Quận 1,75705580
GD202601008091,2026-01-07 10:56:48,KH000083,QR Code,Chuyển khoản đi,80000,0,Thành công,CN Quận 1,14889674
GD202601016432,2026-01-07 11:09:44,KH000177,ATM,Chuyển khoản đến,57120000,3300,Thành công,CN Cầu Giấy,310872264
GD202601007508,2026-01-07 11:29:58,KH000078,Quầy giao dịch,Nhận lương,22319639,0,Thành công,CN TP Hồ Chí Minh,168435932
GD202601003002,2026-01-07 11:37:05,KH000028,POS,Thanh toán thẻ,1628000,1100,Thành công,CN TP Hồ Chí Minh,21518836
GD202601016869,2026-01-07 11:44:00,KH000182,Internet Banking,Nộp tiền mặt,2980000,0,Thành công,CN Đà Nẵng,30442385
GD202601008757,2026-01-07 11:53:47,KH000091,Quầy giao dịch,Nhận lương,42866566,0,Thành công,CN Bình Dương,77427072
GD202601002514,2026-01-07 12:00:07,KH000024,Quầy giao dịch,Nhận lương,11231580,0,Thành công,CN Đà Nẵng,33494628
GD202601014095,2026-01-07 12:02:06,KH000149,Mobile Banking,Thanh toán thẻ,5373000,0,Thành công,CN Hải Phòng,14130727
GD202601000556,2026-01-07 12:19:35,KH000010,Internet Banking,Thanh toán thẻ,1010000,0,Thành công,CN Hải Phòng,5963677
GD202601016193,2026-01-07 12:31:22,KH000176,Internet Banking,Chuyển khoản đến,72000,0,Thành công,CN Bình Dương,19343428
GD202601010672,2026-01-07 12:46:00,KH000113,Internet Banking,Thanh toán hóa đơn,1865000,0,Thành công,CN Đà Nẵng,11569280
GD202601018360,2026-01-07 12:48:53,KH000195,QR Code,Chuyển khoản đến,153460000,0,Thành công,CN Bình Dương,1168865917
GD202601011703,2026-01-07 13:07:54,KH000125,Internet Banking,Chuyển khoản đến,2253000,0,Thành công,CN Bình Dương,8966636
GD202601008090,2026-01-07 13:28:04,KH000083,Quầy giao dịch,Nhận lương,9015686,0,Thành công,CN Hoàn Kiếm,14969674
GD202601009982,2026-01-07 13:35:42,KH000104,Mobile Banking,Chuyển khoản đến,2510000,0,Thành công,CN TP Hồ Chí Minh,52838666
GD202601018032,2026-01-07 14:02:55,KH000191,Quầy giao dịch,Nhận lương,14416882,0,Thành công,CN TP Hồ Chí Minh,86351849
GD202601005732,2026-01-07 14:33:20,KH000061,Mobile Banking,Thanh toán thẻ,1832000,0,Thành công,CN Thanh Xuân,26220560
GD202601004787,2026-01-07 14:36:43,KH000052,Internet Banking,Thanh toán hóa đơn,255000,0,Thành công,CN TP Hồ Chí Minh,10307606
GD202601009886,2026-01-07 14:43:23,KH000102,Quầy giao dịch,Nhận lương,10550452,0,Thành công,CN Thanh Xuân,184360983
GD202601000004,2026-01-07 14:50:08,KH000001,Quầy giao dịch,Nhận lương,27448079,0,Thành công,CN Cần Thơ,155588580
GD202601005489,2026-01-07 14:54:28,KH000058,Quầy giao dịch,Chuyển khoản đến,9516000,5500,Thành công,CN Cần Thơ,96507083
GD202601010780,2026-01-07 15:23:18,KH000114,Quầy giao dịch,Nhận lương,11540113,0,Thành công,CN Cầu Giấy,50494702
GD202601013244,2026-01-07 15:23:22,KH000137,Quầy giao dịch,Nhận lương,16390824,0,Thành công,CN Thanh Xuân,37306186
GD202601009246,2026-01-07 15:41:33,KH000095,Quầy giao dịch,Nhận lương,14509425,0,Thành công,CN Thanh Xuân,82428807
GD202601013139,2026-01-07 15:59:38,KH000136,Quầy giao dịch,Nhận lương,38251034,0,Thành công,CN Cần Thơ,331739733
GD202601009804,2026-01-07 16:09:49,KH000100,ATM,Nạp tiền điện thoại,12734000,3300,Thành công,CN Hải Phòng,99511131
GD202601009467,2026-01-07 16:44:14,KH000097,POS,Thanh toán thẻ,1693000,1100,Thành công,CN Hải Phòng,40384649
GD202601007836,2026-01-07 17:02:58,KH000080,Mobile Banking,Chuyển khoản đến,2671000,0,Thành công,CN Hải Phòng,64389794
GD202601007230,2026-01-07 17:17:20,KH000077,Mobile Banking,Chuyển khoản đi,1130000,0,Thành công,CN Bình Dương,28779616
GD202601009980,2026-01-07 17:23:05,KH000104,Quầy giao dịch,Nhận lương,10359441,0,Thành công,CN TP Hồ Chí Minh,52067766
GD202601012549,2026-01-07 17:30:55,KH000131,POS,Thanh toán thẻ,4792000,1100,Thành công,CN Cầu Giấy,70912480
GD202601010190,2026-01-07 17:33:53,KH000105,Quầy giao dịch,Nhận lương,56845851,0,Thành công,CN Hải Phòng,111618255
GD202601004535,2026-01-07 18:02:14,KH000047,Quầy giao dịch,Nhận lương,10824902,0,Thành công,CN Hoàn Kiếm,68564814
GD202601001776,2026-01-07 18:13:50,KH000019,QR Code,Thanh toán hóa đơn,2186000,0,Thành công,CN Hoàn Kiếm,37325576
GD202601015393,2026-01-07 18:15:57,KH000165,Quầy giao dịch,Nhận lương,9089721,0,Thành công,CN Hải Phòng,88723502
GD202601006919,2026-01-07 18:27:23,KH000074,POS,Thanh toán thẻ,144000,5500,Thành công,CN Hoàn Kiếm,20684705
GD202601007931,2026-01-07 18:28:33,KH000082,Mobile Banking,Chuyển khoản đi,2155000,0,Thành công,CN Cầu Giấy,52022729
GD202601007561,2026-01-07 18:30:39,KH000079,Quầy giao dịch,Nhận lương,30523337,0,Thành công,CN Hải Phòng,149528050
GD202601014344,2026-01-07 18:32:17,KH000153,QR Code,Chuyển khoản đến,5027000,0,Thành công,CN Cần Thơ,37129741
GD202601008648,2026-01-07 18:57:42,KH000088,Quầy giao dịch,Nhận lương,8367064,0,Thành công,CN Hải Phòng,17356956
GD202601009981,2026-01-07 19:28:51,KH000104,POS,Thanh toán thẻ,1738000,1100,Thành công,CN TP Hồ Chí Minh,50328666
GD202601012547,2026-01-07 19:39:09,KH000131,Mobile Banking,Thanh toán thẻ,4903000,0,Thành công,CN Bình Dương,80862580
GD202601000035,2026-01-07 19:39:20,KH000002,ATM,Chuyển khoản đến,1056000,3300,Thành công,CN Cầu Giấy,48548826
GD202601004788,2026-01-07 20:05:27,KH000052,Mobile Banking,Chuyển khoản đi,2045000,0,Thành công,CN Bình Dương,8262606
GD202601016562,2026-01-07 20:33:45,KH000179,Quầy giao dịch,Nhận lương,28723912,0,Thành công,CN Cầu Giấy,111777288
GD202601005246,2026-01-07 20:51:41,KH000056,Quầy giao dịch,Nhận lương,11061921,0,Thành công,CN Hoàn Kiếm,67799077
GD202601012411,2026-01-07 20:54:04,KH000130,POS,Thanh toán thẻ,5080000,5500,Thành công,CN Cần Thơ,47878021
GD202601013557,2026-01-07 21:23:07,KH000142,Quầy giao dịch,Thanh toán hóa đơn,3663000,1100,Thành công,CN Cần Thơ,15586375
GD202601001775,2026-01-07 21:33:23,KH000019,POS,Thanh toán thẻ,3163000,3300,Thành công,CN Quận 1,39511576
GD202601018033,2026-01-07 21:37:10,KH000191,Mobile Banking,Thanh toán thẻ,13000000,0,Thành công,CN Quận 1,73351849
GD202601018730,2026-01-07 21:37:50,KH000199,Quầy giao dịch,Nhận lương,47525387,0,Thành công,CN Hoàn Kiếm,266125516
GD202601010897,2026-01-07 21:41:57,KH000115,Internet Banking,Thanh toán thẻ,490000,0,Thành công,CN Quận 1,23077175
GD202601014851,2026-01-07 21:45:27,KH000158,Quầy giao dịch,Nhận lương,14060015,0,Thành công,CN Bình Dương,79127064
GD202601007932,2026-01-07 21:57:44,KH000082,POS,Thanh toán thẻ,4622000,5500,Thành công,CN TP Hồ Chí Minh,47395229
GD202601000872,2026-01-07 22:20:55,KH000012,QR Code,Thanh toán thẻ,497000,0,Thành công,CN Thanh Xuân,35140246
GD202601002291,2026-01-08 06:26:42,KH000021,Quầy giao dịch,Nhận lương,8362133,0,Thành công,CN TP Hồ Chí Minh,18546811
GD202601011658,2026-01-08 06:27:01,KH000124,Mobile Banking,Nộp tiền mặt,10788000,0,Thành công,CN Bình Dương,143276938
GD202601008173,2026-01-08 06:33:43,KH000084,Mobile Banking,Chuyển khoản đến,549000,0,Thành công,CN Thanh Xuân,31819268
GD202601009837,2026-01-08 06:47:57,KH000101,Quầy giao dịch,Nhận lương,16589542,0,Thành công,CN Thanh Xuân,67761097
GD202601007231,2026-01-08 06:52:22,KH000077,Quầy giao dịch,Nhận lương,8905092,0,Thành công,CN TP Hồ Chí Minh,37684708
GD202601010316,2026-01-08 07:03:45,KH000108,Quầy giao dịch,Nhận lương,11668227,0,Thành công,CN Cần Thơ,15024451
GD202601007232,2026-01-08 07:08:13,KH000077,Internet Banking,Chuyển khoản đến,4452000,0,Thành công,CN Cầu Giấy,42136708
GD202601004008,2026-01-08 07:09:04,KH000040,Quầy giao dịch,Nhận lương,10343757,0,Thành công,CN Thanh Xuân,32954580
GD202601012825,2026-01-08 07:09:08,KH000132,Internet Banking,Chuyển khoản đến,7939000,0,Thành công,CN Quận 1,45662700
GD202601000557,2026-01-08 07:13:29,KH000010,QR Code,Rút tiền mặt,660000,0,Thành công,CN Cần Thơ,5303677
GD202601018274,2026-01-08 07:23:28,KH000193,Quầy giao dịch,Nhận lương,28739546,0,Thành công,CN Quận 1,371440099
GD202601002875,2026-01-08 07:48:49,KH000027,Quầy giao dịch,Chuyển khoản đi,30286000,0,Thành công,CN Đà Nẵng,139006017
GD202601018035,2026-01-08 08:14:30,KH000191,QR Code,Thanh toán thẻ,1242000,0,Thành công,CN Cần Thơ,75956849
GD202601008649,2026-01-08 08:28:13,KH000088,POS,Thanh toán thẻ,2233000,5500,Thành công,CN Bình Dương,15118456
GD202601005377,2026-01-08 08:32:05,KH000057,Internet Banking,Chuyển khoản đến,17919000,0,Thành công,CN Quận 1,81730307
GD202601012412,2026-01-08 08:50:54,KH000130,POS,Thanh toán thẻ,3772000,5500,Thành công,CN Hoàn Kiếm,44100521
GD202601011987,2026-01-08 09:03:39,KH000127,QR Code,Thanh toán thẻ,681000,0,Thành công,CN Đà Nẵng,22041599
GD202601006836,2026-01-08 09:04:09,KH000072,POS,Thanh toán thẻ,893000,3300,Thành công,CN Thanh Xuân,18839808
GD202601017164,2026-01-08 09:04:18,KH000183,Quầy giao dịch,Nhận lương,84267797,0,Thành công,CN Quận 1,206362353
GD202601013955,2026-01-08 09:08:55,KH000147,Quầy giao dịch,Nhận lương,10655403,0,Thành công,CN Hải Phòng,102065141
GD202601006703,2026-01-08 09:28:06,KH000069,Quầy giao dịch,Nhận lương,8326158,0,Thành công,CN Thanh Xuân,48532416
GD202601002572,2026-01-08 09:49:36,KH000025,Mobile Banking,Rút tiền mặt,402000,0,Thất bại,CN Hải Phòng,11558631
GD202601004274,2026-01-08 09:49:37,KH000043,Quầy giao dịch,Nhận lương,9307413,0,Thành công,CN Hải Phòng,15244499
GD202601010781,2026-01-08 09:59:31,KH000114,QR Code,Nộp tiền mặt,546000,0,Thành công,CN Hoàn Kiếm,51040702
GD202601008533,2026-01-08 10:13:32,KH000087,Internet Banking,Thanh toán thẻ,2686000,0,Thành công,CN TP Hồ Chí Minh,5945426
GD202601013694,2026-01-08 10:15:48,KH000143,QR Code,Chuyển khoản đến,1245000,0,Thành công,CN Hải Phòng,23426839
GD202601010437,2026-01-08 10:23:45,KH000110,Quầy giao dịch,Rút tiền mặt,572000,0,Thành công,CN Quận 1,34060389
GD202601008650,2026-01-08 10:25:05,KH000088,QR Code,Chuyển khoản đi,2364000,0,Thành công,CN Bình Dương,12754456
GD202601010899,2026-01-08 10:27:40,KH000115,Internet Banking,Thanh toán thẻ,3718000,0,Thành công,CN Thanh Xuân,30676534
GD202601006304,2026-01-08 10:36:10,KH000065,Mobile Banking,Thanh toán thẻ,193621000,0,Thành công,CN Hải Phòng,723361422
GD202601010783,2026-01-08 11:07:48,KH000114,QR Code,Nộp tiền mặt,1741000,0,Thành công,CN TP Hồ Chí Minh,50842402
GD202601011704,2026-01-08 11:42:05,KH000125,Internet Banking,Chuyển khoản đi,977000,0,Thành công,CN Đà Nẵng,7989636
GD202601017167,2026-01-08 11:52:54,KH000183,POS,Thanh toán thẻ,30648000,1100,Thành công,CN Hải Phòng,303061253
GD202601018251,2026-01-08 12:01:23,KH000192,Quầy giao dịch,Chuyển khoản đi,238000,1100,Thành công,CN Quận 1,78428306
GD202601006920,2026-01-08 12:06:46,KH000074,Quầy giao dịch,Nhận lương,8856374,0,Thành công,CN Hải Phòng,29541078
GD202601003003,2026-01-08 12:09:42,KH000028,Quầy giao dịch,Nhận lương,11441876,0,Thành công,CN Hải Phòng,32960713
GD202601004160,2026-01-08 12:11:22,KH000042,QR Code,Rút tiền mặt,3863000,0,Thành công,CN Hải Phòng,34846502
GD202601002874,2026-01-08 12:13:48,KH000027,Quầy giao dịch,Nhận lương,16233405,0,Thành công,CN Thanh Xuân,169292017
GD202601000873,2026-01-08 12:49:03,KH000012,Quầy giao dịch,Nhận lương,10987900,0,Thành công,CN Hải Phòng,46128146
GD202601011628,2026-01-08 12:53:38,KH000123,Quầy giao dịch,Nhận lương,73956057,0,Thành công,CN Thanh Xuân,343830523
GD202601001411,2026-01-08 13:06:28,KH000016,POS,Thanh toán thẻ,4984000,0,Thành công,CN Cầu Giấy,28569307
GD202601016738,2026-01-08 13:30:25,KH000181,Quầy giao dịch,Chuyển khoản đến,1622000,0,Thất bại,CN Cầu Giấy,20702920
GD202601018034,2026-01-08 13:38:42,KH000191,Mobile Banking,Chuyển khoản đến,3847000,0,Thành công,CN Đà Nẵng,77198849
GD202601017166,2026-01-08 13:41:09,KH000183,Mobile Banking,Nộp tiền mặt,65849000,0,Thành công,CN Đà Nẵng,333710353
GD202601008758,2026-01-08 14:11:04,KH000091,QR Code,Rút tiền mặt,9863000,0,Thành công,CN Quận 1,67564072
GD202601006525,2026-01-08 14:39:32,KH000066,Quầy giao dịch,Nhận lương,11265337,0,Thành công,CN Đà Nẵng,111906724
GD202601013245,2026-01-08 15:00:28,KH000137,POS,Thanh toán thẻ,10692000,1100,Thành công,CN TP Hồ Chí Minh,26613086
GD202601011277,2026-01-08 15:03:47,KH000119,QR Code,Thanh toán thẻ,59000,0,Thành công,CN Hoàn Kiếm,1217351
GD202601004645,2026-01-08 15:26:52,KH000050,POS,Thanh toán thẻ,1961000,5500,Thành công,CN Quận 1,24175988
GD202601015505,2026-01-08 16:46:18,KH000167,Mobile Banking,Rút tiền mặt,1983000,0,Thành công,CN Hải Phòng,36587608
GD202601002072,2026-01-08 16:51:49,KH000020,Quầy giao dịch,Nhận lương,61677552,0,Thành công,CN Đà Nẵng,89532670
GD202601005537,2026-01-08 16:57:21,KH000059,Mobile Banking,Chuyển khoản đến,39110000,0,Thành công,CN Quận 1,239157010
GD202601013693,2026-01-08 17:12:11,KH000143,Quầy giao dịch,Nhận lương,9314201,0,Thành công,CN Bình Dương,22181839
GD202601006878,2026-01-08 17:13:07,KH000073,QR Code,Nộp tiền mặt,10595000,0,Thành công,CN Quận 1,51044711
GD202601000766,2026-01-08 17:21:42,KH000011,Internet Banking,Chuyển khoản đi,804000,0,Thành công,CN TP Hồ Chí Minh,58178033
GD202601014096,2026-01-08 17:28:04,KH000149,Quầy giao dịch,Nhận lương,8917624,0,Thành công,CN Quận 1,23048352
GD202601011657,2026-01-08 17:29:32,KH000124,Internet Banking,Nạp tiền điện thoại,11540000,0,Thành công,CN Cần Thơ,132488938
GD202601005536,2026-01-08 17:58:29,KH000059,Quầy giao dịch,Nhận lương,81151222,0,Thành công,CN Quận 1,200047010
GD202601016598,2026-01-08 18:02:13,KH000180,Mobile Banking,Thanh toán thẻ,821000,0,Thành công,CN Hải Phòng,27116393
GD202601014191,2026-01-08 18:03:46,KH000151,Mobile Banking,Nạp tiền điện thoại,1012000,0,Thất bại,CN Hoàn Kiếm,12495616
GD202601014190,2026-01-08 18:24:36,KH000151,Mobile Banking,Thanh toán thẻ,1244000,0,Thành công,CN Đà Nẵng,12495616
GD202601017165,2026-01-08 18:50:54,KH000183,Mobile Banking,Nộp tiền mặt,61499000,0,Thành công,CN Thanh Xuân,267861353
GD202601005733,2026-01-08 18:51:12,KH000061,Quầy giao dịch,Nhận lương,8540618,0,Thành công,CN Thanh Xuân,34761178
GD202601006763,2026-01-08 19:07:24,KH000071,Quầy giao dịch,Chuyển khoản đi,13508000,1100,Thành công,CN Thanh Xuân,95953438
GD202601010898,2026-01-08 19:14:38,KH000115,Quầy giao dịch,Nhận lương,11317359,0,Thành công,CN Cầu Giấy,34394534
GD202601000126,2026-01-08 19:32:40,KH000005,Internet Banking,Chuyển khoản đến,69605000,0,Thành công,CN Bình Dương,411610730
GD202601009468,2026-01-08 20:07:00,KH000097,Internet Banking,Nộp tiền mặt,2318000,0,Thành công,CN Hải Phòng,42702649
GD202601016089,2026-01-08 20:25:44,KH000174,Internet Banking,Thanh toán thẻ,1986000,0,Thành công,CN Hải Phòng,36600040
GD202601000331,2026-01-08 20:34:17,KH000008,Quầy giao dịch,Nhận lương,39767150,0,Thành công,CN Cần Thơ,372160813
GD202601009984,2026-01-08 20:34:17,KH000104,Internet Banking,Thanh toán thẻ,3135000,0,Thành công,CN Thanh Xuân,45947666
GD202601000125,2026-01-08 20:43:40,KH000005,ATM,Thanh toán hóa đơn,15809000,1100,Thành công,CN Hoàn Kiếm,342005730
GD202601016870,2026-01-08 20:55:23,KH000182,Quầy giao dịch,Nhận lương,26224920,0,Thành công,CN Quận 1,56667304
GD202601014346,2026-01-08 21:17:02,KH000153,QR Code,Nộp tiền mặt,11167000,0,Thành công,CN Cầu Giấy,57344741
GD202601010782,2026-01-08 21:25:00,KH000114,ATM,Nạp tiền điện thoại,1936000,3300,Thành công,CN Thanh Xuân,49101402
GD202601013558,2026-01-08 21:26:15,KH000142,Quầy giao dịch,Nhận lương,51754274,0,Thành công,CN Quận 1,67340649
GD202601000127,2026-01-08 21:30:56,KH000005,Quầy giao dịch,Rút tiền mặt,2309000,1100,Thành công,CN Hải Phòng,409300630
GD202601007562,2026-01-08 21:30:59,KH000079,QR Code,Nộp tiền mặt,18197000,0,Thành công,CN Đà Nẵng,167725050
GD202601010673,2026-01-08 21:45:26,KH000113,Quầy giao dịch,Nhận lương,7821468,0,Thành công,CN Thanh Xuân,19390748
GD202601014345,2026-01-08 22:01:38,KH000153,QR Code,Chuyển khoản đến,9048000,0,Thành công,CN Bình Dương,46177741
GD202601018731,2026-01-08 22:10:03,KH000199,POS,Chuyển khoản đi,54806000,3300,Thành công,CN Bình Dương,211316216
GD202601002073,2026-01-08 22:25:37,KH000020,Internet Banking,Nạp tiền điện thoại,31047000,0,Thành công,CN Đà Nẵng,58485670
GD202601003842,2026-01-08 22:25:42,KH000038,Mobile Banking,Thanh toán hóa đơn,4585000,0,Thành công,CN Hải Phòng,72138278
GD202601004342,2026-01-08 22:48:20,KH000045,QR Code,Thanh toán thẻ,806000,0,Thành công,CN Quận 1,31241103
GD202601000294,2026-01-08 22:51:24,KH000007,Internet Banking,Thanh toán thẻ,14656000,0,Thành công,CN Quận 1,285564547
GD202601014135,2026-01-08 22:54:27,KH000150,Quầy giao dịch,Nhận lương,16390564,0,Thành công,CN Bình Dương,101079544
GD202601002515,2026-01-09 06:02:28,KH000024,POS,Nộp tiền mặt,888000,1100,Thành công,CN Đà Nẵng,34382628
GD202601013937,2026-01-09 06:22:23,KH000146,QR Code,Chuyển khoản đi,21956000,0,Thành công,CN Cầu Giấy,454784847
GD202601006921,2026-01-09 06:44:29,KH000074,QR Code,Thanh toán thẻ,771000,0,Thành công,CN Cầu Giấy,28770078
GD202601001044,2026-01-09 06:57:19,KH000014,QR Code,Thanh toán thẻ,13703000,0,Thành công,CN TP Hồ Chí Minh,96973506
GD202601011151,2026-01-09 07:02:56,KH000118,Quầy giao dịch,Nhận lương,14304996,0,Thành công,CN Cần Thơ,131574858
GD202601008997,2026-01-09 07:07:04,KH000094,Internet Banking,Chuyển khoản đến,1508000,0,Thành công,CN Cần Thơ,66853107
GD202601003373,2026-01-09 07:07:22,KH000032,Quầy giao dịch,Nhận lương,11238315,0,Thành công,CN Bình Dương,12703454
GD202601009285,2026-01-09 07:15:41,KH000096,Internet Banking,Thanh toán thẻ,63125000,0,Thành công,CN Hải Phòng,233789300
GD202601018362,2026-01-09 07:31:32,KH000195,QR Code,Chuyển khoản đến,57477000,0,Thành công,CN Hoàn Kiếm,1136682917
GD202601001682,2026-01-09 07:57:23,KH000018,Quầy giao dịch,Nhận lương,8643825,0,Thành công,CN Cầu Giấy,29841246
GD202601016739,2026-01-09 08:12:23,KH000181,Internet Banking,Chuyển khoản đi,1574000,0,Thành công,CN Quận 1,19128920
GD202601010784,2026-01-09 08:14:44,KH000114,QR Code,Thanh toán thẻ,2014000,0,Thành công,CN Đà Nẵng,48828402
GD202601007509,2026-01-09 08:30:14,KH000078,ATM,Nạp tiền điện thoại,15797000,0,Thành công,CN TP Hồ Chí Minh,152638932
GD202601014097,2026-01-09 08:42:38,KH000149,POS,Thanh toán thẻ,3048000,1100,Thành công,CN Cầu Giấy,19999252
GD202601015057,2026-01-09 10:11:45,KH000162,POS,Thanh toán thẻ,1913000,3300,Thành công,CN Đà Nẵng,63969703
GD202601010438,2026-01-09 10:38:56,KH000110,Quầy giao dịch,Nhận lương,10452480,0,Thành công,CN Quận 1,44512869
GD202601002573,2026-01-09 11:37:45,KH000025,Internet Banking,Rút tiền mặt,1833000,0,Thành công,CN Đà Nẵng,9725631
GD202601012827,2026-01-09 12:17:21,KH000132,ATM,Chuyển khoản đến,6612000,5500,Thành công,CN Cần Thơ,74707795
GD202601000063,2026-01-09 12:36:02,KH000003,POS,Nộp tiền mặt,32247000,3300,Thành công,CN Thanh Xuân,243037619
GD202601017653,2026-01-09 12:45:07,KH000187,Quầy giao dịch,Nhận lương,15570569,0,Thành công,CN Hải Phòng,31424929
GD202601011278,2026-01-09 12:58:19,KH000119,Quầy giao dịch,Nhận lương,8101488,0,Thành công,CN Cần Thơ,9318839
GD202601002574,2026-01-09 13:25:08,KH000025,QR Code,Thanh toán hóa đơn,2987000,0,Thành công,CN Cần Thơ,6738631
GD202601008720,2026-01-09 13:44:37,KH000090,Quầy giao dịch,Chuyển khoản đến,82384000,5500,Thành công,CN Cần Thơ,401465196
GD202601007565,2026-01-09 13:49:33,KH000079,QR Code,Thanh toán hóa đơn,32638000,0,Thành công,CN Đà Nẵng,142952050
GD202601001779,2026-01-09 14:13:52,KH000019,Internet Banking,Nộp tiền mặt,3510000,0,Thành công,CN Bình Dương,54117604
GD202601010900,2026-01-09 14:19:14,KH000115,ATM,Chuyển khoản đến,3421000,0,Thành công,CN Hải Phòng,34097534
GD202601014347,2026-01-09 14:37:39,KH000153,QR Code,Thanh toán thẻ,11322000,0,Thành công,CN Thanh Xuân,46022741
GD202601007879,2026-01-09 14:44:13,KH000081,Quầy giao dịch,Nhận lương,48760664,0,Thành công,CN Cầu Giấy,193394447
GD202601002833,2026-01-09 14:58:42,KH000026,ATM,Nạp tiền điện thoại,16348000,5500,Thành công,CN Cần Thơ,64055222
GD202601000332,2026-01-09 15:20:54,KH000008,QR Code,Thanh toán thẻ,17255000,0,Thành công,CN Hoàn Kiếm,354905813
GD202601007837,2026-01-09 15:35:43,KH000080,ATM,Chuyển khoản đến,737000,3300,Thành công,CN Đà Nẵng,65126794
GD202601009805,2026-01-09 16:01:19,KH000100,Quầy giao dịch,Nhận lương,21878916,0,Thành công,CN Đà Nẵng,121390047
GD202601001780,2026-01-09 16:05:58,KH000019,QR Code,Nộp tiền mặt,2760000,0,Thành công,CN Quận 1,56877604
GD202601017513,2026-01-09 16:09:55,KH000185,Quầy giao dịch,Nhận lương,23081022,0,Thành công,CN Hoàn Kiếm,96605561
GD202601016871,2026-01-09 16:30:08,KH000182,QR Code,Thanh toán thẻ,15368000,0,Thành công,CN Đà Nẵng,41299304
GD202601014015,2026-01-09 17:08:33,KH000148,POS,Thanh toán thẻ,127000,1100,Thành công,CN Hải Phòng,18393304
GD202601005247,2026-01-09 17:10:09,KH000056,Mobile Banking,Nộp tiền mặt,1684000,0,Thành công,CN Bình Dương,69483077
GD202601005538,2026-01-09 17:12:34,KH000059,Mobile Banking,Nộp tiền mặt,38375000,0,Thành công,CN Quận 1,277532010
GD202601002876,2026-01-09 17:27:37,KH000027,Internet Banking,Nộp tiền mặt,13471000,0,Thành công,CN Hoàn Kiếm,152477017
GD202601017168,2026-01-09 17:30:56,KH000183,QR Code,Chuyển khoản đến,86102000,0,Thành công,CN Bình Dương,389163253
GD202601007563,2026-01-09 17:56:45,KH000079,POS,Chuyển khoản đến,39168000,5500,Thành công,CN Thanh Xuân,206893050
GD202601008696,2026-01-09 17:58:20,KH000089,Quầy giao dịch,Nhận lương,18929721,0,Thành công,CN Cầu Giấy,34258062
GD202601018585,2026-01-09 18:06:02,KH000197,Quầy giao dịch,Nhận lương,65345918,0,Thành công,CN Hải Phòng,446115389
GD202601009247,2026-01-09 18:40:02,KH000095,POS,Thanh toán thẻ,17404000,0,Thành công,CN Hải Phòng,65024807
GD202601011988,2026-01-09 18:53:53,KH000127,Quầy giao dịch,Nhận lương,15266843,0,Thành công,CN Quận 1,37308441
GD202601003374,2026-01-09 19:07:28,KH000032,Quầy giao dịch,Nạp tiền điện thoại,105000,1100,Thành công,CN Cần Thơ,12597354
GD202601003557,2026-01-09 19:13:57,KH000034,Quầy giao dịch,Nhận lương,8279444,0,Thành công,CN TP Hồ Chí Minh,63876722
GD202601010550,2026-01-09 19:21:03,KH000111,POS,Thanh toán thẻ,93345000,1100,Thành công,CN Đà Nẵng,267871579
GD202601008996,2026-01-09 19:28:12,KH000094,Mobile Banking,Nạp tiền điện thoại,1381000,0,Thành công,CN Thanh Xuân,65345107
GD202601012826,2026-01-09 19:28:31,KH000132,Quầy giao dịch,Nhận lương,22433094,0,Thành công,CN Hoàn Kiếm,68095795
GD202601011989,2026-01-09 19:33:21,KH000127,ATM,Nạp tiền điện thoại,7028000,1100,Thành công,CN Hoàn Kiếm,30279341
GD202601011705,2026-01-09 20:01:10,KH000125,Internet Banking,Nộp tiền mặt,2362000,0,Thành công,CN Hoàn Kiếm,10351636
GD202601001777,2026-01-09 20:16:29,KH000019,Quầy giao dịch,Nhận lương,9621027,0,Thành công,CN Cầu Giấy,46946604
GD202601007564,2026-01-09 20:23:20,KH000079,Internet Banking,Chuyển khoản đi,31303000,0,Thành công,CN Bình Dương,175590050
GD202601001043,2026-01-09 20:33:30,KH000014,Internet Banking,Thanh toán thẻ,38904000,0,Thành công,CN TP Hồ Chí Minh,110676506
GD202601001042,2026-01-09 20:50:09,KH000014,Quầy giao dịch,Nhận lương,63931178,0,Thành công,CN Cầu Giấy,149580506
GD202601015058,2026-01-09 20:57:37,KH000162,Mobile Banking,Thanh toán thẻ,6638000,0,Thành công,CN Hải Phòng,57331703
GD202601012246,2026-01-09 21:24:20,KH000128,QR Code,Nộp tiền mặt,441000,0,Thành công,CN Cầu Giấy,11973207
GD202601015059,2026-01-09 21:32:17,KH000162,Mobile Banking,Nộp tiền mặt,15468000,0,Thành công,CN Đà Nẵng,72799703
GD202601008534,2026-01-09 21:58:20,KH000087,Mobile Banking,Nộp tiền mặt,1626000,0,Thành công,CN Đà Nẵng,7571426
GD202601004508,2026-01-09 21:59:07,KH000046,ATM,Nạp tiền điện thoại,42775000,3300,Thành công,CN Quận 1,130591854
GD202601001778,2026-01-09 22:09:10,KH000019,QR Code,Chuyển khoản đến,3661000,0,Thành công,CN Hải Phòng,50607604
GD202601008759,2026-01-09 22:09:48,KH000091,ATM,Nạp tiền điện thoại,15917000,0,Thành công,CN Bình Dương,51647072
GD202601012245,2026-01-09 22:14:17,KH000128,POS,Thanh toán thẻ,352000,3300,Thành công,CN Bình Dương,11532207
GD202601010191,2026-01-09 22:17:10,KH000105,POS,Thanh toán hóa đơn,36443000,1100,Thành công,CN Quận 1,75174155
GD202601016433,2026-01-09 22:23:36,KH000177,Internet Banking,Thanh toán thẻ,17072000,0,Thành công,CN Bình Dương,293800264
GD202601018694,2026-01-09 22:25:46,KH000198,POS,Nộp tiền mặt,4484000,0,Thành công,CN TP Hồ Chí Minh,27352688
GD202601014973,2026-01-09 22:32:36,KH000160,Quầy giao dịch,Nhận lương,11876196,0,Thành công,CN Đà Nẵng,44839717
GD202601009985,2026-01-09 22:41:47,KH000104,Internet Banking,Thanh toán thẻ,606000,0,Thành công,CN Cầu Giấy,45341666
GD202601004789,2026-01-09 22:45:20,KH000052,Mobile Banking,Thanh toán hóa đơn,800000,0,Thành công,CN Cần Thơ,7462606
GD202601003843,2026-01-09 22:48:38,KH000038,Internet Banking,Nộp tiền mặt,4004000,0,Thành công,CN TP Hồ Chí Minh,76142278
GD202601011028,2026-01-10 06:01:24,KH000117,Quầy giao dịch,Nhận lương,12040035,0,Thành công,CN Thanh Xuân,22252181
GD202601005539,2026-01-10 06:06:07,KH000059,Mobile Banking,Chuyển khoản đến,29160000,0,Thành công,CN Hải Phòng,306692010
GD202601013811,2026-01-10 06:23:37,KH000145,Quầy giao dịch,Nhận lương,11450246,0,Thành công,CN Thanh Xuân,16217584
GD202601008697,2026-01-10 06:34:10,KH000089,Quầy giao dịch,Rút tiền mặt,2478000,1100,Thành công,CN Bình Dương,31778962
GD202601002575,2026-01-10 06:44:57,KH000025,ATM,Chuyển khoản đi,1171000,0,Thành công,CN Đà Nẵng,5567631
GD202601009693,2026-01-10 06:49:47,KH000099,QR Code,Rút tiền mặt,1955000,0,Thành công,CN Cần Thơ,38608968
GD202601010901,2026-01-10 06:56:44,KH000115,Mobile Banking,Chuyển khoản đến,2580000,0,Thành công,CN Đà Nẵng,36677534
GD202601017170,2026-01-10 07:13:29,KH000183,POS,Nạp tiền điện thoại,87387000,3300,Thành công,CN Đà Nẵng,259778453
GD202601017654,2026-01-10 07:26:41,KH000187,Internet Banking,Chuyển khoản đi,5661000,0,Thành công,CN Cần Thơ,25763929
GD202601007199,2026-01-10 07:51:39,KH000076,ATM,Thanh toán hóa đơn,3705000,3300,Thành công,CN Đà Nẵng,22134241
GD202601007566,2026-01-10 08:30:56,KH000079,QR Code,Rút tiền mặt,36593000,0,Thành công,CN Hoàn Kiếm,106359050
GD202601000037,2026-01-10 08:43:50,KH000002,ATM,Nộp tiền mặt,1891000,1100,Thành công,CN Bình Dương,50175826
GD202601005540,2026-01-10 08:56:12,KH000059,Internet Banking,Thanh toán thẻ,31309000,0,Thành công,CN Cầu Giấy,275383010
GD202601007838,2026-01-10 08:57:20,KH000080,Quầy giao dịch,Nhận lương,11723096,0,Thành công,CN Quận 1,76849889
GD202601001412,2026-01-10 09:00:17,KH000016,POS,Thanh toán thẻ,7201000,5500,Thành công,CN Quận 1,21362807
GD202601006305,2026-01-10 09:01:46,KH000065,POS,Thanh toán thẻ,4571000,0,Thành công,CN Bình Dương,718790422
GD202601017514,2026-01-10 09:21:36,KH000185,POS,Thanh toán thẻ,18179000,5500,Thành công,CN Hải Phòng,78421061
GD202601018538,2026-01-10 09:33:52,KH000196,POS,Nạp tiền điện thoại,255000,3300,Thành công,CN Đà Nẵng,21323242
GD202601009286,2026-01-10 09:34:29,KH000096,QR Code,Thanh toán thẻ,34552000,0,Thành công,CN Cần Thơ,199237300
GD202601009988,2026-01-10 09:37:13,KH000104,Internet Banking,Chuyển khoản đến,3270000,0,Thành công,CN Thanh Xuân,48206566
GD202601013812,2026-01-10 09:54:25,KH000145,QR Code,Chuyển khoản đến,120000,0,Thành công,CN Hải Phòng,16337584
GD202601000559,2026-01-10 09:55:44,KH000010,Internet Banking,Nạp tiền điện thoại,980000,0,Thành công,CN Đà Nẵng,17820019
GD202601017169,2026-01-10 10:01:50,KH000183,POS,Thanh toán thẻ,41989000,5500,Thành công,CN Cầu Giấy,347168753
GD202601003504,2026-01-10 10:16:07,KH000033,Quầy giao dịch,Nhận lương,10718679,0,Thành công,CN Quận 1,35243619
GD202601007233,2026-01-10 10:21:02,KH000077,Mobile Banking,Nạp tiền điện thoại,5956000,0,Thành công,CN Thanh Xuân,36180708
GD202601007234,2026-01-10 10:28:26,KH000077,Mobile Banking,Nộp tiền mặt,6497000,0,Thành công,CN Đà Nẵng,42677708
GD202601000036,2026-01-10 10:30:06,KH000002,Internet Banking,Thanh toán thẻ,264000,0,Thành công,CN Hải Phòng,48284826
GD202601016138,2026-01-10 11:04:17,KH000175,Quầy giao dịch,Nhận lương,9637274,0,Thành công,CN TP Hồ Chí Minh,451475391
GD202601009987,2026-01-10 11:14:23,KH000104,POS,Thanh toán thẻ,2122000,1100,Thành công,CN Cần Thơ,44936566
GD202601013364,2026-01-10 11:36:31,KH000138,Quầy giao dịch,Nhận lương,8375486,0,Thành công,CN Cầu Giấy,70727569
GD202601016872,2026-01-10 11:38:46,KH000182,QR Code,Thanh toán thẻ,6970000,0,Thành công,CN Quận 1,34329304
GD202601007198,2026-01-10 11:52:08,KH000076,QR Code,Thanh toán thẻ,2790000,0,Thành công,CN Cầu Giấy,25842541
GD202601007567,2026-01-10 12:15:39,KH000079,Mobile Banking,Thanh toán thẻ,12983000,0,Thành công,CN Quận 1,93376050
GD202601011959,2026-01-10 12:22:28,KH000126,Internet Banking,Chuyển khoản đi,3650000,0,Thành công,CN TP Hồ Chí Minh,28069899
GD202601009986,2026-01-10 12:25:57,KH000104,QR Code,Chuyển khoản đến,1718000,0,Thành công,CN TP Hồ Chí Minh,47059666
GD202601003558,2026-01-10 12:56:49,KH000034,POS,Thanh toán thẻ,1580000,1100,Thành công,CN Hoàn Kiếm,62295622
GD202601006879,2026-01-10 12:58:05,KH000073,Quầy giao dịch,Nhận lương,46469132,0,Thành công,CN Hoàn Kiếm,97513843
GD202601017856,2026-01-10 13:33:18,KH000189,Quầy giao dịch,Nhận lương,101084209,0,Thành công,CN Quận 1,1130615034
GD202601009469,2026-01-10 13:45:04,KH000097,POS,Thanh toán thẻ,997000,3300,Thành công,CN TP Hồ Chí Minh,41702349
GD202601001045,2026-01-10 15:04:07,KH000014,Internet Banking,Chuyển khoản đi,18956000,0,Thành công,CN Cần Thơ,78017506
GD202601018586,2026-01-10 15:35:23,KH000197,POS,Thanh toán thẻ,54457000,0,Thành công,CN Quận 1,391658389
GD202601004647,2026-01-10 15:45:20,KH000050,Internet Banking,Thanh toán thẻ,4986000,0,Thành công,CN Cầu Giấy,13709988
GD202601007235,2026-01-10 16:30:31,KH000077,Internet Banking,Nạp tiền điện thoại,819000,0,Thành công,CN TP Hồ Chí Minh,41858708
GD202601014192,2026-01-10 16:55:34,KH000151,POS,Thanh toán thẻ,994000,5500,Thành công,CN Thanh Xuân,11496116
GD202601011029,2026-01-10 17:57:40,KH000117,QR Code,Thanh toán thẻ,459000,0,Thành công,CN Cần Thơ,21793181
GD202601003278,2026-01-10 18:00:56,KH000031,Internet Banking,Thanh toán thẻ,1094000,0,Thành công,CN Hải Phòng,8877903
GD202601004646,2026-01-10 18:21:07,KH000050,Mobile Banking,Thanh toán thẻ,5480000,0,Thành công,CN Hải Phòng,18695988
GD202601006922,2026-01-10 18:33:36,KH000074,QR Code,Chuyển khoản đến,1709000,0,Thành công,CN Bình Dương,30479078
GD202601002403,2026-01-10 18:34:14,KH000023,Quầy giao dịch,Nhận lương,20219220,0,Thành công,CN Cầu Giấy,63570455
GD202601011279,2026-01-10 18:37:09,KH000119,QR Code,Chuyển khoản đến,85000,0,Thành công,CN Cần Thơ,9403839
GD202601002576,2026-01-10 19:10:57,KH000025,Mobile Banking,Chuyển khoản đi,549000,0,Thành công,CN Đà Nẵng,5018631
GD202601012550,2026-01-10 19:12:52,KH000131,POS,Thanh toán thẻ,1318000,1100,Thành công,CN TP Hồ Chí Minh,69593380
GD202601005734,2026-01-10 19:13:15,KH000061,Quầy giao dịch,Chuyển khoản đi,1888000,0,Thành công,CN Bình Dương,32873178
GD202601016434,2026-01-10 19:26:52,KH000177,Quầy giao dịch,Nhận lương,36851676,0,Thành công,CN Cầu Giấy,330651940
GD202601016194,2026-01-10 19:44:26,KH000176,Mobile Banking,Thanh toán thẻ,706000,0,Thành công,CN Bình Dương,18637428
GD202601017974,2026-01-10 19:46:06,KH000190,Quầy giao dịch,Nhận lương,55395617,0,Thành công,CN Cần Thơ,708228158
GD202601008760,2026-01-10 19:49:39,KH000091,Mobile Banking,Nạp tiền điện thoại,1997000,0,Thành công,CN TP Hồ Chí Minh,49650072
GD202601004343,2026-01-10 20:32:05,KH000045,Internet Banking,Thanh toán thẻ,1547000,0,Thành công,CN TP Hồ Chí Minh,29694103
GD202601000558,2026-01-10 20:41:49,KH000010,Quầy giao dịch,Nhận lương,13496342,0,Thành công,CN Cầu Giấy,18800019
GD202601012361,2026-01-10 21:07:10,KH000129,QR Code,Rút tiền mặt,2109000,0,Thành công,CN Đà Nẵng,16789648
GD202601006837,2026-01-10 21:10:32,KH000072,Mobile Banking,Thanh toán thẻ,848000,0,Thành công,CN Hải Phòng,17991808
GD202601005379,2026-01-10 21:17:51,KH000057,Mobile Banking,Thanh toán thẻ,33804000,0,Thành công,CN Bình Dương,83784164
GD202601017857,2026-01-10 22:35:40,KH000189,QR Code,Thanh toán thẻ,252207000,0,Thành công,CN Cầu Giấy,878408034
GD202601007839,2026-01-10 22:41:06,KH000080,QR Code,Chuyển khoản đi,3818000,0,Thành công,CN Hải Phòng,73031889
GD202601005378,2026-01-10 22:47:02,KH000057,Quầy giao dịch,Nhận lương,35857857,0,Thành công,CN Quận 1,117588164
GD202601017975,2026-01-10 22:58:26,KH000190,POS,Nộp tiền mặt,86252000,0,Thành công,CN Bình Dương,794480158
GD202601009471,2026-01-11 06:00:44,KH000097,Internet Banking,Nộp tiền mặt,168000,0,Thành công,CN Cầu Giấy,41270349
GD202601000560,2026-01-11 06:21:47,KH000010,Internet Banking,Thanh toán thẻ,6044000,0,Thành công,CN Đà Nẵng,11776019
GD202601002577,2026-01-11 06:47:00,KH000025,POS,Thanh toán thẻ,183000,1100,Thành công,CN Hải Phòng,4834531
GD202601005248,2026-01-11 07:03:38,KH000056,POS,Thanh toán thẻ,3647000,5500,Thành công,CN Cầu Giấy,65830577
GD202601000101,2026-01-11 07:06:10,KH000004,Quầy giao dịch,Nộp tiền mặt,10885000,5500,Thành công,CN TP Hồ Chí Minh,114197081
GD202601013365,2026-01-11 07:24:15,KH000138,Quầy giao dịch,Thanh toán hóa đơn,11000000,5500,Thành công,CN Quận 1,59722069
GD202601009470,2026-01-11 07:50:49,KH000097,Internet Banking,Thanh toán thẻ,600000,0,Thành công,CN Hoàn Kiếm,41102349
GD202601006923,2026-01-11 08:10:51,KH000074,Internet Banking,Chuyển khoản đến,1384000,0,Thành công,CN TP Hồ Chí Minh,31863078
GD202601002074,2026-01-11 08:14:55,KH000020,POS,Thanh toán thẻ,749000,5500,Thành công,CN Bình Dương,57731170
GD202601006704,2026-01-11 08:17:27,KH000069,Internet Banking,Chuyển khoản đi,3276000,0,Thành công,CN Đà Nẵng,45256416
GD202601007237,2026-01-11 08:39:16,KH000077,Internet Banking,Nạp tiền điện thoại,5602000,0,Thành công,CN Hoàn Kiếm,31487708
GD202601007568,2026-01-11 09:01:45,KH000079,POS,Thanh toán thẻ,31799000,3300,Thành công,CN Bình Dương,61573750
GD202601011990,2026-01-11 09:36:17,KH000127,Internet Banking,Nạp tiền điện thoại,1300000,0,Thành công,CN Đà Nẵng,28979341
GD202601017172,2026-01-11 10:06:48,KH000183,Internet Banking,Nạp tiền điện thoại,54764000,0,Thành công,CN Hải Phòng,208433453
GD202601010551,2026-01-11 10:33:09,KH000111,POS,Thanh toán thẻ,4681000,3300,Thành công,CN Cầu Giấy,263187279
GD202601011991,2026-01-11 10:45:32,KH000127,Internet Banking,Thanh toán thẻ,4735000,0,Thành công,CN Hải Phòng,24244341
GD202601016195,2026-01-11 10:55:51,KH000176,QR Code,Chuyển khoản đến,645000,0,Thành công,CN Thanh Xuân,19282428
GD202601004790,2026-01-11 11:16:30,KH000052,Internet Banking,Nạp tiền điện thoại,722000,0,Thành công,CN Hải Phòng,6740606
GD202601002075,2026-01-11 11:48:14,KH000020,QR Code,Chuyển khoản đến,6077000,0,Thành công,CN Quận 1,63808170
GD202601008761,2026-01-11 11:55:18,KH000091,QR Code,Nạp tiền điện thoại,11707000,0,Thành công,CN Bình Dương,37943072
GD202601000767,2026-01-11 12:07:53,KH000011,QR Code,Thanh toán thẻ,3275000,0,Thành công,CN Cầu Giấy,54903033
GD202601012552,2026-01-11 12:19:34,KH000131,POS,Thanh toán thẻ,3155000,5500,Thành công,CN Hoàn Kiếm,68191880
GD202601006095,2026-01-11 13:59:37,KH000063,Internet Banking,Thanh toán thẻ,1133000,0,Thành công,CN TP Hồ Chí Minh,28668304
GD202601001046,2026-01-11 14:17:23,KH000014,Internet Banking,Thanh toán thẻ,16271000,0,Thành công,CN Quận 1,61746506
GD202601006880,2026-01-11 14:37:26,KH000073,Mobile Banking,Thanh toán hóa đơn,435000,0,Thành công,CN Đà Nẵng,97078843
GD202601014852,2026-01-11 14:40:54,KH000158,Mobile Banking,Nộp tiền mặt,9246000,0,Thành công,CN Thanh Xuân,88373064
GD202601016599,2026-01-11 14:54:11,KH000180,ATM,Thanh toán hóa đơn,513000,5500,Thành công,CN Quận 1,26597893
GD202601000561,2026-01-11 15:20:20,KH000010,Mobile Banking,Chuyển khoản đến,1598000,0,Thành công,CN Cần Thơ,13374019
GD202601007236,2026-01-11 15:26:56,KH000077,Internet Banking,Rút tiền mặt,4769000,0,Thành công,CN Hải Phòng,37089708
GD202601012551,2026-01-11 15:35:50,KH000131,POS,Chuyển khoản đến,1759000,5500,Thành công,CN Bình Dương,71352380
GD202601003559,2026-01-11 16:04:48,KH000034,Internet Banking,Thanh toán hóa đơn,1682000,0,Thành công,CN Bình Dương,60613622
GD202601004344,2026-01-11 16:35:03,KH000045,ATM,Nạp tiền điện thoại,1391000,5500,Thành công,CN TP Hồ Chí Minh,28297603
GD202601014974,2026-01-11 16:40:53,KH000160,ATM,Nạp tiền điện thoại,3044000,0,Thành công,CN TP Hồ Chí Minh,41795717
GD202601007200,2026-01-11 17:13:54,KH000076,ATM,Nạp tiền điện thoại,1507000,5500,Thành công,CN Hải Phòng,20621741
GD202601000128,2026-01-11 18:08:56,KH000005,Mobile Banking,Chuyển khoản đi,9096000,0,Thành công,CN Thanh Xuân,400204630
GD202601013246,2026-01-11 19:15:35,KH000137,QR Code,Thanh toán thẻ,4932000,0,Thành công,CN TP Hồ Chí Minh,21681086
GD202601003808,2026-01-11 19:31:28,KH000037,QR Code,Thanh toán thẻ,42437000,0,Thành công,CN Hoàn Kiếm,260255758
GD202601014348,2026-01-11 19:38:12,KH000153,QR Code,Chuyển khoản đi,3275000,0,Thành công,CN Hoàn Kiếm,42747741
GD202601008796,2026-01-11 19:59:17,KH000092,POS,Thanh toán thẻ,7009000,5500,Thành công,CN Cầu Giấy,48614489
GD202601018275,2026-01-11 20:13:35,KH000193,Quầy giao dịch,Thanh toán hóa đơn,20069000,5500,Thành công,CN Hoàn Kiếm,351365599
GD202601004009,2026-01-11 20:13:40,KH000040,ATM,Nộp tiền mặt,2823000,5500,Thành công,CN Quận 1,35777580
GD202601010439,2026-01-11 20:54:37,KH000110,POS,Chuyển khoản đi,1206000,0,Thành công,CN Cầu Giấy,43306869
GD202601018036,2026-01-11 21:01:49,KH000191,Internet Banking,Thanh toán thẻ,12445000,0,Thành công,CN Đà Nẵng,63511849
GD202601007510,2026-01-11 21:09:54,KH000078,POS,Rút tiền mặt,26218000,3300,Thành công,CN Hoàn Kiếm,126417632
GD202601006764,2026-01-11 21:23:14,KH000071,POS,Thanh toán thẻ,7880000,0,Thành công,CN Cần Thơ,88073438
GD202601004791,2026-01-11 21:46:17,KH000052,POS,Thanh toán thẻ,1713000,0,Thành công,CN Hải Phòng,5027606
GD202601017171,2026-01-11 22:10:49,KH000183,Mobile Banking,Nộp tiền mặt,3419000,0,Thành công,CN Cầu Giấy,263197453
GD202601018539,2026-01-11 22:48:01,KH000196,QR Code,Chuyển khoản đi,421000,0,Thành công,CN Cần Thơ,20902242
GD202601007933,2026-01-12 06:01:02,KH000082,QR Code,Thanh toán thẻ,197000,0,Thành công,CN Đà Nẵng,47198229
GD202601008175,2026-01-12 06:20:21,KH000084,QR Code,Nạp tiền điện thoại,2695000,0,Thành công,CN TP Hồ Chí Minh,27337268
GD202601008651,2026-01-12 06:36:06,KH000088,Internet Banking,Chuyển khoản đến,609000,0,Thành công,CN TP Hồ Chí Minh,13363456
GD202601013140,2026-01-12 06:37:08,KH000136,Quầy giao dịch,Chuyển khoản đến,6200000,1100,Thành công,CN Hoàn Kiếm,337939733
GD202601011030,2026-01-12 06:50:22,KH000117,Internet Banking,Chuyển khoản đến,600000,0,Thành công,CN Cầu Giấy,22393181
GD202601013559,2026-01-12 06:51:06,KH000142,POS,Thanh toán thẻ,13597000,0,Thành công,CN TP Hồ Chí Minh,53743649
GD202601011706,2026-01-12 06:51:56,KH000125,Internet Banking,Chuyển khoản đi,824000,0,Thành công,CN Hải Phòng,9527636
GD202601000563,2026-01-12 07:09:51,KH000010,QR Code,Thanh toán thẻ,3362000,0,Thành công,CN TP Hồ Chí Minh,7763919
GD202601016873,2026-01-12 07:14:12,KH000182,QR Code,Rút tiền mặt,7059000,0,Thành công,CN Cần Thơ,27270304
GD202601010785,2026-01-12 07:35:08,KH000114,Internet Banking,Nạp tiền điện thoại,2009000,0,Thành công,CN Bình Dương,46819402
GD202601008797,2026-01-12 07:35:37,KH000092,Mobile Banking,Thanh toán thẻ,1742000,0,Thành công,CN Quận 1,46872489
GD202601004275,2026-01-12 07:43:05,KH000043,POS,Nộp tiền mặt,371000,0,Thành công,CN Hoàn Kiếm,15615499
GD202601002578,2026-01-12 07:54:46,KH000025,Mobile Banking,Thanh toán thẻ,1643000,0,Thành công,CN Cầu Giấy,3191531
GD202601003280,2026-01-12 08:19:35,KH000031,Mobile Banking,Thanh toán thẻ,344000,0,Thành công,CN Thanh Xuân,7550903
GD202601006924,2026-01-12 08:44:04,KH000074,Mobile Banking,Chuyển khoản đi,161000,0,Thành công,CN Hải Phòng,31702078
GD202601006925,2026-01-12 08:51:01,KH000074,POS,Thanh toán thẻ,572000,3300,Thành công,CN Cầu Giấy,31126778
GD202601014853,2026-01-12 11:05:28,KH000158,QR Code,Rút tiền mặt,6358000,0,Thành công,CN TP Hồ Chí Minh,82015064
GD202601003004,2026-01-12 11:40:49,KH000028,POS,Thanh toán thẻ,473000,5500,Thành công,CN Hoàn Kiếm,32482213
GD202601009472,2026-01-12 12:20:24,KH000097,Internet Banking,Thanh toán thẻ,564000,0,Thành công,CN Quận 1,40706349
GD202601016044,2026-01-12 12:36:13,KH000173,POS,Rút tiền mặt,452000,3300,Thành công,CN Đà Nẵng,8534068
GD202601008174,2026-01-12 13:02:45,KH000084,QR Code,Thanh toán thẻ,1787000,0,Thành công,CN Thanh Xuân,30032268
GD202601011031,2026-01-12 14:00:02,KH000117,QR Code,Chuyển khoản đến,120000,0,Thành công,CN Bình Dương,22513181
GD202601003253,2026-01-12 14:02:14,KH000030,QR Code,Rút tiền mặt,824000,0,Thành công,CN Quận 1,84527644
GD202601009989,2026-01-12 14:21:37,KH000104,Mobile Banking,Rút tiền mặt,3531000,0,Thất bại,CN Bình Dương,48206566
GD202601003279,2026-01-12 14:45:32,KH000031,QR Code,Thanh toán thẻ,983000,0,Thành công,CN Hải Phòng,7894903
GD202601016196,2026-01-12 15:25:47,KH000176,POS,Thanh toán thẻ,887000,0,Thành công,CN Cầu Giấy,18395428
GD202601003375,2026-01-12 15:51:46,KH000032,Internet Banking,Chuyển khoản đi,69000,0,Thành công,CN Hải Phòng,12528354
GD202601016435,2026-01-12 16:06:09,KH000177,POS,Thanh toán hóa đơn,43965000,0,Thành công,CN TP Hồ Chí Minh,286686940
GD202601000768,2026-01-12 16:29:07,KH000011,Mobile Banking,Thanh toán hóa đơn,3724000,0,Thành công,CN Hải Phòng,51179033
GD202601014349,2026-01-12 16:50:31,KH000153,QR Code,Chuyển khoản đến,4619000,0,Thành công,CN Cầu Giấy,47366741
GD202601014098,2026-01-12 17:28:49,KH000149,QR Code,Nộp tiền mặt,5748000,0,Thành công,CN Bình Dương,25747252
GD202601018587,2026-01-12 17:31:25,KH000197,QR Code,Thanh toán thẻ,103636000,0,Thành công,CN Bình Dương,288022389
GD202601004509,2026-01-12 17:43:54,KH000046,POS,Thanh toán thẻ,9745000,5500,Thành công,CN Hoàn Kiếm,120841354
GD202601008998,2026-01-12 19:21:34,KH000094,Mobile Banking,Thanh toán thẻ,955000,0,Thành công,CN Hải Phòng,65898107
GD202601003505,2026-01-12 19:22:42,KH000033,Mobile Banking,Thanh toán thẻ,2275000,0,Thành công,CN Bình Dương,32968619
GD202601000562,2026-01-12 19:32:32,KH000010,POS,Thanh toán thẻ,2247000,1100,Thành công,CN Cần Thơ,11125919
GD202601009694,2026-01-12 19:51:11,KH000099,POS,Thanh toán thẻ,2416000,0,Thành công,CN Cầu Giấy,36192968
GD202601000129,2026-01-12 20:01:28,KH000005,Mobile Banking,Chuyển khoản đến,3959000,0,Thành công,CN Cần Thơ,404163630
GD202601011280,2026-01-12 20:06:26,KH000119,QR Code,Thanh toán thẻ,131000,0,Thành công,CN Quận 1,9272839
GD202601003376,2026-01-12 20:14:15,KH000032,QR Code,Chuyển khoản đi,145000,0,Thành công,CN Cầu Giấy,12383354
GD202601018363,2026-01-12 20:55:26,KH000195,POS,Thanh toán thẻ,56987000,5500,Thành công,CN Đà Nẵng,1079690417
GD202601017515,2026-01-12 21:07:36,KH000185,POS,Nạp tiền điện thoại,4433000,1100,Thành công,CN Hải Phòng,73986961
GD202601007880,2026-01-12 21:18:11,KH000081,POS,Thanh toán thẻ,2442000,3300,Thành công,CN Hoàn Kiếm,190949147
GD202601012362,2026-01-12 21:19:52,KH000129,Internet Banking,Chuyển khoản đi,906000,0,Thành công,CN Hoàn Kiếm,15883648
GD202601008652,2026-01-12 21:45:26,KH000088,Mobile Banking,Thanh toán hóa đơn,4341000,0,Thành công,CN Hải Phòng,9022456
GD202601009473,2026-01-12 21:47:34,KH000097,POS,Thanh toán hóa đơn,1882000,1100,Thành công,CN Hoàn Kiếm,38823249
GD202601002579,2026-01-12 21:58:12,KH000025,POS,Thanh toán thẻ,808000,5500,Thành công,CN Quận 1,2378031
GD202601011152,2026-01-12 22:34:42,KH000118,QR Code,Thanh toán thẻ,31545000,0,Thành công,CN Hoàn Kiếm,100029858
GD202601015060,2026-01-12 22:37:53,KH000162,POS,Thanh toán thẻ,9192000,0,Thành công,CN Cần Thơ,63607703
GD202601013813,2026-01-12 22:54:48,KH000145,POS,Thanh toán thẻ,204000,3300,Thành công,CN TP Hồ Chí Minh,16130284
GD202601003005,2026-01-13 06:59:27,KH000028,Mobile Banking,Chuyển khoản đến,1280000,0,Thành công,CN Cần Thơ,33762213
GD202601002076,2026-01-13 07:20:26,KH000020,Internet Banking,Nộp tiền mặt,572000,0,Thành công,CN Đà Nẵng,64380170
GD202601011992,2026-01-13 08:05:29,KH000127,POS,Thanh toán thẻ,7033000,3300,Thành công,CN Bình Dương,17208041
GD202601013695,2026-01-13 08:37:40,KH000143,Mobile Banking,Thanh toán thẻ,427000,0,Thành công,CN Quận 1,22999839
GD202601003561,2026-01-13 08:43:08,KH000034,QR Code,Thanh toán hóa đơn,1433000,0,Thành công,CN Đà Nẵng,58779122
GD202601015061,2026-01-13 09:49:43,KH000162,Mobile Banking,Thanh toán thẻ,3322000,0,Thành công,CN Thanh Xuân,60285703
GD202601004792,2026-01-13 10:37:38,KH000052,Internet Banking,Thanh toán hóa đơn,1353000,0,Thành công,CN TP Hồ Chí Minh,3674606
GD202601014099,2026-01-13 10:44:17,KH000149,Quầy giao dịch,Chuyển khoản đến,4072000,0,Thành công,CN Hải Phòng,29819252
GD202601004345,2026-01-13 11:03:57,KH000045,QR Code,Thanh toán hóa đơn,1786000,0,Thành công,CN Thanh Xuân,26511603
GD202601000295,2026-01-13 11:27:58,KH000007,POS,Thanh toán thẻ,99685000,5500,Thành công,CN Hải Phòng,185874047
GD202601002404,2026-01-13 12:30:28,KH000023,POS,Chuyển khoản đến,2270000,1100,Thành công,CN Cầu Giấy,65840455
GD202601001413,2026-01-13 12:45:29,KH000016,Internet Banking,Nộp tiền mặt,5384000,0,Thành công,CN Quận 1,26746807
GD202601005380,2026-01-13 13:05:22,KH000057,Internet Banking,Nộp tiền mặt,25226000,0,Thành công,CN Hoàn Kiếm,109010164
GD202601016198,2026-01-13 13:18:02,KH000176,QR Code,Nộp tiền mặt,983000,0,Thành công,CN Cầu Giấy,18727428
GD202601007881,2026-01-13 13:32:13,KH000081,ATM,Chuyển khoản đi,47710000,3300,Thành công,CN Bình Dương,143235847
GD202601001782,2026-01-13 13:50:01,KH000019,QR Code,Nộp tiền mặt,1236000,0,Thành công,CN TP Hồ Chí Minh,60379604
GD202601015858,2026-01-13 13:51:16,KH000172,Mobile Banking,Thanh toán hóa đơn,9489000,0,Thành công,CN Quận 1,36609813
GD202601001047,2026-01-13 14:57:43,KH000014,QR Code,Thanh toán thẻ,21092000,0,Thành công,CN Cầu Giấy,40654506
GD202601004115,2026-01-13 15:04:09,KH000041,Mobile Banking,Nộp tiền mặt,3678000,0,Thành công,CN Cầu Giấy,186504074
GD202601012553,2026-01-13 15:05:51,KH000131,Internet Banking,Thanh toán thẻ,4293000,0,Thành công,CN Thanh Xuân,63898880
GD202601007934,2026-01-13 15:09:56,KH000082,Mobile Banking,Nạp tiền điện thoại,2538000,0,Thành công,CN Hải Phòng,44660229
GD202601014350,2026-01-13 16:16:13,KH000153,POS,Thanh toán thẻ,8954000,3300,Thất bại,CN TP Hồ Chí Minh,47366741
GD202601003507,2026-01-13 16:34:43,KH000033,POS,Thanh toán thẻ,503000,5500,Thành công,CN Hải Phòng,31116119
GD202601000130,2026-01-13 16:50:27,KH000005,Mobile Banking,Chuyển khoản đến,63680000,0,Thành công,CN Thanh Xuân,467843630
GD202601004161,2026-01-13 17:59:12,KH000042,QR Code,Thanh toán thẻ,2752000,0,Thành công,CN Thanh Xuân,32094502
GD202601015062,2026-01-13 18:15:45,KH000162,Quầy giao dịch,Nạp tiền điện thoại,16434000,5500,Thành công,CN Cần Thơ,43846203
GD202601010440,2026-01-13 18:34:05,KH000110,QR Code,Nạp tiền điện thoại,1474000,0,Thành công,CN Hoàn Kiếm,41832869
GD202601016197,2026-01-13 18:37:13,KH000176,Mobile Banking,Chuyển khoản đi,651000,0,Thành công,CN Bình Dương,17744428
GD202601018540,2026-01-13 18:39:33,KH000196,Mobile Banking,Thanh toán thẻ,199000,0,Thành công,CN Hoàn Kiếm,20703242
GD202601009474,2026-01-13 18:41:52,KH000097,QR Code,Thanh toán hóa đơn,427000,0,Thành công,CN TP Hồ Chí Minh,38396249
GD202601003506,2026-01-13 18:47:57,KH000033,Internet Banking,Thanh toán thẻ,1344000,0,Thành công,CN Bình Dương,31624619
GD202601000333,2026-01-13 19:14:53,KH000008,Mobile Banking,Chuyển khoản đến,32440000,0,Thành công,CN TP Hồ Chí Minh,387345813
GD202601012554,2026-01-13 19:37:23,KH000131,QR Code,Thanh toán thẻ,2271000,0,Thành công,CN Thanh Xuân,61627880
GD202601018037,2026-01-13 20:14:36,KH000191,Internet Banking,Rút tiền mặt,20717000,0,Thành công,CN Bình Dương,42794849
GD202601017173,2026-01-13 20:14:54,KH000183,Internet Banking,Thanh toán thẻ,29818000,0,Thành công,CN Quận 1,178615453
GD202601005541,2026-01-13 20:21:41,KH000059,Internet Banking,Thanh toán thẻ,86998000,0,Thành công,CN Thanh Xuân,188385010
GD202601013247,2026-01-13 21:20:05,KH000137,Quầy giao dịch,Chuyển khoản đến,5235000,0,Thành công,CN Hoàn Kiếm,26916086
GD202601003560,2026-01-13 21:26:01,KH000034,POS,Thanh toán thẻ,396000,5500,Thành công,CN Đà Nẵng,60212122
GD202601011960,2026-01-13 21:40:36,KH000126,Quầy giao dịch,Chuyển khoản đi,5369000,3300,Thành công,CN Hoàn Kiếm,22697599
GD202601011281,2026-01-13 22:17:24,KH000119,Internet Banking,Thanh toán thẻ,69000,0,Thành công,CN Cần Thơ,9203839
GD202601001781,2026-01-13 22:40:16,KH000019,Internet Banking,Nộp tiền mặt,2266000,0,Thành công,CN Cầu Giấy,59143604
GD202601008177,2026-01-14 06:19:07,KH000084,QR Code,Thanh toán thẻ,971000,0,Thành công,CN Bình Dương,27013268
GD202601000335,2026-01-14 06:26:05,KH000008,Internet Banking,Chuyển khoản đến,140517000,0,Thành công,CN Đà Nẵng,630771813
GD202601004648,2026-01-14 06:30:43,KH000050,QR Code,Nộp tiền mặt,2317000,0,Thành công,CN Quận 1,16026988
GD202601007937,2026-01-14 07:29:47,KH000082,QR Code,Chuyển khoản đi,3241000,0,Thành công,CN Hải Phòng,41911229
GD202601005249,2026-01-14 07:35:25,KH000056,Mobile Banking,Thanh toán thẻ,375000,0,Thành công,CN Quận 1,65455577
GD202601000564,2026-01-14 07:36:47,KH000010,Internet Banking,Thanh toán thẻ,672000,0,Thành công,CN TP Hồ Chí Minh,7091919
GD202601003508,2026-01-14 07:55:33,KH000033,Mobile Banking,Chuyển khoản đi,527000,0,Thất bại,CN Hoàn Kiếm,31116119
GD202601009990,2026-01-14 08:18:52,KH000104,POS,Rút tiền mặt,647000,5500,Thành công,CN Hải Phòng,47554066
GD202601005735,2026-01-14 08:19:54,KH000061,POS,Nộp tiền mặt,1381000,1100,Thành công,CN Cầu Giấy,34254178
GD202601004536,2026-01-14 08:23:14,KH000047,Mobile Banking,Nạp tiền điện thoại,4010000,0,Thành công,CN Quận 1,64554814
GD202601015063,2026-01-14 08:26:27,KH000162,Mobile Banking,Thanh toán thẻ,2270000,0,Thành công,CN Cầu Giấy,41576203
GD202601003006,2026-01-14 08:32:25,KH000028,POS,Thanh toán thẻ,390000,5500,Thành công,CN Đà Nẵng,33366713
GD202601004010,2026-01-14 09:10:22,KH000040,ATM,Chuyển khoản đến,2377000,5500,Thành công,CN Cần Thơ,38154580
GD202601003007,2026-01-14 09:16:20,KH000028,Internet Banking,Nộp tiền mặt,1548000,0,Thành công,CN Bình Dương,34914713
GD202601003562,2026-01-14 09:54:06,KH000034,QR Code,Chuyển khoản đến,1301000,0,Thành công,CN Hải Phòng,60080122
GD202601007569,2026-01-14 10:08:14,KH000079,Mobile Banking,Chuyển khoản đến,7028000,0,Thành công,CN Đà Nẵng,68601750
GD202601009248,2026-01-14 10:24:20,KH000095,QR Code,Chuyển khoản đến,1756000,0,Thành công,CN Thanh Xuân,66780807
GD202601018732,2026-01-14 10:28:41,KH000199,ATM,Rút tiền mặt,6538000,0,Thành công,CN TP Hồ Chí Minh,204778216
GD202601002077,2026-01-14 10:31:29,KH000020,Internet Banking,Nạp tiền điện thoại,17396000,0,Thành công,CN Thanh Xuân,46984170
GD202601006926,2026-01-14 11:09:15,KH000074,QR Code,Chuyển khoản đến,874000,0,Thành công,CN Cầu Giấy,32000778
GD202601001414,2026-01-14 12:04:09,KH000016,Quầy giao dịch,Rút tiền mặt,924000,3300,Thành công,CN Bình Dương,25819507
GD202601016090,2026-01-14 12:10:49,KH000174,ATM,Nạp tiền điện thoại,210000,3300,Thành công,CN Hải Phòng,36386740
GD202601004162,2026-01-14 12:15:24,KH000042,POS,Chuyển khoản đến,119000,3300,Thành công,CN Cầu Giấy,32213502
GD202601016874,2026-01-14 12:16:42,KH000182,Mobile Banking,Chuyển khoản đến,2868000,0,Thành công,CN Bình Dương,30138304
GD202601002834,2026-01-14 12:17:49,KH000026,POS,Thanh toán thẻ,9426000,1100,Thành công,CN Cần Thơ,54628122
GD202601016199,2026-01-14 12:25:27,KH000176,POS,Thanh toán thẻ,791000,1100,Thành công,CN Thanh Xuân,17935328
GD202601012247,2026-01-14 12:38:12,KH000128,QR Code,Rút tiền mặt,303000,0,Thành công,CN Đà Nẵng,11670207
GD202601007840,2026-01-14 12:54:17,KH000080,POS,Thanh toán thẻ,666000,1100,Thành công,CN Thanh Xuân,72364789
GD202601008176,2026-01-14 12:58:58,KH000084,POS,Nộp tiền mặt,647000,5500,Thành công,CN Cầu Giấy,27984268
GD202601015450,2026-01-14 13:40:22,KH000166,POS,Nộp tiền mặt,39846000,1100,Thành công,CN Hoàn Kiếm,180805500
GD202601006881,2026-01-14 13:40:41,KH000073,Mobile Banking,Chuyển khoản đi,20812000,0,Thành công,CN TP Hồ Chí Minh,76266843
GD202601011033,2026-01-14 13:45:17,KH000117,QR Code,Rút tiền mặt,52000,0,Thành công,CN Cần Thơ,22080181
GD202601011032,2026-01-14 13:47:32,KH000117,POS,Thanh toán thẻ,381000,0,Thành công,CN Thanh Xuân,22132181
GD202601008999,2026-01-14 13:51:39,KH000094,Mobile Banking,Thanh toán thẻ,1586000,0,Thành công,CN TP Hồ Chí Minh,64312107
GD202601013248,2026-01-14 14:08:18,KH000137,ATM,Nộp tiền mặt,8545000,5500,Thành công,CN Hoàn Kiếm,35461086
GD202601017174,2026-01-14 15:06:16,KH000183,Mobile Banking,Rút tiền mặt,1067000,0,Thành công,CN Bình Dương,177548453
GD202601008535,2026-01-14 16:01:37,KH000087,Internet Banking,Rút tiền mặt,1759000,0,Thành công,CN Bình Dương,5812426
GD202601011282,2026-01-14 16:34:11,KH000119,Internet Banking,Nạp tiền điện thoại,88000,0,Thành công,CN Thanh Xuân,9115839
GD202601005542,2026-01-14 16:39:36,KH000059,Mobile Banking,Thanh toán thẻ,51228000,0,Thành công,CN Thanh Xuân,137157010
GD202601003844,2026-01-14 17:03:09,KH000038,POS,Thanh toán hóa đơn,2645000,3300,Thất bại,CN Đà Nẵng,76142278
GD202601014351,2026-01-14 17:29:15,KH000153,Mobile Banking,Chuyển khoản đến,4912000,0,Thành công,CN TP Hồ Chí Minh,52278741
GD202601004793,2026-01-14 17:29:40,KH000052,Internet Banking,Nạp tiền điện thoại,124000,0,Thành công,CN Đà Nẵng,3550606
GD202601008799,2026-01-14 17:35:25,KH000092,QR Code,Chuyển khoản đến,5367000,0,Thất bại,CN Thanh Xuân,40515489
GD202601012363,2026-01-14 17:52:47,KH000129,QR Code,Thanh toán hóa đơn,521000,0,Thành công,CN Đà Nẵng,15362648
GD202601018038,2026-01-14 18:35:55,KH000191,QR Code,Nộp tiền mặt,1277000,0,Thành công,CN Hải Phòng,44071849
GD202601011707,2026-01-14 18:38:23,KH000125,Mobile Banking,Nạp tiền điện thoại,1652000,0,Thành công,CN TP Hồ Chí Minh,7875636
GD202601018364,2026-01-14 18:38:58,KH000195,QR Code,Nộp tiền mặt,144930000,0,Thành công,CN Cần Thơ,1224620417
GD202601017655,2026-01-14 19:08:48,KH000187,Internet Banking,Thanh toán hóa đơn,7700000,0,Thành công,CN Bình Dương,18063929
GD202601004011,2026-01-14 19:10:47,KH000040,QR Code,Rút tiền mặt,6591000,0,Thành công,CN Hoàn Kiếm,31563580
GD202601006526,2026-01-14 19:17:57,KH000066,ATM,Chuyển khoản đến,1590000,5500,Thành công,CN Quận 1,113496724
GD202601016740,2026-01-14 19:21:10,KH000181,POS,Thanh toán thẻ,840000,1100,Thành công,CN Thanh Xuân,18287820
GD202601014854,2026-01-14 19:31:11,KH000158,POS,Nộp tiền mặt,16916000,5500,Thành công,CN Quận 1,98931064
GD202601002835,2026-01-14 19:40:12,KH000026,QR Code,Rút tiền mặt,16974000,0,Thành công,CN Quận 1,37654122
GD202601007935,2026-01-14 19:49:30,KH000082,Mobile Banking,Rút tiền mặt,108000,0,Thành công,CN Đà Nẵng,44552229
GD202601007936,2026-01-14 19:54:57,KH000082,Mobile Banking,Chuyển khoản đến,600000,0,Thành công,CN Hải Phòng,45152229
GD202601006527,2026-01-14 20:11:41,KH000066,ATM,Nộp tiền mặt,5229000,3300,Thành công,CN Thanh Xuân,118725724
GD202601001048,2026-01-14 20:28:38,KH000014,POS,Thanh toán thẻ,12541000,5500,Thành công,CN TP Hồ Chí Minh,28108006
GD202601012828,2026-01-14 20:32:44,KH000132,QR Code,Thanh toán thẻ,18363000,0,Thành công,CN Hải Phòng,56344795
GD202601000334,2026-01-14 20:50:02,KH000008,QR Code,Nộp tiền mặt,102909000,0,Thành công,CN Bình Dương,490254813
GD202601003377,2026-01-14 21:15:32,KH000032,Internet Banking,Chuyển khoản đến,180000,0,Thành công,CN Hoàn Kiếm,12563354
GD202601007238,2026-01-14 21:29:05,KH000077,Mobile Banking,Rút tiền mặt,2196000,0,Thành công,CN Cầu Giấy,29291708
GD202601018039,2026-01-14 22:18:31,KH000191,Mobile Banking,Chuyển khoản đến,2071000,0,Thành công,CN Thanh Xuân,46142849
GD202601007841,2026-01-14 22:26:15,KH000080,ATM,Nộp tiền mặt,2831000,3300,Thành công,CN Cần Thơ,75195789
GD202601008798,2026-01-14 22:38:05,KH000092,Internet Banking,Thanh toán thẻ,6357000,0,Thành công,CN Quận 1,40515489
GD202601004794,2026-01-15 06:03:26,KH000052,Quầy giao dịch,Rút tiền mặt,951000,0,Thành công,CN Quận 1,2599606
GD202601015064,2026-01-15 06:18:34,KH000162,POS,Thanh toán thẻ,1220000,1100,Thành công,CN Quận 1,40355103
GD202601014101,2026-01-15 07:00:29,KH000149,Internet Banking,Chuyển khoản đến,3968000,0,Thành công,CN Cầu Giấy,29499252
GD202601005736,2026-01-15 07:21:13,KH000061,Quầy giao dịch,Nộp tiền mặt,1851000,1100,Thành công,CN TP Hồ Chí Minh,36105178
GD202601004116,2026-01-15 09:05:45,KH000041,POS,Nạp tiền điện thoại,47392000,3300,Thành công,CN Cầu Giấy,139108774
GD202601004117,2026-01-15 09:47:45,KH000041,Quầy giao dịch,Nộp tiền mặt,17179000,3300,Thành công,CN Quận 1,156287774
GD202601011283,2026-01-15 09:53:24,KH000119,POS,Thanh toán thẻ,146000,0,Thành công,CN Cần Thơ,8969839
GD202601013141,2026-01-15 09:56:58,KH000136,Internet Banking,Chuyển khoản đến,30311000,0,Thành công,CN Hoàn Kiếm,368250733
GD202601018588,2026-01-15 10:11:43,KH000197,Mobile Banking,Thanh toán thẻ,65207000,0,Thành công,CN Hải Phòng,222815389
GD202601010674,2026-01-15 10:12:46,KH000113,QR Code,Thanh toán thẻ,1564000,0,Thành công,CN Thanh Xuân,17826748
GD202601005381,2026-01-15 10:47:14,KH000057,QR Code,Thanh toán thẻ,32761000,0,Thành công,CN Cầu Giấy,76249164
GD202601007239,2026-01-15 10:48:36,KH000077,ATM,Nộp tiền mặt,224000,5500,Thành công,CN Quận 1,29515708
GD202601014100,2026-01-15 10:53:25,KH000149,QR Code,Thanh toán thẻ,4288000,0,Thành công,CN Cần Thơ,25531252
GD202601000337,2026-01-15 11:10:17,KH000008,QR Code,Thanh toán hóa đơn,15530000,0,Thành công,CN Quận 1,595782813
GD202601011153,2026-01-15 11:38:29,KH000118,Internet Banking,Thanh toán hóa đơn,30794000,0,Thành công,CN Bình Dương,69235858
GD202601011993,2026-01-15 12:50:46,KH000127,QR Code,Nạp tiền điện thoại,4457000,0,Thành công,CN TP Hồ Chí Minh,12751041
GD202601017175,2026-01-15 12:56:26,KH000183,Internet Banking,Rút tiền mặt,11132000,0,Thành công,CN Đà Nẵng,166416453
GD202601018040,2026-01-15 13:09:13,KH000191,Mobile Banking,Nộp tiền mặt,4658000,0,Thất bại,CN Quận 1,46142849
GD202601009838,2026-01-15 13:12:14,KH000101,Mobile Banking,Thanh toán hóa đơn,6838000,0,Thành công,CN Bình Dương,60923097
GD202601008178,2026-01-15 13:26:10,KH000084,Quầy giao dịch,Chuyển khoản đến,2986000,1100,Thành công,CN Thanh Xuân,29999268
GD202601009696,2026-01-15 13:38:52,KH000099,Mobile Banking,Nạp tiền điện thoại,53000,0,Thành công,CN Đà Nẵng,33769968
GD202601013560,2026-01-15 13:51:14,KH000142,Mobile Banking,Nộp tiền mặt,15103000,0,Thành công,CN Hải Phòng,68846649
GD202601002516,2026-01-15 14:02:19,KH000024,ATM,Chuyển khoản đi,551000,3300,Thành công,CN Quận 1,33828328
GD202601002836,2026-01-15 14:26:39,KH000026,Mobile Banking,Thanh toán thẻ,65000,0,Thành công,CN Quận 1,37589122
GD202601017517,2026-01-15 14:30:16,KH000185,ATM,Nạp tiền điện thoại,4569000,0,Thành công,CN Bình Dương,55135961
GD202601011284,2026-01-15 14:51:53,KH000119,QR Code,Chuyển khoản đến,144000,0,Thành công,CN Cần Thơ,9113839
GD202601011962,2026-01-15 15:27:02,KH000126,Quầy giao dịch,Nạp tiền điện thoại,898000,5500,Thành công,CN Hoàn Kiếm,15814799
GD202601000565,2026-01-15 15:27:59,KH000010,Internet Banking,Rút tiền mặt,1174000,0,Thành công,CN Cầu Giấy,5917919
GD202601009806,2026-01-15 15:55:00,KH000100,POS,Thanh toán thẻ,26265000,1100,Thành công,CN Bình Dương,95123947
GD202601011961,2026-01-15 16:00:25,KH000126,ATM,Rút tiền mặt,5976000,3300,Thành công,CN Hoàn Kiếm,16718299
GD202601006927,2026-01-15 16:05:51,KH000074,Internet Banking,Nộp tiền mặt,1578000,0,Thành công,CN Cần Thơ,33578778
GD202601017516,2026-01-15 16:48:43,KH000185,Mobile Banking,Nạp tiền điện thoại,14282000,0,Thành công,CN Thanh Xuân,59704961
GD202601018365,2026-01-15 17:55:27,KH000195,Internet Banking,Chuyển khoản đi,105021000,0,Thành công,CN Bình Dương,1119599417
GD202601000874,2026-01-15 18:01:47,KH000012,ATM,Nộp tiền mặt,212000,0,Thành công,CN Đà Nẵng,46340146
GD202601009695,2026-01-15 18:16:19,KH000099,POS,Thanh toán thẻ,2370000,0,Thành công,CN Quận 1,33822968
GD202601000336,2026-01-15 18:48:13,KH000008,Mobile Banking,Chuyển khoản đi,19459000,0,Thành công,CN Hải Phòng,611312813
GD202601003759,2026-01-15 19:23:30,KH000035,ATM,Thanh toán hóa đơn,877000,3300,Thành công,CN Cần Thơ,30631555
GD202601006838,2026-01-15 19:53:51,KH000072,Internet Banking,Thanh toán thẻ,407000,0,Thành công,CN Cầu Giấy,17584808
GD202601006306,2026-01-15 20:10:14,KH000065,POS,Thanh toán hóa đơn,21203000,1100,Thành công,CN Đà Nẵng,697586322
GD202601004795,2026-01-15 20:22:33,KH000052,Internet Banking,Nạp tiền điện thoại,110000,0,Thành công,CN Hải Phòng,2489606
GD202601003563,2026-01-15 20:30:24,KH000034,Internet Banking,Nộp tiền mặt,1391000,0,Thành công,CN Quận 1,61471122
GD202601003378,2026-01-15 21:39:32,KH000032,POS,Thanh toán hóa đơn,101000,3300,Thành công,CN Hoàn Kiếm,12459054
GD202601014352,2026-01-15 21:51:05,KH000153,Internet Banking,Rút tiền mặt,12810000,0,Thành công,CN Cần Thơ,39468741
GD202601011285,2026-01-15 22:15:53,KH000119,QR Code,Chuyển khoản đến,139000,0,Thành công,CN Cần Thơ,9252839
GD202601012364,2026-01-15 22:37:22,KH000129,POS,Thanh toán thẻ,915000,3300,Thành công,CN Hoàn Kiếm,14444348
GD202601016139,2026-01-15 22:54:56,KH000175,POS,Thanh toán thẻ,115548000,3300,Thành công,CN Quận 1,335924091
GD202601017976,2026-01-16 07:10:32,KH000190,POS,Thanh toán hóa đơn,109678000,0,Thành công,CN Đà Nẵng,684802158
GD202601001049,2026-01-16 07:31:48,KH000014,QR Code,Thanh toán thẻ,9125000,0,Thành công,CN Đà Nẵng,18983006
GD202601008179,2026-01-16 07:38:40,KH000084,POS,Thanh toán thẻ,2117000,1100,Thành công,CN Hoàn Kiếm,27881168
GD202601006839,2026-01-16 08:21:33,KH000072,Mobile Banking,Nạp tiền điện thoại,907000,0,Thành công,CN Hoàn Kiếm,16677808
GD202601014136,2026-01-16 08:32:49,KH000150,ATM,Nạp tiền điện thoại,21893000,1100,Thành công,CN TP Hồ Chí Minh,79185444
GD202601006882,2026-01-16 08:36:12,KH000073,ATM,Chuyển khoản đi,16044000,0,Thành công,CN Quận 1,60222843
GD202601015066,2026-01-16 09:30:42,KH000162,Internet Banking,Thanh toán thẻ,6371000,0,Thành công,CN Bình Dương,47922103
GD202601001415,2026-01-16 09:58:44,KH000016,Mobile Banking,Thanh toán thẻ,2043000,0,Thành công,CN Cần Thơ,23776507
GD202601006096,2026-01-16 10:24:23,KH000063,QR Code,Thanh toán thẻ,1014000,0,Thành công,CN Cần Thơ,27654304
GD202601016140,2026-01-16 10:24:53,KH000175,POS,Thanh toán thẻ,51810000,3300,Thành công,CN Bình Dương,284110791
GD202601016875,2026-01-16 10:25:43,KH000182,Mobile Banking,Thanh toán hóa đơn,8772000,0,Thành công,CN Cầu Giấy,21366304
GD202601003381,2026-01-16 10:36:24,KH000032,Mobile Banking,Nộp tiền mặt,145000,0,Thành công,CN Cần Thơ,12306054
GD202601000005,2026-01-16 10:41:54,KH000001,POS,Rút tiền mặt,16000000,0,Thành công,CN TP Hồ Chí Minh,139588580
GD202601009249,2026-01-16 10:42:43,KH000095,Quầy giao dịch,Chuyển khoản đi,11464000,3300,Thành công,CN Bình Dương,55313507
GD202601002405,2026-01-16 11:21:49,KH000023,Mobile Banking,Chuyển khoản đi,12206000,0,Thành công,CN Bình Dương,53634455
GD202601003008,2026-01-16 11:26:44,KH000028,POS,Chuyển khoản đi,1266000,1100,Thành công,CN Quận 1,33647613
GD202601008180,2026-01-16 12:16:30,KH000084,POS,Thanh toán thẻ,2246000,1100,Thành công,CN Quận 1,25634068
GD202601016200,2026-01-16 12:18:58,KH000176,POS,Thanh toán thẻ,869000,0,Thành công,CN Hoàn Kiếm,17066328
GD202601018366,2026-01-16 12:22:08,KH000195,Internet Banking,Thanh toán thẻ,130188000,0,Thành công,CN Thanh Xuân,989411417
GD202601006097,2026-01-16 12:42:37,KH000063,Mobile Banking,Thanh toán thẻ,834000,0,Thành công,CN TP Hồ Chí Minh,26820304
GD202601008653,2026-01-16 13:30:37,KH000088,Internet Banking,Thanh toán thẻ,3107000,0,Thành công,CN Thanh Xuân,5915456
GD202601014353,2026-01-16 13:40:28,KH000153,Mobile Banking,Thanh toán thẻ,12248000,0,Thành công,CN Đà Nẵng,27220741
GD202601005738,2026-01-16 13:58:17,KH000061,Mobile Banking,Thanh toán thẻ,2298000,0,Thành công,CN Thanh Xuân,34307178
GD202601012555,2026-01-16 14:00:35,KH000131,QR Code,Thanh toán thẻ,4401000,0,Thành công,CN Thanh Xuân,57226880
GD202601018590,2026-01-16 14:17:35,KH000197,Mobile Banking,Nộp tiền mặt,26114000,0,Thành công,CN Quận 1,234918089
GD202601005737,2026-01-16 15:26:06,KH000061,QR Code,Nộp tiền mặt,500000,0,Thành công,CN Hải Phòng,36605178
GD202601000566,2026-01-16 16:04:15,KH000010,POS,Thanh toán thẻ,912000,3300,Thành công,CN TP Hồ Chí Minh,5002619
GD202601006883,2026-01-16 17:28:03,KH000073,Quầy giao dịch,Chuyển khoản đến,7330000,0,Thành công,CN Thanh Xuân,67552843
GD202601005543,2026-01-16 18:07:29,KH000059,POS,Thanh toán thẻ,38880000,3300,Thành công,CN Cầu Giấy,98273710
GD202601003281,2026-01-16 19:17:54,KH000031,POS,Thanh toán thẻ,1119000,1100,Thành công,CN Quận 1,6430803
GD202601018589,2026-01-16 20:36:16,KH000197,ATM,Thanh toán hóa đơn,14008000,3300,Thành công,CN Hoàn Kiếm,208804089
GD202601003380,2026-01-16 21:16:00,KH000032,Internet Banking,Thanh toán hóa đơn,121000,0,Thành công,CN Thanh Xuân,12161054
GD202601012829,2026-01-16 21:33:02,KH000132,Mobile Banking,Thanh toán thẻ,2072000,0,Thành công,CN Hải Phòng,54272795
GD202601011994,2026-01-16 21:39:32,KH000127,POS,Thanh toán thẻ,1473000,3300,Thành công,CN TP Hồ Chí Minh,11274741
GD202601006528,2026-01-16 22:08:40,KH000066,ATM,Nộp tiền mặt,1183000,1100,Thành công,CN Quận 1,119908724
GD202601003379,2026-01-16 22:34:55,KH000032,Mobile Banking,Thanh toán thẻ,177000,0,Thành công,CN Hoàn Kiếm,12282054
GD202601015065,2026-01-16 22:39:00,KH000162,QR Code,Nộp tiền mặt,13938000,0,Thành công,CN Hoàn Kiếm,54293103
GD202601015069,2026-01-17 06:05:57,KH000162,QR Code,Thanh toán thẻ,15709000,0,Thành công,CN Đà Nẵng,45222103
GD202601003564,2026-01-17 06:39:33,KH000034,Internet Banking,Thanh toán thẻ,486000,0,Thành công,CN Cần Thơ,60985122
GD202601003511,2026-01-17 07:05:13,KH000033,Internet Banking,Nạp tiền điện thoại,1345000,0,Thành công,CN Thanh Xuân,31348119
GD202601006840,2026-01-17 07:06:54,KH000072,Mobile Banking,Chuyển khoản đến,214000,0,Thành công,CN Hoàn Kiếm,16891808
GD202601000567,2026-01-17 07:20:52,KH000010,QR Code,Nạp tiền điện thoại,1083000,0,Thành công,CN Cầu Giấy,3919619
GD202601008800,2026-01-17 08:27:49,KH000092,QR Code,Chuyển khoản đến,1409000,0,Thành công,CN TP Hồ Chí Minh,41924489
GD202601015067,2026-01-17 08:36:11,KH000162,Internet Banking,Nộp tiền mặt,10015000,0,Thành công,CN Hải Phòng,57937103
GD202601007570,2026-01-17 09:52:33,KH000079,Internet Banking,Rút tiền mặt,7146000,0,Thành công,CN Quận 1,61455750
GD202601004118,2026-01-17 10:19:06,KH000041,QR Code,Thanh toán thẻ,10952000,0,Thành công,CN TP Hồ Chí Minh,145335774
GD202601008182,2026-01-17 10:47:16,KH000084,POS,Thanh toán thẻ,561000,0,Thành công,CN Bình Dương,24605068
GD202601008181,2026-01-17 10:59:45,KH000084,POS,Thanh toán thẻ,468000,0,Thành công,CN Thanh Xuân,25166068
GD202601017176,2026-01-17 11:17:50,KH000183,POS,Rút tiền mặt,14386000,5500,Thành công,CN Đà Nẵng,152024953
GD202601013142,2026-01-17 12:52:37,KH000136,QR Code,Thanh toán thẻ,47371000,0,Thành công,CN TP Hồ Chí Minh,320879733
GD202601006098,2026-01-17 14:03:45,KH000063,POS,Thanh toán thẻ,766000,1100,Thành công,CN Cầu Giấy,26053204
GD202601001783,2026-01-17 14:04:42,KH000019,Internet Banking,Chuyển khoản đến,3274000,0,Thất bại,CN Cầu Giấy,60379604
GD202601006099,2026-01-17 14:10:01,KH000063,Quầy giao dịch,Nộp tiền mặt,843000,0,Thành công,CN Quận 1,26896204
GD202601000338,2026-01-17 14:47:29,KH000008,Mobile Banking,Thanh toán thẻ,137707000,0,Thành công,CN Thanh Xuân,458075813
GD202601000339,2026-01-17 15:10:08,KH000008,QR Code,Nộp tiền mặt,102330000,0,Thành công,CN Cầu Giấy,560405813
GD202601010786,2026-01-17 15:12:52,KH000114,QR Code,Nộp tiền mặt,959000,0,Thành công,CN TP Hồ Chí Minh,47778402
GD202601004510,2026-01-17 15:36:08,KH000046,Quầy giao dịch,Nạp tiền điện thoại,23658000,1100,Thành công,CN TP Hồ Chí Minh,97182254
GD202601006529,2026-01-17 16:30:39,KH000066,Mobile Banking,Nộp tiền mặt,3495000,0,Thành công,CN Cần Thơ,123403724
GD202601000131,2026-01-17 16:41:20,KH000005,Internet Banking,Thanh toán thẻ,58445000,0,Thành công,CN Hải Phòng,409398630
GD202601006929,2026-01-17 17:00:16,KH000074,Internet Banking,Chuyển khoản đi,1817000,0,Thành công,CN Hoàn Kiếm,32931778
GD202601009887,2026-01-17 17:10:09,KH000102,Quầy giao dịch,Rút tiền mặt,11815000,1100,Thành công,CN Cầu Giấy,172544883
GD202601007571,2026-01-17 17:21:19,KH000079,Mobile Banking,Thanh toán thẻ,18591000,0,Thành công,CN Quận 1,42864750
GD202601017656,2026-01-17 17:32:19,KH000187,QR Code,Thanh toán thẻ,5413000,0,Thành công,CN TP Hồ Chí Minh,12650929
GD202601005739,2026-01-17 17:45:53,KH000061,Internet Banking,Nộp tiền mặt,1660000,0,Thành công,CN Quận 1,35967178
GD202601002292,2026-01-17 17:59:43,KH000021,QR Code,Chuyển khoản đi,1094000,0,Thành công,CN Đà Nẵng,17452811
GD202601004346,2026-01-17 18:00:10,KH000045,Mobile Banking,Nộp tiền mặt,99000,0,Thành công,CN Cần Thơ,26610603
GD202601010675,2026-01-17 18:07:20,KH000113,POS,Thanh toán thẻ,4831000,1100,Thành công,CN Cầu Giấy,12994648
GD202601001784,2026-01-17 18:19:36,KH000019,Mobile Banking,Chuyển khoản đến,3460000,0,Thành công,CN Hoàn Kiếm,63839604
GD202601005250,2026-01-17 18:36:28,KH000056,QR Code,Thanh toán thẻ,1800000,0,Thành công,CN Thanh Xuân,63655577
GD202601010441,2026-01-17 19:42:22,KH000110,Internet Banking,Thanh toán thẻ,1623000,0,Thành công,CN Quận 1,40209869
GD202601009000,2026-01-17 19:52:10,KH000094,QR Code,Rút tiền mặt,416000,0,Thành công,CN TP Hồ Chí Minh,63896107
GD202601005740,2026-01-17 20:03:08,KH000061,Internet Banking,Nộp tiền mặt,1643000,0,Thành công,CN Thanh Xuân,37610178
GD202601003509,2026-01-17 20:24:41,KH000033,Internet Banking,Thanh toán thẻ,524000,0,Thành công,CN Quận 1,30592119
GD202601002837,2026-01-17 20:34:14,KH000026,POS,Nạp tiền điện thoại,3021000,3300,Thất bại,CN Hoàn Kiếm,37589122
GD202601014355,2026-01-17 20:52:56,KH000153,Internet Banking,Thanh toán hóa đơn,4700000,0,Thành công,CN Đà Nẵng,21428741
GD202601001416,2026-01-17 21:09:01,KH000016,QR Code,Thanh toán thẻ,6649000,0,Thành công,CN Cầu Giấy,17127507
GD202601006928,2026-01-17 21:18:52,KH000074,Internet Banking,Nộp tiền mặt,1170000,0,Thành công,CN Bình Dương,34748778
GD202601015068,2026-01-17 21:29:32,KH000162,QR Code,Nộp tiền mặt,2994000,0,Thành công,CN Cần Thơ,60931103
GD202601001683,2026-01-17 21:47:03,KH000018,Internet Banking,Chuyển khoản đến,1287000,0,Thất bại,CN Đà Nẵng,29841246
GD202601012830,2026-01-17 22:13:30,KH000132,QR Code,Thanh toán thẻ,15776000,0,Thành công,CN Đà Nẵng,38496795
GD202601014354,2026-01-17 22:20:41,KH000153,Mobile Banking,Thanh toán hóa đơn,1092000,0,Thành công,CN Quận 1,26128741
GD202601003510,2026-01-17 22:30:01,KH000033,Mobile Banking,Nộp tiền mặt,2101000,0,Thành công,CN Thanh Xuân,32693119
GD202601001050,2026-01-17 22:52:16,KH000014,Internet Banking,Thanh toán thẻ,2015000,0,Thành công,CN Bình Dương,16968006
GD202601002877,2026-01-18 06:00:31,KH000027,POS,Nạp tiền điện thoại,16381000,0,Thành công,CN Đà Nẵng,136096017
GD202601012831,2026-01-18 06:11:04,KH000132,Internet Banking,Thanh toán thẻ,12130000,0,Thành công,CN Thanh Xuân,26366795
GD202601011709,2026-01-18 06:55:17,KH000125,POS,Thanh toán thẻ,1842000,3300,Thành công,CN Quận 1,6739336
GD202601011708,2026-01-18 06:55:25,KH000125,QR Code,Chuyển khoản đến,709000,0,Thành công,CN Cầu Giấy,8584636
GD202601003382,2026-01-18 07:08:34,KH000032,QR Code,Chuyển khoản đến,189000,0,Thành công,CN Đà Nẵng,12495054
GD202601009807,2026-01-18 07:10:06,KH000100,Internet Banking,Thanh toán thẻ,12450000,0,Thành công,CN Cầu Giấy,82673947
GD202601016876,2026-01-18 07:55:35,KH000182,Internet Banking,Thanh toán hóa đơn,2960000,0,Thành công,CN Bình Dương,18406304
GD202601009002,2026-01-18 08:10:24,KH000094,Internet Banking,Rút tiền mặt,170000,0,Thành công,CN Quận 1,61854107
GD202601009250,2026-01-18 08:36:21,KH000095,POS,Chuyển khoản đến,13097000,5500,Thành công,CN Đà Nẵng,68410507
GD202601009475,2026-01-18 08:37:35,KH000097,Internet Banking,Thanh toán thẻ,973000,0,Thành công,CN Hải Phòng,37423249
GD202601007842,2026-01-18 08:50:44,KH000080,POS,Thanh toán thẻ,3821000,3300,Thành công,CN Hải Phòng,71371489
GD202601016600,2026-01-18 08:54:13,KH000180,ATM,Nộp tiền mặt,1235000,1100,Thất bại,CN Đà Nẵng,26597893
GD202601012366,2026-01-18 08:58:49,KH000129,ATM,Thanh toán hóa đơn,860000,3300,Thành công,CN Thanh Xuân,11923748
GD202601002580,2026-01-18 09:12:23,KH000025,QR Code,Nộp tiền mặt,824000,0,Thành công,CN Thanh Xuân,3202031
GD202601004120,2026-01-18 09:17:56,KH000041,Internet Banking,Thanh toán thẻ,30020000,0,Thành công,CN Hải Phòng,110954774
GD202601005544,2026-01-18 09:19:47,KH000059,QR Code,Thanh toán thẻ,8199000,0,Thành công,CN Hải Phòng,90074710
GD202601006765,2026-01-18 09:28:58,KH000071,Internet Banking,Thanh toán thẻ,3831000,0,Thành công,CN Hoàn Kiếm,84242438
GD202601017657,2026-01-18 09:41:12,KH000187,Internet Banking,Thanh toán hóa đơn,1044000,0,Thất bại,CN Cầu Giấy,12650929
GD202601013249,2026-01-18 09:58:33,KH000137,POS,Thanh toán thẻ,2154000,1100,Thành công,CN Quận 1,33305986
GD202601009001,2026-01-18 10:00:23,KH000094,POS,Thanh toán thẻ,1872000,0,Thành công,CN Thanh Xuân,62024107
GD202601016743,2026-01-18 10:18:54,KH000181,POS,Thanh toán thẻ,1044000,5500,Thành công,CN Quận 1,17338020
GD202601012365,2026-01-18 11:32:36,KH000129,POS,Thanh toán thẻ,1654000,3300,Thành công,CN Quận 1,12787048
GD202601013815,2026-01-18 12:14:09,KH000145,Quầy giao dịch,Chuyển khoản đi,92000,0,Thành công,CN Cần Thơ,15726784
GD202601011995,2026-01-18 12:31:06,KH000127,POS,Thanh toán thẻ,2588000,5500,Thành công,CN Hải Phòng,8681241
GD202601005742,2026-01-18 12:38:04,KH000061,Mobile Banking,Thanh toán hóa đơn,1371000,0,Thành công,CN TP Hồ Chí Minh,35447178
GD202601007240,2026-01-18 12:45:37,KH000077,Mobile Banking,Nộp tiền mặt,1689000,0,Thành công,CN Hải Phòng,31204708
GD202601012413,2026-01-18 12:50:00,KH000130,QR Code,Thanh toán thẻ,4854000,0,Thành công,CN Bình Dương,39246521
GD202601007201,2026-01-18 13:00:38,KH000076,POS,Thanh toán thẻ,2954000,1100,Thành công,CN Hoàn Kiếm,17666641
GD202601007511,2026-01-18 13:36:10,KH000078,POS,Nạp tiền điện thoại,21664000,1100,Thành công,CN Cầu Giấy,104752532
GD202601011154,2026-01-18 13:50:31,KH000118,ATM,Chuyển khoản đi,24195000,5500,Thành công,CN Hoàn Kiếm,45035358
GD202601013366,2026-01-18 13:57:58,KH000138,POS,Nạp tiền điện thoại,12386000,0,Thành công,CN TP Hồ Chí Minh,47336069
GD202601001417,2026-01-18 14:02:58,KH000016,POS,Thanh toán thẻ,1347000,3300,Thành công,CN Đà Nẵng,15777207
GD202601011286,2026-01-18 14:12:15,KH000119,POS,Thanh toán thẻ,190000,3300,Thành công,CN Đà Nẵng,9059539
GD202601003565,2026-01-18 14:31:07,KH000034,Internet Banking,Nộp tiền mặt,1760000,0,Thành công,CN Bình Dương,62745122
GD202601015070,2026-01-18 14:37:45,KH000162,Internet Banking,Nạp tiền điện thoại,15158000,0,Thành công,CN TP Hồ Chí Minh,30064103
GD202601002581,2026-01-18 14:56:57,KH000025,Mobile Banking,Thanh toán thẻ,92000,0,Thành công,CN Hải Phòng,3110031
GD202601016741,2026-01-18 15:02:39,KH000181,Internet Banking,Chuyển khoản đến,1234000,0,Thành công,CN Hoàn Kiếm,19521820
GD202601017177,2026-01-18 15:11:42,KH000183,Mobile Banking,Nộp tiền mặt,45271000,0,Thành công,CN Đà Nẵng,197295953
GD202601016742,2026-01-18 17:08:48,KH000181,ATM,Nạp tiền điện thoại,1131000,3300,Thành công,CN Cần Thơ,18387520
GD202601013696,2026-01-18 17:13:17,KH000143,POS,Thanh toán thẻ,832000,3300,Thành công,CN Cần Thơ,22164539
GD202601002582,2026-01-18 18:04:51,KH000025,QR Code,Chuyển khoản đến,186000,0,Thành công,CN Quận 1,3296031
GD202601012556,2026-01-18 18:05:41,KH000131,QR Code,Rút tiền mặt,1047000,0,Thành công,CN Hải Phòng,56179880
GD202601016601,2026-01-18 18:27:02,KH000180,Quầy giao dịch,Thanh toán hóa đơn,2099000,1100,Thành công,CN Cầu Giấy,24497793
GD202601013250,2026-01-18 18:33:43,KH000137,Quầy giao dịch,Nộp tiền mặt,619000,0,Thành công,CN Cầu Giấy,33924986
GD202601016045,2026-01-18 18:42:28,KH000173,ATM,Nạp tiền điện thoại,368000,5500,Thành công,CN Quận 1,8160568
GD202601015732,2026-01-18 19:11:46,KH000171,Mobile Banking,Nộp tiền mặt,4063000,0,Thành công,CN Đà Nẵng,114271751
GD202601013814,2026-01-18 19:27:45,KH000145,POS,Thanh toán thẻ,306000,5500,Thành công,CN Thanh Xuân,15818784
GD202601005741,2026-01-18 20:59:27,KH000061,Mobile Banking,Thanh toán thẻ,792000,0,Thành công,CN Cần Thơ,36818178
GD202601014356,2026-01-18 22:06:55,KH000153,POS,Chuyển khoản đến,4188000,1100,Thành công,CN TP Hồ Chí Minh,25616741
GD202601004119,2026-01-18 22:14:44,KH000041,Mobile Banking,Nạp tiền điện thoại,4361000,0,Thành công,CN Bình Dương,140974774
GD202601003566,2026-01-18 22:54:44,KH000034,Mobile Banking,Chuyển khoản đi,989000,0,Thành công,CN Hoàn Kiếm,61756122
GD202601000102,2026-01-19 06:11:55,KH000004,Internet Banking,Chuyển khoản đi,16271000,0,Thành công,CN Cần Thơ,97926081
GD202601001051,2026-01-19 06:36:19,KH000014,Mobile Banking,Nộp tiền mặt,5209000,0,Thành công,CN Cần Thơ,22177006
GD202601006309,2026-01-19 07:00:59,KH000065,QR Code,Thanh toán thẻ,98347000,0,Thành công,CN Hải Phòng,609971322
GD202601017178,2026-01-19 07:16:13,KH000183,QR Code,Chuyển khoản đến,28816000,0,Thành công,CN Thanh Xuân,226111953
GD202601016202,2026-01-19 07:18:33,KH000176,QR Code,Chuyển khoản đến,364000,0,Thành công,CN Cần Thơ,16633328
GD202601008801,2026-01-19 07:34:47,KH000092,Internet Banking,Thanh toán hóa đơn,4273000,0,Thành công,CN Thanh Xuân,37651489
GD202601004797,2026-01-19 07:37:42,KH000052,Internet Banking,Thanh toán thẻ,187000,0,Thành công,CN Cần Thơ,1903606
GD202601005745,2026-01-19 07:42:03,KH000061,POS,Thanh toán thẻ,1585000,3300,Thành công,CN Đà Nẵng,30736378
GD202601001418,2026-01-19 07:45:12,KH000016,Internet Banking,Rút tiền mặt,5301000,0,Thành công,CN Hải Phòng,10476207
GD202601013697,2026-01-19 07:45:19,KH000143,Internet Banking,Rút tiền mặt,850000,0,Thành công,CN Thanh Xuân,21314539
GD202601009003,2026-01-19 08:09:52,KH000094,POS,Thanh toán thẻ,2320000,3300,Thành công,CN TP Hồ Chí Minh,59530807
GD202601005743,2026-01-19 08:14:31,KH000061,QR Code,Thanh toán thẻ,2291000,0,Thành công,CN Hoàn Kiếm,33156178
GD202601000132,2026-01-19 09:26:33,KH000005,QR Code,Thanh toán thẻ,34920000,0,Thành công,CN Hải Phòng,374478630
GD202601001785,2026-01-19 09:51:46,KH000019,POS,Thanh toán thẻ,1063000,5500,Thành công,CN Quận 1,62771104
GD202601002584,2026-01-19 09:52:02,KH000025,QR Code,Chuyển khoản đi,629000,0,Thành công,CN Hoàn Kiếm,1713031
GD202601015451,2026-01-19 10:24:56,KH000166,ATM,Chuyển khoản đến,22782000,3300,Thành công,CN Bình Dương,203587500
GD202601001786,2026-01-19 10:57:59,KH000019,Internet Banking,Chuyển khoản đến,2877000,0,Thành công,CN Hoàn Kiếm,65648104
GD202601004796,2026-01-19 11:02:11,KH000052,QR Code,Chuyển khoản đi,399000,0,Thành công,CN Đà Nẵng,2090606
GD202601015860,2026-01-19 11:30:59,KH000172,POS,Chuyển khoản đi,4472000,0,Thành công,CN Hải Phòng,24672813
GD202601002838,2026-01-19 11:49:51,KH000026,QR Code,Nạp tiền điện thoại,6889000,0,Thành công,CN Cần Thơ,30700122
GD202601007241,2026-01-19 11:49:59,KH000077,QR Code,Rút tiền mặt,1886000,0,Thành công,CN Bình Dương,29318708
GD202601006705,2026-01-19 11:52:10,KH000069,ATM,Nộp tiền mặt,1995000,0,Thành công,CN Thanh Xuân,47251416
GD202601016744,2026-01-19 12:35:19,KH000181,QR Code,Nạp tiền điện thoại,2169000,0,Thành công,CN TP Hồ Chí Minh,15169020
GD202601009991,2026-01-19 12:35:58,KH000104,POS,Thanh toán thẻ,1417000,3300,Thành công,CN Hoàn Kiếm,46133766
GD202601010552,2026-01-19 12:45:21,KH000111,ATM,Chuyển khoản đến,69300000,3300,Thành công,CN TP Hồ Chí Minh,332487279
GD202601013049,2026-01-19 13:29:32,KH000133,Mobile Banking,Thanh toán thẻ,5466000,0,Thành công,CN Thanh Xuân,59049621
GD202601011710,2026-01-19 13:31:58,KH000125,QR Code,Thanh toán hóa đơn,1605000,0,Thành công,CN Hải Phòng,5134336
GD202601016091,2026-01-19 13:35:08,KH000174,POS,Nộp tiền mặt,1799000,1100,Thành công,CN Hoàn Kiếm,38185740
GD202601004347,2026-01-19 13:38:34,KH000045,Internet Banking,Rút tiền mặt,439000,0,Thành công,CN Hoàn Kiếm,26171603
GD202601015071,2026-01-19 13:44:25,KH000162,QR Code,Rút tiền mặt,10341000,0,Thành công,CN Quận 1,19723103
GD202601003383,2026-01-19 13:49:09,KH000032,Mobile Banking,Nộp tiền mặt,73000,0,Thành công,CN TP Hồ Chí Minh,12568054
GD202601006307,2026-01-19 13:51:28,KH000065,QR Code,Chuyển khoản đi,125471000,0,Thành công,CN Hoàn Kiếm,572115322
GD202601002079,2026-01-19 14:14:30,KH000020,Mobile Banking,Chuyển khoản đến,15381000,0,Thành công,CN Đà Nẵng,60528070
GD202601002078,2026-01-19 14:49:13,KH000020,POS,Thanh toán thẻ,1836000,1100,Thành công,CN Quận 1,45147070
GD202601000006,2026-01-19 14:58:16,KH000001,QR Code,Thanh toán thẻ,24811000,0,Thành công,CN Thanh Xuân,114777580
GD202601000875,2026-01-19 15:24:29,KH000012,QR Code,Thanh toán thẻ,1724000,0,Thành công,CN Cầu Giấy,44616146
GD202601008183,2026-01-19 16:09:31,KH000084,Quầy giao dịch,Rút tiền mặt,843000,5500,Thành công,CN Bình Dương,23756568
GD202601016201,2026-01-19 16:43:18,KH000176,Quầy giao dịch,Chuyển khoản đi,797000,0,Thành công,CN Đà Nẵng,16269328
GD202601012248,2026-01-19 16:51:12,KH000128,POS,Thanh toán thẻ,437000,1100,Thành công,CN Bình Dương,11232107
GD202601015861,2026-01-19 17:01:49,KH000172,Internet Banking,Thanh toán thẻ,4963000,0,Thành công,CN Bình Dương,19709813
GD202601009287,2026-01-19 17:05:25,KH000096,QR Code,Chuyển khoản đến,772000,0,Thất bại,CN Đà Nẵng,199237300
GD202601017518,2026-01-19 17:36:32,KH000185,Mobile Banking,Thanh toán thẻ,10076000,0,Thành công,CN Thanh Xuân,45059961
GD202601009808,2026-01-19 17:43:54,KH000100,Quầy giao dịch,Rút tiền mặt,4760000,5500,Thành công,CN TP Hồ Chí Minh,77908447
GD202601004163,2026-01-19 17:55:53,KH000042,Quầy giao dịch,Nạp tiền điện thoại,441000,3300,Thành công,CN Đà Nẵng,31769202
GD202601005744,2026-01-19 18:01:21,KH000061,POS,Thanh toán thẻ,826000,5500,Thành công,CN Hải Phòng,32324678
GD202601002583,2026-01-19 18:22:48,KH000025,Internet Banking,Rút tiền mặt,954000,0,Thành công,CN Thanh Xuân,2342031
GD202601017658,2026-01-19 18:33:36,KH000187,Mobile Banking,Chuyển khoản đi,319000,0,Thành công,CN Cần Thơ,12331929
GD202601001052,2026-01-19 19:20:33,KH000014,Internet Banking,Thanh toán thẻ,4063000,0,Thành công,CN Thanh Xuân,18114006
GD202601000340,2026-01-19 19:24:03,KH000008,QR Code,Chuyển khoản đến,143462000,0,Thành công,CN TP Hồ Chí Minh,703867813
GD202601002080,2026-01-19 19:48:20,KH000020,Internet Banking,Chuyển khoản đến,11920000,0,Thành công,CN Quận 1,72448070
GD202601006308,2026-01-19 20:17:49,KH000065,QR Code,Chuyển khoản đến,136203000,0,Thành công,CN Đà Nẵng,708318322
GD202601010442,2026-01-19 20:49:22,KH000110,QR Code,Thanh toán thẻ,2960000,0,Thành công,CN Thanh Xuân,37249869
GD202601010443,2026-01-19 21:05:11,KH000110,Internet Banking,Rút tiền mặt,2163000,0,Thành công,CN Hoàn Kiếm,35086869
GD202601009288,2026-01-19 21:19:06,KH000096,POS,Thanh toán thẻ,12862000,5500,Thành công,CN Hải Phòng,186369800
GD202601015859,2026-01-19 21:28:14,KH000172,Mobile Banking,Thanh toán thẻ,7465000,0,Thành công,CN Hải Phòng,29144813
GD202601001684,2026-01-19 22:15:10,KH000018,Mobile Banking,Rút tiền mặt,658000,0,Thành công,CN TP Hồ Chí Minh,29183246
GD202601010787,2026-01-19 22:45:35,KH000114,POS,Thanh toán thẻ,1974000,0,Thành công,CN Cần Thơ,45804402
GD202601003512,2026-01-19 22:52:34,KH000033,Mobile Banking,Thanh toán thẻ,487000,0,Thành công,CN Cầu Giấy,30861119
GD202601004511,2026-01-20 06:10:46,KH000046,QR Code,Chuyển khoản đi,6856000,0,Thành công,CN Hoàn Kiếm,90326254
GD202601012249,2026-01-20 07:00:34,KH000128,Internet Banking,Thanh toán hóa đơn,175000,0,Thành công,CN TP Hồ Chí Minh,11057107
GD202601018041,2026-01-20 07:18:22,KH000191,QR Code,Nộp tiền mặt,1737000,0,Thành công,CN TP Hồ Chí Minh,47879849
GD202601007882,2026-01-20 07:36:00,KH000081,QR Code,Thanh toán thẻ,12128000,0,Thành công,CN Cần Thơ,131107847
GD202601006930,2026-01-20 07:40:51,KH000074,Internet Banking,Nộp tiền mặt,1057000,0,Thành công,CN Quận 1,33988778
GD202601004798,2026-01-20 07:58:52,KH000052,POS,Thanh toán thẻ,643000,0,Thành công,CN Bình Dương,1260606
GD202601014193,2026-01-20 08:20:08,KH000151,Quầy giao dịch,Chuyển khoản đến,340000,0,Thành công,CN TP Hồ Chí Minh,11836116
GD202601009992,2026-01-20 08:49:41,KH000104,Internet Banking,Thanh toán thẻ,1964000,0,Thành công,CN Hải Phòng,44169766
GD202601001787,2026-01-20 09:00:23,KH000019,POS,Thanh toán thẻ,1392000,5500,Thành công,CN Cầu Giấy,64250604
GD202601000296,2026-01-20 09:06:44,KH000007,Internet Banking,Thanh toán thẻ,39938000,0,Thành công,CN Cần Thơ,145936047
GD202601015862,2026-01-20 09:33:16,KH000172,POS,Chuyển khoản đi,4838000,1100,Thành công,CN Hoàn Kiếm,14870713
GD202601011711,2026-01-20 09:59:00,KH000125,Internet Banking,Nạp tiền điện thoại,994000,0,Thành công,CN Đà Nẵng,4140336
GD202601014357,2026-01-20 10:40:08,KH000153,QR Code,Chuyển khoản đi,1205000,0,Thành công,CN Cần Thơ,24411741
GD202601009476,2026-01-20 10:45:45,KH000097,QR Code,Chuyển khoản đi,2648000,0,Thành công,CN Quận 1,34775249
GD202601018368,2026-01-20 12:06:04,KH000195,Internet Banking,Nộp tiền mặt,24178000,0,Thành công,CN Hoàn Kiếm,950098417
GD202601014975,2026-01-20 12:38:26,KH000160,Quầy giao dịch,Nạp tiền điện thoại,603000,0,Thành công,CN Thanh Xuân,41192717
GD202601000568,2026-01-20 12:38:32,KH000010,QR Code,Chuyển khoản đến,235000,0,Thành công,CN Hoàn Kiếm,4154619
GD202601015733,2026-01-20 12:58:27,KH000171,Mobile Banking,Rút tiền mặt,17255000,0,Thành công,CN Thanh Xuân,97016751
GD202601001054,2026-01-20 13:00:01,KH000014,Internet Banking,Thanh toán hóa đơn,4175000,0,Thất bại,CN Cầu Giấy,14159006
GD202601009809,2026-01-20 13:03:03,KH000100,Internet Banking,Rút tiền mặt,3925000,0,Thành công,CN TP Hồ Chí Minh,73983447
GD202601006841,2026-01-20 13:13:02,KH000072,Mobile Banking,Thanh toán hóa đơn,713000,0,Thành công,CN Thanh Xuân,16178808
GD202601012557,2026-01-20 13:19:32,KH000131,Internet Banking,Thanh toán hóa đơn,4773000,0,Thành công,CN Đà Nẵng,51406880
GD202601003254,2026-01-20 13:22:21,KH000030,Quầy giao dịch,Rút tiền mặt,654000,5500,Thành công,CN Hoàn Kiếm,83868144
GD202601018541,2026-01-20 13:58:43,KH000196,QR Code,Chuyển khoản đi,314000,0,Thành công,CN Hải Phòng,20389242
GD202601001055,2026-01-20 14:19:49,KH000014,POS,Thanh toán thẻ,1588000,1100,Thành công,CN Đà Nẵng,12569906
GD202601003009,2026-01-20 14:31:43,KH000028,Internet Banking,Thanh toán thẻ,834000,0,Thành công,CN TP Hồ Chí Minh,32813613
GD202601013816,2026-01-20 14:55:57,KH000145,Internet Banking,Nộp tiền mặt,68000,0,Thành công,CN Bình Dương,15794784
GD202601002586,2026-01-20 16:14:20,KH000025,Mobile Banking,Chuyển khoản đến,316000,0,Thành công,CN Quận 1,1869031
GD202601003282,2026-01-20 16:31:24,KH000031,QR Code,Nộp tiền mặt,1033000,0,Thành công,CN Hoàn Kiếm,7463803
GD202601004164,2026-01-20 16:49:44,KH000042,POS,Thanh toán thẻ,4319000,1100,Thành công,CN Cầu Giấy,27449102
GD202601018367,2026-01-20 17:31:14,KH000195,Mobile Banking,Thanh toán thẻ,63491000,0,Thành công,CN Hải Phòng,925920417
GD202601002839,2026-01-20 17:31:31,KH000026,POS,Nộp tiền mặt,5517000,5500,Thành công,CN Hoàn Kiếm,36217122
GD202601009697,2026-01-20 17:36:00,KH000099,Internet Banking,Thanh toán thẻ,2935000,0,Thành công,CN Quận 1,30834968
GD202601004799,2026-01-20 17:50:37,KH000052,Internet Banking,Nạp tiền điện thoại,330000,0,Thành công,CN Quận 1,930606
GD202601010676,2026-01-20 17:54:38,KH000113,ATM,Nộp tiền mặt,2636000,0,Thất bại,CN Hải Phòng,12994648
GD202601001053,2026-01-20 18:07:08,KH000014,Mobile Banking,Rút tiền mặt,3955000,0,Thành công,CN Cần Thơ,14159006
GD202601008802,2026-01-20 18:23:56,KH000092,POS,Thanh toán thẻ,1239000,3300,Thành công,CN Đà Nẵng,36409189
GD202601013561,2026-01-20 18:36:19,KH000142,Quầy giao dịch,Nạp tiền điện thoại,16147000,5500,Thành công,CN Bình Dương,52694149
GD202601002585,2026-01-20 18:59:12,KH000025,POS,Thanh toán thẻ,160000,0,Thành công,CN Đà Nẵng,1553031
GD202601011659,2026-01-20 19:49:29,KH000124,POS,Nộp tiền mặt,35694000,1100,Thành công,CN Đà Nẵng,178970938
GD202601008184,2026-01-20 20:14:17,KH000084,POS,Thanh toán thẻ,162000,3300,Thành công,CN Hải Phòng,23591268
GD202601018542,2026-01-20 20:28:19,KH000196,Mobile Banking,Thanh toán thẻ,395000,0,Thành công,CN TP Hồ Chí Minh,19994242
GD202601005382,2026-01-20 20:29:29,KH000057,POS,Rút tiền mặt,12847000,0,Thành công,CN Bình Dương,63402164
GD202601012414,2026-01-20 20:31:42,KH000130,Mobile Banking,Chuyển khoản đến,2602000,0,Thành công,CN Cầu Giấy,41848521
GD202601006706,2026-01-20 20:48:18,KH000069,QR Code,Chuyển khoản đến,1683000,0,Thành công,CN Cần Thơ,48934416
GD202601004734,2026-01-20 20:51:53,KH000051,Quầy giao dịch,Rút tiền mặt,23189000,1100,Thành công,CN Đà Nẵng,65638056
GD202601007572,2026-01-20 20:55:46,KH000079,Mobile Banking,Thanh toán thẻ,7902000,0,Thành công,CN Hải Phòng,34962750
GD202601016745,2026-01-20 21:03:36,KH000181,POS,Thanh toán thẻ,1258000,5500,Thành công,CN Cầu Giấy,13905520
GD202601009888,2026-01-20 21:13:57,KH000102,POS,Thanh toán thẻ,12384000,5500,Thành công,CN Bình Dương,160155383
GD202601006766,2026-01-20 22:18:51,KH000071,Quầy giao dịch,Rút tiền mặt,19582000,5500,Thành công,CN Đà Nẵng,64654938
GD202601012832,2026-01-21 06:02:48,KH000132,POS,Thanh toán thẻ,1562000,0,Thành công,CN Thanh Xuân,24804795
GD202601006614,2026-01-21 06:07:50,KH000067,POS,Thanh toán thẻ,64903000,1100,Thành công,CN Cần Thơ,180458199
GD202601018042,2026-01-21 06:18:46,KH000191,QR Code,Chuyển khoản đến,10051000,0,Thành công,CN Cần Thơ,57930849
GD202601016746,2026-01-21 06:35:46,KH000181,Internet Banking,Thanh toán thẻ,2373000,0,Thành công,CN Quận 1,11532520
GD202601003567,2026-01-21 06:58:53,KH000034,Mobile Banking,Nộp tiền mặt,623000,0,Thành công,CN Thanh Xuân,62379122
GD202601008654,2026-01-21 08:27:22,KH000088,Mobile Banking,Rút tiền mặt,1121000,0,Thành công,CN TP Hồ Chí Minh,4794456
GD202601004348,2026-01-21 08:29:14,KH000045,Internet Banking,Thanh toán thẻ,2018000,0,Thành công,CN Hoàn Kiếm,24153603
GD202601009005,2026-01-21 10:20:52,KH000094,ATM,Nộp tiền mặt,355000,1100,Thành công,CN Thanh Xuân,58923707
GD202601017659,2026-01-21 10:31:34,KH000187,POS,Thanh toán thẻ,1304000,1100,Thành công,CN Bình Dương,11026829
GD202601017858,2026-01-21 10:38:49,KH000189,Internet Banking,Thanh toán thẻ,7189000,0,Thành công,CN Cầu Giấy,871219034
GD202601016092,2026-01-21 10:48:55,KH000174,POS,Chuyển khoản đến,3163000,3300,Thành công,CN Cầu Giấy,41348740
GD202601007573,2026-01-21 11:13:37,KH000079,Internet Banking,Thanh toán thẻ,124000,0,Thành công,CN TP Hồ Chí Minh,34838750
GD202601001056,2026-01-21 11:28:11,KH000014,QR Code,Thanh toán hóa đơn,2933000,0,Thành công,CN Cần Thơ,9636906
GD202601001421,2026-01-21 11:43:08,KH000016,QR Code,Thanh toán hóa đơn,1523000,0,Thành công,CN Cần Thơ,6558207
GD202601014358,2026-01-21 11:49:46,KH000153,Mobile Banking,Nộp tiền mặt,6779000,0,Thành công,CN Cần Thơ,31190741
GD202601002879,2026-01-21 11:53:03,KH000027,POS,Thanh toán thẻ,39150000,5500,Thành công,CN Hoàn Kiếm,104704517
GD202601018043,2026-01-21 12:07:30,KH000191,POS,Chuyển khoản đến,12399000,5500,Thành công,CN Đà Nẵng,70329849
GD202601002878,2026-01-21 14:27:45,KH000027,Mobile Banking,Nộp tiền mặt,7764000,0,Thành công,CN TP Hồ Chí Minh,143860017
GD202601015863,2026-01-21 14:29:27,KH000172,QR Code,Thanh toán hóa đơn,1221000,0,Thành công,CN Cần Thơ,13649713
GD202601004349,2026-01-21 15:00:27,KH000045,POS,Thanh toán thẻ,957000,0,Thành công,CN Thanh Xuân,23196603
GD202601008803,2026-01-21 15:07:47,KH000092,Mobile Banking,Thanh toán thẻ,5289000,0,Thành công,CN Đà Nẵng,31120189
GD202601003809,2026-01-21 15:34:11,KH000037,ATM,Nộp tiền mặt,6055000,0,Thành công,CN Cần Thơ,266310758
GD202601012367,2026-01-21 15:39:53,KH000129,POS,Thanh toán thẻ,1939000,0,Thành công,CN Cần Thơ,9984748
GD202601001420,2026-01-21 15:43:13,KH000016,QR Code,Chuyển khoản đến,540000,0,Thành công,CN Quận 1,8081207
GD202601009004,2026-01-21 16:10:03,KH000094,POS,Thanh toán thẻ,961000,1100,Thành công,CN Hải Phòng,58568707
GD202601000569,2026-01-21 16:16:07,KH000010,Internet Banking,Nộp tiền mặt,1211000,0,Thành công,CN TP Hồ Chí Minh,5365619
GD202601011288,2026-01-21 17:22:47,KH000119,POS,Thanh toán thẻ,116000,3300,Thành công,CN Hoàn Kiếm,9096239
GD202601011287,2026-01-21 17:53:06,KH000119,QR Code,Chuyển khoản đến,156000,0,Thành công,CN Cầu Giấy,9215539
GD202601006100,2026-01-21 18:05:20,KH000063,POS,Thanh toán thẻ,119000,1100,Thành công,CN Cầu Giấy,26776104
GD202601017661,2026-01-21 18:22:40,KH000187,QR Code,Chuyển khoản đến,1769000,0,Thành công,CN TP Hồ Chí Minh,9756829
GD202601005251,2026-01-21 18:40:22,KH000056,ATM,Nộp tiền mặt,3834000,3300,Thành công,CN Hải Phòng,67489577
GD202601006310,2026-01-21 18:42:50,KH000065,POS,Thanh toán thẻ,123396000,0,Thành công,CN Quận 1,486575322
GD202601018591,2026-01-21 18:50:17,KH000197,ATM,Chuyển khoản đi,77178000,5500,Thành công,CN Thanh Xuân,157734589
GD202601003255,2026-01-21 18:52:07,KH000030,Mobile Banking,Nộp tiền mặt,1925000,0,Thành công,CN Bình Dương,85793144
GD202601018044,2026-01-21 19:08:09,KH000191,QR Code,Chuyển khoản đi,12019000,0,Thành công,CN Đà Nẵng,58310849
GD202601002840,2026-01-21 19:08:21,KH000026,ATM,Rút tiền mặt,5998000,0,Thành công,CN Cầu Giấy,30219122
GD202601006842,2026-01-21 19:08:34,KH000072,QR Code,Thanh toán thẻ,151000,0,Thành công,CN Bình Dương,16027808
GD202601010444,2026-01-21 20:05:36,KH000110,Quầy giao dịch,Nộp tiền mặt,314000,5500,Thành công,CN Cầu Giấy,35400869
GD202601003010,2026-01-21 20:21:08,KH000028,Mobile Banking,Rút tiền mặt,2293000,0,Thành công,CN Cầu Giấy,30520613
GD202601012250,2026-01-21 20:23:10,KH000128,Internet Banking,Rút tiền mặt,232000,0,Thành công,CN Bình Dương,10825107
GD202601001419,2026-01-21 20:25:45,KH000016,QR Code,Thanh toán thẻ,2935000,0,Thành công,CN Hải Phòng,7541207
GD202601015734,2026-01-21 20:33:13,KH000171,POS,Thanh toán thẻ,856000,1100,Thành công,CN Hoàn Kiếm,96159651
GD202601016563,2026-01-21 20:52:37,KH000179,ATM,Thanh toán hóa đơn,2468000,3300,Thành công,CN Thanh Xuân,109305988
GD202601017660,2026-01-21 20:53:46,KH000187,Internet Banking,Thanh toán hóa đơn,3039000,0,Thành công,CN Hoàn Kiếm,7987829
GD202601008655,2026-01-21 21:01:35,KH000088,QR Code,Rút tiền mặt,1347000,0,Thành công,CN TP Hồ Chí Minh,3447456
GD202601005252,2026-01-21 21:52:02,KH000056,POS,Thanh toán thẻ,729000,1100,Thành công,CN Đà Nẵng,66759477
GD202601006311,2026-01-21 22:33:28,KH000065,Mobile Banking,Chuyển khoản đi,118429000,0,Thành công,CN Cầu Giấy,368146322
GD202601011155,2026-01-21 22:56:30,KH000118,Quầy giao dịch,Chuyển khoản đến,11394000,1100,Thành công,CN Đà Nẵng,56429358
GD202601012251,2026-01-22 06:15:19,KH000128,Internet Banking,Nạp tiền điện thoại,344000,0,Thành công,CN Hải Phòng,10481107
GD202601002081,2026-01-22 06:38:43,KH000020,Mobile Banking,Thanh toán thẻ,15646000,0,Thành công,CN Cần Thơ,56802070
GD202601016877,2026-01-22 06:40:46,KH000182,Internet Banking,Rút tiền mặt,5138000,0,Thành công,CN TP Hồ Chí Minh,13268304
GD202601006931,2026-01-22 06:47:58,KH000074,POS,Thanh toán thẻ,873000,1100,Thành công,CN Quận 1,33114678
GD202601009477,2026-01-22 07:06:36,KH000097,POS,Thanh toán hóa đơn,1133000,3300,Thành công,CN Hoàn Kiếm,33638949
GD202601009007,2026-01-22 07:33:58,KH000094,Internet Banking,Thanh toán hóa đơn,2125000,0,Thành công,CN Hải Phòng,58687707
GD202601018543,2026-01-22 08:17:02,KH000196,Quầy giao dịch,Chuyển khoản đi,60000,0,Thành công,CN TP Hồ Chí Minh,19934242
GD202601011156,2026-01-22 09:01:53,KH000118,POS,Thanh toán thẻ,14717000,3300,Thành công,CN TP Hồ Chí Minh,41709058
GD202601005253,2026-01-22 09:07:58,KH000056,Quầy giao dịch,Chuyển khoản đi,1655000,0,Thành công,CN Cầu Giấy,65104477
GD202601012415,2026-01-22 09:13:47,KH000130,Mobile Banking,Chuyển khoản đến,4966000,0,Thành công,CN Bình Dương,46814521
GD202601008536,2026-01-22 09:32:16,KH000087,Internet Banking,Nạp tiền điện thoại,158000,0,Thành công,CN Cần Thơ,5654426
GD202601007574,2026-01-22 10:40:05,KH000079,QR Code,Rút tiền mặt,9618000,0,Thành công,CN Cần Thơ,25220750
GD202601003283,2026-01-22 10:52:26,KH000031,QR Code,Thanh toán hóa đơn,1059000,0,Thành công,CN Quận 1,6404803
GD202601009006,2026-01-22 11:39:08,KH000094,Mobile Banking,Chuyển khoản đến,1889000,0,Thành công,CN Thanh Xuân,60812707
GD202601007575,2026-01-22 12:09:56,KH000079,Mobile Banking,Chuyển khoản đến,5039000,0,Thành công,CN Quận 1,30259750
GD202601005254,2026-01-22 12:14:52,KH000056,POS,Chuyển khoản đến,4278000,3300,Thành công,CN Đà Nẵng,69382477
GD202601018045,2026-01-22 13:02:55,KH000191,POS,Thanh toán thẻ,16194000,3300,Thành công,CN Đà Nẵng,42113549
GD202601003568,2026-01-22 13:09:33,KH000034,Internet Banking,Chuyển khoản đến,2552000,0,Thành công,CN TP Hồ Chí Minh,64931122
GD202601002406,2026-01-22 13:45:11,KH000023,POS,Thanh toán thẻ,5617000,3300,Thành công,CN Cầu Giấy,48014155
GD202601014137,2026-01-22 13:50:25,KH000150,Mobile Banking,Thanh toán thẻ,24175000,0,Thành công,CN Cầu Giấy,55010444
GD202601006101,2026-01-22 13:58:48,KH000063,QR Code,Thanh toán thẻ,1166000,0,Thành công,CN TP Hồ Chí Minh,25610104
GD202601008092,2026-01-22 14:04:40,KH000083,Internet Banking,Rút tiền mặt,203000,0,Thành công,CN Hải Phòng,14686674
GD202601007843,2026-01-22 14:08:10,KH000080,Internet Banking,Rút tiền mặt,1285000,0,Thành công,CN Cần Thơ,70086489
GD202601003011,2026-01-22 14:08:58,KH000028,Internet Banking,Nạp tiền điện thoại,205000,0,Thành công,CN Hoàn Kiếm,30315613
GD202601007242,2026-01-22 14:11:03,KH000077,POS,Thanh toán thẻ,7821000,0,Thành công,CN Đà Nẵng,21497708
GD202601014359,2026-01-22 14:35:40,KH000153,Mobile Banking,Thanh toán thẻ,7728000,0,Thành công,CN Quận 1,23462741
GD202601013562,2026-01-22 14:39:49,KH000142,POS,Nộp tiền mặt,197000,1100,Thành công,CN Cần Thơ,52891149
GD202601013143,2026-01-22 14:58:19,KH000136,POS,Thanh toán thẻ,82292000,5500,Thành công,CN TP Hồ Chí Minh,238582233
GD202601008762,2026-01-22 15:39:38,KH000091,POS,Thanh toán thẻ,4419000,5500,Thành công,CN Hải Phòng,33518572
GD202601018369,2026-01-22 15:48:19,KH000195,POS,Thanh toán thẻ,9597000,0,Thành công,CN Thanh Xuân,940501417
GD202601006615,2026-01-22 16:33:05,KH000067,QR Code,Nộp tiền mặt,36386000,0,Thành công,CN Cầu Giấy,216844199
GD202601006312,2026-01-22 16:50:20,KH000065,POS,Thanh toán thẻ,124309000,1100,Thành công,CN TP Hồ Chí Minh,243836222
GD202601005545,2026-01-22 16:59:06,KH000059,Internet Banking,Nộp tiền mặt,9390000,0,Thành công,CN Cầu Giấy,99464710
GD202601015452,2026-01-22 17:21:37,KH000166,POS,Nạp tiền điện thoại,43434000,0,Thành công,CN Quận 1,160153500
GD202601018276,2026-01-22 17:56:25,KH000193,Quầy giao dịch,Chuyển khoản đến,12639000,0,Thất bại,CN Bình Dương,351365599
GD202601011289,2026-01-22 18:17:09,KH000119,QR Code,Chuyển khoản đi,72000,0,Thành công,CN Cầu Giấy,9024239
GD202601016203,2026-01-22 18:42:22,KH000176,Internet Banking,Thanh toán hóa đơn,535000,0,Thành công,CN Quận 1,16098328
GD202601009839,2026-01-22 18:45:15,KH000101,POS,Nộp tiền mặt,5493000,0,Thành công,CN Bình Dương,66416097
GD202601012558,2026-01-22 18:52:36,KH000131,Internet Banking,Thanh toán thẻ,912000,0,Thành công,CN Hoàn Kiếm,50494880
GD202601017977,2026-01-22 18:53:49,KH000190,POS,Thanh toán thẻ,49621000,3300,Thành công,CN Hoàn Kiếm,635177858
GD202601011157,2026-01-22 18:55:07,KH000118,QR Code,Thanh toán thẻ,4163000,0,Thành công,CN Hải Phòng,37546058
GD202601000133,2026-01-22 19:38:39,KH000005,Mobile Banking,Nộp tiền mặt,5138000,0,Thành công,CN Đà Nẵng,379616630
GD202601005383,2026-01-22 19:57:12,KH000057,Quầy giao dịch,Nộp tiền mặt,12811000,5500,Thành công,CN Cầu Giấy,76213164
GD202601011034,2026-01-22 20:00:41,KH000117,Quầy giao dịch,Nạp tiền điện thoại,794000,1100,Thành công,CN Đà Nẵng,21285081
GD202601008093,2026-01-22 20:10:59,KH000083,Mobile Banking,Nạp tiền điện thoại,190000,0,Thành công,CN Hải Phòng,14496674
GD202601003845,2026-01-22 20:22:29,KH000038,Mobile Banking,Chuyển khoản đến,894000,0,Thành công,CN Đà Nẵng,77036278
GD202601008185,2026-01-22 21:05:31,KH000084,ATM,Nộp tiền mặt,57000,0,Thành công,CN Hoàn Kiếm,23648268
GD202601004121,2026-01-22 21:07:53,KH000041,POS,Thanh toán thẻ,18033000,0,Thành công,CN Hải Phòng,92921774
GD202601004012,2026-01-22 21:18:31,KH000040,Internet Banking,Rút tiền mặt,203000,0,Thành công,CN Hoàn Kiếm,31360580
GD202601004312,2026-01-22 21:19:40,KH000044,POS,Thanh toán thẻ,14081000,0,Thành công,CN Hoàn Kiếm,73786362
GD202601011996,2026-01-22 21:58:32,KH000127,Mobile Banking,Thanh toán thẻ,2810000,0,Thành công,CN Hải Phòng,5871241
GD202601016436,2026-01-22 22:29:04,KH000177,POS,Thanh toán thẻ,28759000,0,Thành công,CN Hoàn Kiếm,257927940
GD202601000297,2026-01-22 22:32:06,KH000007,POS,Nộp tiền mặt,27202000,1100,Thành công,CN Quận 1,173138047
GD202601000298,2026-01-22 22:48:38,KH000007,POS,Chuyển khoản đến,55657000,0,Thành công,CN Quận 1,228795047
GD202601001057,2026-01-22 22:50:52,KH000014,Mobile Banking,Thanh toán thẻ,2574000,0,Thành công,CN Thanh Xuân,7062906
GD202601012560,2026-01-23 06:12:48,KH000131,Mobile Banking,Thanh toán thẻ,3603000,0,Thành công,CN TP Hồ Chí Minh,51854880
GD202601012559,2026-01-23 06:30:24,KH000131,ATM,Chuyển khoản đến,4963000,3300,Thành công,CN Cầu Giấy,55457880
GD202601017859,2026-01-23 07:01:44,KH000189,Mobile Banking,Thanh toán thẻ,226194000,0,Thành công,CN TP Hồ Chí Minh,645025034
GD202601004801,2026-01-23 07:02:53,KH000052,Mobile Banking,Thanh toán hóa đơn,140000,0,Thành công,CN Hải Phòng,635606
GD202601001422,2026-01-23 07:25:05,KH000016,POS,Thanh toán thẻ,1561000,3300,Thành công,CN Thanh Xuân,4993907
GD202601007202,2026-01-23 07:57:40,KH000076,QR Code,Thanh toán thẻ,2400000,0,Thành công,CN Đà Nẵng,15266641
GD202601014361,2026-01-23 08:38:36,KH000153,Internet Banking,Nạp tiền điện thoại,4835000,0,Thành công,CN Cầu Giấy,13993741
GD202601016204,2026-01-23 09:21:58,KH000176,Mobile Banking,Nạp tiền điện thoại,625000,0,Thành công,CN Hải Phòng,15473328
GD202601009008,2026-01-23 10:29:43,KH000094,Quầy giao dịch,Chuyển khoản đến,71000,0,Thành công,CN Cầu Giấy,58758707
GD202601002587,2026-01-23 10:59:09,KH000025,Internet Banking,Nộp tiền mặt,141000,0,Thành công,CN Bình Dương,2010031
GD202601009289,2026-01-23 11:05:17,KH000096,QR Code,Chuyển khoản đến,5790000,0,Thành công,CN Đà Nẵng,192159800
GD202601013050,2026-01-23 11:15:50,KH000133,ATM,Nạp tiền điện thoại,7228000,1100,Thành công,CN Thanh Xuân,51820521
GD202601013251,2026-01-23 11:21:47,KH000137,Internet Banking,Thanh toán thẻ,892000,0,Thành công,CN Đà Nẵng,33032986
GD202601011997,2026-01-23 11:41:50,KH000127,QR Code,Rút tiền mặt,2001000,0,Thành công,CN Thanh Xuân,3870241
GD202601007844,2026-01-23 12:19:43,KH000080,QR Code,Thanh toán thẻ,683000,0,Thành công,CN Hoàn Kiếm,69403489
GD202601016878,2026-01-23 12:38:25,KH000182,Mobile Banking,Thanh toán thẻ,2038000,0,Thành công,CN Hải Phòng,11230304
GD202601009290,2026-01-23 13:08:56,KH000096,Mobile Banking,Nộp tiền mặt,41134000,0,Thành công,CN Hoàn Kiếm,233293800
GD202601009889,2026-01-23 14:14:28,KH000102,Mobile Banking,Thanh toán thẻ,1043000,0,Thành công,CN Bình Dương,159112383
GD202601004735,2026-01-23 15:01:57,KH000051,ATM,Chuyển khoản đi,10985000,0,Thành công,CN Quận 1,54653056
GD202601005746,2026-01-23 15:34:01,KH000061,Mobile Banking,Nộp tiền mặt,278000,0,Thành công,CN Cần Thơ,31014378
GD202601002407,2026-01-23 15:56:41,KH000023,Mobile Banking,Rút tiền mặt,4978000,0,Thành công,CN Đà Nẵng,43036155
GD202601015506,2026-01-23 16:06:50,KH000167,Quầy giao dịch,Rút tiền mặt,1845000,5500,Thất bại,CN Đà Nẵng,36587608
GD202601014360,2026-01-23 17:54:05,KH000153,QR Code,Thanh toán thẻ,4634000,0,Thành công,CN TP Hồ Chí Minh,18828741
GD202601018046,2026-01-23 18:01:31,KH000191,Mobile Banking,Chuyển khoản đến,12813000,0,Thành công,CN Đà Nẵng,54926549
GD202601005546,2026-01-23 18:24:18,KH000059,POS,Thanh toán thẻ,27188000,1100,Thành công,CN Quận 1,72275610
GD202601004800,2026-01-23 18:39:38,KH000052,Mobile Banking,Rút tiền mặt,155000,0,Thành công,CN Hải Phòng,775606
GD202601017179,2026-01-23 19:02:53,KH000183,QR Code,Nộp tiền mặt,74664000,0,Thành công,CN Hoàn Kiếm,300775953
GD202601017180,2026-01-23 20:28:33,KH000183,Mobile Banking,Thanh toán thẻ,25701000,0,Thành công,CN TP Hồ Chí Minh,275074953
GD202601010677,2026-01-23 20:39:34,KH000113,POS,Chuyển khoản đi,3522000,0,Thành công,CN Thanh Xuân,9472648
GD202601004537,2026-01-23 20:48:20,KH000047,ATM,Chuyển khoản đến,1538000,5500,Thành công,CN TP Hồ Chí Minh,66092814
GD202601011290,2026-01-23 21:15:16,KH000119,POS,Thanh toán thẻ,198000,5500,Thành công,CN Đà Nẵng,8820739
GD202601016747,2026-01-23 21:45:57,KH000181,POS,Chuyển khoản đến,1354000,0,Thành công,CN Cần Thơ,12886520
GD202601008656,2026-01-23 21:59:43,KH000088,Mobile Banking,Thanh toán thẻ,692000,0,Thành công,CN TP Hồ Chí Minh,2755456
GD202601017662,2026-01-23 22:55:44,KH000187,Internet Banking,Nạp tiền điện thoại,1199000,0,Thành công,CN Hoàn Kiếm,8557829
GD202601018544,2026-01-24 06:05:40,KH000196,Quầy giao dịch,Chuyển khoản đến,133000,3300,Thành công,CN Thanh Xuân,20067242
GD202601006616,2026-01-24 06:10:51,KH000067,POS,Thanh toán thẻ,16803000,1100,Thành công,CN Bình Dương,200040099
GD202601011999,2026-01-24 06:33:15,KH000127,Mobile Banking,Thanh toán thẻ,361000,0,Thành công,CN Cầu Giấy,2240241
GD202601015072,2026-01-24 06:37:44,KH000162,POS,Thanh toán thẻ,1357000,0,Thành công,CN Quận 1,18366103
GD202601011158,2026-01-24 06:44:34,KH000118,QR Code,Nộp tiền mặt,106000,0,Thành công,CN Cầu Giấy,37652058
GD202601016093,2026-01-24 07:03:08,KH000174,Mobile Banking,Chuyển khoản đi,90000,0,Thành công,CN Thanh Xuân,41258740
GD202601011963,2026-01-24 07:07:38,KH000126,POS,Thanh toán thẻ,5242000,3300,Thành công,CN Đà Nẵng,10569499
GD202601000299,2026-01-24 07:24:37,KH000007,ATM,Nạp tiền điện thoại,68376000,3300,Thành công,CN Cần Thơ,160415747
GD202601011998,2026-01-24 07:37:45,KH000127,Mobile Banking,Rút tiền mặt,1269000,0,Thành công,CN Đà Nẵng,2601241
GD202601001685,2026-01-24 07:45:58,KH000018,Mobile Banking,Rút tiền mặt,228000,0,Thành công,CN Cầu Giấy,28955246
GD202601009993,2026-01-24 08:13:00,KH000104,Internet Banking,Nộp tiền mặt,1777000,0,Thành công,CN Cần Thơ,45946766
GD202601000342,2026-01-24 08:19:27,KH000008,QR Code,Chuyển khoản đến,109875000,0,Thành công,CN Cần Thơ,900560813
GD202601010276,2026-01-24 08:35:34,KH000107,ATM,Nạp tiền điện thoại,344000,3300,Thành công,CN Hoàn Kiếm,15047170
GD202601006102,2026-01-24 08:55:13,KH000063,Internet Banking,Chuyển khoản đến,640000,0,Thành công,CN Hải Phòng,26250104
GD202601005255,2026-01-24 09:07:05,KH000056,Mobile Banking,Thanh toán thẻ,4099000,0,Thành công,CN Hoàn Kiếm,65283477
GD202601012000,2026-01-24 09:29:55,KH000127,POS,Thanh toán thẻ,181000,3300,Thành công,CN Hoàn Kiếm,2055941
GD202601014855,2026-01-24 10:07:46,KH000158,Internet Banking,Thanh toán hóa đơn,10808000,0,Thành công,CN Bình Dương,88123064
GD202601011661,2026-01-24 10:30:01,KH000124,ATM,Chuyển khoản đi,23110000,5500,Thành công,CN Đà Nẵng,140598438
GD202601009994,2026-01-24 10:35:05,KH000104,QR Code,Thanh toán hóa đơn,1822000,0,Thành công,CN Cần Thơ,44124766
GD202601011291,2026-01-24 10:43:46,KH000119,Mobile Banking,Nạp tiền điện thoại,98000,0,Thành công,CN Cần Thơ,8722739
GD202601001058,2026-01-24 11:22:46,KH000014,Mobile Banking,Thanh toán hóa đơn,2215000,0,Thành công,CN Đà Nẵng,4847906
GD202601002083,2026-01-24 11:29:18,KH000020,Internet Banking,Rút tiền mặt,100000,0,Thành công,CN Hải Phòng,40450570
GD202601003810,2026-01-24 11:29:43,KH000037,ATM,Nạp tiền điện thoại,16325000,5500,Thành công,CN Hải Phòng,249980258
GD202601016602,2026-01-24 11:36:51,KH000180,ATM,Nạp tiền điện thoại,248000,5500,Thành công,CN Cần Thơ,24244293
GD202601015394,2026-01-24 11:48:26,KH000165,POS,Chuyển khoản đến,6892000,1100,Thành công,CN Đà Nẵng,95615502
GD202601004165,2026-01-24 11:49:59,KH000042,Mobile Banking,Chuyển khoản đến,1701000,0,Thành công,CN Cần Thơ,29150102
GD202601018370,2026-01-24 12:05:11,KH000195,Mobile Banking,Nộp tiền mặt,5045000,0,Thành công,CN Hải Phòng,945546417
GD202601012368,2026-01-24 12:20:37,KH000129,Mobile Banking,Thanh toán thẻ,755000,0,Thành công,CN Đà Nẵng,9229748
GD202601009698,2026-01-24 12:24:25,KH000099,Internet Banking,Chuyển khoản đến,1926000,0,Thành công,CN Đà Nẵng,32760968
GD202601014362,2026-01-24 12:43:35,KH000153,QR Code,Chuyển khoản đi,3609000,0,Thành công,CN Quận 1,10384741
GD202601003846,2026-01-24 13:37:17,KH000038,QR Code,Thanh toán thẻ,2169000,0,Thất bại,CN Bình Dương,77036278
GD202601010553,2026-01-24 13:38:03,KH000111,POS,Chuyển khoản đến,1954000,0,Thành công,CN Hoàn Kiếm,334441279
GD202601002082,2026-01-24 14:27:22,KH000020,POS,Thanh toán thẻ,16246000,5500,Thành công,CN Đà Nẵng,40550570
GD202601014102,2026-01-24 14:35:41,KH000149,Internet Banking,Thanh toán hóa đơn,4650000,0,Thành công,CN Cầu Giấy,24849252
GD202601000007,2026-01-24 14:41:47,KH000001,Internet Banking,Thanh toán hóa đơn,32334000,0,Thành công,CN TP Hồ Chí Minh,82443580
GD202601000876,2026-01-24 14:48:11,KH000012,Mobile Banking,Thanh toán hóa đơn,1969000,0,Thành công,CN Cần Thơ,42647146
GD202601011660,2026-01-24 14:55:53,KH000124,QR Code,Chuyển khoản đi,15257000,0,Thành công,CN Hải Phòng,163713938
GD202601000341,2026-01-24 15:24:28,KH000008,Internet Banking,Chuyển khoản đến,86818000,0,Thành công,CN Quận 1,790685813
GD202601011712,2026-01-24 16:16:45,KH000125,ATM,Chuyển khoản đi,1112000,5500,Thành công,CN Thanh Xuân,3022836
GD202601008804,2026-01-24 16:51:16,KH000092,Quầy giao dịch,Chuyển khoản đi,1854000,3300,Thành công,CN Cần Thơ,29262889
GD202601016564,2026-01-24 17:01:50,KH000179,POS,Rút tiền mặt,7466000,1100,Thành công,CN TP Hồ Chí Minh,101838888
GD202601001423,2026-01-24 17:30:56,KH000016,Mobile Banking,Chuyển khoản đi,561000,0,Thành công,CN Cần Thơ,4432907
GD202601007244,2026-01-24 18:01:33,KH000077,Internet Banking,Thanh toán thẻ,899000,0,Thành công,CN TP Hồ Chí Minh,14999708
GD202601016094,2026-01-24 18:11:34,KH000174,Internet Banking,Nộp tiền mặt,928000,0,Thành công,CN Cầu Giấy,42186740
GD202601012561,2026-01-24 18:14:55,KH000131,POS,Thanh toán thẻ,928000,1100,Thành công,CN Cần Thơ,50925780
GD202601004313,2026-01-24 18:21:50,KH000044,POS,Rút tiền mặt,14437000,0,Thành công,CN Hải Phòng,59349362
GD202601012416,2026-01-24 18:41:47,KH000130,POS,Thanh toán thẻ,1423000,3300,Thất bại,CN TP Hồ Chí Minh,46814521
GD202601007243,2026-01-24 19:00:30,KH000077,QR Code,Thanh toán thẻ,5599000,0,Thành công,CN TP Hồ Chí Minh,15898708
GD202601009251,2026-01-24 19:40:11,KH000095,POS,Thanh toán thẻ,21623000,5500,Thành công,CN Đà Nẵng,46782007
GD202601000769,2026-01-24 19:57:58,KH000011,POS,Thanh toán thẻ,350000,0,Thành công,CN Đà Nẵng,50829033
GD202601000103,2026-01-24 20:27:21,KH000004,QR Code,Chuyển khoản đến,9325000,0,Thành công,CN Thanh Xuân,107251081
GD202601017860,2026-01-24 20:31:21,KH000189,ATM,Chuyển khoản đến,208803000,0,Thành công,CN Cần Thơ,853828034
GD202601005747,2026-01-24 20:39:55,KH000061,Mobile Banking,Thanh toán thẻ,180000,0,Thành công,CN Quận 1,30834378
GD202601001059,2026-01-24 20:50:23,KH000014,Internet Banking,Nộp tiền mặt,1669000,0,Thành công,CN Hải Phòng,6516906
GD202601016205,2026-01-24 20:59:46,KH000176,Internet Banking,Thanh toán thẻ,175000,0,Thành công,CN Bình Dương,15298328
GD202601009699,2026-01-24 21:30:42,KH000099,POS,Thanh toán thẻ,2806000,3300,Thất bại,CN Cần Thơ,32760968
GD202601004802,2026-01-25 06:00:57,KH000052,Internet Banking,Nộp tiền mặt,209000,0,Thành công,CN Hoàn Kiếm,844606
GD202601002084,2026-01-25 06:01:36,KH000020,Internet Banking,Thanh toán thẻ,4675000,0,Thành công,CN Cần Thơ,35775570
GD202601012835,2026-01-25 07:20:41,KH000132,QR Code,Chuyển khoản đến,4258000,0,Thành công,CN Hải Phòng,26940695
GD202601009010,2026-01-25 07:29:53,KH000094,ATM,Nộp tiền mặt,1992000,0,Thành công,CN Bình Dương,58714707
GD202601007245,2026-01-25 07:34:26,KH000077,Internet Banking,Thanh toán thẻ,134000,0,Thành công,CN Bình Dương,14865708
GD202601001788,2026-01-25 08:05:33,KH000019,POS,Thanh toán thẻ,3089000,5500,Thành công,CN Hải Phòng,61156104
GD202601006103,2026-01-25 08:06:12,KH000063,QR Code,Chuyển khoản đi,654000,0,Thành công,CN Quận 1,25596104
GD202601008805,2026-01-25 08:11:23,KH000092,Mobile Banking,Thanh toán thẻ,2823000,0,Thành công,CN Cần Thơ,26439889
GD202601014138,2026-01-25 08:55:20,KH000150,Quầy giao dịch,Rút tiền mặt,3733000,0,Thành công,CN Đà Nẵng,51277444
GD202601011713,2026-01-25 09:54:21,KH000125,POS,Chuyển khoản đến,700000,1100,Thành công,CN TP Hồ Chí Minh,3722836
GD202601002588,2026-01-25 10:06:27,KH000025,Mobile Banking,Chuyển khoản đi,170000,0,Thành công,CN Hải Phòng,1840031
GD202601012833,2026-01-25 11:05:26,KH000132,Internet Banking,Chuyển khoản đến,271000,0,Thành công,CN Cần Thơ,25075795
GD202601012563,2026-01-25 11:06:27,KH000131,Internet Banking,Thanh toán thẻ,85000,0,Thành công,CN TP Hồ Chí Minh,45653780
GD202601012562,2026-01-25 11:28:54,KH000131,Mobile Banking,Thanh toán thẻ,5187000,0,Thành công,CN Hải Phòng,45738780
GD202601009291,2026-01-25 11:43:02,KH000096,QR Code,Chuyển khoản đi,62000,0,Thành công,CN Thanh Xuân,233231800
GD202601014016,2026-01-25 12:35:58,KH000148,QR Code,Chuyển khoản đi,673000,0,Thành công,CN Hải Phòng,17720304
GD202601012417,2026-01-25 12:55:57,KH000130,Mobile Banking,Thanh toán hóa đơn,1667000,0,Thành công,CN Cầu Giấy,45147521
GD202601005748,2026-01-25 13:09:04,KH000061,Internet Banking,Nạp tiền điện thoại,1424000,0,Thành công,CN Đà Nẵng,29410378
GD202601006884,2026-01-25 13:19:31,KH000073,POS,Thanh toán thẻ,8295000,1100,Thành công,CN Bình Dương,59256743
GD202601004512,2026-01-25 13:43:50,KH000046,Quầy giao dịch,Nộp tiền mặt,31423000,1100,Thành công,CN Cần Thơ,121749254
GD202601018371,2026-01-25 14:08:07,KH000195,QR Code,Chuyển khoản đến,42522000,0,Thành công,CN Quận 1,988068417
GD202601007576,2026-01-25 14:28:08,KH000079,QR Code,Thanh toán thẻ,7201000,0,Thành công,CN Hoàn Kiếm,23058750
GD202601018695,2026-01-25 14:44:40,KH000198,POS,Thanh toán hóa đơn,1120000,1100,Thành công,CN Quận 1,26231588
GD202601015073,2026-01-25 14:46:33,KH000162,QR Code,Thanh toán thẻ,965000,0,Thành công,CN Cần Thơ,17401103
GD202601007939,2026-01-25 15:08:15,KH000082,Internet Banking,Rút tiền mặt,1057000,0,Thành công,CN Quận 1,37704229
GD202601004804,2026-01-25 15:30:17,KH000052,Mobile Banking,Thanh toán hóa đơn,178000,0,Thành công,CN Thanh Xuân,843606
GD202601008186,2026-01-25 15:30:31,KH000084,POS,Thanh toán thẻ,1821000,3300,Thành công,CN Bình Dương,21823968
GD202601006313,2026-01-25 15:50:53,KH000065,QR Code,Nạp tiền điện thoại,50650000,0,Thành công,CN Bình Dương,193186222
GD202601000343,2026-01-25 17:06:03,KH000008,QR Code,Chuyển khoản đến,61442000,0,Thành công,CN TP Hồ Chí Minh,962002813
GD202601004014,2026-01-25 17:24:06,KH000040,POS,Thanh toán thẻ,2574000,5500,Thành công,CN Cần Thơ,21018080
GD202601012834,2026-01-25 17:32:30,KH000132,POS,Thanh toán thẻ,2392000,1100,Thành công,CN Thanh Xuân,22682695
GD202601018733,2026-01-25 17:46:50,KH000199,Internet Banking,Thanh toán thẻ,19165000,0,Thành công,CN Quận 1,185613216
GD202601003012,2026-01-25 17:56:13,KH000028,QR Code,Rút tiền mặt,629000,0,Thành công,CN Hải Phòng,29686613
GD202601008094,2026-01-25 18:13:13,KH000083,QR Code,Thanh toán thẻ,399000,0,Thành công,CN Hải Phòng,14097674
GD202601001424,2026-01-25 18:22:11,KH000016,Mobile Banking,Chuyển khoản đến,371000,0,Thành công,CN Cần Thơ,4803907
GD202601013817,2026-01-25 18:25:18,KH000145,Mobile Banking,Chuyển khoản đi,245000,0,Thành công,CN Cần Thơ,15549784
GD202601013563,2026-01-25 18:32:54,KH000142,QR Code,Thanh toán thẻ,5104000,0,Thành công,CN Quận 1,47787149
GD202601018545,2026-01-25 18:37:27,KH000196,Mobile Banking,Thanh toán thẻ,352000,0,Thành công,CN Hải Phòng,19715242
GD202601013956,2026-01-25 18:39:51,KH000147,ATM,Nạp tiền điện thoại,2959000,3300,Thất bại,CN Cần Thơ,102065141
GD202601003284,2026-01-25 18:47:20,KH000031,POS,Nộp tiền mặt,654000,3300,Thành công,CN Thanh Xuân,7058803
GD202601004013,2026-01-25 19:03:07,KH000040,Internet Banking,Thanh toán thẻ,7763000,0,Thành công,CN Cầu Giấy,23597580
GD202601005749,2026-01-25 19:06:43,KH000061,ATM,Chuyển khoản đến,954000,3300,Thành công,CN Cầu Giấy,30364378
GD202601009995,2026-01-25 19:14:36,KH000104,QR Code,Nộp tiền mặt,1255000,0,Thành công,CN Cần Thơ,45379766
GD202601000570,2026-01-25 19:25:22,KH000010,Mobile Banking,Nộp tiền mặt,496000,0,Thành công,CN Bình Dương,5861619
GD202601008537,2026-01-25 19:44:58,KH000087,Internet Banking,Rút tiền mặt,1600000,0,Thành công,CN Cần Thơ,4054426
GD202601010678,2026-01-25 19:45:10,KH000113,Internet Banking,Thanh toán thẻ,1474000,0,Thành công,CN Quận 1,7998648
GD202601017181,2026-01-25 20:09:12,KH000183,Quầy giao dịch,Chuyển khoản đến,25883000,5500,Thành công,CN Thanh Xuân,300957953
GD202601012564,2026-01-25 20:13:30,KH000131,POS,Thanh toán thẻ,4632000,1100,Thành công,CN Hoàn Kiếm,41020680
GD202601009009,2026-01-25 20:17:20,KH000094,QR Code,Rút tiền mặt,2036000,0,Thành công,CN Bình Dương,56722707
GD202601014856,2026-01-25 20:31:27,KH000158,QR Code,Chuyển khoản đến,10902000,0,Thành công,CN Bình Dương,99025064
GD202601002589,2026-01-25 21:02:33,KH000025,QR Code,Chuyển khoản đi,526000,0,Thành công,CN Hải Phòng,1314031
GD202601001789,2026-01-25 21:16:39,KH000019,Internet Banking,Thanh toán thẻ,2860000,0,Thành công,CN Hoàn Kiếm,58296104
GD202601007938,2026-01-25 21:40:05,KH000082,Mobile Banking,Thanh toán thẻ,3150000,0,Thành công,CN Cầu Giấy,38761229
GD202601004803,2026-01-25 22:33:32,KH000052,QR Code,Nộp tiền mặt,177000,0,Thành công,CN Quận 1,1021606
GD202601013367,2026-01-25 22:40:47,KH000138,Mobile Banking,Nạp tiền điện thoại,7395000,0,Thành công,CN Đà Nẵng,39941069
GD202601016879,2026-01-25 22:54:32,KH000182,QR Code,Rút tiền mặt,457000,0,Thành công,CN Cầu Giấy,10773304
GD202601016206,2026-01-25 22:59:36,KH000176,Internet Banking,Thanh toán thẻ,538000,0,Thành công,CN Hải Phòng,14760328
GD202601018373,2026-01-26 06:06:49,KH000195,QR Code,Thanh toán thẻ,66958000,0,Thành công,CN Hoàn Kiếm,726552317
GD202601002408,2026-01-26 06:10:07,KH000023,Mobile Banking,Thanh toán thẻ,14123000,0,Thành công,CN Cầu Giấy,28913155
GD202601016880,2026-01-26 06:39:31,KH000182,QR Code,Thanh toán thẻ,3421000,0,Thành công,CN Quận 1,7352304
GD202601003569,2026-01-26 07:34:34,KH000034,Mobile Banking,Thanh toán thẻ,1822000,0,Thành công,CN Bình Dương,63109122
GD202601018372,2026-01-26 08:02:45,KH000195,ATM,Chuyển khoản đi,194557000,1100,Thành công,CN Hoàn Kiếm,793510317
GD202601007845,2026-01-26 08:16:36,KH000080,ATM,Chuyển khoản đến,473000,0,Thành công,CN Cần Thơ,69876489
GD202601016095,2026-01-26 08:29:30,KH000174,POS,Thanh toán thẻ,1498000,0,Thành công,CN Cầu Giấy,40688740
GD202601012565,2026-01-26 09:03:03,KH000131,POS,Thanh toán thẻ,3789000,3300,Thành công,CN Thanh Xuân,37228380
GD202601016046,2026-01-26 09:40:26,KH000173,Quầy giao dịch,Thanh toán hóa đơn,234000,5500,Thành công,CN Thanh Xuân,7921068
GD202601016882,2026-01-26 09:53:16,KH000182,Internet Banking,Nạp tiền điện thoại,1971000,0,Thành công,CN Đà Nẵng,6374304
GD202601000877,2026-01-26 10:26:10,KH000012,Quầy giao dịch,Chuyển khoản đi,2758000,0,Thành công,CN Hải Phòng,39889146
GD202601007577,2026-01-26 11:41:46,KH000079,Mobile Banking,Thanh toán thẻ,1135000,0,Thành công,CN Bình Dương,21923750
GD202601008187,2026-01-26 11:55:00,KH000084,Internet Banking,Nộp tiền mặt,1060000,0,Thành công,CN Cần Thơ,22883968
GD202601011662,2026-01-26 12:16:43,KH000124,Mobile Banking,Chuyển khoản đi,12613000,0,Thành công,CN Bình Dương,127985438
GD202601001790,2026-01-26 12:27:09,KH000019,POS,Thanh toán thẻ,1119000,3300,Thành công,CN Hoàn Kiếm,57173804
GD202601015074,2026-01-26 13:09:17,KH000162,Mobile Banking,Chuyển khoản đến,4027000,0,Thành công,CN Hoàn Kiếm,21428103
GD202601003384,2026-01-26 13:52:43,KH000032,QR Code,Chuyển khoản đến,82000,0,Thành công,CN Bình Dương,12650054
GD202601002085,2026-01-26 14:11:31,KH000020,Mobile Banking,Thanh toán thẻ,2246000,0,Thành công,CN Cầu Giấy,33529570
GD202601007246,2026-01-26 14:18:15,KH000077,QR Code,Nộp tiền mặt,1087000,0,Thành công,CN Thanh Xuân,15952708
GD202601012001,2026-01-26 14:30:16,KH000127,QR Code,Rút tiền mặt,578000,0,Thành công,CN Hoàn Kiếm,1477941
GD202601002293,2026-01-26 14:49:57,KH000021,QR Code,Chuyển khoản đến,1153000,0,Thành công,CN Hải Phòng,18605811
GD202601008538,2026-01-26 15:08:36,KH000087,Internet Banking,Thanh toán thẻ,339000,0,Thành công,CN Cầu Giấy,3715426
GD202601004805,2026-01-26 15:29:32,KH000052,Internet Banking,Nộp tiền mặt,223000,0,Thành công,CN Đà Nẵng,1066606
GD202601007247,2026-01-26 15:41:02,KH000077,QR Code,Nộp tiền mặt,1438000,0,Thành công,CN Hoàn Kiếm,17390708
GD202601011714,2026-01-26 15:45:10,KH000125,POS,Thanh toán thẻ,1249000,1100,Thất bại,CN Cần Thơ,3722836
GD202601009012,2026-01-26 16:17:00,KH000094,Internet Banking,Nộp tiền mặt,1493000,0,Thành công,CN Hoàn Kiếm,58025707
GD202601012836,2026-01-26 16:23:56,KH000132,Internet Banking,Chuyển khoản đi,2499000,0,Thành công,CN Cần Thơ,24441695
GD202601000038,2026-01-26 16:27:42,KH000002,POS,Thanh toán thẻ,426000,0,Thành công,CN Bình Dương,49749826
GD202601008539,2026-01-26 16:55:27,KH000087,Internet Banking,Thanh toán hóa đơn,1223000,0,Thành công,CN Quận 1,2492426
GD202601001791,2026-01-26 16:55:31,KH000019,POS,Thanh toán thẻ,750000,0,Thành công,CN Thanh Xuân,56423804
GD202601009011,2026-01-26 19:00:56,KH000094,Mobile Banking,Nạp tiền điện thoại,2182000,0,Thành công,CN Bình Dương,56532707
GD202601017663,2026-01-26 19:02:37,KH000187,POS,Chuyển khoản đến,599000,0,Thành công,CN Cần Thơ,9156829
GD202601010317,2026-01-26 19:05:02,KH000108,Mobile Banking,Rút tiền mặt,118000,0,Thành công,CN Hoàn Kiếm,14906451
GD202601011035,2026-01-26 19:06:32,KH000117,Internet Banking,Chuyển khoản đi,392000,0,Thành công,CN Hải Phòng,20893081
GD202601009292,2026-01-26 19:06:42,KH000096,Mobile Banking,Thanh toán thẻ,8072000,0,Thành công,CN Hoàn Kiếm,225159800
GD202601016881,2026-01-26 19:16:12,KH000182,Internet Banking,Chuyển khoản đến,993000,0,Thành công,CN Đà Nẵng,8345304
GD202601002841,2026-01-26 19:19:13,KH000026,Mobile Banking,Nạp tiền điện thoại,10318000,0,Thành công,CN Cần Thơ,19901122
GD202601004350,2026-01-26 19:23:51,KH000045,Internet Banking,Nộp tiền mặt,1136000,0,Thành công,CN Cần Thơ,24332603
GD202601016748,2026-01-26 19:47:52,KH000181,Mobile Banking,Rút tiền mặt,826000,0,Thành công,CN Bình Dương,12060520
GD202601012566,2026-01-26 20:53:36,KH000131,Internet Banking,Chuyển khoản đi,4749000,0,Thành công,CN Thanh Xuân,32479380
GD202601006530,2026-01-26 20:56:41,KH000066,QR Code,Nộp tiền mặt,3363000,0,Thành công,CN Hoàn Kiếm,126766724
GD202601001425,2026-01-26 21:04:03,KH000016,Internet Banking,Chuyển khoản đến,136000,0,Thành công,CN Đà Nẵng,4939907
GD202601015865,2026-01-26 22:29:18,KH000172,QR Code,Thanh toán thẻ,1309000,0,Thành công,CN Đà Nẵng,8598713
GD202601015864,2026-01-26 22:51:12,KH000172,Mobile Banking,Chuyển khoản đi,3742000,0,Thành công,CN Đà Nẵng,9907713
GD202601001426,2026-01-26 22:52:33,KH000016,POS,Thanh toán thẻ,1550000,1100,Thành công,CN Cầu Giấy,3388807
GD202601005490,2026-01-26 22:54:11,KH000058,POS,Chuyển khoản đi,27001000,0,Thành công,CN TP Hồ Chí Minh,69506083
GD202601011159,2026-01-27 06:16:52,KH000118,Internet Banking,Chuyển khoản đi,845000,0,Thành công,CN Hải Phòng,36807058
GD202601009890,2026-01-27 06:38:51,KH000102,POS,Chuyển khoản đến,26671000,1100,Thành công,CN Hải Phòng,185783383
GD202601007249,2026-01-27 06:49:01,KH000077,POS,Thanh toán thẻ,3003000,5500,Thành công,CN Hải Phòng,12776208
GD202601014364,2026-01-27 07:01:17,KH000153,QR Code,Thanh toán thẻ,561000,0,Thành công,CN Đà Nẵng,9064741
GD202601011663,2026-01-27 07:19:31,KH000124,Quầy giao dịch,Thanh toán hóa đơn,16930000,3300,Thành công,CN Bình Dương,111052138
GD202601011715,2026-01-27 08:18:42,KH000125,POS,Thanh toán thẻ,180000,5500,Thành công,CN Thanh Xuân,3537336
GD202601012837,2026-01-27 08:55:25,KH000132,Mobile Banking,Thanh toán thẻ,8444000,0,Thành công,CN Hoàn Kiếm,15997695
GD202601010902,2026-01-27 09:18:24,KH000115,Mobile Banking,Thanh toán thẻ,239000,0,Thành công,CN Cầu Giấy,36438534
GD202601010318,2026-01-27 09:19:33,KH000108,POS,Nộp tiền mặt,143000,5500,Thành công,CN Bình Dương,15049451
GD202601011036,2026-01-27 09:19:39,KH000117,ATM,Chuyển khoản đi,194000,0,Thành công,CN Hải Phòng,20699081
GD202601003013,2026-01-27 09:19:57,KH000028,Mobile Banking,Chuyển khoản đi,1249000,0,Thành công,CN Bình Dương,28437613
GD202601005751,2026-01-27 09:28:00,KH000061,Mobile Banking,Nạp tiền điện thoại,773000,0,Thất bại,CN Hoàn Kiếm,29788378
GD202601013252,2026-01-27 09:41:22,KH000137,Internet Banking,Chuyển khoản đến,2205000,0,Thành công,CN Cầu Giấy,35237986
GD202601016884,2026-01-27 10:18:57,KH000182,QR Code,Chuyển khoản đến,1486000,0,Thành công,CN Thanh Xuân,6054204
GD202601014194,2026-01-27 10:38:14,KH000151,Internet Banking,Thanh toán hóa đơn,1116000,0,Thành công,CN Quận 1,10720116
GD202601008806,2026-01-27 10:54:20,KH000092,POS,Thanh toán thẻ,5080000,0,Thành công,CN Thanh Xuân,21359889
GD202601005750,2026-01-27 10:56:09,KH000061,QR Code,Thanh toán thẻ,576000,0,Thành công,CN Quận 1,29788378
GD202601015735,2026-01-27 11:03:58,KH000171,Internet Banking,Thanh toán thẻ,25153000,0,Thành công,CN Hoàn Kiếm,71006651
GD202601014017,2026-01-27 11:12:46,KH000148,POS,Thanh toán thẻ,378000,5500,Thành công,CN Cầu Giấy,17336804
GD202601013564,2026-01-27 11:28:26,KH000142,Internet Banking,Nạp tiền điện thoại,13962000,0,Thành công,CN Hoàn Kiếm,33825149
GD202601016883,2026-01-27 11:59:13,KH000182,POS,Thanh toán thẻ,1805000,1100,Thành công,CN Đà Nẵng,4568204
GD202601016604,2026-01-27 12:19:29,KH000180,ATM,Nộp tiền mặt,2006000,0,Thành công,CN Hoàn Kiếm,24746293
GD202601000770,2026-01-27 13:20:30,KH000011,Mobile Banking,Nộp tiền mặt,3721000,0,Thành công,CN Hoàn Kiếm,54550033
GD202601006767,2026-01-27 13:40:04,KH000071,Internet Banking,Nộp tiền mặt,17205000,0,Thành công,CN Đà Nẵng,81859938
GD202601001427,2026-01-27 13:43:57,KH000016,Mobile Banking,Nạp tiền điện thoại,105000,0,Thành công,CN Cần Thơ,3283807
GD202601007512,2026-01-27 13:43:57,KH000078,POS,Chuyển khoản đi,30052000,5500,Thành công,CN Bình Dương,74695032
GD202601011292,2026-01-27 13:50:12,KH000119,QR Code,Chuyển khoản đi,125000,0,Thành công,CN Cần Thơ,8597739
GD202601004166,2026-01-27 14:14:41,KH000042,QR Code,Thanh toán hóa đơn,1328000,0,Thành công,CN Hoàn Kiếm,27822102
GD202601013698,2026-01-27 14:30:05,KH000143,QR Code,Nộp tiền mặt,1261000,0,Thành công,CN Đà Nẵng,22575539
GD202601006707,2026-01-27 14:34:04,KH000069,Quầy giao dịch,Nộp tiền mặt,276000,5500,Thành công,CN Quận 1,49210416
GD202601001792,2026-01-27 14:35:27,KH000019,Mobile Banking,Chuyển khoản đến,3311000,0,Thành công,CN Hoàn Kiếm,59734804
GD202601001686,2026-01-27 14:35:31,KH000018,Internet Banking,Rút tiền mặt,584000,0,Thành công,CN TP Hồ Chí Minh,28371246
GD202601006314,2026-01-27 15:00:50,KH000065,POS,Thanh toán thẻ,26437000,5500,Thành công,CN Bình Dương,166743722
GD202601010554,2026-01-27 16:18:23,KH000111,Mobile Banking,Chuyển khoản đến,65439000,0,Thành công,CN Thanh Xuân,399880279
GD202601004736,2026-01-27 16:39:53,KH000051,POS,Thanh toán thẻ,5115000,0,Thành công,CN Thanh Xuân,49538056
GD202601004806,2026-01-27 17:18:42,KH000052,Internet Banking,Thanh toán thẻ,161000,0,Thành công,CN Đà Nẵng,905606
GD202601014363,2026-01-27 17:25:38,KH000153,QR Code,Thanh toán thẻ,759000,0,Thành công,CN Hải Phòng,9625741
GD202601003847,2026-01-27 17:45:32,KH000038,Mobile Banking,Nộp tiền mặt,1512000,0,Thành công,CN Bình Dương,78548278
GD202601000344,2026-01-27 17:54:55,KH000008,Mobile Banking,Rút tiền mặt,200433000,0,Thành công,CN Quận 1,761569813
GD202601008763,2026-01-27 18:00:54,KH000091,POS,Chuyển khoản đến,7909000,3300,Thành công,CN Thanh Xuân,41427572
GD202601006932,2026-01-27 18:42:21,KH000074,QR Code,Rút tiền mặt,1296000,0,Thành công,CN Hoàn Kiếm,31818678
GD202601016141,2026-01-27 18:45:02,KH000175,POS,Rút tiền mặt,98551000,5500,Thành công,CN Bình Dương,185554291
GD202601014018,2026-01-27 19:20:54,KH000148,QR Code,Thanh toán hóa đơn,192000,0,Thành công,CN Cầu Giấy,17144804
GD202601012002,2026-01-27 19:22:08,KH000127,Internet Banking,Nạp tiền điện thoại,92000,0,Thành công,CN Cần Thơ,1385941
GD202601015507,2026-01-27 19:45:21,KH000167,ATM,Thanh toán hóa đơn,1554000,0,Thành công,CN Hải Phòng,35033608
GD202601001060,2026-01-27 19:46:17,KH000014,Mobile Banking,Chuyển khoản đến,531000,0,Thành công,CN Hoàn Kiếm,7047906
GD202601008188,2026-01-27 19:49:03,KH000084,QR Code,Nộp tiền mặt,2601000,0,Thành công,CN Cầu Giấy,25484968
GD202601010445,2026-01-27 20:09:45,KH000110,QR Code,Chuyển khoản đến,517000,0,Thành công,CN Đà Nẵng,35917869
GD202601013483,2026-01-27 20:23:16,KH000140,Internet Banking,Thanh toán hóa đơn,3067000,0,Thành công,CN Bình Dương,35701236
GD202601006531,2026-01-27 20:48:26,KH000066,QR Code,Rút tiền mặt,3863000,0,Thành công,CN Cầu Giấy,122903724
GD202601016603,2026-01-27 20:54:07,KH000180,Internet Banking,Chuyển khoản đi,1504000,0,Thành công,CN Quận 1,22740293
GD202601007248,2026-01-27 21:01:28,KH000077,QR Code,Thanh toán thẻ,1606000,0,Thành công,CN Đà Nẵng,15784708
GD202601002409,2026-01-27 21:07:51,KH000023,Mobile Banking,Nộp tiền mặt,1855000,0,Thành công,CN Bình Dương,30768155
GD202601002590,2026-01-27 22:02:25,KH000025,Internet Banking,Thanh toán thẻ,76000,0,Thành công,CN Hoàn Kiếm,1238031
GD202601007203,2026-01-27 22:42:13,KH000076,Mobile Banking,Nạp tiền điện thoại,2692000,0,Thành công,CN Cầu Giấy,12574641
GD202601008721,2026-01-28 06:16:18,KH000090,POS,Nạp tiền điện thoại,56443000,3300,Thành công,CN Hoàn Kiếm,345018896
GD202601002880,2026-01-28 06:16:25,KH000027,Internet Banking,Nộp tiền mặt,31748000,0,Thành công,CN TP Hồ Chí Minh,136452517
GD202601015866,2026-01-28 07:02:15,KH000172,Mobile Banking,Rút tiền mặt,2637000,0,Thành công,CN Đà Nẵng,5961713
GD202601004352,2026-01-28 07:06:55,KH000045,POS,Thanh toán thẻ,76000,5500,Thất bại,CN Hoàn Kiếm,23355303
GD202601012370,2026-01-28 07:10:34,KH000129,Internet Banking,Nạp tiền điện thoại,1910000,0,Thành công,CN Hoàn Kiếm,4985448
GD202601006933,2026-01-28 07:31:46,KH000074,ATM,Chuyển khoản đến,1902000,0,Thành công,CN Hải Phòng,33720678
GD202601003514,2026-01-28 07:36:55,KH000033,QR Code,Nạp tiền điện thoại,2254000,0,Thành công,CN Cần Thơ,28149119
GD202601011716,2026-01-28 07:39:43,KH000125,POS,Thanh toán thẻ,755000,1100,Thành công,CN Quận 1,2781236
GD202601010446,2026-01-28 08:08:23,KH000110,Internet Banking,Chuyển khoản đến,2242000,0,Thành công,CN Cần Thơ,38159869
GD202601003513,2026-01-28 08:38:43,KH000033,QR Code,Chuyển khoản đi,458000,0,Thành công,CN Hoàn Kiếm,30403119
GD202601003571,2026-01-28 08:40:33,KH000034,QR Code,Nạp tiền điện thoại,716000,0,Thành công,CN Hoàn Kiếm,61258122
GD202601018047,2026-01-28 08:45:40,KH000191,POS,Thanh toán thẻ,16951000,1100,Thành công,CN Quận 1,37974449
GD202601016605,2026-01-28 09:07:02,KH000180,QR Code,Thanh toán hóa đơn,59000,0,Thành công,CN Bình Dương,24687293
GD202601002591,2026-01-28 09:25:21,KH000025,POS,Rút tiền mặt,340000,0,Thành công,CN Đà Nẵng,898031
GD202601016885,2026-01-28 09:30:18,KH000182,Internet Banking,Nộp tiền mặt,975000,0,Thành công,CN Thanh Xuân,7029204
GD202601017182,2026-01-28 09:55:07,KH000183,POS,Thanh toán thẻ,8535000,1100,Thành công,CN Đà Nẵng,292421853
GD202601012418,2026-01-28 09:56:40,KH000130,Mobile Banking,Thanh toán hóa đơn,2425000,0,Thành công,CN Quận 1,42722521
GD202601015867,2026-01-28 10:16:34,KH000172,QR Code,Thanh toán thẻ,1969000,0,Thành công,CN Thanh Xuân,3992713
GD202601009252,2026-01-28 10:30:08,KH000095,QR Code,Thanh toán thẻ,12760000,0,Thành công,CN Hải Phòng,34022007
GD202601014103,2026-01-28 10:58:46,KH000149,POS,Thanh toán hóa đơn,3883000,0,Thành công,CN Quận 1,20966252
GD202601017862,2026-01-28 11:10:33,KH000189,POS,Thanh toán hóa đơn,160761000,5500,Thành công,CN Thanh Xuân,693061534
GD202601012839,2026-01-28 11:16:06,KH000132,QR Code,Nộp tiền mặt,3851000,0,Thành công,CN Hải Phòng,18122695
GD202601009840,2026-01-28 11:20:10,KH000101,ATM,Nộp tiền mặt,4449000,3300,Thành công,CN Hải Phòng,70865097
GD202601018546,2026-01-28 12:36:39,KH000196,QR Code,Nộp tiền mặt,617000,0,Thành công,CN Cần Thơ,20332242
GD202601003570,2026-01-28 12:40:10,KH000034,Mobile Banking,Thanh toán thẻ,1135000,0,Thành công,CN Hoàn Kiếm,61974122
GD202601005752,2026-01-28 13:12:13,KH000061,ATM,Chuyển khoản đến,2131000,3300,Thành công,CN Bình Dương,31919378
GD202601002592,2026-01-28 13:34:04,KH000025,QR Code,Chuyển khoản đến,236000,0,Thành công,CN Bình Dương,1134031
GD202601009293,2026-01-28 13:41:03,KH000096,QR Code,Chuyển khoản đi,20482000,0,Thành công,CN Hải Phòng,204677800
GD202601002517,2026-01-28 13:47:46,KH000024,Quầy giao dịch,Nộp tiền mặt,603000,0,Thành công,CN Hải Phòng,34431328
GD202601001061,2026-01-28 13:51:44,KH000014,Internet Banking,Nộp tiền mặt,559000,0,Thành công,CN Quận 1,7606906
GD202601017863,2026-01-28 14:23:05,KH000189,POS,Thanh toán thẻ,855000,0,Thành công,CN Cần Thơ,692206534
GD202601017861,2026-01-28 14:43:50,KH000189,Mobile Banking,Nộp tiền mặt,213903000,0,Thất bại,CN Hoàn Kiếm,853828034
GD202601011293,2026-01-28 15:02:20,KH000119,Mobile Banking,Chuyển khoản đến,142000,0,Thành công,CN Quận 1,8739739
GD202601012838,2026-01-28 15:04:27,KH000132,Internet Banking,Rút tiền mặt,1726000,0,Thành công,CN Quận 1,14271695
GD202601000064,2026-01-28 15:25:40,KH000003,ATM,Chuyển khoản đi,8717000,3300,Thành công,CN Hải Phòng,234317319
GD202601012371,2026-01-28 16:22:11,KH000129,Mobile Banking,Thanh toán hóa đơn,1158000,0,Thành công,CN Đà Nẵng,3827448
GD202601016096,2026-01-28 16:29:42,KH000174,Mobile Banking,Nộp tiền mặt,2024000,0,Thành công,CN Bình Dương,42712740
GD202601012369,2026-01-28 16:55:46,KH000129,POS,Thanh toán thẻ,2331000,3300,Thành công,CN Hoàn Kiếm,6895448
GD202601004807,2026-01-28 17:35:51,KH000052,POS,Thanh toán thẻ,126000,3300,Thành công,CN Bình Dương,776306
GD202601006317,2026-01-28 17:49:10,KH000065,Internet Banking,Chuyển khoản đi,20383000,0,Thành công,CN Hoàn Kiếm,187090722
GD202601001793,2026-01-28 17:56:40,KH000019,QR Code,Thanh toán thẻ,695000,0,Thành công,CN Hoàn Kiếm,59039804
GD202601016097,2026-01-28 18:46:28,KH000174,Internet Banking,Nộp tiền mặt,1539000,0,Thành công,CN Hoàn Kiếm,44251740
GD202601009996,2026-01-28 18:56:06,KH000104,Mobile Banking,Thanh toán thẻ,1414000,0,Thành công,CN Bình Dương,43965766
GD202601003760,2026-01-28 19:04:22,KH000035,Internet Banking,Thanh toán thẻ,3436000,0,Thành công,CN Cần Thơ,27195555
GD202601008657,2026-01-28 19:09:55,KH000088,QR Code,Thanh toán thẻ,586000,0,Thành công,CN Quận 1,2169456
GD202601006315,2026-01-28 19:24:38,KH000065,Mobile Banking,Chuyển khoản đến,26714000,0,Thành công,CN Cần Thơ,193457722
GD202601007940,2026-01-28 19:29:12,KH000082,QR Code,Thanh toán thẻ,1587000,0,Thành công,CN Cần Thơ,36117229
GD202601011629,2026-01-28 20:30:52,KH000123,POS,Thanh toán hóa đơn,68767000,1100,Thành công,CN Cầu Giấy,275062423
GD202601005256,2026-01-28 20:40:58,KH000056,QR Code,Thanh toán thẻ,2347000,0,Thành công,CN TP Hồ Chí Minh,62936477
GD202601011037,2026-01-28 20:47:29,KH000117,QR Code,Thanh toán thẻ,554000,0,Thành công,CN Cần Thơ,20145081
GD202601013818,2026-01-28 21:05:14,KH000145,QR Code,Chuyển khoản đi,193000,0,Thành công,CN Cầu Giấy,15356784
GD202601009700,2026-01-28 21:16:36,KH000099,Mobile Banking,Thanh toán thẻ,1630000,0,Thành công,CN Quận 1,31130968
GD202601010319,2026-01-28 21:27:52,KH000108,POS,Thanh toán thẻ,78000,0,Thành công,CN Cần Thơ,14971451
GD202601001428,2026-01-28 21:47:23,KH000016,POS,Thanh toán thẻ,828000,0,Thành công,CN Bình Dương,2455807
GD202601004351,2026-01-28 21:57:19,KH000045,POS,Thanh toán thẻ,974000,3300,Thành công,CN Quận 1,23355303
GD202601006316,2026-01-28 22:23:39,KH000065,Internet Banking,Nộp tiền mặt,14016000,0,Thành công,CN Đà Nẵng,207473722
