ma_giao_dich,ngay_gio,ma_kh,kenh,loai_giao_dich,so_tien,phi,trang_thai,chi_nhanh,so_du_sau_giao_dich
GD202605012633,2026-05-01 06:09:47,KH000131,Internet Banking,Thanh toán thẻ,285000,0,Thành công,CN Cầu Giấy,559180
GD202605014990,2026-05-01 07:13:21,KH000160,Quầy giao dịch,Rút tiền mặt,4473000,3300,Thành công,CN Quận 1,59914433
GD202605000116,2026-05-01 07:17:55,KH000004,ATM,Rút tiền mặt,501000,3300,Thành công,CN Quận 1,134875081
GD202605002141,2026-05-01 07:51:16,KH000020,Mobile Banking,Nộp tiền mặt,1320000,0,Thành công,CN Cần Thơ,5851606
GD202605012397,2026-05-01 08:00:01,KH000129,Quầy giao dịch,Nạp tiền điện thoại,104000,0,Thành công,CN Thanh Xuân,118148
GD202605005838,2026-05-01 08:04:10,KH000061,QR Code,Nộp tiền mặt,757000,0,Thất bại,CN Đà Nẵng,32143283
GD202605014438,2026-05-01 08:19:58,KH000153,QR Code,Thanh toán thẻ,108000,0,Thành công,CN Hoàn Kiếm,1538241
GD202605003769,2026-05-01 08:47:14,KH000035,Mobile Banking,Thanh toán thẻ,2661000,0,Thành công,CN Thanh Xuân,13262355
GD202605017708,2026-05-01 08:48:16,KH000187,POS,Thanh toán thẻ,814000,1100,Thành công,CN Bình Dương,11256862
GD202605012071,2026-05-01 09:24:31,KH000127,POS,Thanh toán thẻ,676000,5500,Thành công,CN Cầu Giấy,1838077
GD202605018620,2026-05-01 09:29:09,KH000197,Mobile Banking,Chuyển khoản đến,15991000,0,Thành công,CN Thanh Xuân,95366870
GD202605017265,2026-05-01 09:58:41,KH000183,Internet Banking,Chuyển khoản đi,757000,0,Thành công,CN Đà Nẵng,4313489
GD202605018418,2026-05-01 10:52:55,KH000195,POS,Thanh toán thẻ,1393000,1100,Thành công,CN Quận 1,4797917
GD202605016126,2026-05-01 11:15:58,KH000174,POS,Thanh toán thẻ,3055000,5500,Thành công,CN Cần Thơ,56304055
GD202605002436,2026-05-01 11:37:02,KH000023,Internet Banking,Nạp tiền điện thoại,4547000,0,Thất bại,CN Quận 1,17131364
GD202605001481,2026-05-01 11:43:27,KH000016,Internet Banking,Chuyển khoản đi,52000,0,Thành công,CN Bình Dương,562807
GD202605007648,2026-05-01 11:44:36,KH000079,QR Code,Nộp tiền mặt,232000,0,Thành công,CN TP Hồ Chí Minh,2578750
GD202605016263,2026-05-01 13:39:59,KH000176,Mobile Banking,Nộp tiền mặt,1082000,0,Thành công,CN Thanh Xuân,30756433
GD202605006155,2026-05-01 13:43:36,KH000063,POS,Thanh toán thẻ,257000,5500,Thành công,CN TP Hồ Chí Minh,47970171
GD202605010046,2026-05-01 14:11:32,KH000104,POS,Thanh toán thẻ,2048000,3300,Thành công,CN Cần Thơ,19555219
GD202605007317,2026-05-01 14:29:28,KH000077,Internet Banking,Chuyển khoản đến,582000,0,Thành công,CN Bình Dương,2942626
GD202605002312,2026-05-01 14:29:37,KH000021,POS,Thanh toán thẻ,528000,1100,Thành công,CN Quận 1,39284310
GD202605013850,2026-05-01 14:45:40,KH000145,Mobile Banking,Thanh toán thẻ,359000,0,Thành công,CN Thanh Xuân,45454012
GD202605010576,2026-05-01 15:13:35,KH000111,Internet Banking,Thanh toán hóa đơn,18621000,0,Thành công,CN Hải Phòng,126083766
GD202605001136,2026-05-01 15:15:22,KH000014,Mobile Banking,Chuyển khoản đến,1438000,0,Thành công,CN Cầu Giấy,11046527
GD202605010476,2026-05-01 15:40:53,KH000110,POS,Thanh toán thẻ,303000,3300,Thành công,CN Hải Phòng,42505225
GD202605017709,2026-05-01 17:00:43,KH000187,Mobile Banking,Nạp tiền điện thoại,3709000,0,Thành công,CN Bình Dương,7547862
GD202605010047,2026-05-01 17:51:03,KH000104,Mobile Banking,Thanh toán thẻ,1473000,0,Thành công,CN Cần Thơ,18082219
GD202605017537,2026-05-01 18:01:27,KH000185,Mobile Banking,Thanh toán thẻ,4028000,0,Thành công,CN Thanh Xuân,36185020
GD202605010199,2026-05-01 18:07:18,KH000105,Quầy giao dịch,Chuyển khoản đi,19426000,3300,Thành công,CN Đà Nẵng,211076316
GD202605011782,2026-05-01 18:08:42,KH000125,Internet Banking,Nạp tiền điện thoại,168000,0,Thành công,CN Quận 1,206936
GD202605011689,2026-05-01 18:29:49,KH000124,POS,Thanh toán thẻ,2301000,5500,Thành công,CN Hoàn Kiếm,13040138
GD202605008567,2026-05-01 18:33:17,KH000087,Mobile Banking,Rút tiền mặt,166000,0,Thành công,CN Quận 1,260026
GD202605006154,2026-05-01 19:00:47,KH000063,POS,Thanh toán thẻ,684000,5500,Thành công,CN Hoàn Kiếm,48232671
GD202605018619,2026-05-01 19:17:16,KH000197,Internet Banking,Thanh toán hóa đơn,21650000,0,Thành công,CN Quận 1,79375870
GD202605006556,2026-05-01 19:17:41,KH000066,QR Code,Thanh toán hóa đơn,1041000,0,Thành công,CN Cầu Giấy,143705317
GD202605000162,2026-05-01 21:15:46,KH000005,POS,Thanh toán thẻ,1353000,3300,Thành công,CN Đà Nẵng,30583830
GD202605007316,2026-05-01 21:37:08,KH000077,POS,Thanh toán thẻ,1182000,1100,Thành công,CN TP Hồ Chí Minh,2360626
GD202605016779,2026-05-01 21:39:24,KH000181,Internet Banking,Nạp tiền điện thoại,142000,0,Thành công,CN Cần Thơ,350820
GD202605008704,2026-05-01 22:52:13,KH000089,Quầy giao dịch,Chuyển khoản đến,4920000,0,Thành công,CN Cầu Giấy,71964390
GD202605016961,2026-05-02 06:28:36,KH000182,Internet Banking,Nộp tiền mặt,101000,0,Thành công,CN Đà Nẵng,1753792
GD202605005839,2026-05-02 06:30:54,KH000061,QR Code,Thanh toán thẻ,1618000,0,Thành công,CN Cầu Giấy,30525283
GD202605002864,2026-05-02 06:31:13,KH000026,QR Code,Chuyển khoản đến,187000,0,Thành công,CN Hoàn Kiếm,1170622
GD202605013381,2026-05-02 06:58:14,KH000138,ATM,Rút tiền mặt,968000,1100,Thành công,CN Bình Dương,22618851
GD202605001483,2026-05-02 07:32:15,KH000016,Internet Banking,Rút tiền mặt,77000,0,Thành công,CN TP Hồ Chí Minh,348807
GD202605017538,2026-05-02 07:41:13,KH000185,Mobile Banking,Nạp tiền điện thoại,859000,0,Thành công,CN Quận 1,35326020
GD202605007318,2026-05-02 08:03:03,KH000077,QR Code,Thanh toán thẻ,864000,0,Thành công,CN Bình Dương,2078626
GD202605016459,2026-05-02 08:31:23,KH000177,QR Code,Nộp tiền mặt,4663000,0,Thành công,CN Quận 1,51636596
GD202605009518,2026-05-02 08:31:43,KH000097,Quầy giao dịch,Chuyển khoản đến,783000,1100,Thành công,CN Hải Phòng,15802549
GD202605012634,2026-05-02 08:48:53,KH000131,POS,Thanh toán thẻ,144000,5500,Thành công,CN Đà Nẵng,409680
GD202605016959,2026-05-02 09:02:48,KH000182,QR Code,Thanh toán thẻ,362000,0,Thành công,CN Quận 1,1511792
GD202605000798,2026-05-02 09:05:44,KH000011,Internet Banking,Chuyển khoản đến,1961000,0,Thành công,CN TP Hồ Chí Minh,80038305
GD202605001137,2026-05-02 09:08:16,KH000014,QR Code,Thanh toán thẻ,183000,0,Thành công,CN Hải Phòng,10863527
GD202605003543,2026-05-02 09:10:22,KH000033,QR Code,Rút tiền mặt,2306000,0,Thành công,CN Cần Thơ,41677424
GD202605009728,2026-05-02 09:35:15,KH000099,POS,Thanh toán thẻ,2232000,1100,Thành công,CN Hải Phòng,33239169
GD202605003420,2026-05-02 09:53:37,KH000032,Quầy giao dịch,Nộp tiền mặt,80000,0,Thành công,CN Quận 1,46728750
GD202605013283,2026-05-02 10:27:43,KH000137,QR Code,Thanh toán thẻ,508000,0,Thành công,CN Cầu Giấy,16792096
GD202605003060,2026-05-02 10:37:22,KH000028,POS,Thanh toán thẻ,1541000,5500,Thành công,CN Quận 1,33841650
GD202605004674,2026-05-02 10:52:21,KH000050,Quầy giao dịch,Rút tiền mặt,344000,1100,Thành công,CN Cần Thơ,6950929
GD202605010821,2026-05-02 11:10:05,KH000114,Mobile Banking,Rút tiền mặt,818000,0,Thành công,CN Thanh Xuân,50198205
GD202605013851,2026-05-02 11:32:06,KH000145,Internet Banking,Chuyển khoản đến,133000,0,Thành công,CN Hải Phòng,45587012
GD202605012893,2026-05-02 13:52:37,KH000132,Mobile Banking,Thanh toán thẻ,2126000,0,Thành công,CN Cần Thơ,9665966
GD202605011067,2026-05-02 14:32:50,KH000117,Quầy giao dịch,Chuyển khoản đến,296000,3300,Thành công,CN Đà Nẵng,53057203
GD202605007319,2026-05-02 15:03:32,KH000077,QR Code,Thanh toán thẻ,534000,0,Thành công,CN Hoàn Kiếm,1544626
GD202605006630,2026-05-02 15:07:05,KH000067,ATM,Chuyển khoản đến,6916000,1100,Thành công,CN Cần Thơ,34075799
GD202605003621,2026-05-02 15:12:08,KH000034,Internet Banking,Nộp tiền mặt,1712000,0,Thành công,CN Cầu Giấy,62392965
GD202605016460,2026-05-02 15:18:42,KH000177,POS,Thanh toán thẻ,16308000,1100,Thành công,CN Hải Phòng,35327496
GD202605014125,2026-05-02 15:50:52,KH000149,QR Code,Nạp tiền điện thoại,6594000,0,Thành công,CN Hoàn Kiếm,20454201
GD202605006784,2026-05-02 16:28:36,KH000071,ATM,Nộp tiền mặt,6493000,0,Thành công,CN Thanh Xuân,41759838
GD202605002661,2026-05-02 17:28:53,KH000025,ATM,Nộp tiền mặt,112000,0,Thành công,CN Cầu Giấy,184131
GD202605010577,2026-05-02 17:38:03,KH000111,POS,Thanh toán thẻ,877000,5500,Thành công,CN Hải Phòng,125201266
GD202605010926,2026-05-02 17:58:59,KH000115,POS,Thanh toán thẻ,4656000,3300,Thành công,CN Bình Dương,14256245
GD202605016960,2026-05-02 18:09:32,KH000182,Internet Banking,Nộp tiền mặt,141000,0,Thành công,CN TP Hồ Chí Minh,1652792
GD202605003878,2026-05-02 18:26:28,KH000038,POS,Thanh toán thẻ,1220000,3300,Thành công,CN Thanh Xuân,72478579
GD202605002142,2026-05-02 19:12:40,KH000020,POS,Thanh toán thẻ,77000,0,Thành công,CN Cầu Giấy,5774606
GD202605001484,2026-05-02 19:39:20,KH000016,Mobile Banking,Thanh toán thẻ,56000,0,Thành công,CN Hoàn Kiếm,292807
GD202605016639,2026-05-02 19:56:45,KH000180,QR Code,Chuyển khoản đến,2486000,0,Thành công,CN TP Hồ Chí Minh,43286057
GD202605002437,2026-05-02 19:57:27,KH000023,ATM,Chuyển khoản đến,2442000,0,Thành công,CN Đà Nẵng,19573364
GD202605003620,2026-05-02 20:48:13,KH000034,QR Code,Thanh toán hóa đơn,2582000,0,Thành công,CN Cần Thơ,60680965
GD202605001482,2026-05-02 21:02:03,KH000016,Internet Banking,Thanh toán hóa đơn,137000,0,Thành công,CN Bình Dương,425807
GD202605009272,2026-05-02 21:02:20,KH000095,QR Code,Thanh toán thẻ,3696000,0,Thành công,CN Cần Thơ,11765880
GD202605009729,2026-05-02 21:36:13,KH000099,POS,Rút tiền mặt,2291000,0,Thành công,CN Hải Phòng,30948169
GD202605008684,2026-05-02 21:41:16,KH000088,Internet Banking,Thanh toán thẻ,1642000,0,Thành công,CN Cầu Giấy,4258553
GD202605016461,2026-05-02 22:55:03,KH000177,POS,Thanh toán thẻ,1851000,3300,Thành công,CN Quận 1,33473196
GD202605012453,2026-05-03 06:25:26,KH000130,QR Code,Chuyển khoản đến,4308000,0,Thành công,CN Hoàn Kiếm,40619822
GD202605008852,2026-05-03 07:00:11,KH000092,Mobile Banking,Chuyển khoản đi,926000,0,Thành công,CN Cầu Giấy,2655750
GD202605001485,2026-05-03 07:31:19,KH000016,POS,Thanh toán thẻ,192000,5500,Thành công,CN Hải Phòng,95307
GD202605004879,2026-05-03 08:18:10,KH000052,Internet Banking,Nộp tiền mặt,81000,0,Thành công,CN Cần Thơ,202206
GD202605016264,2026-05-03 09:21:51,KH000176,Internet Banking,Nạp tiền điện thoại,1004000,0,Thành công,CN Bình Dương,29752433
GD202605002144,2026-05-03 09:44:12,KH000020,Mobile Banking,Chuyển khoản đi,305000,0,Thành công,CN Cần Thơ,3821606
GD202605002313,2026-05-03 09:48:45,KH000021,Mobile Banking,Thanh toán thẻ,304000,0,Thành công,CN Hoàn Kiếm,38980310
GD202605017894,2026-05-03 10:15:48,KH000189,Mobile Banking,Chuyển khoản đi,53569000,0,Thành công,CN Hoàn Kiếm,250850664
GD202605009345,2026-05-03 10:32:39,KH000096,Internet Banking,Chuyển khoản đi,72000,0,Thành công,CN Hoàn Kiếm,18410571
GD202605000625,2026-05-03 11:19:36,KH000010,Mobile Banking,Thanh toán thẻ,825000,0,Thành công,CN TP Hồ Chí Minh,4035259
GD202605016640,2026-05-03 12:13:01,KH000180,QR Code,Rút tiền mặt,1195000,0,Thành công,CN Bình Dương,42091057
GD202605016127,2026-05-03 12:52:58,KH000174,POS,Thanh toán thẻ,966000,5500,Thành công,CN Quận 1,55332555
GD202605004395,2026-05-03 12:53:39,KH000045,QR Code,Rút tiền mặt,959000,0,Thất bại,CN Đà Nẵng,43221665
GD202605003061,2026-05-03 13:25:50,KH000028,POS,Thanh toán thẻ,2424000,5500,Thành công,CN Cầu Giấy,31412150
GD202605013284,2026-05-03 14:10:15,KH000137,QR Code,Nộp tiền mặt,856000,0,Thành công,CN Bình Dương,17648096
GD202605009730,2026-05-03 14:10:38,KH000099,Mobile Banking,Thanh toán hóa đơn,1274000,0,Thành công,CN Hải Phòng,29674169
GD202605017266,2026-05-03 14:36:12,KH000183,POS,Thanh toán thẻ,308000,5500,Thành công,CN Quận 1,3999989
GD202605014213,2026-05-03 14:46:45,KH000151,Mobile Banking,Chuyển khoản đi,911000,0,Thành công,CN Đà Nẵng,3102716
GD202605006994,2026-05-03 14:54:31,KH000074,POS,Thanh toán thẻ,1719000,0,Thành công,CN Cầu Giấy,26399432
GD202605013852,2026-05-03 15:32:47,KH000145,Internet Banking,Nộp tiền mặt,107000,0,Thành công,CN Hoàn Kiếm,45694012
GD202605001864,2026-05-03 15:58:39,KH000019,QR Code,Rút tiền mặt,758000,0,Thành công,CN Bình Dương,44741976
GD202605018747,2026-05-03 16:14:50,KH000199,Mobile Banking,Nộp tiền mặt,11514000,0,Thành công,CN TP Hồ Chí Minh,220764885
GD202605004194,2026-05-03 17:11:23,KH000042,QR Code,Chuyển khoản đến,3397000,0,Thành công,CN Cầu Giấy,36225123
GD202605010344,2026-05-03 17:51:51,KH000108,POS,Chuyển khoản đến,351000,5500,Thành công,CN Thanh Xuân,48803091
GD202605001138,2026-05-03 18:13:38,KH000014,Internet Banking,Thanh toán thẻ,290000,0,Thành công,CN Hải Phòng,10573527
GD202605014439,2026-05-03 18:29:26,KH000153,Mobile Banking,Thanh toán thẻ,194000,0,Thành công,CN Cầu Giấy,1344241
GD202605015467,2026-05-03 19:01:22,KH000166,ATM,Thanh toán hóa đơn,22813000,0,Thành công,CN Hải Phòng,166767233
GD202605003309,2026-05-03 20:01:40,KH000031,Internet Banking,Thanh toán thẻ,208000,0,Thành công,CN Hoàn Kiếm,542603
GD202605016963,2026-05-03 20:17:07,KH000182,QR Code,Thanh toán thẻ,577000,0,Thành công,CN Hoàn Kiếm,1407792
GD202605002143,2026-05-03 20:31:00,KH000020,Internet Banking,Thanh toán thẻ,1648000,0,Thành công,CN TP Hồ Chí Minh,4126606
GD202605008255,2026-05-03 20:37:48,KH000084,Mobile Banking,Chuyển khoản đi,2189000,0,Thành công,CN Cần Thơ,6681467
GD202605012072,2026-05-03 21:58:45,KH000127,QR Code,Chuyển khoản đi,640000,0,Thành công,CN Hoàn Kiếm,1198077
GD202605004675,2026-05-03 22:24:45,KH000050,Mobile Banking,Nộp tiền mặt,716000,0,Thành công,CN Bình Dương,7666929
GD202605008568,2026-05-03 22:30:59,KH000087,Mobile Banking,Thanh toán thẻ,149000,0,Thành công,CN Cầu Giấy,111026
GD202605016962,2026-05-03 22:58:00,KH000182,Internet Banking,Nộp tiền mặt,231000,0,Thành công,CN Quận 1,1984792
GD202605003310,2026-05-04 06:27:49,KH000031,POS,Thanh toán thẻ,94000,1100,Thành công,CN Cần Thơ,447503
GD202605018621,2026-05-04 06:30:36,KH000197,Mobile Banking,Chuyển khoản đi,4914000,0,Thất bại,CN Hải Phòng,95366870
GD202605018107,2026-05-04 06:39:21,KH000191,Internet Banking,Nạp tiền điện thoại,187000,0,Thành công,CN Bình Dương,6066249
GD202605012073,2026-05-04 07:00:47,KH000127,ATM,Chuyển khoản đến,333000,3300,Thành công,CN Cần Thơ,1531077
GD202605016642,2026-05-04 07:21:05,KH000180,POS,Rút tiền mặt,151000,5500,Thành công,CN Đà Nẵng,39489557
GD202605004882,2026-05-04 07:27:14,KH000052,Internet Banking,Thanh toán thẻ,162000,0,Thành công,CN Hải Phòng,172706
GD202605013600,2026-05-04 07:32:53,KH000142,QR Code,Thanh toán thẻ,3330000,0,Thành công,CN Đà Nẵng,156982912
GD202605001865,2026-05-04 07:42:51,KH000019,QR Code,Chuyển khoản đến,1853000,0,Thành công,CN Bình Dương,46594976
GD202605001866,2026-05-04 07:58:32,KH000019,Mobile Banking,Chuyển khoản đến,2676000,0,Thành công,CN TP Hồ Chí Minh,49270976
GD202605010477,2026-05-04 08:53:45,KH000110,Internet Banking,Thanh toán thẻ,2306000,0,Thành công,CN Cần Thơ,40199225
GD202605006156,2026-05-04 09:10:52,KH000063,POS,Thanh toán thẻ,119000,5500,Thành công,CN Quận 1,47845671
GD202605009346,2026-05-04 09:39:43,KH000096,Mobile Banking,Nộp tiền mặt,3402000,0,Thành công,CN Hải Phòng,21812571
GD202605007978,2026-05-04 09:53:43,KH000082,Internet Banking,Nộp tiền mặt,4304000,0,Thành công,CN Quận 1,41119596
GD202605001486,2026-05-04 10:00:35,KH000016,Internet Banking,Chuyển khoản đi,130000,0,Thành công,CN Thanh Xuân,160307
GD202605017539,2026-05-04 10:42:52,KH000185,QR Code,Thanh toán thẻ,12094000,0,Thành công,CN Bình Dương,23232020
GD202605018419,2026-05-04 10:45:46,KH000195,Internet Banking,Chuyển khoản đến,773000,0,Thành công,CN Cần Thơ,5570917
GD202605000392,2026-05-04 10:48:30,KH000008,QR Code,Nạp tiền điện thoại,1272000,0,Thành công,CN Cần Thơ,13927775
GD202605004396,2026-05-04 11:05:16,KH000045,QR Code,Chuyển khoản đến,1955000,0,Thành công,CN Đà Nẵng,45176665
GD202605002314,2026-05-04 11:25:20,KH000021,Mobile Banking,Nộp tiền mặt,644000,0,Thành công,CN Hoàn Kiếm,39624310
GD202605009828,2026-05-04 11:38:19,KH000100,Mobile Banking,Chuyển khoản đến,14190000,0,Thành công,CN Quận 1,57451030
GD202605018105,2026-05-04 12:08:24,KH000191,QR Code,Thanh toán hóa đơn,579000,0,Thành công,CN Đà Nẵng,5209249
GD202605018106,2026-05-04 12:33:25,KH000191,Mobile Banking,Nộp tiền mặt,1044000,0,Thành công,CN Thanh Xuân,6253249
GD202605014214,2026-05-04 12:36:35,KH000151,Mobile Banking,Nạp tiền điện thoại,681000,0,Thành công,CN Quận 1,2421716
GD202605009347,2026-05-04 13:20:56,KH000096,POS,Thanh toán thẻ,3228000,1100,Thành công,CN Cầu Giấy,18583471
GD202605015912,2026-05-04 13:33:46,KH000172,QR Code,Thanh toán thẻ,526000,0,Thành công,CN Thanh Xuân,3156301
GD202605010822,2026-05-04 13:36:03,KH000114,Mobile Banking,Thanh toán thẻ,2145000,0,Thành công,CN Cầu Giấy,48053205
GD202605003879,2026-05-04 13:45:18,KH000038,POS,Thanh toán hóa đơn,2820000,3300,Thành công,CN Quận 1,69655279
GD202605000391,2026-05-04 15:10:28,KH000008,QR Code,Thanh toán thẻ,2377000,0,Thành công,CN Hải Phòng,15199775
GD202605001867,2026-05-04 15:10:38,KH000019,POS,Thanh toán thẻ,2406000,1100,Thành công,CN Bình Dương,46863876
GD202605013972,2026-05-04 15:32:17,KH000147,POS,Nộp tiền mặt,3625000,5500,Thành công,CN Thanh Xuân,124036117
GD202605004881,2026-05-04 15:48:29,KH000052,QR Code,Thanh toán thẻ,57000,0,Thành công,CN Đà Nẵng,91706
GD202605008731,2026-05-04 15:50:01,KH000090,POS,Nạp tiền điện thoại,59059000,1100,Thành công,CN Quận 1,266782596
GD202605002912,2026-05-04 16:12:13,KH000027,QR Code,Thanh toán thẻ,2974000,0,Thành công,CN Hoàn Kiếm,20019806
GD202605010048,2026-05-04 17:32:03,KH000104,QR Code,Thanh toán thẻ,2060000,0,Thành công,CN Cầu Giấy,16022219
GD202605015409,2026-05-04 17:34:34,KH000165,ATM,Nộp tiền mặt,17269000,3300,Thành công,CN Bình Dương,68995467
GD202605016641,2026-05-04 17:52:20,KH000180,POS,Nạp tiền điện thoại,2445000,0,Thành công,CN Hoàn Kiếm,39646057
GD202605016780,2026-05-04 18:03:06,KH000181,QR Code,Thanh toán thẻ,129000,0,Thành công,CN TP Hồ Chí Minh,221820
GD202605005840,2026-05-04 19:37:52,KH000061,QR Code,Chuyển khoản đi,2031000,0,Thành công,CN Cầu Giấy,28494283
GD202605002913,2026-05-04 20:59:13,KH000027,QR Code,Chuyển khoản đi,4784000,0,Thành công,CN Hoàn Kiếm,15235806
GD202605011690,2026-05-04 21:28:17,KH000124,Quầy giao dịch,Nạp tiền điện thoại,1706000,5500,Thành công,CN Cần Thơ,11328638
GD202605004880,2026-05-04 21:53:09,KH000052,Internet Banking,Thanh toán hóa đơn,139000,0,Thành công,CN Hoàn Kiếm,63206
GD202605006371,2026-05-04 22:35:33,KH000065,Mobile Banking,Thanh toán thẻ,83000,0,Thành công,CN TP Hồ Chí Minh,8704699
GD202605006557,2026-05-05 06:27:00,KH000066,Quầy giao dịch,Nhận lương,11120601,0,Thành công,CN Cầu Giấy,154825917
GD202605009909,2026-05-05 07:09:42,KH000102,Quầy giao dịch,Nhận lương,10647451,0,Thành công,CN Hải Phòng,176048077
GD202605002914,2026-05-05 07:20:57,KH000027,Quầy giao dịch,Nhận lương,16425750,0,Thành công,CN Quận 1,31661557
GD202605006996,2026-05-05 07:29:54,KH000074,Internet Banking,Thanh toán hóa đơn,1701000,0,Thành công,CN TP Hồ Chí Minh,25824432
GD202605005503,2026-05-05 07:30:44,KH000058,Quầy giao dịch,Thanh toán hóa đơn,4767000,5500,Thành công,CN Cầu Giấy,77165021
GD202605011783,2026-05-05 07:43:00,KH000125,QR Code,Thanh toán thẻ,122000,0,Thành công,CN Cầu Giấy,84936
GD202605012636,2026-05-05 07:45:42,KH000131,QR Code,Thanh toán thẻ,189000,0,Thành công,CN TP Hồ Chí Minh,311680
GD202605008705,2026-05-05 08:05:01,KH000089,Quầy giao dịch,Nhận lương,19447738,0,Thành công,CN Bình Dương,91412128
GD202605017896,2026-05-05 08:51:23,KH000189,POS,Nạp tiền điện thoại,84422000,1100,Thành công,CN Bình Dương,269556046
GD202605017992,2026-05-05 09:28:35,KH000190,Quầy giao dịch,Nhận lương,57565946,0,Thành công,CN Cầu Giấy,777596046
GD202605006786,2026-05-05 09:47:26,KH000071,POS,Thanh toán thẻ,10154000,1100,Thành công,CN Quận 1,44116738
GD202605001139,2026-05-05 10:25:42,KH000014,Quầy giao dịch,Nhận lương,66109035,0,Thành công,CN Quận 1,76682562
GD202605002662,2026-05-05 10:34:04,KH000025,QR Code,Thanh toán hóa đơn,83000,0,Thành công,CN Cầu Giấy,101131
GD202605007980,2026-05-05 10:49:21,KH000082,Mobile Banking,Rút tiền mặt,608000,0,Thành công,CN Cần Thơ,39187296
GD202605006995,2026-05-05 10:53:07,KH000074,QR Code,Chuyển khoản đến,1126000,0,Thành công,CN TP Hồ Chí Minh,27525432
GD202605001710,2026-05-05 10:55:38,KH000018,Internet Banking,Thanh toán thẻ,1450000,0,Thành công,CN Cần Thơ,48573408
GD202605006866,2026-05-05 11:22:46,KH000072,Quầy giao dịch,Nộp tiền mặt,866000,3300,Thành công,CN Cần Thơ,41027560
GD202605018420,2026-05-05 11:29:41,KH000195,Internet Banking,Chuyển khoản đi,352000,0,Thành công,CN Cầu Giấy,5218917
GD202605007979,2026-05-05 11:40:02,KH000082,POS,Thanh toán thẻ,1321000,3300,Thành công,CN Hải Phòng,39795296
GD202605011636,2026-05-05 11:54:29,KH000123,Quầy giao dịch,Chuyển khoản đi,12893000,0,Thành công,CN TP Hồ Chí Minh,475164116
GD202605004883,2026-05-05 12:07:12,KH000052,QR Code,Nộp tiền mặt,193000,0,Thành công,CN Hải Phòng,365706
GD202605017710,2026-05-05 12:34:28,KH000187,Mobile Banking,Chuyển khoản đến,856000,0,Thành công,CN Cần Thơ,8403862
GD202605000054,2026-05-05 12:40:41,KH000002,ATM,Rút tiền mặt,1790000,3300,Thành công,CN Cần Thơ,70300929
GD202605005289,2026-05-05 12:57:36,KH000056,POS,Thanh toán thẻ,988000,5500,Thành công,CN Cầu Giấy,78495302
GD202605012074,2026-05-05 12:59:01,KH000127,Mobile Banking,Chuyển khoản đến,369000,0,Thành công,CN Hải Phòng,1900077
GD202605006722,2026-05-05 12:59:53,KH000069,Quầy giao dịch,Nhận lương,8343007,0,Thành công,CN Cần Thơ,76072785
GD202605006157,2026-05-05 13:19:25,KH000063,QR Code,Chuyển khoản đến,938000,0,Thành công,CN Hải Phòng,48783671
GD202605005594,2026-05-05 13:32:39,KH000059,POS,Thanh toán thẻ,3430000,1100,Thành công,CN Bình Dương,23188567
GD202605011353,2026-05-05 13:32:49,KH000119,QR Code,Rút tiền mặt,136000,0,Thành công,CN Đà Nẵng,28914179
GD202605016964,2026-05-05 13:51:13,KH000182,Quầy giao dịch,Nhận lương,26937897,0,Thành công,CN Cầu Giấy,28345689
GD202605004285,2026-05-05 14:46:05,KH000043,ATM,Rút tiền mặt,300000,0,Thành công,CN Thanh Xuân,41733679
GD202605000023,2026-05-05 15:05:47,KH000001,Mobile Banking,Rút tiền mặt,2414000,0,Thành công,CN Thanh Xuân,62003335
GD202605011191,2026-05-05 15:06:18,KH000118,Quầy giao dịch,Nhận lương,14059752,0,Thành công,CN Bình Dương,35065226
GD202605016128,2026-05-05 15:06:58,KH000174,Quầy giao dịch,Nhận lương,9471135,0,Thành công,CN Bình Dương,64803690
GD202605017267,2026-05-05 15:32:07,KH000183,ATM,Nộp tiền mặt,70000,1100,Thành công,CN TP Hồ Chí Minh,4069989
GD202605001868,2026-05-05 15:35:42,KH000019,POS,Thanh toán thẻ,3083000,5500,Thành công,CN Đà Nẵng,43775376
GD202605004676,2026-05-05 15:43:08,KH000050,QR Code,Rút tiền mặt,1762000,0,Thành công,CN Cần Thơ,5904929
GD202605004528,2026-05-05 16:11:40,KH000046,Quầy giao dịch,Nhận lương,43553468,0,Thành công,CN Đà Nẵng,116252721
GD202605008732,2026-05-05 16:14:01,KH000090,ATM,Chuyển khoản đến,85323000,5500,Thành công,CN Đà Nẵng,352105596
GD202605010345,2026-05-05 16:17:06,KH000108,Internet Banking,Chuyển khoản đến,287000,0,Thành công,CN Bình Dương,49090091
GD202605000626,2026-05-05 16:23:13,KH000010,QR Code,Nộp tiền mặt,378000,0,Thành công,CN Cần Thơ,4413259
GD202605014153,2026-05-05 16:23:58,KH000150,Quầy giao dịch,Nhận lương,16131479,0,Thành công,CN Quận 1,49792657
GD202605017895,2026-05-05 16:36:33,KH000189,Quầy giao dịch,Nhận lương,103128482,0,Thành công,CN Thanh Xuân,353979146
GD202605002664,2026-05-05 16:38:39,KH000025,POS,Thanh toán thẻ,132000,5500,Thành công,CN Đà Nẵng,53131
GD202605007981,2026-05-05 17:05:50,KH000082,Internet Banking,Chuyển khoản đi,4614000,0,Thành công,CN Quận 1,34573296
GD202605006785,2026-05-05 17:16:22,KH000071,POS,Nộp tiền mặt,12512000,5500,Thành công,CN Cầu Giấy,54271838
GD202605014878,2026-05-05 17:40:54,KH000158,Quầy giao dịch,Nhận lương,14284917,0,Thành công,CN Quận 1,71884253
GD202605010478,2026-05-05 17:51:45,KH000110,Internet Banking,Chuyển khoản đến,3463000,0,Thành công,CN Bình Dương,43662225
GD202605002663,2026-05-05 18:34:43,KH000025,Internet Banking,Chuyển khoản đi,179000,0,Thành công,CN TP Hồ Chí Minh,190631
GD202605007894,2026-05-05 19:01:27,KH000081,POS,Thanh toán hóa đơn,24174000,0,Thành công,CN Hải Phòng,117387035
GD202605004547,2026-05-05 19:05:06,KH000047,Quầy giao dịch,Nhận lương,10861541,0,Thành công,CN Bình Dương,96921188
GD202605012635,2026-05-05 19:11:23,KH000131,QR Code,Nộp tiền mặt,91000,0,Thành công,CN Hoàn Kiếm,500680
GD202605010049,2026-05-05 19:34:34,KH000104,Quầy giao dịch,Nhận lương,10170014,0,Thành công,CN Cần Thơ,26192233
GD202605002315,2026-05-05 19:41:04,KH000021,Quầy giao dịch,Nộp tiền mặt,587000,0,Thành công,CN Hoàn Kiếm,40211310
GD202605007869,2026-05-05 20:33:52,KH000080,Quầy giao dịch,Nhận lương,11306331,0,Thành công,CN Hải Phòng,90285057
GD202605018421,2026-05-05 21:07:04,KH000195,POS,Thanh toán thẻ,786000,3300,Thành công,CN Hoàn Kiếm,4429617
GD202605009080,2026-05-05 21:20:48,KH000094,QR Code,Thanh toán hóa đơn,2247000,0,Thành công,CN Thanh Xuân,66329096
GD202605005841,2026-05-05 21:49:12,KH000061,Mobile Banking,Thanh toán hóa đơn,307000,0,Thành công,CN Hoàn Kiếm,28187283
GD202605003818,2026-05-05 21:55:52,KH000037,ATM,Chuyển khoản đến,16153000,0,Thành công,CN Cầu Giấy,102061058
GD202605018258,2026-05-05 21:57:34,KH000192,Quầy giao dịch,Nhận lương,20184338,0,Thành công,CN Quận 1,130285951
GD202605007870,2026-05-05 22:21:30,KH000080,QR Code,Chuyển khoản đi,2680000,0,Thành công,CN Cầu Giấy,87605057
GD202605009273,2026-05-05 22:37:17,KH000095,Internet Banking,Nạp tiền điện thoại,203000,0,Thành công,CN Quận 1,11562880
GD202605014440,2026-05-05 22:39:51,KH000153,QR Code,Thanh toán thẻ,303000,0,Thành công,CN Hải Phòng,1041241
GD202605007649,2026-05-06 06:32:33,KH000079,Quầy giao dịch,Nhận lương,31904531,0,Thành công,CN Hải Phòng,34483280
GD202605010050,2026-05-06 06:51:16,KH000104,Internet Banking,Thanh toán thẻ,1455000,0,Thành công,CN TP Hồ Chí Minh,24737233
GD202605009731,2026-05-06 06:52:25,KH000099,Quầy giao dịch,Nhận lương,10977165,0,Thành công,CN Thanh Xuân,40651334
GD202605007321,2026-05-06 08:45:50,KH000077,ATM,Nộp tiền mặt,746000,5500,Thành công,CN Thanh Xuân,11302642
GD202605007323,2026-05-06 08:58:41,KH000077,POS,Thanh toán thẻ,3458000,0,Thành công,CN Quận 1,6736642
GD202605017269,2026-05-06 09:29:26,KH000183,Internet Banking,Thanh toán hóa đơn,690000,0,Thành công,CN Cần Thơ,4496989
GD202605016265,2026-05-06 09:42:56,KH000176,Internet Banking,Nộp tiền mặt,623000,0,Thành công,CN Hoàn Kiếm,30375433
GD202605008685,2026-05-06 10:06:25,KH000088,Quầy giao dịch,Thanh toán hóa đơn,352000,0,Thành công,CN Cầu Giấy,3906553
GD202605004041,2026-05-06 10:47:29,KH000040,Quầy giao dịch,Nhận lương,10291156,0,Thành công,CN Hải Phòng,61455954
GD202605003269,2026-05-06 10:59:50,KH000030,Quầy giao dịch,Nhận lương,12055037,0,Thành công,CN Cần Thơ,135040522
GD202605010823,2026-05-06 11:10:18,KH000114,Mobile Banking,Thanh toán thẻ,1326000,0,Thành công,CN Quận 1,46727205
GD202605015913,2026-05-06 11:14:03,KH000172,QR Code,Thanh toán thẻ,76000,0,Thành công,CN Hoàn Kiếm,3080301
GD202605007650,2026-05-06 11:26:13,KH000079,Internet Banking,Thanh toán thẻ,5072000,0,Thành công,CN Bình Dương,29411280
GD202605013171,2026-05-06 11:26:54,KH000136,Quầy giao dịch,Nhận lương,39217772,0,Thành công,CN Hoàn Kiếm,134424293
GD202605004884,2026-05-06 11:51:59,KH000052,POS,Thanh toán thẻ,129000,1100,Thành công,CN Thanh Xuân,235606
GD202605014215,2026-05-06 11:56:59,KH000151,Internet Banking,Chuyển khoản đến,325000,0,Thành công,CN Quận 1,2746716
GD202605013853,2026-05-06 12:04:41,KH000145,Internet Banking,Nộp tiền mặt,330000,0,Thành công,CN Đà Nẵng,46024012
GD202605000117,2026-05-06 12:50:51,KH000004,Quầy giao dịch,Nhận lương,19601470,0,Thành công,CN Hoàn Kiếm,154476551
GD202605009274,2026-05-06 12:54:17,KH000095,Quầy giao dịch,Nhận lương,14994850,0,Thành công,CN Đà Nẵng,26557730
GD202605011355,2026-05-06 13:27:37,KH000119,Internet Banking,Nộp tiền mặt,179000,0,Thành công,CN Đà Nẵng,28991179
GD202605010479,2026-05-06 13:30:05,KH000110,Mobile Banking,Nộp tiền mặt,1643000,0,Thành công,CN Quận 1,45305225
GD202605008853,2026-05-06 13:46:28,KH000092,Internet Banking,Thanh toán thẻ,885000,0,Thành công,CN Quận 1,1770750
GD202605005504,2026-05-06 13:47:35,KH000058,Quầy giao dịch,Nhận lương,42622661,0,Thành công,CN Cần Thơ,119787682
GD202605017268,2026-05-06 14:01:50,KH000183,Mobile Banking,Chuyển khoản đến,1117000,0,Thành công,CN Quận 1,5186989
GD202605000074,2026-05-06 14:02:28,KH000003,Quầy giao dịch,Nhận lương,44999277,0,Thành công,CN Thanh Xuân,295771170
GD202605015123,2026-05-06 14:06:18,KH000162,QR Code,Chuyển khoản đi,139000,0,Thành công,CN Đà Nẵng,377903
GD202605001711,2026-05-06 14:09:15,KH000018,Mobile Banking,Rút tiền mặt,1027000,0,Thành công,CN Cầu Giấy,47546408
GD202605015764,2026-05-06 14:21:41,KH000171,Mobile Banking,Chuyển khoản đến,74000,0,Thành công,CN Hoàn Kiếm,1082651
GD202605003882,2026-05-06 14:27:32,KH000038,QR Code,Chuyển khoản đến,2555000,0,Thành công,CN Hải Phòng,84410051
GD202605006997,2026-05-06 14:30:53,KH000074,Internet Banking,Thanh toán thẻ,241000,0,Thành công,CN Bình Dương,25583432
GD202605013285,2026-05-06 14:42:03,KH000137,Quầy giao dịch,Nhận lương,16839880,0,Thành công,CN Cầu Giấy,34487975
GD202605006558,2026-05-06 15:00:03,KH000066,Internet Banking,Nộp tiền mặt,4832000,0,Thành công,CN Thanh Xuân,159657917
GD202605007320,2026-05-06 15:49:02,KH000077,Quầy giao dịch,Nhận lương,9012016,0,Thành công,CN Quận 1,10556642
GD202605005290,2026-05-06 15:52:48,KH000056,Quầy giao dịch,Nhận lương,11600802,0,Thành công,CN Cần Thơ,90096103
GD202605011354,2026-05-06 16:00:41,KH000119,QR Code,Chuyển khoản đi,102000,0,Thành công,CN Quận 1,28812179
GD202605006998,2026-05-06 16:47:56,KH000074,Mobile Banking,Rút tiền mặt,471000,0,Thành công,CN Thanh Xuân,25112432
GD202605003880,2026-05-06 16:51:27,KH000038,Quầy giao dịch,Nhận lương,11665772,0,Thành công,CN Bình Dương,81321051
GD202605000896,2026-05-06 16:57:56,KH000012,Quầy giao dịch,Nhận lương,11344686,0,Thành công,CN Cầu Giấy,76190451
GD202605017540,2026-05-06 17:45:26,KH000185,ATM,Chuyển khoản đến,5902000,0,Thành công,CN Hoàn Kiếm,29134020
GD202605015468,2026-05-06 17:46:44,KH000166,POS,Rút tiền mặt,2447000,3300,Thành công,CN Hải Phòng,164316933
GD202605016154,2026-05-06 17:47:39,KH000175,POS,Thanh toán hóa đơn,28755000,5500,Thành công,CN Quận 1,94649108
GD202605018108,2026-05-06 18:25:45,KH000191,QR Code,Rút tiền mặt,1211000,0,Thành công,CN Đà Nẵng,4855249
GD202605009732,2026-05-06 18:43:31,KH000099,Mobile Banking,Thanh toán thẻ,712000,0,Thành công,CN Bình Dương,39939334
GD202605003881,2026-05-06 18:47:13,KH000038,Quầy giao dịch,Nộp tiền mặt,534000,1100,Thành công,CN TP Hồ Chí Minh,81855051
GD202605013489,2026-05-06 18:59:06,KH000140,POS,Rút tiền mặt,353000,5500,Thành công,CN Cầu Giấy,27842636
GD202605011192,2026-05-06 19:16:17,KH000118,QR Code,Nộp tiền mặt,9386000,0,Thất bại,CN Cần Thơ,35065226
GD202605000799,2026-05-06 19:20:11,KH000011,Internet Banking,Thanh toán thẻ,2274000,0,Thành công,CN Thanh Xuân,77764305
GD202605003623,2026-05-06 19:29:02,KH000034,Internet Banking,Thanh toán thẻ,227000,0,Thành công,CN Hoàn Kiếm,70313626
GD202605004195,2026-05-06 19:40:24,KH000042,Quầy giao dịch,Nhận lương,11171411,0,Thành công,CN Quận 1,47396534
GD202605008113,2026-05-06 20:02:49,KH000083,Quầy giao dịch,Nhận lương,8579256,0,Thành công,CN Hoàn Kiếm,47101850
GD202605007871,2026-05-06 20:27:33,KH000080,QR Code,Chuyển khoản đi,2959000,0,Thành công,CN Hoàn Kiếm,84646057
GD202605003311,2026-05-06 20:49:29,KH000031,POS,Nộp tiền mặt,188000,3300,Thành công,CN Quận 1,635503
GD202605007322,2026-05-06 21:12:29,KH000077,Mobile Banking,Thanh toán thẻ,1108000,0,Thành công,CN Thanh Xuân,10194642
GD202605004042,2026-05-06 21:23:28,KH000040,POS,Thanh toán thẻ,1055000,1100,Thành công,CN Đà Nẵng,60399854
GD202605003622,2026-05-06 21:36:31,KH000034,Quầy giao dịch,Nhận lương,8147661,0,Thành công,CN Bình Dương,70540626
GD202605012894,2026-05-06 21:40:18,KH000132,Quầy giao dịch,Nhận lương,22381828,0,Thành công,CN Bình Dương,32047794
GD202605012075,2026-05-06 21:50:15,KH000127,POS,Thanh toán thẻ,546000,3300,Thành công,CN TP Hồ Chí Minh,1350777
GD202605000897,2026-05-06 22:37:12,KH000012,Internet Banking,Thanh toán hóa đơn,885000,0,Thành công,CN Hoàn Kiếm,75305451
GD202605005505,2026-05-07 06:31:02,KH000058,Quầy giao dịch,Thanh toán hóa đơn,10514000,0,Thành công,CN Cần Thơ,109273682
GD202605008256,2026-05-07 06:35:24,KH000084,Quầy giao dịch,Nhận lương,8559875,0,Thành công,CN Cần Thơ,15241342
GD202605007324,2026-05-07 07:28:40,KH000077,POS,Nộp tiền mặt,2144000,1100,Thành công,CN Bình Dương,8880642
GD202605016965,2026-05-07 07:38:36,KH000182,QR Code,Thanh toán thẻ,1072000,0,Thành công,CN Hoàn Kiếm,27273689
GD202605011637,2026-05-07 07:46:00,KH000123,Quầy giao dịch,Nhận lương,72689930,0,Thành công,CN Cần Thơ,547854046
GD202605013382,2026-05-07 07:51:50,KH000138,Quầy giao dịch,Nhận lương,8039854,0,Thành công,CN Thanh Xuân,30658705
GD202605010481,2026-05-07 08:45:06,KH000110,ATM,Nộp tiền mặt,1464000,3300,Thành công,CN Hoàn Kiếm,57337862
GD202605012637,2026-05-07 08:50:49,KH000131,Internet Banking,Thanh toán hóa đơn,141000,0,Thành công,CN Hoàn Kiếm,170680
GD202605011976,2026-05-07 08:57:30,KH000126,Internet Banking,Thanh toán thẻ,381000,0,Thành công,CN Bình Dương,1366099
GD202605007982,2026-05-07 09:08:25,KH000082,Quầy giao dịch,Nhận lương,10689284,0,Thành công,CN Thanh Xuân,45262580
GD202605011784,2026-05-07 09:25:39,KH000125,POS,Thanh toán thẻ,171000,1100,Thành công,CN TP Hồ Chí Minh,169336
GD202605011356,2026-05-07 09:39:07,KH000119,Quầy giao dịch,Nhận lương,7827366,0,Thành công,CN Hải Phòng,36818545
GD202605010927,2026-05-07 09:42:08,KH000115,Quầy giao dịch,Nhận lương,11935002,0,Thành công,CN TP Hồ Chí Minh,26191247
GD202605002665,2026-05-07 09:45:09,KH000025,Mobile Banking,Nộp tiền mặt,120000,0,Thất bại,CN Quận 1,53131
GD202605009852,2026-05-07 10:05:34,KH000101,Quầy giao dịch,Nhận lương,16175732,0,Thành công,CN Cầu Giấy,107122884
GD202605005412,2026-05-07 10:33:36,KH000057,POS,Thanh toán thẻ,422000,1100,Thành công,CN Cần Thơ,36780188
GD202605004044,2026-05-07 10:41:33,KH000040,POS,Chuyển khoản đến,750000,3300,Thành công,CN Hoàn Kiếm,59151554
GD202605001869,2026-05-07 10:41:52,KH000019,Quầy giao dịch,Nhận lương,9508062,0,Thành công,CN Cầu Giấy,53283438
GD202605005842,2026-05-07 10:51:56,KH000061,QR Code,Thanh toán thẻ,787000,0,Thành công,CN Cầu Giấy,27400283
GD202605009519,2026-05-07 11:16:04,KH000097,Mobile Banking,Chuyển khoản đến,778000,0,Thành công,CN Hoàn Kiếm,16580549
GD202605012076,2026-05-07 11:21:54,KH000127,Quầy giao dịch,Nhận lương,16114512,0,Thành công,CN Hoàn Kiếm,17465289
GD202605013973,2026-05-07 11:35:30,KH000147,Quầy giao dịch,Nhận lương,11016558,0,Thành công,CN Hoàn Kiếm,135052675
GD202605008257,2026-05-07 11:44:37,KH000084,ATM,Nộp tiền mặt,2589000,5500,Thành công,CN Cần Thơ,17830342
GD202605010480,2026-05-07 12:53:26,KH000110,Quầy giao dịch,Nhận lương,10568637,0,Thành công,CN Hoàn Kiếm,55873862
GD202605006374,2026-05-07 13:07:33,KH000065,Internet Banking,Chuyển khoản đi,5621000,0,Thành công,CN Cần Thơ,56060120
GD202605009829,2026-05-07 13:10:17,KH000100,Quầy giao dịch,Nhận lương,20985777,0,Thành công,CN Hải Phòng,78436808
GD202605005506,2026-05-07 13:22:29,KH000058,ATM,Nạp tiền điện thoại,12176000,1100,Thành công,CN TP Hồ Chí Minh,97096582
GD202605014441,2026-05-07 13:31:08,KH000153,POS,Thanh toán thẻ,230000,5500,Thành công,CN Đà Nẵng,805741
GD202605012454,2026-05-07 14:56:56,KH000130,Internet Banking,Nạp tiền điện thoại,3603000,0,Thành công,CN Quận 1,37016822
GD202605006373,2026-05-07 14:58:25,KH000065,POS,Thanh toán thẻ,16874000,3300,Thành công,CN Hải Phòng,61681120
GD202605002438,2026-05-07 15:53:33,KH000023,QR Code,Chuyển khoản đi,601000,0,Thành công,CN Hải Phòng,18972364
GD202605008569,2026-05-07 16:09:45,KH000087,Internet Banking,Nộp tiền mặt,128000,0,Thành công,CN Thanh Xuân,239026
GD202605013172,2026-05-07 16:44:04,KH000136,Mobile Banking,Thanh toán thẻ,1299000,0,Thành công,CN Cầu Giấy,133125293
GD202605002865,2026-05-07 17:08:10,KH000026,Internet Banking,Chuyển khoản đi,312000,0,Thành công,CN Quận 1,858622
GD202605004043,2026-05-07 17:32:45,KH000040,POS,Thanh toán thẻ,1995000,3300,Thành công,CN Bình Dương,58401554
GD202605010578,2026-05-07 17:40:42,KH000111,Quầy giao dịch,Nhận lương,44477060,0,Thành công,CN Hoàn Kiếm,169678326
GD202605006372,2026-05-07 17:52:22,KH000065,Quầy giao dịch,Nhận lương,69853721,0,Thành công,CN Thanh Xuân,78558420
GD202605015124,2026-05-07 18:03:32,KH000162,QR Code,Nộp tiền mặt,82000,0,Thành công,CN Hoàn Kiếm,459903
GD202605010051,2026-05-07 18:16:26,KH000104,QR Code,Thanh toán thẻ,2275000,0,Thành công,CN Cầu Giấy,22462233
GD202605002666,2026-05-07 18:26:41,KH000025,Internet Banking,Thanh toán hóa đơn,101000,0,Thành công,CN Bình Dương,103631
GD202605012895,2026-05-07 18:37:05,KH000132,ATM,Rút tiền mặt,4148000,1100,Thất bại,CN Hải Phòng,32047794
GD202605016155,2026-05-07 19:53:39,KH000175,Quầy giao dịch,Nhận lương,9675890,0,Thành công,CN Bình Dương,104324998
GD202605003062,2026-05-07 20:06:27,KH000028,POS,Thanh toán thẻ,1908000,5500,Thành công,CN Đà Nẵng,29498650
GD202605003624,2026-05-07 20:14:36,KH000034,Mobile Banking,Chuyển khoản đi,2420000,0,Thành công,CN Quận 1,67893626
GD202605010052,2026-05-07 21:01:29,KH000104,Mobile Banking,Thanh toán hóa đơn,3974000,0,Thành công,CN Hải Phòng,18488233
GD202605007219,2026-05-07 21:13:43,KH000076,POS,Thanh toán thẻ,1592000,0,Thành công,CN Hải Phòng,3097341
GD202605000320,2026-05-07 21:39:02,KH000007,QR Code,Nạp tiền điện thoại,4345000,0,Thành công,CN Thanh Xuân,11539347
GD202605012077,2026-05-07 22:13:14,KH000127,Mobile Banking,Thanh toán thẻ,4425000,0,Thành công,CN Quận 1,13040289
GD202605000627,2026-05-07 22:14:59,KH000010,Quầy giao dịch,Nhận lương,13305730,0,Thành công,CN Cầu Giấy,17718990
GD202605006158,2026-05-07 22:24:25,KH000063,Internet Banking,Rút tiền mặt,329000,0,Thành công,CN Hải Phòng,48454671
GD202605004397,2026-05-07 22:27:09,KH000045,POS,Rút tiền mặt,136000,1100,Thành công,CN Cầu Giấy,45039565
GD202605007220,2026-05-07 22:29:31,KH000076,Mobile Banking,Thanh toán thẻ,177000,0,Thành công,CN Cầu Giấy,2920341
GD202605009733,2026-05-07 22:55:04,KH000099,QR Code,Thanh toán hóa đơn,2592000,0,Thành công,CN Thanh Xuân,37347334
GD202605008258,2026-05-08 06:05:09,KH000084,Internet Banking,Chuyển khoản đến,431000,0,Thành công,CN Hoàn Kiếm,18261342
GD202605012896,2026-05-08 06:21:55,KH000132,POS,Thanh toán thẻ,6553000,5500,Thành công,CN Thanh Xuân,25489294
GD202605006159,2026-05-08 07:31:29,KH000063,Internet Banking,Thanh toán hóa đơn,386000,0,Thành công,CN Bình Dương,48068671
GD202605004885,2026-05-08 07:34:18,KH000052,Mobile Banking,Nộp tiền mặt,133000,0,Thành công,CN Cần Thơ,368606
GD202605006375,2026-05-08 07:55:31,KH000065,QR Code,Thanh toán hóa đơn,15102000,0,Thành công,CN Thanh Xuân,40958120
GD202605004886,2026-05-08 08:01:38,KH000052,Mobile Banking,Chuyển khoản đi,144000,0,Thành công,CN Cầu Giấy,224606
GD202605000898,2026-05-08 08:10:12,KH000012,POS,Nộp tiền mặt,64000,0,Thành công,CN Cần Thơ,75369451
GD202605004045,2026-05-08 08:18:52,KH000040,QR Code,Chuyển khoản đi,6376000,0,Thành công,CN Hải Phòng,52775554
GD202605018572,2026-05-08 08:57:06,KH000196,Quầy giao dịch,Nhận lương,8996243,0,Thành công,CN Bình Dương,52559998
GD202605012455,2026-05-08 09:03:22,KH000130,Quầy giao dịch,Nhận lương,11215289,0,Thành công,CN Cần Thơ,48232111
GD202605012283,2026-05-08 09:37:15,KH000128,Mobile Banking,Nộp tiền mặt,124000,0,Thất bại,CN Thanh Xuân,33918171
GD202605000393,2026-05-08 09:43:02,KH000008,QR Code,Thanh toán thẻ,992000,0,Thành công,CN Bình Dương,12935775
GD202605017270,2026-05-08 09:45:15,KH000183,Quầy giao dịch,Nhận lương,86035934,0,Thành công,CN Quận 1,90532924
GD202605015914,2026-05-08 11:13:04,KH000172,QR Code,Thanh toán thẻ,916000,0,Thành công,CN Đà Nẵng,2164301
GD202605009082,2026-05-08 11:31:35,KH000094,QR Code,Rút tiền mặt,635000,0,Thành công,CN Đà Nẵng,66795096
GD202605016572,2026-05-08 11:31:49,KH000179,Quầy giao dịch,Nhận lương,29176576,0,Thành công,CN Cần Thơ,196076742
GD202605013601,2026-05-08 11:40:02,KH000142,Quầy giao dịch,Nhận lương,50638497,0,Thành công,CN TP Hồ Chí Minh,207621409
GD202605017541,2026-05-08 11:40:30,KH000185,Quầy giao dịch,Nhận lương,22742372,0,Thành công,CN Hoàn Kiếm,51876392
GD202605014127,2026-05-08 11:43:37,KH000149,POS,Thanh toán thẻ,1822000,5500,Thành công,CN Đà Nẵng,21811701
GD202605006376,2026-05-08 12:00:00,KH000065,POS,Thanh toán thẻ,8577000,5500,Thành công,CN Cầu Giấy,32375620
GD202605016266,2026-05-08 12:19:36,KH000176,POS,Thanh toán thẻ,183000,5500,Thành công,CN Bình Dương,30186933
GD202605010824,2026-05-08 12:28:23,KH000114,ATM,Chuyển khoản đi,1905000,3300,Thành công,CN Hải Phòng,44818905
GD202605011193,2026-05-08 12:39:37,KH000118,Internet Banking,Thanh toán thẻ,6061000,0,Thành công,CN Bình Dương,29004226
GD202605004320,2026-05-08 12:43:51,KH000044,POS,Thanh toán hóa đơn,6017000,3300,Thành công,CN Cần Thơ,13141062
GD202605017711,2026-05-08 13:37:09,KH000187,Quầy giao dịch,Nhận lương,15166449,0,Thành công,CN Hoàn Kiếm,23570311
GD202605015915,2026-05-08 14:07:02,KH000172,QR Code,Chuyển khoản đi,466000,0,Thành công,CN Hoàn Kiếm,1698301
GD202605010200,2026-05-08 14:18:56,KH000105,Quầy giao dịch,Nhận lương,56458086,0,Thành công,CN Cần Thơ,267534401
GD202605002439,2026-05-08 14:21:01,KH000023,QR Code,Nộp tiền mặt,6273000,0,Thành công,CN Hoàn Kiếm,25245364
GD202605011357,2026-05-08 14:29:08,KH000119,POS,Thanh toán thẻ,75000,5500,Thành công,CN Cầu Giấy,36738045
GD202605012638,2026-05-08 14:42:45,KH000131,Mobile Banking,Chuyển khoản đi,69000,0,Thành công,CN Hải Phòng,101680
GD202605014126,2026-05-08 14:53:48,KH000149,POS,Nộp tiền mặt,3185000,1100,Thành công,CN Cần Thơ,23639201
GD202605014039,2026-05-08 14:55:02,KH000148,Internet Banking,Chuyển khoản đến,213000,0,Thành công,CN Cần Thơ,45087520
GD202605008784,2026-05-08 14:56:11,KH000091,Quầy giao dịch,Nhận lương,41878536,0,Thành công,CN TP Hồ Chí Minh,171818364
GD202605007895,2026-05-08 15:05:50,KH000081,Quầy giao dịch,Nhận lương,49684231,0,Thành công,CN TP Hồ Chí Minh,167071265
GD202605004677,2026-05-08 16:07:07,KH000050,Quầy giao dịch,Nhận lương,10219148,0,Thành công,CN Bình Dương,16124077
GD202605009520,2026-05-08 16:20:43,KH000097,Mobile Banking,Chuyển khoản đến,2164000,0,Thành công,CN Hải Phòng,18744549
GD202605001140,2026-05-08 16:56:52,KH000014,QR Code,Thanh toán thẻ,15753000,0,Thành công,CN TP Hồ Chí Minh,60929562
GD202605006999,2026-05-08 17:00:43,KH000074,QR Code,Thanh toán thẻ,544000,0,Thành công,CN Quận 1,24568432
GD202605001487,2026-05-08 17:14:24,KH000016,POS,Thanh toán thẻ,180000,0,Thành công,CN Hải Phòng,250307
GD202605017897,2026-05-08 17:59:07,KH000189,Internet Banking,Thanh toán thẻ,33028000,0,Thành công,CN Hoàn Kiếm,236528046
GD202605000024,2026-05-08 18:18:04,KH000001,Quầy giao dịch,Nhận lương,27469397,0,Thành công,CN Đà Nẵng,89472731
GD202605003063,2026-05-08 18:21:18,KH000028,QR Code,Rút tiền mặt,151000,0,Thành công,CN Hoàn Kiếm,29347650
GD202605001141,2026-05-08 18:24:45,KH000014,QR Code,Nộp tiền mặt,1906000,0,Thành công,CN Cần Thơ,62835562
GD202605011194,2026-05-08 18:27:48,KH000118,QR Code,Thanh toán thẻ,4936000,0,Thành công,CN Cầu Giấy,24068226
GD202605013854,2026-05-08 19:34:35,KH000145,Quầy giao dịch,Nhận lương,11751876,0,Thành công,CN Cần Thơ,57775889
GD202605003819,2026-05-08 19:44:21,KH000037,ATM,Rút tiền mặt,23059000,3300,Thành công,CN Quận 1,78998758
GD202605007325,2026-05-08 19:55:08,KH000077,Mobile Banking,Chuyển khoản đến,2885000,0,Thất bại,CN Thanh Xuân,8880642
GD202605000800,2026-05-08 20:05:44,KH000011,Quầy giao dịch,Nhận lương,11287877,0,Thành công,CN Quận 1,89052182
GD202605017271,2026-05-08 20:33:55,KH000183,QR Code,Chuyển khoản đến,23990000,0,Thành công,CN Thanh Xuân,114522924
GD202605016781,2026-05-08 21:07:52,KH000181,QR Code,Chuyển khoản đi,141000,0,Thành công,CN Đà Nẵng,80820
GD202605003883,2026-05-08 21:09:56,KH000038,POS,Rút tiền mặt,3343000,3300,Thành công,CN Bình Dương,81063751
GD202605013717,2026-05-08 21:20:46,KH000143,Quầy giao dịch,Nhận lương,8840955,0,Thành công,CN Đà Nẵng,51020561
GD202605008570,2026-05-08 21:23:54,KH000087,Mobile Banking,Chuyển khoản đến,171000,0,Thành công,CN TP Hồ Chí Minh,410026
GD202605013173,2026-05-08 21:27:08,KH000136,QR Code,Rút tiền mặt,43201000,0,Thành công,CN Đà Nẵng,89924293
GD202605000801,2026-05-08 22:42:00,KH000011,QR Code,Thanh toán thẻ,1934000,0,Thành công,CN Cầu Giấy,87118182
GD202605009081,2026-05-08 22:45:40,KH000094,Mobile Banking,Nộp tiền mặt,1101000,0,Thành công,CN Đà Nẵng,67430096
GD202605010287,2026-05-08 22:48:21,KH000107,Quầy giao dịch,Nhận lương,9939538,0,Thành công,CN Quận 1,52572220
GD202605014991,2026-05-08 22:57:49,KH000160,Quầy giao dịch,Nhận lương,11723363,0,Thành công,CN TP Hồ Chí Minh,71637796
GD202605016643,2026-05-09 06:03:46,KH000180,Mobile Banking,Nộp tiền mặt,145000,0,Thành công,CN Hoàn Kiếm,39634557
GD202605008786,2026-05-09 06:11:27,KH000091,Internet Banking,Nộp tiền mặt,22490000,0,Thành công,CN Thanh Xuân,157648364
GD202605015469,2026-05-09 06:19:47,KH000166,Quầy giao dịch,Nhận lương,37620274,0,Thành công,CN Quận 1,201937207
GD202605012898,2026-05-09 06:28:53,KH000132,QR Code,Nộp tiền mặt,5321000,0,Thành công,CN Hoàn Kiếm,24012294
GD202605009348,2026-05-09 06:29:07,KH000096,Quầy giao dịch,Nhận lương,30759928,0,Thành công,CN Hoàn Kiếm,49343400
GD202605004888,2026-05-09 06:29:21,KH000052,Mobile Banking,Nộp tiền mặt,160000,0,Thành công,CN Thanh Xuân,524606
GD202605004145,2026-05-09 06:41:27,KH000041,Internet Banking,Thanh toán thẻ,17800000,0,Thất bại,CN Hoàn Kiếm,124185851
GD202605012897,2026-05-09 06:46:36,KH000132,Mobile Banking,Thanh toán hóa đơn,6798000,0,Thành công,CN Quận 1,18691294
GD202605003421,2026-05-09 06:56:34,KH000032,Quầy giao dịch,Nhận lương,11354990,0,Thành công,CN Đà Nẵng,58083740
GD202605002317,2026-05-09 07:10:22,KH000021,Mobile Banking,Chuyển khoản đến,297000,0,Thành công,CN Hải Phòng,48583287
GD202605012456,2026-05-09 07:22:04,KH000130,Quầy giao dịch,Nộp tiền mặt,4703000,0,Thành công,CN TP Hồ Chí Minh,52935111
GD202605004286,2026-05-09 07:32:19,KH000043,Quầy giao dịch,Nhận lương,9190950,0,Thành công,CN Cần Thơ,50924629
GD202605016968,2026-05-09 07:39:51,KH000182,Mobile Banking,Thanh toán hóa đơn,3562000,0,Thành công,CN Hoàn Kiếm,23778689
GD202605015125,2026-05-09 07:56:16,KH000162,QR Code,Thanh toán thẻ,187000,0,Thành công,CN Cần Thơ,272903
GD202605015126,2026-05-09 07:56:21,KH000162,Internet Banking,Chuyển khoản đến,54000,0,Thành công,CN Bình Dương,326903
GD202605005843,2026-05-09 08:12:20,KH000061,Quầy giao dịch,Nhận lương,8234582,0,Thành công,CN Hoàn Kiếm,35634865
GD202605009521,2026-05-09 08:36:42,KH000097,Internet Banking,Thanh toán thẻ,563000,0,Thành công,CN Quận 1,18181549
GD202605014128,2026-05-09 08:41:28,KH000149,Quầy giao dịch,Nhận lương,9137002,0,Thành công,CN Hải Phòng,30948702
GD202605003626,2026-05-09 08:43:52,KH000034,POS,Thanh toán thẻ,2418000,0,Thành công,CN Hoàn Kiếm,68160626
GD202605006161,2026-05-09 08:55:10,KH000063,Internet Banking,Thanh toán thẻ,1038000,0,Thành công,CN TP Hồ Chí Minh,57436631
GD202605004398,2026-05-09 09:05:19,KH000045,Quầy giao dịch,Nhận lương,10661959,0,Thành công,CN Hải Phòng,55701524
GD202605012457,2026-05-09 09:12:14,KH000130,QR Code,Thanh toán hóa đơn,4260000,0,Thành công,CN Đà Nẵng,48675111
GD202605010054,2026-05-09 09:37:35,KH000104,QR Code,Thanh toán thẻ,3630000,0,Thành công,CN Cần Thơ,18779233
GD202605001142,2026-05-09 09:43:31,KH000014,Mobile Banking,Thanh toán thẻ,9380000,0,Thành công,CN Bình Dương,53455562
GD202605013174,2026-05-09 09:47:07,KH000136,QR Code,Rút tiền mặt,3483000,0,Thành công,CN Hải Phòng,86441293
GD202605012458,2026-05-09 09:49:47,KH000130,Mobile Banking,Rút tiền mặt,3935000,0,Thành công,CN Cầu Giấy,44740111
GD202605017898,2026-05-09 10:23:43,KH000189,Mobile Banking,Chuyển khoản đến,5115000,0,Thành công,CN Cần Thơ,241643046
GD202605009084,2026-05-09 10:29:35,KH000094,Internet Banking,Nộp tiền mặt,1625000,0,Thành công,CN Cầu Giấy,76725232
GD202605007896,2026-05-09 11:04:47,KH000081,POS,Rút tiền mặt,22467000,1100,Thành công,CN Cầu Giấy,144603165
GD202605007651,2026-05-09 11:08:54,KH000079,POS,Chuyển khoản đến,2883000,1100,Thành công,CN Cần Thơ,32294280
GD202605003312,2026-05-09 11:32:29,KH000031,Quầy giao dịch,Nạp tiền điện thoại,199000,1100,Thành công,CN Quận 1,435403
GD202605004399,2026-05-09 12:44:51,KH000045,Internet Banking,Thanh toán hóa đơn,1108000,0,Thành công,CN Cần Thơ,54593524
GD202605004747,2026-05-09 13:21:19,KH000051,Quầy giao dịch,Chuyển khoản đi,1995000,0,Thành công,CN Hải Phòng,10855156
GD202605014879,2026-05-09 13:46:17,KH000158,Mobile Banking,Chuyển khoản đến,4595000,0,Thành công,CN Bình Dương,76479253
GD202605010053,2026-05-09 14:01:13,KH000104,Mobile Banking,Chuyển khoản đến,3921000,0,Thành công,CN Cần Thơ,22409233
GD202605016967,2026-05-09 14:19:25,KH000182,QR Code,Chuyển khoản đến,5059000,0,Thành công,CN Thanh Xuân,27340689
GD202605000899,2026-05-09 14:27:29,KH000012,Internet Banking,Thanh toán hóa đơn,1494000,0,Thành công,CN Cầu Giấy,73875451
GD202605012284,2026-05-09 14:39:41,KH000128,QR Code,Chuyển khoản đi,300000,0,Thành công,CN Hải Phòng,33618171
GD202605002316,2026-05-09 14:48:23,KH000021,Quầy giao dịch,Nhận lương,8074976,0,Thành công,CN TP Hồ Chí Minh,48286287
GD202605018422,2026-05-09 15:25:53,KH000195,POS,Thanh toán thẻ,1244000,1100,Thành công,CN Hoàn Kiếm,3184517
GD202605009349,2026-05-09 15:32:50,KH000096,POS,Thanh toán thẻ,15885000,5500,Thành công,CN TP Hồ Chí Minh,33452900
GD202605000394,2026-05-09 15:57:52,KH000008,POS,Nạp tiền điện thoại,1440000,3300,Thành công,CN Cầu Giấy,11492475
GD202605002533,2026-05-09 16:32:55,KH000024,Quầy giao dịch,Chuyển khoản đến,1070000,5500,Thành công,CN Hải Phòng,76457428
GD202605018109,2026-05-09 16:59:48,KH000191,QR Code,Nạp tiền điện thoại,1520000,0,Thành công,CN Hải Phòng,3335249
GD202605006160,2026-05-09 17:10:04,KH000063,Quầy giao dịch,Nhận lương,10405960,0,Thành công,CN Đà Nẵng,58474631
GD202605008785,2026-05-09 17:20:32,KH000091,QR Code,Thanh toán thẻ,36660000,0,Thành công,CN Hải Phòng,135158364
GD202605013602,2026-05-09 17:29:51,KH000142,Mobile Banking,Thanh toán thẻ,43235000,0,Thành công,CN Đà Nẵng,164386409
GD202605018705,2026-05-09 17:36:36,KH000198,POS,Thanh toán thẻ,3526000,1100,Thành công,CN Hoàn Kiếm,34757488
GD202605007000,2026-05-09 17:41:22,KH000074,QR Code,Thanh toán thẻ,1019000,0,Thành công,CN Bình Dương,23549432
GD202605016267,2026-05-09 18:01:07,KH000176,Quầy giao dịch,Nhận lương,12188346,0,Thành công,CN Hải Phòng,42375280
GD202605007326,2026-05-09 18:13:57,KH000077,QR Code,Chuyển khoản đến,313000,0,Thành công,CN Cần Thơ,9193642
GD202605003064,2026-05-09 18:40:28,KH000028,Quầy giao dịch,Nhận lương,11572997,0,Thành công,CN Quận 1,40920647
GD202605017993,2026-05-09 18:42:05,KH000190,ATM,Chuyển khoản đến,78102000,5500,Thành công,CN Bình Dương,855698046
GD202605006559,2026-05-09 19:20:52,KH000066,POS,Nộp tiền mặt,1217000,5500,Thành công,CN Hải Phòng,160874917
GD202605012078,2026-05-09 19:38:38,KH000127,POS,Thanh toán thẻ,1884000,3300,Thành công,CN Bình Dương,11152989
GD202605002532,2026-05-09 19:45:11,KH000024,Quầy giao dịch,Nhận lương,11159490,0,Thành công,CN Thanh Xuân,75387428
GD202605009910,2026-05-09 19:57:48,KH000102,Internet Banking,Thanh toán thẻ,15374000,0,Thành công,CN Hải Phòng,160674077
GD202605000628,2026-05-09 19:58:30,KH000010,Mobile Banking,Thanh toán thẻ,5625000,0,Thành công,CN Đà Nẵng,12093990
GD202605016966,2026-05-09 20:04:49,KH000182,QR Code,Chuyển khoản đi,4992000,0,Thành công,CN Hoàn Kiếm,22281689
GD202605009083,2026-05-09 20:09:37,KH000094,Quầy giao dịch,Nhận lương,8305136,0,Thành công,CN Đà Nẵng,75100232
GD202605006867,2026-05-09 20:18:50,KH000072,Quầy giao dịch,Nhận lương,10804412,0,Thành công,CN TP Hồ Chí Minh,51831972
GD202605006560,2026-05-09 20:57:19,KH000066,ATM,Chuyển khoản đến,969000,3300,Thành công,CN Hải Phòng,161843917
GD202605016268,2026-05-09 21:20:53,KH000176,QR Code,Nộp tiền mặt,597000,0,Thành công,CN TP Hồ Chí Minh,42972280
GD202605009085,2026-05-09 21:29:57,KH000094,QR Code,Chuyển khoản đến,2214000,0,Thành công,CN Bình Dương,78939232
GD202605004887,2026-05-09 21:41:43,KH000052,Mobile Banking,Chuyển khoản đến,140000,0,Thành công,CN Quận 1,364606
GD202605010346,2026-05-09 22:00:24,KH000108,POS,Thanh toán thẻ,345000,0,Thành công,CN Đà Nẵng,48745091
GD202605008114,2026-05-09 22:00:50,KH000083,POS,Nộp tiền mặt,454000,1100,Thành công,CN Đà Nẵng,47555850
GD202605002440,2026-05-09 22:08:21,KH000023,Quầy giao dịch,Nhận lương,20527937,0,Thành công,CN Quận 1,45773301
GD202605010825,2026-05-09 22:23:34,KH000114,Quầy giao dịch,Nhận lương,11739959,0,Thành công,CN Hải Phòng,56558864
GD202605003625,2026-05-09 22:32:25,KH000034,QR Code,Nộp tiền mặt,2685000,0,Thành công,CN Hoàn Kiếm,70578626
GD202605017712,2026-05-09 22:55:43,KH000187,POS,Thanh toán thẻ,6374000,0,Thành công,CN Bình Dương,17196311
GD202605011068,2026-05-09 22:57:02,KH000117,Quầy giao dịch,Thanh toán hóa đơn,132000,1100,Thành công,CN TP Hồ Chí Minh,52924103
GD202605008260,2026-05-10 06:09:10,KH000084,POS,Chuyển khoản đi,1048000,5500,Thành công,CN Cầu Giấy,14310842
GD202605010347,2026-05-10 06:54:14,KH000108,Quầy giao dịch,Nhận lương,11643765,0,Thành công,CN TP Hồ Chí Minh,60388856
GD202605018110,2026-05-10 07:57:11,KH000191,Quầy giao dịch,Nhận lương,14652053,0,Thành công,CN Cần Thơ,17987302
GD202605012285,2026-05-10 08:45:02,KH000128,Quầy giao dịch,Nhận lương,9081937,0,Thành công,CN Thanh Xuân,42700108
GD202605002145,2026-05-10 08:45:57,KH000020,Quầy giao dịch,Nhận lương,62330058,0,Thành công,CN Hoàn Kiếm,66151664
GD202605000055,2026-05-10 08:47:39,KH000002,Quầy giao dịch,Nhận lương,9586904,0,Thành công,CN Hoàn Kiếm,79887833
GD202605018748,2026-05-10 08:54:03,KH000199,Quầy giao dịch,Nhận lương,45596124,0,Thành công,CN Hoàn Kiếm,266361009
GD202605018622,2026-05-10 08:58:04,KH000197,Quầy giao dịch,Nhận lương,64485889,0,Thành công,CN TP Hồ Chí Minh,159852759
GD202605011359,2026-05-10 09:09:24,KH000119,QR Code,Nạp tiền điện thoại,162000,0,Thành công,CN Thanh Xuân,36474045
GD202605003627,2026-05-10 09:27:41,KH000034,POS,Thanh toán thẻ,2060000,0,Thành công,CN Thanh Xuân,66100626
GD202605002915,2026-05-10 09:37:18,KH000027,Internet Banking,Thanh toán thẻ,4424000,0,Thành công,CN Đà Nẵng,27237557
GD202605010706,2026-05-10 09:40:30,KH000113,QR Code,Nộp tiền mặt,2000000,0,Thành công,CN Hải Phòng,48979733
GD202605015916,2026-05-10 09:51:17,KH000172,Quầy giao dịch,Nhận lương,10121154,0,Thành công,CN Đà Nẵng,11819455
GD202605008259,2026-05-10 09:57:18,KH000084,Mobile Banking,Thanh toán thẻ,2897000,0,Thành công,CN Hải Phòng,15364342
GD202605009086,2026-05-10 10:06:30,KH000094,QR Code,Chuyển khoản đi,998000,0,Thành công,CN Hoàn Kiếm,77941232
GD202605011195,2026-05-10 10:11:15,KH000118,POS,Thanh toán thẻ,720000,1100,Thành công,CN Quận 1,23347126
GD202605015765,2026-05-10 10:17:54,KH000171,Internet Banking,Chuyển khoản đến,258000,0,Thành công,CN TP Hồ Chí Minh,1340651
GD202605010705,2026-05-10 10:20:18,KH000113,Quầy giao dịch,Nhận lương,7966547,0,Thành công,CN Cần Thơ,46979733
GD202605015917,2026-05-10 10:37:34,KH000172,POS,Thanh toán thẻ,3152000,3300,Thành công,CN Bình Dương,8664155
GD202605010055,2026-05-10 11:22:12,KH000104,Internet Banking,Nộp tiền mặt,1214000,0,Thành công,CN Thanh Xuân,19993233
GD202605004400,2026-05-10 11:28:46,KH000045,Internet Banking,Nạp tiền điện thoại,345000,0,Thành công,CN Hoàn Kiếm,54248524
GD202605005595,2026-05-10 11:44:37,KH000059,Quầy giao dịch,Nhận lương,78696333,0,Thành công,CN TP Hồ Chí Minh,101884899
GD202605016645,2026-05-10 11:58:59,KH000180,Internet Banking,Nạp tiền điện thoại,680000,0,Thành công,CN Hoàn Kiếm,50819709
GD202605016129,2026-05-10 11:59:29,KH000174,Mobile Banking,Thanh toán thẻ,580000,0,Thành công,CN Quận 1,64223690
GD202605016462,2026-05-10 12:17:06,KH000177,Quầy giao dịch,Nhận lương,36613603,0,Thành công,CN Hải Phòng,70086799
GD202605003065,2026-05-10 12:37:49,KH000028,QR Code,Nạp tiền điện thoại,56000,0,Thất bại,CN Hải Phòng,40920647
GD202605014040,2026-05-10 12:46:35,KH000148,Quầy giao dịch,Nhận lương,9277800,0,Thành công,CN Bình Dương,54365319
GD202605016644,2026-05-10 12:58:12,KH000180,Quầy giao dịch,Nhận lương,11865152,0,Thành công,CN Quận 1,51499709
GD202605003422,2026-05-10 13:17:39,KH000032,Quầy giao dịch,Rút tiền mặt,129000,0,Thành công,CN Bình Dương,57954740
GD202605016969,2026-05-10 13:26:32,KH000182,Internet Banking,Nộp tiền mặt,2427000,0,Thành công,CN Cầu Giấy,26205689
GD202605018111,2026-05-10 13:38:31,KH000191,Mobile Banking,Thanh toán hóa đơn,211000,0,Thành công,CN Đà Nẵng,17776302
GD202605015127,2026-05-10 13:39:01,KH000162,Internet Banking,Thanh toán thẻ,70000,0,Thành công,CN Đà Nẵng,256903
GD202605016463,2026-05-10 13:42:45,KH000177,POS,Thanh toán thẻ,16929000,5500,Thành công,CN Bình Dương,53152299
GD202605003544,2026-05-10 14:01:09,KH000033,Quầy giao dịch,Nhận lương,10431596,0,Thành công,CN Hải Phòng,52109020
GD202605003313,2026-05-10 14:27:12,KH000031,QR Code,Rút tiền mặt,178000,0,Thành công,CN Bình Dương,257403
GD202605000395,2026-05-10 15:29:31,KH000008,Quầy giao dịch,Nhận lương,40122031,0,Thành công,CN Hoàn Kiếm,51614506
GD202605013855,2026-05-10 15:44:46,KH000145,Mobile Banking,Nộp tiền mặt,302000,0,Thành công,CN Bình Dương,58077889
GD202605007525,2026-05-10 15:48:40,KH000078,Quầy giao dịch,Nhận lương,22098353,0,Thành công,CN Cần Thơ,98373238
GD202605018286,2026-05-10 16:01:07,KH000193,Quầy giao dịch,Nhận lương,27926237,0,Thành công,CN Hoàn Kiếm,284343163
GD202605014442,2026-05-10 16:15:36,KH000153,POS,Thanh toán thẻ,178000,0,Thành công,CN Thanh Xuân,627741
GD202605012899,2026-05-10 16:20:43,KH000132,QR Code,Chuyển khoản đi,7862000,0,Thành công,CN Quận 1,16150294
GD202605001712,2026-05-10 16:39:08,KH000018,Quầy giao dịch,Nhận lương,8410135,0,Thành công,CN Quận 1,55956543
GD202605010288,2026-05-10 16:56:55,KH000107,POS,Chuyển khoản đến,323000,5500,Thành công,CN Cần Thơ,52895220
GD202605008855,2026-05-10 16:57:09,KH000092,POS,Thanh toán thẻ,1878000,1100,Thành công,CN Cầu Giấy,10909039
GD202605011358,2026-05-10 19:03:04,KH000119,Internet Banking,Rút tiền mặt,102000,0,Thành công,CN TP Hồ Chí Minh,36636045
GD202605004146,2026-05-10 19:15:15,KH000041,Quầy giao dịch,Nhận lương,51595232,0,Thành công,CN Đà Nẵng,175781084
GD202605007001,2026-05-10 19:25:59,KH000074,Quầy giao dịch,Nhận lương,8813631,0,Thành công,CN Cần Thơ,32363063
GD202605013603,2026-05-10 19:26:07,KH000142,QR Code,Nộp tiền mặt,7284000,0,Thành công,CN Hoàn Kiếm,171670409
GD202605015410,2026-05-10 19:33:00,KH000165,Quầy giao dịch,Nhận lương,9014638,0,Thành công,CN Đà Nẵng,78010106
GD202605005413,2026-05-10 19:55:25,KH000057,Quầy giao dịch,Nhận lương,36314285,0,Thành công,CN Quận 1,73094474
GD202605012639,2026-05-10 20:06:43,KH000131,Quầy giao dịch,Chuyển khoản đến,190000,5500,Thành công,CN Cần Thơ,291680
GD202605008854,2026-05-10 20:38:51,KH000092,Quầy giao dịch,Nhận lương,11017389,0,Thành công,CN Cần Thơ,12788139
GD202605006904,2026-05-10 21:21:41,KH000073,Quầy giao dịch,Nhận lương,47658634,0,Thành công,CN Cầu Giấy,116279685
GD202605003270,2026-05-10 21:27:28,KH000030,Mobile Banking,Rút tiền mặt,3477000,0,Thành công,CN Cần Thơ,131563522
GD202605017272,2026-05-10 21:31:29,KH000183,POS,Thanh toán thẻ,12653000,3300,Thành công,CN Hải Phòng,101866624
GD202605008686,2026-05-10 21:41:21,KH000088,Quầy giao dịch,Nhận lương,8120426,0,Thành công,CN TP Hồ Chí Minh,12026979
GD202605010579,2026-05-10 21:49:56,KH000111,POS,Nạp tiền điện thoại,6790000,1100,Thất bại,CN Hải Phòng,169678326
GD202605011069,2026-05-10 21:56:36,KH000117,Quầy giao dịch,Nhận lương,11809881,0,Thành công,CN TP Hồ Chí Minh,64733984
GD202605002667,2026-05-10 22:23:37,KH000025,QR Code,Nộp tiền mặt,154000,0,Thành công,CN Hải Phòng,257631
GD202605002146,2026-05-10 22:34:04,KH000020,Mobile Banking,Nộp tiền mặt,8389000,0,Thành công,CN Hải Phòng,74540664
GD202605004889,2026-05-11 06:38:57,KH000052,POS,Nạp tiền điện thoại,109000,5500,Thành công,CN Cần Thơ,410106
GD202605001488,2026-05-11 07:58:22,KH000016,Mobile Banking,Thanh toán thẻ,66000,0,Thành công,CN Đà Nẵng,184307
GD202605004890,2026-05-11 08:53:26,KH000052,POS,Thanh toán thẻ,175000,5500,Thành công,CN Quận 1,229606
GD202605007002,2026-05-11 09:48:51,KH000074,POS,Thanh toán thẻ,479000,3300,Thành công,CN Cần Thơ,31880763
GD202605016970,2026-05-11 09:50:26,KH000182,Internet Banking,Chuyển khoản đến,8829000,0,Thành công,CN Hoàn Kiếm,35034689
GD202605011785,2026-05-11 10:04:37,KH000125,Mobile Banking,Thanh toán thẻ,164000,0,Thành công,CN Cầu Giấy,251336
GD202605009088,2026-05-11 10:05:55,KH000094,Mobile Banking,Chuyển khoản đến,2418000,0,Thành công,CN Hải Phòng,80004132
GD202605006377,2026-05-11 10:36:04,KH000065,QR Code,Thanh toán hóa đơn,10386000,0,Thành công,CN Cần Thơ,21989620
GD202605015766,2026-05-11 11:07:38,KH000171,POS,Chuyển khoản đến,328000,5500,Thành công,CN Cầu Giấy,1668651
GD202605016057,2026-05-11 11:45:18,KH000173,ATM,Chuyển khoản đi,579000,3300,Thành công,CN Thanh Xuân,6161068
GD202605016646,2026-05-11 11:54:59,KH000180,Internet Banking,Chuyển khoản đi,1548000,0,Thành công,CN Cần Thơ,49271709
GD202605001144,2026-05-11 12:21:45,KH000014,QR Code,Thanh toán thẻ,3872000,0,Thành công,CN Hải Phòng,46486562
GD202605012900,2026-05-11 12:50:39,KH000132,Mobile Banking,Nộp tiền mặt,5452000,0,Thành công,CN TP Hồ Chí Minh,21602294
GD202605006378,2026-05-11 13:32:26,KH000065,Mobile Banking,Nộp tiền mặt,1532000,0,Thành công,CN Hoàn Kiếm,23521620
GD202605009734,2026-05-11 13:34:03,KH000099,ATM,Nộp tiền mặt,2806000,1100,Thành công,CN Bình Dương,40153334
GD202605016647,2026-05-11 13:41:06,KH000180,Internet Banking,Thanh toán thẻ,1022000,0,Thành công,CN Bình Dương,48249709
GD202605008856,2026-05-11 15:14:22,KH000092,QR Code,Nộp tiền mặt,1866000,0,Thành công,CN Quận 1,12775039
GD202605016782,2026-05-11 15:17:36,KH000181,POS,Thanh toán thẻ,103000,5500,Thành công,CN TP Hồ Chí Minh,126820
GD202605012901,2026-05-11 15:42:39,KH000132,POS,Thanh toán thẻ,5579000,5500,Thành công,CN Hoàn Kiếm,16017794
GD202605007328,2026-05-11 15:42:41,KH000077,POS,Thanh toán thẻ,1920000,5500,Thành công,CN Bình Dương,8474142
GD202605005596,2026-05-11 15:51:56,KH000059,Internet Banking,Thanh toán thẻ,17072000,0,Thành công,CN TP Hồ Chí Minh,84812899
GD202605008261,2026-05-11 15:52:14,KH000084,Internet Banking,Nộp tiền mặt,2925000,0,Thành công,CN Hoàn Kiếm,17235842
GD202605002668,2026-05-11 15:53:46,KH000025,Internet Banking,Rút tiền mặt,137000,0,Thành công,CN Hải Phòng,120631
GD202605009087,2026-05-11 16:09:24,KH000094,POS,Thanh toán thẻ,354000,1100,Thành công,CN TP Hồ Chí Minh,77586132
GD202605007327,2026-05-11 16:19:20,KH000077,Mobile Banking,Chuyển khoản đến,1206000,0,Thành công,CN Hải Phòng,10399642
GD202605013718,2026-05-11 17:25:45,KH000143,POS,Chuyển khoản đi,743000,0,Thành công,CN Cầu Giấy,50277561
GD202605000802,2026-05-11 17:28:50,KH000011,QR Code,Nộp tiền mặt,2574000,0,Thành công,CN Thanh Xuân,89692182
GD202605000056,2026-05-11 17:35:10,KH000002,Quầy giao dịch,Chuyển khoản đến,2703000,1100,Thành công,CN Đà Nẵng,82590833
GD202605007652,2026-05-11 18:30:12,KH000079,Mobile Banking,Nạp tiền điện thoại,1970000,0,Thành công,CN Cần Thơ,30324280
GD202605009089,2026-05-11 18:55:48,KH000094,QR Code,Nạp tiền điện thoại,2224000,0,Thành công,CN Quận 1,77780132
GD202605001143,2026-05-11 19:18:44,KH000014,Internet Banking,Thanh toán thẻ,3097000,0,Thành công,CN Quận 1,50358562
GD202605003629,2026-05-11 19:50:14,KH000034,Mobile Banking,Nộp tiền mặt,2520000,0,Thành công,CN Cần Thơ,67805626
GD202605016269,2026-05-11 19:52:58,KH000176,Mobile Banking,Thanh toán thẻ,186000,0,Thành công,CN Hải Phòng,42786280
GD202605003423,2026-05-11 19:54:06,KH000032,POS,Thanh toán thẻ,157000,5500,Thành công,CN Bình Dương,57792240
GD202605003628,2026-05-11 20:07:07,KH000034,POS,Thanh toán thẻ,815000,0,Thành công,CN Cầu Giấy,65285626
GD202605013175,2026-05-11 20:13:36,KH000136,Internet Banking,Nạp tiền điện thoại,20417000,0,Thành công,CN Bình Dương,66024293
GD202605013057,2026-05-11 20:18:16,KH000133,Quầy giao dịch,Rút tiền mặt,3693000,5500,Thành công,CN Cần Thơ,13393021
GD202605017273,2026-05-11 20:38:19,KH000183,QR Code,Thanh toán hóa đơn,29770000,0,Thành công,CN Quận 1,72096624
GD202605003545,2026-05-11 21:29:12,KH000033,QR Code,Chuyển khoản đi,750000,0,Thành công,CN Bình Dương,51359020
GD202605017274,2026-05-11 21:48:19,KH000183,Mobile Banking,Thanh toán thẻ,14621000,0,Thành công,CN TP Hồ Chí Minh,57475624
GD202605010482,2026-05-11 21:59:54,KH000110,Mobile Banking,Thanh toán thẻ,2095000,0,Thành công,CN Quận 1,55242862
GD202605010348,2026-05-11 22:38:43,KH000108,Mobile Banking,Rút tiền mặt,228000,0,Thành công,CN Thanh Xuân,60160856
GD202605004548,2026-05-11 22:47:33,KH000047,POS,Nạp tiền điện thoại,2319000,0,Thành công,CN Đà Nẵng,94602188
GD202605016971,2026-05-12 06:32:26,KH000182,QR Code,Chuyển khoản đến,5000000,0,Thành công,CN Hoàn Kiếm,40034689
GD202605012079,2026-05-12 06:56:36,KH000127,QR Code,Rút tiền mặt,2735000,0,Thành công,CN Hoàn Kiếm,8417989
GD202605011786,2026-05-12 07:05:13,KH000125,Mobile Banking,Nộp tiền mặt,74000,0,Thành công,CN Hải Phòng,325336
GD202605000321,2026-05-12 07:49:45,KH000007,ATM,Chuyển khoản đến,3096000,5500,Thành công,CN Cầu Giấy,14635347
GD202605007653,2026-05-12 08:15:06,KH000079,Mobile Banking,Nạp tiền điện thoại,1534000,0,Thành công,CN TP Hồ Chí Minh,28790280
GD202605005597,2026-05-12 08:22:51,KH000059,QR Code,Thanh toán thẻ,25981000,0,Thành công,CN Bình Dương,58831899
GD202605014154,2026-05-12 09:27:07,KH000150,Quầy giao dịch,Thanh toán hóa đơn,6151000,1100,Thành công,CN Hải Phòng,43640557
GD202605001145,2026-05-12 09:32:29,KH000014,POS,Thanh toán thẻ,3559000,3300,Thành công,CN TP Hồ Chí Minh,42924262
GD202605009090,2026-05-12 10:06:28,KH000094,Mobile Banking,Rút tiền mặt,2029000,0,Thành công,CN TP Hồ Chí Minh,75751132
GD202605016783,2026-05-12 10:35:24,KH000181,Quầy giao dịch,Thanh toán hóa đơn,103000,3300,Thành công,CN Hải Phòng,175020
GD202605015919,2026-05-12 10:57:20,KH000172,Internet Banking,Chuyển khoản đi,2255000,0,Thành công,CN TP Hồ Chí Minh,8235155
GD202605014881,2026-05-12 11:04:13,KH000158,POS,Thanh toán thẻ,4492000,5500,Thành công,CN Hải Phòng,81268753
GD202605006787,2026-05-12 11:13:26,KH000071,QR Code,Nộp tiền mặt,5571000,0,Thành công,CN Đà Nẵng,49687738
GD202605004401,2026-05-12 11:42:13,KH000045,QR Code,Thanh toán thẻ,1077000,0,Thành công,CN Bình Dương,53171524
GD202605009522,2026-05-12 12:00:48,KH000097,Internet Banking,Chuyển khoản đến,2585000,0,Thành công,CN Thanh Xuân,20766549
GD202605012398,2026-05-12 12:43:49,KH000129,POS,Chuyển khoản đến,134000,0,Thành công,CN Đà Nẵng,252148
GD202605007872,2026-05-12 13:00:21,KH000080,ATM,Chuyển khoản đi,453000,3300,Thành công,CN Hải Phòng,84189757
GD202605014216,2026-05-12 13:22:52,KH000151,POS,Thanh toán thẻ,251000,5500,Thành công,CN Đà Nẵng,2490216
GD202605002147,2026-05-12 13:24:51,KH000020,POS,Thanh toán thẻ,25399000,5500,Thành công,CN Đà Nẵng,49136164
GD202605012460,2026-05-12 13:32:38,KH000130,POS,Chuyển khoản đi,2296000,1100,Thành công,CN Quận 1,38790511
GD202605008687,2026-05-12 13:39:20,KH000088,POS,Thanh toán thẻ,111000,0,Thành công,CN Bình Dương,11915979
GD202605003314,2026-05-12 14:25:52,KH000031,Mobile Banking,Rút tiền mặt,107000,0,Thành công,CN Bình Dương,150403
GD202605008263,2026-05-12 14:27:35,KH000084,Mobile Banking,Chuyển khoản đến,1462000,0,Thành công,CN Đà Nẵng,18697842
GD202605011070,2026-05-12 14:31:31,KH000117,QR Code,Nạp tiền điện thoại,445000,0,Thành công,CN Bình Dương,64288984
GD202605014880,2026-05-12 14:31:35,KH000158,Internet Banking,Nộp tiền mặt,9287000,0,Thành công,CN Thanh Xuân,85766253
GD202605001489,2026-05-12 14:36:35,KH000016,QR Code,Chuyển khoản đến,157000,0,Thành công,CN Hải Phòng,341307
GD202605002916,2026-05-12 14:52:48,KH000027,QR Code,Nộp tiền mặt,4550000,0,Thành công,CN Đà Nẵng,31787557
GD202605009350,2026-05-12 14:55:54,KH000096,Mobile Banking,Thanh toán thẻ,1812000,0,Thành công,CN Cần Thơ,31640900
GD202605011788,2026-05-12 15:12:50,KH000125,Mobile Banking,Chuyển khoản đến,97000,0,Thành công,CN Thanh Xuân,326336
GD202605002148,2026-05-12 15:12:52,KH000020,POS,Thanh toán thẻ,980000,1100,Thành công,CN Đà Nẵng,48155064
GD202605007221,2026-05-12 15:44:04,KH000076,QR Code,Rút tiền mặt,144000,0,Thành công,CN Hoàn Kiếm,2776341
GD202605000900,2026-05-12 15:56:52,KH000012,Mobile Banking,Chuyển khoản đến,2246000,0,Thành công,CN Thanh Xuân,76121451
GD202605018112,2026-05-12 16:06:01,KH000191,POS,Thanh toán thẻ,2923000,0,Thành công,CN Hải Phòng,14853302
GD202605005845,2026-05-12 17:12:25,KH000061,POS,Thanh toán thẻ,164000,0,Thành công,CN Thanh Xuân,33778365
GD202605005291,2026-05-12 17:31:13,KH000056,Internet Banking,Nộp tiền mặt,3138000,0,Thành công,CN Hoàn Kiếm,93234103
GD202605006723,2026-05-12 17:42:31,KH000069,Mobile Banking,Thanh toán thẻ,4149000,0,Thành công,CN Quận 1,71923785
GD202605008262,2026-05-12 17:45:37,KH000084,QR Code,Thanh toán thẻ,2701000,0,Thất bại,CN Đà Nẵng,17235842
GD202605005414,2026-05-12 18:19:45,KH000057,Mobile Banking,Rút tiền mặt,8575000,0,Thành công,CN Thanh Xuân,64519474
GD202605005844,2026-05-12 19:05:21,KH000061,POS,Thanh toán thẻ,1687000,5500,Thành công,CN Bình Dương,33942365
GD202605007329,2026-05-12 19:52:04,KH000077,Mobile Banking,Nộp tiền mặt,2953000,0,Thành công,CN Thanh Xuân,11427142
GD202605010707,2026-05-12 20:41:49,KH000113,Internet Banking,Chuyển khoản đến,2145000,0,Thành công,CN Cầu Giấy,51124733
GD202605009523,2026-05-12 21:12:35,KH000097,QR Code,Chuyển khoản đến,525000,0,Thành công,CN Cầu Giấy,21291549
GD202605016648,2026-05-12 21:15:34,KH000180,QR Code,Nộp tiền mặt,1575000,0,Thành công,CN TP Hồ Chí Minh,49824709
GD202605012459,2026-05-12 22:06:11,KH000130,POS,Thanh toán thẻ,3647000,5500,Thành công,CN Đà Nẵng,41087611
GD202605015918,2026-05-12 22:16:12,KH000172,Internet Banking,Chuyển khoản đến,1826000,0,Thành công,CN Hoàn Kiếm,10490155
GD202605012080,2026-05-12 22:24:35,KH000127,Mobile Banking,Nộp tiền mặt,2484000,0,Thành công,CN Hải Phòng,10901989
GD202605011787,2026-05-12 22:40:12,KH000125,Mobile Banking,Rút tiền mặt,96000,0,Thành công,CN Hải Phòng,229336
GD202605007897,2026-05-13 07:25:53,KH000081,ATM,Nạp tiền điện thoại,50478000,1100,Thành công,CN Hoàn Kiếm,94124065
GD202605018623,2026-05-13 08:24:57,KH000197,QR Code,Thanh toán hóa đơn,2579000,0,Thành công,CN Đà Nẵng,157273759
GD202605017713,2026-05-13 08:56:11,KH000187,Mobile Banking,Nộp tiền mặt,4663000,0,Thành công,CN Đà Nẵng,21859311
GD202605004748,2026-05-13 08:56:56,KH000051,POS,Nộp tiền mặt,1974000,0,Thành công,CN Thanh Xuân,12829156
GD202605013856,2026-05-13 09:51:22,KH000145,QR Code,Nạp tiền điện thoại,308000,0,Thành công,CN Quận 1,57769889
GD202605007983,2026-05-13 10:01:42,KH000082,Mobile Banking,Thanh toán thẻ,4288000,0,Thành công,CN Hoàn Kiếm,40974580
GD202605001872,2026-05-13 10:43:56,KH000019,Mobile Banking,Thanh toán thẻ,76000,0,Thành công,CN Thanh Xuân,49546438
GD202605001871,2026-05-13 11:02:00,KH000019,Internet Banking,Rút tiền mặt,2503000,0,Thành công,CN TP Hồ Chí Minh,49622438
GD202605005292,2026-05-13 11:26:53,KH000056,QR Code,Chuyển khoản đến,246000,0,Thành công,CN Hoàn Kiếm,93480103
GD202605012640,2026-05-13 11:28:25,KH000131,POS,Chuyển khoản đến,111000,3300,Thành công,CN Cầu Giấy,402680
GD202605004046,2026-05-13 12:08:07,KH000040,Mobile Banking,Rút tiền mặt,7688000,0,Thành công,CN Đà Nẵng,45087554
GD202605013383,2026-05-13 12:59:20,KH000138,ATM,Thanh toán hóa đơn,7878000,1100,Thành công,CN Quận 1,22779605
GD202605000396,2026-05-13 13:12:16,KH000008,POS,Thanh toán thẻ,844000,0,Thành công,CN Bình Dương,50770506
GD202605004147,2026-05-13 13:56:03,KH000041,QR Code,Thanh toán hóa đơn,40236000,0,Thành công,CN Đà Nẵng,135545084
GD202605013286,2026-05-13 14:18:04,KH000137,Mobile Banking,Nộp tiền mặt,1205000,0,Thành công,CN Bình Dương,35692975
GD202605009524,2026-05-13 14:44:55,KH000097,POS,Thanh toán thẻ,310000,5500,Thành công,CN Đà Nẵng,20976049
GD202605005598,2026-05-13 15:06:43,KH000059,Internet Banking,Chuyển khoản đến,19494000,0,Thành công,CN Hoàn Kiếm,78325899
GD202605012461,2026-05-13 15:21:02,KH000130,QR Code,Thanh toán thẻ,1166000,0,Thành công,CN TP Hồ Chí Minh,37624511
GD202605001146,2026-05-13 15:23:44,KH000014,POS,Thanh toán thẻ,5577000,5500,Thành công,CN Hải Phòng,37341762
GD202605012400,2026-05-13 15:32:06,KH000129,Internet Banking,Nộp tiền mặt,68000,0,Thành công,CN Bình Dương,228148
GD202605012399,2026-05-13 15:40:09,KH000129,Internet Banking,Thanh toán thẻ,92000,0,Thành công,CN Thanh Xuân,160148
GD202605002149,2026-05-13 16:13:15,KH000020,Internet Banking,Nạp tiền điện thoại,7310000,0,Thành công,CN Thanh Xuân,40845064
GD202605011360,2026-05-13 16:19:17,KH000119,Mobile Banking,Chuyển khoản đến,165000,0,Thành công,CN Cầu Giấy,36639045
GD202605013604,2026-05-13 16:23:27,KH000142,Quầy giao dịch,Chuyển khoản đi,17735000,5500,Thành công,CN TP Hồ Chí Minh,153929909
GD202605003630,2026-05-13 17:15:52,KH000034,QR Code,Nộp tiền mặt,531000,0,Thành công,CN Bình Dương,68336626
GD202605007984,2026-05-13 17:35:43,KH000082,Quầy giao dịch,Chuyển khoản đi,448000,5500,Thành công,CN Quận 1,40521080
GD202605016972,2026-05-13 18:03:42,KH000182,Internet Banking,Chuyển khoản đi,5978000,0,Thành công,CN TP Hồ Chí Minh,34056689
GD202605015411,2026-05-13 18:25:43,KH000165,POS,Chuyển khoản đi,22881000,3300,Thành công,CN Quận 1,55125806
GD202605010580,2026-05-13 18:35:11,KH000111,POS,Thanh toán thẻ,14536000,0,Thành công,CN Cần Thơ,155142326
GD202605011071,2026-05-13 18:45:17,KH000117,Quầy giao dịch,Nộp tiền mặt,665000,0,Thành công,CN Cần Thơ,64953984
GD202605001870,2026-05-13 18:59:20,KH000019,Mobile Banking,Thanh toán thẻ,1158000,0,Thành công,CN Thanh Xuân,52125438
GD202605010056,2026-05-13 19:35:19,KH000104,QR Code,Nộp tiền mặt,3661000,0,Thành công,CN Bình Dương,23654233
GD202605014443,2026-05-13 19:44:59,KH000153,Internet Banking,Rút tiền mặt,215000,0,Thành công,CN Đà Nẵng,412741
GD202605009275,2026-05-13 20:37:31,KH000095,QR Code,Thanh toán thẻ,2674000,0,Thành công,CN Quận 1,23883730
GD202605004047,2026-05-13 21:29:07,KH000040,Mobile Banking,Thanh toán thẻ,1095000,0,Thất bại,CN Cần Thơ,45087554
GD202605009092,2026-05-13 21:47:35,KH000094,Mobile Banking,Nộp tiền mặt,1648000,0,Thành công,CN Cầu Giấy,76149032
GD202605009091,2026-05-13 22:15:37,KH000094,POS,Thanh toán thẻ,1249000,1100,Thành công,CN Thanh Xuân,74501032
GD202605008264,2026-05-14 06:06:42,KH000084,QR Code,Nộp tiền mặt,991000,0,Thành công,CN Hải Phòng,19688842
GD202605018424,2026-05-14 06:18:47,KH000195,Internet Banking,Thanh toán hóa đơn,445000,0,Thành công,CN Bình Dương,2599517
GD202605015767,2026-05-14 06:36:37,KH000171,QR Code,Thanh toán thẻ,554000,0,Thành công,CN TP Hồ Chí Minh,1114651
GD202605016058,2026-05-14 07:00:09,KH000173,Quầy giao dịch,Rút tiền mặt,431000,0,Thành công,CN Hải Phòng,5730068
GD202605010058,2026-05-14 07:21:46,KH000104,POS,Thanh toán thẻ,2926000,1100,Thành công,CN Hải Phòng,16888133
GD202605002534,2026-05-14 08:03:22,KH000024,POS,Thanh toán thẻ,862000,0,Thành công,CN Thanh Xuân,75595428
GD202605011691,2026-05-14 08:27:44,KH000124,Mobile Banking,Nộp tiền mặt,2344000,0,Thành công,CN Đà Nẵng,13672638
GD202605009830,2026-05-14 08:29:50,KH000100,QR Code,Nộp tiền mặt,962000,0,Thành công,CN Hải Phòng,79398808
GD202605003770,2026-05-14 08:30:15,KH000035,Quầy giao dịch,Nạp tiền điện thoại,2087000,5500,Thành công,CN Bình Dương,11169855
GD202605005846,2026-05-14 08:52:06,KH000061,Mobile Banking,Rút tiền mặt,986000,0,Thất bại,CN Quận 1,33778365
GD202605018425,2026-05-14 08:55:54,KH000195,Mobile Banking,Thanh toán hóa đơn,638000,0,Thành công,CN Thanh Xuân,1961517
GD202605011789,2026-05-14 09:42:55,KH000125,Internet Banking,Thanh toán thẻ,186000,0,Thành công,CN Cầu Giấy,140336
GD202605003884,2026-05-14 09:56:49,KH000038,QR Code,Thanh toán thẻ,1959000,0,Thành công,CN Hoàn Kiếm,79104751
GD202605005848,2026-05-14 10:25:08,KH000061,POS,Thanh toán thẻ,634000,1100,Thành công,CN TP Hồ Chí Minh,32801265
GD202605005599,2026-05-14 11:06:05,KH000059,Mobile Banking,Thanh toán thẻ,17291000,0,Thành công,CN TP Hồ Chí Minh,61034899
GD202605007655,2026-05-14 12:14:51,KH000079,QR Code,Chuyển khoản đến,7968000,0,Thành công,CN Đà Nẵng,32008280
GD202605016573,2026-05-14 12:30:56,KH000179,POS,Nạp tiền điện thoại,5209000,3300,Thành công,CN Cầu Giấy,190864442
GD202605005293,2026-05-14 12:33:11,KH000056,POS,Nạp tiền điện thoại,1163000,5500,Thành công,CN Đà Nẵng,92311603
GD202605007654,2026-05-14 13:08:27,KH000079,QR Code,Thanh toán hóa đơn,4750000,0,Thành công,CN TP Hồ Chí Minh,24040280
GD202605012081,2026-05-14 13:32:53,KH000127,Mobile Banking,Chuyển khoản đi,3688000,0,Thành công,CN Hải Phòng,7213989
GD202605000629,2026-05-14 13:49:14,KH000010,POS,Thanh toán thẻ,2873000,0,Thành công,CN Cầu Giấy,9220990
GD202605003424,2026-05-14 14:16:29,KH000032,ATM,Nộp tiền mặt,92000,5500,Thành công,CN Bình Dương,57884240
GD202605003631,2026-05-14 14:17:12,KH000034,Internet Banking,Nạp tiền điện thoại,2676000,0,Thành công,CN TP Hồ Chí Minh,65660626
GD202605016271,2026-05-14 14:48:44,KH000176,ATM,Thanh toán hóa đơn,211000,5500,Thành công,CN Bình Dương,42415780
GD202605010581,2026-05-14 15:06:59,KH000111,Internet Banking,Thanh toán thẻ,114000,0,Thành công,CN Hải Phòng,155028326
GD202605002150,2026-05-14 15:25:06,KH000020,ATM,Rút tiền mặt,11624000,0,Thành công,CN Cần Thơ,29221064
GD202605004892,2026-05-14 15:29:41,KH000052,POS,Thanh toán thẻ,190000,0,Thành công,CN Cầu Giấy,138106
GD202605012641,2026-05-14 15:45:23,KH000131,QR Code,Rút tiền mặt,73000,0,Thành công,CN Cầu Giấy,329680
GD202605004402,2026-05-14 16:13:55,KH000045,POS,Thanh toán thẻ,1753000,5500,Thành công,CN Cầu Giấy,51413024
GD202605013857,2026-05-14 16:52:42,KH000145,QR Code,Thanh toán hóa đơn,77000,0,Thành công,CN TP Hồ Chí Minh,57692889
GD202605018573,2026-05-14 17:09:49,KH000196,POS,Thanh toán thẻ,594000,5500,Thành công,CN Thanh Xuân,51960498
GD202605001874,2026-05-14 17:22:01,KH000019,POS,Thanh toán thẻ,1608000,1100,Thành công,CN Thanh Xuân,50742338
GD202605000803,2026-05-14 17:40:50,KH000011,Mobile Banking,Thanh toán thẻ,1221000,0,Thành công,CN Quận 1,88471182
GD202605009911,2026-05-14 18:10:07,KH000102,Mobile Banking,Nộp tiền mặt,11137000,0,Thành công,CN TP Hồ Chí Minh,171811077
GD202605009351,2026-05-14 18:35:37,KH000096,Internet Banking,Rút tiền mặt,1933000,0,Thành công,CN Hải Phòng,29707900
GD202605001873,2026-05-14 18:40:20,KH000019,QR Code,Chuyển khoản đến,2805000,0,Thành công,CN Thanh Xuân,52351438
GD202605010708,2026-05-14 19:11:09,KH000113,Mobile Banking,Nộp tiền mặt,2185000,0,Thành công,CN TP Hồ Chí Minh,53309733
GD202605003885,2026-05-14 19:21:12,KH000038,QR Code,Thanh toán thẻ,2929000,0,Thành công,CN Hải Phòng,76175751
GD202605010057,2026-05-14 19:57:06,KH000104,Internet Banking,Thanh toán hóa đơn,3839000,0,Thành công,CN Hoàn Kiếm,19815233
GD202605006379,2026-05-14 20:29:18,KH000065,Mobile Banking,Chuyển khoản đến,5546000,0,Thành công,CN Bình Dương,29067620
GD202605014041,2026-05-14 21:14:39,KH000148,QR Code,Thanh toán thẻ,58000,0,Thành công,CN Quận 1,54307319
GD202605018624,2026-05-14 21:43:24,KH000197,POS,Chuyển khoản đi,12147000,1100,Thành công,CN TP Hồ Chí Minh,145125659
GD202605018423,2026-05-14 21:48:47,KH000195,QR Code,Nạp tiền điện thoại,140000,0,Thành công,CN Thanh Xuân,3044517
GD202605017275,2026-05-14 21:52:46,KH000183,Mobile Banking,Thanh toán thẻ,8248000,0,Thất bại,CN Cần Thơ,57475624
GD202605005847,2026-05-14 21:56:19,KH000061,Internet Banking,Rút tiền mặt,342000,0,Thành công,CN Đà Nẵng,33436365
GD202605004891,2026-05-14 22:00:21,KH000052,Mobile Banking,Thanh toán thẻ,197000,0,Thành công,CN Cầu Giấy,328106
GD202605016270,2026-05-14 22:03:01,KH000176,Mobile Banking,Thanh toán thẻ,154000,0,Thành công,CN Cầu Giấy,42632280
GD202605001147,2026-05-14 22:03:35,KH000014,QR Code,Nộp tiền mặt,10390000,0,Thành công,CN Cần Thơ,47731762
GD202605017899,2026-05-14 22:11:02,KH000189,Mobile Banking,Thanh toán thẻ,44355000,0,Thành công,CN Quận 1,197288046
GD202605008857,2026-05-14 22:48:09,KH000092,QR Code,Nộp tiền mặt,1172000,0,Thành công,CN Cầu Giấy,13947039
GD202605009735,2026-05-14 22:57:16,KH000099,QR Code,Rút tiền mặt,2169000,0,Thành công,CN Cầu Giấy,37984334
GD202605006561,2026-05-15 06:42:27,KH000066,POS,Thanh toán thẻ,2255000,1100,Thành công,CN Bình Dương,159587817
GD202605002151,2026-05-15 06:49:38,KH000020,Mobile Banking,Chuyển khoản đi,2182000,0,Thành công,CN Bình Dương,27039064
GD202605002152,2026-05-15 07:10:47,KH000020,QR Code,Nộp tiền mặt,5261000,0,Thất bại,CN Cầu Giấy,27039064
GD202605001875,2026-05-15 07:33:25,KH000019,Mobile Banking,Chuyển khoản đi,3288000,0,Thành công,CN Đà Nẵng,47454338
GD202605004750,2026-05-15 07:55:43,KH000051,POS,Nộp tiền mặt,888000,3300,Thành công,CN Đà Nẵng,12119056
GD202605002866,2026-05-15 07:59:20,KH000026,Quầy giao dịch,Rút tiền mặt,237000,3300,Thành công,CN Cần Thơ,618322
GD202605017714,2026-05-15 09:12:33,KH000187,Mobile Banking,Thanh toán thẻ,1278000,0,Thành công,CN Hải Phòng,20581311
GD202605000901,2026-05-15 09:27:15,KH000012,Internet Banking,Rút tiền mặt,2332000,0,Thành công,CN Đà Nẵng,73789451
GD202605018625,2026-05-15 09:32:37,KH000197,POS,Nộp tiền mặt,20122000,0,Thành công,CN Bình Dương,165247659
GD202605007656,2026-05-15 09:47:25,KH000079,Internet Banking,Chuyển khoản đến,5778000,0,Thành công,CN Thanh Xuân,37786280
GD202605011790,2026-05-15 10:16:11,KH000125,Internet Banking,Thanh toán thẻ,80000,0,Thành công,CN Hải Phòng,60336
GD202605008265,2026-05-15 10:29:33,KH000084,Mobile Banking,Nộp tiền mặt,2156000,0,Thành công,CN Thanh Xuân,21844842
GD202605009093,2026-05-15 10:52:50,KH000094,Internet Banking,Thanh toán thẻ,964000,0,Thành công,CN Bình Dương,75185032
GD202605007330,2026-05-15 10:56:36,KH000077,POS,Thanh toán thẻ,880000,5500,Thành công,CN Đà Nẵng,10541642
GD202605012083,2026-05-15 12:01:52,KH000127,Internet Banking,Chuyển khoản đi,1627000,0,Thành công,CN Bình Dương,7270989
GD202605018113,2026-05-15 12:15:36,KH000191,QR Code,Thanh toán thẻ,1851000,0,Thành công,CN Cần Thơ,13002302
GD202605007331,2026-05-15 12:28:04,KH000077,POS,Thanh toán thẻ,3496000,5500,Thành công,CN Đà Nẵng,7040142
GD202605004749,2026-05-15 12:28:59,KH000051,POS,Thanh toán hóa đơn,1597000,1100,Thành công,CN Cần Thơ,11231056
GD202605015768,2026-05-15 13:17:31,KH000171,QR Code,Nạp tiền điện thoại,238000,0,Thành công,CN Cầu Giấy,876651
GD202605003425,2026-05-15 13:52:38,KH000032,Internet Banking,Chuyển khoản đến,127000,0,Thành công,CN Cần Thơ,58011240
GD202605012084,2026-05-15 14:05:53,KH000127,QR Code,Nộp tiền mặt,677000,0,Thành công,CN Cần Thơ,7947989
GD202605008266,2026-05-15 14:20:32,KH000084,QR Code,Thanh toán thẻ,74000,0,Thành công,CN Hải Phòng,21770842
GD202605017276,2026-05-15 14:46:29,KH000183,Mobile Banking,Thanh toán thẻ,4004000,0,Thành công,CN Cần Thơ,53471624
GD202605007657,2026-05-15 15:16:28,KH000079,POS,Thanh toán thẻ,9770000,0,Thành công,CN Hoàn Kiếm,28016280
GD202605001876,2026-05-15 16:39:48,KH000019,Internet Banking,Chuyển khoản đi,3432000,0,Thành công,CN Hoàn Kiếm,44022338
GD202605010826,2026-05-15 17:22:46,KH000114,Quầy giao dịch,Chuyển khoản đến,1432000,5500,Thành công,CN Hoàn Kiếm,57990864
GD202605018259,2026-05-15 18:08:21,KH000192,POS,Chuyển khoản đến,11767000,0,Thành công,CN TP Hồ Chí Minh,142052951
GD202605001713,2026-05-15 18:09:41,KH000018,QR Code,Nạp tiền điện thoại,465000,0,Thành công,CN Quận 1,55491543
GD202605007526,2026-05-15 19:00:12,KH000078,ATM,Chuyển khoản đến,15735000,5500,Thành công,CN Đà Nẵng,114108238
GD202605006380,2026-05-15 19:49:30,KH000065,Mobile Banking,Chuyển khoản đến,2016000,0,Thành công,CN Bình Dương,31083620
GD202605000322,2026-05-15 20:02:56,KH000007,Quầy giao dịch,Chuyển khoản đi,1653000,3300,Thành công,CN Bình Dương,12979047
GD202605009352,2026-05-15 20:36:34,KH000096,Internet Banking,Nộp tiền mặt,4970000,0,Thành công,CN Cầu Giấy,34677900
GD202605008267,2026-05-15 20:39:48,KH000084,Internet Banking,Thanh toán thẻ,2118000,0,Thành công,CN Hoàn Kiếm,19652842
GD202605012082,2026-05-15 21:09:03,KH000127,Mobile Banking,Chuyển khoản đến,1684000,0,Thành công,CN Cầu Giấy,8897989
GD202605003632,2026-05-15 21:12:21,KH000034,POS,Thanh toán thẻ,2552000,5500,Thành công,CN Thanh Xuân,63103126
GD202605016130,2026-05-15 21:48:42,KH000174,ATM,Chuyển khoản đến,2607000,0,Thành công,CN Đà Nẵng,66830690
GD202605009831,2026-05-15 22:02:58,KH000100,Quầy giao dịch,Nộp tiền mặt,6902000,0,Thành công,CN Thanh Xuân,86300808
GD202605007003,2026-05-15 22:15:00,KH000074,Mobile Banking,Thanh toán hóa đơn,1627000,0,Thành công,CN Đà Nẵng,30253763
GD202605015128,2026-05-15 22:37:33,KH000162,POS,Thanh toán thẻ,129000,3300,Thành công,CN Thanh Xuân,124603
GD202605015129,2026-05-15 22:49:57,KH000162,ATM,Nộp tiền mặt,141000,3300,Thành công,CN Thanh Xuân,265603
GD202605007985,2026-05-15 22:53:38,KH000082,Internet Banking,Thanh toán thẻ,1647000,0,Thành công,CN Cầu Giấy,38874080
GD202605009525,2026-05-15 22:55:38,KH000097,QR Code,Nạp tiền điện thoại,2002000,0,Thành công,CN Cần Thơ,18974049
GD202605008688,2026-05-15 22:58:24,KH000088,ATM,Rút tiền mặt,3175000,3300,Thành công,CN Hoàn Kiếm,8737679
GD202605006788,2026-05-16 07:15:29,KH000071,Mobile Banking,Nộp tiền mặt,4371000,0,Thành công,CN Đà Nẵng,54058738
GD202605009353,2026-05-16 07:44:13,KH000096,POS,Thanh toán thẻ,7265000,1100,Thành công,CN Thanh Xuân,27411800
GD202605007658,2026-05-16 07:44:45,KH000079,Mobile Banking,Chuyển khoản đến,9630000,0,Thành công,CN Đà Nẵng,37646280
GD202605011791,2026-05-16 07:45:15,KH000125,Internet Banking,Thanh toán hóa đơn,56000,0,Thành công,CN Hoàn Kiếm,88336
GD202605012642,2026-05-16 08:13:00,KH000131,POS,Chuyển khoản đi,184000,1100,Thành công,CN Cần Thơ,144580
GD202605013287,2026-05-16 08:20:52,KH000137,Mobile Banking,Nộp tiền mặt,7404000,0,Thành công,CN TP Hồ Chí Minh,43096975
GD202605011692,2026-05-16 08:40:02,KH000124,POS,Rút tiền mặt,4570000,5500,Thành công,CN Cầu Giấy,9097138
GD202605011362,2026-05-16 10:43:36,KH000119,Internet Banking,Chuyển khoản đi,198000,0,Thành công,CN TP Hồ Chí Minh,36634045
GD202605018574,2026-05-16 11:41:19,KH000196,Internet Banking,Chuyển khoản đi,144000,0,Thành công,CN TP Hồ Chí Minh,51816498
GD202605014445,2026-05-16 12:15:16,KH000153,Mobile Banking,Chuyển khoản đi,83000,0,Thành công,CN Đà Nẵng,409741
GD202605001877,2026-05-16 12:17:44,KH000019,Mobile Banking,Nộp tiền mặt,2078000,0,Thất bại,CN Quận 1,44022338
GD202605007004,2026-05-16 12:33:19,KH000074,Mobile Banking,Thanh toán thẻ,1525000,0,Thành công,CN Hoàn Kiếm,28728763
GD202605015131,2026-05-16 12:43:33,KH000162,POS,Thanh toán thẻ,195000,0,Thành công,CN Thanh Xuân,218103
GD202605007659,2026-05-16 12:46:49,KH000079,Mobile Banking,Nộp tiền mặt,11453000,0,Thành công,CN Đà Nẵng,49099280
GD202605000397,2026-05-16 12:58:55,KH000008,Mobile Banking,Thanh toán thẻ,16380000,0,Thành công,CN Bình Dương,34390506
GD202605002867,2026-05-16 13:12:01,KH000026,Quầy giao dịch,Chuyển khoản đi,187000,1100,Thành công,CN Hoàn Kiếm,430222
GD202605008858,2026-05-16 13:17:03,KH000092,Internet Banking,Nạp tiền điện thoại,4455000,0,Thành công,CN Hoàn Kiếm,9492039
GD202605004404,2026-05-16 14:26:16,KH000045,Internet Banking,Nộp tiền mặt,1091000,0,Thành công,CN Bình Dương,53457024
GD202605014446,2026-05-16 14:26:39,KH000153,Mobile Banking,Nộp tiền mặt,76000,0,Thành công,CN Hải Phòng,485741
GD202605001879,2026-05-16 14:33:16,KH000019,POS,Thanh toán thẻ,3198000,0,Thành công,CN Thanh Xuân,40290038
GD202605004048,2026-05-16 15:09:24,KH000040,QR Code,Chuyển khoản đến,5945000,0,Thành công,CN TP Hồ Chí Minh,51032554
GD202605004403,2026-05-16 15:16:38,KH000045,Quầy giao dịch,Chuyển khoản đến,953000,1100,Thành công,CN Hoàn Kiếm,52366024
GD202605006162,2026-05-16 15:17:17,KH000063,POS,Thanh toán thẻ,1239000,1100,Thành công,CN Đà Nẵng,56196531
GD202605003066,2026-05-16 15:38:30,KH000028,POS,Thanh toán thẻ,2358000,3300,Thành công,CN Đà Nẵng,38559347
GD202605002917,2026-05-16 16:40:38,KH000027,POS,Thanh toán thẻ,9844000,1100,Thành công,CN Cần Thơ,21942457
GD202605015520,2026-05-16 17:15:42,KH000167,QR Code,Nộp tiền mặt,2184000,0,Thành công,CN Cầu Giấy,33188608
GD202605005415,2026-05-16 18:12:23,KH000057,POS,Thanh toán thẻ,7748000,3300,Thất bại,CN Hải Phòng,64519474
GD202605006562,2026-05-16 18:20:46,KH000066,Internet Banking,Chuyển khoản đi,4353000,0,Thành công,CN Hoàn Kiếm,155234817
GD202605013606,2026-05-16 18:21:39,KH000142,Quầy giao dịch,Nộp tiền mặt,15357000,0,Thành công,CN Hoàn Kiếm,129775909
GD202605015130,2026-05-16 19:25:33,KH000162,Internet Banking,Thanh toán hóa đơn,145000,0,Thành công,CN Hoàn Kiếm,120603
GD202605001878,2026-05-16 19:37:00,KH000019,Quầy giao dịch,Thanh toán hóa đơn,531000,3300,Thành công,CN Hải Phòng,43488038
GD202605012462,2026-05-16 19:47:18,KH000130,POS,Thanh toán thẻ,3750000,1100,Thành công,CN Cần Thơ,33873411
GD202605002153,2026-05-16 20:17:13,KH000020,Mobile Banking,Nộp tiền mặt,6393000,0,Thành công,CN Hoàn Kiếm,33432064
GD202605005294,2026-05-16 20:25:49,KH000056,QR Code,Thanh toán thẻ,320000,0,Thành công,CN Cầu Giấy,91991603
GD202605014444,2026-05-16 20:46:34,KH000153,QR Code,Chuyển khoản đến,80000,0,Thành công,CN Hải Phòng,492741
GD202605006381,2026-05-16 21:46:18,KH000065,Mobile Banking,Rút tiền mặt,10061000,0,Thành công,CN Bình Dương,21022620
GD202605013605,2026-05-16 21:47:00,KH000142,Internet Banking,Thanh toán thẻ,39511000,0,Thành công,CN Thanh Xuân,114418909
GD202605016649,2026-05-16 21:52:50,KH000180,POS,Thanh toán thẻ,822000,1100,Thành công,CN Hải Phòng,49001609
GD202605001490,2026-05-16 22:03:15,KH000016,Mobile Banking,Chuyển khoản đến,122000,0,Thành công,CN Cần Thơ,463307
GD202605011361,2026-05-16 22:13:49,KH000119,Internet Banking,Chuyển khoản đến,193000,0,Thành công,CN Cầu Giấy,36832045
GD202605016272,2026-05-16 22:14:01,KH000176,Mobile Banking,Nộp tiền mặt,499000,0,Thành công,CN Thanh Xuân,42914780
GD202605004196,2026-05-16 22:55:43,KH000042,ATM,Rút tiền mặt,2589000,5500,Thành công,CN Đà Nẵng,44802034
GD202605016974,2026-05-17 06:25:44,KH000182,POS,Thanh toán thẻ,1620000,3300,Thành công,CN Cầu Giấy,22903389
GD202605018426,2026-05-17 06:27:04,KH000195,Internet Banking,Thanh toán thẻ,150000,0,Thành công,CN Thanh Xuân,1811517
GD202605013974,2026-05-17 07:22:01,KH000147,POS,Chuyển khoản đi,833000,3300,Thành công,CN Thanh Xuân,134216375
GD202605010059,2026-05-17 07:29:49,KH000104,POS,Thanh toán thẻ,546000,5500,Thành công,CN Bình Dương,16336633
GD202605011794,2026-05-17 08:49:40,KH000125,Internet Banking,Thanh toán thẻ,169000,0,Thành công,CN Bình Dương,70336
GD202605010349,2026-05-17 08:50:54,KH000108,Internet Banking,Nạp tiền điện thoại,167000,0,Thành công,CN Đà Nẵng,59993856
GD202605000398,2026-05-17 09:12:48,KH000008,Mobile Banking,Chuyển khoản đi,1423000,0,Thành công,CN Bình Dương,32967506
GD202605012644,2026-05-17 09:15:35,KH000131,QR Code,Thanh toán thẻ,94000,0,Thành công,CN Hải Phòng,107080
GD202605001714,2026-05-17 09:32:47,KH000018,POS,Thanh toán thẻ,566000,5500,Thành công,CN Hải Phòng,54920043
GD202605010827,2026-05-17 09:33:19,KH000114,QR Code,Thanh toán thẻ,1215000,0,Thành công,CN Cần Thơ,56775864
GD202605001880,2026-05-17 09:38:05,KH000019,QR Code,Chuyển khoản đi,1381000,0,Thành công,CN Hải Phòng,38909038
GD202605002154,2026-05-17 09:48:27,KH000020,POS,Thanh toán thẻ,5285000,0,Thành công,CN Cầu Giấy,28147064
GD202605001149,2026-05-17 10:39:05,KH000014,Mobile Banking,Chuyển khoản đến,5962000,0,Thành công,CN Cần Thơ,42769762
GD202605008115,2026-05-17 10:52:26,KH000083,Internet Banking,Thanh toán thẻ,382000,0,Thành công,CN Thanh Xuân,47173850
GD202605012085,2026-05-17 10:52:33,KH000127,QR Code,Thanh toán thẻ,1718000,0,Thành công,CN TP Hồ Chí Minh,6229989
GD202605012646,2026-05-17 11:04:11,KH000131,ATM,Nộp tiền mặt,179000,0,Thành công,CN Cần Thơ,359080
GD202605011072,2026-05-17 11:06:20,KH000117,POS,Thanh toán thẻ,520000,5500,Thành công,CN Thanh Xuân,64428484
GD202605007332,2026-05-17 11:11:54,KH000077,Internet Banking,Chuyển khoản đến,1582000,0,Thành công,CN Cần Thơ,8622142
GD202605011073,2026-05-17 11:39:50,KH000117,Quầy giao dịch,Chuyển khoản đi,196000,5500,Thành công,CN Quận 1,64226984
GD202605012286,2026-05-17 11:52:06,KH000128,POS,Chuyển khoản đến,434000,0,Thành công,CN Hải Phòng,43134108
GD202605017277,2026-05-17 11:58:37,KH000183,POS,Thanh toán thẻ,8587000,3300,Thành công,CN Hoàn Kiếm,44881324
GD202605008571,2026-05-17 12:55:21,KH000087,ATM,Chuyển khoản đến,113000,0,Thành công,CN TP Hồ Chí Minh,523026
GD202605009094,2026-05-17 13:00:58,KH000094,Internet Banking,Rút tiền mặt,1901000,0,Thành công,CN Bình Dương,73284032
GD202605007986,2026-05-17 13:26:48,KH000082,POS,Thanh toán thẻ,1478000,3300,Thành công,CN Cần Thơ,37392780
GD202605009095,2026-05-17 13:48:40,KH000094,Quầy giao dịch,Rút tiền mặt,2363000,5500,Thành công,CN Quận 1,70915532
GD202605006382,2026-05-17 13:50:39,KH000065,Internet Banking,Nạp tiền điện thoại,5799000,0,Thành công,CN Hải Phòng,15223620
GD202605002441,2026-05-17 13:54:16,KH000023,QR Code,Rút tiền mặt,9830000,0,Thành công,CN Bình Dương,35943301
GD202605008433,2026-05-17 14:05:44,KH000085,Quầy giao dịch,Nạp tiền điện thoại,1309000,3300,Thành công,CN Hoàn Kiếm,30889189
GD202605000076,2026-05-17 14:13:02,KH000003,POS,Thanh toán thẻ,2886000,5500,Thành công,CN Đà Nẵng,274375170
GD202605000163,2026-05-17 14:40:05,KH000005,Internet Banking,Nộp tiền mặt,8656000,0,Thành công,CN Cần Thơ,39239830
GD202605005600,2026-05-17 14:43:27,KH000059,Internet Banking,Nạp tiền điện thoại,4750000,0,Thành công,CN Cầu Giấy,56284899
GD202605001491,2026-05-17 14:45:41,KH000016,Mobile Banking,Thanh toán thẻ,111000,0,Thành công,CN Thanh Xuân,352307
GD202605014042,2026-05-17 14:50:19,KH000148,QR Code,Chuyển khoản đi,566000,0,Thất bại,CN Cầu Giấy,54307319
GD202605014992,2026-05-17 14:59:57,KH000160,QR Code,Thanh toán thẻ,4117000,0,Thành công,CN Cần Thơ,67520796
GD202605011793,2026-05-17 15:20:17,KH000125,POS,Thanh toán thẻ,137000,5500,Thành công,CN Đà Nẵng,239336
GD202605001148,2026-05-17 15:21:14,KH000014,QR Code,Thanh toán thẻ,10924000,0,Thành công,CN Cần Thơ,36807762
GD202605015521,2026-05-17 15:41:43,KH000167,QR Code,Nộp tiền mặt,1169000,0,Thành công,CN Hoàn Kiếm,34357608
GD202605016973,2026-05-17 15:54:30,KH000182,Internet Banking,Chuyển khoản đi,9530000,0,Thành công,CN Cầu Giấy,24526689
GD202605016273,2026-05-17 16:38:05,KH000176,Internet Banking,Thanh toán hóa đơn,52000,0,Thành công,CN Đà Nẵng,42862780
GD202605012643,2026-05-17 17:23:06,KH000131,QR Code,Thanh toán thẻ,113000,0,Thành công,CN Hải Phòng,201080
GD202605001493,2026-05-17 17:51:38,KH000016,Quầy giao dịch,Rút tiền mặt,86000,1100,Thành công,CN TP Hồ Chí Minh,165207
GD202605007333,2026-05-17 18:37:15,KH000077,QR Code,Thanh toán thẻ,1033000,0,Thành công,CN Thanh Xuân,7589142
GD202605014882,2026-05-17 18:44:56,KH000158,ATM,Rút tiền mặt,2990000,1100,Thành công,CN Cầu Giấy,78277653
GD202605015132,2026-05-17 19:21:08,KH000162,QR Code,Thanh toán hóa đơn,131000,0,Thành công,CN Bình Dương,87103
GD202605014447,2026-05-17 19:33:52,KH000153,POS,Thanh toán thẻ,53000,5500,Thành công,CN Thanh Xuân,427241
GD202605000075,2026-05-17 19:55:13,KH000003,POS,Thanh toán thẻ,18499000,5500,Thành công,CN Đà Nẵng,277266670
GD202605008116,2026-05-17 20:07:57,KH000083,Mobile Banking,Thanh toán thẻ,127000,0,Thành công,CN Hải Phòng,47046850
GD202605012645,2026-05-17 20:20:39,KH000131,Internet Banking,Thanh toán thẻ,146000,0,Thành công,CN Quận 1,180080
GD202605013858,2026-05-17 20:20:48,KH000145,Mobile Banking,Nộp tiền mặt,418000,0,Thành công,CN Đà Nẵng,58110889
GD202605011792,2026-05-17 20:45:39,KH000125,Mobile Banking,Thanh toán thẻ,176000,0,Thành công,CN Bình Dương,176336
GD202605001492,2026-05-17 21:24:13,KH000016,Internet Banking,Thanh toán hóa đơn,100000,0,Thành công,CN Bình Dương,252307
GD202605000118,2026-05-17 21:28:58,KH000004,Internet Banking,Chuyển khoản đi,6642000,0,Thất bại,CN TP Hồ Chí Minh,154476551
GD202605017994,2026-05-17 22:30:22,KH000190,QR Code,Rút tiền mặt,177538000,0,Thất bại,CN Hoàn Kiếm,855698046
GD202605007660,2026-05-17 22:33:23,KH000079,Mobile Banking,Thanh toán thẻ,7466000,0,Thành công,CN Cầu Giấy,41633280
GD202605003886,2026-05-17 22:51:29,KH000038,QR Code,Chuyển khoản đi,4717000,0,Thành công,CN Cầu Giấy,71458751
GD202605016975,2026-05-18 06:32:07,KH000182,Internet Banking,Nạp tiền điện thoại,7995000,0,Thành công,CN TP Hồ Chí Minh,14908389
GD202605008434,2026-05-18 06:33:35,KH000085,ATM,Nạp tiền điện thoại,455000,1100,Thành công,CN Hải Phòng,30433089
GD202605002155,2026-05-18 06:54:44,KH000020,Mobile Banking,Thanh toán thẻ,5856000,0,Thành công,CN Hải Phòng,22291064
GD202605005849,2026-05-18 07:24:05,KH000061,Internet Banking,Thanh toán thẻ,1056000,0,Thành công,CN TP Hồ Chí Minh,31745265
GD202605015769,2026-05-18 07:44:17,KH000171,Internet Banking,Thanh toán hóa đơn,176000,0,Thành công,CN Cần Thơ,700651
GD202605013942,2026-05-18 08:05:50,KH000146,ATM,Chuyển khoản đi,97134000,5500,Thành công,CN Cần Thơ,195102047
GD202605009354,2026-05-18 08:28:09,KH000096,Mobile Banking,Chuyển khoản đi,3115000,0,Thành công,CN Bình Dương,24296800
GD202605009526,2026-05-18 09:19:39,KH000097,POS,Thanh toán thẻ,2146000,0,Thành công,CN Cần Thơ,16828049
GD202605014448,2026-05-18 09:35:05,KH000153,QR Code,Nộp tiền mặt,163000,0,Thành công,CN Cần Thơ,590241
GD202605008859,2026-05-18 10:25:24,KH000092,Internet Banking,Thanh toán hóa đơn,2962000,0,Thành công,CN Bình Dương,6530039
GD202605018114,2026-05-18 11:10:15,KH000191,QR Code,Thanh toán hóa đơn,2590000,0,Thành công,CN Hải Phòng,10412302
GD202605018115,2026-05-18 11:53:51,KH000191,POS,Thanh toán thẻ,2518000,5500,Thành công,CN Hoàn Kiếm,7888802
GD202605018116,2026-05-18 12:53:37,KH000191,Mobile Banking,Nộp tiền mặt,2520000,0,Thành công,CN Đà Nẵng,10408802
GD202605016274,2026-05-18 12:58:44,KH000176,POS,Thanh toán thẻ,483000,3300,Thành công,CN Cần Thơ,42376480
GD202605001881,2026-05-18 13:06:01,KH000019,QR Code,Thanh toán thẻ,2097000,0,Thành công,CN Hải Phòng,36812038
GD202605016464,2026-05-18 14:55:33,KH000177,Internet Banking,Nộp tiền mặt,7932000,0,Thành công,CN Thanh Xuân,61084299
GD202605004405,2026-05-18 15:11:33,KH000045,POS,Thanh toán thẻ,1605000,3300,Thành công,CN TP Hồ Chí Minh,51848724
GD202605005416,2026-05-18 15:40:35,KH000057,Mobile Banking,Thanh toán thẻ,17996000,0,Thành công,CN TP Hồ Chí Minh,46523474
GD202605016784,2026-05-18 15:43:56,KH000181,Internet Banking,Thanh toán hóa đơn,110000,0,Thành công,CN Cần Thơ,65020
GD202605004893,2026-05-18 15:49:20,KH000052,POS,Thanh toán thẻ,178000,0,Thành công,CN Cầu Giấy,227106
GD202605007005,2026-05-18 16:34:03,KH000074,POS,Thanh toán thẻ,425000,0,Thành công,CN Cầu Giấy,28303763
GD202605013975,2026-05-18 17:22:10,KH000147,ATM,Nạp tiền điện thoại,4088000,3300,Thành công,CN Đà Nẵng,130125075
GD202605003067,2026-05-18 17:30:49,KH000028,Internet Banking,Nạp tiền điện thoại,1909000,0,Thành công,CN Thanh Xuân,36650347
GD202605004197,2026-05-18 17:34:47,KH000042,Internet Banking,Chuyển khoản đến,375000,0,Thành công,CN Cần Thơ,45177034
GD202605005601,2026-05-18 17:57:41,KH000059,Mobile Banking,Thanh toán thẻ,10762000,0,Thành công,CN Thanh Xuân,45522899
GD202605010483,2026-05-18 18:18:43,KH000110,Mobile Banking,Thanh toán thẻ,1505000,0,Thành công,CN Cầu Giấy,53737862
GD202605003426,2026-05-18 18:19:04,KH000032,QR Code,Nộp tiền mặt,142000,0,Thành công,CN Quận 1,58153240
GD202605002442,2026-05-18 18:51:32,KH000023,POS,Thanh toán thẻ,2985000,1100,Thành công,CN Cầu Giấy,32957201
GD202605013176,2026-05-18 19:03:47,KH000136,ATM,Nộp tiền mặt,6191000,1100,Thành công,CN TP Hồ Chí Minh,72215293
GD202605012086,2026-05-18 19:38:48,KH000127,Mobile Banking,Thanh toán thẻ,72000,0,Thành công,CN Quận 1,6157989
GD202605012647,2026-05-18 19:52:47,KH000131,POS,Thanh toán thẻ,155000,3300,Thành công,CN Thanh Xuân,200780
GD202605011363,2026-05-18 20:01:48,KH000119,Internet Banking,Thanh toán thẻ,190000,0,Thành công,CN Hải Phòng,36444045
GD202605017715,2026-05-18 20:04:59,KH000187,Internet Banking,Chuyển khoản đi,627000,0,Thành công,CN Đà Nẵng,19954311
GD202605006163,2026-05-18 20:15:46,KH000063,POS,Thanh toán thẻ,651000,1100,Thành công,CN Đà Nẵng,55544431
GD202605012902,2026-05-18 20:54:33,KH000132,Mobile Banking,Chuyển khoản đến,2032000,0,Thành công,CN Cầu Giấy,18049794
GD202605012401,2026-05-18 21:39:37,KH000129,Mobile Banking,Thanh toán thẻ,110000,0,Thành công,CN Hoàn Kiếm,118148
GD202605007006,2026-05-18 22:05:05,KH000074,Mobile Banking,Thanh toán hóa đơn,86000,0,Thành công,CN Thanh Xuân,28217763
GD202605004894,2026-05-18 22:21:10,KH000052,Mobile Banking,Thanh toán hóa đơn,164000,0,Thành công,CN Quận 1,63106
GD202605011795,2026-05-19 06:03:08,KH000125,POS,Thanh toán thẻ,131000,1100,Thành công,CN TP Hồ Chí Minh,134736
GD202605004199,2026-05-19 06:13:02,KH000042,Mobile Banking,Thanh toán thẻ,4253000,0,Thành công,CN TP Hồ Chí Minh,38861934
GD202605016156,2026-05-19 06:42:24,KH000175,POS,Rút tiền mặt,30729000,0,Thành công,CN Bình Dương,73595998
GD202605015921,2026-05-19 07:00:42,KH000172,QR Code,Thanh toán hóa đơn,480000,0,Thành công,CN Hải Phòng,9598155
GD202605017718,2026-05-19 07:05:34,KH000187,QR Code,Thanh toán thẻ,1639000,0,Thành công,CN Cần Thơ,11226311
GD202605012288,2026-05-19 07:06:51,KH000128,POS,Nạp tiền điện thoại,446000,1100,Thành công,CN Cầu Giấy,42443008
GD202605010709,2026-05-19 07:47:00,KH000113,Mobile Banking,Chuyển khoản đi,3595000,0,Thành công,CN Cầu Giấy,49714733
GD202605008572,2026-05-19 07:55:31,KH000087,Mobile Banking,Thanh toán thẻ,75000,0,Thành công,CN Hoàn Kiếm,448026
GD202605011196,2026-05-19 08:02:42,KH000118,POS,Thanh toán thẻ,2934000,5500,Thành công,CN Hải Phòng,20407626
GD202605006868,2026-05-19 08:29:43,KH000072,Mobile Banking,Chuyển khoản đến,706000,0,Thành công,CN Đà Nẵng,52537972
GD202605004895,2026-05-19 08:30:26,KH000052,POS,Thanh toán thẻ,74000,5500,Thành công,CN Bình Dương,94606
GD202605004148,2026-05-19 08:46:27,KH000041,Internet Banking,Chuyển khoản đi,29773000,0,Thành công,CN Cần Thơ,105772084
GD202605001150,2026-05-19 08:57:22,KH000014,Mobile Banking,Thanh toán hóa đơn,2429000,0,Thành công,CN Đà Nẵng,40340762
GD202605017900,2026-05-19 09:04:55,KH000189,Internet Banking,Nạp tiền điện thoại,28833000,0,Thành công,CN TP Hồ Chí Minh,168455046
GD202605012903,2026-05-19 09:10:54,KH000132,Mobile Banking,Rút tiền mặt,1256000,0,Thành công,CN TP Hồ Chí Minh,16793794
GD202605014449,2026-05-19 09:53:39,KH000153,Mobile Banking,Thanh toán hóa đơn,112000,0,Thành công,CN Bình Dương,478241
GD202605005295,2026-05-19 10:01:49,KH000056,QR Code,Thanh toán hóa đơn,2266000,0,Thành công,CN Bình Dương,89725603
GD202605000632,2026-05-19 10:08:47,KH000010,Internet Banking,Thanh toán thẻ,1570000,0,Thành công,CN Hải Phòng,5061990
GD202605007661,2026-05-19 10:54:53,KH000079,Mobile Banking,Nộp tiền mặt,4159000,0,Thành công,CN Bình Dương,45792280
GD202605009853,2026-05-19 11:05:40,KH000101,Quầy giao dịch,Rút tiền mặt,9026000,0,Thành công,CN Hải Phòng,98096884
GD202605015920,2026-05-19 11:10:08,KH000172,Internet Banking,Nộp tiền mặt,1843000,0,Thành công,CN Hải Phòng,10078155
GD202605004549,2026-05-19 11:17:27,KH000047,Quầy giao dịch,Rút tiền mặt,1139000,3300,Thành công,CN Bình Dương,93459888
GD202605006164,2026-05-19 11:37:38,KH000063,POS,Thanh toán thẻ,286000,1100,Thành công,CN TP Hồ Chí Minh,55257331
GD202605016785,2026-05-19 12:00:11,KH000181,POS,Thanh toán thẻ,86000,5500,Thành công,CN Cần Thơ,102520
GD202605002669,2026-05-19 12:25:54,KH000025,QR Code,Thanh toán thẻ,160000,0,Thành công,CN Bình Dương,200631
GD202605003068,2026-05-19 12:29:55,KH000028,QR Code,Chuyển khoản đi,1150000,0,Thành công,CN Quận 1,35500347
GD202605010828,2026-05-19 12:35:48,KH000114,Internet Banking,Nạp tiền điện thoại,2311000,0,Thành công,CN Bình Dương,54464864
GD202605001882,2026-05-19 13:03:58,KH000019,Mobile Banking,Nộp tiền mặt,3404000,0,Thành công,CN Đà Nẵng,40216038
GD202605002918,2026-05-19 13:47:06,KH000027,ATM,Chuyển khoản đến,3801000,0,Thành công,CN Cần Thơ,25743457
GD202605012287,2026-05-19 13:54:00,KH000128,Internet Banking,Rút tiền mặt,244000,0,Thành công,CN Cần Thơ,42890108
GD202605013607,2026-05-19 13:59:50,KH000142,Internet Banking,Nạp tiền điện thoại,36028000,0,Thành công,CN Bình Dương,93747909
GD202605017278,2026-05-19 14:26:45,KH000183,Internet Banking,Nạp tiền điện thoại,4418000,0,Thành công,CN Cầu Giấy,40463324
GD202605015133,2026-05-19 14:41:49,KH000162,Mobile Banking,Thanh toán thẻ,69000,0,Thành công,CN Quận 1,121603
GD202605018427,2026-05-19 14:50:29,KH000195,QR Code,Thanh toán hóa đơn,292000,0,Thành công,CN TP Hồ Chí Minh,1519517
GD202605018428,2026-05-19 15:24:48,KH000195,Mobile Banking,Thanh toán thẻ,335000,0,Thành công,CN Thanh Xuân,1184517
GD202605000631,2026-05-19 16:34:56,KH000010,Internet Banking,Chuyển khoản đi,273000,0,Thành công,CN Hải Phòng,6631990
GD202605011365,2026-05-19 16:47:34,KH000119,QR Code,Chuyển khoản đến,174000,0,Thành công,CN Quận 1,36618045
GD202605016976,2026-05-19 17:04:11,KH000182,Internet Banking,Thanh toán hóa đơn,4907000,0,Thành công,CN Thanh Xuân,10001389
GD202605014993,2026-05-19 17:14:03,KH000160,POS,Nạp tiền điện thoại,4987000,3300,Thành công,CN Quận 1,62530496
GD202605009096,2026-05-19 17:25:36,KH000094,Internet Banking,Chuyển khoản đến,723000,0,Thành công,CN Cầu Giấy,71638532
GD202605000165,2026-05-19 17:25:58,KH000005,Internet Banking,Thanh toán thẻ,3571000,0,Thành công,CN Quận 1,37851830
GD202605003633,2026-05-19 18:47:45,KH000034,Mobile Banking,Thanh toán thẻ,1643000,0,Thành công,CN Bình Dương,61460126
GD202605006905,2026-05-19 19:11:57,KH000073,QR Code,Thanh toán thẻ,19377000,0,Thành công,CN Cần Thơ,96902685
GD202605005850,2026-05-19 19:57:42,KH000061,POS,Thanh toán thẻ,2028000,0,Thành công,CN Hoàn Kiếm,29717265
GD202605017716,2026-05-19 20:11:54,KH000187,QR Code,Thanh toán hóa đơn,796000,0,Thành công,CN Hoàn Kiếm,19158311
GD202605004198,2026-05-19 20:36:47,KH000042,POS,Rút tiền mặt,2061000,1100,Thành công,CN Đà Nẵng,43114934
GD202605017901,2026-05-19 20:52:29,KH000189,QR Code,Thanh toán thẻ,23380000,0,Thành công,CN TP Hồ Chí Minh,145075046
GD202605017717,2026-05-19 20:56:40,KH000187,Mobile Banking,Chuyển khoản đi,6293000,0,Thành công,CN Thanh Xuân,12865311
GD202605010928,2026-05-19 21:13:12,KH000115,Mobile Banking,Nộp tiền mặt,4049000,0,Thành công,CN Cầu Giấy,30240247
GD202605015470,2026-05-19 21:35:38,KH000166,Quầy giao dịch,Rút tiền mặt,37288000,1100,Thành công,CN TP Hồ Chí Minh,164648107
GD202605000630,2026-05-19 21:48:08,KH000010,Mobile Banking,Thanh toán thẻ,2316000,0,Thành công,CN Bình Dương,6904990
GD202605006631,2026-05-19 21:48:48,KH000067,Internet Banking,Thanh toán thẻ,4754000,0,Thất bại,CN Bình Dương,34075799
GD202605011364,2026-05-19 22:06:53,KH000119,Internet Banking,Thanh toán thẻ,186000,0,Thất bại,CN Cần Thơ,36444045
GD202605003427,2026-05-19 22:14:54,KH000032,POS,Thanh toán hóa đơn,199000,3300,Thành công,CN Đà Nẵng,57950940
GD202605000164,2026-05-19 22:20:26,KH000005,Internet Banking,Nộp tiền mặt,2183000,0,Thành công,CN Hải Phòng,41422830
GD202605015770,2026-05-19 22:54:14,KH000171,POS,Nạp tiền điện thoại,169000,0,Thành công,CN Cần Thơ,531651
GD202605000399,2026-05-20 06:01:27,KH000008,QR Code,Nộp tiền mặt,9637000,0,Thành công,CN Quận 1,42604506
GD202605002672,2026-05-20 06:08:54,KH000025,QR Code,Thanh toán thẻ,128000,0,Thành công,CN Đà Nẵng,80131
GD202605004896,2026-05-20 06:45:24,KH000052,Mobile Banking,Chuyển khoản đi,126000,0,Thành công,CN Đà Nẵng,157606
GD202605000166,2026-05-20 07:18:15,KH000005,POS,Thanh toán hóa đơn,13004000,5500,Thành công,CN Hoàn Kiếm,24842330
GD202605018706,2026-05-20 07:48:00,KH000198,Quầy giao dịch,Rút tiền mặt,1552000,1100,Thành công,CN Đà Nẵng,33204388
GD202605009355,2026-05-20 08:17:37,KH000096,Mobile Banking,Rút tiền mặt,5590000,0,Thành công,CN Bình Dương,18706800
GD202605016979,2026-05-20 08:35:37,KH000182,Mobile Banking,Chuyển khoản đi,211000,0,Thành công,CN Đà Nẵng,8315389
GD202605008689,2026-05-20 08:42:27,KH000088,POS,Thanh toán thẻ,469000,0,Thành công,CN Cầu Giấy,8268679
GD202605008573,2026-05-20 09:02:45,KH000087,QR Code,Thanh toán thẻ,146000,0,Thành công,CN Hải Phòng,302026
GD202605014217,2026-05-20 09:19:20,KH000151,Mobile Banking,Thanh toán hóa đơn,701000,0,Thành công,CN Đà Nẵng,1789216
GD202605016786,2026-05-20 09:52:25,KH000181,Internet Banking,Nạp tiền điện thoại,68000,0,Thành công,CN Cần Thơ,136520
GD202605018429,2026-05-20 09:53:11,KH000195,Mobile Banking,Rút tiền mặt,402000,0,Thành công,CN Đà Nẵng,782517
GD202605015134,2026-05-20 10:48:24,KH000162,Internet Banking,Thanh toán thẻ,196000,0,Thành công,CN Thanh Xuân,219603
GD202605013859,2026-05-20 11:10:30,KH000145,Quầy giao dịch,Rút tiền mặt,129000,5500,Thành công,CN Cầu Giấy,57976389
GD202605016978,2026-05-20 11:14:10,KH000182,Internet Banking,Chuyển khoản đi,161000,0,Thành công,CN Cầu Giấy,8526389
GD202605016977,2026-05-20 11:28:32,KH000182,Mobile Banking,Rút tiền mặt,1314000,0,Thành công,CN TP Hồ Chí Minh,8687389
GD202605012648,2026-05-20 11:31:41,KH000131,ATM,Nạp tiền điện thoại,158000,1100,Thành công,CN Quận 1,278680
GD202605003271,2026-05-20 11:37:28,KH000030,POS,Chuyển khoản đến,460000,1100,Thành công,CN Đà Nẵng,132023522
GD202605004529,2026-05-20 11:51:37,KH000046,Internet Banking,Nạp tiền điện thoại,20277000,0,Thành công,CN Thanh Xuân,95975721
GD202605012289,2026-05-20 12:05:07,KH000128,POS,Thanh toán thẻ,73000,1100,Thất bại,CN Hải Phòng,42443008
GD202605013860,2026-05-20 12:13:46,KH000145,Mobile Banking,Thanh toán thẻ,157000,0,Thành công,CN Cầu Giấy,57819389
GD202605010582,2026-05-20 12:33:45,KH000111,Internet Banking,Thanh toán thẻ,30303000,0,Thành công,CN Cầu Giấy,124725326
GD202605003069,2026-05-20 12:48:29,KH000028,Mobile Banking,Rút tiền mặt,1573000,0,Thành công,CN TP Hồ Chí Minh,33927347
GD202605018287,2026-05-20 12:58:56,KH000193,POS,Thanh toán hóa đơn,44917000,5500,Thành công,CN Hải Phòng,239420663
GD202605005296,2026-05-20 13:18:49,KH000056,QR Code,Thanh toán thẻ,922000,0,Thành công,CN Đà Nẵng,88803603
GD202605002670,2026-05-20 13:20:53,KH000025,Mobile Banking,Rút tiền mặt,74000,0,Thành công,CN Thanh Xuân,126631
GD202605011074,2026-05-20 13:38:54,KH000117,POS,Thanh toán thẻ,219000,5500,Thành công,CN TP Hồ Chí Minh,64002484
GD202605001715,2026-05-20 13:42:30,KH000018,QR Code,Nạp tiền điện thoại,871000,0,Thành công,CN Cần Thơ,54049043
GD202605002671,2026-05-20 13:49:16,KH000025,QR Code,Nạp tiền điện thoại,163000,0,Thành công,CN Thanh Xuân,208131
GD202605001494,2026-05-20 14:00:18,KH000016,Mobile Banking,Nạp tiền điện thoại,68000,0,Thành công,CN Bình Dương,97207
GD202605001152,2026-05-20 14:38:25,KH000014,QR Code,Thanh toán hóa đơn,8229000,0,Thành công,CN Đà Nẵng,19253762
GD202605012649,2026-05-20 15:14:06,KH000131,Mobile Banking,Chuyển khoản đến,143000,0,Thành công,CN Quận 1,421680
GD202605008860,2026-05-20 15:27:05,KH000092,Internet Banking,Nạp tiền điện thoại,915000,0,Thành công,CN TP Hồ Chí Minh,5615039
GD202605004897,2026-05-20 15:39:33,KH000052,QR Code,Nạp tiền điện thoại,73000,0,Thành công,CN Thanh Xuân,84606
GD202605001151,2026-05-20 17:36:14,KH000014,Internet Banking,Rút tiền mặt,12858000,0,Thành công,CN Hải Phòng,27482762
GD202605015771,2026-05-20 18:09:39,KH000171,Internet Banking,Nộp tiền mặt,78000,0,Thành công,CN Thanh Xuân,609651
GD202605003771,2026-05-20 18:16:25,KH000035,POS,Nộp tiền mặt,3611000,0,Thành công,CN Hải Phòng,14780855
GD202605007334,2026-05-20 18:26:55,KH000077,POS,Thanh toán thẻ,1428000,5500,Thành công,CN Quận 1,6155642
GD202605013719,2026-05-20 18:40:30,KH000143,Mobile Banking,Thanh toán thẻ,105000,0,Thành công,CN Quận 1,50172561
GD202605004678,2026-05-20 19:00:26,KH000050,POS,Thanh toán thẻ,586000,3300,Thành công,CN Hải Phòng,15534777
GD202605010060,2026-05-20 19:03:48,KH000104,QR Code,Nộp tiền mặt,2632000,0,Thành công,CN Đà Nẵng,18968633
GD202605017719,2026-05-20 19:43:33,KH000187,Internet Banking,Nạp tiền điện thoại,2134000,0,Thành công,CN Thanh Xuân,9092311
GD202605006563,2026-05-20 20:06:18,KH000066,QR Code,Thanh toán thẻ,2462000,0,Thành công,CN TP Hồ Chí Minh,152772817
GD202605009356,2026-05-20 20:40:32,KH000096,Internet Banking,Thanh toán thẻ,4079000,0,Thành công,CN Bình Dương,14627800
GD202605000167,2026-05-20 21:18:23,KH000005,Mobile Banking,Nạp tiền điện thoại,6349000,0,Thành công,CN Cầu Giấy,18493330
GD202605018575,2026-05-20 21:49:39,KH000196,ATM,Nộp tiền mặt,644000,5500,Thành công,CN Hải Phòng,52460498
GD202605016275,2026-05-20 21:55:02,KH000176,Internet Banking,Thanh toán hóa đơn,544000,0,Thành công,CN Đà Nẵng,41832480
GD202605000804,2026-05-20 22:01:08,KH000011,Internet Banking,Thanh toán thẻ,2624000,0,Thành công,CN Quận 1,85847182
GD202605000025,2026-05-20 22:06:09,KH000001,Mobile Banking,Chuyển khoản đến,16770000,0,Thành công,CN TP Hồ Chí Minh,106242731
GD202605016787,2026-05-20 22:25:23,KH000181,Internet Banking,Thanh toán hóa đơn,85000,0,Thành công,CN Cần Thơ,51520
GD202605006724,2026-05-21 06:19:02,KH000069,POS,Chuyển khoản đi,4697000,1100,Thành công,CN Quận 1,67225685
GD202605007335,2026-05-21 07:05:06,KH000077,Internet Banking,Thanh toán hóa đơn,107000,0,Thành công,CN Hải Phòng,6048642
GD202605014450,2026-05-21 07:13:00,KH000153,POS,Thanh toán thẻ,108000,5500,Thành công,CN Thanh Xuân,364741
GD202605015413,2026-05-21 07:31:15,KH000165,POS,Nộp tiền mặt,3416000,5500,Thành công,CN Hải Phòng,44541306
GD202605012905,2026-05-21 07:32:56,KH000132,QR Code,Thanh toán thẻ,5249000,0,Thất bại,CN TP Hồ Chí Minh,15681794
GD202605004898,2026-05-21 07:53:12,KH000052,POS,Thanh toán thẻ,67000,3300,Thành công,CN Bình Dương,114806
GD202605004321,2026-05-21 08:20:05,KH000044,Internet Banking,Thanh toán thẻ,702000,0,Thành công,CN Hoàn Kiếm,12439062
GD202605010710,2026-05-21 08:37:41,KH000113,Quầy giao dịch,Thanh toán hóa đơn,4721000,5500,Thành công,CN Cần Thơ,44988233
GD202605007987,2026-05-21 08:59:55,KH000082,ATM,Thanh toán hóa đơn,3085000,3300,Thành công,CN Quận 1,34304480
GD202605017995,2026-05-21 09:27:33,KH000190,QR Code,Nạp tiền điện thoại,77625000,0,Thành công,CN Cần Thơ,778073046
GD202605007873,2026-05-21 09:33:54,KH000080,QR Code,Thanh toán hóa đơn,2782000,0,Thành công,CN Bình Dương,81407757
GD202605015412,2026-05-21 10:08:59,KH000165,POS,Chuyển khoản đi,13995000,5500,Thành công,CN TP Hồ Chí Minh,41125306
GD202605007336,2026-05-21 10:43:15,KH000077,POS,Thanh toán thẻ,1216000,0,Thành công,CN Hải Phòng,4832642
GD202605014218,2026-05-21 11:35:50,KH000151,Internet Banking,Chuyển khoản đến,341000,0,Thành công,CN Đà Nẵng,2130216
GD202605016981,2026-05-21 11:49:58,KH000182,Internet Banking,Thanh toán hóa đơn,1767000,0,Thành công,CN Quận 1,8865389
GD202605008733,2026-05-21 12:13:31,KH000090,ATM,Nạp tiền điện thoại,31322000,1100,Thành công,CN Cần Thơ,320782496
GD202605017902,2026-05-21 12:38:06,KH000189,POS,Rút tiền mặt,40445000,0,Thành công,CN Quận 1,104630046
GD202605011367,2026-05-21 15:26:37,KH000119,Mobile Banking,Thanh toán thẻ,69000,0,Thành công,CN Cần Thơ,36549045
GD202605011366,2026-05-21 15:31:30,KH000119,QR Code,Nạp tiền điện thoại,138000,0,Thất bại,CN Thanh Xuân,36618045
GD202605015922,2026-05-21 16:14:48,KH000172,Internet Banking,Nạp tiền điện thoại,1334000,0,Thành công,CN TP Hồ Chí Minh,8264155
GD202605012904,2026-05-21 16:52:57,KH000132,QR Code,Thanh toán thẻ,1112000,0,Thành công,CN TP Hồ Chí Minh,15681794
GD202605004200,2026-05-21 17:04:33,KH000042,POS,Thanh toán thẻ,1326000,3300,Thành công,CN Bình Dương,37532634
GD202605000400,2026-05-21 17:19:11,KH000008,Mobile Banking,Thanh toán thẻ,1186000,0,Thành công,CN Bình Dương,41418506
GD202605000634,2026-05-21 17:48:00,KH000010,Internet Banking,Rút tiền mặt,979000,0,Thành công,CN Cần Thơ,3853990
GD202605009912,2026-05-21 19:25:36,KH000102,POS,Nộp tiền mặt,17698000,3300,Thành công,CN Cần Thơ,189509077
GD202605012087,2026-05-21 19:33:38,KH000127,Internet Banking,Chuyển khoản đến,295000,0,Thành công,CN Quận 1,6452989
GD202605000401,2026-05-21 20:01:41,KH000008,POS,Thanh toán thẻ,4681000,3300,Thành công,CN Hoàn Kiếm,36734206
GD202605009527,2026-05-21 20:04:29,KH000097,QR Code,Chuyển khoản đến,573000,0,Thành công,CN Cần Thơ,17401049
GD202605016980,2026-05-21 20:20:11,KH000182,QR Code,Chuyển khoản đến,2317000,0,Thành công,CN Hoàn Kiếm,10632389
GD202605013288,2026-05-21 20:26:16,KH000137,Quầy giao dịch,Chuyển khoản đến,6434000,1100,Thành công,CN Cần Thơ,49530975
GD202605009357,2026-05-21 20:27:31,KH000096,QR Code,Nạp tiền điện thoại,4872000,0,Thành công,CN Hoàn Kiếm,9755800
GD202605006869,2026-05-21 21:01:48,KH000072,Internet Banking,Thanh toán thẻ,278000,0,Thất bại,CN Hoàn Kiếm,52537972
GD202605010061,2026-05-21 21:10:31,KH000104,QR Code,Thanh toán thẻ,2696000,0,Thành công,CN Đà Nẵng,16272633
GD202605009528,2026-05-21 21:32:45,KH000097,Internet Banking,Thanh toán thẻ,272000,0,Thành công,CN Cầu Giấy,17129049
GD202605000633,2026-05-21 21:36:44,KH000010,QR Code,Rút tiền mặt,229000,0,Thành công,CN Thanh Xuân,4832990
GD202605004530,2026-05-21 21:45:52,KH000046,POS,Rút tiền mặt,28071000,1100,Thành công,CN TP Hồ Chí Minh,67903621
GD202605016466,2026-05-21 21:50:45,KH000177,QR Code,Nạp tiền điện thoại,11946000,0,Thành công,CN Hải Phòng,28435299
GD202605008117,2026-05-21 21:58:01,KH000083,Internet Banking,Rút tiền mặt,234000,0,Thành công,CN Hải Phòng,46812850
GD202605016465,2026-05-21 22:31:04,KH000177,Mobile Banking,Thanh toán thẻ,20703000,0,Thành công,CN Hoàn Kiếm,40381299
GD202605004287,2026-05-21 22:32:55,KH000043,POS,Chuyển khoản đi,426000,1100,Thành công,CN Hoàn Kiếm,50497529
GD202605005417,2026-05-21 22:38:15,KH000057,Mobile Banking,Rút tiền mặt,11100000,0,Thành công,CN Thanh Xuân,35423474
GD202605018626,2026-05-21 22:41:42,KH000197,QR Code,Thanh toán thẻ,44414000,0,Thành công,CN TP Hồ Chí Minh,120833659
GD202605016650,2026-05-21 22:55:37,KH000180,Internet Banking,Nạp tiền điện thoại,2211000,0,Thành công,CN Đà Nẵng,46790609
GD202605010711,2026-05-22 06:11:03,KH000113,QR Code,Chuyển khoản đi,2487000,0,Thành công,CN Hải Phòng,42501233
GD202605004406,2026-05-22 06:43:17,KH000045,POS,Thanh toán thẻ,1314000,0,Thành công,CN Thanh Xuân,50534724
GD202605015923,2026-05-22 07:22:46,KH000172,Internet Banking,Chuyển khoản đi,2746000,0,Thành công,CN Hoàn Kiếm,5518155
GD202605003546,2026-05-22 07:45:11,KH000033,QR Code,Thanh toán thẻ,109000,0,Thành công,CN Thanh Xuân,51250020
GD202605014129,2026-05-22 08:06:42,KH000149,Quầy giao dịch,Chuyển khoản đến,4142000,1100,Thành công,CN Cầu Giấy,35090702
GD202605015772,2026-05-22 08:11:00,KH000171,Internet Banking,Chuyển khoản đi,82000,0,Thành công,CN Hoàn Kiếm,527651
GD202605004201,2026-05-22 08:15:47,KH000042,QR Code,Thanh toán thẻ,1933000,0,Thành công,CN Đà Nẵng,35599634
GD202605010062,2026-05-22 08:25:59,KH000104,Mobile Banking,Thanh toán thẻ,1810000,0,Thành công,CN Quận 1,14462633
GD202605011977,2026-05-22 09:25:49,KH000126,Mobile Banking,Thanh toán hóa đơn,126000,0,Thành công,CN Hải Phòng,1240099
GD202605014452,2026-05-22 10:02:43,KH000153,Internet Banking,Thanh toán thẻ,130000,0,Thành công,CN Hải Phòng,382741
GD202605009854,2026-05-22 10:09:05,KH000101,ATM,Chuyển khoản đi,2309000,0,Thành công,CN TP Hồ Chí Minh,95787884
GD202605014451,2026-05-22 10:26:52,KH000153,Quầy giao dịch,Chuyển khoản đến,148000,5500,Thành công,CN Quận 1,512741
GD202605018118,2026-05-22 10:37:31,KH000191,QR Code,Nạp tiền điện thoại,2222000,0,Thành công,CN Cần Thơ,5367802
GD202605018430,2026-05-22 10:48:51,KH000195,POS,Thanh toán thẻ,246000,3300,Thành công,CN Quận 1,533217
GD202605013178,2026-05-22 11:19:05,KH000136,Mobile Banking,Thanh toán thẻ,11746000,0,Thành công,CN TP Hồ Chí Minh,60469293
GD202605006383,2026-05-22 11:44:01,KH000065,POS,Thanh toán thẻ,1909000,3300,Thành công,CN Bình Dương,13311320
GD202605013290,2026-05-22 11:48:56,KH000137,QR Code,Nộp tiền mặt,6550000,0,Thành công,CN Hoàn Kiếm,46366975
GD202605018431,2026-05-22 13:53:12,KH000195,Internet Banking,Nộp tiền mặt,85000,0,Thành công,CN Cần Thơ,618217
GD202605007527,2026-05-22 13:56:39,KH000078,Quầy giao dịch,Chuyển khoản đến,35089000,0,Thành công,CN Bình Dương,149197238
GD202605006165,2026-05-22 14:01:13,KH000063,Mobile Banking,Thanh toán thẻ,76000,0,Thành công,CN TP Hồ Chí Minh,55181331
GD202605008861,2026-05-22 14:01:53,KH000092,Mobile Banking,Nạp tiền điện thoại,1204000,0,Thành công,CN TP Hồ Chí Minh,4411039
GD202605009097,2026-05-22 14:49:13,KH000094,Mobile Banking,Thanh toán thẻ,2607000,0,Thành công,CN Thanh Xuân,69031532
GD202605007007,2026-05-22 15:07:16,KH000074,QR Code,Thanh toán thẻ,900000,0,Thành công,CN Đà Nẵng,27317763
GD202605013289,2026-05-22 15:08:36,KH000137,QR Code,Nạp tiền điện thoại,9714000,0,Thành công,CN Cầu Giấy,39816975
GD202605014043,2026-05-22 15:38:56,KH000148,Mobile Banking,Nộp tiền mặt,100000,0,Thành công,CN Bình Dương,54407319
GD202605004550,2026-05-22 16:39:11,KH000047,POS,Nạp tiền điện thoại,1573000,3300,Thành công,CN TP Hồ Chí Minh,91883588
GD202605004899,2026-05-22 17:21:13,KH000052,POS,Thanh toán thẻ,145000,0,Thành công,CN Cần Thơ,187306
GD202605018117,2026-05-22 17:40:47,KH000191,Mobile Banking,Rút tiền mặt,2819000,0,Thành công,CN Quận 1,7589802
GD202605002673,2026-05-22 17:51:35,KH000025,POS,Thanh toán thẻ,187000,3300,Thành công,CN Thanh Xuân,170331
GD202605016276,2026-05-22 17:54:27,KH000176,Mobile Banking,Chuyển khoản đi,731000,0,Thành công,CN TP Hồ Chí Minh,41101480
GD202605017903,2026-05-22 17:59:56,KH000189,QR Code,Rút tiền mặt,9079000,0,Thành công,CN TP Hồ Chí Minh,95551046
GD202605011198,2026-05-22 18:26:25,KH000118,Mobile Banking,Thanh toán thẻ,4080000,0,Thành công,CN Quận 1,10498626
GD202605003315,2026-05-22 18:50:22,KH000031,Mobile Banking,Nộp tiền mặt,127000,0,Thành công,CN TP Hồ Chí Minh,277403
GD202605011197,2026-05-22 19:23:56,KH000118,POS,Thanh toán thẻ,5829000,0,Thành công,CN TP Hồ Chí Minh,14578626
GD202605017720,2026-05-22 19:33:50,KH000187,Internet Banking,Nạp tiền điện thoại,461000,0,Thành công,CN Hoàn Kiếm,8631311
GD202605003316,2026-05-22 19:47:04,KH000031,QR Code,Nộp tiền mặt,196000,0,Thành công,CN Cần Thơ,473403
GD202605007662,2026-05-22 20:07:38,KH000079,Internet Banking,Nộp tiền mặt,7358000,0,Thất bại,CN Hoàn Kiếm,45792280
GD202605010484,2026-05-22 20:34:06,KH000110,POS,Thanh toán thẻ,1398000,5500,Thành công,CN TP Hồ Chí Minh,52334362
GD202605016982,2026-05-22 20:46:12,KH000182,QR Code,Chuyển khoản đến,2982000,0,Thành công,CN Hải Phòng,11847389
GD202605007337,2026-05-22 20:46:29,KH000077,POS,Thanh toán thẻ,433000,5500,Thành công,CN Thanh Xuân,4394142
GD202605013177,2026-05-22 20:48:11,KH000136,Quầy giao dịch,Chuyển khoản đi,11184000,1100,Thất bại,CN Quận 1,72215293
GD202605015135,2026-05-22 21:23:32,KH000162,POS,Thanh toán thẻ,197000,5500,Thành công,CN Hải Phòng,312603
GD202605007988,2026-05-22 21:26:16,KH000082,ATM,Nộp tiền mặt,3752000,0,Thành công,CN Hải Phòng,38056480
GD202605005602,2026-05-22 21:28:02,KH000059,POS,Thanh toán thẻ,5936000,5500,Thành công,CN Cầu Giấy,39581399
GD202605008862,2026-05-22 21:57:42,KH000092,POS,Thanh toán thẻ,1322000,3300,Thành công,CN Đà Nẵng,3085739
GD202605008268,2026-05-22 21:59:18,KH000084,Internet Banking,Thanh toán thẻ,2660000,0,Thành công,CN Cầu Giấy,16992842
GD202605015924,2026-05-22 22:33:26,KH000172,POS,Thanh toán thẻ,277000,0,Thành công,CN Bình Dương,5241155
GD202605017542,2026-05-22 22:44:05,KH000185,QR Code,Chuyển khoản đến,7633000,0,Thất bại,CN TP Hồ Chí Minh,51876392
GD202605012906,2026-05-23 06:58:37,KH000132,Internet Banking,Nạp tiền điện thoại,1660000,0,Thành công,CN Đà Nẵng,14021794
GD202605004900,2026-05-23 07:33:24,KH000052,Mobile Banking,Chuyển khoản đến,169000,0,Thành công,CN Đà Nẵng,356306
GD202605013861,2026-05-23 07:55:25,KH000145,Internet Banking,Thanh toán thẻ,218000,0,Thành công,CN Cầu Giấy,57601389
GD202605012463,2026-05-23 08:32:28,KH000130,Mobile Banking,Thanh toán thẻ,1061000,0,Thành công,CN Cần Thơ,32812411
GD202605009529,2026-05-23 08:34:40,KH000097,QR Code,Chuyển khoản đến,1307000,0,Thành công,CN Đà Nẵng,18436049
GD202605005603,2026-05-23 08:35:44,KH000059,Mobile Banking,Chuyển khoản đến,8389000,0,Thành công,CN Cầu Giấy,47970399
GD202605016651,2026-05-23 08:40:42,KH000180,Quầy giao dịch,Chuyển khoản đi,2557000,1100,Thành công,CN Bình Dương,44232509
GD202605002920,2026-05-23 09:04:47,KH000027,Mobile Banking,Thanh toán hóa đơn,6023000,0,Thành công,CN Bình Dương,18712457
GD202605013058,2026-05-23 09:10:02,KH000133,ATM,Chuyển khoản đi,2347000,5500,Thành công,CN Quận 1,11040521
GD202605004901,2026-05-23 09:42:56,KH000052,Internet Banking,Nộp tiền mặt,74000,0,Thành công,CN Bình Dương,430306
GD202605007989,2026-05-23 09:56:12,KH000082,Internet Banking,Thanh toán thẻ,4614000,0,Thành công,CN Hải Phòng,33442480
GD202605008574,2026-05-23 10:14:23,KH000087,Internet Banking,Thanh toán thẻ,131000,0,Thành công,CN Quận 1,171026
GD202605014453,2026-05-23 10:55:26,KH000153,Mobile Banking,Rút tiền mặt,179000,0,Thành công,CN Cầu Giấy,203741
GD202605011368,2026-05-23 11:45:23,KH000119,Internet Banking,Rút tiền mặt,126000,0,Thành công,CN Hoàn Kiếm,36423045
GD202605002443,2026-05-23 11:46:12,KH000023,POS,Thanh toán thẻ,9576000,1100,Thành công,CN Cần Thơ,23380101
GD202605005853,2026-05-23 12:00:17,KH000061,QR Code,Chuyển khoản đến,2009000,0,Thành công,CN Cầu Giấy,29776765
GD202605000902,2026-05-23 12:42:38,KH000012,Quầy giao dịch,Nộp tiền mặt,1452000,0,Thành công,CN Cần Thơ,75241451
GD202605010829,2026-05-23 12:54:31,KH000114,QR Code,Thanh toán thẻ,1007000,0,Thành công,CN Hải Phòng,53457864
GD202605011796,2026-05-23 13:37:59,KH000125,QR Code,Thanh toán thẻ,196000,0,Thành công,CN Bình Dương,232736
GD202605009855,2026-05-23 13:44:14,KH000101,Mobile Banking,Chuyển khoản đi,12551000,0,Thành công,CN Hải Phòng,83236884
GD202605001154,2026-05-23 14:24:45,KH000014,Mobile Banking,Thanh toán thẻ,1523000,0,Thành công,CN Cầu Giấy,15813762
GD202605016277,2026-05-23 15:43:53,KH000176,Mobile Banking,Chuyển khoản đến,210000,0,Thành công,CN Cần Thơ,41311480
GD202605005851,2026-05-23 15:57:38,KH000061,POS,Thanh toán thẻ,1944000,5500,Thành công,CN Quận 1,27767765
GD202605007008,2026-05-23 16:06:00,KH000074,QR Code,Chuyển khoản đi,1383000,0,Thành công,CN Quận 1,25934763
GD202605018627,2026-05-23 16:23:20,KH000197,Mobile Banking,Nạp tiền điện thoại,33990000,0,Thành công,CN Cầu Giấy,86843659
GD202605005852,2026-05-23 16:26:45,KH000061,POS,Thanh toán thẻ,1406000,1100,Thất bại,CN Cầu Giấy,27767765
GD202605001153,2026-05-23 16:52:40,KH000014,QR Code,Chuyển khoản đi,1917000,0,Thành công,CN Cầu Giấy,17336762
GD202605011797,2026-05-23 17:33:00,KH000125,Mobile Banking,Rút tiền mặt,139000,0,Thành công,CN Hoàn Kiếm,93736
GD202605012088,2026-05-23 17:39:16,KH000127,Internet Banking,Nộp tiền mặt,2180000,0,Thành công,CN Hoàn Kiếm,8632989
GD202605016467,2026-05-23 17:55:42,KH000177,Mobile Banking,Nộp tiền mặt,2991000,0,Thành công,CN Bình Dương,31426299
GD202605001495,2026-05-23 18:17:00,KH000016,QR Code,Thanh toán thẻ,196000,0,Thành công,CN Thanh Xuân,195207
GD202605012908,2026-05-23 18:36:32,KH000132,Mobile Banking,Chuyển khoản đến,2329000,0,Thành công,CN Cầu Giấy,11923794
GD202605011199,2026-05-23 18:54:07,KH000118,Mobile Banking,Thanh toán thẻ,3432000,0,Thành công,CN Cần Thơ,7066626
GD202605012907,2026-05-23 19:54:15,KH000132,POS,Thanh toán thẻ,4427000,0,Thành công,CN TP Hồ Chí Minh,9594794
GD202605002919,2026-05-23 19:54:24,KH000027,Mobile Banking,Thanh toán thẻ,1008000,0,Thành công,CN Cần Thơ,24735457
GD202605017279,2026-05-23 20:07:01,KH000183,Internet Banking,Nạp tiền điện thoại,2493000,0,Thành công,CN TP Hồ Chí Minh,37970324
GD202605002156,2026-05-23 20:08:52,KH000020,QR Code,Nộp tiền mặt,4495000,0,Thành công,CN Đà Nẵng,26786064
GD202605007338,2026-05-23 20:30:51,KH000077,QR Code,Nộp tiền mặt,1239000,0,Thành công,CN Quận 1,5633142
GD202605013976,2026-05-23 20:54:15,KH000147,POS,Chuyển khoản đi,3662000,1100,Thành công,CN Hoàn Kiếm,126461975
GD202605012290,2026-05-23 20:57:27,KH000128,ATM,Nạp tiền điện thoại,473000,3300,Thành công,CN Cầu Giấy,41966708
GD202605006906,2026-05-23 21:39:23,KH000073,POS,Thanh toán thẻ,26157000,1100,Thành công,CN Cầu Giấy,70744585
GD202605009530,2026-05-23 21:44:46,KH000097,Mobile Banking,Chuyển khoản đi,502000,0,Thành công,CN Cầu Giấy,17934049
GD202605016788,2026-05-23 21:54:11,KH000181,ATM,Chuyển khoản đi,128000,0,Thành công,CN Quận 1,115520
GD202605013608,2026-05-23 21:59:18,KH000142,POS,Thanh toán thẻ,5248000,1100,Thành công,CN Hải Phòng,88498809
GD202605017280,2026-05-23 22:35:30,KH000183,POS,Thanh toán thẻ,9206000,3300,Thành công,CN Bình Dương,28761024
GD202605016984,2026-05-23 22:45:22,KH000182,POS,Nộp tiền mặt,2383000,0,Thành công,CN Thanh Xuân,12188389
GD202605016983,2026-05-23 22:45:43,KH000182,POS,Thanh toán thẻ,2042000,0,Thành công,CN Hải Phòng,9805389
GD202605005604,2026-05-24 06:40:12,KH000059,Internet Banking,Chuyển khoản đi,6707000,0,Thành công,CN Cầu Giấy,41263399
GD202605001155,2026-05-24 06:43:27,KH000014,Mobile Banking,Thanh toán hóa đơn,3443000,0,Thành công,CN Bình Dương,12370762
GD202605002921,2026-05-24 07:18:14,KH000027,POS,Thanh toán thẻ,6318000,0,Thành công,CN Bình Dương,12394457
GD202605000635,2026-05-24 07:49:00,KH000010,Internet Banking,Nộp tiền mặt,762000,0,Thành công,CN Cầu Giấy,4615990
GD202605001884,2026-05-24 08:04:33,KH000019,Internet Banking,Nộp tiền mặt,1370000,0,Thành công,CN Hoàn Kiếm,37865738
GD202605015136,2026-05-24 08:35:39,KH000162,POS,Thanh toán thẻ,144000,3300,Thành công,CN Cần Thơ,165303
GD202605014044,2026-05-24 09:06:09,KH000148,QR Code,Chuyển khoản đi,200000,0,Thành công,CN Hoàn Kiếm,54207319
GD202605008863,2026-05-24 09:19:31,KH000092,POS,Thanh toán thẻ,751000,3300,Thành công,CN Đà Nẵng,2331439
GD202605001883,2026-05-24 09:21:02,KH000019,POS,Thanh toán thẻ,3717000,3300,Thành công,CN Bình Dương,36495738
GD202605005605,2026-05-24 09:51:30,KH000059,QR Code,Thanh toán thẻ,1964000,0,Thành công,CN Bình Dương,39299399
GD202605006870,2026-05-24 10:10:43,KH000072,Mobile Banking,Thanh toán thẻ,568000,0,Thành công,CN Bình Dương,51969972
GD202605015137,2026-05-24 10:32:37,KH000162,POS,Thanh toán thẻ,96000,0,Thành công,CN TP Hồ Chí Minh,69303
GD202605005855,2026-05-24 10:37:41,KH000061,Mobile Banking,Thanh toán thẻ,201000,0,Thành công,CN Hải Phòng,31730765
GD202605001716,2026-05-24 10:41:39,KH000018,Internet Banking,Nộp tiền mặt,190000,0,Thành công,CN Bình Dương,54239043
GD202605001496,2026-05-24 10:56:05,KH000016,Mobile Banking,Nạp tiền điện thoại,136000,0,Thành công,CN Thanh Xuân,59207
GD202605010583,2026-05-24 11:20:33,KH000111,POS,Thanh toán thẻ,19109000,5500,Thành công,CN Hoàn Kiếm,105610826
GD202605012650,2026-05-24 11:26:05,KH000131,Internet Banking,Thanh toán thẻ,198000,0,Thành công,CN Hoàn Kiếm,223680
GD202605004202,2026-05-24 11:29:38,KH000042,QR Code,Chuyển khoản đến,275000,0,Thành công,CN Cầu Giấy,35874634
GD202605016278,2026-05-24 11:36:08,KH000176,Mobile Banking,Nộp tiền mặt,1055000,0,Thành công,CN Đà Nẵng,42366480
GD202605016468,2026-05-24 11:47:41,KH000177,Internet Banking,Chuyển khoản đi,3481000,0,Thành công,CN Thanh Xuân,27945299
GD202605004203,2026-05-24 11:58:48,KH000042,POS,Nạp tiền điện thoại,4481000,1100,Thành công,CN Thanh Xuân,31392534
GD202605000323,2026-05-24 12:07:25,KH000007,ATM,Rút tiền mặt,1656000,5500,Thành công,CN TP Hồ Chí Minh,11317547
GD202605018749,2026-05-24 12:19:18,KH000199,Internet Banking,Thanh toán thẻ,25073000,0,Thành công,CN Thanh Xuân,241288009
GD202605015773,2026-05-24 12:30:28,KH000171,QR Code,Thanh toán thẻ,108000,0,Thành công,CN Hải Phòng,419651
GD202605005418,2026-05-24 12:42:59,KH000057,Internet Banking,Nạp tiền điện thoại,5315000,0,Thành công,CN Thanh Xuân,30108474
GD202605003428,2026-05-24 12:46:28,KH000032,Mobile Banking,Thanh toán thẻ,191000,0,Thành công,CN Hoàn Kiếm,57759940
GD202605011369,2026-05-24 12:52:30,KH000119,Internet Banking,Thanh toán hóa đơn,89000,0,Thành công,CN Bình Dương,36334045
GD202605005297,2026-05-24 13:31:30,KH000056,ATM,Nộp tiền mặt,928000,1100,Thành công,CN Cầu Giấy,89731603
GD202605011693,2026-05-24 13:39:00,KH000124,Mobile Banking,Chuyển khoản đi,1365000,0,Thành công,CN Thanh Xuân,7732138
GD202605003634,2026-05-24 14:00:59,KH000034,QR Code,Nạp tiền điện thoại,1588000,0,Thành công,CN Hải Phòng,59872126
GD202605017282,2026-05-24 14:37:03,KH000183,QR Code,Thanh toán thẻ,8299000,0,Thành công,CN TP Hồ Chí Minh,17407024
GD202605010289,2026-05-24 15:01:44,KH000107,Quầy giao dịch,Nạp tiền điện thoại,349000,1100,Thành công,CN Quận 1,52545120
GD202605016789,2026-05-24 15:34:22,KH000181,Internet Banking,Thanh toán thẻ,174000,0,Thành công,CN Thanh Xuân,202520
GD202605012291,2026-05-24 16:02:26,KH000128,Internet Banking,Nộp tiền mặt,208000,0,Thành công,CN TP Hồ Chí Minh,42174708
GD202605018628,2026-05-24 16:34:06,KH000197,QR Code,Thanh toán thẻ,26285000,0,Thành công,CN Đà Nẵng,60558659
GD202605007339,2026-05-24 17:00:52,KH000077,QR Code,Rút tiền mặt,402000,0,Thành công,CN TP Hồ Chí Minh,5231142
GD202605007990,2026-05-24 17:08:14,KH000082,Internet Banking,Nộp tiền mặt,4173000,0,Thành công,CN Thanh Xuân,37615480
GD202605006564,2026-05-24 17:41:03,KH000066,Mobile Banking,Thanh toán hóa đơn,4148000,0,Thành công,CN Hải Phòng,148624817
GD202605009531,2026-05-24 19:10:44,KH000097,Mobile Banking,Rút tiền mặt,1002000,0,Thành công,CN Cần Thơ,16932049
GD202605007528,2026-05-24 20:19:54,KH000078,ATM,Nạp tiền điện thoại,10132000,0,Thành công,CN TP Hồ Chí Minh,139065238
GD202605005419,2026-05-24 21:04:26,KH000057,QR Code,Thanh toán thẻ,6135000,0,Thành công,CN Thanh Xuân,23973474
GD202605017281,2026-05-24 21:19:18,KH000183,Quầy giao dịch,Nạp tiền điện thoại,3055000,0,Thành công,CN Bình Dương,25706024
GD202605000636,2026-05-24 21:44:56,KH000010,QR Code,Nạp tiền điện thoại,72000,0,Thành công,CN Hoàn Kiếm,4543990
GD202605018432,2026-05-24 21:56:10,KH000195,Internet Banking,Thanh toán thẻ,145000,0,Thành công,CN TP Hồ Chí Minh,473217
GD202605009736,2026-05-24 22:00:05,KH000099,POS,Thanh toán thẻ,656000,3300,Thành công,CN TP Hồ Chí Minh,37325034
GD202605005854,2026-05-24 22:40:21,KH000061,Internet Banking,Nộp tiền mặt,2155000,0,Thành công,CN Thanh Xuân,31931765
GD202605001886,2026-05-25 06:03:12,KH000019,Mobile Banking,Rút tiền mặt,2834000,0,Thành công,CN Hải Phòng,33869738
GD202605005857,2026-05-25 06:21:46,KH000061,Mobile Banking,Nạp tiền điện thoại,644000,0,Thành công,CN Cầu Giấy,31146765
GD202605017722,2026-05-25 07:52:29,KH000187,POS,Nộp tiền mặt,852000,1100,Thành công,CN Thanh Xuân,7946011
GD202605000403,2026-05-25 07:57:33,KH000008,Internet Banking,Chuyển khoản đi,6112000,0,Thành công,CN Hải Phòng,30426206
GD202605013291,2026-05-25 08:32:49,KH000137,Internet Banking,Chuyển khoản đến,1090000,0,Thành công,CN Quận 1,47456975
GD202605008787,2026-05-25 08:34:29,KH000091,QR Code,Thanh toán thẻ,23612000,0,Thành công,CN Cần Thơ,134036364
GD202605012651,2026-05-25 08:47:19,KH000131,Mobile Banking,Nạp tiền điện thoại,62000,0,Thành công,CN TP Hồ Chí Minh,161680
GD202605004407,2026-05-25 08:52:37,KH000045,POS,Thanh toán thẻ,1780000,0,Thành công,CN Quận 1,48754724
GD202605017721,2026-05-25 09:11:07,KH000187,POS,Thanh toán thẻ,1534000,3300,Thành công,CN Bình Dương,7094011
GD202605017283,2026-05-25 09:27:03,KH000183,Internet Banking,Thanh toán hóa đơn,1062000,0,Thành công,CN Hoàn Kiếm,16345024
GD202605013384,2026-05-25 10:25:06,KH000138,ATM,Chuyển khoản đi,7636000,0,Thành công,CN Cần Thơ,15143605
GD202605005856,2026-05-25 10:46:09,KH000061,Internet Banking,Nộp tiền mặt,60000,0,Thành công,CN Thanh Xuân,31790765
GD202605005420,2026-05-25 11:22:10,KH000057,QR Code,Thanh toán thẻ,5745000,0,Thành công,CN Bình Dương,18228474
GD202605018433,2026-05-25 11:34:28,KH000195,Mobile Banking,Chuyển khoản đến,93000,0,Thành công,CN Quận 1,566217
GD202605001885,2026-05-25 11:43:31,KH000019,Mobile Banking,Nạp tiền điện thoại,1162000,0,Thành công,CN Đà Nẵng,36703738
GD202605001887,2026-05-25 12:18:34,KH000019,Mobile Banking,Thanh toán thẻ,1872000,0,Thành công,CN Hoàn Kiếm,31997738
GD202605018119,2026-05-25 12:29:22,KH000191,POS,Thanh toán thẻ,1830000,5500,Thành công,CN Cầu Giấy,3532302
GD202605002444,2026-05-25 12:32:02,KH000023,POS,Chuyển khoản đến,5309000,1100,Thành công,CN Đà Nẵng,28689101
GD202605007663,2026-05-25 12:43:18,KH000079,Mobile Banking,Chuyển khoản đi,2821000,0,Thất bại,CN Đà Nẵng,45792280
GD202605006384,2026-05-25 13:07:59,KH000065,QR Code,Nộp tiền mặt,4262000,0,Thành công,CN Thanh Xuân,17573320
GD202605000026,2026-05-25 13:14:39,KH000001,Internet Banking,Rút tiền mặt,23543000,0,Thành công,CN Thanh Xuân,82699731
GD202605001156,2026-05-25 13:25:10,KH000014,Internet Banking,Thanh toán thẻ,176000,0,Thành công,CN TP Hồ Chí Minh,12194762
GD202605001497,2026-05-25 13:25:32,KH000016,Internet Banking,Rút tiền mặt,87000,0,Thành công,CN Bình Dương,102707
GD202605002535,2026-05-25 13:33:04,KH000024,POS,Nạp tiền điện thoại,520000,5500,Thành công,CN Quận 1,75069928
GD202605018576,2026-05-25 14:05:04,KH000196,ATM,Rút tiền mặt,488000,5500,Thành công,CN Thanh Xuân,51966998
GD202605000402,2026-05-25 14:18:34,KH000008,Mobile Banking,Nạp tiền điện thoại,196000,0,Thành công,CN TP Hồ Chí Minh,36538206
GD202605004049,2026-05-25 15:04:50,KH000040,Mobile Banking,Thanh toán thẻ,4860000,0,Thành công,CN Thanh Xuân,46172554
GD202605010929,2026-05-25 15:20:54,KH000115,Internet Banking,Chuyển khoản đi,2789000,0,Thành công,CN Hoàn Kiếm,27451247
GD202605006166,2026-05-25 15:50:47,KH000063,Mobile Banking,Thanh toán thẻ,188000,0,Thành công,CN Đà Nẵng,54993331
GD202605004902,2026-05-25 16:03:38,KH000052,Internet Banking,Nạp tiền điện thoại,165000,0,Thành công,CN TP Hồ Chí Minh,265306
GD202605012652,2026-05-25 16:20:44,KH000131,Internet Banking,Nạp tiền điện thoại,182000,0,Thành công,CN Hoàn Kiếm,252680
GD202605015139,2026-05-25 16:53:48,KH000162,Mobile Banking,Thanh toán thẻ,191000,0,Thành công,CN Hoàn Kiếm,278803
GD202605011798,2026-05-25 17:09:38,KH000125,Mobile Banking,Rút tiền mặt,139000,0,Thành công,CN Hoàn Kiếm,163236
GD202605012910,2026-05-25 17:28:18,KH000132,POS,Thanh toán thẻ,2474000,5500,Thành công,CN Cầu Giấy,11911294
GD202605011075,2026-05-25 17:57:17,KH000117,QR Code,Thanh toán hóa đơn,447000,0,Thành công,CN Cần Thơ,63555484
GD202605015138,2026-05-25 18:30:18,KH000162,Quầy giao dịch,Nộp tiền mặt,114000,0,Thành công,CN Cần Thơ,183303
GD202605007991,2026-05-25 18:36:41,KH000082,POS,Thanh toán thẻ,4370000,3300,Thành công,CN Hoàn Kiếm,33242180
GD202605012089,2026-05-25 19:59:18,KH000127,POS,Thanh toán thẻ,1928000,0,Thành công,CN Bình Dương,6704989
GD202605007009,2026-05-25 20:13:08,KH000074,POS,Thanh toán thẻ,1238000,3300,Thành công,CN TP Hồ Chí Minh,24693463
GD202605012911,2026-05-25 20:37:43,KH000132,POS,Thanh toán thẻ,955000,5500,Thành công,CN Thanh Xuân,10950794
GD202605013943,2026-05-25 20:52:50,KH000146,Quầy giao dịch,Nạp tiền điện thoại,14345000,1100,Thành công,CN TP Hồ Chí Minh,180755947
GD202605000637,2026-05-25 21:11:23,KH000010,Mobile Banking,Rút tiền mặt,1493000,0,Thành công,CN Cần Thơ,3050990
GD202605018750,2026-05-25 21:31:11,KH000199,Mobile Banking,Thanh toán thẻ,1457000,0,Thành công,CN TP Hồ Chí Minh,239831009
GD202605007010,2026-05-25 21:48:33,KH000074,QR Code,Nộp tiền mặt,1804000,0,Thành công,CN Đà Nẵng,26497463
GD202605010063,2026-05-25 21:56:10,KH000104,POS,Thanh toán thẻ,3428000,0,Thành công,CN Hoàn Kiếm,11034633
GD202605014454,2026-05-25 22:03:38,KH000153,POS,Thanh toán thẻ,140000,1100,Thành công,CN Bình Dương,62641
GD202605012909,2026-05-25 22:18:40,KH000132,QR Code,Nộp tiền mặt,2467000,0,Thành công,CN Thanh Xuân,14390794
GD202605016985,2026-05-25 22:27:59,KH000182,Quầy giao dịch,Thanh toán hóa đơn,198000,5500,Thành công,CN Thanh Xuân,11984889
GD202605000805,2026-05-25 22:34:14,KH000011,POS,Thanh toán thẻ,2583000,5500,Thành công,CN Thanh Xuân,83258682
GD202605003070,2026-05-26 06:20:42,KH000028,Quầy giao dịch,Rút tiền mặt,2246000,1100,Thành công,CN Bình Dương,31680247
GD202605011799,2026-05-26 07:05:54,KH000125,QR Code,Chuyển khoản đến,66000,0,Thành công,CN TP Hồ Chí Minh,229236
GD202605018120,2026-05-26 08:00:52,KH000191,QR Code,Thanh toán thẻ,765000,0,Thành công,CN Cầu Giấy,2767302
GD202605000169,2026-05-26 09:28:46,KH000005,QR Code,Nạp tiền điện thoại,4316000,0,Thành công,CN Hoàn Kiếm,11289230
GD202605002157,2026-05-26 09:48:02,KH000020,Internet Banking,Nạp tiền điện thoại,3450000,0,Thành công,CN Hải Phòng,23336064
GD202605017284,2026-05-26 10:03:47,KH000183,POS,Thanh toán thẻ,725000,3300,Thành công,CN Bình Dương,15616724
GD202605005298,2026-05-26 11:10:27,KH000056,Mobile Banking,Thanh toán thẻ,1631000,0,Thành công,CN Đà Nẵng,88100603
GD202605001498,2026-05-26 11:12:33,KH000016,Mobile Banking,Nộp tiền mặt,86000,0,Thành công,CN Thanh Xuân,188707
GD202605009358,2026-05-26 11:25:10,KH000096,Mobile Banking,Thanh toán thẻ,1897000,0,Thất bại,CN Bình Dương,9755800
GD202605003635,2026-05-26 11:58:06,KH000034,QR Code,Rút tiền mặt,2299000,0,Thành công,CN Thanh Xuân,57573126
GD202605006385,2026-05-26 12:16:08,KH000065,POS,Thanh toán thẻ,908000,5500,Thành công,CN Cần Thơ,16659820
GD202605012654,2026-05-26 12:52:00,KH000131,Internet Banking,Rút tiền mặt,135000,0,Thành công,CN Hải Phòng,249180
GD202605018288,2026-05-26 13:20:54,KH000193,ATM,Rút tiền mặt,46654000,5500,Thất bại,CN Bình Dương,239420663
GD202605012090,2026-05-26 13:40:29,KH000127,Internet Banking,Chuyển khoản đến,1454000,0,Thành công,CN Quận 1,8158989
GD202605007012,2026-05-26 13:42:49,KH000074,QR Code,Thanh toán thẻ,516000,0,Thành công,CN TP Hồ Chí Minh,25769463
GD202605005858,2026-05-26 13:43:05,KH000061,Mobile Banking,Thanh toán thẻ,111000,0,Thành công,CN Hoàn Kiếm,31035765
GD202605014883,2026-05-26 14:39:06,KH000158,QR Code,Rút tiền mặt,998000,0,Thành công,CN Hoàn Kiếm,77279653
GD202605002922,2026-05-26 15:04:27,KH000027,Internet Banking,Nạp tiền điện thoại,938000,0,Thành công,CN Hoàn Kiếm,11456457
GD202605010712,2026-05-26 15:43:16,KH000113,Internet Banking,Chuyển khoản đến,6607000,0,Thành công,CN Quận 1,49108233
GD202605008118,2026-05-26 16:24:17,KH000083,Internet Banking,Nộp tiền mặt,385000,0,Thành công,CN Cầu Giấy,47197850
GD202605012653,2026-05-26 17:02:29,KH000131,Internet Banking,Rút tiền mặt,71000,0,Thành công,CN Hải Phòng,181680
GD202605014156,2026-05-26 17:19:00,KH000150,ATM,Thanh toán hóa đơn,11585000,0,Thành công,CN TP Hồ Chí Minh,25366057
GD202605002674,2026-05-26 17:21:17,KH000025,Internet Banking,Chuyển khoản đi,126000,0,Thành công,CN Cần Thơ,233331
GD202605004679,2026-05-26 17:24:07,KH000050,Quầy giao dịch,Nạp tiền điện thoại,3042000,3300,Thành công,CN Bình Dương,12489477
GD202605006167,2026-05-26 18:00:53,KH000063,Internet Banking,Thanh toán hóa đơn,1099000,0,Thành công,CN Thanh Xuân,53894331
GD202605011370,2026-05-26 18:42:55,KH000119,Mobile Banking,Thanh toán thẻ,108000,0,Thành công,CN Cần Thơ,36226045
GD202605007340,2026-05-26 19:22:53,KH000077,POS,Thanh toán thẻ,928000,5500,Thành công,CN Bình Dương,4297642
GD202605013292,2026-05-26 19:28:02,KH000137,POS,Chuyển khoản đến,6323000,0,Thành công,CN Hoàn Kiếm,53779975
GD202605006789,2026-05-26 19:38:44,KH000071,Mobile Banking,Chuyển khoản đến,3222000,0,Thành công,CN TP Hồ Chí Minh,57280738
GD202605004149,2026-05-26 19:47:11,KH000041,Internet Banking,Thanh toán thẻ,8071000,0,Thành công,CN Đà Nẵng,97701084
GD202605003547,2026-05-26 20:31:32,KH000033,ATM,Chuyển khoản đến,223000,1100,Thành công,CN TP Hồ Chí Minh,51473020
GD202605014155,2026-05-26 20:35:18,KH000150,Quầy giao dịch,Rút tiền mặt,6684000,5500,Thành công,CN Cầu Giấy,36951057
GD202605012292,2026-05-26 20:50:03,KH000128,QR Code,Thanh toán thẻ,294000,0,Thành công,CN Hải Phòng,41880708
GD202605013293,2026-05-26 21:31:38,KH000137,POS,Thanh toán thẻ,93000,1100,Thành công,CN Hải Phòng,53685875
GD202605010350,2026-05-26 21:45:38,KH000108,POS,Chuyển khoản đến,320000,0,Thành công,CN Hoàn Kiếm,60313856
GD202605016279,2026-05-26 21:51:18,KH000176,Internet Banking,Nạp tiền điện thoại,1033000,0,Thành công,CN Hoàn Kiếm,41333480
GD202605000168,2026-05-26 21:53:09,KH000005,POS,Thanh toán thẻ,2887000,1100,Thành công,CN Bình Dương,15605230
GD202605010930,2026-05-26 22:02:57,KH000115,Quầy giao dịch,Rút tiền mặt,3030000,0,Thành công,CN Quận 1,24421247
GD202605007664,2026-05-26 22:07:44,KH000079,POS,Nộp tiền mặt,16016000,0,Thành công,CN Thanh Xuân,61808280
GD202605017285,2026-05-26 22:07:58,KH000183,QR Code,Nộp tiền mặt,3566000,0,Thành công,CN Cầu Giấy,19182724
GD202605010931,2026-05-26 22:27:43,KH000115,Internet Banking,Nộp tiền mặt,4428000,0,Thành công,CN Thanh Xuân,28849247
GD202605004408,2026-05-26 22:34:15,KH000045,POS,Thanh toán thẻ,1745000,1100,Thành công,CN Thanh Xuân,47008624
GD202605007011,2026-05-26 22:50:33,KH000074,Mobile Banking,Rút tiền mặt,212000,0,Thành công,CN Cầu Giấy,26285463
GD202605002676,2026-05-27 06:50:18,KH000025,QR Code,Rút tiền mặt,193000,0,Thành công,CN Cầu Giấy,181831
GD202605014456,2026-05-27 07:04:43,KH000153,QR Code,Thanh toán thẻ,198000,0,Thành công,CN Hải Phòng,228141
GD202605001890,2026-05-27 07:04:59,KH000019,QR Code,Thanh toán thẻ,1805000,0,Thất bại,CN TP Hồ Chí Minh,28059438
GD202605008273,2026-05-27 07:41:30,KH000084,QR Code,Thanh toán hóa đơn,100000,0,Thành công,CN Bình Dương,18073542
GD202605016280,2026-05-27 08:21:26,KH000176,QR Code,Nạp tiền điện thoại,320000,0,Thành công,CN Quận 1,41013480
GD202605012655,2026-05-27 08:51:50,KH000131,POS,Thanh toán thẻ,187000,3300,Thành công,CN Bình Dương,58880
GD202605005299,2026-05-27 09:06:13,KH000056,QR Code,Thanh toán thẻ,1393000,0,Thành công,CN Bình Dương,86707603
GD202605000638,2026-05-27 09:58:38,KH000010,ATM,Chuyển khoản đến,341000,5500,Thành công,CN Hoàn Kiếm,3391990
GD202605003071,2026-05-27 10:06:21,KH000028,Mobile Banking,Thanh toán thẻ,377000,0,Thành công,CN Đà Nẵng,31303247
GD202605002446,2026-05-27 10:44:23,KH000023,ATM,Nạp tiền điện thoại,7764000,5500,Thành công,CN Hải Phòng,15019601
GD202605002159,2026-05-27 10:56:23,KH000020,QR Code,Nạp tiền điện thoại,4828000,0,Thành công,CN Quận 1,12837064
GD202605015140,2026-05-27 11:14:50,KH000162,QR Code,Thanh toán thẻ,153000,0,Thành công,CN Cần Thơ,125803
GD202605006388,2026-05-27 11:24:07,KH000065,QR Code,Rút tiền mặt,4965000,0,Thành công,CN Hải Phòng,17430820
GD202605001157,2026-05-27 11:27:07,KH000014,Internet Banking,Nộp tiền mặt,3096000,0,Thành công,CN TP Hồ Chí Minh,15290762
GD202605009098,2026-05-27 11:56:43,KH000094,POS,Chuyển khoản đi,1084000,5500,Thành công,CN Quận 1,67942032
GD202605010932,2026-05-27 12:14:58,KH000115,Internet Banking,Chuyển khoản đến,652000,0,Thành công,CN Hải Phòng,29501247
GD202605012656,2026-05-27 12:17:51,KH000131,Mobile Banking,Rút tiền mặt,180000,0,Thành công,CN Hoàn Kiếm,148880
GD202605003548,2026-05-27 12:49:58,KH000033,Mobile Banking,Nộp tiền mặt,2382000,0,Thành công,CN Đà Nẵng,53855020
GD202605016574,2026-05-27 12:58:42,KH000179,POS,Rút tiền mặt,14172000,3300,Thành công,CN Thanh Xuân,176689142
GD202605011200,2026-05-27 13:00:05,KH000118,POS,Thanh toán thẻ,1624000,5500,Thành công,CN Hải Phòng,5437126
GD202605007013,2026-05-27 13:39:13,KH000074,Internet Banking,Chuyển khoản đến,1464000,0,Thành công,CN Đà Nẵng,27233463
GD202605002445,2026-05-27 13:50:01,KH000023,QR Code,Thanh toán thẻ,5900000,0,Thành công,CN Bình Dương,22789101
GD202605008271,2026-05-27 13:57:22,KH000084,Quầy giao dịch,Chuyển khoản đến,2789000,3300,Thành công,CN Cầu Giấy,20279542
GD202605013179,2026-05-27 14:12:45,KH000136,POS,Thanh toán thẻ,2638000,3300,Thành công,CN Đà Nẵng,57827993
GD202605010064,2026-05-27 14:35:19,KH000104,Internet Banking,Thanh toán thẻ,973000,0,Thành công,CN Hải Phòng,10061633
GD202605006387,2026-05-27 14:38:44,KH000065,QR Code,Chuyển khoản đến,5273000,0,Thành công,CN TP Hồ Chí Minh,22395820
GD202605001889,2026-05-27 14:43:13,KH000019,QR Code,Thanh toán thẻ,2620000,0,Thành công,CN Đà Nẵng,28059438
GD202605013609,2026-05-27 14:59:24,KH000142,POS,Thanh toán thẻ,11351000,3300,Thành công,CN Hoàn Kiếm,77144509
GD202605016059,2026-05-27 15:22:06,KH000173,Mobile Banking,Thanh toán hóa đơn,311000,0,Thành công,CN Bình Dương,5419068
GD202605005859,2026-05-27 15:39:08,KH000061,QR Code,Thanh toán thẻ,425000,0,Thành công,CN Hoàn Kiếm,30610765
GD202605013385,2026-05-27 16:09:48,KH000138,Quầy giao dịch,Thanh toán hóa đơn,3996000,3300,Thành công,CN Bình Dương,11144305
GD202605009532,2026-05-27 16:16:22,KH000097,QR Code,Chuyển khoản đến,2502000,0,Thành công,CN Hải Phòng,19434049
GD202605001888,2026-05-27 16:24:12,KH000019,POS,Thanh toán thẻ,1315000,3300,Thành công,CN Đà Nẵng,30679438
GD202605007341,2026-05-27 16:25:03,KH000077,Internet Banking,Thanh toán hóa đơn,1077000,0,Thành công,CN Cần Thơ,3220642
GD202605004409,2026-05-27 16:49:09,KH000045,Internet Banking,Nạp tiền điện thoại,581000,0,Thành công,CN Hoàn Kiếm,46427624
GD202605006907,2026-05-27 17:11:21,KH000073,Internet Banking,Thanh toán thẻ,17431000,0,Thành công,CN Đà Nẵng,53313585
GD202605006632,2026-05-27 17:15:21,KH000067,Quầy giao dịch,Chuyển khoản đến,2950000,3300,Thành công,CN Cần Thơ,37025799
GD202605014457,2026-05-27 17:15:44,KH000153,QR Code,Rút tiền mặt,172000,0,Thành công,CN Quận 1,56141
GD202605011800,2026-05-27 17:21:36,KH000125,QR Code,Thanh toán hóa đơn,123000,0,Thành công,CN Hoàn Kiếm,106236
GD202605013720,2026-05-27 19:16:42,KH000143,Mobile Banking,Thanh toán thẻ,1209000,0,Thành công,CN Thanh Xuân,48963561
GD202605013180,2026-05-27 19:29:00,KH000136,Quầy giao dịch,Chuyển khoản đi,11756000,0,Thành công,CN Thanh Xuân,46071993
GD202605017723,2026-05-27 19:47:03,KH000187,POS,Thanh toán thẻ,432000,5500,Thành công,CN Thanh Xuân,7508511
GD202605008270,2026-05-27 19:49:21,KH000084,QR Code,Chuyển khoản đến,2554000,0,Thành công,CN Quận 1,17490542
GD202605010351,2026-05-27 19:55:56,KH000108,QR Code,Thanh toán thẻ,165000,0,Thành công,CN Đà Nẵng,60148856
GD202605014455,2026-05-27 20:02:49,KH000153,Internet Banking,Thanh toán thẻ,133000,0,Thành công,CN Hải Phòng,129141
GD202605007665,2026-05-27 20:33:54,KH000079,Internet Banking,Rút tiền mặt,6466000,0,Thành công,CN Cầu Giấy,55342280
GD202605008272,2026-05-27 20:35:43,KH000084,Internet Banking,Thanh toán thẻ,2106000,0,Thành công,CN Cần Thơ,18173542
GD202605018434,2026-05-27 21:20:44,KH000195,Internet Banking,Thanh toán thẻ,128000,0,Thành công,CN Đà Nẵng,438217
GD202605002675,2026-05-27 21:21:20,KH000025,Mobile Banking,Chuyển khoản đi,148000,0,Thành công,CN Bình Dương,85331
GD202605012912,2026-05-27 21:57:31,KH000132,Internet Banking,Thanh toán thẻ,3746000,0,Thành công,CN Cầu Giấy,7204794
GD202605002158,2026-05-27 22:17:31,KH000020,Mobile Banking,Thanh toán thẻ,5671000,0,Thành công,CN Quận 1,17665064
GD202605008269,2026-05-27 22:31:55,KH000084,POS,Thanh toán thẻ,2053000,3300,Thành công,CN Hải Phòng,14936542
GD202605011076,2026-05-27 22:40:52,KH000117,Internet Banking,Thanh toán thẻ,765000,0,Thành công,CN TP Hồ Chí Minh,62790484
GD202605006386,2026-05-27 22:54:23,KH000065,QR Code,Nộp tiền mặt,463000,0,Thành công,CN Hoàn Kiếm,17122820
GD202605004903,2026-05-27 22:57:02,KH000052,QR Code,Rút tiền mặt,174000,0,Thành công,CN Cầu Giấy,91306
GD202605017286,2026-05-28 06:23:06,KH000183,Mobile Banking,Thanh toán thẻ,3488000,0,Thành công,CN Hải Phòng,15694724
GD202605003430,2026-05-28 06:39:18,KH000032,QR Code,Thanh toán thẻ,144000,0,Thành công,CN Đà Nẵng,57492640
GD202605000170,2026-05-28 06:39:58,KH000005,Quầy giao dịch,Nộp tiền mặt,2059000,0,Thành công,CN Quận 1,13348230
GD202605016131,2026-05-28 06:47:15,KH000174,Mobile Banking,Nạp tiền điện thoại,1854000,0,Thành công,CN Thanh Xuân,64976690
GD202605007014,2026-05-28 07:02:24,KH000074,Internet Banking,Chuyển khoản đến,514000,0,Thành công,CN Bình Dương,27747463
GD202605009099,2026-05-28 07:39:44,KH000094,Mobile Banking,Chuyển khoản đến,1852000,0,Thành công,CN TP Hồ Chí Minh,69794032
GD202605012092,2026-05-28 08:21:54,KH000127,POS,Thanh toán thẻ,2468000,5500,Thành công,CN Hải Phòng,4586489
GD202605011801,2026-05-28 08:53:37,KH000125,POS,Chuyển khoản đến,66000,1100,Thành công,CN Hoàn Kiếm,172236
GD202605012657,2026-05-28 08:55:33,KH000131,POS,Thanh toán thẻ,71000,0,Thành công,CN TP Hồ Chí Minh,77880
GD202605012091,2026-05-28 09:58:22,KH000127,Mobile Banking,Thanh toán hóa đơn,1099000,0,Thành công,CN Quận 1,7059989
GD202605006389,2026-05-28 11:22:11,KH000065,POS,Thanh toán thẻ,922000,3300,Thành công,CN Thanh Xuân,16505520
GD202605011802,2026-05-28 12:08:53,KH000125,Mobile Banking,Thanh toán thẻ,128000,0,Thành công,CN Đà Nẵng,236236
GD202605003317,2026-05-28 12:50:33,KH000031,Mobile Banking,Thanh toán thẻ,120000,0,Thành công,CN Hoàn Kiếm,353403
GD202605000405,2026-05-28 13:25:42,KH000008,Mobile Banking,Nộp tiền mặt,6315000,0,Thành công,CN Đà Nẵng,35525206
GD202605005860,2026-05-28 13:26:36,KH000061,Mobile Banking,Nộp tiền mặt,279000,0,Thành công,CN Cầu Giấy,30889765
GD202605006168,2026-05-28 13:53:26,KH000063,QR Code,Chuyển khoản đến,60000,0,Thành công,CN Quận 1,53954331
GD202605015774,2026-05-28 14:16:08,KH000171,QR Code,Nạp tiền điện thoại,119000,0,Thành công,CN Bình Dương,300651
GD202605003429,2026-05-28 14:36:21,KH000032,Quầy giao dịch,Nạp tiền điện thoại,120000,3300,Thành công,CN TP Hồ Chí Minh,57636640
GD202605016281,2026-05-28 15:00:51,KH000176,QR Code,Thanh toán thẻ,425000,0,Thành công,CN Thanh Xuân,40588480
GD202605011804,2026-05-28 15:28:55,KH000125,Mobile Banking,Chuyển khoản đến,99000,0,Thành công,CN Cầu Giấy,520236
GD202605000639,2026-05-28 15:45:38,KH000010,POS,Thanh toán thẻ,369000,1100,Thành công,CN Hoàn Kiếm,3021890
GD202605007666,2026-05-28 15:47:01,KH000079,Internet Banking,Chuyển khoản đi,9907000,0,Thành công,CN Hải Phòng,45435280
GD202605002677,2026-05-28 15:57:23,KH000025,QR Code,Thanh toán hóa đơn,138000,0,Thành công,CN Cần Thơ,250831
GD202605000404,2026-05-28 16:32:55,KH000008,Internet Banking,Thanh toán hóa đơn,1216000,0,Thành công,CN Thanh Xuân,29210206
GD202605002678,2026-05-28 16:56:21,KH000025,Internet Banking,Chuyển khoản đến,159000,0,Thành công,CN Hoàn Kiếm,409831
GD202605008274,2026-05-28 17:15:11,KH000084,Internet Banking,Thanh toán thẻ,1107000,0,Thành công,CN Đà Nẵng,16966542
GD202605003820,2026-05-28 18:07:23,KH000037,POS,Chuyển khoản đến,24003000,3300,Thành công,CN Cần Thơ,103001758
GD202605016157,2026-05-28 18:12:08,KH000175,Quầy giao dịch,Chuyển khoản đi,22175000,0,Thành công,CN Quận 1,51420998
GD202605011371,2026-05-28 18:27:31,KH000119,QR Code,Nộp tiền mặt,147000,0,Thành công,CN Hoàn Kiếm,36373045
GD202605011803,2026-05-28 19:11:50,KH000125,Mobile Banking,Nộp tiền mặt,185000,0,Thành công,CN Hoàn Kiếm,421236
GD202605010352,2026-05-28 19:29:12,KH000108,Mobile Banking,Chuyển khoản đi,307000,0,Thành công,CN Cầu Giấy,59841856
GD202605007992,2026-05-28 20:06:03,KH000082,QR Code,Thanh toán thẻ,892000,0,Thành công,CN Cần Thơ,32350180
GD202605012464,2026-05-28 20:19:11,KH000130,Internet Banking,Chuyển khoản đến,2390000,0,Thành công,CN Thanh Xuân,35202411
GD202605003887,2026-05-28 20:45:15,KH000038,Mobile Banking,Thanh toán thẻ,4223000,0,Thành công,CN Đà Nẵng,67235751
GD202605012658,2026-05-28 20:45:28,KH000131,Mobile Banking,Thanh toán thẻ,73000,0,Thành công,CN Bình Dương,114380
GD202605016986,2026-05-28 21:14:17,KH000182,QR Code,Nạp tiền điện thoại,1151000,0,Thành công,CN Hải Phòng,10833889
GD202605018707,2026-05-28 21:25:25,KH000198,Quầy giao dịch,Nộp tiền mặt,4722000,1100,Thành công,CN Cầu Giấy,37926388
GD202605012093,2026-05-28 21:26:43,KH000127,Internet Banking,Thanh toán thẻ,1167000,0,Thành công,CN Bình Dương,3419489
GD202605011077,2026-05-28 21:43:47,KH000117,Quầy giao dịch,Thanh toán hóa đơn,820000,0,Thành công,CN Hải Phòng,61970484
GD202605013611,2026-05-28 21:56:18,KH000142,QR Code,Nộp tiền mặt,3081000,0,Thành công,CN Cần Thơ,55034409
GD202605015141,2026-05-28 22:02:00,KH000162,QR Code,Nộp tiền mặt,180000,0,Thành công,CN Hoàn Kiếm,305803
GD202605013610,2026-05-28 22:20:47,KH000142,Quầy giao dịch,Chuyển khoản đi,25190000,1100,Thành công,CN Bình Dương,51953409
GD202605015925,2026-05-28 22:53:50,KH000172,Mobile Banking,Rút tiền mặt,235000,0,Thành công,CN Hoàn Kiếm,5006155
