ma_giao_dich,ngay_gio,ma_kh,kenh,loai_giao_dich,so_tien,phi,trang_thai,chi_nhanh,so_du_sau_giao_dich
GD202612000545,2026-12-01 06:09:05,KH000009,Mobile Banking,Chuyển khoản đi,2467000,0,Thành công,CN Cầu Giấy,44813028
GD202612003163,2026-12-01 06:53:34,KH000028,Quầy giao dịch,Nộp tiền mặt,62000,3300,Thành công,CN Đà Nẵng,70557115
GD202612009223,2026-12-01 07:08:41,KH000094,Mobile Banking,Nạp tiền điện thoại,2531000,0,Thành công,CN Cần Thơ,69788896
GD202612013029,2026-12-01 07:48:43,KH000132,Internet Banking,Chuyển khoản đi,971000,0,Thành công,CN Đà Nẵng,5818143
GD202612004496,2026-12-01 07:55:10,KH000045,POS,Thanh toán thẻ,1567000,5500,Thành công,CN Cần Thơ,63057191
GD202612008447,2026-12-01 08:18:47,KH000085,QR Code,Nộp tiền mặt,445000,0,Thành công,CN TP Hồ Chí Minh,2265589
GD202612015047,2026-12-01 08:23:33,KH000161,Internet Banking,Rút tiền mặt,4591000,0,Thành công,CN Thanh Xuân,17500859
GD202612008983,2026-12-01 08:28:29,KH000093,POS,Thanh toán thẻ,245000,1100,Thành công,CN Cầu Giấy,14520104
GD202612001621,2026-12-01 08:46:09,KH000016,POS,Thanh toán thẻ,68000,1100,Thành công,CN Cầu Giấy,87007
GD202612007134,2026-12-01 09:06:44,KH000074,Mobile Banking,Nạp tiền điện thoại,991000,0,Thành công,CN Quận 1,32375149
GD202612011494,2026-12-01 09:12:31,KH000119,Mobile Banking,Chuyển khoản đến,162000,0,Thất bại,CN Cầu Giấy,78513759
GD202612017811,2026-12-01 09:32:13,KH000187,POS,Thanh toán thẻ,3563000,0,Thành công,CN TP Hồ Chí Minh,10949396
GD202612013233,2026-12-01 09:46:02,KH000136,Quầy giao dịch,Chuyển khoản đến,1791000,5500,Thành công,CN Đà Nẵng,20167812
GD202612008947,2026-12-01 09:49:19,KH000092,QR Code,Thanh toán thẻ,253000,0,Thành công,CN Cần Thơ,7430842
GD202612016406,2026-12-01 09:49:59,KH000176,QR Code,Nộp tiền mặt,453000,0,Thành công,CN Thanh Xuân,74924734
GD202612011495,2026-12-01 09:57:20,KH000119,QR Code,Thanh toán thẻ,107000,0,Thành công,CN Thanh Xuân,78406759
GD202612003164,2026-12-01 10:23:02,KH000028,QR Code,Chuyển khoản đến,1082000,0,Thành công,CN Hoàn Kiếm,71639115
GD202612006505,2026-12-01 10:34:05,KH000065,Internet Banking,Thanh toán thẻ,2169000,0,Thành công,CN Thanh Xuân,12057686
GD202612011933,2026-12-01 10:35:42,KH000125,QR Code,Thanh toán thẻ,124000,0,Thành công,CN TP Hồ Chí Minh,183836
GD202612002045,2026-12-01 11:24:22,KH000019,QR Code,Rút tiền mặt,84000,0,Thành công,CN Hải Phòng,1557751
GD202612000498,2026-12-01 11:33:13,KH000008,Internet Banking,Thanh toán thẻ,2793000,0,Thành công,CN Hải Phòng,8149890
GD202612002047,2026-12-01 12:05:20,KH000019,QR Code,Nộp tiền mặt,390000,0,Thành công,CN Hoàn Kiếm,1571751
GD202612004495,2026-12-01 12:17:58,KH000045,Internet Banking,Chuyển khoản đi,108000,0,Thành công,CN Hoàn Kiếm,64629691
GD202612004629,2026-12-01 12:42:17,KH000049,Internet Banking,Thanh toán hóa đơn,4174000,0,Thành công,CN Cầu Giấy,19762376
GD202612012350,2026-12-01 12:58:07,KH000128,Mobile Banking,Thanh toán thẻ,269000,0,Thành công,CN TP Hồ Chí Minh,85794420
GD202612002046,2026-12-01 13:19:44,KH000019,Internet Banking,Rút tiền mặt,376000,0,Thành công,CN Cần Thơ,1181751
GD202612016725,2026-12-01 13:20:36,KH000180,POS,Thanh toán hóa đơn,172000,5500,Thành công,CN Cần Thơ,78531363
GD202612001762,2026-12-01 13:25:39,KH000018,Internet Banking,Chuyển khoản đến,326000,0,Thành công,CN Thanh Xuân,88965695
GD202612014589,2026-12-01 14:02:01,KH000153,POS,Thanh toán thẻ,195000,3300,Thành công,CN Thanh Xuân,311041
GD202612011620,2026-12-01 14:09:48,KH000122,Internet Banking,Nộp tiền mặt,6086000,0,Thành công,CN Đà Nẵng,31164039
GD202612010310,2026-12-01 14:32:11,KH000107,Quầy giao dịch,Nộp tiền mặt,181000,3300,Thành công,CN Đà Nẵng,109925824
GD202612016026,2026-12-01 14:39:44,KH000172,POS,Thanh toán thẻ,1676000,0,Thành công,CN Cần Thơ,5156091
GD202612017583,2026-12-01 14:52:22,KH000185,Quầy giao dịch,Rút tiền mặt,19793000,5500,Thành công,CN Hải Phòng,79339262
GD202612017128,2026-12-01 15:19:18,KH000182,Mobile Banking,Thanh toán hóa đơn,526000,0,Thành công,CN Bình Dương,1192519
GD202612011261,2026-12-01 15:30:26,KH000118,Internet Banking,Nạp tiền điện thoại,2849000,0,Thành công,CN Đà Nẵng,10147305
GD202612000746,2026-12-01 15:34:05,KH000010,Mobile Banking,Chuyển khoản đi,772000,0,Thành công,CN Hải Phòng,3163076
GD202612002044,2026-12-01 16:51:02,KH000019,POS,Thanh toán thẻ,758000,3300,Thành công,CN TP Hồ Chí Minh,1641751
GD202612011492,2026-12-01 16:54:09,KH000119,Mobile Banking,Thanh toán thẻ,161000,0,Thành công,CN Quận 1,78513759
GD202612011493,2026-12-01 17:25:55,KH000119,QR Code,Thanh toán hóa đơn,186000,0,Thất bại,CN TP Hồ Chí Minh,78513759
GD202612002048,2026-12-01 17:57:09,KH000019,Mobile Banking,Thanh toán thẻ,196000,0,Thành công,CN Cần Thơ,1375751
GD202612018726,2026-12-01 18:20:48,KH000198,ATM,Chuyển khoản đi,336000,5500,Thành công,CN Quận 1,1877788
GD202612009622,2026-12-01 18:21:45,KH000097,Mobile Banking,Thanh toán thẻ,118000,0,Thành công,CN Bình Dương,120749
GD202612006294,2026-12-01 19:22:28,KH000064,POS,Thanh toán thẻ,104000,5500,Thành công,CN Đà Nẵng,1215931
GD202612016405,2026-12-01 19:35:29,KH000176,QR Code,Rút tiền mặt,899000,0,Thành công,CN Cần Thơ,74471734
GD202612004724,2026-12-01 19:50:26,KH000050,QR Code,Thanh toán thẻ,4124000,0,Thành công,CN TP Hồ Chí Minh,22094382
GD202612017450,2026-12-01 19:56:22,KH000183,Internet Banking,Chuyển khoản đi,5197000,0,Thành công,CN Hoàn Kiếm,37860690
GD202612012349,2026-12-01 20:13:47,KH000128,POS,Thanh toán hóa đơn,273000,3300,Thành công,CN Cầu Giấy,86063420
GD202612006084,2026-12-01 21:10:54,KH000062,Internet Banking,Chuyển khoản đến,2959000,0,Thành công,CN Quận 1,12779624
GD202612002392,2026-12-01 21:36:18,KH000022,Internet Banking,Thanh toán hóa đơn,2740000,0,Thành công,CN Bình Dương,44937549
GD202612004630,2026-12-01 21:36:25,KH000049,Internet Banking,Thanh toán thẻ,1499000,0,Thành công,CN TP Hồ Chí Minh,18263376
GD202612010976,2026-12-01 22:14:11,KH000115,ATM,Nạp tiền điện thoại,5022000,3300,Thất bại,CN Đà Nẵng,49371896
GD202612003947,2026-12-01 22:41:25,KH000038,Internet Banking,Thanh toán thẻ,1263000,0,Thành công,CN Đà Nẵng,107897373
GD202612002354,2026-12-01 22:46:02,KH000021,Mobile Banking,Thanh toán thẻ,913000,0,Thành công,CN Hoàn Kiếm,90268359
GD202612002050,2026-12-02 06:03:02,KH000019,Internet Banking,Thanh toán hóa đơn,330000,0,Thành công,CN Cần Thơ,1310751
GD202612001297,2026-12-02 06:08:06,KH000014,Mobile Banking,Chuyển khoản đến,2040000,0,Thành công,CN TP Hồ Chí Minh,15921173
GD202612006506,2026-12-02 06:13:49,KH000065,QR Code,Nộp tiền mặt,410000,0,Thành công,CN Quận 1,12467686
GD202612011934,2026-12-02 06:51:07,KH000125,Mobile Banking,Thanh toán thẻ,86000,0,Thành công,CN Thanh Xuân,97836
GD202612010171,2026-12-02 07:07:18,KH000104,QR Code,Thanh toán thẻ,493000,0,Thành công,CN TP Hồ Chí Minh,1227719
GD202612002505,2026-12-02 09:27:13,KH000023,Internet Banking,Rút tiền mặt,1421000,0,Thành công,CN Hoàn Kiếm,9008980
GD202612002988,2026-12-02 10:04:15,KH000027,Mobile Banking,Nạp tiền điện thoại,3567000,0,Thành công,CN Cầu Giấy,15506550
GD202612011621,2026-12-02 10:25:04,KH000122,POS,Thanh toán thẻ,8789000,0,Thành công,CN TP Hồ Chí Minh,22375039
GD202612003948,2026-12-02 11:05:47,KH000038,ATM,Rút tiền mặt,147000,0,Thành công,CN Bình Dương,107750373
GD202612007811,2026-12-02 11:08:53,KH000079,POS,Thanh toán thẻ,1287000,3300,Thành công,CN Hoàn Kiếm,8922304
GD202612018023,2026-12-02 11:09:37,KH000190,Mobile Banking,Chuyển khoản đến,30424000,0,Thành công,CN Hoàn Kiếm,164994142
GD202612000747,2026-12-02 11:17:41,KH000010,Mobile Banking,Thanh toán thẻ,1020000,0,Thành công,CN Đà Nẵng,2143076
GD202612014590,2026-12-02 11:24:40,KH000153,Internet Banking,Nạp tiền điện thoại,60000,0,Thành công,CN Cần Thơ,251041
GD202612016027,2026-12-02 11:35:28,KH000172,POS,Thanh toán hóa đơn,1004000,1100,Thành công,CN Bình Dương,4150991
GD202612015840,2026-12-02 12:24:57,KH000171,QR Code,Chuyển khoản đến,129000,0,Thành công,CN Thanh Xuân,296151
GD202612010216,2026-12-02 13:07:59,KH000105,POS,Thanh toán thẻ,18946000,5500,Thành công,CN Đà Nẵng,509607148
GD202612002049,2026-12-02 13:17:07,KH000019,QR Code,Chuyển khoản đến,265000,0,Thành công,CN Bình Dương,1640751
GD202612015048,2026-12-02 14:04:21,KH000161,QR Code,Chuyển khoản đến,5905000,0,Thành công,CN Hải Phòng,23405859
GD202612014087,2026-12-02 15:22:58,KH000148,Mobile Banking,Rút tiền mặt,279000,0,Thành công,CN Hoàn Kiếm,99958359
GD202612008075,2026-12-02 15:43:51,KH000082,QR Code,Chuyển khoản đến,729000,0,Thành công,CN Bình Dương,4449049
GD202612014962,2026-12-02 16:31:59,KH000159,Internet Banking,Thanh toán hóa đơn,3756000,0,Thành công,CN Hải Phòng,30048927
GD202612006295,2026-12-02 16:37:13,KH000064,QR Code,Thanh toán thẻ,221000,0,Thành công,CN Thanh Xuân,994931
GD202612012225,2026-12-02 17:04:32,KH000127,QR Code,Thanh toán thẻ,2898000,0,Thành công,CN Quận 1,6505545
GD202612001622,2026-12-02 17:23:05,KH000016,Internet Banking,Nộp tiền mặt,96000,0,Thành công,CN TP Hồ Chí Minh,183007
GD202612000499,2026-12-02 17:59:08,KH000008,QR Code,Chuyển khoản đến,1458000,0,Thành công,CN Cần Thơ,9607890
GD202612006025,2026-12-02 17:59:09,KH000061,Internet Banking,Thanh toán hóa đơn,1536000,0,Thành công,CN Hoàn Kiếm,15199571
GD202612004725,2026-12-02 18:00:52,KH000050,ATM,Chuyển khoản đến,4453000,5500,Thành công,CN Cầu Giấy,26547382
GD202612016726,2026-12-02 18:21:25,KH000180,POS,Nạp tiền điện thoại,801000,0,Thành công,CN TP Hồ Chí Minh,77730363
GD202612009623,2026-12-02 18:54:26,KH000097,POS,Thanh toán thẻ,53000,1100,Thành công,CN Cầu Giấy,66649
GD202612000546,2026-12-02 19:05:56,KH000009,ATM,Chuyển khoản đi,3193000,5500,Thành công,CN Cầu Giấy,41614528
GD202612006026,2026-12-02 19:20:21,KH000061,POS,Thanh toán thẻ,191000,1100,Thành công,CN Cầu Giấy,15007471
GD202612013030,2026-12-02 19:24:10,KH000132,Internet Banking,Chuyển khoản đến,1736000,0,Thành công,CN Hải Phòng,7554143
GD202612008163,2026-12-02 20:26:55,KH000083,Internet Banking,Thanh toán thẻ,402000,0,Thành công,CN Cần Thơ,98175114
GD202612002504,2026-12-02 20:50:57,KH000023,QR Code,Chuyển khoản đến,1691000,0,Thành công,CN TP Hồ Chí Minh,10429980
GD202612008405,2026-12-02 20:54:05,KH000084,QR Code,Chuyển khoản đến,347000,0,Thành công,CN Thanh Xuân,2507751
GD202612007486,2026-12-02 21:00:48,KH000077,QR Code,Nạp tiền điện thoại,239000,0,Thành công,CN Cần Thơ,1433229
GD202612018524,2026-12-02 21:03:41,KH000195,Mobile Banking,Thanh toán thẻ,148000,0,Thành công,CN Thanh Xuân,101117
GD202612008076,2026-12-02 21:10:46,KH000082,POS,Thanh toán thẻ,134000,1100,Thành công,CN Đà Nẵng,4313949
GD202612006296,2026-12-02 21:24:49,KH000064,Internet Banking,Chuyển khoản đến,238000,0,Thành công,CN Thanh Xuân,1232931
GD202612000862,2026-12-02 21:43:44,KH000011,Internet Banking,Chuyển khoản đi,769000,0,Thành công,CN Đà Nẵng,118490492
GD202612009448,2026-12-02 21:58:54,KH000096,Internet Banking,Chuyển khoản đến,1307000,0,Thành công,CN Đà Nẵng,7385069
GD202612003800,2026-12-02 22:18:15,KH000036,Mobile Banking,Thanh toán thẻ,387000,0,Thành công,CN Bình Dương,16899186
GD202612005696,2026-12-02 22:35:41,KH000059,QR Code,Rút tiền mặt,4279000,0,Thành công,CN Quận 1,14106078
GD202612005363,2026-12-02 22:37:01,KH000056,POS,Thanh toán thẻ,4029000,0,Thành công,CN Thanh Xuân,109053137
GD202612009224,2026-12-02 22:42:42,KH000094,POS,Thanh toán thẻ,1924000,1100,Thành công,CN TP Hồ Chí Minh,67863796
GD202612010885,2026-12-03 06:32:38,KH000114,QR Code,Thanh toán thẻ,1545000,0,Thành công,CN Quận 1,87664364
GD202612009625,2026-12-03 06:47:28,KH000097,Mobile Banking,Thanh toán thẻ,104000,0,Thành công,CN TP Hồ Chí Minh,146649
GD202612013925,2026-12-03 06:56:50,KH000145,Internet Banking,Thanh toán hóa đơn,261000,0,Thành công,CN TP Hồ Chí Minh,122515621
GD202612018229,2026-12-03 07:10:55,KH000191,QR Code,Nộp tiền mặt,675000,0,Thành công,CN Hoàn Kiếm,5124339
GD202612000229,2026-12-03 07:18:54,KH000005,Mobile Banking,Chuyển khoản đi,98000,0,Thành công,CN Hải Phòng,332130
GD202612012226,2026-12-03 07:21:07,KH000127,Internet Banking,Thanh toán thẻ,859000,0,Thành công,CN Bình Dương,5646545
GD202612010401,2026-12-03 07:23:19,KH000108,QR Code,Chuyển khoản đến,382000,0,Thành công,CN Hoàn Kiếm,123132436
GD202612009624,2026-12-03 07:31:03,KH000097,Mobile Banking,Thanh toán hóa đơn,56000,0,Thành công,CN TP Hồ Chí Minh,94649
GD202612007487,2026-12-03 08:05:57,KH000077,Internet Banking,Chuyển khoản đi,162000,0,Thành công,CN Quận 1,1271229
GD202612005697,2026-12-03 08:42:03,KH000059,Mobile Banking,Chuyển khoản đến,2074000,0,Thành công,CN Đà Nẵng,16180078
GD202612014258,2026-12-03 08:43:49,KH000151,Internet Banking,Thanh toán thẻ,70000,0,Thành công,CN Đà Nẵng,207216
GD202612005076,2026-12-03 08:45:30,KH000052,Mobile Banking,Nạp tiền điện thoại,169000,0,Thành công,CN Hải Phòng,162006
GD202612005477,2026-12-03 09:15:00,KH000057,Quầy giao dịch,Nạp tiền điện thoại,750000,0,Thành công,CN Bình Dương,79484341
GD202612003494,2026-12-03 10:28:00,KH000032,POS,Thanh toán thẻ,90000,3300,Thất bại,CN Quận 1,123896934
GD202612016028,2026-12-03 10:38:42,KH000172,QR Code,Chuyển khoản đến,661000,0,Thành công,CN Cầu Giấy,4811991
GD202612014927,2026-12-03 11:09:36,KH000158,POS,Rút tiền mặt,7535000,0,Thành công,CN Hoàn Kiếm,30987738
GD202612006606,2026-12-03 11:30:21,KH000066,ATM,Thanh toán hóa đơn,2764000,5500,Thành công,CN Thanh Xuân,142439347
GD202612005718,2026-12-03 11:36:19,KH000060,Internet Banking,Thanh toán thẻ,5678000,0,Thất bại,CN Cầu Giấy,19613561
GD202612009225,2026-12-03 12:49:08,KH000094,Mobile Banking,Rút tiền mặt,2371000,0,Thành công,CN Đà Nẵng,65492796
GD202612011541,2026-12-03 12:50:29,KH000120,Internet Banking,Nạp tiền điện thoại,2152000,0,Thành công,CN TP Hồ Chí Minh,59712930
GD202612003493,2026-12-03 13:07:31,KH000032,POS,Thanh toán thẻ,87000,3300,Thành công,CN TP Hồ Chí Minh,123896934
GD202612004497,2026-12-03 14:00:35,KH000045,QR Code,Thanh toán thẻ,745000,0,Thành công,CN Hoàn Kiếm,62312191
GD202612018525,2026-12-03 14:28:58,KH000195,Mobile Banking,Chuyển khoản đến,197000,0,Thành công,CN Thanh Xuân,298117
GD202612013356,2026-12-03 14:47:17,KH000137,QR Code,Thanh toán thẻ,1509000,0,Thành công,CN Bình Dương,19150414
GD202612016593,2026-12-03 15:16:35,KH000179,Quầy giao dịch,Nạp tiền điện thoại,14664000,5500,Thành công,CN Đà Nẵng,215481347
GD202612001763,2026-12-03 15:18:07,KH000018,Internet Banking,Nạp tiền điện thoại,1144000,0,Thành công,CN Thanh Xuân,87821695
GD202612003364,2026-12-03 15:31:57,KH000031,Internet Banking,Thanh toán thẻ,149000,0,Thành công,CN Quận 1,125303
GD202612010977,2026-12-03 15:58:35,KH000115,QR Code,Nạp tiền điện thoại,2049000,0,Thành công,CN Hoàn Kiếm,47322896
GD202612007488,2026-12-03 16:47:41,KH000077,Internet Banking,Thanh toán thẻ,81000,0,Thành công,CN Cầu Giấy,1190229
GD202612014963,2026-12-03 16:55:12,KH000159,Internet Banking,Chuyển khoản đến,7705000,0,Thành công,CN Hải Phòng,37753927
GD202612016854,2026-12-03 17:04:35,KH000181,Internet Banking,Rút tiền mặt,139000,0,Thành công,CN Hoàn Kiếm,168120
GD202612004571,2026-12-03 17:10:23,KH000047,POS,Rút tiền mặt,2120000,5500,Thành công,CN Cầu Giấy,149804484
GD202612006028,2026-12-03 18:09:38,KH000061,Quầy giao dịch,Thanh toán hóa đơn,1056000,0,Thành công,CN Hải Phòng,13194471
GD202612004631,2026-12-03 18:24:43,KH000049,Quầy giao dịch,Nộp tiền mặt,1495000,1100,Thành công,CN Cần Thơ,19758376
GD202612005364,2026-12-03 18:29:16,KH000056,Internet Banking,Nạp tiền điện thoại,1977000,0,Thành công,CN Hoàn Kiếm,107076137
GD202612002562,2026-12-03 18:52:14,KH000024,POS,Chuyển khoản đến,1023000,0,Thất bại,CN Hải Phòng,134276059
GD202612016853,2026-12-03 19:04:03,KH000181,Internet Banking,Nộp tiền mặt,177000,0,Thành công,CN TP Hồ Chí Minh,307120
GD202612007135,2026-12-03 19:31:58,KH000074,Internet Banking,Thanh toán thẻ,388000,0,Thành công,CN Bình Dương,31987149
GD202612009449,2026-12-03 19:40:43,KH000096,POS,Thanh toán thẻ,2412000,3300,Thành công,CN Cầu Giấy,4969769
GD202612008948,2026-12-03 20:00:57,KH000092,QR Code,Thanh toán thẻ,170000,0,Thành công,CN TP Hồ Chí Minh,7260842
GD202612006027,2026-12-03 20:41:23,KH000061,POS,Thanh toán thẻ,757000,0,Thành công,CN TP Hồ Chí Minh,14250471
GD202612009451,2026-12-03 21:04:02,KH000096,POS,Thanh toán thẻ,1211000,0,Thành công,CN Hải Phòng,2625769
GD202612009450,2026-12-03 21:08:27,KH000096,Mobile Banking,Rút tiền mặt,1133000,0,Thành công,CN Đà Nẵng,3836769
GD202612011935,2026-12-03 21:15:37,KH000125,POS,Thanh toán thẻ,165000,3300,Thành công,CN Cầu Giấy,177036
GD202612012798,2026-12-03 21:22:41,KH000131,QR Code,Nộp tiền mặt,61000,0,Thành công,CN Bình Dương,394980
GD202612000863,2026-12-03 21:58:44,KH000011,Mobile Banking,Chuyển khoản đến,447000,0,Thành công,CN Quận 1,118937492
GD202612005077,2026-12-03 22:10:33,KH000052,Mobile Banking,Thanh toán thẻ,60000,0,Thành công,CN Đà Nẵng,102006
GD202612001623,2026-12-03 22:14:13,KH000016,QR Code,Thanh toán thẻ,156000,0,Thành công,CN Đà Nẵng,261007
GD202612004263,2026-12-03 22:51:35,KH000042,Internet Banking,Rút tiền mặt,512000,0,Thành công,CN Đà Nẵng,35218003
GD202612001624,2026-12-04 06:21:54,KH000016,Internet Banking,Nạp tiền điện thoại,149000,0,Thành công,CN Thanh Xuân,112007
GD202612016029,2026-12-04 06:46:07,KH000172,POS,Thanh toán thẻ,485000,0,Thành công,CN Đà Nẵng,4326991
GD202612002813,2026-12-04 06:52:30,KH000025,POS,Thanh toán thẻ,132000,3300,Thành công,CN Bình Dương,170331
GD202612005365,2026-12-04 07:14:39,KH000056,Internet Banking,Chuyển khoản đến,1498000,0,Thành công,CN Thanh Xuân,108574137
GD202612016407,2026-12-04 07:22:25,KH000176,POS,Thanh toán thẻ,636000,0,Thành công,CN Hải Phòng,74288734
GD202612006029,2026-12-04 08:01:12,KH000061,POS,Thanh toán thẻ,1684000,3300,Thành công,CN Thanh Xuân,11507171
GD202612016727,2026-12-04 08:03:46,KH000180,POS,Rút tiền mặt,2726000,1100,Thất bại,CN Thanh Xuân,77730363
GD202612014184,2026-12-04 08:11:51,KH000150,Quầy giao dịch,Rút tiền mặt,207000,0,Thành công,CN Quận 1,16966037
GD202612011262,2026-12-04 08:47:48,KH000118,POS,Thanh toán thẻ,1668000,1100,Thành công,CN Thanh Xuân,8478205
GD202612016855,2026-12-04 08:50:11,KH000181,Internet Banking,Thanh toán thẻ,79000,0,Thành công,CN Hải Phòng,89120
GD202612000748,2026-12-04 09:03:38,KH000010,Mobile Banking,Nộp tiền mặt,737000,0,Thành công,CN TP Hồ Chí Minh,2880076
GD202612003166,2026-12-04 09:23:43,KH000028,QR Code,Thanh toán thẻ,808000,0,Thất bại,CN Cần Thơ,72707115
GD202612009452,2026-12-04 09:42:33,KH000096,Internet Banking,Thanh toán hóa đơn,696000,0,Thành công,CN Hải Phòng,1929769
GD202612008635,2026-12-04 10:04:57,KH000087,Mobile Banking,Thanh toán thẻ,150000,0,Thành công,CN TP Hồ Chí Minh,170426
GD202612002270,2026-12-04 10:14:32,KH000020,POS,Thanh toán thẻ,49151000,5500,Thành công,CN Cầu Giấy,150745449
GD202612005699,2026-12-04 10:24:50,KH000059,QR Code,Chuyển khoản đến,2919000,0,Thành công,CN Đà Nẵng,14741078
GD202612004264,2026-12-04 10:43:58,KH000042,QR Code,Chuyển khoản đi,2676000,0,Thành công,CN Hải Phòng,32542003
GD202612008949,2026-12-04 11:19:49,KH000092,POS,Thanh toán thẻ,1757000,5500,Thành công,CN Bình Dương,5498342
GD202612003165,2026-12-04 11:58:01,KH000028,Mobile Banking,Nộp tiền mặt,1068000,0,Thành công,CN Bình Dương,72707115
GD202612002051,2026-12-04 12:08:49,KH000019,Internet Banking,Thanh toán thẻ,426000,0,Thành công,CN TP Hồ Chí Minh,884751
GD202612007489,2026-12-04 12:28:16,KH000077,Internet Banking,Chuyển khoản đi,324000,0,Thành công,CN Cần Thơ,866229
GD202612009791,2026-12-04 12:41:49,KH000099,Mobile Banking,Chuyển khoản đến,1092000,0,Thành công,CN Bình Dương,60750679
GD202612000749,2026-12-04 13:12:38,KH000010,Mobile Banking,Chuyển khoản đi,896000,0,Thất bại,CN Cần Thơ,2880076
GD202612015241,2026-12-04 13:13:10,KH000162,POS,Thanh toán thẻ,55000,0,Thành công,CN Hoàn Kiếm,72103
GD202612000500,2026-12-04 13:16:57,KH000008,Mobile Banking,Thanh toán thẻ,3000000,0,Thành công,CN Thanh Xuân,6607890
GD202612004103,2026-12-04 13:53:03,KH000040,ATM,Thanh toán hóa đơn,3590000,3300,Thành công,CN Quận 1,7538284
GD202612006030,2026-12-04 14:34:39,KH000061,Internet Banking,Rút tiền mặt,1524000,0,Thành công,CN Bình Dương,9983171
GD202612007813,2026-12-04 14:54:01,KH000079,POS,Thanh toán thẻ,2015000,0,Thành công,CN Quận 1,5215804
GD202612002393,2026-12-04 15:25:08,KH000022,QR Code,Thanh toán hóa đơn,2443000,0,Thành công,CN Hoàn Kiếm,42494549
GD202612004336,2026-12-04 15:27:06,KH000044,POS,Rút tiền mặt,58000,0,Thành công,CN Thanh Xuân,1519762
GD202612016030,2026-12-04 15:45:57,KH000172,Internet Banking,Chuyển khoản đi,651000,0,Thành công,CN Cầu Giấy,3675991
GD202612016082,2026-12-04 15:47:32,KH000173,POS,Thanh toán thẻ,313000,3300,Thành công,CN Bình Dương,872868
GD202612004777,2026-12-04 16:37:08,KH000051,Mobile Banking,Thanh toán thẻ,137000,0,Thành công,CN TP Hồ Chí Minh,158956
GD202612010629,2026-12-04 16:56:27,KH000111,Quầy giao dịch,Nạp tiền điện thoại,7132000,0,Thành công,CN Cần Thơ,45590157
GD202612011496,2026-12-04 17:52:35,KH000119,Internet Banking,Chuyển khoản đến,79000,0,Thành công,CN Hoàn Kiếm,78485759
GD202612015444,2026-12-04 18:06:47,KH000165,Quầy giao dịch,Nộp tiền mặt,2851000,0,Thành công,CN Thanh Xuân,30010031
GD202612010172,2026-12-04 18:07:16,KH000104,ATM,Thanh toán hóa đơn,288000,5500,Thành công,CN Quận 1,934219
GD202612003365,2026-12-04 18:09:27,KH000031,POS,Thanh toán thẻ,105000,1100,Thành công,CN Cầu Giấy,176703
GD202612012799,2026-12-04 18:14:51,KH000131,POS,Thanh toán thẻ,194000,1100,Thành công,CN TP Hồ Chí Minh,199880
GD202612006507,2026-12-04 19:29:45,KH000065,POS,Thanh toán thẻ,4134000,1100,Thành công,CN Thanh Xuân,8332586
GD202612007136,2026-12-04 19:47:44,KH000074,QR Code,Thanh toán thẻ,92000,0,Thành công,CN Cầu Giấy,31895149
GD202612008077,2026-12-04 20:04:01,KH000082,Mobile Banking,Chuyển khoản đến,1253000,0,Thành công,CN Hải Phòng,5566949
GD202612013411,2026-12-04 20:07:50,KH000138,Quầy giao dịch,Nạp tiền điện thoại,5163000,0,Thành công,CN TP Hồ Chí Minh,14864422
GD202612005078,2026-12-04 20:27:45,KH000052,QR Code,Thanh toán thẻ,162000,0,Thành công,CN Thanh Xuân,183006
GD202612013926,2026-12-04 20:56:59,KH000145,POS,Thanh toán thẻ,130000,0,Thành công,CN Hải Phòng,122385621
GD202612005698,2026-12-04 20:58:03,KH000059,QR Code,Thanh toán thẻ,4358000,0,Thành công,CN TP Hồ Chí Minh,11822078
GD202612003837,2026-12-04 21:25:11,KH000037,Quầy giao dịch,Nộp tiền mặt,2733000,0,Thành công,CN Quận 1,15700358
GD202612015841,2026-12-04 21:50:46,KH000171,Mobile Banking,Thanh toán thẻ,111000,0,Thành công,CN Hoàn Kiếm,185151
GD202612007812,2026-12-04 22:01:59,KH000079,POS,Rút tiền mặt,1686000,5500,Thành công,CN TP Hồ Chí Minh,7230804
GD202612012227,2026-12-04 22:50:27,KH000127,Mobile Banking,Chuyển khoản đến,1783000,0,Thành công,CN Bình Dương,7429545
GD202612001625,2026-12-05 06:31:56,KH000016,QR Code,Chuyển khoản đến,173000,0,Thành công,CN Cần Thơ,285007
GD202612008078,2026-12-05 06:49:47,KH000082,Mobile Banking,Chuyển khoản đến,1460000,0,Thành công,CN Hải Phòng,7026949
GD202612006509,2026-12-05 06:54:56,KH000065,POS,Thanh toán thẻ,8742000,1100,Thành công,CN Hoàn Kiếm,67869211
GD202612013031,2026-12-05 07:25:10,KH000132,QR Code,Thanh toán hóa đơn,1325000,0,Thành công,CN Hoàn Kiếm,6229143
GD202612009879,2026-12-05 07:40:06,KH000101,Quầy giao dịch,Nhận lương,16391162,0,Thành công,CN Quận 1,113750461
GD202612004498,2026-12-05 07:46:17,KH000045,Quầy giao dịch,Nhận lương,10788366,0,Thành công,CN Bình Dương,73100557
GD202612000230,2026-12-05 08:06:57,KH000005,Internet Banking,Thanh toán thẻ,137000,0,Thành công,CN Đà Nẵng,195130
GD202612015498,2026-12-05 08:12:51,KH000166,Quầy giao dịch,Nạp tiền điện thoại,32808000,5500,Thành công,CN TP Hồ Chí Minh,131516894
GD202612002052,2026-12-05 08:33:06,KH000019,Quầy giao dịch,Nhận lương,9393612,0,Thành công,CN Bình Dương,10278363
GD202612011264,2026-12-05 09:08:41,KH000118,QR Code,Chuyển khoản đi,2705000,0,Thành công,CN Đà Nẵng,7286205
GD202612006031,2026-12-05 09:28:13,KH000061,Quầy giao dịch,Nhận lương,8268040,0,Thành công,CN Thanh Xuân,18251210
GD202612008636,2026-12-05 09:39:35,KH000087,POS,Thanh toán thẻ,122000,1100,Thành công,CN Hải Phòng,230326
GD202612018775,2026-12-05 09:48:13,KH000199,ATM,Thanh toán hóa đơn,25993000,3300,Thành công,CN Hoàn Kiếm,187662247
GD202612014591,2026-12-05 09:50:37,KH000153,QR Code,Rút tiền mặt,54000,0,Thành công,CN Bình Dương,197041
GD202612006032,2026-12-05 10:06:29,KH000061,QR Code,Nộp tiền mặt,772000,0,Thành công,CN Cần Thơ,19023210
GD202612014928,2026-12-05 10:10:50,KH000158,QR Code,Thanh toán thẻ,8423000,0,Thành công,CN Thanh Xuân,22564738
GD202612009453,2026-12-05 10:40:54,KH000096,POS,Thanh toán thẻ,157000,5500,Thành công,CN TP Hồ Chí Minh,1767269
GD202612005366,2026-12-05 10:42:01,KH000056,QR Code,Rút tiền mặt,2536000,0,Thành công,CN TP Hồ Chí Minh,106038137
GD202612004727,2026-12-05 10:43:57,KH000050,Quầy giao dịch,Nộp tiền mặt,3447000,0,Thành công,CN Thanh Xuân,40268243
GD202612005700,2026-12-05 10:46:27,KH000059,QR Code,Nộp tiền mặt,899000,0,Thành công,CN Thanh Xuân,15640078
GD202612006826,2026-12-05 10:51:02,KH000071,QR Code,Chuyển khoản đi,147000,0,Thành công,CN Cầu Giấy,376238
GD202612017964,2026-12-05 11:01:57,KH000189,Internet Banking,Chuyển khoản đi,33742000,0,Thành công,CN TP Hồ Chí Minh,148328785
GD202612004337,2026-12-05 11:30:21,KH000044,ATM,Chuyển khoản đến,339000,0,Thành công,CN Hoàn Kiếm,1858762
GD202612013235,2026-12-05 11:34:53,KH000136,Internet Banking,Nạp tiền điện thoại,5829000,0,Thất bại,CN Hải Phòng,19863712
GD202612000750,2026-12-05 12:03:14,KH000010,Quầy giao dịch,Nhận lương,12969665,0,Thành công,CN Cầu Giấy,15849742
GD202612002053,2026-12-05 12:12:46,KH000019,Mobile Banking,Nộp tiền mặt,2967000,0,Thành công,CN Hải Phòng,13245363
GD202612017129,2026-12-05 12:25:27,KH000182,QR Code,Thanh toán hóa đơn,193000,0,Thành công,CN Bình Dương,999519
GD202612009792,2026-12-05 12:36:42,KH000099,Quầy giao dịch,Nhận lương,10996732,0,Thành công,CN Bình Dương,71747411
GD202612013412,2026-12-05 12:43:33,KH000138,Quầy giao dịch,Nhận lương,8106663,0,Thành công,CN Cần Thơ,22971085
GD202612013927,2026-12-05 12:50:57,KH000145,Mobile Banking,Chuyển khoản đến,123000,0,Thành công,CN Cần Thơ,122508621
GD202612007923,2026-12-05 13:02:25,KH000081,Quầy giao dịch,Nhận lương,48255605,0,Thành công,CN Đà Nẵng,497552260
GD202612002814,2026-12-05 13:18:29,KH000025,Mobile Banking,Nạp tiền điện thoại,149000,0,Thành công,CN TP Hồ Chí Minh,244831
GD202612016523,2026-12-05 13:28:45,KH000177,POS,Thanh toán thẻ,15438000,0,Thành công,CN Hải Phòng,64413122
GD202612016522,2026-12-05 13:47:14,KH000177,Quầy giao dịch,Nhận lương,37588389,0,Thành công,CN Bình Dương,79851122
GD202612005080,2026-12-05 14:02:52,KH000052,Mobile Banking,Thanh toán thẻ,196000,0,Thành công,CN TP Hồ Chí Minh,160006
GD202612000501,2026-12-05 14:30:07,KH000008,Mobile Banking,Thanh toán hóa đơn,1848000,0,Thất bại,CN Quận 1,6607890
GD202612013234,2026-12-05 14:40:32,KH000136,Quầy giao dịch,Nạp tiền điện thoại,303000,1100,Thành công,CN TP Hồ Chí Minh,19863712
GD202612002815,2026-12-05 14:51:44,KH000025,QR Code,Rút tiền mặt,131000,0,Thành công,CN Đà Nẵng,113831
GD202612009226,2026-12-05 15:04:44,KH000094,Internet Banking,Chuyển khoản đến,1020000,0,Thành công,CN Quận 1,66512796
GD202612016856,2026-12-05 15:25:14,KH000181,POS,Chuyển khoản đi,173000,0,Thành công,CN Bình Dương,175620
GD202612001298,2026-12-05 15:49:51,KH000014,Internet Banking,Nạp tiền điện thoại,2754000,0,Thành công,CN TP Hồ Chí Minh,13167173
GD202612005079,2026-12-05 15:52:30,KH000052,Internet Banking,Thanh toán thẻ,121000,0,Thành công,CN Bình Dương,62006
GD202612012800,2026-12-05 16:03:42,KH000131,QR Code,Thanh toán thẻ,129000,0,Thành công,CN Hải Phòng,70880
GD202612016524,2026-12-05 16:18:08,KH000177,ATM,Thanh toán hóa đơn,14636000,3300,Thành công,CN Quận 1,49773822
GD202612000547,2026-12-05 16:35:59,KH000009,Quầy giao dịch,Nhận lương,10313999,0,Thành công,CN Cần Thơ,51928527
GD202612010886,2026-12-05 17:18:15,KH000114,Mobile Banking,Thanh toán thẻ,1314000,0,Thành công,CN Quận 1,86350364
GD202612008984,2026-12-05 18:04:24,KH000093,Internet Banking,Rút tiền mặt,3030000,0,Thành công,CN Bình Dương,11490104
GD202612016728,2026-12-05 18:13:42,KH000180,POS,Chuyển khoản đi,1020000,3300,Thành công,CN Hoàn Kiếm,76707063
GD202612003742,2026-12-05 18:24:28,KH000034,Internet Banking,Thanh toán thẻ,1973000,0,Thành công,CN Bình Dương,44104364
GD202612010771,2026-12-05 18:40:30,KH000113,Quầy giao dịch,Nhận lương,8175489,0,Thành công,CN TP Hồ Chí Minh,19761808
GD202612013357,2026-12-05 19:43:16,KH000137,Quầy giao dịch,Nhận lương,16199719,0,Thành công,CN Bình Dương,35350133
GD202612001299,2026-12-05 19:43:37,KH000014,POS,Thanh toán thẻ,1644000,3300,Thành công,CN Hoàn Kiếm,11519873
GD202612012801,2026-12-05 19:47:08,KH000131,Mobile Banking,Chuyển khoản đến,187000,0,Thành công,CN Cầu Giấy,257880
GD202612015049,2026-12-05 20:05:39,KH000161,Quầy giao dịch,Nhận lương,10553404,0,Thành công,CN Đà Nẵng,33959263
GD202612000548,2026-12-05 20:38:11,KH000009,POS,Thanh toán thẻ,671000,3300,Thành công,CN Cần Thơ,51254227
GD202612002355,2026-12-05 20:50:19,KH000021,Mobile Banking,Nạp tiền điện thoại,279000,0,Thành công,CN Cầu Giấy,89989359
GD202612018230,2026-12-05 20:52:52,KH000191,Quầy giao dịch,Nhận lương,14438715,0,Thành công,CN Cầu Giấy,19563054
GD202612006508,2026-12-05 20:56:34,KH000065,Quầy giao dịch,Nhận lương,68279725,0,Thành công,CN Hoàn Kiếm,76612311
GD202612017130,2026-12-05 21:18:37,KH000182,QR Code,Nạp tiền điện thoại,282000,0,Thành công,CN Cần Thơ,717519
GD202612005478,2026-12-05 21:18:38,KH000057,ATM,Thanh toán hóa đơn,25140000,5500,Thành công,CN Cần Thơ,54338841
GD202612004726,2026-12-05 21:29:03,KH000050,Quầy giao dịch,Nhận lương,10273861,0,Thành công,CN TP Hồ Chí Minh,36821243
GD202612003788,2026-12-05 22:10:40,KH000035,POS,Chuyển khoản đến,485000,0,Thành công,CN Cần Thơ,2261655
GD202612011263,2026-12-05 22:24:46,KH000118,QR Code,Chuyển khoản đến,1513000,0,Thành công,CN Cần Thơ,9991205
GD202612016408,2026-12-05 22:28:02,KH000176,Mobile Banking,Thanh toán thẻ,223000,0,Thành công,CN Cần Thơ,74065734
GD202612015497,2026-12-05 22:34:30,KH000166,POS,Thanh toán thẻ,37599000,3300,Thành công,CN Cầu Giấy,164330394
GD202612017451,2026-12-05 22:53:22,KH000183,Quầy giao dịch,Nhận lương,85473423,0,Thành công,CN Cần Thơ,123334113
GD202612008638,2026-12-06 06:22:07,KH000087,Mobile Banking,Chuyển khoản đi,170000,0,Thành công,CN Thanh Xuân,235326
GD202612003950,2026-12-06 06:41:16,KH000038,QR Code,Chuyển khoản đến,5114000,0,Thành công,CN Hải Phòng,110416373
GD202612012531,2026-12-06 07:46:27,KH000130,POS,Thanh toán thẻ,3600000,0,Thành công,CN Thanh Xuân,32407805
GD202612013032,2026-12-06 07:47:54,KH000132,Quầy giao dịch,Nhận lương,21642071,0,Thành công,CN Cầu Giấy,27871213
GD202612018776,2026-12-06 08:01:13,KH000199,ATM,Nộp tiền mặt,43772000,5500,Thành công,CN Hoàn Kiếm,231434247
GD202612006259,2026-12-06 08:08:57,KH000063,Quầy giao dịch,Nhận lương,9986313,0,Thành công,CN Hoàn Kiếm,110946513
GD202612004499,2026-12-06 08:58:43,KH000045,Internet Banking,Nộp tiền mặt,1493000,0,Thành công,CN Bình Dương,74593557
GD202612013033,2026-12-06 09:31:23,KH000132,POS,Nộp tiền mặt,3084000,1100,Thành công,CN Bình Dương,30955213
GD202612011936,2026-12-06 10:18:01,KH000125,Internet Banking,Thanh toán thẻ,104000,0,Thành công,CN TP Hồ Chí Minh,73036
GD202612008406,2026-12-06 10:24:23,KH000084,Mobile Banking,Thanh toán thẻ,150000,0,Thành công,CN Thanh Xuân,2357751
GD202612012803,2026-12-06 10:34:06,KH000131,Mobile Banking,Nộp tiền mặt,83000,0,Thành công,CN TP Hồ Chí Minh,283880
GD202612017453,2026-12-06 11:52:17,KH000183,POS,Thanh toán thẻ,7164000,0,Thành công,CN Cần Thơ,156688113
GD202612004632,2026-12-06 12:30:56,KH000049,Internet Banking,Chuyển khoản đến,2710000,0,Thành công,CN Đà Nẵng,22468376
GD202612009793,2026-12-06 12:36:50,KH000099,POS,Thanh toán thẻ,56000,1100,Thành công,CN Hoàn Kiếm,71690311
GD202612017455,2026-12-06 12:57:54,KH000183,Mobile Banking,Thanh toán thẻ,24004000,0,Thành công,CN Hải Phòng,80365113
GD202612007137,2026-12-06 13:17:52,KH000074,POS,Thanh toán thẻ,1356000,0,Thành công,CN Thanh Xuân,30539149
GD202612002271,2026-12-06 13:24:07,KH000020,Mobile Banking,Chuyển khoản đến,31104000,0,Thành công,CN Đà Nẵng,181849449
GD202612013928,2026-12-06 14:02:05,KH000145,Internet Banking,Thanh toán hóa đơn,392000,0,Thành công,CN Bình Dương,122116621
GD202612006607,2026-12-06 14:05:28,KH000066,ATM,Nộp tiền mặt,1470000,0,Thành công,CN Cần Thơ,143909347
GD202612008752,2026-12-06 14:05:37,KH000090,ATM,Nộp tiền mặt,5747000,1100,Thành công,CN TP Hồ Chí Minh,22220396
GD202612008637,2026-12-06 14:14:13,KH000087,Mobile Banking,Rút tiền mặt,80000,0,Thành công,CN Cần Thơ,150326
GD202612011542,2026-12-06 14:30:14,KH000120,Quầy giao dịch,Nhận lương,8985931,0,Thành công,CN Đà Nẵng,68698861
GD202612014964,2026-12-06 14:33:39,KH000159,Internet Banking,Nộp tiền mặt,12489000,0,Thành công,CN Quận 1,50242927
GD202612003743,2026-12-06 14:38:39,KH000034,Mobile Banking,Nạp tiền điện thoại,555000,0,Thành công,CN Cần Thơ,43549364
GD202612017454,2026-12-06 14:43:55,KH000183,Mobile Banking,Nạp tiền điện thoại,52319000,0,Thành công,CN Hoàn Kiếm,104369113
GD202612003949,2026-12-06 14:48:25,KH000038,Internet Banking,Nạp tiền điện thoại,2448000,0,Thành công,CN Hoàn Kiếm,105302373
GD202612015050,2026-12-06 15:10:16,KH000161,Internet Banking,Nạp tiền điện thoại,7266000,0,Thành công,CN Cần Thơ,26693263
GD202612016594,2026-12-06 15:19:58,KH000179,Quầy giao dịch,Nhận lương,29829083,0,Thành công,CN Cần Thơ,245310431
GD202612012351,2026-12-06 15:22:45,KH000128,Mobile Banking,Nạp tiền điện thoại,331000,0,Thành công,CN Cầu Giấy,85463420
GD202612010402,2026-12-06 15:32:46,KH000108,Quầy giao dịch,Nhận lương,11697824,0,Thành công,CN Cầu Giấy,134830260
GD202612010173,2026-12-06 15:49:41,KH000104,Internet Banking,Chuyển khoản đến,233000,0,Thành công,CN Quận 1,1167219
GD202612012802,2026-12-06 15:57:52,KH000131,Mobile Banking,Thanh toán thẻ,57000,0,Thành công,CN Đà Nẵng,200880
GD202612018231,2026-12-06 16:03:19,KH000191,POS,Thanh toán thẻ,3118000,3300,Thành công,CN Cần Thơ,16441754
GD202612014088,2026-12-06 16:15:10,KH000148,Mobile Banking,Nộp tiền mặt,513000,0,Thành công,CN Bình Dương,100471359
GD202612002990,2026-12-06 16:25:10,KH000027,Mobile Banking,Chuyển khoản đến,2230000,0,Thành công,CN Cầu Giấy,15028550
GD202612003744,2026-12-06 16:42:05,KH000034,Internet Banking,Thanh toán thẻ,2301000,0,Thành công,CN Cầu Giấy,41248364
GD202612005719,2026-12-06 17:02:38,KH000060,Quầy giao dịch,Chuyển khoản đến,3590000,5500,Thành công,CN Bình Dương,23203561
GD202612018232,2026-12-06 17:19:23,KH000191,Internet Banking,Chuyển khoản đến,887000,0,Thành công,CN Cầu Giấy,17328754
GD202612002989,2026-12-06 17:23:30,KH000027,Internet Banking,Nạp tiền điện thoại,2708000,0,Thành công,CN Cần Thơ,12798550
GD202612001764,2026-12-06 17:25:10,KH000018,Quầy giao dịch,Nhận lương,8698795,0,Thành công,CN Hải Phòng,96520489
GD202612015445,2026-12-06 18:05:54,KH000165,Quầy giao dịch,Nộp tiền mặt,3654000,5500,Thành công,CN Đà Nẵng,33664031
GD202612000942,2026-12-06 18:23:03,KH000012,Quầy giao dịch,Nhận lương,11170046,0,Thành công,CN TP Hồ Chí Minh,138646514
GD202612011622,2026-12-06 18:26:51,KH000122,Quầy giao dịch,Nhận lương,20289327,0,Thành công,CN Quận 1,42664366
GD202612017452,2026-12-06 18:39:14,KH000183,Internet Banking,Nộp tiền mặt,40518000,0,Thành công,CN Quận 1,163852113
GD202612007490,2026-12-06 18:57:06,KH000077,QR Code,Thanh toán thẻ,125000,0,Thành công,CN TP Hồ Chí Minh,741229
GD202612013034,2026-12-06 19:38:26,KH000132,Internet Banking,Chuyển khoản đi,1950000,0,Thành công,CN Bình Dương,29005213
GD202612010174,2026-12-06 20:13:10,KH000104,POS,Thanh toán thẻ,73000,5500,Thành công,CN Cầu Giấy,1088719
GD202612001301,2026-12-06 20:37:08,KH000014,POS,Thanh toán thẻ,12194000,3300,Thành công,CN Thanh Xuân,63197110
GD202612000502,2026-12-06 21:00:55,KH000008,Internet Banking,Nộp tiền mặt,2245000,0,Thành công,CN Hoàn Kiếm,8852890
GD202612013681,2026-12-06 21:13:13,KH000142,Quầy giao dịch,Nhận lương,50707636,0,Thành công,CN Cầu Giấy,87355712
GD202612008718,2026-12-06 21:21:04,KH000089,Quầy giao dịch,Nhận lương,19336313,0,Thành công,CN Hải Phòng,260690439
GD202612013358,2026-12-06 21:28:14,KH000137,QR Code,Chuyển khoản đến,1213000,0,Thành công,CN Hải Phòng,36563133
GD202612001300,2026-12-06 21:52:06,KH000014,Quầy giao dịch,Nhận lương,63874537,0,Thành công,CN Quận 1,75394410
GD202612005081,2026-12-06 22:08:24,KH000052,Mobile Banking,Rút tiền mặt,176000,0,Thành công,CN TP Hồ Chí Minh,248006
GD202612011650,2026-12-06 22:14:33,KH000123,Quầy giao dịch,Nhận lương,72889971,0,Thành công,CN Bình Dương,1185439585
GD202612011497,2026-12-07 06:07:55,KH000119,Quầy giao dịch,Nhận lương,8019650,0,Thành công,CN Quận 1,86505409
GD202612003838,2026-12-07 06:09:19,KH000037,ATM,Chuyển khoản đi,3126000,0,Thành công,CN Đà Nẵng,12574358
GD202612012532,2026-12-07 06:27:48,KH000130,Quầy giao dịch,Nhận lương,11432271,0,Thành công,CN TP Hồ Chí Minh,43840075
GD202612017131,2026-12-07 06:33:25,KH000182,QR Code,Thanh toán hóa đơn,242000,0,Thành công,CN Bình Dương,475519
GD202612008407,2026-12-07 06:36:15,KH000084,Quầy giao dịch,Nhận lương,8804101,0,Thành công,CN Cầu Giấy,11161852
GD202612006298,2026-12-07 06:41:02,KH000064,Internet Banking,Chuyển khoản đi,334000,0,Thành công,CN Hoàn Kiếm,1106931
GD202612018684,2026-12-07 06:50:18,KH000197,Internet Banking,Chuyển khoản đến,15134000,0,Thành công,CN Đà Nẵng,89835635
GD202612011623,2026-12-07 07:45:13,KH000122,QR Code,Nộp tiền mặt,12148000,0,Thành công,CN Hoàn Kiếm,54812366
GD202612004104,2026-12-07 07:54:32,KH000040,Mobile Banking,Thanh toán thẻ,1062000,0,Thành công,CN Đà Nẵng,6476284
GD202612005083,2026-12-07 07:54:48,KH000052,Mobile Banking,Thanh toán hóa đơn,113000,0,Thành công,CN Bình Dương,56006
GD202612013237,2026-12-07 08:30:18,KH000136,Mobile Banking,Thanh toán thẻ,2463000,0,Thành công,CN Đà Nẵng,55923001
GD202612017584,2026-12-07 08:43:16,KH000185,Quầy giao dịch,Nhận lương,23135022,0,Thành công,CN Cần Thơ,102474283
GD202612000549,2026-12-07 08:43:33,KH000009,QR Code,Thanh toán thẻ,1006000,0,Thành công,CN Đà Nẵng,50248227
GD202612012228,2026-12-07 09:50:19,KH000127,QR Code,Thanh toán thẻ,1992000,0,Thành công,CN Cầu Giấy,5437545
GD202612006085,2026-12-07 10:07:24,KH000062,Mobile Banking,Thanh toán hóa đơn,2889000,0,Thành công,CN Đà Nẵng,9890624
GD202612005082,2026-12-07 10:15:44,KH000052,QR Code,Rút tiền mặt,79000,0,Thành công,CN Cầu Giấy,169006
GD202612011543,2026-12-07 10:33:29,KH000120,POS,Thanh toán thẻ,3120000,5500,Thành công,CN Đà Nẵng,65573361
GD202612018526,2026-12-07 10:56:40,KH000195,Mobile Banking,Nạp tiền điện thoại,163000,0,Thành công,CN Quận 1,135117
GD202612015242,2026-12-07 11:09:25,KH000162,Mobile Banking,Nộp tiền mặt,199000,0,Thành công,CN Quận 1,271103
GD202612006510,2026-12-07 11:40:11,KH000065,Internet Banking,Nộp tiền mặt,22745000,0,Thành công,CN Cầu Giấy,90614211
GD202612005702,2026-12-07 11:46:06,KH000059,QR Code,Thanh toán hóa đơn,6371000,0,Thành công,CN Đà Nẵng,13106078
GD202612015499,2026-12-07 11:47:08,KH000166,POS,Chuyển khoản đến,45655000,1100,Thất bại,CN Đà Nẵng,131516894
GD202612000503,2026-12-07 12:08:51,KH000008,Quầy giao dịch,Nhận lương,38994011,0,Thành công,CN TP Hồ Chí Minh,47846901
GD202612013036,2026-12-07 12:24:18,KH000132,Mobile Banking,Chuyển khoản đến,5493000,0,Thành công,CN Cầu Giấy,32263213
GD202612002272,2026-12-07 13:12:11,KH000020,Internet Banking,Thanh toán thẻ,60532000,0,Thành công,CN Cầu Giấy,121317449
GD202612011498,2026-12-07 13:22:45,KH000119,QR Code,Chuyển khoản đến,192000,0,Thành công,CN Thanh Xuân,86697409
GD202612011140,2026-12-07 13:36:53,KH000117,Mobile Banking,Rút tiền mặt,469000,0,Thành công,CN TP Hồ Chí Minh,136178266
GD202612010538,2026-12-07 14:07:22,KH000110,Quầy giao dịch,Nhận lương,10105824,0,Thành công,CN Hoàn Kiếm,63689919
GD202612001302,2026-12-07 14:14:20,KH000014,Internet Banking,Thanh toán thẻ,14212000,0,Thành công,CN Cầu Giấy,48985110
GD202612007491,2026-12-07 14:22:01,KH000077,POS,Thanh toán thẻ,124000,0,Thành công,CN Cần Thơ,617229
GD202612001303,2026-12-07 14:24:49,KH000014,Internet Banking,Thanh toán thẻ,7848000,0,Thành công,CN Cầu Giấy,41137110
GD202612004105,2026-12-07 15:26:49,KH000040,QR Code,Thanh toán thẻ,1661000,0,Thành công,CN Hải Phòng,4815284
GD202612000864,2026-12-07 15:33:36,KH000011,Quầy giao dịch,Nhận lương,11702884,0,Thành công,CN Hải Phòng,130640375
GD202612004308,2026-12-07 15:52:34,KH000043,Quầy giao dịch,Nhận lương,9345529,0,Thành công,CN Hải Phòng,114694702
GD202612002394,2026-12-07 16:09:36,KH000022,Quầy giao dịch,Nhận lương,11198229,0,Thành công,CN Thanh Xuân,53692778
GD202612000231,2026-12-07 16:14:27,KH000005,Quầy giao dịch,Chuyển khoản đến,168000,0,Thành công,CN Cầu Giấy,363130
GD202612007556,2026-12-07 16:24:55,KH000078,ATM,Thanh toán hóa đơn,17150000,1100,Thành công,CN Thanh Xuân,35048404
GD202612011139,2026-12-07 16:29:54,KH000117,Quầy giao dịch,Nhận lương,11422184,0,Thành công,CN Hải Phòng,136647266
GD202612007138,2026-12-07 16:32:36,KH000074,POS,Nộp tiền mặt,1845000,1100,Thành công,CN Quận 1,32384149
GD202612003495,2026-12-07 16:35:52,KH000032,Quầy giao dịch,Nhận lương,11256051,0,Thành công,CN Cầu Giấy,135152986
GD202612000504,2026-12-07 17:06:42,KH000008,Mobile Banking,Thanh toán thẻ,10295000,0,Thành công,CN TP Hồ Chí Minh,37551901
GD202612002816,2026-12-07 17:12:29,KH000025,QR Code,Nộp tiền mặt,84000,0,Thành công,CN TP Hồ Chí Minh,197831
GD202612018024,2026-12-07 17:19:50,KH000190,Quầy giao dịch,Nhận lương,56238967,0,Thành công,CN Hải Phòng,221233110
GD202612012352,2026-12-07 17:38:15,KH000128,Quầy giao dịch,Nhận lương,9240523,0,Thành công,CN Thanh Xuân,94703943
GD202612013236,2026-12-07 17:52:19,KH000136,Quầy giao dịch,Nhận lương,38522288,0,Thành công,CN Thanh Xuân,58386001
GD202612014592,2026-12-07 17:56:08,KH000153,Mobile Banking,Thanh toán hóa đơn,192000,0,Thành công,CN Cần Thơ,293041
GD202612004633,2026-12-07 18:37:39,KH000049,Quầy giao dịch,Nhận lương,8623978,0,Thành công,CN Hải Phòng,31092355
GD202612008950,2026-12-07 18:57:55,KH000092,QR Code,Thanh toán thẻ,1481000,0,Thành công,CN Bình Dương,4017342
GD202612005701,2026-12-07 19:26:17,KH000059,Quầy giao dịch,Chuyển khoản đến,3837000,0,Thành công,CN Hoàn Kiếm,19477078
GD202612015022,2026-12-07 19:27:39,KH000160,Quầy giao dịch,Nhận lương,11298259,0,Thành công,CN Đà Nẵng,140915455
GD202612013929,2026-12-07 19:28:35,KH000145,Internet Banking,Thanh toán thẻ,194000,0,Thành công,CN Cần Thơ,121922621
GD202612003745,2026-12-07 19:34:16,KH000034,Internet Banking,Nộp tiền mặt,1428000,0,Thành công,CN Đà Nẵng,42676364
GD202612003167,2026-12-07 19:45:36,KH000028,Quầy giao dịch,Nhận lương,11681670,0,Thành công,CN Đà Nẵng,84388785
GD202612016409,2026-12-07 20:02:04,KH000176,Mobile Banking,Chuyển khoản đi,1064000,0,Thành công,CN Thanh Xuân,73001734
GD202612006260,2026-12-07 20:52:45,KH000063,POS,Thanh toán thẻ,1083000,1100,Thành công,CN Cầu Giấy,109862413
GD202612008753,2026-12-07 21:10:33,KH000090,Mobile Banking,Chuyển khoản đến,606000,0,Thành công,CN Quận 1,22826396
GD202612006297,2026-12-07 21:32:30,KH000064,Quầy giao dịch,Chuyển khoản đến,208000,1100,Thành công,CN Bình Dương,1440931
GD202612005367,2026-12-07 21:58:37,KH000056,Quầy giao dịch,Nộp tiền mặt,680000,0,Thành công,CN Thanh Xuân,106718137
GD202612013035,2026-12-07 22:04:15,KH000132,QR Code,Nạp tiền điện thoại,2235000,0,Thành công,CN Cần Thơ,26770213
GD202612015842,2026-12-07 22:12:49,KH000171,POS,Thanh toán thẻ,165000,3300,Thành công,CN Hải Phòng,264351
GD202612018233,2026-12-07 22:13:46,KH000191,POS,Thanh toán thẻ,462000,1100,Thành công,CN Cầu Giấy,16865654
GD202612005479,2026-12-08 06:31:48,KH000057,Quầy giao dịch,Nhận lương,35015530,0,Thành công,CN Cần Thơ,89354372
GD202612005368,2026-12-08 06:36:05,KH000056,Quầy giao dịch,Nhận lương,11125753,0,Thành công,CN Quận 1,117843890
GD202612015243,2026-12-08 06:42:35,KH000162,QR Code,Thanh toán thẻ,155000,0,Thành công,CN TP Hồ Chí Minh,116103
GD202612014008,2026-12-08 06:47:28,KH000147,ATM,Chuyển khoản đến,4911000,0,Thành công,CN Hải Phòng,142493233
GD202612005480,2026-12-08 07:03:26,KH000057,ATM,Rút tiền mặt,12467000,3300,Thành công,CN Cần Thơ,76884072
GD202612018272,2026-12-08 07:27:50,KH000192,Quầy giao dịch,Nhận lương,20841223,0,Thành công,CN Bình Dương,228359052
GD202612005703,2026-12-08 07:29:09,KH000059,Quầy giao dịch,Nhận lương,77906469,0,Thành công,CN Hải Phòng,91012548
GD202612010175,2026-12-08 07:29:55,KH000104,Quầy giao dịch,Nhận lương,10151261,0,Thành công,CN Đà Nẵng,11239980
GD202612005720,2026-12-08 07:37:07,KH000060,POS,Thanh toán thẻ,4369000,3300,Thành công,CN Hải Phòng,18831261
GD202612002054,2026-12-08 07:39:36,KH000019,Mobile Banking,Thanh toán thẻ,2910000,0,Thành công,CN Thanh Xuân,10335363
GD202612003170,2026-12-08 08:18:09,KH000028,Mobile Banking,Nạp tiền điện thoại,2522000,0,Thành công,CN TP Hồ Chí Minh,81105785
GD202612010176,2026-12-08 08:48:56,KH000104,POS,Thanh toán thẻ,73000,0,Thành công,CN Thanh Xuân,11166980
GD202612014089,2026-12-08 08:52:27,KH000148,Quầy giao dịch,Nhận lương,9288970,0,Thành công,CN Đà Nẵng,109760329
GD202612007492,2026-12-08 09:42:25,KH000077,Mobile Banking,Nạp tiền điện thoại,140000,0,Thành công,CN Bình Dương,477229
GD202612006086,2026-12-08 09:43:35,KH000062,POS,Thanh toán thẻ,856000,0,Thành công,CN Quận 1,9034624
GD202612002506,2026-12-08 10:10:56,KH000023,Mobile Banking,Chuyển khoản đến,1939000,0,Thành công,CN Hoàn Kiếm,10947980
GD202612015500,2026-12-08 10:14:11,KH000166,Quầy giao dịch,Nhận lương,37919038,0,Thành công,CN Cần Thơ,169435932
GD202612010540,2026-12-08 11:07:56,KH000110,Mobile Banking,Thanh toán thẻ,2549000,0,Thành công,CN Cần Thơ,63005919
GD202612014185,2026-12-08 11:12:40,KH000150,Quầy giao dịch,Nhận lương,16098569,0,Thành công,CN Cần Thơ,33064606
GD202612006511,2026-12-08 11:22:39,KH000065,Internet Banking,Nộp tiền mặt,15137000,0,Thành công,CN Hải Phòng,105751211
GD202612008408,2026-12-08 11:36:22,KH000084,Mobile Banking,Nộp tiền mặt,1358000,0,Thành công,CN Thanh Xuân,12519852
GD202612009227,2026-12-08 11:38:07,KH000094,Quầy giao dịch,Nhận lương,8480067,0,Thành công,CN Cầu Giấy,74992863
GD202612004634,2026-12-08 11:45:50,KH000049,Internet Banking,Nộp tiền mặt,3723000,0,Thành công,CN Hoàn Kiếm,34815355
GD202612007924,2026-12-08 11:50:47,KH000081,ATM,Chuyển khoản đến,24469000,0,Thành công,CN Cần Thơ,522021260
GD202612014593,2026-12-08 12:18:29,KH000153,Mobile Banking,Nạp tiền điện thoại,135000,0,Thành công,CN Thanh Xuân,158041
GD202612006608,2026-12-08 12:53:08,KH000066,Quầy giao dịch,Nhận lương,10866300,0,Thành công,CN Đà Nẵng,154775647
GD202612015446,2026-12-08 13:16:30,KH000165,Quầy giao dịch,Nhận lương,8785781,0,Thành công,CN TP Hồ Chí Minh,42449812
GD202612017457,2026-12-08 13:49:42,KH000183,Internet Banking,Nộp tiền mặt,15312000,0,Thành công,CN Cần Thơ,99658113
GD202612007815,2026-12-08 14:07:46,KH000079,QR Code,Nạp tiền điện thoại,876000,0,Thành công,CN Thanh Xuân,2991804
GD202612010311,2026-12-08 14:14:54,KH000107,Quầy giao dịch,Nhận lương,9751482,0,Thành công,CN Bình Dương,119677306
GD202612008985,2026-12-08 14:32:30,KH000093,Internet Banking,Chuyển khoản đến,2136000,0,Thành công,CN Quận 1,13626104
GD202612006654,2026-12-08 14:55:29,KH000067,ATM,Chuyển khoản đến,156000,1100,Thành công,CN Hải Phòng,630299
GD202612005530,2026-12-08 15:11:07,KH000058,Quầy giao dịch,Nhận lương,42762156,0,Thành công,CN Cần Thơ,358187187
GD202612016410,2026-12-08 15:26:17,KH000176,POS,Thanh toán thẻ,278000,1100,Thành công,CN Quận 1,72722634
GD202612013037,2026-12-08 15:31:53,KH000132,QR Code,Nạp tiền điện thoại,6728000,0,Thành công,CN Thanh Xuân,25535213
GD202612006261,2026-12-08 16:02:18,KH000063,Mobile Banking,Thanh toán thẻ,871000,0,Thất bại,CN TP Hồ Chí Minh,109862413
GD202612010978,2026-12-08 16:07:54,KH000115,Quầy giao dịch,Nhận lương,11864984,0,Thành công,CN Cầu Giấy,59187879
GD202612012229,2026-12-08 16:13:13,KH000127,Quầy giao dịch,Nhận lương,15322782,0,Thành công,CN Thanh Xuân,20760327
GD202612004106,2026-12-08 16:29:11,KH000040,Quầy giao dịch,Nhận lương,10716093,0,Thành công,CN Đà Nẵng,15531377
GD202612004338,2026-12-08 16:39:51,KH000044,Quầy giao dịch,Chuyển khoản đến,280000,1100,Thành công,CN TP Hồ Chí Minh,2138762
GD202612008951,2026-12-08 16:48:39,KH000092,Quầy giao dịch,Nhận lương,11435017,0,Thành công,CN Thanh Xuân,15452360
GD202612017812,2026-12-08 16:48:44,KH000187,Quầy giao dịch,Nhận lương,15270384,0,Thành công,CN Cầu Giấy,26219780
GD202612000097,2026-12-08 16:48:47,KH000003,Quầy giao dịch,Thanh toán hóa đơn,32441000,3300,Thất bại,CN Cầu Giấy,521098706
GD202612001626,2026-12-08 17:26:00,KH000016,Internet Banking,Thanh toán hóa đơn,125000,0,Thành công,CN Bình Dương,160007
GD202612001627,2026-12-08 17:32:30,KH000016,Internet Banking,Nộp tiền mặt,77000,0,Thành công,CN Đà Nẵng,237007
GD202612008409,2026-12-08 18:13:51,KH000084,Internet Banking,Thanh toán thẻ,630000,0,Thành công,CN Hải Phòng,11889852
GD202612016729,2026-12-08 18:35:16,KH000180,Quầy giao dịch,Nhận lương,11486651,0,Thành công,CN Hoàn Kiếm,88193714
GD202612004728,2026-12-08 18:35:54,KH000050,QR Code,Nạp tiền điện thoại,972000,0,Thành công,CN Cần Thơ,39296243
GD202612003168,2026-12-08 18:40:10,KH000028,Mobile Banking,Thanh toán thẻ,2383000,0,Thành công,CN Cầu Giấy,82005785
GD202612011937,2026-12-08 18:52:25,KH000125,Mobile Banking,Chuyển khoản đi,182000,0,Thành công,CN Cầu Giấy,164036
GD202612010177,2026-12-08 19:25:34,KH000104,QR Code,Chuyển khoản đi,1483000,0,Thành công,CN Hải Phòng,9683980
GD202612017456,2026-12-08 19:53:38,KH000183,Internet Banking,Nộp tiền mặt,3981000,0,Thành công,CN TP Hồ Chí Minh,84346113
GD202612012533,2026-12-08 20:08:36,KH000130,Internet Banking,Nộp tiền mặt,3714000,0,Thành công,CN Đà Nẵng,47554075
GD202612009454,2026-12-08 20:16:43,KH000096,Quầy giao dịch,Nhận lương,29935812,0,Thành công,CN Cầu Giấy,31703081
GD202612003169,2026-12-08 20:20:46,KH000028,QR Code,Nộp tiền mặt,1622000,0,Thành công,CN Cầu Giấy,83627785
GD202612017132,2026-12-08 20:20:47,KH000182,POS,Thanh toán thẻ,82000,5500,Thành công,CN Thanh Xuân,388019
GD202612013930,2026-12-08 20:35:49,KH000145,POS,Chuyển khoản đi,77000,3300,Thành công,CN Đà Nẵng,121842321
GD202612002991,2026-12-08 20:38:39,KH000027,Internet Banking,Thanh toán thẻ,2416000,0,Thành công,CN Cầu Giấy,12612550
GD202612003951,2026-12-08 20:53:43,KH000038,Quầy giao dịch,Nhận lương,11840641,0,Thành công,CN Hải Phòng,122257014
GD202612010539,2026-12-08 21:35:25,KH000110,QR Code,Chuyển khoản đến,1865000,0,Thành công,CN Đà Nẵng,65554919
GD202612007814,2026-12-08 21:55:40,KH000079,Mobile Banking,Thanh toán thẻ,1348000,0,Thành công,CN Hải Phòng,3867804
GD202612018234,2026-12-08 22:00:14,KH000191,Mobile Banking,Chuyển khoản đến,3727000,0,Thành công,CN Bình Dương,20592654
GD202612000096,2026-12-08 22:28:34,KH000003,Quầy giao dịch,Nhận lương,45362028,0,Thành công,CN Quận 1,521098706
GD202612016411,2026-12-08 22:55:17,KH000176,Mobile Banking,Chuyển khoản đi,980000,0,Thành công,CN Cần Thơ,71742634
GD202612010630,2026-12-09 06:22:31,KH000111,Quầy giao dịch,Nhận lương,45307999,0,Thành công,CN Quận 1,90898157
GD202612010403,2026-12-09 06:28:10,KH000108,ATM,Nộp tiền mặt,198000,0,Thành công,CN TP Hồ Chí Minh,135028260
GD202612001628,2026-12-09 06:56:36,KH000016,Mobile Banking,Nạp tiền điện thoại,174000,0,Thành công,CN Hoàn Kiếm,63007
GD202612010887,2026-12-09 07:09:18,KH000114,Quầy giao dịch,Nhận lương,11615786,0,Thành công,CN Hải Phòng,97966150
GD202612002395,2026-12-09 07:18:10,KH000022,Mobile Banking,Chuyển khoản đi,4686000,0,Thành công,CN Thanh Xuân,49006778
GD202612002817,2026-12-09 08:08:39,KH000025,POS,Thanh toán thẻ,194000,5500,Thành công,CN Hải Phòng,289331
GD202612016412,2026-12-09 08:18:39,KH000176,Mobile Banking,Nộp tiền mặt,1066000,0,Thành công,CN Hải Phòng,72808634
GD202612010541,2026-12-09 09:01:47,KH000110,Quầy giao dịch,Nộp tiền mặt,783000,3300,Thành công,CN Hoàn Kiếm,63788919
GD202612003746,2026-12-09 09:15:25,KH000034,POS,Thanh toán thẻ,920000,3300,Thành công,CN Hải Phòng,41753064
GD202612002563,2026-12-09 09:27:40,KH000024,Quầy giao dịch,Nhận lương,11111221,0,Thành công,CN Hải Phòng,145387281
GD202612013682,2026-12-09 09:50:45,KH000142,ATM,Nạp tiền điện thoại,15434000,0,Thành công,CN TP Hồ Chí Minh,71921712
GD202612018235,2026-12-09 10:06:23,KH000191,QR Code,Thanh toán thẻ,4120000,0,Thành công,CN Cần Thơ,16472654
GD202612000751,2026-12-09 10:27:42,KH000010,QR Code,Nạp tiền điện thoại,843000,0,Thành công,CN Hoàn Kiếm,15006742
GD202612008080,2026-12-09 10:30:19,KH000082,Internet Banking,Thanh toán thẻ,653000,0,Thành công,CN Cần Thơ,16786843
GD202612012354,2026-12-09 10:34:49,KH000128,QR Code,Thanh toán thẻ,416000,0,Thành công,CN Thanh Xuân,94630943
GD202612007139,2026-12-09 11:03:06,KH000074,Internet Banking,Thanh toán thẻ,167000,0,Thành công,CN Cầu Giấy,32217149
GD202612006512,2026-12-09 11:20:49,KH000065,Mobile Banking,Thanh toán thẻ,12569000,0,Thành công,CN Thanh Xuân,93182211
GD202612002356,2026-12-09 11:42:53,KH000021,POS,Thanh toán hóa đơn,1178000,1100,Thành công,CN Đà Nẵng,88810259
GD202612005721,2026-12-09 11:50:48,KH000060,Quầy giao dịch,Nhận lương,8368653,0,Thành công,CN Quận 1,27199914
GD202612008987,2026-12-09 11:55:49,KH000093,Internet Banking,Nộp tiền mặt,1194000,0,Thành công,CN Hải Phòng,10216104
GD202612008952,2026-12-09 12:13:43,KH000092,POS,Thanh toán thẻ,2852000,0,Thành công,CN Cần Thơ,12600360
GD202612015843,2026-12-09 12:20:10,KH000171,Internet Banking,Rút tiền mặt,112000,0,Thành công,CN Quận 1,152351
GD202612011544,2026-12-09 12:34:38,KH000120,POS,Thanh toán thẻ,1015000,0,Thành công,CN Cần Thơ,64558361
GD202612006033,2026-12-09 12:56:06,KH000061,POS,Thanh toán thẻ,220000,1100,Thành công,CN Thanh Xuân,18802110
GD202612016031,2026-12-09 13:53:00,KH000172,POS,Thanh toán thẻ,1094000,0,Thành công,CN Đà Nẵng,2581991
GD202612003952,2026-12-09 14:03:31,KH000038,QR Code,Nộp tiền mặt,1867000,0,Thành công,CN Thanh Xuân,124124014
GD202612009455,2026-12-09 14:03:52,KH000096,Internet Banking,Chuyển khoản đi,7382000,0,Thành công,CN Bình Dương,24321081
GD202612006262,2026-12-09 14:30:53,KH000063,Mobile Banking,Thanh toán thẻ,1133000,0,Thành công,CN Đà Nẵng,108729413
GD202612012353,2026-12-09 14:42:17,KH000128,Mobile Banking,Nộp tiền mặt,343000,0,Thành công,CN Đà Nẵng,95046943
GD202612013683,2026-12-09 14:56:49,KH000142,POS,Thanh toán hóa đơn,9952000,1100,Thành công,CN Quận 1,61968612
GD202612015244,2026-12-09 15:32:16,KH000162,Internet Banking,Nạp tiền điện thoại,121000,0,Thành công,CN TP Hồ Chí Minh,176603
GD202612008079,2026-12-09 15:59:24,KH000082,Quầy giao dịch,Nhận lương,10412894,0,Thành công,CN Cần Thơ,17439843
GD202612004778,2026-12-09 16:06:12,KH000051,Quầy giao dịch,Chuyển khoản đi,103000,5500,Thành công,CN Hoàn Kiếm,50456
GD202612014929,2026-12-09 16:12:43,KH000158,Quầy giao dịch,Nhận lương,14242081,0,Thành công,CN Quận 1,36806819
GD202612008986,2026-12-09 16:20:18,KH000093,Mobile Banking,Thanh toán thẻ,4604000,0,Thành công,CN Hoàn Kiếm,9022104
GD202612005369,2026-12-09 16:33:45,KH000056,Internet Banking,Thanh toán thẻ,266000,0,Thành công,CN Hải Phòng,117577890
GD202612016185,2026-12-09 17:03:38,KH000175,POS,Nạp tiền điện thoại,2635000,3300,Thành công,CN Cần Thơ,16259162
GD202612013238,2026-12-09 17:49:56,KH000136,ATM,Chuyển khoản đi,10092000,5500,Thành công,CN Quận 1,45825501
GD202612007493,2026-12-09 18:09:44,KH000077,Internet Banking,Rút tiền mặt,140000,0,Thành công,CN Cầu Giấy,337229
GD202612014009,2026-12-09 18:13:07,KH000147,Quầy giao dịch,Nhận lương,10923578,0,Thành công,CN Hoàn Kiếm,153416810
GD202612006034,2026-12-09 18:26:54,KH000061,Internet Banking,Nạp tiền điện thoại,510000,0,Thành công,CN Hoàn Kiếm,18292110
GD202612014930,2026-12-09 18:40:57,KH000158,POS,Chuyển khoản đi,8594000,1100,Thành công,CN Cầu Giấy,28211719
GD202612002274,2026-12-09 20:26:46,KH000020,Mobile Banking,Nộp tiền mặt,4341000,0,Thành công,CN Hoàn Kiếm,116240349
GD202612002992,2026-12-09 20:28:28,KH000027,Quầy giao dịch,Nhận lương,16772868,0,Thành công,CN Cầu Giấy,29385418
GD202612014594,2026-12-09 20:36:05,KH000153,Mobile Banking,Thanh toán hóa đơn,145000,0,Thành công,CN Thanh Xuân,230541
GD202612010772,2026-12-09 20:40:53,KH000113,POS,Thanh toán thẻ,1180000,5500,Thành công,CN TP Hồ Chí Minh,18576308
GD202612004265,2026-12-09 20:50:03,KH000042,Quầy giao dịch,Nhận lương,11279289,0,Thành công,CN Bình Dương,43821292
GD202612011265,2026-12-09 21:11:43,KH000118,Quầy giao dịch,Nhận lương,14647012,0,Thành công,CN Hoàn Kiếm,21933218
GD202612002273,2026-12-09 21:34:07,KH000020,ATM,Nạp tiền điện thoại,9417000,1100,Thành công,CN Cầu Giấy,111899349
GD202612006513,2026-12-09 21:40:21,KH000065,Mobile Banking,Thanh toán thẻ,24597000,0,Thành công,CN Bình Dương,68585211
GD202612015051,2026-12-09 21:53:58,KH000161,Internet Banking,Chuyển khoản đến,8377000,0,Thành công,CN TP Hồ Chí Minh,35070263
GD202612017965,2026-12-09 22:15:19,KH000189,Quầy giao dịch,Nhận lương,100820640,0,Thành công,CN Thanh Xuân,249149424
GD202612009626,2026-12-09 22:31:09,KH000097,QR Code,Thanh toán hóa đơn,103000,0,Thành công,CN Cần Thơ,198149
GD202612004729,2026-12-10 06:01:02,KH000050,POS,Thanh toán thẻ,2869000,0,Thành công,CN Quận 1,36427243
GD202612003747,2026-12-10 06:14:41,KH000034,Quầy giao dịch,Nhận lương,8108439,0,Thành công,CN Thanh Xuân,49861504
GD202612002507,2026-12-10 07:16:46,KH000023,Quầy giao dịch,Nhận lương,19759956,0,Thành công,CN Cầu Giấy,30707936
GD202612006036,2026-12-10 07:51:08,KH000061,POS,Thanh toán thẻ,1527000,1100,Thành công,CN Hải Phòng,15535510
GD202612017813,2026-12-10 08:12:27,KH000187,QR Code,Chuyển khoản đi,830000,0,Thành công,CN Cầu Giấy,25389780
GD202612014965,2026-12-10 08:26:29,KH000159,Quầy giao dịch,Nhận lương,17441375,0,Thành công,CN Hải Phòng,67684302
GD202612007140,2026-12-10 08:30:44,KH000074,Quầy giao dịch,Nhận lương,8940876,0,Thành công,CN Hải Phòng,41158025
GD202612016032,2026-12-10 08:58:17,KH000172,Quầy giao dịch,Nhận lương,10079780,0,Thành công,CN TP Hồ Chí Minh,12661771
GD202612016413,2026-12-10 09:03:26,KH000176,Quầy giao dịch,Nhận lương,12177030,0,Thành công,CN Thanh Xuân,84985664
GD202612011499,2026-12-10 09:22:22,KH000119,Mobile Banking,Rút tiền mặt,92000,0,Thất bại,CN Cầu Giấy,86697409
GD202612010178,2026-12-10 09:31:39,KH000104,QR Code,Nạp tiền điện thoại,1314000,0,Thành công,CN Hoàn Kiếm,8369980
GD202612013039,2026-12-10 09:37:06,KH000132,POS,Nộp tiền mặt,10605000,1100,Thành công,CN Quận 1,43125213
GD202612007496,2026-12-10 09:42:34,KH000077,Mobile Banking,Chuyển khoản đến,995000,0,Thành công,CN Cầu Giấy,11856797
GD202612007495,2026-12-10 09:43:24,KH000077,Internet Banking,Nộp tiền mặt,1773000,0,Thành công,CN Đà Nẵng,10861797
GD202612018307,2026-12-10 09:45:52,KH000193,Quầy giao dịch,Nhận lương,27713333,0,Thành công,CN Đà Nẵng,322715105
GD202612018527,2026-12-10 09:52:09,KH000195,Internet Banking,Chuyển khoản đi,62000,0,Thành công,CN Hoàn Kiếm,73117
GD202612013359,2026-12-10 10:26:43,KH000137,QR Code,Rút tiền mặt,7116000,0,Thành công,CN TP Hồ Chí Minh,29447133
GD202612000505,2026-12-10 10:39:22,KH000008,Internet Banking,Thanh toán thẻ,12997000,0,Thành công,CN Quận 1,24554901
GD202612011141,2026-12-10 10:52:12,KH000117,Internet Banking,Chuyển khoản đi,429000,0,Thành công,CN Cầu Giấy,135749266
GD202612007557,2026-12-10 11:05:35,KH000078,Quầy giao dịch,Nhận lương,22366938,0,Thành công,CN Đà Nẵng,57415342
GD202612013685,2026-12-10 11:06:54,KH000142,Mobile Banking,Nạp tiền điện thoại,694000,0,Thành công,CN TP Hồ Chí Minh,42881312
GD202612002275,2026-12-10 11:23:46,KH000020,Quầy giao dịch,Nhận lương,61779623,0,Thành công,CN Thanh Xuân,178019972
GD202612007816,2026-12-10 11:53:47,KH000079,Quầy giao dịch,Nhận lương,30348417,0,Thành công,CN Hoàn Kiếm,33340221
GD202612010217,2026-12-10 12:02:11,KH000105,Quầy giao dịch,Nhận lương,57295956,0,Thành công,CN Đà Nẵng,566903104
GD202612009627,2026-12-10 12:09:48,KH000097,QR Code,Thanh toán hóa đơn,135000,0,Thành công,CN Hoàn Kiếm,63149
GD202612014931,2026-12-10 12:29:19,KH000158,POS,Thanh toán thẻ,4721000,5500,Thành công,CN Cần Thơ,23485219
GD202612016186,2026-12-10 13:08:33,KH000175,Quầy giao dịch,Nhận lương,9702263,0,Thành công,CN Thanh Xuân,25961425
GD202612018685,2026-12-10 13:25:13,KH000197,Quầy giao dịch,Nhận lương,64136107,0,Thành công,CN Hải Phòng,153971741
GD202612007817,2026-12-10 13:33:14,KH000079,POS,Thanh toán thẻ,1037000,3300,Thành công,CN Cần Thơ,32299921
GD202612002055,2026-12-10 14:07:49,KH000019,QR Code,Thanh toán thẻ,3177000,0,Thành công,CN Bình Dương,7158363
GD202612009228,2026-12-10 14:08:50,KH000094,QR Code,Thanh toán thẻ,342000,0,Thành công,CN TP Hồ Chí Minh,74650863
GD202612006035,2026-12-10 14:31:16,KH000061,POS,Rút tiền mặt,1223000,5500,Thành công,CN Hải Phòng,17063610
GD202612001304,2026-12-10 14:32:27,KH000014,POS,Thanh toán thẻ,13619000,0,Thành công,CN Thanh Xuân,27518110
GD202612005481,2026-12-10 14:42:04,KH000057,QR Code,Chuyển khoản đến,1869000,0,Thành công,CN Quận 1,78753072
GD202612012804,2026-12-10 15:36:38,KH000131,Internet Banking,Nộp tiền mặt,133000,0,Thành công,CN TP Hồ Chí Minh,416880
GD202612004309,2026-12-10 15:46:41,KH000043,POS,Nạp tiền điện thoại,135000,3300,Thành công,CN Cầu Giấy,114556402
GD202612016525,2026-12-10 15:53:56,KH000177,Quầy giao dịch,Nạp tiền điện thoại,15187000,1100,Thành công,CN Hải Phòng,34585722
GD202612003801,2026-12-10 16:31:19,KH000036,QR Code,Thanh toán hóa đơn,248000,0,Thành công,CN Hải Phòng,16651186
GD202612013038,2026-12-10 16:37:47,KH000132,QR Code,Chuyển khoản đến,6985000,0,Thành công,CN Cần Thơ,32520213
GD202612018236,2026-12-10 16:38:10,KH000191,Mobile Banking,Chuyển khoản đi,3633000,0,Thành công,CN Đà Nẵng,12839654
GD202612003171,2026-12-10 16:47:55,KH000028,Internet Banking,Chuyển khoản đến,1641000,0,Thành công,CN Thanh Xuân,82746785
GD202612018777,2026-12-10 17:10:43,KH000199,Quầy giao dịch,Nhận lương,48302037,0,Thành công,CN Cầu Giấy,279736284
GD202612011938,2026-12-10 17:15:14,KH000125,QR Code,Thanh toán thẻ,91000,0,Thành công,CN Hải Phòng,73036
GD202612013931,2026-12-10 17:24:17,KH000145,Quầy giao dịch,Nhận lương,11432672,0,Thành công,CN Hoàn Kiếm,133274993
GD202612006263,2026-12-10 17:25:18,KH000063,QR Code,Chuyển khoản đến,272000,0,Thành công,CN Cầu Giấy,109001413
GD202612007494,2026-12-10 18:15:35,KH000077,Quầy giao dịch,Nhận lương,8751568,0,Thành công,CN TP Hồ Chí Minh,9088797
GD202612001629,2026-12-10 18:20:25,KH000016,QR Code,Thanh toán thẻ,143000,0,Thành công,CN Bình Dương,134507
GD202612002818,2026-12-10 18:55:22,KH000025,QR Code,Rút tiền mặt,61000,0,Thành công,CN Hải Phòng,228331
GD202612017133,2026-12-10 19:04:56,KH000182,Quầy giao dịch,Nhận lương,26252148,0,Thành công,CN Đà Nẵng,26640167
GD202612009880,2026-12-10 19:05:22,KH000101,Quầy giao dịch,Thanh toán hóa đơn,5059000,3300,Thành công,CN Bình Dương,108688161
GD202612002357,2026-12-10 19:18:59,KH000021,Quầy giao dịch,Nhận lương,8231495,0,Thành công,CN Cần Thơ,97041754
GD202612008164,2026-12-10 20:02:10,KH000083,Quầy giao dịch,Nhận lương,8871678,0,Thành công,CN TP Hồ Chí Minh,107046793
GD202612004572,2026-12-10 20:02:16,KH000047,Quầy giao dịch,Nhận lương,10555986,0,Thành công,CN Hoàn Kiếm,160360470
GD202612018528,2026-12-10 20:04:18,KH000195,Internet Banking,Thanh toán thẻ,137000,0,Thành công,CN Cần Thơ,141617
GD202612007818,2026-12-10 20:16:10,KH000079,Mobile Banking,Nạp tiền điện thoại,3273000,0,Thành công,CN Thanh Xuân,29026921
GD202612013684,2026-12-10 20:30:56,KH000142,POS,Thanh toán thẻ,18390000,3300,Thành công,CN Bình Dương,43575312
GD202612014595,2026-12-10 22:38:51,KH000153,QR Code,Nộp tiền mặt,131000,0,Thành công,CN Cầu Giấy,361541
GD202612012806,2026-12-11 06:11:38,KH000131,POS,Thanh toán thẻ,127000,5500,Thành công,CN Hải Phòng,429380
GD202612008081,2026-12-11 06:18:34,KH000082,POS,Thanh toán thẻ,4614000,3300,Thành công,CN Bình Dương,12169543
GD202612010773,2026-12-11 06:24:08,KH000113,POS,Rút tiền mặt,1214000,1100,Thành công,CN TP Hồ Chí Minh,17361208
GD202612005704,2026-12-11 06:45:29,KH000059,Internet Banking,Nạp tiền điện thoại,7666000,0,Thành công,CN Bình Dương,83346548
GD202612006609,2026-12-11 06:57:29,KH000066,QR Code,Thanh toán thẻ,1915000,0,Thành công,CN Hải Phòng,152860647
GD202612003748,2026-12-11 07:43:13,KH000034,QR Code,Chuyển khoản đi,890000,0,Thành công,CN Quận 1,48971504
GD202612016857,2026-12-11 07:47:07,KH000181,Internet Banking,Nộp tiền mặt,51000,0,Thành công,CN Quận 1,226620
GD202612007143,2026-12-11 08:31:58,KH000074,POS,Thanh toán thẻ,1423000,5500,Thành công,CN Cần Thơ,40955525
GD202612002819,2026-12-11 08:44:25,KH000025,POS,Thanh toán thẻ,92000,3300,Thành công,CN Cần Thơ,133031
GD202612002564,2026-12-11 08:56:45,KH000024,QR Code,Thanh toán thẻ,168000,0,Thành công,CN Thanh Xuân,145219281
GD202612010179,2026-12-11 09:14:23,KH000104,QR Code,Chuyển khoản đi,2210000,0,Thành công,CN Đà Nẵng,6159980
GD202612016730,2026-12-11 09:33:39,KH000180,POS,Thanh toán thẻ,1990000,1100,Thành công,CN Hoàn Kiếm,86202614
GD202612018237,2026-12-11 10:11:21,KH000191,Internet Banking,Thanh toán thẻ,4447000,0,Thành công,CN Bình Dương,8392654
GD202612000865,2026-12-11 10:13:45,KH000011,ATM,Rút tiền mặt,76000,1100,Thành công,CN Hoàn Kiếm,130563275
GD202612016415,2026-12-11 10:22:58,KH000176,POS,Thanh toán thẻ,140000,5500,Thành công,CN Quận 1,84072164
GD202612016033,2026-12-11 11:57:12,KH000172,QR Code,Rút tiền mặt,3009000,0,Thành công,CN Hoàn Kiếm,9652771
GD202612016414,2026-12-11 12:30:04,KH000176,QR Code,Rút tiền mặt,768000,0,Thành công,CN Hoàn Kiếm,84217664
GD202612007819,2026-12-11 12:46:37,KH000079,Mobile Banking,Thanh toán thẻ,4771000,0,Thành công,CN Cầu Giấy,24255921
GD202612017458,2026-12-11 13:07:20,KH000183,Mobile Banking,Chuyển khoản đi,24481000,0,Thành công,CN Hải Phòng,75177113
GD202612007558,2026-12-11 13:09:56,KH000078,POS,Chuyển khoản đi,14906000,1100,Thành công,CN Thanh Xuân,42508242
GD202612003366,2026-12-11 13:21:25,KH000031,Internet Banking,Thanh toán thẻ,65000,0,Thành công,CN Thanh Xuân,111703
GD202612015052,2026-12-11 13:34:30,KH000161,POS,Thanh toán thẻ,5785000,5500,Thành công,CN Bình Dương,29279763
GD202612008082,2026-12-11 13:47:30,KH000082,Mobile Banking,Rút tiền mặt,1600000,0,Thành công,CN Hoàn Kiếm,10569543
GD202612004573,2026-12-11 13:48:43,KH000047,ATM,Chuyển khoản đi,2490000,5500,Thành công,CN Cần Thơ,157864970
GD202612014596,2026-12-11 14:15:09,KH000153,Mobile Banking,Nộp tiền mặt,177000,0,Thành công,CN Đà Nẵng,538541
GD202612007142,2026-12-11 14:23:57,KH000074,POS,Thanh toán thẻ,563000,0,Thành công,CN Bình Dương,42384025
GD202612011939,2026-12-11 14:29:24,KH000125,Internet Banking,Nạp tiền điện thoại,114000,0,Thành công,CN Quận 1,130036
GD202612016034,2026-12-11 14:34:01,KH000172,POS,Thanh toán thẻ,994000,5500,Thành công,CN Đà Nẵng,8653271
GD202612012805,2026-12-11 14:56:34,KH000131,Mobile Banking,Nộp tiền mặt,145000,0,Thành công,CN Quận 1,561880
GD202612002993,2026-12-11 15:07:25,KH000027,Internet Banking,Thanh toán hóa đơn,5997000,0,Thành công,CN Hải Phòng,23388418
GD202612001305,2026-12-11 15:13:51,KH000014,QR Code,Thanh toán hóa đơn,6474000,0,Thành công,CN Quận 1,21044110
GD202612006037,2026-12-11 15:31:18,KH000061,POS,Thanh toán thẻ,2199000,5500,Thành công,CN Hoàn Kiếm,13331010
GD202612000752,2026-12-11 16:06:12,KH000010,POS,Thanh toán thẻ,4771000,3300,Thành công,CN Đà Nẵng,10232442
GD202612008083,2026-12-11 16:18:38,KH000082,POS,Thanh toán thẻ,3022000,5500,Thành công,CN Quận 1,7542043
GD202612017134,2026-12-11 16:21:23,KH000182,QR Code,Nộp tiền mặt,7894000,0,Thành công,CN Bình Dương,34534167
GD202612018238,2026-12-11 16:59:02,KH000191,QR Code,Thanh toán thẻ,1678000,0,Thành công,CN Bình Dương,6714654
GD202612014090,2026-12-11 17:09:56,KH000148,Mobile Banking,Thanh toán hóa đơn,201000,0,Thành công,CN Bình Dương,109559329
GD202612002358,2026-12-11 18:05:26,KH000021,ATM,Nộp tiền mặt,295000,5500,Thành công,CN Đà Nẵng,97336754
GD202612010542,2026-12-11 18:07:25,KH000110,Mobile Banking,Thanh toán thẻ,3415000,0,Thành công,CN Thanh Xuân,60373919
GD202612011266,2026-12-11 18:11:12,KH000118,ATM,Thanh toán hóa đơn,2292000,1100,Thành công,CN Cần Thơ,19640118
GD202612018529,2026-12-11 18:16:55,KH000195,Internet Banking,Nộp tiền mặt,108000,0,Thành công,CN Hoàn Kiếm,249617
GD202612007141,2026-12-11 18:25:32,KH000074,QR Code,Nộp tiền mặt,1789000,0,Thành công,CN Cần Thơ,42947025
GD202612008410,2026-12-11 19:11:09,KH000084,Mobile Banking,Chuyển khoản đến,1755000,0,Thành công,CN Cần Thơ,13644852
GD202612005482,2026-12-11 19:19:05,KH000057,POS,Thanh toán thẻ,21799000,5500,Thành công,CN Đà Nẵng,56948572
GD202612002056,2026-12-11 19:32:57,KH000019,Internet Banking,Nộp tiền mặt,180000,0,Thành công,CN Hoàn Kiếm,7338363
GD202612009229,2026-12-11 19:45:12,KH000094,POS,Thanh toán thẻ,2193000,3300,Thành công,CN Cầu Giấy,72454563
GD202612011142,2026-12-11 19:49:26,KH000117,Internet Banking,Chuyển khoản đến,448000,0,Thành công,CN Hải Phòng,136197266
GD202612013686,2026-12-11 20:40:30,KH000142,POS,Nộp tiền mặt,4173000,0,Thành công,CN Đà Nẵng,47054312
GD202612000550,2026-12-11 20:59:03,KH000009,Mobile Banking,Rút tiền mặt,1330000,0,Thành công,CN TP Hồ Chí Minh,48918227
GD202612000506,2026-12-11 21:07:45,KH000008,POS,Thanh toán thẻ,3052000,1100,Thành công,CN Hải Phòng,21501801
GD202612012355,2026-12-11 21:31:36,KH000128,QR Code,Thanh toán thẻ,320000,0,Thành công,CN Đà Nẵng,94310943
GD202612011143,2026-12-11 22:29:10,KH000117,Mobile Banking,Nộp tiền mặt,243000,0,Thành công,CN Bình Dương,136440266
GD202612003367,2026-12-12 06:21:57,KH000031,QR Code,Rút tiền mặt,176000,0,Thành công,CN Quận 1,199703
GD202612005371,2026-12-12 06:32:28,KH000056,Internet Banking,Thanh toán thẻ,639000,0,Thành công,CN Thanh Xuân,116129790
GD202612003802,2026-12-12 06:34:30,KH000036,POS,Thanh toán thẻ,945000,1100,Thành công,CN Thanh Xuân,15705086
GD202612013951,2026-12-12 08:19:53,KH000146,QR Code,Thanh toán thẻ,10579000,0,Thành công,CN Bình Dương,43432547
GD202612005084,2026-12-12 09:10:18,KH000052,Mobile Banking,Thanh toán thẻ,156000,0,Thành công,CN Quận 1,134006
GD202612010180,2026-12-12 09:16:27,KH000104,QR Code,Chuyển khoản đến,277000,0,Thành công,CN Hải Phòng,6436980
GD202612006038,2026-12-12 09:50:36,KH000061,POS,Thanh toán thẻ,2076000,3300,Thành công,CN Hoàn Kiếm,11251710
GD202612005722,2026-12-12 10:32:50,KH000060,ATM,Nộp tiền mặt,483000,3300,Thành công,CN Bình Dương,27682914
GD202612010631,2026-12-12 10:37:55,KH000111,POS,Nạp tiền điện thoại,9747000,0,Thành công,CN Đà Nẵng,81151157
GD202612011267,2026-12-12 10:48:22,KH000118,QR Code,Thanh toán thẻ,201000,0,Thành công,CN TP Hồ Chí Minh,19439118
GD202612018686,2026-12-12 11:18:31,KH000197,QR Code,Chuyển khoản đến,37267000,0,Thành công,CN Hoàn Kiếm,191238741
GD202612012230,2026-12-12 11:30:55,KH000127,POS,Thanh toán thẻ,1067000,1100,Thành công,CN Cần Thơ,19692227
GD202612012534,2026-12-12 11:47:53,KH000130,Internet Banking,Nạp tiền điện thoại,4789000,0,Thành công,CN Cần Thơ,42765075
GD202612008953,2026-12-12 12:04:38,KH000092,QR Code,Thanh toán thẻ,2468000,0,Thành công,CN Cầu Giấy,10132360
GD202612014259,2026-12-12 12:55:01,KH000151,Internet Banking,Nạp tiền điện thoại,79000,0,Thành công,CN Hải Phòng,128216
GD202612000753,2026-12-12 13:00:02,KH000010,Mobile Banking,Rút tiền mặt,1566000,0,Thành công,CN TP Hồ Chí Minh,8666442
GD202612011500,2026-12-12 13:01:56,KH000119,Mobile Banking,Nạp tiền điện thoại,60000,0,Thành công,CN Cần Thơ,86637409
GD202612009456,2026-12-12 13:02:57,KH000096,Mobile Banking,Thanh toán thẻ,1031000,0,Thành công,CN Hải Phòng,23290081
GD202612011501,2026-12-12 13:13:24,KH000119,Mobile Banking,Chuyển khoản đi,59000,0,Thành công,CN Thanh Xuân,86578409
GD202612016083,2026-12-12 13:40:49,KH000173,Quầy giao dịch,Chuyển khoản đi,235000,5500,Thành công,CN Bình Dương,632368
GD202612018239,2026-12-12 14:13:44,KH000191,QR Code,Nộp tiền mặt,857000,0,Thành công,CN Cầu Giấy,7571654
GD202612005370,2026-12-12 14:14:38,KH000056,POS,Thanh toán thẻ,808000,1100,Thành công,CN Bình Dương,116768790
GD202612013932,2026-12-12 14:30:02,KH000145,QR Code,Thanh toán thẻ,292000,0,Thành công,CN Cầu Giấy,132982993
GD202612009794,2026-12-12 14:41:14,KH000099,Internet Banking,Thanh toán thẻ,143000,0,Thành công,CN TP Hồ Chí Minh,71547311
GD202612006039,2026-12-12 15:18:42,KH000061,QR Code,Chuyển khoản đi,1656000,0,Thành công,CN Thanh Xuân,9595710
GD202612003172,2026-12-12 15:42:37,KH000028,QR Code,Rút tiền mặt,1107000,0,Thành công,CN Thanh Xuân,81639785
GD202612014598,2026-12-12 15:49:42,KH000153,QR Code,Chuyển khoản đi,79000,0,Thành công,CN TP Hồ Chí Minh,376541
GD202612005483,2026-12-12 16:10:42,KH000057,ATM,Thanh toán hóa đơn,2251000,0,Thành công,CN Thanh Xuân,54697572
GD202612016860,2026-12-12 16:37:01,KH000181,Mobile Banking,Rút tiền mặt,75000,0,Thành công,CN Thanh Xuân,146120
GD202612009230,2026-12-12 16:58:51,KH000094,ATM,Nạp tiền điện thoại,1869000,5500,Thành công,CN Quận 1,70580063
GD202612006265,2026-12-12 16:59:03,KH000063,Internet Banking,Thanh toán thẻ,804000,0,Thành công,CN Thanh Xuân,107958413
GD202612016035,2026-12-12 17:21:06,KH000172,Internet Banking,Thanh toán thẻ,117000,0,Thành công,CN Quận 1,8536271
GD202612005705,2026-12-12 17:35:46,KH000059,Mobile Banking,Thanh toán thẻ,12378000,0,Thành công,CN Hải Phòng,70968548
GD202612017814,2026-12-12 17:37:58,KH000187,Internet Banking,Chuyển khoản đến,670000,0,Thành công,CN Đà Nẵng,26059780
GD202612016858,2026-12-12 17:41:53,KH000181,POS,Thanh toán thẻ,154000,5500,Thành công,CN Bình Dương,67120
GD202612016859,2026-12-12 17:52:31,KH000181,POS,Thanh toán hóa đơn,83000,0,Thành công,CN Quận 1,108620
GD202612001630,2026-12-12 18:17:14,KH000016,Internet Banking,Thanh toán thẻ,51000,0,Thành công,CN Cần Thơ,83507
GD202612006610,2026-12-12 18:18:44,KH000066,POS,Nạp tiền điện thoại,3514000,3300,Thành công,CN Hải Phòng,149343347
GD202612017135,2026-12-12 18:19:58,KH000182,Mobile Banking,Nộp tiền mặt,5818000,0,Thành công,CN Đà Nẵng,40352167
GD202612007821,2026-12-12 18:28:51,KH000079,QR Code,Nộp tiền mặt,2900000,0,Thành công,CN Hải Phòng,26112921
GD202612014597,2026-12-12 18:39:22,KH000153,Mobile Banking,Thanh toán thẻ,83000,0,Thành công,CN Hải Phòng,455541
GD202612000507,2026-12-12 19:00:35,KH000008,Mobile Banking,Chuyển khoản đến,3795000,0,Thành công,CN Đà Nẵng,25296801
GD202612007820,2026-12-12 19:17:45,KH000079,Internet Banking,Thanh toán thẻ,1043000,0,Thành công,CN Hoàn Kiếm,23212921
GD202612011545,2026-12-12 19:23:44,KH000120,Internet Banking,Thanh toán thẻ,134000,0,Thành công,CN Cần Thơ,64424361
GD202612017459,2026-12-12 19:52:23,KH000183,QR Code,Nộp tiền mặt,16279000,0,Thành công,CN Bình Dương,91456113
GD202612006264,2026-12-12 20:10:09,KH000063,Mobile Banking,Nạp tiền điện thoại,239000,0,Thành công,CN Cần Thơ,108762413
GD202612004730,2026-12-12 21:03:22,KH000050,QR Code,Chuyển khoản đến,5306000,0,Thành công,CN Quận 1,41733243
GD202612004310,2026-12-12 21:34:08,KH000043,Quầy giao dịch,Nạp tiền điện thoại,293000,3300,Thành công,CN Hải Phòng,114260102
GD202612008639,2026-12-12 21:56:34,KH000087,Internet Banking,Thanh toán hóa đơn,54000,0,Thành công,CN Bình Dương,181326
GD202612011940,2026-12-12 22:36:18,KH000125,Mobile Banking,Thanh toán thẻ,151000,0,Thành công,CN TP Hồ Chí Minh,205536
GD202612008411,2026-12-12 22:56:03,KH000084,ATM,Rút tiền mặt,61000,3300,Thành công,CN Bình Dương,13580552
GD202612006043,2026-12-13 06:43:31,KH000061,Mobile Banking,Thanh toán thẻ,556000,0,Thành công,CN Hải Phòng,8555210
GD202612002396,2026-12-13 06:50:47,KH000022,Internet Banking,Nạp tiền điện thoại,4240000,0,Thành công,CN Thanh Xuân,44766778
GD202612008412,2026-12-13 07:13:35,KH000084,QR Code,Chuyển khoản đến,2526000,0,Thành công,CN Hoàn Kiếm,16106552
GD202612017585,2026-12-13 07:45:17,KH000185,Mobile Banking,Nạp tiền điện thoại,5684000,0,Thành công,CN Hải Phòng,96790283
GD202612015053,2026-12-13 08:38:42,KH000161,POS,Thanh toán thẻ,9714000,5500,Thành công,CN Hải Phòng,19560263
GD202612002820,2026-12-13 08:58:36,KH000025,Internet Banking,Thanh toán thẻ,65000,0,Thành công,CN Cần Thơ,68031
GD202612007823,2026-12-13 09:08:33,KH000079,Internet Banking,Chuyển khoản đi,5515000,0,Thành công,CN Cầu Giấy,13519921
GD202612017460,2026-12-13 09:18:44,KH000183,QR Code,Chuyển khoản đi,20333000,0,Thành công,CN Đà Nẵng,71123113
GD202612010181,2026-12-13 09:22:31,KH000104,ATM,Chuyển khoản đi,1205000,3300,Thành công,CN Cầu Giấy,5228680
GD202612000866,2026-12-13 09:40:13,KH000011,POS,Thanh toán thẻ,3371000,1100,Thành công,CN Cầu Giấy,127191175
GD202612007497,2026-12-13 10:11:53,KH000077,QR Code,Chuyển khoản đi,1560000,0,Thành công,CN Bình Dương,10296797
GD202612010889,2026-12-13 10:24:09,KH000114,Mobile Banking,Chuyển khoản đến,2333000,0,Thành công,CN Hoàn Kiếm,97990150
GD202612006041,2026-12-13 10:33:01,KH000061,Mobile Banking,Thanh toán thẻ,60000,0,Thành công,CN TP Hồ Chí Minh,11322710
GD202612011144,2026-12-13 11:03:29,KH000117,POS,Chuyển khoản đi,357000,3300,Thành công,CN Quận 1,136079966
GD202612002276,2026-12-13 11:19:01,KH000020,POS,Thanh toán thẻ,32931000,3300,Thành công,CN Hoàn Kiếm,145085672
GD202612014091,2026-12-13 12:08:34,KH000148,Internet Banking,Chuyển khoản đến,592000,0,Thành công,CN Cần Thơ,110151329
GD202612008640,2026-12-13 12:10:03,KH000087,POS,Thanh toán thẻ,108000,5500,Thành công,CN Cầu Giấy,67826
GD202612004266,2026-12-13 12:16:59,KH000042,Quầy giao dịch,Nộp tiền mặt,1881000,5500,Thành công,CN Quận 1,45702292
GD202612014260,2026-12-13 13:00:33,KH000151,Internet Banking,Thanh toán thẻ,163000,0,Thành công,CN Hải Phòng,209716
GD202612010632,2026-12-13 13:01:22,KH000111,Internet Banking,Thanh toán thẻ,27675000,0,Thành công,CN Hải Phòng,53476157
GD202612017966,2026-12-13 13:17:56,KH000189,Mobile Banking,Chuyển khoản đi,7516000,0,Thành công,CN Hoàn Kiếm,241633424
GD202612007498,2026-12-13 13:49:27,KH000077,POS,Thanh toán thẻ,1480000,1100,Thành công,CN Đà Nẵng,8815697
GD202612003496,2026-12-13 14:11:26,KH000032,Internet Banking,Chuyển khoản đến,97000,0,Thành công,CN Quận 1,135249986
GD202612004779,2026-12-13 15:10:16,KH000051,ATM,Thanh toán hóa đơn,168000,1100,Thành công,CN Bình Dương,133356
GD202612011546,2026-12-13 15:34:18,KH000120,ATM,Chuyển khoản đến,483000,5500,Thành công,CN Đà Nẵng,64907361
GD202612011268,2026-12-13 15:42:03,KH000118,ATM,Thanh toán hóa đơn,6385000,0,Thành công,CN Hoàn Kiếm,13054118
GD202612003803,2026-12-13 16:22:21,KH000036,Mobile Banking,Chuyển khoản đến,404000,0,Thành công,CN Quận 1,16109086
GD202612006042,2026-12-13 16:50:47,KH000061,POS,Thanh toán thẻ,2206000,5500,Thành công,CN TP Hồ Chí Minh,9111210
GD202612015844,2026-12-13 17:35:34,KH000171,ATM,Thanh toán hóa đơn,184000,3300,Thành công,CN Hoàn Kiếm,241051
GD202612001631,2026-12-13 17:56:38,KH000016,POS,Thanh toán thẻ,58000,0,Thành công,CN Cần Thơ,112507
GD202612012231,2026-12-13 18:20:29,KH000127,QR Code,Rút tiền mặt,1438000,0,Thành công,CN TP Hồ Chí Minh,18254227
GD202612006299,2026-12-13 18:34:20,KH000064,POS,Rút tiền mặt,197000,3300,Thành công,CN Cầu Giấy,906631
GD202612003953,2026-12-13 18:56:30,KH000038,POS,Thanh toán thẻ,4179000,5500,Thành công,CN Quận 1,119939514
GD202612009457,2026-12-13 19:03:17,KH000096,Internet Banking,Thanh toán thẻ,1237000,0,Thất bại,CN Hải Phòng,23290081
GD202612018240,2026-12-13 19:20:06,KH000191,POS,Thanh toán thẻ,2299000,3300,Thành công,CN Cầu Giấy,5269354
GD202612017967,2026-12-13 19:52:51,KH000189,Mobile Banking,Thanh toán thẻ,11403000,0,Thành công,CN Bình Dương,230230424
GD202612004635,2026-12-13 19:58:02,KH000049,Mobile Banking,Chuyển khoản đến,2012000,0,Thành công,CN TP Hồ Chí Minh,36827355
GD202612008954,2026-12-13 20:21:30,KH000092,Mobile Banking,Thanh toán thẻ,453000,0,Thành công,CN TP Hồ Chí Minh,9679360
GD202612006040,2026-12-13 20:27:25,KH000061,Internet Banking,Chuyển khoản đến,1787000,0,Thành công,CN Hải Phòng,11382710
GD202612007822,2026-12-13 21:05:32,KH000079,QR Code,Thanh toán hóa đơn,7078000,0,Thành công,CN Hoàn Kiếm,19034921
GD202612018530,2026-12-13 21:09:58,KH000195,QR Code,Rút tiền mặt,153000,0,Thành công,CN Hải Phòng,96617
GD202612010888,2026-12-13 21:22:45,KH000114,Mobile Banking,Thanh toán hóa đơn,2309000,0,Thành công,CN TP Hồ Chí Minh,95657150
GD202612011502,2026-12-13 21:47:26,KH000119,POS,Nộp tiền mặt,122000,3300,Thành công,CN TP Hồ Chí Minh,86700409
GD202612012535,2026-12-13 21:47:40,KH000130,Mobile Banking,Thanh toán thẻ,2379000,0,Thành công,CN Cần Thơ,40386075
GD202612010979,2026-12-13 21:55:50,KH000115,POS,Thanh toán thẻ,3060000,5500,Thành công,CN Cầu Giấy,56122379
GD202612015245,2026-12-13 22:10:34,KH000162,Mobile Banking,Nạp tiền điện thoại,58000,0,Thành công,CN Quận 1,118603
GD202612006044,2026-12-13 22:13:17,KH000061,Internet Banking,Thanh toán thẻ,1475000,0,Thành công,CN Cần Thơ,7080210
GD202612009231,2026-12-13 22:55:21,KH000094,QR Code,Thanh toán thẻ,1154000,0,Thành công,CN Hải Phòng,69426063
GD202612006514,2026-12-14 06:40:59,KH000065,Internet Banking,Chuyển khoản đi,6963000,0,Thành công,CN TP Hồ Chí Minh,61622211
GD202612001765,2026-12-14 07:51:59,KH000018,QR Code,Thanh toán thẻ,1186000,0,Thành công,CN TP Hồ Chí Minh,95334489
GD202612016861,2026-12-14 07:58:08,KH000181,Internet Banking,Thanh toán thẻ,142000,0,Thành công,CN Bình Dương,217120
GD202612000508,2026-12-14 08:45:50,KH000008,QR Code,Chuyển khoản đến,107000,0,Thành công,CN Hải Phòng,25403801
GD202612013952,2026-12-14 08:53:58,KH000146,ATM,Nộp tiền mặt,12254000,3300,Thành công,CN Cần Thơ,55686547
GD202612011624,2026-12-14 10:10:04,KH000122,Internet Banking,Thanh toán thẻ,5033000,0,Thành công,CN Quận 1,49779366
GD202612004636,2026-12-14 10:42:43,KH000049,QR Code,Thanh toán thẻ,3153000,0,Thành công,CN Hoàn Kiếm,33674355
GD202612002277,2026-12-14 10:47:30,KH000020,Internet Banking,Chuyển khoản đi,17325000,0,Thất bại,CN TP Hồ Chí Minh,145085672
GD202612006087,2026-12-14 11:35:36,KH000062,POS,Thanh toán thẻ,2099000,5500,Thành công,CN Hoàn Kiếm,6930124
GD202612010543,2026-12-14 11:53:39,KH000110,QR Code,Nộp tiền mặt,440000,0,Thành công,CN Hải Phòng,60813919
GD202612011503,2026-12-14 12:53:22,KH000119,POS,Thanh toán thẻ,104000,5500,Thành công,CN Hoàn Kiếm,86590909
GD202612005085,2026-12-14 13:00:22,KH000052,POS,Thanh toán thẻ,113000,1100,Thành công,CN Hoàn Kiếm,189406
GD202612017816,2026-12-14 13:13:32,KH000187,Internet Banking,Chuyển khoản đến,3281000,0,Thành công,CN Cần Thơ,27942780
GD202612002057,2026-12-14 13:13:50,KH000019,POS,Nộp tiền mặt,1579000,3300,Thành công,CN TP Hồ Chí Minh,8917363
GD202612012356,2026-12-14 13:24:12,KH000128,ATM,Thanh toán hóa đơn,462000,1100,Thành công,CN Quận 1,93847843
GD202612017461,2026-12-14 13:39:34,KH000183,Internet Banking,Chuyển khoản đến,19512000,0,Thành công,CN Đà Nẵng,90635113
GD202612009232,2026-12-14 13:41:55,KH000094,QR Code,Thanh toán thẻ,801000,0,Thành công,CN Hải Phòng,68625063
GD202612018241,2026-12-14 14:03:08,KH000191,QR Code,Nạp tiền điện thoại,1703000,0,Thành công,CN Cầu Giấy,3566354
GD202612007824,2026-12-14 14:21:23,KH000079,Mobile Banking,Nộp tiền mặt,2146000,0,Thành công,CN Hoàn Kiếm,15665921
GD202612001766,2026-12-14 14:23:11,KH000018,Internet Banking,Thanh toán hóa đơn,579000,0,Thành công,CN Cần Thơ,94755489
GD202612012232,2026-12-14 14:36:47,KH000127,QR Code,Rút tiền mặt,2251000,0,Thành công,CN Quận 1,16003227
GD202612008448,2026-12-14 14:59:24,KH000085,POS,Chuyển khoản đến,787000,0,Thành công,CN Quận 1,3052589
GD202612007925,2026-12-14 15:48:50,KH000081,Mobile Banking,Nộp tiền mặt,64314000,0,Thành công,CN Hải Phòng,586335260
GD202612002278,2026-12-14 16:28:09,KH000020,QR Code,Nạp tiền điện thoại,46943000,0,Thành công,CN Hoàn Kiếm,98142672
GD202612009233,2026-12-14 16:35:25,KH000094,QR Code,Thanh toán thẻ,2069000,0,Thành công,CN Đà Nẵng,66556063
GD202612009458,2026-12-14 16:48:05,KH000096,Internet Banking,Thanh toán thẻ,2750000,0,Thành công,CN Thanh Xuân,20540081
GD202612002508,2026-12-14 17:48:44,KH000023,Mobile Banking,Thanh toán hóa đơn,3821000,0,Thành công,CN Cần Thơ,26886936
GD202612002397,2026-12-14 17:59:07,KH000022,Internet Banking,Nộp tiền mặt,2885000,0,Thành công,CN Đà Nẵng,47651778
GD202612002821,2026-12-14 18:27:58,KH000025,QR Code,Thanh toán hóa đơn,82000,0,Thành công,CN Cần Thơ,109031
GD202612013239,2026-12-14 19:09:54,KH000136,Internet Banking,Nạp tiền điện thoại,15701000,0,Thành công,CN Thanh Xuân,30124501
GD202612017815,2026-12-14 19:51:56,KH000187,Internet Banking,Thanh toán thẻ,1398000,0,Thành công,CN TP Hồ Chí Minh,24661780
GD202612001632,2026-12-14 20:03:32,KH000016,Mobile Banking,Chuyển khoản đến,151000,0,Thành công,CN TP Hồ Chí Minh,263507
GD202612017968,2026-12-14 20:46:04,KH000189,QR Code,Nạp tiền điện thoại,52884000,0,Thành công,CN Cần Thơ,177346424
GD202612005086,2026-12-14 20:52:31,KH000052,Mobile Banking,Nạp tiền điện thoại,154000,0,Thành công,CN Quận 1,266406
GD202612017136,2026-12-14 21:13:47,KH000182,QR Code,Thanh toán thẻ,3974000,0,Thành công,CN Cầu Giấy,36378167
GD202612003804,2026-12-14 21:28:40,KH000036,POS,Thanh toán thẻ,1130000,1100,Thành công,CN Hoàn Kiếm,14977986
GD202612003805,2026-12-14 22:09:18,KH000036,Internet Banking,Chuyển khoản đến,2117000,0,Thành công,CN Hoàn Kiếm,17094986
GD202612015845,2026-12-14 22:20:09,KH000171,POS,Thanh toán thẻ,113000,1100,Thành công,CN Cầu Giấy,126951
GD202612008414,2026-12-15 06:13:52,KH000084,Internet Banking,Thanh toán hóa đơn,2196000,0,Thành công,CN Quận 1,15500552
GD202612018778,2026-12-15 06:15:33,KH000199,ATM,Thanh toán hóa đơn,32233000,5500,Thành công,CN Hoàn Kiếm,247497784
GD202612011547,2026-12-15 06:58:45,KH000120,Mobile Banking,Thanh toán thẻ,356000,0,Thành công,CN Bình Dương,64551361
GD202612008413,2026-12-15 07:00:47,KH000084,Mobile Banking,Nộp tiền mặt,1590000,0,Thành công,CN Cầu Giấy,17696552
GD202612012536,2026-12-15 07:01:02,KH000130,POS,Thanh toán thẻ,3666000,0,Thành công,CN Cầu Giấy,36720075
GD202612015247,2026-12-15 07:04:23,KH000162,POS,Thanh toán thẻ,170000,0,Thành công,CN Cần Thơ,299103
GD202612005484,2026-12-15 08:06:49,KH000057,POS,Thanh toán thẻ,5004000,3300,Thành công,CN Thanh Xuân,49690272
GD202612009234,2026-12-15 08:58:18,KH000094,QR Code,Nộp tiền mặt,2154000,0,Thành công,CN Hoàn Kiếm,68710063
GD202612006655,2026-12-15 09:23:21,KH000067,POS,Thanh toán thẻ,107000,3300,Thành công,CN Cầu Giấy,519999
GD202612017817,2026-12-15 10:32:37,KH000187,QR Code,Thanh toán thẻ,5066000,0,Thành công,CN Cần Thơ,22876780
GD202612000754,2026-12-15 11:16:28,KH000010,Internet Banking,Rút tiền mặt,1855000,0,Thành công,CN Thanh Xuân,6811442
GD202612011269,2026-12-15 13:07:06,KH000118,POS,Thanh toán thẻ,4009000,3300,Thành công,CN Bình Dương,9041818
GD202612003789,2026-12-15 13:53:44,KH000035,POS,Nộp tiền mặt,724000,3300,Thành công,CN Cầu Giấy,2985655
GD202612002359,2026-12-15 14:03:10,KH000021,POS,Thanh toán thẻ,1013000,5500,Thành công,CN Thanh Xuân,96318254
GD202612016187,2026-12-15 14:44:32,KH000175,ATM,Chuyển khoản đến,4631000,0,Thành công,CN Thanh Xuân,30592425
GD202612008415,2026-12-15 15:00:23,KH000084,Quầy giao dịch,Thanh toán hóa đơn,2119000,1100,Thành công,CN Quận 1,13380452
GD202612009628,2026-12-15 15:17:29,KH000097,POS,Thanh toán thẻ,182000,1100,Thành công,CN Quận 1,153049
GD202612004637,2026-12-15 17:20:46,KH000049,Internet Banking,Nạp tiền điện thoại,1831000,0,Thành công,CN Hoàn Kiếm,31843355
GD202612006515,2026-12-15 17:24:19,KH000065,Internet Banking,Chuyển khoản đến,21019000,0,Thành công,CN Cầu Giấy,82641211
GD202612015246,2026-12-15 17:53:46,KH000162,POS,Thanh toán thẻ,191000,0,Thành công,CN Thanh Xuân,214103
GD202612007145,2026-12-15 17:53:55,KH000074,POS,Nạp tiền điện thoại,791000,3300,Thành công,CN Quận 1,39970225
GD202612016526,2026-12-15 17:58:44,KH000177,POS,Thanh toán thẻ,10783000,0,Thành công,CN TP Hồ Chí Minh,23802722
GD202612007144,2026-12-15 20:20:49,KH000074,Mobile Banking,Thanh toán thẻ,191000,0,Thành công,CN Cần Thơ,40764525
GD202612006266,2026-12-15 20:20:56,KH000063,POS,Thanh toán thẻ,591000,1100,Thành công,CN Cần Thơ,107366313
GD202612008416,2026-12-15 20:54:09,KH000084,Internet Banking,Chuyển khoản đến,1263000,0,Thành công,CN TP Hồ Chí Minh,14643452
GD202612011145,2026-12-15 21:20:29,KH000117,POS,Thanh toán thẻ,251000,1100,Thành công,CN Hải Phòng,135827866
GD202612001306,2026-12-15 21:32:55,KH000014,ATM,Chuyển khoản đến,2412000,5500,Thành công,CN Hoàn Kiếm,23456110
GD202612011146,2026-12-15 21:59:41,KH000117,Mobile Banking,Thanh toán thẻ,240000,0,Thành công,CN Thanh Xuân,135587866
GD202612014092,2026-12-15 22:15:53,KH000148,QR Code,Nạp tiền điện thoại,673000,0,Thành công,CN Thanh Xuân,109478329
GD202612016416,2026-12-15 22:22:10,KH000176,POS,Thanh toán thẻ,1094000,3300,Thành công,CN Quận 1,82974864
GD202612002994,2026-12-15 22:22:22,KH000027,POS,Thanh toán hóa đơn,3350000,1100,Thành công,CN Đà Nẵng,20037318
GD202612007825,2026-12-15 22:51:04,KH000079,QR Code,Rút tiền mặt,4476000,0,Thành công,CN Cần Thơ,11189921
GD202612003749,2026-12-16 06:02:33,KH000034,POS,Thanh toán thẻ,2634000,3300,Thành công,CN Thanh Xuân,46334204
GD202612005723,2026-12-16 06:51:36,KH000060,POS,Thanh toán thẻ,1169000,0,Thành công,CN Bình Dương,26513914
GD202612004500,2026-12-16 07:01:47,KH000045,POS,Thanh toán thẻ,457000,1100,Thành công,CN Cần Thơ,74135457
GD202612017819,2026-12-16 07:13:42,KH000187,Internet Banking,Rút tiền mặt,2309000,0,Thành công,CN Cần Thơ,14761780
GD202612018308,2026-12-16 07:22:54,KH000193,POS,Chuyển khoản đến,72634000,5500,Thành công,CN Hải Phòng,395349105
GD202612015023,2026-12-16 07:57:48,KH000160,ATM,Chuyển khoản đi,4349000,0,Thành công,CN Cầu Giấy,136566455
GD202612006656,2026-12-16 08:33:50,KH000067,Quầy giao dịch,Chuyển khoản đi,199000,5500,Thành công,CN TP Hồ Chí Minh,315499
GD202612014966,2026-12-16 08:45:23,KH000159,Internet Banking,Chuyển khoản đi,14002000,0,Thất bại,CN Thanh Xuân,67684302
GD202612016418,2026-12-16 09:35:39,KH000176,POS,Thanh toán thẻ,401000,5500,Thành công,CN Cầu Giấy,81957364
GD202612000232,2026-12-16 10:00:20,KH000005,POS,Thanh toán thẻ,69000,3300,Thành công,CN Cầu Giấy,290830
GD202612016417,2026-12-16 10:25:54,KH000176,Internet Banking,Thanh toán hóa đơn,611000,0,Thành công,CN Cần Thơ,82363864
GD202612010890,2026-12-16 10:40:27,KH000114,Mobile Banking,Thanh toán thẻ,73000,0,Thành công,CN Cần Thơ,97917150
GD202612017818,2026-12-16 10:47:28,KH000187,Internet Banking,Rút tiền mặt,5806000,0,Thành công,CN Cần Thơ,17070780
GD202612003497,2026-12-16 11:49:28,KH000032,Internet Banking,Thanh toán thẻ,171000,0,Thành công,CN Hoàn Kiếm,135078986
GD202612017462,2026-12-16 11:52:52,KH000183,Mobile Banking,Chuyển khoản đến,19631000,0,Thành công,CN Đà Nẵng,110266113
GD202612002279,2026-12-16 12:13:49,KH000020,Mobile Banking,Nộp tiền mặt,12465000,0,Thành công,CN TP Hồ Chí Minh,110607672
GD202612002058,2026-12-16 13:06:42,KH000019,ATM,Rút tiền mặt,2011000,5500,Thành công,CN Hoàn Kiếm,6900863
GD202612012537,2026-12-16 13:06:56,KH000130,Mobile Banking,Thanh toán thẻ,3872000,0,Thành công,CN TP Hồ Chí Minh,32848075
GD202612014599,2026-12-16 13:07:06,KH000153,POS,Thanh toán thẻ,180000,5500,Thành công,CN TP Hồ Chí Minh,191041
GD202612005706,2026-12-16 13:30:18,KH000059,Mobile Banking,Chuyển khoản đến,3601000,0,Thành công,CN Quận 1,74569548
GD202612000098,2026-12-16 13:31:18,KH000003,ATM,Nộp tiền mặt,23923000,5500,Thành công,CN Cầu Giấy,545021706
GD202612008988,2026-12-16 14:05:42,KH000093,QR Code,Chuyển khoản đi,506000,0,Thành công,CN Cần Thơ,9710104
GD202612013041,2026-12-16 14:09:54,KH000132,POS,Thanh toán thẻ,1835000,1100,Thành công,CN Bình Dương,37010113
GD202612017463,2026-12-16 14:10:53,KH000183,QR Code,Chuyển khoản đến,7071000,0,Thất bại,CN Hải Phòng,110266113
GD202612005087,2026-12-16 14:15:17,KH000052,Mobile Banking,Thanh toán thẻ,196000,0,Thành công,CN Cầu Giấy,70406
GD202612007499,2026-12-16 14:21:53,KH000077,Quầy giao dịch,Chuyển khoản đi,1227000,3300,Thành công,CN Đà Nẵng,7585397
GD202612000943,2026-12-16 16:24:48,KH000012,Internet Banking,Rút tiền mặt,1907000,0,Thành công,CN Quận 1,136739514
GD202612009629,2026-12-16 16:48:45,KH000097,QR Code,Chuyển khoản đi,95000,0,Thành công,CN Thanh Xuân,58049
GD202612002995,2026-12-16 16:52:50,KH000027,Mobile Banking,Thanh toán thẻ,1374000,0,Thành công,CN Hoàn Kiếm,18663318
GD202612012807,2026-12-16 16:59:07,KH000131,QR Code,Nạp tiền điện thoại,68000,0,Thành công,CN Bình Dương,361380
GD202612006088,2026-12-16 17:38:25,KH000062,Mobile Banking,Nộp tiền mặt,945000,0,Thành công,CN Hoàn Kiếm,7875124
GD202612000755,2026-12-16 18:00:03,KH000010,POS,Thanh toán thẻ,978000,3300,Thành công,CN Đà Nẵng,5830142
GD202612002822,2026-12-16 18:38:28,KH000025,Mobile Banking,Thanh toán thẻ,86000,0,Thành công,CN Thanh Xuân,152031
GD202612016036,2026-12-16 18:55:57,KH000172,QR Code,Thanh toán thẻ,2381000,0,Thành công,CN Hải Phòng,6155271
GD202612007146,2026-12-16 20:13:04,KH000074,POS,Thanh toán thẻ,904000,0,Thành công,CN Hải Phòng,39066225
GD202612013040,2026-12-16 20:21:34,KH000132,QR Code,Nạp tiền điện thoại,4279000,0,Thành công,CN TP Hồ Chí Minh,38846213
GD202612002280,2026-12-16 20:54:53,KH000020,QR Code,Nộp tiền mặt,28807000,0,Thất bại,CN Bình Dương,110607672
GD202612001307,2026-12-16 21:20:48,KH000014,Internet Banking,Thanh toán thẻ,5888000,0,Thành công,CN Hải Phòng,17568110
GD202612010891,2026-12-16 21:34:28,KH000114,QR Code,Thanh toán thẻ,174000,0,Thành công,CN Thanh Xuân,97743150
GD202612014261,2026-12-16 21:52:03,KH000151,Mobile Banking,Thanh toán hóa đơn,74000,0,Thành công,CN Bình Dương,135716
GD202612007926,2026-12-16 22:51:18,KH000081,POS,Thanh toán hóa đơn,53033000,1100,Thành công,CN Cần Thơ,533301160
GD202612002824,2026-12-17 06:33:48,KH000025,QR Code,Thanh toán thẻ,110000,0,Thành công,CN Hoàn Kiếm,105031
GD202612006517,2026-12-17 06:43:34,KH000065,Internet Banking,Nộp tiền mặt,13019000,0,Thành công,CN Bình Dương,80009711
GD202612008955,2026-12-17 06:48:54,KH000092,POS,Thanh toán thẻ,706000,1100,Thành công,CN Quận 1,8972260
GD202612001308,2026-12-17 07:37:26,KH000014,QR Code,Thanh toán thẻ,5088000,0,Thành công,CN Thanh Xuân,12480110
GD202612008641,2026-12-17 07:44:57,KH000087,Internet Banking,Nộp tiền mặt,170000,0,Thành công,CN Cần Thơ,237826
GD202612010544,2026-12-17 08:32:30,KH000110,Mobile Banking,Nạp tiền điện thoại,883000,0,Thành công,CN Thanh Xuân,59930919
GD202612010182,2026-12-17 08:32:35,KH000104,Internet Banking,Nộp tiền mặt,1211000,0,Thành công,CN Thanh Xuân,6439680
GD202612006516,2026-12-17 08:44:04,KH000065,POS,Thanh toán thẻ,15645000,5500,Thành công,CN Quận 1,66990711
GD202612000510,2026-12-17 08:54:04,KH000008,Mobile Banking,Nộp tiền mặt,4017000,0,Thành công,CN Quận 1,26603801
GD202612006045,2026-12-17 08:55:58,KH000061,Mobile Banking,Nộp tiền mặt,514000,0,Thành công,CN Đà Nẵng,7594210
GD202612004107,2026-12-17 09:36:34,KH000040,ATM,Chuyển khoản đến,4922000,5500,Thành công,CN TP Hồ Chí Minh,20453377
GD202612013071,2026-12-17 09:40:31,KH000133,Quầy giao dịch,Thanh toán hóa đơn,281000,3300,Thành công,CN Hoàn Kiếm,2536421
GD202612014011,2026-12-17 09:43:00,KH000147,Quầy giao dịch,Rút tiền mặt,1233000,3300,Thành công,CN Thanh Xuân,154075510
GD202612003750,2026-12-17 11:18:44,KH000034,QR Code,Chuyển khoản đến,175000,0,Thành công,CN Quận 1,46509204
GD202612005372,2026-12-17 11:23:55,KH000056,Quầy giao dịch,Chuyển khoản đến,2032000,5500,Thành công,CN Hải Phòng,118161790
GD202612000509,2026-12-17 11:34:30,KH000008,POS,Thanh toán thẻ,2817000,0,Thành công,CN Quận 1,22586801
GD202612017821,2026-12-17 11:41:12,KH000187,Mobile Banking,Chuyển khoản đến,4678000,0,Thành công,CN Cần Thơ,18684780
GD202612011941,2026-12-17 12:08:55,KH000125,Mobile Banking,Rút tiền mặt,119000,0,Thành công,CN Hải Phòng,86536
GD202612014010,2026-12-17 12:17:11,KH000147,ATM,Nộp tiền mặt,1895000,1100,Thành công,CN Quận 1,155311810
GD202612015249,2026-12-17 12:35:20,KH000162,QR Code,Nạp tiền điện thoại,87000,0,Thành công,CN Cầu Giấy,125103
GD202612001633,2026-12-17 13:04:25,KH000016,Mobile Banking,Thanh toán thẻ,120000,0,Thành công,CN Bình Dương,143507
GD202612009459,2026-12-17 13:26:25,KH000096,POS,Thanh toán thẻ,3881000,5500,Thành công,CN Hải Phòng,16653581
GD202612011147,2026-12-17 15:00:07,KH000117,QR Code,Chuyển khoản đến,413000,0,Thành công,CN Thanh Xuân,136000866
GD202612012538,2026-12-17 15:04:03,KH000130,QR Code,Chuyển khoản đến,2514000,0,Thành công,CN Cần Thơ,35362075
GD202612017137,2026-12-17 16:17:37,KH000182,POS,Thanh toán thẻ,1267000,1100,Thành công,CN Hải Phòng,35110067
GD202612014967,2026-12-17 17:05:09,KH000159,Internet Banking,Nộp tiền mặt,20512000,0,Thành công,CN Cần Thơ,88196302
GD202612006267,2026-12-17 17:45:19,KH000063,POS,Thanh toán thẻ,999000,1100,Thành công,CN Cần Thơ,106366213
GD202612012357,2026-12-17 18:16:43,KH000128,QR Code,Chuyển khoản đi,257000,0,Thành công,CN Hải Phòng,93590843
GD202612015248,2026-12-17 18:27:57,KH000162,Mobile Banking,Thanh toán hóa đơn,87000,0,Thành công,CN Quận 1,212103
GD202612011504,2026-12-17 18:46:53,KH000119,Mobile Banking,Thanh toán hóa đơn,121000,0,Thành công,CN Cần Thơ,86469909
GD202612018242,2026-12-17 19:04:20,KH000191,QR Code,Nộp tiền mặt,567000,0,Thành công,CN Cầu Giấy,4133354
GD202612012808,2026-12-17 19:16:03,KH000131,POS,Thanh toán thẻ,98000,1100,Thành công,CN Quận 1,262280
GD202612004638,2026-12-17 19:31:32,KH000049,Mobile Banking,Nộp tiền mặt,2128000,0,Thành công,CN Hải Phòng,33971355
GD202612009235,2026-12-17 19:33:40,KH000094,QR Code,Chuyển khoản đến,1161000,0,Thành công,CN Thanh Xuân,69871063
GD202612009237,2026-12-17 19:42:28,KH000094,ATM,Thanh toán hóa đơn,2119000,5500,Thành công,CN Thanh Xuân,65824563
GD202612004501,2026-12-17 20:09:44,KH000045,Internet Banking,Thanh toán thẻ,1276000,0,Thành công,CN Hoàn Kiếm,72859457
GD202612002059,2026-12-17 21:02:38,KH000019,POS,Thanh toán thẻ,704000,5500,Thành công,CN Thanh Xuân,6191363
GD202612009236,2026-12-17 21:10:26,KH000094,Internet Banking,Thanh toán thẻ,1922000,0,Thành công,CN Bình Dương,67949063
GD202612008754,2026-12-17 21:47:21,KH000090,Quầy giao dịch,Nộp tiền mặt,6337000,5500,Thành công,CN TP Hồ Chí Minh,29163396
GD202612014600,2026-12-17 21:48:58,KH000153,POS,Thanh toán thẻ,153000,0,Thành công,CN TP Hồ Chí Minh,267541
GD202612003368,2026-12-17 22:09:23,KH000031,Internet Banking,Nộp tiền mặt,74000,0,Thành công,CN Cần Thơ,273703
GD202612002823,2026-12-17 22:14:45,KH000025,QR Code,Nạp tiền điện thoại,126000,0,Thành công,CN Quận 1,215031
GD202612010633,2026-12-17 22:20:58,KH000111,Quầy giao dịch,Chuyển khoản đi,13934000,0,Thành công,CN Quận 1,39542157
GD202612005088,2026-12-17 22:34:41,KH000052,Internet Banking,Chuyển khoản đến,174000,0,Thành công,CN TP Hồ Chí Minh,244406
GD202612017820,2026-12-17 22:54:48,KH000187,Mobile Banking,Thanh toán thẻ,755000,0,Thành công,CN Hải Phòng,14006780
GD202612001767,2026-12-18 06:12:24,KH000018,Mobile Banking,Chuyển khoản đến,956000,0,Thành công,CN Hải Phòng,95711489
GD202612006046,2026-12-18 06:58:04,KH000061,Mobile Banking,Thanh toán thẻ,1130000,0,Thành công,CN Đà Nẵng,6464210
GD202612013042,2026-12-18 07:20:49,KH000132,Mobile Banking,Rút tiền mặt,509000,0,Thành công,CN Đà Nẵng,36501113
GD202612009795,2026-12-18 07:29:55,KH000099,ATM,Rút tiền mặt,2367000,0,Thành công,CN Hoàn Kiếm,69180311
GD202612016732,2026-12-18 07:34:49,KH000180,POS,Thanh toán hóa đơn,1119000,5500,Thành công,CN Cần Thơ,83958014
GD202612001309,2026-12-18 08:24:17,KH000014,Internet Banking,Thanh toán thẻ,3707000,0,Thành công,CN Cần Thơ,8773110
GD202612017138,2026-12-18 08:55:43,KH000182,Mobile Banking,Thanh toán thẻ,10917000,0,Thành công,CN TP Hồ Chí Minh,24193067
GD202612009238,2026-12-18 09:26:21,KH000094,Mobile Banking,Thanh toán thẻ,1698000,0,Thành công,CN TP Hồ Chí Minh,64126563
GD202612018531,2026-12-18 09:32:38,KH000195,QR Code,Thanh toán thẻ,160000,0,Thành công,CN Hải Phòng,176617
GD202612013360,2026-12-18 10:25:48,KH000137,Mobile Banking,Nạp tiền điện thoại,6103000,0,Thành công,CN Hoàn Kiếm,23344133
GD202612011505,2026-12-18 11:07:13,KH000119,QR Code,Thanh toán thẻ,56000,0,Thành công,CN Đà Nẵng,86413909
GD202612017586,2026-12-18 11:15:54,KH000185,Mobile Banking,Nộp tiền mặt,3824000,0,Thành công,CN Hải Phòng,100614283
GD202612012234,2026-12-18 11:16:50,KH000127,POS,Thanh toán thẻ,4157000,0,Thành công,CN Cầu Giấy,17413227
GD202612006300,2026-12-18 11:20:11,KH000064,QR Code,Chuyển khoản đến,179000,0,Thành công,CN Hoàn Kiếm,1085631
GD202612018025,2026-12-18 12:20:30,KH000190,POS,Rút tiền mặt,72385000,1100,Thành công,CN Đà Nẵng,148847010
GD202612009630,2026-12-18 12:50:59,KH000097,QR Code,Thanh toán hóa đơn,91000,0,Thành công,CN Thanh Xuân,103549
GD202612007147,2026-12-18 12:54:00,KH000074,POS,Thanh toán thẻ,328000,5500,Thành công,CN Hoàn Kiếm,38732725
GD202612013933,2026-12-18 13:16:25,KH000145,Mobile Banking,Nộp tiền mặt,157000,0,Thành công,CN Bình Dương,133139993
GD202612011506,2026-12-18 13:46:33,KH000119,Internet Banking,Thanh toán hóa đơn,104000,0,Thành công,CN Cầu Giấy,86309909
GD202612017822,2026-12-18 13:47:58,KH000187,QR Code,Thanh toán thẻ,3515000,0,Thất bại,CN TP Hồ Chí Minh,18684780
GD202612014601,2026-12-18 14:35:14,KH000153,QR Code,Thanh toán hóa đơn,92000,0,Thành công,CN Đà Nẵng,175541
GD202612017464,2026-12-18 14:39:19,KH000183,Mobile Banking,Chuyển khoản đến,9383000,0,Thành công,CN Thanh Xuân,119649113
GD202612010774,2026-12-18 15:04:50,KH000113,Internet Banking,Rút tiền mặt,4972000,0,Thất bại,CN Cần Thơ,17361208
GD202612009460,2026-12-18 15:06:31,KH000096,POS,Thanh toán thẻ,4591000,5500,Thành công,CN Hải Phòng,12057081
GD202612018243,2026-12-18 15:12:59,KH000191,Mobile Banking,Rút tiền mặt,407000,0,Thành công,CN Quận 1,3726354
GD202612005089,2026-12-18 15:27:18,KH000052,POS,Thanh toán thẻ,127000,1100,Thành công,CN Cần Thơ,116306
GD202612012233,2026-12-18 15:57:01,KH000127,QR Code,Nộp tiền mặt,5567000,0,Thành công,CN Hải Phòng,21570227
GD202612010980,2026-12-18 17:05:03,KH000115,Mobile Banking,Chuyển khoản đi,7938000,0,Thành công,CN Thanh Xuân,48184379
GD202612002281,2026-12-18 17:21:27,KH000020,Mobile Banking,Chuyển khoản đến,37201000,0,Thành công,CN TP Hồ Chí Minh,147808672
GD202612018532,2026-12-18 17:45:19,KH000195,POS,Thanh toán thẻ,177000,1100,Thành công,CN Cầu Giấy,264017
GD202612000756,2026-12-18 17:58:47,KH000010,Mobile Banking,Rút tiền mặt,1381000,0,Thành công,CN Đà Nẵng,4449142
GD202612001310,2026-12-18 18:25:53,KH000014,QR Code,Thanh toán hóa đơn,236000,0,Thành công,CN Quận 1,8537110
GD202612008165,2026-12-18 18:56:38,KH000083,Internet Banking,Rút tiền mặt,372000,0,Thành công,CN Hoàn Kiếm,106674793
GD202612013687,2026-12-18 18:59:07,KH000142,POS,Chuyển khoản đi,4775000,0,Thành công,CN TP Hồ Chí Minh,42279312
GD202612012809,2026-12-18 19:10:01,KH000131,Internet Banking,Nạp tiền điện thoại,137000,0,Thành công,CN Thanh Xuân,125280
GD202612003954,2026-12-18 19:12:50,KH000038,Mobile Banking,Chuyển khoản đi,3923000,0,Thành công,CN Đà Nẵng,116016514
GD202612005724,2026-12-18 19:13:33,KH000060,Mobile Banking,Nạp tiền điện thoại,280000,0,Thành công,CN Cầu Giấy,26233914
GD202612002825,2026-12-18 19:35:05,KH000025,QR Code,Thanh toán thẻ,118000,0,Thành công,CN Hoàn Kiếm,164031
GD202612002398,2026-12-18 19:50:32,KH000022,QR Code,Thanh toán thẻ,2120000,0,Thành công,CN Đà Nẵng,45531778
GD202612006519,2026-12-18 19:55:48,KH000065,POS,Thanh toán thẻ,17062000,3300,Thành công,CN Thanh Xuân,37690411
GD202612016731,2026-12-18 20:21:06,KH000180,POS,Thanh toán hóa đơn,1119000,1100,Thành công,CN Đà Nẵng,85082514
GD202612015024,2026-12-18 20:36:53,KH000160,Quầy giao dịch,Nộp tiền mặt,3479000,5500,Thành công,CN Cầu Giấy,140045455
GD202612003498,2026-12-18 20:45:27,KH000032,QR Code,Chuyển khoản đi,93000,0,Thành công,CN Hoàn Kiếm,134985986
GD202612002996,2026-12-18 21:02:39,KH000027,Internet Banking,Nạp tiền điện thoại,4831000,0,Thành công,CN Thanh Xuân,13832318
GD202612015846,2026-12-18 21:03:35,KH000171,POS,Thanh toán thẻ,103000,5500,Thành công,CN Thanh Xuân,172951
GD202612003955,2026-12-18 21:41:19,KH000038,Internet Banking,Thanh toán thẻ,4221000,0,Thành công,CN Cầu Giấy,111795514
GD202612002282,2026-12-18 22:14:24,KH000020,QR Code,Nộp tiền mặt,15470000,0,Thành công,CN Đà Nẵng,163278672
GD202612006518,2026-12-18 22:20:08,KH000065,Mobile Banking,Nạp tiền điện thoại,25254000,0,Thành công,CN Bình Dương,54755711
GD202612000944,2026-12-19 06:05:49,KH000012,QR Code,Thanh toán thẻ,462000,0,Thành công,CN Thanh Xuân,136277514
GD202612013240,2026-12-19 07:11:39,KH000136,Mobile Banking,Thanh toán thẻ,8075000,0,Thất bại,CN Cầu Giấy,30124501
GD202612012539,2026-12-19 07:30:23,KH000130,Internet Banking,Thanh toán hóa đơn,3064000,0,Thành công,CN Đà Nẵng,32298075
GD202612018687,2026-12-19 07:37:18,KH000197,QR Code,Thanh toán thẻ,46689000,0,Thành công,CN Hoàn Kiếm,144549741
GD202612007826,2026-12-19 08:16:39,KH000079,Internet Banking,Rút tiền mặt,571000,0,Thành công,CN Cầu Giấy,10618921
GD202612001634,2026-12-19 08:56:30,KH000016,Mobile Banking,Nạp tiền điện thoại,105000,0,Thành công,CN Cầu Giấy,196007
GD202612000867,2026-12-19 09:13:28,KH000011,Quầy giao dịch,Nộp tiền mặt,2027000,0,Thành công,CN Đà Nẵng,129218175
GD202612014968,2026-12-19 09:19:11,KH000159,QR Code,Rút tiền mặt,14925000,0,Thành công,CN Quận 1,73271302
GD202612010404,2026-12-19 09:34:33,KH000108,Internet Banking,Thanh toán thẻ,133000,0,Thành công,CN Đà Nẵng,134895260
GD202612006268,2026-12-19 10:11:19,KH000063,QR Code,Chuyển khoản đến,428000,0,Thành công,CN Đà Nẵng,106794213
GD202612004731,2026-12-19 10:23:21,KH000050,Mobile Banking,Nạp tiền điện thoại,367000,0,Thành công,CN Thanh Xuân,41366243
GD202612003370,2026-12-19 10:25:00,KH000031,Quầy giao dịch,Chuyển khoản đến,80000,5500,Thành công,CN Cầu Giấy,174703
GD202612008417,2026-12-19 10:26:43,KH000084,Internet Banking,Chuyển khoản đến,1375000,0,Thành công,CN Đà Nẵng,16018452
GD202612010981,2026-12-19 10:38:16,KH000115,QR Code,Chuyển khoản đến,551000,0,Thành công,CN Hoàn Kiếm,48735379
GD202612005091,2026-12-19 10:40:52,KH000052,Internet Banking,Thanh toán thẻ,142000,0,Thành công,CN Hải Phòng,126306
GD202612011942,2026-12-19 11:27:41,KH000125,Mobile Banking,Chuyển khoản đến,133000,0,Thành công,CN Cần Thơ,219536
GD202612007500,2026-12-19 11:34:25,KH000077,QR Code,Nạp tiền điện thoại,1870000,0,Thành công,CN Thanh Xuân,5715397
GD202612017587,2026-12-19 12:00:08,KH000185,POS,Nộp tiền mặt,10176000,1100,Thành công,CN Cầu Giấy,110790283
GD202612011548,2026-12-19 13:22:03,KH000120,Internet Banking,Nộp tiền mặt,3062000,0,Thành công,CN Thanh Xuân,67613361
GD202612007827,2026-12-19 13:27:01,KH000079,POS,Thanh toán thẻ,164000,0,Thành công,CN Cần Thơ,10454921
GD202612000868,2026-12-19 13:34:56,KH000011,Internet Banking,Nạp tiền điện thoại,114000,0,Thành công,CN Cầu Giấy,129104175
GD202612004108,2026-12-19 14:11:11,KH000040,QR Code,Chuyển khoản đi,6657000,0,Thành công,CN Hoàn Kiếm,13796377
GD202612016037,2026-12-19 14:19:46,KH000172,Internet Banking,Thanh toán thẻ,984000,0,Thành công,CN Quận 1,5171271
GD202612014969,2026-12-19 14:30:05,KH000159,Mobile Banking,Thanh toán hóa đơn,1738000,0,Thành công,CN Bình Dương,71533302
GD202612016527,2026-12-19 14:31:55,KH000177,Internet Banking,Thanh toán thẻ,6953000,0,Thành công,CN Hoàn Kiếm,16849722
GD202612005090,2026-12-19 15:29:29,KH000052,ATM,Rút tiền mặt,61000,0,Thành công,CN Cần Thơ,55306
GD202612013688,2026-12-19 16:19:17,KH000142,Mobile Banking,Chuyển khoản đi,3846000,0,Thành công,CN Bình Dương,38433312
GD202612009462,2026-12-19 16:24:21,KH000096,ATM,Thanh toán hóa đơn,2623000,3300,Thành công,CN Quận 1,7026681
GD202612018727,2026-12-19 16:35:23,KH000198,POS,Thanh toán thẻ,243000,1100,Thành công,CN Đà Nẵng,1633688
GD202612011507,2026-12-19 17:00:47,KH000119,Mobile Banking,Chuyển khoản đến,57000,0,Thành công,CN Cầu Giấy,86366909
GD202612009239,2026-12-19 17:08:11,KH000094,POS,Thanh toán thẻ,2162000,0,Thành công,CN TP Hồ Chí Minh,61964563
GD202612007148,2026-12-19 17:48:59,KH000074,QR Code,Nộp tiền mặt,1231000,0,Thành công,CN Đà Nẵng,39963725
GD202612011270,2026-12-19 18:00:11,KH000118,Quầy giao dịch,Nộp tiền mặt,141000,5500,Thành công,CN Đà Nẵng,9182818
GD202612011625,2026-12-19 18:16:48,KH000122,POS,Thanh toán thẻ,16262000,0,Thành công,CN Hải Phòng,33517366
GD202612009461,2026-12-19 18:45:58,KH000096,ATM,Thanh toán hóa đơn,2403000,1100,Thành công,CN Thanh Xuân,9652981
GD202612006047,2026-12-19 19:30:11,KH000061,QR Code,Chuyển khoản đi,1735000,0,Thành công,CN Thanh Xuân,4729210
GD202612014602,2026-12-19 19:51:49,KH000153,QR Code,Thanh toán thẻ,97000,0,Thành công,CN Hải Phòng,78541
GD202612018779,2026-12-19 19:54:33,KH000199,POS,Nộp tiền mặt,27689000,1100,Thành công,CN Cầu Giấy,275186784
GD202612016733,2026-12-19 20:39:35,KH000180,ATM,Chuyển khoản đi,1187000,3300,Thành công,CN Hải Phòng,82767714
GD202612003369,2026-12-19 21:43:52,KH000031,Internet Banking,Chuyển khoản đi,179000,0,Thành công,CN Đà Nẵng,94703
GD202612016419,2026-12-19 22:08:21,KH000176,POS,Thanh toán thẻ,662000,3300,Thành công,CN Cầu Giấy,81292064
GD202612011943,2026-12-19 22:54:43,KH000125,Mobile Banking,Nạp tiền điện thoại,84000,0,Thành công,CN Cần Thơ,135536
GD202612012540,2026-12-20 06:38:17,KH000130,POS,Thanh toán thẻ,2635000,5500,Thành công,CN Hải Phòng,29657575
GD202612006270,2026-12-20 07:37:43,KH000063,Internet Banking,Nạp tiền điện thoại,1017000,0,Thành công,CN Bình Dương,105382213
GD202612006048,2026-12-20 07:39:31,KH000061,Internet Banking,Thanh toán thẻ,1378000,0,Thành công,CN Bình Dương,3351210
GD202612009240,2026-12-20 07:56:52,KH000094,Internet Banking,Thanh toán thẻ,1548000,0,Thành công,CN Thanh Xuân,60416563
GD202612004311,2026-12-20 08:22:16,KH000043,Internet Banking,Thanh toán thẻ,86000,0,Thành công,CN Hoàn Kiếm,114174102
GD202612016862,2026-12-20 09:17:44,KH000181,ATM,Chuyển khoản đi,89000,1100,Thành công,CN Cầu Giấy,127020
GD202612010545,2026-12-20 09:36:11,KH000110,QR Code,Chuyển khoản đến,818000,0,Thành công,CN Cầu Giấy,60748919
GD202612003499,2026-12-20 09:55:30,KH000032,QR Code,Chuyển khoản đi,170000,0,Thành công,CN Bình Dương,134815986
GD202612009796,2026-12-20 10:00:21,KH000099,QR Code,Thanh toán thẻ,76000,0,Thành công,CN Cầu Giấy,69104311
GD202612018688,2026-12-20 10:20:45,KH000197,ATM,Nạp tiền điện thoại,14290000,0,Thành công,CN Đà Nẵng,130259741
GD202612002826,2026-12-20 10:25:30,KH000025,Internet Banking,Nạp tiền điện thoại,86000,0,Thành công,CN Đà Nẵng,78031
GD202612017467,2026-12-20 10:58:05,KH000183,Mobile Banking,Chuyển khoản đi,2959000,0,Thành công,CN Bình Dương,84448113
GD202612006827,2026-12-20 10:58:27,KH000071,ATM,Chuyển khoản đến,171000,5500,Thành công,CN Thanh Xuân,547238
GD202612017466,2026-12-20 10:59:35,KH000183,Internet Banking,Thanh toán thẻ,9549000,0,Thành công,CN Thanh Xuân,87407113
GD202612015025,2026-12-20 11:42:19,KH000160,POS,Thanh toán thẻ,4680000,5500,Thành công,CN Quận 1,135359955
GD202612011549,2026-12-20 12:27:44,KH000120,Quầy giao dịch,Chuyển khoản đi,895000,0,Thành công,CN Hoàn Kiếm,66718361
GD202612001311,2026-12-20 12:49:14,KH000014,Internet Banking,Nạp tiền điện thoại,157000,0,Thành công,CN Đà Nẵng,8380110
GD202612003371,2026-12-20 13:17:05,KH000031,Internet Banking,Thanh toán hóa đơn,171000,0,Thành công,CN Hoàn Kiếm,260203
GD202612009797,2026-12-20 13:33:29,KH000099,POS,Thanh toán thẻ,816000,3300,Thành công,CN Thanh Xuân,68285011
GD202612004269,2026-12-20 14:00:24,KH000042,POS,Chuyển khoản đi,2790000,3300,Thành công,CN Cần Thơ,39614992
GD202612009631,2026-12-20 14:04:20,KH000097,POS,Chuyển khoản đi,123000,0,Thành công,CN Cầu Giấy,165049
GD202612002565,2026-12-20 14:06:55,KH000024,POS,Thanh toán thẻ,1223000,5500,Thành công,CN TP Hồ Chí Minh,143990781
GD202612014186,2026-12-20 14:25:15,KH000150,Mobile Banking,Thanh toán thẻ,5965000,0,Thành công,CN Hải Phòng,27099606
GD202612010183,2026-12-20 14:45:44,KH000104,POS,Thanh toán thẻ,1062000,3300,Thất bại,CN Thanh Xuân,6439680
GD202612004267,2026-12-20 14:50:29,KH000042,Internet Banking,Thanh toán thẻ,4371000,0,Thành công,CN Cần Thơ,41331292
GD202612007149,2026-12-20 14:53:31,KH000074,POS,Thanh toán thẻ,1540000,0,Thành công,CN Cần Thơ,38423725
GD202612002283,2026-12-20 15:08:48,KH000020,Internet Banking,Nộp tiền mặt,6814000,0,Thành công,CN Đà Nẵng,170092672
GD202612014603,2026-12-20 15:20:52,KH000153,Mobile Banking,Nộp tiền mặt,53000,0,Thành công,CN TP Hồ Chí Minh,131541
GD202612010184,2026-12-20 15:59:30,KH000104,POS,Thanh toán thẻ,205000,0,Thành công,CN Đà Nẵng,6234680
GD202612017139,2026-12-20 16:28:20,KH000182,Mobile Banking,Nộp tiền mặt,1271000,0,Thành công,CN Thanh Xuân,25464067
GD202612007501,2026-12-20 18:20:16,KH000077,Mobile Banking,Nộp tiền mặt,908000,0,Thành công,CN Cầu Giấy,6623397
GD202612004268,2026-12-20 19:36:56,KH000042,Internet Banking,Nộp tiền mặt,1077000,0,Thành công,CN Thanh Xuân,42408292
GD202612017465,2026-12-20 20:02:00,KH000183,Mobile Banking,Thanh toán hóa đơn,22693000,0,Thành công,CN Cần Thơ,96956113
GD202612006269,2026-12-20 21:22:30,KH000063,Mobile Banking,Thanh toán thẻ,395000,0,Thành công,CN Thanh Xuân,106399213
GD202612011508,2026-12-20 21:43:48,KH000119,POS,Thanh toán thẻ,120000,0,Thành công,CN TP Hồ Chí Minh,86246909
GD202612008418,2026-12-20 21:57:34,KH000084,Mobile Banking,Nộp tiền mặt,1379000,0,Thành công,CN Cần Thơ,17397452
GD202612007150,2026-12-21 06:14:40,KH000074,POS,Thanh toán thẻ,1355000,1100,Thành công,CN Cầu Giấy,37067625
GD202612010312,2026-12-21 06:18:39,KH000107,Mobile Banking,Thanh toán thẻ,86000,0,Thành công,CN Hải Phòng,119591306
GD202612013044,2026-12-21 06:34:15,KH000132,Mobile Banking,Nộp tiền mặt,10161000,0,Thành công,CN Cần Thơ,42691113
GD202612017468,2026-12-21 06:41:46,KH000183,POS,Thanh toán thẻ,14166000,0,Thành công,CN Bình Dương,70282113
GD202612013934,2026-12-21 06:43:14,KH000145,QR Code,Nộp tiền mặt,54000,0,Thành công,CN TP Hồ Chí Minh,133193993
GD202612008084,2026-12-21 07:08:23,KH000082,Mobile Banking,Chuyển khoản đến,2170000,0,Thành công,CN Hoàn Kiếm,9712043
GD202612008956,2026-12-21 08:00:03,KH000092,QR Code,Thanh toán hóa đơn,1647000,0,Thành công,CN Quận 1,7325260
GD202612018533,2026-12-21 08:15:51,KH000195,Mobile Banking,Thanh toán thẻ,72000,0,Thất bại,CN TP Hồ Chí Minh,264017
GD202612018689,2026-12-21 08:17:37,KH000197,Mobile Banking,Rút tiền mặt,9823000,0,Thành công,CN Thanh Xuân,120436741
GD202612002828,2026-12-21 08:18:55,KH000025,Mobile Banking,Nạp tiền điện thoại,171000,0,Thành công,CN Bình Dương,246531
GD202612017140,2026-12-21 08:30:26,KH000182,QR Code,Thanh toán thẻ,1949000,0,Thành công,CN Hải Phòng,23515067
GD202612002061,2026-12-21 08:56:32,KH000019,Internet Banking,Thanh toán thẻ,2319000,0,Thành công,CN Thanh Xuân,5382363
GD202612016420,2026-12-21 09:04:08,KH000176,POS,Thanh toán thẻ,213000,1100,Thành công,CN Quận 1,81077964
GD202612003806,2026-12-21 09:32:36,KH000036,Internet Banking,Chuyển khoản đi,973000,0,Thành công,CN Đà Nẵng,16121986
GD202612008957,2026-12-21 10:07:06,KH000092,QR Code,Nạp tiền điện thoại,95000,0,Thành công,CN Đà Nẵng,7230260
GD202612008166,2026-12-21 10:10:46,KH000083,Mobile Banking,Rút tiền mặt,340000,0,Thành công,CN Quận 1,106334793
GD202612006271,2026-12-21 10:12:43,KH000063,Internet Banking,Nạp tiền điện thoại,240000,0,Thành công,CN Đà Nẵng,105142213
GD202612015501,2026-12-21 10:22:09,KH000166,ATM,Chuyển khoản đến,15197000,0,Thành công,CN TP Hồ Chí Minh,184632932
GD202612011271,2026-12-21 11:24:50,KH000118,Internet Banking,Chuyển khoản đến,337000,0,Thành công,CN Cầu Giấy,9519818
GD202612016038,2026-12-21 11:33:31,KH000172,QR Code,Thanh toán thẻ,766000,0,Thất bại,CN Cầu Giấy,5171271
GD202612006520,2026-12-21 11:35:20,KH000065,QR Code,Nạp tiền điện thoại,5921000,0,Thành công,CN Bình Dương,31769411
GD202612002060,2026-12-21 11:52:04,KH000019,Internet Banking,Nộp tiền mặt,1510000,0,Thành công,CN Hoàn Kiếm,7701363
GD202612017823,2026-12-21 13:01:00,KH000187,Internet Banking,Thanh toán thẻ,3314000,0,Thành công,CN Thanh Xuân,15370780
GD202612017588,2026-12-21 13:38:43,KH000185,POS,Thanh toán thẻ,10683000,0,Thành công,CN Cần Thơ,100107283
GD202612000757,2026-12-21 13:44:52,KH000010,Mobile Banking,Thanh toán hóa đơn,630000,0,Thành công,CN Hải Phòng,3819142
GD202612012237,2026-12-21 14:23:13,KH000127,Quầy giao dịch,Nạp tiền điện thoại,2961000,5500,Thành công,CN Hoàn Kiếm,6644727
GD202612008989,2026-12-21 14:35:10,KH000093,ATM,Nộp tiền mặt,1941000,5500,Thành công,CN Hải Phòng,11651104
GD202612009798,2026-12-21 14:50:09,KH000099,POS,Thanh toán thẻ,1434000,5500,Thành công,CN Bình Dương,66845511
GD202612007828,2026-12-21 14:57:47,KH000079,QR Code,Nạp tiền điện thoại,3334000,0,Thành công,CN Hải Phòng,7120921
GD202612004270,2026-12-21 15:36:47,KH000042,Internet Banking,Thanh toán thẻ,357000,0,Thành công,CN TP Hồ Chí Minh,39257992
GD202612012811,2026-12-21 15:37:56,KH000131,QR Code,Chuyển khoản đi,128000,0,Thành công,CN Thanh Xuân,240780
GD202612002399,2026-12-21 16:11:33,KH000022,ATM,Nạp tiền điện thoại,1888000,0,Thành công,CN Hải Phòng,43643778
GD202612018728,2026-12-21 16:14:22,KH000198,POS,Rút tiền mặt,234000,1100,Thành công,CN Hải Phòng,1398588
GD202612006657,2026-12-21 16:48:17,KH000067,POS,Rút tiền mặt,109000,3300,Thành công,CN Cần Thơ,203199
GD202612015251,2026-12-21 17:22:40,KH000162,Mobile Banking,Thanh toán thẻ,151000,0,Thành công,CN Quận 1,162103
GD202612012236,2026-12-21 17:25:10,KH000127,QR Code,Thanh toán thẻ,2186000,0,Thành công,CN Quận 1,9611227
GD202612018244,2026-12-21 17:39:13,KH000191,Internet Banking,Chuyển khoản đến,902000,0,Thành công,CN Bình Dương,4628354
GD202612012810,2026-12-21 18:13:21,KH000131,Mobile Banking,Thanh toán thẻ,103000,0,Thành công,CN Quận 1,176780
GD202612002827,2026-12-21 18:14:50,KH000025,Internet Banking,Thanh toán hóa đơn,166000,0,Thành công,CN Hoàn Kiếm,161031
GD202612012235,2026-12-21 18:33:22,KH000127,Mobile Banking,Thanh toán hóa đơn,5616000,0,Thành công,CN Cầu Giấy,11797227
GD202612016039,2026-12-21 18:40:05,KH000172,POS,Thanh toán thẻ,363000,3300,Thành công,CN TP Hồ Chí Minh,4804971
GD202612006611,2026-12-21 19:06:33,KH000066,Quầy giao dịch,Nộp tiền mặt,2400000,0,Thành công,CN Đà Nẵng,151743347
GD202612003807,2026-12-21 19:07:44,KH000036,POS,Thanh toán thẻ,2748000,3300,Thành công,CN Bình Dương,13370686
GD202612002509,2026-12-21 19:52:46,KH000023,POS,Nạp tiền điện thoại,9307000,3300,Thành công,CN TP Hồ Chí Minh,17576636
GD202612015252,2026-12-21 19:58:42,KH000162,Internet Banking,Chuyển khoản đến,155000,0,Thành công,CN Hoàn Kiếm,317103
GD202612014970,2026-12-21 20:13:06,KH000159,Mobile Banking,Thanh toán thẻ,2003000,0,Thành công,CN Đà Nẵng,69530302
GD202612000945,2026-12-21 21:14:34,KH000012,Mobile Banking,Thanh toán thẻ,1018000,0,Thành công,CN Đà Nẵng,135259514
GD202612013043,2026-12-21 22:04:24,KH000132,QR Code,Thanh toán hóa đơn,3971000,0,Thành công,CN Đà Nẵng,32530113
GD202612015250,2026-12-21 22:15:39,KH000162,QR Code,Nộp tiền mặt,188000,0,Thành công,CN Cần Thơ,313103
GD202612004639,2026-12-21 22:44:55,KH000049,POS,Thanh toán thẻ,4182000,5500,Thành công,CN Quận 1,29783855
GD202612000758,2026-12-21 22:50:51,KH000010,Internet Banking,Nạp tiền điện thoại,551000,0,Thành công,CN Bình Dương,3268142
GD202612012812,2026-12-22 06:05:39,KH000131,QR Code,Thanh toán thẻ,167000,0,Thành công,CN Đà Nẵng,73780
GD202612017824,2026-12-22 06:24:24,KH000187,POS,Thanh toán thẻ,2060000,5500,Thành công,CN TP Hồ Chí Minh,13305280
GD202612006273,2026-12-22 06:54:35,KH000063,QR Code,Nộp tiền mặt,687000,0,Thành công,CN Thanh Xuân,105039213
GD202612002997,2026-12-22 06:58:09,KH000027,POS,Thanh toán thẻ,211000,5500,Thành công,CN Cầu Giấy,13615818
GD202612016863,2026-12-22 07:03:26,KH000181,POS,Chuyển khoản đến,164000,1100,Thất bại,CN Thanh Xuân,127020
GD202612000759,2026-12-22 08:11:12,KH000010,POS,Thanh toán thẻ,250000,5500,Thành công,CN Bình Dương,3012642
GD202612017589,2026-12-22 09:09:02,KH000185,Internet Banking,Chuyển khoản đến,10883000,0,Thành công,CN Quận 1,110990283
GD202612016595,2026-12-22 09:23:41,KH000179,ATM,Rút tiền mặt,29949000,0,Thành công,CN Bình Dương,215361431
GD202612017141,2026-12-22 09:51:42,KH000182,Internet Banking,Nộp tiền mặt,1740000,0,Thành công,CN TP Hồ Chí Minh,25255067
GD202612015253,2026-12-22 10:08:13,KH000162,QR Code,Rút tiền mặt,106000,0,Thành công,CN TP Hồ Chí Minh,211103
GD202612016734,2026-12-22 10:55:16,KH000180,POS,Nạp tiền điện thoại,1497000,1100,Thành công,CN Quận 1,81269614
GD202612006272,2026-12-22 12:56:01,KH000063,QR Code,Nạp tiền điện thoại,790000,0,Thành công,CN Cần Thơ,104352213
GD202612010405,2026-12-22 15:10:34,KH000108,QR Code,Chuyển khoản đến,54000,0,Thành công,CN Cầu Giấy,134949260
GD202612014604,2026-12-22 15:26:35,KH000153,QR Code,Chuyển khoản đến,72000,0,Thành công,CN TP Hồ Chí Minh,203541
GD202612013689,2026-12-22 15:52:29,KH000142,Mobile Banking,Chuyển khoản đến,4002000,0,Thành công,CN Cầu Giấy,42435312
GD202612001635,2026-12-22 15:54:35,KH000016,Mobile Banking,Chuyển khoản đến,83000,0,Thành công,CN Cầu Giấy,279007
GD202612010185,2026-12-22 16:21:06,KH000104,QR Code,Thanh toán thẻ,1118000,0,Thành công,CN Thanh Xuân,5116680
GD202612016040,2026-12-22 16:21:12,KH000172,Internet Banking,Chuyển khoản đến,1220000,0,Thành công,CN Thanh Xuân,6024971
GD202612001312,2026-12-22 16:28:52,KH000014,Mobile Banking,Chuyển khoản đến,2088000,0,Thành công,CN TP Hồ Chí Minh,10468110
GD202612005726,2026-12-22 16:38:44,KH000060,QR Code,Thanh toán thẻ,5160000,0,Thành công,CN Thanh Xuân,24863914
GD202612007559,2026-12-22 17:11:04,KH000078,Quầy giao dịch,Nạp tiền điện thoại,4886000,3300,Thành công,CN Cầu Giấy,37618942
GD202612017469,2026-12-22 17:18:36,KH000183,POS,Thanh toán thẻ,15333000,1100,Thành công,CN Cầu Giấy,54948013
GD202612016421,2026-12-22 17:30:48,KH000176,Mobile Banking,Thanh toán thẻ,303000,0,Thành công,CN TP Hồ Chí Minh,80774964
GD202612011945,2026-12-22 17:33:06,KH000125,Quầy giao dịch,Chuyển khoản đi,161000,0,Thành công,CN Bình Dương,60536
GD202612012814,2026-12-22 17:52:44,KH000131,Quầy giao dịch,Chuyển khoản đến,123000,3300,Thành công,CN Bình Dương,281180
GD202612005725,2026-12-22 17:55:18,KH000060,Quầy giao dịch,Chuyển khoản đến,3790000,3300,Thành công,CN TP Hồ Chí Minh,30023914
GD202612013241,2026-12-22 17:59:35,KH000136,ATM,Chuyển khoản đến,4737000,3300,Thành công,CN Thanh Xuân,34861501
GD202612009241,2026-12-22 18:24:24,KH000094,Mobile Banking,Chuyển khoản đi,1238000,0,Thất bại,CN Thanh Xuân,60416563
GD202612012813,2026-12-22 18:35:51,KH000131,POS,Thanh toán thẻ,171000,1100,Thành công,CN Cần Thơ,158180
GD202612010546,2026-12-22 19:24:53,KH000110,Internet Banking,Nộp tiền mặt,2379000,0,Thành công,CN Đà Nẵng,63127919
GD202612017142,2026-12-22 19:43:08,KH000182,Internet Banking,Chuyển khoản đi,5609000,0,Thành công,CN Cần Thơ,19646067
GD202612009463,2026-12-22 19:48:30,KH000096,Internet Banking,Thanh toán thẻ,574000,0,Thành công,CN Cầu Giấy,6452681
GD202612014605,2026-12-22 20:05:02,KH000153,POS,Nộp tiền mặt,76000,0,Thành công,CN Đà Nẵng,279541
GD202612011944,2026-12-22 20:29:13,KH000125,Mobile Banking,Chuyển khoản đến,86000,0,Thành công,CN Đà Nẵng,221536
GD202612000233,2026-12-22 21:14:39,KH000005,Mobile Banking,Nạp tiền điện thoại,170000,0,Thất bại,CN Thanh Xuân,290830
GD202612008419,2026-12-22 21:27:28,KH000084,Internet Banking,Thanh toán thẻ,665000,0,Thành công,CN Bình Dương,16732452
GD202612002360,2026-12-22 21:32:33,KH000021,POS,Nạp tiền điện thoại,184000,1100,Thành công,CN Bình Dương,96133154
GD202612015847,2026-12-22 21:48:32,KH000171,QR Code,Thanh toán hóa đơn,74000,0,Thành công,CN Quận 1,98951
GD202612008167,2026-12-23 06:02:27,KH000083,QR Code,Rút tiền mặt,363000,0,Thành công,CN Đà Nẵng,105971793
GD202612002400,2026-12-23 06:23:07,KH000022,Mobile Banking,Rút tiền mặt,702000,0,Thành công,CN Thanh Xuân,42941778
GD202612006521,2026-12-23 06:28:39,KH000065,POS,Thanh toán thẻ,1749000,5500,Thành công,CN Bình Dương,30014911
GD202612012541,2026-12-23 06:39:57,KH000130,POS,Thanh toán thẻ,3846000,3300,Thành công,CN Bình Dương,25808275
GD202612015255,2026-12-23 07:44:00,KH000162,QR Code,Thanh toán thẻ,116000,0,Thành công,CN Thanh Xuân,125103
GD202612003956,2026-12-23 07:49:28,KH000038,Internet Banking,Thanh toán thẻ,4142000,0,Thành công,CN Đà Nẵng,107653514
GD202612010406,2026-12-23 07:50:43,KH000108,POS,Nộp tiền mặt,231000,0,Thành công,CN Quận 1,135180260
GD202612011626,2026-12-23 08:11:23,KH000122,Mobile Banking,Thanh toán thẻ,915000,0,Thành công,CN Bình Dương,32602366
GD202612014093,2026-12-23 08:16:21,KH000148,Internet Banking,Chuyển khoản đến,419000,0,Thành công,CN TP Hồ Chí Minh,109897329
GD202612008085,2026-12-23 09:11:42,KH000082,QR Code,Chuyển khoản đi,1357000,0,Thành công,CN Quận 1,8355043
GD202612004502,2026-12-23 09:28:59,KH000045,QR Code,Chuyển khoản đến,1081000,0,Thành công,CN TP Hồ Chí Minh,73940457
GD202612006301,2026-12-23 09:42:23,KH000064,POS,Thanh toán thẻ,254000,5500,Thành công,CN Đà Nẵng,826131
GD202612010892,2026-12-23 09:46:19,KH000114,Mobile Banking,Nộp tiền mặt,1668000,0,Thành công,CN Hoàn Kiếm,99411150
GD202612015254,2026-12-23 10:39:41,KH000162,QR Code,Rút tiền mặt,144000,0,Thành công,CN Hoàn Kiếm,67103
GD202612006089,2026-12-23 10:52:21,KH000062,Internet Banking,Thanh toán thẻ,2343000,0,Thành công,CN TP Hồ Chí Minh,5532124
GD202612016041,2026-12-23 10:54:50,KH000172,Internet Banking,Nạp tiền điện thoại,501000,0,Thành công,CN Đà Nẵng,5523971
GD202612011510,2026-12-23 10:55:10,KH000119,Internet Banking,Thanh toán hóa đơn,182000,0,Thành công,CN Hoàn Kiếm,86153909
GD202612017969,2026-12-23 11:01:26,KH000189,QR Code,Thanh toán thẻ,15895000,0,Thành công,CN TP Hồ Chí Minh,161451424
GD202612017470,2026-12-23 11:08:43,KH000183,QR Code,Nộp tiền mặt,3413000,0,Thành công,CN Bình Dương,58361013
GD202612015848,2026-12-23 12:34:40,KH000171,QR Code,Nạp tiền điện thoại,55000,0,Thành công,CN Hoàn Kiếm,126451
GD202612007829,2026-12-23 12:46:30,KH000079,QR Code,Chuyển khoản đi,1310000,0,Thành công,CN Thanh Xuân,5810921
GD202612003957,2026-12-23 13:00:14,KH000038,Mobile Banking,Nạp tiền điện thoại,4323000,0,Thành công,CN Bình Dương,103330514
GD202612007151,2026-12-23 13:08:55,KH000074,POS,Chuyển khoản đến,748000,5500,Thành công,CN Quận 1,37815625
GD202612018690,2026-12-23 13:12:44,KH000197,Internet Banking,Thanh toán thẻ,8471000,0,Thành công,CN Hoàn Kiếm,111965741
GD202612008420,2026-12-23 13:14:32,KH000084,Mobile Banking,Chuyển khoản đến,2711000,0,Thành công,CN Quận 1,19443452
GD202612008168,2026-12-23 14:16:35,KH000083,Internet Banking,Thanh toán thẻ,81000,0,Thành công,CN Hoàn Kiếm,105890793
GD202612011946,2026-12-23 14:25:08,KH000125,POS,Thanh toán thẻ,172000,0,Thành công,CN Cầu Giấy,146536
GD202612011148,2026-12-23 14:46:52,KH000117,QR Code,Chuyển khoản đến,317000,0,Thành công,CN Cầu Giấy,136317866
GD202612009632,2026-12-23 15:19:34,KH000097,Internet Banking,Thanh toán hóa đơn,54000,0,Thành công,CN TP Hồ Chí Minh,111049
GD202612002566,2026-12-23 16:11:55,KH000024,Quầy giao dịch,Nạp tiền điện thoại,472000,5500,Thành công,CN Hải Phòng,143513281
GD202612016084,2026-12-23 16:41:34,KH000173,ATM,Chuyển khoản đến,93000,5500,Thành công,CN Cầu Giấy,725368
GD202612008719,2026-12-23 17:01:05,KH000089,ATM,Rút tiền mặt,17105000,3300,Thành công,CN Đà Nẵng,243582139
GD202612003173,2026-12-23 17:11:46,KH000028,Mobile Banking,Nạp tiền điện thoại,2015000,0,Thất bại,CN Cầu Giấy,81639785
GD202612013935,2026-12-23 19:40:18,KH000145,QR Code,Chuyển khoản đến,217000,0,Thành công,CN Quận 1,133410993
GD202612000869,2026-12-23 19:42:29,KH000011,Mobile Banking,Chuyển khoản đến,702000,0,Thành công,CN Đà Nẵng,129806175
GD202612016422,2026-12-23 20:24:06,KH000176,POS,Thanh toán thẻ,586000,3300,Thành công,CN Hải Phòng,80185664
GD202612010186,2026-12-23 20:28:56,KH000104,QR Code,Rút tiền mặt,917000,0,Thành công,CN TP Hồ Chí Minh,4199680
GD202612017143,2026-12-23 20:54:25,KH000182,Mobile Banking,Thanh toán thẻ,319000,0,Thành công,CN Thanh Xuân,19327067
GD202612005531,2026-12-23 21:06:19,KH000058,Internet Banking,Thanh toán thẻ,581000,0,Thành công,CN Thanh Xuân,357606187
GD202612011947,2026-12-23 21:12:48,KH000125,Internet Banking,Chuyển khoản đến,175000,0,Thành công,CN Thanh Xuân,321536
GD202612011511,2026-12-23 21:59:07,KH000119,Mobile Banking,Thanh toán thẻ,150000,0,Thành công,CN Cần Thơ,86003909
GD202612011509,2026-12-23 22:19:58,KH000119,QR Code,Nộp tiền mặt,89000,0,Thành công,CN TP Hồ Chí Minh,86335909
GD202612009633,2026-12-23 22:24:46,KH000097,Internet Banking,Thanh toán hóa đơn,71000,0,Thành công,CN Quận 1,146549
GD202612010407,2026-12-23 22:44:44,KH000108,Quầy giao dịch,Nạp tiền điện thoại,311000,0,Thành công,CN TP Hồ Chí Minh,134869260
GD202612002284,2026-12-23 22:48:50,KH000020,Internet Banking,Thanh toán hóa đơn,27112000,0,Thành công,CN Bình Dương,142980672
GD202612018534,2026-12-24 06:14:03,KH000195,QR Code,Thanh toán hóa đơn,150000,0,Thành công,CN Đà Nẵng,114017
GD202612006612,2026-12-24 07:37:27,KH000066,Internet Banking,Thanh toán thẻ,1809000,0,Thành công,CN Hải Phòng,149934347
GD202612005727,2026-12-24 07:57:13,KH000060,ATM,Chuyển khoản đến,4534000,1100,Thành công,CN Cần Thơ,29397914
GD202612007502,2026-12-24 08:06:15,KH000077,Mobile Banking,Thanh toán thẻ,1019000,0,Thành công,CN Bình Dương,5604397
GD202612012238,2026-12-24 09:10:51,KH000127,Mobile Banking,Thanh toán hóa đơn,1820000,0,Thành công,CN Bình Dương,4824727
GD202612007831,2026-12-24 09:37:15,KH000079,QR Code,Thanh toán thẻ,94000,0,Thành công,CN Cần Thơ,7341921
GD202612006829,2026-12-24 09:57:13,KH000071,Internet Banking,Chuyển khoản đến,67000,0,Thành công,CN Quận 1,774238
GD202612006522,2026-12-24 10:00:15,KH000065,POS,Thanh toán thẻ,1400000,1100,Thành công,CN Thanh Xuân,28613811
GD202612017146,2026-12-24 10:15:09,KH000182,Internet Banking,Thanh toán hóa đơn,2378000,0,Thành công,CN Bình Dương,12184067
GD202612017144,2026-12-24 10:16:29,KH000182,QR Code,Thanh toán thẻ,4765000,0,Thành công,CN Cần Thơ,14562067
GD202612011949,2026-12-24 10:37:08,KH000125,Internet Banking,Thanh toán thẻ,108000,0,Thất bại,CN Đà Nẵng,223436
GD202612013045,2026-12-24 11:19:26,KH000132,Mobile Banking,Nộp tiền mặt,6260000,0,Thành công,CN Thanh Xuân,48951113
GD202612007830,2026-12-24 11:24:59,KH000079,Internet Banking,Nộp tiền mặt,1625000,0,Thành công,CN Bình Dương,7435921
GD202612013362,2026-12-24 12:01:15,KH000137,Mobile Banking,Thanh toán hóa đơn,8446000,0,Thành công,CN Thanh Xuân,16410133
GD202612015849,2026-12-24 12:19:16,KH000171,Quầy giao dịch,Chuyển khoản đến,87000,5500,Thành công,CN Quận 1,213451
GD202612002510,2026-12-24 12:33:10,KH000023,Internet Banking,Thanh toán thẻ,505000,0,Thành công,CN Hoàn Kiếm,17071636
GD202612006274,2026-12-24 12:40:18,KH000063,POS,Thanh toán thẻ,530000,1100,Thành công,CN Cầu Giấy,104508113
GD202612006828,2026-12-24 12:58:19,KH000071,Quầy giao dịch,Chuyển khoản đến,160000,0,Thành công,CN Thanh Xuân,707238
GD202612018535,2026-12-24 13:19:43,KH000195,Quầy giao dịch,Thanh toán hóa đơn,161000,0,Thành công,CN Hải Phòng,194517
GD202612011149,2026-12-24 13:32:17,KH000117,Internet Banking,Chuyển khoản đi,851000,0,Thành công,CN Hoàn Kiếm,135466866
GD202612005092,2026-12-24 14:08:33,KH000052,POS,Thanh toán thẻ,155000,1100,Thành công,CN Quận 1,202706
GD202612002285,2026-12-24 14:23:08,KH000020,Internet Banking,Rút tiền mặt,27420000,0,Thành công,CN TP Hồ Chí Minh,115560672
GD202612017471,2026-12-24 14:52:49,KH000183,Mobile Banking,Rút tiền mặt,18936000,0,Thành công,CN TP Hồ Chí Minh,39425013
GD202612013361,2026-12-24 15:10:03,KH000137,Internet Banking,Chuyển khoản đến,1512000,0,Thành công,CN Bình Dương,24856133
GD202612010634,2026-12-24 15:40:28,KH000111,POS,Thanh toán thẻ,8333000,1100,Thành công,CN Hải Phòng,31208057
GD202612004503,2026-12-24 16:06:08,KH000045,Internet Banking,Rút tiền mặt,1271000,0,Thành công,CN Hải Phòng,72669457
GD202612012358,2026-12-24 17:03:15,KH000128,Quầy giao dịch,Nộp tiền mặt,286000,3300,Thành công,CN Đà Nẵng,93876843
GD202612015447,2026-12-24 17:20:18,KH000165,Internet Banking,Thanh toán thẻ,9369000,0,Thành công,CN Quận 1,33080812
GD202612007503,2026-12-24 17:21:33,KH000077,Internet Banking,Chuyển khoản đi,1176000,0,Thành công,CN Hải Phòng,4428397
GD202612001313,2026-12-24 17:28:37,KH000014,Internet Banking,Thanh toán thẻ,631000,0,Thành công,CN Bình Dương,9837110
GD202612011948,2026-12-24 17:38:05,KH000125,POS,Thanh toán thẻ,97000,1100,Thành công,CN Bình Dương,223436
GD202612014606,2026-12-24 18:30:33,KH000153,POS,Thanh toán thẻ,95000,3300,Thành công,CN Cần Thơ,181241
GD202612002998,2026-12-24 18:35:13,KH000027,Mobile Banking,Chuyển khoản đi,3359000,0,Thành công,CN Quận 1,10256818
GD202612003751,2026-12-24 18:59:21,KH000034,Mobile Banking,Chuyển khoản đi,1430000,0,Thất bại,CN Đà Nẵng,46509204
GD202612013413,2026-12-24 19:06:32,KH000138,POS,Thanh toán thẻ,2271000,1100,Thành công,CN Quận 1,20698985
GD202612018273,2026-12-24 19:23:32,KH000192,ATM,Chuyển khoản đến,5168000,1100,Thành công,CN Hải Phòng,233527052
GD202612011950,2026-12-24 19:31:13,KH000125,Mobile Banking,Rút tiền mặt,172000,0,Thành công,CN Quận 1,51436
GD202612015256,2026-12-24 20:45:51,KH000162,POS,Thanh toán thẻ,148000,5500,Thành công,CN Hải Phòng,193603
GD202612009464,2026-12-24 20:50:12,KH000096,QR Code,Thanh toán thẻ,105000,0,Thành công,CN Cầu Giấy,6347681
GD202612017145,2026-12-24 21:01:58,KH000182,QR Code,Thanh toán hóa đơn,2670000,0,Thất bại,CN Bình Dương,14562067
GD202612008642,2026-12-24 21:07:44,KH000087,ATM,Chuyển khoản đến,179000,5500,Thành công,CN Đà Nẵng,416826
GD202612006049,2026-12-24 21:23:00,KH000061,Mobile Banking,Thanh toán thẻ,795000,0,Thành công,CN Quận 1,2556210
GD202612014262,2026-12-24 22:10:32,KH000151,POS,Thanh toán thẻ,166000,5500,Thành công,CN Hải Phòng,213216
GD202612011651,2026-12-24 22:51:22,KH000123,ATM,Rút tiền mặt,70772000,1100,Thành công,CN Bình Dương,1114666485
GD202612012815,2026-12-24 22:55:12,KH000131,QR Code,Nộp tiền mặt,67000,0,Thành công,CN Bình Dương,348180
GD202612004109,2026-12-24 22:57:09,KH000040,QR Code,Nộp tiền mặt,4574000,0,Thành công,CN Thanh Xuân,18370377
GD202612008958,2026-12-25 06:02:17,KH000092,QR Code,Chuyển khoản đến,1837000,0,Thất bại,CN Cầu Giấy,7230260
GD202612008644,2026-12-25 06:14:20,KH000087,Mobile Banking,Nạp tiền điện thoại,54000,0,Thành công,CN Cần Thơ,279726
GD202612006275,2026-12-25 06:15:28,KH000063,Internet Banking,Nộp tiền mặt,831000,0,Thành công,CN Quận 1,105339113
GD202612016864,2026-12-25 06:48:49,KH000181,Mobile Banking,Nộp tiền mặt,81000,0,Thành công,CN Bình Dương,208020
GD202612014608,2026-12-25 06:55:14,KH000153,POS,Thanh toán thẻ,171000,0,Thành công,CN TP Hồ Chí Minh,208741
GD202612003372,2026-12-25 06:58:00,KH000031,Internet Banking,Thanh toán hóa đơn,57000,0,Thành công,CN Hải Phòng,203203
GD202612002063,2026-12-25 07:03:13,KH000019,Internet Banking,Thanh toán thẻ,683000,0,Thành công,CN Cầu Giấy,3640263
GD202612016425,2026-12-25 07:09:37,KH000176,Internet Banking,Thanh toán thẻ,525000,0,Thành công,CN Đà Nẵng,78868664
GD202612009799,2026-12-25 07:51:31,KH000099,POS,Thanh toán thẻ,1602000,0,Thành công,CN Cần Thơ,65243511
GD202612011952,2026-12-25 08:23:55,KH000125,Mobile Banking,Thanh toán thẻ,164000,0,Thành công,CN Đà Nẵng,59436
GD202612000234,2026-12-25 08:47:18,KH000005,ATM,Chuyển khoản đến,134000,5500,Thành công,CN Đà Nẵng,424830
GD202612003174,2026-12-25 09:03:13,KH000028,Mobile Banking,Nộp tiền mặt,2297000,0,Thành công,CN TP Hồ Chí Minh,83936785
GD202612014607,2026-12-25 09:14:46,KH000153,Mobile Banking,Thanh toán thẻ,58000,0,Thành công,CN Cần Thơ,123241
GD202612011550,2026-12-25 09:30:59,KH000120,Mobile Banking,Nộp tiền mặt,1906000,0,Thành công,CN Thanh Xuân,68624361
GD202612010636,2026-12-25 09:33:31,KH000111,POS,Thanh toán thẻ,2715000,5500,Thành công,CN Thanh Xuân,24888557
GD202612016042,2026-12-25 10:11:29,KH000172,QR Code,Chuyển khoản đến,1423000,0,Thành công,CN Cần Thơ,6946971
GD202612010547,2026-12-25 10:32:02,KH000110,QR Code,Chuyển khoản đến,2000000,0,Thành công,CN Đà Nẵng,65127919
GD202612015257,2026-12-25 10:39:03,KH000162,QR Code,Chuyển khoản đi,196000,0,Thành công,CN Quận 1,291603
GD202612017148,2026-12-25 10:48:32,KH000182,Mobile Banking,Thanh toán thẻ,3418000,0,Thành công,CN Cầu Giấy,8656067
GD202612018245,2026-12-25 10:51:43,KH000191,Mobile Banking,Nộp tiền mặt,1568000,0,Thành công,CN TP Hồ Chí Minh,6196354
GD202612010187,2026-12-25 10:57:04,KH000104,Mobile Banking,Nộp tiền mặt,539000,0,Thành công,CN Cầu Giấy,4738680
GD202612013414,2026-12-25 11:47:11,KH000138,Quầy giao dịch,Nạp tiền điện thoại,630000,5500,Thành công,CN TP Hồ Chí Minh,20063485
GD202612016423,2026-12-25 12:41:43,KH000176,Mobile Banking,Thanh toán hóa đơn,1045000,0,Thành công,CN Quận 1,79140664
GD202612016424,2026-12-25 12:50:00,KH000176,QR Code,Chuyển khoản đến,253000,0,Thành công,CN Cầu Giấy,79393664
GD202612000946,2026-12-25 13:27:15,KH000012,Mobile Banking,Nộp tiền mặt,68000,0,Thành công,CN Cần Thơ,135327514
GD202612008422,2026-12-25 14:04:03,KH000084,Mobile Banking,Thanh toán hóa đơn,2085000,0,Thành công,CN Quận 1,16298452
GD202612009465,2026-12-25 14:05:13,KH000096,Internet Banking,Nạp tiền điện thoại,538000,0,Thành công,CN Bình Dương,5809681
GD202612008421,2026-12-25 14:16:42,KH000084,QR Code,Thanh toán hóa đơn,1060000,0,Thành công,CN Bình Dương,18383452
GD202612017147,2026-12-25 14:36:41,KH000182,Mobile Banking,Thanh toán thẻ,110000,0,Thành công,CN Bình Dương,12074067
GD202612004504,2026-12-25 14:50:29,KH000045,POS,Thanh toán thẻ,316000,0,Thành công,CN Cần Thơ,72353457
GD202612017970,2026-12-25 14:57:25,KH000189,Mobile Banking,Chuyển khoản đến,52804000,0,Thất bại,CN Đà Nẵng,161451424
GD202612002062,2026-12-25 15:14:58,KH000019,POS,Thanh toán thẻ,1058000,1100,Thành công,CN Hải Phòng,4323263
GD202612011953,2026-12-25 15:24:04,KH000125,QR Code,Chuyển khoản đi,74000,0,Thành công,CN Cầu Giấy,96436
GD202612003500,2026-12-25 15:33:22,KH000032,Quầy giao dịch,Chuyển khoản đi,177000,1100,Thành công,CN Quận 1,134637886
GD202612006050,2026-12-25 15:38:41,KH000061,POS,Thanh toán thẻ,132000,1100,Thành công,CN Bình Dương,2423110
GD202612007832,2026-12-25 15:42:28,KH000079,Mobile Banking,Thanh toán thẻ,1662000,0,Thành công,CN Cầu Giấy,5679921
GD202612014971,2026-12-25 15:59:49,KH000159,Mobile Banking,Thanh toán thẻ,4026000,0,Thành công,CN Hải Phòng,65504302
GD202612005485,2026-12-25 16:19:05,KH000057,Mobile Banking,Chuyển khoản đi,562000,0,Thành công,CN Thanh Xuân,49128272
GD202612013363,2026-12-25 16:23:45,KH000137,POS,Chuyển khoản đi,1017000,5500,Thành công,CN TP Hồ Chí Minh,15387633
GD202612016426,2026-12-25 16:26:29,KH000176,QR Code,Rút tiền mặt,191000,0,Thành công,CN Thanh Xuân,78677664
GD202612008643,2026-12-25 16:59:03,KH000087,POS,Rút tiền mặt,82000,1100,Thành công,CN Hoàn Kiếm,333726
GD202612005532,2026-12-25 17:07:39,KH000058,POS,Thanh toán thẻ,31605000,1100,Thành công,CN Cầu Giấy,326000087
GD202612018691,2026-12-25 17:23:20,KH000197,ATM,Thanh toán hóa đơn,38949000,1100,Thành công,CN Đà Nẵng,73015641
GD202612014609,2026-12-25 18:38:26,KH000153,POS,Thanh toán thẻ,74000,5500,Thành công,CN Bình Dương,129241
GD202612004732,2026-12-25 18:55:17,KH000050,QR Code,Thanh toán thẻ,914000,0,Thành công,CN Hoàn Kiếm,40452243
GD202612008086,2026-12-25 19:19:18,KH000082,Mobile Banking,Nộp tiền mặt,2627000,0,Thành công,CN Đà Nẵng,10982043
GD202612010635,2026-12-25 19:50:26,KH000111,QR Code,Thanh toán thẻ,3599000,0,Thành công,CN Bình Dương,27609057
GD202612011512,2026-12-25 20:00:59,KH000119,POS,Thanh toán thẻ,189000,3300,Thành công,CN Hoàn Kiếm,85811609
GD202612008087,2026-12-25 20:30:12,KH000082,POS,Thanh toán thẻ,678000,1100,Thành công,CN Đà Nẵng,10302943
GD202612010982,2026-12-25 20:38:26,KH000115,Internet Banking,Chuyển khoản đi,2133000,0,Thành công,CN Quận 1,46602379
GD202612005373,2026-12-25 20:41:58,KH000056,Mobile Banking,Thanh toán thẻ,2889000,0,Thành công,CN Bình Dương,115272790
GD202612002286,2026-12-25 20:48:04,KH000020,QR Code,Thanh toán hóa đơn,8350000,0,Thành công,CN Bình Dương,107210672
GD202612004505,2026-12-25 21:02:45,KH000045,Internet Banking,Chuyển khoản đến,987000,0,Thành công,CN Đà Nẵng,73340457
GD202612010775,2026-12-25 21:11:23,KH000113,Internet Banking,Chuyển khoản đi,1648000,0,Thất bại,CN Bình Dương,17361208
GD202612012239,2026-12-25 21:19:45,KH000127,POS,Rút tiền mặt,1183000,5500,Thành công,CN Bình Dương,3636227
GD202612006830,2026-12-25 21:34:37,KH000071,Mobile Banking,Thanh toán hóa đơn,245000,0,Thành công,CN Hoàn Kiếm,529238
GD202612006276,2026-12-25 21:43:45,KH000063,POS,Thanh toán thẻ,644000,5500,Thất bại,CN Đà Nẵng,105339113
GD202612011951,2026-12-25 22:34:11,KH000125,Mobile Banking,Nộp tiền mặt,172000,0,Thành công,CN TP Hồ Chí Minh,223436
GD202612005374,2026-12-25 22:55:56,KH000056,POS,Thanh toán thẻ,163000,5500,Thất bại,CN Cầu Giấy,115272790
GD202612011955,2026-12-26 06:20:38,KH000125,Mobile Banking,Chuyển khoản đến,118000,0,Thành công,CN Đà Nẵng,263436
GD202612002829,2026-12-26 06:22:33,KH000025,Internet Banking,Chuyển khoản đến,165000,0,Thành công,CN Bình Dương,411531
GD202612012816,2026-12-26 06:34:40,KH000131,Mobile Banking,Thanh toán thẻ,149000,0,Thất bại,CN TP Hồ Chí Minh,348180
GD202612001315,2026-12-26 07:22:01,KH000014,Mobile Banking,Thanh toán thẻ,3676000,0,Thành công,CN Bình Dương,7945110
GD202612014012,2026-12-26 07:24:02,KH000147,POS,Thanh toán thẻ,4098000,5500,Thành công,CN Đà Nẵng,149972010
GD202612016735,2026-12-26 07:34:31,KH000180,Quầy giao dịch,Chuyển khoản đến,682000,5500,Thành công,CN Đà Nẵng,81951614
GD202612010777,2026-12-26 07:54:39,KH000113,POS,Rút tiền mặt,339000,0,Thành công,CN Cần Thơ,11698208
GD202612008645,2026-12-26 08:12:49,KH000087,Internet Banking,Nộp tiền mặt,115000,0,Thành công,CN Quận 1,394726
GD202612017971,2026-12-26 08:34:32,KH000189,Mobile Banking,Chuyển khoản đến,23101000,0,Thành công,CN Bình Dương,184552424
GD202612018247,2026-12-26 09:04:34,KH000191,Mobile Banking,Chuyển khoản đến,674000,0,Thành công,CN Quận 1,5628354
GD202612011954,2026-12-26 09:06:47,KH000125,POS,Thanh toán thẻ,98000,0,Thành công,CN TP Hồ Chí Minh,145436
GD202612011552,2026-12-26 09:18:06,KH000120,Mobile Banking,Nộp tiền mặt,2454000,0,Thành công,CN Thanh Xuân,70662361
GD202612002064,2026-12-26 09:27:48,KH000019,Mobile Banking,Thanh toán thẻ,893000,0,Thành công,CN Đà Nẵng,2747263
GD202612004640,2026-12-26 09:43:06,KH000049,ATM,Chuyển khoản đi,2790000,3300,Thành công,CN Hải Phòng,26990555
GD202612005094,2026-12-26 09:52:02,KH000052,Mobile Banking,Rút tiền mặt,141000,0,Thành công,CN Cầu Giấy,215206
GD202612018027,2026-12-26 10:18:53,KH000190,ATM,Rút tiền mặt,16594000,0,Thành công,CN Cầu Giấy,139808010
GD202612007504,2026-12-26 10:20:27,KH000077,Mobile Banking,Thanh toán thẻ,655000,0,Thành công,CN Thanh Xuân,3773397
GD202612004780,2026-12-26 10:48:22,KH000051,QR Code,Thanh toán thẻ,71000,0,Thành công,CN Quận 1,62356
GD202612014611,2026-12-26 10:50:16,KH000153,POS,Thanh toán thẻ,200000,3300,Thành công,CN Hải Phòng,317441
GD202612000947,2026-12-26 12:10:46,KH000012,Mobile Banking,Thanh toán thẻ,2808000,0,Thất bại,CN Quận 1,135327514
GD202612008959,2026-12-26 12:40:51,KH000092,QR Code,Thanh toán thẻ,664000,0,Thành công,CN TP Hồ Chí Minh,6566260
GD202612014932,2026-12-26 12:43:39,KH000158,ATM,Chuyển khoản đến,6273000,3300,Thành công,CN Quận 1,29758219
GD202612006831,2026-12-26 12:56:03,KH000071,QR Code,Rút tiền mặt,77000,0,Thành công,CN Cầu Giấy,452238
GD202612008960,2026-12-26 13:00:13,KH000092,Mobile Banking,Thanh toán thẻ,1126000,0,Thành công,CN Cầu Giấy,5440260
GD202612006302,2026-12-26 14:11:49,KH000064,Mobile Banking,Thanh toán thẻ,203000,0,Thành công,CN Thanh Xuân,623131
GD202612016528,2026-12-26 14:28:33,KH000177,Internet Banking,Nộp tiền mặt,3062000,0,Thành công,CN Cầu Giấy,19911722
GD202612011551,2026-12-26 14:30:57,KH000120,Internet Banking,Thanh toán thẻ,416000,0,Thành công,CN Hải Phòng,68208361
GD202612000236,2026-12-26 14:35:27,KH000005,Mobile Banking,Rút tiền mặt,144000,0,Thành công,CN Cầu Giấy,178830
GD202612013936,2026-12-26 14:44:51,KH000145,POS,Thanh toán thẻ,87000,3300,Thành công,CN Hoàn Kiếm,133320693
GD202612003501,2026-12-26 14:45:45,KH000032,ATM,Chuyển khoản đến,137000,1100,Thành công,CN TP Hồ Chí Minh,134774886
GD202612010408,2026-12-26 15:30:01,KH000108,QR Code,Nạp tiền điện thoại,406000,0,Thành công,CN Bình Dương,134463260
GD202612003175,2026-12-26 15:36:47,KH000028,Mobile Banking,Chuyển khoản đến,1190000,0,Thành công,CN Thanh Xuân,85126785
GD202612009881,2026-12-26 15:37:12,KH000101,ATM,Thanh toán hóa đơn,5883000,1100,Thành công,CN Thanh Xuân,102804061
GD202612005375,2026-12-26 15:38:22,KH000056,QR Code,Thanh toán thẻ,2355000,0,Thành công,CN Quận 1,112917790
GD202612001314,2026-12-26 16:06:23,KH000014,Internet Banking,Chuyển khoản đến,1784000,0,Thành công,CN Bình Dương,11621110
GD202612005095,2026-12-26 16:36:19,KH000052,Mobile Banking,Thanh toán thẻ,158000,0,Thành công,CN Cầu Giấy,57206
GD202612003752,2026-12-26 17:19:32,KH000034,QR Code,Chuyển khoản đến,2053000,0,Thành công,CN Hoàn Kiếm,48562204
GD202612016043,2026-12-26 17:38:33,KH000172,Internet Banking,Nộp tiền mặt,1238000,0,Thành công,CN Cần Thơ,8184971
GD202612003753,2026-12-26 17:48:05,KH000034,QR Code,Chuyển khoản đến,1271000,0,Thành công,CN Thanh Xuân,49833204
GD202612014610,2026-12-26 18:00:24,KH000153,Internet Banking,Thanh toán hóa đơn,183000,0,Thành công,CN Bình Dương,220741
GD202612010778,2026-12-26 18:19:27,KH000113,Mobile Banking,Thanh toán thẻ,202000,0,Thành công,CN Cần Thơ,11496208
GD202612018309,2026-12-26 18:34:40,KH000193,ATM,Chuyển khoản đến,14424000,5500,Thành công,CN Cầu Giấy,409773105
GD202612017149,2026-12-26 18:42:37,KH000182,Internet Banking,Nộp tiền mặt,2418000,0,Thành công,CN TP Hồ Chí Minh,11074067
GD202612011627,2026-12-26 18:44:39,KH000122,Internet Banking,Thanh toán thẻ,10986000,0,Thành công,CN Hoàn Kiếm,21616366
GD202612000235,2026-12-26 20:13:53,KH000005,ATM,Nạp tiền điện thoại,102000,0,Thành công,CN Cần Thơ,322830
GD202612014187,2026-12-26 20:27:22,KH000150,Mobile Banking,Chuyển khoản đến,2976000,0,Thành công,CN Hải Phòng,30075606
GD202612011272,2026-12-26 20:31:05,KH000118,Quầy giao dịch,Chuyển khoản đi,2511000,0,Thành công,CN Thanh Xuân,7008818
GD202612005093,2026-12-26 20:39:05,KH000052,QR Code,Rút tiền mặt,58000,0,Thành công,CN Đà Nẵng,144706
GD202612007833,2026-12-26 21:01:28,KH000079,Internet Banking,Chuyển khoản đến,398000,0,Thành công,CN Đà Nẵng,6077921
GD202612018026,2026-12-26 21:24:37,KH000190,Mobile Banking,Nộp tiền mặt,7555000,0,Thành công,CN Đà Nẵng,156402010
GD202612018246,2026-12-26 21:48:03,KH000191,QR Code,Thanh toán thẻ,1242000,0,Thành công,CN Bình Dương,4954354
GD202612007927,2026-12-26 22:01:33,KH000081,ATM,Rút tiền mặt,19406000,1100,Thành công,CN Thanh Xuân,513894060
GD202612005728,2026-12-26 22:38:25,KH000060,Mobile Banking,Thanh toán thẻ,406000,0,Thành công,CN TP Hồ Chí Minh,28991914
GD202612005707,2026-12-26 22:49:22,KH000059,POS,Thanh toán thẻ,1708000,5500,Thành công,CN Đà Nẵng,72856048
GD202612010776,2026-12-26 22:53:16,KH000113,ATM,Rút tiền mặt,5324000,0,Thành công,CN TP Hồ Chí Minh,12037208
GD202612011956,2026-12-27 06:41:30,KH000125,POS,Thanh toán thẻ,156000,5500,Thành công,CN Thanh Xuân,101936
GD202612009800,2026-12-27 06:53:22,KH000099,Mobile Banking,Chuyển khoản đi,1473000,0,Thành công,CN TP Hồ Chí Minh,63770511
GD202612003755,2026-12-27 07:09:24,KH000034,QR Code,Chuyển khoản đi,2557000,0,Thành công,CN Hoàn Kiếm,47219704
GD202612013072,2026-12-27 07:15:25,KH000133,Quầy giao dịch,Chuyển khoản đi,771000,5500,Thành công,CN Cầu Giấy,1759921
GD202612003756,2026-12-27 07:28:46,KH000034,POS,Thanh toán thẻ,506000,5500,Thành công,CN Đà Nẵng,46708204
GD202612017150,2026-12-27 07:30:09,KH000182,Internet Banking,Rút tiền mặt,3164000,0,Thất bại,CN Thanh Xuân,11074067
GD202612018248,2026-12-27 07:51:48,KH000191,Mobile Banking,Thanh toán thẻ,786000,0,Thành công,CN Thanh Xuân,4842354
GD202612004641,2026-12-27 08:51:20,KH000049,POS,Thanh toán thẻ,4117000,5500,Thành công,CN TP Hồ Chí Minh,22868055
GD202612002830,2026-12-27 09:18:10,KH000025,Internet Banking,Chuyển khoản đi,91000,0,Thành công,CN Đà Nẵng,320531
GD202612012240,2026-12-27 09:30:34,KH000127,QR Code,Thanh toán thẻ,530000,0,Thành công,CN Thanh Xuân,3106227
GD202612015850,2026-12-27 09:39:57,KH000171,QR Code,Nạp tiền điện thoại,74000,0,Thành công,CN TP Hồ Chí Minh,139451
GD202612009882,2026-12-27 09:57:36,KH000101,POS,Thanh toán hóa đơn,5414000,3300,Thành công,CN Đà Nẵng,97386761
GD202612009243,2026-12-27 11:08:34,KH000094,POS,Thanh toán thẻ,2136000,3300,Thành công,CN TP Hồ Chí Minh,56907263
GD202612017825,2026-12-27 12:21:23,KH000187,Mobile Banking,Thanh toán thẻ,4509000,0,Thành công,CN Bình Dương,8796280
GD202612012359,2026-12-27 12:24:44,KH000128,QR Code,Nạp tiền điện thoại,545000,0,Thành công,CN Bình Dương,93331843
GD202612015054,2026-12-27 12:25:47,KH000161,QR Code,Rút tiền mặt,466000,0,Thành công,CN Quận 1,19094263
GD202612002066,2026-12-27 12:29:13,KH000019,QR Code,Thanh toán thẻ,690000,0,Thành công,CN Đà Nẵng,2229263
GD202612001768,2026-12-27 12:44:52,KH000018,QR Code,Thanh toán thẻ,183000,0,Thành công,CN Đà Nẵng,95528489
GD202612009242,2026-12-27 12:53:46,KH000094,Internet Banking,Thanh toán hóa đơn,1370000,0,Thành công,CN Quận 1,59046563
GD202612017472,2026-12-27 13:47:35,KH000183,Mobile Banking,Chuyển khoản đến,4382000,0,Thành công,CN Bình Dương,43807013
GD202612004271,2026-12-27 14:14:10,KH000042,Quầy giao dịch,Chuyển khoản đến,1106000,3300,Thành công,CN Cần Thơ,40363992
GD202612013500,2026-12-27 14:31:25,KH000140,Quầy giao dịch,Nạp tiền điện thoại,580000,1100,Thành công,CN Quận 1,25028136
GD202612000760,2026-12-27 15:39:20,KH000010,QR Code,Chuyển khoản đến,181000,0,Thành công,CN Cầu Giấy,3193642
GD202612008423,2026-12-27 15:46:24,KH000084,QR Code,Thanh toán hóa đơn,1183000,0,Thành công,CN TP Hồ Chí Minh,15115452
GD202612014263,2026-12-27 16:24:51,KH000151,Mobile Banking,Thanh toán thẻ,160000,0,Thành công,CN Cầu Giấy,53216
GD202612006523,2026-12-27 16:26:12,KH000065,QR Code,Thanh toán thẻ,4677000,0,Thành công,CN Hoàn Kiếm,23936811
GD202612002511,2026-12-27 16:29:58,KH000023,POS,Thanh toán thẻ,1579000,1100,Thành công,CN Cầu Giấy,15491536
GD202612011957,2026-12-27 17:24:22,KH000125,QR Code,Chuyển khoản đến,152000,0,Thành công,CN Quận 1,253936
GD202612006832,2026-12-27 17:24:39,KH000071,Mobile Banking,Nộp tiền mặt,160000,0,Thành công,CN Quận 1,612238
GD202612005729,2026-12-27 17:45:05,KH000060,QR Code,Thanh toán thẻ,1616000,0,Thành công,CN Bình Dương,27375914
GD202612016736,2026-12-27 17:46:24,KH000180,QR Code,Rút tiền mặt,1412000,0,Thành công,CN Hải Phòng,80539614
GD202612018692,2026-12-27 17:48:50,KH000197,Mobile Banking,Thanh toán thẻ,22701000,0,Thành công,CN Hải Phòng,50314641
GD202612012242,2026-12-27 18:50:24,KH000127,QR Code,Nạp tiền điện thoại,805000,0,Thành công,CN Cầu Giấy,2655227
GD202612003754,2026-12-27 19:26:54,KH000034,POS,Thanh toán thẻ,51000,5500,Thành công,CN Thanh Xuân,49776704
GD202612012241,2026-12-27 19:38:23,KH000127,ATM,Chuyển khoản đến,354000,5500,Thành công,CN Cầu Giấy,3460227
GD202612014612,2026-12-27 20:12:38,KH000153,Mobile Banking,Chuyển khoản đến,57000,0,Thành công,CN TP Hồ Chí Minh,374441
GD202612009634,2026-12-27 20:28:39,KH000097,POS,Thanh toán thẻ,131000,0,Thành công,CN TP Hồ Chí Minh,212049
GD202612014613,2026-12-27 20:31:42,KH000153,QR Code,Nạp tiền điện thoại,68000,0,Thành công,CN Thanh Xuân,306441
GD202612005486,2026-12-27 21:01:41,KH000057,POS,Thanh toán thẻ,1212000,3300,Thành công,CN Đà Nẵng,47912972
GD202612002065,2026-12-27 21:10:20,KH000019,QR Code,Chuyển khoản đến,172000,0,Thành công,CN Bình Dương,2919263
GD202612000870,2026-12-27 22:02:26,KH000011,QR Code,Chuyển khoản đến,1938000,0,Thành công,CN Bình Dương,131744175
GD202612007834,2026-12-27 22:05:41,KH000079,ATM,Thanh toán hóa đơn,1863000,5500,Thành công,CN Quận 1,4209421
GD202612007505,2026-12-27 22:48:39,KH000077,QR Code,Nộp tiền mặt,600000,0,Thất bại,CN Đà Nẵng,3773397
GD202612007835,2026-12-28 06:42:55,KH000079,Internet Banking,Nộp tiền mặt,1265000,0,Thành công,CN Quận 1,5474421
GD202612005096,2026-12-28 06:55:42,KH000052,Internet Banking,Thanh toán hóa đơn,59000,0,Thành công,CN Quận 1,86706
GD202612017153,2026-12-28 07:01:27,KH000182,POS,Thanh toán thẻ,3563000,3300,Thành công,CN TP Hồ Chí Minh,8342767
GD202612000761,2026-12-28 07:28:42,KH000010,Mobile Banking,Nạp tiền điện thoại,565000,0,Thành công,CN Đà Nẵng,2628642
GD202612012542,2026-12-28 07:30:23,KH000130,Mobile Banking,Chuyển khoản đến,5098000,0,Thành công,CN Thanh Xuân,30906275
GD202612007152,2026-12-28 07:31:22,KH000074,QR Code,Rút tiền mặt,1586000,0,Thành công,CN Cần Thơ,36229625
GD202612004506,2026-12-28 07:34:24,KH000045,Mobile Banking,Nộp tiền mặt,123000,0,Thành công,CN Bình Dương,73463457
GD202612013690,2026-12-28 07:34:34,KH000142,ATM,Chuyển khoản đi,8327000,1100,Thành công,CN Cần Thơ,34107212
GD202612013048,2026-12-28 07:36:30,KH000132,POS,Thanh toán thẻ,17502000,1100,Thành công,CN Hoàn Kiếm,45790013
GD202612002831,2026-12-28 07:54:20,KH000025,Internet Banking,Nộp tiền mặt,146000,0,Thành công,CN Thanh Xuân,466531
GD202612018249,2026-12-28 08:27:53,KH000191,QR Code,Chuyển khoản đi,1190000,0,Thành công,CN Đà Nẵng,3652354
GD202612017155,2026-12-28 09:24:49,KH000182,Internet Banking,Thanh toán thẻ,103000,0,Thành công,CN Bình Dương,10752767
GD202612005708,2026-12-28 10:01:39,KH000059,POS,Thanh toán thẻ,14664000,3300,Thành công,CN Cần Thơ,58188748
GD202612017972,2026-12-28 10:27:30,KH000189,Mobile Banking,Nạp tiền điện thoại,8183000,0,Thành công,CN TP Hồ Chí Minh,176369424
GD202612003177,2026-12-28 10:34:52,KH000028,Internet Banking,Rút tiền mặt,2517000,0,Thành công,CN Thanh Xuân,81035485
GD202612008961,2026-12-28 10:47:12,KH000092,Mobile Banking,Thanh toán hóa đơn,1571000,0,Thành công,CN Hoàn Kiếm,3869260
GD202612003757,2026-12-28 10:49:47,KH000034,Mobile Banking,Chuyển khoản đến,1574000,0,Thành công,CN Hoàn Kiếm,48282204
GD202612002067,2026-12-28 11:16:19,KH000019,Mobile Banking,Chuyển khoản đi,621000,0,Thành công,CN TP Hồ Chí Minh,1608263
GD202612017154,2026-12-28 11:46:50,KH000182,QR Code,Nộp tiền mặt,2513000,0,Thành công,CN Quận 1,10855767
GD202612017826,2026-12-28 11:48:19,KH000187,POS,Thanh toán thẻ,1030000,3300,Thành công,CN Đà Nẵng,7762980
GD202612001769,2026-12-28 11:54:36,KH000018,POS,Thanh toán thẻ,1260000,1100,Thành công,CN Đà Nẵng,94267389
GD202612013046,2026-12-28 12:44:48,KH000132,QR Code,Chuyển khoản đến,15533000,0,Thành công,CN Hoàn Kiếm,64484113
GD202612005533,2026-12-28 12:50:28,KH000058,ATM,Nộp tiền mặt,2616000,5500,Thành công,CN TP Hồ Chí Minh,328616087
GD202612004272,2026-12-28 12:56:53,KH000042,Internet Banking,Chuyển khoản đến,3541000,0,Thành công,CN Hoàn Kiếm,43904992
GD202612010189,2026-12-28 12:57:59,KH000104,Mobile Banking,Chuyển khoản đến,165000,0,Thành công,CN Hoàn Kiếm,4796680
GD202612007506,2026-12-28 13:10:41,KH000077,POS,Thanh toán thẻ,852000,1100,Thành công,CN Cầu Giấy,2920297
GD202612000551,2026-12-28 13:18:41,KH000009,QR Code,Chuyển khoản đi,511000,0,Thành công,CN Hoàn Kiếm,48407227
GD202612000948,2026-12-28 13:20:04,KH000012,POS,Thanh toán thẻ,570000,0,Thành công,CN Bình Dương,134757514
GD202612008990,2026-12-28 13:20:22,KH000093,Mobile Banking,Nộp tiền mặt,2622000,0,Thành công,CN Thanh Xuân,14273104
GD202612006090,2026-12-28 13:25:05,KH000062,Quầy giao dịch,Thanh toán hóa đơn,1068000,3300,Thành công,CN Hoàn Kiếm,4460824
GD202612002287,2026-12-28 13:30:47,KH000020,Mobile Banking,Thanh toán thẻ,29961000,0,Thành công,CN Quận 1,77249672
GD202612005730,2026-12-28 13:37:36,KH000060,Mobile Banking,Nộp tiền mặt,5335000,0,Thành công,CN Đà Nẵng,32710914
GD202612000237,2026-12-28 13:57:17,KH000005,POS,Thanh toán thẻ,134000,0,Thành công,CN Thanh Xuân,245830
GD202612010894,2026-12-28 14:03:21,KH000114,Mobile Banking,Chuyển khoản đến,1714000,0,Thành công,CN TP Hồ Chí Minh,100343150
GD202612016188,2026-12-28 14:03:54,KH000175,ATM,Chuyển khoản đi,3226000,0,Thành công,CN Bình Dương,27366425
GD202612011514,2026-12-28 14:20:44,KH000119,Internet Banking,Nạp tiền điện thoại,184000,0,Thành công,CN Hải Phòng,85475609
GD202612004642,2026-12-28 14:30:25,KH000049,POS,Thanh toán thẻ,2433000,3300,Thành công,CN TP Hồ Chí Minh,20431755
GD202612003176,2026-12-28 14:41:51,KH000028,POS,Thanh toán thẻ,1571000,3300,Thành công,CN Đà Nẵng,83552485
GD202612007507,2026-12-28 15:13:20,KH000077,Internet Banking,Chuyển khoản đến,154000,0,Thất bại,CN Bình Dương,2920297
GD202612000762,2026-12-28 15:14:05,KH000010,Mobile Banking,Rút tiền mặt,397000,0,Thành công,CN Bình Dương,2231642
GD202612017152,2026-12-28 15:51:50,KH000182,POS,Thanh toán thẻ,1580000,0,Thành công,CN TP Hồ Chí Minh,11909067
GD202612009801,2026-12-28 15:59:25,KH000099,QR Code,Thanh toán thẻ,1753000,0,Thành công,CN Quận 1,62017511
GD202612003758,2026-12-28 16:00:35,KH000034,Mobile Banking,Thanh toán thẻ,2680000,0,Thành công,CN Hải Phòng,45602204
GD202612017151,2026-12-28 16:17:23,KH000182,Mobile Banking,Nộp tiền mặt,2415000,0,Thành công,CN Hoàn Kiếm,13489067
GD202612002999,2026-12-28 17:01:36,KH000027,Internet Banking,Thanh toán thẻ,407000,0,Thành công,CN Thanh Xuân,9849818
GD202612004110,2026-12-28 17:51:18,KH000040,Internet Banking,Chuyển khoản đến,931000,0,Thành công,CN Đà Nẵng,19301377
GD202612012817,2026-12-28 19:30:42,KH000131,Mobile Banking,Thanh toán thẻ,100000,0,Thành công,CN Bình Dương,248180
GD202612016427,2026-12-28 19:51:31,KH000176,Mobile Banking,Thanh toán thẻ,202000,0,Thành công,CN Hải Phòng,78475664
GD202612010893,2026-12-28 19:51:45,KH000114,Mobile Banking,Nạp tiền điện thoại,782000,0,Thành công,CN Đà Nẵng,98629150
GD202612010188,2026-12-28 20:18:22,KH000104,Mobile Banking,Thanh toán thẻ,107000,0,Thành công,CN Cần Thơ,4631680
GD202612016529,2026-12-28 21:20:44,KH000177,POS,Nạp tiền điện thoại,5607000,5500,Thành công,CN Hải Phòng,14299222
GD202612003958,2026-12-28 21:23:09,KH000038,QR Code,Chuyển khoản đến,835000,0,Thành công,CN Cầu Giấy,104165514
GD202612013047,2026-12-28 21:30:51,KH000132,QR Code,Rút tiền mặt,1191000,0,Thành công,CN TP Hồ Chí Minh,63293113
GD202612002512,2026-12-28 22:11:00,KH000023,Mobile Banking,Nạp tiền điện thoại,1481000,0,Thành công,CN Bình Dương,14010536
GD202612011513,2026-12-28 22:32:57,KH000119,Internet Banking,Rút tiền mặt,152000,0,Thành công,CN Bình Dương,85659609
GD202612008424,2026-12-28 22:41:03,KH000084,POS,Thanh toán thẻ,1216000,3300,Thành công,CN Đà Nẵng,13896152
