ma_giao_dich,ngay_gio,ma_kh,kenh,loai_giao_dich,so_tien,phi,trang_thai,chi_nhanh,so_du_sau_giao_dich
GD202602015076,2026-02-01 06:00:29,KH000162,POS,Thanh toán thẻ,1477000,0,Thành công,CN Cầu Giấy,19384103
GD202602018048,2026-02-01 06:12:30,KH000191,Mobile Banking,Chuyển khoản đến,4355000,0,Thành công,CN Thanh Xuân,42329449
GD202602000134,2026-02-01 06:46:16,KH000005,ATM,Nộp tiền mặt,60257000,1100,Thành công,CN Hoàn Kiếm,439873630
GD202602010277,2026-02-01 06:52:31,KH000107,ATM,Nạp tiền điện thoại,314000,5500,Thành công,CN Hải Phòng,14727670
GD202602005098,2026-02-01 06:59:59,KH000053,Internet Banking,Chuyển khoản đến,40853000,0,Thất bại,CN Quận 1,188131915
GD202602006729,2026-02-01 07:00:18,KH000070,POS,Chuyển khoản đến,183000,5500,Thành công,CN Hải Phòng,80482596
GD202602002842,2026-02-01 07:05:55,KH000026,QR Code,Thanh toán hóa đơn,3952000,0,Thành công,CN Cần Thơ,15949122
GD202602010679,2026-02-01 07:20:50,KH000113,Quầy giao dịch,Rút tiền mặt,455000,5500,Thành công,CN Bình Dương,7538148
GD202602010409,2026-02-01 07:21:55,KH000109,Quầy giao dịch,Chuyển khoản đến,2043000,1100,Thành công,CN Bình Dương,21857529
GD202602011294,2026-02-01 07:39:30,KH000119,Internet Banking,Thanh toán hóa đơn,143000,0,Thành công,CN Thanh Xuân,8596739
GD202602015318,2026-02-01 07:47:04,KH000164,QR Code,Rút tiền mặt,118000,0,Thành công,CN Quận 1,3151489
GD202602008095,2026-02-01 07:52:15,KH000083,QR Code,Thanh toán thẻ,86000,0,Thành công,CN Thanh Xuân,14011674
GD202602014767,2026-02-01 07:53:55,KH000157,POS,Thanh toán thẻ,1760000,0,Thành công,CN Cầu Giấy,10190595
GD202602011038,2026-02-01 07:56:15,KH000117,POS,Thanh toán thẻ,590000,3300,Thành công,CN Quận 1,19551781
GD202602016607,2026-02-01 07:59:28,KH000180,Quầy giao dịch,Nộp tiền mặt,2273000,5500,Thành công,CN Cần Thơ,26118293
GD202602008658,2026-02-01 08:06:12,KH000088,POS,Thanh toán thẻ,167000,0,Thành công,CN Quận 1,2002456
GD202602013368,2026-02-01 08:32:03,KH000138,POS,Chuyển khoản đi,10723000,5500,Thành công,CN Hải Phòng,29212569
GD202602004122,2026-02-01 08:34:51,KH000041,ATM,Nộp tiền mặt,20637000,5500,Thành công,CN Hải Phòng,113558774
GD202602001687,2026-02-01 08:36:19,KH000018,POS,Thanh toán thẻ,92000,5500,Thành công,CN Cần Thơ,28273746
GD202602014857,2026-02-01 08:39:50,KH000158,ATM,Rút tiền mặt,16026000,1100,Thành công,CN Quận 1,82997964
GD202602012252,2026-02-01 08:46:56,KH000128,POS,Rút tiền mặt,179000,3300,Thành công,CN Thanh Xuân,10298807
GD202602001794,2026-02-01 08:49:02,KH000019,QR Code,Thanh toán hóa đơn,1653000,0,Thành công,CN Đà Nẵng,57386804
GD202602008096,2026-02-01 09:24:44,KH000083,POS,Nạp tiền điện thoại,427000,3300,Thành công,CN Thanh Xuân,13581374
GD202602005097,2026-02-01 09:28:10,KH000053,ATM,Rút tiền mặt,84787000,3300,Thành công,CN Cầu Giấy,188131915
GD202602018780,2026-02-01 09:43:03,KH000200,Mobile Banking,Thanh toán thẻ,1124000,0,Thành công,CN TP Hồ Chí Minh,6576777
GD202602003811,2026-02-01 09:43:42,KH000037,Mobile Banking,Thanh toán thẻ,46042000,0,Thành công,CN Quận 1,203938258
GD202602002411,2026-02-01 09:51:09,KH000023,POS,Nộp tiền mặt,6315000,0,Thành công,CN Bình Dương,26527155
GD202602013819,2026-02-01 09:52:55,KH000145,Quầy giao dịch,Thanh toán hóa đơn,329000,5500,Thành công,CN Bình Dương,15022284
GD202602002881,2026-02-01 10:09:47,KH000027,POS,Thanh toán thẻ,9293000,3300,Thành công,CN Quận 1,127156217
GD202602014766,2026-02-01 10:30:44,KH000157,POS,Thanh toán thẻ,1502000,5500,Thành công,CN Cần Thơ,11950595
GD202602001316,2026-02-01 10:46:34,KH000015,POS,Thanh toán thẻ,25868000,5500,Thành công,CN TP Hồ Chí Minh,1785700925
GD202602014698,2026-02-01 10:46:34,KH000155,Internet Banking,Thanh toán thẻ,23848000,0,Thành công,CN Đà Nẵng,148390785
GD202602015395,2026-02-01 10:48:20,KH000165,Quầy giao dịch,Chuyển khoản đến,25338000,1100,Thành công,CN Hoàn Kiếm,120953502
GD202602003515,2026-02-01 10:59:55,KH000033,QR Code,Thanh toán thẻ,1450000,0,Thành công,CN Cầu Giấy,26699119
GD202602017664,2026-02-01 11:11:17,KH000187,Internet Banking,Chuyển khoản đến,875000,0,Thành công,CN Hải Phòng,10031829
GD202602004574,2026-02-01 11:20:33,KH000048,POS,Nộp tiền mặt,5830000,1100,Thành công,CN Bình Dương,61617815
GD202602016208,2026-02-01 11:37:34,KH000176,Mobile Banking,Thanh toán hóa đơn,1119000,0,Thành công,CN Cầu Giấy,13214328
GD202602012568,2026-02-01 11:48:37,KH000131,POS,Thanh toán thẻ,240000,1100,Thành công,CN Cần Thơ,32780280
GD202602000949,2026-02-01 11:56:51,KH000013,POS,Thanh toán thẻ,102320000,5500,Thành công,CN Cần Thơ,229995538
GD202602005754,2026-02-01 12:03:11,KH000061,Internet Banking,Nộp tiền mặt,1604000,0,Thành công,CN Đà Nẵng,33163378
GD202602015454,2026-02-01 12:18:34,KH000166,Internet Banking,Thanh toán thẻ,34913000,0,Thành công,CN Cần Thơ,166837500
GD202602016749,2026-02-01 12:20:20,KH000181,POS,Thanh toán hóa đơn,1438000,0,Thành công,CN Hải Phòng,10622520
GD202602001062,2026-02-01 12:30:29,KH000014,Mobile Banking,Chuyển khoản đi,1349000,0,Thành công,CN Cần Thơ,6257906
GD202602015259,2026-02-01 12:33:48,KH000163,Internet Banking,Nạp tiền điện thoại,444000,0,Thành công,CN Hoàn Kiếm,45203487
GD202602013073,2026-02-01 12:39:47,KH000134,QR Code,Nộp tiền mặt,3644000,0,Thành công,CN TP Hồ Chí Minh,29463862
GD202602008190,2026-02-01 12:46:59,KH000084,Internet Banking,Thanh toán thẻ,1983000,0,Thành công,CN Thanh Xuân,20915968
GD202602006658,2026-02-01 13:14:34,KH000068,Mobile Banking,Chuyển khoản đến,3491000,0,Thành công,CN TP Hồ Chí Minh,88012889
GD202602002410,2026-02-01 13:19:51,KH000023,Mobile Banking,Thanh toán thẻ,10556000,0,Thành công,CN Bình Dương,20212155
GD202602000039,2026-02-01 13:55:23,KH000002,Internet Banking,Thanh toán thẻ,2856000,0,Thành công,CN TP Hồ Chí Minh,46893826
GD202602013726,2026-02-01 14:06:03,KH000144,Quầy giao dịch,Nạp tiền điện thoại,149000,3300,Thành công,CN Hải Phòng,5961656
GD202602017519,2026-02-01 14:08:20,KH000185,Quầy giao dịch,Chuyển khoản đi,10525000,0,Thành công,CN Đà Nẵng,34534961
GD202602018310,2026-02-01 14:26:04,KH000194,Mobile Banking,Nạp tiền điện thoại,1704000,0,Thành công,CN TP Hồ Chí Minh,34813817
GD202602003015,2026-02-01 14:34:21,KH000028,POS,Thanh toán thẻ,2247000,3300,Thành công,CN Hoàn Kiếm,25061313
GD202602013699,2026-02-01 14:36:32,KH000143,QR Code,Thanh toán thẻ,840000,0,Thành công,CN Đà Nẵng,21735539
GD202602012569,2026-02-01 14:40:41,KH000131,POS,Thanh toán thẻ,383000,1100,Thành công,CN Hoàn Kiếm,32396180
GD202602012840,2026-02-01 14:47:03,KH000132,QR Code,Rút tiền mặt,4638000,0,Thành công,CN Cần Thơ,13484695
GD202602015258,2026-02-01 14:53:20,KH000163,Internet Banking,Thanh toán hóa đơn,8342000,0,Thành công,CN Cầu Giấy,45647487
GD202602018049,2026-02-01 15:18:55,KH000191,Mobile Banking,Nạp tiền điện thoại,1622000,0,Thành công,CN Hải Phòng,40707449
GD202602014615,2026-02-01 15:21:54,KH000154,ATM,Chuyển khoản đến,492000,3300,Thành công,CN Bình Dương,26279394
GD202602009997,2026-02-01 15:26:51,KH000104,Mobile Banking,Thanh toán hóa đơn,1497000,0,Thành công,CN TP Hồ Chí Minh,42468766
GD202602003385,2026-02-01 15:31:33,KH000032,Internet Banking,Chuyển khoản đến,105000,0,Thành công,CN Đà Nẵng,12755054
GD202602013957,2026-02-01 15:37:25,KH000147,Internet Banking,Thanh toán thẻ,4588000,0,Thành công,CN Cần Thơ,97477141
GD202602014365,2026-02-01 15:42:31,KH000153,QR Code,Chuyển khoản đến,1777000,0,Thành công,CN Hoàn Kiếm,10841741
GD202602015868,2026-02-01 15:49:04,KH000172,QR Code,Nộp tiền mặt,1252000,0,Thành công,CN TP Hồ Chí Minh,5244713
GD202602003959,2026-02-01 15:51:14,KH000039,ATM,Chuyển khoản đi,2582000,5500,Thành công,CN Bình Dương,50152566
GD202602013700,2026-02-01 16:11:55,KH000143,QR Code,Nộp tiền mặt,729000,0,Thất bại,CN Hoàn Kiếm,21735539
GD202602015453,2026-02-01 16:13:32,KH000166,Quầy giao dịch,Nộp tiền mặt,41597000,3300,Thành công,CN Hải Phòng,201750500
GD202602006318,2026-02-01 16:32:11,KH000065,Internet Banking,Thanh toán thẻ,23272000,0,Thành công,CN Cầu Giấy,163818722
GD202602013253,2026-02-01 16:46:04,KH000137,Internet Banking,Thanh toán thẻ,9928000,0,Thành công,CN Hải Phòng,25309986
GD202602004538,2026-02-01 16:49:38,KH000047,POS,Nộp tiền mặt,181000,3300,Thành công,CN Hoàn Kiếm,66273814
GD202602013484,2026-02-01 16:51:48,KH000140,Quầy giao dịch,Rút tiền mặt,828000,5500,Thành công,CN Bình Dương,34867736
GD202602012003,2026-02-01 17:09:23,KH000127,POS,Thanh toán thẻ,227000,1100,Thành công,CN Cầu Giấy,1157841
GD202602017184,2026-02-01 17:31:49,KH000183,POS,Thanh toán thẻ,47179000,3300,Thành công,CN Cầu Giấy,193629553
GD202602008189,2026-02-01 17:32:33,KH000084,Internet Banking,Rút tiền mặt,2586000,0,Thành công,CN Hoàn Kiếm,22898968
GD202602016606,2026-02-01 17:48:24,KH000180,Mobile Banking,Thanh toán thẻ,842000,0,Thành công,CN Quận 1,23845293
GD202602016207,2026-02-01 17:55:46,KH000176,Internet Banking,Thanh toán thẻ,427000,0,Thành công,CN Hải Phòng,14333328
GD202602000345,2026-02-01 18:14:09,KH000008,Internet Banking,Rút tiền mặt,85863000,0,Thành công,CN Thanh Xuân,675706813
GD202602006104,2026-02-01 18:20:57,KH000063,Mobile Banking,Chuyển khoản đến,1087000,0,Thành công,CN Cầu Giấy,26683104
GD202602017183,2026-02-01 18:45:50,KH000183,QR Code,Thanh toán thẻ,51610000,0,Thành công,CN Hoàn Kiếm,240811853
GD202602002593,2026-02-01 19:04:43,KH000025,QR Code,Chuyển khoản đến,253000,0,Thành công,CN Đà Nẵng,1387031
GD202602007941,2026-02-01 19:13:03,KH000082,Mobile Banking,Thanh toán thẻ,645000,0,Thành công,CN Cầu Giấy,35472229
GD202602014614,2026-02-01 19:20:29,KH000154,POS,Thanh toán hóa đơn,303000,3300,Thành công,CN Thanh Xuân,25787394
GD202602016098,2026-02-01 19:23:50,KH000174,ATM,Chuyển khoản đi,158000,3300,Thành công,CN Cầu Giấy,44090440
GD202602015641,2026-02-01 19:33:15,KH000170,Quầy giao dịch,Thanh toán hóa đơn,34368000,1100,Thành công,CN Thanh Xuân,105453353
GD202602016750,2026-02-01 20:16:53,KH000181,QR Code,Chuyển khoản đến,1874000,0,Thành công,CN TP Hồ Chí Minh,12496520
GD202602009013,2026-02-01 20:36:30,KH000094,Mobile Banking,Thanh toán thẻ,318000,0,Thành công,CN Cần Thơ,57707707
GD202602012567,2026-02-01 20:39:15,KH000131,QR Code,Chuyển khoản đến,542000,0,Thành công,CN Hải Phòng,33021380
GD202602003014,2026-02-01 21:00:48,KH000028,Internet Banking,Thanh toán thẻ,1126000,0,Thành công,CN Cần Thơ,27311613
GD202602016886,2026-02-01 21:19:10,KH000182,Quầy giao dịch,Thanh toán hóa đơn,1797000,3300,Thành công,CN Quận 1,5228904
GD202602015075,2026-02-01 21:21:37,KH000162,Internet Banking,Thanh toán thẻ,567000,0,Thành công,CN Cần Thơ,20861103
GD202602011295,2026-02-01 21:23:18,KH000119,POS,Thanh toán thẻ,118000,3300,Thành công,CN Bình Dương,8475439
GD202602017520,2026-02-01 21:42:41,KH000185,POS,Chuyển khoản đi,2927000,1100,Thành công,CN Bình Dương,31606861
GD202602005753,2026-02-01 21:53:17,KH000061,Internet Banking,Rút tiền mặt,360000,0,Thành công,CN Hoàn Kiếm,31559378
GD202602012570,2026-02-01 21:56:46,KH000131,Internet Banking,Chuyển khoản đến,615000,0,Thành công,CN Cần Thơ,33011180
GD202602016530,2026-02-01 22:00:29,KH000178,QR Code,Thanh toán thẻ,10962000,0,Thành công,CN Hải Phòng,43139205
GD202602014104,2026-02-01 22:19:34,KH000149,Internet Banking,Thanh toán thẻ,787000,0,Thành công,CN Quận 1,20179252
GD202602004015,2026-02-01 22:28:52,KH000040,Internet Banking,Chuyển khoản đến,3454000,0,Thành công,CN TP Hồ Chí Minh,24472080
GD202602007578,2026-02-01 22:39:58,KH000079,Internet Banking,Thanh toán thẻ,1516000,0,Thành công,CN Hải Phòng,20407750
GD202602004737,2026-02-01 22:51:43,KH000051,ATM,Chuyển khoản đi,8842000,5500,Thành công,CN Đà Nẵng,40690556
GD202602015525,2026-02-02 06:23:17,KH000168,Mobile Banking,Chuyển khoản đến,24975000,0,Thành công,CN Hải Phòng,131110200
GD202602010788,2026-02-02 06:59:31,KH000114,Internet Banking,Thanh toán thẻ,1540000,0,Thành công,CN Đà Nẵng,44264402
GD202602012572,2026-02-02 07:04:04,KH000131,Internet Banking,Chuyển khoản đến,1310000,0,Thành công,CN Hải Phòng,28771180
GD202602000771,2026-02-02 07:21:58,KH000011,POS,Thanh toán thẻ,731000,3300,Thành công,CN Cần Thơ,53815733
GD202602016608,2026-02-02 07:36:08,KH000180,Internet Banking,Thanh toán thẻ,1711000,0,Thành công,CN Đà Nẵng,24407293
GD202602004575,2026-02-02 08:15:43,KH000048,Mobile Banking,Thanh toán thẻ,11044000,0,Thành công,CN Bình Dương,50573815
GD202602004123,2026-02-02 08:59:25,KH000041,POS,Thanh toán thẻ,30312000,1100,Thành công,CN TP Hồ Chí Minh,83245674
GD202602013415,2026-02-02 09:29:27,KH000139,Internet Banking,Rút tiền mặt,1006000,0,Thành công,CN Quận 1,154706807
GD202602002086,2026-02-02 09:39:00,KH000020,POS,Nạp tiền điện thoại,10135000,1100,Thành công,CN Thanh Xuân,23393470
GD202602011553,2026-02-02 10:05:57,KH000121,POS,Nạp tiền điện thoại,2355000,5500,Thành công,CN Đà Nẵng,22669949
GD202602014616,2026-02-02 10:07:38,KH000154,ATM,Chuyển khoản đi,751000,1100,Thành công,CN Quận 1,25527294
GD202602015078,2026-02-02 10:18:18,KH000162,Internet Banking,Chuyển khoản đi,1897000,0,Thành công,CN Đà Nẵng,11915603
GD202602009918,2026-02-02 10:21:09,KH000103,Quầy giao dịch,Thanh toán hóa đơn,134000,0,Thành công,CN Cầu Giấy,13709319
GD202602001063,2026-02-02 10:25:04,KH000014,Mobile Banking,Nộp tiền mặt,216000,0,Thành công,CN Hải Phòng,6473906
GD202602000135,2026-02-02 10:27:29,KH000005,QR Code,Chuyển khoản đi,54703000,0,Thành công,CN Bình Dương,385170630
GD202602006885,2026-02-02 10:52:58,KH000073,POS,Chuyển khoản đến,4251000,1100,Thành công,CN Hải Phòng,63507743
GD202602015260,2026-02-02 11:01:59,KH000163,Quầy giao dịch,Thanh toán hóa đơn,13039000,5500,Thành công,CN Cần Thơ,32158987
GD202602009998,2026-02-02 11:19:07,KH000104,POS,Chuyển khoản đến,1632000,1100,Thành công,CN Đà Nẵng,44100766
GD202602003516,2026-02-02 11:41:48,KH000033,QR Code,Thanh toán thẻ,1162000,0,Thành công,CN Quận 1,25537119
GD202602014700,2026-02-02 11:42:44,KH000155,Mobile Banking,Nộp tiền mặt,2516000,0,Thành công,CN Cầu Giấy,116668785
GD202602005755,2026-02-02 12:51:51,KH000061,Mobile Banking,Nộp tiền mặt,352000,0,Thành công,CN Đà Nẵng,33515378
GD202602003178,2026-02-02 12:52:20,KH000029,Mobile Banking,Thanh toán thẻ,2125000,0,Thành công,CN Cầu Giấy,33957738
GD202602013727,2026-02-02 12:57:23,KH000144,QR Code,Thanh toán thẻ,1935000,0,Thành công,CN Quận 1,4026656
GD202602014699,2026-02-02 13:07:56,KH000155,Internet Banking,Chuyển khoản đi,34238000,0,Thành công,CN Cầu Giấy,114152785
GD202602008659,2026-02-02 13:09:01,KH000088,POS,Chuyển khoản đến,142000,1100,Thành công,CN TP Hồ Chí Minh,2144456
GD202602003848,2026-02-02 13:17:10,KH000038,Mobile Banking,Rút tiền mặt,1225000,0,Thành công,CN Quận 1,77323278
GD202602007942,2026-02-02 13:19:20,KH000082,Internet Banking,Thanh toán thẻ,1439000,0,Thành công,CN Cầu Giấy,34033229
GD202602018547,2026-02-02 13:24:44,KH000196,QR Code,Chuyển khoản đến,316000,0,Thành công,CN Hải Phòng,20648242
GD202602004016,2026-02-02 13:40:54,KH000040,Quầy giao dịch,Chuyển khoản đến,2436000,1100,Thành công,CN Bình Dương,26908080
GD202602005756,2026-02-02 13:47:19,KH000061,Internet Banking,Nạp tiền điện thoại,1204000,0,Thành công,CN Cần Thơ,32311378
GD202602012571,2026-02-02 14:12:13,KH000131,QR Code,Nạp tiền điện thoại,5550000,0,Thành công,CN TP Hồ Chí Minh,27461180
GD202602015557,2026-02-02 14:45:19,KH000169,POS,Thanh toán thẻ,9455000,0,Thành công,CN Cầu Giấy,168654719
GD202602001064,2026-02-02 14:51:10,KH000014,QR Code,Rút tiền mặt,699000,0,Thành công,CN Hoàn Kiếm,5774906
GD202602016887,2026-02-02 15:24:19,KH000182,Mobile Banking,Nộp tiền mặt,607000,0,Thành công,CN Đà Nẵng,5835904
GD202602012841,2026-02-02 15:46:50,KH000132,QR Code,Thanh toán thẻ,1894000,0,Thành công,CN Cần Thơ,11590695
GD202602001317,2026-02-02 15:49:59,KH000015,POS,Chuyển khoản đi,290437000,0,Thành công,CN Hải Phòng,1495263925
GD202602014858,2026-02-02 16:17:28,KH000158,QR Code,Rút tiền mặt,3835000,0,Thành công,CN Hoàn Kiếm,79162964
GD202602016751,2026-02-02 16:20:35,KH000181,QR Code,Chuyển khoản đi,1672000,0,Thành công,CN Cần Thơ,10824520
GD202602008449,2026-02-02 16:34:19,KH000086,Mobile Banking,Thanh toán thẻ,84066000,0,Thành công,CN Đà Nẵng,285445113
GD202602010983,2026-02-02 16:34:43,KH000116,ATM,Nộp tiền mặt,17958000,1100,Thành công,CN Quận 1,77742385
GD202602002087,2026-02-02 16:51:25,KH000020,QR Code,Thanh toán thẻ,1543000,0,Thành công,CN Cần Thơ,21850470
GD202602008540,2026-02-02 17:18:11,KH000087,Internet Banking,Chuyển khoản đi,215000,0,Thành công,CN Cần Thơ,2277426
GD202602000950,2026-02-02 17:25:42,KH000013,POS,Chuyển khoản đến,76231000,0,Thành công,CN Thanh Xuân,306226538
GD202602004808,2026-02-02 17:52:07,KH000052,POS,Thanh toán hóa đơn,232000,0,Thành công,CN Hoàn Kiếm,544306
GD202602009253,2026-02-02 17:54:58,KH000095,POS,Thanh toán thẻ,8912000,1100,Thành công,CN Hải Phòng,25108907
GD202602004353,2026-02-02 18:08:12,KH000045,POS,Thanh toán thẻ,1981000,0,Thành công,CN Đà Nẵng,21374303
GD202602008722,2026-02-02 18:22:20,KH000090,Quầy giao dịch,Rút tiền mặt,74039000,0,Thành công,CN Hoàn Kiếm,270979896
GD202602009701,2026-02-02 18:25:30,KH000099,Internet Banking,Nộp tiền mặt,816000,0,Thành công,CN Hoàn Kiếm,31946968
GD202602015079,2026-02-02 19:03:48,KH000162,QR Code,Thanh toán thẻ,3324000,0,Thành công,CN Cầu Giấy,8591603
GD202602006105,2026-02-02 19:16:10,KH000063,Mobile Banking,Thanh toán thẻ,711000,0,Thành công,CN Cần Thơ,25972104
GD202602001065,2026-02-02 19:48:24,KH000014,Mobile Banking,Thanh toán thẻ,2008000,0,Thành công,CN Đà Nẵng,3766906
GD202602010984,2026-02-02 19:54:50,KH000116,Quầy giao dịch,Nộp tiền mặt,19414000,0,Thành công,CN Đà Nẵng,97156385
GD202602013820,2026-02-02 19:55:57,KH000145,Mobile Banking,Chuyển khoản đi,202000,0,Thành công,CN Bình Dương,14820284
GD202602009478,2026-02-02 20:10:25,KH000097,Internet Banking,Rút tiền mặt,1798000,0,Thất bại,CN Thanh Xuân,33638949
GD202602004354,2026-02-02 20:21:56,KH000045,Internet Banking,Nạp tiền điện thoại,1559000,0,Thành công,CN Bình Dương,19815303
GD202602002594,2026-02-02 21:51:01,KH000025,Internet Banking,Chuyển khoản đi,84000,0,Thành công,CN TP Hồ Chí Minh,1303031
GD202602016209,2026-02-02 21:58:47,KH000176,QR Code,Chuyển khoản đến,984000,0,Thành công,CN Bình Dương,14198328
GD202602018311,2026-02-02 22:29:42,KH000194,QR Code,Nộp tiền mặt,5734000,0,Thành công,CN TP Hồ Chí Minh,40547817
GD202602009294,2026-02-02 22:41:38,KH000096,QR Code,Nạp tiền điện thoại,71010000,0,Thành công,CN Thanh Xuân,133667800
GD202602015077,2026-02-02 22:44:12,KH000162,POS,Thanh toán thẻ,5566000,5500,Thành công,CN TP Hồ Chí Minh,13812603
GD202602000238,2026-02-02 22:46:05,KH000006,Internet Banking,Chuyển khoản đi,2859000,0,Thành công,CN TP Hồ Chí Minh,103899366
GD202602008192,2026-02-03 06:01:22,KH000084,POS,Thanh toán thẻ,128000,5500,Thành công,CN TP Hồ Chí Minh,18610468
GD202602006730,2026-02-03 06:17:01,KH000070,Quầy giao dịch,Rút tiền mặt,1311000,1100,Thành công,CN Cầu Giấy,79170496
GD202602008807,2026-02-03 06:30:13,KH000092,Mobile Banking,Nộp tiền mặt,2550000,0,Thành công,CN TP Hồ Chí Minh,23909889
GD202602009635,2026-02-03 06:38:18,KH000098,POS,Thanh toán thẻ,1148000,1100,Thành công,CN Cầu Giấy,11418887
GD202602004355,2026-02-03 06:40:41,KH000045,ATM,Chuyển khoản đi,540000,0,Thành công,CN Cần Thơ,19275303
GD202602014264,2026-02-03 06:53:27,KH000152,QR Code,Nạp tiền điện thoại,693000,0,Thành công,CN Hoàn Kiếm,68563553
GD202602011297,2026-02-03 07:01:29,KH000119,POS,Thanh toán thẻ,175000,5500,Thành công,CN Thanh Xuân,8161939
GD202602001431,2026-02-03 07:20:09,KH000016,QR Code,Thanh toán thẻ,110000,0,Thành công,CN TP Hồ Chí Minh,1813807
GD202602008660,2026-02-03 07:37:25,KH000088,POS,Thanh toán thẻ,560000,0,Thành công,CN Cần Thơ,1584456
GD202602015508,2026-02-03 08:08:14,KH000167,Mobile Banking,Rút tiền mặt,2320000,0,Thành công,CN Hoàn Kiếm,32713608
GD202602017185,2026-02-03 08:08:17,KH000183,POS,Thanh toán thẻ,2486000,1100,Thành công,CN Đà Nẵng,191142453
GD202602003180,2026-02-03 08:18:19,KH000029,Mobile Banking,Nộp tiền mặt,3659000,0,Thành công,CN Bình Dương,36198438
GD202602003179,2026-02-03 08:30:25,KH000029,POS,Thanh toán thẻ,1415000,3300,Thành công,CN Đà Nẵng,32539438
GD202602006768,2026-02-03 08:52:51,KH000071,Mobile Banking,Thanh toán thẻ,20933000,0,Thành công,CN Cầu Giấy,60926938
GD202602000136,2026-02-03 09:00:34,KH000005,Internet Banking,Thanh toán thẻ,78267000,0,Thành công,CN Quận 1,306903630
GD202602009919,2026-02-03 09:50:48,KH000103,Quầy giao dịch,Chuyển khoản đến,582000,3300,Thành công,CN Thanh Xuân,14291319
GD202602013821,2026-02-03 10:16:07,KH000145,POS,Thanh toán thẻ,379000,1100,Thành công,CN Hải Phòng,14440184
GD202602001067,2026-02-03 10:18:59,KH000014,QR Code,Chuyển khoản đến,715000,0,Thành công,CN Hoàn Kiếm,4771906
GD202602007943,2026-02-03 10:25:46,KH000082,Mobile Banking,Chuyển khoản đến,1633000,0,Thành công,CN Đà Nẵng,35666229
GD202602011296,2026-02-03 10:37:20,KH000119,POS,Thanh toán thẻ,133000,0,Thành công,CN TP Hồ Chí Minh,8342439
GD202602003517,2026-02-03 10:48:59,KH000033,POS,Thanh toán thẻ,700000,5500,Thành công,CN Đà Nẵng,24831619
GD202602018593,2026-02-03 10:54:42,KH000197,Internet Banking,Thanh toán hóa đơn,28413000,0,Thành công,CN Cần Thơ,164279589
GD202602008191,2026-02-03 11:11:15,KH000084,Internet Banking,Thanh toán thẻ,2172000,0,Thành công,CN Hải Phòng,18743968
GD202602013502,2026-02-03 11:16:39,KH000141,ATM,Thanh toán hóa đơn,370000,1100,Thành công,CN Cầu Giấy,11935015
GD202602015558,2026-02-03 11:31:37,KH000169,POS,Nộp tiền mặt,36260000,1100,Thành công,CN Hải Phòng,204914719
GD202602006934,2026-02-03 11:58:16,KH000074,Internet Banking,Nộp tiền mặt,56000,0,Thành công,CN Cầu Giấy,33776678
GD202602005162,2026-02-03 12:02:17,KH000054,POS,Thanh toán thẻ,759000,3300,Thành công,CN Hải Phòng,16812830
GD202602000008,2026-02-03 12:26:26,KH000001,POS,Thanh toán thẻ,12958000,1100,Thành công,CN Bình Dương,69484480
GD202602001318,2026-02-03 12:34:20,KH000015,Mobile Banking,Chuyển khoản đến,374996000,0,Thành công,CN Quận 1,1870259925
GD202602006843,2026-02-03 13:07:13,KH000072,ATM,Chuyển khoản đến,307000,3300,Thành công,CN TP Hồ Chí Minh,16334808
GD202602014769,2026-02-03 13:22:16,KH000157,QR Code,Nộp tiền mặt,1010000,0,Thành công,CN Cần Thơ,8852295
GD202602005491,2026-02-03 13:29:02,KH000058,QR Code,Thanh toán thẻ,4513000,0,Thành công,CN Hoàn Kiếm,64993083
GD202602015643,2026-02-03 13:29:53,KH000170,Quầy giao dịch,Thanh toán hóa đơn,3414000,5500,Thành công,CN Cần Thơ,75112753
GD202602018312,2026-02-03 13:47:39,KH000194,Mobile Banking,Chuyển khoản đi,9968000,0,Thất bại,CN Cần Thơ,40547817
GD202602005213,2026-02-03 13:52:06,KH000055,Internet Banking,Rút tiền mặt,818000,0,Thành công,CN TP Hồ Chí Minh,8496587
GD202602001795,2026-02-03 14:15:55,KH000019,POS,Thanh toán thẻ,1108000,3300,Thành công,CN Quận 1,56275504
GD202602001066,2026-02-03 14:43:02,KH000014,ATM,Nộp tiền mặt,290000,0,Thành công,CN Đà Nẵng,4056906
GD202602014768,2026-02-03 15:03:13,KH000157,POS,Thanh toán thẻ,2345000,3300,Thành công,CN Quận 1,7842295
GD202602014770,2026-02-03 15:11:33,KH000157,QR Code,Nộp tiền mặt,2392000,0,Thành công,CN Bình Dương,11244295
GD202602015320,2026-02-03 15:17:46,KH000164,Internet Banking,Nộp tiền mặt,73000,0,Thành công,CN TP Hồ Chí Minh,3054489
GD202602014369,2026-02-03 15:43:25,KH000153,Internet Banking,Thanh toán thẻ,2739000,0,Thành công,CN Cầu Giấy,6864741
GD202602015559,2026-02-03 15:55:54,KH000169,POS,Thanh toán hóa đơn,45052000,5500,Thành công,CN TP Hồ Chí Minh,159857219
GD202602000137,2026-02-03 15:56:05,KH000005,POS,Thanh toán thẻ,50476000,5500,Thành công,CN Cần Thơ,256422130
GD202602011718,2026-02-03 16:12:02,KH000125,ATM,Chuyển khoản đến,519000,5500,Thành công,CN Thanh Xuân,2613936
GD202602014367,2026-02-03 16:16:06,KH000153,Internet Banking,Thanh toán thẻ,1428000,0,Thành công,CN Đà Nẵng,10473741
GD202602003285,2026-02-03 16:37:53,KH000031,Quầy giao dịch,Thanh toán hóa đơn,648000,5500,Thành công,CN TP Hồ Chí Minh,6405303
GD202602000239,2026-02-03 16:55:10,KH000006,POS,Nạp tiền điện thoại,5916000,3300,Thành công,CN Hoàn Kiếm,97980066
GD202602007250,2026-02-03 17:03:28,KH000077,QR Code,Nạp tiền điện thoại,4375000,0,Thành công,CN Quận 1,8401208
GD202602014368,2026-02-03 17:32:28,KH000153,Mobile Banking,Nạp tiền điện thoại,870000,0,Thành công,CN TP Hồ Chí Minh,9603741
GD202602018781,2026-02-03 17:35:31,KH000200,QR Code,Nộp tiền mặt,951000,0,Thành công,CN Thanh Xuân,7527777
GD202602001319,2026-02-03 17:35:43,KH000015,Internet Banking,Chuyển khoản đến,144229000,0,Thành công,CN Quận 1,2014488925
GD202602014366,2026-02-03 17:45:16,KH000153,QR Code,Chuyển khoản đến,1060000,0,Thành công,CN Hoàn Kiếm,11901741
GD202602000571,2026-02-03 18:26:50,KH000010,Mobile Banking,Chuyển khoản đi,521000,0,Thành công,CN Cần Thơ,5340619
GD202602017864,2026-02-03 18:48:19,KH000189,Internet Banking,Thanh toán hóa đơn,1281000,0,Thành công,CN Quận 1,690925534
GD202602014265,2026-02-03 18:52:22,KH000152,Mobile Banking,Chuyển khoản đến,2957000,0,Thành công,CN Đà Nẵng,71520553
GD202602015736,2026-02-03 19:05:44,KH000171,Internet Banking,Nạp tiền điện thoại,1286000,0,Thất bại,CN Thanh Xuân,71006651
GD202602015319,2026-02-03 19:12:05,KH000164,Mobile Banking,Thanh toán thẻ,170000,0,Thành công,CN Hoàn Kiếm,2981489
GD202602002088,2026-02-03 19:12:46,KH000020,Internet Banking,Nạp tiền điện thoại,3371000,0,Thành công,CN Thanh Xuân,18479470
GD202602000009,2026-02-03 19:16:09,KH000001,Mobile Banking,Thanh toán thẻ,102000,0,Thành công,CN Hải Phòng,69382480
GD202602000772,2026-02-03 19:17:46,KH000011,Mobile Banking,Nộp tiền mặt,3940000,0,Thành công,CN Thanh Xuân,57755733
GD202602009479,2026-02-03 19:23:39,KH000097,Internet Banking,Chuyển khoản đến,2584000,0,Thành công,CN Bình Dương,36222949
GD202602001430,2026-02-03 19:31:31,KH000016,Mobile Banking,Thanh toán thẻ,318000,0,Thành công,CN TP Hồ Chí Minh,1923807
GD202602017590,2026-02-03 19:32:56,KH000186,QR Code,Thanh toán thẻ,10993000,0,Thành công,CN Bình Dương,25905332
GD202602014370,2026-02-03 19:36:01,KH000153,Quầy giao dịch,Nộp tiền mặt,713000,3300,Thành công,CN Cần Thơ,7577741
GD202602018592,2026-02-03 19:40:52,KH000197,Internet Banking,Chuyển khoản đến,34958000,0,Thành công,CN Thanh Xuân,192692589
GD202602005161,2026-02-03 19:50:28,KH000054,QR Code,Chuyển khoản đi,6117000,0,Thành công,CN TP Hồ Chí Minh,17575130
GD202602012842,2026-02-03 20:23:19,KH000132,Mobile Banking,Thanh toán thẻ,3660000,0,Thành công,CN Cần Thơ,7930695
GD202602004168,2026-02-03 20:42:14,KH000042,POS,Rút tiền mặt,2888000,1100,Thất bại,CN Đà Nẵng,24467002
GD202602010903,2026-02-03 20:43:00,KH000115,Internet Banking,Nộp tiền mặt,7024000,0,Thành công,CN Đà Nẵng,43462534
GD202602001429,2026-02-03 20:48:28,KH000016,Internet Banking,Thanh toán thẻ,214000,0,Thành công,CN Quận 1,2241807
GD202602017473,2026-02-03 21:10:57,KH000184,ATM,Thanh toán hóa đơn,5881000,5500,Thành công,CN Cầu Giấy,49554335
GD202602014738,2026-02-03 21:17:17,KH000156,QR Code,Thanh toán thẻ,10492000,0,Thành công,CN Thanh Xuân,111828552
GD202602004576,2026-02-03 21:29:30,KH000048,QR Code,Nạp tiền điện thoại,1246000,0,Thành công,CN Hoàn Kiếm,49327815
GD202602018548,2026-02-03 21:33:25,KH000196,Quầy giao dịch,Nạp tiền điện thoại,131000,1100,Thành công,CN Cần Thơ,20516142
GD202602013501,2026-02-03 21:39:10,KH000141,POS,Thanh toán thẻ,4885000,3300,Thành công,CN Cầu Giấy,12306115
GD202602014617,2026-02-03 21:41:53,KH000154,Mobile Banking,Nạp tiền điện thoại,951000,0,Thành công,CN Quận 1,24576294
GD202602014266,2026-02-03 21:42:50,KH000152,Internet Banking,Chuyển khoản đến,254000,0,Thành công,CN Thanh Xuân,71774553
GD202602004809,2026-02-03 21:45:01,KH000052,POS,Thanh toán thẻ,196000,1100,Thành công,CN Hải Phòng,347206
GD202602006659,2026-02-03 22:04:28,KH000068,POS,Chuyển khoản đi,3970000,0,Thành công,CN Quận 1,84042889
GD202602004167,2026-02-03 22:11:02,KH000042,POS,Thanh toán thẻ,3354000,1100,Thành công,CN Quận 1,24467002
GD202602011717,2026-02-03 22:16:18,KH000125,POS,Thanh toán thẻ,683000,3300,Thành công,CN Bình Dương,2094936
GD202602015642,2026-02-03 22:47:10,KH000170,POS,Thanh toán thẻ,26920000,1100,Thành công,CN Hải Phòng,78532253
GD202602001636,2026-02-03 22:53:22,KH000017,QR Code,Thanh toán thẻ,22705000,0,Thành công,CN Bình Dương,82333168
GD202602018782,2026-02-04 06:11:08,KH000200,Mobile Banking,Thanh toán thẻ,344000,0,Thành công,CN Hải Phòng,7183777
GD202602015509,2026-02-04 06:18:11,KH000167,Quầy giao dịch,Chuyển khoản đến,2745000,1100,Thành công,CN TP Hồ Chí Minh,35458608
GD202602002843,2026-02-04 06:25:45,KH000026,ATM,Chuyển khoản đến,2408000,0,Thành công,CN Hoàn Kiếm,18357122
GD202602010985,2026-02-04 06:51:56,KH000116,POS,Thanh toán thẻ,4053000,1100,Thành công,CN Đà Nẵng,93102285
GD202602002294,2026-02-04 06:59:44,KH000021,QR Code,Thanh toán thẻ,637000,0,Thành công,CN Cầu Giấy,17968811
GD202602015080,2026-02-04 07:12:40,KH000162,ATM,Chuyển khoản đến,1903000,3300,Thành công,CN Đà Nẵng,10494603
GD202602010637,2026-02-04 07:21:05,KH000112,QR Code,Thanh toán hóa đơn,3166000,0,Thành công,CN Hoàn Kiếm,27314387
GD202602003960,2026-02-04 08:00:06,KH000039,Internet Banking,Thanh toán thẻ,189000,0,Thành công,CN Hoàn Kiếm,49963566
GD202602009810,2026-02-04 08:12:36,KH000100,Mobile Banking,Nạp tiền điện thoại,20341000,0,Thành công,CN Quận 1,53642447
GD202602000574,2026-02-04 08:44:30,KH000010,Mobile Banking,Thanh toán thẻ,1060000,0,Thành công,CN Quận 1,3866619
GD202602002089,2026-02-04 09:00:44,KH000020,Mobile Banking,Thanh toán thẻ,3673000,0,Thành công,CN Hoàn Kiếm,14806470
GD202602002518,2026-02-04 09:12:11,KH000024,POS,Chuyển khoản đi,873000,0,Thành công,CN Thanh Xuân,33558328
GD202602012372,2026-02-04 09:29:31,KH000129,Mobile Banking,Thanh toán hóa đơn,87000,0,Thành công,CN Hoàn Kiếm,3740448
GD202602015396,2026-02-04 09:31:12,KH000165,ATM,Chuyển khoản đi,16618000,1100,Thành công,CN Bình Dương,104334402
GD202602012253,2026-02-04 09:35:33,KH000128,Mobile Banking,Chuyển khoản đến,541000,0,Thành công,CN Bình Dương,10839807
GD202602015737,2026-02-04 09:44:52,KH000171,Internet Banking,Nạp tiền điện thoại,14967000,0,Thành công,CN Bình Dương,56039651
GD202602002595,2026-02-04 09:52:21,KH000025,QR Code,Rút tiền mặt,350000,0,Thành công,CN Hải Phòng,953031
GD202602001068,2026-02-04 09:58:49,KH000014,Mobile Banking,Nạp tiền điện thoại,563000,0,Thành công,CN Quận 1,4208906
GD202602005163,2026-02-04 09:59:25,KH000054,QR Code,Nạp tiền điện thoại,2532000,0,Thành công,CN Hoàn Kiếm,14280830
GD202602010192,2026-02-04 10:26:37,KH000105,Internet Banking,Thanh toán thẻ,5501000,0,Thành công,CN Quận 1,69673155
GD202602016752,2026-02-04 10:40:13,KH000181,POS,Thanh toán thẻ,1481000,5500,Thành công,CN Hải Phòng,9338020
GD202602016609,2026-02-04 10:53:04,KH000180,POS,Thanh toán thẻ,2086000,5500,Thành công,CN Thanh Xuân,22315793
GD202602011557,2026-02-04 10:58:44,KH000121,Mobile Banking,Rút tiền mặt,2430000,0,Thành công,CN Cần Thơ,8970449
GD202602005099,2026-02-04 11:22:25,KH000053,POS,Thanh toán thẻ,41171000,0,Thành công,CN Hoàn Kiếm,146960915
GD202602009016,2026-02-04 12:05:55,KH000094,Mobile Banking,Thanh toán thẻ,1099000,0,Thành công,CN Hoàn Kiếm,55328707
GD202602011556,2026-02-04 12:26:50,KH000121,POS,Thanh toán thẻ,1025000,5500,Thành công,CN Bình Dương,11400449
GD202602003572,2026-02-04 12:32:10,KH000034,Mobile Banking,Chuyển khoản đến,2523000,0,Thành công,CN Cần Thơ,63781122
GD202602000572,2026-02-04 12:42:12,KH000010,Internet Banking,Chuyển khoản đến,1573000,0,Thành công,CN Hoàn Kiếm,6913619
GD202602011555,2026-02-04 13:10:29,KH000121,Mobile Banking,Thanh toán thẻ,6592000,0,Thành công,CN TP Hồ Chí Minh,12430949
GD202602005757,2026-02-04 13:19:26,KH000061,QR Code,Thanh toán thẻ,508000,0,Thành công,CN Cầu Giấy,31803378
GD202602018594,2026-02-04 13:26:51,KH000197,Mobile Banking,Rút tiền mặt,17103000,0,Thành công,CN Đà Nẵng,147176589
GD202602009014,2026-02-04 13:32:12,KH000094,POS,Thanh toán thẻ,453000,0,Thành công,CN Hải Phòng,57254707
GD202602011040,2026-02-04 13:33:22,KH000117,QR Code,Thanh toán thẻ,733000,0,Thành công,CN Đà Nẵng,19395781
GD202602003518,2026-02-04 13:44:44,KH000033,Mobile Banking,Thanh toán hóa đơn,572000,0,Thành công,CN Hải Phòng,24259619
GD202602007251,2026-02-04 13:47:34,KH000077,Mobile Banking,Chuyển khoản đến,2077000,0,Thành công,CN TP Hồ Chí Minh,10478208
GD202602006935,2026-02-04 13:49:20,KH000074,Internet Banking,Nộp tiền mặt,1716000,0,Thành công,CN Hoàn Kiếm,35492678
GD202602003573,2026-02-04 13:50:57,KH000034,Internet Banking,Nạp tiền điện thoại,1020000,0,Thất bại,CN Đà Nẵng,63781122
GD202602006106,2026-02-04 13:50:57,KH000063,Internet Banking,Nộp tiền mặt,914000,0,Thành công,CN Cần Thơ,26886104
GD202602013144,2026-02-04 14:26:49,KH000136,Internet Banking,Rút tiền mặt,51785000,0,Thành công,CN Bình Dương,186797233
GD202602009296,2026-02-04 14:42:23,KH000096,QR Code,Thanh toán thẻ,16217000,0,Thành công,CN TP Hồ Chí Minh,86646800
GD202602006107,2026-02-04 14:46:09,KH000063,QR Code,Thanh toán thẻ,1034000,0,Thành công,CN Cầu Giấy,25852104
GD202602001796,2026-02-04 15:04:30,KH000019,Mobile Banking,Chuyển khoản đến,3061000,0,Thành công,CN TP Hồ Chí Minh,59336504
GD202602000951,2026-02-04 15:43:17,KH000013,ATM,Chuyển khoản đến,63523000,3300,Thành công,CN Cầu Giấy,369749538
GD202602011554,2026-02-04 15:46:16,KH000121,Quầy giao dịch,Thanh toán hóa đơn,3647000,0,Thành công,CN Đà Nẵng,19022949
GD202602014371,2026-02-04 16:22:46,KH000153,QR Code,Nộp tiền mặt,1467000,0,Thành công,CN Cần Thơ,9044741
GD202602005257,2026-02-04 16:27:28,KH000056,Internet Banking,Nộp tiền mặt,2124000,0,Thành công,CN Cần Thơ,65060477
GD202602009891,2026-02-04 16:40:57,KH000102,POS,Nộp tiền mặt,26484000,3300,Thành công,CN Hoàn Kiếm,212267383
GD202602018050,2026-02-04 16:45:40,KH000191,POS,Chuyển khoản đến,6205000,3300,Thành công,CN Đà Nẵng,46912449
GD202602002882,2026-02-04 17:11:53,KH000027,POS,Thanh toán thẻ,44093000,5500,Thành công,CN Cầu Giấy,83057717
GD202602015321,2026-02-04 17:12:05,KH000164,POS,Thanh toán thẻ,114000,0,Thành công,CN Cần Thơ,2940489
GD202602011298,2026-02-04 17:22:18,KH000119,Mobile Banking,Thanh toán thẻ,150000,0,Thành công,CN Đà Nẵng,8011939
GD202602012419,2026-02-04 18:01:14,KH000130,POS,Thanh toán thẻ,4190000,3300,Thành công,CN TP Hồ Chí Minh,38529221
GD202602001797,2026-02-04 18:19:53,KH000019,POS,Thanh toán thẻ,3357000,1100,Thành công,CN Đà Nẵng,55978404
GD202602006844,2026-02-04 18:32:19,KH000072,POS,Thanh toán thẻ,427000,1100,Thành công,CN Thanh Xuân,15906708
GD202602015738,2026-02-04 18:36:45,KH000171,QR Code,Chuyển khoản đến,4182000,0,Thành công,CN Hải Phòng,60221651
GD202602013701,2026-02-04 18:51:57,KH000143,POS,Thanh toán thẻ,1054000,5500,Thành công,CN Thanh Xuân,20676039
GD202602009295,2026-02-04 18:54:32,KH000096,Internet Banking,Thanh toán thẻ,30804000,0,Thành công,CN Cầu Giấy,102863800
GD202602006886,2026-02-04 19:24:16,KH000073,Mobile Banking,Chuyển khoản đi,17062000,0,Thành công,CN Quận 1,46445743
GD202602015869,2026-02-04 19:45:03,KH000172,QR Code,Thanh toán thẻ,710000,0,Thành công,CN Hoàn Kiếm,4534713
GD202602017665,2026-02-04 20:29:23,KH000187,Mobile Banking,Chuyển khoản đến,1297000,0,Thành công,CN Đà Nẵng,11328829
GD202602011039,2026-02-04 20:31:29,KH000117,POS,Chuyển khoản đến,577000,5500,Thành công,CN Quận 1,20128781
GD202602009015,2026-02-04 20:38:39,KH000094,Mobile Banking,Thanh toán thẻ,827000,0,Thành công,CN Quận 1,56427707
GD202602012254,2026-02-04 20:56:21,KH000128,Mobile Banking,Nộp tiền mặt,425000,0,Thất bại,CN TP Hồ Chí Minh,10839807
GD202602008450,2026-02-04 21:28:52,KH000086,Quầy giao dịch,Nạp tiền điện thoại,63992000,1100,Thành công,CN Hải Phòng,221452013
GD202602015261,2026-02-04 21:55:37,KH000163,POS,Thanh toán thẻ,4573000,5500,Thất bại,CN Cần Thơ,32158987
GD202602005492,2026-02-04 22:07:50,KH000058,Quầy giao dịch,Rút tiền mặt,15758000,1100,Thành công,CN Đà Nẵng,49233983
GD202602011299,2026-02-04 22:18:53,KH000119,Internet Banking,Thanh toán hóa đơn,87000,0,Thành công,CN Bình Dương,7924939
GD202602000573,2026-02-04 22:40:53,KH000010,POS,Thanh toán thẻ,1987000,0,Thành công,CN Hải Phòng,4926619
GD202602014739,2026-02-04 22:41:33,KH000156,QR Code,Thanh toán thẻ,12237000,0,Thành công,CN Bình Dương,99591552
GD202602014771,2026-02-04 22:55:28,KH000157,POS,Thanh toán thẻ,1732000,5500,Thành công,CN Cầu Giấy,9506795
GD202602012373,2026-02-05 06:18:14,KH000129,Quầy giao dịch,Rút tiền mặt,734000,3300,Thành công,CN Hải Phòng,3003148
GD202602010680,2026-02-05 06:37:37,KH000113,Quầy giao dịch,Nhận lương,8218558,0,Thành công,CN Thanh Xuân,15756706
GD202602015262,2026-02-05 06:45:30,KH000163,ATM,Thanh toán hóa đơn,2594000,5500,Thành công,CN Bình Dương,29559487
GD202602017667,2026-02-05 06:50:26,KH000187,POS,Thanh toán thẻ,6773000,1100,Thành công,CN Hoàn Kiếm,20160509
GD202602000575,2026-02-05 07:00:48,KH000010,Quầy giao dịch,Nhận lương,13409719,0,Thành công,CN Bình Dương,17276338
GD202602003574,2026-02-05 07:01:28,KH000034,QR Code,Chuyển khoản đến,2632000,0,Thành công,CN Cần Thơ,66413122
GD202602017828,2026-02-05 07:44:24,KH000188,Mobile Banking,Nạp tiền điện thoại,94564000,0,Thành công,CN TP Hồ Chí Minh,278273234
GD202602012844,2026-02-05 08:02:51,KH000132,Mobile Banking,Nạp tiền điện thoại,1033000,0,Thành công,CN Cần Thơ,6365395
GD202602010789,2026-02-05 08:20:13,KH000114,ATM,Chuyển khoản đến,508000,3300,Thành công,CN Cầu Giấy,44772402
GD202602012843,2026-02-05 08:25:10,KH000132,POS,Thanh toán hóa đơn,529000,3300,Thành công,CN Quận 1,7398395
GD202602000040,2026-02-05 08:40:33,KH000002,Quầy giao dịch,Nhận lương,9670945,0,Thành công,CN TP Hồ Chí Minh,56564771
GD202602013503,2026-02-05 08:45:05,KH000141,Internet Banking,Nạp tiền điện thoại,2806000,0,Thành công,CN Đà Nẵng,9129015
GD202602004124,2026-02-05 08:52:01,KH000041,POS,Chuyển khoản đến,10601000,5500,Thành công,CN Hải Phòng,93846674
GD202602009297,2026-02-05 08:52:56,KH000096,Mobile Banking,Nộp tiền mặt,7438000,0,Thành công,CN Cần Thơ,94084800
GD202602014618,2026-02-05 08:58:32,KH000154,POS,Chuyển khoản đi,773000,1100,Thành công,CN Bình Dương,23802194
GD202602002412,2026-02-05 09:31:41,KH000023,Quầy giao dịch,Nộp tiền mặt,1152000,1100,Thành công,CN Hoàn Kiếm,27679155
GD202602006708,2026-02-05 09:44:29,KH000069,Quầy giao dịch,Nhận lương,7973007,0,Thành công,CN Đà Nẵng,57183423
GD202602017866,2026-02-05 09:57:16,KH000189,Internet Banking,Thanh toán thẻ,179950000,0,Thành công,CN Đà Nẵng,616732761
GD202602000104,2026-02-05 10:19:47,KH000004,QR Code,Thanh toán thẻ,19490000,0,Thành công,CN Bình Dương,87761081
GD202602010638,2026-02-05 10:24:06,KH000112,Quầy giao dịch,Chuyển khoản đi,815000,3300,Thành công,CN Hải Phòng,26496087
GD202602008452,2026-02-05 10:25:08,KH000086,Internet Banking,Nộp tiền mặt,78769000,0,Thành công,CN Cầu Giấy,341745761
GD202602017187,2026-02-05 10:58:39,KH000183,Internet Banking,Thanh toán thẻ,33096000,0,Thành công,CN Bình Dương,153857453
GD202602015560,2026-02-05 11:28:28,KH000169,Quầy giao dịch,Nhận lương,45644381,0,Thành công,CN Bình Dương,205501600
GD202602016888,2026-02-05 11:53:43,KH000182,Internet Banking,Thanh toán thẻ,1441000,0,Thành công,CN Quận 1,4394904
GD202602008193,2026-02-05 11:56:50,KH000084,Mobile Banking,Thanh toán thẻ,1194000,0,Thành công,CN Cần Thơ,17416468
GD202602004169,2026-02-05 11:59:52,KH000042,Quầy giao dịch,Nhận lương,11238027,0,Thành công,CN Cầu Giấy,35705028
GD202602017827,2026-02-05 12:08:15,KH000188,POS,Thanh toán thẻ,70704000,1100,Thành công,CN Quận 1,372837234
GD202602011160,2026-02-05 12:23:14,KH000118,POS,Thanh toán thẻ,7188000,0,Thành công,CN Hoàn Kiếm,29619058
GD202602002596,2026-02-05 12:24:11,KH000025,Internet Banking,Chuyển khoản đến,114000,0,Thành công,CN Cần Thơ,1067031
GD202602014195,2026-02-05 13:00:50,KH000151,Mobile Banking,Thanh toán thẻ,463000,0,Thành công,CN TP Hồ Chí Minh,10257116
GD202602004314,2026-02-05 13:21:51,KH000044,POS,Thanh toán thẻ,19150000,0,Thành công,CN Cầu Giấy,40199362
GD202602005493,2026-02-05 13:25:09,KH000058,Quầy giao dịch,Nhận lương,44579185,0,Thành công,CN Cầu Giấy,93813168
GD202602002597,2026-02-05 13:26:22,KH000025,Internet Banking,Rút tiền mặt,312000,0,Thành công,CN TP Hồ Chí Minh,755031
GD202602017666,2026-02-05 13:36:34,KH000187,Quầy giao dịch,Nhận lương,15605780,0,Thành công,CN TP Hồ Chí Minh,26934609
GD202602004539,2026-02-05 13:37:02,KH000047,Quầy giao dịch,Nhận lương,10295842,0,Thành công,CN Cần Thơ,76569656
GD202602011719,2026-02-05 13:38:27,KH000125,Mobile Banking,Thanh toán thẻ,319000,0,Thành công,CN Thanh Xuân,2294936
GD202602011630,2026-02-05 13:41:26,KH000123,Quầy giao dịch,Nhận lương,73046466,0,Thành công,CN Đà Nẵng,348108889
GD202602009254,2026-02-05 13:50:48,KH000095,Quầy giao dịch,Nhận lương,14562719,0,Thành công,CN Cầu Giấy,39671627
GD202602008097,2026-02-05 14:17:41,KH000083,Quầy giao dịch,Nhận lương,8824905,0,Thành công,CN Thanh Xuân,22406280
GD202602005758,2026-02-05 14:21:32,KH000061,Mobile Banking,Chuyển khoản đến,2329000,0,Thành công,CN Thanh Xuân,34132378
GD202602014772,2026-02-05 14:40:56,KH000157,POS,Nộp tiền mặt,2013000,0,Thành công,CN TP Hồ Chí Minh,11519795
GD202602007579,2026-02-05 15:53:28,KH000079,POS,Thanh toán hóa đơn,80000,1100,Thành công,CN TP Hồ Chí Minh,20326650
GD202602007580,2026-02-05 15:59:58,KH000079,QR Code,Thanh toán thẻ,704000,0,Thành công,CN Hoàn Kiếm,19622650
GD202602008808,2026-02-05 16:05:29,KH000092,Quầy giao dịch,Nhận lương,11555664,0,Thành công,CN Đà Nẵng,35465552
GD202602007513,2026-02-05 16:08:34,KH000078,Quầy giao dịch,Nhận lương,21872212,0,Thành công,CN Đà Nẵng,96567243
GD202602018595,2026-02-05 16:46:46,KH000197,ATM,Nộp tiền mặt,29959000,0,Thành công,CN Bình Dương,177135589
GD202602006887,2026-02-05 17:07:13,KH000073,Quầy giao dịch,Nhận lương,47920490,0,Thành công,CN Thanh Xuân,94366233
GD202602003181,2026-02-05 17:23:53,KH000029,Quầy giao dịch,Nhận lương,11520539,0,Thành công,CN Đà Nẵng,47718976
GD202602008194,2026-02-05 17:37:43,KH000084,POS,Thanh toán hóa đơn,988000,3300,Thành công,CN Đà Nẵng,16425168
GD202602010555,2026-02-05 17:50:37,KH000111,Quầy giao dịch,Nhận lương,45286066,0,Thành công,CN TP Hồ Chí Minh,445166345
GD202602004649,2026-02-05 17:58:13,KH000050,Mobile Banking,Nộp tiền mặt,1603000,0,Thành công,CN Cần Thơ,17629988
GD202602004276,2026-02-05 18:13:05,KH000043,Quầy giao dịch,Nhận lương,9166412,0,Thành công,CN Hoàn Kiếm,24781911
GD202602013565,2026-02-05 18:33:42,KH000142,Quầy giao dịch,Chuyển khoản đến,10441000,3300,Thành công,CN Bình Dương,44266149
GD202602000878,2026-02-05 19:09:40,KH000012,Quầy giao dịch,Nộp tiền mặt,225000,3300,Thành công,CN Cầu Giấy,40114146
GD202602005100,2026-02-05 19:13:23,KH000053,Quầy giao dịch,Nhận lương,64109259,0,Thành công,CN Hoàn Kiếm,211070174
GD202602006936,2026-02-05 19:18:35,KH000074,Quầy giao dịch,Nhận lương,8664899,0,Thành công,CN Cầu Giấy,44157577
GD202602008451,2026-02-05 19:28:49,KH000086,Quầy giao dịch,Nhận lương,41524748,0,Thành công,CN Quận 1,262976761
GD202602003256,2026-02-05 20:00:11,KH000030,Internet Banking,Thanh toán thẻ,1033000,0,Thành công,CN Hoàn Kiếm,84760144
GD202602000065,2026-02-05 20:04:34,KH000003,Quầy giao dịch,Nhận lương,44889925,0,Thành công,CN Cần Thơ,279207244
GD202602018052,2026-02-05 20:24:32,KH000191,Internet Banking,Thanh toán thẻ,14892000,0,Thành công,CN Cầu Giấy,46297512
GD202602008661,2026-02-05 20:44:56,KH000088,Quầy giao dịch,Nhận lương,8342911,0,Thành công,CN Hoàn Kiếm,9927367
GD202602001688,2026-02-05 21:03:34,KH000018,POS,Thanh toán thẻ,964000,0,Thành công,CN Quận 1,27309746
GD202602017474,2026-02-05 21:10:59,KH000184,POS,Thanh toán thẻ,5752000,5500,Thành công,CN Quận 1,43796835
GD202602007204,2026-02-05 21:23:02,KH000076,POS,Thanh toán thẻ,3783000,0,Thành công,CN Hải Phòng,8791641
GD202602014267,2026-02-05 21:25:28,KH000152,Mobile Banking,Nạp tiền điện thoại,3109000,0,Thành công,CN Hoàn Kiếm,68665553
GD202602014859,2026-02-05 21:26:25,KH000158,Quầy giao dịch,Nhận lương,13560095,0,Thành công,CN Cầu Giấy,92723059
GD202602002413,2026-02-05 21:32:24,KH000023,POS,Rút tiền mặt,5504000,1100,Thành công,CN TP Hồ Chí Minh,22174055
GD202602018051,2026-02-05 21:38:53,KH000191,Quầy giao dịch,Nhận lương,14277063,0,Thành công,CN Bình Dương,61189512
GD202602003286,2026-02-05 22:14:52,KH000031,Internet Banking,Rút tiền mặt,62000,0,Thành công,CN Cầu Giấy,6343303
GD202602014372,2026-02-05 22:15:31,KH000153,Internet Banking,Thanh toán thẻ,1471000,0,Thành công,CN Hải Phòng,7573741
GD202602002090,2026-02-05 22:18:52,KH000020,Quầy giao dịch,Nhận lương,61573015,0,Thành công,CN Cần Thơ,76379486
GD202602017591,2026-02-05 22:25:45,KH000186,Internet Banking,Rút tiền mặt,3706000,0,Thành công,CN Bình Dương,22199332
GD202602017592,2026-02-05 22:30:06,KH000186,POS,Thanh toán thẻ,7207000,5500,Thành công,CN Đà Nẵng,14986832
GD202602017186,2026-02-05 22:34:53,KH000183,POS,Thanh toán thẻ,4189000,0,Thành công,CN Thanh Xuân,186953453
GD202602017865,2026-02-05 22:49:06,KH000189,Quầy giao dịch,Nhận lương,105757227,0,Thành công,CN Hoàn Kiếm,796682761
GD202602016047,2026-02-05 22:50:55,KH000173,Quầy giao dịch,Thanh toán hóa đơn,336000,0,Thành công,CN Thanh Xuân,7585068
GD202602002844,2026-02-05 22:57:02,KH000026,POS,Thanh toán thẻ,1705000,1100,Thành công,CN TP Hồ Chí Minh,16651022
GD202602003849,2026-02-05 22:59:39,KH000038,Quầy giao dịch,Nhận lương,11600469,0,Thành công,CN Hải Phòng,88923747
GD202602013566,2026-02-06 06:25:26,KH000142,Quầy giao dịch,Nhận lương,50086962,0,Thành công,CN Đà Nẵng,94353111
GD202602003182,2026-02-06 06:30:16,KH000029,QR Code,Thanh toán thẻ,2076000,0,Thành công,CN Cần Thơ,45642976
GD202602001070,2026-02-06 06:31:07,KH000014,Mobile Banking,Thanh toán thẻ,363000,0,Thành công,CN Thanh Xuân,2740606
GD202602001071,2026-02-06 07:04:20,KH000014,QR Code,Nộp tiền mặt,259000,0,Thành công,CN Đà Nẵng,2999606
GD202602010448,2026-02-06 07:10:14,KH000110,Mobile Banking,Nạp tiền điện thoại,936000,0,Thành công,CN Quận 1,36965569
GD202602018252,2026-02-06 07:11:09,KH000192,Quầy giao dịch,Nhận lương,20948070,0,Thành công,CN Bình Dương,99376376
GD202602015322,2026-02-06 07:15:04,KH000164,POS,Thanh toán thẻ,187000,3300,Thành công,CN Bình Dương,2750189
GD202602005759,2026-02-06 07:30:02,KH000061,POS,Thanh toán thẻ,575000,0,Thành công,CN Đà Nẵng,33557378
GD202602000346,2026-02-06 07:30:12,KH000008,Mobile Banking,Chuyển khoản đi,71296000,0,Thành công,CN Cần Thơ,604410813
GD202602014701,2026-02-06 07:50:14,KH000155,Quầy giao dịch,Nhận lương,57140513,0,Thành công,CN Hải Phòng,173809297
GD202602012255,2026-02-06 07:57:01,KH000128,Quầy giao dịch,Nhận lương,9068267,0,Thành công,CN Hải Phòng,19908074
GD202602017867,2026-02-06 08:03:07,KH000189,ATM,Chuyển khoản đi,152592000,0,Thành công,CN Hải Phòng,464140761
GD202602000879,2026-02-06 08:19:38,KH000012,Quầy giao dịch,Nhận lương,11128904,0,Thành công,CN Đà Nẵng,51243049
GD202602009298,2026-02-06 08:33:46,KH000096,Quầy giao dịch,Nhận lương,30672217,0,Thành công,CN TP Hồ Chí Minh,124757016
GD202602013145,2026-02-06 09:02:07,KH000136,Quầy giao dịch,Nhận lương,39159084,0,Thành công,CN Quận 1,225956317
GD202602009702,2026-02-06 09:14:50,KH000099,Quầy giao dịch,Nhận lương,11004383,0,Thành công,CN Cần Thơ,42951351
GD202602005258,2026-02-06 09:26:34,KH000056,Quầy giao dịch,Nhận lương,11060883,0,Thành công,CN Bình Dương,76121359
GD202602015323,2026-02-06 09:32:32,KH000164,POS,Thanh toán thẻ,141000,0,Thành công,CN Quận 1,2609189
GD202602005760,2026-02-06 10:03:19,KH000061,QR Code,Nộp tiền mặt,996000,0,Thành công,CN Quận 1,34553378
GD202602016210,2026-02-06 10:05:54,KH000176,Quầy giao dịch,Nhận lương,11897362,0,Thành công,CN TP Hồ Chí Minh,26095690
GD202602009811,2026-02-06 10:07:19,KH000100,POS,Thanh toán thẻ,14610000,0,Thành công,CN Hoàn Kiếm,39032447
GD202602011558,2026-02-06 10:09:59,KH000121,ATM,Chuyển khoản đi,1446000,3300,Thành công,CN Cầu Giấy,7521149
GD202602012845,2026-02-06 10:16:19,KH000132,Mobile Banking,Nạp tiền điện thoại,493000,0,Thành công,CN Đà Nẵng,5872395
GD202602009017,2026-02-06 10:26:30,KH000094,Internet Banking,Chuyển khoản đến,2603000,0,Thành công,CN Hải Phòng,57931707
GD202602009892,2026-02-06 10:31:42,KH000102,Quầy giao dịch,Nhận lương,10258062,0,Thành công,CN Đà Nẵng,222525446
GD202602007581,2026-02-06 10:51:47,KH000079,Mobile Banking,Thanh toán hóa đơn,1160000,0,Thành công,CN Hoàn Kiếm,18462650
GD202602015082,2026-02-06 10:57:18,KH000162,QR Code,Chuyển khoản đến,3797000,0,Thành công,CN Thanh Xuân,17606603
GD202602014976,2026-02-06 11:00:49,KH000160,Quầy giao dịch,Nhận lương,11550446,0,Thành công,CN Hải Phòng,52743163
GD202602018374,2026-02-06 11:36:16,KH000195,Mobile Banking,Rút tiền mặt,38647000,0,Thành công,CN Hải Phòng,687905317
GD202602004810,2026-02-06 11:41:12,KH000052,Mobile Banking,Rút tiền mặt,89000,0,Thành công,CN Quận 1,258206
GD202602001069,2026-02-06 11:49:02,KH000014,POS,Thanh toán thẻ,1102000,3300,Thành công,CN Quận 1,3103606
GD202602010219,2026-02-06 11:49:49,KH000106,Internet Banking,Thanh toán thẻ,1335000,0,Thành công,CN Hải Phòng,19088284
GD202602015871,2026-02-06 12:20:56,KH000172,POS,Thanh toán thẻ,4166000,1100,Thành công,CN Hoàn Kiếm,10145653
GD202602012256,2026-02-06 12:48:08,KH000128,QR Code,Thanh toán thẻ,138000,0,Thành công,CN Cần Thơ,19770074
GD202602013101,2026-02-06 12:48:25,KH000135,ATM,Chuyển khoản đến,31325000,1100,Thành công,CN Đà Nẵng,312944376
GD202602009018,2026-02-06 13:01:07,KH000094,QR Code,Chuyển khoản đến,1703000,0,Thành công,CN Hoàn Kiếm,59634707
GD202602016889,2026-02-06 13:06:45,KH000182,Quầy giao dịch,Nhận lương,26333242,0,Thành công,CN Hải Phòng,30728146
GD202602012420,2026-02-06 13:18:45,KH000130,Quầy giao dịch,Nhận lương,11199483,0,Thành công,CN Đà Nẵng,49728703
GD202602014268,2026-02-06 13:25:31,KH000152,Quầy giao dịch,Nhận lương,12055147,0,Thành công,CN Thanh Xuân,80720700
GD202602008427,2026-02-06 13:32:51,KH000085,POS,Nạp tiền điện thoại,6001000,5500,Thành công,CN Hoàn Kiếm,84060289
GD202602004017,2026-02-06 13:55:53,KH000040,Quầy giao dịch,Nhận lương,10569157,0,Thành công,CN Đà Nẵng,37477237
GD202602003850,2026-02-06 14:02:51,KH000038,Internet Banking,Chuyển khoản đến,5301000,0,Thành công,CN Hải Phòng,94224747
GD202602003761,2026-02-06 14:19:07,KH000035,Mobile Banking,Chuyển khoản đến,4225000,0,Thành công,CN Cần Thơ,31420555
GD202602011720,2026-02-06 14:36:11,KH000125,QR Code,Nộp tiền mặt,746000,0,Thành công,CN Cầu Giấy,3040936
GD202602016565,2026-02-06 14:54:38,KH000179,Quầy giao dịch,Nhận lương,29864424,0,Thành công,CN TP Hồ Chí Minh,131703312
GD202602014373,2026-02-06 14:58:18,KH000153,Internet Banking,Thanh toán thẻ,356000,0,Thành công,CN Hoàn Kiếm,7217741
GD202602017668,2026-02-06 15:05:49,KH000187,QR Code,Chuyển khoản đến,6698000,0,Thành công,CN Cần Thơ,26858509
GD202602010556,2026-02-06 15:45:22,KH000111,QR Code,Chuyển khoản đến,118622000,0,Thành công,CN Hải Phòng,563788345
GD202602007252,2026-02-06 15:48:33,KH000077,ATM,Nạp tiền điện thoại,441000,0,Thành công,CN Cần Thơ,10037208
GD202602002598,2026-02-06 16:03:50,KH000025,Mobile Banking,Thanh toán hóa đơn,135000,0,Thành công,CN Cầu Giấy,620031
GD202602009299,2026-02-06 16:04:28,KH000096,Mobile Banking,Thanh toán thẻ,41231000,0,Thành công,CN Thanh Xuân,83526016
GD202602016531,2026-02-06 16:13:40,KH000178,Quầy giao dịch,Nhận lương,8536047,0,Thành công,CN Đà Nẵng,51675252
GD202602003016,2026-02-06 16:19:28,KH000028,POS,Thanh toán thẻ,1092000,1100,Thành công,CN Bình Dương,23968213
GD202602001798,2026-02-06 16:31:30,KH000019,Quầy giao dịch,Nhận lương,9753034,0,Thành công,CN Hải Phòng,65731438
GD202602001321,2026-02-06 16:47:48,KH000015,Mobile Banking,Nộp tiền mặt,83252000,0,Thành công,CN Thanh Xuân,1746196925
GD202602012573,2026-02-06 16:53:07,KH000131,ATM,Chuyển khoản đến,1475000,5500,Thành công,CN Cần Thơ,30246180
GD202602002883,2026-02-06 17:03:45,KH000027,Quầy giao dịch,Nhận lương,16172885,0,Thành công,CN Cần Thơ,99230602
GD202602008453,2026-02-06 17:06:23,KH000086,POS,Chuyển khoản đi,47786000,5500,Thành công,CN TP Hồ Chí Minh,293954261
GD202602015870,2026-02-06 17:23:57,KH000172,Quầy giao dịch,Nhận lương,9778040,0,Thành công,CN Quận 1,14312753
GD202602004650,2026-02-06 17:30:25,KH000050,POS,Thanh toán thẻ,5246000,3300,Thành công,CN TP Hồ Chí Minh,12380688
GD202602014977,2026-02-06 17:31:24,KH000160,ATM,Chuyển khoản đến,2636000,0,Thành công,CN Thanh Xuân,55379163
GD202602002599,2026-02-06 17:37:41,KH000025,Mobile Banking,Chuyển khoản đi,169000,0,Thành công,CN Quận 1,451031
GD202602008195,2026-02-06 17:41:43,KH000084,QR Code,Chuyển khoản đến,2245000,0,Thành công,CN Quận 1,18670168
GD202602015081,2026-02-06 17:46:26,KH000162,Mobile Banking,Nộp tiền mặt,3315000,0,Thành công,CN Thanh Xuân,13809603
GD202602002091,2026-02-06 17:56:00,KH000020,Internet Banking,Thanh toán hóa đơn,13711000,0,Thành công,CN Quận 1,62668486
GD202602014773,2026-02-06 17:58:57,KH000157,Internet Banking,Rút tiền mặt,3340000,0,Thành công,CN TP Hồ Chí Minh,8179795
GD202602010320,2026-02-06 18:03:14,KH000108,ATM,Rút tiền mặt,294000,1100,Thành công,CN Quận 1,14676351
GD202602004738,2026-02-06 18:57:11,KH000051,Quầy giao dịch,Chuyển khoản đến,4336000,5500,Thành công,CN TP Hồ Chí Minh,45026556
GD202602001689,2026-02-06 19:00:19,KH000018,Mobile Banking,Chuyển khoản đến,644000,0,Thành công,CN Hải Phòng,27953746
GD202602010986,2026-02-06 19:09:01,KH000116,Internet Banking,Thanh toán thẻ,828000,0,Thành công,CN TP Hồ Chí Minh,92274285
GD202602009920,2026-02-06 19:30:40,KH000103,POS,Thanh toán thẻ,1700000,3300,Thành công,CN Hải Phòng,12588019
GD202602006108,2026-02-06 19:31:20,KH000063,QR Code,Thanh toán thẻ,1020000,0,Thành công,CN Đà Nẵng,24832104
GD202602018596,2026-02-06 19:46:06,KH000197,Quầy giao dịch,Nhận lương,64952668,0,Thành công,CN TP Hồ Chí Minh,242088256
GD202602006769,2026-02-06 19:55:51,KH000071,QR Code,Chuyển khoản đến,9636000,0,Thành công,CN Hải Phòng,70562938
GD202602009636,2026-02-06 19:58:06,KH000098,ATM,Nộp tiền mặt,208000,3300,Thành công,CN Hoàn Kiếm,11626887
GD202602016438,2026-02-06 20:04:28,KH000177,Mobile Banking,Nạp tiền điện thoại,31340000,0,Thành công,CN Hải Phòng,263829605
GD202602015739,2026-02-06 20:16:49,KH000171,POS,Thanh toán thẻ,19031000,5500,Thành công,CN Cầu Giấy,41185151
GD202602000576,2026-02-06 20:18:16,KH000010,Internet Banking,Thanh toán thẻ,4125000,0,Thành công,CN TP Hồ Chí Minh,13151338
GD202602010218,2026-02-06 20:25:29,KH000106,POS,Thanh toán thẻ,479000,1100,Thành công,CN Hải Phòng,20423284
GD202602006319,2026-02-06 20:33:24,KH000065,Quầy giao dịch,Nhận lương,70973339,0,Thành công,CN Hải Phòng,234792061
GD202602014139,2026-02-06 20:39:02,KH000150,Quầy giao dịch,Nhận lương,16334154,0,Thành công,CN Hải Phòng,67611598
GD202602006709,2026-02-06 21:23:27,KH000069,Mobile Banking,Rút tiền mặt,953000,0,Thành công,CN Cầu Giấy,56230423
GD202602001320,2026-02-06 21:30:38,KH000015,QR Code,Thanh toán thẻ,351544000,0,Thành công,CN Đà Nẵng,1662944925
GD202602003519,2026-02-06 21:46:19,KH000033,Quầy giao dịch,Nhận lương,10929293,0,Thành công,CN Hoàn Kiếm,35188913
GD202602013728,2026-02-06 22:03:21,KH000144,QR Code,Thanh toán thẻ,380000,0,Thành công,CN Hải Phòng,3646656
GD202602004170,2026-02-06 22:08:51,KH000042,Mobile Banking,Nạp tiền điện thoại,2653000,0,Thành công,CN Hoàn Kiếm,33052028
GD202602016437,2026-02-06 22:09:41,KH000177,Quầy giao dịch,Nhận lương,37241665,0,Thành công,CN Bình Dương,295169605
GD202602008196,2026-02-06 22:27:54,KH000084,Internet Banking,Chuyển khoản đến,772000,0,Thành công,CN Bình Dương,19442168
GD202602010447,2026-02-06 22:35:57,KH000110,POS,Thanh toán thẻ,255000,3300,Thành công,CN Đà Nẵng,37901569
GD202602003575,2026-02-06 22:46:10,KH000034,Mobile Banking,Chuyển khoản đến,566000,0,Thành công,CN Cần Thơ,66979122
GD202602007944,2026-02-06 22:59:05,KH000082,Internet Banking,Chuyển khoản đến,719000,0,Thành công,CN Bình Dương,36385229
GD202602006710,2026-02-07 06:06:05,KH000069,Quầy giao dịch,Nạp tiền điện thoại,709000,1100,Thành công,CN Đà Nẵng,55520323
GD202602000138,2026-02-07 06:12:36,KH000005,QR Code,Thanh toán thẻ,72126000,0,Thành công,CN TP Hồ Chí Minh,184296130
GD202602006937,2026-02-07 06:21:29,KH000074,QR Code,Thanh toán thẻ,627000,0,Thành công,CN Đà Nẵng,43530577
GD202602015397,2026-02-07 06:24:04,KH000165,Quầy giao dịch,Nhận lương,9107761,0,Thành công,CN Bình Dương,113442163
GD202602018734,2026-02-07 06:26:24,KH000199,Quầy giao dịch,Nhận lương,47044177,0,Thành công,CN TP Hồ Chí Minh,232657393
GD202602016142,2026-02-07 06:36:17,KH000175,Quầy giao dịch,Nhận lương,9670134,0,Thành công,CN Thanh Xuân,195224424
GD202602011721,2026-02-07 06:51:13,KH000125,Internet Banking,Nộp tiền mặt,966000,0,Thành công,CN Đà Nẵng,4006936
GD202602003961,2026-02-07 06:51:23,KH000039,QR Code,Rút tiền mặt,3922000,0,Thành công,CN Bình Dương,46041566
GD202602003287,2026-02-07 07:19:23,KH000031,Internet Banking,Chuyển khoản đến,951000,0,Thành công,CN TP Hồ Chí Minh,7294303
GD202602017189,2026-02-07 07:35:12,KH000183,Internet Banking,Thanh toán thẻ,30878000,0,Thành công,CN Quận 1,95676453
GD202602017979,2026-02-07 07:46:43,KH000190,Internet Banking,Nộp tiền mặt,117583000,0,Thành công,CN Đà Nẵng,809654335
GD202602006731,2026-02-07 08:03:12,KH000070,Quầy giao dịch,Nhận lương,9633264,0,Thành công,CN Thanh Xuân,88803760
GD202602013146,2026-02-07 08:14:37,KH000136,Internet Banking,Chuyển khoản đi,28798000,0,Thành công,CN Đà Nẵng,197158317
GD202602012374,2026-02-07 08:25:38,KH000129,Internet Banking,Nộp tiền mặt,103000,0,Thành công,CN Quận 1,3106148
GD202602001322,2026-02-07 08:30:24,KH000015,POS,Thanh toán thẻ,403624000,1100,Thành công,CN Hải Phòng,1342571825
GD202602008541,2026-02-07 08:49:41,KH000087,QR Code,Nộp tiền mặt,193000,0,Thành công,CN Cần Thơ,2470426
GD202602017978,2026-02-07 08:54:51,KH000190,Quầy giao dịch,Nhận lương,56893478,0,Thành công,CN Quận 1,692071335
GD202602007583,2026-02-07 08:59:38,KH000079,POS,Thanh toán thẻ,633000,5500,Thành công,CN TP Hồ Chí Minh,48633140
GD202602016099,2026-02-07 09:27:26,KH000174,Quầy giao dịch,Chuyển khoản đến,1359000,3300,Thành công,CN Cần Thơ,45449440
GD202602000241,2026-02-07 09:31:30,KH000006,QR Code,Thanh toán thẻ,14625000,0,Thành công,CN Cầu Giấy,50581966
GD202602015083,2026-02-07 09:36:20,KH000162,Mobile Banking,Thanh toán thẻ,5582000,0,Thành công,CN TP Hồ Chí Minh,12024603
GD202602000240,2026-02-07 09:48:26,KH000006,POS,Thanh toán thẻ,32772000,1100,Thành công,CN Hoàn Kiếm,65206966
GD202602005761,2026-02-07 09:54:07,KH000061,QR Code,Chuyển khoản đến,358000,0,Thành công,CN Hoàn Kiếm,34911378
GD202602012257,2026-02-07 10:32:38,KH000128,ATM,Rút tiền mặt,434000,5500,Thành công,CN Thanh Xuân,19330574
GD202602002092,2026-02-07 10:58:09,KH000020,Internet Banking,Chuyển khoản đi,6947000,0,Thành công,CN Hoàn Kiếm,55721486
GD202602017868,2026-02-07 11:09:28,KH000189,QR Code,Nộp tiền mặt,50688000,0,Thành công,CN Quận 1,514828761
GD202602008197,2026-02-07 11:23:50,KH000084,Quầy giao dịch,Nhận lương,8896089,0,Thành công,CN Hải Phòng,28338257
GD202602010790,2026-02-07 11:32:44,KH000114,Quầy giao dịch,Nhận lương,11522899,0,Thành công,CN Cần Thơ,56295301
GD202602017670,2026-02-07 11:52:28,KH000187,QR Code,Chuyển khoản đến,6876000,0,Thành công,CN Bình Dương,30940509
GD202602016891,2026-02-07 11:58:22,KH000182,Internet Banking,Thanh toán thẻ,5275000,0,Thành công,CN Bình Dương,34819146
GD202602008454,2026-02-07 11:58:50,KH000086,POS,Thanh toán thẻ,22322000,3300,Thành công,CN Quận 1,271628961
GD202602013103,2026-02-07 12:06:53,KH000135,POS,Nộp tiền mặt,5537000,3300,Thành công,CN TP Hồ Chí Minh,392266376
GD202602013102,2026-02-07 12:41:27,KH000135,QR Code,Nộp tiền mặt,73785000,0,Thành công,CN Cầu Giấy,386729376
GD202602009999,2026-02-07 12:57:36,KH000104,Quầy giao dịch,Nhận lương,10484762,0,Thành công,CN Cần Thơ,54585528
GD202602003851,2026-02-07 12:59:08,KH000038,QR Code,Thanh toán thẻ,1608000,0,Thành công,CN TP Hồ Chí Minh,92616747
GD202602016211,2026-02-07 13:25:31,KH000176,Mobile Banking,Nạp tiền điện thoại,566000,0,Thành công,CN Bình Dương,25529690
GD202602015644,2026-02-07 14:07:57,KH000170,Mobile Banking,Thanh toán hóa đơn,24090000,0,Thành công,CN Cầu Giấy,51022753
GD202602017188,2026-02-07 14:08:57,KH000183,Internet Banking,Nạp tiền điện thoại,27303000,0,Thành công,CN Hải Phòng,126554453
GD202602002414,2026-02-07 14:10:26,KH000023,Quầy giao dịch,Nhận lương,20047013,0,Thành công,CN Thanh Xuân,42221067
GD202602005165,2026-02-07 14:30:06,KH000054,POS,Thanh toán thẻ,3625000,5500,Thành công,CN Cầu Giấy,14853330
GD202602014140,2026-02-07 15:03:30,KH000150,Quầy giao dịch,Nạp tiền điện thoại,4693000,3300,Thành công,CN Quận 1,62915298
GD202602008809,2026-02-07 15:04:52,KH000092,Mobile Banking,Nộp tiền mặt,5866000,0,Thành công,CN Cầu Giấy,41331552
GD202602016566,2026-02-07 15:10:53,KH000179,POS,Thanh toán thẻ,10479000,5500,Thành công,CN Bình Dương,121218812
GD202602000347,2026-02-07 15:12:10,KH000008,Mobile Banking,Thanh toán thẻ,209619000,0,Thành công,CN Cầu Giấy,394791813
GD202602014374,2026-02-07 15:12:20,KH000153,Internet Banking,Thanh toán thẻ,664000,0,Thành công,CN Thanh Xuân,6553741
GD202602006845,2026-02-07 15:15:32,KH000072,Quầy giao dịch,Nhận lương,10497166,0,Thành công,CN Cần Thơ,26403874
GD202602007153,2026-02-07 15:22:05,KH000075,Internet Banking,Chuyển khoản đến,15606000,0,Thành công,CN Bình Dương,87545025
GD202602008698,2026-02-07 15:42:33,KH000089,Quầy giao dịch,Nhận lương,19195236,0,Thành công,CN Cầu Giấy,50974198
GD202602007582,2026-02-07 15:44:37,KH000079,Quầy giao dịch,Nhận lương,30808990,0,Thành công,CN TP Hồ Chí Minh,49271640
GD202602001799,2026-02-07 15:53:08,KH000019,Mobile Banking,Chuyển khoản đến,2029000,0,Thành công,CN Quận 1,67760438
GD202602012846,2026-02-07 15:57:13,KH000132,Quầy giao dịch,Nhận lương,21752550,0,Thành công,CN TP Hồ Chí Minh,27624944
GD202602016890,2026-02-07 16:04:34,KH000182,QR Code,Nộp tiền mặt,9366000,0,Thành công,CN Thanh Xuân,40094146
GD202602011161,2026-02-07 16:14:59,KH000118,Mobile Banking,Thanh toán hóa đơn,2374000,0,Thành công,CN TP Hồ Chí Minh,27245058
GD202602014774,2026-02-07 16:37:59,KH000157,QR Code,Nộp tiền mặt,468000,0,Thành công,CN TP Hồ Chí Minh,8647795
GD202602005164,2026-02-07 16:40:19,KH000054,QR Code,Chuyển khoản đến,4203000,0,Thành công,CN Hoàn Kiếm,18483830
GD202602004652,2026-02-07 16:40:36,KH000050,Internet Banking,Thanh toán thẻ,599000,0,Thành công,CN Đà Nẵng,22147684
GD202602013504,2026-02-07 17:08:00,KH000141,Quầy giao dịch,Thanh toán hóa đơn,2218000,1100,Thành công,CN Hải Phòng,6909915
GD202602008764,2026-02-07 17:17:13,KH000091,Internet Banking,Chuyển khoản đi,6794000,0,Thành công,CN Cần Thơ,34633572
GD202602000348,2026-02-07 17:41:37,KH000008,QR Code,Chuyển khoản đến,68056000,0,Thành công,CN Cầu Giấy,462847813
GD202602008662,2026-02-07 17:53:17,KH000088,Internet Banking,Nạp tiền điện thoại,2416000,0,Thành công,CN Thanh Xuân,7511367
GD202602015873,2026-02-07 18:05:50,KH000172,POS,Thanh toán thẻ,422000,0,Thành công,CN Cần Thơ,8146653
GD202602018313,2026-02-07 18:10:39,KH000194,QR Code,Chuyển khoản đến,95000,0,Thành công,CN Cần Thơ,40642817
GD202602009480,2026-02-07 18:17:10,KH000097,QR Code,Nạp tiền điện thoại,137000,0,Thành công,CN Hoàn Kiếm,36085949
GD202602007584,2026-02-07 18:20:21,KH000079,Mobile Banking,Rút tiền mặt,14454000,0,Thành công,CN Cần Thơ,34179140
GD202602007254,2026-02-07 19:01:47,KH000077,POS,Thanh toán thẻ,267000,3300,Thành công,CN Hải Phòng,12803908
GD202602014375,2026-02-07 19:39:27,KH000153,Mobile Banking,Nộp tiền mặt,1789000,0,Thành công,CN Thanh Xuân,8342741
GD202602003576,2026-02-07 19:49:33,KH000034,Mobile Banking,Thanh toán thẻ,2055000,0,Thành công,CN Hoàn Kiếm,64924122
GD202602017669,2026-02-07 19:56:06,KH000187,Internet Banking,Rút tiền mặt,2794000,0,Thành công,CN Cần Thơ,24064509
GD202602002600,2026-02-07 20:08:35,KH000025,POS,Thanh toán thẻ,162000,0,Thành công,CN TP Hồ Chí Minh,289031
GD202602014978,2026-02-07 20:27:35,KH000160,ATM,Rút tiền mặt,1745000,1100,Thành công,CN Hải Phòng,53633063
GD202602010987,2026-02-07 20:29:28,KH000116,Internet Banking,Nộp tiền mặt,19468000,0,Thành công,CN Cần Thơ,111742285
GD202602007253,2026-02-07 20:29:54,KH000077,QR Code,Nộp tiền mặt,3037000,0,Thành công,CN Hoàn Kiếm,13074208
GD202602004651,2026-02-07 20:33:06,KH000050,Quầy giao dịch,Nhận lương,10365996,0,Thành công,CN TP Hồ Chí Minh,22746684
GD202602016532,2026-02-07 20:38:17,KH000178,Internet Banking,Nộp tiền mặt,2164000,0,Thành công,CN Đà Nẵng,53839252
GD202602013822,2026-02-07 21:03:37,KH000145,Mobile Banking,Rút tiền mặt,61000,0,Thành công,CN Bình Dương,14379184
GD202602002601,2026-02-07 21:19:53,KH000025,QR Code,Rút tiền mặt,78000,0,Thành công,CN Cầu Giấy,211031
GD202602002295,2026-02-07 21:37:01,KH000021,POS,Thanh toán thẻ,121000,1100,Thành công,CN Đà Nẵng,17846711
GD202602014619,2026-02-07 21:48:05,KH000154,Internet Banking,Nộp tiền mặt,721000,0,Thành công,CN Bình Dương,24523194
GD202602000952,2026-02-07 21:49:37,KH000013,QR Code,Thanh toán hóa đơn,69300000,0,Thành công,CN Hải Phòng,300449538
GD202602018549,2026-02-07 21:52:50,KH000196,Internet Banking,Thanh toán thẻ,426000,0,Thành công,CN Cầu Giấy,20090142
GD202602014269,2026-02-07 21:57:41,KH000152,POS,Thanh toán thẻ,735000,0,Thành công,CN Cần Thơ,79985700
GD202602006320,2026-02-07 22:04:07,KH000065,Internet Banking,Thanh toán thẻ,69889000,0,Thành công,CN Quận 1,164903061
GD202602010321,2026-02-07 22:04:11,KH000108,QR Code,Thanh toán thẻ,238000,0,Thành công,CN Bình Dương,14438351
GD202602013729,2026-02-07 22:07:34,KH000144,Internet Banking,Nạp tiền điện thoại,197000,0,Thành công,CN Bình Dương,3449656
GD202602016753,2026-02-07 22:50:21,KH000181,POS,Chuyển khoản đến,2027000,5500,Thành công,CN Cần Thơ,11365020
GD202602015872,2026-02-07 22:58:07,KH000172,QR Code,Nạp tiền điện thoại,1577000,0,Thành công,CN Thanh Xuân,8568653
GD202602003963,2026-02-08 06:18:31,KH000039,QR Code,Nộp tiền mặt,3876000,0,Thành công,CN Đà Nẵng,57947422
GD202602001072,2026-02-08 06:31:53,KH000014,Quầy giao dịch,Nhận lương,65876133,0,Thành công,CN Cầu Giấy,68875739
GD202602016212,2026-02-08 06:33:46,KH000176,POS,Thanh toán thẻ,918000,3300,Thành công,CN Đà Nẵng,24608390
GD202602014105,2026-02-08 06:47:27,KH000149,POS,Thanh toán thẻ,2787000,3300,Thành công,CN Đà Nẵng,17388952
GD202602016611,2026-02-08 07:06:17,KH000180,POS,Thanh toán thẻ,1126000,1100,Thành công,CN Hải Phòng,33010207
GD202602011042,2026-02-08 07:36:56,KH000117,POS,Thanh toán thẻ,132000,0,Thành công,CN TP Hồ Chí Minh,19452781
GD202602012850,2026-02-08 07:42:27,KH000132,QR Code,Nạp tiền điện thoại,4975000,0,Thành công,CN Hoàn Kiếm,15453644
GD202602015561,2026-02-08 07:49:50,KH000169,ATM,Rút tiền mặt,23019000,1100,Thành công,CN Thanh Xuân,182481500
GD202602009703,2026-02-08 07:50:58,KH000099,POS,Thanh toán thẻ,1675000,3300,Thành công,CN Đà Nẵng,41273051
GD202602009481,2026-02-08 08:17:06,KH000097,Internet Banking,Chuyển khoản đi,508000,0,Thành công,CN TP Hồ Chí Minh,35577949
GD202602012848,2026-02-08 08:26:25,KH000132,QR Code,Chuyển khoản đi,281000,0,Thành công,CN Thanh Xuân,29629944
GD202602006322,2026-02-08 08:40:28,KH000065,QR Code,Thanh toán thẻ,23030000,0,Thành công,CN Thanh Xuân,84561061
GD202602003577,2026-02-08 08:49:07,KH000034,Mobile Banking,Nạp tiền điện thoại,822000,0,Thành công,CN Hải Phòng,64102122
GD202602000349,2026-02-08 08:58:16,KH000008,Quầy giao dịch,Nhận lương,40589930,0,Thành công,CN Hải Phòng,503437743
GD202602009255,2026-02-08 09:00:47,KH000095,Mobile Banking,Thanh toán thẻ,11772000,0,Thành công,CN TP Hồ Chí Minh,27899627
GD202602005762,2026-02-08 09:16:50,KH000061,Quầy giao dịch,Nhận lương,8506076,0,Thành công,CN Cầu Giấy,43417453
GD202602017671,2026-02-08 09:22:41,KH000187,Mobile Banking,Nộp tiền mặt,3053000,0,Thành công,CN Cần Thơ,33993509
GD202602018314,2026-02-08 09:28:07,KH000194,Quầy giao dịch,Nhận lương,8958693,0,Thành công,CN Cầu Giấy,49601509
GD202602007255,2026-02-08 09:35:20,KH000077,Quầy giao dịch,Nhận lương,8934840,0,Thành công,CN Cầu Giấy,21738749
GD202602000350,2026-02-08 09:36:52,KH000008,Internet Banking,Chuyển khoản đến,86047000,0,Thành công,CN Hoàn Kiếm,589484743
GD202602016440,2026-02-08 10:09:04,KH000177,QR Code,Thanh toán thẻ,52903000,0,Thành công,CN Hoàn Kiếm,172453305
GD202602010278,2026-02-08 10:23:19,KH000107,Quầy giao dịch,Nhận lương,9539690,0,Thành công,CN TP Hồ Chí Minh,24267359
GD202602012847,2026-02-08 10:33:06,KH000132,QR Code,Chuyển khoản đến,2286000,0,Thành công,CN Đà Nẵng,29910944
GD202602000773,2026-02-08 10:36:28,KH000011,Quầy giao dịch,Nhận lương,11814954,0,Thành công,CN TP Hồ Chí Minh,69570687
GD202602003257,2026-02-08 10:42:40,KH000030,Quầy giao dịch,Nhận lương,11722569,0,Thành công,CN Thanh Xuân,96482713
GD202602009637,2026-02-08 10:47:04,KH000098,Quầy giao dịch,Nhận lương,8169439,0,Thành công,CN Quận 1,19796325
GD202602006109,2026-02-08 10:53:08,KH000063,Quầy giao dịch,Nhận lương,9964521,0,Thành công,CN Đà Nẵng,34796625
GD202602001323,2026-02-08 11:11:44,KH000015,POS,Thanh toán thẻ,195599000,3300,Thành công,CN TP Hồ Chí Minh,1146969525
GD202602008810,2026-02-08 11:11:57,KH000092,ATM,Thanh toán hóa đơn,4847000,3300,Thành công,CN Cần Thơ,36481252
GD202602006321,2026-02-08 11:13:37,KH000065,Internet Banking,Thanh toán thẻ,57312000,0,Thành công,CN TP Hồ Chí Minh,107591061
GD202602002519,2026-02-08 11:20:16,KH000024,Internet Banking,Thanh toán thẻ,89000,0,Thành công,CN Cầu Giấy,33469328
GD202602002603,2026-02-08 11:22:52,KH000025,Mobile Banking,Thanh toán thẻ,119000,0,Thành công,CN Cầu Giấy,134531
GD202602007154,2026-02-08 11:29:25,KH000075,POS,Thanh toán thẻ,16523000,5500,Thành công,CN Quận 1,71016525
GD202602011041,2026-02-08 11:39:34,KH000117,ATM,Chuyển khoản đến,189000,0,Thành công,CN Hoàn Kiếm,19584781
GD202602012259,2026-02-08 11:44:05,KH000128,QR Code,Thanh toán thẻ,409000,0,Thành công,CN Quận 1,18676574
GD202602011162,2026-02-08 11:46:49,KH000118,Quầy giao dịch,Nhận lương,14719647,0,Thành công,CN Bình Dương,41964706
GD202602008811,2026-02-08 11:56:07,KH000092,Internet Banking,Chuyển khoản đến,6560000,0,Thành công,CN Hoàn Kiếm,43041252
GD202602011631,2026-02-08 12:11:29,KH000123,ATM,Rút tiền mặt,21426000,3300,Thành công,CN Bình Dương,326679589
GD202602013104,2026-02-08 12:28:08,KH000135,Internet Banking,Rút tiền mặt,40377000,0,Thành công,CN Cầu Giấy,351889376
GD202602005101,2026-02-08 12:31:45,KH000053,ATM,Chuyển khoản đến,7968000,5500,Thất bại,CN Hải Phòng,211070174
GD202602014702,2026-02-08 13:08:40,KH000155,Internet Banking,Chuyển khoản đi,42345000,0,Thành công,CN Bình Dương,131464297
GD202602010193,2026-02-08 13:19:28,KH000105,Quầy giao dịch,Nhận lương,57035221,0,Thành công,CN Hải Phòng,126708376
GD202602001691,2026-02-08 13:45:58,KH000018,QR Code,Thanh toán thẻ,1081000,0,Thành công,CN Quận 1,35269685
GD202602007256,2026-02-08 13:52:53,KH000077,Mobile Banking,Thanh toán thẻ,231000,0,Thành công,CN Hoàn Kiếm,21507749
GD202602012258,2026-02-08 13:58:55,KH000128,Internet Banking,Chuyển khoản đi,245000,0,Thành công,CN TP Hồ Chí Minh,19085574
GD202602009482,2026-02-08 14:02:37,KH000097,Mobile Banking,Nạp tiền điện thoại,1969000,0,Thành công,CN Hoàn Kiếm,33608949
GD202602015526,2026-02-08 14:11:43,KH000168,POS,Thanh toán thẻ,17162000,1100,Thành công,CN Bình Dương,113947100
GD202602014740,2026-02-08 14:23:00,KH000156,QR Code,Nạp tiền điện thoại,19916000,0,Thành công,CN Hoàn Kiếm,79675552
GD202602015645,2026-02-08 14:23:03,KH000170,Mobile Banking,Thanh toán thẻ,17266000,0,Thành công,CN TP Hồ Chí Minh,33756753
GD202602000105,2026-02-08 14:32:13,KH000004,Quầy giao dịch,Nhận lương,19898935,0,Thành công,CN TP Hồ Chí Minh,107660016
GD202602017521,2026-02-08 14:49:09,KH000185,Mobile Banking,Thanh toán thẻ,10640000,0,Thành công,CN Hải Phòng,20966861
GD202602001432,2026-02-08 15:02:08,KH000016,Internet Banking,Thanh toán thẻ,188000,0,Thành công,CN Cần Thơ,1625807
GD202602010322,2026-02-08 15:03:10,KH000108,Quầy giao dịch,Nhận lương,11284664,0,Thành công,CN Cần Thơ,25723015
GD202602015510,2026-02-08 15:17:56,KH000167,Mobile Banking,Nạp tiền điện thoại,1446000,0,Thành công,CN Thanh Xuân,34012608
GD202602014776,2026-02-08 15:25:50,KH000157,Internet Banking,Rút tiền mặt,458000,0,Thành công,CN Quận 1,16860223
GD202602014376,2026-02-08 15:36:23,KH000153,QR Code,Thanh toán hóa đơn,55000,0,Thất bại,CN Cần Thơ,8342741
GD202602003812,2026-02-08 15:41:28,KH000037,ATM,Nạp tiền điện thoại,49433000,1100,Thành công,CN Hải Phòng,154504158
GD202602000774,2026-02-08 15:42:26,KH000011,POS,Chuyển khoản đến,3810000,0,Thành công,CN Bình Dương,73380687
GD202602013369,2026-02-08 15:49:15,KH000138,Quầy giao dịch,Nhận lương,8443050,0,Thành công,CN Cần Thơ,37655619
GD202602010791,2026-02-08 15:51:56,KH000114,Mobile Banking,Nạp tiền điện thoại,2096000,0,Thành công,CN Hải Phòng,54199301
GD202602008765,2026-02-08 15:54:11,KH000091,Quầy giao dịch,Nhận lương,43691269,0,Thành công,CN Hoàn Kiếm,78324841
GD202602005765,2026-02-08 16:26:20,KH000061,Internet Banking,Thanh toán thẻ,972000,0,Thành công,CN Hoàn Kiếm,41744453
GD202602014775,2026-02-08 16:30:58,KH000157,Quầy giao dịch,Nhận lương,8670428,0,Thành công,CN Thanh Xuân,17318223
GD202602001073,2026-02-08 16:49:55,KH000014,Internet Banking,Thanh toán thẻ,13019000,0,Thành công,CN Cần Thơ,55856739
GD202602014270,2026-02-08 17:10:39,KH000152,POS,Thanh toán thẻ,2465000,1100,Thành công,CN Cầu Giấy,77519600
GD202602018253,2026-02-08 17:23:47,KH000192,Mobile Banking,Chuyển khoản đi,24567000,0,Thành công,CN Quận 1,74809376
GD202602005764,2026-02-08 17:27:16,KH000061,Mobile Banking,Nộp tiền mặt,111000,0,Thành công,CN Thanh Xuân,42716453
GD202602010681,2026-02-08 17:56:54,KH000113,Quầy giao dịch,Nộp tiền mặt,1238000,5500,Thành công,CN Hải Phòng,16994706
GD202602005214,2026-02-08 18:06:19,KH000055,Mobile Banking,Nạp tiền điện thoại,65000,0,Thành công,CN Thanh Xuân,8431587
GD202602017190,2026-02-08 18:10:30,KH000183,Quầy giao dịch,Nhận lương,84336095,0,Thành công,CN Quận 1,180012548
GD202602011964,2026-02-08 18:11:26,KH000126,QR Code,Thanh toán hóa đơn,2921000,0,Thành công,CN Quận 1,7648499
GD202602014377,2026-02-08 18:15:30,KH000153,QR Code,Nạp tiền điện thoại,1463000,0,Thành công,CN TP Hồ Chí Minh,6879741
GD202602004577,2026-02-08 18:26:39,KH000048,Internet Banking,Thanh toán hóa đơn,11006000,0,Thành công,CN TP Hồ Chí Minh,38321815
GD202602014620,2026-02-08 18:36:39,KH000154,Quầy giao dịch,Nộp tiền mặt,725000,1100,Thất bại,CN Cần Thơ,24523194
GD202602012849,2026-02-08 18:51:28,KH000132,POS,Thanh toán thẻ,9198000,3300,Thành công,CN Thanh Xuân,20428644
GD202602003017,2026-02-08 19:04:35,KH000028,Mobile Banking,Chuyển khoản đi,572000,0,Thành công,CN Thanh Xuân,23396213
GD202602009841,2026-02-08 19:15:40,KH000101,Quầy giao dịch,Nhận lương,16159874,0,Thành công,CN Hoàn Kiếm,87024971
GD202602005763,2026-02-08 19:15:41,KH000061,Mobile Banking,Thanh toán hóa đơn,812000,0,Thành công,CN Quận 1,42605453
GD202602002296,2026-02-08 19:17:05,KH000021,Quầy giao dịch,Nhận lương,8244837,0,Thành công,CN TP Hồ Chí Minh,26091548
GD202602004356,2026-02-08 19:59:25,KH000045,Quầy giao dịch,Nhận lương,10904401,0,Thành công,CN Hoàn Kiếm,30179704
GD202602013823,2026-02-08 20:12:06,KH000145,Quầy giao dịch,Nhận lương,11660780,0,Thành công,CN Đà Nẵng,26039964
GD202602016610,2026-02-08 20:12:54,KH000180,Quầy giao dịch,Nhận lương,11821514,0,Thành công,CN TP Hồ Chí Minh,34137307
GD202602011300,2026-02-08 20:24:02,KH000119,QR Code,Chuyển khoản đến,103000,0,Thành công,CN Hoàn Kiếm,8027939
GD202602010904,2026-02-08 20:29:48,KH000115,Quầy giao dịch,Nhận lương,11884614,0,Thành công,CN Hoàn Kiếm,55347148
GD202602015324,2026-02-08 20:36:48,KH000164,Quầy giao dịch,Chuyển khoản đến,158000,0,Thành công,CN Cần Thơ,2767189
GD202602004811,2026-02-08 20:40:36,KH000052,POS,Thanh toán thẻ,52000,3300,Thành công,CN Thanh Xuân,202906
GD202602012004,2026-02-08 20:54:10,KH000127,QR Code,Chuyển khoản đến,66000,0,Thành công,CN Hoàn Kiếm,1223841
GD202602006532,2026-02-08 21:07:35,KH000066,Quầy giao dịch,Rút tiền mặt,616000,1100,Thành công,CN TP Hồ Chí Minh,122286624
GD202602014703,2026-02-08 21:13:43,KH000155,POS,Nộp tiền mặt,31781000,5500,Thành công,CN Bình Dương,163245297
GD202602003018,2026-02-08 21:24:34,KH000028,Mobile Banking,Nộp tiền mặt,329000,0,Thành công,CN Quận 1,23725213
GD202602013254,2026-02-08 21:34:32,KH000137,Quầy giao dịch,Nhận lương,16552778,0,Thành công,CN Cầu Giấy,41862764
GD202602016439,2026-02-08 21:52:00,KH000177,ATM,Thanh toán hóa đơn,38470000,3300,Thành công,CN Cầu Giấy,225356305
GD202602013567,2026-02-08 21:52:23,KH000142,Internet Banking,Nạp tiền điện thoại,1364000,0,Thành công,CN Hải Phòng,92989111
GD202602003962,2026-02-08 21:58:11,KH000039,Quầy giao dịch,Nhận lương,8029856,0,Thành công,CN Cầu Giấy,54071422
GD202602001690,2026-02-08 22:20:31,KH000018,Quầy giao dịch,Nhận lương,8396939,0,Thành công,CN Đà Nẵng,36350685
GD202602011301,2026-02-08 22:27:41,KH000119,POS,Thanh toán thẻ,164000,1100,Thành công,CN Quận 1,7862839
GD202602011965,2026-02-08 22:32:13,KH000126,Internet Banking,Nộp tiền mặt,645000,0,Thành công,CN Cầu Giấy,8293499
GD202602002602,2026-02-08 22:32:24,KH000025,Internet Banking,Rút tiền mặt,136000,0,Thành công,CN Thanh Xuân,75031
GD202602000106,2026-02-08 22:34:52,KH000004,Internet Banking,Nạp tiền điện thoại,13486000,0,Thành công,CN Quận 1,94174016
GD202602005547,2026-02-09 06:04:06,KH000059,Quầy giao dịch,Nhận lương,81629010,0,Thành công,CN Quận 1,153904620
GD202602013730,2026-02-09 06:22:08,KH000144,Internet Banking,Chuyển khoản đi,632000,0,Thành công,CN Bình Dương,2817656
GD202602000577,2026-02-09 06:25:33,KH000010,QR Code,Thanh toán thẻ,1223000,0,Thành công,CN Cầu Giấy,11928338
GD202602017980,2026-02-09 06:30:14,KH000190,POS,Rút tiền mặt,171612000,3300,Thành công,CN Bình Dương,638039035
GD202602000010,2026-02-09 06:45:06,KH000001,Quầy giao dịch,Nhận lương,28004041,0,Thành công,CN Cầu Giấy,97386521
GD202602006533,2026-02-09 07:08:11,KH000066,Quầy giao dịch,Nhận lương,11085837,0,Thành công,CN Hải Phòng,133372461
GD202602013105,2026-02-09 07:25:04,KH000135,POS,Chuyển khoản đến,3074000,3300,Thành công,CN Hải Phòng,354963376
GD202602005166,2026-02-09 07:26:32,KH000054,Quầy giao dịch,Nhận lương,9420452,0,Thành công,CN Hải Phòng,24273782
GD202602001637,2026-02-09 07:36:49,KH000017,POS,Thanh toán thẻ,10195000,5500,Thành công,CN Quận 1,72132668
GD202602010220,2026-02-09 07:50:14,KH000106,Quầy giao dịch,Nhận lương,9412846,0,Thành công,CN TP Hồ Chí Minh,28501130
GD202602016213,2026-02-09 07:54:21,KH000176,QR Code,Thanh toán thẻ,1145000,0,Thành công,CN Hoàn Kiếm,23463390
GD202602017191,2026-02-09 07:54:46,KH000183,Mobile Banking,Thanh toán thẻ,62240000,0,Thành công,CN Hải Phòng,117772548
GD202602010449,2026-02-09 07:57:48,KH000110,Quầy giao dịch,Nhận lương,10387467,0,Thành công,CN Cần Thơ,47353036
GD202602015562,2026-02-09 08:18:49,KH000169,ATM,Rút tiền mặt,16255000,5500,Thành công,CN Cầu Giấy,166221000
GD202602015563,2026-02-09 08:18:49,KH000169,POS,Thanh toán thẻ,15782000,5500,Thành công,CN Hải Phòng,150433500
GD202602004357,2026-02-09 08:26:17,KH000045,POS,Thanh toán thẻ,1422000,5500,Thành công,CN Cần Thơ,28752204
GD202602018278,2026-02-09 08:28:22,KH000193,POS,Thanh toán thẻ,57103000,0,Thành công,CN Quận 1,323324663
GD202602003852,2026-02-09 08:41:57,KH000038,Internet Banking,Thanh toán thẻ,4001000,0,Thành công,CN TP Hồ Chí Minh,88615747
GD202602011724,2026-02-09 08:53:49,KH000125,Internet Banking,Rút tiền mặt,1153000,0,Thành công,CN Quận 1,2521636
GD202602013568,2026-02-09 09:02:59,KH000142,Internet Banking,Nộp tiền mặt,21824000,0,Thành công,CN Hoàn Kiếm,114813111
GD202602017476,2026-02-09 09:13:00,KH000184,Mobile Banking,Thanh toán hóa đơn,13556000,0,Thành công,CN Cần Thơ,29443735
GD202602003520,2026-02-09 09:33:53,KH000033,POS,Rút tiền mặt,1350000,0,Thành công,CN Thanh Xuân,33838913
GD202602016143,2026-02-09 09:45:19,KH000175,POS,Nộp tiền mặt,34407000,0,Thành công,CN Hải Phòng,229631424
GD202602017475,2026-02-09 09:47:56,KH000184,POS,Thanh toán thẻ,796000,1100,Thành công,CN Hải Phòng,42999735
GD202602016048,2026-02-09 10:00:56,KH000173,POS,Chuyển khoản đến,533000,0,Thành công,CN Hoàn Kiếm,8118068
GD202602016613,2026-02-09 10:08:32,KH000180,Internet Banking,Chuyển khoản đến,2033000,0,Thành công,CN Hải Phòng,34067207
GD202602012005,2026-02-09 10:10:15,KH000127,Quầy giao dịch,Nhận lương,15744075,0,Thành công,CN Bình Dương,16967917
GD202602015528,2026-02-09 10:15:26,KH000168,Internet Banking,Thanh toán thẻ,9637000,0,Thành công,CN Cần Thơ,101204100
GD202602013506,2026-02-09 10:19:29,KH000141,QR Code,Nộp tiền mặt,1565000,0,Thành công,CN TP Hồ Chí Minh,8474915
GD202602016612,2026-02-09 10:20:12,KH000180,Mobile Banking,Thanh toán thẻ,976000,0,Thành công,CN Bình Dương,32034207
GD202602000041,2026-02-09 10:21:12,KH000002,POS,Chuyển khoản đến,2868000,0,Thành công,CN Hoàn Kiếm,59432771
GD202602009921,2026-02-09 10:24:56,KH000103,Mobile Banking,Rút tiền mặt,424000,0,Thành công,CN Quận 1,12164019
GD202602007946,2026-02-09 10:27:29,KH000082,Internet Banking,Nộp tiền mặt,2391000,0,Thành công,CN TP Hồ Chí Minh,49469726
GD202602011302,2026-02-09 10:39:24,KH000119,Quầy giao dịch,Nhận lương,7845585,0,Thành công,CN Thanh Xuân,15708424
GD202602000880,2026-02-09 10:48:10,KH000012,QR Code,Thanh toán thẻ,695000,0,Thành công,CN Cần Thơ,50548049
GD202602002520,2026-02-09 10:59:05,KH000024,Quầy giao dịch,Nhận lương,11032795,0,Thành công,CN Hoàn Kiếm,44502123
GD202602015264,2026-02-09 11:27:11,KH000163,Mobile Banking,Nộp tiền mặt,17929000,0,Thành công,CN Thanh Xuân,89184697
GD202602007585,2026-02-09 11:42:32,KH000079,QR Code,Thanh toán thẻ,5862000,0,Thất bại,CN TP Hồ Chí Minh,34179140
GD202602003258,2026-02-09 11:58:43,KH000030,Mobile Banking,Chuyển khoản đến,154000,0,Thành công,CN Hải Phòng,96636713
GD202602014019,2026-02-09 13:18:00,KH000148,Quầy giao dịch,Nhận lương,9183513,0,Thành công,CN Hoàn Kiếm,26328316
GD202602007945,2026-02-09 13:18:08,KH000082,Quầy giao dịch,Nhận lương,10693497,0,Thành công,CN Bình Dương,47078726
GD202602006323,2026-02-09 13:26:44,KH000065,Internet Banking,Nộp tiền mặt,17211000,0,Thành công,CN Cần Thơ,101772061
GD202602014271,2026-02-09 13:56:13,KH000152,Internet Banking,Nộp tiền mặt,840000,0,Thành công,CN Bình Dương,78359600
GD202602001638,2026-02-09 14:13:14,KH000017,QR Code,Thanh toán thẻ,4788000,0,Thành công,CN Hải Phòng,67344668
GD202602014106,2026-02-09 14:15:00,KH000149,Quầy giao dịch,Nhận lương,9257340,0,Thành công,CN Bình Dương,26646292
GD202602013505,2026-02-09 14:22:28,KH000141,Quầy giao dịch,Rút tiền mặt,1611000,1100,Thất bại,CN Quận 1,6909915
GD202602004578,2026-02-09 14:27:43,KH000048,Mobile Banking,Thanh toán thẻ,10986000,0,Thành công,CN Quận 1,27335815
GD202602009256,2026-02-09 14:29:15,KH000095,POS,Thanh toán thẻ,4639000,0,Thành công,CN Bình Dương,23260627
GD202602002846,2026-02-09 14:43:51,KH000026,POS,Thanh toán thẻ,832000,5500,Thành công,CN Cần Thơ,14330522
GD202602003019,2026-02-09 15:03:44,KH000028,Quầy giao dịch,Nhận lương,11363712,0,Thành công,CN Hải Phòng,35088925
GD202602001433,2026-02-09 15:14:39,KH000016,Mobile Banking,Thanh toán thẻ,261000,0,Thành công,CN Thanh Xuân,1364807
GD202602017672,2026-02-09 15:25:08,KH000187,POS,Thanh toán thẻ,6576000,0,Thành công,CN Cầu Giấy,27417509
GD202602003578,2026-02-09 15:28:17,KH000034,Mobile Banking,Thanh toán thẻ,1590000,0,Thành công,CN Cần Thơ,62512122
GD202602007883,2026-02-09 15:32:53,KH000081,Quầy giao dịch,Nhận lương,48162613,0,Thành công,CN Hải Phòng,179270459
GD202602013569,2026-02-09 15:47:48,KH000142,Internet Banking,Rút tiền mặt,21970000,0,Thành công,CN Cần Thơ,92843111
GD202602011723,2026-02-09 15:53:28,KH000125,Mobile Banking,Chuyển khoản đến,332000,0,Thành công,CN Cầu Giấy,3674636
GD202602005259,2026-02-09 16:07:42,KH000056,POS,Nạp tiền điện thoại,875000,1100,Thành công,CN Cầu Giấy,75245259
GD202602003386,2026-02-09 16:42:01,KH000032,Quầy giao dịch,Nhận lương,11343412,0,Thành công,CN Cầu Giấy,24098466
GD202602013074,2026-02-09 16:49:40,KH000134,POS,Thanh toán thẻ,9347000,1100,Thành công,CN Thanh Xuân,20115762
GD202602002093,2026-02-09 16:56:01,KH000020,Internet Banking,Chuyển khoản đến,7008000,0,Thành công,CN Cầu Giấy,62729486
GD202602005548,2026-02-09 16:57:24,KH000059,Internet Banking,Thanh toán thẻ,31037000,0,Thành công,CN Đà Nẵng,122867620
GD202602013255,2026-02-09 17:00:41,KH000137,Internet Banking,Thanh toán thẻ,6978000,0,Thành công,CN Đà Nẵng,34884764
GD202602006617,2026-02-09 17:09:13,KH000067,POS,Nạp tiền điện thoại,15262000,0,Thành công,CN Cầu Giấy,184778099
GD202602004513,2026-02-09 17:14:48,KH000046,Quầy giao dịch,Nhận lương,42810719,0,Thành công,CN Thanh Xuân,164559973
GD202602007155,2026-02-09 17:15:01,KH000075,Quầy giao dịch,Nhận lương,7917861,0,Thành công,CN Hoàn Kiếm,78934387
GD202602006888,2026-02-09 17:16:28,KH000073,Internet Banking,Nạp tiền điện thoại,31535000,0,Thành công,CN Thanh Xuân,62831233
GD202602003288,2026-02-09 17:20:41,KH000031,Mobile Banking,Chuyển khoản đi,343000,0,Thành công,CN Quận 1,6951303
GD202602013702,2026-02-09 17:31:46,KH000143,Quầy giao dịch,Nhận lương,9067166,0,Thành công,CN Thanh Xuân,29743205
GD202602018277,2026-02-09 18:44:06,KH000193,Quầy giao dịch,Nhận lương,29062064,0,Thành công,CN Bình Dương,380427663
GD202602016892,2026-02-09 18:53:29,KH000182,Mobile Banking,Nạp tiền điện thoại,11614000,0,Thành công,CN Đà Nẵng,23205146
GD202602011722,2026-02-09 18:56:24,KH000125,ATM,Rút tiền mặt,661000,3300,Thành công,CN Hoàn Kiếm,3342636
GD202602007257,2026-02-09 19:36:17,KH000077,POS,Thanh toán thẻ,4306000,3300,Thành công,CN Thanh Xuân,17198449
GD202602002845,2026-02-09 19:47:26,KH000026,Mobile Banking,Thanh toán thẻ,1483000,0,Thành công,CN Hoàn Kiếm,15168022
GD202602001324,2026-02-09 19:51:25,KH000015,Quầy giao dịch,Rút tiền mặt,256505000,1100,Thành công,CN Cần Thơ,890463425
GD202602016100,2026-02-09 20:35:38,KH000174,Quầy giao dịch,Nhận lương,9229482,0,Thành công,CN Đà Nẵng,54678923
GD202602017192,2026-02-09 20:37:14,KH000183,Internet Banking,Thanh toán thẻ,13709000,0,Thành công,CN Bình Dương,104063548
GD202602015511,2026-02-09 20:46:56,KH000167,Internet Banking,Chuyển khoản đến,617000,0,Thành công,CN TP Hồ Chí Minh,34629608
GD202602010557,2026-02-09 21:00:30,KH000111,POS,Nạp tiền điện thoại,41925000,5500,Thành công,CN Bình Dương,521857845
GD202602017522,2026-02-09 21:09:14,KH000185,Quầy giao dịch,Nhận lương,23382389,0,Thành công,CN Đà Nẵng,44349250
GD202602008542,2026-02-09 21:13:39,KH000087,ATM,Nộp tiền mặt,241000,5500,Thành công,CN TP Hồ Chí Minh,2711426
GD202602015263,2026-02-09 21:19:08,KH000163,Quầy giao dịch,Nhận lương,41696210,0,Thành công,CN Hoàn Kiếm,71255697
GD202602012375,2026-02-09 21:30:40,KH000129,QR Code,Chuyển khoản đi,673000,0,Thành công,CN Quận 1,2433148
GD202602015527,2026-02-09 21:44:45,KH000168,POS,Thanh toán thẻ,3106000,0,Thành công,CN TP Hồ Chí Minh,110841100
GD202602016533,2026-02-09 21:58:15,KH000178,POS,Nạp tiền điện thoại,10540000,3300,Thành công,CN Quận 1,43295952
GD202602008455,2026-02-09 21:59:29,KH000086,POS,Rút tiền mặt,26348000,5500,Thành công,CN Hoàn Kiếm,245275461
GD202602016754,2026-02-09 22:05:04,KH000181,Mobile Banking,Thanh toán hóa đơn,2207000,0,Thành công,CN Đà Nẵng,9158020
GD202602007258,2026-02-10 06:35:22,KH000077,QR Code,Nộp tiền mặt,4310000,0,Thành công,CN Hải Phòng,21508449
GD202602009922,2026-02-10 06:40:30,KH000103,POS,Thanh toán thẻ,625000,0,Thành công,CN Đà Nẵng,11539019
GD202602006324,2026-02-10 06:46:49,KH000065,POS,Thanh toán thẻ,29325000,1100,Thành công,CN Hoàn Kiếm,72445961
GD202602011664,2026-02-10 06:52:26,KH000124,QR Code,Nạp tiền điện thoại,13189000,0,Thành công,CN Quận 1,97863138
GD202602000301,2026-02-10 07:08:19,KH000007,QR Code,Nạp tiền điện thoại,12826000,0,Thành công,CN Bình Dương,141156747
GD202602018550,2026-02-10 07:10:31,KH000196,Quầy giao dịch,Nhận lương,8910161,0,Thành công,CN Đà Nẵng,29000303
GD202602006111,2026-02-10 07:22:03,KH000063,Internet Banking,Thanh toán thẻ,74000,0,Thành công,CN Quận 1,34013525
GD202602005102,2026-02-10 07:36:12,KH000053,POS,Nạp tiền điện thoại,15264000,0,Thành công,CN Đà Nẵng,195806174
GD202602011043,2026-02-10 08:10:30,KH000117,Quầy giao dịch,Nhận lương,11679079,0,Thành công,CN Cầu Giấy,31131860
GD202602001326,2026-02-10 08:57:28,KH000015,POS,Thanh toán thẻ,91321000,0,Thành công,CN Đà Nẵng,867487186
GD202602014378,2026-02-10 08:57:44,KH000153,Mobile Banking,Chuyển khoản đến,1522000,0,Thành công,CN Hoàn Kiếm,8401741
GD202602014379,2026-02-10 09:03:47,KH000153,POS,Thanh toán thẻ,973000,1100,Thành công,CN Đà Nẵng,7427641
GD202602001801,2026-02-10 09:21:35,KH000019,QR Code,Thanh toán hóa đơn,177000,0,Thành công,CN Hải Phòng,70981438
GD202602003964,2026-02-10 09:27:07,KH000039,ATM,Nộp tiền mặt,573000,1100,Thành công,CN Đà Nẵng,58520422
GD202602009019,2026-02-10 09:32:42,KH000094,Quầy giao dịch,Nhận lương,8365906,0,Thành công,CN Cần Thơ,68000613
GD202602001075,2026-02-10 09:35:46,KH000014,Mobile Banking,Nộp tiền mặt,8614000,0,Thành công,CN Quận 1,58768439
GD202602007847,2026-02-10 09:37:11,KH000080,Internet Banking,Rút tiền mặt,2823000,0,Thành công,CN Bình Dương,78591089
GD202602005384,2026-02-10 10:03:54,KH000057,Quầy giao dịch,Nhận lương,35445552,0,Thành công,CN TP Hồ Chí Minh,111658716
GD202602001800,2026-02-10 10:36:56,KH000019,Internet Banking,Chuyển khoản đến,3398000,0,Thành công,CN Quận 1,71158438
GD202602005767,2026-02-10 10:42:50,KH000061,POS,Thanh toán thẻ,1505000,5500,Thành công,CN Hải Phòng,41455953
GD202602000953,2026-02-10 10:52:35,KH000013,QR Code,Chuyển khoản đến,98830000,0,Thành công,CN TP Hồ Chí Minh,399279538
GD202602008812,2026-02-10 11:09:18,KH000092,Mobile Banking,Thanh toán thẻ,4317000,0,Thành công,CN Đà Nẵng,38724252
GD202602006660,2026-02-10 11:11:56,KH000068,Internet Banking,Thanh toán hóa đơn,8865000,0,Thành công,CN Bình Dương,75177889
GD202602012421,2026-02-10 11:13:59,KH000130,QR Code,Nộp tiền mặt,1497000,0,Thành công,CN Thanh Xuân,51225703
GD202602015529,2026-02-10 11:17:45,KH000168,QR Code,Thanh toán thẻ,21920000,0,Thành công,CN Hải Phòng,79284100
GD202602001641,2026-02-10 11:18:58,KH000017,Internet Banking,Thanh toán thẻ,13428000,0,Thành công,CN Hoàn Kiếm,41202642
GD202602001640,2026-02-10 11:29:43,KH000017,POS,Nạp tiền điện thoại,29381000,1100,Thành công,CN TP Hồ Chí Minh,54630642
GD202602006110,2026-02-10 11:38:30,KH000063,POS,Thanh toán thẻ,708000,1100,Thành công,CN Đà Nẵng,34087525
GD202602007846,2026-02-10 11:49:17,KH000080,Quầy giao dịch,Nhận lương,11537600,0,Thành công,CN Cần Thơ,81414089
GD202602003853,2026-02-10 11:50:19,KH000038,Mobile Banking,Nạp tiền điện thoại,2560000,0,Thành công,CN TP Hồ Chí Minh,86055747
GD202602010639,2026-02-10 12:09:30,KH000112,Quầy giao dịch,Nhận lương,8983982,0,Thành công,CN Cầu Giấy,35480070
GD202602017477,2026-02-10 12:13:30,KH000184,Quầy giao dịch,Nhận lương,37323137,0,Thành công,CN Quận 1,66766872
GD202602001325,2026-02-10 12:32:30,KH000015,Quầy giao dịch,Nhận lương,68344762,0,Thành công,CN Quận 1,958808186
GD202602001074,2026-02-10 12:35:55,KH000014,POS,Thanh toán thẻ,5699000,3300,Thành công,CN Hải Phòng,50154439
GD202602008199,2026-02-10 12:50:36,KH000084,QR Code,Thanh toán hóa đơn,119000,0,Thành công,CN Cần Thơ,27898157
GD202602013570,2026-02-10 12:52:53,KH000142,Quầy giao dịch,Rút tiền mặt,19862000,5500,Thành công,CN Hoàn Kiếm,72975611
GD202602007586,2026-02-10 12:54:00,KH000079,QR Code,Thanh toán thẻ,6793000,0,Thành công,CN Đà Nẵng,27386140
GD202602005766,2026-02-10 12:58:16,KH000061,QR Code,Chuyển khoản đến,1222000,0,Thành công,CN Quận 1,42966453
GD202602013958,2026-02-10 13:06:28,KH000147,Quầy giao dịch,Nhận lương,11028300,0,Thành công,CN TP Hồ Chí Minh,108505441
GD202602013417,2026-02-10 13:07:26,KH000139,POS,Chuyển khoản đi,7313000,3300,Thành công,CN Đà Nẵng,134061507
GD202602018783,2026-02-10 13:31:41,KH000200,QR Code,Nộp tiền mặt,755000,0,Thành công,CN TP Hồ Chí Minh,7938777
GD202602003387,2026-02-10 13:36:14,KH000032,Quầy giao dịch,Chuyển khoản đi,71000,5500,Thành công,CN Bình Dương,24021966
GD202602004358,2026-02-10 13:50:45,KH000045,Internet Banking,Thanh toán thẻ,496000,0,Thành công,CN Quận 1,28256204
GD202602014777,2026-02-10 14:14:56,KH000157,POS,Thanh toán thẻ,436000,3300,Thất bại,CN Quận 1,16860223
GD202602015646,2026-02-10 14:41:15,KH000170,Quầy giao dịch,Nạp tiền điện thoại,9259000,5500,Thành công,CN Thanh Xuân,24492253
GD202602014107,2026-02-10 14:50:58,KH000149,Internet Banking,Thanh toán thẻ,2145000,0,Thành công,CN Bình Dương,24501292
GD202602012006,2026-02-10 14:52:56,KH000127,POS,Thanh toán thẻ,578000,1100,Thành công,CN Cầu Giấy,16388817
GD202602000300,2026-02-10 15:05:35,KH000007,POS,Thanh toán thẻ,6433000,0,Thành công,CN Hải Phòng,153982747
GD202602002884,2026-02-10 15:24:02,KH000027,Mobile Banking,Thanh toán thẻ,21560000,0,Thành công,CN Hải Phòng,77670602
GD202602005549,2026-02-10 15:27:56,KH000059,Internet Banking,Thanh toán hóa đơn,7781000,0,Thành công,CN Cần Thơ,115086620
GD202602007156,2026-02-10 15:30:47,KH000075,QR Code,Thanh toán hóa đơn,7019000,0,Thành công,CN Cần Thơ,71915387
GD202602004125,2026-02-10 16:02:05,KH000041,Quầy giao dịch,Nhận lương,51732710,0,Thành công,CN Quận 1,145579384
GD202602008198,2026-02-10 16:05:52,KH000084,Quầy giao dịch,Thanh toán hóa đơn,320000,1100,Thành công,CN TP Hồ Chí Minh,28017157
GD202602010682,2026-02-10 16:15:21,KH000113,ATM,Chuyển khoản đến,5251000,3300,Thành công,CN TP Hồ Chí Minh,22245706
GD202602005385,2026-02-10 16:46:17,KH000057,POS,Thanh toán thẻ,6120000,0,Thành công,CN Hoàn Kiếm,105538716
GD202602013824,2026-02-10 16:53:41,KH000145,ATM,Chuyển khoản đi,186000,1100,Thành công,CN Cầu Giấy,25852864
GD202602013256,2026-02-10 17:16:28,KH000137,QR Code,Thanh toán thẻ,4158000,0,Thành công,CN Cần Thơ,30726764
GD202602010450,2026-02-10 17:45:22,KH000110,Mobile Banking,Thanh toán thẻ,2598000,0,Thành công,CN Quận 1,44755036
GD202602001639,2026-02-10 18:25:51,KH000017,Quầy giao dịch,Nhận lương,16668074,0,Thành công,CN Quận 1,84012742
GD202602013507,2026-02-10 18:27:29,KH000141,Quầy giao dịch,Nhận lương,9037463,0,Thành công,CN Hải Phòng,17512379
GD202602009923,2026-02-10 18:56:17,KH000103,Mobile Banking,Nộp tiền mặt,1194000,0,Thành công,CN Bình Dương,12733019
GD202602015455,2026-02-10 19:15:28,KH000166,Quầy giao dịch,Nhận lương,38695274,0,Thành công,CN Hải Phòng,205532775
GD202602015325,2026-02-10 19:38:26,KH000164,Quầy giao dịch,Nhận lương,8656509,0,Thành công,CN Hải Phòng,11423698
GD202602000242,2026-02-10 20:02:59,KH000006,Mobile Banking,Nộp tiền mặt,15930000,0,Thành công,CN TP Hồ Chí Minh,66511966
GD202602010000,2026-02-10 20:17:48,KH000104,ATM,Chuyển khoản đến,3861000,0,Thành công,CN Thanh Xuân,58446528
GD202602013416,2026-02-10 20:30:44,KH000139,POS,Thanh toán thẻ,13329000,0,Thành công,CN Đà Nẵng,141377807
GD202602004812,2026-02-10 20:44:21,KH000052,Internet Banking,Chuyển khoản đến,57000,0,Thành công,CN Bình Dương,259906
GD202602004359,2026-02-10 20:50:59,KH000045,Mobile Banking,Nộp tiền mặt,927000,0,Thành công,CN Hoàn Kiếm,29183204
GD202602003579,2026-02-10 20:56:48,KH000034,Quầy giao dịch,Nhận lương,8104163,0,Thành công,CN Thanh Xuân,70616285
GD202602013370,2026-02-10 21:02:38,KH000138,Mobile Banking,Thanh toán thẻ,122000,0,Thành công,CN Quận 1,37533619
GD202602018735,2026-02-10 21:18:59,KH000199,ATM,Nộp tiền mặt,43236000,3300,Thành công,CN Bình Dương,275893393
GD202602017593,2026-02-10 21:35:00,KH000186,Quầy giao dịch,Nhận lương,11576767,0,Thành công,CN Thanh Xuân,26563599
GD202602008766,2026-02-10 21:55:37,KH000091,ATM,Chuyển khoản đi,3347000,0,Thành công,CN Bình Dương,74977841
GD202602013731,2026-02-10 22:33:58,KH000144,Quầy giao dịch,Nhận lương,11328760,0,Thành công,CN Đà Nẵng,14146417
GD202602009812,2026-02-10 22:36:16,KH000100,Quầy giao dịch,Nhận lương,21753812,0,Thành công,CN Đà Nẵng,60786259
GD202602008200,2026-02-11 06:12:01,KH000084,ATM,Rút tiền mặt,1516000,3300,Thành công,CN Đà Nẵng,26378857
GD202602018053,2026-02-11 06:28:25,KH000191,QR Code,Chuyển khoản đến,13445000,0,Thành công,CN Đà Nẵng,59742512
GD202602008543,2026-02-11 06:33:33,KH000087,Mobile Banking,Chuyển khoản đi,708000,0,Thành công,CN Cầu Giấy,2003426
GD202602005550,2026-02-11 06:57:52,KH000059,Mobile Banking,Thanh toán thẻ,19017000,0,Thành công,CN Hải Phòng,96069620
GD202602012422,2026-02-11 06:59:49,KH000130,Mobile Banking,Thanh toán thẻ,2285000,0,Thành công,CN Hoàn Kiếm,48940703
GD202602013147,2026-02-11 07:18:45,KH000136,Quầy giao dịch,Thanh toán hóa đơn,10593000,1100,Thành công,CN Hải Phòng,186564217
GD202602004361,2026-02-11 07:27:13,KH000045,Internet Banking,Thanh toán hóa đơn,969000,0,Thành công,CN Cần Thơ,30031204
GD202602004360,2026-02-11 07:41:12,KH000045,Mobile Banking,Chuyển khoản đến,1817000,0,Thành công,CN TP Hồ Chí Minh,31000204
GD202602016214,2026-02-11 07:53:30,KH000176,Mobile Banking,Thanh toán thẻ,921000,0,Thành công,CN TP Hồ Chí Minh,22542390
GD202602004362,2026-02-11 07:54:17,KH000045,POS,Thanh toán thẻ,457000,1100,Thành công,CN Hải Phòng,29573104
GD202602015647,2026-02-11 07:57:11,KH000170,ATM,Nộp tiền mặt,7994000,1100,Thành công,CN Quận 1,32486253
GD202602011727,2026-02-11 08:01:57,KH000125,Mobile Banking,Nộp tiền mặt,1142000,0,Thành công,CN Đà Nẵng,4498636
GD202602005103,2026-02-11 08:20:01,KH000053,Internet Banking,Rút tiền mặt,16710000,0,Thành công,CN Cầu Giấy,179096174
GD202602012007,2026-02-11 08:25:24,KH000127,Mobile Banking,Thanh toán thẻ,2620000,0,Thành công,CN Cầu Giấy,13768817
GD202602007587,2026-02-11 08:40:50,KH000079,Internet Banking,Nạp tiền điện thoại,2793000,0,Thành công,CN Đà Nẵng,24593140
GD202602006732,2026-02-11 08:40:56,KH000070,POS,Nộp tiền mặt,2849000,3300,Thành công,CN Quận 1,91652760
GD202602001803,2026-02-11 09:10:53,KH000019,POS,Thanh toán thẻ,2730000,1100,Thành công,CN Hải Phòng,71497338
GD202602008544,2026-02-11 09:13:17,KH000087,Mobile Banking,Thanh toán thẻ,627000,0,Thành công,CN Đà Nẵng,1376426
GD202602015876,2026-02-11 09:33:09,KH000172,QR Code,Thanh toán thẻ,1211000,0,Thành công,CN Đà Nẵng,3230453
GD202602009483,2026-02-11 09:39:10,KH000097,Internet Banking,Chuyển khoản đi,2489000,0,Thành công,CN Quận 1,31119949
GD202602011163,2026-02-11 09:54:01,KH000118,Quầy giao dịch,Chuyển khoản đi,4271000,0,Thành công,CN Hoàn Kiếm,37693706
GD202602008813,2026-02-11 10:00:28,KH000092,POS,Thanh toán thẻ,4415000,0,Thành công,CN Bình Dương,34309252
GD202602009021,2026-02-11 10:03:30,KH000094,QR Code,Chuyển khoản đi,1206000,0,Thành công,CN Cần Thơ,68170613
GD202602003020,2026-02-11 11:00:58,KH000028,Internet Banking,Thanh toán thẻ,1987000,0,Thành công,CN Cần Thơ,33101925
GD202602010323,2026-02-11 12:11:00,KH000108,QR Code,Rút tiền mặt,327000,0,Thành công,CN Hải Phòng,25396015
GD202602000954,2026-02-11 12:35:14,KH000013,QR Code,Chuyển khoản đến,12396000,0,Thành công,CN Đà Nẵng,411675538
GD202602011726,2026-02-11 12:41:54,KH000125,Internet Banking,Nộp tiền mặt,769000,0,Thành công,CN Thanh Xuân,3356636
GD202602000578,2026-02-11 12:49:46,KH000010,Mobile Banking,Chuyển khoản đến,232000,0,Thất bại,CN Cần Thơ,11928338
GD202602009257,2026-02-11 12:51:12,KH000095,QR Code,Chuyển khoản đến,4773000,0,Thành công,CN Hải Phòng,28033627
GD202602006325,2026-02-11 13:09:07,KH000065,Internet Banking,Nộp tiền mặt,429000,0,Thành công,CN Quận 1,72874961
GD202602016893,2026-02-11 13:13:25,KH000182,QR Code,Nộp tiền mặt,1642000,0,Thành công,CN Hoàn Kiếm,24847146
GD202602011665,2026-02-11 13:33:25,KH000124,Mobile Banking,Nạp tiền điện thoại,18839000,0,Thành công,CN Quận 1,79024138
GD202602003183,2026-02-11 14:25:26,KH000029,POS,Thanh toán thẻ,1301000,0,Thành công,CN Cầu Giấy,44341976
GD202602005167,2026-02-11 14:35:57,KH000054,POS,Thanh toán thẻ,5245000,3300,Thành công,CN Đà Nẵng,19025482
GD202602015565,2026-02-11 14:35:59,KH000169,QR Code,Chuyển khoản đi,9325000,0,Thành công,CN Bình Dương,133777500
GD202602001692,2026-02-11 14:37:21,KH000018,Mobile Banking,Nạp tiền điện thoại,746000,0,Thành công,CN Hoàn Kiếm,34523685
GD202602015874,2026-02-11 14:43:46,KH000172,POS,Thanh toán thẻ,1820000,1100,Thành công,CN Đà Nẵng,6325553
GD202602013959,2026-02-11 14:50:13,KH000147,QR Code,Thanh toán thẻ,2314000,0,Thành công,CN TP Hồ Chí Minh,106191441
GD202602017193,2026-02-11 14:50:32,KH000183,POS,Thanh toán thẻ,5177000,1100,Thành công,CN Quận 1,98885448
GD202602016441,2026-02-11 14:54:04,KH000177,POS,Thanh toán thẻ,4911000,5500,Thành công,CN Thanh Xuân,167536805
GD202602006847,2026-02-11 15:03:31,KH000072,ATM,Nạp tiền điện thoại,489000,0,Thành công,CN TP Hồ Chí Minh,25230874
GD202602014380,2026-02-11 15:09:50,KH000153,QR Code,Thanh toán thẻ,1291000,0,Thành công,CN Hải Phòng,6136641
GD202602010001,2026-02-11 15:34:22,KH000104,Internet Banking,Chuyển khoản đi,3244000,0,Thành công,CN Quận 1,55202528
GD202602003580,2026-02-11 15:49:58,KH000034,Internet Banking,Nạp tiền điện thoại,1470000,0,Thành công,CN TP Hồ Chí Minh,69146285
GD202602012008,2026-02-11 16:00:48,KH000127,POS,Thanh toán thẻ,2930000,0,Thành công,CN Bình Dương,10838817
GD202602001327,2026-02-11 16:06:30,KH000015,POS,Thanh toán thẻ,9463000,1100,Thành công,CN Cần Thơ,858023086
GD202602004514,2026-02-11 16:10:44,KH000046,Quầy giao dịch,Nạp tiền điện thoại,29868000,5500,Thành công,CN Đà Nẵng,134686473
GD202602014741,2026-02-11 16:19:55,KH000156,Internet Banking,Thanh toán thẻ,1612000,0,Thành công,CN Đà Nẵng,78063552
GD202602018597,2026-02-11 16:31:54,KH000197,POS,Thanh toán thẻ,12332000,5500,Thành công,CN Đà Nẵng,229750756
GD202602009020,2026-02-11 17:45:03,KH000094,Internet Banking,Chuyển khoản đến,1376000,0,Thành công,CN Hoàn Kiếm,69376613
GD202602006846,2026-02-11 17:48:46,KH000072,Mobile Banking,Nạp tiền điện thoại,684000,0,Thành công,CN Quận 1,25719874
GD202602014381,2026-02-11 18:20:04,KH000153,Mobile Banking,Nộp tiền mặt,1681000,0,Thành công,CN TP Hồ Chí Minh,7817641
GD202602000351,2026-02-11 18:25:40,KH000008,Internet Banking,Chuyển khoản đến,190344000,0,Thành công,CN Hải Phòng,779828743
GD202602001076,2026-02-11 18:28:12,KH000014,POS,Thanh toán thẻ,18950000,3300,Thành công,CN Bình Dương,39815139
GD202602007849,2026-02-11 18:59:27,KH000080,Internet Banking,Nộp tiền mặt,2034000,0,Thành công,CN Bình Dương,78968089
GD202602009484,2026-02-11 19:12:06,KH000097,QR Code,Thanh toán thẻ,2477000,0,Thành công,CN Hải Phòng,28642949
GD202602010221,2026-02-11 19:21:33,KH000106,QR Code,Thanh toán thẻ,435000,0,Thành công,CN Đà Nẵng,28066130
GD202602002094,2026-02-11 19:47:07,KH000020,POS,Thanh toán thẻ,2771000,3300,Thành công,CN Đà Nẵng,59955186
GD202602006112,2026-02-11 19:49:25,KH000063,POS,Thanh toán thẻ,778000,0,Thành công,CN Hải Phòng,33235525
GD202602015564,2026-02-11 19:49:54,KH000169,Internet Banking,Thanh toán thẻ,7331000,0,Thành công,CN TP Hồ Chí Minh,143102500
GD202602001802,2026-02-11 20:01:15,KH000019,QR Code,Chuyển khoản đến,3247000,0,Thành công,CN Thanh Xuân,74228438
GD202602012574,2026-02-11 20:11:06,KH000131,QR Code,Nộp tiền mặt,3012000,0,Thành công,CN Hoàn Kiếm,33258180
GD202602007848,2026-02-11 20:11:46,KH000080,Mobile Banking,Nạp tiền điện thoại,1657000,0,Thành công,CN Cầu Giấy,76934089
GD202602011725,2026-02-11 20:56:12,KH000125,QR Code,Chuyển khoản đến,66000,0,Thành công,CN Quận 1,2587636
GD202602006938,2026-02-11 21:04:03,KH000074,QR Code,Thanh toán hóa đơn,1493000,0,Thành công,CN Cần Thơ,42037577
GD202602002521,2026-02-11 21:10:07,KH000024,QR Code,Thanh toán thẻ,635000,0,Thành công,CN TP Hồ Chí Minh,43867123
GD202602015084,2026-02-11 21:15:09,KH000162,POS,Chuyển khoản đi,3446000,3300,Thành công,CN Đà Nẵng,8575303
GD202602018784,2026-02-11 21:31:24,KH000200,POS,Thanh toán hóa đơn,1577000,5500,Thành công,CN Hoàn Kiếm,6356277
GD202602010988,2026-02-11 21:45:45,KH000116,Mobile Banking,Nạp tiền điện thoại,10175000,0,Thành công,CN Thanh Xuân,101567285
GD202602014272,2026-02-11 21:49:21,KH000152,Mobile Banking,Chuyển khoản đến,1899000,0,Thành công,CN Hải Phòng,80258600
GD202602015875,2026-02-11 22:45:23,KH000172,POS,Thanh toán thẻ,1883000,1100,Thành công,CN Cầu Giấy,4441453
GD202602015265,2026-02-12 06:49:57,KH000163,QR Code,Chuyển khoản đến,28001000,0,Thành công,CN Cần Thơ,117185697
GD202602003581,2026-02-12 07:12:29,KH000034,Mobile Banking,Chuyển khoản đi,1791000,0,Thành công,CN Hải Phòng,67355285
GD202602009485,2026-02-12 07:32:21,KH000097,Mobile Banking,Thanh toán thẻ,2354000,0,Thành công,CN Cần Thơ,26288949
GD202602015566,2026-02-12 07:34:54,KH000169,Mobile Banking,Chuyển khoản đến,5230000,0,Thành công,CN Thanh Xuân,139007500
GD202602015877,2026-02-12 07:40:11,KH000172,Internet Banking,Chuyển khoản đến,907000,0,Thành công,CN Đà Nẵng,4137453
GD202602006940,2026-02-12 07:41:04,KH000074,Internet Banking,Chuyển khoản đến,383000,0,Thành công,CN Bình Dương,40734577
GD202602000042,2026-02-12 07:41:49,KH000002,ATM,Chuyển khoản đi,1938000,1100,Thành công,CN Đà Nẵng,57493671
GD202602016102,2026-02-12 07:44:57,KH000174,POS,Thanh toán thẻ,112000,3300,Thành công,CN Hoàn Kiếm,54313623
GD202602014778,2026-02-12 07:53:38,KH000157,Quầy giao dịch,Rút tiền mặt,3801000,0,Thành công,CN TP Hồ Chí Minh,13059223
GD202602005768,2026-02-12 08:17:52,KH000061,QR Code,Thanh toán thẻ,2244000,0,Thành công,CN Cần Thơ,39211953
GD202602015740,2026-02-12 08:31:08,KH000171,ATM,Nạp tiền điện thoại,8204000,0,Thành công,CN TP Hồ Chí Minh,32981151
GD202602006939,2026-02-12 08:37:22,KH000074,Mobile Banking,Nạp tiền điện thoại,1686000,0,Thành công,CN Thanh Xuân,40351577
GD202602002604,2026-02-12 08:42:06,KH000025,QR Code,Nộp tiền mặt,166000,0,Thành công,CN Cầu Giấy,300531
GD202602004813,2026-02-12 09:03:01,KH000052,Internet Banking,Rút tiền mặt,111000,0,Thành công,CN Hoàn Kiếm,148906
GD202602014020,2026-02-12 09:08:27,KH000148,QR Code,Chuyển khoản đến,325000,0,Thành công,CN Thanh Xuân,26653316
GD202602015085,2026-02-12 09:46:17,KH000162,Internet Banking,Nộp tiền mặt,826000,0,Thành công,CN Hải Phòng,9401303
GD202602005168,2026-02-12 10:06:05,KH000054,ATM,Nạp tiền điện thoại,4052000,3300,Thành công,CN Quận 1,14970182
GD202602018375,2026-02-12 11:03:24,KH000195,POS,Nạp tiền điện thoại,157828000,1100,Thành công,CN Cần Thơ,530076217
GD202602017594,2026-02-12 11:09:46,KH000186,Mobile Banking,Thanh toán thẻ,8373000,0,Thành công,CN Hoàn Kiếm,18190599
GD202602006534,2026-02-12 11:36:18,KH000066,Quầy giao dịch,Nạp tiền điện thoại,5287000,0,Thành công,CN Quận 1,128085461
GD202602004540,2026-02-12 12:20:18,KH000047,Internet Banking,Thanh toán thẻ,3888000,0,Thành công,CN Bình Dương,72681656
GD202602000579,2026-02-12 12:26:47,KH000010,Mobile Banking,Thanh toán thẻ,3964000,0,Thành công,CN Hoàn Kiếm,7964338
GD202602014979,2026-02-12 12:28:37,KH000160,POS,Nạp tiền điện thoại,2463000,0,Thành công,CN Cần Thơ,51170063
GD202602003021,2026-02-12 12:33:29,KH000028,QR Code,Chuyển khoản đến,785000,0,Thành công,CN Quận 1,33886925
GD202602015086,2026-02-12 12:38:47,KH000162,POS,Thanh toán thẻ,1169000,5500,Thành công,CN Đà Nẵng,8226803
GD202602000243,2026-02-12 12:55:21,KH000006,Mobile Banking,Thanh toán thẻ,12212000,0,Thành công,CN Quận 1,54299966
GD202602016215,2026-02-12 13:01:01,KH000176,QR Code,Chuyển khoản đến,1032000,0,Thành công,CN Hoàn Kiếm,23574390
GD202602015741,2026-02-12 13:16:59,KH000171,POS,Thanh toán thẻ,3214000,5500,Thành công,CN TP Hồ Chí Minh,29761651
GD202602005104,2026-02-12 13:37:02,KH000053,POS,Chuyển khoản đến,24837000,5500,Thành công,CN Hoàn Kiếm,203933174
GD202602004171,2026-02-12 13:43:37,KH000042,Internet Banking,Thanh toán thẻ,3975000,0,Thành công,CN Hoàn Kiếm,29077028
GD202602001328,2026-02-12 13:50:23,KH000015,POS,Nạp tiền điện thoại,132098000,1100,Thành công,CN Quận 1,725923986
GD202602009704,2026-02-12 13:52:00,KH000099,QR Code,Thanh toán thẻ,1931000,0,Thành công,CN TP Hồ Chí Minh,39342051
GD202602013938,2026-02-12 13:55:45,KH000146,ATM,Nạp tiền điện thoại,83981000,3300,Thành công,CN Đà Nẵng,370800547
GD202602005770,2026-02-12 14:31:37,KH000061,Internet Banking,Chuyển khoản đi,1829000,0,Thành công,CN Quận 1,35792953
GD202602006535,2026-02-12 14:32:46,KH000066,QR Code,Chuyển khoản đi,3093000,0,Thành công,CN Thanh Xuân,124992461
GD202602002605,2026-02-12 14:39:51,KH000025,ATM,Chuyển khoản đến,166000,0,Thành công,CN Bình Dương,466531
GD202602001805,2026-02-12 15:24:46,KH000019,Internet Banking,Thanh toán thẻ,219000,0,Thành công,CN Đà Nẵng,68707338
GD202602003259,2026-02-12 15:27:23,KH000030,Mobile Banking,Chuyển khoản đến,2946000,0,Thành công,CN Hoàn Kiếm,99582713
GD202602005386,2026-02-12 15:53:16,KH000057,Mobile Banking,Thanh toán thẻ,12914000,0,Thành công,CN Quận 1,92624716
GD202602003289,2026-02-12 16:28:12,KH000031,Mobile Banking,Thanh toán thẻ,102000,0,Thành công,CN Bình Dương,6849303
GD202602016101,2026-02-12 16:28:57,KH000174,POS,Thanh toán thẻ,250000,0,Thành công,CN TP Hồ Chí Minh,54428923
GD202602000352,2026-02-12 16:36:00,KH000008,QR Code,Thanh toán thẻ,209463000,0,Thành công,CN Thanh Xuân,570365743
GD202602009924,2026-02-12 16:39:35,KH000103,Mobile Banking,Thanh toán hóa đơn,1761000,0,Thành công,CN Cầu Giấy,10972019
GD202602016894,2026-02-12 16:56:40,KH000182,QR Code,Thanh toán thẻ,7927000,0,Thành công,CN Thanh Xuân,16920146
GD202602006326,2026-02-12 17:18:14,KH000065,POS,Thanh toán thẻ,3014000,1100,Thành công,CN Hải Phòng,69859861
GD202602005260,2026-02-12 17:30:42,KH000056,Quầy giao dịch,Nạp tiền điện thoại,923000,1100,Thành công,CN Thanh Xuân,74321159
GD202602013825,2026-02-12 17:32:59,KH000145,Mobile Banking,Nộp tiền mặt,222000,0,Thành công,CN Cần Thơ,26074864
GD202602017194,2026-02-12 17:56:36,KH000183,POS,Thanh toán thẻ,21341000,1100,Thành công,CN Đà Nẵng,77543348
GD202602016534,2026-02-12 18:15:30,KH000178,Quầy giao dịch,Nộp tiền mặt,10129000,1100,Thành công,CN Thanh Xuân,53424952
GD202602011560,2026-02-12 18:41:23,KH000121,Mobile Banking,Nộp tiền mặt,2197000,0,Thành công,CN Cầu Giấy,9289149
GD202602011559,2026-02-12 18:55:55,KH000121,QR Code,Thanh toán thẻ,429000,0,Thành công,CN Hoàn Kiếm,7092149
GD202602001804,2026-02-12 18:56:52,KH000019,QR Code,Thanh toán thẻ,2571000,0,Thành công,CN TP Hồ Chí Minh,68926338
GD202602012423,2026-02-12 18:58:48,KH000130,POS,Thanh toán thẻ,2430000,0,Thành công,CN Thanh Xuân,46510703
GD202602003184,2026-02-12 19:08:09,KH000029,POS,Thanh toán thẻ,8192000,3300,Thành công,CN Thanh Xuân,36146676
GD202602005769,2026-02-12 19:22:51,KH000061,Mobile Banking,Thanh toán thẻ,1590000,0,Thành công,CN TP Hồ Chí Minh,37621953
GD202602011164,2026-02-12 19:54:26,KH000118,ATM,Chuyển khoản đi,7963000,5500,Thành công,CN Cầu Giấy,29725206
GD202602010002,2026-02-12 20:32:16,KH000104,Internet Banking,Thanh toán hóa đơn,719000,0,Thành công,CN Hoàn Kiếm,54483528
GD202602012851,2026-02-12 21:01:24,KH000132,POS,Thanh toán thẻ,4157000,5500,Thành công,CN TP Hồ Chí Minh,11291144
GD202602004315,2026-02-12 21:15:10,KH000044,ATM,Thanh toán hóa đơn,7547000,0,Thành công,CN Thanh Xuân,32652362
GD202602013075,2026-02-12 21:19:38,KH000134,ATM,Nộp tiền mặt,2409000,0,Thất bại,CN Hoàn Kiếm,20115762
GD202602004363,2026-02-12 21:26:10,KH000045,Mobile Banking,Chuyển khoản đến,796000,0,Thành công,CN Cần Thơ,30369104
GD202602008723,2026-02-12 22:06:49,KH000090,Quầy giao dịch,Nộp tiền mặt,65300000,0,Thành công,CN TP Hồ Chí Minh,336279896
GD202602009705,2026-02-12 22:08:53,KH000099,POS,Thanh toán thẻ,2262000,0,Thành công,CN Hải Phòng,37080051
GD202602006889,2026-02-12 22:24:10,KH000073,Internet Banking,Thanh toán thẻ,18642000,0,Thành công,CN Bình Dương,44189233
GD202602016442,2026-02-12 22:26:36,KH000177,QR Code,Nộp tiền mặt,38970000,0,Thành công,CN Hoàn Kiếm,206506805
GD202602005215,2026-02-12 22:53:37,KH000055,QR Code,Thanh toán hóa đơn,683000,0,Thành công,CN Cần Thơ,7748587
GD202602015880,2026-02-13 06:02:39,KH000172,POS,Thanh toán thẻ,583000,3300,Thành công,CN Quận 1,4444153
GD202602004515,2026-02-13 06:17:49,KH000046,Internet Banking,Thanh toán hóa đơn,31089000,0,Thành công,CN Bình Dương,103597473
GD202602014860,2026-02-13 07:14:38,KH000158,POS,Thanh toán thẻ,5298000,0,Thành công,CN Cầu Giấy,87425059
GD202602006848,2026-02-13 07:27:27,KH000072,QR Code,Thanh toán thẻ,599000,0,Thành công,CN Hải Phòng,24631874
GD202602007205,2026-02-13 07:28:25,KH000076,QR Code,Chuyển khoản đến,1824000,0,Thành công,CN Bình Dương,10615641
GD202602012009,2026-02-13 07:35:13,KH000127,Internet Banking,Nộp tiền mặt,318000,0,Thành công,CN Cần Thơ,11156817
GD202602000140,2026-02-13 07:49:37,KH000005,Internet Banking,Thanh toán thẻ,10422000,0,Thành công,CN Thanh Xuân,164521130
GD202602007514,2026-02-13 08:00:06,KH000078,POS,Nộp tiền mặt,8886000,3300,Thành công,CN Bình Dương,105453243
GD202602001434,2026-02-13 08:08:01,KH000016,Internet Banking,Thanh toán thẻ,100000,0,Thành công,CN Hải Phòng,1264807
GD202602013418,2026-02-13 09:05:04,KH000139,Internet Banking,Chuyển khoản đi,10059000,0,Thành công,CN Quận 1,124002507
GD202602006771,2026-02-13 09:20:52,KH000071,QR Code,Nạp tiền điện thoại,23953000,0,Thành công,CN Cầu Giấy,65305938
GD202602000955,2026-02-13 09:34:35,KH000013,Quầy giao dịch,Rút tiền mặt,93893000,3300,Thành công,CN Đà Nẵng,317779238
GD202602009925,2026-02-13 09:59:06,KH000103,QR Code,Thanh toán thẻ,767000,0,Thành công,CN Hải Phòng,10205019
GD202602008457,2026-02-13 10:01:25,KH000086,Mobile Banking,Chuyển khoản đi,55060000,0,Thành công,CN Cần Thơ,162532161
GD202602008724,2026-02-13 10:34:39,KH000090,ATM,Nộp tiền mặt,59105000,1100,Thành công,CN TP Hồ Chí Minh,395384896
GD202602015087,2026-02-13 10:50:04,KH000162,POS,Thanh toán thẻ,1261000,3300,Thành công,CN Thanh Xuân,6962503
GD202602013732,2026-02-13 10:59:03,KH000144,POS,Thanh toán thẻ,66000,5500,Thành công,CN Cầu Giấy,14074917
GD202602015567,2026-02-13 11:04:21,KH000169,Mobile Banking,Thanh toán hóa đơn,33848000,0,Thành công,CN Cầu Giấy,105159500
GD202602006770,2026-02-13 11:27:10,KH000071,Mobile Banking,Chuyển khoản đến,18696000,0,Thành công,CN Đà Nẵng,89258938
GD202602005105,2026-02-13 11:29:08,KH000053,ATM,Chuyển khoản đến,70718000,0,Thành công,CN Quận 1,274651174
GD202602010905,2026-02-13 12:00:52,KH000115,Mobile Banking,Rút tiền mặt,4581000,0,Thành công,CN TP Hồ Chí Minh,50766148
GD202602014141,2026-02-13 12:05:01,KH000150,POS,Chuyển khoản đi,17253000,1100,Thành công,CN TP Hồ Chí Minh,45661198
GD202602017195,2026-02-13 12:20:12,KH000183,Internet Banking,Nạp tiền điện thoại,14979000,0,Thành công,CN Cầu Giấy,62564348
GD202602015326,2026-02-13 12:47:43,KH000164,Internet Banking,Rút tiền mặt,63000,0,Thành công,CN Thanh Xuân,11360698
GD202602013733,2026-02-13 12:54:06,KH000144,Mobile Banking,Thanh toán thẻ,1314000,0,Thành công,CN Cần Thơ,12760917
GD202602001329,2026-02-13 12:57:06,KH000015,QR Code,Chuyển khoản đến,25616000,0,Thành công,CN TP Hồ Chí Minh,751539986
GD202602012010,2026-02-13 13:02:35,KH000127,Internet Banking,Rút tiền mặt,3434000,0,Thành công,CN Cần Thơ,7722817
GD202602014779,2026-02-13 13:03:19,KH000157,QR Code,Nộp tiền mặt,2994000,0,Thành công,CN Thanh Xuân,16053223
GD202602017196,2026-02-13 13:09:02,KH000183,Internet Banking,Chuyển khoản đến,21698000,0,Thành công,CN Hải Phòng,84262348
GD202602015742,2026-02-13 13:27:40,KH000171,QR Code,Nộp tiền mặt,4902000,0,Thành công,CN Hải Phòng,34663651
GD202602013419,2026-02-13 14:08:03,KH000139,POS,Thanh toán thẻ,1823000,1100,Thành công,CN Thanh Xuân,122178407
GD202602005551,2026-02-13 14:28:42,KH000059,QR Code,Chuyển khoản đến,12309000,0,Thành công,CN Cầu Giấy,108378620
GD202602006661,2026-02-13 14:40:32,KH000068,Internet Banking,Chuyển khoản đến,5850000,0,Thành công,CN TP Hồ Chí Minh,81027889
GD202602014196,2026-02-13 15:00:17,KH000151,ATM,Chuyển khoản đến,919000,3300,Thành công,CN Đà Nẵng,11176116
GD202602007157,2026-02-13 15:19:41,KH000075,Mobile Banking,Rút tiền mặt,8392000,0,Thành công,CN Đà Nẵng,63523387
GD202602017595,2026-02-13 15:25:07,KH000186,POS,Chuyển khoản đến,251000,1100,Thành công,CN Bình Dương,18441599
GD202602001806,2026-02-13 15:43:06,KH000019,QR Code,Thanh toán hóa đơn,442000,0,Thành công,CN Cầu Giấy,68265338
GD202602015878,2026-02-13 16:05:42,KH000172,Mobile Banking,Nộp tiền mặt,436000,0,Thành công,CN Bình Dương,4573453
GD202602011666,2026-02-13 16:27:39,KH000124,POS,Thanh toán thẻ,12712000,5500,Thành công,CN Hải Phòng,66306638
GD202602001435,2026-02-13 16:32:18,KH000016,Internet Banking,Thanh toán thẻ,91000,0,Thành công,CN Quận 1,1173807
GD202602010451,2026-02-13 17:00:42,KH000110,Mobile Banking,Rút tiền mặt,1398000,0,Thành công,CN Quận 1,43357036
GD202602012011,2026-02-13 18:07:32,KH000127,POS,Thanh toán thẻ,1172000,3300,Thành công,CN Cần Thơ,6547517
GD202602014780,2026-02-13 18:26:11,KH000157,Quầy giao dịch,Nộp tiền mặt,1401000,0,Thành công,CN Cần Thơ,17454223
GD202602018551,2026-02-13 18:36:19,KH000196,POS,Thanh toán thẻ,592000,5500,Thành công,CN Quận 1,28402803
GD202602008456,2026-02-13 19:00:42,KH000086,POS,Thanh toán hóa đơn,27680000,3300,Thành công,CN Bình Dương,217592161
GD202602004126,2026-02-13 19:20:57,KH000041,Internet Banking,Chuyển khoản đi,25368000,0,Thất bại,CN Cần Thơ,145579384
GD202602008201,2026-02-13 19:38:09,KH000084,POS,Thanh toán thẻ,1155000,1100,Thành công,CN Thanh Xuân,25222757
GD202602002606,2026-02-13 19:38:13,KH000025,QR Code,Thanh toán thẻ,131000,0,Thành công,CN Thanh Xuân,335531
GD202602003260,2026-02-13 20:07:38,KH000030,Mobile Banking,Nạp tiền điện thoại,524000,0,Thành công,CN Cầu Giấy,99058713
GD202602012424,2026-02-13 20:11:01,KH000130,Internet Banking,Chuyển khoản đến,5272000,0,Thành công,CN Bình Dương,51782703
GD202602018279,2026-02-13 20:14:07,KH000193,Mobile Banking,Thanh toán thẻ,4310000,0,Thành công,CN Hoàn Kiếm,319014663
GD202602015879,2026-02-13 20:16:33,KH000172,QR Code,Chuyển khoản đến,457000,0,Thành công,CN Đà Nẵng,5030453
GD202602000139,2026-02-13 20:26:07,KH000005,QR Code,Chuyển khoản đi,9353000,0,Thành công,CN TP Hồ Chí Minh,174943130
GD202602004364,2026-02-13 20:28:21,KH000045,QR Code,Thanh toán thẻ,492000,0,Thành công,CN Đà Nẵng,29877104
GD202602017197,2026-02-13 20:29:47,KH000183,Mobile Banking,Nộp tiền mặt,17124000,0,Thành công,CN Quận 1,101386348
GD202602004172,2026-02-13 21:20:49,KH000042,Internet Banking,Rút tiền mặt,1667000,0,Thành công,CN TP Hồ Chí Minh,27410028
GD202602011728,2026-02-13 21:40:52,KH000125,Mobile Banking,Thanh toán thẻ,708000,0,Thành công,CN Hoàn Kiếm,3790636
GD202602002847,2026-02-13 21:56:54,KH000026,POS,Thanh toán thẻ,1943000,3300,Thành công,CN Thanh Xuân,12384222
GD202602008545,2026-02-13 22:14:05,KH000087,Mobile Banking,Thanh toán thẻ,196000,0,Thành công,CN Cầu Giấy,1180426
GD202602015568,2026-02-13 22:32:41,KH000169,POS,Thanh toán thẻ,27396000,3300,Thành công,CN Cầu Giấy,77760200
GD202602014980,2026-02-13 22:58:40,KH000160,Quầy giao dịch,Rút tiền mặt,242000,1100,Thành công,CN Hải Phòng,50926963
GD202602017981,2026-02-14 06:34:45,KH000190,POS,Nộp tiền mặt,118314000,3300,Thành công,CN Thanh Xuân,756353035
GD202602001438,2026-02-14 07:36:04,KH000016,QR Code,Chuyển khoản đến,113000,0,Thành công,CN Quận 1,839807
GD202602001330,2026-02-14 07:37:55,KH000015,POS,Thanh toán thẻ,23263000,0,Thành công,CN TP Hồ Chí Minh,728276986
GD202602001436,2026-02-14 07:49:58,KH000016,Mobile Banking,Thanh toán thẻ,277000,0,Thành công,CN Bình Dương,896807
GD202602009639,2026-02-14 08:06:25,KH000098,QR Code,Chuyển khoản đến,244000,0,Thành công,CN TP Hồ Chí Minh,21307325
GD202602014108,2026-02-14 08:27:26,KH000149,QR Code,Chuyển khoản đến,3795000,0,Thành công,CN Bình Dương,28296292
GD202602001437,2026-02-14 09:12:44,KH000016,QR Code,Chuyển khoản đi,170000,0,Thành công,CN Bình Dương,726807
GD202602008098,2026-02-14 09:27:09,KH000083,Mobile Banking,Thanh toán thẻ,70000,0,Thành công,CN Hải Phòng,22336280
GD202602009022,2026-02-14 09:34:55,KH000094,Mobile Banking,Thanh toán thẻ,681000,0,Thành công,CN Bình Dương,67489613
GD202602002608,2026-02-14 10:01:17,KH000025,Mobile Banking,Thanh toán thẻ,78000,0,Thành công,CN Thanh Xuân,360531
GD202602005771,2026-02-14 10:06:51,KH000061,Internet Banking,Nạp tiền điện thoại,1019000,0,Thành công,CN Hải Phòng,34773953
GD202602013257,2026-02-14 10:25:37,KH000137,Mobile Banking,Thanh toán thẻ,9579000,0,Thành công,CN Cần Thơ,21147764
GD202602009813,2026-02-14 10:27:34,KH000100,ATM,Nạp tiền điện thoại,8245000,5500,Thành công,CN Bình Dương,52535759
GD202602003582,2026-02-14 10:32:56,KH000034,Mobile Banking,Thanh toán thẻ,2226000,0,Thành công,CN TP Hồ Chí Minh,65129285
GD202602000775,2026-02-14 10:45:06,KH000011,Quầy giao dịch,Chuyển khoản đến,2344000,5500,Thành công,CN Thanh Xuân,75724687
GD202602008814,2026-02-14 10:45:14,KH000092,Quầy giao dịch,Nạp tiền điện thoại,3339000,1100,Thành công,CN Bình Dương,30969152
GD202602017199,2026-02-14 10:50:54,KH000183,POS,Thanh toán thẻ,3444000,5500,Thành công,CN Bình Dương,78459848
GD202602000956,2026-02-14 11:24:18,KH000013,Quầy giao dịch,Rút tiền mặt,53759000,0,Thành công,CN Đà Nẵng,264020238
GD202602017829,2026-02-14 11:46:05,KH000188,QR Code,Thanh toán thẻ,20498000,0,Thành công,CN Hải Phòng,257775234
GD202602011303,2026-02-14 11:46:40,KH000119,QR Code,Thanh toán thẻ,104000,0,Thành công,CN Bình Dương,15604424
GD202602017870,2026-02-14 11:57:35,KH000189,QR Code,Nộp tiền mặt,92852000,0,Thành công,CN Đà Nẵng,549612761
GD202602009893,2026-02-14 12:05:00,KH000102,QR Code,Chuyển khoản đi,358000,0,Thành công,CN TP Hồ Chí Minh,222167446
GD202602008546,2026-02-14 12:17:38,KH000087,Quầy giao dịch,Rút tiền mặt,242000,3300,Thành công,CN Bình Dương,935126
GD202602014621,2026-02-14 12:22:25,KH000154,Internet Banking,Thanh toán thẻ,1278000,0,Thành công,CN Hoàn Kiếm,23245194
GD202602009814,2026-02-14 12:30:15,KH000100,Internet Banking,Chuyển khoản đến,3307000,0,Thành công,CN Thanh Xuân,55842759
GD202602000302,2026-02-14 12:43:14,KH000007,Mobile Banking,Thanh toán thẻ,3618000,0,Thành công,CN Thanh Xuân,137538747
GD202602014704,2026-02-14 12:56:41,KH000155,POS,Nộp tiền mặt,47614000,0,Thành công,CN Cần Thơ,210859297
GD202602018736,2026-02-14 13:12:27,KH000199,ATM,Thanh toán hóa đơn,10186000,3300,Thành công,CN TP Hồ Chí Minh,265704093
GD202602015327,2026-02-14 13:36:07,KH000164,QR Code,Nộp tiền mặt,58000,0,Thành công,CN Bình Dương,11418698
GD202602000244,2026-02-14 14:26:28,KH000006,Mobile Banking,Nạp tiền điện thoại,1495000,0,Thành công,CN Cầu Giấy,52804966
GD202602011044,2026-02-14 14:40:31,KH000117,Internet Banking,Nộp tiền mặt,536000,0,Thành công,CN Quận 1,31667860
GD202602004018,2026-02-14 14:52:49,KH000040,Internet Banking,Rút tiền mặt,1892000,0,Thành công,CN Bình Dương,35585237
GD202602009258,2026-02-14 15:31:43,KH000095,POS,Rút tiền mặt,8957000,5500,Thành công,CN Thanh Xuân,19071127
GD202602009300,2026-02-14 15:37:45,KH000096,Internet Banking,Chuyển khoản đi,18528000,0,Thành công,CN Đà Nẵng,64998016
GD202602015089,2026-02-14 15:48:21,KH000162,Internet Banking,Chuyển khoản đi,867000,0,Thành công,CN Đà Nẵng,5726503
GD202602013148,2026-02-14 16:15:57,KH000136,QR Code,Thanh toán hóa đơn,44046000,0,Thành công,CN Cần Thơ,142518217
GD202602004174,2026-02-14 16:46:22,KH000042,QR Code,Nộp tiền mặt,2350000,0,Thành công,CN Bình Dương,28844028
GD202602011966,2026-02-14 16:46:48,KH000126,ATM,Chuyển khoản đi,1710000,3300,Thành công,CN Hoàn Kiếm,6580199
GD202602015267,2026-02-14 16:48:14,KH000163,QR Code,Rút tiền mặt,10357000,0,Thành công,CN Đà Nẵng,67986697
GD202602005106,2026-02-14 16:49:41,KH000053,Internet Banking,Thanh toán hóa đơn,85321000,0,Thành công,CN Cần Thơ,189330174
GD202602015088,2026-02-14 17:18:57,KH000162,Mobile Banking,Thanh toán thẻ,369000,0,Thành công,CN Hoàn Kiếm,6593503
GD202602004173,2026-02-14 17:18:59,KH000042,Mobile Banking,Rút tiền mặt,916000,0,Thành công,CN Thanh Xuân,26494028
GD202602010222,2026-02-14 17:31:21,KH000106,Quầy giao dịch,Nộp tiền mặt,1036000,0,Thành công,CN Hải Phòng,29102130
GD202602018054,2026-02-14 17:54:13,KH000191,POS,Thanh toán thẻ,7971000,1100,Thành công,CN Bình Dương,51770412
GD202602012012,2026-02-14 18:02:48,KH000127,POS,Thanh toán thẻ,2168000,0,Thành công,CN Đà Nẵng,4379517
GD202602010324,2026-02-14 18:19:19,KH000108,ATM,Chuyển khoản đến,381000,3300,Thành công,CN Đà Nẵng,25777015
GD202602001077,2026-02-14 18:34:41,KH000014,Mobile Banking,Thanh toán hóa đơn,1743000,0,Thành công,CN Hải Phòng,38072139
GD202602006941,2026-02-14 18:45:48,KH000074,Mobile Banking,Thanh toán hóa đơn,1223000,0,Thành công,CN TP Hồ Chí Minh,39511577
GD202602017479,2026-02-14 19:07:56,KH000184,Internet Banking,Chuyển khoản đến,1535000,0,Thành công,CN Cần Thơ,66106872
GD202602011729,2026-02-14 19:12:25,KH000125,Internet Banking,Rút tiền mặt,628000,0,Thành công,CN Cần Thơ,3162636
GD202602009638,2026-02-14 19:38:30,KH000098,ATM,Chuyển khoản đến,1267000,0,Thành công,CN Hải Phòng,21063325
GD202602017198,2026-02-14 19:40:26,KH000183,Mobile Banking,Nạp tiền điện thoại,19477000,0,Thành công,CN Thanh Xuân,81909348
GD202602016755,2026-02-14 19:45:42,KH000181,POS,Thanh toán thẻ,992000,5500,Thành công,CN Quận 1,8160520
GD202602010792,2026-02-14 19:50:20,KH000114,QR Code,Rút tiền mặt,2428000,0,Thành công,CN Hải Phòng,51771301
GD202602000066,2026-02-14 19:54:32,KH000003,ATM,Nạp tiền điện thoại,33682000,3300,Thành công,CN Hoàn Kiếm,245521944
GD202602009706,2026-02-14 19:54:48,KH000099,POS,Thanh toán thẻ,2575000,0,Thành công,CN Cần Thơ,34505051
GD202602018316,2026-02-14 20:04:22,KH000194,Internet Banking,Nạp tiền điện thoại,6478000,0,Thành công,CN TP Hồ Chí Minh,33994509
GD202602016049,2026-02-14 20:07:15,KH000173,ATM,Nộp tiền mặt,509000,3300,Thành công,CN Quận 1,8627068
GD202602015266,2026-02-14 20:26:34,KH000163,POS,Chuyển khoản đi,38842000,0,Thành công,CN Đà Nẵng,78343697
GD202602002095,2026-02-14 20:28:22,KH000020,POS,Thanh toán thẻ,11386000,3300,Thành công,CN Đà Nẵng,48565886
GD202602007588,2026-02-14 20:29:42,KH000079,QR Code,Thanh toán thẻ,8382000,0,Thành công,CN TP Hồ Chí Minh,16211140
GD202602002607,2026-02-14 20:43:25,KH000025,Internet Banking,Chuyển khoản đến,103000,0,Thành công,CN TP Hồ Chí Minh,438531
GD202602015648,2026-02-14 21:10:00,KH000170,Internet Banking,Nạp tiền điện thoại,3648000,0,Thất bại,CN Quận 1,32486253
GD202602002848,2026-02-14 21:12:24,KH000026,QR Code,Thanh toán thẻ,3012000,0,Thành công,CN Quận 1,9372222
GD202602013571,2026-02-14 21:30:49,KH000142,Mobile Banking,Thanh toán thẻ,24057000,0,Thành công,CN TP Hồ Chí Minh,48918611
GD202602006618,2026-02-14 21:41:15,KH000067,Quầy giao dịch,Thanh toán hóa đơn,63144000,3300,Thành công,CN Hải Phòng,121630799
GD202602018315,2026-02-14 22:04:49,KH000194,Mobile Banking,Thanh toán thẻ,9129000,0,Thành công,CN Hoàn Kiếm,40472509
GD202602006711,2026-02-14 22:09:39,KH000069,ATM,Chuyển khoản đến,3994000,3300,Thành công,CN Cần Thơ,59514323
GD202602003965,2026-02-14 22:16:23,KH000039,POS,Thanh toán thẻ,2043000,3300,Thành công,CN Cần Thơ,56474122
GD202602017869,2026-02-14 22:28:35,KH000189,POS,Thanh toán thẻ,58068000,0,Thành công,CN TP Hồ Chí Minh,456760761
GD202602017478,2026-02-14 22:53:19,KH000184,QR Code,Thanh toán thẻ,2195000,0,Thành công,CN Bình Dương,64571872
GD202602015530,2026-02-14 22:56:47,KH000168,QR Code,Nạp tiền điện thoại,26553000,0,Thành công,CN Đà Nẵng,52731100
GD202602018552,2026-02-15 06:56:21,KH000196,POS,Nộp tiền mặt,530000,0,Thành công,CN Thanh Xuân,28932803
GD202602000245,2026-02-15 07:17:41,KH000006,Quầy giao dịch,Nộp tiền mặt,3678000,1100,Thành công,CN TP Hồ Chí Minh,56482966
GD202602012014,2026-02-15 07:19:08,KH000127,Internet Banking,Nộp tiền mặt,1352000,0,Thành công,CN TP Hồ Chí Minh,6034517
GD202602002609,2026-02-15 07:26:04,KH000025,Internet Banking,Thanh toán hóa đơn,124000,0,Thành công,CN TP Hồ Chí Minh,236531
GD202602005261,2026-02-15 07:42:51,KH000056,POS,Thanh toán thẻ,1064000,0,Thành công,CN Cần Thơ,73257159
GD202602008767,2026-02-15 08:31:14,KH000091,POS,Thanh toán thẻ,21372000,5500,Thành công,CN Đà Nẵng,53600341
GD202602002849,2026-02-15 08:31:41,KH000026,POS,Rút tiền mặt,845000,1100,Thành công,CN Bình Dương,8526122
GD202602016896,2026-02-15 08:54:15,KH000182,Quầy giao dịch,Nạp tiền điện thoại,2658000,3300,Thành công,CN Bình Dương,8642846
GD202602001079,2026-02-15 09:20:19,KH000014,Mobile Banking,Thanh toán thẻ,368000,0,Thành công,CN Cần Thơ,31139139
GD202602014382,2026-02-15 09:23:49,KH000153,QR Code,Chuyển khoản đến,952000,0,Thành công,CN Bình Dương,8769641
GD202602000141,2026-02-15 09:48:18,KH000005,Mobile Banking,Rút tiền mặt,52899000,0,Thành công,CN Bình Dương,111622130
GD202602012852,2026-02-15 10:19:40,KH000132,QR Code,Nộp tiền mặt,3258000,0,Thành công,CN Cầu Giấy,14549144
GD202602001808,2026-02-15 10:33:22,KH000019,QR Code,Nộp tiền mặt,2960000,0,Thành công,CN Đà Nẵng,68537338
GD202602017200,2026-02-15 11:11:19,KH000183,POS,Thanh toán thẻ,22999000,0,Thành công,CN Đà Nẵng,55460848
GD202602004654,2026-02-15 11:34:15,KH000050,POS,Thanh toán thẻ,4772000,0,Thành công,CN Cầu Giấy,16041584
GD202602004365,2026-02-15 12:02:52,KH000045,POS,Thanh toán thẻ,1729000,1100,Thành công,CN Thanh Xuân,28147004
GD202602004579,2026-02-15 12:13:44,KH000048,ATM,Chuyển khoản đến,3409000,3300,Thành công,CN Đà Nẵng,30744815
GD202602011561,2026-02-15 12:31:29,KH000121,Mobile Banking,Chuyển khoản đi,673000,0,Thành công,CN Hải Phòng,8616149
GD202602011304,2026-02-15 12:32:34,KH000119,Mobile Banking,Thanh toán thẻ,141000,0,Thành công,CN TP Hồ Chí Minh,15463424
GD202602006944,2026-02-15 12:32:42,KH000074,POS,Chuyển khoản đi,1546000,0,Thành công,CN Thanh Xuân,36048577
GD202602003290,2026-02-15 12:36:42,KH000031,ATM,Nạp tiền điện thoại,1234000,1100,Thành công,CN Thanh Xuân,5614203
GD202602010410,2026-02-15 12:37:08,KH000109,QR Code,Nộp tiền mặt,4539000,0,Thành công,CN Hải Phòng,26396529
GD202602016144,2026-02-15 12:43:19,KH000175,Quầy giao dịch,Chuyển khoản đi,74877000,5500,Thành công,CN Đà Nẵng,154748924
GD202602006662,2026-02-15 12:51:11,KH000068,QR Code,Thanh toán thẻ,6723000,0,Thành công,CN Hải Phòng,74304889
GD202602018317,2026-02-15 13:00:36,KH000194,Internet Banking,Thanh toán thẻ,8503000,0,Thành công,CN Hải Phòng,25491509
GD202602007947,2026-02-15 13:01:53,KH000082,POS,Thanh toán thẻ,2192000,0,Thành công,CN Quận 1,47277726
GD202602009926,2026-02-15 13:07:45,KH000103,Quầy giao dịch,Rút tiền mặt,556000,5500,Thành công,CN Hoàn Kiếm,9643519
GD202602012376,2026-02-15 13:46:40,KH000129,QR Code,Chuyển khoản đi,505000,0,Thành công,CN Thanh Xuân,1928148
GD202602012260,2026-02-15 14:24:58,KH000128,POS,Thanh toán thẻ,81000,3300,Thành công,CN Quận 1,18592274
GD202602000067,2026-02-15 14:42:19,KH000003,POS,Chuyển khoản đi,30231000,5500,Thành công,CN Thanh Xuân,215285444
GD202602003185,2026-02-15 14:48:22,KH000029,QR Code,Thanh toán thẻ,8631000,0,Thành công,CN TP Hồ Chí Minh,27515676
GD202602004815,2026-02-15 15:12:34,KH000052,QR Code,Nộp tiền mặt,144000,0,Thành công,CN Đà Nẵng,363906
GD202602016895,2026-02-15 15:16:43,KH000182,Internet Banking,Thanh toán thẻ,5616000,0,Thành công,CN Bình Dương,11304146
GD202602000580,2026-02-15 15:48:12,KH000010,Internet Banking,Thanh toán hóa đơn,1728000,0,Thành công,CN Cần Thơ,6236338
GD202602004653,2026-02-15 15:49:15,KH000050,POS,Thanh toán thẻ,1333000,1100,Thành công,CN Đà Nẵng,20813584
GD202602001807,2026-02-15 15:51:42,KH000019,Mobile Banking,Thanh toán thẻ,2688000,0,Thành công,CN Hoàn Kiếm,65577338
GD202602003583,2026-02-15 15:56:55,KH000034,QR Code,Nộp tiền mặt,1412000,0,Thành công,CN Thanh Xuân,66541285
GD202602016103,2026-02-15 16:06:48,KH000174,QR Code,Thanh toán thẻ,3089000,0,Thành công,CN Quận 1,51224623
GD202602014781,2026-02-15 16:35:27,KH000157,Mobile Banking,Rút tiền mặt,517000,0,Thành công,CN Cầu Giấy,16937223
GD202602001332,2026-02-15 16:54:39,KH000015,Mobile Banking,Nộp tiền mặt,67546000,0,Thành công,CN Cầu Giấy,599559986
GD202602012575,2026-02-15 17:15:47,KH000131,Internet Banking,Chuyển khoản đến,1999000,0,Thành công,CN Quận 1,35257180
GD202602009302,2026-02-15 17:38:34,KH000096,Internet Banking,Nộp tiền mặt,3973000,0,Thành công,CN Quận 1,53040016
GD202602012013,2026-02-15 17:39:51,KH000127,Mobile Banking,Chuyển khoản đến,303000,0,Thành công,CN Hải Phòng,4682517
GD202602005169,2026-02-15 17:44:35,KH000054,POS,Thanh toán thẻ,946000,3300,Thành công,CN TP Hồ Chí Minh,14020882
GD202602000957,2026-02-15 17:51:22,KH000013,Mobile Banking,Nộp tiền mặt,17275000,0,Thành công,CN TP Hồ Chí Minh,281295238
GD202602006943,2026-02-15 17:53:12,KH000074,QR Code,Thanh toán hóa đơn,1557000,0,Thất bại,CN Đà Nẵng,37594577
GD202602000776,2026-02-15 18:08:17,KH000011,Internet Banking,Nạp tiền điện thoại,1839000,0,Thành công,CN Quận 1,73885687
GD202602006328,2026-02-15 18:08:30,KH000065,QR Code,Nộp tiền mặt,13122000,0,Thành công,CN Hải Phòng,64598561
GD202602005107,2026-02-15 18:16:15,KH000053,QR Code,Nộp tiền mặt,33549000,0,Thành công,CN Hải Phòng,222879174
GD202602010223,2026-02-15 18:45:32,KH000106,Internet Banking,Chuyển khoản đến,1026000,0,Thành công,CN Quận 1,30128130
GD202602005216,2026-02-15 18:58:00,KH000055,Internet Banking,Thanh toán thẻ,603000,0,Thành công,CN Đà Nẵng,7145587
GD202602007515,2026-02-15 19:45:33,KH000078,Quầy giao dịch,Chuyển khoản đến,23676000,3300,Thành công,CN Hoàn Kiếm,129129243
GD202602011562,2026-02-15 20:01:48,KH000121,Internet Banking,Thanh toán hóa đơn,1260000,0,Thành công,CN Thanh Xuân,7356149
GD202602001078,2026-02-15 20:14:25,KH000014,QR Code,Chuyển khoản đi,6565000,0,Thành công,CN Cần Thơ,31507139
GD202602003521,2026-02-15 20:25:04,KH000033,Mobile Banking,Nạp tiền điện thoại,2532000,0,Thành công,CN Cầu Giấy,31306913
GD202602006942,2026-02-15 20:29:55,KH000074,Mobile Banking,Rút tiền mặt,1917000,0,Thành công,CN TP Hồ Chí Minh,37594577
GD202602001331,2026-02-15 21:01:30,KH000015,Internet Banking,Nạp tiền điện thoại,196263000,0,Thành công,CN Thanh Xuân,532013986
GD202602009301,2026-02-15 21:03:06,KH000096,Mobile Banking,Thanh toán thẻ,15931000,0,Thành công,CN Hoàn Kiếm,49067016
GD202602014197,2026-02-15 21:18:23,KH000151,POS,Thanh toán thẻ,1285000,5500,Thành công,CN Cần Thơ,9885616
GD202602014622,2026-02-15 21:30:47,KH000154,ATM,Chuyển khoản đến,1311000,0,Thành công,CN Hải Phòng,24556194
GD202602000958,2026-02-15 21:38:41,KH000013,Mobile Banking,Thanh toán thẻ,63845000,0,Thành công,CN Cần Thơ,217450238
GD202602006327,2026-02-15 21:49:43,KH000065,POS,Thanh toán thẻ,18380000,3300,Thành công,CN Hoàn Kiếm,51476561
GD202602015649,2026-02-15 22:01:56,KH000170,Internet Banking,Chuyển khoản đến,5804000,0,Thất bại,CN Cầu Giấy,32486253
GD202602004814,2026-02-15 22:12:23,KH000052,QR Code,Nộp tiền mặt,71000,0,Thành công,CN Thanh Xuân,219906
GD202602013734,2026-02-15 22:36:32,KH000144,POS,Thanh toán thẻ,3486000,5500,Thành công,CN Cầu Giấy,9269417
GD202602003584,2026-02-15 22:40:26,KH000034,Mobile Banking,Thanh toán thẻ,1413000,0,Thành công,CN Hoàn Kiếm,65128285
GD202602004580,2026-02-15 22:45:50,KH000048,ATM,Thanh toán hóa đơn,8456000,1100,Thành công,CN Hải Phòng,22287715
GD202602013735,2026-02-15 22:54:56,KH000144,Mobile Banking,Nộp tiền mặt,1879000,0,Thành công,CN Quận 1,11148417
GD202602005262,2026-02-16 06:00:33,KH000056,ATM,Chuyển khoản đến,3244000,1100,Thành công,CN Hải Phòng,76501159
GD202602013826,2026-02-16 06:01:21,KH000145,POS,Thanh toán thẻ,282000,0,Thành công,CN Cầu Giấy,25792864
GD202602014273,2026-02-16 06:04:28,KH000152,QR Code,Nộp tiền mặt,3771000,0,Thành công,CN Thanh Xuân,84029600
GD202602009640,2026-02-16 06:37:18,KH000098,QR Code,Thanh toán thẻ,1201000,0,Thành công,CN Hoàn Kiếm,20106325
GD202602014385,2026-02-16 06:44:13,KH000153,Internet Banking,Chuyển khoản đi,2758000,0,Thành công,CN Đà Nẵng,6020341
GD202602004816,2026-02-16 06:44:14,KH000052,Mobile Banking,Thanh toán hóa đơn,172000,0,Thành công,CN Hải Phòng,191906
GD202602015650,2026-02-16 06:49:04,KH000170,Internet Banking,Rút tiền mặt,10225000,0,Thành công,CN Đà Nẵng,22261253
GD202602002610,2026-02-16 06:50:03,KH000025,Internet Banking,Nộp tiền mặt,77000,0,Thành công,CN Cầu Giấy,313531
GD202602014623,2026-02-16 06:52:40,KH000154,ATM,Thanh toán hóa đơn,250000,3300,Thành công,CN Cần Thơ,24302894
GD202602017480,2026-02-16 07:17:38,KH000184,POS,Nạp tiền điện thoại,22751000,5500,Thành công,CN Bình Dương,43350372
GD202602005263,2026-02-16 07:22:19,KH000056,Mobile Banking,Chuyển khoản đến,62000,0,Thành công,CN Thanh Xuân,76563159
GD202602018319,2026-02-16 07:31:54,KH000194,Mobile Banking,Thanh toán thẻ,3122000,0,Thành công,CN Cần Thơ,14989409
GD202602004019,2026-02-16 07:37:35,KH000040,Internet Banking,Chuyển khoản đến,3020000,0,Thành công,CN Cầu Giấy,38605237
GD202602006945,2026-02-16 07:47:11,KH000074,QR Code,Nạp tiền điện thoại,1988000,0,Thành công,CN Cần Thơ,34060577
GD202602003388,2026-02-16 07:58:43,KH000032,Internet Banking,Thanh toán thẻ,125000,0,Thành công,CN Thanh Xuân,23896966
GD202602005108,2026-02-16 08:04:00,KH000053,Mobile Banking,Thanh toán thẻ,30413000,0,Thành công,CN Đà Nẵng,192466174
GD202602001080,2026-02-16 08:32:52,KH000014,Mobile Banking,Thanh toán hóa đơn,10799000,0,Thành công,CN Thanh Xuân,20340139
GD202602004655,2026-02-16 08:40:31,KH000050,ATM,Thanh toán hóa đơn,4578000,0,Thành công,CN TP Hồ Chí Minh,11463584
GD202602005109,2026-02-16 08:50:50,KH000053,POS,Nộp tiền mặt,13577000,1100,Thành công,CN Cần Thơ,206043174
GD202602011305,2026-02-16 08:53:04,KH000119,Internet Banking,Thanh toán thẻ,136000,0,Thành công,CN TP Hồ Chí Minh,15327424
GD202602014383,2026-02-16 09:09:54,KH000153,POS,Thanh toán thẻ,570000,3300,Thành công,CN Hoàn Kiếm,8196341
GD202602013508,2026-02-16 09:23:16,KH000141,Quầy giao dịch,Nạp tiền điện thoại,5651000,3300,Thành công,CN Hải Phòng,11858079
GD202602004739,2026-02-16 10:20:02,KH000051,POS,Thanh toán thẻ,11297000,5500,Thành công,CN Quận 1,33724056
GD202602002415,2026-02-16 10:26:16,KH000023,ATM,Nộp tiền mặt,7285000,0,Thành công,CN Đà Nẵng,49506067
GD202602014624,2026-02-16 10:29:49,KH000154,POS,Chuyển khoản đến,1761000,3300,Thành công,CN Cầu Giấy,26063894
GD202602017830,2026-02-16 10:38:29,KH000188,POS,Thanh toán thẻ,10744000,1100,Thất bại,CN Đà Nẵng,257775234
GD202602014142,2026-02-16 10:56:32,KH000150,ATM,Chuyển khoản đến,6997000,3300,Thành công,CN Hải Phòng,52658198
GD202602005772,2026-02-16 11:39:29,KH000061,POS,Thanh toán thẻ,1881000,5500,Thành công,CN Cầu Giấy,32887453
GD202602008428,2026-02-16 11:56:03,KH000085,POS,Thanh toán thẻ,16853000,5500,Thành công,CN Hải Phòng,67201789
GD202602017673,2026-02-16 12:11:01,KH000187,ATM,Chuyển khoản đi,6998000,5500,Thành công,CN Đà Nẵng,20414009
GD202602001809,2026-02-16 12:24:06,KH000019,Internet Banking,Thanh toán thẻ,1195000,0,Thành công,CN Bình Dương,67342338
GD202602012015,2026-02-16 12:25:39,KH000127,POS,Thanh toán thẻ,493000,1100,Thất bại,CN Quận 1,6034517
GD202602005387,2026-02-16 12:43:36,KH000057,POS,Thanh toán thẻ,1387000,5500,Thành công,CN Hoàn Kiếm,91232216
GD202602013420,2026-02-16 12:52:09,KH000139,POS,Thanh toán thẻ,27901000,3300,Thành công,CN Bình Dương,94274107
GD202602003585,2026-02-16 13:08:11,KH000034,POS,Thanh toán thẻ,1206000,3300,Thành công,CN Đà Nẵng,63918985
GD202602018318,2026-02-16 13:28:30,KH000194,POS,Thanh toán thẻ,7379000,1100,Thành công,CN Hoàn Kiếm,18111409
GD202602006113,2026-02-16 13:52:43,KH000063,Internet Banking,Nộp tiền mặt,155000,0,Thành công,CN Hải Phòng,33390525
GD202602012853,2026-02-16 14:26:29,KH000132,POS,Thanh toán thẻ,594000,5500,Thành công,CN Quận 1,13949644
GD202602015328,2026-02-16 14:46:43,KH000164,Internet Banking,Thanh toán thẻ,198000,0,Thành công,CN Hoàn Kiếm,11220698
GD202602011730,2026-02-16 14:51:55,KH000125,Internet Banking,Nạp tiền điện thoại,523000,0,Thành công,CN Quận 1,2639636
GD202602001810,2026-02-16 17:16:24,KH000019,QR Code,Thanh toán hóa đơn,2548000,0,Thành công,CN Hoàn Kiếm,64794338
GD202602002097,2026-02-16 17:27:23,KH000020,QR Code,Nộp tiền mặt,20008000,0,Thành công,CN TP Hồ Chí Minh,78834886
GD202602014384,2026-02-16 17:41:49,KH000153,Internet Banking,Chuyển khoản đến,582000,0,Thành công,CN Hoàn Kiếm,8778341
GD202602007589,2026-02-16 17:55:59,KH000079,POS,Thanh toán thẻ,3615000,0,Thành công,CN Thanh Xuân,12596140
GD202602003291,2026-02-16 17:58:58,KH000031,POS,Thanh toán thẻ,794000,1100,Thành công,CN Cần Thơ,4819103
GD202602010640,2026-02-16 18:46:00,KH000112,POS,Thanh toán thẻ,1206000,3300,Thành công,CN Hoàn Kiếm,34270770
GD202602017201,2026-02-16 19:15:30,KH000183,Mobile Banking,Chuyển khoản đi,9775000,0,Thành công,CN Hải Phòng,45685848
GD202602006663,2026-02-16 19:54:16,KH000068,Internet Banking,Chuyển khoản đến,20283000,0,Thành công,CN Bình Dương,94587889
GD202602008815,2026-02-16 19:55:19,KH000092,Internet Banking,Chuyển khoản đến,839000,0,Thành công,CN Đà Nẵng,31808152
GD202602010224,2026-02-16 20:05:04,KH000106,POS,Thanh toán thẻ,1498000,5500,Thành công,CN Đà Nẵng,28624630
GD202602005552,2026-02-16 20:05:20,KH000059,POS,Thanh toán thẻ,35993000,1100,Thành công,CN TP Hồ Chí Minh,72384520
GD202602009894,2026-02-16 20:22:12,KH000102,POS,Nộp tiền mặt,25772000,0,Thất bại,CN Hoàn Kiếm,222167446
GD202602002096,2026-02-16 20:24:41,KH000020,Internet Banking,Nộp tiền mặt,10261000,0,Thành công,CN Đà Nẵng,58826886
GD202602010279,2026-02-16 20:24:48,KH000107,Quầy giao dịch,Rút tiền mặt,199000,3300,Thành công,CN Thanh Xuân,24065059
GD202602013736,2026-02-16 20:41:22,KH000144,POS,Rút tiền mặt,1986000,5500,Thành công,CN Cầu Giấy,9156917
GD202602014109,2026-02-16 21:23:59,KH000149,Mobile Banking,Chuyển khoản đến,5343000,0,Thành công,CN Hoàn Kiếm,33639292
GD202602004817,2026-02-16 21:29:43,KH000052,QR Code,Rút tiền mặt,54000,0,Thành công,CN Thanh Xuân,137906
GD202602003390,2026-02-16 22:06:32,KH000032,QR Code,Chuyển khoản đi,99000,0,Thành công,CN TP Hồ Chí Minh,23959966
GD202602003966,2026-02-16 22:21:38,KH000039,Internet Banking,Chuyển khoản đi,1956000,0,Thành công,CN Cầu Giấy,54518122
GD202602003389,2026-02-16 22:33:28,KH000032,QR Code,Chuyển khoản đến,162000,0,Thành công,CN TP Hồ Chí Minh,24058966
GD202602013827,2026-02-16 22:35:26,KH000145,QR Code,Thanh toán thẻ,409000,0,Thành công,CN Hoàn Kiếm,25383864
GD202602018785,2026-02-17 06:04:47,KH000200,POS,Rút tiền mặt,215000,1100,Thành công,CN TP Hồ Chí Minh,6140177
GD202602000303,2026-02-17 06:08:32,KH000007,ATM,Nộp tiền mặt,23358000,0,Thành công,CN TP Hồ Chí Minh,160896747
GD202602014276,2026-02-17 06:12:01,KH000152,Mobile Banking,Chuyển khoản đến,2601000,0,Thành công,CN Đà Nẵng,84214300
GD202602009023,2026-02-17 06:17:31,KH000094,POS,Thanh toán thẻ,1020000,0,Thành công,CN Bình Dương,66469613
GD202602014274,2026-02-17 06:38:34,KH000152,Mobile Banking,Rút tiền mặt,1666000,0,Thành công,CN Bình Dương,82363600
GD202602006329,2026-02-17 06:46:36,KH000065,POS,Thanh toán thẻ,7286000,0,Thành công,CN Cần Thơ,57312561
GD202602015456,2026-02-17 06:53:29,KH000166,Quầy giao dịch,Thanh toán hóa đơn,1990000,0,Thành công,CN Quận 1,203542775
GD202602013421,2026-02-17 07:09:25,KH000139,Internet Banking,Nộp tiền mặt,124000,0,Thành công,CN TP Hồ Chí Minh,94398107
GD202602000011,2026-02-17 07:18:01,KH000001,QR Code,Nạp tiền điện thoại,7696000,0,Thành công,CN Đà Nẵng,89690521
GD202602006536,2026-02-17 07:25:15,KH000066,Quầy giao dịch,Chuyển khoản đến,4874000,0,Thành công,CN Hoàn Kiếm,129866461
GD202602013738,2026-02-17 07:27:05,KH000144,QR Code,Chuyển khoản đến,3804000,0,Thành công,CN Đà Nẵng,15700917
GD202602010325,2026-02-17 07:51:17,KH000108,QR Code,Nộp tiền mặt,234000,0,Thành công,CN Cần Thơ,26011015
GD202602008203,2026-02-17 07:56:46,KH000084,Mobile Banking,Thanh toán thẻ,2640000,0,Thành công,CN Thanh Xuân,21614257
GD202602005110,2026-02-17 08:23:49,KH000053,Quầy giao dịch,Rút tiền mặt,71972000,0,Thành công,CN Hải Phòng,134071174
GD202602003022,2026-02-17 08:32:01,KH000028,Internet Banking,Rút tiền mặt,824000,0,Thành công,CN Hải Phòng,33062925
GD202602002098,2026-02-17 08:37:45,KH000020,Internet Banking,Thanh toán thẻ,17254000,0,Thất bại,CN Hoàn Kiếm,78834886
GD202602012016,2026-02-17 08:48:27,KH000127,Internet Banking,Nộp tiền mặt,1003000,0,Thành công,CN Bình Dương,7037517
GD202602015457,2026-02-17 09:02:33,KH000166,Internet Banking,Thanh toán thẻ,24458000,0,Thành công,CN Thanh Xuân,179084775
GD202602011165,2026-02-17 09:11:26,KH000118,Mobile Banking,Nộp tiền mặt,8725000,0,Thành công,CN Cần Thơ,38450206
GD202602015569,2026-02-17 09:24:07,KH000169,POS,Thanh toán thẻ,6626000,0,Thành công,CN Thanh Xuân,71134200
GD202602017481,2026-02-17 09:35:14,KH000184,POS,Thanh toán thẻ,4092000,3300,Thành công,CN Cần Thơ,39255072
GD202602011307,2026-02-17 09:57:12,KH000119,QR Code,Thanh toán thẻ,140000,0,Thành công,CN Hoàn Kiếm,15078424
GD202602006733,2026-02-17 10:12:49,KH000070,ATM,Nộp tiền mặt,3674000,5500,Thành công,CN Hoàn Kiếm,95326760
GD202602003186,2026-02-17 10:20:06,KH000029,Internet Banking,Rút tiền mặt,8880000,0,Thành công,CN Thanh Xuân,18635676
GD202602018320,2026-02-17 10:37:21,KH000194,Mobile Banking,Rút tiền mặt,4939000,0,Thành công,CN Quận 1,10050409
GD202602010004,2026-02-17 10:37:42,KH000104,QR Code,Thanh toán thẻ,3131000,0,Thành công,CN Hoàn Kiếm,49136528
GD202602007259,2026-02-17 11:10:06,KH000077,Mobile Banking,Chuyển khoản đi,2449000,0,Thành công,CN Hải Phòng,19059449
GD202602007948,2026-02-17 11:21:22,KH000082,ATM,Chuyển khoản đến,3637000,0,Thành công,CN Hoàn Kiếm,50914726
GD202602012377,2026-02-17 11:22:53,KH000129,Internet Banking,Rút tiền mặt,132000,0,Thành công,CN Thanh Xuân,1796148
GD202602012855,2026-02-17 11:35:26,KH000132,Internet Banking,Nạp tiền điện thoại,1997000,0,Thành công,CN TP Hồ Chí Minh,11781644
GD202602013077,2026-02-17 11:47:52,KH000134,POS,Thanh toán thẻ,590000,0,Thành công,CN Bình Dương,16029762
GD202602000959,2026-02-17 12:11:59,KH000013,Internet Banking,Rút tiền mặt,48332000,0,Thành công,CN Hải Phòng,169118238
GD202602013076,2026-02-17 12:49:46,KH000134,Mobile Banking,Chuyển khoản đi,3496000,0,Thành công,CN Bình Dương,16619762
GD202602012854,2026-02-17 12:54:48,KH000132,Internet Banking,Nạp tiền điện thoại,171000,0,Thành công,CN TP Hồ Chí Minh,13778644
GD202602003762,2026-02-17 12:55:52,KH000035,POS,Thanh toán thẻ,2153000,0,Thành công,CN Thanh Xuân,29267555
GD202602013258,2026-02-17 13:02:49,KH000137,Internet Banking,Chuyển khoản đi,4747000,0,Thành công,CN Hoàn Kiếm,16400764
GD202602013051,2026-02-17 13:08:57,KH000133,POS,Nộp tiền mặt,14280000,0,Thành công,CN Hải Phòng,66100521
GD202602007206,2026-02-17 13:19:24,KH000076,POS,Thanh toán thẻ,1156000,0,Thành công,CN Thanh Xuân,9459641
GD202602000960,2026-02-17 13:19:47,KH000013,QR Code,Nộp tiền mặt,16893000,0,Thành công,CN Đà Nẵng,186011238
GD202602011667,2026-02-17 13:22:12,KH000124,POS,Thanh toán thẻ,1110000,5500,Thành công,CN Cầu Giấy,65191138
GD202602011731,2026-02-17 13:25:51,KH000125,Internet Banking,Rút tiền mặt,621000,0,Thành công,CN TP Hồ Chí Minh,2018636
GD202602006946,2026-02-17 13:33:13,KH000074,QR Code,Rút tiền mặt,1778000,0,Thành công,CN Quận 1,32282577
GD202602010906,2026-02-17 14:01:44,KH000115,Internet Banking,Nạp tiền điện thoại,1620000,0,Thành công,CN Cần Thơ,49146148
GD202602014275,2026-02-17 14:14:04,KH000152,POS,Thanh toán thẻ,747000,3300,Thành công,CN Hoàn Kiếm,81613300
GD202602017596,2026-02-17 14:21:41,KH000186,Internet Banking,Thanh toán hóa đơn,427000,0,Thành công,CN TP Hồ Chí Minh,18014599
GD202602017202,2026-02-17 14:35:03,KH000183,Internet Banking,Chuyển khoản đến,8835000,0,Thành công,CN TP Hồ Chí Minh,54520848
GD202602008663,2026-02-17 14:35:23,KH000088,QR Code,Chuyển khoản đi,720000,0,Thành công,CN Thanh Xuân,6791367
GD202602006330,2026-02-17 14:41:52,KH000065,POS,Thanh toán thẻ,753000,3300,Thành công,CN Bình Dương,56556261
GD202602002099,2026-02-17 15:47:53,KH000020,QR Code,Nộp tiền mặt,13486000,0,Thành công,CN TP Hồ Chí Minh,92320886
GD202602013509,2026-02-17 15:52:46,KH000141,Internet Banking,Nộp tiền mặt,2273000,0,Thành công,CN Đà Nẵng,14131079
GD202602006947,2026-02-17 16:11:06,KH000074,Quầy giao dịch,Nộp tiền mặt,1804000,3300,Thành công,CN Quận 1,34086577
GD202602011306,2026-02-17 16:14:00,KH000119,QR Code,Thanh toán thẻ,109000,0,Thành công,CN Hoàn Kiếm,15218424
GD202602018055,2026-02-17 16:28:34,KH000191,QR Code,Nạp tiền điện thoại,17338000,0,Thành công,CN Hoàn Kiếm,34432412
GD202602005774,2026-02-17 16:47:24,KH000061,QR Code,Thanh toán thẻ,1403000,0,Thành công,CN Quận 1,32914453
GD202602000581,2026-02-17 17:01:28,KH000010,Internet Banking,Nạp tiền điện thoại,1602000,0,Thành công,CN Hải Phòng,4634338
GD202602009641,2026-02-17 17:03:54,KH000098,QR Code,Chuyển khoản đi,881000,0,Thành công,CN Quận 1,19225325
GD202602005388,2026-02-17 17:14:46,KH000057,POS,Chuyển khoản đến,28755000,0,Thành công,CN Thanh Xuân,119987216
GD202602016104,2026-02-17 17:25:24,KH000174,ATM,Nạp tiền điện thoại,735000,1100,Thành công,CN Bình Dương,50488523
GD202602014625,2026-02-17 17:44:26,KH000154,POS,Thanh toán thẻ,1078000,0,Thành công,CN Cầu Giấy,24985894
GD202602012261,2026-02-17 17:52:21,KH000128,Quầy giao dịch,Rút tiền mặt,217000,5500,Thành công,CN Hải Phòng,18369774
GD202602016105,2026-02-17 18:06:16,KH000174,Mobile Banking,Rút tiền mặt,1561000,0,Thành công,CN TP Hồ Chí Minh,48927523
GD202602008202,2026-02-17 18:25:10,KH000084,POS,Thanh toán thẻ,963000,5500,Thành công,CN Thanh Xuân,24254257
GD202602004818,2026-02-17 18:35:57,KH000052,QR Code,Thanh toán thẻ,91000,0,Thành công,CN Cần Thơ,183406
GD202602016216,2026-02-17 18:52:00,KH000176,POS,Thanh toán thẻ,258000,0,Thành công,CN Cầu Giấy,23316390
GD202602004820,2026-02-17 19:05:30,KH000052,Mobile Banking,Chuyển khoản đến,76000,0,Thành công,CN Cần Thơ,148406
GD202602013737,2026-02-17 19:46:44,KH000144,Mobile Banking,Nộp tiền mặt,2740000,0,Thành công,CN Bình Dương,11896917
GD202602011967,2026-02-17 20:01:37,KH000126,POS,Thanh toán thẻ,943000,0,Thành công,CN TP Hồ Chí Minh,5637199
GD202602010003,2026-02-17 20:15:56,KH000104,QR Code,Thanh toán thẻ,2216000,0,Thành công,CN Thanh Xuân,52267528
GD202602005553,2026-02-17 20:36:19,KH000059,QR Code,Chuyển khoản đi,16504000,0,Thành công,CN Thanh Xuân,55880520
GD202602004819,2026-02-17 21:21:22,KH000052,QR Code,Thanh toán thẻ,111000,0,Thành công,CN Thanh Xuân,72406
GD202602005773,2026-02-17 21:57:01,KH000061,Mobile Banking,Nộp tiền mặt,1430000,0,Thành công,CN Quận 1,34317453
GD202602008816,2026-02-17 22:00:58,KH000092,ATM,Nạp tiền điện thoại,1842000,5500,Thành công,CN Cầu Giấy,29960652
GD202602001642,2026-02-17 22:20:28,KH000017,ATM,Rút tiền mặt,2224000,1100,Thành công,CN Thanh Xuân,38977542
GD202602001333,2026-02-17 22:45:12,KH000015,Quầy giao dịch,Nộp tiền mặt,10564000,0,Thành công,CN Hoàn Kiếm,610123986
GD202602003187,2026-02-17 22:50:05,KH000029,POS,Nộp tiền mặt,5317000,5500,Thành công,CN Đà Nẵng,23952676
GD202602018696,2026-02-17 22:57:46,KH000198,ATM,Nộp tiền mặt,3479000,1100,Thành công,CN TP Hồ Chí Minh,29710588
GD202602006665,2026-02-18 06:00:19,KH000068,POS,Nộp tiền mặt,24822000,1100,Thành công,CN Cầu Giấy,97035789
GD202602000304,2026-02-18 06:02:29,KH000007,Mobile Banking,Thanh toán thẻ,5094000,0,Thành công,CN Bình Dương,155802747
GD202602018056,2026-02-18 06:48:37,KH000191,Internet Banking,Chuyển khoản đi,4837000,0,Thành công,CN Cần Thơ,29595412
GD202602004366,2026-02-18 07:13:31,KH000045,Internet Banking,Nộp tiền mặt,1308000,0,Thành công,CN Quận 1,29455004
GD202602010558,2026-02-18 07:17:26,KH000111,Mobile Banking,Rút tiền mặt,104380000,0,Thất bại,CN Đà Nẵng,521857845
GD202602003587,2026-02-18 07:41:33,KH000034,Internet Banking,Nộp tiền mặt,2345000,0,Thành công,CN TP Hồ Chí Minh,67858985
GD202602016050,2026-02-18 07:51:34,KH000173,QR Code,Thanh toán thẻ,509000,0,Thành công,CN Quận 1,8118068
GD202602017597,2026-02-18 08:06:18,KH000186,POS,Thanh toán thẻ,1125000,3300,Thất bại,CN TP Hồ Chí Minh,18014599
GD202602013739,2026-02-18 08:35:31,KH000144,Quầy giao dịch,Chuyển khoản đi,4859000,3300,Thành công,CN Bình Dương,10838617
GD202602014705,2026-02-18 08:53:39,KH000155,POS,Thanh toán thẻ,126000,1100,Thất bại,CN Hoàn Kiếm,210859297
GD202602004516,2026-02-18 09:13:12,KH000046,QR Code,Thanh toán thẻ,33082000,0,Thành công,CN Quận 1,70515473
GD202602008205,2026-02-18 09:16:14,KH000084,Mobile Banking,Thanh toán thẻ,2752000,0,Thành công,CN Cầu Giấy,16869257
GD202602009303,2026-02-18 09:24:45,KH000096,QR Code,Thanh toán thẻ,1541000,0,Thành công,CN Bình Dương,51499016
GD202602010989,2026-02-18 09:34:10,KH000116,Quầy giao dịch,Rút tiền mặt,1373000,5500,Thành công,CN Hải Phòng,100188785
GD202602009024,2026-02-18 09:57:13,KH000094,POS,Thanh toán thẻ,1970000,5500,Thành công,CN TP Hồ Chí Minh,64494113
GD202602006114,2026-02-18 10:20:47,KH000063,POS,Thanh toán thẻ,261000,5500,Thành công,CN Bình Dương,33124025
GD202602000881,2026-02-18 10:25:17,KH000012,QR Code,Thanh toán hóa đơn,704000,0,Thành công,CN Đà Nẵng,49844049
GD202602015652,2026-02-18 10:34:52,KH000170,Internet Banking,Thanh toán thẻ,5926000,0,Thành công,CN Hải Phòng,13468253
GD202602006890,2026-02-18 10:35:21,KH000073,POS,Thanh toán thẻ,1350000,0,Thành công,CN Đà Nẵng,42839233
GD202602011310,2026-02-18 10:41:08,KH000119,Internet Banking,Chuyển khoản đi,84000,0,Thành công,CN Đà Nẵng,14921424
GD202602008664,2026-02-18 10:48:12,KH000088,Internet Banking,Chuyển khoản đến,1840000,0,Thành công,CN Bình Dương,8631367
GD202602009642,2026-02-18 11:11:09,KH000098,POS,Chuyển khoản đi,822000,0,Thành công,CN Hải Phòng,18403325
GD202602003188,2026-02-18 11:38:21,KH000029,Internet Banking,Nạp tiền điện thoại,602000,0,Thành công,CN Hoàn Kiếm,23350676
GD202602015329,2026-02-18 11:48:07,KH000164,POS,Rút tiền mặt,193000,3300,Thành công,CN Thanh Xuân,11024398
GD202602012576,2026-02-18 12:23:55,KH000131,Mobile Banking,Nộp tiền mặt,1694000,0,Thành công,CN Thanh Xuân,36951180
GD202602013422,2026-02-18 12:30:35,KH000139,Mobile Banking,Thanh toán hóa đơn,12345000,0,Thành công,CN Bình Dương,82053107
GD202602010907,2026-02-18 12:42:38,KH000115,POS,Chuyển khoản đi,4043000,5500,Thành công,CN Quận 1,45097648
GD202602007590,2026-02-18 12:57:14,KH000079,POS,Thanh toán thẻ,2099000,5500,Thành công,CN TP Hồ Chí Minh,10491640
GD202602017203,2026-02-18 13:12:29,KH000183,Mobile Banking,Chuyển khoản đi,11231000,0,Thành công,CN Cần Thơ,43289848
GD202602016217,2026-02-18 13:59:41,KH000176,Mobile Banking,Thanh toán hóa đơn,63000,0,Thành công,CN Hoàn Kiếm,23253390
GD202602006891,2026-02-18 14:00:37,KH000073,Internet Banking,Thanh toán thẻ,8532000,0,Thành công,CN Cầu Giấy,34307233
GD202602003586,2026-02-18 14:14:30,KH000034,Mobile Banking,Nộp tiền mặt,1595000,0,Thành công,CN Cầu Giấy,65513985
GD202602017871,2026-02-18 14:32:03,KH000189,QR Code,Chuyển khoản đến,191082000,0,Thành công,CN Cầu Giấy,740694761
GD202602012378,2026-02-18 14:42:56,KH000129,POS,Thanh toán hóa đơn,381000,5500,Thành công,CN Đà Nẵng,1409648
GD202602006664,2026-02-18 14:46:18,KH000068,ATM,Nạp tiền điện thoại,22373000,1100,Thành công,CN Thanh Xuân,72213789
GD202602008204,2026-02-18 14:54:58,KH000084,QR Code,Thanh toán thẻ,1993000,0,Thành công,CN Cầu Giấy,19621257
GD202602013052,2026-02-18 15:54:40,KH000133,ATM,Chuyển khoản đi,14729000,0,Thành công,CN Thanh Xuân,51371521
GD202602006619,2026-02-18 16:03:51,KH000067,POS,Thanh toán thẻ,21290000,1100,Thất bại,CN Cầu Giấy,121630799
GD202602008817,2026-02-18 16:06:10,KH000092,Quầy giao dịch,Nạp tiền điện thoại,2891000,1100,Thành công,CN Hoàn Kiếm,27068552
GD202602011045,2026-02-18 16:07:23,KH000117,Internet Banking,Nạp tiền điện thoại,212000,0,Thành công,CN Thanh Xuân,31455860
GD202602016897,2026-02-18 16:29:28,KH000182,QR Code,Thanh toán thẻ,518000,0,Thành công,CN Quận 1,8124846
GD202602017674,2026-02-18 16:29:32,KH000187,Internet Banking,Rút tiền mặt,5361000,0,Thành công,CN Cầu Giấy,15053009
GD202602001439,2026-02-18 16:36:42,KH000016,QR Code,Nạp tiền điện thoại,133000,0,Thành công,CN Bình Dương,706807
GD202602010225,2026-02-18 16:50:14,KH000106,Internet Banking,Thanh toán thẻ,1028000,0,Thành công,CN TP Hồ Chí Minh,27596630
GD202602002885,2026-02-18 17:03:30,KH000027,QR Code,Thanh toán thẻ,23846000,0,Thành công,CN Đà Nẵng,53824602
GD202602000582,2026-02-18 17:04:17,KH000010,QR Code,Thanh toán thẻ,1421000,0,Thành công,CN Đà Nẵng,3213338
GD202602018057,2026-02-18 17:10:37,KH000191,Mobile Banking,Chuyển khoản đến,9052000,0,Thành công,CN Đà Nẵng,38647412
GD202602007260,2026-02-18 17:17:57,KH000077,Mobile Banking,Nộp tiền mặt,6632000,0,Thành công,CN Hoàn Kiếm,25691449
GD202602002100,2026-02-18 17:22:20,KH000020,QR Code,Nạp tiền điện thoại,18136000,0,Thành công,CN Thanh Xuân,74184886
GD202602000961,2026-02-18 18:03:35,KH000013,POS,Chuyển khoản đi,19396000,5500,Thành công,CN Hải Phòng,166609738
GD202602015330,2026-02-18 18:09:57,KH000164,QR Code,Nạp tiền điện thoại,111000,0,Thành công,CN Cần Thơ,10913398
GD202602014742,2026-02-18 18:10:17,KH000156,QR Code,Nạp tiền điện thoại,5197000,0,Thành công,CN Quận 1,72866552
GD202602007261,2026-02-18 18:24:19,KH000077,POS,Thanh toán thẻ,5014000,1100,Thành công,CN Bình Dương,20676349
GD202602018553,2026-02-18 18:57:32,KH000196,ATM,Nạp tiền điện thoại,420000,3300,Thành công,CN TP Hồ Chí Minh,28509503
GD202602008099,2026-02-18 19:10:33,KH000083,QR Code,Nộp tiền mặt,415000,0,Thành công,CN Đà Nẵng,22751280
GD202602010452,2026-02-18 19:13:45,KH000110,Mobile Banking,Thanh toán hóa đơn,1767000,0,Thành công,CN Cầu Giấy,41590036
GD202602015881,2026-02-18 19:40:14,KH000172,POS,Thanh toán thẻ,981000,0,Thành công,CN TP Hồ Chí Minh,3463153
GD202602006331,2026-02-18 19:43:13,KH000065,Internet Banking,Nộp tiền mặt,17142000,0,Thất bại,CN Hoàn Kiếm,56556261
GD202602011166,2026-02-18 19:52:13,KH000118,Internet Banking,Chuyển khoản đến,1600000,0,Thành công,CN Cầu Giấy,40050206
GD202602015651,2026-02-18 19:53:36,KH000170,Mobile Banking,Thanh toán thẻ,2867000,0,Thành công,CN Thanh Xuân,19394253
GD202602009842,2026-02-18 20:08:57,KH000101,POS,Nạp tiền điện thoại,15215000,0,Thành công,CN TP Hồ Chí Minh,71809971
GD202602016898,2026-02-18 20:12:36,KH000182,Mobile Banking,Chuyển khoản đến,242000,0,Thành công,CN Quận 1,8366846
GD202602013423,2026-02-18 20:13:25,KH000139,Mobile Banking,Thanh toán thẻ,24357000,0,Thành công,CN Bình Dương,57696107
GD202602003522,2026-02-18 20:18:56,KH000033,Internet Banking,Chuyển khoản đến,122000,0,Thành công,CN Cần Thơ,31428913
GD202602011308,2026-02-18 21:31:16,KH000119,Mobile Banking,Nộp tiền mặt,121000,0,Thành công,CN Cần Thơ,15199424
GD202602018376,2026-02-18 21:31:32,KH000195,QR Code,Thanh toán thẻ,174415000,0,Thành công,CN Cầu Giấy,355661217
GD202602009486,2026-02-18 21:49:56,KH000097,Mobile Banking,Rút tiền mặt,2534000,0,Thành công,CN Bình Dương,23754949
GD202602010411,2026-02-18 22:03:49,KH000109,ATM,Chuyển khoản đến,8375000,1100,Thành công,CN Bình Dương,34771529
GD202602011309,2026-02-18 22:43:41,KH000119,QR Code,Chuyển khoản đi,194000,0,Thành công,CN TP Hồ Chí Minh,15005424
GD202602005389,2026-02-18 22:53:53,KH000057,POS,Nộp tiền mặt,17290000,5500,Thành công,CN Đà Nẵng,137277216
GD202602006734,2026-02-19 06:02:58,KH000070,POS,Thanh toán thẻ,4264000,5500,Thành công,CN Quận 1,91057260
GD202602000583,2026-02-19 06:14:43,KH000010,QR Code,Thanh toán thẻ,462000,0,Thành công,CN Cầu Giấy,2751338
GD202602004020,2026-02-19 06:55:19,KH000040,Internet Banking,Chuyển khoản đến,1352000,0,Thành công,CN TP Hồ Chí Minh,39957237
GD202602009643,2026-02-19 07:03:07,KH000098,QR Code,Thanh toán thẻ,846000,0,Thành công,CN Bình Dương,17557325
GD202602010453,2026-02-19 07:05:38,KH000110,Mobile Banking,Rút tiền mặt,2455000,0,Thành công,CN TP Hồ Chí Minh,39135036
GD202602010990,2026-02-19 07:34:25,KH000116,QR Code,Nộp tiền mặt,28660000,0,Thành công,CN Cần Thơ,128848785
GD202602015653,2026-02-19 07:35:13,KH000170,QR Code,Rút tiền mặt,2253000,0,Thành công,CN Hải Phòng,11215253
GD202602011311,2026-02-19 07:42:41,KH000119,QR Code,Nạp tiền điện thoại,124000,0,Thành công,CN Cần Thơ,14797424
GD202602006666,2026-02-19 07:46:56,KH000068,Internet Banking,Nạp tiền điện thoại,20838000,0,Thành công,CN Đà Nẵng,76197789
GD202602004821,2026-02-19 07:53:37,KH000052,Internet Banking,Chuyển khoản đến,120000,0,Thành công,CN Thanh Xuân,268406
GD202602013259,2026-02-19 08:10:47,KH000137,Mobile Banking,Thanh toán thẻ,1456000,0,Thành công,CN Bình Dương,14944764
GD202602011563,2026-02-19 08:37:58,KH000121,Mobile Banking,Chuyển khoản đi,1186000,0,Thành công,CN Cầu Giấy,6170149
GD202602014626,2026-02-19 09:13:43,KH000154,QR Code,Rút tiền mặt,51000,0,Thành công,CN Bình Dương,24934894
GD202602018379,2026-02-19 09:25:31,KH000195,QR Code,Nộp tiền mặt,14811000,0,Thành công,CN Hải Phòng,307383717
GD202602010559,2026-02-19 09:38:06,KH000111,POS,Thanh toán thẻ,34711000,1100,Thành công,CN Cầu Giấy,487145745
GD202602007591,2026-02-19 09:40:30,KH000079,QR Code,Nạp tiền điện thoại,2277000,0,Thất bại,CN Quận 1,10491640
GD202602004127,2026-02-19 09:41:34,KH000041,Mobile Banking,Thanh toán hóa đơn,26905000,0,Thành công,CN Bình Dương,118674384
GD202602005217,2026-02-19 09:44:55,KH000055,ATM,Chuyển khoản đến,685000,1100,Thành công,CN Hải Phòng,7830587
GD202602014782,2026-02-19 09:49:13,KH000157,QR Code,Chuyển khoản đi,5221000,0,Thành công,CN Thanh Xuân,11716223
GD202602015570,2026-02-19 09:53:26,KH000169,Mobile Banking,Chuyển khoản đến,12521000,0,Thành công,CN TP Hồ Chí Minh,83655200
GD202602016218,2026-02-19 10:35:16,KH000176,Mobile Banking,Thanh toán thẻ,68000,0,Thành công,CN Thanh Xuân,23185390
GD202602000353,2026-02-19 10:40:02,KH000008,QR Code,Chuyển khoản đi,106817000,0,Thành công,CN Hải Phòng,463548743
GD202602013424,2026-02-19 10:42:32,KH000139,POS,Thanh toán thẻ,19288000,0,Thành công,CN Thanh Xuân,38408107
GD202602000305,2026-02-19 10:42:33,KH000007,Internet Banking,Nộp tiền mặt,25230000,0,Thành công,CN Cần Thơ,181032747
GD202602008818,2026-02-19 11:14:50,KH000092,QR Code,Chuyển khoản đi,7354000,0,Thành công,CN Đà Nẵng,19714552
GD202602000107,2026-02-19 11:44:23,KH000004,Internet Banking,Nộp tiền mặt,19082000,0,Thành công,CN Cầu Giấy,113256016
GD202602015512,2026-02-19 11:51:53,KH000167,ATM,Chuyển khoản đi,1974000,3300,Thành công,CN Đà Nẵng,32652308
GD202602001334,2026-02-19 12:12:15,KH000015,QR Code,Nộp tiền mặt,17287000,0,Thành công,CN TP Hồ Chí Minh,627410986
GD202602001812,2026-02-19 12:18:40,KH000019,Internet Banking,Chuyển khoản đến,1378000,0,Thành công,CN Quận 1,68412338
GD202602014743,2026-02-19 12:22:51,KH000156,POS,Nạp tiền điện thoại,22772000,0,Thành công,CN Đà Nẵng,50094552
GD202602018058,2026-02-19 12:37:54,KH000191,QR Code,Thanh toán thẻ,8870000,0,Thành công,CN Quận 1,29777412
GD202602013828,2026-02-19 12:54:00,KH000145,Internet Banking,Thanh toán thẻ,275000,0,Thành công,CN Bình Dương,25108864
GD202602002886,2026-02-19 13:20:46,KH000027,QR Code,Chuyển khoản đến,3163000,0,Thành công,CN Thanh Xuân,56987602
GD202602012577,2026-02-19 13:27:08,KH000131,POS,Thanh toán thẻ,5160000,5500,Thất bại,CN Hải Phòng,36951180
GD202602018786,2026-02-19 13:29:27,KH000200,ATM,Chuyển khoản đi,2059000,0,Thành công,CN Bình Dương,4081177
GD202602004823,2026-02-19 14:22:02,KH000052,POS,Thanh toán thẻ,170000,1100,Thành công,CN Cầu Giấy,239306
GD202602009304,2026-02-19 14:32:39,KH000096,Mobile Banking,Chuyển khoản đến,835000,0,Thành công,CN Thanh Xuân,52334016
GD202602001081,2026-02-19 14:59:27,KH000014,Internet Banking,Chuyển khoản đi,4720000,0,Thành công,CN Cần Thơ,15620139
GD202602006948,2026-02-19 15:03:48,KH000074,POS,Thanh toán thẻ,482000,0,Thành công,CN Đà Nẵng,33604577
GD202602004822,2026-02-19 15:11:01,KH000052,QR Code,Thanh toán thẻ,113000,0,Thành công,CN Hải Phòng,155406
GD202602004581,2026-02-19 15:12:11,KH000048,QR Code,Thanh toán thẻ,2447000,0,Thành công,CN Thanh Xuân,19840715
GD202602001440,2026-02-19 15:20:27,KH000016,Internet Banking,Nộp tiền mặt,147000,0,Thất bại,CN Cần Thơ,706807
GD202602018378,2026-02-19 15:35:29,KH000195,QR Code,Nộp tiền mặt,38811000,0,Thành công,CN Bình Dương,292572717
GD202602014627,2026-02-19 15:35:42,KH000154,QR Code,Thanh toán thẻ,865000,0,Thành công,CN Bình Dương,24069894
GD202602018377,2026-02-19 15:38:18,KH000195,POS,Thanh toán thẻ,101894000,5500,Thành công,CN Bình Dương,253761717
GD202602001811,2026-02-19 15:49:45,KH000019,QR Code,Chuyển khoản đến,2240000,0,Thành công,CN Cần Thơ,67034338
GD202602007262,2026-02-19 16:22:20,KH000077,Internet Banking,Nộp tiền mặt,891000,0,Thành công,CN Đà Nẵng,21567349
GD202602007263,2026-02-19 16:38:33,KH000077,Mobile Banking,Thanh toán thẻ,2233000,0,Thành công,CN Hoàn Kiếm,19334349
GD202602005264,2026-02-19 16:45:05,KH000056,Internet Banking,Chuyển khoản đi,2853000,0,Thành công,CN Cầu Giấy,73710159
GD202602012579,2026-02-19 17:00:00,KH000131,Mobile Banking,Nộp tiền mặt,2290000,0,Thành công,CN Thanh Xuân,38688180
GD202602001643,2026-02-19 17:07:09,KH000017,Mobile Banking,Chuyển khoản đi,11758000,0,Thành công,CN Đà Nẵng,27219542
GD202602006735,2026-02-19 17:09:21,KH000070,POS,Thanh toán thẻ,3689000,5500,Thành công,CN Hải Phòng,87362760
GD202602010793,2026-02-19 17:24:47,KH000114,Internet Banking,Thanh toán hóa đơn,53000,0,Thành công,CN Quận 1,51718301
GD202602000246,2026-02-19 18:06:24,KH000006,Quầy giao dịch,Rút tiền mặt,93000,3300,Thất bại,CN Quận 1,56482966
GD202602003189,2026-02-19 18:19:34,KH000029,QR Code,Nộp tiền mặt,5607000,0,Thành công,CN Thanh Xuân,28957676
GD202602006772,2026-02-19 18:53:37,KH000071,QR Code,Thanh toán thẻ,12011000,0,Thành công,CN Đà Nẵng,53294938
GD202602010326,2026-02-19 19:12:29,KH000108,Quầy giao dịch,Chuyển khoản đến,85000,3300,Thành công,CN Cầu Giấy,26096015
GD202602001644,2026-02-19 19:25:06,KH000017,POS,Thanh toán thẻ,3554000,0,Thành công,CN Hoàn Kiếm,23665542
GD202602012379,2026-02-19 19:33:30,KH000129,QR Code,Nộp tiền mặt,384000,0,Thành công,CN Bình Dương,1793648
GD202602003023,2026-02-19 19:37:12,KH000028,Internet Banking,Nộp tiền mặt,2470000,0,Thành công,CN Quận 1,35532925
GD202602002101,2026-02-19 19:48:35,KH000020,Internet Banking,Thanh toán thẻ,892000,0,Thành công,CN Cầu Giấy,73292886
GD202602013106,2026-02-19 19:53:36,KH000135,Internet Banking,Chuyển khoản đến,81326000,0,Thành công,CN Hoàn Kiếm,436289376
GD202602009025,2026-02-19 20:05:17,KH000094,Mobile Banking,Chuyển khoản đi,635000,0,Thành công,CN Hải Phòng,63859113
GD202602012578,2026-02-19 20:07:16,KH000131,POS,Thanh toán thẻ,553000,0,Thành công,CN Hải Phòng,36398180
GD202602018554,2026-02-19 20:30:30,KH000196,Quầy giao dịch,Nộp tiền mặt,384000,0,Thành công,CN Cần Thơ,28893503
GD202602003854,2026-02-19 20:55:08,KH000038,QR Code,Thanh toán thẻ,3417000,0,Thành công,CN TP Hồ Chí Minh,82638747
GD202602006736,2026-02-19 21:09:26,KH000070,Quầy giao dịch,Chuyển khoản đến,3724000,1100,Thành công,CN TP Hồ Chí Minh,91086760
GD202602012380,2026-02-19 22:47:12,KH000129,Internet Banking,Rút tiền mặt,361000,0,Thành công,CN Thanh Xuân,1432648
GD202602002887,2026-02-20 06:07:57,KH000027,Internet Banking,Chuyển khoản đến,8362000,0,Thành công,CN Cần Thơ,65349602
GD202602005218,2026-02-20 06:58:12,KH000055,Mobile Banking,Chuyển khoản đến,573000,0,Thành công,CN TP Hồ Chí Minh,8403587
GD202602017598,2026-02-20 06:58:30,KH000186,Mobile Banking,Nộp tiền mặt,1873000,0,Thành công,CN Đà Nẵng,19887599
GD202602013511,2026-02-20 06:59:43,KH000141,Quầy giao dịch,Nộp tiền mặt,1351000,3300,Thành công,CN Đà Nẵng,17617079
GD202602016535,2026-02-20 07:34:51,KH000178,Internet Banking,Chuyển khoản đến,1411000,0,Thành công,CN Đà Nẵng,54835952
GD202602009305,2026-02-20 07:42:19,KH000096,Mobile Banking,Chuyển khoản đi,5212000,0,Thành công,CN TP Hồ Chí Minh,47122016
GD202602012426,2026-02-20 07:44:15,KH000130,Mobile Banking,Nạp tiền điện thoại,2771000,0,Thành công,CN Cầu Giấy,49303703
GD202602008458,2026-02-20 08:00:18,KH000086,QR Code,Chuyển khoản đến,4455000,0,Thành công,CN Đà Nẵng,166987161
GD202602000247,2026-02-20 08:15:21,KH000006,Quầy giao dịch,Rút tiền mặt,9344000,5500,Thành công,CN Quận 1,47133466
GD202602003024,2026-02-20 08:35:53,KH000028,POS,Thanh toán thẻ,2337000,3300,Thành công,CN Hoàn Kiếm,33192625
GD202602002888,2026-02-20 08:50:08,KH000027,Mobile Banking,Chuyển khoản đến,1119000,0,Thành công,CN Cầu Giấy,66468602
GD202602002612,2026-02-20 08:53:00,KH000025,Internet Banking,Thanh toán thẻ,87000,0,Thành công,CN Đà Nẵng,163531
GD202602017675,2026-02-20 09:02:01,KH000187,QR Code,Chuyển khoản đến,4179000,0,Thành công,CN Thanh Xuân,19232009
GD202602014628,2026-02-20 09:25:02,KH000154,POS,Chuyển khoản đi,691000,0,Thành công,CN Hải Phòng,23378894
GD202602015654,2026-02-20 09:48:12,KH000170,Mobile Banking,Nộp tiền mặt,957000,0,Thành công,CN Quận 1,12172253
GD202602002102,2026-02-20 10:05:19,KH000020,POS,Thanh toán thẻ,22387000,3300,Thành công,CN Hoàn Kiếm,50902586
GD202602007851,2026-02-20 10:05:30,KH000080,POS,Chuyển khoản đến,3152000,5500,Thành công,CN Cầu Giấy,81768089
GD202602013425,2026-02-20 10:16:17,KH000139,POS,Thanh toán thẻ,3103000,3300,Thành công,CN Cần Thơ,35301807
GD202602004824,2026-02-20 10:16:18,KH000052,Mobile Banking,Thanh toán thẻ,138000,0,Thành công,CN Cần Thơ,101306
GD202602018787,2026-02-20 10:39:24,KH000200,Quầy giao dịch,Rút tiền mặt,127000,1100,Thành công,CN Hải Phòng,3953077
GD202602001082,2026-02-20 10:40:58,KH000014,Mobile Banking,Chuyển khoản đến,1411000,0,Thành công,CN Quận 1,17031139
GD202602017205,2026-02-20 10:42:24,KH000183,Internet Banking,Chuyển khoản đi,10567000,0,Thành công,CN Quận 1,20798848
GD202602001813,2026-02-20 11:03:10,KH000019,QR Code,Nộp tiền mặt,1675000,0,Thành công,CN Đà Nẵng,70087338
GD202602017204,2026-02-20 11:12:43,KH000183,POS,Thanh toán thẻ,11924000,0,Thành công,CN Hải Phòng,31365848
GD202602000962,2026-02-20 11:44:04,KH000013,POS,Nộp tiền mặt,2912000,3300,Thành công,CN Quận 1,169521738
GD202602003190,2026-02-20 12:15:03,KH000029,Quầy giao dịch,Chuyển khoản đến,4007000,5500,Thành công,CN Quận 1,32964676
GD202602007949,2026-02-20 12:16:28,KH000082,QR Code,Rút tiền mặt,1076000,0,Thành công,CN TP Hồ Chí Minh,49838726
GD202602008547,2026-02-20 12:17:42,KH000087,Internet Banking,Thanh toán thẻ,315000,0,Thành công,CN Đà Nẵng,620126
GD202602001814,2026-02-20 13:12:56,KH000019,Mobile Banking,Chuyển khoản đến,2371000,0,Thành công,CN Đà Nẵng,72458338
GD202602008459,2026-02-20 13:30:17,KH000086,POS,Thanh toán thẻ,14694000,0,Thành công,CN Cần Thơ,152293161
GD202602009026,2026-02-20 13:38:46,KH000094,Quầy giao dịch,Chuyển khoản đến,2579000,1100,Thành công,CN Hoàn Kiếm,66438113
GD202602013078,2026-02-20 13:46:35,KH000134,POS,Nạp tiền điện thoại,1648000,0,Thành công,CN Hải Phòng,14381762
GD202602007158,2026-02-20 13:47:41,KH000075,ATM,Rút tiền mặt,2526000,5500,Thành công,CN Đà Nẵng,60991887
GD202602007593,2026-02-20 15:02:29,KH000079,POS,Thanh toán thẻ,1280000,1100,Thất bại,CN Bình Dương,10270140
GD202602010641,2026-02-20 15:34:13,KH000112,QR Code,Nạp tiền điện thoại,140000,0,Thành công,CN Đà Nẵng,34130770
GD202602005111,2026-02-20 15:35:13,KH000053,Internet Banking,Chuyển khoản đến,1726000,0,Thành công,CN TP Hồ Chí Minh,135797174
GD202602009306,2026-02-20 15:36:30,KH000096,QR Code,Nộp tiền mặt,10234000,0,Thành công,CN Cần Thơ,57356016
GD202602006115,2026-02-20 16:06:05,KH000063,QR Code,Nộp tiền mặt,387000,0,Thành công,CN Đà Nẵng,33511025
GD202602009927,2026-02-20 16:26:29,KH000103,QR Code,Nộp tiền mặt,1242000,0,Thành công,CN Cần Thơ,10885519
GD202602014277,2026-02-20 16:35:22,KH000152,POS,Thanh toán thẻ,793000,3300,Thành công,CN Hoàn Kiếm,83418000
GD202602003588,2026-02-20 17:07:14,KH000034,Mobile Banking,Nộp tiền mặt,1149000,0,Thành công,CN Quận 1,69007985
GD202602005775,2026-02-20 17:11:23,KH000061,Internet Banking,Thanh toán thẻ,1461000,0,Thành công,CN Hoàn Kiếm,31453453
GD202602002611,2026-02-20 17:31:52,KH000025,Mobile Banking,Thanh toán hóa đơn,63000,0,Thành công,CN Bình Dương,250531
GD202602010005,2026-02-20 17:35:58,KH000104,QR Code,Nạp tiền điện thoại,2739000,0,Thành công,CN Cần Thơ,46397528
GD202602012425,2026-02-20 17:36:04,KH000130,QR Code,Chuyển khoản đến,292000,0,Thành công,CN TP Hồ Chí Minh,52074703
GD202602009928,2026-02-20 18:00:14,KH000103,POS,Thanh toán hóa đơn,367000,0,Thành công,CN Cầu Giấy,10518519
GD202602018380,2026-02-20 18:25:10,KH000195,Mobile Banking,Nộp tiền mặt,45977000,0,Thành công,CN Bình Dương,353360717
GD202602007264,2026-02-20 18:26:23,KH000077,Internet Banking,Thanh toán thẻ,3729000,0,Thành công,CN Hoàn Kiếm,15605349
GD202602008460,2026-02-20 18:31:26,KH000086,Mobile Banking,Rút tiền mặt,22346000,0,Thành công,CN Đà Nẵng,129947161
GD202602007592,2026-02-20 18:43:56,KH000079,POS,Thanh toán thẻ,216000,5500,Thành công,CN Cần Thơ,10270140
GD202602015571,2026-02-20 18:57:08,KH000169,Mobile Banking,Rút tiền mặt,22329000,0,Thành công,CN Cầu Giấy,61326200
GD202602018556,2026-02-20 18:58:01,KH000196,Quầy giao dịch,Nộp tiền mặt,210000,5500,Thành công,CN Quận 1,28865503
GD202602006849,2026-02-20 19:06:06,KH000072,Internet Banking,Chuyển khoản đến,666000,0,Thành công,CN Cầu Giấy,25297874
GD202602015743,2026-02-20 19:29:07,KH000171,Mobile Banking,Thanh toán thẻ,7933000,0,Thành công,CN Đà Nẵng,26730651
GD202602013510,2026-02-20 19:38:00,KH000141,Mobile Banking,Nộp tiền mặt,2135000,0,Thành công,CN Cầu Giấy,16266079
GD202602016756,2026-02-20 20:13:38,KH000181,POS,Rút tiền mặt,343000,3300,Thành công,CN Hoàn Kiếm,7814220
GD202602013149,2026-02-20 21:04:51,KH000136,Internet Banking,Nạp tiền điện thoại,41896000,0,Thành công,CN Hải Phòng,100622217
GD202602018788,2026-02-20 21:33:11,KH000200,POS,Chuyển khoản đến,870000,3300,Thành công,CN Hoàn Kiếm,4823077
GD202602010226,2026-02-20 21:51:58,KH000106,Internet Banking,Thanh toán hóa đơn,626000,0,Thành công,CN Thanh Xuân,26970630
GD202602018555,2026-02-20 22:17:53,KH000196,POS,Thanh toán thẻ,238000,0,Thành công,CN Hoàn Kiếm,28655503
GD202602007850,2026-02-20 22:26:55,KH000080,Mobile Banking,Thanh toán hóa đơn,352000,0,Thành công,CN Quận 1,78616089
GD202602017676,2026-02-20 22:34:47,KH000187,POS,Thanh toán thẻ,6633000,5500,Thành công,CN Hoàn Kiếm,12593509
GD202602015882,2026-02-21 06:01:08,KH000172,Internet Banking,Thanh toán hóa đơn,475000,0,Thành công,CN Cầu Giấy,2988153
GD202602010991,2026-02-21 06:30:43,KH000116,POS,Thanh toán thẻ,22941000,1100,Thành công,CN Hải Phòng,105906685
GD202602017523,2026-02-21 06:41:43,KH000185,QR Code,Thanh toán thẻ,7807000,0,Thành công,CN Hoàn Kiếm,36542250
GD202602000584,2026-02-21 06:42:17,KH000010,Mobile Banking,Nạp tiền điện thoại,99000,0,Thành công,CN Cần Thơ,2652338
GD202602006949,2026-02-21 07:01:04,KH000074,Mobile Banking,Thanh toán thẻ,574000,0,Thành công,CN Hoàn Kiếm,33030577
GD202602017872,2026-02-21 07:07:37,KH000189,POS,Thanh toán thẻ,120844000,5500,Thành công,CN Hoàn Kiếm,619845261
GD202602002297,2026-02-21 07:21:58,KH000021,Internet Banking,Nộp tiền mặt,799000,0,Thành công,CN Đà Nẵng,26890548
GD202602006537,2026-02-21 07:34:19,KH000066,Quầy giao dịch,Nạp tiền điện thoại,3629000,3300,Thành công,CN Cần Thơ,126234161
GD202602003292,2026-02-21 08:11:38,KH000031,Mobile Banking,Rút tiền mặt,1076000,0,Thành công,CN Thanh Xuân,3743103
GD202602015655,2026-02-21 08:19:41,KH000170,Quầy giao dịch,Nạp tiền điện thoại,2050000,3300,Thành công,CN Cần Thơ,10118953
GD202602011312,2026-02-21 08:38:10,KH000119,Internet Banking,Thanh toán thẻ,178000,0,Thành công,CN Thanh Xuân,14619424
GD202602007594,2026-02-21 08:55:47,KH000079,QR Code,Nạp tiền điện thoại,1834000,0,Thành công,CN Thanh Xuân,8436140
GD202602004128,2026-02-21 09:33:25,KH000041,POS,Chuyển khoản đến,12293000,1100,Thành công,CN Thanh Xuân,130967384
GD202602014199,2026-02-21 09:54:33,KH000151,Internet Banking,Thanh toán thẻ,231000,0,Thành công,CN Cầu Giấy,9339316
GD202602016899,2026-02-21 10:26:36,KH000182,QR Code,Thanh toán hóa đơn,2498000,0,Thành công,CN Thanh Xuân,5868846
GD202602009027,2026-02-21 10:30:20,KH000094,POS,Thanh toán thẻ,234000,0,Thành công,CN Cầu Giấy,66204113
GD202602010795,2026-02-21 10:35:57,KH000114,POS,Thanh toán thẻ,2065000,3300,Thành công,CN Quận 1,51891001
GD202602009644,2026-02-21 10:46:49,KH000098,QR Code,Nạp tiền điện thoại,793000,0,Thành công,CN Đà Nẵng,16764325
GD202602017599,2026-02-21 11:50:52,KH000186,ATM,Chuyển khoản đến,5032000,0,Thành công,CN Đà Nẵng,24919599
GD202602015331,2026-02-21 11:56:48,KH000164,ATM,Thanh toán hóa đơn,130000,3300,Thành công,CN Hải Phòng,10780098
GD202602016219,2026-02-21 12:02:29,KH000176,QR Code,Thanh toán thẻ,713000,0,Thành công,CN Đà Nẵng,22472390
GD202602003967,2026-02-21 12:44:29,KH000039,POS,Chuyển khoản đến,2612000,3300,Thành công,CN Cần Thơ,57130122
GD202602009815,2026-02-21 12:48:38,KH000100,QR Code,Rút tiền mặt,12080000,0,Thành công,CN Hoàn Kiếm,43762759
GD202602014386,2026-02-21 12:54:07,KH000153,Internet Banking,Nộp tiền mặt,1983000,0,Thành công,CN Thanh Xuân,8003341
GD202602002416,2026-02-21 13:01:42,KH000023,Mobile Banking,Thanh toán thẻ,11608000,0,Thành công,CN Đà Nẵng,37898067
GD202602013260,2026-02-21 13:30:00,KH000137,Mobile Banking,Chuyển khoản đến,4290000,0,Thành công,CN Đà Nẵng,19234764
GD202602003293,2026-02-21 14:03:04,KH000031,Internet Banking,Rút tiền mặt,337000,0,Thành công,CN Hải Phòng,3406103
GD202602016614,2026-02-21 14:24:58,KH000180,POS,Thanh toán thẻ,636000,0,Thành công,CN Hoàn Kiếm,33431207
GD202602005776,2026-02-21 14:34:09,KH000061,Internet Banking,Chuyển khoản đến,2157000,0,Thành công,CN TP Hồ Chí Minh,33610453
GD202602007595,2026-02-21 14:38:17,KH000079,Internet Banking,Nạp tiền điện thoại,2782000,0,Thành công,CN Cầu Giấy,5654140
GD202602010908,2026-02-21 14:44:05,KH000115,POS,Thanh toán thẻ,2328000,3300,Thành công,CN Hải Phòng,42766348
GD202602008768,2026-02-21 14:45:26,KH000091,Mobile Banking,Nộp tiền mặt,17982000,0,Thành công,CN Quận 1,71582341
GD202602014110,2026-02-21 14:51:57,KH000149,Internet Banking,Rút tiền mặt,7595000,0,Thành công,CN Thanh Xuân,26044292
GD202602014629,2026-02-21 14:57:52,KH000154,ATM,Rút tiền mặt,371000,3300,Thành công,CN Quận 1,23004594
GD202602013703,2026-02-21 15:08:37,KH000143,QR Code,Thanh toán thẻ,967000,0,Thành công,CN Đà Nẵng,28776205
GD202602012580,2026-02-21 15:14:10,KH000131,POS,Thanh toán thẻ,1073000,0,Thành công,CN Đà Nẵng,37615180
GD202602001815,2026-02-21 16:02:09,KH000019,Internet Banking,Chuyển khoản đi,2610000,0,Thành công,CN Cần Thơ,69848338
GD202602017206,2026-02-21 16:07:20,KH000183,QR Code,Nạp tiền điện thoại,4778000,0,Thành công,CN Bình Dương,16020848
GD202602000354,2026-02-21 16:47:36,KH000008,QR Code,Thanh toán thẻ,8709000,0,Thành công,CN Hải Phòng,454839743
GD202602009843,2026-02-21 17:23:04,KH000101,POS,Chuyển khoản đi,1926000,3300,Thành công,CN Cầu Giấy,69880671
GD202602004825,2026-02-21 17:55:28,KH000052,QR Code,Thanh toán thẻ,124000,0,Thành công,CN TP Hồ Chí Minh,163306
GD202602007265,2026-02-21 18:01:24,KH000077,POS,Thanh toán thẻ,2237000,1100,Thành công,CN Cần Thơ,13367249
GD202602015090,2026-02-21 18:15:17,KH000162,Internet Banking,Thanh toán thẻ,131000,0,Thành công,CN Hoàn Kiếm,5595503
GD202602009930,2026-02-21 18:35:50,KH000103,POS,Nộp tiền mặt,1530000,5500,Thành công,CN Quận 1,11818219
GD202602000963,2026-02-21 18:48:21,KH000013,POS,Thanh toán thẻ,49553000,0,Thành công,CN Thanh Xuân,119968738
GD202602014111,2026-02-21 19:27:15,KH000149,QR Code,Thanh toán thẻ,1252000,0,Thành công,CN Thanh Xuân,24792292
GD202602007852,2026-02-21 19:39:34,KH000080,Internet Banking,Rút tiền mặt,821000,0,Thành công,CN Hoàn Kiếm,80947089
GD202602018381,2026-02-21 19:45:20,KH000195,Mobile Banking,Thanh toán thẻ,113775000,0,Thành công,CN Thanh Xuân,239585717
GD202602010794,2026-02-21 20:09:14,KH000114,Internet Banking,Chuyển khoản đến,2241000,0,Thành công,CN Cầu Giấy,53959301
GD202602011167,2026-02-21 20:17:01,KH000118,Mobile Banking,Nạp tiền điện thoại,8759000,0,Thành công,CN Cần Thơ,31291206
GD202602014198,2026-02-21 20:20:24,KH000151,POS,Thanh toán hóa đơn,312000,3300,Thành công,CN Cần Thơ,9570316
GD202602012017,2026-02-21 20:21:12,KH000127,Mobile Banking,Nạp tiền điện thoại,1895000,0,Thành công,CN Hải Phòng,5142517
GD202602007266,2026-02-21 20:51:36,KH000077,Internet Banking,Thanh toán thẻ,4522000,0,Thành công,CN Quận 1,8845249
GD202602015572,2026-02-21 20:55:07,KH000169,POS,Thanh toán thẻ,1389000,3300,Thành công,CN Bình Dương,59933900
GD202602013426,2026-02-21 21:04:01,KH000139,Mobile Banking,Thanh toán thẻ,7478000,0,Thành công,CN Cần Thơ,27823807
GD202602015656,2026-02-21 21:21:07,KH000170,Mobile Banking,Thanh toán hóa đơn,2748000,0,Thành công,CN Đà Nẵng,7370953
GD202602010454,2026-02-21 22:00:14,KH000110,Internet Banking,Thanh toán thẻ,1235000,0,Thành công,CN Hoàn Kiếm,37900036
GD202602008819,2026-02-21 22:18:32,KH000092,QR Code,Thanh toán hóa đơn,1285000,0,Thành công,CN Cầu Giấy,18429552
GD202602015268,2026-02-21 22:29:26,KH000163,Internet Banking,Nộp tiền mặt,3423000,0,Thành công,CN TP Hồ Chí Minh,71409697
GD202602009929,2026-02-21 22:35:51,KH000103,POS,Thanh toán hóa đơn,227000,3300,Thành công,CN Hải Phòng,10288219
GD202602004021,2026-02-22 06:08:53,KH000040,ATM,Chuyển khoản đến,2691000,1100,Thành công,CN Cầu Giấy,42648237
GD202602016757,2026-02-22 06:43:13,KH000181,QR Code,Nộp tiền mặt,417000,0,Thành công,CN TP Hồ Chí Minh,8231220
GD202602014706,2026-02-22 06:46:41,KH000155,Internet Banking,Nộp tiền mặt,71517000,0,Thành công,CN Quận 1,282376297
GD202602016900,2026-02-22 06:56:26,KH000182,QR Code,Rút tiền mặt,116000,0,Thành công,CN Thanh Xuân,5752846
GD202602006334,2026-02-22 06:56:42,KH000065,Mobile Banking,Thanh toán thẻ,8429000,0,Thành công,CN Cần Thơ,28652461
GD202602000355,2026-02-22 06:58:15,KH000008,Internet Banking,Thanh toán hóa đơn,136912000,0,Thành công,CN Cần Thơ,317927743
GD202602006332,2026-02-22 07:02:16,KH000065,POS,Thanh toán thẻ,7957000,5500,Thành công,CN Hoàn Kiếm,48593761
GD202602003191,2026-02-22 07:13:16,KH000029,Mobile Banking,Thanh toán thẻ,1466000,0,Thành công,CN Cần Thơ,31498676
GD202602011564,2026-02-22 07:16:48,KH000121,ATM,Nộp tiền mặt,1937000,1100,Thành công,CN Hoàn Kiếm,8107149
GD202602018383,2026-02-22 07:25:43,KH000195,POS,Thanh toán thẻ,69534000,0,Thành công,CN Hải Phòng,199077717
GD202602011169,2026-02-22 07:48:01,KH000118,POS,Thanh toán thẻ,6743000,5500,Thành công,CN Hoàn Kiếm,31623706
GD202602005555,2026-02-22 07:51:03,KH000059,Internet Banking,Rút tiền mặt,10311000,0,Thành công,CN Cầu Giấy,48185520
GD202602006333,2026-02-22 07:51:42,KH000065,POS,Thanh toán thẻ,11509000,3300,Thành công,CN Thanh Xuân,37081461
GD202602006892,2026-02-22 07:58:49,KH000073,POS,Thanh toán thẻ,7234000,5500,Thành công,CN Hải Phòng,27067733
GD202602006951,2026-02-22 08:19:49,KH000074,Mobile Banking,Nộp tiền mặt,930000,0,Thành công,CN Bình Dương,34386577
GD202602005779,2026-02-22 08:29:51,KH000061,Mobile Banking,Nộp tiền mặt,1451000,0,Thành công,CN Quận 1,33607953
GD202602018697,2026-02-22 08:53:57,KH000198,POS,Nộp tiền mặt,710000,3300,Thành công,CN Thanh Xuân,30420588
GD202602001083,2026-02-22 08:59:15,KH000014,POS,Thanh toán thẻ,5072000,5500,Thành công,CN Quận 1,11953639
GD202602010412,2026-02-22 09:17:46,KH000109,POS,Thanh toán thẻ,3685000,3300,Thành công,CN Đà Nẵng,31083229
GD202602013741,2026-02-22 09:27:07,KH000144,QR Code,Nộp tiền mặt,728000,0,Thành công,CN Quận 1,9224617
GD202602017482,2026-02-22 09:39:06,KH000184,ATM,Chuyển khoản đến,13506000,1100,Thành công,CN Đà Nẵng,52761072
GD202602014200,2026-02-22 10:47:31,KH000151,ATM,Thanh toán hóa đơn,590000,1100,Thành công,CN Cần Thơ,8748216
GD202602010683,2026-02-22 10:48:10,KH000113,Mobile Banking,Thanh toán thẻ,2569000,0,Thành công,CN TP Hồ Chí Minh,19676706
GD202602018737,2026-02-22 11:17:17,KH000199,POS,Chuyển khoản đi,28130000,3300,Thành công,CN Bình Dương,237570793
GD202602011168,2026-02-22 11:25:30,KH000118,Mobile Banking,Chuyển khoản đến,7081000,0,Thành công,CN Thanh Xuân,38372206
GD202602002522,2026-02-22 11:29:28,KH000024,ATM,Chuyển khoản đến,797000,1100,Thành công,CN Hải Phòng,44664123
GD202602014143,2026-02-22 11:42:06,KH000150,QR Code,Thanh toán thẻ,14296000,0,Thành công,CN TP Hồ Chí Minh,38362198
GD202602009645,2026-02-22 11:59:07,KH000098,Internet Banking,Thanh toán thẻ,582000,0,Thành công,CN Cần Thơ,16182325
GD202602000108,2026-02-22 12:11:22,KH000004,POS,Nộp tiền mặt,14592000,1100,Thành công,CN Bình Dương,127848016
GD202602009028,2026-02-22 12:51:30,KH000094,QR Code,Chuyển khoản đến,826000,0,Thành công,CN Quận 1,67030113
GD202602001816,2026-02-22 13:23:30,KH000019,POS,Thanh toán thẻ,933000,1100,Thành công,CN TP Hồ Chí Minh,68914238
GD202602002103,2026-02-22 13:43:54,KH000020,QR Code,Chuyển khoản đi,16270000,0,Thành công,CN Cầu Giấy,34632586
GD202602001817,2026-02-22 14:13:05,KH000019,QR Code,Thanh toán thẻ,3592000,0,Thành công,CN Bình Dương,65322238
GD202602005554,2026-02-22 14:34:22,KH000059,ATM,Chuyển khoản đến,2616000,1100,Thành công,CN Thanh Xuân,58496520
GD202602010227,2026-02-22 14:45:07,KH000106,Internet Banking,Nộp tiền mặt,1280000,0,Thành công,CN Cầu Giấy,28250630
GD202602004826,2026-02-22 14:51:02,KH000052,Internet Banking,Thanh toán thẻ,120000,0,Thành công,CN Hải Phòng,223306
GD202602006950,2026-02-22 15:05:01,KH000074,Mobile Banking,Nộp tiền mặt,426000,0,Thành công,CN Cầu Giấy,33456577
GD202602018059,2026-02-22 15:24:07,KH000191,Internet Banking,Thanh toán thẻ,7170000,0,Thành công,CN Bình Dương,22607412
GD202602003968,2026-02-22 15:36:18,KH000039,Internet Banking,Thanh toán thẻ,2190000,0,Thành công,CN TP Hồ Chí Minh,54940122
GD202602014783,2026-02-22 15:41:54,KH000157,Mobile Banking,Chuyển khoản đến,792000,0,Thành công,CN Bình Dương,12508223
GD202602000964,2026-02-22 15:43:36,KH000013,Mobile Banking,Thanh toán hóa đơn,4644000,0,Thành công,CN Bình Dương,115324738
GD202602011732,2026-02-22 15:44:38,KH000125,POS,Thanh toán thẻ,351000,3300,Thành công,CN Thanh Xuân,1664336
GD202602006538,2026-02-22 15:46:11,KH000066,Mobile Banking,Chuyển khoản đi,4255000,0,Thành công,CN Bình Dương,121979161
GD202602000012,2026-02-22 15:46:45,KH000001,POS,Nạp tiền điện thoại,22168000,5500,Thành công,CN Cần Thơ,67517021
GD202602013740,2026-02-22 15:56:21,KH000144,QR Code,Rút tiền mặt,2342000,0,Thành công,CN Đà Nẵng,8496617
GD202602014387,2026-02-22 16:13:12,KH000153,QR Code,Nộp tiền mặt,2142000,0,Thành công,CN Thanh Xuân,10145341
GD202602005170,2026-02-22 16:25:14,KH000054,ATM,Chuyển khoản đi,1793000,5500,Thất bại,CN Thanh Xuân,14020882
GD202602016220,2026-02-22 16:26:42,KH000176,QR Code,Thanh toán thẻ,301000,0,Thành công,CN Quận 1,22171390
GD202602008100,2026-02-22 16:36:30,KH000083,Mobile Banking,Nộp tiền mặt,312000,0,Thành công,CN Hoàn Kiếm,23063280
GD202602010560,2026-02-22 17:01:20,KH000111,Mobile Banking,Nạp tiền điện thoại,26879000,0,Thành công,CN Quận 1,460266745
GD202602010413,2026-02-22 17:01:44,KH000109,Internet Banking,Thanh toán hóa đơn,3606000,0,Thành công,CN TP Hồ Chí Minh,27477229
GD202602002613,2026-02-22 17:09:51,KH000025,Internet Banking,Thanh toán thẻ,84000,0,Thành công,CN Cầu Giấy,79531
GD202602005778,2026-02-22 17:19:54,KH000061,Internet Banking,Thanh toán thẻ,600000,0,Thành công,CN Cần Thơ,32156953
GD202602008461,2026-02-22 17:22:22,KH000086,POS,Nộp tiền mặt,39404000,1100,Thành công,CN Cần Thơ,169351161
GD202602002298,2026-02-22 17:51:26,KH000021,Mobile Banking,Nạp tiền điện thoại,420000,0,Thành công,CN Hải Phòng,26470548
GD202602013427,2026-02-22 18:19:34,KH000139,POS,Thanh toán thẻ,1972000,3300,Thành công,CN TP Hồ Chí Minh,25848507
GD202602009487,2026-02-22 18:26:31,KH000097,POS,Thanh toán thẻ,459000,3300,Thành công,CN Cầu Giấy,23292649
GD202602017207,2026-02-22 18:28:02,KH000183,Internet Banking,Chuyển khoản đi,1106000,0,Thành công,CN Đà Nẵng,14914848
GD202602000249,2026-02-22 18:39:06,KH000006,POS,Thanh toán thẻ,13342000,3300,Thành công,CN Hải Phòng,30687866
GD202602018382,2026-02-22 18:47:15,KH000195,QR Code,Chuyển khoản đến,29026000,0,Thành công,CN Cần Thơ,268611717
GD202602012581,2026-02-22 19:00:56,KH000131,QR Code,Thanh toán thẻ,2250000,0,Thành công,CN Cần Thơ,35365180
GD202602000248,2026-02-22 19:11:57,KH000006,POS,Thanh toán thẻ,3097000,3300,Thành công,CN Quận 1,44033166
GD202602009308,2026-02-22 19:14:53,KH000096,QR Code,Thanh toán thẻ,8389000,0,Thành công,CN Cầu Giấy,48218516
GD202602006667,2026-02-22 19:46:33,KH000068,Quầy giao dịch,Nộp tiền mặt,14858000,5500,Thành công,CN TP Hồ Chí Minh,91055789
GD202602014630,2026-02-22 19:54:25,KH000154,Internet Banking,Chuyển khoản đến,1344000,0,Thành công,CN Quận 1,24348594
GD202602008206,2026-02-22 20:08:48,KH000084,QR Code,Thanh toán thẻ,1358000,0,Thành công,CN Hải Phòng,15511257
GD202602005390,2026-02-22 20:24:28,KH000057,Mobile Banking,Chuyển khoản đến,38082000,0,Thành công,CN TP Hồ Chí Minh,175359216
GD202602001441,2026-02-22 20:33:39,KH000016,Internet Banking,Thanh toán thẻ,141000,0,Thành công,CN Cần Thơ,565807
GD202602017873,2026-02-22 20:40:58,KH000189,Internet Banking,Thanh toán thẻ,249000,0,Thành công,CN TP Hồ Chí Minh,619596261
GD202602005777,2026-02-22 21:02:33,KH000061,POS,Thanh toán thẻ,848000,5500,Thành công,CN Thanh Xuân,32756953
GD202602009029,2026-02-22 21:11:36,KH000094,Internet Banking,Thanh toán hóa đơn,2004000,0,Thành công,CN TP Hồ Chí Minh,65026113
GD202602000882,2026-02-22 21:15:17,KH000012,POS,Thanh toán thẻ,1493000,1100,Thành công,CN Hải Phòng,48349949
GD202602014021,2026-02-22 21:20:34,KH000148,Mobile Banking,Chuyển khoản đến,216000,0,Thành công,CN Hải Phòng,26869316
GD202602009307,2026-02-22 22:08:33,KH000096,POS,Thanh toán thẻ,743000,5500,Thành công,CN Hải Phòng,56607516
GD202602002889,2026-02-22 22:11:10,KH000027,QR Code,Thanh toán thẻ,317000,0,Thành công,CN Đà Nẵng,66151602
GD202602014388,2026-02-22 22:17:25,KH000153,Internet Banking,Chuyển khoản đến,2299000,0,Thành công,CN Thanh Xuân,12444341
GD202602011046,2026-02-22 22:17:49,KH000117,Mobile Banking,Chuyển khoản đi,561000,0,Thành công,CN Hoàn Kiếm,30894860
GD202602000043,2026-02-22 22:50:36,KH000002,ATM,Chuyển khoản đi,2147000,5500,Thành công,CN TP Hồ Chí Minh,55341171
GD202602012381,2026-02-23 06:54:56,KH000129,QR Code,Thanh toán hóa đơn,401000,0,Thành công,CN Hải Phòng,1031648
GD202602014784,2026-02-23 06:59:24,KH000157,Mobile Banking,Thanh toán thẻ,826000,0,Thành công,CN Bình Dương,11682223
GD202602015573,2026-02-23 07:02:21,KH000169,ATM,Thanh toán hóa đơn,125000,5500,Thành công,CN Đà Nẵng,59803400
GD202602007950,2026-02-23 07:05:58,KH000082,QR Code,Chuyển khoản đến,3914000,0,Thành công,CN Đà Nẵng,53752726
GD202602011668,2026-02-23 07:18:40,KH000124,QR Code,Rút tiền mặt,8773000,0,Thành công,CN Thanh Xuân,56418138
GD202602006712,2026-02-23 07:19:24,KH000069,ATM,Nộp tiền mặt,3571000,1100,Thành công,CN Hoàn Kiếm,63085323
GD202602016901,2026-02-23 07:26:10,KH000182,Internet Banking,Thanh toán thẻ,2011000,0,Thành công,CN Cần Thơ,3741846
GD202602000585,2026-02-23 07:30:00,KH000010,QR Code,Nạp tiền điện thoại,367000,0,Thành công,CN Hải Phòng,2285338
GD202602002614,2026-02-23 08:09:10,KH000025,Internet Banking,Nạp tiền điện thoại,164000,0,Thành công,CN Thanh Xuân,161531
GD202602012019,2026-02-23 08:18:17,KH000127,QR Code,Nộp tiền mặt,923000,0,Thành công,CN Cầu Giấy,7492517
GD202602007596,2026-02-23 08:36:01,KH000079,QR Code,Thanh toán thẻ,934000,0,Thành công,CN Hoàn Kiếm,4720140
GD202602011670,2026-02-23 08:52:39,KH000124,ATM,Chuyển khoản đến,8873000,1100,Thành công,CN Hoàn Kiếm,77950138
GD202602009646,2026-02-23 09:08:08,KH000098,ATM,Thanh toán hóa đơn,147000,0,Thành công,CN Quận 1,16035325
GD202602001084,2026-02-23 09:09:43,KH000014,Internet Banking,Chuyển khoản đi,705000,0,Thành công,CN Quận 1,11248639
GD202602018384,2026-02-23 09:39:04,KH000195,Internet Banking,Thanh toán thẻ,61575000,0,Thành công,CN Đà Nẵng,137502717
GD202602010685,2026-02-23 09:56:59,KH000113,QR Code,Nộp tiền mặt,7717000,0,Thành công,CN Cần Thơ,31820706
GD202602018385,2026-02-23 10:08:56,KH000195,Internet Banking,Thanh toán thẻ,599000,0,Thành công,CN Cần Thơ,136903717
GD202602015269,2026-02-23 10:29:42,KH000163,Internet Banking,Rút tiền mặt,3551000,0,Thành công,CN Bình Dương,67858697
GD202602010414,2026-02-23 10:47:21,KH000109,POS,Thanh toán thẻ,4214000,1100,Thành công,CN Cầu Giấy,23262129
GD202602003855,2026-02-23 11:02:50,KH000038,Internet Banking,Thanh toán hóa đơn,1669000,0,Thành công,CN Cần Thơ,80969747
GD202602013150,2026-02-23 11:08:20,KH000136,QR Code,Chuyển khoản đến,2370000,0,Thành công,CN Hải Phòng,102992217
GD202602003392,2026-02-23 12:25:11,KH000032,POS,Thanh toán hóa đơn,100000,1100,Thành công,CN TP Hồ Chí Minh,23805866
GD202602006116,2026-02-23 13:03:06,KH000063,POS,Thanh toán thẻ,425000,0,Thành công,CN Thanh Xuân,33086025
GD202602014861,2026-02-23 13:20:32,KH000158,Internet Banking,Thanh toán hóa đơn,15470000,0,Thành công,CN Hoàn Kiếm,71955059
GD202602011565,2026-02-23 13:36:09,KH000121,Internet Banking,Chuyển khoản đến,638000,0,Thành công,CN Bình Dương,8745149
GD202602003192,2026-02-23 13:41:22,KH000029,POS,Thanh toán thẻ,6586000,1100,Thành công,CN Cần Thơ,24911576
GD202602011669,2026-02-23 13:57:11,KH000124,Quầy giao dịch,Nộp tiền mặt,12659000,0,Thành công,CN Cần Thơ,69077138
GD202602008820,2026-02-23 14:02:55,KH000092,Mobile Banking,Chuyển khoản đến,415000,0,Thành công,CN Hoàn Kiếm,18844552
GD202602003025,2026-02-23 14:25:45,KH000028,QR Code,Nộp tiền mặt,921000,0,Thành công,CN Hoàn Kiếm,34113625
GD202602013704,2026-02-23 14:47:08,KH000143,QR Code,Chuyển khoản đến,707000,0,Thành công,CN Thanh Xuân,29483205
GD202602016902,2026-02-23 14:48:27,KH000182,Internet Banking,Thanh toán hóa đơn,618000,0,Thành công,CN Bình Dương,3123846
GD202602008821,2026-02-23 14:49:55,KH000092,Mobile Banking,Thanh toán hóa đơn,313000,0,Thành công,CN Hải Phòng,18531552
GD202602002417,2026-02-23 14:56:23,KH000023,QR Code,Thanh toán hóa đơn,10568000,0,Thành công,CN TP Hồ Chí Minh,27330067
GD202602000044,2026-02-23 15:10:33,KH000002,Quầy giao dịch,Thanh toán hóa đơn,2333000,1100,Thành công,CN Hải Phòng,53007071
GD202602010684,2026-02-23 15:23:36,KH000113,POS,Chuyển khoản đến,4427000,3300,Thành công,CN Hải Phòng,24103706
GD202602000142,2026-02-23 15:26:28,KH000005,Mobile Banking,Nộp tiền mặt,20245000,0,Thành công,CN Hoàn Kiếm,131867130
GD202602013743,2026-02-23 15:36:10,KH000144,QR Code,Rút tiền mặt,2343000,0,Thành công,CN Hải Phòng,4617517
GD202602012018,2026-02-23 15:43:43,KH000127,ATM,Nộp tiền mặt,1427000,3300,Thành công,CN Đà Nẵng,6569517
GD202602010796,2026-02-23 15:47:18,KH000114,Mobile Banking,Thanh toán thẻ,233000,0,Thành công,CN Quận 1,51658001
GD202602013572,2026-02-23 16:08:47,KH000142,QR Code,Thanh toán thẻ,14028000,0,Thành công,CN Quận 1,34890611
GD202602013079,2026-02-23 16:19:06,KH000134,POS,Thanh toán thẻ,3551000,1100,Thành công,CN Cần Thơ,10829662
GD202602014278,2026-02-23 16:25:45,KH000152,Mobile Banking,Chuyển khoản đến,2031000,0,Thành công,CN Cần Thơ,85449000
GD202602018789,2026-02-23 16:45:03,KH000200,Internet Banking,Nạp tiền điện thoại,963000,0,Thành công,CN Bình Dương,3860077
GD202602010228,2026-02-23 16:58:18,KH000106,Internet Banking,Thanh toán thẻ,93000,0,Thành công,CN TP Hồ Chí Minh,28157630
GD202602017678,2026-02-23 17:36:07,KH000187,QR Code,Thanh toán thẻ,556000,0,Thành công,CN Hải Phòng,12037509
GD202602005391,2026-02-23 17:37:24,KH000057,Internet Banking,Thanh toán thẻ,52029000,0,Thành công,CN TP Hồ Chí Minh,123330216
GD202602001645,2026-02-23 17:39:02,KH000017,Internet Banking,Nạp tiền điện thoại,625000,0,Thành công,CN Thanh Xuân,23040542
GD202602005494,2026-02-23 17:44:48,KH000058,Quầy giao dịch,Rút tiền mặt,12570000,0,Thành công,CN Cầu Giấy,81243168
GD202602010797,2026-02-23 17:45:14,KH000114,POS,Rút tiền mặt,304000,3300,Thành công,CN Hoàn Kiếm,51350701
GD202602016443,2026-02-23 17:54:38,KH000177,Mobile Banking,Thanh toán thẻ,33443000,0,Thành công,CN Hoàn Kiếm,173063805
GD202602012582,2026-02-23 18:15:09,KH000131,POS,Thanh toán thẻ,3383000,0,Thành công,CN Đà Nẵng,31982180
GD202602011733,2026-02-23 18:28:23,KH000125,POS,Thanh toán thẻ,499000,0,Thành công,CN Hải Phòng,1165336
GD202602005265,2026-02-23 18:42:32,KH000056,QR Code,Nộp tiền mặt,2360000,0,Thành công,CN Quận 1,76070159
GD202602011170,2026-02-23 18:44:12,KH000118,Internet Banking,Chuyển khoản đi,1886000,0,Thành công,CN Hoàn Kiếm,29737706
GD202602015574,2026-02-23 18:44:20,KH000169,POS,Chuyển khoản đi,2370000,0,Thành công,CN Bình Dương,57433400
GD202602004656,2026-02-23 18:56:03,KH000050,Mobile Banking,Chuyển khoản đi,616000,0,Thành công,CN Cần Thơ,10847584
GD202602004129,2026-02-23 19:01:49,KH000041,Internet Banking,Thanh toán thẻ,2875000,0,Thành công,CN Quận 1,128092384
GD202602004022,2026-02-23 19:17:14,KH000040,QR Code,Nạp tiền điện thoại,7137000,0,Thành công,CN TP Hồ Chí Minh,35511237
GD202602017677,2026-02-23 19:21:18,KH000187,ATM,Nạp tiền điện thoại,3358000,0,Thất bại,CN Đà Nẵng,12593509
GD202602011734,2026-02-23 19:54:33,KH000125,Mobile Banking,Nộp tiền mặt,272000,0,Thành công,CN Thanh Xuân,1437336
GD202602013742,2026-02-23 20:27:21,KH000144,POS,Thanh toán thẻ,2263000,1100,Thành công,CN Bình Dương,6960517
GD202602012262,2026-02-23 20:33:31,KH000128,QR Code,Rút tiền mặt,68000,0,Thành công,CN TP Hồ Chí Minh,18301774
GD202602015091,2026-02-23 20:47:37,KH000162,QR Code,Chuyển khoản đến,479000,0,Thành công,CN TP Hồ Chí Minh,6074503
GD202602017831,2026-02-23 20:56:46,KH000188,Quầy giao dịch,Thanh toán hóa đơn,50766000,1100,Thành công,CN Quận 1,207008134
GD202602013512,2026-02-23 20:58:43,KH000141,Internet Banking,Rút tiền mặt,2847000,0,Thành công,CN Cần Thơ,14770079
GD202602004023,2026-02-23 21:12:46,KH000040,QR Code,Nộp tiền mặt,4511000,0,Thành công,CN Đà Nẵng,40022237
GD202602009488,2026-02-23 21:14:27,KH000097,Mobile Banking,Thanh toán thẻ,920000,0,Thành công,CN Hoàn Kiếm,22372649
GD202602003391,2026-02-23 21:16:03,KH000032,Mobile Banking,Rút tiền mặt,53000,0,Thành công,CN Cầu Giấy,23906966
GD202602002104,2026-02-23 21:25:49,KH000020,QR Code,Chuyển khoản đến,127000,0,Thành công,CN Quận 1,34759586
GD202602004827,2026-02-23 22:09:31,KH000052,Quầy giao dịch,Chuyển khoản đến,55000,0,Thành công,CN Đà Nẵng,278306
GD202602005556,2026-02-23 22:19:04,KH000059,Internet Banking,Thanh toán thẻ,15860000,0,Thành công,CN Cần Thơ,32325520
GD202602000250,2026-02-23 22:35:52,KH000006,Mobile Banking,Nạp tiền điện thoại,5784000,0,Thành công,CN TP Hồ Chí Minh,24903866
GD202602001693,2026-02-23 22:46:24,KH000018,QR Code,Chuyển khoản đi,348000,0,Thành công,CN Hoàn Kiếm,34175685
GD202602011671,2026-02-24 06:12:08,KH000124,POS,Thanh toán thẻ,1880000,3300,Thành công,CN Cầu Giấy,76066838
GD202602014632,2026-02-24 06:25:12,KH000154,Quầy giao dịch,Nộp tiền mặt,1678000,5500,Thành công,CN Đà Nẵng,26737594
GD202602011171,2026-02-24 06:36:43,KH000118,Mobile Banking,Rút tiền mặt,10262000,0,Thành công,CN Đà Nẵng,19475706
GD202602006117,2026-02-24 06:43:07,KH000063,POS,Thanh toán thẻ,206000,1100,Thành công,CN TP Hồ Chí Minh,32878925
GD202602013513,2026-02-24 06:56:40,KH000141,QR Code,Nộp tiền mặt,2147000,0,Thành công,CN Cầu Giấy,16917079
GD202602015270,2026-02-24 07:05:34,KH000163,QR Code,Chuyển khoản đi,2704000,0,Thành công,CN Quận 1,65154697
GD202602010327,2026-02-24 07:07:39,KH000108,Quầy giao dịch,Nạp tiền điện thoại,374000,0,Thành công,CN Cần Thơ,25722015
GD202602016106,2026-02-24 07:10:28,KH000174,Quầy giao dịch,Chuyển khoản đến,1933000,0,Thành công,CN Thanh Xuân,50860523
GD202602001336,2026-02-24 07:10:53,KH000015,POS,Thanh toán thẻ,81059000,5500,Thành công,CN Cần Thơ,510750486
GD202602015657,2026-02-24 07:14:48,KH000170,ATM,Nạp tiền điện thoại,2313000,5500,Thành công,CN Thanh Xuân,5052453
GD202602007853,2026-02-24 07:31:17,KH000080,QR Code,Rút tiền mặt,3402000,0,Thành công,CN Bình Dương,77545089
GD202602013573,2026-02-24 07:35:46,KH000142,POS,Thanh toán thẻ,607000,1100,Thành công,CN Hải Phòng,34282511
GD202602008463,2026-02-24 07:37:53,KH000086,POS,Nộp tiền mặt,16615000,5500,Thành công,CN Bình Dương,145334161
GD202602012583,2026-02-24 07:40:56,KH000131,Internet Banking,Chuyển khoản đến,5524000,0,Thành công,CN Hoàn Kiếm,37506180
GD202602007884,2026-02-24 07:45:07,KH000081,Quầy giao dịch,Nạp tiền điện thoại,51849000,5500,Thành công,CN Hải Phòng,127415959
GD202602018598,2026-02-24 07:58:53,KH000197,POS,Thanh toán hóa đơn,18660000,5500,Thành công,CN Thanh Xuân,211085256
GD202602008770,2026-02-24 08:03:54,KH000091,QR Code,Nộp tiền mặt,17292000,0,Thành công,CN TP Hồ Chí Minh,86461841
GD202602013107,2026-02-24 08:46:45,KH000135,Mobile Banking,Nạp tiền điện thoại,64869000,0,Thành công,CN TP Hồ Chí Minh,371420376
GD202602016903,2026-02-24 08:58:40,KH000182,QR Code,Chuyển khoản đến,731000,0,Thành công,CN Cầu Giấy,3854846
GD202602017209,2026-02-24 09:00:54,KH000183,QR Code,Thanh toán hóa đơn,4073000,0,Thành công,CN Hoàn Kiếm,10639748
GD202602008665,2026-02-24 09:11:02,KH000088,POS,Thanh toán thẻ,1717000,3300,Thành công,CN Hoàn Kiếm,6911067
GD202602001085,2026-02-24 09:11:56,KH000014,POS,Thanh toán thẻ,1486000,1100,Thành công,CN TP Hồ Chí Minh,9761539
GD202602013261,2026-02-24 09:18:56,KH000137,Internet Banking,Rút tiền mặt,1240000,0,Thành công,CN Quận 1,17994764
GD202602007599,2026-02-24 09:31:54,KH000079,QR Code,Thanh toán thẻ,269000,0,Thành công,CN Cần Thơ,5044140
GD202602009259,2026-02-24 09:33:15,KH000095,POS,Chuyển khoản đi,3867000,0,Thành công,CN Bình Dương,15204127
GD202602003394,2026-02-24 09:52:51,KH000032,Internet Banking,Thanh toán thẻ,57000,0,Thành công,CN Thanh Xuân,23855866
GD202602005780,2026-02-24 10:00:59,KH000061,Mobile Banking,Thanh toán hóa đơn,1731000,0,Thành công,CN Bình Dương,31876953
GD202602009030,2026-02-24 10:10:41,KH000094,QR Code,Chuyển khoản đi,1945000,0,Thành công,CN Quận 1,63081113
GD202602004828,2026-02-24 10:28:25,KH000052,POS,Thanh toán thẻ,131000,0,Thành công,CN Cần Thơ,147306
GD202602000965,2026-02-24 10:40:40,KH000013,POS,Nộp tiền mặt,25246000,1100,Thành công,CN Hải Phòng,140570738
GD202602013108,2026-02-24 10:45:33,KH000135,QR Code,Rút tiền mặt,30006000,0,Thành công,CN Bình Dương,341414376
GD202602004829,2026-02-24 10:54:37,KH000052,POS,Thanh toán thẻ,155000,3300,Thành công,CN Bình Dương,221506
GD202602011672,2026-02-24 11:30:11,KH000124,QR Code,Rút tiền mặt,13595000,0,Thành công,CN Quận 1,62471838
GD202602003194,2026-02-24 11:44:18,KH000029,Internet Banking,Chuyển khoản đi,1507000,0,Thành công,CN Đà Nẵng,15623276
GD202602010008,2026-02-24 11:45:11,KH000104,Internet Banking,Thanh toán thẻ,2799000,0,Thành công,CN Cầu Giấy,39579528
GD202602014390,2026-02-24 11:46:09,KH000153,QR Code,Chuyển khoản đi,2487000,0,Thành công,CN Cần Thơ,11560341
GD202602003393,2026-02-24 11:58:49,KH000032,Internet Banking,Chuyển khoản đến,107000,0,Thành công,CN Cần Thơ,23912866
GD202602010007,2026-02-24 12:04:49,KH000104,QR Code,Thanh toán thẻ,2211000,0,Thành công,CN Bình Dương,42378528
GD202602003523,2026-02-24 12:07:36,KH000033,Internet Banking,Thanh toán thẻ,1061000,0,Thành công,CN Cần Thơ,30367913
GD202602003026,2026-02-24 12:18:29,KH000028,QR Code,Nộp tiền mặt,1487000,0,Thành công,CN Thanh Xuân,35600625
GD202602009895,2026-02-24 12:22:59,KH000102,Internet Banking,Chuyển khoản đến,29238000,0,Thành công,CN Cầu Giấy,251405446
GD202602007268,2026-02-24 12:34:09,KH000077,QR Code,Nộp tiền mặt,1659000,0,Thành công,CN Thanh Xuân,12960249
GD202602008207,2026-02-24 13:13:35,KH000084,QR Code,Thanh toán thẻ,2217000,0,Thất bại,CN Thanh Xuân,15511257
GD202602007267,2026-02-24 13:29:18,KH000077,Mobile Banking,Chuyển khoản đến,2456000,0,Thành công,CN Cần Thơ,11301249
GD202602017874,2026-02-24 13:38:30,KH000189,QR Code,Nộp tiền mặt,60998000,0,Thành công,CN Hoàn Kiếm,680594261
GD202602007159,2026-02-24 14:24:40,KH000075,Internet Banking,Thanh toán thẻ,1111000,0,Thành công,CN Bình Dương,59880887
GD202602010006,2026-02-24 15:34:53,KH000104,Internet Banking,Thanh toán hóa đơn,1808000,0,Thành công,CN TP Hồ Chí Minh,44589528
GD202602017208,2026-02-24 15:42:46,KH000183,POS,Thanh toán thẻ,201000,1100,Thành công,CN Hải Phòng,14712748
GD202602008769,2026-02-24 15:57:43,KH000091,POS,Thanh toán thẻ,2407000,5500,Thành công,CN Quận 1,69169841
GD202602005266,2026-02-24 16:19:15,KH000056,QR Code,Rút tiền mặt,3780000,0,Thành công,CN Hải Phòng,72290159
GD202602015531,2026-02-24 16:44:55,KH000168,Mobile Banking,Chuyển khoản đến,16712000,0,Thành công,CN Bình Dương,69443100
GD202602015575,2026-02-24 16:54:33,KH000169,Mobile Banking,Nạp tiền điện thoại,6532000,0,Thành công,CN Thanh Xuân,50901400
GD202602001443,2026-02-24 17:06:00,KH000016,Internet Banking,Thanh toán thẻ,197000,0,Thành công,CN Quận 1,223807
GD202602008462,2026-02-24 17:09:06,KH000086,QR Code,Thanh toán thẻ,40632000,0,Thành công,CN Hoàn Kiếm,128719161
GD202602005219,2026-02-24 17:10:22,KH000055,QR Code,Nộp tiền mặt,863000,0,Thành công,CN Hải Phòng,9266587
GD202602014279,2026-02-24 17:27:16,KH000152,POS,Thanh toán thẻ,417000,5500,Thành công,CN Thanh Xuân,85026500
GD202602001442,2026-02-24 17:44:54,KH000016,POS,Thanh toán thẻ,145000,0,Thành công,CN Cần Thơ,420807
GD202602010415,2026-02-24 17:53:04,KH000109,POS,Thanh toán thẻ,161000,1100,Thành công,CN Thanh Xuân,23100029
GD202602013371,2026-02-24 18:06:05,KH000138,QR Code,Nộp tiền mặt,9047000,0,Thành công,CN Bình Dương,46580619
GD202602011735,2026-02-24 18:14:53,KH000125,QR Code,Thanh toán thẻ,346000,0,Thành công,CN Cần Thơ,1091336
GD202602014631,2026-02-24 18:14:54,KH000154,Mobile Banking,Nộp tiền mặt,711000,0,Thành công,CN Cầu Giấy,25059594
GD202602010798,2026-02-24 19:09:07,KH000114,QR Code,Thanh toán thẻ,1331000,0,Thành công,CN Bình Dương,50019701
GD202602000586,2026-02-24 19:19:55,KH000010,POS,Thanh toán thẻ,528000,5500,Thành công,CN Hải Phòng,1751838
GD202602001335,2026-02-24 19:30:00,KH000015,QR Code,Nạp tiền điện thoại,35596000,0,Thành công,CN Cầu Giấy,591814986
GD202602007598,2026-02-24 19:51:47,KH000079,POS,Thanh toán thẻ,315000,0,Thành công,CN Cần Thơ,5313140
GD202602007951,2026-02-24 19:54:04,KH000082,QR Code,Thanh toán thẻ,4514000,0,Thất bại,CN Cần Thơ,53752726
GD202602014785,2026-02-24 20:43:54,KH000157,Quầy giao dịch,Nạp tiền điện thoại,1910000,0,Thành công,CN TP Hồ Chí Minh,9772223
GD202602000306,2026-02-24 20:53:38,KH000007,Quầy giao dịch,Nạp tiền điện thoại,202000,5500,Thành công,CN Hải Phòng,180825247
GD202602003193,2026-02-24 20:54:06,KH000029,POS,Thanh toán thẻ,7778000,3300,Thành công,CN Cần Thơ,17130276
GD202602007597,2026-02-24 20:56:56,KH000079,QR Code,Chuyển khoản đến,908000,0,Thành công,CN Hoàn Kiếm,5628140
GD202602009031,2026-02-24 21:04:22,KH000094,POS,Thanh toán thẻ,2434000,3300,Thành công,CN Hoàn Kiếm,60643813
GD202602002299,2026-02-24 21:14:10,KH000021,Mobile Banking,Thanh toán hóa đơn,1106000,0,Thành công,CN Hoàn Kiếm,25364548
GD202602017600,2026-02-24 21:23:00,KH000186,QR Code,Chuyển khoản đến,4214000,0,Thành công,CN Cần Thơ,29133599
GD202602016758,2026-02-24 21:38:51,KH000181,POS,Thanh toán hóa đơn,1496000,5500,Thành công,CN Hải Phòng,6729720
GD202602018321,2026-02-24 21:59:37,KH000194,QR Code,Thanh toán thẻ,2055000,0,Thành công,CN Cầu Giấy,7995409
GD202602017601,2026-02-24 22:08:21,KH000186,QR Code,Nộp tiền mặt,2618000,0,Thành công,CN TP Hồ Chí Minh,31751599
GD202602014389,2026-02-24 22:09:41,KH000153,Internet Banking,Nộp tiền mặt,1603000,0,Thành công,CN Bình Dương,14047341
GD202602005557,2026-02-24 22:19:49,KH000059,QR Code,Rút tiền mặt,318000,0,Thành công,CN Cần Thơ,32007520
GD202602014280,2026-02-24 22:43:03,KH000152,Internet Banking,Thanh toán thẻ,1654000,0,Thành công,CN Đà Nẵng,83372500
GD202602015658,2026-02-24 22:44:50,KH000170,Mobile Banking,Chuyển khoản đến,402000,0,Thành công,CN Quận 1,5454453
GD202602005781,2026-02-24 22:55:23,KH000061,POS,Thanh toán thẻ,2002000,0,Thành công,CN Đà Nẵng,29874953
GD202602011737,2026-02-25 06:05:15,KH000125,QR Code,Chuyển khoản đến,95000,0,Thành công,CN Cầu Giấy,1320336
GD202602017832,2026-02-25 06:10:23,KH000188,Mobile Banking,Chuyển khoản đi,47306000,0,Thành công,CN Quận 1,159702134
GD202602000966,2026-02-25 06:17:00,KH000013,POS,Nộp tiền mặt,23803000,0,Thành công,CN Bình Dương,164373738
GD202602013428,2026-02-25 06:18:22,KH000139,Mobile Banking,Nạp tiền điện thoại,7647000,0,Thành công,CN Bình Dương,18201507
GD202602008822,2026-02-25 06:39:32,KH000092,Mobile Banking,Thanh toán thẻ,4395000,0,Thành công,CN TP Hồ Chí Minh,14136552
GD202602002850,2026-02-25 07:37:22,KH000026,POS,Thanh toán thẻ,1423000,1100,Thành công,CN Hoàn Kiếm,7102022
GD202602014282,2026-02-25 08:10:15,KH000152,Mobile Banking,Nộp tiền mặt,3428000,0,Thành công,CN Quận 1,84529500
GD202602004175,2026-02-25 08:21:19,KH000042,Internet Banking,Nộp tiền mặt,2381000,0,Thành công,CN Hoàn Kiếm,31225028
GD202602016221,2026-02-25 08:25:14,KH000176,QR Code,Chuyển khoản đến,395000,0,Thành công,CN Hải Phòng,22566390
GD202602009260,2026-02-25 08:34:28,KH000095,QR Code,Chuyển khoản đi,4996000,0,Thành công,CN Hải Phòng,10208127
GD202602012021,2026-02-25 08:57:20,KH000127,QR Code,Chuyển khoản đến,747000,0,Thành công,CN Quận 1,6113017
GD202602018060,2026-02-25 09:10:13,KH000191,QR Code,Nộp tiền mặt,2430000,0,Thành công,CN Thanh Xuân,25037412
GD202602014786,2026-02-25 09:13:03,KH000157,ATM,Chuyển khoản đi,2228000,3300,Thành công,CN Thanh Xuân,7540923
GD202602013744,2026-02-25 09:27:01,KH000144,Mobile Banking,Thanh toán thẻ,694000,0,Thành công,CN Hải Phòng,3923517
GD202602003027,2026-02-25 09:33:27,KH000028,Mobile Banking,Chuyển khoản đi,321000,0,Thành công,CN Hải Phòng,35279625
GD202602012584,2026-02-25 10:19:28,KH000131,Mobile Banking,Thanh toán thẻ,2440000,0,Thành công,CN Quận 1,35066180
GD202602018738,2026-02-25 10:25:49,KH000199,Quầy giao dịch,Chuyển khoản đi,23187000,0,Thành công,CN Cần Thơ,214383793
GD202602010229,2026-02-25 10:32:10,KH000106,ATM,Nạp tiền điện thoại,1361000,3300,Thành công,CN Cần Thơ,26793330
GD202602001087,2026-02-25 11:01:35,KH000014,Mobile Banking,Nộp tiền mặt,1228000,0,Thành công,CN Bình Dương,9307439
GD202602013151,2026-02-25 11:12:17,KH000136,QR Code,Rút tiền mặt,14145000,0,Thành công,CN Hải Phòng,88847217
GD202602001818,2026-02-25 11:22:26,KH000019,Internet Banking,Thanh toán thẻ,3650000,0,Thành công,CN Cần Thơ,61672238
GD202602003856,2026-02-25 11:27:22,KH000038,Internet Banking,Rút tiền mặt,894000,0,Thành công,CN Quận 1,80075747
GD202602018698,2026-02-25 11:32:48,KH000198,POS,Nộp tiền mặt,2565000,1100,Thất bại,CN Cần Thơ,30420588
GD202602017524,2026-02-25 11:55:49,KH000185,Quầy giao dịch,Nạp tiền điện thoại,1296000,0,Thành công,CN TP Hồ Chí Minh,35246250
GD202602016905,2026-02-25 12:10:58,KH000182,QR Code,Thanh toán thẻ,117000,0,Thành công,CN TP Hồ Chí Minh,3737846
GD202602015332,2026-02-25 12:22:35,KH000164,Mobile Banking,Rút tiền mặt,137000,0,Thành công,CN Hoàn Kiếm,10643098
GD202602014707,2026-02-25 13:13:15,KH000155,QR Code,Thanh toán thẻ,59958000,0,Thành công,CN Cần Thơ,222418297
GD202602015659,2026-02-25 14:25:53,KH000170,POS,Thanh toán hóa đơn,610000,3300,Thành công,CN Đà Nẵng,4841153
GD202602003525,2026-02-25 14:42:55,KH000033,Mobile Banking,Chuyển khoản đến,2108000,0,Thành công,CN Cầu Giấy,30952913
GD202602013960,2026-02-25 14:52:23,KH000147,POS,Thanh toán thẻ,4892000,5500,Thành công,CN Bình Dương,101293941
GD202602000778,2026-02-25 14:59:14,KH000011,Internet Banking,Thanh toán thẻ,1774000,0,Thành công,CN TP Hồ Chí Minh,68769687
GD202602002300,2026-02-25 15:27:47,KH000021,QR Code,Chuyển khoản đến,849000,0,Thành công,CN Hải Phòng,26213548
GD202602006850,2026-02-25 16:04:34,KH000072,Quầy giao dịch,Chuyển khoản đến,62000,1100,Thất bại,CN TP Hồ Chí Minh,25297874
GD202602015271,2026-02-25 16:08:14,KH000163,Mobile Banking,Nộp tiền mặt,3586000,0,Thành công,CN Đà Nẵng,68740697
GD202602010909,2026-02-25 16:11:30,KH000115,Mobile Banking,Thanh toán hóa đơn,599000,0,Thành công,CN TP Hồ Chí Minh,42167348
GD202602007269,2026-02-25 16:17:45,KH000077,Internet Banking,Thanh toán thẻ,3284000,0,Thành công,CN Hải Phòng,9676249
GD202602015883,2026-02-25 16:26:42,KH000172,POS,Thanh toán thẻ,959000,5500,Thành công,CN Hoàn Kiếm,2023653
GD202602011736,2026-02-25 16:30:24,KH000125,QR Code,Chuyển khoản đến,134000,0,Thành công,CN Hải Phòng,1225336
GD202602000777,2026-02-25 16:56:00,KH000011,QR Code,Thanh toán hóa đơn,3342000,0,Thành công,CN Thanh Xuân,70543687
GD202602005558,2026-02-25 16:58:44,KH000059,Mobile Banking,Chuyển khoản đến,4530000,0,Thất bại,CN Hải Phòng,32007520
GD202602001086,2026-02-25 17:10:24,KH000014,POS,Thanh toán thẻ,1681000,1100,Thành công,CN Thanh Xuân,8079439
GD202602016536,2026-02-25 17:17:04,KH000178,POS,Thanh toán thẻ,11140000,3300,Thành công,CN Bình Dương,43692652
GD202602000883,2026-02-25 18:39:19,KH000012,Mobile Banking,Thanh toán hóa đơn,1479000,0,Thành công,CN Cầu Giấy,46870949
GD202602000587,2026-02-25 18:47:16,KH000010,Internet Banking,Thanh toán thẻ,388000,0,Thành công,CN Hải Phòng,1363838
GD202602008464,2026-02-25 18:52:44,KH000086,Mobile Banking,Nạp tiền điện thoại,45468000,0,Thành công,CN Cầu Giấy,99866161
GD202602012856,2026-02-25 18:56:02,KH000132,POS,Thanh toán thẻ,2416000,3300,Thành công,CN Thanh Xuân,9362344
GD202602000967,2026-02-25 19:22:51,KH000013,Mobile Banking,Thanh toán thẻ,38962000,0,Thành công,CN Thanh Xuân,125411738
GD202602003395,2026-02-25 19:43:35,KH000032,QR Code,Rút tiền mặt,120000,0,Thành công,CN Cần Thơ,23735866
GD202602009309,2026-02-25 19:58:06,KH000096,Internet Banking,Rút tiền mặt,10205000,0,Thành công,CN Cần Thơ,38013516
GD202602016906,2026-02-25 20:20:16,KH000182,Mobile Banking,Chuyển khoản đến,1287000,0,Thành công,CN Quận 1,5024846
GD202602007207,2026-02-25 20:43:36,KH000076,ATM,Nộp tiền mặt,2889000,5500,Thành công,CN TP Hồ Chí Minh,12348641
GD202602012020,2026-02-25 20:46:04,KH000127,POS,Thanh toán thẻ,2121000,5500,Thành công,CN Cần Thơ,5366017
GD202602009707,2026-02-25 20:50:03,KH000099,Internet Banking,Thanh toán hóa đơn,2252000,0,Thành công,CN TP Hồ Chí Minh,32253051
GD202602012022,2026-02-25 21:06:17,KH000127,POS,Thanh toán thẻ,758000,0,Thành công,CN Hoàn Kiếm,5355017
GD202602014281,2026-02-25 21:23:45,KH000152,Mobile Banking,Thanh toán thẻ,2271000,0,Thành công,CN Hải Phòng,81101500
GD202602005220,2026-02-25 21:32:53,KH000055,Internet Banking,Rút tiền mặt,653000,0,Thành công,CN Cầu Giấy,8613587
GD202602016904,2026-02-25 21:38:10,KH000182,Quầy giao dịch,Nộp tiền mặt,1171000,3300,Thất bại,CN Đà Nẵng,3854846
GD202602003524,2026-02-25 21:40:53,KH000033,Internet Banking,Rút tiền mặt,1523000,0,Thành công,CN Thanh Xuân,28844913
GD202602014391,2026-02-25 21:51:37,KH000153,QR Code,Chuyển khoản đến,304000,0,Thành công,CN Hoàn Kiếm,11864341
GD202602013109,2026-02-25 22:01:57,KH000135,QR Code,Rút tiền mặt,49141000,0,Thành công,CN Đà Nẵng,292273376
GD202602006335,2026-02-25 22:10:01,KH000065,QR Code,Thanh toán hóa đơn,6954000,0,Thành công,CN Đà Nẵng,21698461
GD202602013745,2026-02-26 06:51:59,KH000144,Mobile Banking,Rút tiền mặt,207000,0,Thành công,CN Thanh Xuân,3716517
GD202602007854,2026-02-26 07:19:00,KH000080,Internet Banking,Thanh toán thẻ,3131000,0,Thành công,CN TP Hồ Chí Minh,74414089
GD202602001337,2026-02-26 07:27:55,KH000015,ATM,Thanh toán hóa đơn,76768000,3300,Thành công,CN Thanh Xuân,433979186
GD202602000013,2026-02-26 07:29:49,KH000001,QR Code,Rút tiền mặt,17347000,0,Thành công,CN Hoàn Kiếm,50170021
GD202602008548,2026-02-26 07:32:52,KH000087,Mobile Banking,Nộp tiền mặt,181000,0,Thành công,CN Hải Phòng,801126
GD202602010992,2026-02-26 07:45:53,KH000116,Internet Banking,Thanh toán thẻ,15075000,0,Thành công,CN Đà Nẵng,90831685
GD202602005560,2026-02-26 07:47:45,KH000059,QR Code,Thanh toán thẻ,2920000,0,Thành công,CN Thanh Xuân,35610520
GD202602007270,2026-02-26 08:17:17,KH000077,Quầy giao dịch,Nạp tiền điện thoại,2263000,3300,Thành công,CN Quận 1,7409949
GD202602001444,2026-02-26 08:29:42,KH000016,Mobile Banking,Thanh toán hóa đơn,65000,0,Thành công,CN Đà Nẵng,158807
GD202602011968,2026-02-26 08:29:56,KH000126,QR Code,Thanh toán hóa đơn,1050000,0,Thành công,CN Cầu Giấy,4587199
GD202602008666,2026-02-26 08:49:47,KH000088,QR Code,Thanh toán thẻ,853000,0,Thành công,CN Cầu Giấy,6058067
GD202602017679,2026-02-26 09:25:45,KH000187,Internet Banking,Thanh toán hóa đơn,530000,0,Thành công,CN Thanh Xuân,11507509
GD202602001088,2026-02-26 09:53:01,KH000014,Internet Banking,Nộp tiền mặt,1550000,0,Thành công,CN TP Hồ Chí Minh,10857439
GD202602006851,2026-02-26 10:33:26,KH000072,ATM,Chuyển khoản đi,459000,0,Thành công,CN Đà Nẵng,24838874
GD202602010642,2026-02-26 11:21:07,KH000112,POS,Thanh toán thẻ,2673000,5500,Thành công,CN Hoàn Kiếm,31452270
GD202602009816,2026-02-26 11:33:15,KH000100,Mobile Banking,Thanh toán thẻ,3548000,0,Thành công,CN Bình Dương,40214759
GD202602012024,2026-02-26 11:37:46,KH000127,Mobile Banking,Thanh toán thẻ,1345000,0,Thành công,CN Hải Phòng,2750017
GD202602007885,2026-02-26 11:41:55,KH000081,POS,Chuyển khoản đến,33585000,0,Thành công,CN Hải Phòng,161000959
GD202602009844,2026-02-26 11:44:00,KH000101,POS,Nộp tiền mặt,280000,5500,Thành công,CN Bình Dương,70160671
GD202602013152,2026-02-26 12:08:20,KH000136,QR Code,Nộp tiền mặt,18614000,0,Thành công,CN Hải Phòng,107461217
GD202602003028,2026-02-26 12:29:09,KH000028,POS,Thanh toán thẻ,1775000,5500,Thành công,CN Quận 1,33499125
GD202602011673,2026-02-26 12:52:42,KH000124,Mobile Banking,Thanh toán thẻ,86000,0,Thành công,CN Hoàn Kiếm,62385838
GD202602001694,2026-02-26 13:16:30,KH000018,QR Code,Chuyển khoản đi,1221000,0,Thành công,CN TP Hồ Chí Minh,32954685
GD202602012857,2026-02-26 13:27:24,KH000132,Mobile Banking,Thanh toán hóa đơn,933000,0,Thành công,CN Hải Phòng,8429344
GD202602013429,2026-02-26 13:49:26,KH000139,QR Code,Chuyển khoản đến,2541000,0,Thành công,CN Cần Thơ,20742507
GD202602018061,2026-02-26 14:11:36,KH000191,POS,Thanh toán thẻ,6687000,5500,Thành công,CN Quận 1,18344912
GD202602010230,2026-02-26 14:25:36,KH000106,Quầy giao dịch,Nộp tiền mặt,220000,0,Thành công,CN Cầu Giấy,27013330
GD202602013961,2026-02-26 14:29:50,KH000147,Quầy giao dịch,Nạp tiền điện thoại,135000,5500,Thành công,CN Hoàn Kiếm,101153441
GD202602000356,2026-02-26 15:02:33,KH000008,Internet Banking,Thanh toán thẻ,44975000,0,Thành công,CN Đà Nẵng,272952743
GD202602000969,2026-02-26 15:11:57,KH000013,Internet Banking,Nộp tiền mặt,25050000,0,Thành công,CN Cần Thơ,176085738
GD202602009896,2026-02-26 15:44:05,KH000102,QR Code,Thanh toán thẻ,17794000,0,Thành công,CN Bình Dương,233611446
GD202602001646,2026-02-26 15:46:05,KH000017,POS,Thanh toán thẻ,7511000,0,Thành công,CN Đà Nẵng,15529542
GD202602000968,2026-02-26 15:51:39,KH000013,QR Code,Nộp tiền mặt,25624000,0,Thành công,CN Thanh Xuân,151035738
GD202602007208,2026-02-26 15:54:31,KH000076,QR Code,Chuyển khoản đi,420000,0,Thành công,CN Bình Dương,11928641
GD202602005559,2026-02-26 15:58:12,KH000059,Internet Banking,Nộp tiền mặt,6523000,0,Thành công,CN TP Hồ Chí Minh,38530520
GD202602013262,2026-02-26 16:08:49,KH000137,Mobile Banking,Thanh toán thẻ,3980000,0,Thành công,CN Cần Thơ,14014764
GD202602017210,2026-02-26 16:50:16,KH000183,QR Code,Nạp tiền điện thoại,1188000,0,Thành công,CN Cầu Giấy,9451748
GD202602009032,2026-02-26 17:08:19,KH000094,Internet Banking,Nộp tiền mặt,1265000,0,Thành công,CN Cần Thơ,61908813
GD202602000588,2026-02-26 17:54:10,KH000010,Mobile Banking,Chuyển khoản đến,176000,0,Thành công,CN Thanh Xuân,1539838
GD202602010686,2026-02-26 18:28:28,KH000113,Mobile Banking,Nộp tiền mặt,5849000,0,Thành công,CN Cầu Giấy,37669706
GD202602016444,2026-02-26 18:36:16,KH000177,POS,Thanh toán thẻ,40806000,5500,Thành công,CN Hải Phòng,132252305
GD202602017602,2026-02-26 18:46:50,KH000186,Internet Banking,Thanh toán thẻ,4774000,0,Thành công,CN Thanh Xuân,26977599
GD202602014862,2026-02-26 19:03:47,KH000158,POS,Chuyển khoản đi,11298000,1100,Thành công,CN Hải Phòng,60655959
GD202602018790,2026-02-26 19:11:38,KH000200,POS,Chuyển khoản đi,410000,0,Thành công,CN Thanh Xuân,3450077
GD202602008465,2026-02-26 19:35:09,KH000086,Internet Banking,Chuyển khoản đến,18092000,0,Thành công,CN Cần Thơ,117958161
GD202602008208,2026-02-26 19:40:10,KH000084,Internet Banking,Chuyển khoản đến,378000,0,Thành công,CN Thanh Xuân,15889257
GD202602012585,2026-02-26 19:59:36,KH000131,QR Code,Nộp tiền mặt,3580000,0,Thành công,CN Đà Nẵng,38646180
GD202602006668,2026-02-26 20:02:59,KH000068,POS,Nộp tiền mặt,27116000,3300,Thành công,CN TP Hồ Chí Minh,118171789
GD202602012023,2026-02-26 20:07:08,KH000127,Mobile Banking,Rút tiền mặt,1260000,0,Thành công,CN Cần Thơ,4095017
GD202602002615,2026-02-26 20:45:09,KH000025,ATM,Thanh toán hóa đơn,72000,1100,Thành công,CN Cần Thơ,88431
GD202602005782,2026-02-26 21:15:16,KH000061,Internet Banking,Nộp tiền mặt,1329000,0,Thành công,CN Cần Thơ,31203953
GD202602013430,2026-02-26 21:34:46,KH000139,QR Code,Chuyển khoản đi,6983000,0,Thành công,CN Hải Phòng,13759507
GD202602003195,2026-02-26 21:43:07,KH000029,POS,Thanh toán thẻ,2131000,0,Thành công,CN Bình Dương,13492276
GD202602016222,2026-02-26 21:48:09,KH000176,QR Code,Thanh toán thẻ,528000,0,Thành công,CN Hoàn Kiếm,22038390
GD202602004657,2026-02-26 21:52:03,KH000050,Internet Banking,Thanh toán thẻ,2366000,0,Thành công,CN Cần Thơ,8481584
GD202602011313,2026-02-26 21:55:48,KH000119,Mobile Banking,Thanh toán thẻ,118000,0,Thành công,CN Bình Dương,14501424
GD202602004130,2026-02-26 22:00:18,KH000041,POS,Nạp tiền điện thoại,35736000,0,Thành công,CN Hoàn Kiếm,92356384
GD202602015398,2026-02-26 22:34:06,KH000165,Quầy giao dịch,Chuyển khoản đi,14989000,5500,Thành công,CN Cầu Giấy,98447663
GD202602015333,2026-02-26 22:56:52,KH000164,Mobile Banking,Nạp tiền điện thoại,150000,0,Thành công,CN Cầu Giấy,10493098
GD202602007516,2026-02-27 06:01:50,KH000078,POS,Thanh toán thẻ,18562000,1100,Thành công,CN Hải Phòng,110566143
GD202602003969,2026-02-27 06:17:52,KH000039,Quầy giao dịch,Nạp tiền điện thoại,1573000,0,Thành công,CN Quận 1,53367122
GD202602012586,2026-02-27 06:52:20,KH000131,Internet Banking,Nộp tiền mặt,1261000,0,Thành công,CN Đà Nẵng,39907180
GD202602014022,2026-02-27 07:15:30,KH000148,Quầy giao dịch,Nộp tiền mặt,646000,5500,Thành công,CN Cầu Giấy,27515316
GD202602014744,2026-02-27 07:32:30,KH000156,QR Code,Thanh toán thẻ,5649000,0,Thành công,CN Bình Dương,44445552
GD202602010643,2026-02-27 08:12:10,KH000112,ATM,Nộp tiền mặt,311000,5500,Thành công,CN Đà Nẵng,31763270
GD202602007160,2026-02-27 08:21:03,KH000075,POS,Thanh toán hóa đơn,4401000,1100,Thành công,CN Bình Dương,55478787
GD202602009931,2026-02-27 08:32:13,KH000103,POS,Thanh toán thẻ,1147000,5500,Thành công,CN Quận 1,10665719
GD202602014633,2026-02-27 08:38:24,KH000154,Internet Banking,Chuyển khoản đi,545000,0,Thành công,CN TP Hồ Chí Minh,26192594
GD202602011314,2026-02-27 09:08:56,KH000119,Internet Banking,Thanh toán hóa đơn,81000,0,Thành công,CN Cầu Giấy,14420424
GD202602010231,2026-02-27 09:29:01,KH000106,QR Code,Nộp tiền mặt,1657000,0,Thành công,CN TP Hồ Chí Minh,28670330
GD202602013431,2026-02-27 09:41:15,KH000139,QR Code,Nộp tiền mặt,3362000,0,Thành công,CN TP Hồ Chí Minh,17121507
GD202602010910,2026-02-27 09:55:56,KH000115,POS,Thanh toán thẻ,5544000,5500,Thành công,CN Hải Phòng,36617848
GD202602013574,2026-02-27 10:16:05,KH000142,Mobile Banking,Nạp tiền điện thoại,6025000,0,Thành công,CN TP Hồ Chí Minh,28257511
GD202602013485,2026-02-27 10:21:00,KH000140,QR Code,Thanh toán thẻ,619000,0,Thành công,CN Hải Phòng,34248736
GD202602009897,2026-02-27 10:24:01,KH000102,POS,Thanh toán thẻ,25226000,1100,Thành công,CN Quận 1,208384346
GD202602016907,2026-02-27 10:36:39,KH000182,Internet Banking,Nộp tiền mặt,1003000,0,Thành công,CN Thanh Xuân,6027846
GD202602007209,2026-02-27 10:38:09,KH000076,Mobile Banking,Thanh toán thẻ,2432000,0,Thành công,CN TP Hồ Chí Minh,9496641
GD202602005112,2026-02-27 10:48:10,KH000053,POS,Thanh toán thẻ,10283000,5500,Thành công,CN Hoàn Kiếm,125508674
GD202602003396,2026-02-27 10:56:46,KH000032,QR Code,Chuyển khoản đến,165000,0,Thành công,CN Thanh Xuân,23900866
GD202602001819,2026-02-27 11:27:05,KH000019,POS,Thanh toán thẻ,140000,1100,Thành công,CN Đà Nẵng,61531138
GD202602016537,2026-02-27 11:57:53,KH000178,Mobile Banking,Chuyển khoản đến,11829000,0,Thành công,CN TP Hồ Chí Minh,55521652
GD202602000307,2026-02-27 11:58:35,KH000007,QR Code,Thanh toán thẻ,52144000,0,Thành công,CN Quận 1,128681247
GD202602016224,2026-02-27 12:06:15,KH000176,POS,Chuyển khoản đi,517000,1100,Thất bại,CN Thanh Xuân,21749390
GD202602003763,2026-02-27 12:49:20,KH000035,ATM,Chuyển khoản đến,669000,1100,Thành công,CN Hoàn Kiếm,29936555
GD202602009932,2026-02-27 13:43:45,KH000103,Internet Banking,Thanh toán thẻ,380000,0,Thành công,CN TP Hồ Chí Minh,10285719
GD202602015744,2026-02-27 14:10:57,KH000171,POS,Thanh toán thẻ,1637000,5500,Thành công,CN TP Hồ Chí Minh,25088151
GD202602002891,2026-02-27 14:16:04,KH000027,Internet Banking,Nộp tiền mặt,1457000,0,Thành công,CN Cầu Giấy,85204602
GD202602016615,2026-02-27 14:16:32,KH000180,Mobile Banking,Nộp tiền mặt,2363000,0,Thành công,CN Cần Thơ,35794207
GD202602010993,2026-02-27 14:20:10,KH000116,Internet Banking,Rút tiền mặt,8890000,0,Thành công,CN TP Hồ Chí Minh,81941685
GD202602000357,2026-02-27 14:24:02,KH000008,Mobile Banking,Thanh toán thẻ,83643000,0,Thành công,CN Hải Phòng,189309743
GD202602009033,2026-02-27 14:24:39,KH000094,POS,Thanh toán thẻ,343000,1100,Thành công,CN Cần Thơ,61564713
GD202602013263,2026-02-27 14:34:50,KH000137,POS,Thanh toán thẻ,499000,0,Thành công,CN Cần Thơ,13515764
GD202602007162,2026-02-27 15:02:07,KH000075,POS,Chuyển khoản đến,4241000,3300,Thành công,CN Quận 1,60259787
GD202602010455,2026-02-27 15:11:00,KH000110,Mobile Banking,Rút tiền mặt,1176000,0,Thất bại,CN TP Hồ Chí Minh,37900036
GD202602007161,2026-02-27 15:20:25,KH000075,Quầy giao dịch,Chuyển khoản đến,540000,3300,Thành công,CN Quận 1,56018787
GD202602014023,2026-02-27 15:33:12,KH000148,Mobile Banking,Thanh toán thẻ,166000,0,Thành công,CN Cần Thơ,27349316
GD202602010009,2026-02-27 15:37:24,KH000104,QR Code,Thanh toán hóa đơn,2227000,0,Thành công,CN Bình Dương,37352528
GD202602007163,2026-02-27 15:46:03,KH000075,Internet Banking,Nạp tiền điện thoại,14718000,0,Thành công,CN Cầu Giấy,45541787
GD202602012427,2026-02-27 15:52:56,KH000130,Mobile Banking,Thanh toán thẻ,2742000,0,Thành công,CN Đà Nẵng,46561703
GD202602006620,2026-02-27 16:15:59,KH000067,Quầy giao dịch,Rút tiền mặt,35765000,3300,Thành công,CN TP Hồ Chí Minh,85862499
GD202602016145,2026-02-27 16:17:37,KH000175,Mobile Banking,Thanh toán thẻ,19250000,0,Thành công,CN Quận 1,135498924
GD202602004367,2026-02-27 16:40:48,KH000045,Mobile Banking,Thanh toán thẻ,601000,0,Thành công,CN Quận 1,28854004
GD202602003590,2026-02-27 17:07:48,KH000034,QR Code,Thanh toán thẻ,273000,0,Thành công,CN TP Hồ Chí Minh,70656985
GD202602015334,2026-02-27 17:11:19,KH000164,POS,Chuyển khoản đến,171000,5500,Thành công,CN TP Hồ Chí Minh,10664098
GD202602005171,2026-02-27 17:18:41,KH000054,Mobile Banking,Chuyển khoản đi,1501000,0,Thành công,CN Cần Thơ,12519882
GD202602016223,2026-02-27 17:37:03,KH000176,Mobile Banking,Thanh toán hóa đơn,289000,0,Thành công,CN TP Hồ Chí Minh,21749390
GD202602018062,2026-02-27 17:55:35,KH000191,POS,Thanh toán thẻ,4817000,3300,Thành công,CN Hải Phòng,13524612
GD202602005561,2026-02-27 18:16:47,KH000059,QR Code,Thanh toán hóa đơn,8726000,0,Thành công,CN Bình Dương,26884520
GD202602017680,2026-02-27 18:23:16,KH000187,QR Code,Chuyển khoản đi,2508000,0,Thành công,CN Thanh Xuân,8999509
GD202602015272,2026-02-27 18:25:44,KH000163,POS,Chuyển khoản đến,18482000,1100,Thành công,CN Bình Dương,87222697
GD202602017982,2026-02-27 18:31:25,KH000190,Internet Banking,Thanh toán thẻ,35647000,0,Thành công,CN Đà Nẵng,720706035
GD202602005562,2026-02-27 18:50:43,KH000059,Mobile Banking,Thanh toán thẻ,6399000,0,Thành công,CN Hoàn Kiếm,20485520
GD202602008699,2026-02-27 18:51:01,KH000089,Quầy giao dịch,Rút tiền mặt,9560000,1100,Thành công,CN Cần Thơ,41413098
GD202602009310,2026-02-27 19:09:40,KH000096,QR Code,Nộp tiền mặt,9750000,0,Thành công,CN Hải Phòng,47763516
GD202602003589,2026-02-27 19:42:47,KH000034,Mobile Banking,Chuyển khoản đến,1922000,0,Thành công,CN TP Hồ Chí Minh,70929985
GD202602004277,2026-02-27 19:58:14,KH000043,Quầy giao dịch,Chuyển khoản đi,311000,5500,Thành công,CN Hải Phòng,24465411
GD202602010010,2026-02-27 20:13:24,KH000104,Internet Banking,Chuyển khoản đi,1641000,0,Thành công,CN Cần Thơ,35711528
GD202602016759,2026-02-27 20:24:30,KH000181,Internet Banking,Thanh toán thẻ,921000,0,Thành công,CN TP Hồ Chí Minh,5808720
GD202602017833,2026-02-27 20:35:41,KH000188,POS,Chuyển khoản đến,11433000,3300,Thành công,CN Bình Dương,171135134
GD202602006118,2026-02-27 20:40:55,KH000063,QR Code,Nộp tiền mặt,968000,0,Thành công,CN Hoàn Kiếm,33846925
GD202602018599,2026-02-27 20:50:59,KH000197,Internet Banking,Rút tiền mặt,70551000,0,Thành công,CN Đà Nẵng,140534256
GD202602018386,2026-02-27 20:53:19,KH000195,Mobile Banking,Chuyển khoản đến,1162000,0,Thành công,CN Bình Dương,138065717
GD202602009489,2026-02-27 21:04:20,KH000097,Mobile Banking,Thanh toán thẻ,1415000,0,Thành công,CN Cần Thơ,20957649
GD202602009311,2026-02-27 21:08:25,KH000096,POS,Thanh toán thẻ,7941000,3300,Thành công,CN Cầu Giấy,39819216
GD202602002890,2026-02-27 21:11:50,KH000027,Internet Banking,Chuyển khoản đến,17596000,0,Thành công,CN TP Hồ Chí Minh,83747602
GD202602018387,2026-02-27 21:26:07,KH000195,Internet Banking,Chuyển khoản đến,18325000,0,Thất bại,CN Đà Nẵng,138065717
GD202602006952,2026-02-27 21:46:45,KH000074,Mobile Banking,Thanh toán thẻ,1515000,0,Thành công,CN TP Hồ Chí Minh,32871577
GD202602007600,2026-02-27 21:47:05,KH000079,Internet Banking,Thanh toán thẻ,910000,0,Thành công,CN Thanh Xuân,4134140
GD202602018063,2026-02-27 22:54:24,KH000191,QR Code,Thanh toán thẻ,2258000,0,Thành công,CN Cầu Giấy,11266612
GD202602007952,2026-02-28 06:33:23,KH000082,Mobile Banking,Thanh toán thẻ,213000,0,Thành công,CN Quận 1,53539726
GD202602008771,2026-02-28 06:33:40,KH000091,ATM,Nộp tiền mặt,17466000,0,Thành công,CN TP Hồ Chí Minh,103927841
GD202602013830,2026-02-28 06:34:28,KH000145,Internet Banking,Thanh toán thẻ,189000,0,Thành công,CN Đà Nẵng,24802864
GD202602000358,2026-02-28 06:45:25,KH000008,QR Code,Thanh toán hóa đơn,4652000,0,Thành công,CN Hoàn Kiếm,184657743
GD202602004518,2026-02-28 06:57:03,KH000046,Internet Banking,Chuyển khoản đi,8619000,0,Thành công,CN Cầu Giấy,41435973
GD202602005172,2026-02-28 07:24:54,KH000054,Mobile Banking,Chuyển khoản đi,2042000,0,Thành công,CN Đà Nẵng,10477882
GD202602014634,2026-02-28 07:32:44,KH000154,Mobile Banking,Thanh toán hóa đơn,1597000,0,Thành công,CN Thanh Xuân,24595594
GD202602008468,2026-02-28 07:45:45,KH000086,ATM,Thanh toán hóa đơn,137000,5500,Thành công,CN Hoàn Kiếm,93218661
GD202602002616,2026-02-28 07:52:03,KH000025,POS,Thanh toán thẻ,62000,5500,Thành công,CN Hoàn Kiếm,113931
GD202602009034,2026-02-28 08:39:39,KH000094,Mobile Banking,Thanh toán thẻ,1838000,0,Thành công,CN Đà Nẵng,59726713
GD202602015576,2026-02-28 08:57:53,KH000169,Mobile Banking,Thanh toán thẻ,11471000,0,Thành công,CN Đà Nẵng,39430400
GD202602000359,2026-02-28 09:05:43,KH000008,Internet Banking,Chuyển khoản đi,11949000,0,Thành công,CN Cầu Giấy,172708743
GD202602004583,2026-02-28 09:15:24,KH000048,POS,Thanh toán hóa đơn,5789000,1100,Thành công,CN Cầu Giấy,13126615
GD202602008466,2026-02-28 09:27:04,KH000086,QR Code,Nộp tiền mặt,11017000,0,Thành công,CN Cần Thơ,128975161
GD202602015399,2026-02-28 09:31:29,KH000165,Quầy giao dịch,Chuyển khoản đi,10050000,5500,Thành công,CN Hải Phòng,88392163
GD202602009647,2026-02-28 09:49:45,KH000098,ATM,Nạp tiền điện thoại,1014000,5500,Thành công,CN Cầu Giấy,15015825
GD202602010687,2026-02-28 10:01:58,KH000113,POS,Thanh toán thẻ,638000,0,Thành công,CN Hoàn Kiếm,37031706
GD202602013829,2026-02-28 10:19:56,KH000145,Internet Banking,Rút tiền mặt,117000,0,Thành công,CN Cầu Giấy,24991864
GD202602004024,2026-02-28 10:29:58,KH000040,Internet Banking,Nộp tiền mặt,689000,0,Thành công,CN Hoàn Kiếm,40711237
GD202602010011,2026-02-28 10:35:46,KH000104,Mobile Banking,Rút tiền mặt,3758000,0,Thành công,CN Đà Nẵng,31953528
GD202602001338,2026-02-28 10:42:47,KH000015,QR Code,Rút tiền mặt,103366000,0,Thành công,CN Cần Thơ,330613186
GD202602005392,2026-02-28 10:45:56,KH000057,Mobile Banking,Thanh toán thẻ,26289000,0,Thành công,CN TP Hồ Chí Minh,97041216
GD202602009708,2026-02-28 11:11:51,KH000099,Internet Banking,Thanh toán thẻ,1872000,0,Thành công,CN Cần Thơ,30381051
GD202602004517,2026-02-28 11:36:47,KH000046,Quầy giao dịch,Rút tiền mặt,20455000,5500,Thành công,CN Thanh Xuân,50054973
GD202602015661,2026-02-28 11:44:50,KH000170,QR Code,Thanh toán thẻ,408000,0,Thành công,CN Hải Phòng,3476153
GD202602008667,2026-02-28 11:48:34,KH000088,Internet Banking,Nộp tiền mặt,1691000,0,Thành công,CN Bình Dương,7749067
GD202602000590,2026-02-28 12:06:01,KH000010,Quầy giao dịch,Chuyển khoản đến,319000,3300,Thành công,CN Đà Nẵng,1800838
GD202602013746,2026-02-28 12:43:15,KH000144,QR Code,Nạp tiền điện thoại,836000,0,Thành công,CN Bình Dương,2880517
GD202602010644,2026-02-28 12:47:55,KH000112,QR Code,Chuyển khoản đi,2896000,0,Thành công,CN TP Hồ Chí Minh,28867270
GD202602004278,2026-02-28 13:16:50,KH000043,ATM,Nộp tiền mặt,376000,3300,Thành công,CN Hải Phòng,24841411
GD202602013576,2026-02-28 13:41:33,KH000142,ATM,Nạp tiền điện thoại,2896000,1100,Thành công,CN Bình Dương,21316911
GD202602005173,2026-02-28 13:42:03,KH000054,Internet Banking,Thanh toán hóa đơn,3661000,0,Thành công,CN TP Hồ Chí Minh,6816882
GD202602004830,2026-02-28 13:42:25,KH000052,POS,Thanh toán thẻ,169000,5500,Thành công,CN Đà Nẵng,300506
GD202602004582,2026-02-28 13:50:30,KH000048,QR Code,Rút tiền mặt,924000,0,Thành công,CN Cần Thơ,18916715
GD202602008467,2026-02-28 14:26:51,KH000086,QR Code,Nạp tiền điện thoại,35614000,0,Thành công,CN Quận 1,93361161
GD202602000970,2026-02-28 14:50:30,KH000013,Mobile Banking,Nộp tiền mặt,1335000,0,Thành công,CN Hoàn Kiếm,177420738
GD202602016108,2026-02-28 14:55:29,KH000174,Internet Banking,Chuyển khoản đi,589000,0,Thành công,CN Hải Phòng,51343523
GD202602015335,2026-02-28 15:51:38,KH000164,Internet Banking,Chuyển khoản đến,108000,0,Thành công,CN Hải Phòng,10772098
GD202602013575,2026-02-28 15:59:58,KH000142,POS,Thanh toán thẻ,4038000,5500,Thành công,CN Cầu Giấy,24214011
GD202602009709,2026-02-28 16:52:26,KH000099,Internet Banking,Thanh toán thẻ,587000,0,Thành công,CN Bình Dương,29794051
GD202602001820,2026-02-28 17:13:32,KH000019,QR Code,Nộp tiền mặt,1642000,0,Thành công,CN Bình Dương,63173138
GD202602009035,2026-02-28 17:29:09,KH000094,POS,Thanh toán thẻ,494000,1100,Thất bại,CN Bình Dương,59726713
GD202602006953,2026-02-28 17:33:25,KH000074,Internet Banking,Rút tiền mặt,838000,0,Thành công,CN Quận 1,32033577
GD202602016107,2026-02-28 17:33:47,KH000174,POS,Chuyển khoản đến,1072000,5500,Thành công,CN Bình Dương,51932523
GD202602008209,2026-02-28 17:34:12,KH000084,Mobile Banking,Rút tiền mặt,2829000,0,Thành công,CN Cần Thơ,13060257
GD202602015660,2026-02-28 17:52:39,KH000170,Mobile Banking,Thanh toán thẻ,957000,0,Thành công,CN Đà Nẵng,3884153
GD202602018064,2026-02-28 18:52:55,KH000191,Mobile Banking,Chuyển khoản đến,131000,0,Thành công,CN TP Hồ Chí Minh,11397612
GD202602007953,2026-02-28 19:17:03,KH000082,POS,Thanh toán thẻ,4359000,3300,Thành công,CN Quận 1,49177426
GD202602007601,2026-02-28 19:49:56,KH000079,QR Code,Nộp tiền mặt,1421000,0,Thành công,CN Hoàn Kiếm,5555140
GD202602014392,2026-02-28 20:04:48,KH000153,POS,Thanh toán thẻ,663000,3300,Thành công,CN Bình Dương,11198041
GD202602005267,2026-02-28 20:12:43,KH000056,Quầy giao dịch,Chuyển khoản đến,4083000,1100,Thành công,CN Cầu Giấy,76373159
GD202602005783,2026-02-28 20:23:44,KH000061,Mobile Banking,Thanh toán thẻ,749000,0,Thành công,CN Thanh Xuân,30454953
GD202602015532,2026-02-28 20:23:49,KH000168,Quầy giao dịch,Nộp tiền mặt,12829000,0,Thành công,CN Bình Dương,82272100
GD202602015577,2026-02-28 20:37:53,KH000169,ATM,Rút tiền mặt,11595000,1100,Thành công,CN Hoàn Kiếm,27834300
GD202602014024,2026-02-28 20:39:24,KH000148,Internet Banking,Thanh toán hóa đơn,510000,0,Thành công,CN Cầu Giấy,26839316
GD202602014025,2026-02-28 20:41:09,KH000148,QR Code,Nạp tiền điện thoại,448000,0,Thành công,CN Hoàn Kiếm,26391316
GD202602010012,2026-02-28 20:53:51,KH000104,Quầy giao dịch,Thanh toán hóa đơn,3367000,5500,Thành công,CN Cần Thơ,28581028
GD202602004176,2026-02-28 20:54:10,KH000042,Internet Banking,Chuyển khoản đến,2740000,0,Thành công,CN Cầu Giấy,33965028
GD202602013705,2026-02-28 21:26:11,KH000143,POS,Thanh toán thẻ,760000,1100,Thành công,CN Thanh Xuân,28722105
GD202602009490,2026-02-28 21:26:45,KH000097,QR Code,Nạp tiền điện thoại,1001000,0,Thành công,CN Cầu Giấy,19956649
GD202602017603,2026-02-28 21:27:21,KH000186,QR Code,Thanh toán thẻ,4806000,0,Thành công,CN Cầu Giấy,22171599
GD202602000589,2026-02-28 21:42:09,KH000010,Mobile Banking,Rút tiền mặt,58000,0,Thành công,CN TP Hồ Chí Minh,1481838
GD202602003970,2026-02-28 22:28:17,KH000039,POS,Thanh toán thẻ,2958000,0,Thành công,CN TP Hồ Chí Minh,50409122
GD202602009648,2026-02-28 22:28:38,KH000098,Quầy giao dịch,Rút tiền mặt,549000,5500,Thành công,CN Thanh Xuân,14461325
