ma_giao_dich,ngay_gio,ma_kh,kenh,loai_giao_dich,so_tien,phi,trang_thai,chi_nhanh,so_du_sau_giao_dich
GD202607011826,2026-07-01 06:02:35,KH000125,QR Code,Rút tiền mặt,106000,0,Thành công,CN Hải Phòng,186136
GD202607008126,2026-07-01 07:11:24,KH000083,Internet Banking,Chuyển khoản đi,193000,0,Thành công,CN Hoàn Kiếm,54678946
GD202607003087,2026-07-01 07:39:09,KH000028,Mobile Banking,Thanh toán hóa đơn,772000,0,Thành công,CN Đà Nẵng,32100363
GD202607013768,2026-07-01 07:39:56,KH000144,Internet Banking,Nạp tiền điện thoại,284000,0,Thành công,CN Bình Dương,3310181
GD202607004755,2026-07-01 07:52:20,KH000051,Quầy giao dịch,Chuyển khoản đi,426000,0,Thành công,CN Quận 1,4412156
GD202607014657,2026-07-01 08:09:50,KH000154,QR Code,Chuyển khoản đi,1699000,0,Thành công,CN Cầu Giấy,11775594
GD202607005889,2026-07-01 08:29:16,KH000061,Mobile Banking,Nạp tiền điện thoại,1573000,0,Thành công,CN Bình Dương,10665245
GD202607017493,2026-07-01 08:32:16,KH000184,Internet Banking,Chuyển khoản đi,6957000,0,Thành công,CN Đà Nẵng,29732630
GD202607011579,2026-07-01 08:58:46,KH000121,Internet Banking,Nộp tiền mặt,61000,0,Thành công,CN Thanh Xuân,4749749
GD202607015475,2026-07-01 09:09:37,KH000166,ATM,Nộp tiền mặt,63000,0,Thành công,CN Bình Dương,246593208
GD202607015160,2026-07-01 09:10:38,KH000162,Mobile Banking,Thanh toán thẻ,114000,0,Thành công,CN Quận 1,153203
GD202607014302,2026-07-01 09:18:05,KH000152,Mobile Banking,Nạp tiền điện thoại,3737000,0,Thành công,CN Quận 1,75802991
GD202607008489,2026-07-01 09:20:10,KH000086,Mobile Banking,Nạp tiền điện thoại,20669000,0,Thành công,CN Bình Dương,77603351
GD202607000422,2026-07-01 09:35:59,KH000008,Internet Banking,Chuyển khoản đến,2267000,0,Thành công,CN Hải Phòng,14084164
GD202607005309,2026-07-01 10:33:52,KH000056,POS,Chuyển khoản đến,139000,5500,Thành công,CN Cầu Giấy,86502743
GD202607003088,2026-07-01 10:36:02,KH000028,QR Code,Rút tiền mặt,314000,0,Thành công,CN Thanh Xuân,31786363
GD202607015355,2026-07-01 10:55:29,KH000164,POS,Thanh toán thẻ,126000,3300,Thành công,CN Hoàn Kiếm,18102547
GD202607015599,2026-07-01 10:59:17,KH000169,ATM,Thanh toán hóa đơn,840000,1100,Thành công,CN Hải Phòng,6084470
GD202607008586,2026-07-01 11:01:04,KH000087,Internet Banking,Nộp tiền mặt,166000,0,Thành công,CN Cầu Giấy,232026
GD202607001521,2026-07-01 11:08:33,KH000016,POS,Thanh toán thẻ,200000,1100,Thành công,CN Thanh Xuân,313707
GD202607014656,2026-07-01 11:27:57,KH000154,QR Code,Nộp tiền mặt,639000,0,Thành công,CN Đà Nẵng,13474594
GD202607009916,2026-07-01 11:31:45,KH000102,Internet Banking,Thanh toán thẻ,25696000,0,Thành công,CN Cần Thơ,166889734
GD202607007033,2026-07-01 11:48:20,KH000074,POS,Thanh toán thẻ,266000,0,Thành công,CN Cầu Giấy,24603660
GD202607010081,2026-07-01 11:59:38,KH000104,ATM,Chuyển khoản đi,807000,0,Thành công,CN Cầu Giấy,2446017
GD202607001362,2026-07-01 12:05:11,KH000015,QR Code,Thanh toán thẻ,7533000,0,Thành công,CN TP Hồ Chí Minh,14715340
GD202607012120,2026-07-01 12:18:18,KH000127,Internet Banking,Rút tiền mặt,1968000,0,Thành công,CN Hoàn Kiếm,5960614
GD202607010721,2026-07-01 12:30:03,KH000113,QR Code,Chuyển khoản đi,1148000,0,Thành công,CN TP Hồ Chí Minh,42427145
GD202607014303,2026-07-01 12:40:25,KH000152,Mobile Banking,Nạp tiền điện thoại,523000,0,Thành công,CN TP Hồ Chí Minh,75279991
GD202607012678,2026-07-01 14:09:20,KH000131,QR Code,Chuyển khoản đến,150000,0,Thành công,CN Cần Thơ,349880
GD202607010722,2026-07-01 14:31:23,KH000113,Internet Banking,Thanh toán thẻ,4769000,0,Thành công,CN Cần Thơ,37658145
GD202607014162,2026-07-01 14:53:02,KH000150,QR Code,Chuyển khoản đi,12888000,0,Thành công,CN Thanh Xuân,29122826
GD202607017618,2026-07-01 14:56:02,KH000186,ATM,Nộp tiền mặt,221000,1100,Thành công,CN Đà Nẵng,4643343
GD202607008490,2026-07-01 14:58:59,KH000086,Internet Banking,Chuyển khoản đến,10463000,0,Thành công,CN Thanh Xuân,88066351
GD202607005888,2026-07-01 15:01:36,KH000061,QR Code,Thanh toán hóa đơn,1722000,0,Thành công,CN Hoàn Kiếm,12238245
GD202607013450,2026-07-01 15:20:02,KH000139,ATM,Rút tiền mặt,1230000,0,Thành công,CN Hoàn Kiếm,3396207
GD202607013528,2026-07-01 15:21:20,KH000141,Mobile Banking,Thanh toán hóa đơn,1003000,0,Thành công,CN Đà Nẵng,7325607
GD202607007534,2026-07-01 16:04:21,KH000078,ATM,Rút tiền mặt,4442000,5500,Thành công,CN Đà Nẵng,129294868
GD202607015354,2026-07-01 16:06:43,KH000164,POS,Thanh toán thẻ,90000,1100,Thành công,CN Đà Nẵng,18231847
GD202607001185,2026-07-01 16:10:31,KH000014,Internet Banking,Rút tiền mặt,650000,0,Thành công,CN Cầu Giấy,7184331
GD202607005187,2026-07-01 16:20:01,KH000054,Internet Banking,Chuyển khoản đến,699000,0,Thành công,CN Cần Thơ,2717394
GD202607013769,2026-07-01 17:01:58,KH000144,QR Code,Chuyển khoản đến,427000,0,Thành công,CN Thanh Xuân,3737181
GD202607015161,2026-07-01 17:29:55,KH000162,POS,Thanh toán thẻ,58000,3300,Thành công,CN Quận 1,91903
GD202607013527,2026-07-01 18:15:16,KH000141,POS,Thanh toán thẻ,3248000,1100,Thành công,CN Hải Phòng,8328607
GD202607007032,2026-07-01 18:22:35,KH000074,Mobile Banking,Thanh toán hóa đơn,870000,0,Thành công,CN Quận 1,24869660
GD202607000815,2026-07-01 19:09:31,KH000011,ATM,Nộp tiền mặt,435000,1100,Thành công,CN Quận 1,89918766
GD202607006796,2026-07-01 19:21:50,KH000071,POS,Thanh toán thẻ,12025000,1100,Thành công,CN Hải Phòng,39374338
GD202607015787,2026-07-01 19:58:44,KH000171,POS,Thanh toán thẻ,108000,5500,Thành công,CN Đà Nẵng,55951
GD202607011005,2026-07-01 20:26:01,KH000116,POS,Thanh toán thẻ,847000,5500,Thành công,CN Thanh Xuân,20038885
GD202607003983,2026-07-01 20:39:27,KH000039,QR Code,Chuyển khoản đến,2939000,0,Thành công,CN Cầu Giấy,56713096
GD202607001363,2026-07-01 20:53:51,KH000015,Quầy giao dịch,Thanh toán hóa đơn,5005000,5500,Thành công,CN Thanh Xuân,9704840
GD202607000264,2026-07-01 20:57:23,KH000006,ATM,Nạp tiền điện thoại,602000,5500,Thành công,CN Đà Nẵng,4895966
GD202607003442,2026-07-01 21:24:40,KH000032,POS,Thanh toán thẻ,125000,3300,Thành công,CN Bình Dương,69075332
GD202607005431,2026-07-01 21:27:23,KH000057,POS,Thanh toán thẻ,1723000,0,Thành công,CN Cần Thơ,35146517
GD202607013449,2026-07-01 21:28:11,KH000139,QR Code,Nộp tiền mặt,63000,0,Thành công,CN Cần Thơ,4626207
GD202607015683,2026-07-01 21:54:21,KH000170,POS,Thanh toán thẻ,277000,3300,Thành công,CN Hoàn Kiếm,791153
GD202607009547,2026-07-01 22:14:27,KH000097,ATM,Thanh toán hóa đơn,2370000,1100,Thành công,CN TP Hồ Chí Minh,7060049
GD202607003214,2026-07-01 22:41:15,KH000029,POS,Rút tiền mặt,246000,1100,Thành công,CN Cầu Giấy,3157101
GD202607015600,2026-07-02 06:12:19,KH000169,Mobile Banking,Thanh toán thẻ,1208000,0,Thành công,CN Cầu Giấy,4876470
GD202607008491,2026-07-02 06:24:05,KH000086,Internet Banking,Thanh toán thẻ,10321000,0,Thành công,CN Đà Nẵng,77745351
GD202607014752,2026-07-02 06:24:46,KH000156,QR Code,Nộp tiền mặt,2670000,0,Thành công,CN Bình Dương,30620952
GD202607009747,2026-07-02 06:30:23,KH000099,QR Code,Nộp tiền mặt,2896000,0,Thất bại,CN TP Hồ Chí Minh,40419965
GD202607013982,2026-07-02 06:44:35,KH000147,Quầy giao dịch,Nạp tiền điện thoại,3122000,0,Thành công,CN Bình Dương,126913150
GD202607013305,2026-07-02 06:55:30,KH000137,Mobile Banking,Thanh toán hóa đơn,3428000,0,Thành công,CN Cầu Giấy,9318280
GD202607009119,2026-07-02 06:55:36,KH000094,QR Code,Chuyển khoản đi,751000,0,Thành công,CN TP Hồ Chí Minh,70459521
GD202607015163,2026-07-02 07:20:32,KH000162,Mobile Banking,Thanh toán thẻ,103000,0,Thành công,CN Thanh Xuân,120903
GD202607014163,2026-07-02 07:22:29,KH000150,POS,Thanh toán thẻ,7356000,1100,Thành công,CN Cần Thơ,21765726
GD202607001187,2026-07-02 07:49:06,KH000014,POS,Thanh toán thẻ,1525000,5500,Thành công,CN Hoàn Kiếm,6221831
GD202607005891,2026-07-02 08:03:49,KH000061,Internet Banking,Nộp tiền mặt,192000,0,Thành công,CN Hải Phòng,9151245
GD202607015356,2026-07-02 08:07:33,KH000164,QR Code,Nộp tiền mặt,114000,0,Thành công,CN Hải Phòng,18216547
GD202607002179,2026-07-02 08:22:21,KH000020,Internet Banking,Chuyển khoản đi,1073000,0,Thành công,CN Thanh Xuân,8123488
GD202607000180,2026-07-02 08:47:57,KH000005,Quầy giao dịch,Nộp tiền mặt,395000,0,Thành công,CN Đà Nẵng,2462930
GD202607002932,2026-07-02 09:34:08,KH000027,QR Code,Nạp tiền điện thoại,4547000,0,Thành công,CN Đà Nẵng,9454291
GD202607000265,2026-07-02 09:41:33,KH000006,Internet Banking,Thanh toán thẻ,629000,0,Thành công,CN Đà Nẵng,4266966
GD202607017008,2026-07-02 09:56:06,KH000182,POS,Thanh toán thẻ,318000,3300,Thành công,CN Cần Thơ,5813271
GD202607003656,2026-07-02 10:18:19,KH000034,POS,Thanh toán thẻ,1916000,1100,Thành công,CN Cầu Giấy,51937528
GD202607008297,2026-07-02 10:22:58,KH000084,Internet Banking,Nạp tiền điện thoại,2595000,0,Thành công,CN TP Hồ Chí Minh,15287391
GD202607002702,2026-07-02 10:38:17,KH000025,Mobile Banking,Chuyển khoản đến,55000,0,Thành công,CN Đà Nẵng,228131
GD202607014719,2026-07-02 10:39:49,KH000155,ATM,Chuyển khoản đi,64913000,3300,Thành công,CN Thanh Xuân,199679616
GD202607017010,2026-07-02 10:45:38,KH000182,Internet Banking,Chuyển khoản đi,1851000,0,Thành công,CN Hải Phòng,3598271
GD202607014478,2026-07-02 10:58:37,KH000153,Mobile Banking,Thanh toán thẻ,59000,0,Thành công,CN TP Hồ Chí Minh,131741
GD202607017914,2026-07-02 11:50:49,KH000189,Mobile Banking,Thanh toán thẻ,7382000,0,Thành công,CN Cần Thơ,132839679
GD202607013724,2026-07-02 11:52:25,KH000143,QR Code,Nạp tiền điện thoại,948000,0,Thành công,CN Cần Thơ,56339743
GD202607018334,2026-07-02 12:30:56,KH000194,Quầy giao dịch,Chuyển khoản đi,996000,0,Thành công,CN Cần Thơ,5880243
GD202607005621,2026-07-02 12:32:49,KH000059,QR Code,Thanh toán thẻ,22507000,0,Thành công,CN Hoàn Kiếm,62907684
GD202607014658,2026-07-02 12:37:50,KH000154,Mobile Banking,Nộp tiền mặt,1746000,0,Thành công,CN Hoàn Kiếm,13521594
GD202607015288,2026-07-02 12:41:01,KH000163,POS,Thanh toán thẻ,4679000,5500,Thành công,CN Quận 1,16707504
GD202607007368,2026-07-02 13:39:27,KH000077,POS,Thanh toán thẻ,135000,3300,Thành công,CN Quận 1,413880
GD202607010082,2026-07-02 13:45:28,KH000104,QR Code,Thanh toán thẻ,652000,0,Thành công,CN Hoàn Kiếm,1794017
GD202607013061,2026-07-02 14:02:12,KH000133,ATM,Chuyển khoản đi,3397000,1100,Thành công,CN Đà Nẵng,8758921
GD202607009948,2026-07-02 14:05:16,KH000103,Mobile Banking,Chuyển khoản đến,97000,0,Thành công,CN Thanh Xuân,6484419
GD202607003089,2026-07-02 14:45:27,KH000028,Mobile Banking,Thanh toán thẻ,1387000,0,Thành công,CN Hải Phòng,30399363
GD202607015162,2026-07-02 14:49:29,KH000162,Mobile Banking,Nộp tiền mặt,132000,0,Thành công,CN Bình Dương,223903
GD202607012121,2026-07-02 14:57:00,KH000127,Internet Banking,Nộp tiền mặt,627000,0,Thành công,CN Đà Nẵng,6587614
GD202607015684,2026-07-02 15:55:25,KH000170,Quầy giao dịch,Chuyển khoản đến,197000,5500,Thành công,CN Đà Nẵng,988153
GD202607018000,2026-07-02 16:13:21,KH000190,Quầy giao dịch,Chuyển khoản đi,169347000,3300,Thành công,CN Đà Nẵng,381082841
GD202607005129,2026-07-02 16:19:23,KH000053,Mobile Banking,Thanh toán thẻ,24119000,0,Thành công,CN Cần Thơ,47349129
GD202607001364,2026-07-02 16:23:32,KH000015,Internet Banking,Thanh toán thẻ,773000,0,Thành công,CN Thanh Xuân,8931840
GD202607011389,2026-07-02 16:38:51,KH000119,Mobile Banking,Thanh toán thẻ,126000,0,Thành công,CN Đà Nẵng,44121131
GD202607018755,2026-07-02 16:43:30,KH000199,Quầy giao dịch,Thanh toán hóa đơn,26410000,5500,Thành công,CN Bình Dương,299224717
GD202607003655,2026-07-02 16:45:00,KH000034,Quầy giao dịch,Thanh toán hóa đơn,705000,3300,Thành công,CN Quận 1,53854628
GD202607000817,2026-07-02 16:57:56,KH000011,POS,Thanh toán thẻ,3959000,3300,Thành công,CN Cầu Giấy,82640466
GD202607017009,2026-07-02 17:25:56,KH000182,Internet Banking,Rút tiền mặt,364000,0,Thành công,CN Hải Phòng,5449271
GD202607005890,2026-07-02 17:35:34,KH000061,Internet Banking,Thanh toán thẻ,1706000,0,Thành công,CN Cần Thơ,8959245
GD202607011580,2026-07-02 17:39:54,KH000121,QR Code,Thanh toán thẻ,818000,0,Thành công,CN TP Hồ Chí Minh,3931749
GD202607000181,2026-07-02 18:27:05,KH000005,QR Code,Nạp tiền điện thoại,56000,0,Thành công,CN Đà Nẵng,2406930
GD202607018138,2026-07-02 18:32:04,KH000191,QR Code,Thanh toán thẻ,1312000,0,Thành công,CN Hải Phòng,3693549
GD202607010592,2026-07-02 18:59:16,KH000111,Internet Banking,Thanh toán thẻ,20775000,0,Thành công,CN Hoàn Kiếm,43277707
GD202607000816,2026-07-02 19:09:51,KH000011,Internet Banking,Chuyển khoản đi,3316000,0,Thành công,CN Bình Dương,86602766
GD202607014718,2026-07-02 19:11:45,KH000155,Internet Banking,Rút tiền mặt,15188000,0,Thành công,CN Thanh Xuân,264595916
GD202607001914,2026-07-02 19:34:01,KH000019,Internet Banking,Thanh toán thẻ,2663000,0,Thành công,CN Thanh Xuân,17903853
GD202607013529,2026-07-02 20:05:15,KH000141,Internet Banking,Nạp tiền điện thoại,1205000,0,Thành công,CN Hải Phòng,6120607
GD202607017549,2026-07-02 20:05:59,KH000185,Mobile Banking,Chuyển khoản đi,7896000,0,Thành công,CN Thanh Xuân,31655652
GD202607018802,2026-07-02 20:42:19,KH000200,POS,Thanh toán thẻ,59000,5500,Thành công,CN Bình Dương,481377
GD202607006797,2026-07-02 20:49:54,KH000071,Internet Banking,Rút tiền mặt,13487000,0,Thành công,CN Hoàn Kiếm,25887338
GD202607004688,2026-07-02 20:58:26,KH000050,Mobile Banking,Chuyển khoản đến,4325000,0,Thành công,CN Cần Thơ,20743375
GD202607003896,2026-07-02 21:18:39,KH000038,Mobile Banking,Thanh toán hóa đơn,2076000,0,Thành công,CN Quận 1,83438051
GD202607004154,2026-07-02 21:58:06,KH000041,POS,Thanh toán thẻ,8706000,3300,Thành công,CN Thanh Xuân,106424517
GD202607001186,2026-07-02 22:11:15,KH000014,Internet Banking,Chuyển khoản đến,568000,0,Thành công,CN Hoàn Kiếm,7752331
GD202607012679,2026-07-02 22:58:04,KH000131,POS,Thanh toán thẻ,132000,1100,Thành công,CN Cầu Giấy,216780
GD202607006411,2026-07-02 22:58:14,KH000065,Mobile Banking,Nộp tiền mặt,26361000,0,Thành công,CN Bình Dương,104749297
GD202607014660,2026-07-03 07:12:15,KH000154,POS,Chuyển khoản đi,837000,1100,Thành công,CN Đà Nẵng,10989394
GD202607003984,2026-07-03 07:39:11,KH000039,QR Code,Nộp tiền mặt,3572000,0,Thành công,CN Quận 1,60285096
GD202607014659,2026-07-03 07:53:54,KH000154,POS,Rút tiền mặt,1693000,1100,Thành công,CN Thanh Xuân,11827494
GD202607001916,2026-07-03 08:08:11,KH000019,POS,Thanh toán thẻ,3358000,1100,Thành công,CN Bình Dương,13716753
GD202607001188,2026-07-03 08:23:10,KH000014,Internet Banking,Rút tiền mặt,1226000,0,Thành công,CN Cầu Giấy,4995831
GD202607003985,2026-07-03 08:56:46,KH000039,POS,Thanh toán thẻ,3893000,1100,Thất bại,CN Hoàn Kiếm,60285096
GD202607008877,2026-07-03 09:06:03,KH000092,Mobile Banking,Nộp tiền mặt,767000,0,Thành công,CN Hải Phòng,3704184
GD202607015165,2026-07-03 09:07:30,KH000162,Mobile Banking,Chuyển khoản đi,114000,0,Thành công,CN Thanh Xuân,64403
GD202607001522,2026-07-03 09:21:38,KH000016,Internet Banking,Thanh toán hóa đơn,133000,0,Thất bại,CN Đà Nẵng,313707
GD202607012680,2026-07-03 09:28:52,KH000131,Internet Banking,Chuyển khoản đi,195000,0,Thành công,CN TP Hồ Chí Minh,314280
GD202607013119,2026-07-03 10:18:14,KH000135,Mobile Banking,Thanh toán thẻ,23499000,0,Thành công,CN Hải Phòng,122549176
GD202607010493,2026-07-03 11:09:51,KH000110,Mobile Banking,Thanh toán thẻ,2571000,0,Thành công,CN Đà Nẵng,45437623
GD202607014720,2026-07-03 11:14:27,KH000155,Mobile Banking,Thanh toán thẻ,62490000,0,Thành công,CN Thanh Xuân,137189616
GD202607005622,2026-07-03 11:32:42,KH000059,Mobile Banking,Chuyển khoản đi,975000,0,Thất bại,CN TP Hồ Chí Minh,62907684
GD202607011212,2026-07-03 11:35:47,KH000118,Mobile Banking,Rút tiền mặt,2950000,0,Thành công,CN Bình Dương,13093179
GD202607011090,2026-07-03 11:37:36,KH000117,Internet Banking,Chuyển khoản đi,133000,0,Thành công,CN Hải Phòng,69962590
GD202607013390,2026-07-03 11:58:55,KH000138,POS,Nạp tiền điện thoại,1695000,3300,Thành công,CN Đà Nẵng,21178751
GD202607014226,2026-07-03 12:05:09,KH000151,Internet Banking,Chuyển khoản đến,954000,0,Thành công,CN Cầu Giấy,4152216
GD202607007903,2026-07-03 12:27:35,KH000081,ATM,Nộp tiền mặt,44963000,5500,Thành công,CN Đà Nẵng,192816529
GD202607006573,2026-07-03 12:29:02,KH000066,Internet Banking,Thanh toán thẻ,4964000,0,Thành công,CN Bình Dương,149136962
GD202607016304,2026-07-03 12:42:41,KH000176,POS,Thanh toán thẻ,562000,5500,Thành công,CN Đà Nẵng,47357380
GD202607016546,2026-07-03 13:37:55,KH000178,Mobile Banking,Thanh toán thẻ,5450000,0,Thành công,CN Cần Thơ,32137777
GD202607004932,2026-07-03 13:45:45,KH000052,Internet Banking,Chuyển khoản đến,115000,0,Thành công,CN Thanh Xuân,283806
GD202607010246,2026-07-03 15:19:36,KH000106,Quầy giao dịch,Chuyển khoản đến,789000,0,Thành công,CN Quận 1,34475449
GD202607009663,2026-07-03 15:28:21,KH000098,Internet Banking,Thanh toán thẻ,90000,0,Thành công,CN Hải Phòng,15160787
GD202607010084,2026-07-03 15:37:42,KH000104,POS,Thanh toán thẻ,228000,0,Thành công,CN TP Hồ Chí Minh,1436017
GD202607015788,2026-07-03 15:39:57,KH000171,QR Code,Thanh toán thẻ,171000,0,Thành công,CN Quận 1,141451
GD202607003090,2026-07-03 15:51:04,KH000028,POS,Thanh toán thẻ,2140000,5500,Thất bại,CN Cầu Giấy,30399363
GD202607016800,2026-07-03 16:03:57,KH000181,POS,Thanh toán hóa đơn,169000,3300,Thành công,CN Bình Dương,150720
GD202607015164,2026-07-03 16:07:13,KH000162,Mobile Banking,Rút tiền mặt,115000,0,Thành công,CN Thanh Xuân,178403
GD202607003897,2026-07-03 16:09:15,KH000038,QR Code,Chuyển khoản đến,4704000,0,Thành công,CN Đà Nẵng,88142051
GD202607015685,2026-07-03 16:23:09,KH000170,Internet Banking,Nạp tiền điện thoại,56000,0,Thành công,CN Cầu Giấy,932153
GD202607017314,2026-07-03 17:01:38,KH000183,Mobile Banking,Thanh toán thẻ,2509000,0,Thành công,CN Cầu Giấy,13564749
GD202607018451,2026-07-03 17:11:27,KH000195,QR Code,Thanh toán thẻ,197000,0,Thành công,CN TP Hồ Chí Minh,87217
GD202607003657,2026-07-03 17:16:11,KH000034,Mobile Banking,Thanh toán thẻ,1014000,0,Thành công,CN Quận 1,50923528
GD202607018335,2026-07-03 17:36:40,KH000194,QR Code,Thanh toán hóa đơn,1974000,0,Thành công,CN Hải Phòng,3906243
GD202607004214,2026-07-03 18:18:44,KH000042,POS,Chuyển khoản đến,2864000,1100,Thành công,CN Cần Thơ,39636615
GD202607013873,2026-07-03 18:27:40,KH000145,Internet Banking,Nạp tiền điện thoại,307000,0,Thành công,CN Bình Dương,68294653
GD202607000423,2026-07-03 18:48:13,KH000008,Mobile Banking,Chuyển khoản đến,4140000,0,Thành công,CN Bình Dương,18224164
GD202607011089,2026-07-03 19:21:49,KH000117,POS,Thanh toán thẻ,428000,5500,Thành công,CN Quận 1,70095590
GD202607009949,2026-07-03 19:32:36,KH000103,Internet Banking,Chuyển khoản đến,1610000,0,Thành công,CN TP Hồ Chí Minh,8094419
GD202607000993,2026-07-03 20:03:51,KH000013,QR Code,Nạp tiền điện thoại,1288000,0,Thành công,CN Cần Thơ,29801538
GD202607010083,2026-07-03 20:18:39,KH000104,POS,Thanh toán thẻ,130000,0,Thành công,CN Quận 1,1664017
GD202607014304,2026-07-03 20:22:39,KH000152,Internet Banking,Rút tiền mặt,202000,0,Thành công,CN TP Hồ Chí Minh,75077991
GD202607007692,2026-07-03 20:27:51,KH000079,Mobile Banking,Rút tiền mặt,988000,0,Thành công,CN TP Hồ Chí Minh,2002377
GD202607001726,2026-07-03 20:31:00,KH000018,Mobile Banking,Rút tiền mặt,398000,0,Thành công,CN TP Hồ Chí Minh,59894399
GD202607015601,2026-07-03 20:38:45,KH000169,QR Code,Rút tiền mặt,1636000,0,Thành công,CN TP Hồ Chí Minh,3240470
GD202607001915,2026-07-03 21:31:53,KH000019,QR Code,Rút tiền mặt,828000,0,Thành công,CN Đà Nẵng,17075853
GD202607004933,2026-07-03 21:46:04,KH000052,Internet Banking,Thanh toán hóa đơn,125000,0,Thành công,CN TP Hồ Chí Minh,158806
GD202607002180,2026-07-03 22:53:36,KH000020,QR Code,Nạp tiền điện thoại,458000,0,Thành công,CN Bình Dương,7665488
GD202607006572,2026-07-03 22:58:23,KH000066,POS,Thanh toán thẻ,5132000,0,Thành công,CN Đà Nẵng,154100962
GD202607005188,2026-07-03 22:58:25,KH000054,Internet Banking,Chuyển khoản đến,894000,0,Thành công,CN Hoàn Kiếm,3611394
GD202607015602,2026-07-03 22:58:29,KH000169,QR Code,Nộp tiền mặt,306000,0,Thành công,CN Quận 1,3546470
GD202607011006,2026-07-04 06:10:15,KH000116,QR Code,Chuyển khoản đến,5895000,0,Thành công,CN Quận 1,25933885
GD202607012303,2026-07-04 06:16:36,KH000128,Mobile Banking,Thanh toán thẻ,67000,0,Thành công,CN Quận 1,49945152
GD202607000818,2026-07-04 06:24:42,KH000011,POS,Thanh toán thẻ,3659000,0,Thành công,CN Thanh Xuân,78981466
GD202607017315,2026-07-04 07:00:11,KH000183,POS,Nạp tiền điện thoại,1804000,0,Thành công,CN Hải Phòng,11760749
GD202607009664,2026-07-04 07:28:59,KH000098,QR Code,Thanh toán thẻ,819000,0,Thành công,CN Thanh Xuân,14341787
GD202607012475,2026-07-04 07:46:00,KH000130,QR Code,Nộp tiền mặt,2293000,0,Thành công,CN Cầu Giấy,29108830
GD202607015166,2026-07-04 07:46:58,KH000162,Internet Banking,Thanh toán thẻ,144000,0,Thành công,CN Bình Dương,136403
GD202607008878,2026-07-04 08:02:00,KH000092,QR Code,Nộp tiền mặt,775000,0,Thành công,CN Bình Dương,4479184
GD202607007369,2026-07-04 08:12:16,KH000077,QR Code,Chuyển khoản đến,168000,0,Thành công,CN Đà Nẵng,581880
GD202607003443,2026-07-04 08:41:39,KH000032,Mobile Banking,Nạp tiền điện thoại,78000,0,Thành công,CN Hải Phòng,68997332
GD202607003824,2026-07-04 08:51:28,KH000037,ATM,Nạp tiền điện thoại,18251000,5500,Thành công,CN Thanh Xuân,73922058
GD202607008298,2026-07-04 08:59:31,KH000084,Mobile Banking,Thanh toán thẻ,224000,0,Thành công,CN Cần Thơ,15063391
GD202607007693,2026-07-04 09:16:25,KH000079,QR Code,Thanh toán thẻ,160000,0,Thành công,CN Bình Dương,1842377
GD202607008492,2026-07-04 09:24:42,KH000086,ATM,Thanh toán hóa đơn,24534000,3300,Thành công,CN Bình Dương,53208051
GD202607005432,2026-07-04 09:25:34,KH000057,POS,Thanh toán thẻ,10068000,1100,Thành công,CN Hải Phòng,25077417
GD202607001918,2026-07-04 09:32:41,KH000019,Internet Banking,Nộp tiền mặt,948000,0,Thành công,CN Đà Nẵng,12520453
GD202607010723,2026-07-04 10:05:41,KH000113,Internet Banking,Thanh toán thẻ,2723000,0,Thành công,CN Bình Dương,34935145
GD202607003825,2026-07-04 10:11:37,KH000037,POS,Nạp tiền điện thoại,25349000,3300,Thành công,CN Cầu Giấy,48569758
GD202607000994,2026-07-04 10:33:44,KH000013,Internet Banking,Thanh toán thẻ,1563000,0,Thành công,CN Cầu Giấy,28238538
GD202607005623,2026-07-04 10:50:26,KH000059,Internet Banking,Thanh toán thẻ,21535000,0,Thành công,CN Đà Nẵng,41372684
GD202607014661,2026-07-04 10:52:36,KH000154,Internet Banking,Rút tiền mặt,1898000,0,Thành công,CN Cần Thơ,9091394
GD202607001523,2026-07-04 11:08:11,KH000016,Mobile Banking,Thanh toán thẻ,93000,0,Thành công,CN Bình Dương,220707
GD202607016664,2026-07-04 11:09:00,KH000180,ATM,Nộp tiền mặt,2527000,5500,Thành công,CN Thanh Xuân,54047862
GD202607016305,2026-07-04 11:23:38,KH000176,Internet Banking,Thanh toán thẻ,201000,0,Thành công,CN Đà Nẵng,47156380
GD202607015289,2026-07-04 11:25:47,KH000163,ATM,Rút tiền mặt,105000,5500,Thành công,CN Hoàn Kiếm,16597004
GD202607016665,2026-07-04 11:28:31,KH000180,QR Code,Thanh toán thẻ,2537000,0,Thành công,CN TP Hồ Chí Minh,51510862
GD202607013770,2026-07-04 11:29:40,KH000144,Mobile Banking,Nạp tiền điện thoại,224000,0,Thất bại,CN Hoàn Kiếm,3737181
GD202607014662,2026-07-04 11:37:09,KH000154,POS,Thanh toán thẻ,1376000,0,Thành công,CN Bình Dương,7715394
GD202607003091,2026-07-04 12:01:33,KH000028,Mobile Banking,Chuyển khoản đến,2201000,0,Thành công,CN Thanh Xuân,32600363
GD202607007694,2026-07-04 12:06:59,KH000079,POS,Thanh toán thẻ,213000,5500,Thành công,CN Bình Dương,1623877
GD202607006680,2026-07-04 12:26:55,KH000068,POS,Thanh toán thẻ,6454000,0,Thành công,CN Đà Nẵng,46966189
GD202607007370,2026-07-04 12:27:00,KH000077,Internet Banking,Nạp tiền điện thoại,151000,0,Thành công,CN Hải Phòng,430880
GD202607002540,2026-07-04 12:40:22,KH000024,Quầy giao dịch,Rút tiền mặt,1141000,3300,Thành công,CN Hoàn Kiếm,83421336
GD202607013530,2026-07-04 12:55:37,KH000141,QR Code,Nạp tiền điện thoại,1851000,0,Thành công,CN TP Hồ Chí Minh,4269607
GD202607012934,2026-07-04 12:59:32,KH000132,QR Code,Rút tiền mặt,1119000,0,Thành công,CN Cần Thơ,2495719
GD202607016477,2026-07-04 13:38:40,KH000177,Mobile Banking,Nộp tiền mặt,1061000,0,Thành công,CN Hoàn Kiếm,18837593
GD202607002324,2026-07-04 14:10:33,KH000021,QR Code,Rút tiền mặt,616000,0,Thành công,CN Đà Nẵng,54253738
GD202607010362,2026-07-04 14:11:01,KH000108,Internet Banking,Thanh toán thẻ,304000,0,Thành công,CN TP Hồ Chí Minh,70164692
GD202607001189,2026-07-04 14:13:25,KH000014,Mobile Banking,Chuyển khoản đến,1513000,0,Thành công,CN Đà Nẵng,6508831
GD202607000657,2026-07-04 15:49:46,KH000010,QR Code,Thanh toán thẻ,637000,0,Thành công,CN Quận 1,1572553
GD202607004934,2026-07-04 15:55:24,KH000052,POS,Thanh toán thẻ,170000,0,Thành công,CN Đà Nẵng,243806
GD202607000182,2026-07-04 17:04:44,KH000005,Internet Banking,Chuyển khoản đến,519000,0,Thành công,CN Hoàn Kiếm,2925930
GD202607010085,2026-07-04 17:20:23,KH000104,QR Code,Rút tiền mặt,227000,0,Thành công,CN Quận 1,1209017
GD202607006184,2026-07-04 17:41:15,KH000063,POS,Thanh toán thẻ,491000,5500,Thành công,CN Hải Phòng,62278786
GD202607001917,2026-07-04 18:56:55,KH000019,POS,Thanh toán thẻ,2141000,3300,Thành công,CN Hoàn Kiếm,11572453
GD202607012681,2026-07-04 19:12:42,KH000131,Mobile Banking,Thanh toán thẻ,199000,0,Thành công,CN Hoàn Kiếm,115280
GD202607006637,2026-07-04 19:16:16,KH000067,POS,Thanh toán thẻ,4285000,1100,Thành công,CN Hải Phòng,17690399
GD202607008005,2026-07-04 19:36:26,KH000082,POS,Thanh toán thẻ,2859000,5500,Thành công,CN Hoàn Kiếm,36938916
GD202607015686,2026-07-04 19:40:23,KH000170,Mobile Banking,Nộp tiền mặt,60000,0,Thành công,CN Quận 1,992153
GD202607010361,2026-07-04 19:45:21,KH000108,Quầy giao dịch,Nộp tiền mặt,303000,0,Thành công,CN Hải Phòng,70468692
GD202607004291,2026-07-04 20:25:53,KH000043,POS,Nạp tiền điện thoại,231000,1100,Thành công,CN Cầu Giấy,59992625
GD202607014479,2026-07-04 20:26:47,KH000153,Internet Banking,Chuyển khoản đi,181000,0,Thành công,CN Bình Dương,222241
GD202607013874,2026-07-04 20:29:52,KH000145,ATM,Nộp tiền mặt,277000,5500,Thành công,CN Cầu Giấy,68571653
GD202607000424,2026-07-04 20:34:22,KH000008,Mobile Banking,Thanh toán thẻ,4774000,0,Thành công,CN Cầu Giấy,13450164
GD202607011827,2026-07-04 20:41:39,KH000125,Mobile Banking,Chuyển khoản đi,159000,0,Thành công,CN Cầu Giấy,265636
GD202607017011,2026-07-04 20:52:35,KH000182,POS,Thanh toán thẻ,695000,1100,Thành công,CN TP Hồ Chí Minh,2902171
GD202607004424,2026-07-04 21:00:08,KH000045,POS,Thanh toán thẻ,248000,1100,Thành công,CN Thanh Xuân,46903979
GD202607006681,2026-07-04 21:01:21,KH000068,ATM,Nộp tiền mặt,516000,1100,Thành công,CN TP Hồ Chí Minh,47482189
GD202607004594,2026-07-04 22:03:13,KH000048,Mobile Banking,Nộp tiền mặt,553000,0,Thành công,CN TP Hồ Chí Minh,4418315
GD202607013306,2026-07-04 22:10:37,KH000137,POS,Thanh toán thẻ,2386000,1100,Thành công,CN Cần Thơ,6931180
GD202607018336,2026-07-05 06:05:41,KH000194,ATM,Chuyển khoản đi,538000,3300,Thành công,CN Hoàn Kiếm,3364943
GD202607003092,2026-07-05 06:12:30,KH000028,POS,Thanh toán thẻ,216000,5500,Thành công,CN Thanh Xuân,32378863
GD202607017494,2026-07-05 06:58:04,KH000184,Quầy giao dịch,Nhận lương,38268436,0,Thành công,CN Hải Phòng,68001066
GD202607014052,2026-07-05 07:08:20,KH000148,QR Code,Nạp tiền điện thoại,524000,0,Thành công,CN Hoàn Kiếm,60355762
GD202607001524,2026-07-05 07:08:22,KH000016,Mobile Banking,Thanh toán hóa đơn,102000,0,Thành công,CN Cần Thơ,118707
GD202607005624,2026-07-05 07:11:14,KH000059,Quầy giao dịch,Nhận lương,81135469,0,Thành công,CN Hoàn Kiếm,122508153
GD202607002181,2026-07-05 07:41:58,KH000020,Quầy giao dịch,Nhận lương,62737640,0,Thành công,CN TP Hồ Chí Minh,70403128
GD202607008006,2026-07-05 07:57:09,KH000082,Quầy giao dịch,Nhận lương,10694828,0,Thành công,CN Thanh Xuân,47633744
GD202607017495,2026-07-05 08:04:40,KH000184,Quầy giao dịch,Nạp tiền điện thoại,16877000,1100,Thành công,CN Đà Nẵng,51122966
GD202607004058,2026-07-05 08:23:59,KH000040,Quầy giao dịch,Nhận lương,10287714,0,Thành công,CN Bình Dương,59354811
GD202607013120,2026-07-05 08:34:18,KH000135,Quầy giao dịch,Nạp tiền điện thoại,26438000,3300,Thành công,CN Thanh Xuân,96107876
GD202607014480,2026-07-05 08:35:48,KH000153,POS,Thanh toán thẻ,191000,0,Thành công,CN Hải Phòng,317741
GD202607002704,2026-07-05 08:56:14,KH000025,QR Code,Chuyển khoản đến,191000,0,Thành công,CN Hoàn Kiếm,278131
GD202607011828,2026-07-05 09:45:50,KH000125,Mobile Banking,Chuyển khoản đến,124000,0,Thành công,CN Cần Thơ,389636
GD202607006683,2026-07-05 09:47:47,KH000068,POS,Nộp tiền mặt,8553000,3300,Thành công,CN Thanh Xuân,55375189
GD202607016063,2026-07-05 09:48:38,KH000173,Quầy giao dịch,Thanh toán hóa đơn,289000,5500,Thành công,CN TP Hồ Chí Minh,4338968
GD202607005893,2026-07-05 10:00:52,KH000061,Mobile Banking,Chuyển khoản đến,2313000,0,Thành công,CN Quận 1,9705945
GD202607006413,2026-07-05 10:06:18,KH000065,Mobile Banking,Rút tiền mặt,5789000,0,Thành công,CN TP Hồ Chí Minh,81556297
GD202607014305,2026-07-05 10:15:30,KH000152,Quầy giao dịch,Nhận lương,11681217,0,Thành công,CN Cần Thơ,86759208
GD202607002182,2026-07-05 10:55:24,KH000020,QR Code,Rút tiền mặt,20687000,0,Thành công,CN Đà Nẵng,49716128
GD202607016162,2026-07-05 11:09:23,KH000175,ATM,Chuyển khoản đi,6244000,5500,Thành công,CN Thanh Xuân,29053037
GD202607006185,2026-07-05 11:26:07,KH000063,Quầy giao dịch,Nhận lương,10405912,0,Thành công,CN Thanh Xuân,72684698
GD202607011980,2026-07-05 11:28:53,KH000126,POS,Nạp tiền điện thoại,182000,1100,Thành công,CN Bình Dương,826999
GD202607004426,2026-07-05 11:39:46,KH000045,POS,Thanh toán thẻ,842000,0,Thành công,CN Đà Nẵng,45594979
GD202607012122,2026-07-05 11:43:10,KH000127,Mobile Banking,Nộp tiền mặt,1423000,0,Thành công,CN Cầu Giấy,8010614
GD202607003216,2026-07-05 11:52:16,KH000029,QR Code,Nạp tiền điện thoại,1011000,0,Thành công,CN TP Hồ Chí Minh,2625101
GD202607003215,2026-07-05 11:53:38,KH000029,QR Code,Nộp tiền mặt,479000,0,Thành công,CN Bình Dương,3636101
GD202607001190,2026-07-05 12:21:37,KH000014,Quầy giao dịch,Nhận lương,64014480,0,Thành công,CN TP Hồ Chí Minh,70523310
GD202607007175,2026-07-05 12:36:20,KH000075,Mobile Banking,Chuyển khoản đến,2426000,0,Thành công,CN Bình Dương,23366592
GD202607010724,2026-07-05 13:16:38,KH000113,Mobile Banking,Thanh toán thẻ,4934000,0,Thành công,CN Cần Thơ,30001145
GD202607005131,2026-07-05 13:23:46,KH000053,Internet Banking,Chuyển khoản đến,3245000,0,Thành công,CN Cầu Giấy,42719129
GD202607002703,2026-07-05 13:28:47,KH000025,Internet Banking,Nạp tiền điện thoại,141000,0,Thành công,CN Cần Thơ,87131
GD202607000425,2026-07-05 14:02:58,KH000008,Quầy giao dịch,Nhận lương,40990731,0,Thành công,CN TP Hồ Chí Minh,54440895
GD202607006412,2026-07-05 14:22:37,KH000065,Internet Banking,Thanh toán hóa đơn,17404000,0,Thành công,CN Hoàn Kiếm,87345297
GD202607000819,2026-07-05 14:26:54,KH000011,Internet Banking,Thanh toán thẻ,3174000,0,Thành công,CN Đà Nẵng,75807466
GD202607001919,2026-07-05 14:55:27,KH000019,Mobile Banking,Thanh toán thẻ,73000,0,Thành công,CN Cầu Giấy,12447453
GD202607006745,2026-07-05 14:55:46,KH000070,POS,Thanh toán thẻ,2559000,0,Thành công,CN Quận 1,89381168
GD202607003899,2026-07-05 14:58:36,KH000038,QR Code,Thanh toán thẻ,4886000,0,Thành công,CN Quận 1,82018051
GD202607003444,2026-07-05 15:01:59,KH000032,Mobile Banking,Thanh toán thẻ,144000,0,Thành công,CN Hoàn Kiếm,68853332
GD202607009665,2026-07-05 15:04:38,KH000098,QR Code,Nộp tiền mặt,653000,0,Thành công,CN Hải Phòng,14994787
GD202607006186,2026-07-05 15:14:31,KH000063,Internet Banking,Thanh toán thẻ,119000,0,Thành công,CN Cần Thơ,72565698
GD202607004595,2026-07-05 15:24:23,KH000048,Internet Banking,Thanh toán hóa đơn,778000,0,Thất bại,CN Quận 1,4418315
GD202607010494,2026-07-05 15:54:43,KH000110,Quầy giao dịch,Nhận lương,10407432,0,Thành công,CN Đà Nẵng,55845055
GD202607006682,2026-07-05 15:57:16,KH000068,POS,Rút tiền mặt,660000,0,Thành công,CN Cần Thơ,46822189
GD202607015290,2026-07-05 16:05:03,KH000163,POS,Thanh toán thẻ,3635000,0,Thành công,CN Hoàn Kiếm,12962004
GD202607006187,2026-07-05 16:12:24,KH000063,POS,Thanh toán thẻ,1270000,1100,Thành công,CN Đà Nẵng,71294598
GD202607000426,2026-07-05 16:14:07,KH000008,Mobile Banking,Thanh toán thẻ,14567000,0,Thành công,CN TP Hồ Chí Minh,39873895
GD202607005130,2026-07-05 16:57:02,KH000053,QR Code,Thanh toán thẻ,7875000,0,Thành công,CN Cầu Giấy,39474129
GD202607010086,2026-07-05 17:01:23,KH000104,Internet Banking,Chuyển khoản đến,316000,0,Thành công,CN Thanh Xuân,1525017
GD202607015604,2026-07-05 17:02:54,KH000169,POS,Thanh toán thẻ,5549000,3300,Thành công,CN Cần Thơ,43362331
GD202607017915,2026-07-05 17:05:38,KH000189,POS,Nộp tiền mặt,40075000,3300,Thành công,CN Đà Nẵng,172914679
GD202607015419,2026-07-05 17:12:27,KH000165,Quầy giao dịch,Nhận lương,9165365,0,Thành công,CN Thanh Xuân,38239414
GD202607011091,2026-07-05 17:24:04,KH000117,Mobile Banking,Thanh toán hóa đơn,162000,0,Thành công,CN Thanh Xuân,69800590
GD202607003898,2026-07-05 17:24:31,KH000038,QR Code,Thanh toán thẻ,1238000,0,Thành công,CN Đà Nẵng,86904051
GD202607013875,2026-07-05 17:32:02,KH000145,Quầy giao dịch,Nhận lương,11532906,0,Thành công,CN Thanh Xuân,80104559
GD202607014164,2026-07-05 17:40:14,KH000150,Quầy giao dịch,Thanh toán hóa đơn,5006000,0,Thành công,CN Đà Nẵng,16759726
GD202607015789,2026-07-05 17:53:47,KH000171,Mobile Banking,Nạp tiền điện thoại,168000,0,Thành công,CN Cầu Giấy,225451
GD202607005892,2026-07-05 17:55:12,KH000061,POS,Thanh toán thẻ,1755000,3300,Thành công,CN TP Hồ Chí Minh,7392945
GD202607015603,2026-07-05 18:11:01,KH000169,Quầy giao dịch,Nhận lương,45368161,0,Thành công,CN Cầu Giấy,48914631
GD202607013771,2026-07-05 18:19:59,KH000144,Internet Banking,Thanh toán hóa đơn,535000,0,Thành công,CN Hoàn Kiếm,3202181
GD202607004425,2026-07-05 18:28:39,KH000045,Mobile Banking,Thanh toán thẻ,467000,0,Thành công,CN Thanh Xuân,46436979
GD202607014307,2026-07-05 18:43:35,KH000152,Internet Banking,Thanh toán hóa đơn,828000,0,Thành công,CN Đà Nẵng,82530908
GD202607013391,2026-07-05 18:51:10,KH000138,Quầy giao dịch,Nhận lương,8209405,0,Thành công,CN Quận 1,29388156
GD202607003986,2026-07-05 18:53:37,KH000039,Quầy giao dịch,Nhận lương,8444779,0,Thành công,CN Hoàn Kiếm,68729875
GD202607017316,2026-07-05 18:55:27,KH000183,Internet Banking,Thanh toán hóa đơn,833000,0,Thành công,CN TP Hồ Chí Minh,10927749
GD202607015167,2026-07-05 18:57:32,KH000162,QR Code,Thanh toán thẻ,60000,0,Thành công,CN Cần Thơ,76403
GD202607013189,2026-07-05 19:44:34,KH000136,QR Code,Chuyển khoản đến,4809000,0,Thành công,CN Cần Thơ,21077464
GD202607007371,2026-07-05 19:48:34,KH000077,Internet Banking,Nạp tiền điện thoại,124000,0,Thành công,CN Đà Nẵng,306880
GD202607008127,2026-07-05 20:07:22,KH000083,Internet Banking,Chuyển khoản đi,84000,0,Thành công,CN Hải Phòng,54594946
GD202607011390,2026-07-05 20:25:54,KH000119,QR Code,Rút tiền mặt,91000,0,Thất bại,CN Đà Nẵng,44121131
GD202607016478,2026-07-05 20:38:28,KH000177,QR Code,Nộp tiền mặt,1040000,0,Thành công,CN Đà Nẵng,19877593
GD202607005310,2026-07-05 20:42:43,KH000056,QR Code,Nộp tiền mặt,408000,0,Thành công,CN Cần Thơ,86910743
GD202607013772,2026-07-05 20:50:06,KH000144,Quầy giao dịch,Thanh toán hóa đơn,355000,5500,Thành công,CN Hoàn Kiếm,2841681
GD202607001365,2026-07-05 21:14:25,KH000015,Mobile Banking,Thanh toán thẻ,2586000,0,Thành công,CN Cần Thơ,6345840
GD202607006911,2026-07-05 21:34:24,KH000073,Quầy giao dịch,Nhận lương,47428613,0,Thành công,CN TP Hồ Chí Minh,121429812
GD202607014306,2026-07-05 22:02:51,KH000152,POS,Rút tiền mặt,3397000,3300,Thành công,CN TP Hồ Chí Minh,83358908
GD202607008493,2026-07-05 22:31:44,KH000086,Quầy giao dịch,Nhận lương,41782260,0,Thành công,CN Thanh Xuân,94990311
GD202607017012,2026-07-05 22:34:31,KH000182,Internet Banking,Rút tiền mặt,346000,0,Thành công,CN Đà Nẵng,2556171
GD202607017740,2026-07-05 22:59:16,KH000187,Internet Banking,Nộp tiền mặt,290000,0,Thành công,CN Quận 1,2992782
GD202607018139,2026-07-06 06:55:58,KH000191,Internet Banking,Thanh toán thẻ,172000,0,Thành công,CN Cần Thơ,3521549
GD202607003327,2026-07-06 07:00:23,KH000031,QR Code,Nộp tiền mặt,166000,0,Thành công,CN Hoàn Kiếm,491503
GD202607005895,2026-07-06 07:14:54,KH000061,Internet Banking,Thanh toán thẻ,582000,0,Thành công,CN Bình Dương,17599101
GD202607002325,2026-07-06 07:15:35,KH000021,Quầy giao dịch,Nhận lương,8075878,0,Thành công,CN TP Hồ Chí Minh,62329616
GD202607002705,2026-07-06 07:41:57,KH000025,POS,Thanh toán thẻ,150000,1100,Thành công,CN Cầu Giấy,127031
GD202607001366,2026-07-06 08:38:02,KH000015,POS,Rút tiền mặt,1802000,5500,Thành công,CN Cầu Giấy,4538340
GD202607007535,2026-07-06 08:51:42,KH000078,Quầy giao dịch,Nhận lương,22208048,0,Thành công,CN Cần Thơ,151502915
GD202607004690,2026-07-06 08:52:21,KH000050,POS,Thanh toán thẻ,5914000,5500,Thành công,CN Hải Phòng,25069275
GD202607009950,2026-07-06 08:56:13,KH000103,QR Code,Thanh toán hóa đơn,717000,0,Thành công,CN Hoàn Kiếm,7377419
GD202607004596,2026-07-06 09:16:56,KH000048,Internet Banking,Rút tiền mặt,888000,0,Thành công,CN Thanh Xuân,3530315
GD202607003218,2026-07-06 09:18:06,KH000029,POS,Nộp tiền mặt,182000,3300,Thành công,CN TP Hồ Chí Minh,1906101
GD202607006747,2026-07-06 09:29:16,KH000070,QR Code,Thanh toán thẻ,1379000,0,Thành công,CN TP Hồ Chí Minh,97211230
GD202607006746,2026-07-06 09:45:57,KH000070,Quầy giao dịch,Nhận lương,9209062,0,Thành công,CN Cầu Giấy,98590230
GD202607005134,2026-07-06 09:53:09,KH000053,QR Code,Chuyển khoản đi,2783000,0,Thành công,CN Cần Thơ,93054340
GD202607017317,2026-07-06 10:05:06,KH000183,POS,Nộp tiền mặt,833000,1100,Thành công,CN Hoàn Kiếm,11760749
GD202607010939,2026-07-06 10:12:01,KH000115,Quầy giao dịch,Nhận lương,11895706,0,Thành công,CN Quận 1,36967751
GD202607001191,2026-07-06 10:24:25,KH000014,Internet Banking,Nạp tiền điện thoại,7724000,0,Thành công,CN Hoàn Kiếm,62799310
GD202607000909,2026-07-06 10:37:35,KH000012,Internet Banking,Chuyển khoản đến,1041000,0,Thành công,CN Đà Nẵng,84740601
GD202607017318,2026-07-06 11:02:36,KH000183,Internet Banking,Chuyển khoản đến,422000,0,Thành công,CN Đà Nẵng,12182749
GD202607003274,2026-07-06 11:10:50,KH000030,Quầy giao dịch,Nhận lương,11781427,0,Thành công,CN TP Hồ Chí Minh,157655400
GD202607011391,2026-07-06 11:13:36,KH000119,QR Code,Chuyển khoản đến,177000,0,Thành công,CN Cần Thơ,44298131
GD202607012935,2026-07-06 11:14:37,KH000132,POS,Thanh toán thẻ,688000,3300,Thành công,CN TP Hồ Chí Minh,1804419
GD202607002458,2026-07-06 11:23:06,KH000023,POS,Thanh toán thẻ,5975000,5500,Thành công,CN Bình Dương,31720736
GD202607011829,2026-07-06 11:32:55,KH000125,QR Code,Thanh toán thẻ,65000,0,Thành công,CN Hải Phòng,324636
GD202607010725,2026-07-06 11:33:41,KH000113,Mobile Banking,Rút tiền mặt,6420000,0,Thành công,CN Hải Phòng,23581145
GD202607017741,2026-07-06 11:36:58,KH000187,Mobile Banking,Nộp tiền mặt,668000,0,Thành công,CN Bình Dương,3660782
GD202607000995,2026-07-06 11:40:46,KH000013,QR Code,Chuyển khoản đi,4312000,0,Thành công,CN Hoàn Kiếm,23926538
GD202607000266,2026-07-06 11:44:14,KH000006,QR Code,Rút tiền mặt,341000,0,Thành công,CN Cầu Giấy,3925966
GD202607016547,2026-07-06 12:17:52,KH000178,Internet Banking,Thanh toán thẻ,718000,0,Thành công,CN Thanh Xuân,31419777
GD202607000267,2026-07-06 12:31:02,KH000006,Internet Banking,Nạp tiền điện thoại,115000,0,Thành công,CN Cầu Giấy,3810966
GD202607014809,2026-07-06 12:53:12,KH000157,Internet Banking,Chuyển khoản đến,959000,0,Thành công,CN Cầu Giấy,10594653
GD202607015541,2026-07-06 12:53:44,KH000168,QR Code,Chuyển khoản đi,1553000,0,Thất bại,CN Thanh Xuân,22643100
GD202607002933,2026-07-06 13:03:20,KH000027,Quầy giao dịch,Nhận lương,17035682,0,Thành công,CN Cầu Giấy,26489973
GD202607015941,2026-07-06 13:05:45,KH000172,Quầy giao dịch,Chuyển khoản đi,452000,3300,Thành công,CN Thanh Xuân,4277478
GD202607004689,2026-07-06 13:15:49,KH000050,Quầy giao dịch,Nhận lương,10245400,0,Thành công,CN Quận 1,30988775
GD202607016666,2026-07-06 13:27:21,KH000180,Quầy giao dịch,Nhận lương,11841175,0,Thành công,CN Bình Dương,63352037
GD202607015292,2026-07-06 13:32:33,KH000163,Mobile Banking,Chuyển khoản đến,2705000,0,Thành công,CN Đà Nẵng,12703004
GD202607009376,2026-07-06 13:33:55,KH000096,QR Code,Thanh toán thẻ,1489000,0,Thất bại,CN Cần Thơ,11155298
GD202607003217,2026-07-06 13:43:33,KH000029,QR Code,Thanh toán hóa đơn,901000,0,Thành công,CN Đà Nẵng,1724101
GD202607004935,2026-07-06 14:13:34,KH000052,POS,Thanh toán thẻ,149000,0,Thành công,CN Cần Thơ,94806
GD202607005894,2026-07-06 14:19:34,KH000061,Quầy giao dịch,Nhận lương,8475156,0,Thành công,CN Đà Nẵng,18181101
GD202607009666,2026-07-06 14:23:40,KH000098,Mobile Banking,Thanh toán thẻ,793000,0,Thành công,CN Quận 1,14201787
GD202607010247,2026-07-06 14:29:52,KH000106,Internet Banking,Nộp tiền mặt,576000,0,Thành công,CN Quận 1,35051449
GD202607013725,2026-07-06 14:44:31,KH000143,Quầy giao dịch,Nhận lương,9291319,0,Thành công,CN Cần Thơ,65631062
GD202607012682,2026-07-06 14:49:13,KH000131,Internet Banking,Thanh toán thẻ,179000,0,Thành công,CN Thanh Xuân,204780
GD202607000060,2026-07-06 15:00:40,KH000002,Quầy giao dịch,Nhận lương,9879598,0,Thành công,CN Đà Nẵng,97015376
GD202607004059,2026-07-06 15:01:01,KH000040,Internet Banking,Nộp tiền mặt,5251000,0,Thành công,CN Thanh Xuân,64605811
GD202607015291,2026-07-06 15:09:22,KH000163,Mobile Banking,Nạp tiền điện thoại,2964000,0,Thành công,CN Cầu Giấy,9998004
GD202607007176,2026-07-06 15:31:38,KH000075,QR Code,Nạp tiền điện thoại,322000,0,Thành công,CN Cần Thơ,23044592
GD202607005133,2026-07-06 15:36:37,KH000053,POS,Thanh toán thẻ,9414000,1100,Thành công,CN Cần Thơ,95837340
GD202607001920,2026-07-06 15:42:50,KH000019,Quầy giao dịch,Nhận lương,9720959,0,Thành công,CN Bình Dương,22168412
GD202607016667,2026-07-06 16:05:45,KH000180,Internet Banking,Rút tiền mặt,2638000,0,Thành công,CN Đà Nẵng,60714037
GD202607008879,2026-07-06 16:13:19,KH000092,QR Code,Thanh toán thẻ,524000,0,Thành công,CN Hoàn Kiếm,3955184
GD202607008299,2026-07-06 16:40:44,KH000084,Quầy giao dịch,Nhận lương,8583820,0,Thành công,CN Quận 1,23647211
GD202607003553,2026-07-06 16:54:15,KH000033,Quầy giao dịch,Nhận lương,10697254,0,Thành công,CN Quận 1,72040380
GD202607011213,2026-07-06 17:12:46,KH000118,Quầy giao dịch,Nhận lương,14404240,0,Thành công,CN Bình Dương,27497419
GD202607011007,2026-07-06 17:42:21,KH000116,ATM,Nạp tiền điện thoại,8217000,5500,Thành công,CN Cầu Giấy,17711385
GD202607013392,2026-07-06 17:55:32,KH000138,Quầy giao dịch,Thanh toán hóa đơn,9471000,1100,Thành công,CN Đà Nẵng,19916056
GD202607017320,2026-07-06 17:59:27,KH000183,Quầy giao dịch,Nộp tiền mặt,3608000,3300,Thành công,CN Cầu Giấy,13948749
GD202607003658,2026-07-06 18:12:10,KH000034,Quầy giao dịch,Nhận lương,7969799,0,Thành công,CN Thanh Xuân,58893327
GD202607007034,2026-07-06 18:15:12,KH000074,Internet Banking,Nộp tiền mặt,2024000,0,Thành công,CN Quận 1,26627660
GD202607018262,2026-07-06 18:37:47,KH000192,Quầy giao dịch,Nhận lương,20999442,0,Thành công,CN Cầu Giấy,179135639
GD202607018140,2026-07-06 18:49:05,KH000191,POS,Thanh toán thẻ,393000,3300,Thành công,CN Hải Phòng,3125249
GD202607008494,2026-07-06 18:53:44,KH000086,Mobile Banking,Chuyển khoản đến,23217000,0,Thành công,CN Thanh Xuân,118207311
GD202607015357,2026-07-06 18:54:54,KH000164,Quầy giao dịch,Nhận lương,8874158,0,Thành công,CN Hải Phòng,27090704
GD202607014808,2026-07-06 19:14:35,KH000157,Quầy giao dịch,Nhận lương,8657897,0,Thành công,CN Thanh Xuân,9635653
GD202607017496,2026-07-06 19:31:07,KH000184,POS,Thanh toán thẻ,12524000,5500,Thành công,CN Cần Thơ,38593466
GD202607009749,2026-07-06 19:33:08,KH000099,POS,Thanh toán thẻ,2064000,5500,Thành công,CN Bình Dương,48848641
GD202607005132,2026-07-06 19:37:02,KH000053,Quầy giao dịch,Nhận lương,62533311,0,Thành công,CN TP Hồ Chí Minh,105252440
GD202607003093,2026-07-06 19:42:04,KH000028,Quầy giao dịch,Nhận lương,12050411,0,Thành công,CN TP Hồ Chí Minh,44429274
GD202607017319,2026-07-06 19:45:44,KH000183,QR Code,Thanh toán hóa đơn,1842000,0,Thành công,CN Hải Phòng,10340749
GD202607016306,2026-07-06 19:45:52,KH000176,Internet Banking,Thanh toán thẻ,369000,0,Thành công,CN TP Hồ Chí Minh,46787380
GD202607015790,2026-07-06 19:59:55,KH000171,Mobile Banking,Thanh toán thẻ,145000,0,Thành công,CN Hoàn Kiếm,80451
GD202607016163,2026-07-06 20:06:45,KH000175,ATM,Nạp tiền điện thoại,6049000,5500,Thành công,CN Cần Thơ,22998537
GD202607014998,2026-07-06 20:28:37,KH000160,Quầy giao dịch,Nhận lương,11799977,0,Thành công,CN Thanh Xuân,84247071
GD202607018452,2026-07-06 20:40:38,KH000195,Quầy giao dịch,Chuyển khoản đến,149000,0,Thành công,CN Thanh Xuân,236217
GD202607008301,2026-07-06 20:51:51,KH000084,QR Code,Thanh toán thẻ,2259000,0,Thành công,CN Thanh Xuân,20116211
GD202607002457,2026-07-06 21:17:28,KH000023,QR Code,Thanh toán thẻ,2838000,0,Thành công,CN Hải Phòng,37701236
GD202607015358,2026-07-06 21:19:34,KH000164,Mobile Banking,Chuyển khoản đến,166000,0,Thành công,CN Đà Nẵng,27256704
GD202607009748,2026-07-06 21:24:31,KH000099,Quầy giao dịch,Nhận lương,10498177,0,Thành công,CN Cần Thơ,50918141
GD202607004533,2026-07-06 21:31:26,KH000046,Quầy giao dịch,Nhận lương,42302511,0,Thành công,CN TP Hồ Chí Minh,124267188
GD202607005625,2026-07-06 21:41:24,KH000059,QR Code,Nộp tiền mặt,10472000,0,Thành công,CN Hải Phòng,132980153
GD202607009120,2026-07-06 21:41:36,KH000094,Mobile Banking,Chuyển khoản đến,1097000,0,Thành công,CN Cần Thơ,71556521
GD202607008300,2026-07-06 21:41:49,KH000084,Mobile Banking,Thanh toán thẻ,1272000,0,Thành công,CN Quận 1,22375211
GD202607009548,2026-07-06 21:44:43,KH000097,ATM,Chuyển khoản đi,1138000,1100,Thành công,CN TP Hồ Chí Minh,5920949
GD202607004427,2026-07-06 21:52:59,KH000045,POS,Thanh toán thẻ,1341000,0,Thành công,CN TP Hồ Chí Minh,44253979
GD202607013625,2026-07-06 22:13:27,KH000142,Quầy giao dịch,Chuyển khoản đến,7205000,1100,Thành công,CN Cầu Giấy,65795791
GD202607013773,2026-07-06 22:35:46,KH000144,Quầy giao dịch,Nhận lương,11113720,0,Thành công,CN Cầu Giấy,13955401
GD202607002934,2026-07-06 22:37:49,KH000027,Internet Banking,Rút tiền mặt,1200000,0,Thành công,CN TP Hồ Chí Minh,25289973
GD202607009860,2026-07-07 06:06:11,KH000101,Quầy giao dịch,Chuyển khoản đi,6209000,1100,Thành công,CN Cần Thơ,79706084
GD202607002183,2026-07-07 06:28:03,KH000020,ATM,Chuyển khoản đến,12330000,3300,Thành công,CN Cần Thơ,62046128
GD202607009951,2026-07-07 06:35:09,KH000103,Mobile Banking,Thanh toán thẻ,871000,0,Thành công,CN TP Hồ Chí Minh,6506419
GD202607017550,2026-07-07 06:43:50,KH000185,QR Code,Thanh toán hóa đơn,3131000,0,Thành công,CN Hoàn Kiếm,28524652
GD202607002710,2026-07-07 07:08:42,KH000025,QR Code,Nộp tiền mặt,141000,0,Thành công,CN Bình Dương,583931
GD202607017916,2026-07-07 07:19:45,KH000189,Quầy giao dịch,Nhận lương,101161879,0,Thành công,CN Cầu Giấy,274076558
GD202607018639,2026-07-07 07:38:48,KH000197,Quầy giao dịch,Nhận lương,63273256,0,Thành công,CN Quận 1,143840560
GD202607018001,2026-07-07 07:48:48,KH000190,POS,Thanh toán thẻ,35253000,0,Thành công,CN Hải Phòng,345829841
GD202607000910,2026-07-07 07:50:11,KH000012,Quầy giao dịch,Nhận lương,11106544,0,Thành công,CN Cầu Giấy,95847146
GD202607006188,2026-07-07 07:52:28,KH000063,Internet Banking,Chuyển khoản đến,558000,0,Thành công,CN Bình Dương,71852598
GD202607007696,2026-07-07 08:01:58,KH000079,Mobile Banking,Nộp tiền mặt,162000,0,Thành công,CN Bình Dương,1672877
GD202607000820,2026-07-07 08:12:19,KH000011,Internet Banking,Nộp tiền mặt,3253000,0,Thành công,CN Quận 1,79060466
GD202607013876,2026-07-07 08:15:03,KH000145,Internet Banking,Rút tiền mặt,102000,0,Thành công,CN Hoàn Kiếm,80002559
GD202607017742,2026-07-07 08:26:06,KH000187,Internet Banking,Thanh toán hóa đơn,1214000,0,Thành công,CN TP Hồ Chí Minh,2446782
GD202607008587,2026-07-07 08:34:35,KH000087,QR Code,Nộp tiền mặt,149000,0,Thành công,CN Quận 1,381026
GD202607006416,2026-07-07 08:43:53,KH000065,POS,Thanh toán thẻ,29443000,3300,Thành công,CN TP Hồ Chí Minh,154447795
GD202607010653,2026-07-07 08:46:46,KH000112,Quầy giao dịch,Nhận lương,8730470,0,Thành công,CN Thanh Xuân,42591114
GD202607003900,2026-07-07 08:56:43,KH000038,Quầy giao dịch,Nhận lương,11245067,0,Thành công,CN Hoàn Kiếm,93263118
GD202607011392,2026-07-07 09:22:59,KH000119,Quầy giao dịch,Nhận lương,7856941,0,Thành công,CN Cầu Giấy,52155072
GD202607007224,2026-07-07 10:00:41,KH000076,Quầy giao dịch,Nộp tiền mặt,158000,1100,Thành công,CN Thanh Xuân,1560341
GD202607004428,2026-07-07 10:07:47,KH000045,Quầy giao dịch,Nhận lương,10720236,0,Thành công,CN Cầu Giấy,54974215
GD202607007695,2026-07-07 10:29:49,KH000079,QR Code,Thanh toán hóa đơn,113000,0,Thành công,CN Cầu Giấy,1510877
GD202607001727,2026-07-07 10:48:41,KH000018,Internet Banking,Chuyển khoản đến,302000,0,Thành công,CN TP Hồ Chí Minh,60196399
GD202607006874,2026-07-07 11:36:05,KH000072,Quầy giao dịch,Nhận lương,10904916,0,Thành công,CN Đà Nẵng,73305230
GD202607005896,2026-07-07 11:47:40,KH000061,Mobile Banking,Thanh toán thẻ,1010000,0,Thành công,CN Cần Thơ,16589101
GD202607003445,2026-07-07 11:51:40,KH000032,Quầy giao dịch,Nhận lương,11481284,0,Thành công,CN Thanh Xuân,80334615
GD202607002459,2026-07-07 11:56:00,KH000023,POS,Thanh toán thẻ,5475000,0,Thành công,CN Hải Phòng,26245736
GD202607004554,2026-07-07 11:59:35,KH000047,Quầy giao dịch,Nhận lương,10321223,0,Thành công,CN Hải Phòng,114141214
GD202607016801,2026-07-07 12:01:20,KH000181,Mobile Banking,Thanh toán thẻ,130000,0,Thành công,CN Hoàn Kiếm,215720
GD202607005510,2026-07-07 12:32:29,KH000058,Quầy giao dịch,Nhận lương,44515877,0,Thành công,CN Thanh Xuân,153446603
GD202607009750,2026-07-07 12:32:50,KH000099,POS,Thanh toán thẻ,1248000,5500,Thành công,CN TP Hồ Chí Minh,47595141
GD202607003220,2026-07-07 13:08:39,KH000029,POS,Thanh toán thẻ,350000,0,Thành công,CN Bình Dương,1177101
GD202607016164,2026-07-07 13:22:20,KH000175,Quầy giao dịch,Nhận lương,9517062,0,Thành công,CN Đà Nẵng,32515599
GD202607001921,2026-07-07 13:23:04,KH000019,POS,Thanh toán thẻ,99000,0,Thành công,CN Hoàn Kiếm,22069412
GD202607002708,2026-07-07 13:47:27,KH000025,QR Code,Nộp tiền mặt,178000,0,Thành công,CN Bình Dương,522031
GD202607018453,2026-07-07 14:01:06,KH000195,POS,Thanh toán thẻ,109000,3300,Thành công,CN Hải Phòng,123917
GD202607018141,2026-07-07 14:32:08,KH000191,Quầy giao dịch,Nhận lương,14024759,0,Thành công,CN Quận 1,17150008
GD202607011581,2026-07-07 14:33:07,KH000121,Mobile Banking,Rút tiền mặt,959000,0,Thành công,CN Quận 1,2972749
GD202607004215,2026-07-07 14:37:22,KH000042,Mobile Banking,Chuyển khoản đến,622000,0,Thành công,CN Cần Thơ,40258615
GD202607011393,2026-07-07 14:38:45,KH000119,Mobile Banking,Thanh toán thẻ,74000,0,Thành công,CN Cầu Giấy,52081072
GD202607008302,2026-07-07 14:40:59,KH000084,Mobile Banking,Chuyển khoản đi,296000,0,Thành công,CN Đà Nẵng,19820211
GD202607003094,2026-07-07 14:52:44,KH000028,Mobile Banking,Nạp tiền điện thoại,2448000,0,Thành công,CN Đà Nẵng,41981274
GD202607012683,2026-07-07 14:59:26,KH000131,Mobile Banking,Nạp tiền điện thoại,107000,0,Thành công,CN Thanh Xuân,97780
GD202607012476,2026-07-07 15:17:44,KH000130,QR Code,Thanh toán thẻ,5270000,0,Thành công,CN Thanh Xuân,23838830
GD202607005135,2026-07-07 15:51:38,KH000053,Internet Banking,Thanh toán thẻ,27460000,0,Thành công,CN Thanh Xuân,65594340
GD202607018640,2026-07-07 16:14:57,KH000197,QR Code,Thanh toán hóa đơn,46430000,0,Thành công,CN Thanh Xuân,97410560
GD202607002709,2026-07-07 16:37:18,KH000025,POS,Thanh toán thẻ,78000,1100,Thành công,CN Hải Phòng,442931
GD202607010839,2026-07-07 16:50:58,KH000114,Mobile Banking,Chuyển khoản đến,1651000,0,Thành công,CN TP Hồ Chí Minh,61447933
GD202607001525,2026-07-07 17:06:59,KH000016,QR Code,Thanh toán thẻ,63000,0,Thành công,CN Hoàn Kiếm,55707
GD202607012936,2026-07-07 17:21:58,KH000132,Quầy giao dịch,Nhận lương,22782784,0,Thành công,CN Cần Thơ,24587204
GD202607006414,2026-07-07 17:32:13,KH000065,Quầy giao dịch,Nhận lương,68194798,0,Thành công,CN Quận 1,149751095
GD202607002706,2026-07-07 17:37:49,KH000025,POS,Nộp tiền mặt,69000,1100,Thành công,CN Quận 1,196031
GD202607003219,2026-07-07 17:41:08,KH000029,QR Code,Rút tiền mặt,379000,0,Thành công,CN Quận 1,1527101
GD202607013626,2026-07-07 17:55:31,KH000142,Quầy giao dịch,Thanh toán hóa đơn,2171000,5500,Thành công,CN Cầu Giấy,63619291
GD202607010087,2026-07-07 18:10:02,KH000104,Internet Banking,Rút tiền mặt,207000,0,Thành công,CN Cần Thơ,1318017
GD202607006190,2026-07-07 18:17:37,KH000063,Mobile Banking,Rút tiền mặt,152000,0,Thành công,CN Hải Phòng,71241598
GD202607012124,2026-07-07 18:20:57,KH000127,Quầy giao dịch,Chuyển khoản đến,1089000,0,Thành công,CN Bình Dương,24706713
GD202607018263,2026-07-07 18:25:42,KH000192,Quầy giao dịch,Thanh toán hóa đơn,26645000,5500,Thành công,CN Quận 1,152485139
GD202607000911,2026-07-07 18:51:09,KH000012,ATM,Rút tiền mặt,1132000,0,Thành công,CN Cần Thơ,94715146
GD202607007697,2026-07-07 18:54:57,KH000079,Mobile Banking,Nạp tiền điện thoại,457000,0,Thành công,CN Thanh Xuân,1215877
GD202607011214,2026-07-07 19:05:12,KH000118,POS,Chuyển khoản đến,4485000,1100,Thành công,CN Đà Nẵng,31982419
GD202607015942,2026-07-07 19:14:21,KH000172,Internet Banking,Chuyển khoản đến,384000,0,Thành công,CN Quận 1,4661478
GD202607013983,2026-07-07 19:15:25,KH000147,POS,Thanh toán thẻ,2700000,1100,Thành công,CN Thanh Xuân,124212050
GD202607013121,2026-07-07 19:34:32,KH000135,Internet Banking,Thanh toán thẻ,3925000,0,Thành công,CN Hải Phòng,92182876
GD202607007372,2026-07-07 19:45:04,KH000077,POS,Thanh toán thẻ,99000,5500,Thành công,CN Hoàn Kiếm,202380
GD202607014891,2026-07-07 19:56:52,KH000158,Mobile Banking,Rút tiền mặt,9145000,0,Thành công,CN Hoàn Kiếm,67895622
GD202607008880,2026-07-07 20:02:20,KH000092,Quầy giao dịch,Nhận lương,11544615,0,Thành công,CN Cần Thơ,15499799
GD202607011215,2026-07-07 20:09:34,KH000118,Mobile Banking,Thanh toán thẻ,8860000,0,Thành công,CN Hoàn Kiếm,23122419
GD202607009377,2026-07-07 20:17:32,KH000096,Quầy giao dịch,Nhận lương,29588995,0,Thành công,CN Đà Nẵng,40744293
GD202607015294,2026-07-07 20:41:19,KH000163,POS,Thanh toán thẻ,7135000,3300,Thành công,CN Hải Phòng,47791017
GD202607013774,2026-07-07 21:00:27,KH000144,Quầy giao dịch,Thanh toán hóa đơn,2439000,3300,Thành công,CN TP Hồ Chí Minh,11513101
GD202607003328,2026-07-07 21:14:33,KH000031,Internet Banking,Thanh toán thẻ,113000,0,Thành công,CN Cầu Giấy,378503
GD202607002707,2026-07-07 21:19:06,KH000025,QR Code,Chuyển khoản đến,148000,0,Thành công,CN Đà Nẵng,344031
GD202607016548,2026-07-07 21:24:44,KH000178,QR Code,Chuyển khoản đi,7025000,0,Thành công,CN Cần Thơ,24394777
GD202607009549,2026-07-07 21:42:40,KH000097,Mobile Banking,Chuyển khoản đến,470000,0,Thất bại,CN TP Hồ Chí Minh,5920949
GD202607015293,2026-07-07 22:02:42,KH000163,Quầy giao dịch,Nhận lương,42226314,0,Thành công,CN Hải Phòng,54929317
GD202607012477,2026-07-07 22:05:34,KH000130,Internet Banking,Chuyển khoản đến,1525000,0,Thành công,CN Hoàn Kiếm,25363830
GD202607006189,2026-07-07 22:33:02,KH000063,Internet Banking,Thanh toán hóa đơn,459000,0,Thành công,CN Bình Dương,71393598
GD202607012123,2026-07-07 22:52:31,KH000127,Quầy giao dịch,Nhận lương,15607099,0,Thành công,CN Đà Nẵng,23617713
GD202607006415,2026-07-07 22:53:13,KH000065,Internet Banking,Chuyển khoản đến,34143000,0,Thành công,CN TP Hồ Chí Minh,183894095
GD202607017619,2026-07-07 22:54:43,KH000186,Quầy giao dịch,Nhận lương,11524082,0,Thành công,CN Thanh Xuân,16167425
GD202607005311,2026-07-08 06:27:50,KH000056,Quầy giao dịch,Nhận lương,11486409,0,Thành công,CN Bình Dương,98397152
GD202607014227,2026-07-08 06:48:23,KH000151,Internet Banking,Thanh toán thẻ,1185000,0,Thành công,CN Bình Dương,2967216
GD202607010840,2026-07-08 06:52:52,KH000114,Quầy giao dịch,Nhận lương,11879294,0,Thành công,CN Hoàn Kiếm,73327227
GD202607007699,2026-07-08 06:59:51,KH000079,QR Code,Thanh toán thẻ,8959000,0,Thành công,CN Cần Thơ,23665282
GD202607015542,2026-07-08 07:14:50,KH000168,POS,Thanh toán thẻ,1303000,3300,Thành công,CN Hải Phòng,21336800
GD202607017013,2026-07-08 07:42:43,KH000182,Mobile Banking,Thanh toán thẻ,535000,0,Thành công,CN Bình Dương,2021171
GD202607013877,2026-07-08 08:37:34,KH000145,Quầy giao dịch,Nộp tiền mặt,268000,1100,Thành công,CN TP Hồ Chí Minh,80270559
GD202607004155,2026-07-08 08:44:39,KH000041,Quầy giao dịch,Nhận lương,52142694,0,Thành công,CN TP Hồ Chí Minh,158567210
GD202607001367,2026-07-08 08:47:53,KH000015,QR Code,Chuyển khoản đến,1195000,0,Thành công,CN Quận 1,5733340
GD202607006417,2026-07-08 08:48:30,KH000065,Mobile Banking,Nạp tiền điện thoại,32470000,0,Thành công,CN Hoàn Kiếm,121977795
GD202607013451,2026-07-08 08:56:06,KH000139,Mobile Banking,Thanh toán thẻ,621000,0,Thành công,CN Hoàn Kiếm,2775207
GD202607000030,2026-07-08 09:05:25,KH000001,Quầy giao dịch,Nhận lương,28115644,0,Thành công,CN Thanh Xuân,124026411
GD202607007700,2026-07-08 09:24:16,KH000079,QR Code,Thanh toán hóa đơn,7138000,0,Thành công,CN Hải Phòng,16527282
GD202607011394,2026-07-08 09:35:55,KH000119,POS,Thanh toán thẻ,150000,3300,Thành công,CN Bình Dương,51927772
GD202607015360,2026-07-08 09:35:56,KH000164,Mobile Banking,Chuyển khoản đến,109000,0,Thành công,CN Đà Nẵng,27303604
GD202607018756,2026-07-08 09:45:56,KH000199,Quầy giao dịch,Nhận lương,47746601,0,Thành công,CN Đà Nẵng,346971318
GD202607013087,2026-07-08 10:13:52,KH000134,QR Code,Chuyển khoản đi,1056000,0,Thành công,CN TP Hồ Chí Minh,4381662
GD202607004936,2026-07-08 10:48:20,KH000052,Mobile Banking,Nộp tiền mặt,140000,0,Thành công,CN Bình Dương,234806
GD202607014664,2026-07-08 10:59:44,KH000154,Quầy giao dịch,Chuyển khoản đến,1580000,3300,Thành công,CN Hải Phòng,10948394
GD202607001658,2026-07-08 11:04:25,KH000017,Quầy giao dịch,Nhận lương,16701472,0,Thành công,CN Bình Dương,30536626
GD202607010423,2026-07-08 11:34:13,KH000109,QR Code,Thanh toán thẻ,143000,0,Thành công,CN Hải Phòng,5524829
GD202607015359,2026-07-08 11:41:10,KH000164,POS,Thanh toán hóa đơn,61000,1100,Thành công,CN Hải Phòng,27194604
GD202607010841,2026-07-08 11:48:09,KH000114,QR Code,Nộp tiền mặt,1750000,0,Thành công,CN Thanh Xuân,75077227
GD202607012937,2026-07-08 12:31:22,KH000132,Internet Banking,Thanh toán thẻ,1387000,0,Thành công,CN Đà Nẵng,23200204
GD202607009861,2026-07-08 12:39:30,KH000101,Quầy giao dịch,Chuyển khoản đi,15191000,3300,Thành công,CN Bình Dương,64511784
GD202607007374,2026-07-08 12:45:54,KH000077,Internet Banking,Nạp tiền điện thoại,176000,0,Thành công,CN Hoàn Kiếm,219380
GD202607005434,2026-07-08 12:55:28,KH000057,POS,Thanh toán thẻ,16430000,0,Thành công,CN Hải Phòng,45285919
GD202607018292,2026-07-08 13:08:32,KH000193,Quầy giao dịch,Nhận lương,28959703,0,Thành công,CN TP Hồ Chí Minh,222119070
GD202607000183,2026-07-08 13:44:13,KH000005,POS,Nạp tiền điện thoại,164000,1100,Thành công,CN Cần Thơ,2760830
GD202607005433,2026-07-08 13:55:24,KH000057,Quầy giao dịch,Nhận lương,36638502,0,Thành công,CN Đà Nẵng,61715919
GD202607014663,2026-07-08 14:17:32,KH000154,Mobile Banking,Chuyển khoản đến,1653000,0,Thành công,CN Đà Nẵng,9368394
GD202607015476,2026-07-08 14:24:34,KH000166,Quầy giao dịch,Nhận lương,39171218,0,Thành công,CN Hải Phòng,285764426
GD202607000080,2026-07-08 14:44:44,KH000003,Quầy giao dịch,Nhận lương,43399883,0,Thành công,CN Cầu Giấy,387305416
GD202607003221,2026-07-08 14:45:30,KH000029,Quầy giao dịch,Nhận lương,11444964,0,Thành công,CN Thanh Xuân,12622065
GD202607014482,2026-07-08 14:49:55,KH000153,Mobile Banking,Rút tiền mặt,141000,0,Thành công,CN Hải Phòng,233241
GD202607008708,2026-07-08 15:02:25,KH000089,Quầy giao dịch,Nhận lương,19709733,0,Thành công,CN Cần Thơ,127433973
GD202607017841,2026-07-08 15:05:46,KH000188,POS,Chuyển khoản đến,19590000,5500,Thành công,CN Cầu Giấy,87480734
GD202607009917,2026-07-08 15:14:13,KH000102,Quầy giao dịch,Nhận lương,10276709,0,Thành công,CN TP Hồ Chí Minh,177166443
GD202607003222,2026-07-08 15:30:52,KH000029,Mobile Banking,Thanh toán hóa đơn,3307000,0,Thành công,CN Cần Thơ,9315065
GD202607000658,2026-07-08 15:55:52,KH000010,POS,Thanh toán thẻ,184000,5500,Thành công,CN Cần Thơ,1383053
GD202607013452,2026-07-08 16:34:41,KH000139,Quầy giao dịch,Chuyển khoản đến,861000,1100,Thành công,CN Quận 1,3636207
GD202607018454,2026-07-08 16:38:03,KH000195,Internet Banking,Nạp tiền điện thoại,83000,0,Thành công,CN Đà Nẵng,165417
GD202607005313,2026-07-08 16:38:35,KH000056,Quầy giao dịch,Thanh toán hóa đơn,2710000,0,Thành công,CN Hoàn Kiếm,96240152
GD202607016578,2026-07-08 16:52:06,KH000179,Quầy giao dịch,Nhận lương,29870207,0,Thành công,CN Bình Dương,191373369
GD202607014481,2026-07-08 16:52:41,KH000153,Internet Banking,Thanh toán thẻ,155000,0,Thành công,CN Quận 1,162741
GD202607002184,2026-07-08 17:00:33,KH000020,Internet Banking,Thanh toán thẻ,11157000,0,Thành công,CN Quận 1,50889128
GD202607006912,2026-07-08 17:34:13,KH000073,POS,Nộp tiền mặt,22843000,5500,Thành công,CN Đà Nẵng,144272812
GD202607017321,2026-07-08 17:39:53,KH000183,Quầy giao dịch,Nhận lương,82567336,0,Thành công,CN TP Hồ Chí Minh,96516086
GD202607016479,2026-07-08 17:45:20,KH000177,Quầy giao dịch,Nhận lương,36784924,0,Thành công,CN Thanh Xuân,56662517
GD202607010293,2026-07-08 18:11:47,KH000107,Quầy giao dịch,Nhận lương,9963647,0,Thành công,CN Cần Thơ,71839592
GD202607000659,2026-07-08 18:18:27,KH000010,POS,Thanh toán thẻ,76000,5500,Thành công,CN Đà Nẵng,1301553
GD202607017551,2026-07-08 18:35:29,KH000185,Quầy giao dịch,Nhận lương,23519236,0,Thành công,CN Cầu Giấy,52043888
GD202607013627,2026-07-08 18:51:35,KH000142,Quầy giao dịch,Nhận lương,51388256,0,Thành công,CN Cầu Giấy,115007548
GD202607007177,2026-07-08 19:06:42,KH000075,Quầy giao dịch,Nhận lương,8061650,0,Thành công,CN Đà Nẵng,31106242
GD202607005312,2026-07-08 19:07:06,KH000056,Mobile Banking,Nộp tiền mặt,553000,0,Thành công,CN Hải Phòng,98950152
GD202607014721,2026-07-08 19:21:24,KH000155,Mobile Banking,Thanh toán hóa đơn,41906000,0,Thành công,CN Cầu Giấy,95283616
GD202607011008,2026-07-08 19:41:26,KH000116,Mobile Banking,Thanh toán thẻ,1556000,0,Thành công,CN Quận 1,16155385
GD202607002185,2026-07-08 19:55:17,KH000020,Mobile Banking,Thanh toán hóa đơn,14132000,0,Thành công,CN Cầu Giấy,36757128
GD202607015477,2026-07-08 20:14:37,KH000166,Internet Banking,Thanh toán thẻ,4986000,0,Thành công,CN Thanh Xuân,280778426
GD202607013088,2026-07-08 20:25:46,KH000134,Internet Banking,Thanh toán hóa đơn,547000,0,Thành công,CN Cần Thơ,3834662
GD202607010248,2026-07-08 20:31:45,KH000106,Quầy giao dịch,Nhận lương,9548007,0,Thành công,CN Hoàn Kiếm,44599456
GD202607013122,2026-07-08 20:53:39,KH000135,POS,Thanh toán thẻ,6579000,3300,Thành công,CN Thanh Xuân,85600576
GD202607014665,2026-07-08 21:11:20,KH000154,Mobile Banking,Rút tiền mặt,1519000,0,Thành công,CN Cầu Giấy,9429394
GD202607009667,2026-07-08 21:13:29,KH000098,Internet Banking,Rút tiền mặt,639000,0,Thành công,CN Cầu Giấy,13562787
GD202607007373,2026-07-08 21:33:17,KH000077,POS,Thanh toán thẻ,71000,0,Thành công,CN Quận 1,131380
GD202607004429,2026-07-08 21:58:08,KH000045,QR Code,Rút tiền mặt,653000,0,Thành công,CN Hải Phòng,54321215
GD202607005189,2026-07-08 21:59:32,KH000054,QR Code,Thanh toán hóa đơn,757000,0,Thành công,CN Cầu Giấy,2854394
GD202607000996,2026-07-08 22:06:47,KH000013,POS,Thanh toán thẻ,304000,3300,Thành công,CN Thanh Xuân,23619238
GD202607003659,2026-07-08 22:09:33,KH000034,Mobile Banking,Nạp tiền điện thoại,898000,0,Thành công,CN TP Hồ Chí Minh,57995327
GD202607007698,2026-07-08 22:17:50,KH000079,Quầy giao dịch,Nhận lương,31408405,0,Thành công,CN Thanh Xuân,32624282
GD202607013531,2026-07-08 22:23:30,KH000141,QR Code,Chuyển khoản đến,429000,0,Thành công,CN Cầu Giấy,4698607
GD202607016136,2026-07-08 22:26:16,KH000174,POS,Nộp tiền mặt,2448000,3300,Thành công,CN Cần Thơ,73515937
GD202607010204,2026-07-08 22:27:19,KH000105,Quầy giao dịch,Nộp tiền mặt,23510000,1100,Thành công,CN Thanh Xuân,386489684
GD202607009550,2026-07-08 22:29:06,KH000097,Internet Banking,Thanh toán thẻ,623000,0,Thành công,CN Cần Thơ,5297949
GD202607006798,2026-07-08 22:35:48,KH000071,Mobile Banking,Rút tiền mặt,4946000,0,Thành công,CN TP Hồ Chí Minh,20941338
GD202607001659,2026-07-09 06:05:00,KH000017,Internet Banking,Thanh toán hóa đơn,626000,0,Thành công,CN Cầu Giấy,29910626
GD202607008882,2026-07-09 06:05:02,KH000092,QR Code,Chuyển khoản đi,3166000,0,Thành công,CN Cần Thơ,7886499
GD202607000660,2026-07-09 06:08:57,KH000010,QR Code,Nộp tiền mặt,440000,0,Thành công,CN Cần Thơ,1741553
GD202607007701,2026-07-09 06:40:58,KH000079,Internet Banking,Nộp tiền mặt,5306000,0,Thành công,CN Hoàn Kiếm,21833282
GD202607009952,2026-07-09 06:55:01,KH000103,QR Code,Nộp tiền mặt,86000,0,Thành công,CN Thanh Xuân,6592419
GD202607012304,2026-07-09 06:55:55,KH000128,Quầy giao dịch,Nhận lương,9038181,0,Thành công,CN TP Hồ Chí Minh,58983333
GD202607017552,2026-07-09 07:16:40,KH000185,Internet Banking,Thanh toán thẻ,8868000,0,Thành công,CN Cần Thơ,43175888
GD202607004938,2026-07-09 07:32:34,KH000052,Mobile Banking,Nạp tiền điện thoại,69000,0,Thành công,CN Hải Phòng,65806
GD202607018803,2026-07-09 07:44:49,KH000200,QR Code,Thanh toán thẻ,80000,0,Thành công,CN Hải Phòng,401377
GD202607009862,2026-07-09 08:14:03,KH000101,Quầy giao dịch,Nhận lương,16255252,0,Thành công,CN Cầu Giấy,80767036
GD202607004430,2026-07-09 08:26:49,KH000045,Mobile Banking,Thanh toán thẻ,1816000,0,Thành công,CN Quận 1,52505215
GD202607009670,2026-07-09 08:36:53,KH000098,Quầy giao dịch,Chuyển khoản đến,360000,1100,Thành công,CN Cầu Giấy,22621986
GD202607017014,2026-07-09 08:44:01,KH000182,Internet Banking,Thanh toán thẻ,515000,0,Thất bại,CN Thanh Xuân,2021171
GD202607010088,2026-07-09 08:49:07,KH000104,Quầy giao dịch,Nhận lương,10473047,0,Thành công,CN Bình Dương,11791064
GD202607014133,2026-07-09 08:54:56,KH000149,Quầy giao dịch,Nhận lương,8987328,0,Thành công,CN Quận 1,36285738
GD202607007036,2026-07-09 09:09:16,KH000074,POS,Thanh toán thẻ,569000,0,Thành công,CN Hải Phòng,35214040
GD202607001369,2026-07-09 10:06:36,KH000015,Mobile Banking,Chuyển khoản đi,10438000,0,Thành công,CN Bình Dương,63994183
GD202607016307,2026-07-09 10:28:34,KH000176,Quầy giao dịch,Nhận lương,12109952,0,Thành công,CN Đà Nẵng,58897332
GD202607006191,2026-07-09 10:37:42,KH000063,QR Code,Thanh toán thẻ,478000,0,Thành công,CN Cầu Giấy,70763598
GD202607003661,2026-07-09 11:02:51,KH000034,Internet Banking,Nộp tiền mặt,853000,0,Thành công,CN TP Hồ Chí Minh,58670327
GD202607010593,2026-07-09 11:29:45,KH000111,Quầy giao dịch,Nhận lương,43784231,0,Thành công,CN Hải Phòng,87061938
GD202607018337,2026-07-09 11:29:46,KH000194,Quầy giao dịch,Nhận lương,9007676,0,Thành công,CN Cần Thơ,12372620
GD202607005190,2026-07-09 12:08:46,KH000054,Quầy giao dịch,Nhận lương,9427961,0,Thành công,CN TP Hồ Chí Minh,12282355
GD202607008128,2026-07-09 12:26:05,KH000083,Quầy giao dịch,Nhận lương,8837164,0,Thành công,CN Cần Thơ,63432111
GD202607010205,2026-07-09 12:42:40,KH000105,Quầy giao dịch,Nhận lương,57907096,0,Thành công,CN Cầu Giấy,444396780
GD202607000661,2026-07-09 12:46:38,KH000010,POS,Thanh toán thẻ,509000,1100,Thành công,CN TP Hồ Chí Minh,1231453
GD202607013307,2026-07-09 12:52:25,KH000137,Internet Banking,Thanh toán thẻ,2086000,0,Thành công,CN Bình Dương,4845180
GD202607009668,2026-07-09 12:55:13,KH000098,Quầy giao dịch,Nhận lương,7973200,0,Thành công,CN TP Hồ Chí Minh,21535986
GD202607018002,2026-07-09 12:55:16,KH000190,Quầy giao dịch,Nhận lương,55363969,0,Thành công,CN Quận 1,401193810
GD202607017322,2026-07-09 13:05:18,KH000183,Mobile Banking,Thanh toán thẻ,32738000,0,Thành công,CN TP Hồ Chí Minh,63778086
GD202607015943,2026-07-09 13:16:58,KH000172,Quầy giao dịch,Nhận lương,10292115,0,Thành công,CN Cần Thơ,14953593
GD202607008881,2026-07-09 13:20:31,KH000092,POS,Thanh toán thẻ,4444000,3300,Thành công,CN Hoàn Kiếm,11052499
GD202607008008,2026-07-09 14:00:52,KH000082,POS,Thanh toán thẻ,3485000,5500,Thành công,CN Cầu Giấy,42742244
GD202607018339,2026-07-09 14:06:18,KH000194,QR Code,Rút tiền mặt,485000,0,Thành công,CN Đà Nẵng,11222620
GD202607016549,2026-07-09 14:20:13,KH000178,ATM,Nộp tiền mặt,3274000,3300,Thành công,CN Cần Thơ,27668777
GD202607007702,2026-07-09 14:46:06,KH000079,QR Code,Nạp tiền điện thoại,71000,0,Thành công,CN TP Hồ Chí Minh,21762282
GD202607004555,2026-07-09 14:47:16,KH000047,Mobile Banking,Nạp tiền điện thoại,2063000,0,Thành công,CN Đà Nẵng,112078214
GD202607003775,2026-07-09 15:05:27,KH000035,Mobile Banking,Thanh toán thẻ,1488000,0,Thành công,CN Hoàn Kiếm,6225955
GD202607008694,2026-07-09 15:08:01,KH000088,Quầy giao dịch,Nhận lương,8425228,0,Thành công,CN TP Hồ Chí Minh,17627137
GD202607010594,2026-07-09 15:09:45,KH000111,QR Code,Nộp tiền mặt,2317000,0,Thành công,CN Cầu Giấy,89378938
GD202607018581,2026-07-09 15:17:05,KH000196,Quầy giao dịch,Nhận lương,9022206,0,Thành công,CN TP Hồ Chí Minh,69569666
GD202607003660,2026-07-09 15:22:52,KH000034,Internet Banking,Thanh toán thẻ,178000,0,Thành công,CN Hải Phòng,57817327
GD202607014165,2026-07-09 16:11:29,KH000150,Quầy giao dịch,Nhận lương,16582184,0,Thành công,CN Đà Nẵng,33341910
GD202607011395,2026-07-09 16:14:30,KH000119,QR Code,Thanh toán thẻ,65000,0,Thành công,CN Bình Dương,51862772
GD202607001368,2026-07-09 16:25:35,KH000015,Quầy giao dịch,Nhận lương,68698843,0,Thành công,CN Hải Phòng,74432183
GD202607008007,2026-07-09 16:29:59,KH000082,Internet Banking,Chuyển khoản đi,1401000,0,Thành công,CN Bình Dương,46232744
GD202607016480,2026-07-09 16:44:19,KH000177,QR Code,Thanh toán thẻ,11140000,0,Thành công,CN Hoàn Kiếm,45522517
GD202607010089,2026-07-09 16:47:34,KH000104,POS,Thanh toán thẻ,3960000,3300,Thành công,CN Cầu Giấy,7827764
GD202607008791,2026-07-09 17:15:35,KH000091,Quầy giao dịch,Nhận lương,43063049,0,Thành công,CN TP Hồ Chí Minh,227410557
GD202607013532,2026-07-09 17:18:32,KH000141,Quầy giao dịch,Nhận lương,8955673,0,Thành công,CN Bình Dương,13654280
GD202607013775,2026-07-09 17:23:14,KH000144,ATM,Thanh toán hóa đơn,2988000,0,Thành công,CN Đà Nẵng,8525101
GD202607000268,2026-07-09 17:51:12,KH000006,Mobile Banking,Chuyển khoản đi,828000,0,Thành công,CN Cầu Giấy,2982966
GD202607009669,2026-07-09 17:51:32,KH000098,Internet Banking,Nộp tiền mặt,726000,0,Thành công,CN TP Hồ Chí Minh,22261986
GD202607004937,2026-07-09 17:56:06,KH000052,POS,Thanh toán thẻ,100000,0,Thành công,CN TP Hồ Chí Minh,134806
GD202607007377,2026-07-09 17:59:14,KH000077,POS,Thanh toán thẻ,1991000,5500,Thành công,CN Hoàn Kiếm,6555027
GD202607016137,2026-07-09 18:01:21,KH000174,Quầy giao dịch,Nhận lương,9370831,0,Thành công,CN Thanh Xuân,82886767
GD202607018757,2026-07-09 18:21:27,KH000199,Internet Banking,Thanh toán thẻ,20190000,0,Thành công,CN Hoàn Kiếm,326781318
GD202607006748,2026-07-09 18:30:24,KH000070,Mobile Banking,Thanh toán thẻ,3897000,0,Thành công,CN Hải Phòng,93314230
GD202607014483,2026-07-09 18:41:14,KH000153,POS,Thanh toán thẻ,112000,3300,Thất bại,CN Hải Phòng,233241
GD202607012478,2026-07-09 18:52:49,KH000130,Quầy giao dịch,Nhận lương,10895990,0,Thành công,CN Hải Phòng,36259819
GD202607012125,2026-07-09 19:04:52,KH000127,Mobile Banking,Thanh toán thẻ,2697000,0,Thành công,CN Bình Dương,22009713
GD202607009279,2026-07-09 19:26:32,KH000095,Quầy giao dịch,Nhận lương,15014971,0,Thành công,CN Thanh Xuân,51102860
GD202607018338,2026-07-09 20:41:51,KH000194,Internet Banking,Nạp tiền điện thoại,665000,0,Thành công,CN Cầu Giấy,11707620
GD202607007375,2026-07-09 20:53:31,KH000077,Quầy giao dịch,Nhận lương,8984147,0,Thành công,CN Cần Thơ,9203527
GD202607007035,2026-07-09 21:03:38,KH000074,Quầy giao dịch,Nhận lương,9155379,0,Thành công,CN Hoàn Kiếm,35783040
GD202607017743,2026-07-09 21:03:50,KH000187,Quầy giao dịch,Nhận lương,15161907,0,Thành công,CN Quận 1,17608689
GD202607015687,2026-07-09 21:15:27,KH000170,Mobile Banking,Nộp tiền mặt,236000,0,Thành công,CN Thanh Xuân,1228153
GD202607005229,2026-07-09 21:25:48,KH000055,ATM,Chuyển khoản đến,638000,1100,Thành công,CN Đà Nẵng,10484387
GD202607007376,2026-07-09 21:55:02,KH000077,Internet Banking,Thanh toán thẻ,652000,0,Thành công,CN Cầu Giấy,8551527
GD202607015688,2026-07-09 22:00:52,KH000170,POS,Thanh toán thẻ,414000,5500,Thành công,CN Bình Dương,808653
GD202607010249,2026-07-09 22:03:50,KH000106,QR Code,Thanh toán thẻ,325000,0,Thành công,CN Hoàn Kiếm,44274456
GD202607004324,2026-07-09 22:19:25,KH000044,POS,Thanh toán thẻ,721000,5500,Thành công,CN TP Hồ Chí Minh,9019562
GD202607012126,2026-07-09 22:21:17,KH000127,Internet Banking,Thanh toán thẻ,2015000,0,Thành công,CN Đà Nẵng,19994713
GD202607003662,2026-07-09 22:42:46,KH000034,POS,Thanh toán thẻ,463000,0,Thành công,CN Quận 1,58207327
GD202607005511,2026-07-09 22:47:11,KH000058,Quầy giao dịch,Nộp tiền mặt,34181000,5500,Thành công,CN TP Hồ Chí Minh,187627603
GD202607007877,2026-07-09 22:57:34,KH000080,Quầy giao dịch,Nhận lương,11462375,0,Thành công,CN Thanh Xuân,102130423
GD202607008129,2026-07-10 06:06:46,KH000083,POS,Rút tiền mặt,406000,3300,Thành công,CN Đà Nẵng,63022811
GD202607017497,2026-07-10 06:48:00,KH000184,POS,Thanh toán thẻ,6445000,3300,Thành công,CN Bình Dương,32145166
GD202607013308,2026-07-10 06:59:10,KH000137,Quầy giao dịch,Nhận lương,16556154,0,Thành công,CN Hoàn Kiếm,21401334
GD202607011640,2026-07-10 07:05:05,KH000123,Quầy giao dịch,Nhận lương,75650226,0,Thành công,CN Hoàn Kiếm,731746989
GD202607005897,2026-07-10 07:19:55,KH000061,QR Code,Thanh toán thẻ,2234000,0,Thành công,CN Thanh Xuân,14355101
GD202607000121,2026-07-10 07:25:04,KH000004,Quầy giao dịch,Nhận lương,19923469,0,Thành công,CN TP Hồ Chí Minh,183982746
GD202607004216,2026-07-10 07:36:23,KH000042,Quầy giao dịch,Nhận lương,10854134,0,Thành công,CN Thanh Xuân,51112749
GD202607003446,2026-07-10 07:41:12,KH000032,Internet Banking,Nộp tiền mặt,106000,0,Thành công,CN Cầu Giấy,80440615
GD202607017015,2026-07-10 07:44:57,KH000182,Quầy giao dịch,Nhận lương,27226171,0,Thành công,CN Quận 1,29247342
GD202607016308,2026-07-10 07:50:59,KH000176,Internet Banking,Chuyển khoản đi,192000,0,Thành công,CN Bình Dương,58705332
GD202607007904,2026-07-10 07:52:26,KH000081,Quầy giao dịch,Nhận lương,49709030,0,Thành công,CN Cầu Giấy,242525559
GD202607015361,2026-07-10 07:54:32,KH000164,Internet Banking,Thanh toán thẻ,86000,0,Thành công,CN Quận 1,27217604
GD202607004292,2026-07-10 07:55:22,KH000043,Quầy giao dịch,Nhận lương,9094029,0,Thành công,CN Thanh Xuân,69086654
GD202607015944,2026-07-10 07:56:00,KH000172,POS,Thanh toán thẻ,865000,5500,Thất bại,CN Quận 1,14953593
GD202607007178,2026-07-10 07:58:05,KH000075,Quầy giao dịch,Chuyển khoản đến,10129000,0,Thành công,CN Hoàn Kiếm,41235242
GD202607002711,2026-07-10 08:01:43,KH000025,Mobile Banking,Chuyển khoản đến,83000,0,Thành công,CN Bình Dương,666931
GD202607014810,2026-07-10 08:14:49,KH000157,QR Code,Thanh toán hóa đơn,656000,0,Thành công,CN Hoàn Kiếm,9938653
GD202607013984,2026-07-10 08:28:35,KH000147,Quầy giao dịch,Nhận lương,10748437,0,Thành công,CN TP Hồ Chí Minh,134960487
GD202607017017,2026-07-10 08:32:29,KH000182,Internet Banking,Thanh toán hóa đơn,9674000,0,Thành công,CN TP Hồ Chí Minh,23544342
GD202607006574,2026-07-10 08:43:53,KH000066,Quầy giao dịch,Nhận lương,11104050,0,Thành công,CN Hải Phòng,160241011
GD202607009122,2026-07-10 09:41:27,KH000094,Mobile Banking,Nộp tiền mặt,831000,0,Thành công,CN Thanh Xuân,80837370
GD202607004939,2026-07-10 09:49:26,KH000052,POS,Thanh toán thẻ,60000,1100,Thành công,CN Hoàn Kiếm,94706
GD202607013629,2026-07-10 10:28:54,KH000142,POS,Thanh toán thẻ,203000,0,Thành công,CN TP Hồ Chí Minh,122287548
GD202607008496,2026-07-10 10:31:51,KH000086,ATM,Nộp tiền mặt,41018000,0,Thành công,CN Bình Dương,160386311
GD202607001526,2026-07-10 10:47:15,KH000016,Internet Banking,Nạp tiền điện thoại,54000,0,Thành công,CN Cầu Giấy,82707
GD202607010363,2026-07-10 10:54:13,KH000108,Quầy giao dịch,Nhận lương,11483904,0,Thành công,CN Quận 1,81648596
GD202607014053,2026-07-10 11:17:13,KH000148,Quầy giao dịch,Nhận lương,9062319,0,Thành công,CN Đà Nẵng,69418081
GD202607000821,2026-07-10 11:18:25,KH000011,Quầy giao dịch,Nhận lương,11264502,0,Thành công,CN Cần Thơ,90324968
GD202607005136,2026-07-10 11:49:12,KH000053,POS,Thanh toán thẻ,4816000,3300,Thành công,CN Hải Phòng,60775040
GD202607002460,2026-07-10 12:27:39,KH000023,Quầy giao dịch,Nhận lương,19716260,0,Thành công,CN Hải Phòng,45961996
GD202607008495,2026-07-10 12:53:57,KH000086,Quầy giao dịch,Chuyển khoản đến,1161000,5500,Thành công,CN Đà Nẵng,119368311
GD202607001192,2026-07-10 13:05:48,KH000014,Mobile Banking,Nạp tiền điện thoại,689000,0,Thành công,CN TP Hồ Chí Minh,62110310
GD202607003223,2026-07-10 13:19:09,KH000029,Quầy giao dịch,Thanh toán hóa đơn,362000,0,Thất bại,CN Hải Phòng,9315065
GD202607010090,2026-07-10 13:22:28,KH000104,Internet Banking,Chuyển khoản đến,2371000,0,Thành công,CN TP Hồ Chí Minh,10198764
GD202607003663,2026-07-10 13:22:52,KH000034,QR Code,Chuyển khoản đi,2013000,0,Thành công,CN Hoàn Kiếm,56194327
GD202607002541,2026-07-10 13:27:25,KH000024,Quầy giao dịch,Nhận lương,11239788,0,Thành công,CN Quận 1,94661124
GD202607018804,2026-07-10 13:32:57,KH000200,QR Code,Nạp tiền điện thoại,187000,0,Thành công,CN Quận 1,214377
GD202607014229,2026-07-10 13:39:17,KH000151,QR Code,Thanh toán hóa đơn,709000,0,Thành công,CN Bình Dương,1931916
GD202607018455,2026-07-10 13:55:12,KH000195,QR Code,Nộp tiền mặt,114000,0,Thành công,CN Cầu Giấy,279417
GD202607009863,2026-07-10 14:13:42,KH000101,QR Code,Chuyển khoản đi,2342000,0,Thành công,CN Thanh Xuân,78425036
GD202607004217,2026-07-10 14:42:49,KH000042,QR Code,Chuyển khoản đi,2691000,0,Thành công,CN TP Hồ Chí Minh,48421749
GD202607011092,2026-07-10 14:58:41,KH000117,Quầy giao dịch,Nhận lương,11581138,0,Thành công,CN Đà Nẵng,81381728
GD202607000662,2026-07-10 15:12:13,KH000010,Quầy giao dịch,Nhận lương,13195734,0,Thành công,CN Bình Dương,14427187
GD202607016668,2026-07-10 15:42:46,KH000180,POS,Chuyển khoản đến,1999000,1100,Thành công,CN Thanh Xuân,62713037
GD202607014667,2026-07-10 16:11:10,KH000154,Mobile Banking,Nộp tiền mặt,1357000,0,Thành công,CN Thanh Xuân,9266394
GD202607006727,2026-07-10 16:15:03,KH000069,Quầy giao dịch,Nhận lương,8084592,0,Thành công,CN TP Hồ Chí Minh,82825603
GD202607000663,2026-07-10 16:16:37,KH000010,Internet Banking,Thanh toán thẻ,3073000,0,Thành công,CN Bình Dương,11354187
GD202607009121,2026-07-10 17:35:39,KH000094,Quầy giao dịch,Nhận lương,8449849,0,Thành công,CN TP Hồ Chí Minh,80006370
GD202607002326,2026-07-10 17:54:09,KH000021,Mobile Banking,Nộp tiền mặt,812000,0,Thành công,CN Hoàn Kiếm,63141616
GD202607005435,2026-07-10 18:11:49,KH000057,QR Code,Nạp tiền điện thoại,227000,0,Thành công,CN Cần Thơ,45058919
GD202607018142,2026-07-10 18:18:37,KH000191,POS,Chuyển khoản đến,1993000,0,Thành công,CN Cần Thơ,19143008
GD202607010726,2026-07-10 18:22:34,KH000113,Quầy giao dịch,Nhận lương,8123730,0,Thành công,CN Bình Dương,31704876
GD202607001728,2026-07-10 18:34:43,KH000018,Quầy giao dịch,Nhận lương,8609108,0,Thành công,CN Thanh Xuân,68805507
GD202607010294,2026-07-10 18:52:45,KH000107,POS,Nộp tiền mặt,155000,1100,Thành công,CN Bình Dương,71994592
GD202607014722,2026-07-10 19:00:42,KH000155,Quầy giao dịch,Nhận lương,57824828,0,Thành công,CN TP Hồ Chí Minh,153108444
GD202607001660,2026-07-10 19:36:07,KH000017,Internet Banking,Thanh toán thẻ,9342000,0,Thành công,CN Cầu Giấy,20568626
GD202607016550,2026-07-10 19:38:13,KH000178,Quầy giao dịch,Nhận lương,9027821,0,Thành công,CN Thanh Xuân,36696598
GD202607014892,2026-07-10 19:52:00,KH000158,Quầy giao dịch,Nhận lương,13897419,0,Thành công,CN Bình Dương,81793041
GD202607018456,2026-07-10 19:52:09,KH000195,QR Code,Thanh toán thẻ,67000,0,Thành công,CN Cần Thơ,212417
GD202607005512,2026-07-10 20:19:31,KH000058,Quầy giao dịch,Thanh toán hóa đơn,7156000,5500,Thành công,CN Đà Nẵng,180466103
GD202607007703,2026-07-10 20:41:14,KH000079,Internet Banking,Rút tiền mặt,3335000,0,Thành công,CN Thanh Xuân,18427282
GD202607001922,2026-07-10 20:44:36,KH000019,ATM,Chuyển khoản đến,216000,1100,Thành công,CN Thanh Xuân,22285412
GD202607015295,2026-07-10 20:47:23,KH000163,QR Code,Thanh toán thẻ,3885000,0,Thành công,CN Cần Thơ,43906017
GD202607014484,2026-07-10 21:00:48,KH000153,QR Code,Nộp tiền mặt,162000,0,Thành công,CN Bình Dương,395241
GD202607005314,2026-07-10 21:01:34,KH000056,Quầy giao dịch,Nạp tiền điện thoại,2550000,3300,Thành công,CN Đà Nẵng,93686852
GD202607007037,2026-07-10 21:01:44,KH000074,QR Code,Thanh toán thẻ,1717000,0,Thành công,CN Hải Phòng,33497040
GD202607000269,2026-07-10 21:02:15,KH000006,Internet Banking,Thanh toán thẻ,981000,0,Thành công,CN Bình Dương,2001966
GD202607014228,2026-07-10 21:08:47,KH000151,Quầy giao dịch,Rút tiền mặt,323000,3300,Thành công,CN Quận 1,2640916
GD202607010727,2026-07-10 21:09:36,KH000113,POS,Chuyển khoản đi,6027000,0,Thành công,CN Hoàn Kiếm,25677876
GD202607003987,2026-07-10 21:19:35,KH000039,Mobile Banking,Rút tiền mặt,2871000,0,Thành công,CN Đà Nẵng,65858875
GD202607009835,2026-07-10 21:31:30,KH000100,Quầy giao dịch,Nhận lương,21201939,0,Thành công,CN Thanh Xuân,86330851
GD202607003901,2026-07-10 22:31:37,KH000038,ATM,Nộp tiền mặt,1880000,0,Thành công,CN Đà Nẵng,95143118
GD202607018143,2026-07-10 22:32:14,KH000191,Internet Banking,Nộp tiền mặt,4993000,0,Thành công,CN Đà Nẵng,24136008
GD202607014666,2026-07-10 22:36:24,KH000154,QR Code,Thanh toán thẻ,1520000,0,Thành công,CN Cần Thơ,7909394
GD202607013190,2026-07-10 22:43:55,KH000136,Quầy giao dịch,Nhận lương,38048280,0,Thành công,CN Quận 1,59125743
GD202607017016,2026-07-10 22:48:43,KH000182,QR Code,Chuyển khoản đến,3971000,0,Thành công,CN Quận 1,33218342
GD202607013628,2026-07-10 22:58:01,KH000142,QR Code,Nộp tiền mặt,7483000,0,Thành công,CN Hoàn Kiếm,122490548
GD202607012479,2026-07-11 06:18:35,KH000130,Internet Banking,Thanh toán hóa đơn,958000,0,Thành công,CN Đà Nẵng,35301819
GD202607009123,2026-07-11 06:29:32,KH000094,Internet Banking,Rút tiền mặt,610000,0,Thành công,CN Hoàn Kiếm,80227370
GD202607012939,2026-07-11 06:30:35,KH000132,Internet Banking,Chuyển khoản đi,656000,0,Thành công,CN Cần Thơ,20732704
GD202607015689,2026-07-11 06:31:35,KH000170,Mobile Banking,Nộp tiền mặt,255000,0,Thành công,CN Cầu Giấy,1063653
GD202607008304,2026-07-11 06:47:43,KH000084,POS,Thanh toán thẻ,2488000,5500,Thành công,CN TP Hồ Chí Minh,15734711
GD202607011396,2026-07-11 06:49:23,KH000119,ATM,Rút tiền mặt,184000,1100,Thành công,CN Hoàn Kiếm,51677672
GD202607004218,2026-07-11 07:00:18,KH000042,Mobile Banking,Thanh toán thẻ,1446000,0,Thành công,CN Hải Phòng,46975749
GD202607011830,2026-07-11 07:13:59,KH000125,Mobile Banking,Thanh toán hóa đơn,89000,0,Thành công,CN Bình Dương,235636
GD202607012481,2026-07-11 07:23:44,KH000130,QR Code,Rút tiền mặt,1437000,0,Thành công,CN Đà Nẵng,37776819
GD202607002871,2026-07-11 07:27:40,KH000026,QR Code,Thanh toán thẻ,139000,0,Thành công,CN Bình Dương,419222
GD202607001370,2026-07-11 07:52:52,KH000015,QR Code,Thanh toán hóa đơn,15688000,0,Thành công,CN Cầu Giấy,48306183
GD202607005192,2026-07-11 08:03:44,KH000054,POS,Thanh toán thẻ,1668000,0,Thành công,CN Cầu Giấy,10318355
GD202607018711,2026-07-11 08:09:52,KH000198,ATM,Thanh toán hóa đơn,3297000,3300,Thành công,CN Hải Phòng,26757788
GD202607014485,2026-07-11 08:37:25,KH000153,Mobile Banking,Nộp tiền mặt,193000,0,Thành công,CN Hải Phòng,588241
GD202607006684,2026-07-11 08:41:10,KH000068,Internet Banking,Nộp tiền mặt,9888000,0,Thành công,CN Bình Dương,65263189
GD202607011009,2026-07-11 09:08:00,KH000116,Internet Banking,Chuyển khoản đi,754000,0,Thành công,CN Cần Thơ,15401385
GD202607008792,2026-07-11 09:19:01,KH000091,QR Code,Nạp tiền điện thoại,46664000,0,Thất bại,CN Bình Dương,227410557
GD202607010842,2026-07-11 09:45:49,KH000114,Internet Banking,Thanh toán thẻ,1342000,0,Thành công,CN Hải Phòng,73735227
GD202607013310,2026-07-11 09:52:04,KH000137,POS,Thanh toán thẻ,3694000,0,Thành công,CN Cầu Giấy,16825234
GD202607003664,2026-07-11 10:19:52,KH000034,QR Code,Chuyển khoản đến,349000,0,Thành công,CN Hải Phòng,56543327
GD202607013776,2026-07-11 10:20:17,KH000144,QR Code,Chuyển khoản đến,2859000,0,Thành công,CN Thanh Xuân,11384101
GD202607015945,2026-07-11 10:29:07,KH000172,Internet Banking,Thanh toán thẻ,3683000,0,Thành công,CN Cầu Giấy,11270593
GD202607013309,2026-07-11 11:25:18,KH000137,POS,Thanh toán thẻ,881000,1100,Thành công,CN Bình Dương,20519234
GD202607013191,2026-07-11 11:28:26,KH000136,Internet Banking,Nộp tiền mặt,7912000,0,Thành công,CN Thanh Xuân,67037743
GD202607016064,2026-07-11 12:20:04,KH000173,QR Code,Thanh toán thẻ,229000,0,Thành công,CN Cầu Giấy,4109968
GD202607006418,2026-07-11 12:25:36,KH000065,Mobile Banking,Rút tiền mặt,23311000,0,Thành công,CN Thanh Xuân,98666795
GD202607014308,2026-07-11 12:41:09,KH000152,POS,Chuyển khoản đến,2342000,1100,Thành công,CN Cần Thơ,84872908
GD202607009751,2026-07-11 13:01:08,KH000099,POS,Thanh toán thẻ,2665000,1100,Thành công,CN Thanh Xuân,44929041
GD202607000997,2026-07-11 13:01:37,KH000013,POS,Chuyển khoản đến,1316000,3300,Thành công,CN Đà Nẵng,24935238
GD202607015605,2026-07-11 13:07:47,KH000169,POS,Chuyển khoản đến,13981000,1100,Thành công,CN Hải Phòng,57343331
GD202607010250,2026-07-11 13:14:20,KH000106,Quầy giao dịch,Chuyển khoản đi,293000,1100,Thành công,CN Hoàn Kiếm,43980356
GD202607004941,2026-07-11 13:36:39,KH000052,QR Code,Chuyển khoản đến,72000,0,Thành công,CN Thanh Xuân,231606
GD202607001193,2026-07-11 13:44:37,KH000014,POS,Nộp tiền mặt,5352000,1100,Thành công,CN Bình Dương,67462310
GD202607018457,2026-07-11 13:47:19,KH000195,POS,Thanh toán thẻ,87000,0,Thành công,CN Cầu Giấy,125417
GD202607008303,2026-07-11 14:02:49,KH000084,POS,Thanh toán thẻ,1592000,0,Thành công,CN Hoàn Kiếm,18228211
GD202607012938,2026-07-11 14:38:51,KH000132,POS,Thanh toán thẻ,1806000,5500,Thành công,CN Cần Thơ,21388704
GD202607016309,2026-07-11 14:51:16,KH000176,Internet Banking,Nộp tiền mặt,324000,0,Thành công,CN Cầu Giấy,59029332
GD202607004597,2026-07-11 15:04:18,KH000048,POS,Thanh toán thẻ,531000,0,Thành công,CN Hải Phòng,2999315
GD202607007038,2026-07-11 15:08:07,KH000074,Internet Banking,Rút tiền mặt,2022000,0,Thành công,CN Bình Dương,31475040
GD202607004431,2026-07-11 15:26:26,KH000045,QR Code,Chuyển khoản đi,1104000,0,Thành công,CN Quận 1,51401215
GD202607005898,2026-07-11 15:39:51,KH000061,Quầy giao dịch,Nộp tiền mặt,1693000,5500,Thành công,CN Cầu Giấy,16048101
GD202607011831,2026-07-11 15:45:41,KH000125,QR Code,Nộp tiền mặt,163000,0,Thành công,CN Đà Nẵng,398636
GD202607005626,2026-07-11 16:10:50,KH000059,Quầy giao dịch,Thanh toán hóa đơn,19213000,3300,Thành công,CN Cầu Giấy,113763853
GD202607006192,2026-07-11 16:16:17,KH000063,Internet Banking,Chuyển khoản đi,484000,0,Thành công,CN Cần Thơ,70279598
GD202607014230,2026-07-11 16:34:42,KH000151,Internet Banking,Thanh toán thẻ,240000,0,Thành công,CN Quận 1,1691916
GD202607012480,2026-07-11 16:46:42,KH000130,Mobile Banking,Chuyển khoản đến,3912000,0,Thành công,CN Cần Thơ,39213819
GD202607013878,2026-07-11 16:48:16,KH000145,QR Code,Thanh toán thẻ,198000,0,Thành công,CN Quận 1,80072559
GD202607013192,2026-07-11 16:50:52,KH000136,QR Code,Chuyển khoản đến,11198000,0,Thành công,CN Cần Thơ,78235743
GD202607013777,2026-07-11 17:26:40,KH000144,QR Code,Thanh toán hóa đơn,3196000,0,Thành công,CN TP Hồ Chí Minh,8188101
GD202607014486,2026-07-11 17:29:18,KH000153,POS,Thanh toán thẻ,70000,3300,Thành công,CN Thanh Xuân,514941
GD202607015606,2026-07-11 17:38:57,KH000169,ATM,Nộp tiền mặt,7870000,0,Thành công,CN Quận 1,65213331
GD202607012684,2026-07-11 18:03:23,KH000131,Mobile Banking,Thanh toán thẻ,147000,0,Thành công,CN Đà Nẵng,171280
GD202607001194,2026-07-11 18:16:33,KH000014,QR Code,Thanh toán hóa đơn,4784000,0,Thành công,CN Hoàn Kiếm,62678310
GD202607001923,2026-07-11 18:43:15,KH000019,QR Code,Chuyển khoản đi,2565000,0,Thành công,CN Quận 1,19720412
GD202607010424,2026-07-11 19:05:07,KH000109,ATM,Rút tiền mặt,1593000,3300,Thành công,CN Cầu Giấy,3928529
GD202607010495,2026-07-11 19:47:23,KH000110,POS,Thanh toán thẻ,748000,1100,Thành công,CN Đà Nẵng,55095955
GD202607013453,2026-07-11 20:19:40,KH000139,QR Code,Thanh toán thẻ,500000,0,Thành công,CN Bình Dương,3136207
GD202607003329,2026-07-11 20:26:00,KH000031,QR Code,Nộp tiền mặt,128000,0,Thành công,CN TP Hồ Chí Minh,506503
GD202607008695,2026-07-11 20:29:01,KH000088,QR Code,Thanh toán thẻ,3458000,0,Thành công,CN Bình Dương,14169137
GD202607005191,2026-07-11 20:48:23,KH000054,Mobile Banking,Thanh toán thẻ,296000,0,Thành công,CN TP Hồ Chí Minh,11986355
GD202607013533,2026-07-11 20:51:47,KH000141,POS,Nộp tiền mặt,4775000,5500,Thành công,CN Cầu Giấy,18429280
GD202607000427,2026-07-11 20:57:54,KH000008,Mobile Banking,Thanh toán thẻ,5869000,0,Thành công,CN Cầu Giấy,34004895
GD202607015543,2026-07-11 21:16:22,KH000168,Internet Banking,Nộp tiền mặt,5797000,0,Thành công,CN Hải Phòng,27133800
GD202607007179,2026-07-11 21:32:35,KH000075,QR Code,Rút tiền mặt,3326000,0,Thành công,CN Hoàn Kiếm,37909242
GD202607000998,2026-07-11 21:47:05,KH000013,ATM,Nộp tiền mặt,8028000,5500,Thành công,CN TP Hồ Chí Minh,32963238
GD202607004940,2026-07-11 22:09:09,KH000052,POS,Thanh toán thẻ,132000,1100,Thành công,CN Quận 1,159606
GD202607001924,2026-07-11 22:24:13,KH000019,Internet Banking,Chuyển khoản đi,231000,0,Thành công,CN Đà Nẵng,19489412
GD202607012127,2026-07-11 22:31:02,KH000127,Internet Banking,Rút tiền mặt,216000,0,Thành công,CN Cần Thơ,19778713
GD202607003224,2026-07-11 22:41:06,KH000029,Mobile Banking,Rút tiền mặt,3100000,0,Thành công,CN Hải Phòng,6215065
GD202607000327,2026-07-12 06:01:37,KH000007,Mobile Banking,Thanh toán thẻ,1165000,0,Thành công,CN Cầu Giấy,6101547
GD202607003902,2026-07-12 06:03:53,KH000038,Quầy giao dịch,Chuyển khoản đi,3429000,3300,Thành công,CN TP Hồ Chí Minh,91710818
GD202607015946,2026-07-12 06:09:06,KH000172,POS,Thanh toán thẻ,3713000,0,Thành công,CN Cầu Giấy,7557593
GD202607010425,2026-07-12 06:14:00,KH000109,Internet Banking,Nạp tiền điện thoại,539000,0,Thành công,CN Hải Phòng,3389529
GD202607014811,2026-07-12 06:17:16,KH000157,QR Code,Thanh toán hóa đơn,2051000,0,Thành công,CN Hoàn Kiếm,7887653
GD202607002461,2026-07-12 06:23:40,KH000023,POS,Thanh toán thẻ,10918000,3300,Thành công,CN Cần Thơ,35040696
GD202607001661,2026-07-12 06:41:34,KH000017,POS,Chuyển khoản đến,4867000,0,Thành công,CN Cần Thơ,25435626
GD202607017553,2026-07-12 06:45:47,KH000185,Internet Banking,Nạp tiền điện thoại,12475000,0,Thành công,CN Cầu Giấy,30700888
GD202607008305,2026-07-12 06:55:27,KH000084,POS,Chuyển khoản đến,1589000,5500,Thành công,CN Bình Dương,17323711
GD202607017324,2026-07-12 07:07:36,KH000183,QR Code,Rút tiền mặt,1680000,0,Thành công,CN Quận 1,59770586
GD202607014668,2026-07-12 07:15:40,KH000154,Internet Banking,Nộp tiền mặt,1421000,0,Thành công,CN Quận 1,10687394
GD202607010364,2026-07-12 07:23:16,KH000108,POS,Thanh toán thẻ,81000,0,Thành công,CN TP Hồ Chí Minh,81567596
GD202607000999,2026-07-12 07:30:31,KH000013,Internet Banking,Nộp tiền mặt,402000,0,Thành công,CN Hải Phòng,33365238
GD202607011397,2026-07-12 07:38:59,KH000119,Internet Banking,Chuyển khoản đến,197000,0,Thành công,CN TP Hồ Chí Minh,51874672
GD202607017620,2026-07-12 07:53:56,KH000186,QR Code,Thanh toán hóa đơn,355000,0,Thành công,CN TP Hồ Chí Minh,15812425
GD202607000122,2026-07-12 07:55:10,KH000004,Mobile Banking,Chuyển khoản đến,9565000,0,Thành công,CN TP Hồ Chí Minh,193547746
GD202607005629,2026-07-12 08:03:56,KH000059,Internet Banking,Chuyển khoản đến,26627000,0,Thành công,CN Bình Dương,116679853
GD202607001527,2026-07-12 08:18:58,KH000016,Quầy giao dịch,Chuyển khoản đến,90000,1100,Thành công,CN Đà Nẵng,172707
GD202607004432,2026-07-12 08:31:22,KH000045,QR Code,Chuyển khoản đi,135000,0,Thành công,CN Hải Phòng,51266215
GD202607004433,2026-07-12 08:36:38,KH000045,Mobile Banking,Nạp tiền điện thoại,747000,0,Thành công,CN Đà Nẵng,50519215
GD202607012128,2026-07-12 09:12:43,KH000127,Internet Banking,Thanh toán thẻ,1853000,0,Thành công,CN Thanh Xuân,17925713
GD202607012940,2026-07-12 09:17:00,KH000132,POS,Thanh toán thẻ,1768000,0,Thành công,CN Cầu Giấy,18964704
GD202607014723,2026-07-12 09:18:33,KH000155,Mobile Banking,Thanh toán thẻ,25345000,0,Thành công,CN Thanh Xuân,127763444
GD202607015690,2026-07-12 09:37:09,KH000170,POS,Thanh toán thẻ,270000,0,Thành công,CN Cầu Giấy,793653
GD202607011832,2026-07-12 09:39:21,KH000125,Mobile Banking,Thanh toán thẻ,136000,0,Thành công,CN Hoàn Kiếm,262636
GD202607008737,2026-07-12 09:49:59,KH000090,POS,Thanh toán thẻ,50612000,3300,Thành công,CN Đà Nẵng,236426196
GD202607008588,2026-07-12 10:01:30,KH000087,QR Code,Chuyển khoản đi,148000,0,Thành công,CN Cầu Giấy,233026
GD202607017323,2026-07-12 10:19:57,KH000183,ATM,Thanh toán hóa đơn,2322000,5500,Thành công,CN TP Hồ Chí Minh,61450586
GD202607009671,2026-07-12 10:25:24,KH000098,Mobile Banking,Nạp tiền điện thoại,838000,0,Thành công,CN TP Hồ Chí Minh,21783986
GD202607017018,2026-07-12 10:45:22,KH000182,QR Code,Thanh toán hóa đơn,1132000,0,Thành công,CN Hải Phòng,22412342
GD202607012405,2026-07-12 11:00:35,KH000129,Internet Banking,Chuyển khoản đến,151000,0,Thành công,CN TP Hồ Chí Minh,313048
GD202607010728,2026-07-12 11:34:33,KH000113,QR Code,Thanh toán hóa đơn,1427000,0,Thành công,CN Cần Thơ,24250876
GD202607014309,2026-07-12 12:14:10,KH000152,Internet Banking,Nạp tiền điện thoại,1159000,0,Thành công,CN Hải Phòng,83713908
GD202607017621,2026-07-12 12:47:53,KH000186,Mobile Banking,Rút tiền mặt,195000,0,Thành công,CN Thanh Xuân,15617425
GD202607003665,2026-07-12 13:29:14,KH000034,Internet Banking,Nộp tiền mặt,241000,0,Thành công,CN Cần Thơ,56784327
GD202607015169,2026-07-12 13:39:09,KH000162,POS,Thanh toán thẻ,175000,5500,Thành công,CN Cần Thơ,240903
GD202607015168,2026-07-12 13:44:31,KH000162,POS,Thanh toán thẻ,176000,5500,Thành công,CN TP Hồ Chí Minh,158903
GD202607008009,2026-07-12 14:22:15,KH000082,POS,Thanh toán thẻ,4096000,3300,Thành công,CN Hoàn Kiếm,38642944
GD202607013534,2026-07-12 14:49:31,KH000141,POS,Thanh toán thẻ,2407000,1100,Thành công,CN TP Hồ Chí Minh,16021180
GD202607007378,2026-07-12 14:54:41,KH000077,Internet Banking,Nộp tiền mặt,1964000,0,Thành công,CN Hoàn Kiếm,8519027
GD202607018806,2026-07-12 15:13:37,KH000200,Mobile Banking,Thanh toán thẻ,132000,0,Thành công,CN Đà Nẵng,170877
GD202607014753,2026-07-12 15:52:40,KH000156,Quầy giao dịch,Chuyển khoản đến,6350000,1100,Thành công,CN Bình Dương,36970952
GD202607006193,2026-07-12 16:14:53,KH000063,Internet Banking,Thanh toán thẻ,795000,0,Thành công,CN Cầu Giấy,69484598
GD202607015607,2026-07-12 16:16:52,KH000169,Mobile Banking,Nộp tiền mặt,7173000,0,Thành công,CN Cần Thơ,72386331
GD202607012305,2026-07-12 16:26:55,KH000128,Mobile Banking,Thanh toán thẻ,532000,0,Thành công,CN TP Hồ Chí Minh,58451333
GD202607015608,2026-07-12 17:29:53,KH000169,Mobile Banking,Chuyển khoản đi,19813000,0,Thành công,CN TP Hồ Chí Minh,52573331
GD202607017917,2026-07-12 17:40:42,KH000189,Mobile Banking,Chuyển khoản đến,19591000,0,Thành công,CN Thanh Xuân,293667558
GD202607005627,2026-07-12 18:01:10,KH000059,POS,Thanh toán thẻ,9435000,5500,Thành công,CN Đà Nẵng,104323353
GD202607014669,2026-07-12 18:02:24,KH000154,Mobile Banking,Nộp tiền mặt,127000,0,Thành công,CN TP Hồ Chí Minh,10814394
GD202607014054,2026-07-12 18:25:49,KH000148,Internet Banking,Thanh toán thẻ,519000,0,Thành công,CN TP Hồ Chí Minh,68899081
GD202607018805,2026-07-12 18:43:52,KH000200,POS,Chuyển khoản đi,188000,5500,Thành công,CN TP Hồ Chí Minh,302877
GD202607016551,2026-07-12 18:45:57,KH000178,POS,Thanh toán thẻ,3327000,1100,Thành công,CN Hoàn Kiếm,33368498
GD202607011216,2026-07-12 19:19:03,KH000118,Quầy giao dịch,Thanh toán hóa đơn,2365000,3300,Thành công,CN Cầu Giấy,20754119
GD202607000185,2026-07-12 19:37:06,KH000005,POS,Thanh toán thẻ,747000,5500,Thành công,CN Hải Phòng,2075330
GD202607000665,2026-07-12 19:43:29,KH000010,QR Code,Rút tiền mặt,1455000,0,Thành công,CN Thanh Xuân,9587087
GD202607018340,2026-07-12 19:45:18,KH000194,POS,Thanh toán thẻ,2403000,3300,Thành công,CN Cần Thơ,8816320
GD202607000664,2026-07-12 19:48:30,KH000010,POS,Thanh toán thẻ,311000,1100,Thành công,CN TP Hồ Chí Minh,11042087
GD202607004293,2026-07-12 19:57:19,KH000043,POS,Thanh toán hóa đơn,251000,1100,Thành công,CN Bình Dương,68834554
GD202607004942,2026-07-12 20:07:59,KH000052,Mobile Banking,Chuyển khoản đi,153000,0,Thành công,CN Hoàn Kiếm,78606
GD202607014812,2026-07-12 20:11:17,KH000157,ATM,Nạp tiền điện thoại,2672000,1100,Thành công,CN TP Hồ Chí Minh,5214553
GD202607002186,2026-07-12 20:28:51,KH000020,Internet Banking,Nộp tiền mặt,12704000,0,Thành công,CN Bình Dương,49461128
GD202607000184,2026-07-12 20:40:49,KH000005,Quầy giao dịch,Chuyển khoản đến,67000,3300,Thành công,CN TP Hồ Chí Minh,2827830
GD202607010091,2026-07-12 21:33:47,KH000104,Internet Banking,Nộp tiền mặt,573000,0,Thành công,CN Quận 1,10771764
GD202607005628,2026-07-12 21:50:23,KH000059,POS,Thanh toán thẻ,14265000,5500,Thành công,CN Thanh Xuân,90052853
GD202607015362,2026-07-12 21:52:29,KH000164,Internet Banking,Thanh toán thẻ,61000,0,Thành công,CN Cần Thơ,27156604
GD202607015544,2026-07-12 22:20:55,KH000168,ATM,Chuyển khoản đi,8983000,5500,Thành công,CN Quận 1,18145300
GD202607001000,2026-07-12 22:49:11,KH000013,Internet Banking,Nộp tiền mặt,6865000,0,Thành công,CN Cần Thơ,40230238
GD202607005901,2026-07-13 06:11:30,KH000061,POS,Thanh toán thẻ,1026000,5500,Thành công,CN Hoàn Kiếm,13122501
GD202607011398,2026-07-13 06:26:08,KH000119,Internet Banking,Nộp tiền mặt,164000,0,Thành công,CN Thanh Xuân,52038672
GD202607007380,2026-07-13 06:26:55,KH000077,QR Code,Thanh toán thẻ,173000,0,Thành công,CN Hoàn Kiếm,6408927
GD202607006875,2026-07-13 06:27:19,KH000072,POS,Thanh toán thẻ,252000,0,Thành công,CN Đà Nẵng,73053230
GD202607011583,2026-07-13 06:43:53,KH000121,POS,Thanh toán thẻ,607000,3300,Thành công,CN Hải Phòng,1343449
GD202607003095,2026-07-13 07:00:34,KH000028,Mobile Banking,Rút tiền mặt,774000,0,Thành công,CN Hải Phòng,41207274
GD202607001662,2026-07-13 07:22:34,KH000017,QR Code,Chuyển khoản đến,4807000,0,Thành công,CN Quận 1,30242626
GD202607010654,2026-07-13 07:37:29,KH000112,Internet Banking,Thanh toán thẻ,3279000,0,Thành công,CN Cần Thơ,39312114
GD202607017919,2026-07-13 07:50:14,KH000189,Internet Banking,Rút tiền mặt,7231000,0,Thành công,CN Cần Thơ,206278258
GD202607014488,2026-07-13 07:55:28,KH000153,QR Code,Nộp tiền mặt,124000,0,Thành công,CN Cần Thơ,808941
GD202607015363,2026-07-13 08:12:25,KH000164,QR Code,Chuyển khoản đến,156000,0,Thành công,CN Hoàn Kiếm,27312604
GD202607008497,2026-07-13 08:35:19,KH000086,Mobile Banking,Thanh toán thẻ,25191000,0,Thành công,CN Cầu Giấy,135195311
GD202607000428,2026-07-13 08:35:36,KH000008,Internet Banking,Thanh toán thẻ,8409000,0,Thành công,CN Đà Nẵng,25595895
GD202607001528,2026-07-13 08:36:57,KH000016,POS,Thanh toán thẻ,195000,0,Thành công,CN Bình Dương,270207
GD202607011833,2026-07-13 08:54:03,KH000125,QR Code,Chuyển khoản đến,165000,0,Thành công,CN Quận 1,427636
GD202607011010,2026-07-13 09:03:12,KH000116,Quầy giao dịch,Rút tiền mặt,3215000,3300,Thành công,CN Đà Nẵng,12183085
GD202607003666,2026-07-13 09:31:02,KH000034,Internet Banking,Thanh toán hóa đơn,491000,0,Thành công,CN Đà Nẵng,56293327
GD202607010251,2026-07-13 09:35:08,KH000106,POS,Thanh toán thẻ,1192000,3300,Thành công,CN Thanh Xuân,42785056
GD202607014487,2026-07-13 09:59:12,KH000153,Mobile Banking,Nộp tiền mặt,170000,0,Thành công,CN Cầu Giấy,684941
GD202607005315,2026-07-13 10:25:39,KH000056,QR Code,Thanh toán thẻ,2038000,0,Thành công,CN TP Hồ Chí Minh,91648852
GD202607008130,2026-07-13 10:27:50,KH000083,Internet Banking,Nộp tiền mặt,418000,0,Thành công,CN Cầu Giấy,63440811
GD202607014310,2026-07-13 10:37:55,KH000152,QR Code,Chuyển khoản đến,3014000,0,Thành công,CN Cần Thơ,86727908
GD202607000822,2026-07-13 11:00:38,KH000011,QR Code,Nộp tiền mặt,4188000,0,Thành công,CN Quận 1,94512968
GD202607018641,2026-07-13 11:32:25,KH000197,POS,Thanh toán thẻ,7812000,1100,Thành công,CN Thanh Xuân,89597460
GD202607007379,2026-07-13 11:35:20,KH000077,POS,Thanh toán thẻ,1936000,1100,Thành công,CN Bình Dương,6581927
GD202607004061,2026-07-13 11:42:58,KH000040,POS,Chuyển khoản đến,2448000,3300,Thành công,CN Đà Nẵng,73506811
GD202607012306,2026-07-13 12:17:58,KH000128,Mobile Banking,Thanh toán thẻ,193000,0,Thành công,CN Đà Nẵng,58258333
GD202607001371,2026-07-13 12:34:37,KH000015,Quầy giao dịch,Nộp tiền mặt,2529000,5500,Thành công,CN Hải Phòng,50835183
GD202607001001,2026-07-13 13:26:40,KH000013,Internet Banking,Thanh toán hóa đơn,6314000,0,Thành công,CN Bình Dương,33916238
GD202607011582,2026-07-13 13:30:20,KH000121,Internet Banking,Thanh toán thẻ,1019000,0,Thành công,CN Hải Phòng,1953749
GD202607015691,2026-07-13 13:54:21,KH000170,POS,Thanh toán thẻ,146000,3300,Thành công,CN TP Hồ Chí Minh,644353
GD202607011217,2026-07-13 14:11:50,KH000118,QR Code,Nộp tiền mặt,5292000,0,Thành công,CN Quận 1,26046119
GD202607011399,2026-07-13 14:36:20,KH000119,QR Code,Thanh toán thẻ,184000,0,Thành công,CN Thanh Xuân,51854672
GD202607013630,2026-07-13 14:47:17,KH000142,Quầy giao dịch,Chuyển khoản đi,20234000,5500,Thành công,CN Thanh Xuân,102048048
GD202607005316,2026-07-13 15:36:59,KH000056,Quầy giao dịch,Rút tiền mặt,667000,3300,Thành công,CN Cần Thơ,90978552
GD202607002462,2026-07-13 15:41:38,KH000023,Mobile Banking,Chuyển khoản đến,5624000,0,Thành công,CN Quận 1,40664696
GD202607010595,2026-07-13 15:55:59,KH000111,Mobile Banking,Chuyển khoản đi,25099000,0,Thành công,CN Thanh Xuân,64279938
GD202607006419,2026-07-13 15:58:22,KH000065,QR Code,Nộp tiền mặt,23102000,0,Thành công,CN Đà Nẵng,121768795
GD202607004060,2026-07-13 16:13:01,KH000040,Internet Banking,Chuyển khoản đến,6453000,0,Thành công,CN Cầu Giấy,71058811
GD202607007704,2026-07-13 16:24:47,KH000079,QR Code,Nạp tiền điện thoại,1279000,0,Thành công,CN Cần Thơ,17148282
GD202607017918,2026-07-13 16:38:32,KH000189,Quầy giao dịch,Nạp tiền điện thoại,80155000,3300,Thành công,CN Cần Thơ,213509258
GD202607009124,2026-07-13 16:50:47,KH000094,Internet Banking,Chuyển khoản đi,1840000,0,Thành công,CN Quận 1,78387370
GD202607003826,2026-07-13 17:26:01,KH000037,Quầy giao dịch,Nạp tiền điện thoại,7323000,0,Thành công,CN Hải Phòng,41246758
GD202607005899,2026-07-13 18:00:08,KH000061,POS,Thanh toán thẻ,2132000,1100,Thành công,CN Thanh Xuân,13915001
GD202607007039,2026-07-13 18:01:11,KH000074,QR Code,Nộp tiền mặt,618000,0,Thành công,CN TP Hồ Chí Minh,32093040
GD202607005900,2026-07-13 18:14:03,KH000061,QR Code,Chuyển khoản đến,239000,0,Thành công,CN Cần Thơ,14154001
GD202607010496,2026-07-13 18:23:39,KH000110,QR Code,Thanh toán thẻ,1576000,0,Thành công,CN Thanh Xuân,53519955
GD202607000270,2026-07-13 18:41:20,KH000006,QR Code,Chuyển khoản đến,473000,0,Thành công,CN Thanh Xuân,2474966
GD202607017744,2026-07-13 19:09:49,KH000187,QR Code,Chuyển khoản đến,419000,0,Thành công,CN Cần Thơ,18027689
GD202607006749,2026-07-13 19:35:29,KH000070,QR Code,Chuyển khoản đến,4428000,0,Thành công,CN TP Hồ Chí Minh,97742230
GD202607012307,2026-07-13 19:38:49,KH000128,QR Code,Nạp tiền điện thoại,498000,0,Thành công,CN Cần Thơ,57760333
GD202607013454,2026-07-13 20:13:26,KH000139,QR Code,Nạp tiền điện thoại,708000,0,Thành công,CN Cần Thơ,2428207
GD202607014670,2026-07-13 20:29:27,KH000154,Mobile Banking,Thanh toán thẻ,1591000,0,Thành công,CN TP Hồ Chí Minh,9223394
GD202607017498,2026-07-13 20:35:10,KH000184,Internet Banking,Nộp tiền mặt,7745000,0,Thành công,CN Hoàn Kiếm,39890166
GD202607008738,2026-07-13 20:44:17,KH000090,POS,Thanh toán hóa đơn,18509000,3300,Thành công,CN Cần Thơ,217913896
GD202607001002,2026-07-13 21:34:27,KH000013,Mobile Banking,Chuyển khoản đi,10967000,0,Thành công,CN Đà Nẵng,22949238
GD202607000271,2026-07-13 21:36:07,KH000006,Internet Banking,Thanh toán thẻ,295000,0,Thành công,CN Hoàn Kiếm,2179966
GD202607005137,2026-07-13 21:41:44,KH000053,QR Code,Nộp tiền mặt,18687000,0,Thành công,CN Cần Thơ,79462040
GD202607003988,2026-07-13 22:03:10,KH000039,Internet Banking,Nạp tiền điện thoại,161000,0,Thành công,CN Hải Phòng,65697875
GD202607017745,2026-07-14 06:10:18,KH000187,Mobile Banking,Chuyển khoản đến,3857000,0,Thành công,CN Hoàn Kiếm,21884689
GD202607001925,2026-07-14 06:33:38,KH000019,POS,Thanh toán thẻ,2449000,3300,Thành công,CN Thanh Xuân,17037112
GD202607006638,2026-07-14 06:34:25,KH000067,Quầy giao dịch,Nạp tiền điện thoại,5845000,3300,Thất bại,CN TP Hồ Chí Minh,17690399
GD202607004943,2026-07-14 06:44:09,KH000052,POS,Thanh toán thẻ,124000,5500,Thành công,CN Quận 1,135106
GD202607011834,2026-07-14 07:01:59,KH000125,Internet Banking,Rút tiền mặt,145000,0,Thành công,CN Hoàn Kiếm,282636
GD202607010252,2026-07-14 07:12:31,KH000106,POS,Nộp tiền mặt,1480000,3300,Thành công,CN Quận 1,44265056
GD202607007040,2026-07-14 07:32:41,KH000074,QR Code,Nộp tiền mặt,1844000,0,Thành công,CN TP Hồ Chí Minh,33937040
GD202607007705,2026-07-14 07:34:53,KH000079,Mobile Banking,Nạp tiền điện thoại,1606000,0,Thành công,CN Hải Phòng,15542282
GD202607007382,2026-07-14 07:52:00,KH000077,QR Code,Thanh toán thẻ,1451000,0,Thành công,CN Hải Phòng,5651927
GD202607001529,2026-07-14 08:25:56,KH000016,QR Code,Chuyển khoản đến,130000,0,Thành công,CN Thanh Xuân,400207
GD202607007536,2026-07-14 08:27:05,KH000078,ATM,Rút tiền mặt,37376000,0,Thành công,CN TP Hồ Chí Minh,114126915
GD202607000823,2026-07-14 08:38:47,KH000011,Internet Banking,Rút tiền mặt,2627000,0,Thành công,CN TP Hồ Chí Minh,91885968
GD202607018712,2026-07-14 09:03:20,KH000198,Quầy giao dịch,Chuyển khoản đi,737000,0,Thành công,CN Cầu Giấy,26020788
GD202607000429,2026-07-14 09:07:33,KH000008,Internet Banking,Nạp tiền điện thoại,7387000,0,Thành công,CN Quận 1,18208895
GD202607011835,2026-07-14 10:09:10,KH000125,Internet Banking,Chuyển khoản đến,150000,0,Thành công,CN Bình Dương,432636
GD202607004062,2026-07-14 10:32:30,KH000040,Internet Banking,Thanh toán thẻ,3258000,0,Thành công,CN Quận 1,70248811
GD202607012686,2026-07-14 11:01:24,KH000131,Internet Banking,Thanh toán thẻ,123000,0,Thành công,CN Thanh Xuân,170280
GD202607008499,2026-07-14 11:16:17,KH000086,Internet Banking,Thanh toán thẻ,17042000,0,Thành công,CN Quận 1,78940311
GD202607014813,2026-07-14 11:27:23,KH000157,Internet Banking,Rút tiền mặt,673000,0,Thành công,CN TP Hồ Chí Minh,4541553
GD202607004945,2026-07-14 11:35:33,KH000052,QR Code,Thanh toán thẻ,164000,0,Thành công,CN TP Hồ Chí Minh,142106
GD202607015365,2026-07-14 11:43:12,KH000164,Quầy giao dịch,Nạp tiền điện thoại,114000,0,Thành công,CN Quận 1,27048604
GD202607012685,2026-07-14 11:51:32,KH000131,POS,Chuyển khoản đến,122000,5500,Thành công,CN TP Hồ Chí Minh,293280
GD202607010940,2026-07-14 12:12:00,KH000115,QR Code,Thanh toán hóa đơn,5548000,0,Thành công,CN Hải Phòng,31419751
GD202607015170,2026-07-14 12:15:12,KH000162,POS,Thanh toán thẻ,80000,0,Thành công,CN Cầu Giấy,160903
GD202607013089,2026-07-14 12:22:24,KH000134,POS,Chuyển khoản đến,816000,3300,Thành công,CN Đà Nẵng,4650662
GD202607015791,2026-07-14 12:26:28,KH000171,QR Code,Thanh toán thẻ,116000,0,Thành công,CN Bình Dương,138451
GD202607012687,2026-07-14 13:01:56,KH000131,Internet Banking,Nộp tiền mặt,166000,0,Thành công,CN Đà Nẵng,336280
GD202607008589,2026-07-14 13:06:58,KH000087,Mobile Banking,Thanh toán thẻ,169000,0,Thành công,CN Bình Dương,64026
GD202607013779,2026-07-14 13:52:27,KH000144,ATM,Chuyển khoản đi,1254000,3300,Thành công,CN Bình Dương,4808801
GD202607005436,2026-07-14 14:17:02,KH000057,POS,Chuyển khoản đi,8814000,1100,Thành công,CN Hoàn Kiếm,36243819
GD202607014999,2026-07-14 14:41:33,KH000160,POS,Nạp tiền điện thoại,2742000,5500,Thành công,CN Bình Dương,81499571
GD202607013778,2026-07-14 14:48:08,KH000144,Internet Banking,Thanh toán thẻ,2122000,0,Thành công,CN Hải Phòng,6066101
GD202607013631,2026-07-14 15:20:40,KH000142,QR Code,Thanh toán thẻ,34772000,0,Thành công,CN Thanh Xuân,67276048
GD202607010092,2026-07-14 15:21:59,KH000104,QR Code,Rút tiền mặt,1545000,0,Thành công,CN Quận 1,9226764
GD202607015364,2026-07-14 15:34:24,KH000164,QR Code,Thanh toán thẻ,150000,0,Thành công,CN Cần Thơ,27162604
GD202607015692,2026-07-14 15:37:30,KH000170,QR Code,Chuyển khoản đến,116000,0,Thành công,CN Hoàn Kiếm,760353
GD202607008498,2026-07-14 15:51:06,KH000086,Internet Banking,Thanh toán thẻ,39213000,0,Thành công,CN Quận 1,95982311
GD202607007381,2026-07-14 15:52:35,KH000077,Internet Banking,Nộp tiền mặt,694000,0,Thành công,CN Hải Phòng,7102927
GD202607016165,2026-07-14 16:31:39,KH000175,POS,Thanh toán thẻ,436000,5500,Thành công,CN Bình Dương,32074099
GD202607011093,2026-07-14 17:06:37,KH000117,POS,Rút tiền mặt,169000,1100,Thành công,CN Thanh Xuân,81211628
GD202607004325,2026-07-14 17:21:16,KH000044,Mobile Banking,Thanh toán thẻ,3089000,0,Thành công,CN Cầu Giấy,5930562
GD202607005138,2026-07-14 17:47:40,KH000053,Mobile Banking,Thanh toán thẻ,23095000,0,Thành công,CN Cần Thơ,56367040
GD202607017746,2026-07-14 17:49:35,KH000187,POS,Thanh toán thẻ,2423000,0,Thành công,CN Quận 1,19461689
GD202607014724,2026-07-14 17:52:37,KH000155,ATM,Rút tiền mặt,22826000,0,Thành công,CN Bình Dương,104937444
GD202607006194,2026-07-14 17:58:22,KH000063,Mobile Banking,Thanh toán thẻ,1231000,0,Thành công,CN TP Hồ Chí Minh,68253598
GD202607004944,2026-07-14 18:20:30,KH000052,QR Code,Thanh toán thẻ,75000,0,Thành công,CN Đà Nẵng,60106
GD202607016579,2026-07-14 19:05:31,KH000179,Quầy giao dịch,Thanh toán hóa đơn,20164000,5500,Thành công,CN Cần Thơ,171203869
GD202607003447,2026-07-14 19:22:57,KH000032,Mobile Banking,Chuyển khoản đi,148000,0,Thành công,CN Hoàn Kiếm,80292615
GD202607012941,2026-07-14 19:52:33,KH000132,POS,Thanh toán thẻ,4689000,5500,Thành công,CN Thanh Xuân,14270204
GD202607015296,2026-07-14 20:08:56,KH000163,Internet Banking,Nộp tiền mặt,12739000,0,Thành công,CN Hoàn Kiếm,56645017
GD202607016310,2026-07-14 20:10:32,KH000176,Quầy giao dịch,Chuyển khoản đi,94000,5500,Thành công,CN Cầu Giấy,58929832
GD202607017325,2026-07-14 20:20:04,KH000183,QR Code,Thanh toán thẻ,14988000,0,Thành công,CN Hải Phòng,44782586
GD202607006575,2026-07-14 20:31:26,KH000066,Quầy giao dịch,Thanh toán hóa đơn,836000,1100,Thành công,CN Hoàn Kiếm,159403911
GD202607005902,2026-07-14 20:36:44,KH000061,Internet Banking,Nộp tiền mặt,894000,0,Thành công,CN Đà Nẵng,14016501
GD202607005317,2026-07-14 20:37:31,KH000056,ATM,Nộp tiền mặt,3131000,3300,Thành công,CN Cần Thơ,94109552
GD202607002935,2026-07-14 21:22:25,KH000027,Internet Banking,Nạp tiền điện thoại,5790000,0,Thành công,CN Cần Thơ,19499973
GD202607009125,2026-07-14 21:23:31,KH000094,Mobile Banking,Thanh toán thẻ,2159000,0,Thành công,CN Hoàn Kiếm,76228370
GD202607015693,2026-07-14 21:49:08,KH000170,POS,Chuyển khoản đến,106000,1100,Thành công,CN Hoàn Kiếm,866353
GD202607014671,2026-07-14 21:49:50,KH000154,Quầy giao dịch,Chuyển khoản đến,846000,1100,Thành công,CN Quận 1,10069394
GD202607004599,2026-07-14 22:11:08,KH000048,Mobile Banking,Nạp tiền điện thoại,923000,0,Thành công,CN TP Hồ Chí Minh,2549315
GD202607014311,2026-07-14 22:12:49,KH000152,QR Code,Chuyển khoản đến,3211000,0,Thành công,CN Hải Phòng,89938908
GD202607004598,2026-07-14 22:20:55,KH000048,QR Code,Nộp tiền mặt,473000,0,Thành công,CN Thanh Xuân,3472315
GD202607007180,2026-07-14 22:27:34,KH000075,POS,Thanh toán thẻ,927000,0,Thành công,CN TP Hồ Chí Minh,36982242
GD202607002936,2026-07-15 06:20:36,KH000027,Quầy giao dịch,Chuyển khoản đến,2974000,3300,Thành công,CN Bình Dương,22473973
GD202607004948,2026-07-15 06:59:00,KH000052,POS,Thanh toán thẻ,96000,5500,Thành công,CN Đà Nẵng,132606
GD202607014672,2026-07-15 07:03:59,KH000154,POS,Thanh toán thẻ,1904000,5500,Thành công,CN TP Hồ Chí Minh,8159894
GD202607014134,2026-07-15 07:04:26,KH000149,Mobile Banking,Nạp tiền điện thoại,2124000,0,Thành công,CN Cần Thơ,34161738
GD202607009127,2026-07-15 07:16:06,KH000094,POS,Thanh toán thẻ,238000,1100,Thành công,CN Cầu Giấy,74461270
GD202607001195,2026-07-15 07:33:04,KH000014,Mobile Banking,Nạp tiền điện thoại,14957000,0,Thành công,CN TP Hồ Chí Minh,47721310
GD202607016065,2026-07-15 07:42:11,KH000173,ATM,Rút tiền mặt,82000,1100,Thành công,CN Đà Nẵng,4026868
GD202607010843,2026-07-15 08:05:16,KH000114,POS,Thanh toán thẻ,249000,0,Thành công,CN TP Hồ Chí Minh,73486227
GD202607008132,2026-07-15 08:18:21,KH000083,ATM,Chuyển khoản đến,326000,0,Thành công,CN Đà Nẵng,63548711
GD202607011400,2026-07-15 08:40:25,KH000119,QR Code,Thanh toán thẻ,72000,0,Thành công,CN Thanh Xuân,51782672
GD202607013456,2026-07-15 08:45:07,KH000139,POS,Thanh toán thẻ,510000,5500,Thành công,CN Bình Dương,1670707
GD202607012688,2026-07-15 08:46:09,KH000131,Internet Banking,Thanh toán hóa đơn,137000,0,Thành công,CN Cần Thơ,199280
GD202607013455,2026-07-15 08:57:44,KH000139,Internet Banking,Thanh toán thẻ,242000,0,Thành công,CN Đà Nẵng,2186207
GD202607002542,2026-07-15 09:10:48,KH000024,POS,Chuyển khoản đến,891000,5500,Thành công,CN Thanh Xuân,95552124
GD202607009752,2026-07-15 09:51:50,KH000099,QR Code,Thanh toán thẻ,898000,0,Thành công,CN Cầu Giấy,44031041
GD202607009753,2026-07-15 10:07:02,KH000099,QR Code,Chuyển khoản đến,1859000,0,Thành công,CN Bình Dương,45890041
GD202607012129,2026-07-15 10:20:44,KH000127,POS,Thanh toán thẻ,5360000,5500,Thành công,CN Hải Phòng,12560213
GD202607009551,2026-07-15 10:22:26,KH000097,Internet Banking,Thanh toán thẻ,904000,0,Thành công,CN Thanh Xuân,4393949
GD202607013457,2026-07-15 11:05:20,KH000139,QR Code,Thanh toán hóa đơn,83000,0,Thành công,CN Đà Nẵng,1587707
GD202607012942,2026-07-15 12:04:18,KH000132,Mobile Banking,Thanh toán thẻ,3206000,0,Thành công,CN Bình Dương,11064204
GD202607017554,2026-07-15 12:25:59,KH000185,ATM,Chuyển khoản đi,5624000,5500,Thành công,CN Hải Phòng,25071388
GD202607015366,2026-07-15 12:28:43,KH000164,Mobile Banking,Chuyển khoản đi,178000,0,Thành công,CN Thanh Xuân,26870604
GD202607015545,2026-07-15 12:48:57,KH000168,Quầy giao dịch,Chuyển khoản đến,1550000,0,Thành công,CN TP Hồ Chí Minh,19695300
GD202607010941,2026-07-15 13:21:15,KH000115,Internet Banking,Chuyển khoản đi,1047000,0,Thành công,CN Hải Phòng,30372751
GD202607001531,2026-07-15 13:41:00,KH000016,Internet Banking,Thanh toán thẻ,196000,0,Thành công,CN Hải Phòng,71207
GD202607005630,2026-07-15 13:54:24,KH000059,Internet Banking,Nạp tiền điện thoại,31326000,0,Thành công,CN Đà Nẵng,85353853
GD202607006685,2026-07-15 14:11:10,KH000068,Internet Banking,Rút tiền mặt,8382000,0,Thành công,CN TP Hồ Chí Minh,56881189
GD202607012130,2026-07-15 14:17:55,KH000127,QR Code,Thanh toán thẻ,3954000,0,Thành công,CN Cầu Giấy,8606213
GD202607011836,2026-07-15 14:29:29,KH000125,QR Code,Chuyển khoản đến,97000,0,Thành công,CN Bình Dương,529636
GD202607008306,2026-07-15 14:33:06,KH000084,Internet Banking,Nộp tiền mặt,2639000,0,Thành công,CN Quận 1,19962711
GD202607008883,2026-07-15 14:38:28,KH000092,QR Code,Chuyển khoản đi,803000,0,Thành công,CN Hải Phòng,7083499
GD202607015947,2026-07-15 14:50:15,KH000172,QR Code,Thanh toán thẻ,2611000,0,Thành công,CN Hải Phòng,4946593
GD202607009672,2026-07-15 14:50:38,KH000098,Quầy giao dịch,Chuyển khoản đi,836000,3300,Thành công,CN Cầu Giấy,20944686
GD202607003989,2026-07-15 14:59:46,KH000039,POS,Nộp tiền mặt,2545000,1100,Thất bại,CN Hoàn Kiếm,65697875
GD202607010655,2026-07-15 15:16:27,KH000112,ATM,Chuyển khoản đến,3289000,3300,Thành công,CN Bình Dương,42601114
GD202607018582,2026-07-15 15:25:16,KH000196,POS,Thanh toán thẻ,177000,0,Thành công,CN Quận 1,69392666
GD202607005230,2026-07-15 15:30:06,KH000055,Internet Banking,Chuyển khoản đi,505000,0,Thành công,CN Quận 1,9979387
GD202607007383,2026-07-15 15:34:55,KH000077,Internet Banking,Thanh toán hóa đơn,1173000,0,Thất bại,CN Thanh Xuân,5651927
GD202607009126,2026-07-15 15:44:53,KH000094,Mobile Banking,Thanh toán thẻ,1528000,0,Thành công,CN Cần Thơ,74700370
GD202607004219,2026-07-15 15:51:27,KH000042,Mobile Banking,Thanh toán hóa đơn,1147000,0,Thành công,CN Đà Nẵng,45828749
GD202607001003,2026-07-15 16:45:45,KH000013,POS,Thanh toán thẻ,5055000,1100,Thành công,CN TP Hồ Chí Minh,17893138
GD202607004947,2026-07-15 16:52:49,KH000052,Mobile Banking,Nạp tiền điện thoại,169000,0,Thành công,CN Cầu Giấy,90106
GD202607001663,2026-07-15 16:56:42,KH000017,Mobile Banking,Chuyển khoản đến,8146000,0,Thành công,CN Quận 1,38388626
GD202607001530,2026-07-15 16:57:51,KH000016,QR Code,Thanh toán thẻ,133000,0,Thành công,CN Thanh Xuân,267207
GD202607008131,2026-07-15 16:59:15,KH000083,POS,Thanh toán thẻ,217000,1100,Thành công,CN Hải Phòng,63222711
GD202607004946,2026-07-15 17:05:20,KH000052,QR Code,Chuyển khoản đến,117000,0,Thành công,CN Thanh Xuân,259106
GD202607005903,2026-07-15 17:25:54,KH000061,POS,Thanh toán thẻ,1494000,0,Thành công,CN Thanh Xuân,12522501
GD202607017842,2026-07-15 17:29:50,KH000188,Quầy giao dịch,Chuyển khoản đi,29023000,5500,Thành công,CN Đà Nẵng,58452234
GD202607018642,2026-07-15 17:38:07,KH000197,POS,Thanh toán thẻ,28881000,0,Thành công,CN TP Hồ Chí Minh,60716460
GD202607011837,2026-07-15 17:47:26,KH000125,Internet Banking,Chuyển khoản đến,117000,0,Thành công,CN Hoàn Kiếm,646636
GD202607018458,2026-07-15 17:53:09,KH000195,Internet Banking,Nộp tiền mặt,81000,0,Thành công,CN Bình Dương,206417
GD202607005437,2026-07-15 18:14:57,KH000057,ATM,Thanh toán hóa đơn,2713000,1100,Thành công,CN Quận 1,33529719
GD202607009379,2026-07-15 18:31:39,KH000096,Mobile Banking,Thanh toán thẻ,8365000,0,Thành công,CN Cầu Giấy,24498793
GD202607018807,2026-07-15 18:32:18,KH000200,POS,Thanh toán thẻ,149000,0,Thành công,CN Hải Phòng,245377
GD202607000272,2026-07-15 18:46:23,KH000006,Mobile Banking,Thanh toán thẻ,521000,0,Thành công,CN Thanh Xuân,1658966
GD202607011401,2026-07-15 19:06:51,KH000119,Mobile Banking,Rút tiền mặt,157000,0,Thành công,CN Cần Thơ,51625672
GD202607010365,2026-07-15 19:37:09,KH000108,POS,Chuyển khoản đi,181000,0,Thành công,CN Cầu Giấy,81386596
GD202607010253,2026-07-15 19:45:12,KH000106,POS,Thanh toán thẻ,1350000,5500,Thành công,CN TP Hồ Chí Minh,42909556
GD202607013193,2026-07-15 19:47:54,KH000136,Mobile Banking,Chuyển khoản đi,15478000,0,Thành công,CN Cần Thơ,62757743
GD202607000666,2026-07-15 19:53:20,KH000010,Mobile Banking,Chuyển khoản đến,2477000,0,Thành công,CN Cần Thơ,12064087
GD202607015000,2026-07-15 20:21:11,KH000160,QR Code,Thanh toán thẻ,640000,0,Thành công,CN Quận 1,80859571
GD202607015297,2026-07-15 20:39:15,KH000163,Mobile Banking,Thanh toán hóa đơn,6770000,0,Thành công,CN Quận 1,49875017
GD202607002327,2026-07-15 21:02:00,KH000021,Internet Banking,Thanh toán thẻ,1076000,0,Thành công,CN Cần Thơ,62065616
GD202607000430,2026-07-15 21:16:35,KH000008,Internet Banking,Rút tiền mặt,6062000,0,Thành công,CN Quận 1,12146895
GD202607005438,2026-07-15 21:35:36,KH000057,Internet Banking,Nộp tiền mặt,4813000,0,Thành công,CN Đà Nẵng,38342719
GD202607000186,2026-07-15 21:39:04,KH000005,POS,Rút tiền mặt,461000,0,Thành công,CN Thanh Xuân,1614330
GD202607009378,2026-07-15 21:42:52,KH000096,POS,Thanh toán thẻ,7875000,5500,Thành công,CN Hoàn Kiếm,32863793
GD202607000273,2026-07-16 06:27:28,KH000006,POS,Rút tiền mặt,554000,3300,Thành công,CN Hải Phòng,1101666
GD202607018459,2026-07-16 06:39:12,KH000195,Mobile Banking,Thanh toán thẻ,133000,0,Thành công,CN Cầu Giấy,73417
GD202607003990,2026-07-16 06:40:10,KH000039,POS,Thanh toán thẻ,1677000,1100,Thành công,CN Hải Phòng,64019775
GD202607017327,2026-07-16 07:01:34,KH000183,QR Code,Thanh toán thẻ,2742000,0,Thành công,CN TP Hồ Chí Minh,37559586
GD202607009381,2026-07-16 07:15:17,KH000096,QR Code,Rút tiền mặt,2236000,0,Thành công,CN Hoàn Kiếm,15631793
GD202607008884,2026-07-16 07:33:57,KH000092,POS,Chuyển khoản đi,264000,5500,Thành công,CN TP Hồ Chí Minh,6813999
GD202607018293,2026-07-16 07:34:56,KH000193,ATM,Nạp tiền điện thoại,32397000,0,Thành công,CN Quận 1,189722070
GD202607010254,2026-07-16 07:39:55,KH000106,POS,Chuyển khoản đến,1444000,1100,Thành công,CN Cần Thơ,44353556
GD202607002712,2026-07-16 08:05:11,KH000025,Mobile Banking,Nạp tiền điện thoại,121000,0,Thành công,CN Cầu Giấy,545931
GD202607008590,2026-07-16 08:10:09,KH000087,QR Code,Nộp tiền mặt,130000,0,Thành công,CN Cần Thơ,194026
GD202607017326,2026-07-16 08:15:31,KH000183,Mobile Banking,Thanh toán hóa đơn,4481000,0,Thành công,CN Đà Nẵng,40301586
GD202607007384,2026-07-16 09:06:35,KH000077,POS,Thanh toán thẻ,229000,0,Thành công,CN Hải Phòng,5422927
GD202607012689,2026-07-16 09:39:34,KH000131,POS,Thanh toán thẻ,57000,5500,Thành công,CN Hoàn Kiếm,136780
GD202607015421,2026-07-16 09:42:49,KH000165,QR Code,Thanh toán thẻ,14254000,0,Thành công,CN Hải Phòng,27765414
GD202607018144,2026-07-16 10:06:08,KH000191,POS,Thanh toán thẻ,4809000,0,Thành công,CN Thanh Xuân,19327008
GD202607013632,2026-07-16 10:13:06,KH000142,Quầy giao dịch,Rút tiền mặt,12519000,5500,Thành công,CN Hải Phòng,54751548
GD202607003226,2026-07-16 10:26:11,KH000029,Mobile Banking,Rút tiền mặt,509000,0,Thành công,CN Hoàn Kiếm,3593065
GD202607014893,2026-07-16 10:51:51,KH000158,Internet Banking,Chuyển khoản đến,13479000,0,Thành công,CN TP Hồ Chí Minh,95272041
GD202607016552,2026-07-16 11:03:11,KH000178,Quầy giao dịch,Nộp tiền mặt,1194000,0,Thành công,CN Cầu Giấy,34562498
GD202607017622,2026-07-16 11:05:33,KH000186,Internet Banking,Thanh toán hóa đơn,4207000,0,Thành công,CN Hoàn Kiếm,11410425
GD202607007706,2026-07-16 11:29:52,KH000079,QR Code,Chuyển khoản đến,4024000,0,Thành công,CN Cần Thơ,19566282
GD202607018145,2026-07-16 11:53:52,KH000191,Internet Banking,Thanh toán thẻ,4200000,0,Thành công,CN Hoàn Kiếm,15127008
GD202607015948,2026-07-16 12:10:59,KH000172,POS,Nộp tiền mặt,1345000,5500,Thành công,CN Bình Dương,6291593
GD202607001197,2026-07-16 12:40:55,KH000014,POS,Thanh toán thẻ,507000,3300,Thành công,CN Bình Dương,35950510
GD202607000432,2026-07-16 12:44:31,KH000008,Internet Banking,Nộp tiền mặt,1342000,0,Thành công,CN Bình Dương,12293895
GD202607004949,2026-07-16 12:48:04,KH000052,Mobile Banking,Nộp tiền mặt,125000,0,Thành công,CN Cầu Giấy,257606
GD202607003225,2026-07-16 12:54:11,KH000029,QR Code,Thanh toán thẻ,2113000,0,Thành công,CN Hoàn Kiếm,4102065
GD202607008307,2026-07-16 13:04:46,KH000084,Internet Banking,Thanh toán hóa đơn,1172000,0,Thành công,CN Cầu Giấy,18790711
GD202607006420,2026-07-16 13:11:54,KH000065,Internet Banking,Chuyển khoản đến,31868000,0,Thành công,CN TP Hồ Chí Minh,153636795
GD202607013062,2026-07-16 13:13:27,KH000133,ATM,Nạp tiền điện thoại,2020000,5500,Thành công,CN Hải Phòng,6733421
GD202607007385,2026-07-16 13:18:14,KH000077,Internet Banking,Nộp tiền mặt,652000,0,Thành công,CN Cầu Giấy,6074927
GD202607017920,2026-07-16 13:23:55,KH000189,POS,Thanh toán thẻ,42879000,3300,Thành công,CN Cầu Giấy,163395958
GD202607001004,2026-07-16 13:53:38,KH000013,QR Code,Thanh toán thẻ,2536000,0,Thành công,CN TP Hồ Chí Minh,15357138
GD202607012943,2026-07-16 13:57:49,KH000132,Mobile Banking,Rút tiền mặt,2856000,0,Thành công,CN TP Hồ Chí Minh,8208204
GD202607003448,2026-07-16 13:59:15,KH000032,QR Code,Rút tiền mặt,142000,0,Thành công,CN Cần Thơ,80150615
GD202607000912,2026-07-16 14:17:37,KH000012,Internet Banking,Thanh toán thẻ,2307000,0,Thành công,CN Cần Thơ,92408146
GD202607017020,2026-07-16 14:40:02,KH000182,QR Code,Nạp tiền điện thoại,3567000,0,Thành công,CN Hải Phòng,17129342
GD202607016669,2026-07-16 14:40:25,KH000180,POS,Nộp tiền mặt,2357000,5500,Thành công,CN Quận 1,65070037
GD202607007181,2026-07-16 14:54:42,KH000075,POS,Thanh toán thẻ,2779000,0,Thành công,CN Hải Phòng,34203242
GD202607006195,2026-07-16 15:14:09,KH000063,Mobile Banking,Chuyển khoản đi,1211000,0,Thành công,CN TP Hồ Chí Minh,67042598
GD202607005193,2026-07-16 15:27:13,KH000054,Mobile Banking,Rút tiền mặt,2199000,0,Thành công,CN Quận 1,8119355
GD202607002937,2026-07-16 15:47:09,KH000027,QR Code,Nộp tiền mặt,2451000,0,Thành công,CN Quận 1,24924973
GD202607001196,2026-07-16 16:00:37,KH000014,POS,Thanh toán thẻ,11255000,5500,Thành công,CN Hải Phòng,36460810
GD202607018341,2026-07-16 17:14:32,KH000194,QR Code,Chuyển khoản đi,1437000,0,Thành công,CN Quận 1,7379320
GD202607003227,2026-07-16 17:16:14,KH000029,POS,Chuyển khoản đến,163000,1100,Thành công,CN Cần Thơ,3756065
GD202607000667,2026-07-16 17:20:20,KH000010,POS,Thanh toán thẻ,407000,5500,Thành công,CN Quận 1,11651587
GD202607007707,2026-07-16 17:43:24,KH000079,POS,Thanh toán thẻ,5680000,1100,Thành công,CN Hoàn Kiếm,13885182
GD202607001926,2026-07-16 17:47:27,KH000019,Mobile Banking,Thanh toán thẻ,3250000,0,Thành công,CN Hoàn Kiếm,13787112
GD202607014231,2026-07-16 17:54:33,KH000151,Internet Banking,Thanh toán thẻ,498000,0,Thành công,CN Hải Phòng,1193916
GD202607000431,2026-07-16 18:05:53,KH000008,Mobile Banking,Thanh toán thẻ,1195000,0,Thành công,CN Hải Phòng,10951895
GD202607013123,2026-07-16 18:43:29,KH000135,Internet Banking,Nạp tiền điện thoại,10244000,0,Thành công,CN Cầu Giấy,75356576
GD202607004063,2026-07-16 18:53:52,KH000040,QR Code,Nạp tiền điện thoại,4655000,0,Thành công,CN Đà Nẵng,65593811
GD202607017499,2026-07-16 19:15:13,KH000184,QR Code,Nạp tiền điện thoại,2276000,0,Thành công,CN Cần Thơ,37614166
GD202607015420,2026-07-16 19:32:14,KH000165,POS,Nộp tiền mặt,3780000,1100,Thành công,CN Bình Dương,42019414
GD202607009380,2026-07-16 20:03:04,KH000096,POS,Thanh toán thẻ,6631000,0,Thành công,CN Hoàn Kiếm,17867793
GD202607010426,2026-07-16 20:09:52,KH000109,QR Code,Chuyển khoản đến,621000,0,Thành công,CN Cầu Giấy,4010529
GD202607017500,2026-07-16 20:34:43,KH000184,QR Code,Rút tiền mặt,3516000,0,Thành công,CN Hoàn Kiếm,34098166
GD202607017019,2026-07-16 20:44:08,KH000182,Mobile Banking,Nạp tiền điện thoại,1716000,0,Thành công,CN Hoàn Kiếm,20696342
GD202607009552,2026-07-16 20:46:14,KH000097,QR Code,Chuyển khoản đi,1081000,0,Thành công,CN Hải Phòng,3312949
GD202607001372,2026-07-16 21:02:49,KH000015,POS,Chuyển khoản đi,13767000,5500,Thành công,CN Bình Dương,37062683
GD202607013194,2026-07-16 21:32:35,KH000136,QR Code,Thanh toán thẻ,2211000,0,Thành công,CN Đà Nẵng,60546743
GD202607006421,2026-07-16 21:40:52,KH000065,POS,Thanh toán thẻ,13800000,1100,Thành công,CN Cầu Giấy,139835695
GD202607005231,2026-07-16 22:06:49,KH000055,POS,Thanh toán thẻ,925000,1100,Thành công,CN Đà Nẵng,9053287
GD202607018460,2026-07-16 22:23:41,KH000195,Internet Banking,Nộp tiền mặt,107000,0,Thành công,CN Bình Dương,180417
GD202607005904,2026-07-16 22:28:42,KH000061,Internet Banking,Nộp tiền mặt,829000,0,Thành công,CN Cầu Giấy,13351501
GD202607003991,2026-07-16 22:39:43,KH000039,Quầy giao dịch,Rút tiền mặt,1665000,5500,Thành công,CN Cần Thơ,62349275
GD202607007709,2026-07-17 06:28:28,KH000079,Internet Banking,Thanh toán thẻ,2557000,0,Thành công,CN Cần Thơ,7659182
GD202607010497,2026-07-17 06:36:07,KH000110,POS,Thanh toán thẻ,2241000,3300,Thành công,CN Cầu Giấy,51275655
GD202607001201,2026-07-17 06:52:00,KH000014,QR Code,Nộp tiền mặt,8093000,0,Thành công,CN Cần Thơ,45615010
GD202607013311,2026-07-17 07:11:02,KH000137,Mobile Banking,Chuyển khoản đến,3876000,0,Thành công,CN Đà Nẵng,20701234
GD202607001927,2026-07-17 07:25:54,KH000019,POS,Thanh toán thẻ,1442000,3300,Thành công,CN Cầu Giấy,12341812
GD202607016311,2026-07-17 07:30:53,KH000176,QR Code,Thanh toán thẻ,1046000,0,Thành công,CN Đà Nẵng,57883832
GD202607001200,2026-07-17 07:50:15,KH000014,POS,Thanh toán thẻ,987000,5500,Thành công,CN Bình Dương,37522010
GD202607013460,2026-07-17 07:52:04,KH000139,POS,Rút tiền mặt,206000,3300,Thành công,CN TP Hồ Chí Minh,1344407
GD202607008437,2026-07-17 07:58:41,KH000085,Quầy giao dịch,Nạp tiền điện thoại,7238000,3300,Thành công,CN Cần Thơ,17868789
GD202607015694,2026-07-17 08:15:16,KH000170,QR Code,Thanh toán thẻ,270000,0,Thành công,CN TP Hồ Chí Minh,596353
GD202607013459,2026-07-17 08:44:56,KH000139,QR Code,Thanh toán thẻ,395000,0,Thành công,CN Bình Dương,1553707
GD202607013124,2026-07-17 08:51:12,KH000135,Mobile Banking,Rút tiền mặt,10879000,0,Thành công,CN Hoàn Kiếm,64477576
GD202607007182,2026-07-17 09:02:58,KH000075,Internet Banking,Thanh toán thẻ,8070000,0,Thành công,CN Đà Nẵng,26133242
GD202607013780,2026-07-17 09:06:07,KH000144,ATM,Chuyển khoản đến,1073000,3300,Thành công,CN Cầu Giấy,5881801
GD202607010366,2026-07-17 09:08:29,KH000108,Mobile Banking,Rút tiền mặt,137000,0,Thành công,CN Hoàn Kiếm,81249596
GD202607002328,2026-07-17 09:17:51,KH000021,POS,Thanh toán thẻ,942000,5500,Thành công,CN Cầu Giấy,61118116
GD202607009130,2026-07-17 09:21:20,KH000094,POS,Thanh toán thẻ,438000,1100,Thành công,CN Quận 1,71469870
GD202607011838,2026-07-17 09:26:15,KH000125,Mobile Banking,Chuyển khoản đi,154000,0,Thành công,CN Cầu Giấy,492636
GD202607008591,2026-07-17 09:28:32,KH000087,ATM,Nạp tiền điện thoại,63000,1100,Thành công,CN Quận 1,129926
GD202607000913,2026-07-17 09:53:22,KH000012,QR Code,Thanh toán thẻ,1043000,0,Thành công,CN Cầu Giấy,91365146
GD202607001199,2026-07-17 10:32:34,KH000014,Internet Banking,Thanh toán thẻ,11982000,0,Thất bại,CN TP Hồ Chí Minh,38514510
GD202607007041,2026-07-17 10:45:14,KH000074,QR Code,Chuyển khoản đi,1698000,0,Thành công,CN Bình Dương,32239040
GD202607001198,2026-07-17 10:46:36,KH000014,QR Code,Nộp tiền mặt,2564000,0,Thành công,CN TP Hồ Chí Minh,38514510
GD202607000668,2026-07-17 11:26:47,KH000010,Mobile Banking,Thanh toán thẻ,2858000,0,Thành công,CN Cầu Giấy,8793587
GD202607015949,2026-07-17 11:39:04,KH000172,Mobile Banking,Chuyển khoản đến,446000,0,Thành công,CN Hoàn Kiếm,6737593
GD202607009756,2026-07-17 12:00:02,KH000099,QR Code,Thanh toán thẻ,261000,0,Thành công,CN Thanh Xuân,41142041
GD202607017328,2026-07-17 12:21:29,KH000183,Internet Banking,Chuyển khoản đến,4557000,0,Thành công,CN Cầu Giấy,42116586
GD202607005318,2026-07-17 12:40:56,KH000056,QR Code,Thanh toán thẻ,772000,0,Thành công,CN Hoàn Kiếm,93337552
GD202607003667,2026-07-17 12:48:18,KH000034,POS,Chuyển khoản đến,360000,1100,Thành công,CN Cầu Giấy,56653327
GD202607012690,2026-07-17 12:59:08,KH000131,QR Code,Nộp tiền mặt,194000,0,Thành công,CN TP Hồ Chí Minh,330780
GD202607008500,2026-07-17 13:29:08,KH000086,Quầy giao dịch,Nạp tiền điện thoại,19127000,0,Thành công,CN Cần Thơ,59813311
GD202607009755,2026-07-17 14:25:49,KH000099,Internet Banking,Chuyển khoản đi,2242000,0,Thành công,CN Cần Thơ,41403041
GD202607007042,2026-07-17 14:44:21,KH000074,QR Code,Thanh toán thẻ,928000,0,Thành công,CN Hoàn Kiếm,31311040
GD202607000433,2026-07-17 15:06:51,KH000008,Internet Banking,Chuyển khoản đến,1647000,0,Thành công,CN Cầu Giấy,13940895
GD202607001928,2026-07-17 15:07:50,KH000019,Mobile Banking,Thanh toán thẻ,2856000,0,Thành công,CN TP Hồ Chí Minh,9485812
GD202607007878,2026-07-17 15:14:37,KH000080,Mobile Banking,Nạp tiền điện thoại,3618000,0,Thành công,CN TP Hồ Chí Minh,98512423
GD202607004556,2026-07-17 15:19:29,KH000047,POS,Nộp tiền mặt,712000,1100,Thành công,CN Hải Phòng,112790214
GD202607004220,2026-07-17 15:27:01,KH000042,POS,Thanh toán hóa đơn,397000,5500,Thất bại,CN TP Hồ Chí Minh,45828749
GD202607017021,2026-07-17 15:46:22,KH000182,Internet Banking,Thanh toán thẻ,2902000,0,Thành công,CN Cần Thơ,14227342
GD202607013458,2026-07-17 16:01:50,KH000139,Quầy giao dịch,Chuyển khoản đến,361000,3300,Thành công,CN Cầu Giấy,1948707
GD202607005139,2026-07-17 16:03:21,KH000053,POS,Chuyển khoản đến,3247000,3300,Thành công,CN TP Hồ Chí Minh,59614040
GD202607005194,2026-07-17 16:08:11,KH000054,Internet Banking,Thanh toán hóa đơn,1313000,0,Thành công,CN Cần Thơ,6806355
GD202607002543,2026-07-17 16:21:52,KH000024,ATM,Chuyển khoản đi,256000,5500,Thành công,CN Cầu Giấy,95290624
GD202607012308,2026-07-17 16:57:12,KH000128,QR Code,Thanh toán thẻ,381000,0,Thành công,CN TP Hồ Chí Minh,57379333
GD202607012482,2026-07-17 17:18:55,KH000130,POS,Chuyển khoản đi,4220000,3300,Thành công,CN Cầu Giấy,33553519
GD202607005439,2026-07-17 17:55:21,KH000057,POS,Thanh toán thẻ,10317000,3300,Thành công,CN Cầu Giấy,28022419
GD202607009754,2026-07-17 18:41:38,KH000099,Mobile Banking,Thanh toán hóa đơn,2245000,0,Thành công,CN Hải Phòng,43645041
GD202607006686,2026-07-17 18:50:10,KH000068,Internet Banking,Nộp tiền mặt,18595000,0,Thành công,CN Đà Nẵng,75476189
GD202607011402,2026-07-17 19:36:07,KH000119,POS,Thanh toán thẻ,54000,0,Thành công,CN Cần Thơ,51571672
GD202607009129,2026-07-17 19:43:11,KH000094,POS,Thanh toán thẻ,1456000,3300,Thành công,CN Hoàn Kiếm,71908970
GD202607015611,2026-07-17 19:51:25,KH000169,Internet Banking,Thanh toán thẻ,12937000,0,Thành công,CN Hoàn Kiếm,30090231
GD202607015610,2026-07-17 19:53:35,KH000169,Quầy giao dịch,Nộp tiền mặt,6685000,0,Thành công,CN Hải Phòng,43027231
GD202607015950,2026-07-17 20:01:38,KH000172,Mobile Banking,Chuyển khoản đến,662000,0,Thành công,CN Quận 1,7399593
GD202607012691,2026-07-17 20:05:11,KH000131,Internet Banking,Chuyển khoản đi,167000,0,Thành công,CN TP Hồ Chí Minh,163780
GD202607014673,2026-07-17 20:17:33,KH000154,Internet Banking,Chuyển khoản đến,1240000,0,Thành công,CN Hoàn Kiếm,9399894
GD202607009128,2026-07-17 20:29:42,KH000094,QR Code,Thanh toán thẻ,1093000,0,Thành công,CN Bình Dương,73368270
GD202607001005,2026-07-17 20:33:08,KH000013,POS,Thanh toán thẻ,3894000,3300,Thành công,CN Cầu Giấy,11459838
GD202607014232,2026-07-17 20:56:17,KH000151,Mobile Banking,Nạp tiền điện thoại,139000,0,Thành công,CN Hải Phòng,1054916
GD202607010498,2026-07-17 21:00:04,KH000110,QR Code,Nạp tiền điện thoại,1781000,0,Thành công,CN Thanh Xuân,49494655
GD202607004950,2026-07-17 21:34:21,KH000052,POS,Thanh toán thẻ,54000,5500,Thành công,CN Đà Nẵng,198106
GD202607011839,2026-07-17 21:34:28,KH000125,QR Code,Nạp tiền điện thoại,164000,0,Thành công,CN Cần Thơ,328636
GD202607000187,2026-07-17 21:51:56,KH000005,QR Code,Thanh toán hóa đơn,423000,0,Thành công,CN Quận 1,1191330
GD202607007708,2026-07-17 22:24:27,KH000079,Mobile Banking,Nạp tiền điện thoại,3669000,0,Thành công,CN Thanh Xuân,10216182
GD202607018003,2026-07-17 22:37:58,KH000190,Quầy giao dịch,Nạp tiền điện thoại,108781000,1100,Thành công,CN Cầu Giấy,292411710
GD202607015609,2026-07-17 22:55:47,KH000169,POS,Nạp tiền điện thoại,16230000,1100,Thành công,CN Thanh Xuân,36342231
GD202607015422,2026-07-18 06:14:35,KH000165,POS,Thanh toán thẻ,6773000,3300,Thành công,CN Hoàn Kiếm,20989114
GD202607018758,2026-07-18 06:14:50,KH000199,ATM,Thanh toán hóa đơn,38313000,5500,Thành công,CN Quận 1,288462818
GD202607001006,2026-07-18 06:36:51,KH000013,Internet Banking,Thanh toán hóa đơn,1073000,0,Thành công,CN Thanh Xuân,10386838
GD202607006576,2026-07-18 06:44:08,KH000066,Internet Banking,Nạp tiền điện thoại,3073000,0,Thành công,CN Quận 1,156330911
GD202607017747,2026-07-18 07:07:14,KH000187,QR Code,Thanh toán thẻ,6311000,0,Thành công,CN TP Hồ Chí Minh,13150689
GD202607005235,2026-07-18 07:26:41,KH000055,Internet Banking,Nộp tiền mặt,636000,0,Thành công,CN Hải Phòng,8334187
GD202607014754,2026-07-18 07:52:40,KH000156,Internet Banking,Nạp tiền điện thoại,8079000,0,Thành công,CN Quận 1,28891952
GD202607014313,2026-07-18 07:56:33,KH000152,Mobile Banking,Nộp tiền mặt,2266000,0,Thành công,CN Quận 1,92705908
GD202607004691,2026-07-18 08:08:04,KH000050,QR Code,Thanh toán thẻ,3511000,0,Thành công,CN Thanh Xuân,21558275
GD202607014490,2026-07-18 08:17:05,KH000153,Internet Banking,Thanh toán thẻ,346000,0,Thành công,CN Hoàn Kiếm,649941
GD202607007710,2026-07-18 08:24:23,KH000079,QR Code,Thanh toán hóa đơn,1637000,0,Thành công,CN Đà Nẵng,6022182
GD202607003330,2026-07-18 08:43:51,KH000031,Mobile Banking,Thanh toán thẻ,57000,0,Thành công,CN Cầu Giấy,449503
GD202607001374,2026-07-18 08:47:49,KH000015,Mobile Banking,Rút tiền mặt,468000,0,Thành công,CN Đà Nẵng,29772683
GD202607005233,2026-07-18 09:02:28,KH000055,POS,Thanh toán thẻ,489000,1100,Thành công,CN Hoàn Kiếm,8290187
GD202607008011,2026-07-18 09:16:07,KH000082,Internet Banking,Thanh toán hóa đơn,4626000,0,Thành công,CN Đà Nẵng,38347944
GD202607008885,2026-07-18 09:27:23,KH000092,Mobile Banking,Nộp tiền mặt,353000,0,Thành công,CN TP Hồ Chí Minh,7166999
GD202607005631,2026-07-18 09:48:02,KH000059,Internet Banking,Thanh toán thẻ,18329000,0,Thành công,CN Quận 1,67024853
GD202607017329,2026-07-18 09:54:52,KH000183,QR Code,Thanh toán thẻ,7491000,0,Thành công,CN Thanh Xuân,34625586
GD202607015478,2026-07-18 10:06:14,KH000166,ATM,Nạp tiền điện thoại,21158000,1100,Thành công,CN Hải Phòng,259619326
GD202607007387,2026-07-18 10:06:39,KH000077,QR Code,Thanh toán thẻ,54000,0,Thành công,CN Quận 1,4678927
GD202607006423,2026-07-18 10:08:30,KH000065,Internet Banking,Chuyển khoản đi,18747000,0,Thành công,CN TP Hồ Chí Minh,81683695
GD202607011840,2026-07-18 10:22:12,KH000125,POS,Thanh toán thẻ,187000,0,Thành công,CN Quận 1,141636
GD202607016312,2026-07-18 10:38:17,KH000176,Mobile Banking,Chuyển khoản đến,731000,0,Thành công,CN Bình Dương,58614832
GD202607014816,2026-07-18 11:35:50,KH000157,Quầy giao dịch,Nạp tiền điện thoại,657000,3300,Thành công,CN Quận 1,5569253
GD202607009382,2026-07-18 11:47:24,KH000096,QR Code,Nộp tiền mặt,4448000,0,Thành công,CN Thanh Xuân,20079793
GD202607018808,2026-07-18 11:48:28,KH000200,Quầy giao dịch,Chuyển khoản đến,174000,5500,Thành công,CN Bình Dương,419377
GD202607000824,2026-07-18 12:16:34,KH000011,ATM,Nộp tiền mặt,2564000,3300,Thành công,CN TP Hồ Chí Minh,94449968
GD202607006196,2026-07-18 12:33:15,KH000063,POS,Thanh toán thẻ,106000,1100,Thành công,CN Hải Phòng,66935498
GD202607009954,2026-07-18 13:01:21,KH000103,Quầy giao dịch,Chuyển khoản đi,740000,1100,Thành công,CN Cần Thơ,4406319
GD202607007388,2026-07-18 13:04:12,KH000077,Internet Banking,Nạp tiền điện thoại,1193000,0,Thành công,CN Quận 1,3485927
GD202607010499,2026-07-18 13:14:16,KH000110,Mobile Banking,Thanh toán thẻ,3333000,0,Thành công,CN Thanh Xuân,46161655
GD202607012693,2026-07-18 13:20:30,KH000131,Mobile Banking,Chuyển khoản đi,109000,0,Thành công,CN Quận 1,115180
GD202607018461,2026-07-18 13:49:11,KH000195,Internet Banking,Nộp tiền mặt,184000,0,Thành công,CN Bình Dương,364417
GD202607011012,2026-07-18 14:04:12,KH000116,Quầy giao dịch,Nộp tiền mặt,2010000,3300,Thành công,CN Cần Thơ,16490085
GD202607011011,2026-07-18 14:09:22,KH000116,Internet Banking,Chuyển khoản đến,2297000,0,Thành công,CN Hải Phòng,14480085
GD202607000669,2026-07-18 14:11:02,KH000010,QR Code,Chuyển khoản đến,619000,0,Thành công,CN Đà Nẵng,9412587
GD202607014815,2026-07-18 14:11:10,KH000157,POS,Nộp tiền mặt,1191000,5500,Thành công,CN Bình Dương,6229553
GD202607011584,2026-07-18 14:26:33,KH000121,QR Code,Rút tiền mặt,234000,0,Thành công,CN Hải Phòng,1109449
GD202607008010,2026-07-18 14:30:41,KH000082,QR Code,Nộp tiền mặt,4331000,0,Thành công,CN Thanh Xuân,42973944
GD202607000081,2026-07-18 14:35:54,KH000003,POS,Thanh toán thẻ,20236000,5500,Thành công,CN Quận 1,367063916
GD202607001373,2026-07-18 14:52:01,KH000015,Quầy giao dịch,Thanh toán hóa đơn,6822000,0,Thành công,CN Quận 1,30240683
GD202607007386,2026-07-18 14:53:06,KH000077,QR Code,Rút tiền mặt,1342000,0,Thành công,CN Hải Phòng,4732927
GD202607001929,2026-07-18 14:54:01,KH000019,Mobile Banking,Chuyển khoản đến,2593000,0,Thành công,CN Cầu Giấy,12078812
GD202607009383,2026-07-18 15:18:50,KH000096,QR Code,Thanh toán thẻ,3916000,0,Thành công,CN Thanh Xuân,16163793
GD202607008308,2026-07-18 15:30:36,KH000084,Internet Banking,Thanh toán hóa đơn,444000,0,Thành công,CN Thanh Xuân,18346711
GD202607010656,2026-07-18 15:48:46,KH000112,Mobile Banking,Rút tiền mặt,3660000,0,Thành công,CN Thanh Xuân,38941114
GD202607010657,2026-07-18 15:59:53,KH000112,Quầy giao dịch,Chuyển khoản đi,3284000,0,Thành công,CN Quận 1,35657114
GD202607011013,2026-07-18 16:11:23,KH000116,Quầy giao dịch,Rút tiền mặt,1939000,3300,Thành công,CN TP Hồ Chí Minh,14547785
GD202607011841,2026-07-18 16:12:53,KH000125,QR Code,Nộp tiền mặt,81000,0,Thành công,CN Đà Nẵng,222636
GD202607015612,2026-07-18 16:14:12,KH000169,Internet Banking,Nộp tiền mặt,5628000,0,Thất bại,CN Hoàn Kiếm,30090231
GD202607013461,2026-07-18 16:29:24,KH000139,POS,Nộp tiền mặt,131000,0,Thành công,CN TP Hồ Chí Minh,1475407
GD202607014814,2026-07-18 16:36:12,KH000157,Internet Banking,Chuyển khoản đến,497000,0,Thành công,CN Quận 1,5038553
GD202607005195,2026-07-18 16:36:48,KH000054,Internet Banking,Nạp tiền điện thoại,849000,0,Thành công,CN Hoàn Kiếm,5957355
GD202607009131,2026-07-18 16:52:22,KH000094,Mobile Banking,Thanh toán hóa đơn,1220000,0,Thành công,CN Quận 1,70249870
GD202607012945,2026-07-18 17:01:56,KH000132,POS,Thanh toán thẻ,474000,1100,Thành công,CN Quận 1,6492104
GD202607005234,2026-07-18 17:07:55,KH000055,QR Code,Nạp tiền điện thoại,592000,0,Thành công,CN Hoàn Kiếm,7698187
GD202607012944,2026-07-18 17:15:57,KH000132,Mobile Banking,Rút tiền mặt,1241000,0,Thành công,CN Cầu Giấy,6967204
GD202607002938,2026-07-18 17:25:19,KH000027,POS,Nạp tiền điện thoại,1785000,0,Thành công,CN TP Hồ Chí Minh,23139973
GD202607010943,2026-07-18 17:51:22,KH000115,Internet Banking,Nộp tiền mặt,1190000,0,Thành công,CN Quận 1,24906751
GD202607011403,2026-07-18 17:55:08,KH000119,QR Code,Thanh toán thẻ,135000,0,Thành công,CN Cần Thơ,51436672
GD202607010255,2026-07-18 18:10:00,KH000106,Mobile Banking,Thanh toán thẻ,403000,0,Thành công,CN Hoàn Kiếm,43950556
GD202607004221,2026-07-18 18:18:32,KH000042,Internet Banking,Thanh toán hóa đơn,1109000,0,Thành công,CN Đà Nẵng,44719749
GD202607014491,2026-07-18 18:22:09,KH000153,Internet Banking,Rút tiền mặt,106000,0,Thành công,CN Đà Nẵng,543941
GD202607005905,2026-07-18 18:24:24,KH000061,POS,Thanh toán thẻ,1424000,5500,Thất bại,CN Bình Dương,13351501
GD202607010942,2026-07-18 18:38:46,KH000115,Internet Banking,Thanh toán hóa đơn,6656000,0,Thành công,CN Hoàn Kiếm,23716751
GD202607014312,2026-07-18 18:58:09,KH000152,Mobile Banking,Chuyển khoản đến,501000,0,Thành công,CN Cầu Giấy,90439908
GD202607015367,2026-07-18 19:01:40,KH000164,Mobile Banking,Thanh toán thẻ,182000,0,Thành công,CN Cầu Giấy,26688604
GD202607009553,2026-07-18 19:57:10,KH000097,Mobile Banking,Thanh toán thẻ,974000,0,Thành công,CN TP Hồ Chí Minh,2338949
GD202607006422,2026-07-18 19:58:27,KH000065,Internet Banking,Nạp tiền điện thoại,39405000,0,Thành công,CN Đà Nẵng,100430695
GD202607005232,2026-07-18 19:59:27,KH000055,QR Code,Thanh toán thẻ,273000,0,Thành công,CN Hoàn Kiếm,8780287
GD202607012131,2026-07-18 20:05:47,KH000127,Mobile Banking,Chuyển khoản đi,2045000,0,Thành công,CN Cần Thơ,6561213
GD202607009384,2026-07-18 20:40:17,KH000096,Mobile Banking,Nạp tiền điện thoại,5435000,0,Thành công,CN Hoàn Kiếm,10728793
GD202607009953,2026-07-18 20:46:51,KH000103,QR Code,Nạp tiền điện thoại,1445000,0,Thành công,CN Cần Thơ,5147419
GD202607012132,2026-07-18 21:15:37,KH000127,QR Code,Chuyển khoản đến,2192000,0,Thành công,CN TP Hồ Chí Minh,8753213
GD202607012692,2026-07-18 21:32:42,KH000131,POS,Thanh toán thẻ,102000,1100,Thành công,CN TP Hồ Chí Minh,60680
GD202607014489,2026-07-18 22:01:20,KH000153,QR Code,Nộp tiền mặt,187000,0,Thành công,CN Hoàn Kiếm,995941
GD202607003331,2026-07-18 22:06:44,KH000031,QR Code,Nộp tiền mặt,118000,0,Thành công,CN TP Hồ Chí Minh,567503
GD202607008501,2026-07-18 22:18:43,KH000086,POS,Thanh toán thẻ,9119000,1100,Thành công,CN Hải Phòng,50693211
GD202607016802,2026-07-18 22:43:21,KH000181,Mobile Banking,Thanh toán thẻ,88000,0,Thất bại,CN TP Hồ Chí Minh,215720
GD202607002463,2026-07-18 22:43:46,KH000023,POS,Thanh toán thẻ,10113000,0,Thành công,CN Thanh Xuân,30551696
GD202607006687,2026-07-19 06:07:05,KH000068,QR Code,Chuyển khoản đến,651000,0,Thành công,CN TP Hồ Chí Minh,76127189
GD202607001532,2026-07-19 06:12:40,KH000016,Mobile Banking,Nạp tiền điện thoại,164000,0,Thành công,CN Hoàn Kiếm,153207
GD202607016481,2026-07-19 06:14:11,KH000177,QR Code,Chuyển khoản đi,1711000,0,Thành công,CN Quận 1,43811517
GD202607001930,2026-07-19 06:27:57,KH000019,POS,Chuyển khoản đến,1445000,3300,Thành công,CN Hải Phòng,13523812
GD202607016066,2026-07-19 06:28:54,KH000173,POS,Thanh toán thẻ,168000,1100,Thành công,CN Đà Nẵng,3857768
GD202607005140,2026-07-19 06:40:43,KH000053,Mobile Banking,Thanh toán hóa đơn,16933000,0,Thành công,CN Cầu Giấy,42681040
GD202607017843,2026-07-19 06:51:39,KH000188,QR Code,Rút tiền mặt,20159000,0,Thành công,CN Hải Phòng,38293234
GD202607010596,2026-07-19 06:59:18,KH000111,QR Code,Thanh toán thẻ,9539000,0,Thành công,CN TP Hồ Chí Minh,54740938
GD202607005906,2026-07-19 07:00:20,KH000061,Mobile Banking,Thanh toán thẻ,99000,0,Thành công,CN Bình Dương,13252501
GD202607015952,2026-07-19 07:04:49,KH000172,Mobile Banking,Chuyển khoản đến,437000,0,Thành công,CN Cầu Giấy,8488593
GD202607014493,2026-07-19 07:13:14,KH000153,Internet Banking,Thanh toán hóa đơn,191000,0,Thành công,CN Hoàn Kiếm,521941
GD202607012946,2026-07-19 07:31:17,KH000132,Mobile Banking,Chuyển khoản đến,2267000,0,Thành công,CN Đà Nẵng,8759104
GD202607015614,2026-07-19 08:12:57,KH000169,QR Code,Thanh toán thẻ,3832000,0,Thành công,CN Cầu Giấy,26650231
GD202607001664,2026-07-19 08:14:38,KH000017,ATM,Rút tiền mặt,1645000,0,Thành công,CN Đà Nẵng,36743626
GD202607013985,2026-07-19 08:37:49,KH000147,POS,Chuyển khoản đi,109000,3300,Thành công,CN Hoàn Kiếm,134848187
GD202607014492,2026-07-19 08:41:49,KH000153,QR Code,Chuyển khoản đến,169000,0,Thành công,CN Đà Nẵng,712941
GD202607013781,2026-07-19 08:43:10,KH000144,POS,Thanh toán thẻ,622000,0,Thành công,CN Hoàn Kiếm,5259801
GD202607015951,2026-07-19 08:45:52,KH000172,QR Code,Nộp tiền mặt,652000,0,Thành công,CN Thanh Xuân,8051593
GD202607006728,2026-07-19 08:50:27,KH000069,ATM,Nộp tiền mặt,2958000,5500,Thành công,CN Bình Dương,85783603
GD202607005632,2026-07-19 08:52:42,KH000059,QR Code,Thanh toán thẻ,6925000,0,Thành công,CN Quận 1,60099853
GD202607001007,2026-07-19 08:53:20,KH000013,Internet Banking,Thanh toán thẻ,1149000,0,Thành công,CN TP Hồ Chí Minh,9237838
GD202607003096,2026-07-19 09:04:43,KH000028,Quầy giao dịch,Nộp tiền mặt,1021000,0,Thành công,CN Hải Phòng,42228274
GD202607018146,2026-07-19 09:27:46,KH000191,Internet Banking,Thanh toán hóa đơn,2884000,0,Thành công,CN Quận 1,12243008
GD202607018342,2026-07-19 09:36:03,KH000194,QR Code,Thanh toán hóa đơn,2104000,0,Thành công,CN Quận 1,5275320
GD202607008309,2026-07-19 09:39:13,KH000084,Mobile Banking,Nộp tiền mặt,1847000,0,Thành công,CN Bình Dương,20193711
GD202607004064,2026-07-19 09:54:55,KH000040,QR Code,Nạp tiền điện thoại,6910000,0,Thành công,CN TP Hồ Chí Minh,58683811
GD202607011094,2026-07-19 10:29:17,KH000117,ATM,Thanh toán hóa đơn,719000,0,Thành công,CN Quận 1,80492628
GD202607014055,2026-07-19 10:48:36,KH000148,Internet Banking,Nạp tiền điện thoại,664000,0,Thành công,CN Hải Phòng,68235081
GD202607013633,2026-07-19 11:22:37,KH000142,POS,Thanh toán thẻ,12944000,5500,Thành công,CN Bình Dương,41802048
GD202607004434,2026-07-19 11:30:15,KH000045,Internet Banking,Thanh toán thẻ,2062000,0,Thành công,CN Cầu Giấy,48457215
GD202607006577,2026-07-19 11:50:09,KH000066,ATM,Nạp tiền điện thoại,3520000,5500,Thành công,CN Hoàn Kiếm,152805411
GD202607002713,2026-07-19 14:50:00,KH000025,Mobile Banking,Rút tiền mặt,150000,0,Thành công,CN Đà Nẵng,395931
GD202607008012,2026-07-19 14:59:16,KH000082,Internet Banking,Chuyển khoản đến,1072000,0,Thất bại,CN Quận 1,38347944
GD202607003668,2026-07-19 15:11:03,KH000034,POS,Thanh toán thẻ,370000,0,Thành công,CN Thanh Xuân,56283327
GD202607016670,2026-07-19 15:16:24,KH000180,ATM,Nộp tiền mặt,1727000,1100,Thành công,CN Cần Thơ,66797037
GD202607004952,2026-07-19 15:16:35,KH000052,Internet Banking,Thanh toán hóa đơn,171000,0,Thành công,CN Cầu Giấy,181306
GD202607010093,2026-07-19 15:42:43,KH000104,Mobile Banking,Thanh toán thẻ,228000,0,Thành công,CN Hoàn Kiếm,8998764
GD202607012694,2026-07-19 16:04:58,KH000131,Mobile Banking,Thanh toán thẻ,134000,0,Thành công,CN Hoàn Kiếm,182180
GD202607010094,2026-07-19 16:29:44,KH000104,QR Code,Thanh toán thẻ,2595000,0,Thành công,CN Hoàn Kiếm,6403764
GD202607004953,2026-07-19 16:38:35,KH000052,Mobile Banking,Chuyển khoản đến,104000,0,Thành công,CN TP Hồ Chí Minh,285306
GD202607009673,2026-07-19 16:46:08,KH000098,Internet Banking,Thanh toán thẻ,1138000,0,Thành công,CN Bình Dương,19806686
GD202607010367,2026-07-19 17:07:04,KH000108,Quầy giao dịch,Chuyển khoản đến,177000,0,Thành công,CN Quận 1,81426596
GD202607004951,2026-07-19 17:40:33,KH000052,POS,Thanh toán thẻ,99000,3300,Thành công,CN Bình Dương,95806
GD202607007711,2026-07-19 17:42:25,KH000079,Internet Banking,Thanh toán thẻ,1565000,0,Thành công,CN Đà Nẵng,4457182
GD202607013535,2026-07-19 17:46:32,KH000141,Internet Banking,Chuyển khoản đi,3641000,0,Thành công,CN Hoàn Kiếm,12380180
GD202607018643,2026-07-19 18:37:33,KH000197,Mobile Banking,Thanh toán thẻ,3284000,0,Thành công,CN Cần Thơ,57432460
GD202607006424,2026-07-19 18:53:22,KH000065,Internet Banking,Rút tiền mặt,6135000,0,Thành công,CN Hoàn Kiếm,75548695
GD202607014056,2026-07-19 19:01:52,KH000148,Mobile Banking,Nạp tiền điện thoại,100000,0,Thành công,CN Thanh Xuân,68135081
GD202607003992,2026-07-19 19:03:00,KH000039,Quầy giao dịch,Chuyển khoản đến,2073000,0,Thành công,CN Hoàn Kiếm,64422275
GD202607008310,2026-07-19 20:58:41,KH000084,POS,Thanh toán thẻ,756000,0,Thành công,CN TP Hồ Chí Minh,19437711
GD202607015546,2026-07-19 21:09:54,KH000168,QR Code,Nộp tiền mặt,1259000,0,Thành công,CN Cầu Giấy,20954300
GD202607000434,2026-07-19 21:45:41,KH000008,Mobile Banking,Chuyển khoản đến,625000,0,Thành công,CN TP Hồ Chí Minh,14565895
GD202607008013,2026-07-19 22:03:10,KH000082,Mobile Banking,Thanh toán thẻ,2513000,0,Thành công,CN Quận 1,35834944
GD202607015613,2026-07-19 22:27:43,KH000169,Quầy giao dịch,Nộp tiền mặt,392000,3300,Thành công,CN Thanh Xuân,30482231
GD202607015171,2026-07-19 22:29:03,KH000162,Internet Banking,Chuyển khoản đi,117000,0,Thành công,CN Cần Thơ,219403
GD202607015953,2026-07-19 22:44:59,KH000172,QR Code,Thanh toán thẻ,1940000,0,Thành công,CN TP Hồ Chí Minh,6548593
GD202607012133,2026-07-19 22:57:24,KH000127,Internet Banking,Nạp tiền điện thoại,764000,0,Thành công,CN Hải Phòng,7989213
GD202607008014,2026-07-20 06:25:41,KH000082,QR Code,Thanh toán thẻ,2986000,0,Thành công,CN Đà Nẵng,32848944
GD202607017022,2026-07-20 07:04:46,KH000182,POS,Rút tiền mặt,2242000,5500,Thành công,CN Hải Phòng,11979842
GD202607016553,2026-07-20 07:25:47,KH000178,QR Code,Nạp tiền điện thoại,9073000,0,Thành công,CN Bình Dương,25489498
GD202607012948,2026-07-20 07:30:00,KH000132,QR Code,Chuyển khoản đến,3058000,0,Thành công,CN Hoàn Kiếm,12830104
GD202607007712,2026-07-20 07:32:49,KH000079,Mobile Banking,Chuyển khoản đi,140000,0,Thành công,CN TP Hồ Chí Minh,4317182
GD202607009836,2026-07-20 07:42:18,KH000100,Quầy giao dịch,Nộp tiền mặt,7273000,0,Thành công,CN Bình Dương,93603851
GD202607014674,2026-07-20 08:21:28,KH000154,Internet Banking,Chuyển khoản đến,215000,0,Thành công,CN Thanh Xuân,9614894
GD202607018644,2026-07-20 09:07:43,KH000197,QR Code,Chuyển khoản đến,19195000,0,Thành công,CN Hải Phòng,76627460
GD202607003228,2026-07-20 09:25:19,KH000029,ATM,Rút tiền mặt,901000,0,Thành công,CN Quận 1,2855065
GD202607012695,2026-07-20 09:33:05,KH000131,Mobile Banking,Nộp tiền mặt,139000,0,Thành công,CN Đà Nẵng,321180
GD202607000670,2026-07-20 10:17:29,KH000010,Mobile Banking,Chuyển khoản đến,2454000,0,Thành công,CN Cần Thơ,11866587
GD202607015298,2026-07-20 10:49:55,KH000163,Mobile Banking,Thanh toán thẻ,16106000,0,Thành công,CN Cần Thơ,33769017
GD202607011404,2026-07-20 10:56:25,KH000119,QR Code,Thanh toán thẻ,171000,0,Thành công,CN Đà Nẵng,51265672
GD202607014314,2026-07-20 11:05:01,KH000152,POS,Thanh toán thẻ,656000,0,Thành công,CN TP Hồ Chí Minh,92049908
GD202607003229,2026-07-20 11:12:55,KH000029,Mobile Banking,Nạp tiền điện thoại,276000,0,Thành công,CN Hoàn Kiếm,2579065
GD202607013880,2026-07-20 11:25:37,KH000145,Mobile Banking,Thanh toán thẻ,80000,0,Thành công,CN Hoàn Kiếm,80189559
GD202607010658,2026-07-20 11:32:31,KH000112,POS,Rút tiền mặt,55000,0,Thành công,CN Thanh Xuân,35602114
GD202607005141,2026-07-20 11:34:17,KH000053,QR Code,Nạp tiền điện thoại,7915000,0,Thành công,CN Cầu Giấy,34766040
GD202607003993,2026-07-20 11:43:00,KH000039,QR Code,Chuyển khoản đến,1459000,0,Thành công,CN Hải Phòng,65881275
GD202607003275,2026-07-20 11:43:39,KH000030,QR Code,Nạp tiền điện thoại,969000,0,Thất bại,CN Thanh Xuân,157655400
GD202607010659,2026-07-20 11:50:02,KH000112,Mobile Banking,Nạp tiền điện thoại,3156000,0,Thành công,CN Bình Dương,32446114
GD202607005907,2026-07-20 12:04:10,KH000061,Internet Banking,Nộp tiền mặt,425000,0,Thành công,CN Cần Thơ,13677501
GD202607010295,2026-07-20 12:26:29,KH000107,POS,Thanh toán hóa đơn,358000,3300,Thành công,CN Cầu Giấy,71633292
GD202607009554,2026-07-20 12:42:12,KH000097,Mobile Banking,Chuyển khoản đi,381000,0,Thành công,CN Thanh Xuân,1957949
GD202607004223,2026-07-20 12:42:52,KH000042,POS,Thanh toán thẻ,2199000,1100,Thành công,CN Quận 1,41669549
GD202607010597,2026-07-20 12:43:51,KH000111,Quầy giao dịch,Nộp tiền mặt,12847000,3300,Thành công,CN Đà Nẵng,67587938
GD202607000914,2026-07-20 12:53:59,KH000012,Mobile Banking,Thanh toán hóa đơn,1626000,0,Thành công,CN TP Hồ Chí Minh,89739146
GD202607017748,2026-07-20 13:01:26,KH000187,POS,Thanh toán thẻ,3740000,5500,Thành công,CN Bình Dương,9405189
GD202607002544,2026-07-20 13:07:16,KH000024,POS,Rút tiền mặt,388000,1100,Thành công,CN TP Hồ Chí Minh,94901524
GD202607014818,2026-07-20 13:24:41,KH000157,Mobile Banking,Rút tiền mặt,1386000,0,Thành công,CN Đà Nẵng,5643253
GD202607014817,2026-07-20 14:11:16,KH000157,Mobile Banking,Nộp tiền mặt,1460000,0,Thành công,CN Quận 1,7029253
GD202607007044,2026-07-20 14:44:43,KH000074,Internet Banking,Thanh toán thẻ,421000,0,Thành công,CN TP Hồ Chí Minh,32287040
GD202607002714,2026-07-20 15:05:14,KH000025,Mobile Banking,Nộp tiền mặt,66000,0,Thành công,CN Hoàn Kiếm,461931
GD202607010944,2026-07-20 15:37:43,KH000115,QR Code,Chuyển khoản đến,4637000,0,Thành công,CN Cần Thơ,29543751
GD202607017623,2026-07-20 16:19:45,KH000186,POS,Thanh toán thẻ,3917000,0,Thành công,CN Cầu Giấy,7493425
GD202607009386,2026-07-20 16:22:45,KH000096,Internet Banking,Nạp tiền điện thoại,1379000,0,Thành công,CN Hoàn Kiếm,8161693
GD202607014494,2026-07-20 16:27:38,KH000153,QR Code,Chuyển khoản đến,177000,0,Thành công,CN TP Hồ Chí Minh,698941
GD202607006425,2026-07-20 16:36:48,KH000065,QR Code,Nộp tiền mặt,15931000,0,Thành công,CN Thanh Xuân,91479695
GD202607011641,2026-07-20 16:38:55,KH000123,ATM,Thanh toán hóa đơn,25978000,5500,Thành công,CN Cần Thơ,705763489
GD202607004222,2026-07-20 16:43:33,KH000042,POS,Thanh toán thẻ,849000,1100,Thành công,CN Cần Thơ,43869649
GD202607013782,2026-07-20 16:50:39,KH000144,POS,Nạp tiền điện thoại,907000,0,Thành công,CN Cần Thơ,4352801
GD202607002187,2026-07-20 16:52:01,KH000020,Mobile Banking,Nạp tiền điện thoại,15541000,0,Thành công,CN Thanh Xuân,33920128
GD202607009555,2026-07-20 17:21:45,KH000097,QR Code,Rút tiền mặt,488000,0,Thành công,CN Cầu Giấy,1469949
GD202607007043,2026-07-20 17:29:25,KH000074,Internet Banking,Chuyển khoản đến,1397000,0,Thành công,CN Hoàn Kiếm,32708040
GD202607001931,2026-07-20 17:33:58,KH000019,Mobile Banking,Thanh toán thẻ,3165000,0,Thành công,CN Cần Thơ,10358812
GD202607011218,2026-07-20 17:47:42,KH000118,POS,Thanh toán thẻ,7806000,5500,Thành công,CN Quận 1,18234619
GD202607001375,2026-07-20 18:24:10,KH000015,POS,Chuyển khoản đi,4825000,5500,Thành công,CN TP Hồ Chí Minh,24942183
GD202607012947,2026-07-20 18:34:44,KH000132,QR Code,Chuyển khoản đến,1013000,0,Thành công,CN Cầu Giấy,9772104
GD202607008311,2026-07-20 18:35:03,KH000084,Internet Banking,Rút tiền mặt,2765000,0,Thành công,CN Bình Dương,16672711
GD202607011842,2026-07-20 18:37:00,KH000125,QR Code,Chuyển khoản đến,129000,0,Thành công,CN Cầu Giấy,351636
GD202607004435,2026-07-20 19:16:47,KH000045,Mobile Banking,Thanh toán thẻ,385000,0,Thành công,CN Đà Nẵng,48072215
GD202607013879,2026-07-20 19:23:42,KH000145,Mobile Banking,Nộp tiền mặt,197000,0,Thành công,CN Hoàn Kiếm,80269559
GD202607016671,2026-07-20 19:23:53,KH000180,QR Code,Nộp tiền mặt,709000,0,Thành công,CN Đà Nẵng,67506037
GD202607003554,2026-07-20 19:32:53,KH000033,ATM,Chuyển khoản đi,297000,1100,Thành công,CN Hoàn Kiếm,71742280
GD202607009385,2026-07-20 20:23:52,KH000096,POS,Thanh toán thẻ,1187000,1100,Thành công,CN Quận 1,9540693
GD202607003097,2026-07-20 21:17:40,KH000028,Internet Banking,Nạp tiền điện thoại,804000,0,Thành công,CN TP Hồ Chí Minh,41424274
GD202607001202,2026-07-20 21:26:38,KH000014,Internet Banking,Chuyển khoản đến,9625000,0,Thành công,CN Hoàn Kiếm,55240010
GD202607013536,2026-07-20 21:29:17,KH000141,Internet Banking,Chuyển khoản đi,1076000,0,Thành công,CN Quận 1,11304180
GD202607009955,2026-07-20 21:50:48,KH000103,Mobile Banking,Nạp tiền điện thoại,850000,0,Thành công,CN Đà Nẵng,3556319
GD202607000274,2026-07-20 22:02:15,KH000006,QR Code,Nộp tiền mặt,227000,0,Thành công,CN Hoàn Kiếm,1328666
GD202607015615,2026-07-20 22:17:54,KH000169,Quầy giao dịch,Chuyển khoản đến,374000,5500,Thành công,CN Hoàn Kiếm,27024231
GD202607011843,2026-07-20 22:19:54,KH000125,QR Code,Thanh toán hóa đơn,139000,0,Thành công,CN Cầu Giấy,212636
GD202607000188,2026-07-20 22:30:11,KH000005,Internet Banking,Thanh toán hóa đơn,410000,0,Thành công,CN Đà Nẵng,781330
GD202607006639,2026-07-21 06:02:48,KH000067,Internet Banking,Thanh toán thẻ,1867000,0,Thành công,CN Đà Nẵng,15823399
GD202607008313,2026-07-21 06:27:57,KH000084,Mobile Banking,Thanh toán thẻ,1884000,0,Thành công,CN Cầu Giấy,12637711
GD202607004954,2026-07-21 06:37:44,KH000052,Mobile Banking,Chuyển khoản đến,72000,0,Thành công,CN Hải Phòng,357306
GD202607018809,2026-07-21 06:44:03,KH000200,Internet Banking,Thanh toán thẻ,93000,0,Thành công,CN Thanh Xuân,326377
GD202607002188,2026-07-21 07:01:03,KH000020,Internet Banking,Thanh toán hóa đơn,1106000,0,Thành công,CN Cầu Giấy,32814128
GD202607004756,2026-07-21 07:34:57,KH000051,Quầy giao dịch,Chuyển khoản đến,645000,3300,Thất bại,CN Đà Nẵng,4412156
GD202607005143,2026-07-21 07:51:53,KH000053,Mobile Banking,Rút tiền mặt,8762000,0,Thành công,CN Hải Phòng,16937040
GD202607011585,2026-07-21 07:55:20,KH000121,POS,Nộp tiền mặt,211000,3300,Thành công,CN Quận 1,1320449
GD202607012134,2026-07-21 08:05:35,KH000127,POS,Thanh toán thẻ,739000,1100,Thành công,CN Hải Phòng,7249113
GD202607005142,2026-07-21 08:21:21,KH000053,Mobile Banking,Thanh toán thẻ,9067000,0,Thành công,CN Đà Nẵng,25699040
GD202607014725,2026-07-21 08:26:25,KH000155,POS,Nạp tiền điện thoại,27748000,0,Thành công,CN Thanh Xuân,77189444
GD202607016803,2026-07-21 08:32:04,KH000181,Quầy giao dịch,Chuyển khoản đi,115000,0,Thành công,CN Cần Thơ,100720
GD202607018810,2026-07-21 09:04:01,KH000200,Internet Banking,Chuyển khoản đến,147000,0,Thành công,CN Đà Nẵng,473377
GD202607013090,2026-07-21 09:10:34,KH000134,QR Code,Rút tiền mặt,1161000,0,Thành công,CN Quận 1,3489662
GD202607009556,2026-07-21 09:14:47,KH000097,Internet Banking,Thanh toán hóa đơn,417000,0,Thành công,CN Bình Dương,1052949
GD202607018147,2026-07-21 09:48:22,KH000191,POS,Thanh toán thẻ,1083000,1100,Thành công,CN Thanh Xuân,11158908
GD202607015695,2026-07-21 10:06:35,KH000170,QR Code,Thanh toán thẻ,107000,0,Thành công,CN TP Hồ Chí Minh,489353
GD202607015299,2026-07-21 10:17:43,KH000163,ATM,Thanh toán hóa đơn,6236000,3300,Thành công,CN TP Hồ Chí Minh,27529717
GD202607017624,2026-07-21 10:18:29,KH000186,Mobile Banking,Chuyển khoản đến,404000,0,Thành công,CN Hải Phòng,7897425
GD202607015423,2026-07-21 11:08:35,KH000165,ATM,Rút tiền mặt,5797000,5500,Thành công,CN Bình Dương,15186614
GD202607011096,2026-07-21 11:11:53,KH000117,POS,Thanh toán thẻ,221000,3300,Thành công,CN TP Hồ Chí Minh,79519228
GD202607001932,2026-07-21 11:18:20,KH000019,POS,Thanh toán thẻ,3269000,3300,Thành công,CN Đà Nẵng,7086512
GD202607014755,2026-07-21 11:31:14,KH000156,POS,Thanh toán thẻ,7077000,0,Thành công,CN Quận 1,21814952
GD202607002715,2026-07-21 11:47:13,KH000025,Internet Banking,Chuyển khoản đi,71000,0,Thành công,CN Bình Dương,390931
GD202607014497,2026-07-21 12:20:54,KH000153,Mobile Banking,Chuyển khoản đến,190000,0,Thành công,CN Hải Phòng,631441
GD202607003994,2026-07-21 12:24:10,KH000039,Internet Banking,Chuyển khoản đến,2613000,0,Thành công,CN Cần Thơ,68494275
GD202607014495,2026-07-21 12:43:12,KH000153,QR Code,Thanh toán thẻ,117000,0,Thành công,CN Quận 1,581941
GD202607005908,2026-07-21 13:10:16,KH000061,Internet Banking,Chuyển khoản đến,1244000,0,Thành công,CN Cần Thơ,14921501
GD202607005909,2026-07-21 13:23:10,KH000061,Internet Banking,Thanh toán thẻ,724000,0,Thành công,CN Quận 1,14197501
GD202607001665,2026-07-21 13:26:38,KH000017,POS,Chuyển khoản đến,444000,3300,Thành công,CN TP Hồ Chí Minh,37187626
GD202607015300,2026-07-21 13:45:30,KH000163,POS,Thanh toán thẻ,1138000,0,Thành công,CN Thanh Xuân,26391717
GD202607008312,2026-07-21 15:01:17,KH000084,Mobile Banking,Thanh toán hóa đơn,2151000,0,Thành công,CN Hải Phòng,14521711
GD202607010296,2026-07-21 15:19:07,KH000107,POS,Thanh toán hóa đơn,335000,3300,Thành công,CN Thanh Xuân,71294992
GD202607012950,2026-07-21 15:20:19,KH000132,QR Code,Nộp tiền mặt,379000,0,Thành công,CN TP Hồ Chí Minh,9131104
GD202607010095,2026-07-21 15:21:38,KH000104,Mobile Banking,Chuyển khoản đi,1640000,0,Thành công,CN Hải Phòng,4763764
GD202607015696,2026-07-21 15:30:30,KH000170,POS,Thanh toán thẻ,98000,3300,Thành công,CN Thanh Xuân,388053
GD202607009132,2026-07-21 15:57:46,KH000094,Internet Banking,Chuyển khoản đi,2026000,0,Thành công,CN Bình Dương,68223870
GD202607001729,2026-07-21 16:14:55,KH000018,Quầy giao dịch,Thanh toán hóa đơn,970000,1100,Thành công,CN Cầu Giấy,67834407
GD202607014496,2026-07-21 16:23:36,KH000153,POS,Thanh toán thẻ,135000,5500,Thành công,CN Cầu Giấy,441441
GD202607009557,2026-07-21 16:35:04,KH000097,Mobile Banking,Thanh toán thẻ,174000,0,Thành công,CN Đà Nẵng,878949
GD202607003099,2026-07-21 16:48:15,KH000028,ATM,Chuyển khoản đến,550000,0,Thành công,CN TP Hồ Chí Minh,41097274
GD202607003098,2026-07-21 16:58:28,KH000028,QR Code,Thanh toán thẻ,877000,0,Thành công,CN TP Hồ Chí Minh,40547274
GD202607015368,2026-07-21 17:28:57,KH000164,Quầy giao dịch,Nộp tiền mặt,84000,1100,Thành công,CN Hải Phòng,26772604
GD202607012949,2026-07-21 18:06:49,KH000132,POS,Chuyển khoản đi,4078000,0,Thành công,CN Hoàn Kiếm,8752104
GD202607017921,2026-07-21 19:17:17,KH000189,ATM,Chuyển khoản đi,1478000,1100,Thành công,CN Bình Dương,161916858
GD202607013195,2026-07-21 20:03:33,KH000136,Internet Banking,Thanh toán thẻ,7816000,0,Thành công,CN Quận 1,52730743
GD202607007045,2026-07-21 20:36:19,KH000074,Quầy giao dịch,Rút tiền mặt,1947000,1100,Thành công,CN TP Hồ Chí Minh,30338940
GD202607011095,2026-07-21 20:46:27,KH000117,POS,Thanh toán thẻ,748000,1100,Thành công,CN Cần Thơ,79743528
GD202607016313,2026-07-21 21:05:00,KH000176,QR Code,Chuyển khoản đi,684000,0,Thành công,CN Cần Thơ,57930832
GD202607014315,2026-07-21 21:09:17,KH000152,Mobile Banking,Thanh toán thẻ,1657000,0,Thành công,CN Hải Phòng,90392908
GD202607004224,2026-07-21 21:10:10,KH000042,Internet Banking,Chuyển khoản đến,133000,0,Thành công,CN Hải Phòng,41802549
GD202607004600,2026-07-21 21:11:21,KH000048,Internet Banking,Chuyển khoản đến,507000,0,Thành công,CN Hoàn Kiếm,3056315
GD202607007183,2026-07-21 21:19:13,KH000075,Mobile Banking,Thanh toán hóa đơn,5417000,0,Thành công,CN TP Hồ Chí Minh,20716242
GD202607000275,2026-07-21 21:32:30,KH000006,Quầy giao dịch,Chuyển khoản đi,171000,0,Thành công,CN Hải Phòng,1157666
GD202607008314,2026-07-21 21:39:41,KH000084,POS,Thanh toán thẻ,1765000,1100,Thất bại,CN Thanh Xuân,12637711
GD202607000671,2026-07-21 22:07:00,KH000010,QR Code,Chuyển khoản đến,426000,0,Thành công,CN Thanh Xuân,12292587
GD202607010256,2026-07-21 22:14:57,KH000106,Mobile Banking,Thanh toán thẻ,1471000,0,Thành công,CN Cần Thơ,42479556
GD202607001376,2026-07-21 22:43:45,KH000015,QR Code,Thanh toán thẻ,617000,0,Thành công,CN Hải Phòng,24325183
GD202607010096,2026-07-21 22:58:07,KH000104,POS,Thanh toán thẻ,1481000,3300,Thành công,CN Quận 1,3279464
GD202607012309,2026-07-22 06:20:07,KH000128,Mobile Banking,Nạp tiền điện thoại,559000,0,Thành công,CN Hoàn Kiếm,56820333
GD202607017922,2026-07-22 06:26:35,KH000189,POS,Thanh toán thẻ,50939000,1100,Thành công,CN Cần Thơ,110976758
GD202607007905,2026-07-22 06:30:07,KH000081,QR Code,Thanh toán thẻ,27771000,0,Thành công,CN Đà Nẵng,214754559
GD202607018462,2026-07-22 06:31:58,KH000195,Mobile Banking,Chuyển khoản đến,131000,0,Thành công,CN Cần Thơ,495417
GD202607012135,2026-07-22 06:34:05,KH000127,QR Code,Nộp tiền mặt,730000,0,Thành công,CN TP Hồ Chí Minh,7979113
GD202607004436,2026-07-22 07:01:13,KH000045,POS,Thanh toán thẻ,1457000,0,Thành công,CN Cần Thơ,46615215
GD202607012483,2026-07-22 07:16:10,KH000130,QR Code,Rút tiền mặt,4390000,0,Thành công,CN Cần Thơ,29163519
GD202607014316,2026-07-22 07:44:21,KH000152,QR Code,Thanh toán thẻ,2109000,0,Thành công,CN Hoàn Kiếm,88283908
GD202607013783,2026-07-22 08:34:21,KH000144,QR Code,Thanh toán thẻ,276000,0,Thành công,CN Thanh Xuân,4076801
GD202607003670,2026-07-22 08:46:48,KH000034,Mobile Banking,Nộp tiền mặt,830000,0,Thành công,CN Cần Thơ,56372327
GD202607014821,2026-07-22 09:03:46,KH000157,Internet Banking,Thanh toán hóa đơn,562000,0,Thành công,CN TP Hồ Chí Minh,2212253
GD202607014820,2026-07-22 10:08:23,KH000157,QR Code,Rút tiền mặt,1274000,0,Thành công,CN Cần Thơ,2774253
GD202607000673,2026-07-22 10:20:56,KH000010,QR Code,Thanh toán thẻ,2835000,0,Thành công,CN Thanh Xuân,13157587
GD202607006197,2026-07-22 10:46:00,KH000063,POS,Thanh toán thẻ,479000,1100,Thành công,CN Cầu Giấy,66455398
GD202607009956,2026-07-22 10:46:06,KH000103,Quầy giao dịch,Nộp tiền mặt,231000,0,Thành công,CN Hoàn Kiếm,3787319
GD202607015697,2026-07-22 10:50:08,KH000170,POS,Chuyển khoản đi,157000,0,Thành công,CN Hoàn Kiếm,231053
GD202607013634,2026-07-22 11:03:40,KH000142,QR Code,Thanh toán thẻ,12921000,0,Thành công,CN Hải Phòng,28881048
GD202607014894,2026-07-22 11:05:48,KH000158,Mobile Banking,Chuyển khoản đi,17381000,0,Thành công,CN Cầu Giấy,77891041
GD202607016314,2026-07-22 11:11:06,KH000176,QR Code,Nộp tiền mặt,1015000,0,Thành công,CN Bình Dương,58945832
GD202607014756,2026-07-22 11:49:17,KH000156,Internet Banking,Nạp tiền điện thoại,221000,0,Thành công,CN Đà Nẵng,21593952
GD202607002189,2026-07-22 12:11:43,KH000020,Mobile Banking,Thanh toán hóa đơn,9518000,0,Thành công,CN Cần Thơ,23296128
GD202607003450,2026-07-22 12:13:06,KH000032,Mobile Banking,Chuyển khoản đến,80000,0,Thành công,CN Bình Dương,80090115
GD202607003230,2026-07-22 12:34:46,KH000029,Quầy giao dịch,Chuyển khoản đến,254000,0,Thành công,CN Quận 1,2833065
GD202607001377,2026-07-22 12:42:33,KH000015,POS,Chuyển khoản đến,8467000,1100,Thành công,CN Quận 1,32792183
GD202607001203,2026-07-22 12:43:54,KH000014,Internet Banking,Nạp tiền điện thoại,12318000,0,Thành công,CN Hoàn Kiếm,42922010
GD202607016483,2026-07-22 13:11:51,KH000177,QR Code,Thanh toán thẻ,5955000,0,Thành công,CN Cần Thơ,26788517
GD202607007713,2026-07-22 13:13:47,KH000079,Mobile Banking,Thanh toán thẻ,1293000,0,Thành công,CN TP Hồ Chí Minh,3024182
GD202607010844,2026-07-22 13:20:10,KH000114,QR Code,Thanh toán thẻ,1042000,0,Thành công,CN Cần Thơ,72444227
GD202607009133,2026-07-22 13:20:43,KH000094,POS,Thanh toán thẻ,168000,1100,Thành công,CN Thanh Xuân,68054770
GD202607008503,2026-07-22 13:27:40,KH000086,POS,Thanh toán thẻ,14394000,5500,Thành công,CN Hải Phòng,44115711
GD202607003231,2026-07-22 13:41:26,KH000029,QR Code,Chuyển khoản đến,659000,0,Thành công,CN TP Hồ Chí Minh,3492065
GD202607011844,2026-07-22 13:41:50,KH000125,Internet Banking,Nạp tiền điện thoại,116000,0,Thành công,CN Bình Dương,96636
GD202607000915,2026-07-22 13:43:42,KH000012,Mobile Banking,Thanh toán thẻ,1247000,0,Thành công,CN Hải Phòng,88492146
GD202607000189,2026-07-22 13:43:55,KH000005,Internet Banking,Nộp tiền mặt,104000,0,Thành công,CN Bình Dương,885330
GD202607008502,2026-07-22 13:48:29,KH000086,QR Code,Chuyển khoản đến,7822000,0,Thành công,CN Hải Phòng,58515211
GD202607003100,2026-07-22 14:11:35,KH000028,Mobile Banking,Chuyển khoản đến,301000,0,Thành công,CN Bình Dương,41398274
GD202607002464,2026-07-22 14:54:35,KH000023,ATM,Chuyển khoản đến,8157000,1100,Thành công,CN Thanh Xuân,38708696
GD202607003449,2026-07-22 14:55:33,KH000032,POS,Thanh toán thẻ,135000,5500,Thành công,CN TP Hồ Chí Minh,80010115
GD202607011587,2026-07-22 16:01:20,KH000121,ATM,Nộp tiền mặt,289000,5500,Thành công,CN Hải Phòng,1432449
GD202607013196,2026-07-22 16:08:58,KH000136,Mobile Banking,Chuyển khoản đến,14790000,0,Thành công,CN TP Hồ Chí Minh,67520743
GD202607014822,2026-07-22 16:10:43,KH000157,ATM,Chuyển khoản đi,763000,3300,Thành công,CN Bình Dương,1445953
GD202607005910,2026-07-22 16:20:49,KH000061,POS,Thanh toán thẻ,1171000,1100,Thành công,CN Đà Nẵng,13025401
GD202607014819,2026-07-22 17:31:51,KH000157,Internet Banking,Thanh toán thẻ,1595000,0,Thành công,CN Hải Phòng,4048253
GD202607016672,2026-07-22 17:33:37,KH000180,POS,Nộp tiền mặt,854000,3300,Thành công,CN Bình Dương,68360037
GD202607011586,2026-07-22 17:35:14,KH000121,QR Code,Thanh toán hóa đơn,177000,0,Thành công,CN Cầu Giấy,1143449
GD202607005236,2026-07-22 18:09:35,KH000055,Mobile Banking,Thanh toán hóa đơn,953000,0,Thành công,CN Quận 1,7381187
GD202607003669,2026-07-22 18:28:59,KH000034,Internet Banking,Thanh toán thẻ,741000,0,Thành công,CN Cầu Giấy,55542327
GD202607004534,2026-07-22 18:30:22,KH000046,POS,Chuyển khoản đi,9057000,3300,Thành công,CN Cầu Giấy,115206888
GD202607003903,2026-07-22 18:31:14,KH000038,Mobile Banking,Thanh toán thẻ,4631000,0,Thành công,CN Cần Thơ,87079818
GD202607016482,2026-07-22 19:26:00,KH000177,Mobile Banking,Rút tiền mặt,11068000,0,Thành công,CN Bình Dương,32743517
GD202607010427,2026-07-22 19:40:00,KH000109,QR Code,Thanh toán thẻ,458000,0,Thành công,CN TP Hồ Chí Minh,3552529
GD202607004557,2026-07-22 19:42:55,KH000047,ATM,Rút tiền mặt,1986000,0,Thành công,CN Đà Nẵng,110804214
GD202607011406,2026-07-22 20:01:06,KH000119,Internet Banking,Rút tiền mặt,62000,0,Thành công,CN Hoàn Kiếm,51025672
GD202607006799,2026-07-22 20:11:13,KH000071,Mobile Banking,Thanh toán hóa đơn,7024000,0,Thành công,CN Bình Dương,13917338
GD202607001378,2026-07-22 20:11:44,KH000015,ATM,Thanh toán hóa đơn,6263000,5500,Thành công,CN Thanh Xuân,26523683
GD202607008592,2026-07-22 21:14:55,KH000087,Quầy giao dịch,Nạp tiền điện thoại,51000,0,Thành công,CN Cầu Giấy,78926
GD202607017625,2026-07-22 21:18:57,KH000186,ATM,Rút tiền mặt,1458000,5500,Thành công,CN Hải Phòng,6433925
GD202607011405,2026-07-22 21:22:14,KH000119,Mobile Banking,Thanh toán thẻ,178000,0,Thành công,CN Đà Nẵng,51087672
GD202607000672,2026-07-22 21:22:50,KH000010,QR Code,Nộp tiền mặt,3700000,0,Thành công,CN Quận 1,15992587
GD202607015792,2026-07-22 21:37:19,KH000171,Internet Banking,Thanh toán thẻ,156000,0,Thành công,CN Hải Phòng,216451
GD202607013091,2026-07-22 22:24:48,KH000134,Quầy giao dịch,Chuyển khoản đến,340000,5500,Thành công,CN Đà Nẵng,3829662
GD202607010598,2026-07-22 22:53:33,KH000111,POS,Thanh toán thẻ,15032000,0,Thành công,CN Hải Phòng,52555938
GD202607013784,2026-07-22 22:58:49,KH000144,Quầy giao dịch,Chuyển khoản đến,305000,0,Thành công,CN Hải Phòng,4381801
GD202607016315,2026-07-23 07:32:02,KH000176,Internet Banking,Rút tiền mặt,958000,0,Thành công,CN Cần Thơ,57987832
GD202607015001,2026-07-23 08:16:38,KH000160,POS,Thanh toán hóa đơn,635000,3300,Thành công,CN Cần Thơ,80221271
GD202607001933,2026-07-23 08:49:37,KH000019,Mobile Banking,Thanh toán hóa đơn,341000,0,Thành công,CN Đà Nẵng,6745512
GD202607015618,2026-07-23 08:50:14,KH000169,Internet Banking,Thanh toán thẻ,10055000,0,Thành công,CN Quận 1,33141231
GD202607013462,2026-07-23 09:36:25,KH000139,Quầy giao dịch,Chuyển khoản đến,78000,1100,Thành công,CN Cần Thơ,1553407
GD202607001008,2026-07-23 09:37:03,KH000013,Quầy giao dịch,Nộp tiền mặt,1280000,5500,Thành công,CN TP Hồ Chí Minh,10517838
GD202607000190,2026-07-23 09:45:08,KH000005,Mobile Banking,Thanh toán thẻ,51000,0,Thành công,CN TP Hồ Chí Minh,834330
GD202607013785,2026-07-23 10:31:55,KH000144,Mobile Banking,Nộp tiền mặt,1232000,0,Thành công,CN Bình Dương,5613801
GD202607008315,2026-07-23 10:34:04,KH000084,Internet Banking,Rút tiền mặt,1489000,0,Thành công,CN Thanh Xuân,11148711
GD202607008438,2026-07-23 11:07:26,KH000085,POS,Rút tiền mặt,3604000,0,Thành công,CN TP Hồ Chí Minh,14264789
GD202607004757,2026-07-23 11:25:48,KH000051,POS,Nạp tiền điện thoại,1158000,1100,Thành công,CN Cần Thơ,3253056
GD202607005633,2026-07-23 12:00:05,KH000059,POS,Thanh toán thẻ,12068000,1100,Thành công,CN Cầu Giấy,48030753
GD202607003451,2026-07-23 12:22:36,KH000032,QR Code,Thanh toán thẻ,157000,0,Thành công,CN Bình Dương,79933115
GD202607014498,2026-07-23 12:27:04,KH000153,Mobile Banking,Nộp tiền mặt,208000,0,Thành công,CN Bình Dương,839441
GD202607007389,2026-07-23 13:16:40,KH000077,POS,Nộp tiền mặt,1019000,1100,Thành công,CN Bình Dương,4504927
GD202607017023,2026-07-23 13:21:23,KH000182,Internet Banking,Nộp tiền mặt,2081000,0,Thành công,CN Hoàn Kiếm,14060842
GD202607017749,2026-07-23 13:39:33,KH000187,POS,Thanh toán thẻ,186000,5500,Thành công,CN Hải Phòng,9213689
GD202607013092,2026-07-23 13:41:53,KH000134,POS,Thanh toán thẻ,162000,1100,Thành công,CN Cần Thơ,3666562
GD202607010845,2026-07-23 13:43:11,KH000114,ATM,Nộp tiền mặt,1097000,0,Thành công,CN Đà Nẵng,73541227
GD202607017331,2026-07-23 14:29:26,KH000183,POS,Thanh toán thẻ,1109000,0,Thất bại,CN Hải Phòng,34625586
GD202607010429,2026-07-23 14:49:35,KH000109,Quầy giao dịch,Rút tiền mặt,201000,5500,Thành công,CN Quận 1,3281029
GD202607008133,2026-07-23 15:48:24,KH000083,Internet Banking,Chuyển khoản đi,435000,0,Thành công,CN Cần Thơ,63113711
GD202607017501,2026-07-23 15:57:41,KH000184,Quầy giao dịch,Rút tiền mặt,7482000,0,Thành công,CN Cầu Giấy,26616166
GD202607002716,2026-07-23 16:26:50,KH000025,Mobile Banking,Thanh toán thẻ,147000,0,Thành công,CN Cầu Giấy,243931
GD202607007048,2026-07-23 16:31:46,KH000074,QR Code,Nộp tiền mặt,635000,0,Thành công,CN Cần Thơ,28755940
GD202607002939,2026-07-23 16:42:31,KH000027,POS,Thanh toán thẻ,2966000,0,Thành công,CN Bình Dương,20173973
GD202607007046,2026-07-23 17:22:43,KH000074,QR Code,Thanh toán thẻ,1577000,0,Thành công,CN Bình Dương,28761940
GD202607017330,2026-07-23 17:33:20,KH000183,Mobile Banking,Rút tiền mặt,5524000,0,Thất bại,CN Quận 1,34625586
GD202607017750,2026-07-23 17:34:24,KH000187,Mobile Banking,Thanh toán hóa đơn,842000,0,Thành công,CN TP Hồ Chí Minh,8371689
GD202607016673,2026-07-23 17:35:18,KH000180,POS,Chuyển khoản đến,1735000,0,Thành công,CN TP Hồ Chí Minh,70095037
GD202607003672,2026-07-23 17:55:17,KH000034,Internet Banking,Chuyển khoản đến,558000,0,Thành công,CN Bình Dương,58549327
GD202607007047,2026-07-23 18:08:52,KH000074,QR Code,Thanh toán thẻ,641000,0,Thành công,CN Đà Nẵng,28120940
GD202607015699,2026-07-23 18:42:29,KH000170,POS,Thanh toán thẻ,144000,0,Thành công,CN Cầu Giấy,240053
GD202607003671,2026-07-23 18:43:32,KH000034,QR Code,Chuyển khoản đến,1619000,0,Thành công,CN Cần Thơ,57991327
GD202607005911,2026-07-23 19:19:25,KH000061,Quầy giao dịch,Nộp tiền mặt,1069000,5500,Thành công,CN Hoàn Kiếm,14094401
GD202607011845,2026-07-23 19:38:22,KH000125,Internet Banking,Nạp tiền điện thoại,54000,0,Thành công,CN Quận 1,123636
GD202607010729,2026-07-23 20:32:56,KH000113,QR Code,Thanh toán thẻ,2998000,0,Thành công,CN Cần Thơ,21252876
GD202607015617,2026-07-23 20:46:58,KH000169,Quầy giao dịch,Chuyển khoản đến,7287000,1100,Thành công,CN Thanh Xuân,43196231
GD202607001533,2026-07-23 21:07:50,KH000016,POS,Thanh toán thẻ,161000,3300,Thành công,CN Quận 1,230407
GD202607015616,2026-07-23 21:29:06,KH000169,QR Code,Nộp tiền mặt,8885000,0,Thành công,CN Đà Nẵng,35909231
GD202607016804,2026-07-23 21:58:19,KH000181,Internet Banking,Nạp tiền điện thoại,75000,0,Thành công,CN Hoàn Kiếm,138220
GD202607010428,2026-07-23 22:02:39,KH000109,QR Code,Thanh toán hóa đơn,65000,0,Thành công,CN Hoàn Kiếm,3487529
GD202607007714,2026-07-23 22:12:40,KH000079,Internet Banking,Nạp tiền điện thoại,238000,0,Thất bại,CN Hải Phòng,3024182
GD202607015698,2026-07-23 22:14:21,KH000170,Internet Banking,Thanh toán hóa đơn,63000,0,Thành công,CN Đà Nẵng,168053
GD202607018463,2026-07-23 22:35:09,KH000195,Quầy giao dịch,Chuyển khoản đến,150000,5500,Thành công,CN Quận 1,645417
GD202607018148,2026-07-23 22:46:27,KH000191,POS,Thanh toán thẻ,1965000,5500,Thành công,CN Hải Phòng,9188408
GD202607009134,2026-07-24 06:13:19,KH000094,Internet Banking,Nạp tiền điện thoại,268000,0,Thành công,CN Cần Thơ,67786770
GD202607015793,2026-07-24 06:22:36,KH000171,ATM,Thanh toán hóa đơn,155000,1100,Thành công,CN Hải Phòng,60351
GD202607017844,2026-07-24 06:53:28,KH000188,QR Code,Thanh toán hóa đơn,3889000,0,Thành công,CN Bình Dương,34404234
GD202607001535,2026-07-24 07:06:56,KH000016,Internet Banking,Nộp tiền mặt,153000,0,Thành công,CN Bình Dương,308407
GD202607001534,2026-07-24 07:15:39,KH000016,Mobile Banking,Rút tiền mặt,75000,0,Thành công,CN Bình Dương,155407
GD202607007715,2026-07-24 07:16:20,KH000079,Mobile Banking,Chuyển khoản đến,641000,0,Thành công,CN Cầu Giấy,3665182
GD202607014726,2026-07-24 07:30:16,KH000155,QR Code,Thanh toán thẻ,11768000,0,Thành công,CN Thanh Xuân,65421444
GD202607001010,2026-07-24 07:31:01,KH000013,POS,Rút tiền mặt,88000,1100,Thành công,CN Cần Thơ,11101738
GD202607014499,2026-07-24 08:19:44,KH000153,Mobile Banking,Thanh toán thẻ,56000,0,Thành công,CN Hoàn Kiếm,783441
GD202607015002,2026-07-24 08:25:30,KH000160,Mobile Banking,Thanh toán thẻ,2796000,0,Thành công,CN Đà Nẵng,77425271
GD202607017024,2026-07-24 09:00:47,KH000182,Internet Banking,Nộp tiền mặt,346000,0,Thành công,CN Thanh Xuân,14406842
GD202607001009,2026-07-24 09:35:19,KH000013,QR Code,Chuyển khoản đến,673000,0,Thành công,CN Bình Dương,11190838
GD202607014757,2026-07-24 09:40:04,KH000156,Mobile Banking,Thanh toán hóa đơn,5606000,0,Thành công,CN Hải Phòng,15987952
GD202607001205,2026-07-24 09:47:25,KH000014,Mobile Banking,Chuyển khoản đến,9873000,0,Thành công,CN Đà Nẵng,55735010
GD202607016316,2026-07-24 10:00:44,KH000176,POS,Thanh toán thẻ,894000,0,Thành công,CN Cầu Giấy,57093832
GD202607018343,2026-07-24 10:29:43,KH000194,ATM,Nộp tiền mặt,1803000,5500,Thành công,CN Thanh Xuân,7078320
GD202607003101,2026-07-24 11:01:28,KH000028,Mobile Banking,Nộp tiền mặt,2052000,0,Thành công,CN Bình Dương,43450274
GD202607006750,2026-07-24 11:02:54,KH000070,QR Code,Thanh toán thẻ,3861000,0,Thành công,CN Thanh Xuân,93881230
GD202607013312,2026-07-24 11:22:14,KH000137,POS,Thanh toán thẻ,285000,1100,Thành công,CN TP Hồ Chí Minh,20415134
GD202607012136,2026-07-24 11:24:29,KH000127,QR Code,Chuyển khoản đi,1729000,0,Thành công,CN Cầu Giấy,6250113
GD202607015524,2026-07-24 11:45:27,KH000167,QR Code,Thanh toán hóa đơn,1936000,0,Thành công,CN Quận 1,38459608
GD202607017751,2026-07-24 11:55:09,KH000187,QR Code,Thanh toán thẻ,70000,0,Thành công,CN Hải Phòng,8301689
GD202607002718,2026-07-24 12:00:02,KH000025,POS,Thanh toán thẻ,91000,1100,Thành công,CN Thanh Xuân,276831
GD202607018151,2026-07-24 12:03:32,KH000191,Mobile Banking,Thanh toán hóa đơn,2603000,0,Thành công,CN Hải Phòng,5063308
GD202607006426,2026-07-24 12:17:49,KH000065,Mobile Banking,Thanh toán thẻ,28738000,0,Thành công,CN Cầu Giấy,62741695
GD202607014317,2026-07-24 12:24:58,KH000152,Mobile Banking,Rút tiền mặt,1272000,0,Thành công,CN Thanh Xuân,87011908
GD202607002717,2026-07-24 12:34:12,KH000025,Mobile Banking,Chuyển khoản đến,125000,0,Thành công,CN Cầu Giấy,368931
GD202607004955,2026-07-24 13:21:57,KH000052,POS,Thanh toán thẻ,111000,0,Thành công,CN Hải Phòng,246306
GD202607000674,2026-07-24 13:24:17,KH000010,POS,Thanh toán thẻ,2180000,0,Thành công,CN Thanh Xuân,10977587
GD202607008886,2026-07-24 13:28:54,KH000092,QR Code,Chuyển khoản đến,2242000,0,Thành công,CN Cầu Giấy,9408999
GD202607012951,2026-07-24 13:34:39,KH000132,Mobile Banking,Thanh toán thẻ,3127000,0,Thành công,CN Hải Phòng,6004104
GD202607001537,2026-07-24 13:45:28,KH000016,POS,Thanh toán thẻ,125000,3300,Thành công,CN Đà Nẵng,72807
GD202607011588,2026-07-24 13:51:26,KH000121,Mobile Banking,Nộp tiền mặt,488000,0,Thành công,CN Hoàn Kiếm,1920449
GD202607013093,2026-07-24 14:05:11,KH000134,POS,Chuyển khoản đến,273000,0,Thành công,CN Quận 1,3939562
GD202607005912,2026-07-24 14:16:38,KH000061,Mobile Banking,Chuyển khoản đến,2030000,0,Thành công,CN Đà Nẵng,16124401
GD202607007049,2026-07-24 14:41:54,KH000074,QR Code,Chuyển khoản đi,1466000,0,Thành công,CN Cầu Giấy,27289940
GD202607002190,2026-07-24 15:28:53,KH000020,Internet Banking,Nạp tiền điện thoại,1457000,0,Thành công,CN Cần Thơ,21839128
GD202607009957,2026-07-24 15:34:26,KH000103,Mobile Banking,Nộp tiền mặt,408000,0,Thất bại,CN TP Hồ Chí Minh,3787319
GD202607018645,2026-07-24 15:55:35,KH000197,Mobile Banking,Thanh toán thẻ,13174000,0,Thành công,CN Quận 1,63453460
GD202607018149,2026-07-24 15:56:36,KH000191,POS,Thanh toán thẻ,705000,1100,Thành công,CN Thanh Xuân,8482308
GD202607017626,2026-07-24 16:01:40,KH000186,QR Code,Nạp tiền điện thoại,1253000,0,Thành công,CN Thanh Xuân,5180925
GD202607001204,2026-07-24 16:04:38,KH000014,Mobile Banking,Nộp tiền mặt,2940000,0,Thành công,CN Bình Dương,45862010
GD202607001536,2026-07-24 16:11:42,KH000016,POS,Thanh toán thẻ,104000,3300,Thành công,CN Cầu Giấy,201107
GD202607016166,2026-07-24 16:11:47,KH000175,Mobile Banking,Thanh toán thẻ,4040000,0,Thành công,CN TP Hồ Chí Minh,28034099
GD202607011407,2026-07-24 16:17:55,KH000119,QR Code,Chuyển khoản đi,63000,0,Thành công,CN Quận 1,50962672
GD202607018150,2026-07-24 16:34:42,KH000191,QR Code,Thanh toán thẻ,816000,0,Thành công,CN Hải Phòng,7666308
GD202607009674,2026-07-24 16:38:13,KH000098,POS,Thanh toán thẻ,1306000,5500,Thành công,CN Quận 1,18495186
GD202607008316,2026-07-24 17:13:55,KH000084,QR Code,Thanh toán thẻ,2234000,0,Thành công,CN Cầu Giấy,8914711
GD202607012696,2026-07-24 17:14:47,KH000131,Mobile Banking,Chuyển khoản đến,199000,0,Thành công,CN Đà Nẵng,520180
GD202607000435,2026-07-24 17:18:24,KH000008,POS,Thanh toán thẻ,2319000,3300,Thành công,CN Thanh Xuân,12243595
GD202607015954,2026-07-24 17:58:49,KH000172,Mobile Banking,Chuyển khoản đến,1093000,0,Thành công,CN Thanh Xuân,7641593
GD202607017627,2026-07-24 18:03:01,KH000186,Mobile Banking,Rút tiền mặt,1233000,0,Thành công,CN Thanh Xuân,3947925
GD202607010257,2026-07-24 18:06:53,KH000106,POS,Thanh toán thẻ,1488000,1100,Thành công,CN Hải Phòng,40990456
GD202607017332,2026-07-24 18:07:08,KH000183,QR Code,Thanh toán hóa đơn,10164000,0,Thành công,CN TP Hồ Chí Minh,24461586
GD202607012952,2026-07-24 18:39:01,KH000132,Quầy giao dịch,Nộp tiền mặt,1622000,0,Thành công,CN Cầu Giấy,7626104
GD202607001666,2026-07-24 18:41:44,KH000017,POS,Nạp tiền điện thoại,5225000,5500,Thành công,CN Đà Nẵng,31957126
GD202607004692,2026-07-24 19:11:51,KH000050,POS,Thanh toán thẻ,1790000,0,Thành công,CN Thanh Xuân,19768275
GD202607013537,2026-07-24 19:58:01,KH000141,Mobile Banking,Chuyển khoản đến,160000,0,Thành công,CN Hoàn Kiếm,11464180
GD202607015369,2026-07-24 20:16:38,KH000164,Mobile Banking,Rút tiền mặt,169000,0,Thành công,CN Cầu Giấy,26603604
GD202607002465,2026-07-24 20:35:30,KH000023,ATM,Chuyển khoản đến,3062000,5500,Thành công,CN Thanh Xuân,41770696
GD202607014823,2026-07-24 20:42:35,KH000157,POS,Thanh toán thẻ,347000,0,Thành công,CN TP Hồ Chí Minh,1098953
GD202607015955,2026-07-24 20:43:45,KH000172,Mobile Banking,Chuyển khoản đến,2035000,0,Thành công,CN Cần Thơ,9676593
GD202607000675,2026-07-24 21:32:23,KH000010,ATM,Nạp tiền điện thoại,3129000,3300,Thành công,CN Thanh Xuân,7845287
GD202607015700,2026-07-24 21:33:04,KH000170,ATM,Nạp tiền điện thoại,172000,5500,Thành công,CN Cầu Giấy,62553
GD202607015370,2026-07-24 22:19:55,KH000164,QR Code,Thanh toán thẻ,96000,0,Thành công,CN Bình Dương,26507604
GD202607004956,2026-07-24 22:20:10,KH000052,Internet Banking,Chuyển khoản đến,159000,0,Thành công,CN Hải Phòng,405306
GD202607004693,2026-07-24 22:20:20,KH000050,Mobile Banking,Thanh toán hóa đơn,991000,0,Thành công,CN Bình Dương,18777275
GD202607004694,2026-07-24 22:45:26,KH000050,Quầy giao dịch,Thanh toán hóa đơn,689000,1100,Thành công,CN Quận 1,18087175
GD202607010258,2026-07-24 22:48:56,KH000106,POS,Thanh toán thẻ,1403000,3300,Thành công,CN Bình Dương,39584156
GD202607001934,2026-07-24 22:49:19,KH000019,POS,Thanh toán thẻ,1084000,5500,Thành công,CN TP Hồ Chí Minh,5656012
GD202607011846,2026-07-24 22:54:12,KH000125,QR Code,Chuyển khoản đến,53000,0,Thành công,CN Bình Dương,176636
GD202607011589,2026-07-24 22:56:14,KH000121,Internet Banking,Thanh toán thẻ,354000,0,Thành công,CN Bình Dương,1566449
GD202607015547,2026-07-25 06:09:59,KH000168,POS,Thanh toán thẻ,5861000,1100,Thành công,CN Bình Dương,15092200
GD202607002191,2026-07-25 06:10:00,KH000020,QR Code,Thanh toán hóa đơn,7384000,0,Thành công,CN Hoàn Kiếm,14455128
GD202607012699,2026-07-25 06:23:09,KH000131,QR Code,Chuyển khoản đến,241000,0,Thành công,CN TP Hồ Chí Minh,1030180
GD202607013463,2026-07-25 06:27:20,KH000139,Mobile Banking,Chuyển khoản đi,357000,0,Thành công,CN Thanh Xuân,1196407
GD202607017025,2026-07-25 06:34:17,KH000182,Mobile Banking,Rút tiền mặt,3867000,0,Thành công,CN Thanh Xuân,10539842
GD202607009558,2026-07-25 07:03:34,KH000097,Mobile Banking,Nạp tiền điện thoại,182000,0,Thành công,CN Cần Thơ,696949
GD202607016807,2026-07-25 07:11:13,KH000181,Internet Banking,Thanh toán thẻ,102000,0,Thành công,CN TP Hồ Chí Minh,188220
GD202607012137,2026-07-25 07:24:44,KH000127,QR Code,Nộp tiền mặt,1478000,0,Thành công,CN Cầu Giấy,7728113
GD202607008317,2026-07-25 07:31:13,KH000084,Internet Banking,Thanh toán thẻ,1676000,0,Thành công,CN Cần Thơ,7238711
GD202607007906,2026-07-25 07:37:28,KH000081,Quầy giao dịch,Chuyển khoản đi,30909000,0,Thành công,CN Đà Nẵng,183845559
GD202607009387,2026-07-25 07:45:26,KH000096,POS,Thanh toán thẻ,2380000,1100,Thành công,CN Cầu Giấy,5780593
GD202607001011,2026-07-25 07:46:35,KH000013,QR Code,Thanh toán thẻ,3576000,0,Thành công,CN Hải Phòng,7525738
GD202607009676,2026-07-25 07:55:43,KH000098,Internet Banking,Thanh toán hóa đơn,580000,0,Thành công,CN Hải Phòng,17561186
GD202607011014,2026-07-25 08:01:36,KH000116,ATM,Chuyển khoản đi,4733000,1100,Thất bại,CN Quận 1,14547785
GD202607013538,2026-07-25 08:04:37,KH000141,POS,Chuyển khoản đi,2013000,0,Thành công,CN TP Hồ Chí Minh,9451180
GD202607015172,2026-07-25 08:17:45,KH000162,POS,Thanh toán thẻ,165000,5500,Thất bại,CN TP Hồ Chí Minh,219403
GD202607017845,2026-07-25 08:37:41,KH000188,Internet Banking,Thanh toán thẻ,10225000,0,Thành công,CN Hoàn Kiếm,24179234
GD202607015173,2026-07-25 08:45:54,KH000162,POS,Thanh toán thẻ,155000,1100,Thành công,CN Cầu Giấy,63303
GD202607014058,2026-07-25 08:46:49,KH000148,Internet Banking,Nộp tiền mặt,535000,0,Thành công,CN Cần Thơ,68249081
GD202607002940,2026-07-25 08:54:12,KH000027,Quầy giao dịch,Chuyển khoản đi,1636000,5500,Thành công,CN Hoàn Kiếm,18532473
GD202607003776,2026-07-25 09:00:20,KH000035,QR Code,Thanh toán thẻ,224000,0,Thành công,CN TP Hồ Chí Minh,6001955
GD202607016806,2026-07-25 09:01:39,KH000181,QR Code,Thanh toán thẻ,147000,0,Thành công,CN Cầu Giấy,137220
GD202607001936,2026-07-25 09:08:21,KH000019,Mobile Banking,Chuyển khoản đi,580000,0,Thành công,CN TP Hồ Chí Minh,4377012
GD202607001379,2026-07-25 09:30:37,KH000015,Quầy giao dịch,Nộp tiền mặt,5919000,1100,Thành công,CN Thanh Xuân,32442683
GD202607012697,2026-07-25 09:38:12,KH000131,QR Code,Nộp tiền mặt,123000,0,Thành công,CN Hải Phòng,643180
GD202607001935,2026-07-25 09:38:30,KH000019,Internet Banking,Thanh toán thẻ,699000,0,Thành công,CN TP Hồ Chí Minh,4957012
GD202607001538,2026-07-25 09:53:26,KH000016,Mobile Banking,Chuyển khoản đi,193000,0,Thành công,CN Bình Dương,169307
GD202607016317,2026-07-25 10:21:14,KH000176,Internet Banking,Nộp tiền mặt,304000,0,Thành công,CN Cần Thơ,57397832
GD202607013786,2026-07-25 10:25:07,KH000144,POS,Thanh toán thẻ,1531000,0,Thành công,CN Hải Phòng,4082801
GD202607008504,2026-07-25 10:27:40,KH000086,QR Code,Nộp tiền mặt,721000,0,Thành công,CN Hoàn Kiếm,44836711
GD202607017628,2026-07-25 10:56:13,KH000186,ATM,Rút tiền mặt,408000,3300,Thành công,CN Hoàn Kiếm,3536625
GD202607014825,2026-07-25 10:56:26,KH000157,POS,Chuyển khoản đến,54000,3300,Thành công,CN Cầu Giấy,815853
GD202607012138,2026-07-25 11:27:46,KH000127,Mobile Banking,Rút tiền mặt,1922000,0,Thành công,CN Cầu Giấy,5806113
GD202607012700,2026-07-25 11:46:34,KH000131,Internet Banking,Thanh toán thẻ,318000,0,Thành công,CN Hải Phòng,712180
GD202607008015,2026-07-25 12:19:12,KH000082,Mobile Banking,Rút tiền mặt,3377000,0,Thành công,CN TP Hồ Chí Minh,29471944
GD202607001730,2026-07-25 12:22:14,KH000018,QR Code,Thanh toán thẻ,515000,0,Thành công,CN Hải Phòng,67319407
GD202607013125,2026-07-25 12:27:35,KH000135,QR Code,Thanh toán thẻ,5296000,0,Thành công,CN Đà Nẵng,59181576
GD202607004695,2026-07-25 12:37:46,KH000050,POS,Nộp tiền mặt,2378000,5500,Thành công,CN Thanh Xuân,20465175
GD202607011697,2026-07-25 12:43:42,KH000124,Internet Banking,Rút tiền mặt,3278000,0,Thành công,CN Quận 1,7751138
GD202607013881,2026-07-25 12:48:55,KH000145,Mobile Banking,Thanh toán hóa đơn,366000,0,Thành công,CN TP Hồ Chí Minh,79823559
GD202607018294,2026-07-25 13:08:51,KH000193,Mobile Banking,Thanh toán thẻ,7619000,0,Thành công,CN Đà Nẵng,182103070
GD202607008887,2026-07-25 13:18:00,KH000092,POS,Thanh toán thẻ,414000,3300,Thành công,CN Hoàn Kiếm,8991699
GD202607007716,2026-07-25 13:51:39,KH000079,Internet Banking,Chuyển khoản đi,69000,0,Thành công,CN Thanh Xuân,3596182
GD202607016674,2026-07-25 13:54:25,KH000180,Mobile Banking,Chuyển khoản đi,1464000,0,Thành công,CN Thanh Xuân,68631037
GD202607001012,2026-07-25 13:56:57,KH000013,QR Code,Thanh toán thẻ,780000,0,Thành công,CN Đà Nẵng,6745738
GD202607009675,2026-07-25 14:03:51,KH000098,POS,Thanh toán thẻ,354000,0,Thành công,CN Hoàn Kiếm,18141186
GD202607006199,2026-07-25 14:23:44,KH000063,Mobile Banking,Nộp tiền mặt,1058000,0,Thành công,CN Hoàn Kiếm,67993398
GD202607006427,2026-07-25 15:15:26,KH000065,QR Code,Chuyển khoản đến,14000000,0,Thành công,CN Thanh Xuân,76741695
GD202607016805,2026-07-25 15:44:10,KH000181,Quầy giao dịch,Nộp tiền mặt,146000,3300,Thành công,CN Thanh Xuân,284220
GD202607011097,2026-07-25 16:44:21,KH000117,Quầy giao dịch,Thanh toán hóa đơn,514000,5500,Thành công,CN Hoàn Kiếm,78999728
GD202607014057,2026-07-25 17:19:01,KH000148,POS,Thanh toán thẻ,421000,0,Thành công,CN Hoàn Kiếm,67714081
GD202607014824,2026-07-25 17:19:36,KH000157,POS,Thanh toán thẻ,336000,1100,Thành công,CN Cần Thơ,761853
GD202607006198,2026-07-25 17:33:55,KH000063,Internet Banking,Chuyển khoản đến,480000,0,Thành công,CN TP Hồ Chí Minh,66935398
GD202607014675,2026-07-25 18:00:09,KH000154,POS,Thanh toán thẻ,987000,5500,Thành công,CN Quận 1,8622394
GD202607012698,2026-07-25 18:04:18,KH000131,Mobile Banking,Chuyển khoản đến,146000,0,Thành công,CN Cầu Giấy,789180
GD202607016808,2026-07-25 18:04:39,KH000181,POS,Thanh toán thẻ,128000,3300,Thành công,CN Cầu Giấy,56920
GD202607008505,2026-07-25 18:44:15,KH000086,POS,Chuyển khoản đi,5392000,3300,Thành công,CN Thanh Xuân,39441411
GD202607015956,2026-07-25 18:50:40,KH000172,Internet Banking,Thanh toán hóa đơn,3070000,0,Thành công,CN Quận 1,6606593
GD202607010368,2026-07-25 19:40:46,KH000108,Internet Banking,Chuyển khoản đi,86000,0,Thành công,CN Thanh Xuân,81340596
GD202607014895,2026-07-25 20:08:46,KH000158,Quầy giao dịch,Chuyển khoản đến,2277000,1100,Thành công,CN Quận 1,80168041
GD202607002192,2026-07-25 20:23:25,KH000020,QR Code,Thanh toán hóa đơn,1527000,0,Thành công,CN Hoàn Kiếm,12928128
GD202607012484,2026-07-25 20:42:37,KH000130,Internet Banking,Rút tiền mặt,1288000,0,Thành công,CN Cần Thơ,27875519
GD202607001937,2026-07-25 20:45:17,KH000019,Internet Banking,Chuyển khoản đến,156000,0,Thành công,CN Hoàn Kiếm,4533012
GD202607005196,2026-07-25 20:48:17,KH000054,POS,Chuyển khoản đi,859000,5500,Thành công,CN Đà Nẵng,5092855
GD202607013126,2026-07-25 21:46:19,KH000135,Mobile Banking,Nộp tiền mặt,19394000,0,Thành công,CN Hoàn Kiếm,78575576
GD202607014727,2026-07-25 21:52:34,KH000155,Quầy giao dịch,Nạp tiền điện thoại,1531000,3300,Thành công,CN TP Hồ Chí Minh,63887144
GD202607003904,2026-07-25 22:38:56,KH000038,Internet Banking,Thanh toán thẻ,2274000,0,Thành công,CN Đà Nẵng,84805818
GD202607004758,2026-07-25 22:53:23,KH000051,Internet Banking,Chuyển khoản đi,897000,0,Thành công,CN Quận 1,2356056
GD202607004957,2026-07-25 22:54:12,KH000052,QR Code,Nộp tiền mặt,120000,0,Thành công,CN Quận 1,525306
GD202607018465,2026-07-26 06:02:50,KH000195,POS,Thanh toán thẻ,196000,0,Thành công,CN Cầu Giấy,367317
GD202607015794,2026-07-26 06:12:14,KH000171,Mobile Banking,Thanh toán thẻ,76000,0,Thành công,CN Hải Phòng,98351
GD202607000082,2026-07-26 06:18:36,KH000003,Quầy giao dịch,Chuyển khoản đi,8116000,3300,Thành công,CN Hải Phòng,358944616
GD202607006688,2026-07-26 06:39:55,KH000068,Mobile Banking,Chuyển khoản đến,22886000,0,Thành công,CN Quận 1,99013189
GD202607013492,2026-07-26 06:47:45,KH000140,Internet Banking,Nạp tiền điện thoại,1248000,0,Thành công,CN TP Hồ Chí Minh,25415136
GD202607012139,2026-07-26 07:29:02,KH000127,POS,Thanh toán thẻ,886000,1100,Thành công,CN Đà Nẵng,4919013
GD202607018713,2026-07-26 07:45:46,KH000198,QR Code,Rút tiền mặt,2849000,0,Thành công,CN Thanh Xuân,23171788
GD202607011590,2026-07-26 07:50:28,KH000121,Internet Banking,Nộp tiền mặt,437000,0,Thành công,CN Hải Phòng,2003449
GD202607002330,2026-07-26 08:02:10,KH000021,QR Code,Chuyển khoản đến,96000,0,Thành công,CN Đà Nẵng,60920116
GD202607015548,2026-07-26 08:15:01,KH000168,POS,Thanh toán thẻ,4691000,0,Thành công,CN Đà Nẵng,10401200
GD202607017846,2026-07-26 08:24:40,KH000188,POS,Thanh toán thẻ,6747000,0,Thành công,CN Hải Phòng,17432234
GD202607018464,2026-07-26 08:39:54,KH000195,POS,Thanh toán hóa đơn,81000,1100,Thành công,CN Đà Nẵng,563317
GD202607017847,2026-07-26 08:41:29,KH000188,QR Code,Chuyển khoản đi,5759000,0,Thành công,CN Cầu Giấy,11673234
GD202607018466,2026-07-26 08:49:28,KH000195,Internet Banking,Nộp tiền mặt,152000,0,Thành công,CN Thanh Xuân,519317
GD202607009559,2026-07-26 09:24:27,KH000097,POS,Thanh toán thẻ,69000,3300,Thành công,CN Đà Nẵng,624649
GD202607010259,2026-07-26 09:26:27,KH000106,ATM,Thanh toán hóa đơn,1519000,1100,Thành công,CN Hoàn Kiếm,38064056
GD202607011098,2026-07-26 09:37:23,KH000117,Internet Banking,Chuyển khoản đi,447000,0,Thành công,CN TP Hồ Chí Minh,78552728
GD202607003102,2026-07-26 09:55:49,KH000028,POS,Thanh toán thẻ,743000,0,Thành công,CN Hải Phòng,42707274
GD202607003332,2026-07-26 10:01:38,KH000031,Mobile Banking,Chuyển khoản đến,133000,0,Thành công,CN Hoàn Kiếm,700503
GD202607006751,2026-07-26 10:02:10,KH000070,Mobile Banking,Thanh toán thẻ,4431000,0,Thành công,CN Thanh Xuân,89450230
GD202607015701,2026-07-26 10:17:07,KH000170,ATM,Chuyển khoản đi,179000,3300,Thành công,CN Hoàn Kiếm,148753
GD202607015371,2026-07-26 10:20:21,KH000164,QR Code,Chuyển khoản đi,73000,0,Thành công,CN Cần Thơ,26434604
GD202607007050,2026-07-26 10:39:48,KH000074,POS,Thanh toán thẻ,1077000,0,Thành công,CN Bình Dương,26212940
GD202607015174,2026-07-26 10:44:57,KH000162,QR Code,Nạp tiền điện thoại,60000,0,Thành công,CN Đà Nẵng,93303
GD202607014896,2026-07-26 10:45:33,KH000158,POS,Thanh toán thẻ,14103000,5500,Thành công,CN Cầu Giấy,66059541
GD202607016809,2026-07-26 11:08:25,KH000181,QR Code,Chuyển khoản đi,133000,0,Thành công,CN Đà Nẵng,123420
GD202607016484,2026-07-26 11:22:21,KH000177,ATM,Thanh toán hóa đơn,8435000,1100,Thành công,CN TP Hồ Chí Minh,18352417
GD202607008889,2026-07-26 11:25:50,KH000092,POS,Thanh toán thẻ,1566000,0,Thành công,CN Thanh Xuân,5570699
GD202607017555,2026-07-26 11:40:55,KH000185,POS,Chuyển khoản đi,463000,5500,Thành công,CN Cầu Giấy,24602888
GD202607007184,2026-07-26 12:25:44,KH000075,Quầy giao dịch,Nộp tiền mặt,4052000,0,Thành công,CN Hải Phòng,24768242
GD202607011847,2026-07-26 13:23:17,KH000125,QR Code,Thanh toán hóa đơn,166000,0,Thành công,CN Hải Phòng,259636
GD202607016318,2026-07-26 13:28:44,KH000176,QR Code,Thanh toán thẻ,763000,0,Thành công,CN Thanh Xuân,56634832
GD202607005513,2026-07-26 14:00:21,KH000058,ATM,Rút tiền mặt,6773000,5500,Thành công,CN Hoàn Kiếm,173687603
GD202607017923,2026-07-26 14:03:55,KH000189,POS,Nộp tiền mặt,7057000,1100,Thành công,CN Bình Dương,118033758
GD202607006690,2026-07-26 14:18:08,KH000068,QR Code,Nộp tiền mặt,3187000,0,Thành công,CN Cầu Giấy,94383889
GD202607018811,2026-07-26 14:30:00,KH000200,Internet Banking,Thanh toán thẻ,95000,0,Thành công,CN TP Hồ Chí Minh,378377
GD202607012140,2026-07-26 14:37:59,KH000127,Mobile Banking,Nộp tiền mặt,777000,0,Thành công,CN TP Hồ Chí Minh,5696013
GD202607013464,2026-07-26 15:36:45,KH000139,Mobile Banking,Nộp tiền mặt,61000,0,Thành công,CN Thanh Xuân,1257407
GD202607010500,2026-07-26 15:49:21,KH000110,QR Code,Nộp tiền mặt,2503000,0,Thành công,CN TP Hồ Chí Minh,48664655
GD202607001540,2026-07-26 15:55:39,KH000016,POS,Thanh toán thẻ,94000,0,Thành công,CN Cần Thơ,120207
GD202607008888,2026-07-26 16:24:24,KH000092,Internet Banking,Thanh toán hóa đơn,1855000,0,Thành công,CN Cần Thơ,7136699
GD202607017333,2026-07-26 16:28:35,KH000183,QR Code,Rút tiền mặt,8296000,0,Thành công,CN Bình Dương,16165586
GD202607000031,2026-07-26 16:28:42,KH000001,Quầy giao dịch,Rút tiền mặt,42532000,5500,Thành công,CN Hoàn Kiếm,81488911
GD202607004437,2026-07-26 16:49:26,KH000045,POS,Thanh toán thẻ,1363000,5500,Thành công,CN Cần Thơ,45246715
GD202607003103,2026-07-26 17:15:34,KH000028,Internet Banking,Chuyển khoản đi,1423000,0,Thành công,CN Cầu Giấy,41284274
GD202607005440,2026-07-26 17:18:31,KH000057,QR Code,Nạp tiền điện thoại,9567000,0,Thành công,CN TP Hồ Chí Minh,18455419
GD202607003777,2026-07-26 17:29:52,KH000035,Quầy giao dịch,Nộp tiền mặt,61000,3300,Thành công,CN Thanh Xuân,6062955
GD202607014897,2026-07-26 17:36:41,KH000158,Mobile Banking,Nộp tiền mặt,11951000,0,Thành công,CN Đà Nẵng,78010541
GD202607005913,2026-07-26 17:46:03,KH000061,Mobile Banking,Thanh toán thẻ,162000,0,Thành công,CN Hải Phòng,15962401
GD202607006689,2026-07-26 18:01:18,KH000068,ATM,Nạp tiền điện thoại,7813000,3300,Thành công,CN TP Hồ Chí Minh,91196889
GD202607002329,2026-07-26 18:14:41,KH000021,QR Code,Thanh toán thẻ,294000,0,Thành công,CN Đà Nẵng,60824116
GD202607008318,2026-07-26 18:37:56,KH000084,Mobile Banking,Thanh toán thẻ,1258000,0,Thành công,CN Bình Dương,5980711
GD202607006752,2026-07-26 18:40:41,KH000070,POS,Thanh toán thẻ,2882000,3300,Thành công,CN Cần Thơ,86564930
GD202607001013,2026-07-26 19:08:33,KH000013,QR Code,Chuyển khoản đi,1471000,0,Thành công,CN Bình Dương,5274738
GD202607012142,2026-07-26 19:10:08,KH000127,QR Code,Chuyển khoản đến,1159000,0,Thành công,CN Quận 1,6196013
GD202607006800,2026-07-26 19:17:33,KH000071,Mobile Banking,Chuyển khoản đi,306000,0,Thành công,CN Cầu Giấy,13611338
GD202607017026,2026-07-26 19:17:38,KH000182,POS,Thanh toán thẻ,3219000,3300,Thành công,CN Quận 1,7317542
GD202607013539,2026-07-26 19:24:03,KH000141,QR Code,Thanh toán thẻ,646000,0,Thành công,CN Hải Phòng,8805180
GD202607006428,2026-07-26 19:24:19,KH000065,Mobile Banking,Nộp tiền mặt,8698000,0,Thành công,CN TP Hồ Chí Minh,85439695
GD202607005144,2026-07-26 19:35:36,KH000053,Mobile Banking,Nạp tiền điện thoại,165000,0,Thành công,CN Đà Nẵng,16772040
GD202607018344,2026-07-26 19:44:06,KH000194,Internet Banking,Chuyển khoản đến,1374000,0,Thành công,CN Cần Thơ,8452320
GD202607010730,2026-07-26 20:13:17,KH000113,QR Code,Thanh toán thẻ,7219000,0,Thành công,CN Cần Thơ,14033876
GD202607006200,2026-07-26 20:25:56,KH000063,Internet Banking,Thanh toán thẻ,1082000,0,Thành công,CN TP Hồ Chí Minh,66911398
GD202607004065,2026-07-26 20:31:11,KH000040,POS,Thanh toán thẻ,8902000,3300,Thành công,CN Hoàn Kiếm,49778511
GD202607010599,2026-07-26 20:40:33,KH000111,Internet Banking,Nộp tiền mặt,54000,0,Thành công,CN TP Hồ Chí Minh,52609938
GD202607001938,2026-07-26 20:55:40,KH000019,QR Code,Chuyển khoản đến,1103000,0,Thành công,CN Cầu Giấy,5636012
GD202607008506,2026-07-26 20:59:28,KH000086,Mobile Banking,Rút tiền mặt,2666000,0,Thành công,CN Thanh Xuân,36775411
GD202607012701,2026-07-26 21:02:54,KH000131,Internet Banking,Thanh toán thẻ,83000,0,Thành công,CN Hải Phòng,629180
GD202607011219,2026-07-26 21:12:08,KH000118,QR Code,Thanh toán thẻ,2505000,0,Thành công,CN Cần Thơ,15729619
GD202607012141,2026-07-26 21:20:40,KH000127,QR Code,Thanh toán thẻ,659000,0,Thành công,CN Thanh Xuân,5037013
GD202607001539,2026-07-26 21:35:30,KH000016,POS,Thanh toán thẻ,95000,1100,Thành công,CN Thanh Xuân,73207
GD202607018345,2026-07-26 21:46:33,KH000194,POS,Chuyển khoản đến,845000,3300,Thành công,CN TP Hồ Chí Minh,9297320
GD202607009135,2026-07-26 21:49:45,KH000094,Internet Banking,Nạp tiền điện thoại,1232000,0,Thành công,CN Quận 1,66554770
GD202607015619,2026-07-26 21:54:07,KH000169,POS,Thanh toán thẻ,8386000,3300,Thành công,CN TP Hồ Chí Minh,24751931
GD202607009958,2026-07-26 21:59:08,KH000103,Internet Banking,Chuyển khoản đi,741000,0,Thành công,CN Thanh Xuân,3046319
GD202607002941,2026-07-26 22:10:52,KH000027,Quầy giao dịch,Thanh toán hóa đơn,4319000,0,Thành công,CN Hoàn Kiếm,14213473
GD202607017629,2026-07-26 22:49:54,KH000186,POS,Thanh toán thẻ,452000,1100,Thành công,CN TP Hồ Chí Minh,3083525
GD202607017027,2026-07-27 06:11:44,KH000182,QR Code,Thanh toán thẻ,2366000,0,Thành công,CN Hoàn Kiếm,4951542
GD202607009960,2026-07-27 07:43:49,KH000103,QR Code,Nạp tiền điện thoại,377000,0,Thành công,CN Thanh Xuân,1603219
GD202607006801,2026-07-27 08:42:06,KH000071,QR Code,Rút tiền mặt,3477000,0,Thành công,CN Bình Dương,10134338
GD202607013787,2026-07-27 08:53:34,KH000144,Mobile Banking,Chuyển khoản đi,193000,0,Thành công,CN Thanh Xuân,3889801
GD202607009560,2026-07-27 08:57:02,KH000097,Internet Banking,Thanh toán thẻ,103000,0,Thành công,CN TP Hồ Chí Minh,521649
GD202607016485,2026-07-27 08:57:14,KH000177,POS,Rút tiền mặt,1999000,5500,Thành công,CN Quận 1,16347917
GD202607001541,2026-07-27 09:00:17,KH000016,Internet Banking,Thanh toán hóa đơn,141000,0,Thành công,CN Thanh Xuân,190707
GD202607008890,2026-07-27 09:10:03,KH000092,Mobile Banking,Thanh toán thẻ,443000,0,Thành công,CN Quận 1,5127699
GD202607005914,2026-07-27 09:26:50,KH000061,Mobile Banking,Chuyển khoản đến,1501000,0,Thành công,CN Cầu Giấy,17463401
GD202607014319,2026-07-27 09:43:13,KH000152,Internet Banking,Thanh toán thẻ,3649000,0,Thành công,CN Quận 1,81563908
GD202607009961,2026-07-27 09:49:55,KH000103,Mobile Banking,Thanh toán thẻ,547000,0,Thành công,CN Hải Phòng,1056219
GD202607006578,2026-07-27 09:53:16,KH000066,POS,Thanh toán thẻ,5020000,3300,Thành công,CN Cần Thơ,147782111
GD202607012702,2026-07-27 09:54:50,KH000131,Internet Banking,Nộp tiền mặt,83000,0,Thành công,CN Cần Thơ,712180
GD202607017752,2026-07-27 10:28:03,KH000187,Internet Banking,Thanh toán hóa đơn,1204000,0,Thành công,CN Hải Phòng,7097689
GD202607008594,2026-07-27 10:46:48,KH000087,POS,Thanh toán thẻ,75000,3300,Thành công,CN Hoàn Kiếm,73026
GD202607014758,2026-07-27 10:54:17,KH000156,QR Code,Thanh toán thẻ,2311000,0,Thành công,CN Bình Dương,13676952
GD202607014826,2026-07-27 10:58:36,KH000157,QR Code,Chuyển khoản đến,127000,0,Thành công,CN Thanh Xuân,942853
GD202607001667,2026-07-27 11:21:53,KH000017,QR Code,Thanh toán thẻ,1706000,0,Thành công,CN Cầu Giấy,30251126
GD202607004438,2026-07-27 11:26:27,KH000045,Mobile Banking,Rút tiền mặt,844000,0,Thành công,CN Bình Dương,44402715
GD202607012310,2026-07-27 11:26:36,KH000128,Quầy giao dịch,Rút tiền mặt,568000,5500,Thành công,CN Thanh Xuân,56246833
GD202607002193,2026-07-27 11:31:07,KH000020,ATM,Chuyển khoản đi,3297000,5500,Thành công,CN Cần Thơ,9625628
GD202607002942,2026-07-27 12:21:46,KH000027,POS,Thanh toán thẻ,2173000,1100,Thành công,CN TP Hồ Chí Minh,12039373
GD202607011015,2026-07-27 12:45:55,KH000116,Quầy giao dịch,Thanh toán hóa đơn,1373000,5500,Thành công,CN Hoàn Kiếm,13169285
GD202607018152,2026-07-27 12:50:39,KH000191,Mobile Banking,Chuyển khoản đến,1343000,0,Thành công,CN Bình Dương,6406308
GD202607011220,2026-07-27 12:53:19,KH000118,Mobile Banking,Chuyển khoản đến,3648000,0,Thành công,CN TP Hồ Chí Minh,19377619
GD202607002719,2026-07-27 12:55:17,KH000025,QR Code,Chuyển khoản đến,194000,0,Thành công,CN Hoàn Kiếm,470831
GD202607014827,2026-07-27 13:02:58,KH000157,Internet Banking,Nạp tiền điện thoại,181000,0,Thành công,CN Hải Phòng,761853
GD202607015796,2026-07-27 13:18:38,KH000171,QR Code,Thanh toán thẻ,159000,0,Thành công,CN Hoàn Kiếm,248851
GD202607017630,2026-07-27 13:36:32,KH000186,QR Code,Thanh toán thẻ,506000,0,Thành công,CN Hoàn Kiếm,2577525
GD202607014318,2026-07-27 14:02:05,KH000152,Internet Banking,Thanh toán hóa đơn,1799000,0,Thành công,CN Thanh Xuân,85212908
GD202607003452,2026-07-27 14:18:29,KH000032,Internet Banking,Thanh toán thẻ,111000,0,Thành công,CN Cần Thơ,79822115
GD202607008016,2026-07-27 14:20:03,KH000082,Mobile Banking,Chuyển khoản đến,1344000,0,Thành công,CN Quận 1,30815944
GD202607010945,2026-07-27 14:27:27,KH000115,POS,Thanh toán thẻ,1509000,5500,Thành công,CN Cần Thơ,28029251
GD202607004759,2026-07-27 14:41:19,KH000051,POS,Nạp tiền điện thoại,605000,3300,Thành công,CN Cầu Giấy,1747756
GD202607010097,2026-07-27 14:50:45,KH000104,ATM,Nộp tiền mặt,1029000,3300,Thành công,CN TP Hồ Chí Minh,4308464
GD202607008891,2026-07-27 15:01:57,KH000092,POS,Thanh toán thẻ,650000,1100,Thành công,CN Cầu Giấy,4476599
GD202607002720,2026-07-27 15:28:14,KH000025,QR Code,Chuyển khoản đến,143000,0,Thành công,CN Quận 1,613831
GD202607016321,2026-07-27 15:38:23,KH000176,QR Code,Thanh toán thẻ,995000,0,Thành công,CN Bình Dương,54141832
GD202607013882,2026-07-27 15:51:07,KH000145,Internet Banking,Chuyển khoản đến,287000,0,Thành công,CN Cần Thơ,80110559
GD202607017334,2026-07-27 15:59:57,KH000183,Quầy giao dịch,Nạp tiền điện thoại,4467000,5500,Thành công,CN Đà Nẵng,11693086
GD202607015301,2026-07-27 16:03:45,KH000163,Mobile Banking,Chuyển khoản đến,8993000,0,Thành công,CN Hoàn Kiếm,35384717
GD202607014500,2026-07-27 16:20:15,KH000153,QR Code,Thanh toán hóa đơn,113000,0,Thành công,CN Cầu Giấy,670441
GD202607016320,2026-07-27 16:44:17,KH000176,Mobile Banking,Chuyển khoản đi,619000,0,Thành công,CN Bình Dương,55136832
GD202607014676,2026-07-27 16:45:51,KH000154,Internet Banking,Rút tiền mặt,1336000,0,Thành công,CN Cần Thơ,7286394
GD202607008593,2026-07-27 16:50:18,KH000087,Quầy giao dịch,Rút tiền mặt,147000,1100,Thành công,CN Đà Nẵng,151326
GD202607007185,2026-07-27 16:52:24,KH000075,ATM,Chuyển khoản đến,4928000,3300,Thành công,CN Hải Phòng,29696242
GD202607008709,2026-07-27 17:01:38,KH000089,Quầy giao dịch,Chuyển khoản đến,19614000,1100,Thành công,CN Quận 1,147047973
GD202607018812,2026-07-27 17:49:04,KH000200,Internet Banking,Chuyển khoản đến,153000,0,Thành công,CN Hải Phòng,531377
GD202607001380,2026-07-27 17:54:30,KH000015,QR Code,Thanh toán thẻ,8084000,0,Thành công,CN Đà Nẵng,24358683
GD202607001939,2026-07-27 17:58:44,KH000019,QR Code,Nộp tiền mặt,877000,0,Thành công,CN Đà Nẵng,6513012
GD202607010846,2026-07-27 18:10:44,KH000114,ATM,Chuyển khoản đến,1276000,0,Thành công,CN Cầu Giấy,74817227
GD202607000061,2026-07-27 18:31:01,KH000002,Mobile Banking,Thanh toán thẻ,2563000,0,Thành công,CN Hải Phòng,94452376
GD202607013946,2026-07-27 19:01:21,KH000146,QR Code,Thanh toán thẻ,19869000,0,Thành công,CN Đà Nẵng,106751347
GD202607005915,2026-07-27 19:06:00,KH000061,QR Code,Nộp tiền mặt,275000,0,Thành công,CN Quận 1,17738401
GD202607015702,2026-07-27 19:27:20,KH000170,POS,Thanh toán thẻ,138000,0,Thành công,CN Cần Thơ,217753
GD202607001206,2026-07-27 19:31:54,KH000014,QR Code,Thanh toán thẻ,7230000,0,Thành công,CN Bình Dương,48505010
GD202607001381,2026-07-27 19:35:47,KH000015,Mobile Banking,Nộp tiền mặt,1296000,0,Thành công,CN Hoàn Kiếm,25654683
GD202607007051,2026-07-27 19:59:52,KH000074,QR Code,Thanh toán thẻ,488000,0,Thành công,CN Bình Dương,25724940
GD202607016676,2026-07-27 20:06:01,KH000180,Mobile Banking,Nộp tiền mặt,857000,0,Thành công,CN Thanh Xuân,67497037
GD202607009561,2026-07-27 20:06:44,KH000097,POS,Thanh toán thẻ,72000,0,Thành công,CN Cầu Giấy,449649
GD202607015957,2026-07-27 20:33:13,KH000172,POS,Thanh toán thẻ,761000,1100,Thành công,CN Cầu Giấy,5844493
GD202607002721,2026-07-27 20:33:29,KH000025,Mobile Banking,Thanh toán thẻ,90000,0,Thành công,CN TP Hồ Chí Minh,523831
GD202607011848,2026-07-27 20:57:20,KH000125,Mobile Banking,Thanh toán thẻ,60000,0,Thành công,CN Cần Thơ,199636
GD202607009959,2026-07-27 21:01:47,KH000103,POS,Thanh toán thẻ,1065000,1100,Thành công,CN Bình Dương,1980219
GD202607016675,2026-07-27 21:05:54,KH000180,Internet Banking,Chuyển khoản đi,1991000,0,Thành công,CN Thanh Xuân,66640037
GD202607005197,2026-07-27 21:13:28,KH000054,Internet Banking,Thanh toán hóa đơn,1064000,0,Thành công,CN Bình Dương,4028855
GD202607013393,2026-07-27 21:42:41,KH000138,Quầy giao dịch,Nạp tiền điện thoại,6754000,1100,Thành công,CN Quận 1,13160956
GD202607015795,2026-07-27 22:42:30,KH000171,QR Code,Nộp tiền mặt,71000,0,Thành công,CN Hải Phòng,169351
GD202607013313,2026-07-27 22:52:08,KH000137,POS,Thanh toán thẻ,6016000,3300,Thành công,CN Hải Phòng,14395834
GD202607016319,2026-07-27 22:52:43,KH000176,QR Code,Nạp tiền điện thoại,879000,0,Thành công,CN Cần Thơ,55755832
GD202607001382,2026-07-28 06:00:55,KH000015,QR Code,Nạp tiền điện thoại,6233000,0,Thành công,CN Quận 1,19421683
GD202607014828,2026-07-28 06:15:58,KH000157,Mobile Banking,Thanh toán hóa đơn,231000,0,Thành công,CN Cần Thơ,530853
GD202607018153,2026-07-28 06:57:00,KH000191,POS,Thanh toán hóa đơn,1698000,1100,Thành công,CN Cầu Giấy,4707208
GD202607000676,2026-07-28 07:00:36,KH000010,Mobile Banking,Chuyển khoản đến,2317000,0,Thành công,CN Thanh Xuân,10162287
GD202607004958,2026-07-28 07:27:24,KH000052,POS,Thanh toán thẻ,197000,5500,Thành công,CN TP Hồ Chí Minh,322806
GD202607015175,2026-07-28 07:27:37,KH000162,POS,Thanh toán thẻ,116000,3300,Thành công,CN Bình Dương,148003
GD202607001941,2026-07-28 08:02:03,KH000019,Mobile Banking,Thanh toán thẻ,847000,0,Thành công,CN Cần Thơ,5205712
GD202607004601,2026-07-28 08:36:54,KH000048,Quầy giao dịch,Rút tiền mặt,792000,1100,Thành công,CN Quận 1,2263215
GD202607006429,2026-07-28 08:38:15,KH000065,Mobile Banking,Nạp tiền điện thoại,19532000,0,Thành công,CN Thanh Xuân,65907695
GD202607001383,2026-07-28 09:39:02,KH000015,POS,Chuyển khoản đến,3297000,3300,Thành công,CN Thanh Xuân,22718683
GD202607005198,2026-07-28 09:40:23,KH000054,QR Code,Chuyển khoản đi,382000,0,Thành công,CN Cần Thơ,3646855
GD202607014320,2026-07-28 09:40:26,KH000152,Internet Banking,Chuyển khoản đi,923000,0,Thành công,CN Cầu Giấy,80640908
GD202607016322,2026-07-28 10:24:49,KH000176,QR Code,Rút tiền mặt,222000,0,Thành công,CN Cầu Giấy,53919832
GD202607013465,2026-07-28 10:44:34,KH000139,Mobile Banking,Thanh toán thẻ,405000,0,Thành công,CN TP Hồ Chí Minh,852407
GD202607013314,2026-07-28 10:48:10,KH000137,QR Code,Thanh toán hóa đơn,3551000,0,Thành công,CN Cần Thơ,10844834
GD202607015176,2026-07-28 12:05:30,KH000162,POS,Thanh toán thẻ,186000,5500,Thành công,CN Cần Thơ,235503
GD202607000276,2026-07-28 12:16:20,KH000006,QR Code,Chuyển khoản đến,330000,0,Thành công,CN TP Hồ Chí Minh,1487666
GD202607003333,2026-07-28 12:17:23,KH000031,ATM,Rút tiền mặt,64000,0,Thất bại,CN Cầu Giấy,700503
GD202607016580,2026-07-28 12:22:21,KH000179,ATM,Chuyển khoản đi,27530000,3300,Thành công,CN Đà Nẵng,143670569
GD202607015703,2026-07-28 12:30:16,KH000170,Quầy giao dịch,Chuyển khoản đến,187000,0,Thành công,CN TP Hồ Chí Minh,404753
GD202607011411,2026-07-28 13:00:56,KH000119,POS,Thanh toán thẻ,61000,1100,Thành công,CN Cầu Giấy,50784072
GD202607008507,2026-07-28 13:08:07,KH000086,Internet Banking,Chuyển khoản đi,10830000,0,Thành công,CN Bình Dương,25945411
GD202607007537,2026-07-28 13:26:26,KH000078,ATM,Thanh toán hóa đơn,29837000,1100,Thành công,CN TP Hồ Chí Minh,84288815
GD202607011408,2026-07-28 13:28:16,KH000119,QR Code,Chuyển khoản đi,89000,0,Thành công,CN Đà Nẵng,50873672
GD202607011410,2026-07-28 13:34:16,KH000119,Internet Banking,Nộp tiền mặt,72000,0,Thành công,CN Đà Nẵng,50846172
GD202607004602,2026-07-28 14:30:24,KH000048,POS,Rút tiền mặt,336000,1100,Thành công,CN Đà Nẵng,1926115
GD202607015797,2026-07-28 14:44:30,KH000171,QR Code,Thanh toán thẻ,140000,0,Thành công,CN Đà Nẵng,108851
GD202607002722,2026-07-28 14:59:30,KH000025,Mobile Banking,Nộp tiền mặt,77000,0,Thành công,CN Đà Nẵng,600831
GD202607004959,2026-07-28 15:06:14,KH000052,Mobile Banking,Rút tiền mặt,106000,0,Thành công,CN Thanh Xuân,216806
GD202607008508,2026-07-28 15:23:18,KH000086,Internet Banking,Nộp tiền mặt,4068000,0,Thành công,CN Hoàn Kiếm,30013411
GD202607001940,2026-07-28 15:27:21,KH000019,POS,Thanh toán thẻ,457000,3300,Thành công,CN Quận 1,6052712
GD202607018467,2026-07-28 15:34:57,KH000195,POS,Thanh toán thẻ,151000,3300,Thành công,CN Bình Dương,365017
GD202607012485,2026-07-28 15:34:58,KH000130,POS,Thanh toán thẻ,2893000,3300,Thành công,CN Quận 1,24979219
GD202607003906,2026-07-28 16:37:28,KH000038,POS,Thanh toán thẻ,4610000,3300,Thành công,CN Cầu Giấy,80017518
GD202607004603,2026-07-28 16:42:04,KH000048,Mobile Banking,Thanh toán thẻ,613000,0,Thành công,CN Cầu Giấy,1313115
GD202607013788,2026-07-28 17:15:50,KH000144,Internet Banking,Chuyển khoản đến,1175000,0,Thành công,CN TP Hồ Chí Minh,5064801
GD202607011591,2026-07-28 17:23:02,KH000121,Quầy giao dịch,Nộp tiền mặt,396000,0,Thành công,CN Hải Phòng,2399449
GD202607006201,2026-07-28 17:56:55,KH000063,Internet Banking,Nộp tiền mặt,121000,0,Thành công,CN Hải Phòng,67032398
GD202607013394,2026-07-28 18:23:41,KH000138,POS,Nạp tiền điện thoại,826000,5500,Thành công,CN Cần Thơ,12329456
GD202607014059,2026-07-28 18:25:38,KH000148,Internet Banking,Rút tiền mặt,90000,0,Thành công,CN Đà Nẵng,68159081
GD202607003905,2026-07-28 18:34:57,KH000038,Mobile Banking,Thanh toán thẻ,175000,0,Thành công,CN TP Hồ Chí Minh,84630818
GD202607001014,2026-07-28 19:01:25,KH000013,Quầy giao dịch,Thanh toán hóa đơn,1711000,3300,Thành công,CN Bình Dương,3560438
GD202607001384,2026-07-28 19:03:31,KH000015,POS,Thanh toán thẻ,3618000,0,Thành công,CN Thanh Xuân,19100683
GD202607004960,2026-07-28 19:27:57,KH000052,POS,Thanh toán thẻ,154000,3300,Thành công,CN Bình Dương,59506
GD202607005199,2026-07-28 19:46:13,KH000054,QR Code,Chuyển khoản đến,95000,0,Thành công,CN Cầu Giấy,3741855
GD202607009962,2026-07-28 19:51:57,KH000103,Mobile Banking,Nộp tiền mặt,264000,0,Thành công,CN Quận 1,1320219
GD202607011409,2026-07-28 20:19:57,KH000119,POS,Thanh toán thẻ,94000,5500,Thành công,CN Hải Phòng,50774172
GD202607001668,2026-07-28 20:20:12,KH000017,Internet Banking,Chuyển khoản đến,7230000,0,Thành công,CN Hải Phòng,37481126
GD202607015958,2026-07-28 20:22:37,KH000172,POS,Thanh toán thẻ,1379000,5500,Thành công,CN TP Hồ Chí Minh,4459993
GD202607017502,2026-07-28 20:30:21,KH000184,Mobile Banking,Thanh toán thẻ,9179000,0,Thành công,CN Thanh Xuân,17437166
GD202607017631,2026-07-28 20:45:14,KH000186,POS,Chuyển khoản đến,507000,1100,Thành công,CN Đà Nẵng,3084525
GD202607011221,2026-07-28 20:55:33,KH000118,QR Code,Thanh toán thẻ,2618000,0,Thành công,CN Quận 1,16759619
GD202607015302,2026-07-28 21:25:38,KH000163,ATM,Nộp tiền mặt,11933000,5500,Thành công,CN Hoàn Kiếm,47317717
GD202607006430,2026-07-28 21:56:51,KH000065,Mobile Banking,Rút tiền mặt,524000,0,Thành công,CN Hải Phòng,65383695
GD202607013127,2026-07-28 22:03:53,KH000135,Mobile Banking,Thanh toán thẻ,8115000,0,Thành công,CN Bình Dương,70460576
GD202607010660,2026-07-28 22:06:10,KH000112,Internet Banking,Nạp tiền điện thoại,2451000,0,Thành công,CN Bình Dương,29995114
GD202607009280,2026-07-28 22:13:35,KH000095,Quầy giao dịch,Thanh toán hóa đơn,5444000,3300,Thành công,CN Hoàn Kiếm,45655560
GD202607011099,2026-07-28 22:41:16,KH000117,QR Code,Nộp tiền mặt,823000,0,Thành công,CN Hải Phòng,79375728
GD202607018646,2026-07-28 22:52:33,KH000197,QR Code,Chuyển khoản đến,348000,0,Thành công,CN Thanh Xuân,63801460
GD202607001731,2026-07-28 22:56:19,KH000018,ATM,Nộp tiền mặt,217000,0,Thành công,CN Hoàn Kiếm,67536407
